ts_utc,venue,ccy,pair,interval,close,label,source
2018-07-10T00:00:00Z,BTCTurk,TRY,USDTTRY,1d,4.73,"reported, not observed",graph-api.btcturk.com/v1/klines/history;api.btcturk.com/api/v2/ohlc
2018-07-11T00:00:00Z,BTCTurk,TRY,USDTTRY,1d,4.87,"reported, not observed",graph-api.btcturk.com/v1/klines/history;api.btcturk.com/api/v2/ohlc
2018-07-12T00:00:00Z,BTCTurk,TRY,USDTTRY,1d,4.87,"reported, not observed",graph-api.btcturk.com/v1/klines/history;api.btcturk.com/api/v2/ohlc
2018-07-13T00:00:00Z,BTCTurk,TRY,USDTTRY,1d,4.88,"reported, not observed",graph-api.btcturk.com/v1/klines/history;api.btcturk.com/api/v2/ohlc
2018-07-14T00:00:00Z,BTCTurk,TRY,USDTTRY,1d,4.88,"reported, not observed",graph-api.btcturk.com/v1/klines/history;api.btcturk.com/api/v2/ohlc
2018-07-15T00:00:00Z,BTCTurk,TRY,USDTTRY,1d,4.83,"reported, not observed",graph-api.btcturk.com/v1/klines/history;api.btcturk.com/api/v2/ohlc
2018-07-16T00:00:00Z,BTCTurk,TRY,USDTTRY,1d,4.82,"reported, not observed",graph-api.btcturk.com/v1/klines/history;api.btcturk.com/api/v2/ohlc
2018-07-17T00:00:00Z,BTCTurk,TRY,USDTTRY,1d,4.67,"reported, not observed",graph-api.btcturk.com/v1/klines/history;api.btcturk.com/api/v2/ohlc
2018-07-18T00:00:00Z,BTCTurk,TRY,USDTTRY,1d,4.72,"reported, not observed",graph-api.btcturk.com/v1/klines/history;api.btcturk.com/api/v2/ohlc
2018-07-19T00:00:00Z,BTCTurk,TRY,USDTTRY,1d,4.77,"reported, not observed",graph-api.btcturk.com/v1/klines/history;api.btcturk.com/api/v2/ohlc
2018-07-20T00:00:00Z,BTCTurk,TRY,USDTTRY,1d,4.8,"reported, not observed",graph-api.btcturk.com/v1/klines/history;api.btcturk.com/api/v2/ohlc
2018-07-21T00:00:00Z,BTCTurk,TRY,USDTTRY,1d,4.79,"reported, not observed",graph-api.btcturk.com/v1/klines/history;api.btcturk.com/api/v2/ohlc
2018-07-22T00:00:00Z,BTCTurk,TRY,USDTTRY,1d,4.76,"reported, not observed",graph-api.btcturk.com/v1/klines/history;api.btcturk.com/api/v2/ohlc
2018-07-23T00:00:00Z,BTCTurk,TRY,USDTTRY,1d,4.75,"reported, not observed",graph-api.btcturk.com/v1/klines/history;api.btcturk.com/api/v2/ohlc
2018-07-24T00:00:00Z,BTCTurk,TRY,USDTTRY,1d,4.81,"reported, not observed",graph-api.btcturk.com/v1/klines/history;api.btcturk.com/api/v2/ohlc
2018-07-25T00:00:00Z,BTCTurk,TRY,USDTTRY,1d,4.77,"reported, not observed",graph-api.btcturk.com/v1/klines/history;api.btcturk.com/api/v2/ohlc
2018-07-26T00:00:00Z,BTCTurk,TRY,USDTTRY,1d,4.82,"reported, not observed",graph-api.btcturk.com/v1/klines/history;api.btcturk.com/api/v2/ohlc
2018-07-27T00:00:00Z,BTCTurk,TRY,USDTTRY,1d,4.78,"reported, not observed",graph-api.btcturk.com/v1/klines/history;api.btcturk.com/api/v2/ohlc
2018-07-28T00:00:00Z,BTCTurk,TRY,USDTTRY,1d,4.82,"reported, not observed",graph-api.btcturk.com/v1/klines/history;api.btcturk.com/api/v2/ohlc
2018-07-29T00:00:00Z,BTCTurk,TRY,USDTTRY,1d,4.79,"reported, not observed",graph-api.btcturk.com/v1/klines/history;api.btcturk.com/api/v2/ohlc
2018-07-30T00:00:00Z,BTCTurk,TRY,USDTTRY,1d,4.82,"reported, not observed",graph-api.btcturk.com/v1/klines/history;api.btcturk.com/api/v2/ohlc
2018-07-31T00:00:00Z,BTCTurk,TRY,USDTTRY,1d,4.88,"reported, not observed",graph-api.btcturk.com/v1/klines/history;api.btcturk.com/api/v2/ohlc
2018-08-01T00:00:00Z,BTCTurk,TRY,USDTTRY,1d,4.94,"reported, not observed",graph-api.btcturk.com/v1/klines/history;api.btcturk.com/api/v2/ohlc
2018-08-02T00:00:00Z,BTCTurk,TRY,USDTTRY,1d,5.05,"reported, not observed",graph-api.btcturk.com/v1/klines/history;api.btcturk.com/api/v2/ohlc
2018-08-03T00:00:00Z,BTCTurk,TRY,USDTTRY,1d,5.06,"reported, not observed",graph-api.btcturk.com/v1/klines/history;api.btcturk.com/api/v2/ohlc
2018-08-04T00:00:00Z,BTCTurk,TRY,USDTTRY,1d,5.11,"reported, not observed",graph-api.btcturk.com/v1/klines/history;api.btcturk.com/api/v2/ohlc
2018-08-05T00:00:00Z,BTCTurk,TRY,USDTTRY,1d,5.12,"reported, not observed",graph-api.btcturk.com/v1/klines/history;api.btcturk.com/api/v2/ohlc
2018-08-06T00:00:00Z,BTCTurk,TRY,USDTTRY,1d,5.27,"reported, not observed",graph-api.btcturk.com/v1/klines/history;api.btcturk.com/api/v2/ohlc
2018-08-07T00:00:00Z,BTCTurk,TRY,USDTTRY,1d,5.3,"reported, not observed",graph-api.btcturk.com/v1/klines/history;api.btcturk.com/api/v2/ohlc
2018-08-08T00:00:00Z,BTCTurk,TRY,USDTTRY,1d,5.38,"reported, not observed",graph-api.btcturk.com/v1/klines/history;api.btcturk.com/api/v2/ohlc
2018-08-09T00:00:00Z,BTCTurk,TRY,USDTTRY,1d,5.54,"reported, not observed",graph-api.btcturk.com/v1/klines/history;api.btcturk.com/api/v2/ohlc
2018-08-10T00:00:00Z,BTCTurk,TRY,USDTTRY,1d,6.22,"reported, not observed",graph-api.btcturk.com/v1/klines/history;api.btcturk.com/api/v2/ohlc
2018-08-11T00:00:00Z,BTCTurk,TRY,USDTTRY,1d,6.26,"reported, not observed",graph-api.btcturk.com/v1/klines/history;api.btcturk.com/api/v2/ohlc
2018-08-12T00:00:00Z,BTCTurk,TRY,USDTTRY,1d,6.6,"reported, not observed",graph-api.btcturk.com/v1/klines/history;api.btcturk.com/api/v2/ohlc
2018-08-13T00:00:00Z,BTCTurk,TRY,USDTTRY,1d,6.82,"reported, not observed",graph-api.btcturk.com/v1/klines/history;api.btcturk.com/api/v2/ohlc
2018-08-14T00:00:00Z,BTCTurk,TRY,USDTTRY,1d,6.45,"reported, not observed",graph-api.btcturk.com/v1/klines/history;api.btcturk.com/api/v2/ohlc
2018-08-15T00:00:00Z,BTCTurk,TRY,USDTTRY,1d,6.19,"reported, not observed",graph-api.btcturk.com/v1/klines/history;api.btcturk.com/api/v2/ohlc
2018-08-16T00:00:00Z,BTCTurk,TRY,USDTTRY,1d,6.0,"reported, not observed",graph-api.btcturk.com/v1/klines/history;api.btcturk.com/api/v2/ohlc
2018-08-17T00:00:00Z,BTCTurk,TRY,USDTTRY,1d,5.88,"reported, not observed",graph-api.btcturk.com/v1/klines/history;api.btcturk.com/api/v2/ohlc
2018-08-18T00:00:00Z,BTCTurk,TRY,USDTTRY,1d,6.07,"reported, not observed",graph-api.btcturk.com/v1/klines/history;api.btcturk.com/api/v2/ohlc
2018-08-19T00:00:00Z,BTCTurk,TRY,USDTTRY,1d,6.03,"reported, not observed",graph-api.btcturk.com/v1/klines/history;api.btcturk.com/api/v2/ohlc
2018-08-20T00:00:00Z,BTCTurk,TRY,USDTTRY,1d,6.18,"reported, not observed",graph-api.btcturk.com/v1/klines/history;api.btcturk.com/api/v2/ohlc
2018-08-21T00:00:00Z,BTCTurk,TRY,USDTTRY,1d,6.12,"reported, not observed",graph-api.btcturk.com/v1/klines/history;api.btcturk.com/api/v2/ohlc
2018-08-22T00:00:00Z,BTCTurk,TRY,USDTTRY,1d,6.1,"reported, not observed",graph-api.btcturk.com/v1/klines/history;api.btcturk.com/api/v2/ohlc
2018-08-23T00:00:00Z,BTCTurk,TRY,USDTTRY,1d,6.11,"reported, not observed",graph-api.btcturk.com/v1/klines/history;api.btcturk.com/api/v2/ohlc
2018-08-24T00:00:00Z,BTCTurk,TRY,USDTTRY,1d,6.05,"reported, not observed",graph-api.btcturk.com/v1/klines/history;api.btcturk.com/api/v2/ohlc
2018-08-25T00:00:00Z,BTCTurk,TRY,USDTTRY,1d,6.01,"reported, not observed",graph-api.btcturk.com/v1/klines/history;api.btcturk.com/api/v2/ohlc
2018-08-26T00:00:00Z,BTCTurk,TRY,USDTTRY,1d,5.97,"reported, not observed",graph-api.btcturk.com/v1/klines/history;api.btcturk.com/api/v2/ohlc
2018-08-27T00:00:00Z,BTCTurk,TRY,USDTTRY,1d,6.03,"reported, not observed",graph-api.btcturk.com/v1/klines/history;api.btcturk.com/api/v2/ohlc
2018-08-28T00:00:00Z,BTCTurk,TRY,USDTTRY,1d,6.06,"reported, not observed",graph-api.btcturk.com/v1/klines/history;api.btcturk.com/api/v2/ohlc
2018-08-29T00:00:00Z,BTCTurk,TRY,USDTTRY,1d,6.2,"reported, not observed",graph-api.btcturk.com/v1/klines/history;api.btcturk.com/api/v2/ohlc
2018-08-30T00:00:00Z,BTCTurk,TRY,USDTTRY,1d,6.3,"reported, not observed",graph-api.btcturk.com/v1/klines/history;api.btcturk.com/api/v2/ohlc
2018-08-31T00:00:00Z,BTCTurk,TRY,USDTTRY,1d,6.27,"reported, not observed",graph-api.btcturk.com/v1/klines/history;api.btcturk.com/api/v2/ohlc
2018-09-01T00:00:00Z,BTCTurk,TRY,USDTTRY,1d,6.16,"reported, not observed",graph-api.btcturk.com/v1/klines/history;api.btcturk.com/api/v2/ohlc
2018-09-02T00:00:00Z,BTCTurk,TRY,USDTTRY,1d,6.18,"reported, not observed",graph-api.btcturk.com/v1/klines/history;api.btcturk.com/api/v2/ohlc
2018-09-03T00:00:00Z,BTCTurk,TRY,USDTTRY,1d,6.32,"reported, not observed",graph-api.btcturk.com/v1/klines/history;api.btcturk.com/api/v2/ohlc
2018-09-04T00:00:00Z,BTCTurk,TRY,USDTTRY,1d,6.54,"reported, not observed",graph-api.btcturk.com/v1/klines/history;api.btcturk.com/api/v2/ohlc
2018-09-05T00:00:00Z,BTCTurk,TRY,USDTTRY,1d,6.61,"reported, not observed",graph-api.btcturk.com/v1/klines/history;api.btcturk.com/api/v2/ohlc
2018-09-06T00:00:00Z,BTCTurk,TRY,USDTTRY,1d,6.7,"reported, not observed",graph-api.btcturk.com/v1/klines/history;api.btcturk.com/api/v2/ohlc
2018-09-07T00:00:00Z,BTCTurk,TRY,USDTTRY,1d,6.57,"reported, not observed",graph-api.btcturk.com/v1/klines/history;api.btcturk.com/api/v2/ohlc
2018-09-08T00:00:00Z,BTCTurk,TRY,USDTTRY,1d,6.58,"reported, not observed",graph-api.btcturk.com/v1/klines/history;api.btcturk.com/api/v2/ohlc
2018-09-09T00:00:00Z,BTCTurk,TRY,USDTTRY,1d,6.59,"reported, not observed",graph-api.btcturk.com/v1/klines/history;api.btcturk.com/api/v2/ohlc
2018-09-10T00:00:00Z,BTCTurk,TRY,USDTTRY,1d,6.6,"reported, not observed",graph-api.btcturk.com/v1/klines/history;api.btcturk.com/api/v2/ohlc
2018-09-11T00:00:00Z,BTCTurk,TRY,USDTTRY,1d,6.51,"reported, not observed",graph-api.btcturk.com/v1/klines/history;api.btcturk.com/api/v2/ohlc
2018-09-12T00:00:00Z,BTCTurk,TRY,USDTTRY,1d,6.4,"reported, not observed",graph-api.btcturk.com/v1/klines/history;api.btcturk.com/api/v2/ohlc
2018-09-13T00:00:00Z,BTCTurk,TRY,USDTTRY,1d,6.21,"reported, not observed",graph-api.btcturk.com/v1/klines/history;api.btcturk.com/api/v2/ohlc
2018-09-14T00:00:00Z,BTCTurk,TRY,USDTTRY,1d,6.26,"reported, not observed",graph-api.btcturk.com/v1/klines/history;api.btcturk.com/api/v2/ohlc
2018-09-15T00:00:00Z,BTCTurk,TRY,USDTTRY,1d,6.22,"reported, not observed",graph-api.btcturk.com/v1/klines/history;api.btcturk.com/api/v2/ohlc
2018-09-16T00:00:00Z,BTCTurk,TRY,USDTTRY,1d,6.24,"reported, not observed",graph-api.btcturk.com/v1/klines/history;api.btcturk.com/api/v2/ohlc
2018-09-17T00:00:00Z,BTCTurk,TRY,USDTTRY,1d,6.4,"reported, not observed",graph-api.btcturk.com/v1/klines/history;api.btcturk.com/api/v2/ohlc
2018-09-18T00:00:00Z,BTCTurk,TRY,USDTTRY,1d,6.34,"reported, not observed",graph-api.btcturk.com/v1/klines/history;api.btcturk.com/api/v2/ohlc
2018-09-19T00:00:00Z,BTCTurk,TRY,USDTTRY,1d,6.28,"reported, not observed",graph-api.btcturk.com/v1/klines/history;api.btcturk.com/api/v2/ohlc
2018-09-20T00:00:00Z,BTCTurk,TRY,USDTTRY,1d,6.14,"reported, not observed",graph-api.btcturk.com/v1/klines/history;api.btcturk.com/api/v2/ohlc
2018-09-21T00:00:00Z,BTCTurk,TRY,USDTTRY,1d,6.11,"reported, not observed",graph-api.btcturk.com/v1/klines/history;api.btcturk.com/api/v2/ohlc
2018-09-22T00:00:00Z,BTCTurk,TRY,USDTTRY,1d,6.08,"reported, not observed",graph-api.btcturk.com/v1/klines/history;api.btcturk.com/api/v2/ohlc
2018-09-23T00:00:00Z,BTCTurk,TRY,USDTTRY,1d,6.15,"reported, not observed",graph-api.btcturk.com/v1/klines/history;api.btcturk.com/api/v2/ohlc
2018-09-24T00:00:00Z,BTCTurk,TRY,USDTTRY,1d,6.2,"reported, not observed",graph-api.btcturk.com/v1/klines/history;api.btcturk.com/api/v2/ohlc
2018-09-25T00:00:00Z,BTCTurk,TRY,USDTTRY,1d,6.18,"reported, not observed",graph-api.btcturk.com/v1/klines/history;api.btcturk.com/api/v2/ohlc
2018-09-26T00:00:00Z,BTCTurk,TRY,USDTTRY,1d,6.14,"reported, not observed",graph-api.btcturk.com/v1/klines/history;api.btcturk.com/api/v2/ohlc
2018-09-27T00:00:00Z,BTCTurk,TRY,USDTTRY,1d,6.01,"reported, not observed",graph-api.btcturk.com/v1/klines/history;api.btcturk.com/api/v2/ohlc
2018-09-28T00:00:00Z,BTCTurk,TRY,USDTTRY,1d,6.02,"reported, not observed",graph-api.btcturk.com/v1/klines/history;api.btcturk.com/api/v2/ohlc
2018-09-29T00:00:00Z,BTCTurk,TRY,USDTTRY,1d,5.97,"reported, not observed",graph-api.btcturk.com/v1/klines/history;api.btcturk.com/api/v2/ohlc
2018-09-30T00:00:00Z,BTCTurk,TRY,USDTTRY,1d,6.03,"reported, not observed",graph-api.btcturk.com/v1/klines/history;api.btcturk.com/api/v2/ohlc
2018-10-01T00:00:00Z,BTCTurk,TRY,USDTTRY,1d,5.98,"reported, not observed",graph-api.btcturk.com/v1/klines/history;api.btcturk.com/api/v2/ohlc
2018-10-02T00:00:00Z,BTCTurk,TRY,USDTTRY,1d,6.03,"reported, not observed",graph-api.btcturk.com/v1/klines/history;api.btcturk.com/api/v2/ohlc
2018-10-03T00:00:00Z,BTCTurk,TRY,USDTTRY,1d,6.08,"reported, not observed",graph-api.btcturk.com/v1/klines/history;api.btcturk.com/api/v2/ohlc
2018-10-04T00:00:00Z,BTCTurk,TRY,USDTTRY,1d,6.14,"reported, not observed",graph-api.btcturk.com/v1/klines/history;api.btcturk.com/api/v2/ohlc
2018-10-05T00:00:00Z,BTCTurk,TRY,USDTTRY,1d,6.14,"reported, not observed",graph-api.btcturk.com/v1/klines/history;api.btcturk.com/api/v2/ohlc
2018-10-06T00:00:00Z,BTCTurk,TRY,USDTTRY,1d,6.15,"reported, not observed",graph-api.btcturk.com/v1/klines/history;api.btcturk.com/api/v2/ohlc
2018-10-07T00:00:00Z,BTCTurk,TRY,USDTTRY,1d,6.13,"reported, not observed",graph-api.btcturk.com/v1/klines/history;api.btcturk.com/api/v2/ohlc
2018-10-08T00:00:00Z,BTCTurk,TRY,USDTTRY,1d,6.1,"reported, not observed",graph-api.btcturk.com/v1/klines/history;api.btcturk.com/api/v2/ohlc
2018-10-09T00:00:00Z,BTCTurk,TRY,USDTTRY,1d,6.07,"reported, not observed",graph-api.btcturk.com/v1/klines/history;api.btcturk.com/api/v2/ohlc
2018-10-10T00:00:00Z,BTCTurk,TRY,USDTTRY,1d,6.05,"reported, not observed",graph-api.btcturk.com/v1/klines/history;api.btcturk.com/api/v2/ohlc
2018-10-11T00:00:00Z,BTCTurk,TRY,USDTTRY,1d,5.92,"reported, not observed",graph-api.btcturk.com/v1/klines/history;api.btcturk.com/api/v2/ohlc
2018-10-12T00:00:00Z,BTCTurk,TRY,USDTTRY,1d,5.95,"reported, not observed",graph-api.btcturk.com/v1/klines/history;api.btcturk.com/api/v2/ohlc
2018-10-13T00:00:00Z,BTCTurk,TRY,USDTTRY,1d,5.9,"reported, not observed",graph-api.btcturk.com/v1/klines/history;api.btcturk.com/api/v2/ohlc
2018-10-14T00:00:00Z,BTCTurk,TRY,USDTTRY,1d,5.89,"reported, not observed",graph-api.btcturk.com/v1/klines/history;api.btcturk.com/api/v2/ohlc
2018-10-15T00:00:00Z,BTCTurk,TRY,USDTTRY,1d,5.59,"reported, not observed",graph-api.btcturk.com/v1/klines/history;api.btcturk.com/api/v2/ohlc
2018-10-16T00:00:00Z,BTCTurk,TRY,USDTTRY,1d,5.56,"reported, not observed",graph-api.btcturk.com/v1/klines/history;api.btcturk.com/api/v2/ohlc
2018-10-17T00:00:00Z,BTCTurk,TRY,USDTTRY,1d,5.48,"reported, not observed",graph-api.btcturk.com/v1/klines/history;api.btcturk.com/api/v2/ohlc
2018-10-18T00:00:00Z,BTCTurk,TRY,USDTTRY,1d,5.49,"reported, not observed",graph-api.btcturk.com/v1/klines/history;api.btcturk.com/api/v2/ohlc
2018-10-19T00:00:00Z,BTCTurk,TRY,USDTTRY,1d,5.57,"reported, not observed",graph-api.btcturk.com/v1/klines/history;api.btcturk.com/api/v2/ohlc
2018-10-20T00:00:00Z,BTCTurk,TRY,USDTTRY,1d,5.58,"reported, not observed",graph-api.btcturk.com/v1/klines/history;api.btcturk.com/api/v2/ohlc
2018-10-21T00:00:00Z,BTCTurk,TRY,USDTTRY,1d,5.57,"reported, not observed",graph-api.btcturk.com/v1/klines/history;api.btcturk.com/api/v2/ohlc
2018-10-22T00:00:00Z,BTCTurk,TRY,USDTTRY,1d,5.56,"reported, not observed",graph-api.btcturk.com/v1/klines/history;api.btcturk.com/api/v2/ohlc
2018-10-23T00:00:00Z,BTCTurk,TRY,USDTTRY,1d,5.62,"reported, not observed",graph-api.btcturk.com/v1/klines/history;api.btcturk.com/api/v2/ohlc
2018-10-24T00:00:00Z,BTCTurk,TRY,USDTTRY,1d,5.62,"reported, not observed",graph-api.btcturk.com/v1/klines/history;api.btcturk.com/api/v2/ohlc
2018-10-25T00:00:00Z,BTCTurk,TRY,USDTTRY,1d,5.58,"reported, not observed",graph-api.btcturk.com/v1/klines/history;api.btcturk.com/api/v2/ohlc
2018-10-26T00:00:00Z,BTCTurk,TRY,USDTTRY,1d,5.52,"reported, not observed",graph-api.btcturk.com/v1/klines/history;api.btcturk.com/api/v2/ohlc
2018-10-27T00:00:00Z,BTCTurk,TRY,USDTTRY,1d,5.54,"reported, not observed",graph-api.btcturk.com/v1/klines/history;api.btcturk.com/api/v2/ohlc
2018-10-28T00:00:00Z,BTCTurk,TRY,USDTTRY,1d,5.55,"reported, not observed",graph-api.btcturk.com/v1/klines/history;api.btcturk.com/api/v2/ohlc
2018-10-29T00:00:00Z,BTCTurk,TRY,USDTTRY,1d,5.55,"reported, not observed",graph-api.btcturk.com/v1/klines/history;api.btcturk.com/api/v2/ohlc
2018-10-30T00:00:00Z,BTCTurk,TRY,USDTTRY,1d,5.47,"reported, not observed",graph-api.btcturk.com/v1/klines/history;api.btcturk.com/api/v2/ohlc
2018-10-31T00:00:00Z,BTCTurk,TRY,USDTTRY,1d,5.46,"reported, not observed",graph-api.btcturk.com/v1/klines/history;api.btcturk.com/api/v2/ohlc
2018-11-01T00:00:00Z,BTCTurk,TRY,USDTTRY,1d,5.47,"reported, not observed",graph-api.btcturk.com/v1/klines/history;api.btcturk.com/api/v2/ohlc
2018-11-02T00:00:00Z,BTCTurk,TRY,USDTTRY,1d,5.43,"reported, not observed",graph-api.btcturk.com/v1/klines/history;api.btcturk.com/api/v2/ohlc
2018-11-03T00:00:00Z,BTCTurk,TRY,USDTTRY,1d,5.44,"reported, not observed",graph-api.btcturk.com/v1/klines/history;api.btcturk.com/api/v2/ohlc
2018-11-04T00:00:00Z,BTCTurk,TRY,USDTTRY,1d,5.39,"reported, not observed",graph-api.btcturk.com/v1/klines/history;api.btcturk.com/api/v2/ohlc
2018-11-05T00:00:00Z,BTCTurk,TRY,USDTTRY,1d,5.27,"reported, not observed",graph-api.btcturk.com/v1/klines/history;api.btcturk.com/api/v2/ohlc
2018-11-06T00:00:00Z,BTCTurk,TRY,USDTTRY,1d,5.27,"reported, not observed",graph-api.btcturk.com/v1/klines/history;api.btcturk.com/api/v2/ohlc
2018-11-07T00:00:00Z,BTCTurk,TRY,USDTTRY,1d,5.32,"reported, not observed",graph-api.btcturk.com/v1/klines/history;api.btcturk.com/api/v2/ohlc
2018-11-08T00:00:00Z,BTCTurk,TRY,USDTTRY,1d,5.42,"reported, not observed",graph-api.btcturk.com/v1/klines/history;api.btcturk.com/api/v2/ohlc
2018-11-09T00:00:00Z,BTCTurk,TRY,USDTTRY,1d,5.43,"reported, not observed",graph-api.btcturk.com/v1/klines/history;api.btcturk.com/api/v2/ohlc
2018-11-10T00:00:00Z,BTCTurk,TRY,USDTTRY,1d,5.45,"reported, not observed",graph-api.btcturk.com/v1/klines/history;api.btcturk.com/api/v2/ohlc
2018-11-11T00:00:00Z,BTCTurk,TRY,USDTTRY,1d,5.42,"reported, not observed",graph-api.btcturk.com/v1/klines/history;api.btcturk.com/api/v2/ohlc
2018-11-12T00:00:00Z,BTCTurk,TRY,USDTTRY,1d,5.42,"reported, not observed",graph-api.btcturk.com/v1/klines/history;api.btcturk.com/api/v2/ohlc
2018-11-13T00:00:00Z,BTCTurk,TRY,USDTTRY,1d,5.39,"reported, not observed",graph-api.btcturk.com/v1/klines/history;api.btcturk.com/api/v2/ohlc
2018-11-14T00:00:00Z,BTCTurk,TRY,USDTTRY,1d,5.28,"reported, not observed",graph-api.btcturk.com/v1/klines/history;api.btcturk.com/api/v2/ohlc
2018-11-15T00:00:00Z,BTCTurk,TRY,USDTTRY,1d,5.28,"reported, not observed",graph-api.btcturk.com/v1/klines/history;api.btcturk.com/api/v2/ohlc
2018-11-16T00:00:00Z,BTCTurk,TRY,USDTTRY,1d,5.3,"reported, not observed",graph-api.btcturk.com/v1/klines/history;api.btcturk.com/api/v2/ohlc
2018-11-17T00:00:00Z,BTCTurk,TRY,USDTTRY,1d,5.3,"reported, not observed",graph-api.btcturk.com/v1/klines/history;api.btcturk.com/api/v2/ohlc
2018-11-18T00:00:00Z,BTCTurk,TRY,USDTTRY,1d,5.26,"reported, not observed",graph-api.btcturk.com/v1/klines/history;api.btcturk.com/api/v2/ohlc
2018-11-19T00:00:00Z,BTCTurk,TRY,USDTTRY,1d,5.19,"reported, not observed",graph-api.btcturk.com/v1/klines/history;api.btcturk.com/api/v2/ohlc
2018-11-20T00:00:00Z,BTCTurk,TRY,USDTTRY,1d,5.22,"reported, not observed",graph-api.btcturk.com/v1/klines/history;api.btcturk.com/api/v2/ohlc
2018-11-21T00:00:00Z,BTCTurk,TRY,USDTTRY,1d,5.21,"reported, not observed",graph-api.btcturk.com/v1/klines/history;api.btcturk.com/api/v2/ohlc
2018-11-22T00:00:00Z,BTCTurk,TRY,USDTTRY,1d,5.29,"reported, not observed",graph-api.btcturk.com/v1/klines/history;api.btcturk.com/api/v2/ohlc
2018-11-23T00:00:00Z,BTCTurk,TRY,USDTTRY,1d,5.2,"reported, not observed",graph-api.btcturk.com/v1/klines/history;api.btcturk.com/api/v2/ohlc
2018-11-24T00:00:00Z,BTCTurk,TRY,USDTTRY,1d,5.14,"reported, not observed",graph-api.btcturk.com/v1/klines/history;api.btcturk.com/api/v2/ohlc
2018-11-25T00:00:00Z,BTCTurk,TRY,USDTTRY,1d,5.19,"reported, not observed",graph-api.btcturk.com/v1/klines/history;api.btcturk.com/api/v2/ohlc
2018-11-26T00:00:00Z,BTCTurk,TRY,USDTTRY,1d,5.1,"reported, not observed",graph-api.btcturk.com/v1/klines/history;api.btcturk.com/api/v2/ohlc
2018-11-27T00:00:00Z,BTCTurk,TRY,USDTTRY,1d,5.17,"reported, not observed",graph-api.btcturk.com/v1/klines/history;api.btcturk.com/api/v2/ohlc
2018-11-28T00:00:00Z,BTCTurk,TRY,USDTTRY,1d,5.14,"reported, not observed",graph-api.btcturk.com/v1/klines/history;api.btcturk.com/api/v2/ohlc
2018-11-29T00:00:00Z,BTCTurk,TRY,USDTTRY,1d,5.18,"reported, not observed",graph-api.btcturk.com/v1/klines/history;api.btcturk.com/api/v2/ohlc
2018-11-30T00:00:00Z,BTCTurk,TRY,USDTTRY,1d,5.19,"reported, not observed",graph-api.btcturk.com/v1/klines/history;api.btcturk.com/api/v2/ohlc
2018-12-01T00:00:00Z,BTCTurk,TRY,USDTTRY,1d,5.16,"reported, not observed",graph-api.btcturk.com/v1/klines/history;api.btcturk.com/api/v2/ohlc
2018-12-02T00:00:00Z,BTCTurk,TRY,USDTTRY,1d,5.21,"reported, not observed",graph-api.btcturk.com/v1/klines/history;api.btcturk.com/api/v2/ohlc
2018-12-03T00:00:00Z,BTCTurk,TRY,USDTTRY,1d,5.27,"reported, not observed",graph-api.btcturk.com/v1/klines/history;api.btcturk.com/api/v2/ohlc
2018-12-04T00:00:00Z,BTCTurk,TRY,USDTTRY,1d,5.39,"reported, not observed",graph-api.btcturk.com/v1/klines/history;api.btcturk.com/api/v2/ohlc
2018-12-05T00:00:00Z,BTCTurk,TRY,USDTTRY,1d,5.29,"reported, not observed",graph-api.btcturk.com/v1/klines/history;api.btcturk.com/api/v2/ohlc
2018-12-06T00:00:00Z,BTCTurk,TRY,USDTTRY,1d,5.4,"reported, not observed",graph-api.btcturk.com/v1/klines/history;api.btcturk.com/api/v2/ohlc
2018-12-07T00:00:00Z,BTCTurk,TRY,USDTTRY,1d,5.37,"reported, not observed",graph-api.btcturk.com/v1/klines/history;api.btcturk.com/api/v2/ohlc
2018-12-08T00:00:00Z,BTCTurk,TRY,USDTTRY,1d,5.33,"reported, not observed",graph-api.btcturk.com/v1/klines/history;api.btcturk.com/api/v2/ohlc
2018-12-09T00:00:00Z,BTCTurk,TRY,USDTTRY,1d,5.32,"reported, not observed",graph-api.btcturk.com/v1/klines/history;api.btcturk.com/api/v2/ohlc
2018-12-10T00:00:00Z,BTCTurk,TRY,USDTTRY,1d,5.38,"reported, not observed",graph-api.btcturk.com/v1/klines/history;api.btcturk.com/api/v2/ohlc
2018-12-11T00:00:00Z,BTCTurk,TRY,USDTTRY,1d,5.38,"reported, not observed",graph-api.btcturk.com/v1/klines/history;api.btcturk.com/api/v2/ohlc
2018-12-12T00:00:00Z,BTCTurk,TRY,USDTTRY,1d,5.38,"reported, not observed",graph-api.btcturk.com/v1/klines/history;api.btcturk.com/api/v2/ohlc
2018-12-13T00:00:00Z,BTCTurk,TRY,USDTTRY,1d,5.38,"reported, not observed",graph-api.btcturk.com/v1/klines/history;api.btcturk.com/api/v2/ohlc
2018-12-14T00:00:00Z,BTCTurk,TRY,USDTTRY,1d,5.4,"reported, not observed",graph-api.btcturk.com/v1/klines/history;api.btcturk.com/api/v2/ohlc
2018-12-15T00:00:00Z,BTCTurk,TRY,USDTTRY,1d,5.4,"reported, not observed",graph-api.btcturk.com/v1/klines/history;api.btcturk.com/api/v2/ohlc
2018-12-16T00:00:00Z,BTCTurk,TRY,USDTTRY,1d,5.4,"reported, not observed",graph-api.btcturk.com/v1/klines/history;api.btcturk.com/api/v2/ohlc
2018-12-17T00:00:00Z,BTCTurk,TRY,USDTTRY,1d,5.34,"reported, not observed",graph-api.btcturk.com/v1/klines/history;api.btcturk.com/api/v2/ohlc
2018-12-18T00:00:00Z,BTCTurk,TRY,USDTTRY,1d,5.33,"reported, not observed",graph-api.btcturk.com/v1/klines/history;api.btcturk.com/api/v2/ohlc
2018-12-19T00:00:00Z,BTCTurk,TRY,USDTTRY,1d,5.39,"reported, not observed",graph-api.btcturk.com/v1/klines/history;api.btcturk.com/api/v2/ohlc
2018-12-20T00:00:00Z,BTCTurk,TRY,USDTTRY,1d,5.32,"reported, not observed",graph-api.btcturk.com/v1/klines/history;api.btcturk.com/api/v2/ohlc
2018-12-21T00:00:00Z,BTCTurk,TRY,USDTTRY,1d,5.37,"reported, not observed",graph-api.btcturk.com/v1/klines/history;api.btcturk.com/api/v2/ohlc
2018-12-22T00:00:00Z,BTCTurk,TRY,USDTTRY,1d,5.39,"reported, not observed",graph-api.btcturk.com/v1/klines/history;api.btcturk.com/api/v2/ohlc
2018-12-23T00:00:00Z,BTCTurk,TRY,USDTTRY,1d,5.41,"reported, not observed",graph-api.btcturk.com/v1/klines/history;api.btcturk.com/api/v2/ohlc
2018-12-24T00:00:00Z,BTCTurk,TRY,USDTTRY,1d,5.42,"reported, not observed",graph-api.btcturk.com/v1/klines/history;api.btcturk.com/api/v2/ohlc
2018-12-25T00:00:00Z,BTCTurk,TRY,USDTTRY,1d,5.51,"reported, not observed",graph-api.btcturk.com/v1/klines/history;api.btcturk.com/api/v2/ohlc
2018-12-26T00:00:00Z,BTCTurk,TRY,USDTTRY,1d,5.46,"reported, not observed",graph-api.btcturk.com/v1/klines/history;api.btcturk.com/api/v2/ohlc
2018-12-27T00:00:00Z,BTCTurk,TRY,USDTTRY,1d,5.4,"reported, not observed",graph-api.btcturk.com/v1/klines/history;api.btcturk.com/api/v2/ohlc
2018-12-28T00:00:00Z,BTCTurk,TRY,USDTTRY,1d,5.39,"reported, not observed",graph-api.btcturk.com/v1/klines/history;api.btcturk.com/api/v2/ohlc
2018-12-29T00:00:00Z,BTCTurk,TRY,USDTTRY,1d,5.4,"reported, not observed",graph-api.btcturk.com/v1/klines/history;api.btcturk.com/api/v2/ohlc
2018-12-30T00:00:00Z,BTCTurk,TRY,USDTTRY,1d,5.38,"reported, not observed",graph-api.btcturk.com/v1/klines/history;api.btcturk.com/api/v2/ohlc
2018-12-31T00:00:00Z,BTCTurk,TRY,USDTTRY,1d,5.41,"reported, not observed",graph-api.btcturk.com/v1/klines/history;api.btcturk.com/api/v2/ohlc
2019-01-01T00:00:00Z,BTCTurk,TRY,USDTTRY,1d,5.38,"reported, not observed",graph-api.btcturk.com/v1/klines/history;api.btcturk.com/api/v2/ohlc
2019-01-02T00:00:00Z,BTCTurk,TRY,USDTTRY,1d,5.48,"reported, not observed",graph-api.btcturk.com/v1/klines/history;api.btcturk.com/api/v2/ohlc
2019-01-03T00:00:00Z,BTCTurk,TRY,USDTTRY,1d,5.5,"reported, not observed",graph-api.btcturk.com/v1/klines/history;api.btcturk.com/api/v2/ohlc
2019-01-04T00:00:00Z,BTCTurk,TRY,USDTTRY,1d,5.47,"reported, not observed",graph-api.btcturk.com/v1/klines/history;api.btcturk.com/api/v2/ohlc
2019-01-05T00:00:00Z,BTCTurk,TRY,USDTTRY,1d,5.44,"reported, not observed",graph-api.btcturk.com/v1/klines/history;api.btcturk.com/api/v2/ohlc
2019-01-06T00:00:00Z,BTCTurk,TRY,USDTTRY,1d,5.39,"reported, not observed",graph-api.btcturk.com/v1/klines/history;api.btcturk.com/api/v2/ohlc
2019-01-07T00:00:00Z,BTCTurk,TRY,USDTTRY,1d,5.44,"reported, not observed",graph-api.btcturk.com/v1/klines/history;api.btcturk.com/api/v2/ohlc
2019-01-08T00:00:00Z,BTCTurk,TRY,USDTTRY,1d,5.51,"reported, not observed",graph-api.btcturk.com/v1/klines/history;api.btcturk.com/api/v2/ohlc
2019-01-09T00:00:00Z,BTCTurk,TRY,USDTTRY,1d,5.51,"reported, not observed",graph-api.btcturk.com/v1/klines/history;api.btcturk.com/api/v2/ohlc
2019-01-10T00:00:00Z,BTCTurk,TRY,USDTTRY,1d,5.63,"reported, not observed",graph-api.btcturk.com/v1/klines/history;api.btcturk.com/api/v2/ohlc
2019-01-11T00:00:00Z,BTCTurk,TRY,USDTTRY,1d,5.62,"reported, not observed",graph-api.btcturk.com/v1/klines/history;api.btcturk.com/api/v2/ohlc
2019-01-12T00:00:00Z,BTCTurk,TRY,USDTTRY,1d,5.62,"reported, not observed",graph-api.btcturk.com/v1/klines/history;api.btcturk.com/api/v2/ohlc
2019-01-13T00:00:00Z,BTCTurk,TRY,USDTTRY,1d,5.61,"reported, not observed",graph-api.btcturk.com/v1/klines/history;api.btcturk.com/api/v2/ohlc
2019-01-14T00:00:00Z,BTCTurk,TRY,USDTTRY,1d,5.6,"reported, not observed",graph-api.btcturk.com/v1/klines/history;api.btcturk.com/api/v2/ohlc
2019-01-15T00:00:00Z,BTCTurk,TRY,USDTTRY,1d,5.56,"reported, not observed",graph-api.btcturk.com/v1/klines/history;api.btcturk.com/api/v2/ohlc
2019-01-16T00:00:00Z,BTCTurk,TRY,USDTTRY,1d,5.48,"reported, not observed",graph-api.btcturk.com/v1/klines/history;api.btcturk.com/api/v2/ohlc
2019-01-17T00:00:00Z,BTCTurk,TRY,USDTTRY,1d,5.43,"reported, not observed",graph-api.btcturk.com/v1/klines/history;api.btcturk.com/api/v2/ohlc
2019-01-18T00:00:00Z,BTCTurk,TRY,USDTTRY,1d,5.42,"reported, not observed",graph-api.btcturk.com/v1/klines/history;api.btcturk.com/api/v2/ohlc
2019-01-19T00:00:00Z,BTCTurk,TRY,USDTTRY,1d,5.4,"reported, not observed",graph-api.btcturk.com/v1/klines/history;api.btcturk.com/api/v2/ohlc
2019-01-20T00:00:00Z,BTCTurk,TRY,USDTTRY,1d,5.38,"reported, not observed",graph-api.btcturk.com/v1/klines/history;api.btcturk.com/api/v2/ohlc
2019-01-21T00:00:00Z,BTCTurk,TRY,USDTTRY,1d,5.39,"reported, not observed",graph-api.btcturk.com/v1/klines/history;api.btcturk.com/api/v2/ohlc
2019-01-22T00:00:00Z,BTCTurk,TRY,USDTTRY,1d,5.4,"reported, not observed",graph-api.btcturk.com/v1/klines/history;api.btcturk.com/api/v2/ohlc
2019-01-23T00:00:00Z,BTCTurk,TRY,USDTTRY,1d,5.36,"reported, not observed",graph-api.btcturk.com/v1/klines/history;api.btcturk.com/api/v2/ohlc
2019-01-24T00:00:00Z,BTCTurk,TRY,USDTTRY,1d,5.33,"reported, not observed",graph-api.btcturk.com/v1/klines/history;api.btcturk.com/api/v2/ohlc
2019-01-25T00:00:00Z,BTCTurk,TRY,USDTTRY,1d,5.31,"reported, not observed",graph-api.btcturk.com/v1/klines/history;api.btcturk.com/api/v2/ohlc
2019-01-26T00:00:00Z,BTCTurk,TRY,USDTTRY,1d,5.31,"reported, not observed",graph-api.btcturk.com/v1/klines/history;api.btcturk.com/api/v2/ohlc
2019-01-27T00:00:00Z,BTCTurk,TRY,USDTTRY,1d,5.31,"reported, not observed",graph-api.btcturk.com/v1/klines/history;api.btcturk.com/api/v2/ohlc
2019-01-28T00:00:00Z,BTCTurk,TRY,USDTTRY,1d,5.32,"reported, not observed",graph-api.btcturk.com/v1/klines/history;api.btcturk.com/api/v2/ohlc
2019-01-29T00:00:00Z,BTCTurk,TRY,USDTTRY,1d,5.34,"reported, not observed",graph-api.btcturk.com/v1/klines/history;api.btcturk.com/api/v2/ohlc
2019-01-30T00:00:00Z,BTCTurk,TRY,USDTTRY,1d,5.25,"reported, not observed",graph-api.btcturk.com/v1/klines/history;api.btcturk.com/api/v2/ohlc
2019-01-31T00:00:00Z,BTCTurk,TRY,USDTTRY,1d,5.25,"reported, not observed",graph-api.btcturk.com/v1/klines/history;api.btcturk.com/api/v2/ohlc
2019-02-01T00:00:00Z,BTCTurk,TRY,USDTTRY,1d,5.2,"reported, not observed",graph-api.btcturk.com/v1/klines/history;api.btcturk.com/api/v2/ohlc
2019-02-02T00:00:00Z,BTCTurk,TRY,USDTTRY,1d,5.18,"reported, not observed",graph-api.btcturk.com/v1/klines/history;api.btcturk.com/api/v2/ohlc
2019-02-03T00:00:00Z,BTCTurk,TRY,USDTTRY,1d,5.17,"reported, not observed",graph-api.btcturk.com/v1/klines/history;api.btcturk.com/api/v2/ohlc
2019-02-04T00:00:00Z,BTCTurk,TRY,USDTTRY,1d,5.16,"reported, not observed",graph-api.btcturk.com/v1/klines/history;api.btcturk.com/api/v2/ohlc
2019-02-05T00:00:00Z,BTCTurk,TRY,USDTTRY,1d,5.18,"reported, not observed",graph-api.btcturk.com/v1/klines/history;api.btcturk.com/api/v2/ohlc
2019-02-06T00:00:00Z,BTCTurk,TRY,USDTTRY,1d,5.16,"reported, not observed",graph-api.btcturk.com/v1/klines/history;api.btcturk.com/api/v2/ohlc
2019-02-07T00:00:00Z,BTCTurk,TRY,USDTTRY,1d,5.21,"reported, not observed",graph-api.btcturk.com/v1/klines/history;api.btcturk.com/api/v2/ohlc
2019-02-08T00:00:00Z,BTCTurk,TRY,USDTTRY,1d,5.17,"reported, not observed",graph-api.btcturk.com/v1/klines/history;api.btcturk.com/api/v2/ohlc
2019-02-09T00:00:00Z,BTCTurk,TRY,USDTTRY,1d,5.16,"reported, not observed",graph-api.btcturk.com/v1/klines/history;api.btcturk.com/api/v2/ohlc
2019-02-10T00:00:00Z,BTCTurk,TRY,USDTTRY,1d,5.16,"reported, not observed",graph-api.btcturk.com/v1/klines/history;api.btcturk.com/api/v2/ohlc
2019-02-11T00:00:00Z,BTCTurk,TRY,USDTTRY,1d,5.24,"reported, not observed",graph-api.btcturk.com/v1/klines/history;api.btcturk.com/api/v2/ohlc
2019-02-12T00:00:00Z,BTCTurk,TRY,USDTTRY,1d,5.26,"reported, not observed",graph-api.btcturk.com/v1/klines/history;api.btcturk.com/api/v2/ohlc
2019-02-13T00:00:00Z,BTCTurk,TRY,USDTTRY,1d,5.27,"reported, not observed",graph-api.btcturk.com/v1/klines/history;api.btcturk.com/api/v2/ohlc
2019-02-14T00:00:00Z,BTCTurk,TRY,USDTTRY,1d,5.29,"reported, not observed",graph-api.btcturk.com/v1/klines/history;api.btcturk.com/api/v2/ohlc
2019-02-15T00:00:00Z,BTCTurk,TRY,USDTTRY,1d,5.26,"reported, not observed",graph-api.btcturk.com/v1/klines/history;api.btcturk.com/api/v2/ohlc
2019-02-16T00:00:00Z,BTCTurk,TRY,USDTTRY,1d,5.29,"reported, not observed",graph-api.btcturk.com/v1/klines/history;api.btcturk.com/api/v2/ohlc
2019-02-17T00:00:00Z,BTCTurk,TRY,USDTTRY,1d,5.27,"reported, not observed",graph-api.btcturk.com/v1/klines/history;api.btcturk.com/api/v2/ohlc
2019-02-18T00:00:00Z,BTCTurk,TRY,USDTTRY,1d,5.23,"reported, not observed",graph-api.btcturk.com/v1/klines/history;api.btcturk.com/api/v2/ohlc
2019-02-19T00:00:00Z,BTCTurk,TRY,USDTTRY,1d,5.27,"reported, not observed",graph-api.btcturk.com/v1/klines/history;api.btcturk.com/api/v2/ohlc
2019-02-20T00:00:00Z,BTCTurk,TRY,USDTTRY,1d,5.27,"reported, not observed",graph-api.btcturk.com/v1/klines/history;api.btcturk.com/api/v2/ohlc
2019-02-21T00:00:00Z,BTCTurk,TRY,USDTTRY,1d,5.29,"reported, not observed",graph-api.btcturk.com/v1/klines/history;api.btcturk.com/api/v2/ohlc
2019-02-22T00:00:00Z,BTCTurk,TRY,USDTTRY,1d,5.33,"reported, not observed",graph-api.btcturk.com/v1/klines/history;api.btcturk.com/api/v2/ohlc
2019-02-23T00:00:00Z,BTCTurk,TRY,USDTTRY,1d,5.33,"reported, not observed",graph-api.btcturk.com/v1/klines/history;api.btcturk.com/api/v2/ohlc
2019-02-24T00:00:00Z,BTCTurk,TRY,USDTTRY,1d,5.34,"reported, not observed",graph-api.btcturk.com/v1/klines/history;api.btcturk.com/api/v2/ohlc
2019-02-25T00:00:00Z,BTCTurk,TRY,USDTTRY,1d,5.31,"reported, not observed",graph-api.btcturk.com/v1/klines/history;api.btcturk.com/api/v2/ohlc
2019-02-26T00:00:00Z,BTCTurk,TRY,USDTTRY,1d,5.32,"reported, not observed",graph-api.btcturk.com/v1/klines/history;api.btcturk.com/api/v2/ohlc
2019-02-27T00:00:00Z,BTCTurk,TRY,USDTTRY,1d,5.31,"reported, not observed",graph-api.btcturk.com/v1/klines/history;api.btcturk.com/api/v2/ohlc
2019-02-28T00:00:00Z,BTCTurk,TRY,USDTTRY,1d,5.33,"reported, not observed",graph-api.btcturk.com/v1/klines/history;api.btcturk.com/api/v2/ohlc
2019-03-01T00:00:00Z,BTCTurk,TRY,USDTTRY,1d,5.38,"reported, not observed",graph-api.btcturk.com/v1/klines/history;api.btcturk.com/api/v2/ohlc
2019-03-02T00:00:00Z,BTCTurk,TRY,USDTTRY,1d,5.38,"reported, not observed",graph-api.btcturk.com/v1/klines/history;api.btcturk.com/api/v2/ohlc
2019-03-03T00:00:00Z,BTCTurk,TRY,USDTTRY,1d,5.41,"reported, not observed",graph-api.btcturk.com/v1/klines/history;api.btcturk.com/api/v2/ohlc
2019-03-04T00:00:00Z,BTCTurk,TRY,USDTTRY,1d,5.4,"reported, not observed",graph-api.btcturk.com/v1/klines/history;api.btcturk.com/api/v2/ohlc
2019-03-05T00:00:00Z,BTCTurk,TRY,USDTTRY,1d,5.35,"reported, not observed",graph-api.btcturk.com/v1/klines/history;api.btcturk.com/api/v2/ohlc
2019-03-06T00:00:00Z,BTCTurk,TRY,USDTTRY,1d,5.38,"reported, not observed",graph-api.btcturk.com/v1/klines/history;api.btcturk.com/api/v2/ohlc
2019-03-07T00:00:00Z,BTCTurk,TRY,USDTTRY,1d,5.45,"reported, not observed",graph-api.btcturk.com/v1/klines/history;api.btcturk.com/api/v2/ohlc
2019-03-08T00:00:00Z,BTCTurk,TRY,USDTTRY,1d,5.46,"reported, not observed",graph-api.btcturk.com/v1/klines/history;api.btcturk.com/api/v2/ohlc
2019-03-09T00:00:00Z,BTCTurk,TRY,USDTTRY,1d,5.42,"reported, not observed",graph-api.btcturk.com/v1/klines/history;api.btcturk.com/api/v2/ohlc
2019-03-10T00:00:00Z,BTCTurk,TRY,USDTTRY,1d,5.44,"reported, not observed",graph-api.btcturk.com/v1/klines/history;api.btcturk.com/api/v2/ohlc
2019-03-11T00:00:00Z,BTCTurk,TRY,USDTTRY,1d,5.44,"reported, not observed",graph-api.btcturk.com/v1/klines/history;api.btcturk.com/api/v2/ohlc
2019-03-12T00:00:00Z,BTCTurk,TRY,USDTTRY,1d,5.43,"reported, not observed",graph-api.btcturk.com/v1/klines/history;api.btcturk.com/api/v2/ohlc
2019-03-13T00:00:00Z,BTCTurk,TRY,USDTTRY,1d,5.47,"reported, not observed",graph-api.btcturk.com/v1/klines/history;api.btcturk.com/api/v2/ohlc
2019-03-14T00:00:00Z,BTCTurk,TRY,USDTTRY,1d,5.49,"reported, not observed",graph-api.btcturk.com/v1/klines/history;api.btcturk.com/api/v2/ohlc
2019-03-15T00:00:00Z,BTCTurk,TRY,USDTTRY,1d,5.44,"reported, not observed",graph-api.btcturk.com/v1/klines/history;api.btcturk.com/api/v2/ohlc
2019-03-16T00:00:00Z,BTCTurk,TRY,USDTTRY,1d,5.43,"reported, not observed",graph-api.btcturk.com/v1/klines/history;api.btcturk.com/api/v2/ohlc
2019-03-17T00:00:00Z,BTCTurk,TRY,USDTTRY,1d,5.44,"reported, not observed",graph-api.btcturk.com/v1/klines/history;api.btcturk.com/api/v2/ohlc
2019-03-18T00:00:00Z,BTCTurk,TRY,USDTTRY,1d,5.43,"reported, not observed",graph-api.btcturk.com/v1/klines/history;api.btcturk.com/api/v2/ohlc
2019-03-19T00:00:00Z,BTCTurk,TRY,USDTTRY,1d,5.46,"reported, not observed",graph-api.btcturk.com/v1/klines/history;api.btcturk.com/api/v2/ohlc
2019-03-20T00:00:00Z,BTCTurk,TRY,USDTTRY,1d,5.41,"reported, not observed",graph-api.btcturk.com/v1/klines/history;api.btcturk.com/api/v2/ohlc
2019-03-21T00:00:00Z,BTCTurk,TRY,USDTTRY,1d,5.49,"reported, not observed",graph-api.btcturk.com/v1/klines/history;api.btcturk.com/api/v2/ohlc
2019-03-22T00:00:00Z,BTCTurk,TRY,USDTTRY,1d,5.69,"reported, not observed",graph-api.btcturk.com/v1/klines/history;api.btcturk.com/api/v2/ohlc
2019-03-23T00:00:00Z,BTCTurk,TRY,USDTTRY,1d,5.73,"reported, not observed",graph-api.btcturk.com/v1/klines/history;api.btcturk.com/api/v2/ohlc
2019-03-24T00:00:00Z,BTCTurk,TRY,USDTTRY,1d,5.7,"reported, not observed",graph-api.btcturk.com/v1/klines/history;api.btcturk.com/api/v2/ohlc
2019-03-25T00:00:00Z,BTCTurk,TRY,USDTTRY,1d,5.58,"reported, not observed",graph-api.btcturk.com/v1/klines/history;api.btcturk.com/api/v2/ohlc
2019-03-26T00:00:00Z,BTCTurk,TRY,USDTTRY,1d,5.42,"reported, not observed",graph-api.btcturk.com/v1/klines/history;api.btcturk.com/api/v2/ohlc
2019-03-27T00:00:00Z,BTCTurk,TRY,USDTTRY,1d,5.45,"reported, not observed",graph-api.btcturk.com/v1/klines/history;api.btcturk.com/api/v2/ohlc
2019-03-28T00:00:00Z,BTCTurk,TRY,USDTTRY,1d,5.54,"reported, not observed",graph-api.btcturk.com/v1/klines/history;api.btcturk.com/api/v2/ohlc
2019-03-29T00:00:00Z,BTCTurk,TRY,USDTTRY,1d,5.58,"reported, not observed",graph-api.btcturk.com/v1/klines/history;api.btcturk.com/api/v2/ohlc
2019-03-30T00:00:00Z,BTCTurk,TRY,USDTTRY,1d,5.6,"reported, not observed",graph-api.btcturk.com/v1/klines/history;api.btcturk.com/api/v2/ohlc
2019-03-31T00:00:00Z,BTCTurk,TRY,USDTTRY,1d,5.65,"reported, not observed",graph-api.btcturk.com/v1/klines/history;api.btcturk.com/api/v2/ohlc
2019-04-01T00:00:00Z,BTCTurk,TRY,USDTTRY,1d,5.57,"reported, not observed",graph-api.btcturk.com/v1/klines/history;api.btcturk.com/api/v2/ohlc
2019-04-02T00:00:00Z,BTCTurk,TRY,USDTTRY,1d,5.58,"reported, not observed",graph-api.btcturk.com/v1/klines/history;api.btcturk.com/api/v2/ohlc
2019-04-03T00:00:00Z,BTCTurk,TRY,USDTTRY,1d,5.7,"reported, not observed",graph-api.btcturk.com/v1/klines/history;api.btcturk.com/api/v2/ohlc
2019-04-04T00:00:00Z,BTCTurk,TRY,USDTTRY,1d,5.56,"reported, not observed",graph-api.btcturk.com/v1/klines/history;api.btcturk.com/api/v2/ohlc
2019-04-05T00:00:00Z,BTCTurk,TRY,USDTTRY,1d,5.68,"reported, not observed",graph-api.btcturk.com/v1/klines/history;api.btcturk.com/api/v2/ohlc
2019-04-06T00:00:00Z,BTCTurk,TRY,USDTTRY,1d,5.69,"reported, not observed",graph-api.btcturk.com/v1/klines/history;api.btcturk.com/api/v2/ohlc
2019-04-07T00:00:00Z,BTCTurk,TRY,USDTTRY,1d,5.65,"reported, not observed",graph-api.btcturk.com/v1/klines/history;api.btcturk.com/api/v2/ohlc
2019-04-08T00:00:00Z,BTCTurk,TRY,USDTTRY,1d,5.76,"reported, not observed",graph-api.btcturk.com/v1/klines/history;api.btcturk.com/api/v2/ohlc
2019-04-09T00:00:00Z,BTCTurk,TRY,USDTTRY,1d,5.81,"reported, not observed",graph-api.btcturk.com/v1/klines/history;api.btcturk.com/api/v2/ohlc
2019-04-10T00:00:00Z,BTCTurk,TRY,USDTTRY,1d,5.77,"reported, not observed",graph-api.btcturk.com/v1/klines/history;api.btcturk.com/api/v2/ohlc
2019-04-11T00:00:00Z,BTCTurk,TRY,USDTTRY,1d,5.83,"reported, not observed",graph-api.btcturk.com/v1/klines/history;api.btcturk.com/api/v2/ohlc
2019-04-12T00:00:00Z,BTCTurk,TRY,USDTTRY,1d,5.86,"reported, not observed",graph-api.btcturk.com/v1/klines/history;api.btcturk.com/api/v2/ohlc
2019-04-13T00:00:00Z,BTCTurk,TRY,USDTTRY,1d,5.85,"reported, not observed",graph-api.btcturk.com/v1/klines/history;api.btcturk.com/api/v2/ohlc
2019-04-14T00:00:00Z,BTCTurk,TRY,USDTTRY,1d,5.87,"reported, not observed",graph-api.btcturk.com/v1/klines/history;api.btcturk.com/api/v2/ohlc
2019-04-15T00:00:00Z,BTCTurk,TRY,USDTTRY,1d,5.9,"reported, not observed",graph-api.btcturk.com/v1/klines/history;api.btcturk.com/api/v2/ohlc
2019-04-16T00:00:00Z,BTCTurk,TRY,USDTTRY,1d,5.82,"reported, not observed",graph-api.btcturk.com/v1/klines/history;api.btcturk.com/api/v2/ohlc
2019-04-17T00:00:00Z,BTCTurk,TRY,USDTTRY,1d,5.81,"reported, not observed",graph-api.btcturk.com/v1/klines/history;api.btcturk.com/api/v2/ohlc
2019-04-18T00:00:00Z,BTCTurk,TRY,USDTTRY,1d,5.86,"reported, not observed",graph-api.btcturk.com/v1/klines/history;api.btcturk.com/api/v2/ohlc
2019-04-19T00:00:00Z,BTCTurk,TRY,USDTTRY,1d,5.87,"reported, not observed",graph-api.btcturk.com/v1/klines/history;api.btcturk.com/api/v2/ohlc
2019-04-20T00:00:00Z,BTCTurk,TRY,USDTTRY,1d,5.87,"reported, not observed",graph-api.btcturk.com/v1/klines/history;api.btcturk.com/api/v2/ohlc
2019-04-21T00:00:00Z,BTCTurk,TRY,USDTTRY,1d,5.93,"reported, not observed",graph-api.btcturk.com/v1/klines/history;api.btcturk.com/api/v2/ohlc
2019-04-22T00:00:00Z,BTCTurk,TRY,USDTTRY,1d,5.95,"reported, not observed",graph-api.btcturk.com/v1/klines/history;api.btcturk.com/api/v2/ohlc
2019-04-23T00:00:00Z,BTCTurk,TRY,USDTTRY,1d,5.96,"reported, not observed",graph-api.btcturk.com/v1/klines/history;api.btcturk.com/api/v2/ohlc
2019-04-24T00:00:00Z,BTCTurk,TRY,USDTTRY,1d,5.99,"reported, not observed",graph-api.btcturk.com/v1/klines/history;api.btcturk.com/api/v2/ohlc
2019-04-25T00:00:00Z,BTCTurk,TRY,USDTTRY,1d,5.95,"reported, not observed",graph-api.btcturk.com/v1/klines/history;api.btcturk.com/api/v2/ohlc
2019-04-26T00:00:00Z,BTCTurk,TRY,USDTTRY,1d,5.85,"reported, not observed",graph-api.btcturk.com/v1/klines/history;api.btcturk.com/api/v2/ohlc
2019-04-27T00:00:00Z,BTCTurk,TRY,USDTTRY,1d,5.88,"reported, not observed",graph-api.btcturk.com/v1/klines/history;api.btcturk.com/api/v2/ohlc
2019-04-28T00:00:00Z,BTCTurk,TRY,USDTTRY,1d,5.85,"reported, not observed",graph-api.btcturk.com/v1/klines/history;api.btcturk.com/api/v2/ohlc
2019-04-29T00:00:00Z,BTCTurk,TRY,USDTTRY,1d,5.86,"reported, not observed",graph-api.btcturk.com/v1/klines/history;api.btcturk.com/api/v2/ohlc
2019-04-30T00:00:00Z,BTCTurk,TRY,USDTTRY,1d,5.89,"reported, not observed",graph-api.btcturk.com/v1/klines/history;api.btcturk.com/api/v2/ohlc
2019-05-01T00:00:00Z,BTCTurk,TRY,USDTTRY,1d,5.88,"reported, not observed",graph-api.btcturk.com/v1/klines/history;api.btcturk.com/api/v2/ohlc
2019-05-02T00:00:00Z,BTCTurk,TRY,USDTTRY,1d,5.9,"reported, not observed",graph-api.btcturk.com/v1/klines/history;api.btcturk.com/api/v2/ohlc
2019-05-03T00:00:00Z,BTCTurk,TRY,USDTTRY,1d,5.85,"reported, not observed",graph-api.btcturk.com/v1/klines/history;api.btcturk.com/api/v2/ohlc
2019-05-04T00:00:00Z,BTCTurk,TRY,USDTTRY,1d,5.91,"reported, not observed",graph-api.btcturk.com/v1/klines/history;api.btcturk.com/api/v2/ohlc
2019-05-05T00:00:00Z,BTCTurk,TRY,USDTTRY,1d,5.93,"reported, not observed",graph-api.btcturk.com/v1/klines/history;api.btcturk.com/api/v2/ohlc
2019-05-06T00:00:00Z,BTCTurk,TRY,USDTTRY,1d,6.0,"reported, not observed",graph-api.btcturk.com/v1/klines/history;api.btcturk.com/api/v2/ohlc
2019-05-07T00:00:00Z,BTCTurk,TRY,USDTTRY,1d,6.07,"reported, not observed",graph-api.btcturk.com/v1/klines/history;api.btcturk.com/api/v2/ohlc
2019-05-08T00:00:00Z,BTCTurk,TRY,USDTTRY,1d,6.07,"reported, not observed",graph-api.btcturk.com/v1/klines/history;api.btcturk.com/api/v2/ohlc
2019-05-09T00:00:00Z,BTCTurk,TRY,USDTTRY,1d,6.16,"reported, not observed",graph-api.btcturk.com/v1/klines/history;api.btcturk.com/api/v2/ohlc
2019-05-10T00:00:00Z,BTCTurk,TRY,USDTTRY,1d,6.01,"reported, not observed",graph-api.btcturk.com/v1/klines/history;api.btcturk.com/api/v2/ohlc
2019-05-11T00:00:00Z,BTCTurk,TRY,USDTTRY,1d,5.92,"reported, not observed",graph-api.btcturk.com/v1/klines/history;api.btcturk.com/api/v2/ohlc
2019-05-12T00:00:00Z,BTCTurk,TRY,USDTTRY,1d,5.9,"reported, not observed",graph-api.btcturk.com/v1/klines/history;api.btcturk.com/api/v2/ohlc
2019-05-13T00:00:00Z,BTCTurk,TRY,USDTTRY,1d,6.0,"reported, not observed",graph-api.btcturk.com/v1/klines/history;api.btcturk.com/api/v2/ohlc
2019-05-14T00:00:00Z,BTCTurk,TRY,USDTTRY,1d,6.04,"reported, not observed",graph-api.btcturk.com/v1/klines/history;api.btcturk.com/api/v2/ohlc
2019-05-15T00:00:00Z,BTCTurk,TRY,USDTTRY,1d,6.02,"reported, not observed",graph-api.btcturk.com/v1/klines/history;api.btcturk.com/api/v2/ohlc
2019-05-16T00:00:00Z,BTCTurk,TRY,USDTTRY,1d,6.1,"reported, not observed",graph-api.btcturk.com/v1/klines/history;api.btcturk.com/api/v2/ohlc
2019-05-17T00:00:00Z,BTCTurk,TRY,USDTTRY,1d,6.07,"reported, not observed",graph-api.btcturk.com/v1/klines/history;api.btcturk.com/api/v2/ohlc
2019-05-18T00:00:00Z,BTCTurk,TRY,USDTTRY,1d,6.15,"reported, not observed",graph-api.btcturk.com/v1/klines/history;api.btcturk.com/api/v2/ohlc
2019-05-19T00:00:00Z,BTCTurk,TRY,USDTTRY,1d,6.06,"reported, not observed",graph-api.btcturk.com/v1/klines/history;api.btcturk.com/api/v2/ohlc
2019-05-20T00:00:00Z,BTCTurk,TRY,USDTTRY,1d,6.06,"reported, not observed",graph-api.btcturk.com/v1/klines/history;api.btcturk.com/api/v2/ohlc
2019-05-21T00:00:00Z,BTCTurk,TRY,USDTTRY,1d,6.12,"reported, not observed",graph-api.btcturk.com/v1/klines/history;api.btcturk.com/api/v2/ohlc
2019-05-22T00:00:00Z,BTCTurk,TRY,USDTTRY,1d,6.21,"reported, not observed",graph-api.btcturk.com/v1/klines/history;api.btcturk.com/api/v2/ohlc
2019-05-23T00:00:00Z,BTCTurk,TRY,USDTTRY,1d,6.2,"reported, not observed",graph-api.btcturk.com/v1/klines/history;api.btcturk.com/api/v2/ohlc
2019-05-24T00:00:00Z,BTCTurk,TRY,USDTTRY,1d,6.13,"reported, not observed",graph-api.btcturk.com/v1/klines/history;api.btcturk.com/api/v2/ohlc
2019-05-25T00:00:00Z,BTCTurk,TRY,USDTTRY,1d,6.12,"reported, not observed",graph-api.btcturk.com/v1/klines/history;api.btcturk.com/api/v2/ohlc
2019-05-26T00:00:00Z,BTCTurk,TRY,USDTTRY,1d,6.09,"reported, not observed",graph-api.btcturk.com/v1/klines/history;api.btcturk.com/api/v2/ohlc
2019-05-27T00:00:00Z,BTCTurk,TRY,USDTTRY,1d,6.07,"reported, not observed",graph-api.btcturk.com/v1/klines/history;api.btcturk.com/api/v2/ohlc
2019-05-28T00:00:00Z,BTCTurk,TRY,USDTTRY,1d,6.01,"reported, not observed",graph-api.btcturk.com/v1/klines/history;api.btcturk.com/api/v2/ohlc
2019-05-29T00:00:00Z,BTCTurk,TRY,USDTTRY,1d,6.08,"reported, not observed",graph-api.btcturk.com/v1/klines/history;api.btcturk.com/api/v2/ohlc
2019-05-30T00:00:00Z,BTCTurk,TRY,USDTTRY,1d,6.08,"reported, not observed",graph-api.btcturk.com/v1/klines/history;api.btcturk.com/api/v2/ohlc
2019-05-31T00:00:00Z,BTCTurk,TRY,USDTTRY,1d,5.98,"reported, not observed",graph-api.btcturk.com/v1/klines/history;api.btcturk.com/api/v2/ohlc
2019-06-01T00:00:00Z,BTCTurk,TRY,USDTTRY,1d,5.99,"reported, not observed",graph-api.btcturk.com/v1/klines/history;api.btcturk.com/api/v2/ohlc
2019-06-02T00:00:00Z,BTCTurk,TRY,USDTTRY,1d,5.96,"reported, not observed",graph-api.btcturk.com/v1/klines/history;api.btcturk.com/api/v2/ohlc
2019-06-03T00:00:00Z,BTCTurk,TRY,USDTTRY,1d,6.03,"reported, not observed",graph-api.btcturk.com/v1/klines/history;api.btcturk.com/api/v2/ohlc
2019-06-04T00:00:00Z,BTCTurk,TRY,USDTTRY,1d,5.99,"reported, not observed",graph-api.btcturk.com/v1/klines/history;api.btcturk.com/api/v2/ohlc
2019-06-05T00:00:00Z,BTCTurk,TRY,USDTTRY,1d,6.04,"reported, not observed",graph-api.btcturk.com/v1/klines/history;api.btcturk.com/api/v2/ohlc
2019-06-06T00:00:00Z,BTCTurk,TRY,USDTTRY,1d,6.0,"reported, not observed",graph-api.btcturk.com/v1/klines/history;api.btcturk.com/api/v2/ohlc
2019-06-07T00:00:00Z,BTCTurk,TRY,USDTTRY,1d,5.94,"reported, not observed",graph-api.btcturk.com/v1/klines/history;api.btcturk.com/api/v2/ohlc
2019-06-08T00:00:00Z,BTCTurk,TRY,USDTTRY,1d,5.96,"reported, not observed",graph-api.btcturk.com/v1/klines/history;api.btcturk.com/api/v2/ohlc
2019-06-09T00:00:00Z,BTCTurk,TRY,USDTTRY,1d,6.05,"reported, not observed",graph-api.btcturk.com/v1/klines/history;api.btcturk.com/api/v2/ohlc
2019-06-10T00:00:00Z,BTCTurk,TRY,USDTTRY,1d,5.85,"reported, not observed",graph-api.btcturk.com/v1/klines/history;api.btcturk.com/api/v2/ohlc
2019-06-11T00:00:00Z,BTCTurk,TRY,USDTTRY,1d,5.89,"reported, not observed",graph-api.btcturk.com/v1/klines/history;api.btcturk.com/api/v2/ohlc
2019-06-12T00:00:00Z,BTCTurk,TRY,USDTTRY,1d,5.84,"reported, not observed",graph-api.btcturk.com/v1/klines/history;api.btcturk.com/api/v2/ohlc
2019-06-13T00:00:00Z,BTCTurk,TRY,USDTTRY,1d,5.92,"reported, not observed",graph-api.btcturk.com/v1/klines/history;api.btcturk.com/api/v2/ohlc
2019-06-14T00:00:00Z,BTCTurk,TRY,USDTTRY,1d,5.96,"reported, not observed",graph-api.btcturk.com/v1/klines/history;api.btcturk.com/api/v2/ohlc
2019-06-15T00:00:00Z,BTCTurk,TRY,USDTTRY,1d,5.94,"reported, not observed",graph-api.btcturk.com/v1/klines/history;api.btcturk.com/api/v2/ohlc
2019-06-16T00:00:00Z,BTCTurk,TRY,USDTTRY,1d,5.83,"reported, not observed",graph-api.btcturk.com/v1/klines/history;api.btcturk.com/api/v2/ohlc
2019-06-17T00:00:00Z,BTCTurk,TRY,USDTTRY,1d,5.79,"reported, not observed",graph-api.btcturk.com/v1/klines/history;api.btcturk.com/api/v2/ohlc
2019-06-18T00:00:00Z,BTCTurk,TRY,USDTTRY,1d,5.87,"reported, not observed",graph-api.btcturk.com/v1/klines/history;api.btcturk.com/api/v2/ohlc
2019-06-19T00:00:00Z,BTCTurk,TRY,USDTTRY,1d,5.84,"reported, not observed",graph-api.btcturk.com/v1/klines/history;api.btcturk.com/api/v2/ohlc
2019-06-20T00:00:00Z,BTCTurk,TRY,USDTTRY,1d,5.8,"reported, not observed",graph-api.btcturk.com/v1/klines/history;api.btcturk.com/api/v2/ohlc
2019-06-21T00:00:00Z,BTCTurk,TRY,USDTTRY,1d,5.77,"reported, not observed",graph-api.btcturk.com/v1/klines/history;api.btcturk.com/api/v2/ohlc
2019-06-22T00:00:00Z,BTCTurk,TRY,USDTTRY,1d,5.7,"reported, not observed",graph-api.btcturk.com/v1/klines/history;api.btcturk.com/api/v2/ohlc
2019-06-23T00:00:00Z,BTCTurk,TRY,USDTTRY,1d,5.73,"reported, not observed",graph-api.btcturk.com/v1/klines/history;api.btcturk.com/api/v2/ohlc
2019-06-24T00:00:00Z,BTCTurk,TRY,USDTTRY,1d,5.74,"reported, not observed",graph-api.btcturk.com/v1/klines/history;api.btcturk.com/api/v2/ohlc
2019-06-25T00:00:00Z,BTCTurk,TRY,USDTTRY,1d,5.79,"reported, not observed",graph-api.btcturk.com/v1/klines/history;api.btcturk.com/api/v2/ohlc
2019-06-26T00:00:00Z,BTCTurk,TRY,USDTTRY,1d,5.75,"reported, not observed",graph-api.btcturk.com/v1/klines/history;api.btcturk.com/api/v2/ohlc
2019-06-27T00:00:00Z,BTCTurk,TRY,USDTTRY,1d,5.78,"reported, not observed",graph-api.btcturk.com/v1/klines/history;api.btcturk.com/api/v2/ohlc
2019-06-28T00:00:00Z,BTCTurk,TRY,USDTTRY,1d,5.79,"reported, not observed",graph-api.btcturk.com/v1/klines/history;api.btcturk.com/api/v2/ohlc
2019-06-29T00:00:00Z,BTCTurk,TRY,USDTTRY,1d,5.75,"reported, not observed",graph-api.btcturk.com/v1/klines/history;api.btcturk.com/api/v2/ohlc
2019-06-30T00:00:00Z,BTCTurk,TRY,USDTTRY,1d,5.82,"reported, not observed",graph-api.btcturk.com/v1/klines/history;api.btcturk.com/api/v2/ohlc
2019-07-01T00:00:00Z,BTCTurk,TRY,USDTTRY,1d,5.7,"reported, not observed",graph-api.btcturk.com/v1/klines/history;api.btcturk.com/api/v2/ohlc
2019-07-02T00:00:00Z,BTCTurk,TRY,USDTTRY,1d,5.72,"reported, not observed",graph-api.btcturk.com/v1/klines/history;api.btcturk.com/api/v2/ohlc
2019-07-03T00:00:00Z,BTCTurk,TRY,USDTTRY,1d,5.63,"reported, not observed",graph-api.btcturk.com/v1/klines/history;api.btcturk.com/api/v2/ohlc
2019-07-04T00:00:00Z,BTCTurk,TRY,USDTTRY,1d,5.66,"reported, not observed",graph-api.btcturk.com/v1/klines/history;api.btcturk.com/api/v2/ohlc
2019-07-05T00:00:00Z,BTCTurk,TRY,USDTTRY,1d,5.73,"reported, not observed",graph-api.btcturk.com/v1/klines/history;api.btcturk.com/api/v2/ohlc
2019-07-06T00:00:00Z,BTCTurk,TRY,USDTTRY,1d,5.7,"reported, not observed",graph-api.btcturk.com/v1/klines/history;api.btcturk.com/api/v2/ohlc
2019-07-07T00:00:00Z,BTCTurk,TRY,USDTTRY,1d,5.77,"reported, not observed",graph-api.btcturk.com/v1/klines/history;api.btcturk.com/api/v2/ohlc
2019-07-08T00:00:00Z,BTCTurk,TRY,USDTTRY,1d,5.72,"reported, not observed",graph-api.btcturk.com/v1/klines/history;api.btcturk.com/api/v2/ohlc
2019-07-09T00:00:00Z,BTCTurk,TRY,USDTTRY,1d,5.77,"reported, not observed",graph-api.btcturk.com/v1/klines/history;api.btcturk.com/api/v2/ohlc
2019-07-10T00:00:00Z,BTCTurk,TRY,USDTTRY,1d,5.72,"reported, not observed",graph-api.btcturk.com/v1/klines/history;api.btcturk.com/api/v2/ohlc
2019-07-11T00:00:00Z,BTCTurk,TRY,USDTTRY,1d,5.78,"reported, not observed",graph-api.btcturk.com/v1/klines/history;api.btcturk.com/api/v2/ohlc
2019-07-12T00:00:00Z,BTCTurk,TRY,USDTTRY,1d,5.81,"reported, not observed",graph-api.btcturk.com/v1/klines/history;api.btcturk.com/api/v2/ohlc
2019-07-13T00:00:00Z,BTCTurk,TRY,USDTTRY,1d,5.78,"reported, not observed",graph-api.btcturk.com/v1/klines/history;api.btcturk.com/api/v2/ohlc
2019-07-14T00:00:00Z,BTCTurk,TRY,USDTTRY,1d,5.87,"reported, not observed",graph-api.btcturk.com/v1/klines/history;api.btcturk.com/api/v2/ohlc
2019-07-15T00:00:00Z,BTCTurk,TRY,USDTTRY,1d,5.84,"reported, not observed",graph-api.btcturk.com/v1/klines/history;api.btcturk.com/api/v2/ohlc
2019-07-16T00:00:00Z,BTCTurk,TRY,USDTTRY,1d,5.82,"reported, not observed",graph-api.btcturk.com/v1/klines/history;api.btcturk.com/api/v2/ohlc
2019-07-17T00:00:00Z,BTCTurk,TRY,USDTTRY,1d,5.81,"reported, not observed",graph-api.btcturk.com/v1/klines/history;api.btcturk.com/api/v2/ohlc
2019-07-18T00:00:00Z,BTCTurk,TRY,USDTTRY,1d,5.64,"reported, not observed",graph-api.btcturk.com/v1/klines/history;api.btcturk.com/api/v2/ohlc
2019-07-19T00:00:00Z,BTCTurk,TRY,USDTTRY,1d,5.69,"reported, not observed",graph-api.btcturk.com/v1/klines/history;api.btcturk.com/api/v2/ohlc
2019-07-20T00:00:00Z,BTCTurk,TRY,USDTTRY,1d,5.67,"reported, not observed",graph-api.btcturk.com/v1/klines/history;api.btcturk.com/api/v2/ohlc
2019-07-21T00:00:00Z,BTCTurk,TRY,USDTTRY,1d,5.69,"reported, not observed",graph-api.btcturk.com/v1/klines/history;api.btcturk.com/api/v2/ohlc
2019-07-22T00:00:00Z,BTCTurk,TRY,USDTTRY,1d,5.72,"reported, not observed",graph-api.btcturk.com/v1/klines/history;api.btcturk.com/api/v2/ohlc
2019-07-23T00:00:00Z,BTCTurk,TRY,USDTTRY,1d,5.74,"reported, not observed",graph-api.btcturk.com/v1/klines/history;api.btcturk.com/api/v2/ohlc
2019-07-24T00:00:00Z,BTCTurk,TRY,USDTTRY,1d,5.75,"reported, not observed",graph-api.btcturk.com/v1/klines/history;api.btcturk.com/api/v2/ohlc
2019-07-25T00:00:00Z,BTCTurk,TRY,USDTTRY,1d,5.75,"reported, not observed",graph-api.btcturk.com/v1/klines/history;api.btcturk.com/api/v2/ohlc
2019-07-26T00:00:00Z,BTCTurk,TRY,USDTTRY,1d,5.71,"reported, not observed",graph-api.btcturk.com/v1/klines/history;api.btcturk.com/api/v2/ohlc
2019-07-27T00:00:00Z,BTCTurk,TRY,USDTTRY,1d,5.7,"reported, not observed",graph-api.btcturk.com/v1/klines/history;api.btcturk.com/api/v2/ohlc
2019-07-28T00:00:00Z,BTCTurk,TRY,USDTTRY,1d,5.68,"reported, not observed",graph-api.btcturk.com/v1/klines/history;api.btcturk.com/api/v2/ohlc
2019-07-29T00:00:00Z,BTCTurk,TRY,USDTTRY,1d,5.64,"reported, not observed",graph-api.btcturk.com/v1/klines/history;api.btcturk.com/api/v2/ohlc
2019-07-30T00:00:00Z,BTCTurk,TRY,USDTTRY,1d,5.58,"reported, not observed",graph-api.btcturk.com/v1/klines/history;api.btcturk.com/api/v2/ohlc
2019-07-31T00:00:00Z,BTCTurk,TRY,USDTTRY,1d,5.58,"reported, not observed",graph-api.btcturk.com/v1/klines/history;api.btcturk.com/api/v2/ohlc
2019-08-01T00:00:00Z,BTCTurk,TRY,USDTTRY,1d,5.62,"reported, not observed",graph-api.btcturk.com/v1/klines/history;api.btcturk.com/api/v2/ohlc
2019-08-02T00:00:00Z,BTCTurk,TRY,USDTTRY,1d,5.57,"reported, not observed",graph-api.btcturk.com/v1/klines/history;api.btcturk.com/api/v2/ohlc
2019-08-03T00:00:00Z,BTCTurk,TRY,USDTTRY,1d,5.53,"reported, not observed",graph-api.btcturk.com/v1/klines/history;api.btcturk.com/api/v2/ohlc
2019-08-04T00:00:00Z,BTCTurk,TRY,USDTTRY,1d,5.5,"reported, not observed",graph-api.btcturk.com/v1/klines/history;api.btcturk.com/api/v2/ohlc
2019-08-05T00:00:00Z,BTCTurk,TRY,USDTTRY,1d,5.51,"reported, not observed",graph-api.btcturk.com/v1/klines/history;api.btcturk.com/api/v2/ohlc
2019-08-06T00:00:00Z,BTCTurk,TRY,USDTTRY,1d,5.51,"reported, not observed",graph-api.btcturk.com/v1/klines/history;api.btcturk.com/api/v2/ohlc
2019-08-07T00:00:00Z,BTCTurk,TRY,USDTTRY,1d,5.5,"reported, not observed",graph-api.btcturk.com/v1/klines/history;api.btcturk.com/api/v2/ohlc
2019-08-08T00:00:00Z,BTCTurk,TRY,USDTTRY,1d,5.46,"reported, not observed",graph-api.btcturk.com/v1/klines/history;api.btcturk.com/api/v2/ohlc
2019-08-09T00:00:00Z,BTCTurk,TRY,USDTTRY,1d,5.51,"reported, not observed",graph-api.btcturk.com/v1/klines/history;api.btcturk.com/api/v2/ohlc
2019-08-10T00:00:00Z,BTCTurk,TRY,USDTTRY,1d,5.53,"reported, not observed",graph-api.btcturk.com/v1/klines/history;api.btcturk.com/api/v2/ohlc
2019-08-11T00:00:00Z,BTCTurk,TRY,USDTTRY,1d,5.52,"reported, not observed",graph-api.btcturk.com/v1/klines/history;api.btcturk.com/api/v2/ohlc
2019-08-12T00:00:00Z,BTCTurk,TRY,USDTTRY,1d,5.59,"reported, not observed",graph-api.btcturk.com/v1/klines/history;api.btcturk.com/api/v2/ohlc
2019-08-13T00:00:00Z,BTCTurk,TRY,USDTTRY,1d,5.58,"reported, not observed",graph-api.btcturk.com/v1/klines/history;api.btcturk.com/api/v2/ohlc
2019-08-14T00:00:00Z,BTCTurk,TRY,USDTTRY,1d,5.69,"reported, not observed",graph-api.btcturk.com/v1/klines/history;api.btcturk.com/api/v2/ohlc
2019-08-15T00:00:00Z,BTCTurk,TRY,USDTTRY,1d,5.65,"reported, not observed",graph-api.btcturk.com/v1/klines/history;api.btcturk.com/api/v2/ohlc
2019-08-16T00:00:00Z,BTCTurk,TRY,USDTTRY,1d,5.62,"reported, not observed",graph-api.btcturk.com/v1/klines/history;api.btcturk.com/api/v2/ohlc
2019-08-17T00:00:00Z,BTCTurk,TRY,USDTTRY,1d,5.61,"reported, not observed",graph-api.btcturk.com/v1/klines/history;api.btcturk.com/api/v2/ohlc
2019-08-18T00:00:00Z,BTCTurk,TRY,USDTTRY,1d,5.6,"reported, not observed",graph-api.btcturk.com/v1/klines/history;api.btcturk.com/api/v2/ohlc
2019-08-19T00:00:00Z,BTCTurk,TRY,USDTTRY,1d,5.67,"reported, not observed",graph-api.btcturk.com/v1/klines/history;api.btcturk.com/api/v2/ohlc
2019-08-20T00:00:00Z,BTCTurk,TRY,USDTTRY,1d,5.74,"reported, not observed",graph-api.btcturk.com/v1/klines/history;api.btcturk.com/api/v2/ohlc
2019-08-21T00:00:00Z,BTCTurk,TRY,USDTTRY,1d,5.74,"reported, not observed",graph-api.btcturk.com/v1/klines/history;api.btcturk.com/api/v2/ohlc
2019-08-22T00:00:00Z,BTCTurk,TRY,USDTTRY,1d,5.8,"reported, not observed",graph-api.btcturk.com/v1/klines/history;api.btcturk.com/api/v2/ohlc
2019-08-23T00:00:00Z,BTCTurk,TRY,USDTTRY,1d,5.77,"reported, not observed",graph-api.btcturk.com/v1/klines/history;api.btcturk.com/api/v2/ohlc
2019-08-24T00:00:00Z,BTCTurk,TRY,USDTTRY,1d,5.81,"reported, not observed",graph-api.btcturk.com/v1/klines/history;api.btcturk.com/api/v2/ohlc
2019-08-25T00:00:00Z,BTCTurk,TRY,USDTTRY,1d,5.86,"reported, not observed",graph-api.btcturk.com/v1/klines/history;api.btcturk.com/api/v2/ohlc
2019-08-26T00:00:00Z,BTCTurk,TRY,USDTTRY,1d,5.77,"reported, not observed",graph-api.btcturk.com/v1/klines/history;api.btcturk.com/api/v2/ohlc
2019-08-27T00:00:00Z,BTCTurk,TRY,USDTTRY,1d,5.83,"reported, not observed",graph-api.btcturk.com/v1/klines/history;api.btcturk.com/api/v2/ohlc
2019-08-28T00:00:00Z,BTCTurk,TRY,USDTTRY,1d,5.87,"reported, not observed",graph-api.btcturk.com/v1/klines/history;api.btcturk.com/api/v2/ohlc
2019-08-29T00:00:00Z,BTCTurk,TRY,USDTTRY,1d,5.9,"reported, not observed",graph-api.btcturk.com/v1/klines/history;api.btcturk.com/api/v2/ohlc
2019-08-30T00:00:00Z,BTCTurk,TRY,USDTTRY,1d,5.89,"reported, not observed",graph-api.btcturk.com/v1/klines/history;api.btcturk.com/api/v2/ohlc
2019-08-31T00:00:00Z,BTCTurk,TRY,USDTTRY,1d,5.9,"reported, not observed",graph-api.btcturk.com/v1/klines/history;api.btcturk.com/api/v2/ohlc
2019-09-01T00:00:00Z,BTCTurk,TRY,USDTTRY,1d,5.89,"reported, not observed",graph-api.btcturk.com/v1/klines/history;api.btcturk.com/api/v2/ohlc
2019-09-02T00:00:00Z,BTCTurk,TRY,USDTTRY,1d,5.79,"reported, not observed",graph-api.btcturk.com/v1/klines/history;api.btcturk.com/api/v2/ohlc
2019-09-03T00:00:00Z,BTCTurk,TRY,USDTTRY,1d,5.69,"reported, not observed",graph-api.btcturk.com/v1/klines/history;api.btcturk.com/api/v2/ohlc
2019-09-04T00:00:00Z,BTCTurk,TRY,USDTTRY,1d,5.72,"reported, not observed",graph-api.btcturk.com/v1/klines/history;api.btcturk.com/api/v2/ohlc
2019-09-05T00:00:00Z,BTCTurk,TRY,USDTTRY,1d,5.71,"reported, not observed",graph-api.btcturk.com/v1/klines/history;api.btcturk.com/api/v2/ohlc
2019-09-06T00:00:00Z,BTCTurk,TRY,USDTTRY,1d,5.74,"reported, not observed",graph-api.btcturk.com/v1/klines/history;api.btcturk.com/api/v2/ohlc
2019-09-07T00:00:00Z,BTCTurk,TRY,USDTTRY,1d,5.77,"reported, not observed",graph-api.btcturk.com/v1/klines/history;api.btcturk.com/api/v2/ohlc
2019-09-08T00:00:00Z,BTCTurk,TRY,USDTTRY,1d,5.75,"reported, not observed",graph-api.btcturk.com/v1/klines/history;api.btcturk.com/api/v2/ohlc
2019-09-09T00:00:00Z,BTCTurk,TRY,USDTTRY,1d,5.76,"reported, not observed",graph-api.btcturk.com/v1/klines/history;api.btcturk.com/api/v2/ohlc
2019-09-10T00:00:00Z,BTCTurk,TRY,USDTTRY,1d,5.8,"reported, not observed",graph-api.btcturk.com/v1/klines/history;api.btcturk.com/api/v2/ohlc
2019-09-11T00:00:00Z,BTCTurk,TRY,USDTTRY,1d,5.8,"reported, not observed",graph-api.btcturk.com/v1/klines/history;api.btcturk.com/api/v2/ohlc
2019-09-12T00:00:00Z,BTCTurk,TRY,USDTTRY,1d,5.7,"reported, not observed",graph-api.btcturk.com/v1/klines/history;api.btcturk.com/api/v2/ohlc
2019-09-13T00:00:00Z,BTCTurk,TRY,USDTTRY,1d,5.71,"reported, not observed",graph-api.btcturk.com/v1/klines/history;api.btcturk.com/api/v2/ohlc
2019-09-14T00:00:00Z,BTCTurk,TRY,USDTTRY,1d,5.71,"reported, not observed",graph-api.btcturk.com/v1/klines/history;api.btcturk.com/api/v2/ohlc
2019-09-15T00:00:00Z,BTCTurk,TRY,USDTTRY,1d,5.75,"reported, not observed",graph-api.btcturk.com/v1/klines/history;api.btcturk.com/api/v2/ohlc
2019-09-16T00:00:00Z,BTCTurk,TRY,USDTTRY,1d,5.76,"reported, not observed",graph-api.btcturk.com/v1/klines/history;api.btcturk.com/api/v2/ohlc
2019-09-17T00:00:00Z,BTCTurk,TRY,USDTTRY,1d,5.75,"reported, not observed",graph-api.btcturk.com/v1/klines/history;api.btcturk.com/api/v2/ohlc
2019-09-18T00:00:00Z,BTCTurk,TRY,USDTTRY,1d,5.71,"reported, not observed",graph-api.btcturk.com/v1/klines/history;api.btcturk.com/api/v2/ohlc
2019-09-19T00:00:00Z,BTCTurk,TRY,USDTTRY,1d,5.74,"reported, not observed",graph-api.btcturk.com/v1/klines/history;api.btcturk.com/api/v2/ohlc
2019-09-20T00:00:00Z,BTCTurk,TRY,USDTTRY,1d,5.75,"reported, not observed",graph-api.btcturk.com/v1/klines/history;api.btcturk.com/api/v2/ohlc
2019-09-21T00:00:00Z,BTCTurk,TRY,USDTTRY,1d,5.77,"reported, not observed",graph-api.btcturk.com/v1/klines/history;api.btcturk.com/api/v2/ohlc
2019-09-22T00:00:00Z,BTCTurk,TRY,USDTTRY,1d,5.78,"reported, not observed",graph-api.btcturk.com/v1/klines/history;api.btcturk.com/api/v2/ohlc
2019-09-23T00:00:00Z,BTCTurk,TRY,USDTTRY,1d,5.78,"reported, not observed",graph-api.btcturk.com/v1/klines/history;api.btcturk.com/api/v2/ohlc
2019-09-24T00:00:00Z,BTCTurk,TRY,USDTTRY,1d,5.87,"reported, not observed",graph-api.btcturk.com/v1/klines/history;api.btcturk.com/api/v2/ohlc
2019-09-25T00:00:00Z,BTCTurk,TRY,USDTTRY,1d,5.74,"reported, not observed",graph-api.btcturk.com/v1/klines/history;api.btcturk.com/api/v2/ohlc
2019-09-26T00:00:00Z,BTCTurk,TRY,USDTTRY,1d,5.66,"reported, not observed",graph-api.btcturk.com/v1/klines/history;api.btcturk.com/api/v2/ohlc
2019-09-27T00:00:00Z,BTCTurk,TRY,USDTTRY,1d,5.71,"reported, not observed",graph-api.btcturk.com/v1/klines/history;api.btcturk.com/api/v2/ohlc
2019-09-28T00:00:00Z,BTCTurk,TRY,USDTTRY,1d,5.71,"reported, not observed",graph-api.btcturk.com/v1/klines/history;api.btcturk.com/api/v2/ohlc
2019-09-29T00:00:00Z,BTCTurk,TRY,USDTTRY,1d,5.7,"reported, not observed",graph-api.btcturk.com/v1/klines/history;api.btcturk.com/api/v2/ohlc
2019-09-30T00:00:00Z,BTCTurk,TRY,USDTTRY,1d,5.65,"reported, not observed",graph-api.btcturk.com/v1/klines/history;api.btcturk.com/api/v2/ohlc
2019-10-01T00:00:00Z,BTCTurk,TRY,USDTTRY,1d,5.77,"reported, not observed",graph-api.btcturk.com/v1/klines/history;api.btcturk.com/api/v2/ohlc
2019-10-02T00:00:00Z,BTCTurk,TRY,USDTTRY,1d,5.74,"reported, not observed",graph-api.btcturk.com/v1/klines/history;api.btcturk.com/api/v2/ohlc
2019-10-03T00:00:00Z,BTCTurk,TRY,USDTTRY,1d,5.75,"reported, not observed",graph-api.btcturk.com/v1/klines/history;api.btcturk.com/api/v2/ohlc
2019-10-04T00:00:00Z,BTCTurk,TRY,USDTTRY,1d,5.77,"reported, not observed",graph-api.btcturk.com/v1/klines/history;api.btcturk.com/api/v2/ohlc
2019-10-05T00:00:00Z,BTCTurk,TRY,USDTTRY,1d,5.78,"reported, not observed",graph-api.btcturk.com/v1/klines/history;api.btcturk.com/api/v2/ohlc
2019-10-06T00:00:00Z,BTCTurk,TRY,USDTTRY,1d,5.83,"reported, not observed",graph-api.btcturk.com/v1/klines/history;api.btcturk.com/api/v2/ohlc
2019-10-07T00:00:00Z,BTCTurk,TRY,USDTTRY,1d,5.87,"reported, not observed",graph-api.btcturk.com/v1/klines/history;api.btcturk.com/api/v2/ohlc
2019-10-08T00:00:00Z,BTCTurk,TRY,USDTTRY,1d,5.82,"reported, not observed",graph-api.btcturk.com/v1/klines/history;api.btcturk.com/api/v2/ohlc
2019-10-09T00:00:00Z,BTCTurk,TRY,USDTTRY,1d,5.88,"reported, not observed",graph-api.btcturk.com/v1/klines/history;api.btcturk.com/api/v2/ohlc
2019-10-10T00:00:00Z,BTCTurk,TRY,USDTTRY,1d,5.92,"reported, not observed",graph-api.btcturk.com/v1/klines/history;api.btcturk.com/api/v2/ohlc
2019-10-11T00:00:00Z,BTCTurk,TRY,USDTTRY,1d,5.96,"reported, not observed",graph-api.btcturk.com/v1/klines/history;api.btcturk.com/api/v2/ohlc
2019-10-12T00:00:00Z,BTCTurk,TRY,USDTTRY,1d,5.95,"reported, not observed",graph-api.btcturk.com/v1/klines/history;api.btcturk.com/api/v2/ohlc
2019-10-13T00:00:00Z,BTCTurk,TRY,USDTTRY,1d,5.93,"reported, not observed",graph-api.btcturk.com/v1/klines/history;api.btcturk.com/api/v2/ohlc
2019-10-14T00:00:00Z,BTCTurk,TRY,USDTTRY,1d,5.94,"reported, not observed",graph-api.btcturk.com/v1/klines/history;api.btcturk.com/api/v2/ohlc
2019-10-15T00:00:00Z,BTCTurk,TRY,USDTTRY,1d,5.93,"reported, not observed",graph-api.btcturk.com/v1/klines/history;api.btcturk.com/api/v2/ohlc
2019-10-16T00:00:00Z,BTCTurk,TRY,USDTTRY,1d,5.89,"reported, not observed",graph-api.btcturk.com/v1/klines/history;api.btcturk.com/api/v2/ohlc
2019-10-17T00:00:00Z,BTCTurk,TRY,USDTTRY,1d,5.87,"reported, not observed",graph-api.btcturk.com/v1/klines/history;api.btcturk.com/api/v2/ohlc
2019-10-18T00:00:00Z,BTCTurk,TRY,USDTTRY,1d,5.85,"reported, not observed",graph-api.btcturk.com/v1/klines/history;api.btcturk.com/api/v2/ohlc
2019-10-19T00:00:00Z,BTCTurk,TRY,USDTTRY,1d,5.87,"reported, not observed",graph-api.btcturk.com/v1/klines/history;api.btcturk.com/api/v2/ohlc
2019-10-20T00:00:00Z,BTCTurk,TRY,USDTTRY,1d,5.84,"reported, not observed",graph-api.btcturk.com/v1/klines/history;api.btcturk.com/api/v2/ohlc
2019-10-21T00:00:00Z,BTCTurk,TRY,USDTTRY,1d,5.87,"reported, not observed",graph-api.btcturk.com/v1/klines/history;api.btcturk.com/api/v2/ohlc
2019-10-22T00:00:00Z,BTCTurk,TRY,USDTTRY,1d,5.85,"reported, not observed",graph-api.btcturk.com/v1/klines/history;api.btcturk.com/api/v2/ohlc
2019-10-23T00:00:00Z,BTCTurk,TRY,USDTTRY,1d,5.79,"reported, not observed",graph-api.btcturk.com/v1/klines/history;api.btcturk.com/api/v2/ohlc
2019-10-24T00:00:00Z,BTCTurk,TRY,USDTTRY,1d,5.83,"reported, not observed",graph-api.btcturk.com/v1/klines/history;api.btcturk.com/api/v2/ohlc
2019-10-25T00:00:00Z,BTCTurk,TRY,USDTTRY,1d,5.67,"reported, not observed",graph-api.btcturk.com/v1/klines/history;api.btcturk.com/api/v2/ohlc
2019-10-26T00:00:00Z,BTCTurk,TRY,USDTTRY,1d,5.6,"reported, not observed",graph-api.btcturk.com/v1/klines/history;api.btcturk.com/api/v2/ohlc
2019-10-27T00:00:00Z,BTCTurk,TRY,USDTTRY,1d,5.58,"reported, not observed",graph-api.btcturk.com/v1/klines/history;api.btcturk.com/api/v2/ohlc
2019-10-28T00:00:00Z,BTCTurk,TRY,USDTTRY,1d,5.69,"reported, not observed",graph-api.btcturk.com/v1/klines/history;api.btcturk.com/api/v2/ohlc
2019-10-29T00:00:00Z,BTCTurk,TRY,USDTTRY,1d,5.69,"reported, not observed",graph-api.btcturk.com/v1/klines/history;api.btcturk.com/api/v2/ohlc
2019-10-30T00:00:00Z,BTCTurk,TRY,USDTTRY,1d,5.74,"reported, not observed",graph-api.btcturk.com/v1/klines/history;api.btcturk.com/api/v2/ohlc
2019-10-31T00:00:00Z,BTCTurk,TRY,USDTTRY,1d,5.73,"reported, not observed",graph-api.btcturk.com/v1/klines/history;api.btcturk.com/api/v2/ohlc
2019-11-01T00:00:00Z,BTCTurk,TRY,USDTTRY,1d,5.73,"reported, not observed",graph-api.btcturk.com/v1/klines/history;api.btcturk.com/api/v2/ohlc
2019-11-02T00:00:00Z,BTCTurk,TRY,USDTTRY,1d,5.72,"reported, not observed",graph-api.btcturk.com/v1/klines/history;api.btcturk.com/api/v2/ohlc
2019-11-03T00:00:00Z,BTCTurk,TRY,USDTTRY,1d,5.74,"reported, not observed",graph-api.btcturk.com/v1/klines/history;api.btcturk.com/api/v2/ohlc
2019-11-04T00:00:00Z,BTCTurk,TRY,USDTTRY,1d,5.72,"reported, not observed",graph-api.btcturk.com/v1/klines/history;api.btcturk.com/api/v2/ohlc
2019-11-05T00:00:00Z,BTCTurk,TRY,USDTTRY,1d,5.71,"reported, not observed",graph-api.btcturk.com/v1/klines/history;api.btcturk.com/api/v2/ohlc
2019-11-06T00:00:00Z,BTCTurk,TRY,USDTTRY,1d,5.74,"reported, not observed",graph-api.btcturk.com/v1/klines/history;api.btcturk.com/api/v2/ohlc
2019-11-07T00:00:00Z,BTCTurk,TRY,USDTTRY,1d,5.77,"reported, not observed",graph-api.btcturk.com/v1/klines/history;api.btcturk.com/api/v2/ohlc
2019-11-08T00:00:00Z,BTCTurk,TRY,USDTTRY,1d,5.8,"reported, not observed",graph-api.btcturk.com/v1/klines/history;api.btcturk.com/api/v2/ohlc
2019-11-09T00:00:00Z,BTCTurk,TRY,USDTTRY,1d,5.81,"reported, not observed",graph-api.btcturk.com/v1/klines/history;api.btcturk.com/api/v2/ohlc
2019-11-10T00:00:00Z,BTCTurk,TRY,USDTTRY,1d,5.8,"reported, not observed",graph-api.btcturk.com/v1/klines/history;api.btcturk.com/api/v2/ohlc
2019-11-11T00:00:00Z,BTCTurk,TRY,USDTTRY,1d,5.82,"reported, not observed",graph-api.btcturk.com/v1/klines/history;api.btcturk.com/api/v2/ohlc
2019-11-12T00:00:00Z,BTCTurk,TRY,USDTTRY,1d,5.8,"reported, not observed",graph-api.btcturk.com/v1/klines/history;api.btcturk.com/api/v2/ohlc
2019-11-13T00:00:00Z,BTCTurk,TRY,USDTTRY,1d,5.77,"reported, not observed",graph-api.btcturk.com/v1/klines/history;api.btcturk.com/api/v2/ohlc
2019-11-14T00:00:00Z,BTCTurk,TRY,USDTTRY,1d,5.79,"reported, not observed",graph-api.btcturk.com/v1/klines/history;api.btcturk.com/api/v2/ohlc
2019-11-15T00:00:00Z,BTCTurk,TRY,USDTTRY,1d,5.8,"reported, not observed",graph-api.btcturk.com/v1/klines/history;api.btcturk.com/api/v2/ohlc
2019-11-16T00:00:00Z,BTCTurk,TRY,USDTTRY,1d,5.81,"reported, not observed",graph-api.btcturk.com/v1/klines/history;api.btcturk.com/api/v2/ohlc
2019-11-17T00:00:00Z,BTCTurk,TRY,USDTTRY,1d,5.81,"reported, not observed",graph-api.btcturk.com/v1/klines/history;api.btcturk.com/api/v2/ohlc
2019-11-18T00:00:00Z,BTCTurk,TRY,USDTTRY,1d,5.79,"reported, not observed",graph-api.btcturk.com/v1/klines/history;api.btcturk.com/api/v2/ohlc
2019-11-19T00:00:00Z,BTCTurk,TRY,USDTTRY,1d,5.74,"reported, not observed",graph-api.btcturk.com/v1/klines/history;api.btcturk.com/api/v2/ohlc
2019-11-20T00:00:00Z,BTCTurk,TRY,USDTTRY,1d,5.74,"reported, not observed",graph-api.btcturk.com/v1/klines/history;api.btcturk.com/api/v2/ohlc
2019-11-21T00:00:00Z,BTCTurk,TRY,USDTTRY,1d,5.74,"reported, not observed",graph-api.btcturk.com/v1/klines/history;api.btcturk.com/api/v2/ohlc
2019-11-22T00:00:00Z,BTCTurk,TRY,USDTTRY,1d,5.79,"reported, not observed",graph-api.btcturk.com/v1/klines/history;api.btcturk.com/api/v2/ohlc
2019-11-23T00:00:00Z,BTCTurk,TRY,USDTTRY,1d,5.84,"reported, not observed",graph-api.btcturk.com/v1/klines/history;api.btcturk.com/api/v2/ohlc
2019-11-24T00:00:00Z,BTCTurk,TRY,USDTTRY,1d,5.84,"reported, not observed",graph-api.btcturk.com/v1/klines/history;api.btcturk.com/api/v2/ohlc
2019-11-25T00:00:00Z,BTCTurk,TRY,USDTTRY,1d,5.82,"reported, not observed",graph-api.btcturk.com/v1/klines/history;api.btcturk.com/api/v2/ohlc
2019-11-26T00:00:00Z,BTCTurk,TRY,USDTTRY,1d,5.79,"reported, not observed",graph-api.btcturk.com/v1/klines/history;api.btcturk.com/api/v2/ohlc
2019-11-27T00:00:00Z,BTCTurk,TRY,USDTTRY,1d,5.79,"reported, not observed",graph-api.btcturk.com/v1/klines/history;api.btcturk.com/api/v2/ohlc
2019-11-28T00:00:00Z,BTCTurk,TRY,USDTTRY,1d,5.78,"reported, not observed",graph-api.btcturk.com/v1/klines/history;api.btcturk.com/api/v2/ohlc
2019-11-29T00:00:00Z,BTCTurk,TRY,USDTTRY,1d,5.79,"reported, not observed",graph-api.btcturk.com/v1/klines/history;api.btcturk.com/api/v2/ohlc
2019-11-30T00:00:00Z,BTCTurk,TRY,USDTTRY,1d,5.8,"reported, not observed",graph-api.btcturk.com/v1/klines/history;api.btcturk.com/api/v2/ohlc
2019-12-01T00:00:00Z,BTCTurk,TRY,USDTTRY,1d,5.79,"reported, not observed",graph-api.btcturk.com/v1/klines/history;api.btcturk.com/api/v2/ohlc
2019-12-02T00:00:00Z,BTCTurk,TRY,USDTTRY,1d,5.79,"reported, not observed",graph-api.btcturk.com/v1/klines/history;api.btcturk.com/api/v2/ohlc
2019-12-03T00:00:00Z,BTCTurk,TRY,USDTTRY,1d,5.79,"reported, not observed",graph-api.btcturk.com/v1/klines/history;api.btcturk.com/api/v2/ohlc
2019-12-04T00:00:00Z,BTCTurk,TRY,USDTTRY,1d,5.79,"reported, not observed",graph-api.btcturk.com/v1/klines/history;api.btcturk.com/api/v2/ohlc
2019-12-05T00:00:00Z,BTCTurk,TRY,USDTTRY,1d,5.78,"reported, not observed",graph-api.btcturk.com/v1/klines/history;api.btcturk.com/api/v2/ohlc
2019-12-06T00:00:00Z,BTCTurk,TRY,USDTTRY,1d,5.78,"reported, not observed",graph-api.btcturk.com/v1/klines/history;api.btcturk.com/api/v2/ohlc
2019-12-07T00:00:00Z,BTCTurk,TRY,USDTTRY,1d,5.8,"reported, not observed",graph-api.btcturk.com/v1/klines/history;api.btcturk.com/api/v2/ohlc
2019-12-08T00:00:00Z,BTCTurk,TRY,USDTTRY,1d,5.79,"reported, not observed",graph-api.btcturk.com/v1/klines/history;api.btcturk.com/api/v2/ohlc
2019-12-09T00:00:00Z,BTCTurk,TRY,USDTTRY,1d,5.83,"reported, not observed",graph-api.btcturk.com/v1/klines/history;api.btcturk.com/api/v2/ohlc
2019-12-10T00:00:00Z,BTCTurk,TRY,USDTTRY,1d,5.84,"reported, not observed",graph-api.btcturk.com/v1/klines/history;api.btcturk.com/api/v2/ohlc
2019-12-11T00:00:00Z,BTCTurk,TRY,USDTTRY,1d,5.82,"reported, not observed",graph-api.btcturk.com/v1/klines/history;api.btcturk.com/api/v2/ohlc
2019-12-12T00:00:00Z,BTCTurk,TRY,USDTTRY,1d,5.82,"reported, not observed",graph-api.btcturk.com/v1/klines/history;api.btcturk.com/api/v2/ohlc
2019-12-13T00:00:00Z,BTCTurk,TRY,USDTTRY,1d,5.84,"reported, not observed",graph-api.btcturk.com/v1/klines/history;api.btcturk.com/api/v2/ohlc
2019-12-14T00:00:00Z,BTCTurk,TRY,USDTTRY,1d,5.85,"reported, not observed",graph-api.btcturk.com/v1/klines/history;api.btcturk.com/api/v2/ohlc
2019-12-15T00:00:00Z,BTCTurk,TRY,USDTTRY,1d,5.84,"reported, not observed",graph-api.btcturk.com/v1/klines/history;api.btcturk.com/api/v2/ohlc
2019-12-16T00:00:00Z,BTCTurk,TRY,USDTTRY,1d,5.89,"reported, not observed",graph-api.btcturk.com/v1/klines/history;api.btcturk.com/api/v2/ohlc
2019-12-17T00:00:00Z,BTCTurk,TRY,USDTTRY,1d,5.89,"reported, not observed",graph-api.btcturk.com/v1/klines/history;api.btcturk.com/api/v2/ohlc
2019-12-18T00:00:00Z,BTCTurk,TRY,USDTTRY,1d,5.9,"reported, not observed",graph-api.btcturk.com/v1/klines/history;api.btcturk.com/api/v2/ohlc
2019-12-19T00:00:00Z,BTCTurk,TRY,USDTTRY,1d,5.96,"reported, not observed",graph-api.btcturk.com/v1/klines/history;api.btcturk.com/api/v2/ohlc
2019-12-20T00:00:00Z,BTCTurk,TRY,USDTTRY,1d,5.95,"reported, not observed",graph-api.btcturk.com/v1/klines/history;api.btcturk.com/api/v2/ohlc
2019-12-21T00:00:00Z,BTCTurk,TRY,USDTTRY,1d,5.97,"reported, not observed",graph-api.btcturk.com/v1/klines/history;api.btcturk.com/api/v2/ohlc
2019-12-22T00:00:00Z,BTCTurk,TRY,USDTTRY,1d,5.92,"reported, not observed",graph-api.btcturk.com/v1/klines/history;api.btcturk.com/api/v2/ohlc
2019-12-23T00:00:00Z,BTCTurk,TRY,USDTTRY,1d,5.94,"reported, not observed",graph-api.btcturk.com/v1/klines/history;api.btcturk.com/api/v2/ohlc
2019-12-24T00:00:00Z,BTCTurk,TRY,USDTTRY,1d,5.98,"reported, not observed",graph-api.btcturk.com/v1/klines/history;api.btcturk.com/api/v2/ohlc
2019-12-25T00:00:00Z,BTCTurk,TRY,USDTTRY,1d,5.96,"reported, not observed",graph-api.btcturk.com/v1/klines/history;api.btcturk.com/api/v2/ohlc
2019-12-26T00:00:00Z,BTCTurk,TRY,USDTTRY,1d,5.95,"reported, not observed",graph-api.btcturk.com/v1/klines/history;api.btcturk.com/api/v2/ohlc
2019-12-27T00:00:00Z,BTCTurk,TRY,USDTTRY,1d,5.95,"reported, not observed",graph-api.btcturk.com/v1/klines/history;api.btcturk.com/api/v2/ohlc
2019-12-28T00:00:00Z,BTCTurk,TRY,USDTTRY,1d,5.93,"reported, not observed",graph-api.btcturk.com/v1/klines/history;api.btcturk.com/api/v2/ohlc
2019-12-29T00:00:00Z,BTCTurk,TRY,USDTTRY,1d,5.92,"reported, not observed",graph-api.btcturk.com/v1/klines/history;api.btcturk.com/api/v2/ohlc
2019-12-30T00:00:00Z,BTCTurk,TRY,USDTTRY,1d,5.95,"reported, not observed",graph-api.btcturk.com/v1/klines/history;api.btcturk.com/api/v2/ohlc
2019-12-31T00:00:00Z,BTCTurk,TRY,USDTTRY,1d,5.96,"reported, not observed",graph-api.btcturk.com/v1/klines/history;api.btcturk.com/api/v2/ohlc
2020-01-01T00:00:00Z,BTCTurk,TRY,USDTTRY,1d,5.96,"reported, not observed",graph-api.btcturk.com/v1/klines/history;api.btcturk.com/api/v2/ohlc
2020-01-02T00:00:00Z,BTCTurk,TRY,USDTTRY,1d,5.97,"reported, not observed",graph-api.btcturk.com/v1/klines/history;api.btcturk.com/api/v2/ohlc
2020-01-03T00:00:00Z,BTCTurk,TRY,USDTTRY,1d,5.94,"reported, not observed",graph-api.btcturk.com/v1/klines/history;api.btcturk.com/api/v2/ohlc
2020-01-04T00:00:00Z,BTCTurk,TRY,USDTTRY,1d,5.96,"reported, not observed",graph-api.btcturk.com/v1/klines/history;api.btcturk.com/api/v2/ohlc
2020-01-05T00:00:00Z,BTCTurk,TRY,USDTTRY,1d,5.97,"reported, not observed",graph-api.btcturk.com/v1/klines/history;api.btcturk.com/api/v2/ohlc
2020-01-06T00:00:00Z,BTCTurk,TRY,USDTTRY,1d,5.99,"reported, not observed",graph-api.btcturk.com/v1/klines/history;api.btcturk.com/api/v2/ohlc
2020-01-07T00:00:00Z,BTCTurk,TRY,USDTTRY,1d,6.0,"reported, not observed",graph-api.btcturk.com/v1/klines/history;api.btcturk.com/api/v2/ohlc
2020-01-08T00:00:00Z,BTCTurk,TRY,USDTTRY,1d,5.88,"reported, not observed",graph-api.btcturk.com/v1/klines/history;api.btcturk.com/api/v2/ohlc
2020-01-09T00:00:00Z,BTCTurk,TRY,USDTTRY,1d,5.89,"reported, not observed",graph-api.btcturk.com/v1/klines/history;api.btcturk.com/api/v2/ohlc
2020-01-10T00:00:00Z,BTCTurk,TRY,USDTTRY,1d,5.86,"reported, not observed",graph-api.btcturk.com/v1/klines/history;api.btcturk.com/api/v2/ohlc
2020-01-11T00:00:00Z,BTCTurk,TRY,USDTTRY,1d,5.9,"reported, not observed",graph-api.btcturk.com/v1/klines/history;api.btcturk.com/api/v2/ohlc
2020-01-12T00:00:00Z,BTCTurk,TRY,USDTTRY,1d,5.86,"reported, not observed",graph-api.btcturk.com/v1/klines/history;api.btcturk.com/api/v2/ohlc
2020-01-13T00:00:00Z,BTCTurk,TRY,USDTTRY,1d,5.89,"reported, not observed",graph-api.btcturk.com/v1/klines/history;api.btcturk.com/api/v2/ohlc
2020-01-14T00:00:00Z,BTCTurk,TRY,USDTTRY,1d,5.84,"reported, not observed",graph-api.btcturk.com/v1/klines/history;api.btcturk.com/api/v2/ohlc
2020-01-15T00:00:00Z,BTCTurk,TRY,USDTTRY,1d,5.86,"reported, not observed",graph-api.btcturk.com/v1/klines/history;api.btcturk.com/api/v2/ohlc
2020-01-16T00:00:00Z,BTCTurk,TRY,USDTTRY,1d,5.85,"reported, not observed",graph-api.btcturk.com/v1/klines/history;api.btcturk.com/api/v2/ohlc
2020-01-17T00:00:00Z,BTCTurk,TRY,USDTTRY,1d,5.9,"reported, not observed",graph-api.btcturk.com/v1/klines/history;api.btcturk.com/api/v2/ohlc
2020-01-18T00:00:00Z,BTCTurk,TRY,USDTTRY,1d,5.89,"reported, not observed",graph-api.btcturk.com/v1/klines/history;api.btcturk.com/api/v2/ohlc
2020-01-19T00:00:00Z,BTCTurk,TRY,USDTTRY,1d,5.92,"reported, not observed",graph-api.btcturk.com/v1/klines/history;api.btcturk.com/api/v2/ohlc
2020-01-20T00:00:00Z,BTCTurk,TRY,USDTTRY,1d,5.94,"reported, not observed",graph-api.btcturk.com/v1/klines/history;api.btcturk.com/api/v2/ohlc
2020-01-21T00:00:00Z,BTCTurk,TRY,USDTTRY,1d,5.94,"reported, not observed",graph-api.btcturk.com/v1/klines/history;api.btcturk.com/api/v2/ohlc
2020-01-22T00:00:00Z,BTCTurk,TRY,USDTTRY,1d,5.95,"reported, not observed",graph-api.btcturk.com/v1/klines/history;api.btcturk.com/api/v2/ohlc
2020-01-23T00:00:00Z,BTCTurk,TRY,USDTTRY,1d,5.96,"reported, not observed",graph-api.btcturk.com/v1/klines/history;api.btcturk.com/api/v2/ohlc
2020-01-24T00:00:00Z,BTCTurk,TRY,USDTTRY,1d,5.96,"reported, not observed",graph-api.btcturk.com/v1/klines/history;api.btcturk.com/api/v2/ohlc
2020-01-25T00:00:00Z,BTCTurk,TRY,USDTTRY,1d,5.97,"reported, not observed",graph-api.btcturk.com/v1/klines/history;api.btcturk.com/api/v2/ohlc
2020-01-26T00:00:00Z,BTCTurk,TRY,USDTTRY,1d,5.92,"reported, not observed",graph-api.btcturk.com/v1/klines/history;api.btcturk.com/api/v2/ohlc
2020-01-27T00:00:00Z,BTCTurk,TRY,USDTTRY,1d,5.91,"reported, not observed",graph-api.btcturk.com/v1/klines/history;api.btcturk.com/api/v2/ohlc
2020-01-28T00:00:00Z,BTCTurk,TRY,USDTTRY,1d,5.86,"reported, not observed",graph-api.btcturk.com/v1/klines/history;api.btcturk.com/api/v2/ohlc
2020-01-29T00:00:00Z,BTCTurk,TRY,USDTTRY,1d,5.93,"reported, not observed",graph-api.btcturk.com/v1/klines/history;api.btcturk.com/api/v2/ohlc
2020-01-30T00:00:00Z,BTCTurk,TRY,USDTTRY,1d,5.95,"reported, not observed",graph-api.btcturk.com/v1/klines/history;api.btcturk.com/api/v2/ohlc
2020-01-31T00:00:00Z,BTCTurk,TRY,USDTTRY,1d,5.98,"reported, not observed",graph-api.btcturk.com/v1/klines/history;api.btcturk.com/api/v2/ohlc
2020-02-01T00:00:00Z,BTCTurk,TRY,USDTTRY,1d,5.97,"reported, not observed",graph-api.btcturk.com/v1/klines/history;api.btcturk.com/api/v2/ohlc
2020-02-02T00:00:00Z,BTCTurk,TRY,USDTTRY,1d,5.98,"reported, not observed",graph-api.btcturk.com/v1/klines/history;api.btcturk.com/api/v2/ohlc
2020-02-03T00:00:00Z,BTCTurk,TRY,USDTTRY,1d,5.98,"reported, not observed",graph-api.btcturk.com/v1/klines/history;api.btcturk.com/api/v2/ohlc
2020-02-04T00:00:00Z,BTCTurk,TRY,USDTTRY,1d,5.96,"reported, not observed",graph-api.btcturk.com/v1/klines/history;api.btcturk.com/api/v2/ohlc
2020-02-05T00:00:00Z,BTCTurk,TRY,USDTTRY,1d,5.94,"reported, not observed",graph-api.btcturk.com/v1/klines/history;api.btcturk.com/api/v2/ohlc
2020-02-06T00:00:00Z,BTCTurk,TRY,USDTTRY,1d,5.93,"reported, not observed",graph-api.btcturk.com/v1/klines/history;api.btcturk.com/api/v2/ohlc
2020-02-07T00:00:00Z,BTCTurk,TRY,USDTTRY,1d,6.0,"reported, not observed",graph-api.btcturk.com/v1/klines/history;api.btcturk.com/api/v2/ohlc
2020-02-08T00:00:00Z,BTCTurk,TRY,USDTTRY,1d,6.0,"reported, not observed",graph-api.btcturk.com/v1/klines/history;api.btcturk.com/api/v2/ohlc
2020-02-09T00:00:00Z,BTCTurk,TRY,USDTTRY,1d,5.97,"reported, not observed",graph-api.btcturk.com/v1/klines/history;api.btcturk.com/api/v2/ohlc
2020-02-10T00:00:00Z,BTCTurk,TRY,USDTTRY,1d,6.01,"reported, not observed",graph-api.btcturk.com/v1/klines/history;api.btcturk.com/api/v2/ohlc
2020-02-11T00:00:00Z,BTCTurk,TRY,USDTTRY,1d,6.0,"reported, not observed",graph-api.btcturk.com/v1/klines/history;api.btcturk.com/api/v2/ohlc
2020-02-12T00:00:00Z,BTCTurk,TRY,USDTTRY,1d,6.06,"reported, not observed",graph-api.btcturk.com/v1/klines/history;api.btcturk.com/api/v2/ohlc
2020-02-13T00:00:00Z,BTCTurk,TRY,USDTTRY,1d,6.06,"reported, not observed",graph-api.btcturk.com/v1/klines/history;api.btcturk.com/api/v2/ohlc
2020-02-14T00:00:00Z,BTCTurk,TRY,USDTTRY,1d,6.03,"reported, not observed",graph-api.btcturk.com/v1/klines/history;api.btcturk.com/api/v2/ohlc
2020-02-15T00:00:00Z,BTCTurk,TRY,USDTTRY,1d,6.13,"reported, not observed",graph-api.btcturk.com/v1/klines/history;api.btcturk.com/api/v2/ohlc
2020-02-16T00:00:00Z,BTCTurk,TRY,USDTTRY,1d,6.12,"reported, not observed",graph-api.btcturk.com/v1/klines/history;api.btcturk.com/api/v2/ohlc
2020-02-17T00:00:00Z,BTCTurk,TRY,USDTTRY,1d,6.08,"reported, not observed",graph-api.btcturk.com/v1/klines/history;api.btcturk.com/api/v2/ohlc
2020-02-18T00:00:00Z,BTCTurk,TRY,USDTTRY,1d,6.08,"reported, not observed",graph-api.btcturk.com/v1/klines/history;api.btcturk.com/api/v2/ohlc
2020-02-19T00:00:00Z,BTCTurk,TRY,USDTTRY,1d,6.15,"reported, not observed",graph-api.btcturk.com/v1/klines/history;api.btcturk.com/api/v2/ohlc
2020-02-20T00:00:00Z,BTCTurk,TRY,USDTTRY,1d,6.19,"reported, not observed",graph-api.btcturk.com/v1/klines/history;api.btcturk.com/api/v2/ohlc
2020-02-21T00:00:00Z,BTCTurk,TRY,USDTTRY,1d,6.16,"reported, not observed",graph-api.btcturk.com/v1/klines/history;api.btcturk.com/api/v2/ohlc
2020-02-22T00:00:00Z,BTCTurk,TRY,USDTTRY,1d,6.14,"reported, not observed",graph-api.btcturk.com/v1/klines/history;api.btcturk.com/api/v2/ohlc
2020-02-23T00:00:00Z,BTCTurk,TRY,USDTTRY,1d,6.11,"reported, not observed",graph-api.btcturk.com/v1/klines/history;api.btcturk.com/api/v2/ohlc
2020-02-24T00:00:00Z,BTCTurk,TRY,USDTTRY,1d,6.15,"reported, not observed",graph-api.btcturk.com/v1/klines/history;api.btcturk.com/api/v2/ohlc
2020-02-25T00:00:00Z,BTCTurk,TRY,USDTTRY,1d,6.19,"reported, not observed",graph-api.btcturk.com/v1/klines/history;api.btcturk.com/api/v2/ohlc
2020-02-26T00:00:00Z,BTCTurk,TRY,USDTTRY,1d,6.19,"reported, not observed",graph-api.btcturk.com/v1/klines/history;api.btcturk.com/api/v2/ohlc
2020-02-27T00:00:00Z,BTCTurk,TRY,USDTTRY,1d,6.25,"reported, not observed",graph-api.btcturk.com/v1/klines/history;api.btcturk.com/api/v2/ohlc
2020-02-28T00:00:00Z,BTCTurk,TRY,USDTTRY,1d,6.26,"reported, not observed",graph-api.btcturk.com/v1/klines/history;api.btcturk.com/api/v2/ohlc
2020-02-29T00:00:00Z,BTCTurk,TRY,USDTTRY,1d,6.28,"reported, not observed",graph-api.btcturk.com/v1/klines/history;api.btcturk.com/api/v2/ohlc
2020-03-01T00:00:00Z,BTCTurk,TRY,USDTTRY,1d,6.28,"reported, not observed",graph-api.btcturk.com/v1/klines/history;api.btcturk.com/api/v2/ohlc
2020-03-02T00:00:00Z,BTCTurk,TRY,USDTTRY,1d,6.18,"reported, not observed",graph-api.btcturk.com/v1/klines/history;api.btcturk.com/api/v2/ohlc
2020-03-03T00:00:00Z,BTCTurk,TRY,USDTTRY,1d,6.16,"reported, not observed",graph-api.btcturk.com/v1/klines/history;api.btcturk.com/api/v2/ohlc
2020-03-04T00:00:00Z,BTCTurk,TRY,USDTTRY,1d,6.11,"reported, not observed",graph-api.btcturk.com/v1/klines/history;api.btcturk.com/api/v2/ohlc
2020-03-05T00:00:00Z,BTCTurk,TRY,USDTTRY,1d,6.09,"reported, not observed",graph-api.btcturk.com/v1/klines/history;api.btcturk.com/api/v2/ohlc
2020-03-06T00:00:00Z,BTCTurk,TRY,USDTTRY,1d,6.089,"reported, not observed",graph-api.btcturk.com/v1/klines/history;api.btcturk.com/api/v2/ohlc
2020-03-07T00:00:00Z,BTCTurk,TRY,USDTTRY,1d,6.101,"reported, not observed",graph-api.btcturk.com/v1/klines/history;api.btcturk.com/api/v2/ohlc
2020-03-08T00:00:00Z,BTCTurk,TRY,USDTTRY,1d,6.248,"reported, not observed",graph-api.btcturk.com/v1/klines/history;api.btcturk.com/api/v2/ohlc
2020-03-09T00:00:00Z,BTCTurk,TRY,USDTTRY,1d,6.217,"reported, not observed",graph-api.btcturk.com/v1/klines/history;api.btcturk.com/api/v2/ohlc
2020-03-10T00:00:00Z,BTCTurk,TRY,USDTTRY,1d,6.2,"reported, not observed",graph-api.btcturk.com/v1/klines/history;api.btcturk.com/api/v2/ohlc
2020-03-11T00:00:00Z,BTCTurk,TRY,USDTTRY,1d,6.206,"reported, not observed",graph-api.btcturk.com/v1/klines/history;api.btcturk.com/api/v2/ohlc
2020-03-12T00:00:00Z,BTCTurk,TRY,USDTTRY,1d,6.86,"reported, not observed",graph-api.btcturk.com/v1/klines/history;api.btcturk.com/api/v2/ohlc
2020-03-13T00:00:00Z,BTCTurk,TRY,USDTTRY,1d,6.623,"reported, not observed",graph-api.btcturk.com/v1/klines/history;api.btcturk.com/api/v2/ohlc
2020-03-14T00:00:00Z,BTCTurk,TRY,USDTTRY,1d,6.725,"reported, not observed",graph-api.btcturk.com/v1/klines/history;api.btcturk.com/api/v2/ohlc
2020-03-15T00:00:00Z,BTCTurk,TRY,USDTTRY,1d,6.725,"reported, not observed",graph-api.btcturk.com/v1/klines/history;api.btcturk.com/api/v2/ohlc
2020-03-16T00:00:00Z,BTCTurk,TRY,USDTTRY,1d,6.521,"reported, not observed",graph-api.btcturk.com/v1/klines/history;api.btcturk.com/api/v2/ohlc
2020-03-17T00:00:00Z,BTCTurk,TRY,USDTTRY,1d,6.535,"reported, not observed",graph-api.btcturk.com/v1/klines/history;api.btcturk.com/api/v2/ohlc
2020-03-18T00:00:00Z,BTCTurk,TRY,USDTTRY,1d,6.48,"reported, not observed",graph-api.btcturk.com/v1/klines/history;api.btcturk.com/api/v2/ohlc
2020-03-19T00:00:00Z,BTCTurk,TRY,USDTTRY,1d,6.536,"reported, not observed",graph-api.btcturk.com/v1/klines/history;api.btcturk.com/api/v2/ohlc
2020-03-20T00:00:00Z,BTCTurk,TRY,USDTTRY,1d,6.664,"reported, not observed",graph-api.btcturk.com/v1/klines/history;api.btcturk.com/api/v2/ohlc
2020-03-21T00:00:00Z,BTCTurk,TRY,USDTTRY,1d,6.651,"reported, not observed",graph-api.btcturk.com/v1/klines/history;api.btcturk.com/api/v2/ohlc
2020-03-22T00:00:00Z,BTCTurk,TRY,USDTTRY,1d,6.788,"reported, not observed",graph-api.btcturk.com/v1/klines/history;api.btcturk.com/api/v2/ohlc
2020-03-23T00:00:00Z,BTCTurk,TRY,USDTTRY,1d,6.543,"reported, not observed",graph-api.btcturk.com/v1/klines/history;api.btcturk.com/api/v2/ohlc
2020-03-24T00:00:00Z,BTCTurk,TRY,USDTTRY,1d,6.479,"reported, not observed",graph-api.btcturk.com/v1/klines/history;api.btcturk.com/api/v2/ohlc
2020-03-25T00:00:00Z,BTCTurk,TRY,USDTTRY,1d,6.499,"reported, not observed",graph-api.btcturk.com/v1/klines/history;api.btcturk.com/api/v2/ohlc
2020-03-26T00:00:00Z,BTCTurk,TRY,USDTTRY,1d,6.41,"reported, not observed",graph-api.btcturk.com/v1/klines/history;api.btcturk.com/api/v2/ohlc
2020-03-27T00:00:00Z,BTCTurk,TRY,USDTTRY,1d,6.534,"reported, not observed",graph-api.btcturk.com/v1/klines/history;api.btcturk.com/api/v2/ohlc
2020-03-28T00:00:00Z,BTCTurk,TRY,USDTTRY,1d,6.485,"reported, not observed",graph-api.btcturk.com/v1/klines/history;api.btcturk.com/api/v2/ohlc
2020-03-29T00:00:00Z,BTCTurk,TRY,USDTTRY,1d,6.538,"reported, not observed",graph-api.btcturk.com/v1/klines/history;api.btcturk.com/api/v2/ohlc
2020-03-30T00:00:00Z,BTCTurk,TRY,USDTTRY,1d,6.542,"reported, not observed",graph-api.btcturk.com/v1/klines/history;api.btcturk.com/api/v2/ohlc
2020-03-31T00:00:00Z,BTCTurk,TRY,USDTTRY,1d,6.566,"reported, not observed",graph-api.btcturk.com/v1/klines/history;api.btcturk.com/api/v2/ohlc
2020-04-01T00:00:00Z,BTCTurk,TRY,USDTTRY,1d,6.583,"reported, not observed",graph-api.btcturk.com/v1/klines/history;api.btcturk.com/api/v2/ohlc
2020-04-02T00:00:00Z,BTCTurk,TRY,USDTTRY,1d,6.582,"reported, not observed",graph-api.btcturk.com/v1/klines/history;api.btcturk.com/api/v2/ohlc
2020-04-03T00:00:00Z,BTCTurk,TRY,USDTTRY,1d,6.71,"reported, not observed",graph-api.btcturk.com/v1/klines/history;api.btcturk.com/api/v2/ohlc
2020-04-04T00:00:00Z,BTCTurk,TRY,USDTTRY,1d,6.669,"reported, not observed",graph-api.btcturk.com/v1/klines/history;api.btcturk.com/api/v2/ohlc
2020-04-05T00:00:00Z,BTCTurk,TRY,USDTTRY,1d,6.736,"reported, not observed",graph-api.btcturk.com/v1/klines/history;api.btcturk.com/api/v2/ohlc
2020-04-06T00:00:00Z,BTCTurk,TRY,USDTTRY,1d,6.751,"reported, not observed",graph-api.btcturk.com/v1/klines/history;api.btcturk.com/api/v2/ohlc
2020-04-07T00:00:00Z,BTCTurk,TRY,USDTTRY,1d,6.765,"reported, not observed",graph-api.btcturk.com/v1/klines/history;api.btcturk.com/api/v2/ohlc
2020-04-08T00:00:00Z,BTCTurk,TRY,USDTTRY,1d,6.753,"reported, not observed",graph-api.btcturk.com/v1/klines/history;api.btcturk.com/api/v2/ohlc
2020-04-09T00:00:00Z,BTCTurk,TRY,USDTTRY,1d,6.73,"reported, not observed",graph-api.btcturk.com/v1/klines/history;api.btcturk.com/api/v2/ohlc
2020-04-10T00:00:00Z,BTCTurk,TRY,USDTTRY,1d,6.756,"reported, not observed",graph-api.btcturk.com/v1/klines/history;api.btcturk.com/api/v2/ohlc
2020-04-11T00:00:00Z,BTCTurk,TRY,USDTTRY,1d,6.751,"reported, not observed",graph-api.btcturk.com/v1/klines/history;api.btcturk.com/api/v2/ohlc
2020-04-12T00:00:00Z,BTCTurk,TRY,USDTTRY,1d,6.818,"reported, not observed",graph-api.btcturk.com/v1/klines/history;api.btcturk.com/api/v2/ohlc
2020-04-13T00:00:00Z,BTCTurk,TRY,USDTTRY,1d,6.835,"reported, not observed",graph-api.btcturk.com/v1/klines/history;api.btcturk.com/api/v2/ohlc
2020-04-14T00:00:00Z,BTCTurk,TRY,USDTTRY,1d,6.86,"reported, not observed",graph-api.btcturk.com/v1/klines/history;api.btcturk.com/api/v2/ohlc
2020-04-15T00:00:00Z,BTCTurk,TRY,USDTTRY,1d,6.983,"reported, not observed",graph-api.btcturk.com/v1/klines/history;api.btcturk.com/api/v2/ohlc
2020-04-16T00:00:00Z,BTCTurk,TRY,USDTTRY,1d,6.841,"reported, not observed",graph-api.btcturk.com/v1/klines/history;api.btcturk.com/api/v2/ohlc
2020-04-17T00:00:00Z,BTCTurk,TRY,USDTTRY,1d,6.925,"reported, not observed",graph-api.btcturk.com/v1/klines/history;api.btcturk.com/api/v2/ohlc
2020-04-18T00:00:00Z,BTCTurk,TRY,USDTTRY,1d,6.909,"reported, not observed",graph-api.btcturk.com/v1/klines/history;api.btcturk.com/api/v2/ohlc
2020-04-19T00:00:00Z,BTCTurk,TRY,USDTTRY,1d,6.945,"reported, not observed",graph-api.btcturk.com/v1/klines/history;api.btcturk.com/api/v2/ohlc
2020-04-20T00:00:00Z,BTCTurk,TRY,USDTTRY,1d,7.039,"reported, not observed",graph-api.btcturk.com/v1/klines/history;api.btcturk.com/api/v2/ohlc
2020-04-21T00:00:00Z,BTCTurk,TRY,USDTTRY,1d,7.073,"reported, not observed",graph-api.btcturk.com/v1/klines/history;api.btcturk.com/api/v2/ohlc
2020-04-22T00:00:00Z,BTCTurk,TRY,USDTTRY,1d,6.963,"reported, not observed",graph-api.btcturk.com/v1/klines/history;api.btcturk.com/api/v2/ohlc
2020-04-23T00:00:00Z,BTCTurk,TRY,USDTTRY,1d,6.91,"reported, not observed",graph-api.btcturk.com/v1/klines/history;api.btcturk.com/api/v2/ohlc
2020-04-24T00:00:00Z,BTCTurk,TRY,USDTTRY,1d,6.989,"reported, not observed",graph-api.btcturk.com/v1/klines/history;api.btcturk.com/api/v2/ohlc
2020-04-25T00:00:00Z,BTCTurk,TRY,USDTTRY,1d,6.982,"reported, not observed",graph-api.btcturk.com/v1/klines/history;api.btcturk.com/api/v2/ohlc
2020-04-26T00:00:00Z,BTCTurk,TRY,USDTTRY,1d,7.025,"reported, not observed",graph-api.btcturk.com/v1/klines/history;api.btcturk.com/api/v2/ohlc
2020-04-27T00:00:00Z,BTCTurk,TRY,USDTTRY,1d,7.029,"reported, not observed",graph-api.btcturk.com/v1/klines/history;api.btcturk.com/api/v2/ohlc
2020-04-28T00:00:00Z,BTCTurk,TRY,USDTTRY,1d,7.04,"reported, not observed",graph-api.btcturk.com/v1/klines/history;api.btcturk.com/api/v2/ohlc
2020-04-29T00:00:00Z,BTCTurk,TRY,USDTTRY,1d,6.951,"reported, not observed",graph-api.btcturk.com/v1/klines/history;api.btcturk.com/api/v2/ohlc
2020-04-30T00:00:00Z,BTCTurk,TRY,USDTTRY,1d,7.023,"reported, not observed",graph-api.btcturk.com/v1/klines/history;api.btcturk.com/api/v2/ohlc
2020-05-01T00:00:00Z,BTCTurk,TRY,USDTTRY,1d,7.046,"reported, not observed",graph-api.btcturk.com/v1/klines/history;api.btcturk.com/api/v2/ohlc
2020-05-02T00:00:00Z,BTCTurk,TRY,USDTTRY,1d,7.026,"reported, not observed",graph-api.btcturk.com/v1/klines/history;api.btcturk.com/api/v2/ohlc
2020-05-03T00:00:00Z,BTCTurk,TRY,USDTTRY,1d,7.085,"reported, not observed",graph-api.btcturk.com/v1/klines/history;api.btcturk.com/api/v2/ohlc
2020-05-04T00:00:00Z,BTCTurk,TRY,USDTTRY,1d,7.073,"reported, not observed",graph-api.btcturk.com/v1/klines/history;api.btcturk.com/api/v2/ohlc
2020-05-05T00:00:00Z,BTCTurk,TRY,USDTTRY,1d,7.101,"reported, not observed",graph-api.btcturk.com/v1/klines/history;api.btcturk.com/api/v2/ohlc
2020-05-06T00:00:00Z,BTCTurk,TRY,USDTTRY,1d,7.244,"reported, not observed",graph-api.btcturk.com/v1/klines/history;api.btcturk.com/api/v2/ohlc
2020-05-07T00:00:00Z,BTCTurk,TRY,USDTTRY,1d,7.116,"reported, not observed",graph-api.btcturk.com/v1/klines/history;api.btcturk.com/api/v2/ohlc
2020-05-08T00:00:00Z,BTCTurk,TRY,USDTTRY,1d,7.157,"reported, not observed",graph-api.btcturk.com/v1/klines/history;api.btcturk.com/api/v2/ohlc
2020-05-09T00:00:00Z,BTCTurk,TRY,USDTTRY,1d,7.19,"reported, not observed",graph-api.btcturk.com/v1/klines/history;api.btcturk.com/api/v2/ohlc
2020-05-10T00:00:00Z,BTCTurk,TRY,USDTTRY,1d,7.185,"reported, not observed",graph-api.btcturk.com/v1/klines/history;api.btcturk.com/api/v2/ohlc
2020-05-11T00:00:00Z,BTCTurk,TRY,USDTTRY,1d,7.215,"reported, not observed",graph-api.btcturk.com/v1/klines/history;api.btcturk.com/api/v2/ohlc
2020-05-12T00:00:00Z,BTCTurk,TRY,USDTTRY,1d,7.066,"reported, not observed",graph-api.btcturk.com/v1/klines/history;api.btcturk.com/api/v2/ohlc
2020-05-13T00:00:00Z,BTCTurk,TRY,USDTTRY,1d,7.012,"reported, not observed",graph-api.btcturk.com/v1/klines/history;api.btcturk.com/api/v2/ohlc
2020-05-14T00:00:00Z,BTCTurk,TRY,USDTTRY,1d,6.947,"reported, not observed",graph-api.btcturk.com/v1/klines/history;api.btcturk.com/api/v2/ohlc
2020-05-15T00:00:00Z,BTCTurk,TRY,USDTTRY,1d,6.942,"reported, not observed",graph-api.btcturk.com/v1/klines/history;api.btcturk.com/api/v2/ohlc
2020-05-16T00:00:00Z,BTCTurk,TRY,USDTTRY,1d,6.933,"reported, not observed",graph-api.btcturk.com/v1/klines/history;api.btcturk.com/api/v2/ohlc
2020-05-17T00:00:00Z,BTCTurk,TRY,USDTTRY,1d,6.866,"reported, not observed",graph-api.btcturk.com/v1/klines/history;api.btcturk.com/api/v2/ohlc
2020-05-18T00:00:00Z,BTCTurk,TRY,USDTTRY,1d,6.884,"reported, not observed",graph-api.btcturk.com/v1/klines/history;api.btcturk.com/api/v2/ohlc
2020-05-19T00:00:00Z,BTCTurk,TRY,USDTTRY,1d,6.81,"reported, not observed",graph-api.btcturk.com/v1/klines/history;api.btcturk.com/api/v2/ohlc
2020-05-20T00:00:00Z,BTCTurk,TRY,USDTTRY,1d,6.808,"reported, not observed",graph-api.btcturk.com/v1/klines/history;api.btcturk.com/api/v2/ohlc
2020-05-21T00:00:00Z,BTCTurk,TRY,USDTTRY,1d,6.848,"reported, not observed",graph-api.btcturk.com/v1/klines/history;api.btcturk.com/api/v2/ohlc
2020-05-22T00:00:00Z,BTCTurk,TRY,USDTTRY,1d,6.85,"reported, not observed",graph-api.btcturk.com/v1/klines/history;api.btcturk.com/api/v2/ohlc
2020-05-23T00:00:00Z,BTCTurk,TRY,USDTTRY,1d,6.849,"reported, not observed",graph-api.btcturk.com/v1/klines/history;api.btcturk.com/api/v2/ohlc
2020-05-24T00:00:00Z,BTCTurk,TRY,USDTTRY,1d,6.939,"reported, not observed",graph-api.btcturk.com/v1/klines/history;api.btcturk.com/api/v2/ohlc
2020-05-25T00:00:00Z,BTCTurk,TRY,USDTTRY,1d,6.873,"reported, not observed",graph-api.btcturk.com/v1/klines/history;api.btcturk.com/api/v2/ohlc
2020-05-26T00:00:00Z,BTCTurk,TRY,USDTTRY,1d,6.783,"reported, not observed",graph-api.btcturk.com/v1/klines/history;api.btcturk.com/api/v2/ohlc
2020-05-27T00:00:00Z,BTCTurk,TRY,USDTTRY,1d,6.796,"reported, not observed",graph-api.btcturk.com/v1/klines/history;api.btcturk.com/api/v2/ohlc
2020-05-28T00:00:00Z,BTCTurk,TRY,USDTTRY,1d,6.783,"reported, not observed",graph-api.btcturk.com/v1/klines/history;api.btcturk.com/api/v2/ohlc
2020-05-29T00:00:00Z,BTCTurk,TRY,USDTTRY,1d,6.819,"reported, not observed",graph-api.btcturk.com/v1/klines/history;api.btcturk.com/api/v2/ohlc
2020-05-30T00:00:00Z,BTCTurk,TRY,USDTTRY,1d,6.764,"reported, not observed",graph-api.btcturk.com/v1/klines/history;api.btcturk.com/api/v2/ohlc
2020-05-31T00:00:00Z,BTCTurk,TRY,USDTTRY,1d,6.796,"reported, not observed",graph-api.btcturk.com/v1/klines/history;api.btcturk.com/api/v2/ohlc
2020-06-01T00:00:00Z,BTCTurk,TRY,USDTTRY,1d,6.685,"reported, not observed",graph-api.btcturk.com/v1/klines/history;api.btcturk.com/api/v2/ohlc
2020-06-02T00:00:00Z,BTCTurk,TRY,USDTTRY,1d,6.721,"reported, not observed",graph-api.btcturk.com/v1/klines/history;api.btcturk.com/api/v2/ohlc
2020-06-03T00:00:00Z,BTCTurk,TRY,USDTTRY,1d,6.745,"reported, not observed",graph-api.btcturk.com/v1/klines/history;api.btcturk.com/api/v2/ohlc
2020-06-04T00:00:00Z,BTCTurk,TRY,USDTTRY,1d,6.756,"reported, not observed",graph-api.btcturk.com/v1/klines/history;api.btcturk.com/api/v2/ohlc
2020-06-05T00:00:00Z,BTCTurk,TRY,USDTTRY,1d,6.789,"reported, not observed",graph-api.btcturk.com/v1/klines/history;api.btcturk.com/api/v2/ohlc
2020-06-06T00:00:00Z,BTCTurk,TRY,USDTTRY,1d,6.8,"reported, not observed",graph-api.btcturk.com/v1/klines/history;api.btcturk.com/api/v2/ohlc
2020-06-07T00:00:00Z,BTCTurk,TRY,USDTTRY,1d,6.775,"reported, not observed",graph-api.btcturk.com/v1/klines/history;api.btcturk.com/api/v2/ohlc
2020-06-08T00:00:00Z,BTCTurk,TRY,USDTTRY,1d,6.774,"reported, not observed",graph-api.btcturk.com/v1/klines/history;api.btcturk.com/api/v2/ohlc
2020-06-09T00:00:00Z,BTCTurk,TRY,USDTTRY,1d,6.799,"reported, not observed",graph-api.btcturk.com/v1/klines/history;api.btcturk.com/api/v2/ohlc
2020-06-10T00:00:00Z,BTCTurk,TRY,USDTTRY,1d,6.785,"reported, not observed",graph-api.btcturk.com/v1/klines/history;api.btcturk.com/api/v2/ohlc
2020-06-11T00:00:00Z,BTCTurk,TRY,USDTTRY,1d,6.938,"reported, not observed",graph-api.btcturk.com/v1/klines/history;api.btcturk.com/api/v2/ohlc
2020-06-12T00:00:00Z,BTCTurk,TRY,USDTTRY,1d,6.869,"reported, not observed",graph-api.btcturk.com/v1/klines/history;api.btcturk.com/api/v2/ohlc
2020-06-13T00:00:00Z,BTCTurk,TRY,USDTTRY,1d,6.864,"reported, not observed",graph-api.btcturk.com/v1/klines/history;api.btcturk.com/api/v2/ohlc
2020-06-14T00:00:00Z,BTCTurk,TRY,USDTTRY,1d,6.895,"reported, not observed",graph-api.btcturk.com/v1/klines/history;api.btcturk.com/api/v2/ohlc
2020-06-15T00:00:00Z,BTCTurk,TRY,USDTTRY,1d,6.875,"reported, not observed",graph-api.btcturk.com/v1/klines/history;api.btcturk.com/api/v2/ohlc
2020-06-16T00:00:00Z,BTCTurk,TRY,USDTTRY,1d,6.868,"reported, not observed",graph-api.btcturk.com/v1/klines/history;api.btcturk.com/api/v2/ohlc
2020-06-17T00:00:00Z,BTCTurk,TRY,USDTTRY,1d,6.86,"reported, not observed",graph-api.btcturk.com/v1/klines/history;api.btcturk.com/api/v2/ohlc
2020-06-18T00:00:00Z,BTCTurk,TRY,USDTTRY,1d,6.888,"reported, not observed",graph-api.btcturk.com/v1/klines/history;api.btcturk.com/api/v2/ohlc
2020-06-19T00:00:00Z,BTCTurk,TRY,USDTTRY,1d,6.91,"reported, not observed",graph-api.btcturk.com/v1/klines/history;api.btcturk.com/api/v2/ohlc
2020-06-20T00:00:00Z,BTCTurk,TRY,USDTTRY,1d,6.919,"reported, not observed",graph-api.btcturk.com/v1/klines/history;api.btcturk.com/api/v2/ohlc
2020-06-21T00:00:00Z,BTCTurk,TRY,USDTTRY,1d,6.937,"reported, not observed",graph-api.btcturk.com/v1/klines/history;api.btcturk.com/api/v2/ohlc
2020-06-22T00:00:00Z,BTCTurk,TRY,USDTTRY,1d,6.855,"reported, not observed",graph-api.btcturk.com/v1/klines/history;api.btcturk.com/api/v2/ohlc
2020-06-23T00:00:00Z,BTCTurk,TRY,USDTTRY,1d,6.871,"reported, not observed",graph-api.btcturk.com/v1/klines/history;api.btcturk.com/api/v2/ohlc
2020-06-24T00:00:00Z,BTCTurk,TRY,USDTTRY,1d,6.946,"reported, not observed",graph-api.btcturk.com/v1/klines/history;api.btcturk.com/api/v2/ohlc
2020-06-25T00:00:00Z,BTCTurk,TRY,USDTTRY,1d,6.949,"reported, not observed",graph-api.btcturk.com/v1/klines/history;api.btcturk.com/api/v2/ohlc
2020-06-26T00:00:00Z,BTCTurk,TRY,USDTTRY,1d,6.934,"reported, not observed",graph-api.btcturk.com/v1/klines/history;api.btcturk.com/api/v2/ohlc
2020-06-27T00:00:00Z,BTCTurk,TRY,USDTTRY,1d,7.018,"reported, not observed",graph-api.btcturk.com/v1/klines/history;api.btcturk.com/api/v2/ohlc
2020-06-28T00:00:00Z,BTCTurk,TRY,USDTTRY,1d,7.019,"reported, not observed",graph-api.btcturk.com/v1/klines/history;api.btcturk.com/api/v2/ohlc
2020-06-29T00:00:00Z,BTCTurk,TRY,USDTTRY,1d,6.908,"reported, not observed",graph-api.btcturk.com/v1/klines/history;api.btcturk.com/api/v2/ohlc
2020-06-30T00:00:00Z,BTCTurk,TRY,USDTTRY,1d,6.896,"reported, not observed",graph-api.btcturk.com/v1/klines/history;api.btcturk.com/api/v2/ohlc
2020-07-01T00:00:00Z,BTCTurk,TRY,USDTTRY,1d,6.878,"reported, not observed",graph-api.btcturk.com/v1/klines/history;api.btcturk.com/api/v2/ohlc
2020-07-02T00:00:00Z,BTCTurk,TRY,USDTTRY,1d,6.901,"reported, not observed",graph-api.btcturk.com/v1/klines/history;api.btcturk.com/api/v2/ohlc
2020-07-03T00:00:00Z,BTCTurk,TRY,USDTTRY,1d,6.913,"reported, not observed",graph-api.btcturk.com/v1/klines/history;api.btcturk.com/api/v2/ohlc
2020-07-04T00:00:00Z,BTCTurk,TRY,USDTTRY,1d,6.896,"reported, not observed",graph-api.btcturk.com/v1/klines/history;api.btcturk.com/api/v2/ohlc
2020-07-05T00:00:00Z,BTCTurk,TRY,USDTTRY,1d,6.893,"reported, not observed",graph-api.btcturk.com/v1/klines/history;api.btcturk.com/api/v2/ohlc
2020-07-06T00:00:00Z,BTCTurk,TRY,USDTTRY,1d,6.83,"reported, not observed",graph-api.btcturk.com/v1/klines/history;api.btcturk.com/api/v2/ohlc
2020-07-07T00:00:00Z,BTCTurk,TRY,USDTTRY,1d,6.853,"reported, not observed",graph-api.btcturk.com/v1/klines/history;api.btcturk.com/api/v2/ohlc
2020-07-08T00:00:00Z,BTCTurk,TRY,USDTTRY,1d,6.825,"reported, not observed",graph-api.btcturk.com/v1/klines/history;api.btcturk.com/api/v2/ohlc
2020-07-09T00:00:00Z,BTCTurk,TRY,USDTTRY,1d,6.893,"reported, not observed",graph-api.btcturk.com/v1/klines/history;api.btcturk.com/api/v2/ohlc
2020-07-10T00:00:00Z,BTCTurk,TRY,USDTTRY,1d,6.891,"reported, not observed",graph-api.btcturk.com/v1/klines/history;api.btcturk.com/api/v2/ohlc
2020-07-11T00:00:00Z,BTCTurk,TRY,USDTTRY,1d,6.895,"reported, not observed",graph-api.btcturk.com/v1/klines/history;api.btcturk.com/api/v2/ohlc
2020-07-12T00:00:00Z,BTCTurk,TRY,USDTTRY,1d,6.872,"reported, not observed",graph-api.btcturk.com/v1/klines/history;api.btcturk.com/api/v2/ohlc
2020-07-13T00:00:00Z,BTCTurk,TRY,USDTTRY,1d,6.905,"reported, not observed",graph-api.btcturk.com/v1/klines/history;api.btcturk.com/api/v2/ohlc
2020-07-14T00:00:00Z,BTCTurk,TRY,USDTTRY,1d,6.874,"reported, not observed",graph-api.btcturk.com/v1/klines/history;api.btcturk.com/api/v2/ohlc
2020-07-15T00:00:00Z,BTCTurk,TRY,USDTTRY,1d,6.866,"reported, not observed",graph-api.btcturk.com/v1/klines/history;api.btcturk.com/api/v2/ohlc
2020-07-16T00:00:00Z,BTCTurk,TRY,USDTTRY,1d,6.878,"reported, not observed",graph-api.btcturk.com/v1/klines/history;api.btcturk.com/api/v2/ohlc
2020-07-17T00:00:00Z,BTCTurk,TRY,USDTTRY,1d,6.913,"reported, not observed",graph-api.btcturk.com/v1/klines/history;api.btcturk.com/api/v2/ohlc
2020-07-18T00:00:00Z,BTCTurk,TRY,USDTTRY,1d,6.916,"reported, not observed",graph-api.btcturk.com/v1/klines/history;api.btcturk.com/api/v2/ohlc
2020-07-19T00:00:00Z,BTCTurk,TRY,USDTTRY,1d,6.895,"reported, not observed",graph-api.btcturk.com/v1/klines/history;api.btcturk.com/api/v2/ohlc
2020-07-20T00:00:00Z,BTCTurk,TRY,USDTTRY,1d,6.894,"reported, not observed",graph-api.btcturk.com/v1/klines/history;api.btcturk.com/api/v2/ohlc
2020-07-21T00:00:00Z,BTCTurk,TRY,USDTTRY,1d,6.852,"reported, not observed",graph-api.btcturk.com/v1/klines/history;api.btcturk.com/api/v2/ohlc
2020-07-22T00:00:00Z,BTCTurk,TRY,USDTTRY,1d,6.821,"reported, not observed",graph-api.btcturk.com/v1/klines/history;api.btcturk.com/api/v2/ohlc
2020-07-23T00:00:00Z,BTCTurk,TRY,USDTTRY,1d,6.841,"reported, not observed",graph-api.btcturk.com/v1/klines/history;api.btcturk.com/api/v2/ohlc
2020-07-24T00:00:00Z,BTCTurk,TRY,USDTTRY,1d,6.9,"reported, not observed",graph-api.btcturk.com/v1/klines/history;api.btcturk.com/api/v2/ohlc
2020-07-25T00:00:00Z,BTCTurk,TRY,USDTTRY,1d,6.86,"reported, not observed",graph-api.btcturk.com/v1/klines/history;api.btcturk.com/api/v2/ohlc
2020-07-26T00:00:00Z,BTCTurk,TRY,USDTTRY,1d,6.868,"reported, not observed",graph-api.btcturk.com/v1/klines/history;api.btcturk.com/api/v2/ohlc
2020-07-27T00:00:00Z,BTCTurk,TRY,USDTTRY,1d,6.889,"reported, not observed",graph-api.btcturk.com/v1/klines/history;api.btcturk.com/api/v2/ohlc
2020-07-28T00:00:00Z,BTCTurk,TRY,USDTTRY,1d,6.953,"reported, not observed",graph-api.btcturk.com/v1/klines/history;api.btcturk.com/api/v2/ohlc
2020-07-29T00:00:00Z,BTCTurk,TRY,USDTTRY,1d,7.032,"reported, not observed",graph-api.btcturk.com/v1/klines/history;api.btcturk.com/api/v2/ohlc
2020-07-30T00:00:00Z,BTCTurk,TRY,USDTTRY,1d,7.026,"reported, not observed",graph-api.btcturk.com/v1/klines/history;api.btcturk.com/api/v2/ohlc
2020-07-31T00:00:00Z,BTCTurk,TRY,USDTTRY,1d,6.984,"reported, not observed",graph-api.btcturk.com/v1/klines/history;api.btcturk.com/api/v2/ohlc
2020-08-01T00:00:00Z,BTCTurk,TRY,USDTTRY,1d,6.964,"reported, not observed",graph-api.btcturk.com/v1/klines/history;api.btcturk.com/api/v2/ohlc
2020-08-02T00:00:00Z,BTCTurk,TRY,USDTTRY,1d,7.013,"reported, not observed",graph-api.btcturk.com/v1/klines/history;api.btcturk.com/api/v2/ohlc
2020-08-03T00:00:00Z,BTCTurk,TRY,USDTTRY,1d,7.005,"reported, not observed",graph-api.btcturk.com/v1/klines/history;api.btcturk.com/api/v2/ohlc
2020-08-04T00:00:00Z,BTCTurk,TRY,USDTTRY,1d,6.985,"reported, not observed",graph-api.btcturk.com/v1/klines/history;api.btcturk.com/api/v2/ohlc
2020-08-05T00:00:00Z,BTCTurk,TRY,USDTTRY,1d,7.033,"reported, not observed",graph-api.btcturk.com/v1/klines/history;api.btcturk.com/api/v2/ohlc
2020-08-06T00:00:00Z,BTCTurk,TRY,USDTTRY,1d,7.23,"reported, not observed",graph-api.btcturk.com/v1/klines/history;api.btcturk.com/api/v2/ohlc
2020-08-07T00:00:00Z,BTCTurk,TRY,USDTTRY,1d,7.302,"reported, not observed",graph-api.btcturk.com/v1/klines/history;api.btcturk.com/api/v2/ohlc
2020-08-08T00:00:00Z,BTCTurk,TRY,USDTTRY,1d,7.307,"reported, not observed",graph-api.btcturk.com/v1/klines/history;api.btcturk.com/api/v2/ohlc
2020-08-09T00:00:00Z,BTCTurk,TRY,USDTTRY,1d,7.339,"reported, not observed",graph-api.btcturk.com/v1/klines/history;api.btcturk.com/api/v2/ohlc
2020-08-10T00:00:00Z,BTCTurk,TRY,USDTTRY,1d,7.341,"reported, not observed",graph-api.btcturk.com/v1/klines/history;api.btcturk.com/api/v2/ohlc
2020-08-11T00:00:00Z,BTCTurk,TRY,USDTTRY,1d,7.279,"reported, not observed",graph-api.btcturk.com/v1/klines/history;api.btcturk.com/api/v2/ohlc
2020-08-12T00:00:00Z,BTCTurk,TRY,USDTTRY,1d,7.302,"reported, not observed",graph-api.btcturk.com/v1/klines/history;api.btcturk.com/api/v2/ohlc
2020-08-13T00:00:00Z,BTCTurk,TRY,USDTTRY,1d,7.33,"reported, not observed",graph-api.btcturk.com/v1/klines/history;api.btcturk.com/api/v2/ohlc
2020-08-14T00:00:00Z,BTCTurk,TRY,USDTTRY,1d,7.387,"reported, not observed",graph-api.btcturk.com/v1/klines/history;api.btcturk.com/api/v2/ohlc
2020-08-15T00:00:00Z,BTCTurk,TRY,USDTTRY,1d,7.386,"reported, not observed",graph-api.btcturk.com/v1/klines/history;api.btcturk.com/api/v2/ohlc
2020-08-16T00:00:00Z,BTCTurk,TRY,USDTTRY,1d,7.368,"reported, not observed",graph-api.btcturk.com/v1/klines/history;api.btcturk.com/api/v2/ohlc
2020-08-17T00:00:00Z,BTCTurk,TRY,USDTTRY,1d,7.486,"reported, not observed",graph-api.btcturk.com/v1/klines/history;api.btcturk.com/api/v2/ohlc
2020-08-18T00:00:00Z,BTCTurk,TRY,USDTTRY,1d,7.513,"reported, not observed",graph-api.btcturk.com/v1/klines/history;api.btcturk.com/api/v2/ohlc
2020-08-19T00:00:00Z,BTCTurk,TRY,USDTTRY,1d,7.324,"reported, not observed",graph-api.btcturk.com/v1/klines/history;api.btcturk.com/api/v2/ohlc
2020-08-20T00:00:00Z,BTCTurk,TRY,USDTTRY,1d,7.35,"reported, not observed",graph-api.btcturk.com/v1/klines/history;api.btcturk.com/api/v2/ohlc
2020-08-21T00:00:00Z,BTCTurk,TRY,USDTTRY,1d,7.418,"reported, not observed",graph-api.btcturk.com/v1/klines/history;api.btcturk.com/api/v2/ohlc
2020-08-22T00:00:00Z,BTCTurk,TRY,USDTTRY,1d,7.395,"reported, not observed",graph-api.btcturk.com/v1/klines/history;api.btcturk.com/api/v2/ohlc
2020-08-23T00:00:00Z,BTCTurk,TRY,USDTTRY,1d,7.443,"reported, not observed",graph-api.btcturk.com/v1/klines/history;api.btcturk.com/api/v2/ohlc
2020-08-24T00:00:00Z,BTCTurk,TRY,USDTTRY,1d,7.444,"reported, not observed",graph-api.btcturk.com/v1/klines/history;api.btcturk.com/api/v2/ohlc
2020-08-25T00:00:00Z,BTCTurk,TRY,USDTTRY,1d,7.477,"reported, not observed",graph-api.btcturk.com/v1/klines/history;api.btcturk.com/api/v2/ohlc
2020-08-26T00:00:00Z,BTCTurk,TRY,USDTTRY,1d,7.407,"reported, not observed",graph-api.btcturk.com/v1/klines/history;api.btcturk.com/api/v2/ohlc
2020-08-27T00:00:00Z,BTCTurk,TRY,USDTTRY,1d,7.409,"reported, not observed",graph-api.btcturk.com/v1/klines/history;api.btcturk.com/api/v2/ohlc
2020-08-28T00:00:00Z,BTCTurk,TRY,USDTTRY,1d,7.367,"reported, not observed",graph-api.btcturk.com/v1/klines/history;api.btcturk.com/api/v2/ohlc
2020-08-29T00:00:00Z,BTCTurk,TRY,USDTTRY,1d,7.361,"reported, not observed",graph-api.btcturk.com/v1/klines/history;api.btcturk.com/api/v2/ohlc
2020-08-30T00:00:00Z,BTCTurk,TRY,USDTTRY,1d,7.317,"reported, not observed",graph-api.btcturk.com/v1/klines/history;api.btcturk.com/api/v2/ohlc
2020-08-31T00:00:00Z,BTCTurk,TRY,USDTTRY,1d,7.408,"reported, not observed",graph-api.btcturk.com/v1/klines/history;api.btcturk.com/api/v2/ohlc
2020-09-01T00:00:00Z,BTCTurk,TRY,USDTTRY,1d,7.399,"reported, not observed",graph-api.btcturk.com/v1/klines/history;api.btcturk.com/api/v2/ohlc
2020-09-02T00:00:00Z,BTCTurk,TRY,USDTTRY,1d,7.463,"reported, not observed",graph-api.btcturk.com/v1/klines/history;api.btcturk.com/api/v2/ohlc
2020-09-03T00:00:00Z,BTCTurk,TRY,USDTTRY,1d,7.585,"reported, not observed",graph-api.btcturk.com/v1/klines/history;api.btcturk.com/api/v2/ohlc
2020-09-04T00:00:00Z,BTCTurk,TRY,USDTTRY,1d,7.571,"reported, not observed",graph-api.btcturk.com/v1/klines/history;api.btcturk.com/api/v2/ohlc
2020-09-05T00:00:00Z,BTCTurk,TRY,USDTTRY,1d,7.561,"reported, not observed",graph-api.btcturk.com/v1/klines/history;api.btcturk.com/api/v2/ohlc
2020-09-06T00:00:00Z,BTCTurk,TRY,USDTTRY,1d,7.588,"reported, not observed",graph-api.btcturk.com/v1/klines/history;api.btcturk.com/api/v2/ohlc
2020-09-07T00:00:00Z,BTCTurk,TRY,USDTTRY,1d,7.543,"reported, not observed",graph-api.btcturk.com/v1/klines/history;api.btcturk.com/api/v2/ohlc
2020-09-08T00:00:00Z,BTCTurk,TRY,USDTTRY,1d,7.569,"reported, not observed",graph-api.btcturk.com/v1/klines/history;api.btcturk.com/api/v2/ohlc
2020-09-09T00:00:00Z,BTCTurk,TRY,USDTTRY,1d,7.53,"reported, not observed",graph-api.btcturk.com/v1/klines/history;api.btcturk.com/api/v2/ohlc
2020-09-10T00:00:00Z,BTCTurk,TRY,USDTTRY,1d,7.538,"reported, not observed",graph-api.btcturk.com/v1/klines/history;api.btcturk.com/api/v2/ohlc
2020-09-11T00:00:00Z,BTCTurk,TRY,USDTTRY,1d,7.495,"reported, not observed",graph-api.btcturk.com/v1/klines/history;api.btcturk.com/api/v2/ohlc
2020-09-12T00:00:00Z,BTCTurk,TRY,USDTTRY,1d,7.501,"reported, not observed",graph-api.btcturk.com/v1/klines/history;api.btcturk.com/api/v2/ohlc
2020-09-13T00:00:00Z,BTCTurk,TRY,USDTTRY,1d,7.585,"reported, not observed",graph-api.btcturk.com/v1/klines/history;api.btcturk.com/api/v2/ohlc
2020-09-14T00:00:00Z,BTCTurk,TRY,USDTTRY,1d,7.538,"reported, not observed",graph-api.btcturk.com/v1/klines/history;api.btcturk.com/api/v2/ohlc
2020-09-15T00:00:00Z,BTCTurk,TRY,USDTTRY,1d,7.561,"reported, not observed",graph-api.btcturk.com/v1/klines/history;api.btcturk.com/api/v2/ohlc
2020-09-16T00:00:00Z,BTCTurk,TRY,USDTTRY,1d,7.575,"reported, not observed",graph-api.btcturk.com/v1/klines/history;api.btcturk.com/api/v2/ohlc
2020-09-17T00:00:00Z,BTCTurk,TRY,USDTTRY,1d,7.56,"reported, not observed",graph-api.btcturk.com/v1/klines/history;api.btcturk.com/api/v2/ohlc
2020-09-18T00:00:00Z,BTCTurk,TRY,USDTTRY,1d,7.629,"reported, not observed",graph-api.btcturk.com/v1/klines/history;api.btcturk.com/api/v2/ohlc
2020-09-19T00:00:00Z,BTCTurk,TRY,USDTTRY,1d,7.615,"reported, not observed",graph-api.btcturk.com/v1/klines/history;api.btcturk.com/api/v2/ohlc
2020-09-20T00:00:00Z,BTCTurk,TRY,USDTTRY,1d,7.63,"reported, not observed",graph-api.btcturk.com/v1/klines/history;api.btcturk.com/api/v2/ohlc
2020-09-21T00:00:00Z,BTCTurk,TRY,USDTTRY,1d,7.737,"reported, not observed",graph-api.btcturk.com/v1/klines/history;api.btcturk.com/api/v2/ohlc
2020-09-22T00:00:00Z,BTCTurk,TRY,USDTTRY,1d,7.73,"reported, not observed",graph-api.btcturk.com/v1/klines/history;api.btcturk.com/api/v2/ohlc
2020-09-23T00:00:00Z,BTCTurk,TRY,USDTTRY,1d,7.73,"reported, not observed",graph-api.btcturk.com/v1/klines/history;api.btcturk.com/api/v2/ohlc
2020-09-24T00:00:00Z,BTCTurk,TRY,USDTTRY,1d,7.635,"reported, not observed",graph-api.btcturk.com/v1/klines/history;api.btcturk.com/api/v2/ohlc
2020-09-25T00:00:00Z,BTCTurk,TRY,USDTTRY,1d,7.674,"reported, not observed",graph-api.btcturk.com/v1/klines/history;api.btcturk.com/api/v2/ohlc
2020-09-26T00:00:00Z,BTCTurk,TRY,USDTTRY,1d,7.697,"reported, not observed",graph-api.btcturk.com/v1/klines/history;api.btcturk.com/api/v2/ohlc
2020-09-27T00:00:00Z,BTCTurk,TRY,USDTTRY,1d,7.667,"reported, not observed",graph-api.btcturk.com/v1/klines/history;api.btcturk.com/api/v2/ohlc
2020-09-28T00:00:00Z,BTCTurk,TRY,USDTTRY,1d,7.816,"reported, not observed",graph-api.btcturk.com/v1/klines/history;api.btcturk.com/api/v2/ohlc
2020-09-29T00:00:00Z,BTCTurk,TRY,USDTTRY,1d,7.837,"reported, not observed",graph-api.btcturk.com/v1/klines/history;api.btcturk.com/api/v2/ohlc
2020-09-30T00:00:00Z,BTCTurk,TRY,USDTTRY,1d,7.757,"reported, not observed",graph-api.btcturk.com/v1/klines/history;api.btcturk.com/api/v2/ohlc
2020-10-01T00:00:00Z,BTCTurk,TRY,USDTTRY,1d,7.797,"reported, not observed",graph-api.btcturk.com/v1/klines/history;api.btcturk.com/api/v2/ohlc
2020-10-02T00:00:00Z,BTCTurk,TRY,USDTTRY,1d,7.825,"reported, not observed",graph-api.btcturk.com/v1/klines/history;api.btcturk.com/api/v2/ohlc
2020-10-03T00:00:00Z,BTCTurk,TRY,USDTTRY,1d,7.816,"reported, not observed",graph-api.btcturk.com/v1/klines/history;api.btcturk.com/api/v2/ohlc
2020-10-04T00:00:00Z,BTCTurk,TRY,USDTTRY,1d,7.8,"reported, not observed",graph-api.btcturk.com/v1/klines/history;api.btcturk.com/api/v2/ohlc
2020-10-05T00:00:00Z,BTCTurk,TRY,USDTTRY,1d,7.8,"reported, not observed",graph-api.btcturk.com/v1/klines/history;api.btcturk.com/api/v2/ohlc
2020-10-06T00:00:00Z,BTCTurk,TRY,USDTTRY,1d,7.831,"reported, not observed",graph-api.btcturk.com/v1/klines/history;api.btcturk.com/api/v2/ohlc
2020-10-07T00:00:00Z,BTCTurk,TRY,USDTTRY,1d,7.885,"reported, not observed",graph-api.btcturk.com/v1/klines/history;api.btcturk.com/api/v2/ohlc
2020-10-08T00:00:00Z,BTCTurk,TRY,USDTTRY,1d,7.883,"reported, not observed",graph-api.btcturk.com/v1/klines/history;api.btcturk.com/api/v2/ohlc
2020-10-09T00:00:00Z,BTCTurk,TRY,USDTTRY,1d,7.871,"reported, not observed",graph-api.btcturk.com/v1/klines/history;api.btcturk.com/api/v2/ohlc
2020-10-10T00:00:00Z,BTCTurk,TRY,USDTTRY,1d,7.872,"reported, not observed",graph-api.btcturk.com/v1/klines/history;api.btcturk.com/api/v2/ohlc
2020-10-11T00:00:00Z,BTCTurk,TRY,USDTTRY,1d,7.855,"reported, not observed",graph-api.btcturk.com/v1/klines/history;api.btcturk.com/api/v2/ohlc
2020-10-12T00:00:00Z,BTCTurk,TRY,USDTTRY,1d,7.899,"reported, not observed",graph-api.btcturk.com/v1/klines/history;api.btcturk.com/api/v2/ohlc
2020-10-13T00:00:00Z,BTCTurk,TRY,USDTTRY,1d,7.963,"reported, not observed",graph-api.btcturk.com/v1/klines/history;api.btcturk.com/api/v2/ohlc
2020-10-14T00:00:00Z,BTCTurk,TRY,USDTTRY,1d,7.972,"reported, not observed",graph-api.btcturk.com/v1/klines/history;api.btcturk.com/api/v2/ohlc
2020-10-15T00:00:00Z,BTCTurk,TRY,USDTTRY,1d,7.979,"reported, not observed",graph-api.btcturk.com/v1/klines/history;api.btcturk.com/api/v2/ohlc
2020-10-16T00:00:00Z,BTCTurk,TRY,USDTTRY,1d,7.98,"reported, not observed",graph-api.btcturk.com/v1/klines/history;api.btcturk.com/api/v2/ohlc
2020-10-17T00:00:00Z,BTCTurk,TRY,USDTTRY,1d,7.977,"reported, not observed",graph-api.btcturk.com/v1/klines/history;api.btcturk.com/api/v2/ohlc
2020-10-18T00:00:00Z,BTCTurk,TRY,USDTTRY,1d,7.95,"reported, not observed",graph-api.btcturk.com/v1/klines/history;api.btcturk.com/api/v2/ohlc
2020-10-19T00:00:00Z,BTCTurk,TRY,USDTTRY,1d,7.93,"reported, not observed",graph-api.btcturk.com/v1/klines/history;api.btcturk.com/api/v2/ohlc
2020-10-20T00:00:00Z,BTCTurk,TRY,USDTTRY,1d,7.909,"reported, not observed",graph-api.btcturk.com/v1/klines/history;api.btcturk.com/api/v2/ohlc
2020-10-21T00:00:00Z,BTCTurk,TRY,USDTTRY,1d,7.776,"reported, not observed",graph-api.btcturk.com/v1/klines/history;api.btcturk.com/api/v2/ohlc
2020-10-22T00:00:00Z,BTCTurk,TRY,USDTTRY,1d,7.9,"reported, not observed",graph-api.btcturk.com/v1/klines/history;api.btcturk.com/api/v2/ohlc
2020-10-23T00:00:00Z,BTCTurk,TRY,USDTTRY,1d,7.96,"reported, not observed",graph-api.btcturk.com/v1/klines/history;api.btcturk.com/api/v2/ohlc
2020-10-24T00:00:00Z,BTCTurk,TRY,USDTTRY,1d,7.975,"reported, not observed",graph-api.btcturk.com/v1/klines/history;api.btcturk.com/api/v2/ohlc
2020-10-25T00:00:00Z,BTCTurk,TRY,USDTTRY,1d,8.013,"reported, not observed",graph-api.btcturk.com/v1/klines/history;api.btcturk.com/api/v2/ohlc
2020-10-26T00:00:00Z,BTCTurk,TRY,USDTTRY,1d,8.139,"reported, not observed",graph-api.btcturk.com/v1/klines/history;api.btcturk.com/api/v2/ohlc
2020-10-27T00:00:00Z,BTCTurk,TRY,USDTTRY,1d,8.214,"reported, not observed",graph-api.btcturk.com/v1/klines/history;api.btcturk.com/api/v2/ohlc
2020-10-28T00:00:00Z,BTCTurk,TRY,USDTTRY,1d,8.367,"reported, not observed",graph-api.btcturk.com/v1/klines/history;api.btcturk.com/api/v2/ohlc
2020-10-29T00:00:00Z,BTCTurk,TRY,USDTTRY,1d,8.363,"reported, not observed",graph-api.btcturk.com/v1/klines/history;api.btcturk.com/api/v2/ohlc
2020-10-30T00:00:00Z,BTCTurk,TRY,USDTTRY,1d,8.372,"reported, not observed",graph-api.btcturk.com/v1/klines/history;api.btcturk.com/api/v2/ohlc
2020-10-31T00:00:00Z,BTCTurk,TRY,USDTTRY,1d,8.357,"reported, not observed",graph-api.btcturk.com/v1/klines/history;api.btcturk.com/api/v2/ohlc
2020-11-01T00:00:00Z,BTCTurk,TRY,USDTTRY,1d,8.354,"reported, not observed",graph-api.btcturk.com/v1/klines/history;api.btcturk.com/api/v2/ohlc
2020-11-02T00:00:00Z,BTCTurk,TRY,USDTTRY,1d,8.49,"reported, not observed",graph-api.btcturk.com/v1/klines/history;api.btcturk.com/api/v2/ohlc
2020-11-03T00:00:00Z,BTCTurk,TRY,USDTTRY,1d,8.411,"reported, not observed",graph-api.btcturk.com/v1/klines/history;api.btcturk.com/api/v2/ohlc
2020-11-04T00:00:00Z,BTCTurk,TRY,USDTTRY,1d,8.448,"reported, not observed",graph-api.btcturk.com/v1/klines/history;api.btcturk.com/api/v2/ohlc
2020-11-05T00:00:00Z,BTCTurk,TRY,USDTTRY,1d,8.424,"reported, not observed",graph-api.btcturk.com/v1/klines/history;api.btcturk.com/api/v2/ohlc
2020-11-06T00:00:00Z,BTCTurk,TRY,USDTTRY,1d,8.474,"reported, not observed",graph-api.btcturk.com/v1/klines/history;api.btcturk.com/api/v2/ohlc
2020-11-07T00:00:00Z,BTCTurk,TRY,USDTTRY,1d,8.494,"reported, not observed",graph-api.btcturk.com/v1/klines/history;api.btcturk.com/api/v2/ohlc
2020-11-08T00:00:00Z,BTCTurk,TRY,USDTTRY,1d,8.405,"reported, not observed",graph-api.btcturk.com/v1/klines/history;api.btcturk.com/api/v2/ohlc
2020-11-09T00:00:00Z,BTCTurk,TRY,USDTTRY,1d,8.126,"reported, not observed",graph-api.btcturk.com/v1/klines/history;api.btcturk.com/api/v2/ohlc
2020-11-10T00:00:00Z,BTCTurk,TRY,USDTTRY,1d,8.177,"reported, not observed",graph-api.btcturk.com/v1/klines/history;api.btcturk.com/api/v2/ohlc
2020-11-11T00:00:00Z,BTCTurk,TRY,USDTTRY,1d,7.878,"reported, not observed",graph-api.btcturk.com/v1/klines/history;api.btcturk.com/api/v2/ohlc
2020-11-12T00:00:00Z,BTCTurk,TRY,USDTTRY,1d,7.714,"reported, not observed",graph-api.btcturk.com/v1/klines/history;api.btcturk.com/api/v2/ohlc
2020-11-13T00:00:00Z,BTCTurk,TRY,USDTTRY,1d,7.678,"reported, not observed",graph-api.btcturk.com/v1/klines/history;api.btcturk.com/api/v2/ohlc
2020-11-14T00:00:00Z,BTCTurk,TRY,USDTTRY,1d,7.709,"reported, not observed",graph-api.btcturk.com/v1/klines/history;api.btcturk.com/api/v2/ohlc
2020-11-15T00:00:00Z,BTCTurk,TRY,USDTTRY,1d,7.756,"reported, not observed",graph-api.btcturk.com/v1/klines/history;api.btcturk.com/api/v2/ohlc
2020-11-16T00:00:00Z,BTCTurk,TRY,USDTTRY,1d,7.681,"reported, not observed",graph-api.btcturk.com/v1/klines/history;api.btcturk.com/api/v2/ohlc
2020-11-17T00:00:00Z,BTCTurk,TRY,USDTTRY,1d,7.624,"reported, not observed",graph-api.btcturk.com/v1/klines/history;api.btcturk.com/api/v2/ohlc
2020-11-18T00:00:00Z,BTCTurk,TRY,USDTTRY,1d,7.703,"reported, not observed",graph-api.btcturk.com/v1/klines/history;api.btcturk.com/api/v2/ohlc
2020-11-19T00:00:00Z,BTCTurk,TRY,USDTTRY,1d,7.58,"reported, not observed",graph-api.btcturk.com/v1/klines/history;api.btcturk.com/api/v2/ohlc
2020-11-20T00:00:00Z,BTCTurk,TRY,USDTTRY,1d,7.584,"reported, not observed",graph-api.btcturk.com/v1/klines/history;api.btcturk.com/api/v2/ohlc
2020-11-21T00:00:00Z,BTCTurk,TRY,USDTTRY,1d,7.451,"reported, not observed",graph-api.btcturk.com/v1/klines/history;api.btcturk.com/api/v2/ohlc
2020-11-22T00:00:00Z,BTCTurk,TRY,USDTTRY,1d,7.607,"reported, not observed",graph-api.btcturk.com/v1/klines/history;api.btcturk.com/api/v2/ohlc
2020-11-23T00:00:00Z,BTCTurk,TRY,USDTTRY,1d,7.821,"reported, not observed",graph-api.btcturk.com/v1/klines/history;api.btcturk.com/api/v2/ohlc
2020-11-24T00:00:00Z,BTCTurk,TRY,USDTTRY,1d,7.988,"reported, not observed",graph-api.btcturk.com/v1/klines/history;api.btcturk.com/api/v2/ohlc
2020-11-25T00:00:00Z,BTCTurk,TRY,USDTTRY,1d,8.007,"reported, not observed",graph-api.btcturk.com/v1/klines/history;api.btcturk.com/api/v2/ohlc
2020-11-26T00:00:00Z,BTCTurk,TRY,USDTTRY,1d,7.901,"reported, not observed",graph-api.btcturk.com/v1/klines/history;api.btcturk.com/api/v2/ohlc
2020-11-27T00:00:00Z,BTCTurk,TRY,USDTTRY,1d,7.821,"reported, not observed",graph-api.btcturk.com/v1/klines/history;api.btcturk.com/api/v2/ohlc
2020-11-28T00:00:00Z,BTCTurk,TRY,USDTTRY,1d,7.841,"reported, not observed",graph-api.btcturk.com/v1/klines/history;api.btcturk.com/api/v2/ohlc
2020-11-29T00:00:00Z,BTCTurk,TRY,USDTTRY,1d,7.846,"reported, not observed",graph-api.btcturk.com/v1/klines/history;api.btcturk.com/api/v2/ohlc
2020-11-30T00:00:00Z,BTCTurk,TRY,USDTTRY,1d,7.73,"reported, not observed",graph-api.btcturk.com/v1/klines/history;api.btcturk.com/api/v2/ohlc
2020-12-01T00:00:00Z,BTCTurk,TRY,USDTTRY,1d,7.897,"reported, not observed",graph-api.btcturk.com/v1/klines/history;api.btcturk.com/api/v2/ohlc
2020-12-02T00:00:00Z,BTCTurk,TRY,USDTTRY,1d,7.832,"reported, not observed",graph-api.btcturk.com/v1/klines/history;api.btcturk.com/api/v2/ohlc
2020-12-03T00:00:00Z,BTCTurk,TRY,USDTTRY,1d,7.786,"reported, not observed",graph-api.btcturk.com/v1/klines/history;api.btcturk.com/api/v2/ohlc
2020-12-04T00:00:00Z,BTCTurk,TRY,USDTTRY,1d,7.848,"reported, not observed",graph-api.btcturk.com/v1/klines/history;api.btcturk.com/api/v2/ohlc
2020-12-05T00:00:00Z,BTCTurk,TRY,USDTTRY,1d,7.831,"reported, not observed",graph-api.btcturk.com/v1/klines/history;api.btcturk.com/api/v2/ohlc
2020-12-06T00:00:00Z,BTCTurk,TRY,USDTTRY,1d,7.795,"reported, not observed",graph-api.btcturk.com/v1/klines/history;api.btcturk.com/api/v2/ohlc
2020-12-07T00:00:00Z,BTCTurk,TRY,USDTTRY,1d,7.832,"reported, not observed",graph-api.btcturk.com/v1/klines/history;api.btcturk.com/api/v2/ohlc
2020-12-08T00:00:00Z,BTCTurk,TRY,USDTTRY,1d,7.846,"reported, not observed",graph-api.btcturk.com/v1/klines/history;api.btcturk.com/api/v2/ohlc
2020-12-09T00:00:00Z,BTCTurk,TRY,USDTTRY,1d,7.843,"reported, not observed",graph-api.btcturk.com/v1/klines/history;api.btcturk.com/api/v2/ohlc
2020-12-10T00:00:00Z,BTCTurk,TRY,USDTTRY,1d,7.906,"reported, not observed",graph-api.btcturk.com/v1/klines/history;api.btcturk.com/api/v2/ohlc
2020-12-11T00:00:00Z,BTCTurk,TRY,USDTTRY,1d,7.88,"reported, not observed",graph-api.btcturk.com/v1/klines/history;api.btcturk.com/api/v2/ohlc
2020-12-12T00:00:00Z,BTCTurk,TRY,USDTTRY,1d,7.861,"reported, not observed",graph-api.btcturk.com/v1/klines/history;api.btcturk.com/api/v2/ohlc
2020-12-13T00:00:00Z,BTCTurk,TRY,USDTTRY,1d,7.81,"reported, not observed",graph-api.btcturk.com/v1/klines/history;api.btcturk.com/api/v2/ohlc
2020-12-14T00:00:00Z,BTCTurk,TRY,USDTTRY,1d,7.837,"reported, not observed",graph-api.btcturk.com/v1/klines/history;api.btcturk.com/api/v2/ohlc
2020-12-15T00:00:00Z,BTCTurk,TRY,USDTTRY,1d,7.842,"reported, not observed",graph-api.btcturk.com/v1/klines/history;api.btcturk.com/api/v2/ohlc
2020-12-16T00:00:00Z,BTCTurk,TRY,USDTTRY,1d,7.601,"reported, not observed",graph-api.btcturk.com/v1/klines/history;api.btcturk.com/api/v2/ohlc
2020-12-17T00:00:00Z,BTCTurk,TRY,USDTTRY,1d,7.704,"reported, not observed",graph-api.btcturk.com/v1/klines/history;api.btcturk.com/api/v2/ohlc
2020-12-18T00:00:00Z,BTCTurk,TRY,USDTTRY,1d,7.661,"reported, not observed",graph-api.btcturk.com/v1/klines/history;api.btcturk.com/api/v2/ohlc
2020-12-19T00:00:00Z,BTCTurk,TRY,USDTTRY,1d,7.669,"reported, not observed",graph-api.btcturk.com/v1/klines/history;api.btcturk.com/api/v2/ohlc
2020-12-20T00:00:00Z,BTCTurk,TRY,USDTTRY,1d,7.742,"reported, not observed",graph-api.btcturk.com/v1/klines/history;api.btcturk.com/api/v2/ohlc
2020-12-21T00:00:00Z,BTCTurk,TRY,USDTTRY,1d,7.748,"reported, not observed",graph-api.btcturk.com/v1/klines/history;api.btcturk.com/api/v2/ohlc
2020-12-22T00:00:00Z,BTCTurk,TRY,USDTTRY,1d,7.661,"reported, not observed",graph-api.btcturk.com/v1/klines/history;api.btcturk.com/api/v2/ohlc
2020-12-23T00:00:00Z,BTCTurk,TRY,USDTTRY,1d,7.677,"reported, not observed",graph-api.btcturk.com/v1/klines/history;api.btcturk.com/api/v2/ohlc
2020-12-24T00:00:00Z,BTCTurk,TRY,USDTTRY,1d,7.586,"reported, not observed",graph-api.btcturk.com/v1/klines/history;api.btcturk.com/api/v2/ohlc
2020-12-25T00:00:00Z,BTCTurk,TRY,USDTTRY,1d,7.52,"reported, not observed",graph-api.btcturk.com/v1/klines/history;api.btcturk.com/api/v2/ohlc
2020-12-26T00:00:00Z,BTCTurk,TRY,USDTTRY,1d,7.597,"reported, not observed",graph-api.btcturk.com/v1/klines/history;api.btcturk.com/api/v2/ohlc
2020-12-27T00:00:00Z,BTCTurk,TRY,USDTTRY,1d,7.606,"reported, not observed",graph-api.btcturk.com/v1/klines/history;api.btcturk.com/api/v2/ohlc
2020-12-28T00:00:00Z,BTCTurk,TRY,USDTTRY,1d,7.498,"reported, not observed",graph-api.btcturk.com/v1/klines/history;api.btcturk.com/api/v2/ohlc
2020-12-29T00:00:00Z,BTCTurk,TRY,USDTTRY,1d,7.399,"reported, not observed",graph-api.btcturk.com/v1/klines/history;api.btcturk.com/api/v2/ohlc
2020-12-30T00:00:00Z,BTCTurk,TRY,USDTTRY,1d,7.351,"reported, not observed",graph-api.btcturk.com/v1/klines/history;api.btcturk.com/api/v2/ohlc
2020-12-31T00:00:00Z,BTCTurk,TRY,USDTTRY,1d,7.47,"reported, not observed",graph-api.btcturk.com/v1/klines/history;api.btcturk.com/api/v2/ohlc
2021-01-01T00:00:00Z,BTCTurk,TRY,USDTTRY,1d,7.472,"reported, not observed",graph-api.btcturk.com/v1/klines/history;api.btcturk.com/api/v2/ohlc
2021-01-02T00:00:00Z,BTCTurk,TRY,USDTTRY,1d,7.406,"reported, not observed",graph-api.btcturk.com/v1/klines/history;api.btcturk.com/api/v2/ohlc
2021-01-03T00:00:00Z,BTCTurk,TRY,USDTTRY,1d,7.34,"reported, not observed",graph-api.btcturk.com/v1/klines/history;api.btcturk.com/api/v2/ohlc
2021-01-04T00:00:00Z,BTCTurk,TRY,USDTTRY,1d,7.45,"reported, not observed",graph-api.btcturk.com/v1/klines/history;api.btcturk.com/api/v2/ohlc
2021-01-05T00:00:00Z,BTCTurk,TRY,USDTTRY,1d,7.358,"reported, not observed",graph-api.btcturk.com/v1/klines/history;api.btcturk.com/api/v2/ohlc
2021-01-06T00:00:00Z,BTCTurk,TRY,USDTTRY,1d,7.271,"reported, not observed",graph-api.btcturk.com/v1/klines/history;api.btcturk.com/api/v2/ohlc
2021-01-07T00:00:00Z,BTCTurk,TRY,USDTTRY,1d,7.465,"reported, not observed",graph-api.btcturk.com/v1/klines/history;api.btcturk.com/api/v2/ohlc
2021-01-08T00:00:00Z,BTCTurk,TRY,USDTTRY,1d,7.55,"reported, not observed",graph-api.btcturk.com/v1/klines/history;api.btcturk.com/api/v2/ohlc
2021-01-09T00:00:00Z,BTCTurk,TRY,USDTTRY,1d,7.484,"reported, not observed",graph-api.btcturk.com/v1/klines/history;api.btcturk.com/api/v2/ohlc
2021-01-10T00:00:00Z,BTCTurk,TRY,USDTTRY,1d,7.475,"reported, not observed",graph-api.btcturk.com/v1/klines/history;api.btcturk.com/api/v2/ohlc
2021-01-11T00:00:00Z,BTCTurk,TRY,USDTTRY,1d,7.542,"reported, not observed",graph-api.btcturk.com/v1/klines/history;api.btcturk.com/api/v2/ohlc
2021-01-12T00:00:00Z,BTCTurk,TRY,USDTTRY,1d,7.522,"reported, not observed",graph-api.btcturk.com/v1/klines/history;api.btcturk.com/api/v2/ohlc
2021-01-13T00:00:00Z,BTCTurk,TRY,USDTTRY,1d,7.337,"reported, not observed",graph-api.btcturk.com/v1/klines/history;api.btcturk.com/api/v2/ohlc
2021-01-14T00:00:00Z,BTCTurk,TRY,USDTTRY,1d,7.317,"reported, not observed",graph-api.btcturk.com/v1/klines/history;api.btcturk.com/api/v2/ohlc
2021-01-15T00:00:00Z,BTCTurk,TRY,USDTTRY,1d,7.482,"reported, not observed",graph-api.btcturk.com/v1/klines/history;api.btcturk.com/api/v2/ohlc
2021-01-16T00:00:00Z,BTCTurk,TRY,USDTTRY,1d,7.497,"reported, not observed",graph-api.btcturk.com/v1/klines/history;api.btcturk.com/api/v2/ohlc
2021-01-17T00:00:00Z,BTCTurk,TRY,USDTTRY,1d,7.498,"reported, not observed",graph-api.btcturk.com/v1/klines/history;api.btcturk.com/api/v2/ohlc
2021-01-18T00:00:00Z,BTCTurk,TRY,USDTTRY,1d,7.489,"reported, not observed",graph-api.btcturk.com/v1/klines/history;api.btcturk.com/api/v2/ohlc
2021-01-19T00:00:00Z,BTCTurk,TRY,USDTTRY,1d,7.528,"reported, not observed",graph-api.btcturk.com/v1/klines/history;api.btcturk.com/api/v2/ohlc
2021-01-20T00:00:00Z,BTCTurk,TRY,USDTTRY,1d,7.419,"reported, not observed",graph-api.btcturk.com/v1/klines/history;api.btcturk.com/api/v2/ohlc
2021-01-21T00:00:00Z,BTCTurk,TRY,USDTTRY,1d,7.433,"reported, not observed",graph-api.btcturk.com/v1/klines/history;api.btcturk.com/api/v2/ohlc
2021-01-22T00:00:00Z,BTCTurk,TRY,USDTTRY,1d,7.404,"reported, not observed",graph-api.btcturk.com/v1/klines/history;api.btcturk.com/api/v2/ohlc
2021-01-23T00:00:00Z,BTCTurk,TRY,USDTTRY,1d,7.419,"reported, not observed",graph-api.btcturk.com/v1/klines/history;api.btcturk.com/api/v2/ohlc
2021-01-24T00:00:00Z,BTCTurk,TRY,USDTTRY,1d,7.378,"reported, not observed",graph-api.btcturk.com/v1/klines/history;api.btcturk.com/api/v2/ohlc
2021-01-25T00:00:00Z,BTCTurk,TRY,USDTTRY,1d,7.469,"reported, not observed",graph-api.btcturk.com/v1/klines/history;api.btcturk.com/api/v2/ohlc
2021-01-26T00:00:00Z,BTCTurk,TRY,USDTTRY,1d,7.357,"reported, not observed",graph-api.btcturk.com/v1/klines/history;api.btcturk.com/api/v2/ohlc
2021-01-27T00:00:00Z,BTCTurk,TRY,USDTTRY,1d,7.44,"reported, not observed",graph-api.btcturk.com/v1/klines/history;api.btcturk.com/api/v2/ohlc
2021-01-28T00:00:00Z,BTCTurk,TRY,USDTTRY,1d,7.233,"reported, not observed",graph-api.btcturk.com/v1/klines/history;api.btcturk.com/api/v2/ohlc
2021-01-29T00:00:00Z,BTCTurk,TRY,USDTTRY,1d,7.221,"reported, not observed",graph-api.btcturk.com/v1/klines/history;api.btcturk.com/api/v2/ohlc
2021-01-30T00:00:00Z,BTCTurk,TRY,USDTTRY,1d,7.152,"reported, not observed",graph-api.btcturk.com/v1/klines/history;api.btcturk.com/api/v2/ohlc
2021-01-31T00:00:00Z,BTCTurk,TRY,USDTTRY,1d,7.269,"reported, not observed",graph-api.btcturk.com/v1/klines/history;api.btcturk.com/api/v2/ohlc
2021-02-01T00:00:00Z,BTCTurk,TRY,USDTTRY,1d,7.189,"reported, not observed",graph-api.btcturk.com/v1/klines/history;api.btcturk.com/api/v2/ohlc
2021-02-02T00:00:00Z,BTCTurk,TRY,USDTTRY,1d,7.063,"reported, not observed",graph-api.btcturk.com/v1/klines/history;api.btcturk.com/api/v2/ohlc
2021-02-03T00:00:00Z,BTCTurk,TRY,USDTTRY,1d,6.975,"reported, not observed",graph-api.btcturk.com/v1/klines/history;api.btcturk.com/api/v2/ohlc
2021-02-04T00:00:00Z,BTCTurk,TRY,USDTTRY,1d,7.129,"reported, not observed",graph-api.btcturk.com/v1/klines/history;api.btcturk.com/api/v2/ohlc
2021-02-05T00:00:00Z,BTCTurk,TRY,USDTTRY,1d,7.061,"reported, not observed",graph-api.btcturk.com/v1/klines/history;api.btcturk.com/api/v2/ohlc
2021-02-06T00:00:00Z,BTCTurk,TRY,USDTTRY,1d,7.06,"reported, not observed",graph-api.btcturk.com/v1/klines/history;api.btcturk.com/api/v2/ohlc
2021-02-07T00:00:00Z,BTCTurk,TRY,USDTTRY,1d,7.069,"reported, not observed",graph-api.btcturk.com/v1/klines/history;api.btcturk.com/api/v2/ohlc
2021-02-08T00:00:00Z,BTCTurk,TRY,USDTTRY,1d,6.952,"reported, not observed",graph-api.btcturk.com/v1/klines/history;api.btcturk.com/api/v2/ohlc
2021-02-09T00:00:00Z,BTCTurk,TRY,USDTTRY,1d,7.049,"reported, not observed",graph-api.btcturk.com/v1/klines/history;api.btcturk.com/api/v2/ohlc
2021-02-10T00:00:00Z,BTCTurk,TRY,USDTTRY,1d,7.088,"reported, not observed",graph-api.btcturk.com/v1/klines/history;api.btcturk.com/api/v2/ohlc
2021-02-11T00:00:00Z,BTCTurk,TRY,USDTTRY,1d,7.035,"reported, not observed",graph-api.btcturk.com/v1/klines/history;api.btcturk.com/api/v2/ohlc
2021-02-12T00:00:00Z,BTCTurk,TRY,USDTTRY,1d,7.066,"reported, not observed",graph-api.btcturk.com/v1/klines/history;api.btcturk.com/api/v2/ohlc
2021-02-13T00:00:00Z,BTCTurk,TRY,USDTTRY,1d,7.075,"reported, not observed",graph-api.btcturk.com/v1/klines/history;api.btcturk.com/api/v2/ohlc
2021-02-14T00:00:00Z,BTCTurk,TRY,USDTTRY,1d,7.175,"reported, not observed",graph-api.btcturk.com/v1/klines/history;api.btcturk.com/api/v2/ohlc
2021-02-15T00:00:00Z,BTCTurk,TRY,USDTTRY,1d,7.074,"reported, not observed",graph-api.btcturk.com/v1/klines/history;api.btcturk.com/api/v2/ohlc
2021-02-16T00:00:00Z,BTCTurk,TRY,USDTTRY,1d,7.026,"reported, not observed",graph-api.btcturk.com/v1/klines/history;api.btcturk.com/api/v2/ohlc
2021-02-17T00:00:00Z,BTCTurk,TRY,USDTTRY,1d,6.97,"reported, not observed",graph-api.btcturk.com/v1/klines/history;api.btcturk.com/api/v2/ohlc
2021-02-18T00:00:00Z,BTCTurk,TRY,USDTTRY,1d,6.983,"reported, not observed",graph-api.btcturk.com/v1/klines/history;api.btcturk.com/api/v2/ohlc
2021-02-19T00:00:00Z,BTCTurk,TRY,USDTTRY,1d,6.973,"reported, not observed",graph-api.btcturk.com/v1/klines/history;api.btcturk.com/api/v2/ohlc
2021-02-20T00:00:00Z,BTCTurk,TRY,USDTTRY,1d,7.089,"reported, not observed",graph-api.btcturk.com/v1/klines/history;api.btcturk.com/api/v2/ohlc
2021-02-21T00:00:00Z,BTCTurk,TRY,USDTTRY,1d,7.05,"reported, not observed",graph-api.btcturk.com/v1/klines/history;api.btcturk.com/api/v2/ohlc
2021-02-22T00:00:00Z,BTCTurk,TRY,USDTTRY,1d,7.103,"reported, not observed",graph-api.btcturk.com/v1/klines/history;api.btcturk.com/api/v2/ohlc
2021-02-23T00:00:00Z,BTCTurk,TRY,USDTTRY,1d,7.124,"reported, not observed",graph-api.btcturk.com/v1/klines/history;api.btcturk.com/api/v2/ohlc
2021-02-24T00:00:00Z,BTCTurk,TRY,USDTTRY,1d,7.25,"reported, not observed",graph-api.btcturk.com/v1/klines/history;api.btcturk.com/api/v2/ohlc
2021-02-25T00:00:00Z,BTCTurk,TRY,USDTTRY,1d,7.451,"reported, not observed",graph-api.btcturk.com/v1/klines/history;api.btcturk.com/api/v2/ohlc
2021-02-26T00:00:00Z,BTCTurk,TRY,USDTTRY,1d,7.472,"reported, not observed",graph-api.btcturk.com/v1/klines/history;api.btcturk.com/api/v2/ohlc
2021-02-27T00:00:00Z,BTCTurk,TRY,USDTTRY,1d,7.548,"reported, not observed",graph-api.btcturk.com/v1/klines/history;api.btcturk.com/api/v2/ohlc
2021-02-28T00:00:00Z,BTCTurk,TRY,USDTTRY,1d,7.507,"reported, not observed",graph-api.btcturk.com/v1/klines/history;api.btcturk.com/api/v2/ohlc
2021-03-01T00:00:00Z,BTCTurk,TRY,USDTTRY,1d,7.25,"reported, not observed",graph-api.btcturk.com/v1/klines/history;api.btcturk.com/api/v2/ohlc
2021-03-02T00:00:00Z,BTCTurk,TRY,USDTTRY,1d,7.38,"reported, not observed",graph-api.btcturk.com/v1/klines/history;api.btcturk.com/api/v2/ohlc
2021-03-03T00:00:00Z,BTCTurk,TRY,USDTTRY,1d,7.4,"reported, not observed",graph-api.btcturk.com/v1/klines/history;api.btcturk.com/api/v2/ohlc
2021-03-04T00:00:00Z,BTCTurk,TRY,USDTTRY,1d,7.549,"reported, not observed",graph-api.btcturk.com/v1/klines/history;api.btcturk.com/api/v2/ohlc
2021-03-05T00:00:00Z,BTCTurk,TRY,USDTTRY,1d,7.526,"reported, not observed",graph-api.btcturk.com/v1/klines/history;api.btcturk.com/api/v2/ohlc
2021-03-06T00:00:00Z,BTCTurk,TRY,USDTTRY,1d,7.529,"reported, not observed",graph-api.btcturk.com/v1/klines/history;api.btcturk.com/api/v2/ohlc
2021-03-07T00:00:00Z,BTCTurk,TRY,USDTTRY,1d,7.428,"reported, not observed",graph-api.btcturk.com/v1/klines/history;api.btcturk.com/api/v2/ohlc
2021-03-08T00:00:00Z,BTCTurk,TRY,USDTTRY,1d,7.55,"reported, not observed",graph-api.btcturk.com/v1/klines/history;api.btcturk.com/api/v2/ohlc
2021-03-09T00:00:00Z,BTCTurk,TRY,USDTTRY,1d,7.51,"reported, not observed",graph-api.btcturk.com/v1/klines/history;api.btcturk.com/api/v2/ohlc
2021-03-10T00:00:00Z,BTCTurk,TRY,USDTTRY,1d,7.549,"reported, not observed",graph-api.btcturk.com/v1/klines/history;api.btcturk.com/api/v2/ohlc
2021-03-11T00:00:00Z,BTCTurk,TRY,USDTTRY,1d,7.465,"reported, not observed",graph-api.btcturk.com/v1/klines/history;api.btcturk.com/api/v2/ohlc
2021-03-12T00:00:00Z,BTCTurk,TRY,USDTTRY,1d,7.587,"reported, not observed",graph-api.btcturk.com/v1/klines/history;api.btcturk.com/api/v2/ohlc
2021-03-13T00:00:00Z,BTCTurk,TRY,USDTTRY,1d,7.481,"reported, not observed",graph-api.btcturk.com/v1/klines/history;api.btcturk.com/api/v2/ohlc
2021-03-14T00:00:00Z,BTCTurk,TRY,USDTTRY,1d,7.588,"reported, not observed",graph-api.btcturk.com/v1/klines/history;api.btcturk.com/api/v2/ohlc
2021-03-15T00:00:00Z,BTCTurk,TRY,USDTTRY,1d,7.654,"reported, not observed",graph-api.btcturk.com/v1/klines/history;api.btcturk.com/api/v2/ohlc
2021-03-16T00:00:00Z,BTCTurk,TRY,USDTTRY,1d,7.485,"reported, not observed",graph-api.btcturk.com/v1/klines/history;api.btcturk.com/api/v2/ohlc
2021-03-17T00:00:00Z,BTCTurk,TRY,USDTTRY,1d,7.456,"reported, not observed",graph-api.btcturk.com/v1/klines/history;api.btcturk.com/api/v2/ohlc
2021-03-18T00:00:00Z,BTCTurk,TRY,USDTTRY,1d,7.422,"reported, not observed",graph-api.btcturk.com/v1/klines/history;api.btcturk.com/api/v2/ohlc
2021-03-19T00:00:00Z,BTCTurk,TRY,USDTTRY,1d,7.32,"reported, not observed",graph-api.btcturk.com/v1/klines/history;api.btcturk.com/api/v2/ohlc
2021-03-20T00:00:00Z,BTCTurk,TRY,USDTTRY,1d,7.437,"reported, not observed",graph-api.btcturk.com/v1/klines/history;api.btcturk.com/api/v2/ohlc
2021-03-21T00:00:00Z,BTCTurk,TRY,USDTTRY,1d,7.716,"reported, not observed",graph-api.btcturk.com/v1/klines/history;api.btcturk.com/api/v2/ohlc
2021-03-22T00:00:00Z,BTCTurk,TRY,USDTTRY,1d,7.975,"reported, not observed",graph-api.btcturk.com/v1/klines/history;api.btcturk.com/api/v2/ohlc
2021-03-23T00:00:00Z,BTCTurk,TRY,USDTTRY,1d,8.007,"reported, not observed",graph-api.btcturk.com/v1/klines/history;api.btcturk.com/api/v2/ohlc
2021-03-24T00:00:00Z,BTCTurk,TRY,USDTTRY,1d,8.198,"reported, not observed",graph-api.btcturk.com/v1/klines/history;api.btcturk.com/api/v2/ohlc
2021-03-25T00:00:00Z,BTCTurk,TRY,USDTTRY,1d,8.089,"reported, not observed",graph-api.btcturk.com/v1/klines/history;api.btcturk.com/api/v2/ohlc
2021-03-26T00:00:00Z,BTCTurk,TRY,USDTTRY,1d,7.954,"reported, not observed",graph-api.btcturk.com/v1/klines/history;api.btcturk.com/api/v2/ohlc
2021-03-27T00:00:00Z,BTCTurk,TRY,USDTTRY,1d,7.945,"reported, not observed",graph-api.btcturk.com/v1/klines/history;api.btcturk.com/api/v2/ohlc
2021-03-28T00:00:00Z,BTCTurk,TRY,USDTTRY,1d,7.966,"reported, not observed",graph-api.btcturk.com/v1/klines/history;api.btcturk.com/api/v2/ohlc
2021-03-29T00:00:00Z,BTCTurk,TRY,USDTTRY,1d,7.963,"reported, not observed",graph-api.btcturk.com/v1/klines/history;api.btcturk.com/api/v2/ohlc
2021-03-30T00:00:00Z,BTCTurk,TRY,USDTTRY,1d,8.209,"reported, not observed",graph-api.btcturk.com/v1/klines/history;api.btcturk.com/api/v2/ohlc
2021-03-31T00:00:00Z,BTCTurk,TRY,USDTTRY,1d,8.305,"reported, not observed",graph-api.btcturk.com/v1/klines/history;api.btcturk.com/api/v2/ohlc
2021-04-01T00:00:00Z,BTCTurk,TRY,USDTTRY,1d,8.207,"reported, not observed",graph-api.btcturk.com/v1/klines/history;api.btcturk.com/api/v2/ohlc
2021-04-02T00:00:00Z,BTCTurk,TRY,USDTTRY,1d,8.171,"reported, not observed",graph-api.btcturk.com/v1/klines/history;api.btcturk.com/api/v2/ohlc
2021-04-03T00:00:00Z,BTCTurk,TRY,USDTTRY,1d,8.33,"reported, not observed",graph-api.btcturk.com/v1/klines/history;api.btcturk.com/api/v2/ohlc
2021-04-04T00:00:00Z,BTCTurk,TRY,USDTTRY,1d,8.212,"reported, not observed",graph-api.btcturk.com/v1/klines/history;api.btcturk.com/api/v2/ohlc
2021-04-05T00:00:00Z,BTCTurk,TRY,USDTTRY,1d,8.245,"reported, not observed",graph-api.btcturk.com/v1/klines/history;api.btcturk.com/api/v2/ohlc
2021-04-06T00:00:00Z,BTCTurk,TRY,USDTTRY,1d,8.277,"reported, not observed",graph-api.btcturk.com/v1/klines/history;api.btcturk.com/api/v2/ohlc
2021-04-07T00:00:00Z,BTCTurk,TRY,USDTTRY,1d,8.326,"reported, not observed",graph-api.btcturk.com/v1/klines/history;api.btcturk.com/api/v2/ohlc
2021-04-08T00:00:00Z,BTCTurk,TRY,USDTTRY,1d,8.2,"reported, not observed",graph-api.btcturk.com/v1/klines/history;api.btcturk.com/api/v2/ohlc
2021-04-09T00:00:00Z,BTCTurk,TRY,USDTTRY,1d,8.275,"reported, not observed",graph-api.btcturk.com/v1/klines/history;api.btcturk.com/api/v2/ohlc
2021-04-10T00:00:00Z,BTCTurk,TRY,USDTTRY,1d,8.184,"reported, not observed",graph-api.btcturk.com/v1/klines/history;api.btcturk.com/api/v2/ohlc
2021-04-11T00:00:00Z,BTCTurk,TRY,USDTTRY,1d,8.209,"reported, not observed",graph-api.btcturk.com/v1/klines/history;api.btcturk.com/api/v2/ohlc
2021-04-12T00:00:00Z,BTCTurk,TRY,USDTTRY,1d,8.157,"reported, not observed",graph-api.btcturk.com/v1/klines/history;api.btcturk.com/api/v2/ohlc
2021-04-13T00:00:00Z,BTCTurk,TRY,USDTTRY,1d,8.075,"reported, not observed",graph-api.btcturk.com/v1/klines/history;api.btcturk.com/api/v2/ohlc
2021-04-14T00:00:00Z,BTCTurk,TRY,USDTTRY,1d,8.095,"reported, not observed",graph-api.btcturk.com/v1/klines/history;api.btcturk.com/api/v2/ohlc
2021-04-15T00:00:00Z,BTCTurk,TRY,USDTTRY,1d,8.022,"reported, not observed",graph-api.btcturk.com/v1/klines/history;api.btcturk.com/api/v2/ohlc
2021-04-16T00:00:00Z,BTCTurk,TRY,USDTTRY,1d,8.12,"reported, not observed",graph-api.btcturk.com/v1/klines/history;api.btcturk.com/api/v2/ohlc
2021-04-17T00:00:00Z,BTCTurk,TRY,USDTTRY,1d,8.155,"reported, not observed",graph-api.btcturk.com/v1/klines/history;api.btcturk.com/api/v2/ohlc
2021-04-18T00:00:00Z,BTCTurk,TRY,USDTTRY,1d,8.208,"reported, not observed",graph-api.btcturk.com/v1/klines/history;api.btcturk.com/api/v2/ohlc
2021-04-19T00:00:00Z,BTCTurk,TRY,USDTTRY,1d,8.234,"reported, not observed",graph-api.btcturk.com/v1/klines/history;api.btcturk.com/api/v2/ohlc
2021-04-20T00:00:00Z,BTCTurk,TRY,USDTTRY,1d,8.137,"reported, not observed",graph-api.btcturk.com/v1/klines/history;api.btcturk.com/api/v2/ohlc
2021-04-21T00:00:00Z,BTCTurk,TRY,USDTTRY,1d,8.218,"reported, not observed",graph-api.btcturk.com/v1/klines/history;api.btcturk.com/api/v2/ohlc
2021-04-22T00:00:00Z,BTCTurk,TRY,USDTTRY,1d,8.321,"reported, not observed",graph-api.btcturk.com/v1/klines/history;api.btcturk.com/api/v2/ohlc
2021-04-23T00:00:00Z,BTCTurk,TRY,USDTTRY,1d,8.094,"reported, not observed",graph-api.btcturk.com/v1/klines/history;api.btcturk.com/api/v2/ohlc
2021-04-24T00:00:00Z,BTCTurk,TRY,USDTTRY,1d,8.144,"reported, not observed",graph-api.btcturk.com/v1/klines/history;api.btcturk.com/api/v2/ohlc
2021-04-25T00:00:00Z,BTCTurk,TRY,USDTTRY,1d,8.215,"reported, not observed",graph-api.btcturk.com/v1/klines/history;api.btcturk.com/api/v2/ohlc
2021-04-26T00:00:00Z,BTCTurk,TRY,USDTTRY,1d,8.111,"reported, not observed",graph-api.btcturk.com/v1/klines/history;api.btcturk.com/api/v2/ohlc
2021-04-27T00:00:00Z,BTCTurk,TRY,USDTTRY,1d,8.158,"reported, not observed",graph-api.btcturk.com/v1/klines/history;api.btcturk.com/api/v2/ohlc
2021-04-28T00:00:00Z,BTCTurk,TRY,USDTTRY,1d,8.161,"reported, not observed",graph-api.btcturk.com/v1/klines/history;api.btcturk.com/api/v2/ohlc
2021-04-29T00:00:00Z,BTCTurk,TRY,USDTTRY,1d,8.219,"reported, not observed",graph-api.btcturk.com/v1/klines/history;api.btcturk.com/api/v2/ohlc
2021-04-30T00:00:00Z,BTCTurk,TRY,USDTTRY,1d,8.224,"reported, not observed",graph-api.btcturk.com/v1/klines/history;api.btcturk.com/api/v2/ohlc
2021-05-01T00:00:00Z,BTCTurk,TRY,USDTTRY,1d,8.23,"reported, not observed",graph-api.btcturk.com/v1/klines/history;api.btcturk.com/api/v2/ohlc
2021-05-02T00:00:00Z,BTCTurk,TRY,USDTTRY,1d,8.312,"reported, not observed",graph-api.btcturk.com/v1/klines/history;api.btcturk.com/api/v2/ohlc
2021-05-03T00:00:00Z,BTCTurk,TRY,USDTTRY,1d,8.337,"reported, not observed",graph-api.btcturk.com/v1/klines/history;api.btcturk.com/api/v2/ohlc
2021-05-04T00:00:00Z,BTCTurk,TRY,USDTTRY,1d,8.391,"reported, not observed",graph-api.btcturk.com/v1/klines/history;api.btcturk.com/api/v2/ohlc
2021-05-05T00:00:00Z,BTCTurk,TRY,USDTTRY,1d,8.195,"reported, not observed",graph-api.btcturk.com/v1/klines/history;api.btcturk.com/api/v2/ohlc
2021-05-06T00:00:00Z,BTCTurk,TRY,USDTTRY,1d,8.285,"reported, not observed",graph-api.btcturk.com/v1/klines/history;api.btcturk.com/api/v2/ohlc
2021-05-07T00:00:00Z,BTCTurk,TRY,USDTTRY,1d,8.317,"reported, not observed",graph-api.btcturk.com/v1/klines/history;api.btcturk.com/api/v2/ohlc
2021-05-08T00:00:00Z,BTCTurk,TRY,USDTTRY,1d,8.345,"reported, not observed",graph-api.btcturk.com/v1/klines/history;api.btcturk.com/api/v2/ohlc
2021-05-09T00:00:00Z,BTCTurk,TRY,USDTTRY,1d,8.305,"reported, not observed",graph-api.btcturk.com/v1/klines/history;api.btcturk.com/api/v2/ohlc
2021-05-10T00:00:00Z,BTCTurk,TRY,USDTTRY,1d,8.469,"reported, not observed",graph-api.btcturk.com/v1/klines/history;api.btcturk.com/api/v2/ohlc
2021-05-11T00:00:00Z,BTCTurk,TRY,USDTTRY,1d,8.3,"reported, not observed",graph-api.btcturk.com/v1/klines/history;api.btcturk.com/api/v2/ohlc
2021-05-12T00:00:00Z,BTCTurk,TRY,USDTTRY,1d,8.645,"reported, not observed",graph-api.btcturk.com/v1/klines/history;api.btcturk.com/api/v2/ohlc
2021-05-13T00:00:00Z,BTCTurk,TRY,USDTTRY,1d,8.619,"reported, not observed",graph-api.btcturk.com/v1/klines/history;api.btcturk.com/api/v2/ohlc
2021-05-14T00:00:00Z,BTCTurk,TRY,USDTTRY,1d,8.462,"reported, not observed",graph-api.btcturk.com/v1/klines/history;api.btcturk.com/api/v2/ohlc
2021-05-15T00:00:00Z,BTCTurk,TRY,USDTTRY,1d,8.528,"reported, not observed",graph-api.btcturk.com/v1/klines/history;api.btcturk.com/api/v2/ohlc
2021-05-16T00:00:00Z,BTCTurk,TRY,USDTTRY,1d,8.52,"reported, not observed",graph-api.btcturk.com/v1/klines/history;api.btcturk.com/api/v2/ohlc
2021-05-17T00:00:00Z,BTCTurk,TRY,USDTTRY,1d,8.379,"reported, not observed",graph-api.btcturk.com/v1/klines/history;api.btcturk.com/api/v2/ohlc
2021-05-18T00:00:00Z,BTCTurk,TRY,USDTTRY,1d,8.416,"reported, not observed",graph-api.btcturk.com/v1/klines/history;api.btcturk.com/api/v2/ohlc
2021-05-19T00:00:00Z,BTCTurk,TRY,USDTTRY,1d,8.63,"reported, not observed",graph-api.btcturk.com/v1/klines/history;api.btcturk.com/api/v2/ohlc
2021-05-20T00:00:00Z,BTCTurk,TRY,USDTTRY,1d,8.435,"reported, not observed",graph-api.btcturk.com/v1/klines/history;api.btcturk.com/api/v2/ohlc
2021-05-21T00:00:00Z,BTCTurk,TRY,USDTTRY,1d,8.494,"reported, not observed",graph-api.btcturk.com/v1/klines/history;api.btcturk.com/api/v2/ohlc
2021-05-22T00:00:00Z,BTCTurk,TRY,USDTTRY,1d,8.575,"reported, not observed",graph-api.btcturk.com/v1/klines/history;api.btcturk.com/api/v2/ohlc
2021-05-23T00:00:00Z,BTCTurk,TRY,USDTTRY,1d,8.508,"reported, not observed",graph-api.btcturk.com/v1/klines/history;api.btcturk.com/api/v2/ohlc
2021-05-24T00:00:00Z,BTCTurk,TRY,USDTTRY,1d,8.416,"reported, not observed",graph-api.btcturk.com/v1/klines/history;api.btcturk.com/api/v2/ohlc
2021-05-25T00:00:00Z,BTCTurk,TRY,USDTTRY,1d,8.444,"reported, not observed",graph-api.btcturk.com/v1/klines/history;api.btcturk.com/api/v2/ohlc
2021-05-26T00:00:00Z,BTCTurk,TRY,USDTTRY,1d,8.48,"reported, not observed",graph-api.btcturk.com/v1/klines/history;api.btcturk.com/api/v2/ohlc
2021-05-27T00:00:00Z,BTCTurk,TRY,USDTTRY,1d,8.504,"reported, not observed",graph-api.btcturk.com/v1/klines/history;api.btcturk.com/api/v2/ohlc
2021-05-28T00:00:00Z,BTCTurk,TRY,USDTTRY,1d,8.635,"reported, not observed",graph-api.btcturk.com/v1/klines/history;api.btcturk.com/api/v2/ohlc
2021-05-29T00:00:00Z,BTCTurk,TRY,USDTTRY,1d,8.681,"reported, not observed",graph-api.btcturk.com/v1/klines/history;api.btcturk.com/api/v2/ohlc
2021-05-30T00:00:00Z,BTCTurk,TRY,USDTTRY,1d,8.657,"reported, not observed",graph-api.btcturk.com/v1/klines/history;api.btcturk.com/api/v2/ohlc
2021-05-31T00:00:00Z,BTCTurk,TRY,USDTTRY,1d,8.436,"reported, not observed",graph-api.btcturk.com/v1/klines/history;api.btcturk.com/api/v2/ohlc
2021-06-01T00:00:00Z,BTCTurk,TRY,USDTTRY,1d,8.56,"reported, not observed",graph-api.btcturk.com/v1/klines/history;api.btcturk.com/api/v2/ohlc
2021-06-02T00:00:00Z,BTCTurk,TRY,USDTTRY,1d,8.57,"reported, not observed",graph-api.btcturk.com/v1/klines/history;api.btcturk.com/api/v2/ohlc
2021-06-03T00:00:00Z,BTCTurk,TRY,USDTTRY,1d,8.661,"reported, not observed",graph-api.btcturk.com/v1/klines/history;api.btcturk.com/api/v2/ohlc
2021-06-04T00:00:00Z,BTCTurk,TRY,USDTTRY,1d,8.676,"reported, not observed",graph-api.btcturk.com/v1/klines/history;api.btcturk.com/api/v2/ohlc
2021-06-05T00:00:00Z,BTCTurk,TRY,USDTTRY,1d,8.76,"reported, not observed",graph-api.btcturk.com/v1/klines/history;api.btcturk.com/api/v2/ohlc
2021-06-06T00:00:00Z,BTCTurk,TRY,USDTTRY,1d,8.734,"reported, not observed",graph-api.btcturk.com/v1/klines/history;api.btcturk.com/api/v2/ohlc
2021-06-07T00:00:00Z,BTCTurk,TRY,USDTTRY,1d,8.694,"reported, not observed",graph-api.btcturk.com/v1/klines/history;api.btcturk.com/api/v2/ohlc
2021-06-08T00:00:00Z,BTCTurk,TRY,USDTTRY,1d,8.649,"reported, not observed",graph-api.btcturk.com/v1/klines/history;api.btcturk.com/api/v2/ohlc
2021-06-09T00:00:00Z,BTCTurk,TRY,USDTTRY,1d,8.562,"reported, not observed",graph-api.btcturk.com/v1/klines/history;api.btcturk.com/api/v2/ohlc
2021-06-10T00:00:00Z,BTCTurk,TRY,USDTTRY,1d,8.462,"reported, not observed",graph-api.btcturk.com/v1/klines/history;api.btcturk.com/api/v2/ohlc
2021-06-11T00:00:00Z,BTCTurk,TRY,USDTTRY,1d,8.439,"reported, not observed",graph-api.btcturk.com/v1/klines/history;api.btcturk.com/api/v2/ohlc
2021-06-12T00:00:00Z,BTCTurk,TRY,USDTTRY,1d,8.44,"reported, not observed",graph-api.btcturk.com/v1/klines/history;api.btcturk.com/api/v2/ohlc
2021-06-13T00:00:00Z,BTCTurk,TRY,USDTTRY,1d,8.365,"reported, not observed",graph-api.btcturk.com/v1/klines/history;api.btcturk.com/api/v2/ohlc
2021-06-14T00:00:00Z,BTCTurk,TRY,USDTTRY,1d,8.375,"reported, not observed",graph-api.btcturk.com/v1/klines/history;api.btcturk.com/api/v2/ohlc
2021-06-15T00:00:00Z,BTCTurk,TRY,USDTTRY,1d,8.54,"reported, not observed",graph-api.btcturk.com/v1/klines/history;api.btcturk.com/api/v2/ohlc
2021-06-16T00:00:00Z,BTCTurk,TRY,USDTTRY,1d,8.658,"reported, not observed",graph-api.btcturk.com/v1/klines/history;api.btcturk.com/api/v2/ohlc
2021-06-17T00:00:00Z,BTCTurk,TRY,USDTTRY,1d,8.694,"reported, not observed",graph-api.btcturk.com/v1/klines/history;api.btcturk.com/api/v2/ohlc
2021-06-18T00:00:00Z,BTCTurk,TRY,USDTTRY,1d,8.78,"reported, not observed",graph-api.btcturk.com/v1/klines/history;api.btcturk.com/api/v2/ohlc
2021-06-19T00:00:00Z,BTCTurk,TRY,USDTTRY,1d,8.795,"reported, not observed",graph-api.btcturk.com/v1/klines/history;api.btcturk.com/api/v2/ohlc
2021-06-20T00:00:00Z,BTCTurk,TRY,USDTTRY,1d,8.779,"reported, not observed",graph-api.btcturk.com/v1/klines/history;api.btcturk.com/api/v2/ohlc
2021-06-21T00:00:00Z,BTCTurk,TRY,USDTTRY,1d,8.837,"reported, not observed",graph-api.btcturk.com/v1/klines/history;api.btcturk.com/api/v2/ohlc
2021-06-22T00:00:00Z,BTCTurk,TRY,USDTTRY,1d,8.756,"reported, not observed",graph-api.btcturk.com/v1/klines/history;api.btcturk.com/api/v2/ohlc
2021-06-23T00:00:00Z,BTCTurk,TRY,USDTTRY,1d,8.676,"reported, not observed",graph-api.btcturk.com/v1/klines/history;api.btcturk.com/api/v2/ohlc
2021-06-24T00:00:00Z,BTCTurk,TRY,USDTTRY,1d,8.661,"reported, not observed",graph-api.btcturk.com/v1/klines/history;api.btcturk.com/api/v2/ohlc
2021-06-25T00:00:00Z,BTCTurk,TRY,USDTTRY,1d,8.832,"reported, not observed",graph-api.btcturk.com/v1/klines/history;api.btcturk.com/api/v2/ohlc
2021-06-26T00:00:00Z,BTCTurk,TRY,USDTTRY,1d,8.812,"reported, not observed",graph-api.btcturk.com/v1/klines/history;api.btcturk.com/api/v2/ohlc
2021-06-27T00:00:00Z,BTCTurk,TRY,USDTTRY,1d,8.765,"reported, not observed",graph-api.btcturk.com/v1/klines/history;api.btcturk.com/api/v2/ohlc
2021-06-28T00:00:00Z,BTCTurk,TRY,USDTTRY,1d,8.653,"reported, not observed",graph-api.btcturk.com/v1/klines/history;api.btcturk.com/api/v2/ohlc
2021-06-29T00:00:00Z,BTCTurk,TRY,USDTTRY,1d,8.702,"reported, not observed",graph-api.btcturk.com/v1/klines/history;api.btcturk.com/api/v2/ohlc
2021-06-30T00:00:00Z,BTCTurk,TRY,USDTTRY,1d,8.652,"reported, not observed",graph-api.btcturk.com/v1/klines/history;api.btcturk.com/api/v2/ohlc
2021-07-01T00:00:00Z,BTCTurk,TRY,USDTTRY,1d,8.68,"reported, not observed",graph-api.btcturk.com/v1/klines/history;api.btcturk.com/api/v2/ohlc
2021-07-02T00:00:00Z,BTCTurk,TRY,USDTTRY,1d,8.674,"reported, not observed",graph-api.btcturk.com/v1/klines/history;api.btcturk.com/api/v2/ohlc
2021-07-03T00:00:00Z,BTCTurk,TRY,USDTTRY,1d,8.632,"reported, not observed",graph-api.btcturk.com/v1/klines/history;api.btcturk.com/api/v2/ohlc
2021-07-04T00:00:00Z,BTCTurk,TRY,USDTTRY,1d,8.636,"reported, not observed",graph-api.btcturk.com/v1/klines/history;api.btcturk.com/api/v2/ohlc
2021-07-05T00:00:00Z,BTCTurk,TRY,USDTTRY,1d,8.673,"reported, not observed",graph-api.btcturk.com/v1/klines/history;api.btcturk.com/api/v2/ohlc
2021-07-06T00:00:00Z,BTCTurk,TRY,USDTTRY,1d,8.684,"reported, not observed",graph-api.btcturk.com/v1/klines/history;api.btcturk.com/api/v2/ohlc
2021-07-07T00:00:00Z,BTCTurk,TRY,USDTTRY,1d,8.688,"reported, not observed",graph-api.btcturk.com/v1/klines/history;api.btcturk.com/api/v2/ohlc
2021-07-08T00:00:00Z,BTCTurk,TRY,USDTTRY,1d,8.759,"reported, not observed",graph-api.btcturk.com/v1/klines/history;api.btcturk.com/api/v2/ohlc
2021-07-09T00:00:00Z,BTCTurk,TRY,USDTTRY,1d,8.685,"reported, not observed",graph-api.btcturk.com/v1/klines/history;api.btcturk.com/api/v2/ohlc
2021-07-10T00:00:00Z,BTCTurk,TRY,USDTTRY,1d,8.695,"reported, not observed",graph-api.btcturk.com/v1/klines/history;api.btcturk.com/api/v2/ohlc
2021-07-11T00:00:00Z,BTCTurk,TRY,USDTTRY,1d,8.657,"reported, not observed",graph-api.btcturk.com/v1/klines/history;api.btcturk.com/api/v2/ohlc
2021-07-12T00:00:00Z,BTCTurk,TRY,USDTTRY,1d,8.677,"reported, not observed",graph-api.btcturk.com/v1/klines/history;api.btcturk.com/api/v2/ohlc
2021-07-13T00:00:00Z,BTCTurk,TRY,USDTTRY,1d,8.67,"reported, not observed",graph-api.btcturk.com/v1/klines/history;api.btcturk.com/api/v2/ohlc
2021-07-14T00:00:00Z,BTCTurk,TRY,USDTTRY,1d,8.653,"reported, not observed",graph-api.btcturk.com/v1/klines/history;api.btcturk.com/api/v2/ohlc
2021-07-15T00:00:00Z,BTCTurk,TRY,USDTTRY,1d,8.65,"reported, not observed",graph-api.btcturk.com/v1/klines/history;api.btcturk.com/api/v2/ohlc
2021-07-16T00:00:00Z,BTCTurk,TRY,USDTTRY,1d,8.603,"reported, not observed",graph-api.btcturk.com/v1/klines/history;api.btcturk.com/api/v2/ohlc
2021-07-17T00:00:00Z,BTCTurk,TRY,USDTTRY,1d,8.605,"reported, not observed",graph-api.btcturk.com/v1/klines/history;api.btcturk.com/api/v2/ohlc
2021-07-18T00:00:00Z,BTCTurk,TRY,USDTTRY,1d,8.585,"reported, not observed",graph-api.btcturk.com/v1/klines/history;api.btcturk.com/api/v2/ohlc
2021-07-19T00:00:00Z,BTCTurk,TRY,USDTTRY,1d,8.688,"reported, not observed",graph-api.btcturk.com/v1/klines/history;api.btcturk.com/api/v2/ohlc
2021-07-20T00:00:00Z,BTCTurk,TRY,USDTTRY,1d,8.686,"reported, not observed",graph-api.btcturk.com/v1/klines/history;api.btcturk.com/api/v2/ohlc
2021-07-21T00:00:00Z,BTCTurk,TRY,USDTTRY,1d,8.57,"reported, not observed",graph-api.btcturk.com/v1/klines/history;api.btcturk.com/api/v2/ohlc
2021-07-22T00:00:00Z,BTCTurk,TRY,USDTTRY,1d,8.553,"reported, not observed",graph-api.btcturk.com/v1/klines/history;api.btcturk.com/api/v2/ohlc
2021-07-23T00:00:00Z,BTCTurk,TRY,USDTTRY,1d,8.522,"reported, not observed",graph-api.btcturk.com/v1/klines/history;api.btcturk.com/api/v2/ohlc
2021-07-24T00:00:00Z,BTCTurk,TRY,USDTTRY,1d,8.52,"reported, not observed",graph-api.btcturk.com/v1/klines/history;api.btcturk.com/api/v2/ohlc
2021-07-25T00:00:00Z,BTCTurk,TRY,USDTTRY,1d,8.519,"reported, not observed",graph-api.btcturk.com/v1/klines/history;api.btcturk.com/api/v2/ohlc
2021-07-26T00:00:00Z,BTCTurk,TRY,USDTTRY,1d,8.522,"reported, not observed",graph-api.btcturk.com/v1/klines/history;api.btcturk.com/api/v2/ohlc
2021-07-27T00:00:00Z,BTCTurk,TRY,USDTTRY,1d,8.546,"reported, not observed",graph-api.btcturk.com/v1/klines/history;api.btcturk.com/api/v2/ohlc
2021-07-28T00:00:00Z,BTCTurk,TRY,USDTTRY,1d,8.543,"reported, not observed",graph-api.btcturk.com/v1/klines/history;api.btcturk.com/api/v2/ohlc
2021-07-29T00:00:00Z,BTCTurk,TRY,USDTTRY,1d,8.415,"reported, not observed",graph-api.btcturk.com/v1/klines/history;api.btcturk.com/api/v2/ohlc
2021-07-30T00:00:00Z,BTCTurk,TRY,USDTTRY,1d,8.336,"reported, not observed",graph-api.btcturk.com/v1/klines/history;api.btcturk.com/api/v2/ohlc
2021-07-31T00:00:00Z,BTCTurk,TRY,USDTTRY,1d,8.329,"reported, not observed",graph-api.btcturk.com/v1/klines/history;api.btcturk.com/api/v2/ohlc
2021-08-01T00:00:00Z,BTCTurk,TRY,USDTTRY,1d,8.427,"reported, not observed",graph-api.btcturk.com/v1/klines/history;api.btcturk.com/api/v2/ohlc
2021-08-02T00:00:00Z,BTCTurk,TRY,USDTTRY,1d,8.387,"reported, not observed",graph-api.btcturk.com/v1/klines/history;api.btcturk.com/api/v2/ohlc
2021-08-03T00:00:00Z,BTCTurk,TRY,USDTTRY,1d,8.422,"reported, not observed",graph-api.btcturk.com/v1/klines/history;api.btcturk.com/api/v2/ohlc
2021-08-04T00:00:00Z,BTCTurk,TRY,USDTTRY,1d,8.404,"reported, not observed",graph-api.btcturk.com/v1/klines/history;api.btcturk.com/api/v2/ohlc
2021-08-05T00:00:00Z,BTCTurk,TRY,USDTTRY,1d,8.407,"reported, not observed",graph-api.btcturk.com/v1/klines/history;api.btcturk.com/api/v2/ohlc
2021-08-06T00:00:00Z,BTCTurk,TRY,USDTTRY,1d,8.497,"reported, not observed",graph-api.btcturk.com/v1/klines/history;api.btcturk.com/api/v2/ohlc
2021-08-07T00:00:00Z,BTCTurk,TRY,USDTTRY,1d,8.433,"reported, not observed",graph-api.btcturk.com/v1/klines/history;api.btcturk.com/api/v2/ohlc
2021-08-08T00:00:00Z,BTCTurk,TRY,USDTTRY,1d,8.583,"reported, not observed",graph-api.btcturk.com/v1/klines/history;api.btcturk.com/api/v2/ohlc
2021-08-09T00:00:00Z,BTCTurk,TRY,USDTTRY,1d,8.564,"reported, not observed",graph-api.btcturk.com/v1/klines/history;api.btcturk.com/api/v2/ohlc
2021-08-10T00:00:00Z,BTCTurk,TRY,USDTTRY,1d,8.597,"reported, not observed",graph-api.btcturk.com/v1/klines/history;api.btcturk.com/api/v2/ohlc
2021-08-11T00:00:00Z,BTCTurk,TRY,USDTTRY,1d,8.679,"reported, not observed",graph-api.btcturk.com/v1/klines/history;api.btcturk.com/api/v2/ohlc
2021-08-12T00:00:00Z,BTCTurk,TRY,USDTTRY,1d,8.592,"reported, not observed",graph-api.btcturk.com/v1/klines/history;api.btcturk.com/api/v2/ohlc
2021-08-13T00:00:00Z,BTCTurk,TRY,USDTTRY,1d,8.435,"reported, not observed",graph-api.btcturk.com/v1/klines/history;api.btcturk.com/api/v2/ohlc
2021-08-14T00:00:00Z,BTCTurk,TRY,USDTTRY,1d,8.461,"reported, not observed",graph-api.btcturk.com/v1/klines/history;api.btcturk.com/api/v2/ohlc
2021-08-15T00:00:00Z,BTCTurk,TRY,USDTTRY,1d,8.46,"reported, not observed",graph-api.btcturk.com/v1/klines/history;api.btcturk.com/api/v2/ohlc
2021-08-16T00:00:00Z,BTCTurk,TRY,USDTTRY,1d,8.578,"reported, not observed",graph-api.btcturk.com/v1/klines/history;api.btcturk.com/api/v2/ohlc
2021-08-17T00:00:00Z,BTCTurk,TRY,USDTTRY,1d,8.545,"reported, not observed",graph-api.btcturk.com/v1/klines/history;api.btcturk.com/api/v2/ohlc
2021-08-18T00:00:00Z,BTCTurk,TRY,USDTTRY,1d,8.522,"reported, not observed",graph-api.btcturk.com/v1/klines/history;api.btcturk.com/api/v2/ohlc
2021-08-19T00:00:00Z,BTCTurk,TRY,USDTTRY,1d,8.475,"reported, not observed",graph-api.btcturk.com/v1/klines/history;api.btcturk.com/api/v2/ohlc
2021-08-20T00:00:00Z,BTCTurk,TRY,USDTTRY,1d,8.443,"reported, not observed",graph-api.btcturk.com/v1/klines/history;api.btcturk.com/api/v2/ohlc
2021-08-21T00:00:00Z,BTCTurk,TRY,USDTTRY,1d,8.49,"reported, not observed",graph-api.btcturk.com/v1/klines/history;api.btcturk.com/api/v2/ohlc
2021-08-22T00:00:00Z,BTCTurk,TRY,USDTTRY,1d,8.48,"reported, not observed",graph-api.btcturk.com/v1/klines/history;api.btcturk.com/api/v2/ohlc
2021-08-23T00:00:00Z,BTCTurk,TRY,USDTTRY,1d,8.442,"reported, not observed",graph-api.btcturk.com/v1/klines/history;api.btcturk.com/api/v2/ohlc
2021-08-24T00:00:00Z,BTCTurk,TRY,USDTTRY,1d,8.492,"reported, not observed",graph-api.btcturk.com/v1/klines/history;api.btcturk.com/api/v2/ohlc
2021-08-25T00:00:00Z,BTCTurk,TRY,USDTTRY,1d,8.461,"reported, not observed",graph-api.btcturk.com/v1/klines/history;api.btcturk.com/api/v2/ohlc
2021-08-26T00:00:00Z,BTCTurk,TRY,USDTTRY,1d,8.451,"reported, not observed",graph-api.btcturk.com/v1/klines/history;api.btcturk.com/api/v2/ohlc
2021-08-27T00:00:00Z,BTCTurk,TRY,USDTTRY,1d,8.345,"reported, not observed",graph-api.btcturk.com/v1/klines/history;api.btcturk.com/api/v2/ohlc
2021-08-28T00:00:00Z,BTCTurk,TRY,USDTTRY,1d,8.317,"reported, not observed",graph-api.btcturk.com/v1/klines/history;api.btcturk.com/api/v2/ohlc
2021-08-29T00:00:00Z,BTCTurk,TRY,USDTTRY,1d,8.393,"reported, not observed",graph-api.btcturk.com/v1/klines/history;api.btcturk.com/api/v2/ohlc
2021-08-30T00:00:00Z,BTCTurk,TRY,USDTTRY,1d,8.422,"reported, not observed",graph-api.btcturk.com/v1/klines/history;api.btcturk.com/api/v2/ohlc
2021-08-31T00:00:00Z,BTCTurk,TRY,USDTTRY,1d,8.337,"reported, not observed",graph-api.btcturk.com/v1/klines/history;api.btcturk.com/api/v2/ohlc
2021-09-01T00:00:00Z,BTCTurk,TRY,USDTTRY,1d,8.234,"reported, not observed",graph-api.btcturk.com/v1/klines/history;api.btcturk.com/api/v2/ohlc
2021-09-02T00:00:00Z,BTCTurk,TRY,USDTTRY,1d,8.226,"reported, not observed",graph-api.btcturk.com/v1/klines/history;api.btcturk.com/api/v2/ohlc
2021-09-03T00:00:00Z,BTCTurk,TRY,USDTTRY,1d,8.296,"reported, not observed",graph-api.btcturk.com/v1/klines/history;api.btcturk.com/api/v2/ohlc
2021-09-04T00:00:00Z,BTCTurk,TRY,USDTTRY,1d,8.285,"reported, not observed",graph-api.btcturk.com/v1/klines/history;api.btcturk.com/api/v2/ohlc
2021-09-05T00:00:00Z,BTCTurk,TRY,USDTTRY,1d,8.202,"reported, not observed",graph-api.btcturk.com/v1/klines/history;api.btcturk.com/api/v2/ohlc
2021-09-06T00:00:00Z,BTCTurk,TRY,USDTTRY,1d,8.277,"reported, not observed",graph-api.btcturk.com/v1/klines/history;api.btcturk.com/api/v2/ohlc
2021-09-07T00:00:00Z,BTCTurk,TRY,USDTTRY,1d,8.476,"reported, not observed",graph-api.btcturk.com/v1/klines/history;api.btcturk.com/api/v2/ohlc
2021-09-08T00:00:00Z,BTCTurk,TRY,USDTTRY,1d,8.572,"reported, not observed",graph-api.btcturk.com/v1/klines/history;api.btcturk.com/api/v2/ohlc
2021-09-09T00:00:00Z,BTCTurk,TRY,USDTTRY,1d,8.54,"reported, not observed",graph-api.btcturk.com/v1/klines/history;api.btcturk.com/api/v2/ohlc
2021-09-10T00:00:00Z,BTCTurk,TRY,USDTTRY,1d,8.495,"reported, not observed",graph-api.btcturk.com/v1/klines/history;api.btcturk.com/api/v2/ohlc
2021-09-11T00:00:00Z,BTCTurk,TRY,USDTTRY,1d,8.494,"reported, not observed",graph-api.btcturk.com/v1/klines/history;api.btcturk.com/api/v2/ohlc
2021-09-12T00:00:00Z,BTCTurk,TRY,USDTTRY,1d,8.452,"reported, not observed",graph-api.btcturk.com/v1/klines/history;api.btcturk.com/api/v2/ohlc
2021-09-13T00:00:00Z,BTCTurk,TRY,USDTTRY,1d,8.472,"reported, not observed",graph-api.btcturk.com/v1/klines/history;api.btcturk.com/api/v2/ohlc
2021-09-14T00:00:00Z,BTCTurk,TRY,USDTTRY,1d,8.44,"reported, not observed",graph-api.btcturk.com/v1/klines/history;api.btcturk.com/api/v2/ohlc
2021-09-15T00:00:00Z,BTCTurk,TRY,USDTTRY,1d,8.387,"reported, not observed",graph-api.btcturk.com/v1/klines/history;api.btcturk.com/api/v2/ohlc
2021-09-16T00:00:00Z,BTCTurk,TRY,USDTTRY,1d,8.471,"reported, not observed",graph-api.btcturk.com/v1/klines/history;api.btcturk.com/api/v2/ohlc
2021-09-17T00:00:00Z,BTCTurk,TRY,USDTTRY,1d,8.637,"reported, not observed",graph-api.btcturk.com/v1/klines/history;api.btcturk.com/api/v2/ohlc
2021-09-18T00:00:00Z,BTCTurk,TRY,USDTTRY,1d,8.617,"reported, not observed",graph-api.btcturk.com/v1/klines/history;api.btcturk.com/api/v2/ohlc
2021-09-19T00:00:00Z,BTCTurk,TRY,USDTTRY,1d,8.685,"reported, not observed",graph-api.btcturk.com/v1/klines/history;api.btcturk.com/api/v2/ohlc
2021-09-20T00:00:00Z,BTCTurk,TRY,USDTTRY,1d,8.746,"reported, not observed",graph-api.btcturk.com/v1/klines/history;api.btcturk.com/api/v2/ohlc
2021-09-21T00:00:00Z,BTCTurk,TRY,USDTTRY,1d,8.698,"reported, not observed",graph-api.btcturk.com/v1/klines/history;api.btcturk.com/api/v2/ohlc
2021-09-22T00:00:00Z,BTCTurk,TRY,USDTTRY,1d,8.643,"reported, not observed",graph-api.btcturk.com/v1/klines/history;api.btcturk.com/api/v2/ohlc
2021-09-23T00:00:00Z,BTCTurk,TRY,USDTTRY,1d,8.732,"reported, not observed",graph-api.btcturk.com/v1/klines/history;api.btcturk.com/api/v2/ohlc
2021-09-24T00:00:00Z,BTCTurk,TRY,USDTTRY,1d,8.864,"reported, not observed",graph-api.btcturk.com/v1/klines/history;api.btcturk.com/api/v2/ohlc
2021-09-25T00:00:00Z,BTCTurk,TRY,USDTTRY,1d,8.912,"reported, not observed",graph-api.btcturk.com/v1/klines/history;api.btcturk.com/api/v2/ohlc
2021-09-26T00:00:00Z,BTCTurk,TRY,USDTTRY,1d,8.886,"reported, not observed",graph-api.btcturk.com/v1/klines/history;api.btcturk.com/api/v2/ohlc
2021-09-27T00:00:00Z,BTCTurk,TRY,USDTTRY,1d,8.894,"reported, not observed",graph-api.btcturk.com/v1/klines/history;api.btcturk.com/api/v2/ohlc
2021-09-28T00:00:00Z,BTCTurk,TRY,USDTTRY,1d,8.956,"reported, not observed",graph-api.btcturk.com/v1/klines/history;api.btcturk.com/api/v2/ohlc
2021-09-29T00:00:00Z,BTCTurk,TRY,USDTTRY,1d,8.942,"reported, not observed",graph-api.btcturk.com/v1/klines/history;api.btcturk.com/api/v2/ohlc
2021-09-30T00:00:00Z,BTCTurk,TRY,USDTTRY,1d,8.85,"reported, not observed",graph-api.btcturk.com/v1/klines/history;api.btcturk.com/api/v2/ohlc
2021-10-01T00:00:00Z,BTCTurk,TRY,USDTTRY,1d,8.742,"reported, not observed",graph-api.btcturk.com/v1/klines/history;api.btcturk.com/api/v2/ohlc
2021-10-02T00:00:00Z,BTCTurk,TRY,USDTTRY,1d,8.696,"reported, not observed",graph-api.btcturk.com/v1/klines/history;api.btcturk.com/api/v2/ohlc
2021-10-03T00:00:00Z,BTCTurk,TRY,USDTTRY,1d,8.655,"reported, not observed",graph-api.btcturk.com/v1/klines/history;api.btcturk.com/api/v2/ohlc
2021-10-04T00:00:00Z,BTCTurk,TRY,USDTTRY,1d,8.827,"reported, not observed",graph-api.btcturk.com/v1/klines/history;api.btcturk.com/api/v2/ohlc
2021-10-05T00:00:00Z,BTCTurk,TRY,USDTTRY,1d,8.843,"reported, not observed",graph-api.btcturk.com/v1/klines/history;api.btcturk.com/api/v2/ohlc
2021-10-06T00:00:00Z,BTCTurk,TRY,USDTTRY,1d,8.839,"reported, not observed",graph-api.btcturk.com/v1/klines/history;api.btcturk.com/api/v2/ohlc
2021-10-07T00:00:00Z,BTCTurk,TRY,USDTTRY,1d,8.85,"reported, not observed",graph-api.btcturk.com/v1/klines/history;api.btcturk.com/api/v2/ohlc
2021-10-08T00:00:00Z,BTCTurk,TRY,USDTTRY,1d,8.951,"reported, not observed",graph-api.btcturk.com/v1/klines/history;api.btcturk.com/api/v2/ohlc
2021-10-09T00:00:00Z,BTCTurk,TRY,USDTTRY,1d,8.909,"reported, not observed",graph-api.btcturk.com/v1/klines/history;api.btcturk.com/api/v2/ohlc
2021-10-10T00:00:00Z,BTCTurk,TRY,USDTTRY,1d,8.985,"reported, not observed",graph-api.btcturk.com/v1/klines/history;api.btcturk.com/api/v2/ohlc
2021-10-11T00:00:00Z,BTCTurk,TRY,USDTTRY,1d,9.027,"reported, not observed",graph-api.btcturk.com/v1/klines/history;api.btcturk.com/api/v2/ohlc
2021-10-12T00:00:00Z,BTCTurk,TRY,USDTTRY,1d,9.042,"reported, not observed",graph-api.btcturk.com/v1/klines/history;api.btcturk.com/api/v2/ohlc
2021-10-13T00:00:00Z,BTCTurk,TRY,USDTTRY,1d,9.075,"reported, not observed",graph-api.btcturk.com/v1/klines/history;api.btcturk.com/api/v2/ohlc
2021-10-14T00:00:00Z,BTCTurk,TRY,USDTTRY,1d,9.149,"reported, not observed",graph-api.btcturk.com/v1/klines/history;api.btcturk.com/api/v2/ohlc
2021-10-15T00:00:00Z,BTCTurk,TRY,USDTTRY,1d,9.243,"reported, not observed",graph-api.btcturk.com/v1/klines/history;api.btcturk.com/api/v2/ohlc
2021-10-16T00:00:00Z,BTCTurk,TRY,USDTTRY,1d,9.241,"reported, not observed",graph-api.btcturk.com/v1/klines/history;api.btcturk.com/api/v2/ohlc
2021-10-17T00:00:00Z,BTCTurk,TRY,USDTTRY,1d,9.277,"reported, not observed",graph-api.btcturk.com/v1/klines/history;api.btcturk.com/api/v2/ohlc
2021-10-18T00:00:00Z,BTCTurk,TRY,USDTTRY,1d,9.349,"reported, not observed",graph-api.btcturk.com/v1/klines/history;api.btcturk.com/api/v2/ohlc
2021-10-19T00:00:00Z,BTCTurk,TRY,USDTTRY,1d,9.316,"reported, not observed",graph-api.btcturk.com/v1/klines/history;api.btcturk.com/api/v2/ohlc
2021-10-20T00:00:00Z,BTCTurk,TRY,USDTTRY,1d,9.159,"reported, not observed",graph-api.btcturk.com/v1/klines/history;api.btcturk.com/api/v2/ohlc
2021-10-21T00:00:00Z,BTCTurk,TRY,USDTTRY,1d,9.533,"reported, not observed",graph-api.btcturk.com/v1/klines/history;api.btcturk.com/api/v2/ohlc
2021-10-22T00:00:00Z,BTCTurk,TRY,USDTTRY,1d,9.624,"reported, not observed",graph-api.btcturk.com/v1/klines/history;api.btcturk.com/api/v2/ohlc
2021-10-23T00:00:00Z,BTCTurk,TRY,USDTTRY,1d,9.618,"reported, not observed",graph-api.btcturk.com/v1/klines/history;api.btcturk.com/api/v2/ohlc
2021-10-24T00:00:00Z,BTCTurk,TRY,USDTTRY,1d,9.724,"reported, not observed",graph-api.btcturk.com/v1/klines/history;api.btcturk.com/api/v2/ohlc
2021-10-25T00:00:00Z,BTCTurk,TRY,USDTTRY,1d,9.586,"reported, not observed",graph-api.btcturk.com/v1/klines/history;api.btcturk.com/api/v2/ohlc
2021-10-26T00:00:00Z,BTCTurk,TRY,USDTTRY,1d,9.612,"reported, not observed",graph-api.btcturk.com/v1/klines/history;api.btcturk.com/api/v2/ohlc
2021-10-27T00:00:00Z,BTCTurk,TRY,USDTTRY,1d,9.612,"reported, not observed",graph-api.btcturk.com/v1/klines/history;api.btcturk.com/api/v2/ohlc
2021-10-28T00:00:00Z,BTCTurk,TRY,USDTTRY,1d,9.618,"reported, not observed",graph-api.btcturk.com/v1/klines/history;api.btcturk.com/api/v2/ohlc
2021-10-29T00:00:00Z,BTCTurk,TRY,USDTTRY,1d,9.537,"reported, not observed",graph-api.btcturk.com/v1/klines/history;api.btcturk.com/api/v2/ohlc
2021-10-30T00:00:00Z,BTCTurk,TRY,USDTTRY,1d,9.608,"reported, not observed",graph-api.btcturk.com/v1/klines/history;api.btcturk.com/api/v2/ohlc
2021-10-31T00:00:00Z,BTCTurk,TRY,USDTTRY,1d,9.589,"reported, not observed",graph-api.btcturk.com/v1/klines/history;api.btcturk.com/api/v2/ohlc
2021-11-01T00:00:00Z,BTCTurk,TRY,USDTTRY,1d,9.554,"reported, not observed",graph-api.btcturk.com/v1/klines/history;api.btcturk.com/api/v2/ohlc
2021-11-02T00:00:00Z,BTCTurk,TRY,USDTTRY,1d,9.569,"reported, not observed",graph-api.btcturk.com/v1/klines/history;api.btcturk.com/api/v2/ohlc
2021-11-03T00:00:00Z,BTCTurk,TRY,USDTTRY,1d,9.714,"reported, not observed",graph-api.btcturk.com/v1/klines/history;api.btcturk.com/api/v2/ohlc
2021-11-04T00:00:00Z,BTCTurk,TRY,USDTTRY,1d,9.768,"reported, not observed",graph-api.btcturk.com/v1/klines/history;api.btcturk.com/api/v2/ohlc
2021-11-05T00:00:00Z,BTCTurk,TRY,USDTTRY,1d,9.713,"reported, not observed",graph-api.btcturk.com/v1/klines/history;api.btcturk.com/api/v2/ohlc
2021-11-06T00:00:00Z,BTCTurk,TRY,USDTTRY,1d,9.726,"reported, not observed",graph-api.btcturk.com/v1/klines/history;api.btcturk.com/api/v2/ohlc
2021-11-07T00:00:00Z,BTCTurk,TRY,USDTTRY,1d,9.724,"reported, not observed",graph-api.btcturk.com/v1/klines/history;api.btcturk.com/api/v2/ohlc
2021-11-08T00:00:00Z,BTCTurk,TRY,USDTTRY,1d,9.713,"reported, not observed",graph-api.btcturk.com/v1/klines/history;api.btcturk.com/api/v2/ohlc
2021-11-09T00:00:00Z,BTCTurk,TRY,USDTTRY,1d,9.767,"reported, not observed",graph-api.btcturk.com/v1/klines/history;api.btcturk.com/api/v2/ohlc
2021-11-10T00:00:00Z,BTCTurk,TRY,USDTTRY,1d,9.936,"reported, not observed",graph-api.btcturk.com/v1/klines/history;api.btcturk.com/api/v2/ohlc
2021-11-11T00:00:00Z,BTCTurk,TRY,USDTTRY,1d,9.982,"reported, not observed",graph-api.btcturk.com/v1/klines/history;api.btcturk.com/api/v2/ohlc
2021-11-12T00:00:00Z,BTCTurk,TRY,USDTTRY,1d,10.053,"reported, not observed",graph-api.btcturk.com/v1/klines/history;api.btcturk.com/api/v2/ohlc
2021-11-13T00:00:00Z,BTCTurk,TRY,USDTTRY,1d,10.087,"reported, not observed",graph-api.btcturk.com/v1/klines/history;api.btcturk.com/api/v2/ohlc
2021-11-14T00:00:00Z,BTCTurk,TRY,USDTTRY,1d,10.107,"reported, not observed",graph-api.btcturk.com/v1/klines/history;api.btcturk.com/api/v2/ohlc
2021-11-15T00:00:00Z,BTCTurk,TRY,USDTTRY,1d,10.131,"reported, not observed",graph-api.btcturk.com/v1/klines/history;api.btcturk.com/api/v2/ohlc
2021-11-16T00:00:00Z,BTCTurk,TRY,USDTTRY,1d,10.445,"reported, not observed",graph-api.btcturk.com/v1/klines/history;api.btcturk.com/api/v2/ohlc
2021-11-17T00:00:00Z,BTCTurk,TRY,USDTTRY,1d,10.736,"reported, not observed",graph-api.btcturk.com/v1/klines/history;api.btcturk.com/api/v2/ohlc
2021-11-18T00:00:00Z,BTCTurk,TRY,USDTTRY,1d,11.278,"reported, not observed",graph-api.btcturk.com/v1/klines/history;api.btcturk.com/api/v2/ohlc
2021-11-19T00:00:00Z,BTCTurk,TRY,USDTTRY,1d,11.07,"reported, not observed",graph-api.btcturk.com/v1/klines/history;api.btcturk.com/api/v2/ohlc
2021-11-20T00:00:00Z,BTCTurk,TRY,USDTTRY,1d,11.161,"reported, not observed",graph-api.btcturk.com/v1/klines/history;api.btcturk.com/api/v2/ohlc
2021-11-21T00:00:00Z,BTCTurk,TRY,USDTTRY,1d,11.29,"reported, not observed",graph-api.btcturk.com/v1/klines/history;api.btcturk.com/api/v2/ohlc
2021-11-22T00:00:00Z,BTCTurk,TRY,USDTTRY,1d,11.465,"reported, not observed",graph-api.btcturk.com/v1/klines/history;api.btcturk.com/api/v2/ohlc
2021-11-23T00:00:00Z,BTCTurk,TRY,USDTTRY,1d,12.425,"reported, not observed",graph-api.btcturk.com/v1/klines/history;api.btcturk.com/api/v2/ohlc
2021-11-24T00:00:00Z,BTCTurk,TRY,USDTTRY,1d,12.242,"reported, not observed",graph-api.btcturk.com/v1/klines/history;api.btcturk.com/api/v2/ohlc
2021-11-25T00:00:00Z,BTCTurk,TRY,USDTTRY,1d,12.057,"reported, not observed",graph-api.btcturk.com/v1/klines/history;api.btcturk.com/api/v2/ohlc
2021-11-26T00:00:00Z,BTCTurk,TRY,USDTTRY,1d,12.946,"reported, not observed",graph-api.btcturk.com/v1/klines/history;api.btcturk.com/api/v2/ohlc
2021-11-27T00:00:00Z,BTCTurk,TRY,USDTTRY,1d,12.843,"reported, not observed",graph-api.btcturk.com/v1/klines/history;api.btcturk.com/api/v2/ohlc
2021-11-28T00:00:00Z,BTCTurk,TRY,USDTTRY,1d,12.699,"reported, not observed",graph-api.btcturk.com/v1/klines/history;api.btcturk.com/api/v2/ohlc
2021-11-29T00:00:00Z,BTCTurk,TRY,USDTTRY,1d,12.628,"reported, not observed",graph-api.btcturk.com/v1/klines/history;api.btcturk.com/api/v2/ohlc
2021-11-30T00:00:00Z,BTCTurk,TRY,USDTTRY,1d,13.273,"reported, not observed",graph-api.btcturk.com/v1/klines/history;api.btcturk.com/api/v2/ohlc
2021-12-01T00:00:00Z,BTCTurk,TRY,USDTTRY,1d,13.497,"reported, not observed",graph-api.btcturk.com/v1/klines/history;api.btcturk.com/api/v2/ohlc
2021-12-02T00:00:00Z,BTCTurk,TRY,USDTTRY,1d,13.793,"reported, not observed",graph-api.btcturk.com/v1/klines/history;api.btcturk.com/api/v2/ohlc
2021-12-03T00:00:00Z,BTCTurk,TRY,USDTTRY,1d,14.366,"reported, not observed",graph-api.btcturk.com/v1/klines/history;api.btcturk.com/api/v2/ohlc
2021-12-04T00:00:00Z,BTCTurk,TRY,USDTTRY,1d,14.551,"reported, not observed",graph-api.btcturk.com/v1/klines/history;api.btcturk.com/api/v2/ohlc
2021-12-05T00:00:00Z,BTCTurk,TRY,USDTTRY,1d,14.586,"reported, not observed",graph-api.btcturk.com/v1/klines/history;api.btcturk.com/api/v2/ohlc
2021-12-06T00:00:00Z,BTCTurk,TRY,USDTTRY,1d,14.11,"reported, not observed",graph-api.btcturk.com/v1/klines/history;api.btcturk.com/api/v2/ohlc
2021-12-07T00:00:00Z,BTCTurk,TRY,USDTTRY,1d,14.004,"reported, not observed",graph-api.btcturk.com/v1/klines/history;api.btcturk.com/api/v2/ohlc
2021-12-08T00:00:00Z,BTCTurk,TRY,USDTTRY,1d,13.916,"reported, not observed",graph-api.btcturk.com/v1/klines/history;api.btcturk.com/api/v2/ohlc
2021-12-09T00:00:00Z,BTCTurk,TRY,USDTTRY,1d,14.318,"reported, not observed",graph-api.btcturk.com/v1/klines/history;api.btcturk.com/api/v2/ohlc
2021-12-10T00:00:00Z,BTCTurk,TRY,USDTTRY,1d,14.702,"reported, not observed",graph-api.btcturk.com/v1/klines/history;api.btcturk.com/api/v2/ohlc
2021-12-11T00:00:00Z,BTCTurk,TRY,USDTTRY,1d,14.306,"reported, not observed",graph-api.btcturk.com/v1/klines/history;api.btcturk.com/api/v2/ohlc
2021-12-12T00:00:00Z,BTCTurk,TRY,USDTTRY,1d,14.068,"reported, not observed",graph-api.btcturk.com/v1/klines/history;api.btcturk.com/api/v2/ohlc
2021-12-13T00:00:00Z,BTCTurk,TRY,USDTTRY,1d,14.329,"reported, not observed",graph-api.btcturk.com/v1/klines/history;api.btcturk.com/api/v2/ohlc
2021-12-14T00:00:00Z,BTCTurk,TRY,USDTTRY,1d,14.561,"reported, not observed",graph-api.btcturk.com/v1/klines/history;api.btcturk.com/api/v2/ohlc
2021-12-15T00:00:00Z,BTCTurk,TRY,USDTTRY,1d,14.871,"reported, not observed",graph-api.btcturk.com/v1/klines/history;api.btcturk.com/api/v2/ohlc
2021-12-16T00:00:00Z,BTCTurk,TRY,USDTTRY,1d,15.683,"reported, not observed",graph-api.btcturk.com/v1/klines/history;api.btcturk.com/api/v2/ohlc
2021-12-17T00:00:00Z,BTCTurk,TRY,USDTTRY,1d,16.66,"reported, not observed",graph-api.btcturk.com/v1/klines/history;api.btcturk.com/api/v2/ohlc
2021-12-18T00:00:00Z,BTCTurk,TRY,USDTTRY,1d,16.638,"reported, not observed",graph-api.btcturk.com/v1/klines/history;api.btcturk.com/api/v2/ohlc
2021-12-19T00:00:00Z,BTCTurk,TRY,USDTTRY,1d,17.111,"reported, not observed",graph-api.btcturk.com/v1/klines/history;api.btcturk.com/api/v2/ohlc
2021-12-20T00:00:00Z,BTCTurk,TRY,USDTTRY,1d,14.152,"reported, not observed",graph-api.btcturk.com/v1/klines/history;api.btcturk.com/api/v2/ohlc
2021-12-21T00:00:00Z,BTCTurk,TRY,USDTTRY,1d,13.523,"reported, not observed",graph-api.btcturk.com/v1/klines/history;api.btcturk.com/api/v2/ohlc
2021-12-22T00:00:00Z,BTCTurk,TRY,USDTTRY,1d,12.835,"reported, not observed",graph-api.btcturk.com/v1/klines/history;api.btcturk.com/api/v2/ohlc
2021-12-23T00:00:00Z,BTCTurk,TRY,USDTTRY,1d,11.575,"reported, not observed",graph-api.btcturk.com/v1/klines/history;api.btcturk.com/api/v2/ohlc
2021-12-24T00:00:00Z,BTCTurk,TRY,USDTTRY,1d,11.951,"reported, not observed",graph-api.btcturk.com/v1/klines/history;api.btcturk.com/api/v2/ohlc
2021-12-25T00:00:00Z,BTCTurk,TRY,USDTTRY,1d,11.67,"reported, not observed",graph-api.btcturk.com/v1/klines/history;api.btcturk.com/api/v2/ohlc
2021-12-26T00:00:00Z,BTCTurk,TRY,USDTTRY,1d,11.441,"reported, not observed",graph-api.btcturk.com/v1/klines/history;api.btcturk.com/api/v2/ohlc
2021-12-27T00:00:00Z,BTCTurk,TRY,USDTTRY,1d,11.679,"reported, not observed",graph-api.btcturk.com/v1/klines/history;api.btcturk.com/api/v2/ohlc
2021-12-28T00:00:00Z,BTCTurk,TRY,USDTTRY,1d,12.238,"reported, not observed",graph-api.btcturk.com/v1/klines/history;api.btcturk.com/api/v2/ohlc
2021-12-29T00:00:00Z,BTCTurk,TRY,USDTTRY,1d,12.843,"reported, not observed",graph-api.btcturk.com/v1/klines/history;api.btcturk.com/api/v2/ohlc
2021-12-30T00:00:00Z,BTCTurk,TRY,USDTTRY,1d,13.154,"reported, not observed",graph-api.btcturk.com/v1/klines/history;api.btcturk.com/api/v2/ohlc
2021-12-31T00:00:00Z,BTCTurk,TRY,USDTTRY,1d,13.411,"reported, not observed",graph-api.btcturk.com/v1/klines/history;api.btcturk.com/api/v2/ohlc
2022-01-01T00:00:00Z,BTCTurk,TRY,USDTTRY,1d,13.322,"reported, not observed",graph-api.btcturk.com/v1/klines/history;api.btcturk.com/api/v2/ohlc
2022-01-02T00:00:00Z,BTCTurk,TRY,USDTTRY,1d,13.407,"reported, not observed",graph-api.btcturk.com/v1/klines/history;api.btcturk.com/api/v2/ohlc
2022-01-03T00:00:00Z,BTCTurk,TRY,USDTTRY,1d,13.3,"reported, not observed",graph-api.btcturk.com/v1/klines/history;api.btcturk.com/api/v2/ohlc
2022-01-04T00:00:00Z,BTCTurk,TRY,USDTTRY,1d,13.579,"reported, not observed",graph-api.btcturk.com/v1/klines/history;api.btcturk.com/api/v2/ohlc
2022-01-05T00:00:00Z,BTCTurk,TRY,USDTTRY,1d,14.027,"reported, not observed",graph-api.btcturk.com/v1/klines/history;api.btcturk.com/api/v2/ohlc
2022-01-06T00:00:00Z,BTCTurk,TRY,USDTTRY,1d,13.947,"reported, not observed",graph-api.btcturk.com/v1/klines/history;api.btcturk.com/api/v2/ohlc
2022-01-07T00:00:00Z,BTCTurk,TRY,USDTTRY,1d,14.175,"reported, not observed",graph-api.btcturk.com/v1/klines/history;api.btcturk.com/api/v2/ohlc
2022-01-08T00:00:00Z,BTCTurk,TRY,USDTTRY,1d,14.251,"reported, not observed",graph-api.btcturk.com/v1/klines/history;api.btcturk.com/api/v2/ohlc
2022-01-09T00:00:00Z,BTCTurk,TRY,USDTTRY,1d,14.146,"reported, not observed",graph-api.btcturk.com/v1/klines/history;api.btcturk.com/api/v2/ohlc
2022-01-10T00:00:00Z,BTCTurk,TRY,USDTTRY,1d,14.054,"reported, not observed",graph-api.btcturk.com/v1/klines/history;api.btcturk.com/api/v2/ohlc
2022-01-11T00:00:00Z,BTCTurk,TRY,USDTTRY,1d,13.865,"reported, not observed",graph-api.btcturk.com/v1/klines/history;api.btcturk.com/api/v2/ohlc
2022-01-12T00:00:00Z,BTCTurk,TRY,USDTTRY,1d,13.387,"reported, not observed",graph-api.btcturk.com/v1/klines/history;api.btcturk.com/api/v2/ohlc
2022-01-13T00:00:00Z,BTCTurk,TRY,USDTTRY,1d,13.77,"reported, not observed",graph-api.btcturk.com/v1/klines/history;api.btcturk.com/api/v2/ohlc
2022-01-14T00:00:00Z,BTCTurk,TRY,USDTTRY,1d,13.653,"reported, not observed",graph-api.btcturk.com/v1/klines/history;api.btcturk.com/api/v2/ohlc
2022-01-15T00:00:00Z,BTCTurk,TRY,USDTTRY,1d,13.566,"reported, not observed",graph-api.btcturk.com/v1/klines/history;api.btcturk.com/api/v2/ohlc
2022-01-16T00:00:00Z,BTCTurk,TRY,USDTTRY,1d,13.553,"reported, not observed",graph-api.btcturk.com/v1/klines/history;api.btcturk.com/api/v2/ohlc
2022-01-17T00:00:00Z,BTCTurk,TRY,USDTTRY,1d,13.592,"reported, not observed",graph-api.btcturk.com/v1/klines/history;api.btcturk.com/api/v2/ohlc
2022-01-18T00:00:00Z,BTCTurk,TRY,USDTTRY,1d,13.676,"reported, not observed",graph-api.btcturk.com/v1/klines/history;api.btcturk.com/api/v2/ohlc
2022-01-19T00:00:00Z,BTCTurk,TRY,USDTTRY,1d,13.635,"reported, not observed",graph-api.btcturk.com/v1/klines/history;api.btcturk.com/api/v2/ohlc
2022-01-20T00:00:00Z,BTCTurk,TRY,USDTTRY,1d,13.583,"reported, not observed",graph-api.btcturk.com/v1/klines/history;api.btcturk.com/api/v2/ohlc
2022-01-21T00:00:00Z,BTCTurk,TRY,USDTTRY,1d,13.769,"reported, not observed",graph-api.btcturk.com/v1/klines/history;api.btcturk.com/api/v2/ohlc
2022-01-22T00:00:00Z,BTCTurk,TRY,USDTTRY,1d,13.807,"reported, not observed",graph-api.btcturk.com/v1/klines/history;api.btcturk.com/api/v2/ohlc
2022-01-23T00:00:00Z,BTCTurk,TRY,USDTTRY,1d,13.799,"reported, not observed",graph-api.btcturk.com/v1/klines/history;api.btcturk.com/api/v2/ohlc
2022-01-24T00:00:00Z,BTCTurk,TRY,USDTTRY,1d,13.702,"reported, not observed",graph-api.btcturk.com/v1/klines/history;api.btcturk.com/api/v2/ohlc
2022-01-25T00:00:00Z,BTCTurk,TRY,USDTTRY,1d,13.663,"reported, not observed",graph-api.btcturk.com/v1/klines/history;api.btcturk.com/api/v2/ohlc
2022-01-26T00:00:00Z,BTCTurk,TRY,USDTTRY,1d,13.788,"reported, not observed",graph-api.btcturk.com/v1/klines/history;api.btcturk.com/api/v2/ohlc
2022-01-27T00:00:00Z,BTCTurk,TRY,USDTTRY,1d,13.805,"reported, not observed",graph-api.btcturk.com/v1/klines/history;api.btcturk.com/api/v2/ohlc
2022-01-28T00:00:00Z,BTCTurk,TRY,USDTTRY,1d,13.66,"reported, not observed",graph-api.btcturk.com/v1/klines/history;api.btcturk.com/api/v2/ohlc
2022-01-29T00:00:00Z,BTCTurk,TRY,USDTTRY,1d,13.585,"reported, not observed",graph-api.btcturk.com/v1/klines/history;api.btcturk.com/api/v2/ohlc
2022-01-30T00:00:00Z,BTCTurk,TRY,USDTTRY,1d,13.645,"reported, not observed",graph-api.btcturk.com/v1/klines/history;api.btcturk.com/api/v2/ohlc
2022-01-31T00:00:00Z,BTCTurk,TRY,USDTTRY,1d,13.367,"reported, not observed",graph-api.btcturk.com/v1/klines/history;api.btcturk.com/api/v2/ohlc
2022-02-01T00:00:00Z,BTCTurk,TRY,USDTTRY,1d,13.454,"reported, not observed",graph-api.btcturk.com/v1/klines/history;api.btcturk.com/api/v2/ohlc
2022-02-02T00:00:00Z,BTCTurk,TRY,USDTTRY,1d,13.652,"reported, not observed",graph-api.btcturk.com/v1/klines/history;api.btcturk.com/api/v2/ohlc
2022-02-03T00:00:00Z,BTCTurk,TRY,USDTTRY,1d,13.617,"reported, not observed",graph-api.btcturk.com/v1/klines/history;api.btcturk.com/api/v2/ohlc
2022-02-04T00:00:00Z,BTCTurk,TRY,USDTTRY,1d,13.481,"reported, not observed",graph-api.btcturk.com/v1/klines/history;api.btcturk.com/api/v2/ohlc
2022-02-05T00:00:00Z,BTCTurk,TRY,USDTTRY,1d,13.439,"reported, not observed",graph-api.btcturk.com/v1/klines/history;api.btcturk.com/api/v2/ohlc
2022-02-06T00:00:00Z,BTCTurk,TRY,USDTTRY,1d,13.357,"reported, not observed",graph-api.btcturk.com/v1/klines/history;api.btcturk.com/api/v2/ohlc
2022-02-07T00:00:00Z,BTCTurk,TRY,USDTTRY,1d,13.527,"reported, not observed",graph-api.btcturk.com/v1/klines/history;api.btcturk.com/api/v2/ohlc
2022-02-08T00:00:00Z,BTCTurk,TRY,USDTTRY,1d,13.603,"reported, not observed",graph-api.btcturk.com/v1/klines/history;api.btcturk.com/api/v2/ohlc
2022-02-09T00:00:00Z,BTCTurk,TRY,USDTTRY,1d,13.572,"reported, not observed",graph-api.btcturk.com/v1/klines/history;api.btcturk.com/api/v2/ohlc
2022-02-10T00:00:00Z,BTCTurk,TRY,USDTTRY,1d,13.65,"reported, not observed",graph-api.btcturk.com/v1/klines/history;api.btcturk.com/api/v2/ohlc
2022-02-11T00:00:00Z,BTCTurk,TRY,USDTTRY,1d,13.633,"reported, not observed",graph-api.btcturk.com/v1/klines/history;api.btcturk.com/api/v2/ohlc
2022-02-12T00:00:00Z,BTCTurk,TRY,USDTTRY,1d,13.666,"reported, not observed",graph-api.btcturk.com/v1/klines/history;api.btcturk.com/api/v2/ohlc
2022-02-13T00:00:00Z,BTCTurk,TRY,USDTTRY,1d,13.662,"reported, not observed",graph-api.btcturk.com/v1/klines/history;api.btcturk.com/api/v2/ohlc
2022-02-14T00:00:00Z,BTCTurk,TRY,USDTTRY,1d,13.65,"reported, not observed",graph-api.btcturk.com/v1/klines/history;api.btcturk.com/api/v2/ohlc
2022-02-15T00:00:00Z,BTCTurk,TRY,USDTTRY,1d,13.568,"reported, not observed",graph-api.btcturk.com/v1/klines/history;api.btcturk.com/api/v2/ohlc
2022-02-16T00:00:00Z,BTCTurk,TRY,USDTTRY,1d,13.587,"reported, not observed",graph-api.btcturk.com/v1/klines/history;api.btcturk.com/api/v2/ohlc
2022-02-17T00:00:00Z,BTCTurk,TRY,USDTTRY,1d,13.67,"reported, not observed",graph-api.btcturk.com/v1/klines/history;api.btcturk.com/api/v2/ohlc
2022-02-18T00:00:00Z,BTCTurk,TRY,USDTTRY,1d,13.769,"reported, not observed",graph-api.btcturk.com/v1/klines/history;api.btcturk.com/api/v2/ohlc
2022-02-19T00:00:00Z,BTCTurk,TRY,USDTTRY,1d,13.799,"reported, not observed",graph-api.btcturk.com/v1/klines/history;api.btcturk.com/api/v2/ohlc
2022-02-20T00:00:00Z,BTCTurk,TRY,USDTTRY,1d,13.818,"reported, not observed",graph-api.btcturk.com/v1/klines/history;api.btcturk.com/api/v2/ohlc
2022-02-21T00:00:00Z,BTCTurk,TRY,USDTTRY,1d,13.884,"reported, not observed",graph-api.btcturk.com/v1/klines/history;api.btcturk.com/api/v2/ohlc
2022-02-22T00:00:00Z,BTCTurk,TRY,USDTTRY,1d,13.89,"reported, not observed",graph-api.btcturk.com/v1/klines/history;api.btcturk.com/api/v2/ohlc
2022-02-23T00:00:00Z,BTCTurk,TRY,USDTTRY,1d,13.943,"reported, not observed",graph-api.btcturk.com/v1/klines/history;api.btcturk.com/api/v2/ohlc
2022-02-24T00:00:00Z,BTCTurk,TRY,USDTTRY,1d,14.109,"reported, not observed",graph-api.btcturk.com/v1/klines/history;api.btcturk.com/api/v2/ohlc
2022-02-25T00:00:00Z,BTCTurk,TRY,USDTTRY,1d,13.844,"reported, not observed",graph-api.btcturk.com/v1/klines/history;api.btcturk.com/api/v2/ohlc
2022-02-26T00:00:00Z,BTCTurk,TRY,USDTTRY,1d,13.925,"reported, not observed",graph-api.btcturk.com/v1/klines/history;api.btcturk.com/api/v2/ohlc
2022-02-27T00:00:00Z,BTCTurk,TRY,USDTTRY,1d,14.215,"reported, not observed",graph-api.btcturk.com/v1/klines/history;api.btcturk.com/api/v2/ohlc
2022-02-28T00:00:00Z,BTCTurk,TRY,USDTTRY,1d,13.717,"reported, not observed",graph-api.btcturk.com/v1/klines/history;api.btcturk.com/api/v2/ohlc
2022-03-01T00:00:00Z,BTCTurk,TRY,USDTTRY,1d,13.907,"reported, not observed",graph-api.btcturk.com/v1/klines/history;api.btcturk.com/api/v2/ohlc
2022-03-02T00:00:00Z,BTCTurk,TRY,USDTTRY,1d,14.073,"reported, not observed",graph-api.btcturk.com/v1/klines/history;api.btcturk.com/api/v2/ohlc
2022-03-03T00:00:00Z,BTCTurk,TRY,USDTTRY,1d,14.214,"reported, not observed",graph-api.btcturk.com/v1/klines/history;api.btcturk.com/api/v2/ohlc
2022-03-04T00:00:00Z,BTCTurk,TRY,USDTTRY,1d,14.361,"reported, not observed",graph-api.btcturk.com/v1/klines/history;api.btcturk.com/api/v2/ohlc
2022-03-05T00:00:00Z,BTCTurk,TRY,USDTTRY,1d,14.374,"reported, not observed",graph-api.btcturk.com/v1/klines/history;api.btcturk.com/api/v2/ohlc
2022-03-06T00:00:00Z,BTCTurk,TRY,USDTTRY,1d,14.485,"reported, not observed",graph-api.btcturk.com/v1/klines/history;api.btcturk.com/api/v2/ohlc
2022-03-07T00:00:00Z,BTCTurk,TRY,USDTTRY,1d,14.539,"reported, not observed",graph-api.btcturk.com/v1/klines/history;api.btcturk.com/api/v2/ohlc
2022-03-08T00:00:00Z,BTCTurk,TRY,USDTTRY,1d,14.612,"reported, not observed",graph-api.btcturk.com/v1/klines/history;api.btcturk.com/api/v2/ohlc
2022-03-09T00:00:00Z,BTCTurk,TRY,USDTTRY,1d,14.639,"reported, not observed",graph-api.btcturk.com/v1/klines/history;api.btcturk.com/api/v2/ohlc
2022-03-10T00:00:00Z,BTCTurk,TRY,USDTTRY,1d,14.958,"reported, not observed",graph-api.btcturk.com/v1/klines/history;api.btcturk.com/api/v2/ohlc
2022-03-11T00:00:00Z,BTCTurk,TRY,USDTTRY,1d,14.915,"reported, not observed",graph-api.btcturk.com/v1/klines/history;api.btcturk.com/api/v2/ohlc
2022-03-12T00:00:00Z,BTCTurk,TRY,USDTTRY,1d,14.917,"reported, not observed",graph-api.btcturk.com/v1/klines/history;api.btcturk.com/api/v2/ohlc
2022-03-13T00:00:00Z,BTCTurk,TRY,USDTTRY,1d,14.97,"reported, not observed",graph-api.btcturk.com/v1/klines/history;api.btcturk.com/api/v2/ohlc
2022-03-14T00:00:00Z,BTCTurk,TRY,USDTTRY,1d,14.901,"reported, not observed",graph-api.btcturk.com/v1/klines/history;api.btcturk.com/api/v2/ohlc
2022-03-15T00:00:00Z,BTCTurk,TRY,USDTTRY,1d,14.767,"reported, not observed",graph-api.btcturk.com/v1/klines/history;api.btcturk.com/api/v2/ohlc
2022-03-16T00:00:00Z,BTCTurk,TRY,USDTTRY,1d,14.588,"reported, not observed",graph-api.btcturk.com/v1/klines/history;api.btcturk.com/api/v2/ohlc
2022-03-17T00:00:00Z,BTCTurk,TRY,USDTTRY,1d,14.723,"reported, not observed",graph-api.btcturk.com/v1/klines/history;api.btcturk.com/api/v2/ohlc
2022-03-18T00:00:00Z,BTCTurk,TRY,USDTTRY,1d,14.717,"reported, not observed",graph-api.btcturk.com/v1/klines/history;api.btcturk.com/api/v2/ohlc
2022-03-19T00:00:00Z,BTCTurk,TRY,USDTTRY,1d,14.676,"reported, not observed",graph-api.btcturk.com/v1/klines/history;api.btcturk.com/api/v2/ohlc
2022-03-20T00:00:00Z,BTCTurk,TRY,USDTTRY,1d,14.78,"reported, not observed",graph-api.btcturk.com/v1/klines/history;api.btcturk.com/api/v2/ohlc
2022-03-21T00:00:00Z,BTCTurk,TRY,USDTTRY,1d,14.869,"reported, not observed",graph-api.btcturk.com/v1/klines/history;api.btcturk.com/api/v2/ohlc
2022-03-22T00:00:00Z,BTCTurk,TRY,USDTTRY,1d,14.844,"reported, not observed",graph-api.btcturk.com/v1/klines/history;api.btcturk.com/api/v2/ohlc
2022-03-23T00:00:00Z,BTCTurk,TRY,USDTTRY,1d,14.801,"reported, not observed",graph-api.btcturk.com/v1/klines/history;api.btcturk.com/api/v2/ohlc
2022-03-24T00:00:00Z,BTCTurk,TRY,USDTTRY,1d,14.803,"reported, not observed",graph-api.btcturk.com/v1/klines/history;api.btcturk.com/api/v2/ohlc
2022-03-25T00:00:00Z,BTCTurk,TRY,USDTTRY,1d,14.912,"reported, not observed",graph-api.btcturk.com/v1/klines/history;api.btcturk.com/api/v2/ohlc
2022-03-26T00:00:00Z,BTCTurk,TRY,USDTTRY,1d,14.898,"reported, not observed",graph-api.btcturk.com/v1/klines/history;api.btcturk.com/api/v2/ohlc
2022-03-27T00:00:00Z,BTCTurk,TRY,USDTTRY,1d,14.803,"reported, not observed",graph-api.btcturk.com/v1/klines/history;api.btcturk.com/api/v2/ohlc
2022-03-28T00:00:00Z,BTCTurk,TRY,USDTTRY,1d,14.845,"reported, not observed",graph-api.btcturk.com/v1/klines/history;api.btcturk.com/api/v2/ohlc
2022-03-29T00:00:00Z,BTCTurk,TRY,USDTTRY,1d,14.678,"reported, not observed",graph-api.btcturk.com/v1/klines/history;api.btcturk.com/api/v2/ohlc
2022-03-30T00:00:00Z,BTCTurk,TRY,USDTTRY,1d,14.708,"reported, not observed",graph-api.btcturk.com/v1/klines/history;api.btcturk.com/api/v2/ohlc
2022-03-31T00:00:00Z,BTCTurk,TRY,USDTTRY,1d,14.785,"reported, not observed",graph-api.btcturk.com/v1/klines/history;api.btcturk.com/api/v2/ohlc
2022-04-01T00:00:00Z,BTCTurk,TRY,USDTTRY,1d,14.757,"reported, not observed",graph-api.btcturk.com/v1/klines/history;api.btcturk.com/api/v2/ohlc
2022-04-02T00:00:00Z,BTCTurk,TRY,USDTTRY,1d,14.78,"reported, not observed",graph-api.btcturk.com/v1/klines/history;api.btcturk.com/api/v2/ohlc
2022-04-03T00:00:00Z,BTCTurk,TRY,USDTTRY,1d,14.696,"reported, not observed",graph-api.btcturk.com/v1/klines/history;api.btcturk.com/api/v2/ohlc
2022-04-04T00:00:00Z,BTCTurk,TRY,USDTTRY,1d,14.751,"reported, not observed",graph-api.btcturk.com/v1/klines/history;api.btcturk.com/api/v2/ohlc
2022-04-05T00:00:00Z,BTCTurk,TRY,USDTTRY,1d,14.815,"reported, not observed",graph-api.btcturk.com/v1/klines/history;api.btcturk.com/api/v2/ohlc
2022-04-06T00:00:00Z,BTCTurk,TRY,USDTTRY,1d,14.871,"reported, not observed",graph-api.btcturk.com/v1/klines/history;api.btcturk.com/api/v2/ohlc
2022-04-07T00:00:00Z,BTCTurk,TRY,USDTTRY,1d,14.849,"reported, not observed",graph-api.btcturk.com/v1/klines/history;api.btcturk.com/api/v2/ohlc
2022-04-08T00:00:00Z,BTCTurk,TRY,USDTTRY,1d,14.889,"reported, not observed",graph-api.btcturk.com/v1/klines/history;api.btcturk.com/api/v2/ohlc
2022-04-09T00:00:00Z,BTCTurk,TRY,USDTTRY,1d,14.864,"reported, not observed",graph-api.btcturk.com/v1/klines/history;api.btcturk.com/api/v2/ohlc
2022-04-10T00:00:00Z,BTCTurk,TRY,USDTTRY,1d,14.887,"reported, not observed",graph-api.btcturk.com/v1/klines/history;api.btcturk.com/api/v2/ohlc
2022-04-11T00:00:00Z,BTCTurk,TRY,USDTTRY,1d,14.823,"reported, not observed",graph-api.btcturk.com/v1/klines/history;api.btcturk.com/api/v2/ohlc
2022-04-12T00:00:00Z,BTCTurk,TRY,USDTTRY,1d,14.691,"reported, not observed",graph-api.btcturk.com/v1/klines/history;api.btcturk.com/api/v2/ohlc
2022-04-13T00:00:00Z,BTCTurk,TRY,USDTTRY,1d,14.68,"reported, not observed",graph-api.btcturk.com/v1/klines/history;api.btcturk.com/api/v2/ohlc
2022-04-14T00:00:00Z,BTCTurk,TRY,USDTTRY,1d,14.741,"reported, not observed",graph-api.btcturk.com/v1/klines/history;api.btcturk.com/api/v2/ohlc
2022-04-15T00:00:00Z,BTCTurk,TRY,USDTTRY,1d,14.744,"reported, not observed",graph-api.btcturk.com/v1/klines/history;api.btcturk.com/api/v2/ohlc
2022-04-16T00:00:00Z,BTCTurk,TRY,USDTTRY,1d,14.736,"reported, not observed",graph-api.btcturk.com/v1/klines/history;api.btcturk.com/api/v2/ohlc
2022-04-17T00:00:00Z,BTCTurk,TRY,USDTTRY,1d,14.768,"reported, not observed",graph-api.btcturk.com/v1/klines/history;api.btcturk.com/api/v2/ohlc
2022-04-18T00:00:00Z,BTCTurk,TRY,USDTTRY,1d,14.716,"reported, not observed",graph-api.btcturk.com/v1/klines/history;api.btcturk.com/api/v2/ohlc
2022-04-19T00:00:00Z,BTCTurk,TRY,USDTTRY,1d,14.68,"reported, not observed",graph-api.btcturk.com/v1/klines/history;api.btcturk.com/api/v2/ohlc
2022-04-20T00:00:00Z,BTCTurk,TRY,USDTTRY,1d,14.735,"reported, not observed",graph-api.btcturk.com/v1/klines/history;api.btcturk.com/api/v2/ohlc
2022-04-21T00:00:00Z,BTCTurk,TRY,USDTTRY,1d,14.797,"reported, not observed",graph-api.btcturk.com/v1/klines/history;api.btcturk.com/api/v2/ohlc
2022-04-22T00:00:00Z,BTCTurk,TRY,USDTTRY,1d,14.839,"reported, not observed",graph-api.btcturk.com/v1/klines/history;api.btcturk.com/api/v2/ohlc
2022-04-23T00:00:00Z,BTCTurk,TRY,USDTTRY,1d,14.841,"reported, not observed",graph-api.btcturk.com/v1/klines/history;api.btcturk.com/api/v2/ohlc
2022-04-24T00:00:00Z,BTCTurk,TRY,USDTTRY,1d,14.832,"reported, not observed",graph-api.btcturk.com/v1/klines/history;api.btcturk.com/api/v2/ohlc
2022-04-25T00:00:00Z,BTCTurk,TRY,USDTTRY,1d,14.82,"reported, not observed",graph-api.btcturk.com/v1/klines/history;api.btcturk.com/api/v2/ohlc
2022-04-26T00:00:00Z,BTCTurk,TRY,USDTTRY,1d,14.909,"reported, not observed",graph-api.btcturk.com/v1/klines/history;api.btcturk.com/api/v2/ohlc
2022-04-27T00:00:00Z,BTCTurk,TRY,USDTTRY,1d,14.876,"reported, not observed",graph-api.btcturk.com/v1/klines/history;api.btcturk.com/api/v2/ohlc
2022-04-28T00:00:00Z,BTCTurk,TRY,USDTTRY,1d,14.863,"reported, not observed",graph-api.btcturk.com/v1/klines/history;api.btcturk.com/api/v2/ohlc
2022-04-29T00:00:00Z,BTCTurk,TRY,USDTTRY,1d,15.039,"reported, not observed",graph-api.btcturk.com/v1/klines/history;api.btcturk.com/api/v2/ohlc
2022-04-30T00:00:00Z,BTCTurk,TRY,USDTTRY,1d,15.237,"reported, not observed",graph-api.btcturk.com/v1/klines/history;api.btcturk.com/api/v2/ohlc
2022-05-01T00:00:00Z,BTCTurk,TRY,USDTTRY,1d,15.225,"reported, not observed",graph-api.btcturk.com/v1/klines/history;api.btcturk.com/api/v2/ohlc
2022-05-02T00:00:00Z,BTCTurk,TRY,USDTTRY,1d,15.194,"reported, not observed",graph-api.btcturk.com/v1/klines/history;api.btcturk.com/api/v2/ohlc
2022-05-03T00:00:00Z,BTCTurk,TRY,USDTTRY,1d,15.122,"reported, not observed",graph-api.btcturk.com/v1/klines/history;api.btcturk.com/api/v2/ohlc
2022-05-04T00:00:00Z,BTCTurk,TRY,USDTTRY,1d,14.83,"reported, not observed",graph-api.btcturk.com/v1/klines/history;api.btcturk.com/api/v2/ohlc
2022-05-05T00:00:00Z,BTCTurk,TRY,USDTTRY,1d,15.087,"reported, not observed",graph-api.btcturk.com/v1/klines/history;api.btcturk.com/api/v2/ohlc
2022-05-06T00:00:00Z,BTCTurk,TRY,USDTTRY,1d,15.167,"reported, not observed",graph-api.btcturk.com/v1/klines/history;api.btcturk.com/api/v2/ohlc
2022-05-07T00:00:00Z,BTCTurk,TRY,USDTTRY,1d,15.231,"reported, not observed",graph-api.btcturk.com/v1/klines/history;api.btcturk.com/api/v2/ohlc
2022-05-08T00:00:00Z,BTCTurk,TRY,USDTTRY,1d,15.25,"reported, not observed",graph-api.btcturk.com/v1/klines/history;api.btcturk.com/api/v2/ohlc
2022-05-09T00:00:00Z,BTCTurk,TRY,USDTTRY,1d,15.57,"reported, not observed",graph-api.btcturk.com/v1/klines/history;api.btcturk.com/api/v2/ohlc
2022-05-10T00:00:00Z,BTCTurk,TRY,USDTTRY,1d,15.708,"reported, not observed",graph-api.btcturk.com/v1/klines/history;api.btcturk.com/api/v2/ohlc
2022-05-11T00:00:00Z,BTCTurk,TRY,USDTTRY,1d,15.93,"reported, not observed",graph-api.btcturk.com/v1/klines/history;api.btcturk.com/api/v2/ohlc
2022-05-12T00:00:00Z,BTCTurk,TRY,USDTTRY,1d,15.891,"reported, not observed",graph-api.btcturk.com/v1/klines/history;api.btcturk.com/api/v2/ohlc
2022-05-13T00:00:00Z,BTCTurk,TRY,USDTTRY,1d,15.928,"reported, not observed",graph-api.btcturk.com/v1/klines/history;api.btcturk.com/api/v2/ohlc
2022-05-14T00:00:00Z,BTCTurk,TRY,USDTTRY,1d,15.954,"reported, not observed",graph-api.btcturk.com/v1/klines/history;api.btcturk.com/api/v2/ohlc
2022-05-15T00:00:00Z,BTCTurk,TRY,USDTTRY,1d,15.815,"reported, not observed",graph-api.btcturk.com/v1/klines/history;api.btcturk.com/api/v2/ohlc
2022-05-16T00:00:00Z,BTCTurk,TRY,USDTTRY,1d,15.87,"reported, not observed",graph-api.btcturk.com/v1/klines/history;api.btcturk.com/api/v2/ohlc
2022-05-17T00:00:00Z,BTCTurk,TRY,USDTTRY,1d,15.929,"reported, not observed",graph-api.btcturk.com/v1/klines/history;api.btcturk.com/api/v2/ohlc
2022-05-18T00:00:00Z,BTCTurk,TRY,USDTTRY,1d,16.309,"reported, not observed",graph-api.btcturk.com/v1/klines/history;api.btcturk.com/api/v2/ohlc
2022-05-19T00:00:00Z,BTCTurk,TRY,USDTTRY,1d,16.1,"reported, not observed",graph-api.btcturk.com/v1/klines/history;api.btcturk.com/api/v2/ohlc
2022-05-20T00:00:00Z,BTCTurk,TRY,USDTTRY,1d,16.146,"reported, not observed",graph-api.btcturk.com/v1/klines/history;api.btcturk.com/api/v2/ohlc
2022-05-21T00:00:00Z,BTCTurk,TRY,USDTTRY,1d,16.108,"reported, not observed",graph-api.btcturk.com/v1/klines/history;api.btcturk.com/api/v2/ohlc
2022-05-22T00:00:00Z,BTCTurk,TRY,USDTTRY,1d,15.998,"reported, not observed",graph-api.btcturk.com/v1/klines/history;api.btcturk.com/api/v2/ohlc
2022-05-23T00:00:00Z,BTCTurk,TRY,USDTTRY,1d,16.157,"reported, not observed",graph-api.btcturk.com/v1/klines/history;api.btcturk.com/api/v2/ohlc
2022-05-24T00:00:00Z,BTCTurk,TRY,USDTTRY,1d,16.21,"reported, not observed",graph-api.btcturk.com/v1/klines/history;api.btcturk.com/api/v2/ohlc
2022-05-25T00:00:00Z,BTCTurk,TRY,USDTTRY,1d,16.417,"reported, not observed",graph-api.btcturk.com/v1/klines/history;api.btcturk.com/api/v2/ohlc
2022-05-26T00:00:00Z,BTCTurk,TRY,USDTTRY,1d,16.532,"reported, not observed",graph-api.btcturk.com/v1/klines/history;api.btcturk.com/api/v2/ohlc
2022-05-27T00:00:00Z,BTCTurk,TRY,USDTTRY,1d,16.46,"reported, not observed",graph-api.btcturk.com/v1/klines/history;api.btcturk.com/api/v2/ohlc
2022-05-28T00:00:00Z,BTCTurk,TRY,USDTTRY,1d,16.36,"reported, not observed",graph-api.btcturk.com/v1/klines/history;api.btcturk.com/api/v2/ohlc
2022-05-29T00:00:00Z,BTCTurk,TRY,USDTTRY,1d,16.395,"reported, not observed",graph-api.btcturk.com/v1/klines/history;api.btcturk.com/api/v2/ohlc
2022-05-30T00:00:00Z,BTCTurk,TRY,USDTTRY,1d,16.341,"reported, not observed",graph-api.btcturk.com/v1/klines/history;api.btcturk.com/api/v2/ohlc
2022-05-31T00:00:00Z,BTCTurk,TRY,USDTTRY,1d,16.436,"reported, not observed",graph-api.btcturk.com/v1/klines/history;api.btcturk.com/api/v2/ohlc
2022-06-01T00:00:00Z,BTCTurk,TRY,USDTTRY,1d,16.579,"reported, not observed",graph-api.btcturk.com/v1/klines/history;api.btcturk.com/api/v2/ohlc
2022-06-02T00:00:00Z,BTCTurk,TRY,USDTTRY,1d,16.585,"reported, not observed",graph-api.btcturk.com/v1/klines/history;api.btcturk.com/api/v2/ohlc
2022-06-03T00:00:00Z,BTCTurk,TRY,USDTTRY,1d,16.625,"reported, not observed",graph-api.btcturk.com/v1/klines/history;api.btcturk.com/api/v2/ohlc
2022-06-04T00:00:00Z,BTCTurk,TRY,USDTTRY,1d,16.6,"reported, not observed",graph-api.btcturk.com/v1/klines/history;api.btcturk.com/api/v2/ohlc
2022-06-05T00:00:00Z,BTCTurk,TRY,USDTTRY,1d,16.621,"reported, not observed",graph-api.btcturk.com/v1/klines/history;api.btcturk.com/api/v2/ohlc
2022-06-06T00:00:00Z,BTCTurk,TRY,USDTTRY,1d,16.648,"reported, not observed",graph-api.btcturk.com/v1/klines/history;api.btcturk.com/api/v2/ohlc
2022-06-07T00:00:00Z,BTCTurk,TRY,USDTTRY,1d,16.849,"reported, not observed",graph-api.btcturk.com/v1/klines/history;api.btcturk.com/api/v2/ohlc
2022-06-08T00:00:00Z,BTCTurk,TRY,USDTTRY,1d,17.243,"reported, not observed",graph-api.btcturk.com/v1/klines/history;api.btcturk.com/api/v2/ohlc
2022-06-09T00:00:00Z,BTCTurk,TRY,USDTTRY,1d,17.197,"reported, not observed",graph-api.btcturk.com/v1/klines/history;api.btcturk.com/api/v2/ohlc
2022-06-10T00:00:00Z,BTCTurk,TRY,USDTTRY,1d,17.33,"reported, not observed",graph-api.btcturk.com/v1/klines/history;api.btcturk.com/api/v2/ohlc
2022-06-11T00:00:00Z,BTCTurk,TRY,USDTTRY,1d,17.419,"reported, not observed",graph-api.btcturk.com/v1/klines/history;api.btcturk.com/api/v2/ohlc
2022-06-12T00:00:00Z,BTCTurk,TRY,USDTTRY,1d,17.499,"reported, not observed",graph-api.btcturk.com/v1/klines/history;api.btcturk.com/api/v2/ohlc
2022-06-13T00:00:00Z,BTCTurk,TRY,USDTTRY,1d,17.519,"reported, not observed",graph-api.btcturk.com/v1/klines/history;api.btcturk.com/api/v2/ohlc
2022-06-14T00:00:00Z,BTCTurk,TRY,USDTTRY,1d,17.436,"reported, not observed",graph-api.btcturk.com/v1/klines/history;api.btcturk.com/api/v2/ohlc
2022-06-15T00:00:00Z,BTCTurk,TRY,USDTTRY,1d,17.332,"reported, not observed",graph-api.btcturk.com/v1/klines/history;api.btcturk.com/api/v2/ohlc
2022-06-16T00:00:00Z,BTCTurk,TRY,USDTTRY,1d,17.474,"reported, not observed",graph-api.btcturk.com/v1/klines/history;api.btcturk.com/api/v2/ohlc
2022-06-17T00:00:00Z,BTCTurk,TRY,USDTTRY,1d,17.475,"reported, not observed",graph-api.btcturk.com/v1/klines/history;api.btcturk.com/api/v2/ohlc
2022-06-18T00:00:00Z,BTCTurk,TRY,USDTTRY,1d,17.515,"reported, not observed",graph-api.btcturk.com/v1/klines/history;api.btcturk.com/api/v2/ohlc
2022-06-19T00:00:00Z,BTCTurk,TRY,USDTTRY,1d,17.445,"reported, not observed",graph-api.btcturk.com/v1/klines/history;api.btcturk.com/api/v2/ohlc
2022-06-20T00:00:00Z,BTCTurk,TRY,USDTTRY,1d,17.392,"reported, not observed",graph-api.btcturk.com/v1/klines/history;api.btcturk.com/api/v2/ohlc
2022-06-21T00:00:00Z,BTCTurk,TRY,USDTTRY,1d,17.461,"reported, not observed",graph-api.btcturk.com/v1/klines/history;api.btcturk.com/api/v2/ohlc
2022-06-22T00:00:00Z,BTCTurk,TRY,USDTTRY,1d,17.484,"reported, not observed",graph-api.btcturk.com/v1/klines/history;api.btcturk.com/api/v2/ohlc
2022-06-23T00:00:00Z,BTCTurk,TRY,USDTTRY,1d,17.362,"reported, not observed",graph-api.btcturk.com/v1/klines/history;api.btcturk.com/api/v2/ohlc
2022-06-24T00:00:00Z,BTCTurk,TRY,USDTTRY,1d,16.924,"reported, not observed",graph-api.btcturk.com/v1/klines/history;api.btcturk.com/api/v2/ohlc
2022-06-25T00:00:00Z,BTCTurk,TRY,USDTTRY,1d,16.964,"reported, not observed",graph-api.btcturk.com/v1/klines/history;api.btcturk.com/api/v2/ohlc
2022-06-26T00:00:00Z,BTCTurk,TRY,USDTTRY,1d,16.67,"reported, not observed",graph-api.btcturk.com/v1/klines/history;api.btcturk.com/api/v2/ohlc
2022-06-27T00:00:00Z,BTCTurk,TRY,USDTTRY,1d,16.783,"reported, not observed",graph-api.btcturk.com/v1/klines/history;api.btcturk.com/api/v2/ohlc
2022-06-28T00:00:00Z,BTCTurk,TRY,USDTTRY,1d,16.835,"reported, not observed",graph-api.btcturk.com/v1/klines/history;api.btcturk.com/api/v2/ohlc
2022-06-29T00:00:00Z,BTCTurk,TRY,USDTTRY,1d,16.811,"reported, not observed",graph-api.btcturk.com/v1/klines/history;api.btcturk.com/api/v2/ohlc
2022-06-30T00:00:00Z,BTCTurk,TRY,USDTTRY,1d,16.79,"reported, not observed",graph-api.btcturk.com/v1/klines/history;api.btcturk.com/api/v2/ohlc
2022-07-01T00:00:00Z,BTCTurk,TRY,USDTTRY,1d,16.912,"reported, not observed",graph-api.btcturk.com/v1/klines/history;api.btcturk.com/api/v2/ohlc
2022-07-02T00:00:00Z,BTCTurk,TRY,USDTTRY,1d,16.86,"reported, not observed",graph-api.btcturk.com/v1/klines/history;api.btcturk.com/api/v2/ohlc
2022-07-03T00:00:00Z,BTCTurk,TRY,USDTTRY,1d,16.851,"reported, not observed",graph-api.btcturk.com/v1/klines/history;api.btcturk.com/api/v2/ohlc
2022-07-04T00:00:00Z,BTCTurk,TRY,USDTTRY,1d,16.803,"reported, not observed",graph-api.btcturk.com/v1/klines/history;api.btcturk.com/api/v2/ohlc
2022-07-05T00:00:00Z,BTCTurk,TRY,USDTTRY,1d,16.976,"reported, not observed",graph-api.btcturk.com/v1/klines/history;api.btcturk.com/api/v2/ohlc
2022-07-06T00:00:00Z,BTCTurk,TRY,USDTTRY,1d,17.176,"reported, not observed",graph-api.btcturk.com/v1/klines/history;api.btcturk.com/api/v2/ohlc
2022-07-07T00:00:00Z,BTCTurk,TRY,USDTTRY,1d,17.261,"reported, not observed",graph-api.btcturk.com/v1/klines/history;api.btcturk.com/api/v2/ohlc
2022-07-08T00:00:00Z,BTCTurk,TRY,USDTTRY,1d,17.45,"reported, not observed",graph-api.btcturk.com/v1/klines/history;api.btcturk.com/api/v2/ohlc
2022-07-09T00:00:00Z,BTCTurk,TRY,USDTTRY,1d,17.437,"reported, not observed",graph-api.btcturk.com/v1/klines/history;api.btcturk.com/api/v2/ohlc
2022-07-10T00:00:00Z,BTCTurk,TRY,USDTTRY,1d,17.577,"reported, not observed",graph-api.btcturk.com/v1/klines/history;api.btcturk.com/api/v2/ohlc
2022-07-11T00:00:00Z,BTCTurk,TRY,USDTTRY,1d,17.699,"reported, not observed",graph-api.btcturk.com/v1/klines/history;api.btcturk.com/api/v2/ohlc
2022-07-12T00:00:00Z,BTCTurk,TRY,USDTTRY,1d,17.657,"reported, not observed",graph-api.btcturk.com/v1/klines/history;api.btcturk.com/api/v2/ohlc
2022-07-13T00:00:00Z,BTCTurk,TRY,USDTTRY,1d,17.605,"reported, not observed",graph-api.btcturk.com/v1/klines/history;api.btcturk.com/api/v2/ohlc
2022-07-14T00:00:00Z,BTCTurk,TRY,USDTTRY,1d,17.471,"reported, not observed",graph-api.btcturk.com/v1/klines/history;api.btcturk.com/api/v2/ohlc
2022-07-15T00:00:00Z,BTCTurk,TRY,USDTTRY,1d,17.417,"reported, not observed",graph-api.btcturk.com/v1/klines/history;api.btcturk.com/api/v2/ohlc
2022-07-16T00:00:00Z,BTCTurk,TRY,USDTTRY,1d,17.245,"reported, not observed",graph-api.btcturk.com/v1/klines/history;api.btcturk.com/api/v2/ohlc
2022-07-17T00:00:00Z,BTCTurk,TRY,USDTTRY,1d,17.338,"reported, not observed",graph-api.btcturk.com/v1/klines/history;api.btcturk.com/api/v2/ohlc
2022-07-18T00:00:00Z,BTCTurk,TRY,USDTTRY,1d,17.363,"reported, not observed",graph-api.btcturk.com/v1/klines/history;api.btcturk.com/api/v2/ohlc
2022-07-19T00:00:00Z,BTCTurk,TRY,USDTTRY,1d,17.514,"reported, not observed",graph-api.btcturk.com/v1/klines/history;api.btcturk.com/api/v2/ohlc
2022-07-20T00:00:00Z,BTCTurk,TRY,USDTTRY,1d,17.739,"reported, not observed",graph-api.btcturk.com/v1/klines/history;api.btcturk.com/api/v2/ohlc
2022-07-21T00:00:00Z,BTCTurk,TRY,USDTTRY,1d,17.822,"reported, not observed",graph-api.btcturk.com/v1/klines/history;api.btcturk.com/api/v2/ohlc
2022-07-22T00:00:00Z,BTCTurk,TRY,USDTTRY,1d,17.999,"reported, not observed",graph-api.btcturk.com/v1/klines/history;api.btcturk.com/api/v2/ohlc
2022-07-23T00:00:00Z,BTCTurk,TRY,USDTTRY,1d,17.978,"reported, not observed",graph-api.btcturk.com/v1/klines/history;api.btcturk.com/api/v2/ohlc
2022-07-24T00:00:00Z,BTCTurk,TRY,USDTTRY,1d,17.916,"reported, not observed",graph-api.btcturk.com/v1/klines/history;api.btcturk.com/api/v2/ohlc
2022-07-25T00:00:00Z,BTCTurk,TRY,USDTTRY,1d,18.109,"reported, not observed",graph-api.btcturk.com/v1/klines/history;api.btcturk.com/api/v2/ohlc
2022-07-26T00:00:00Z,BTCTurk,TRY,USDTTRY,1d,18.068,"reported, not observed",graph-api.btcturk.com/v1/klines/history;api.btcturk.com/api/v2/ohlc
2022-07-27T00:00:00Z,BTCTurk,TRY,USDTTRY,1d,17.951,"reported, not observed",graph-api.btcturk.com/v1/klines/history;api.btcturk.com/api/v2/ohlc
2022-07-28T00:00:00Z,BTCTurk,TRY,USDTTRY,1d,17.877,"reported, not observed",graph-api.btcturk.com/v1/klines/history;api.btcturk.com/api/v2/ohlc
2022-07-29T00:00:00Z,BTCTurk,TRY,USDTTRY,1d,17.846,"reported, not observed",graph-api.btcturk.com/v1/klines/history;api.btcturk.com/api/v2/ohlc
2022-07-30T00:00:00Z,BTCTurk,TRY,USDTTRY,1d,17.932,"reported, not observed",graph-api.btcturk.com/v1/klines/history;api.btcturk.com/api/v2/ohlc
2022-07-31T00:00:00Z,BTCTurk,TRY,USDTTRY,1d,17.999,"reported, not observed",graph-api.btcturk.com/v1/klines/history;api.btcturk.com/api/v2/ohlc
2022-08-01T00:00:00Z,BTCTurk,TRY,USDTTRY,1d,17.996,"reported, not observed",graph-api.btcturk.com/v1/klines/history;api.btcturk.com/api/v2/ohlc
2022-08-02T00:00:00Z,BTCTurk,TRY,USDTTRY,1d,18.033,"reported, not observed",graph-api.btcturk.com/v1/klines/history;api.btcturk.com/api/v2/ohlc
2022-08-03T00:00:00Z,BTCTurk,TRY,USDTTRY,1d,18.032,"reported, not observed",graph-api.btcturk.com/v1/klines/history;api.btcturk.com/api/v2/ohlc
2022-08-04T00:00:00Z,BTCTurk,TRY,USDTTRY,1d,18.03,"reported, not observed",graph-api.btcturk.com/v1/klines/history;api.btcturk.com/api/v2/ohlc
2022-08-05T00:00:00Z,BTCTurk,TRY,USDTTRY,1d,17.907,"reported, not observed",graph-api.btcturk.com/v1/klines/history;api.btcturk.com/api/v2/ohlc
2022-08-06T00:00:00Z,BTCTurk,TRY,USDTTRY,1d,17.977,"reported, not observed",graph-api.btcturk.com/v1/klines/history;api.btcturk.com/api/v2/ohlc
2022-08-07T00:00:00Z,BTCTurk,TRY,USDTTRY,1d,17.979,"reported, not observed",graph-api.btcturk.com/v1/klines/history;api.btcturk.com/api/v2/ohlc
2022-08-08T00:00:00Z,BTCTurk,TRY,USDTTRY,1d,18.029,"reported, not observed",graph-api.btcturk.com/v1/klines/history;api.btcturk.com/api/v2/ohlc
2022-08-09T00:00:00Z,BTCTurk,TRY,USDTTRY,1d,18.099,"reported, not observed",graph-api.btcturk.com/v1/klines/history;api.btcturk.com/api/v2/ohlc
2022-08-10T00:00:00Z,BTCTurk,TRY,USDTTRY,1d,17.909,"reported, not observed",graph-api.btcturk.com/v1/klines/history;api.btcturk.com/api/v2/ohlc
2022-08-11T00:00:00Z,BTCTurk,TRY,USDTTRY,1d,18.054,"reported, not observed",graph-api.btcturk.com/v1/klines/history;api.btcturk.com/api/v2/ohlc
2022-08-12T00:00:00Z,BTCTurk,TRY,USDTTRY,1d,17.963,"reported, not observed",graph-api.btcturk.com/v1/klines/history;api.btcturk.com/api/v2/ohlc
2022-08-13T00:00:00Z,BTCTurk,TRY,USDTTRY,1d,18.047,"reported, not observed",graph-api.btcturk.com/v1/klines/history;api.btcturk.com/api/v2/ohlc
2022-08-14T00:00:00Z,BTCTurk,TRY,USDTTRY,1d,18.069,"reported, not observed",graph-api.btcturk.com/v1/klines/history;api.btcturk.com/api/v2/ohlc
2022-08-15T00:00:00Z,BTCTurk,TRY,USDTTRY,1d,18.127,"reported, not observed",graph-api.btcturk.com/v1/klines/history;api.btcturk.com/api/v2/ohlc
2022-08-16T00:00:00Z,BTCTurk,TRY,USDTTRY,1d,18.105,"reported, not observed",graph-api.btcturk.com/v1/klines/history;api.btcturk.com/api/v2/ohlc
2022-08-17T00:00:00Z,BTCTurk,TRY,USDTTRY,1d,18.176,"reported, not observed",graph-api.btcturk.com/v1/klines/history;api.btcturk.com/api/v2/ohlc
2022-08-18T00:00:00Z,BTCTurk,TRY,USDTTRY,1d,18.313,"reported, not observed",graph-api.btcturk.com/v1/klines/history;api.btcturk.com/api/v2/ohlc
2022-08-19T00:00:00Z,BTCTurk,TRY,USDTTRY,1d,18.442,"reported, not observed",graph-api.btcturk.com/v1/klines/history;api.btcturk.com/api/v2/ohlc
2022-08-20T00:00:00Z,BTCTurk,TRY,USDTTRY,1d,18.459,"reported, not observed",graph-api.btcturk.com/v1/klines/history;api.btcturk.com/api/v2/ohlc
2022-08-21T00:00:00Z,BTCTurk,TRY,USDTTRY,1d,18.391,"reported, not observed",graph-api.btcturk.com/v1/klines/history;api.btcturk.com/api/v2/ohlc
2022-08-22T00:00:00Z,BTCTurk,TRY,USDTTRY,1d,18.3,"reported, not observed",graph-api.btcturk.com/v1/klines/history;api.btcturk.com/api/v2/ohlc
2022-08-23T00:00:00Z,BTCTurk,TRY,USDTTRY,1d,18.182,"reported, not observed",graph-api.btcturk.com/v1/klines/history;api.btcturk.com/api/v2/ohlc
2022-08-24T00:00:00Z,BTCTurk,TRY,USDTTRY,1d,18.285,"reported, not observed",graph-api.btcturk.com/v1/klines/history;api.btcturk.com/api/v2/ohlc
2022-08-25T00:00:00Z,BTCTurk,TRY,USDTTRY,1d,18.308,"reported, not observed",graph-api.btcturk.com/v1/klines/history;api.btcturk.com/api/v2/ohlc
2022-08-26T00:00:00Z,BTCTurk,TRY,USDTTRY,1d,18.486,"reported, not observed",graph-api.btcturk.com/v1/klines/history;api.btcturk.com/api/v2/ohlc
2022-08-27T00:00:00Z,BTCTurk,TRY,USDTTRY,1d,18.442,"reported, not observed",graph-api.btcturk.com/v1/klines/history;api.btcturk.com/api/v2/ohlc
2022-08-28T00:00:00Z,BTCTurk,TRY,USDTTRY,1d,18.45,"reported, not observed",graph-api.btcturk.com/v1/klines/history;api.btcturk.com/api/v2/ohlc
2022-08-29T00:00:00Z,BTCTurk,TRY,USDTTRY,1d,18.354,"reported, not observed",graph-api.btcturk.com/v1/klines/history;api.btcturk.com/api/v2/ohlc
2022-08-30T00:00:00Z,BTCTurk,TRY,USDTTRY,1d,18.384,"reported, not observed",graph-api.btcturk.com/v1/klines/history;api.btcturk.com/api/v2/ohlc
2022-08-31T00:00:00Z,BTCTurk,TRY,USDTTRY,1d,18.379,"reported, not observed",graph-api.btcturk.com/v1/klines/history;api.btcturk.com/api/v2/ohlc
2022-09-01T00:00:00Z,BTCTurk,TRY,USDTTRY,1d,18.312,"reported, not observed",graph-api.btcturk.com/v1/klines/history;api.btcturk.com/api/v2/ohlc
2022-09-02T00:00:00Z,BTCTurk,TRY,USDTTRY,1d,18.383,"reported, not observed",graph-api.btcturk.com/v1/klines/history;api.btcturk.com/api/v2/ohlc
2022-09-03T00:00:00Z,BTCTurk,TRY,USDTTRY,1d,18.385,"reported, not observed",graph-api.btcturk.com/v1/klines/history;api.btcturk.com/api/v2/ohlc
2022-09-04T00:00:00Z,BTCTurk,TRY,USDTTRY,1d,18.328,"reported, not observed",graph-api.btcturk.com/v1/klines/history;api.btcturk.com/api/v2/ohlc
2022-09-05T00:00:00Z,BTCTurk,TRY,USDTTRY,1d,18.324,"reported, not observed",graph-api.btcturk.com/v1/klines/history;api.btcturk.com/api/v2/ohlc
2022-09-06T00:00:00Z,BTCTurk,TRY,USDTTRY,1d,18.42,"reported, not observed",graph-api.btcturk.com/v1/klines/history;api.btcturk.com/api/v2/ohlc
2022-09-07T00:00:00Z,BTCTurk,TRY,USDTTRY,1d,18.345,"reported, not observed",graph-api.btcturk.com/v1/klines/history;api.btcturk.com/api/v2/ohlc
2022-09-08T00:00:00Z,BTCTurk,TRY,USDTTRY,1d,18.368,"reported, not observed",graph-api.btcturk.com/v1/klines/history;api.btcturk.com/api/v2/ohlc
2022-09-09T00:00:00Z,BTCTurk,TRY,USDTTRY,1d,18.364,"reported, not observed",graph-api.btcturk.com/v1/klines/history;api.btcturk.com/api/v2/ohlc
2022-09-10T00:00:00Z,BTCTurk,TRY,USDTTRY,1d,18.349,"reported, not observed",graph-api.btcturk.com/v1/klines/history;api.btcturk.com/api/v2/ohlc
2022-09-11T00:00:00Z,BTCTurk,TRY,USDTTRY,1d,18.336,"reported, not observed",graph-api.btcturk.com/v1/klines/history;api.btcturk.com/api/v2/ohlc
2022-09-12T00:00:00Z,BTCTurk,TRY,USDTTRY,1d,18.39,"reported, not observed",graph-api.btcturk.com/v1/klines/history;api.btcturk.com/api/v2/ohlc
2022-09-13T00:00:00Z,BTCTurk,TRY,USDTTRY,1d,18.449,"reported, not observed",graph-api.btcturk.com/v1/klines/history;api.btcturk.com/api/v2/ohlc
2022-09-14T00:00:00Z,BTCTurk,TRY,USDTTRY,1d,18.465,"reported, not observed",graph-api.btcturk.com/v1/klines/history;api.btcturk.com/api/v2/ohlc
2022-09-15T00:00:00Z,BTCTurk,TRY,USDTTRY,1d,18.509,"reported, not observed",graph-api.btcturk.com/v1/klines/history;api.btcturk.com/api/v2/ohlc
2022-09-16T00:00:00Z,BTCTurk,TRY,USDTTRY,1d,18.529,"reported, not observed",graph-api.btcturk.com/v1/klines/history;api.btcturk.com/api/v2/ohlc
2022-09-17T00:00:00Z,BTCTurk,TRY,USDTTRY,1d,18.458,"reported, not observed",graph-api.btcturk.com/v1/klines/history;api.btcturk.com/api/v2/ohlc
2022-09-18T00:00:00Z,BTCTurk,TRY,USDTTRY,1d,18.554,"reported, not observed",graph-api.btcturk.com/v1/klines/history;api.btcturk.com/api/v2/ohlc
2022-09-19T00:00:00Z,BTCTurk,TRY,USDTTRY,1d,18.53,"reported, not observed",graph-api.btcturk.com/v1/klines/history;api.btcturk.com/api/v2/ohlc
2022-09-20T00:00:00Z,BTCTurk,TRY,USDTTRY,1d,18.559,"reported, not observed",graph-api.btcturk.com/v1/klines/history;api.btcturk.com/api/v2/ohlc
2022-09-21T00:00:00Z,BTCTurk,TRY,USDTTRY,1d,18.646,"reported, not observed",graph-api.btcturk.com/v1/klines/history;api.btcturk.com/api/v2/ohlc
2022-09-22T00:00:00Z,BTCTurk,TRY,USDTTRY,1d,18.494,"reported, not observed",graph-api.btcturk.com/v1/klines/history;api.btcturk.com/api/v2/ohlc
2022-09-23T00:00:00Z,BTCTurk,TRY,USDTTRY,1d,18.514,"reported, not observed",graph-api.btcturk.com/v1/klines/history;api.btcturk.com/api/v2/ohlc
2022-09-24T00:00:00Z,BTCTurk,TRY,USDTTRY,1d,18.579,"reported, not observed",graph-api.btcturk.com/v1/klines/history;api.btcturk.com/api/v2/ohlc
2022-09-25T00:00:00Z,BTCTurk,TRY,USDTTRY,1d,18.618,"reported, not observed",graph-api.btcturk.com/v1/klines/history;api.btcturk.com/api/v2/ohlc
2022-09-26T00:00:00Z,BTCTurk,TRY,USDTTRY,1d,18.573,"reported, not observed",graph-api.btcturk.com/v1/klines/history;api.btcturk.com/api/v2/ohlc
2022-09-27T00:00:00Z,BTCTurk,TRY,USDTTRY,1d,18.635,"reported, not observed",graph-api.btcturk.com/v1/klines/history;api.btcturk.com/api/v2/ohlc
2022-09-28T00:00:00Z,BTCTurk,TRY,USDTTRY,1d,18.631,"reported, not observed",graph-api.btcturk.com/v1/klines/history;api.btcturk.com/api/v2/ohlc
2022-09-29T00:00:00Z,BTCTurk,TRY,USDTTRY,1d,18.64,"reported, not observed",graph-api.btcturk.com/v1/klines/history;api.btcturk.com/api/v2/ohlc
2022-09-30T00:00:00Z,BTCTurk,TRY,USDTTRY,1d,18.705,"reported, not observed",graph-api.btcturk.com/v1/klines/history;api.btcturk.com/api/v2/ohlc
2022-10-01T00:00:00Z,BTCTurk,TRY,USDTTRY,1d,18.703,"reported, not observed",graph-api.btcturk.com/v1/klines/history;api.btcturk.com/api/v2/ohlc
2022-10-02T00:00:00Z,BTCTurk,TRY,USDTTRY,1d,18.759,"reported, not observed",graph-api.btcturk.com/v1/klines/history;api.btcturk.com/api/v2/ohlc
2022-10-03T00:00:00Z,BTCTurk,TRY,USDTTRY,1d,18.73,"reported, not observed",graph-api.btcturk.com/v1/klines/history;api.btcturk.com/api/v2/ohlc
2022-10-04T00:00:00Z,BTCTurk,TRY,USDTTRY,1d,18.707,"reported, not observed",graph-api.btcturk.com/v1/klines/history;api.btcturk.com/api/v2/ohlc
2022-10-05T00:00:00Z,BTCTurk,TRY,USDTTRY,1d,18.739,"reported, not observed",graph-api.btcturk.com/v1/klines/history;api.btcturk.com/api/v2/ohlc
2022-10-06T00:00:00Z,BTCTurk,TRY,USDTTRY,1d,18.737,"reported, not observed",graph-api.btcturk.com/v1/klines/history;api.btcturk.com/api/v2/ohlc
2022-10-07T00:00:00Z,BTCTurk,TRY,USDTTRY,1d,18.763,"reported, not observed",graph-api.btcturk.com/v1/klines/history;api.btcturk.com/api/v2/ohlc
2022-10-08T00:00:00Z,BTCTurk,TRY,USDTTRY,1d,18.798,"reported, not observed",graph-api.btcturk.com/v1/klines/history;api.btcturk.com/api/v2/ohlc
2022-10-09T00:00:00Z,BTCTurk,TRY,USDTTRY,1d,18.789,"reported, not observed",graph-api.btcturk.com/v1/klines/history;api.btcturk.com/api/v2/ohlc
2022-10-10T00:00:00Z,BTCTurk,TRY,USDTTRY,1d,18.82,"reported, not observed",graph-api.btcturk.com/v1/klines/history;api.btcturk.com/api/v2/ohlc
2022-10-11T00:00:00Z,BTCTurk,TRY,USDTTRY,1d,18.819,"reported, not observed",graph-api.btcturk.com/v1/klines/history;api.btcturk.com/api/v2/ohlc
2022-10-12T00:00:00Z,BTCTurk,TRY,USDTTRY,1d,18.818,"reported, not observed",graph-api.btcturk.com/v1/klines/history;api.btcturk.com/api/v2/ohlc
2022-10-13T00:00:00Z,BTCTurk,TRY,USDTTRY,1d,18.821,"reported, not observed",graph-api.btcturk.com/v1/klines/history;api.btcturk.com/api/v2/ohlc
2022-10-14T00:00:00Z,BTCTurk,TRY,USDTTRY,1d,18.84,"reported, not observed",graph-api.btcturk.com/v1/klines/history;api.btcturk.com/api/v2/ohlc
2022-10-15T00:00:00Z,BTCTurk,TRY,USDTTRY,1d,18.888,"reported, not observed",graph-api.btcturk.com/v1/klines/history;api.btcturk.com/api/v2/ohlc
2022-10-16T00:00:00Z,BTCTurk,TRY,USDTTRY,1d,18.844,"reported, not observed",graph-api.btcturk.com/v1/klines/history;api.btcturk.com/api/v2/ohlc
2022-10-17T00:00:00Z,BTCTurk,TRY,USDTTRY,1d,18.791,"reported, not observed",graph-api.btcturk.com/v1/klines/history;api.btcturk.com/api/v2/ohlc
2022-10-18T00:00:00Z,BTCTurk,TRY,USDTTRY,1d,18.843,"reported, not observed",graph-api.btcturk.com/v1/klines/history;api.btcturk.com/api/v2/ohlc
2022-10-19T00:00:00Z,BTCTurk,TRY,USDTTRY,1d,18.9,"reported, not observed",graph-api.btcturk.com/v1/klines/history;api.btcturk.com/api/v2/ohlc
2022-10-20T00:00:00Z,BTCTurk,TRY,USDTTRY,1d,18.916,"reported, not observed",graph-api.btcturk.com/v1/klines/history;api.btcturk.com/api/v2/ohlc
2022-10-21T00:00:00Z,BTCTurk,TRY,USDTTRY,1d,18.9,"reported, not observed",graph-api.btcturk.com/v1/klines/history;api.btcturk.com/api/v2/ohlc
2022-10-22T00:00:00Z,BTCTurk,TRY,USDTTRY,1d,18.892,"reported, not observed",graph-api.btcturk.com/v1/klines/history;api.btcturk.com/api/v2/ohlc
2022-10-23T00:00:00Z,BTCTurk,TRY,USDTTRY,1d,18.831,"reported, not observed",graph-api.btcturk.com/v1/klines/history;api.btcturk.com/api/v2/ohlc
2022-10-24T00:00:00Z,BTCTurk,TRY,USDTTRY,1d,18.845,"reported, not observed",graph-api.btcturk.com/v1/klines/history;api.btcturk.com/api/v2/ohlc
2022-10-25T00:00:00Z,BTCTurk,TRY,USDTTRY,1d,18.751,"reported, not observed",graph-api.btcturk.com/v1/klines/history;api.btcturk.com/api/v2/ohlc
2022-10-26T00:00:00Z,BTCTurk,TRY,USDTTRY,1d,18.753,"reported, not observed",graph-api.btcturk.com/v1/klines/history;api.btcturk.com/api/v2/ohlc
2022-10-27T00:00:00Z,BTCTurk,TRY,USDTTRY,1d,18.831,"reported, not observed",graph-api.btcturk.com/v1/klines/history;api.btcturk.com/api/v2/ohlc
2022-10-28T00:00:00Z,BTCTurk,TRY,USDTTRY,1d,18.787,"reported, not observed",graph-api.btcturk.com/v1/klines/history;api.btcturk.com/api/v2/ohlc
2022-10-29T00:00:00Z,BTCTurk,TRY,USDTTRY,1d,18.758,"reported, not observed",graph-api.btcturk.com/v1/klines/history;api.btcturk.com/api/v2/ohlc
2022-10-30T00:00:00Z,BTCTurk,TRY,USDTTRY,1d,18.697,"reported, not observed",graph-api.btcturk.com/v1/klines/history;api.btcturk.com/api/v2/ohlc
2022-10-31T00:00:00Z,BTCTurk,TRY,USDTTRY,1d,18.76,"reported, not observed",graph-api.btcturk.com/v1/klines/history;api.btcturk.com/api/v2/ohlc
2022-11-01T00:00:00Z,BTCTurk,TRY,USDTTRY,1d,18.793,"reported, not observed",graph-api.btcturk.com/v1/klines/history;api.btcturk.com/api/v2/ohlc
2022-11-02T00:00:00Z,BTCTurk,TRY,USDTTRY,1d,18.919,"reported, not observed",graph-api.btcturk.com/v1/klines/history;api.btcturk.com/api/v2/ohlc
2022-11-03T00:00:00Z,BTCTurk,TRY,USDTTRY,1d,18.886,"reported, not observed",graph-api.btcturk.com/v1/klines/history;api.btcturk.com/api/v2/ohlc
2022-11-04T00:00:00Z,BTCTurk,TRY,USDTTRY,1d,18.658,"reported, not observed",graph-api.btcturk.com/v1/klines/history;api.btcturk.com/api/v2/ohlc
2022-11-05T00:00:00Z,BTCTurk,TRY,USDTTRY,1d,18.686,"reported, not observed",graph-api.btcturk.com/v1/klines/history;api.btcturk.com/api/v2/ohlc
2022-11-06T00:00:00Z,BTCTurk,TRY,USDTTRY,1d,18.845,"reported, not observed",graph-api.btcturk.com/v1/klines/history;api.btcturk.com/api/v2/ohlc
2022-11-07T00:00:00Z,BTCTurk,TRY,USDTTRY,1d,18.806,"reported, not observed",graph-api.btcturk.com/v1/klines/history;api.btcturk.com/api/v2/ohlc
2022-11-08T00:00:00Z,BTCTurk,TRY,USDTTRY,1d,18.958,"reported, not observed",graph-api.btcturk.com/v1/klines/history;api.btcturk.com/api/v2/ohlc
2022-11-09T00:00:00Z,BTCTurk,TRY,USDTTRY,1d,19.374,"reported, not observed",graph-api.btcturk.com/v1/klines/history;api.btcturk.com/api/v2/ohlc
2022-11-10T00:00:00Z,BTCTurk,TRY,USDTTRY,1d,18.924,"reported, not observed",graph-api.btcturk.com/v1/klines/history;api.btcturk.com/api/v2/ohlc
2022-11-11T00:00:00Z,BTCTurk,TRY,USDTTRY,1d,18.997,"reported, not observed",graph-api.btcturk.com/v1/klines/history;api.btcturk.com/api/v2/ohlc
2022-11-12T00:00:00Z,BTCTurk,TRY,USDTTRY,1d,19.137,"reported, not observed",graph-api.btcturk.com/v1/klines/history;api.btcturk.com/api/v2/ohlc
2022-11-13T00:00:00Z,BTCTurk,TRY,USDTTRY,1d,19.154,"reported, not observed",graph-api.btcturk.com/v1/klines/history;api.btcturk.com/api/v2/ohlc
2022-11-14T00:00:00Z,BTCTurk,TRY,USDTTRY,1d,19.133,"reported, not observed",graph-api.btcturk.com/v1/klines/history;api.btcturk.com/api/v2/ohlc
2022-11-15T00:00:00Z,BTCTurk,TRY,USDTTRY,1d,19.002,"reported, not observed",graph-api.btcturk.com/v1/klines/history;api.btcturk.com/api/v2/ohlc
2022-11-16T00:00:00Z,BTCTurk,TRY,USDTTRY,1d,19.062,"reported, not observed",graph-api.btcturk.com/v1/klines/history;api.btcturk.com/api/v2/ohlc
2022-11-17T00:00:00Z,BTCTurk,TRY,USDTTRY,1d,19.046,"reported, not observed",graph-api.btcturk.com/v1/klines/history;api.btcturk.com/api/v2/ohlc
2022-11-18T00:00:00Z,BTCTurk,TRY,USDTTRY,1d,19.054,"reported, not observed",graph-api.btcturk.com/v1/klines/history;api.btcturk.com/api/v2/ohlc
2022-11-19T00:00:00Z,BTCTurk,TRY,USDTTRY,1d,19.069,"reported, not observed",graph-api.btcturk.com/v1/klines/history;api.btcturk.com/api/v2/ohlc
2022-11-20T00:00:00Z,BTCTurk,TRY,USDTTRY,1d,19.268,"reported, not observed",graph-api.btcturk.com/v1/klines/history;api.btcturk.com/api/v2/ohlc
2022-11-21T00:00:00Z,BTCTurk,TRY,USDTTRY,1d,19.105,"reported, not observed",graph-api.btcturk.com/v1/klines/history;api.btcturk.com/api/v2/ohlc
2022-11-22T00:00:00Z,BTCTurk,TRY,USDTTRY,1d,19.032,"reported, not observed",graph-api.btcturk.com/v1/klines/history;api.btcturk.com/api/v2/ohlc
2022-11-23T00:00:00Z,BTCTurk,TRY,USDTTRY,1d,19.015,"reported, not observed",graph-api.btcturk.com/v1/klines/history;api.btcturk.com/api/v2/ohlc
2022-11-24T00:00:00Z,BTCTurk,TRY,USDTTRY,1d,19.057,"reported, not observed",graph-api.btcturk.com/v1/klines/history;api.btcturk.com/api/v2/ohlc
2022-11-25T00:00:00Z,BTCTurk,TRY,USDTTRY,1d,19.044,"reported, not observed",graph-api.btcturk.com/v1/klines/history;api.btcturk.com/api/v2/ohlc
2022-11-26T00:00:00Z,BTCTurk,TRY,USDTTRY,1d,19.05,"reported, not observed",graph-api.btcturk.com/v1/klines/history;api.btcturk.com/api/v2/ohlc
2022-11-27T00:00:00Z,BTCTurk,TRY,USDTTRY,1d,19.037,"reported, not observed",graph-api.btcturk.com/v1/klines/history;api.btcturk.com/api/v2/ohlc
2022-11-28T00:00:00Z,BTCTurk,TRY,USDTTRY,1d,19.016,"reported, not observed",graph-api.btcturk.com/v1/klines/history;api.btcturk.com/api/v2/ohlc
2022-11-29T00:00:00Z,BTCTurk,TRY,USDTTRY,1d,19.014,"reported, not observed",graph-api.btcturk.com/v1/klines/history;api.btcturk.com/api/v2/ohlc
2022-11-30T00:00:00Z,BTCTurk,TRY,USDTTRY,1d,18.886,"reported, not observed",graph-api.btcturk.com/v1/klines/history;api.btcturk.com/api/v2/ohlc
2022-12-01T00:00:00Z,BTCTurk,TRY,USDTTRY,1d,18.931,"reported, not observed",graph-api.btcturk.com/v1/klines/history;api.btcturk.com/api/v2/ohlc
2022-12-02T00:00:00Z,BTCTurk,TRY,USDTTRY,1d,18.932,"reported, not observed",graph-api.btcturk.com/v1/klines/history;api.btcturk.com/api/v2/ohlc
2022-12-03T00:00:00Z,BTCTurk,TRY,USDTTRY,1d,18.992,"reported, not observed",graph-api.btcturk.com/v1/klines/history;api.btcturk.com/api/v2/ohlc
2022-12-04T00:00:00Z,BTCTurk,TRY,USDTTRY,1d,18.935,"reported, not observed",graph-api.btcturk.com/v1/klines/history;api.btcturk.com/api/v2/ohlc
2022-12-05T00:00:00Z,BTCTurk,TRY,USDTTRY,1d,18.971,"reported, not observed",graph-api.btcturk.com/v1/klines/history;api.btcturk.com/api/v2/ohlc
2022-12-06T00:00:00Z,BTCTurk,TRY,USDTTRY,1d,18.886,"reported, not observed",graph-api.btcturk.com/v1/klines/history;api.btcturk.com/api/v2/ohlc
2022-12-07T00:00:00Z,BTCTurk,TRY,USDTTRY,1d,18.926,"reported, not observed",graph-api.btcturk.com/v1/klines/history;api.btcturk.com/api/v2/ohlc
2022-12-08T00:00:00Z,BTCTurk,TRY,USDTTRY,1d,18.878,"reported, not observed",graph-api.btcturk.com/v1/klines/history;api.btcturk.com/api/v2/ohlc
2022-12-09T00:00:00Z,BTCTurk,TRY,USDTTRY,1d,18.933,"reported, not observed",graph-api.btcturk.com/v1/klines/history;api.btcturk.com/api/v2/ohlc
2022-12-10T00:00:00Z,BTCTurk,TRY,USDTTRY,1d,18.921,"reported, not observed",graph-api.btcturk.com/v1/klines/history;api.btcturk.com/api/v2/ohlc
2022-12-11T00:00:00Z,BTCTurk,TRY,USDTTRY,1d,18.954,"reported, not observed",graph-api.btcturk.com/v1/klines/history;api.btcturk.com/api/v2/ohlc
2022-12-12T00:00:00Z,BTCTurk,TRY,USDTTRY,1d,18.921,"reported, not observed",graph-api.btcturk.com/v1/klines/history;api.btcturk.com/api/v2/ohlc
2022-12-13T00:00:00Z,BTCTurk,TRY,USDTTRY,1d,18.882,"reported, not observed",graph-api.btcturk.com/v1/klines/history;api.btcturk.com/api/v2/ohlc
2022-12-14T00:00:00Z,BTCTurk,TRY,USDTTRY,1d,18.923,"reported, not observed",graph-api.btcturk.com/v1/klines/history;api.btcturk.com/api/v2/ohlc
2022-12-15T00:00:00Z,BTCTurk,TRY,USDTTRY,1d,18.942,"reported, not observed",graph-api.btcturk.com/v1/klines/history;api.btcturk.com/api/v2/ohlc
2022-12-16T00:00:00Z,BTCTurk,TRY,USDTTRY,1d,19.098,"reported, not observed",graph-api.btcturk.com/v1/klines/history;api.btcturk.com/api/v2/ohlc
2022-12-17T00:00:00Z,BTCTurk,TRY,USDTTRY,1d,19.087,"reported, not observed",graph-api.btcturk.com/v1/klines/history;api.btcturk.com/api/v2/ohlc
2022-12-18T00:00:00Z,BTCTurk,TRY,USDTTRY,1d,19.068,"reported, not observed",graph-api.btcturk.com/v1/klines/history;api.btcturk.com/api/v2/ohlc
2022-12-19T00:00:00Z,BTCTurk,TRY,USDTTRY,1d,19.034,"reported, not observed",graph-api.btcturk.com/v1/klines/history;api.btcturk.com/api/v2/ohlc
2022-12-20T00:00:00Z,BTCTurk,TRY,USDTTRY,1d,19.0,"reported, not observed",graph-api.btcturk.com/v1/klines/history;api.btcturk.com/api/v2/ohlc
2022-12-21T00:00:00Z,BTCTurk,TRY,USDTTRY,1d,18.947,"reported, not observed",graph-api.btcturk.com/v1/klines/history;api.btcturk.com/api/v2/ohlc
2022-12-22T00:00:00Z,BTCTurk,TRY,USDTTRY,1d,18.985,"reported, not observed",graph-api.btcturk.com/v1/klines/history;api.btcturk.com/api/v2/ohlc
2022-12-23T00:00:00Z,BTCTurk,TRY,USDTTRY,1d,19.046,"reported, not observed",graph-api.btcturk.com/v1/klines/history;api.btcturk.com/api/v2/ohlc
2022-12-24T00:00:00Z,BTCTurk,TRY,USDTTRY,1d,19.011,"reported, not observed",graph-api.btcturk.com/v1/klines/history;api.btcturk.com/api/v2/ohlc
2022-12-25T00:00:00Z,BTCTurk,TRY,USDTTRY,1d,19.005,"reported, not observed",graph-api.btcturk.com/v1/klines/history;api.btcturk.com/api/v2/ohlc
2022-12-26T00:00:00Z,BTCTurk,TRY,USDTTRY,1d,18.969,"reported, not observed",graph-api.btcturk.com/v1/klines/history;api.btcturk.com/api/v2/ohlc
2022-12-27T00:00:00Z,BTCTurk,TRY,USDTTRY,1d,18.963,"reported, not observed",graph-api.btcturk.com/v1/klines/history;api.btcturk.com/api/v2/ohlc
2022-12-28T00:00:00Z,BTCTurk,TRY,USDTTRY,1d,18.991,"reported, not observed",graph-api.btcturk.com/v1/klines/history;api.btcturk.com/api/v2/ohlc
2022-12-29T00:00:00Z,BTCTurk,TRY,USDTTRY,1d,18.952,"reported, not observed",graph-api.btcturk.com/v1/klines/history;api.btcturk.com/api/v2/ohlc
2022-12-30T00:00:00Z,BTCTurk,TRY,USDTTRY,1d,19.061,"reported, not observed",graph-api.btcturk.com/v1/klines/history;api.btcturk.com/api/v2/ohlc
2022-12-31T00:00:00Z,BTCTurk,TRY,USDTTRY,1d,19.074,"reported, not observed",graph-api.btcturk.com/v1/klines/history;api.btcturk.com/api/v2/ohlc
2023-01-01T00:00:00Z,BTCTurk,TRY,USDTTRY,1d,19.036,"reported, not observed",graph-api.btcturk.com/v1/klines/history;api.btcturk.com/api/v2/ohlc
2023-01-02T00:00:00Z,BTCTurk,TRY,USDTTRY,1d,19.064,"reported, not observed",graph-api.btcturk.com/v1/klines/history;api.btcturk.com/api/v2/ohlc
2023-01-03T00:00:00Z,BTCTurk,TRY,USDTTRY,1d,19.013,"reported, not observed",graph-api.btcturk.com/v1/klines/history;api.btcturk.com/api/v2/ohlc
2023-01-04T00:00:00Z,BTCTurk,TRY,USDTTRY,1d,18.982,"reported, not observed",graph-api.btcturk.com/v1/klines/history;api.btcturk.com/api/v2/ohlc
2023-01-05T00:00:00Z,BTCTurk,TRY,USDTTRY,1d,18.998,"reported, not observed",graph-api.btcturk.com/v1/klines/history;api.btcturk.com/api/v2/ohlc
2023-01-06T00:00:00Z,BTCTurk,TRY,USDTTRY,1d,19.025,"reported, not observed",graph-api.btcturk.com/v1/klines/history;api.btcturk.com/api/v2/ohlc
2023-01-07T00:00:00Z,BTCTurk,TRY,USDTTRY,1d,19.063,"reported, not observed",graph-api.btcturk.com/v1/klines/history;api.btcturk.com/api/v2/ohlc
2023-01-08T00:00:00Z,BTCTurk,TRY,USDTTRY,1d,18.989,"reported, not observed",graph-api.btcturk.com/v1/klines/history;api.btcturk.com/api/v2/ohlc
2023-01-09T00:00:00Z,BTCTurk,TRY,USDTTRY,1d,18.989,"reported, not observed",graph-api.btcturk.com/v1/klines/history;api.btcturk.com/api/v2/ohlc
2023-01-10T00:00:00Z,BTCTurk,TRY,USDTTRY,1d,19.043,"reported, not observed",graph-api.btcturk.com/v1/klines/history;api.btcturk.com/api/v2/ohlc
2023-01-11T00:00:00Z,BTCTurk,TRY,USDTTRY,1d,19.01,"reported, not observed",graph-api.btcturk.com/v1/klines/history;api.btcturk.com/api/v2/ohlc
2023-01-12T00:00:00Z,BTCTurk,TRY,USDTTRY,1d,19.01,"reported, not observed",graph-api.btcturk.com/v1/klines/history;api.btcturk.com/api/v2/ohlc
2023-01-13T00:00:00Z,BTCTurk,TRY,USDTTRY,1d,19.07,"reported, not observed",graph-api.btcturk.com/v1/klines/history;api.btcturk.com/api/v2/ohlc
2023-01-14T00:00:00Z,BTCTurk,TRY,USDTTRY,1d,19.086,"reported, not observed",graph-api.btcturk.com/v1/klines/history;api.btcturk.com/api/v2/ohlc
2023-01-15T00:00:00Z,BTCTurk,TRY,USDTTRY,1d,19.049,"reported, not observed",graph-api.btcturk.com/v1/klines/history;api.btcturk.com/api/v2/ohlc
2023-01-16T00:00:00Z,BTCTurk,TRY,USDTTRY,1d,19.151,"reported, not observed",graph-api.btcturk.com/v1/klines/history;api.btcturk.com/api/v2/ohlc
2023-01-17T00:00:00Z,BTCTurk,TRY,USDTTRY,1d,19.185,"reported, not observed",graph-api.btcturk.com/v1/klines/history;api.btcturk.com/api/v2/ohlc
2023-01-18T00:00:00Z,BTCTurk,TRY,USDTTRY,1d,19.217,"reported, not observed",graph-api.btcturk.com/v1/klines/history;api.btcturk.com/api/v2/ohlc
2023-01-19T00:00:00Z,BTCTurk,TRY,USDTTRY,1d,19.208,"reported, not observed",graph-api.btcturk.com/v1/klines/history;api.btcturk.com/api/v2/ohlc
2023-01-20T00:00:00Z,BTCTurk,TRY,USDTTRY,1d,19.109,"reported, not observed",graph-api.btcturk.com/v1/klines/history;api.btcturk.com/api/v2/ohlc
2023-01-21T00:00:00Z,BTCTurk,TRY,USDTTRY,1d,19.169,"reported, not observed",graph-api.btcturk.com/v1/klines/history;api.btcturk.com/api/v2/ohlc
2023-01-22T00:00:00Z,BTCTurk,TRY,USDTTRY,1d,19.201,"reported, not observed",graph-api.btcturk.com/v1/klines/history;api.btcturk.com/api/v2/ohlc
2023-01-23T00:00:00Z,BTCTurk,TRY,USDTTRY,1d,19.152,"reported, not observed",graph-api.btcturk.com/v1/klines/history;api.btcturk.com/api/v2/ohlc
2023-01-24T00:00:00Z,BTCTurk,TRY,USDTTRY,1d,19.288,"reported, not observed",graph-api.btcturk.com/v1/klines/history;api.btcturk.com/api/v2/ohlc
2023-01-25T00:00:00Z,BTCTurk,TRY,USDTTRY,1d,19.177,"reported, not observed",graph-api.btcturk.com/v1/klines/history;api.btcturk.com/api/v2/ohlc
2023-01-26T00:00:00Z,BTCTurk,TRY,USDTTRY,1d,19.177,"reported, not observed",graph-api.btcturk.com/v1/klines/history;api.btcturk.com/api/v2/ohlc
2023-01-27T00:00:00Z,BTCTurk,TRY,USDTTRY,1d,19.145,"reported, not observed",graph-api.btcturk.com/v1/klines/history;api.btcturk.com/api/v2/ohlc
2023-01-28T00:00:00Z,BTCTurk,TRY,USDTTRY,1d,19.171,"reported, not observed",graph-api.btcturk.com/v1/klines/history;api.btcturk.com/api/v2/ohlc
2023-01-29T00:00:00Z,BTCTurk,TRY,USDTTRY,1d,19.065,"reported, not observed",graph-api.btcturk.com/v1/klines/history;api.btcturk.com/api/v2/ohlc
2023-01-30T00:00:00Z,BTCTurk,TRY,USDTTRY,1d,19.22,"reported, not observed",graph-api.btcturk.com/v1/klines/history;api.btcturk.com/api/v2/ohlc
2023-01-31T00:00:00Z,BTCTurk,TRY,USDTTRY,1d,19.143,"reported, not observed",graph-api.btcturk.com/v1/klines/history;api.btcturk.com/api/v2/ohlc
2023-02-01T00:00:00Z,BTCTurk,TRY,USDTTRY,1d,19.065,"reported, not observed",graph-api.btcturk.com/v1/klines/history;api.btcturk.com/api/v2/ohlc
2023-02-02T00:00:00Z,BTCTurk,TRY,USDTTRY,1d,19.117,"reported, not observed",graph-api.btcturk.com/v1/klines/history;api.btcturk.com/api/v2/ohlc
2023-02-03T00:00:00Z,BTCTurk,TRY,USDTTRY,1d,19.084,"reported, not observed",graph-api.btcturk.com/v1/klines/history;api.btcturk.com/api/v2/ohlc
2023-02-04T00:00:00Z,BTCTurk,TRY,USDTTRY,1d,19.144,"reported, not observed",graph-api.btcturk.com/v1/klines/history;api.btcturk.com/api/v2/ohlc
2023-02-05T00:00:00Z,BTCTurk,TRY,USDTTRY,1d,19.218,"reported, not observed",graph-api.btcturk.com/v1/klines/history;api.btcturk.com/api/v2/ohlc
2023-02-06T00:00:00Z,BTCTurk,TRY,USDTTRY,1d,19.257,"reported, not observed",graph-api.btcturk.com/v1/klines/history;api.btcturk.com/api/v2/ohlc
2023-02-07T00:00:00Z,BTCTurk,TRY,USDTTRY,1d,19.065,"reported, not observed",graph-api.btcturk.com/v1/klines/history;api.btcturk.com/api/v2/ohlc
2023-02-08T00:00:00Z,BTCTurk,TRY,USDTTRY,1d,19.16,"reported, not observed",graph-api.btcturk.com/v1/klines/history;api.btcturk.com/api/v2/ohlc
2023-02-09T00:00:00Z,BTCTurk,TRY,USDTTRY,1d,19.271,"reported, not observed",graph-api.btcturk.com/v1/klines/history;api.btcturk.com/api/v2/ohlc
2023-02-10T00:00:00Z,BTCTurk,TRY,USDTTRY,1d,19.333,"reported, not observed",graph-api.btcturk.com/v1/klines/history;api.btcturk.com/api/v2/ohlc
2023-02-11T00:00:00Z,BTCTurk,TRY,USDTTRY,1d,19.27,"reported, not observed",graph-api.btcturk.com/v1/klines/history;api.btcturk.com/api/v2/ohlc
2023-02-12T00:00:00Z,BTCTurk,TRY,USDTTRY,1d,19.338,"reported, not observed",graph-api.btcturk.com/v1/klines/history;api.btcturk.com/api/v2/ohlc
2023-02-13T00:00:00Z,BTCTurk,TRY,USDTTRY,1d,19.293,"reported, not observed",graph-api.btcturk.com/v1/klines/history;api.btcturk.com/api/v2/ohlc
2023-02-14T00:00:00Z,BTCTurk,TRY,USDTTRY,1d,19.188,"reported, not observed",graph-api.btcturk.com/v1/klines/history;api.btcturk.com/api/v2/ohlc
2023-02-15T00:00:00Z,BTCTurk,TRY,USDTTRY,1d,19.042,"reported, not observed",graph-api.btcturk.com/v1/klines/history;api.btcturk.com/api/v2/ohlc
2023-02-16T00:00:00Z,BTCTurk,TRY,USDTTRY,1d,19.176,"reported, not observed",graph-api.btcturk.com/v1/klines/history;api.btcturk.com/api/v2/ohlc
2023-02-17T00:00:00Z,BTCTurk,TRY,USDTTRY,1d,19.238,"reported, not observed",graph-api.btcturk.com/v1/klines/history;api.btcturk.com/api/v2/ohlc
2023-02-18T00:00:00Z,BTCTurk,TRY,USDTTRY,1d,19.267,"reported, not observed",graph-api.btcturk.com/v1/klines/history;api.btcturk.com/api/v2/ohlc
2023-02-19T00:00:00Z,BTCTurk,TRY,USDTTRY,1d,19.264,"reported, not observed",graph-api.btcturk.com/v1/klines/history;api.btcturk.com/api/v2/ohlc
2023-02-20T00:00:00Z,BTCTurk,TRY,USDTTRY,1d,19.258,"reported, not observed",graph-api.btcturk.com/v1/klines/history;api.btcturk.com/api/v2/ohlc
2023-02-21T00:00:00Z,BTCTurk,TRY,USDTTRY,1d,19.299,"reported, not observed",graph-api.btcturk.com/v1/klines/history;api.btcturk.com/api/v2/ohlc
2023-02-22T00:00:00Z,BTCTurk,TRY,USDTTRY,1d,19.35,"reported, not observed",graph-api.btcturk.com/v1/klines/history;api.btcturk.com/api/v2/ohlc
2023-02-23T00:00:00Z,BTCTurk,TRY,USDTTRY,1d,19.336,"reported, not observed",graph-api.btcturk.com/v1/klines/history;api.btcturk.com/api/v2/ohlc
2023-02-24T00:00:00Z,BTCTurk,TRY,USDTTRY,1d,19.437,"reported, not observed",graph-api.btcturk.com/v1/klines/history;api.btcturk.com/api/v2/ohlc
2023-02-25T00:00:00Z,BTCTurk,TRY,USDTTRY,1d,19.424,"reported, not observed",graph-api.btcturk.com/v1/klines/history;api.btcturk.com/api/v2/ohlc
2023-02-26T00:00:00Z,BTCTurk,TRY,USDTTRY,1d,19.449,"reported, not observed",graph-api.btcturk.com/v1/klines/history;api.btcturk.com/api/v2/ohlc
2023-02-27T00:00:00Z,BTCTurk,TRY,USDTTRY,1d,19.374,"reported, not observed",graph-api.btcturk.com/v1/klines/history;api.btcturk.com/api/v2/ohlc
2023-02-28T00:00:00Z,BTCTurk,TRY,USDTTRY,1d,19.329,"reported, not observed",graph-api.btcturk.com/v1/klines/history;api.btcturk.com/api/v2/ohlc
2023-03-01T00:00:00Z,BTCTurk,TRY,USDTTRY,1d,19.257,"reported, not observed",graph-api.btcturk.com/v1/klines/history;api.btcturk.com/api/v2/ohlc
2023-03-02T00:00:00Z,BTCTurk,TRY,USDTTRY,1d,19.29,"reported, not observed",graph-api.btcturk.com/v1/klines/history;api.btcturk.com/api/v2/ohlc
2023-03-03T00:00:00Z,BTCTurk,TRY,USDTTRY,1d,19.421,"reported, not observed",graph-api.btcturk.com/v1/klines/history;api.btcturk.com/api/v2/ohlc
2023-03-04T00:00:00Z,BTCTurk,TRY,USDTTRY,1d,19.471,"reported, not observed",graph-api.btcturk.com/v1/klines/history;api.btcturk.com/api/v2/ohlc
2023-03-05T00:00:00Z,BTCTurk,TRY,USDTTRY,1d,19.45,"reported, not observed",graph-api.btcturk.com/v1/klines/history;api.btcturk.com/api/v2/ohlc
2023-03-06T00:00:00Z,BTCTurk,TRY,USDTTRY,1d,19.366,"reported, not observed",graph-api.btcturk.com/v1/klines/history;api.btcturk.com/api/v2/ohlc
2023-03-07T00:00:00Z,BTCTurk,TRY,USDTTRY,1d,19.362,"reported, not observed",graph-api.btcturk.com/v1/klines/history;api.btcturk.com/api/v2/ohlc
2023-03-08T00:00:00Z,BTCTurk,TRY,USDTTRY,1d,19.444,"reported, not observed",graph-api.btcturk.com/v1/klines/history;api.btcturk.com/api/v2/ohlc
2023-03-09T00:00:00Z,BTCTurk,TRY,USDTTRY,1d,19.488,"reported, not observed",graph-api.btcturk.com/v1/klines/history;api.btcturk.com/api/v2/ohlc
2023-03-10T00:00:00Z,BTCTurk,TRY,USDTTRY,1d,19.569,"reported, not observed",graph-api.btcturk.com/v1/klines/history;api.btcturk.com/api/v2/ohlc
2023-03-11T00:00:00Z,BTCTurk,TRY,USDTTRY,1d,19.539,"reported, not observed",graph-api.btcturk.com/v1/klines/history;api.btcturk.com/api/v2/ohlc
2023-03-12T00:00:00Z,BTCTurk,TRY,USDTTRY,1d,19.351,"reported, not observed",graph-api.btcturk.com/v1/klines/history;api.btcturk.com/api/v2/ohlc
2023-03-13T00:00:00Z,BTCTurk,TRY,USDTTRY,1d,19.372,"reported, not observed",graph-api.btcturk.com/v1/klines/history;api.btcturk.com/api/v2/ohlc
2023-03-14T00:00:00Z,BTCTurk,TRY,USDTTRY,1d,19.4,"reported, not observed",graph-api.btcturk.com/v1/klines/history;api.btcturk.com/api/v2/ohlc
2023-03-15T00:00:00Z,BTCTurk,TRY,USDTTRY,1d,19.502,"reported, not observed",graph-api.btcturk.com/v1/klines/history;api.btcturk.com/api/v2/ohlc
2023-03-16T00:00:00Z,BTCTurk,TRY,USDTTRY,1d,19.45,"reported, not observed",graph-api.btcturk.com/v1/klines/history;api.btcturk.com/api/v2/ohlc
2023-03-17T00:00:00Z,BTCTurk,TRY,USDTTRY,1d,19.352,"reported, not observed",graph-api.btcturk.com/v1/klines/history;api.btcturk.com/api/v2/ohlc
2023-03-18T00:00:00Z,BTCTurk,TRY,USDTTRY,1d,19.462,"reported, not observed",graph-api.btcturk.com/v1/klines/history;api.btcturk.com/api/v2/ohlc
2023-03-19T00:00:00Z,BTCTurk,TRY,USDTTRY,1d,19.466,"reported, not observed",graph-api.btcturk.com/v1/klines/history;api.btcturk.com/api/v2/ohlc
2023-03-20T00:00:00Z,BTCTurk,TRY,USDTTRY,1d,19.539,"reported, not observed",graph-api.btcturk.com/v1/klines/history;api.btcturk.com/api/v2/ohlc
2023-03-21T00:00:00Z,BTCTurk,TRY,USDTTRY,1d,19.496,"reported, not observed",graph-api.btcturk.com/v1/klines/history;api.btcturk.com/api/v2/ohlc
2023-03-22T00:00:00Z,BTCTurk,TRY,USDTTRY,1d,19.621,"reported, not observed",graph-api.btcturk.com/v1/klines/history;api.btcturk.com/api/v2/ohlc
2023-03-23T00:00:00Z,BTCTurk,TRY,USDTTRY,1d,19.523,"reported, not observed",graph-api.btcturk.com/v1/klines/history;api.btcturk.com/api/v2/ohlc
2023-03-24T00:00:00Z,BTCTurk,TRY,USDTTRY,1d,19.691,"reported, not observed",graph-api.btcturk.com/v1/klines/history;api.btcturk.com/api/v2/ohlc
2023-03-25T00:00:00Z,BTCTurk,TRY,USDTTRY,1d,19.732,"reported, not observed",graph-api.btcturk.com/v1/klines/history;api.btcturk.com/api/v2/ohlc
2023-03-26T00:00:00Z,BTCTurk,TRY,USDTTRY,1d,19.672,"reported, not observed",graph-api.btcturk.com/v1/klines/history;api.btcturk.com/api/v2/ohlc
2023-03-27T00:00:00Z,BTCTurk,TRY,USDTTRY,1d,19.693,"reported, not observed",graph-api.btcturk.com/v1/klines/history;api.btcturk.com/api/v2/ohlc
2023-03-28T00:00:00Z,BTCTurk,TRY,USDTTRY,1d,19.607,"reported, not observed",graph-api.btcturk.com/v1/klines/history;api.btcturk.com/api/v2/ohlc
2023-03-29T00:00:00Z,BTCTurk,TRY,USDTTRY,1d,19.546,"reported, not observed",graph-api.btcturk.com/v1/klines/history;api.btcturk.com/api/v2/ohlc
2023-03-30T00:00:00Z,BTCTurk,TRY,USDTTRY,1d,19.612,"reported, not observed",graph-api.btcturk.com/v1/klines/history;api.btcturk.com/api/v2/ohlc
2023-03-31T00:00:00Z,BTCTurk,TRY,USDTTRY,1d,19.601,"reported, not observed",graph-api.btcturk.com/v1/klines/history;api.btcturk.com/api/v2/ohlc
2023-04-01T00:00:00Z,BTCTurk,TRY,USDTTRY,1d,19.591,"reported, not observed",graph-api.btcturk.com/v1/klines/history;api.btcturk.com/api/v2/ohlc
2023-04-02T00:00:00Z,BTCTurk,TRY,USDTTRY,1d,19.681,"reported, not observed",graph-api.btcturk.com/v1/klines/history;api.btcturk.com/api/v2/ohlc
2023-04-03T00:00:00Z,BTCTurk,TRY,USDTTRY,1d,19.672,"reported, not observed",graph-api.btcturk.com/v1/klines/history;api.btcturk.com/api/v2/ohlc
2023-04-04T00:00:00Z,BTCTurk,TRY,USDTTRY,1d,19.652,"reported, not observed",graph-api.btcturk.com/v1/klines/history;api.btcturk.com/api/v2/ohlc
2023-04-05T00:00:00Z,BTCTurk,TRY,USDTTRY,1d,19.687,"reported, not observed",graph-api.btcturk.com/v1/klines/history;api.btcturk.com/api/v2/ohlc
2023-04-06T00:00:00Z,BTCTurk,TRY,USDTTRY,1d,19.793,"reported, not observed",graph-api.btcturk.com/v1/klines/history;api.btcturk.com/api/v2/ohlc
2023-04-07T00:00:00Z,BTCTurk,TRY,USDTTRY,1d,19.912,"reported, not observed",graph-api.btcturk.com/v1/klines/history;api.btcturk.com/api/v2/ohlc
2023-04-08T00:00:00Z,BTCTurk,TRY,USDTTRY,1d,19.925,"reported, not observed",graph-api.btcturk.com/v1/klines/history;api.btcturk.com/api/v2/ohlc
2023-04-09T00:00:00Z,BTCTurk,TRY,USDTTRY,1d,19.9,"reported, not observed",graph-api.btcturk.com/v1/klines/history;api.btcturk.com/api/v2/ohlc
2023-04-10T00:00:00Z,BTCTurk,TRY,USDTTRY,1d,19.79,"reported, not observed",graph-api.btcturk.com/v1/klines/history;api.btcturk.com/api/v2/ohlc
2023-04-11T00:00:00Z,BTCTurk,TRY,USDTTRY,1d,19.885,"reported, not observed",graph-api.btcturk.com/v1/klines/history;api.btcturk.com/api/v2/ohlc
2023-04-12T00:00:00Z,BTCTurk,TRY,USDTTRY,1d,19.938,"reported, not observed",graph-api.btcturk.com/v1/klines/history;api.btcturk.com/api/v2/ohlc
2023-04-13T00:00:00Z,BTCTurk,TRY,USDTTRY,1d,19.914,"reported, not observed",graph-api.btcturk.com/v1/klines/history;api.btcturk.com/api/v2/ohlc
2023-04-14T00:00:00Z,BTCTurk,TRY,USDTTRY,1d,20.065,"reported, not observed",graph-api.btcturk.com/v1/klines/history;api.btcturk.com/api/v2/ohlc
2023-04-15T00:00:00Z,BTCTurk,TRY,USDTTRY,1d,20.23,"reported, not observed",graph-api.btcturk.com/v1/klines/history;api.btcturk.com/api/v2/ohlc
2023-04-16T00:00:00Z,BTCTurk,TRY,USDTTRY,1d,20.186,"reported, not observed",graph-api.btcturk.com/v1/klines/history;api.btcturk.com/api/v2/ohlc
2023-04-17T00:00:00Z,BTCTurk,TRY,USDTTRY,1d,20.311,"reported, not observed",graph-api.btcturk.com/v1/klines/history;api.btcturk.com/api/v2/ohlc
2023-04-18T00:00:00Z,BTCTurk,TRY,USDTTRY,1d,20.342,"reported, not observed",graph-api.btcturk.com/v1/klines/history;api.btcturk.com/api/v2/ohlc
2023-04-19T00:00:00Z,BTCTurk,TRY,USDTTRY,1d,21.288,"reported, not observed",graph-api.btcturk.com/v1/klines/history;api.btcturk.com/api/v2/ohlc
2023-04-20T00:00:00Z,BTCTurk,TRY,USDTTRY,1d,21.39,"reported, not observed",graph-api.btcturk.com/v1/klines/history;api.btcturk.com/api/v2/ohlc
2023-04-21T00:00:00Z,BTCTurk,TRY,USDTTRY,1d,21.699,"reported, not observed",graph-api.btcturk.com/v1/klines/history;api.btcturk.com/api/v2/ohlc
2023-04-22T00:00:00Z,BTCTurk,TRY,USDTTRY,1d,21.62,"reported, not observed",graph-api.btcturk.com/v1/klines/history;api.btcturk.com/api/v2/ohlc
2023-04-23T00:00:00Z,BTCTurk,TRY,USDTTRY,1d,21.582,"reported, not observed",graph-api.btcturk.com/v1/klines/history;api.btcturk.com/api/v2/ohlc
2023-04-24T00:00:00Z,BTCTurk,TRY,USDTTRY,1d,20.982,"reported, not observed",graph-api.btcturk.com/v1/klines/history;api.btcturk.com/api/v2/ohlc
2023-04-25T00:00:00Z,BTCTurk,TRY,USDTTRY,1d,20.721,"reported, not observed",graph-api.btcturk.com/v1/klines/history;api.btcturk.com/api/v2/ohlc
2023-04-26T00:00:00Z,BTCTurk,TRY,USDTTRY,1d,20.73,"reported, not observed",graph-api.btcturk.com/v1/klines/history;api.btcturk.com/api/v2/ohlc
2023-04-27T00:00:00Z,BTCTurk,TRY,USDTTRY,1d,20.599,"reported, not observed",graph-api.btcturk.com/v1/klines/history;api.btcturk.com/api/v2/ohlc
2023-04-28T00:00:00Z,BTCTurk,TRY,USDTTRY,1d,20.787,"reported, not observed",graph-api.btcturk.com/v1/klines/history;api.btcturk.com/api/v2/ohlc
2023-04-29T00:00:00Z,BTCTurk,TRY,USDTTRY,1d,20.792,"reported, not observed",graph-api.btcturk.com/v1/klines/history;api.btcturk.com/api/v2/ohlc
2023-04-30T00:00:00Z,BTCTurk,TRY,USDTTRY,1d,20.818,"reported, not observed",graph-api.btcturk.com/v1/klines/history;api.btcturk.com/api/v2/ohlc
2023-05-01T00:00:00Z,BTCTurk,TRY,USDTTRY,1d,20.797,"reported, not observed",graph-api.btcturk.com/v1/klines/history;api.btcturk.com/api/v2/ohlc
2023-05-02T00:00:00Z,BTCTurk,TRY,USDTTRY,1d,20.65,"reported, not observed",graph-api.btcturk.com/v1/klines/history;api.btcturk.com/api/v2/ohlc
2023-05-03T00:00:00Z,BTCTurk,TRY,USDTTRY,1d,20.56,"reported, not observed",graph-api.btcturk.com/v1/klines/history;api.btcturk.com/api/v2/ohlc
2023-05-04T00:00:00Z,BTCTurk,TRY,USDTTRY,1d,20.664,"reported, not observed",graph-api.btcturk.com/v1/klines/history;api.btcturk.com/api/v2/ohlc
2023-05-05T00:00:00Z,BTCTurk,TRY,USDTTRY,1d,20.765,"reported, not observed",graph-api.btcturk.com/v1/klines/history;api.btcturk.com/api/v2/ohlc
2023-05-06T00:00:00Z,BTCTurk,TRY,USDTTRY,1d,20.957,"reported, not observed",graph-api.btcturk.com/v1/klines/history;api.btcturk.com/api/v2/ohlc
2023-05-07T00:00:00Z,BTCTurk,TRY,USDTTRY,1d,20.919,"reported, not observed",graph-api.btcturk.com/v1/klines/history;api.btcturk.com/api/v2/ohlc
2023-05-08T00:00:00Z,BTCTurk,TRY,USDTTRY,1d,21.099,"reported, not observed",graph-api.btcturk.com/v1/klines/history;api.btcturk.com/api/v2/ohlc
2023-05-09T00:00:00Z,BTCTurk,TRY,USDTTRY,1d,21.019,"reported, not observed",graph-api.btcturk.com/v1/klines/history;api.btcturk.com/api/v2/ohlc
2023-05-10T00:00:00Z,BTCTurk,TRY,USDTTRY,1d,21.074,"reported, not observed",graph-api.btcturk.com/v1/klines/history;api.btcturk.com/api/v2/ohlc
2023-05-11T00:00:00Z,BTCTurk,TRY,USDTTRY,1d,21.631,"reported, not observed",graph-api.btcturk.com/v1/klines/history;api.btcturk.com/api/v2/ohlc
2023-05-12T00:00:00Z,BTCTurk,TRY,USDTTRY,1d,22.058,"reported, not observed",graph-api.btcturk.com/v1/klines/history;api.btcturk.com/api/v2/ohlc
2023-05-13T00:00:00Z,BTCTurk,TRY,USDTTRY,1d,21.756,"reported, not observed",graph-api.btcturk.com/v1/klines/history;api.btcturk.com/api/v2/ohlc
2023-05-14T00:00:00Z,BTCTurk,TRY,USDTTRY,1d,21.687,"reported, not observed",graph-api.btcturk.com/v1/klines/history;api.btcturk.com/api/v2/ohlc
2023-05-15T00:00:00Z,BTCTurk,TRY,USDTTRY,1d,21.001,"reported, not observed",graph-api.btcturk.com/v1/klines/history;api.btcturk.com/api/v2/ohlc
2023-05-16T00:00:00Z,BTCTurk,TRY,USDTTRY,1d,20.73,"reported, not observed",graph-api.btcturk.com/v1/klines/history;api.btcturk.com/api/v2/ohlc
2023-05-17T00:00:00Z,BTCTurk,TRY,USDTTRY,1d,20.498,"reported, not observed",graph-api.btcturk.com/v1/klines/history;api.btcturk.com/api/v2/ohlc
2023-05-18T00:00:00Z,BTCTurk,TRY,USDTTRY,1d,20.771,"reported, not observed",graph-api.btcturk.com/v1/klines/history;api.btcturk.com/api/v2/ohlc
2023-05-19T00:00:00Z,BTCTurk,TRY,USDTTRY,1d,20.804,"reported, not observed",graph-api.btcturk.com/v1/klines/history;api.btcturk.com/api/v2/ohlc
2023-05-20T00:00:00Z,BTCTurk,TRY,USDTTRY,1d,20.802,"reported, not observed",graph-api.btcturk.com/v1/klines/history;api.btcturk.com/api/v2/ohlc
2023-05-21T00:00:00Z,BTCTurk,TRY,USDTTRY,1d,20.873,"reported, not observed",graph-api.btcturk.com/v1/klines/history;api.btcturk.com/api/v2/ohlc
2023-05-22T00:00:00Z,BTCTurk,TRY,USDTTRY,1d,20.831,"reported, not observed",graph-api.btcturk.com/v1/klines/history;api.btcturk.com/api/v2/ohlc
2023-05-23T00:00:00Z,BTCTurk,TRY,USDTTRY,1d,20.855,"reported, not observed",graph-api.btcturk.com/v1/klines/history;api.btcturk.com/api/v2/ohlc
2023-05-24T00:00:00Z,BTCTurk,TRY,USDTTRY,1d,21.108,"reported, not observed",graph-api.btcturk.com/v1/klines/history;api.btcturk.com/api/v2/ohlc
2023-05-25T00:00:00Z,BTCTurk,TRY,USDTTRY,1d,21.15,"reported, not observed",graph-api.btcturk.com/v1/klines/history;api.btcturk.com/api/v2/ohlc
2023-05-26T00:00:00Z,BTCTurk,TRY,USDTTRY,1d,21.258,"reported, not observed",graph-api.btcturk.com/v1/klines/history;api.btcturk.com/api/v2/ohlc
2023-05-27T00:00:00Z,BTCTurk,TRY,USDTTRY,1d,21.176,"reported, not observed",graph-api.btcturk.com/v1/klines/history;api.btcturk.com/api/v2/ohlc
2023-05-28T00:00:00Z,BTCTurk,TRY,USDTTRY,1d,20.93,"reported, not observed",graph-api.btcturk.com/v1/klines/history;api.btcturk.com/api/v2/ohlc
2023-05-29T00:00:00Z,BTCTurk,TRY,USDTTRY,1d,21.009,"reported, not observed",graph-api.btcturk.com/v1/klines/history;api.btcturk.com/api/v2/ohlc
2023-05-30T00:00:00Z,BTCTurk,TRY,USDTTRY,1d,21.099,"reported, not observed",graph-api.btcturk.com/v1/klines/history;api.btcturk.com/api/v2/ohlc
2023-05-31T00:00:00Z,BTCTurk,TRY,USDTTRY,1d,21.388,"reported, not observed",graph-api.btcturk.com/v1/klines/history;api.btcturk.com/api/v2/ohlc
2023-06-01T00:00:00Z,BTCTurk,TRY,USDTTRY,1d,21.417,"reported, not observed",graph-api.btcturk.com/v1/klines/history;api.btcturk.com/api/v2/ohlc
2023-06-02T00:00:00Z,BTCTurk,TRY,USDTTRY,1d,21.368,"reported, not observed",graph-api.btcturk.com/v1/klines/history;api.btcturk.com/api/v2/ohlc
2023-06-03T00:00:00Z,BTCTurk,TRY,USDTTRY,1d,21.225,"reported, not observed",graph-api.btcturk.com/v1/klines/history;api.btcturk.com/api/v2/ohlc
2023-06-04T00:00:00Z,BTCTurk,TRY,USDTTRY,1d,21.128,"reported, not observed",graph-api.btcturk.com/v1/klines/history;api.btcturk.com/api/v2/ohlc
2023-06-05T00:00:00Z,BTCTurk,TRY,USDTTRY,1d,21.649,"reported, not observed",graph-api.btcturk.com/v1/klines/history;api.btcturk.com/api/v2/ohlc
2023-06-06T00:00:00Z,BTCTurk,TRY,USDTTRY,1d,21.997,"reported, not observed",graph-api.btcturk.com/v1/klines/history;api.btcturk.com/api/v2/ohlc
2023-06-07T00:00:00Z,BTCTurk,TRY,USDTTRY,1d,23.82,"reported, not observed",graph-api.btcturk.com/v1/klines/history;api.btcturk.com/api/v2/ohlc
2023-06-08T00:00:00Z,BTCTurk,TRY,USDTTRY,1d,23.597,"reported, not observed",graph-api.btcturk.com/v1/klines/history;api.btcturk.com/api/v2/ohlc
2023-06-09T00:00:00Z,BTCTurk,TRY,USDTTRY,1d,23.734,"reported, not observed",graph-api.btcturk.com/v1/klines/history;api.btcturk.com/api/v2/ohlc
2023-06-10T00:00:00Z,BTCTurk,TRY,USDTTRY,1d,24.08,"reported, not observed",graph-api.btcturk.com/v1/klines/history;api.btcturk.com/api/v2/ohlc
2023-06-11T00:00:00Z,BTCTurk,TRY,USDTTRY,1d,24.197,"reported, not observed",graph-api.btcturk.com/v1/klines/history;api.btcturk.com/api/v2/ohlc
2023-06-12T00:00:00Z,BTCTurk,TRY,USDTTRY,1d,23.95,"reported, not observed",graph-api.btcturk.com/v1/klines/history;api.btcturk.com/api/v2/ohlc
2023-06-13T00:00:00Z,BTCTurk,TRY,USDTTRY,1d,23.876,"reported, not observed",graph-api.btcturk.com/v1/klines/history;api.btcturk.com/api/v2/ohlc
2023-06-14T00:00:00Z,BTCTurk,TRY,USDTTRY,1d,23.802,"reported, not observed",graph-api.btcturk.com/v1/klines/history;api.btcturk.com/api/v2/ohlc
2023-06-15T00:00:00Z,BTCTurk,TRY,USDTTRY,1d,23.675,"reported, not observed",graph-api.btcturk.com/v1/klines/history;api.btcturk.com/api/v2/ohlc
2023-06-16T00:00:00Z,BTCTurk,TRY,USDTTRY,1d,23.7,"reported, not observed",graph-api.btcturk.com/v1/klines/history;api.btcturk.com/api/v2/ohlc
2023-06-17T00:00:00Z,BTCTurk,TRY,USDTTRY,1d,23.671,"reported, not observed",graph-api.btcturk.com/v1/klines/history;api.btcturk.com/api/v2/ohlc
2023-06-18T00:00:00Z,BTCTurk,TRY,USDTTRY,1d,23.699,"reported, not observed",graph-api.btcturk.com/v1/klines/history;api.btcturk.com/api/v2/ohlc
2023-06-19T00:00:00Z,BTCTurk,TRY,USDTTRY,1d,23.323,"reported, not observed",graph-api.btcturk.com/v1/klines/history;api.btcturk.com/api/v2/ohlc
2023-06-20T00:00:00Z,BTCTurk,TRY,USDTTRY,1d,23.14,"reported, not observed",graph-api.btcturk.com/v1/klines/history;api.btcturk.com/api/v2/ohlc
2023-06-21T00:00:00Z,BTCTurk,TRY,USDTTRY,1d,22.917,"reported, not observed",graph-api.btcturk.com/v1/klines/history;api.btcturk.com/api/v2/ohlc
2023-06-22T00:00:00Z,BTCTurk,TRY,USDTTRY,1d,24.669,"reported, not observed",graph-api.btcturk.com/v1/klines/history;api.btcturk.com/api/v2/ohlc
2023-06-23T00:00:00Z,BTCTurk,TRY,USDTTRY,1d,25.451,"reported, not observed",graph-api.btcturk.com/v1/klines/history;api.btcturk.com/api/v2/ohlc
2023-06-24T00:00:00Z,BTCTurk,TRY,USDTTRY,1d,25.585,"reported, not observed",graph-api.btcturk.com/v1/klines/history;api.btcturk.com/api/v2/ohlc
2023-06-25T00:00:00Z,BTCTurk,TRY,USDTTRY,1d,25.644,"reported, not observed",graph-api.btcturk.com/v1/klines/history;api.btcturk.com/api/v2/ohlc
2023-06-26T00:00:00Z,BTCTurk,TRY,USDTTRY,1d,26.65,"reported, not observed",graph-api.btcturk.com/v1/klines/history;api.btcturk.com/api/v2/ohlc
2023-06-27T00:00:00Z,BTCTurk,TRY,USDTTRY,1d,26.678,"reported, not observed",graph-api.btcturk.com/v1/klines/history;api.btcturk.com/api/v2/ohlc
2023-06-28T00:00:00Z,BTCTurk,TRY,USDTTRY,1d,27.099,"reported, not observed",graph-api.btcturk.com/v1/klines/history;api.btcturk.com/api/v2/ohlc
2023-06-29T00:00:00Z,BTCTurk,TRY,USDTTRY,1d,27.041,"reported, not observed",graph-api.btcturk.com/v1/klines/history;api.btcturk.com/api/v2/ohlc
2023-06-30T00:00:00Z,BTCTurk,TRY,USDTTRY,1d,26.774,"reported, not observed",graph-api.btcturk.com/v1/klines/history;api.btcturk.com/api/v2/ohlc
2023-07-01T00:00:00Z,BTCTurk,TRY,USDTTRY,1d,26.62,"reported, not observed",graph-api.btcturk.com/v1/klines/history;api.btcturk.com/api/v2/ohlc
2023-07-02T00:00:00Z,BTCTurk,TRY,USDTTRY,1d,26.414,"reported, not observed",graph-api.btcturk.com/v1/klines/history;api.btcturk.com/api/v2/ohlc
2023-07-03T00:00:00Z,BTCTurk,TRY,USDTTRY,1d,26.301,"reported, not observed",graph-api.btcturk.com/v1/klines/history;api.btcturk.com/api/v2/ohlc
2023-07-04T00:00:00Z,BTCTurk,TRY,USDTTRY,1d,26.355,"reported, not observed",graph-api.btcturk.com/v1/klines/history;api.btcturk.com/api/v2/ohlc
2023-07-05T00:00:00Z,BTCTurk,TRY,USDTTRY,1d,26.397,"reported, not observed",graph-api.btcturk.com/v1/klines/history;api.btcturk.com/api/v2/ohlc
2023-07-06T00:00:00Z,BTCTurk,TRY,USDTTRY,1d,26.437,"reported, not observed",graph-api.btcturk.com/v1/klines/history;api.btcturk.com/api/v2/ohlc
2023-07-07T00:00:00Z,BTCTurk,TRY,USDTTRY,1d,26.405,"reported, not observed",graph-api.btcturk.com/v1/klines/history;api.btcturk.com/api/v2/ohlc
2023-07-08T00:00:00Z,BTCTurk,TRY,USDTTRY,1d,26.371,"reported, not observed",graph-api.btcturk.com/v1/klines/history;api.btcturk.com/api/v2/ohlc
2023-07-09T00:00:00Z,BTCTurk,TRY,USDTTRY,1d,26.375,"reported, not observed",graph-api.btcturk.com/v1/klines/history;api.btcturk.com/api/v2/ohlc
2023-07-10T00:00:00Z,BTCTurk,TRY,USDTTRY,1d,26.321,"reported, not observed",graph-api.btcturk.com/v1/klines/history;api.btcturk.com/api/v2/ohlc
2023-07-11T00:00:00Z,BTCTurk,TRY,USDTTRY,1d,26.284,"reported, not observed",graph-api.btcturk.com/v1/klines/history;api.btcturk.com/api/v2/ohlc
2023-07-12T00:00:00Z,BTCTurk,TRY,USDTTRY,1d,26.331,"reported, not observed",graph-api.btcturk.com/v1/klines/history;api.btcturk.com/api/v2/ohlc
2023-07-13T00:00:00Z,BTCTurk,TRY,USDTTRY,1d,25.886,"reported, not observed",graph-api.btcturk.com/v1/klines/history;api.btcturk.com/api/v2/ohlc
2023-07-14T00:00:00Z,BTCTurk,TRY,USDTTRY,1d,26.45,"reported, not observed",graph-api.btcturk.com/v1/klines/history;api.btcturk.com/api/v2/ohlc
2023-07-15T00:00:00Z,BTCTurk,TRY,USDTTRY,1d,26.428,"reported, not observed",graph-api.btcturk.com/v1/klines/history;api.btcturk.com/api/v2/ohlc
2023-07-16T00:00:00Z,BTCTurk,TRY,USDTTRY,1d,26.575,"reported, not observed",graph-api.btcturk.com/v1/klines/history;api.btcturk.com/api/v2/ohlc
2023-07-17T00:00:00Z,BTCTurk,TRY,USDTTRY,1d,26.573,"reported, not observed",graph-api.btcturk.com/v1/klines/history;api.btcturk.com/api/v2/ohlc
2023-07-18T00:00:00Z,BTCTurk,TRY,USDTTRY,1d,27.387,"reported, not observed",graph-api.btcturk.com/v1/klines/history;api.btcturk.com/api/v2/ohlc
2023-07-19T00:00:00Z,BTCTurk,TRY,USDTTRY,1d,27.228,"reported, not observed",graph-api.btcturk.com/v1/klines/history;api.btcturk.com/api/v2/ohlc
2023-07-20T00:00:00Z,BTCTurk,TRY,USDTTRY,1d,27.328,"reported, not observed",graph-api.btcturk.com/v1/klines/history;api.btcturk.com/api/v2/ohlc
2023-07-21T00:00:00Z,BTCTurk,TRY,USDTTRY,1d,27.264,"reported, not observed",graph-api.btcturk.com/v1/klines/history;api.btcturk.com/api/v2/ohlc
2023-07-22T00:00:00Z,BTCTurk,TRY,USDTTRY,1d,27.354,"reported, not observed",graph-api.btcturk.com/v1/klines/history;api.btcturk.com/api/v2/ohlc
2023-07-23T00:00:00Z,BTCTurk,TRY,USDTTRY,1d,27.296,"reported, not observed",graph-api.btcturk.com/v1/klines/history;api.btcturk.com/api/v2/ohlc
2023-07-24T00:00:00Z,BTCTurk,TRY,USDTTRY,1d,27.276,"reported, not observed",graph-api.btcturk.com/v1/klines/history;api.btcturk.com/api/v2/ohlc
2023-07-25T00:00:00Z,BTCTurk,TRY,USDTTRY,1d,27.201,"reported, not observed",graph-api.btcturk.com/v1/klines/history;api.btcturk.com/api/v2/ohlc
2023-07-26T00:00:00Z,BTCTurk,TRY,USDTTRY,1d,27.246,"reported, not observed",graph-api.btcturk.com/v1/klines/history;api.btcturk.com/api/v2/ohlc
2023-07-27T00:00:00Z,BTCTurk,TRY,USDTTRY,1d,27.22,"reported, not observed",graph-api.btcturk.com/v1/klines/history;api.btcturk.com/api/v2/ohlc
2023-07-28T00:00:00Z,BTCTurk,TRY,USDTTRY,1d,27.234,"reported, not observed",graph-api.btcturk.com/v1/klines/history;api.btcturk.com/api/v2/ohlc
2023-07-29T00:00:00Z,BTCTurk,TRY,USDTTRY,1d,27.211,"reported, not observed",graph-api.btcturk.com/v1/klines/history;api.btcturk.com/api/v2/ohlc
2023-07-30T00:00:00Z,BTCTurk,TRY,USDTTRY,1d,27.179,"reported, not observed",graph-api.btcturk.com/v1/klines/history;api.btcturk.com/api/v2/ohlc
2023-07-31T00:00:00Z,BTCTurk,TRY,USDTTRY,1d,27.128,"reported, not observed",graph-api.btcturk.com/v1/klines/history;api.btcturk.com/api/v2/ohlc
2023-08-01T00:00:00Z,BTCTurk,TRY,USDTTRY,1d,27.144,"reported, not observed",graph-api.btcturk.com/v1/klines/history;api.btcturk.com/api/v2/ohlc
2023-08-02T00:00:00Z,BTCTurk,TRY,USDTTRY,1d,27.14,"reported, not observed",graph-api.btcturk.com/v1/klines/history;api.btcturk.com/api/v2/ohlc
2023-08-03T00:00:00Z,BTCTurk,TRY,USDTTRY,1d,27.148,"reported, not observed",graph-api.btcturk.com/v1/klines/history;api.btcturk.com/api/v2/ohlc
2023-08-04T00:00:00Z,BTCTurk,TRY,USDTTRY,1d,27.209,"reported, not observed",graph-api.btcturk.com/v1/klines/history;api.btcturk.com/api/v2/ohlc
2023-08-05T00:00:00Z,BTCTurk,TRY,USDTTRY,1d,27.185,"reported, not observed",graph-api.btcturk.com/v1/klines/history;api.btcturk.com/api/v2/ohlc
2023-08-06T00:00:00Z,BTCTurk,TRY,USDTTRY,1d,27.195,"reported, not observed",graph-api.btcturk.com/v1/klines/history;api.btcturk.com/api/v2/ohlc
2023-08-07T00:00:00Z,BTCTurk,TRY,USDTTRY,1d,27.141,"reported, not observed",graph-api.btcturk.com/v1/klines/history;api.btcturk.com/api/v2/ohlc
2023-08-08T00:00:00Z,BTCTurk,TRY,USDTTRY,1d,27.129,"reported, not observed",graph-api.btcturk.com/v1/klines/history;api.btcturk.com/api/v2/ohlc
2023-08-09T00:00:00Z,BTCTurk,TRY,USDTTRY,1d,27.148,"reported, not observed",graph-api.btcturk.com/v1/klines/history;api.btcturk.com/api/v2/ohlc
2023-08-10T00:00:00Z,BTCTurk,TRY,USDTTRY,1d,27.185,"reported, not observed",graph-api.btcturk.com/v1/klines/history;api.btcturk.com/api/v2/ohlc
2023-08-11T00:00:00Z,BTCTurk,TRY,USDTTRY,1d,27.206,"reported, not observed",graph-api.btcturk.com/v1/klines/history;api.btcturk.com/api/v2/ohlc
2023-08-12T00:00:00Z,BTCTurk,TRY,USDTTRY,1d,27.244,"reported, not observed",graph-api.btcturk.com/v1/klines/history;api.btcturk.com/api/v2/ohlc
2023-08-13T00:00:00Z,BTCTurk,TRY,USDTTRY,1d,27.228,"reported, not observed",graph-api.btcturk.com/v1/klines/history;api.btcturk.com/api/v2/ohlc
2023-08-14T00:00:00Z,BTCTurk,TRY,USDTTRY,1d,27.244,"reported, not observed",graph-api.btcturk.com/v1/klines/history;api.btcturk.com/api/v2/ohlc
2023-08-15T00:00:00Z,BTCTurk,TRY,USDTTRY,1d,27.416,"reported, not observed",graph-api.btcturk.com/v1/klines/history;api.btcturk.com/api/v2/ohlc
2023-08-16T00:00:00Z,BTCTurk,TRY,USDTTRY,1d,27.416,"reported, not observed",graph-api.btcturk.com/v1/klines/history;api.btcturk.com/api/v2/ohlc
2023-08-17T00:00:00Z,BTCTurk,TRY,USDTTRY,1d,27.645,"reported, not observed",graph-api.btcturk.com/v1/klines/history;api.btcturk.com/api/v2/ohlc
2023-08-18T00:00:00Z,BTCTurk,TRY,USDTTRY,1d,27.673,"reported, not observed",graph-api.btcturk.com/v1/klines/history;api.btcturk.com/api/v2/ohlc
2023-08-19T00:00:00Z,BTCTurk,TRY,USDTTRY,1d,27.649,"reported, not observed",graph-api.btcturk.com/v1/klines/history;api.btcturk.com/api/v2/ohlc
2023-08-20T00:00:00Z,BTCTurk,TRY,USDTTRY,1d,27.531,"reported, not observed",graph-api.btcturk.com/v1/klines/history;api.btcturk.com/api/v2/ohlc
2023-08-21T00:00:00Z,BTCTurk,TRY,USDTTRY,1d,27.533,"reported, not observed",graph-api.btcturk.com/v1/klines/history;api.btcturk.com/api/v2/ohlc
2023-08-22T00:00:00Z,BTCTurk,TRY,USDTTRY,1d,27.56,"reported, not observed",graph-api.btcturk.com/v1/klines/history;api.btcturk.com/api/v2/ohlc
2023-08-23T00:00:00Z,BTCTurk,TRY,USDTTRY,1d,27.534,"reported, not observed",graph-api.btcturk.com/v1/klines/history;api.btcturk.com/api/v2/ohlc
2023-08-24T00:00:00Z,BTCTurk,TRY,USDTTRY,1d,26.829,"reported, not observed",graph-api.btcturk.com/v1/klines/history;api.btcturk.com/api/v2/ohlc
2023-08-25T00:00:00Z,BTCTurk,TRY,USDTTRY,1d,27.216,"reported, not observed",graph-api.btcturk.com/v1/klines/history;api.btcturk.com/api/v2/ohlc
2023-08-26T00:00:00Z,BTCTurk,TRY,USDTTRY,1d,27.274,"reported, not observed",graph-api.btcturk.com/v1/klines/history;api.btcturk.com/api/v2/ohlc
2023-08-27T00:00:00Z,BTCTurk,TRY,USDTTRY,1d,27.139,"reported, not observed",graph-api.btcturk.com/v1/klines/history;api.btcturk.com/api/v2/ohlc
2023-08-28T00:00:00Z,BTCTurk,TRY,USDTTRY,1d,26.899,"reported, not observed",graph-api.btcturk.com/v1/klines/history;api.btcturk.com/api/v2/ohlc
2023-08-29T00:00:00Z,BTCTurk,TRY,USDTTRY,1d,26.903,"reported, not observed",graph-api.btcturk.com/v1/klines/history;api.btcturk.com/api/v2/ohlc
2023-08-30T00:00:00Z,BTCTurk,TRY,USDTTRY,1d,26.969,"reported, not observed",graph-api.btcturk.com/v1/klines/history;api.btcturk.com/api/v2/ohlc
2023-08-31T00:00:00Z,BTCTurk,TRY,USDTTRY,1d,26.995,"reported, not observed",graph-api.btcturk.com/v1/klines/history;api.btcturk.com/api/v2/ohlc
2023-09-01T00:00:00Z,BTCTurk,TRY,USDTTRY,1d,27.159,"reported, not observed",graph-api.btcturk.com/v1/klines/history;api.btcturk.com/api/v2/ohlc
2023-09-02T00:00:00Z,BTCTurk,TRY,USDTTRY,1d,27.157,"reported, not observed",graph-api.btcturk.com/v1/klines/history;api.btcturk.com/api/v2/ohlc
2023-09-03T00:00:00Z,BTCTurk,TRY,USDTTRY,1d,27.093,"reported, not observed",graph-api.btcturk.com/v1/klines/history;api.btcturk.com/api/v2/ohlc
2023-09-04T00:00:00Z,BTCTurk,TRY,USDTTRY,1d,27.071,"reported, not observed",graph-api.btcturk.com/v1/klines/history;api.btcturk.com/api/v2/ohlc
2023-09-05T00:00:00Z,BTCTurk,TRY,USDTTRY,1d,27.02,"reported, not observed",graph-api.btcturk.com/v1/klines/history;api.btcturk.com/api/v2/ohlc
2023-09-06T00:00:00Z,BTCTurk,TRY,USDTTRY,1d,27.011,"reported, not observed",graph-api.btcturk.com/v1/klines/history;api.btcturk.com/api/v2/ohlc
2023-09-07T00:00:00Z,BTCTurk,TRY,USDTTRY,1d,27.009,"reported, not observed",graph-api.btcturk.com/v1/klines/history;api.btcturk.com/api/v2/ohlc
2023-09-08T00:00:00Z,BTCTurk,TRY,USDTTRY,1d,27.121,"reported, not observed",graph-api.btcturk.com/v1/klines/history;api.btcturk.com/api/v2/ohlc
2023-09-09T00:00:00Z,BTCTurk,TRY,USDTTRY,1d,27.104,"reported, not observed",graph-api.btcturk.com/v1/klines/history;api.btcturk.com/api/v2/ohlc
2023-09-10T00:00:00Z,BTCTurk,TRY,USDTTRY,1d,27.13,"reported, not observed",graph-api.btcturk.com/v1/klines/history;api.btcturk.com/api/v2/ohlc
2023-09-11T00:00:00Z,BTCTurk,TRY,USDTTRY,1d,27.143,"reported, not observed",graph-api.btcturk.com/v1/klines/history;api.btcturk.com/api/v2/ohlc
2023-09-12T00:00:00Z,BTCTurk,TRY,USDTTRY,1d,27.135,"reported, not observed",graph-api.btcturk.com/v1/klines/history;api.btcturk.com/api/v2/ohlc
2023-09-13T00:00:00Z,BTCTurk,TRY,USDTTRY,1d,27.116,"reported, not observed",graph-api.btcturk.com/v1/klines/history;api.btcturk.com/api/v2/ohlc
2023-09-14T00:00:00Z,BTCTurk,TRY,USDTTRY,1d,27.115,"reported, not observed",graph-api.btcturk.com/v1/klines/history;api.btcturk.com/api/v2/ohlc
2023-09-15T00:00:00Z,BTCTurk,TRY,USDTTRY,1d,27.103,"reported, not observed",graph-api.btcturk.com/v1/klines/history;api.btcturk.com/api/v2/ohlc
2023-09-16T00:00:00Z,BTCTurk,TRY,USDTTRY,1d,27.133,"reported, not observed",graph-api.btcturk.com/v1/klines/history;api.btcturk.com/api/v2/ohlc
2023-09-17T00:00:00Z,BTCTurk,TRY,USDTTRY,1d,27.139,"reported, not observed",graph-api.btcturk.com/v1/klines/history;api.btcturk.com/api/v2/ohlc
2023-09-18T00:00:00Z,BTCTurk,TRY,USDTTRY,1d,27.119,"reported, not observed",graph-api.btcturk.com/v1/klines/history;api.btcturk.com/api/v2/ohlc
2023-09-19T00:00:00Z,BTCTurk,TRY,USDTTRY,1d,27.132,"reported, not observed",graph-api.btcturk.com/v1/klines/history;api.btcturk.com/api/v2/ohlc
2023-09-20T00:00:00Z,BTCTurk,TRY,USDTTRY,1d,27.138,"reported, not observed",graph-api.btcturk.com/v1/klines/history;api.btcturk.com/api/v2/ohlc
2023-09-21T00:00:00Z,BTCTurk,TRY,USDTTRY,1d,27.243,"reported, not observed",graph-api.btcturk.com/v1/klines/history;api.btcturk.com/api/v2/ohlc
2023-09-22T00:00:00Z,BTCTurk,TRY,USDTTRY,1d,27.277,"reported, not observed",graph-api.btcturk.com/v1/klines/history;api.btcturk.com/api/v2/ohlc
2023-09-23T00:00:00Z,BTCTurk,TRY,USDTTRY,1d,27.399,"reported, not observed",graph-api.btcturk.com/v1/klines/history;api.btcturk.com/api/v2/ohlc
2023-09-24T00:00:00Z,BTCTurk,TRY,USDTTRY,1d,27.458,"reported, not observed",graph-api.btcturk.com/v1/klines/history;api.btcturk.com/api/v2/ohlc
2023-09-25T00:00:00Z,BTCTurk,TRY,USDTTRY,1d,27.438,"reported, not observed",graph-api.btcturk.com/v1/klines/history;api.btcturk.com/api/v2/ohlc
2023-09-26T00:00:00Z,BTCTurk,TRY,USDTTRY,1d,27.473,"reported, not observed",graph-api.btcturk.com/v1/klines/history;api.btcturk.com/api/v2/ohlc
2023-09-27T00:00:00Z,BTCTurk,TRY,USDTTRY,1d,27.537,"reported, not observed",graph-api.btcturk.com/v1/klines/history;api.btcturk.com/api/v2/ohlc
2023-09-28T00:00:00Z,BTCTurk,TRY,USDTTRY,1d,27.59,"reported, not observed",graph-api.btcturk.com/v1/klines/history;api.btcturk.com/api/v2/ohlc
2023-09-29T00:00:00Z,BTCTurk,TRY,USDTTRY,1d,27.663,"reported, not observed",graph-api.btcturk.com/v1/klines/history;api.btcturk.com/api/v2/ohlc
2023-09-30T00:00:00Z,BTCTurk,TRY,USDTTRY,1d,27.69,"reported, not observed",graph-api.btcturk.com/v1/klines/history;api.btcturk.com/api/v2/ohlc
2023-10-01T00:00:00Z,BTCTurk,TRY,USDTTRY,1d,27.579,"reported, not observed",graph-api.btcturk.com/v1/klines/history;api.btcturk.com/api/v2/ohlc
2023-10-02T00:00:00Z,BTCTurk,TRY,USDTTRY,1d,27.646,"reported, not observed",graph-api.btcturk.com/v1/klines/history;api.btcturk.com/api/v2/ohlc
2023-10-03T00:00:00Z,BTCTurk,TRY,USDTTRY,1d,27.775,"reported, not observed",graph-api.btcturk.com/v1/klines/history;api.btcturk.com/api/v2/ohlc
2023-10-04T00:00:00Z,BTCTurk,TRY,USDTTRY,1d,27.769,"reported, not observed",graph-api.btcturk.com/v1/klines/history;api.btcturk.com/api/v2/ohlc
2023-10-05T00:00:00Z,BTCTurk,TRY,USDTTRY,1d,27.859,"reported, not observed",graph-api.btcturk.com/v1/klines/history;api.btcturk.com/api/v2/ohlc
2023-10-06T00:00:00Z,BTCTurk,TRY,USDTTRY,1d,27.879,"reported, not observed",graph-api.btcturk.com/v1/klines/history;api.btcturk.com/api/v2/ohlc
2023-10-07T00:00:00Z,BTCTurk,TRY,USDTTRY,1d,27.959,"reported, not observed",graph-api.btcturk.com/v1/klines/history;api.btcturk.com/api/v2/ohlc
2023-10-08T00:00:00Z,BTCTurk,TRY,USDTTRY,1d,27.968,"reported, not observed",graph-api.btcturk.com/v1/klines/history;api.btcturk.com/api/v2/ohlc
2023-10-09T00:00:00Z,BTCTurk,TRY,USDTTRY,1d,28.122,"reported, not observed",graph-api.btcturk.com/v1/klines/history;api.btcturk.com/api/v2/ohlc
2023-10-10T00:00:00Z,BTCTurk,TRY,USDTTRY,1d,28.027,"reported, not observed",graph-api.btcturk.com/v1/klines/history;api.btcturk.com/api/v2/ohlc
2023-10-11T00:00:00Z,BTCTurk,TRY,USDTTRY,1d,27.989,"reported, not observed",graph-api.btcturk.com/v1/klines/history;api.btcturk.com/api/v2/ohlc
2023-10-12T00:00:00Z,BTCTurk,TRY,USDTTRY,1d,27.963,"reported, not observed",graph-api.btcturk.com/v1/klines/history;api.btcturk.com/api/v2/ohlc
2023-10-13T00:00:00Z,BTCTurk,TRY,USDTTRY,1d,28.089,"reported, not observed",graph-api.btcturk.com/v1/klines/history;api.btcturk.com/api/v2/ohlc
2023-10-14T00:00:00Z,BTCTurk,TRY,USDTTRY,1d,28.129,"reported, not observed",graph-api.btcturk.com/v1/klines/history;api.btcturk.com/api/v2/ohlc
2023-10-15T00:00:00Z,BTCTurk,TRY,USDTTRY,1d,28.108,"reported, not observed",graph-api.btcturk.com/v1/klines/history;api.btcturk.com/api/v2/ohlc
2023-10-16T00:00:00Z,BTCTurk,TRY,USDTTRY,1d,28.108,"reported, not observed",graph-api.btcturk.com/v1/klines/history;api.btcturk.com/api/v2/ohlc
2023-10-17T00:00:00Z,BTCTurk,TRY,USDTTRY,1d,28.173,"reported, not observed",graph-api.btcturk.com/v1/klines/history;api.btcturk.com/api/v2/ohlc
2023-10-18T00:00:00Z,BTCTurk,TRY,USDTTRY,1d,28.239,"reported, not observed",graph-api.btcturk.com/v1/klines/history;api.btcturk.com/api/v2/ohlc
2023-10-19T00:00:00Z,BTCTurk,TRY,USDTTRY,1d,28.215,"reported, not observed",graph-api.btcturk.com/v1/klines/history;api.btcturk.com/api/v2/ohlc
2023-10-20T00:00:00Z,BTCTurk,TRY,USDTTRY,1d,28.336,"reported, not observed",graph-api.btcturk.com/v1/klines/history;api.btcturk.com/api/v2/ohlc
2023-10-21T00:00:00Z,BTCTurk,TRY,USDTTRY,1d,28.311,"reported, not observed",graph-api.btcturk.com/v1/klines/history;api.btcturk.com/api/v2/ohlc
2023-10-22T00:00:00Z,BTCTurk,TRY,USDTTRY,1d,28.185,"reported, not observed",graph-api.btcturk.com/v1/klines/history;api.btcturk.com/api/v2/ohlc
2023-10-23T00:00:00Z,BTCTurk,TRY,USDTTRY,1d,28.153,"reported, not observed",graph-api.btcturk.com/v1/klines/history;api.btcturk.com/api/v2/ohlc
2023-10-24T00:00:00Z,BTCTurk,TRY,USDTTRY,1d,28.262,"reported, not observed",graph-api.btcturk.com/v1/klines/history;api.btcturk.com/api/v2/ohlc
2023-10-25T00:00:00Z,BTCTurk,TRY,USDTTRY,1d,28.266,"reported, not observed",graph-api.btcturk.com/v1/klines/history;api.btcturk.com/api/v2/ohlc
2023-10-26T00:00:00Z,BTCTurk,TRY,USDTTRY,1d,28.292,"reported, not observed",graph-api.btcturk.com/v1/klines/history;api.btcturk.com/api/v2/ohlc
2023-10-27T00:00:00Z,BTCTurk,TRY,USDTTRY,1d,28.439,"reported, not observed",graph-api.btcturk.com/v1/klines/history;api.btcturk.com/api/v2/ohlc
2023-10-28T00:00:00Z,BTCTurk,TRY,USDTTRY,1d,28.371,"reported, not observed",graph-api.btcturk.com/v1/klines/history;api.btcturk.com/api/v2/ohlc
2023-10-29T00:00:00Z,BTCTurk,TRY,USDTTRY,1d,28.29,"reported, not observed",graph-api.btcturk.com/v1/klines/history;api.btcturk.com/api/v2/ohlc
2023-10-30T00:00:00Z,BTCTurk,TRY,USDTTRY,1d,28.318,"reported, not observed",graph-api.btcturk.com/v1/klines/history;api.btcturk.com/api/v2/ohlc
2023-10-31T00:00:00Z,BTCTurk,TRY,USDTTRY,1d,28.43,"reported, not observed",graph-api.btcturk.com/v1/klines/history;api.btcturk.com/api/v2/ohlc
2023-11-01T00:00:00Z,BTCTurk,TRY,USDTTRY,1d,28.409,"reported, not observed",graph-api.btcturk.com/v1/klines/history;api.btcturk.com/api/v2/ohlc
2023-11-02T00:00:00Z,BTCTurk,TRY,USDTTRY,1d,28.528,"reported, not observed",graph-api.btcturk.com/v1/klines/history;api.btcturk.com/api/v2/ohlc
2023-11-03T00:00:00Z,BTCTurk,TRY,USDTTRY,1d,28.621,"reported, not observed",graph-api.btcturk.com/v1/klines/history;api.btcturk.com/api/v2/ohlc
2023-11-04T00:00:00Z,BTCTurk,TRY,USDTTRY,1d,28.589,"reported, not observed",graph-api.btcturk.com/v1/klines/history;api.btcturk.com/api/v2/ohlc
2023-11-05T00:00:00Z,BTCTurk,TRY,USDTTRY,1d,28.638,"reported, not observed",graph-api.btcturk.com/v1/klines/history;api.btcturk.com/api/v2/ohlc
2023-11-06T00:00:00Z,BTCTurk,TRY,USDTTRY,1d,28.592,"reported, not observed",graph-api.btcturk.com/v1/klines/history;api.btcturk.com/api/v2/ohlc
2023-11-07T00:00:00Z,BTCTurk,TRY,USDTTRY,1d,28.73,"reported, not observed",graph-api.btcturk.com/v1/klines/history;api.btcturk.com/api/v2/ohlc
2023-11-08T00:00:00Z,BTCTurk,TRY,USDTTRY,1d,28.688,"reported, not observed",graph-api.btcturk.com/v1/klines/history;api.btcturk.com/api/v2/ohlc
2023-11-09T00:00:00Z,BTCTurk,TRY,USDTTRY,1d,28.795,"reported, not observed",graph-api.btcturk.com/v1/klines/history;api.btcturk.com/api/v2/ohlc
2023-11-10T00:00:00Z,BTCTurk,TRY,USDTTRY,1d,28.733,"reported, not observed",graph-api.btcturk.com/v1/klines/history;api.btcturk.com/api/v2/ohlc
2023-11-11T00:00:00Z,BTCTurk,TRY,USDTTRY,1d,28.88,"reported, not observed",graph-api.btcturk.com/v1/klines/history;api.btcturk.com/api/v2/ohlc
2023-11-12T00:00:00Z,BTCTurk,TRY,USDTTRY,1d,28.905,"reported, not observed",graph-api.btcturk.com/v1/klines/history;api.btcturk.com/api/v2/ohlc
2023-11-13T00:00:00Z,BTCTurk,TRY,USDTTRY,1d,28.975,"reported, not observed",graph-api.btcturk.com/v1/klines/history;api.btcturk.com/api/v2/ohlc
2023-11-14T00:00:00Z,BTCTurk,TRY,USDTTRY,1d,28.964,"reported, not observed",graph-api.btcturk.com/v1/klines/history;api.btcturk.com/api/v2/ohlc
2023-11-15T00:00:00Z,BTCTurk,TRY,USDTTRY,1d,28.848,"reported, not observed",graph-api.btcturk.com/v1/klines/history;api.btcturk.com/api/v2/ohlc
2023-11-16T00:00:00Z,BTCTurk,TRY,USDTTRY,1d,29.015,"reported, not observed",graph-api.btcturk.com/v1/klines/history;api.btcturk.com/api/v2/ohlc
2023-11-17T00:00:00Z,BTCTurk,TRY,USDTTRY,1d,29.161,"reported, not observed",graph-api.btcturk.com/v1/klines/history;api.btcturk.com/api/v2/ohlc
2023-11-18T00:00:00Z,BTCTurk,TRY,USDTTRY,1d,29.279,"reported, not observed",graph-api.btcturk.com/v1/klines/history;api.btcturk.com/api/v2/ohlc
2023-11-19T00:00:00Z,BTCTurk,TRY,USDTTRY,1d,29.101,"reported, not observed",graph-api.btcturk.com/v1/klines/history;api.btcturk.com/api/v2/ohlc
2023-11-20T00:00:00Z,BTCTurk,TRY,USDTTRY,1d,29.188,"reported, not observed",graph-api.btcturk.com/v1/klines/history;api.btcturk.com/api/v2/ohlc
2023-11-21T00:00:00Z,BTCTurk,TRY,USDTTRY,1d,29.081,"reported, not observed",graph-api.btcturk.com/v1/klines/history;api.btcturk.com/api/v2/ohlc
2023-11-22T00:00:00Z,BTCTurk,TRY,USDTTRY,1d,29.056,"reported, not observed",graph-api.btcturk.com/v1/klines/history;api.btcturk.com/api/v2/ohlc
2023-11-23T00:00:00Z,BTCTurk,TRY,USDTTRY,1d,29.093,"reported, not observed",graph-api.btcturk.com/v1/klines/history;api.btcturk.com/api/v2/ohlc
2023-11-24T00:00:00Z,BTCTurk,TRY,USDTTRY,1d,29.153,"reported, not observed",graph-api.btcturk.com/v1/klines/history;api.btcturk.com/api/v2/ohlc
2023-11-25T00:00:00Z,BTCTurk,TRY,USDTTRY,1d,29.066,"reported, not observed",graph-api.btcturk.com/v1/klines/history;api.btcturk.com/api/v2/ohlc
2023-11-26T00:00:00Z,BTCTurk,TRY,USDTTRY,1d,29.083,"reported, not observed",graph-api.btcturk.com/v1/klines/history;api.btcturk.com/api/v2/ohlc
2023-11-27T00:00:00Z,BTCTurk,TRY,USDTTRY,1d,29.112,"reported, not observed",graph-api.btcturk.com/v1/klines/history;api.btcturk.com/api/v2/ohlc
2023-11-28T00:00:00Z,BTCTurk,TRY,USDTTRY,1d,28.979,"reported, not observed",graph-api.btcturk.com/v1/klines/history;api.btcturk.com/api/v2/ohlc
2023-11-29T00:00:00Z,BTCTurk,TRY,USDTTRY,1d,29.031,"reported, not observed",graph-api.btcturk.com/v1/klines/history;api.btcturk.com/api/v2/ohlc
2023-11-30T00:00:00Z,BTCTurk,TRY,USDTTRY,1d,28.895,"reported, not observed",graph-api.btcturk.com/v1/klines/history;api.btcturk.com/api/v2/ohlc
2023-12-01T00:00:00Z,BTCTurk,TRY,USDTTRY,1d,29.003,"reported, not observed",graph-api.btcturk.com/v1/klines/history;api.btcturk.com/api/v2/ohlc
2023-12-02T00:00:00Z,BTCTurk,TRY,USDTTRY,1d,28.924,"reported, not observed",graph-api.btcturk.com/v1/klines/history;api.btcturk.com/api/v2/ohlc
2023-12-03T00:00:00Z,BTCTurk,TRY,USDTTRY,1d,28.921,"reported, not observed",graph-api.btcturk.com/v1/klines/history;api.btcturk.com/api/v2/ohlc
2023-12-04T00:00:00Z,BTCTurk,TRY,USDTTRY,1d,28.96,"reported, not observed",graph-api.btcturk.com/v1/klines/history;api.btcturk.com/api/v2/ohlc
2023-12-05T00:00:00Z,BTCTurk,TRY,USDTTRY,1d,28.955,"reported, not observed",graph-api.btcturk.com/v1/klines/history;api.btcturk.com/api/v2/ohlc
2023-12-06T00:00:00Z,BTCTurk,TRY,USDTTRY,1d,29.058,"reported, not observed",graph-api.btcturk.com/v1/klines/history;api.btcturk.com/api/v2/ohlc
2023-12-07T00:00:00Z,BTCTurk,TRY,USDTTRY,1d,29.034,"reported, not observed",graph-api.btcturk.com/v1/klines/history;api.btcturk.com/api/v2/ohlc
2023-12-08T00:00:00Z,BTCTurk,TRY,USDTTRY,1d,29.07,"reported, not observed",graph-api.btcturk.com/v1/klines/history;api.btcturk.com/api/v2/ohlc
2023-12-09T00:00:00Z,BTCTurk,TRY,USDTTRY,1d,29.174,"reported, not observed",graph-api.btcturk.com/v1/klines/history;api.btcturk.com/api/v2/ohlc
2023-12-10T00:00:00Z,BTCTurk,TRY,USDTTRY,1d,29.165,"reported, not observed",graph-api.btcturk.com/v1/klines/history;api.btcturk.com/api/v2/ohlc
2023-12-11T00:00:00Z,BTCTurk,TRY,USDTTRY,1d,29.256,"reported, not observed",graph-api.btcturk.com/v1/klines/history;api.btcturk.com/api/v2/ohlc
2023-12-12T00:00:00Z,BTCTurk,TRY,USDTTRY,1d,29.253,"reported, not observed",graph-api.btcturk.com/v1/klines/history;api.btcturk.com/api/v2/ohlc
2023-12-13T00:00:00Z,BTCTurk,TRY,USDTTRY,1d,29.217,"reported, not observed",graph-api.btcturk.com/v1/klines/history;api.btcturk.com/api/v2/ohlc
2023-12-14T00:00:00Z,BTCTurk,TRY,USDTTRY,1d,29.047,"reported, not observed",graph-api.btcturk.com/v1/klines/history;api.btcturk.com/api/v2/ohlc
2023-12-15T00:00:00Z,BTCTurk,TRY,USDTTRY,1d,29.349,"reported, not observed",graph-api.btcturk.com/v1/klines/history;api.btcturk.com/api/v2/ohlc
2023-12-16T00:00:00Z,BTCTurk,TRY,USDTTRY,1d,29.405,"reported, not observed",graph-api.btcturk.com/v1/klines/history;api.btcturk.com/api/v2/ohlc
2023-12-17T00:00:00Z,BTCTurk,TRY,USDTTRY,1d,29.415,"reported, not observed",graph-api.btcturk.com/v1/klines/history;api.btcturk.com/api/v2/ohlc
2023-12-18T00:00:00Z,BTCTurk,TRY,USDTTRY,1d,29.363,"reported, not observed",graph-api.btcturk.com/v1/klines/history;api.btcturk.com/api/v2/ohlc
2023-12-19T00:00:00Z,BTCTurk,TRY,USDTTRY,1d,29.362,"reported, not observed",graph-api.btcturk.com/v1/klines/history;api.btcturk.com/api/v2/ohlc
2023-12-20T00:00:00Z,BTCTurk,TRY,USDTTRY,1d,29.262,"reported, not observed",graph-api.btcturk.com/v1/klines/history;api.btcturk.com/api/v2/ohlc
2023-12-21T00:00:00Z,BTCTurk,TRY,USDTTRY,1d,29.223,"reported, not observed",graph-api.btcturk.com/v1/klines/history;api.btcturk.com/api/v2/ohlc
2023-12-22T00:00:00Z,BTCTurk,TRY,USDTTRY,1d,29.37,"reported, not observed",graph-api.btcturk.com/v1/klines/history;api.btcturk.com/api/v2/ohlc
2023-12-23T00:00:00Z,BTCTurk,TRY,USDTTRY,1d,29.321,"reported, not observed",graph-api.btcturk.com/v1/klines/history;api.btcturk.com/api/v2/ohlc
2023-12-24T00:00:00Z,BTCTurk,TRY,USDTTRY,1d,29.456,"reported, not observed",graph-api.btcturk.com/v1/klines/history;api.btcturk.com/api/v2/ohlc
2023-12-25T00:00:00Z,BTCTurk,TRY,USDTTRY,1d,29.469,"reported, not observed",graph-api.btcturk.com/v1/klines/history;api.btcturk.com/api/v2/ohlc
2023-12-26T00:00:00Z,BTCTurk,TRY,USDTTRY,1d,29.824,"reported, not observed",graph-api.btcturk.com/v1/klines/history;api.btcturk.com/api/v2/ohlc
2023-12-27T00:00:00Z,BTCTurk,TRY,USDTTRY,1d,29.692,"reported, not observed",graph-api.btcturk.com/v1/klines/history;api.btcturk.com/api/v2/ohlc
2023-12-28T00:00:00Z,BTCTurk,TRY,USDTTRY,1d,29.737,"reported, not observed",graph-api.btcturk.com/v1/klines/history;api.btcturk.com/api/v2/ohlc
2023-12-29T00:00:00Z,BTCTurk,TRY,USDTTRY,1d,30.198,"reported, not observed",graph-api.btcturk.com/v1/klines/history;api.btcturk.com/api/v2/ohlc
2023-12-30T00:00:00Z,BTCTurk,TRY,USDTTRY,1d,30.374,"reported, not observed",graph-api.btcturk.com/v1/klines/history;api.btcturk.com/api/v2/ohlc
2023-12-31T00:00:00Z,BTCTurk,TRY,USDTTRY,1d,30.413,"reported, not observed",graph-api.btcturk.com/v1/klines/history;api.btcturk.com/api/v2/ohlc
2024-01-01T00:00:00Z,BTCTurk,TRY,USDTTRY,1d,30.021,"reported, not observed",graph-api.btcturk.com/v1/klines/history;api.btcturk.com/api/v2/ohlc
2024-01-02T00:00:00Z,BTCTurk,TRY,USDTTRY,1d,30.251,"reported, not observed",graph-api.btcturk.com/v1/klines/history;api.btcturk.com/api/v2/ohlc
2024-01-03T00:00:00Z,BTCTurk,TRY,USDTTRY,1d,30.402,"reported, not observed",graph-api.btcturk.com/v1/klines/history;api.btcturk.com/api/v2/ohlc
2024-01-04T00:00:00Z,BTCTurk,TRY,USDTTRY,1d,30.311,"reported, not observed",graph-api.btcturk.com/v1/klines/history;api.btcturk.com/api/v2/ohlc
2024-01-05T00:00:00Z,BTCTurk,TRY,USDTTRY,1d,30.54,"reported, not observed",graph-api.btcturk.com/v1/klines/history;api.btcturk.com/api/v2/ohlc
2024-01-06T00:00:00Z,BTCTurk,TRY,USDTTRY,1d,30.54,"reported, not observed",graph-api.btcturk.com/v1/klines/history;api.btcturk.com/api/v2/ohlc
2024-01-07T00:00:00Z,BTCTurk,TRY,USDTTRY,1d,30.562,"reported, not observed",graph-api.btcturk.com/v1/klines/history;api.btcturk.com/api/v2/ohlc
2024-01-08T00:00:00Z,BTCTurk,TRY,USDTTRY,1d,30.316,"reported, not observed",graph-api.btcturk.com/v1/klines/history;api.btcturk.com/api/v2/ohlc
2024-01-09T00:00:00Z,BTCTurk,TRY,USDTTRY,1d,30.347,"reported, not observed",graph-api.btcturk.com/v1/klines/history;api.btcturk.com/api/v2/ohlc
2024-01-10T00:00:00Z,BTCTurk,TRY,USDTTRY,1d,30.055,"reported, not observed",graph-api.btcturk.com/v1/klines/history;api.btcturk.com/api/v2/ohlc
2024-01-11T00:00:00Z,BTCTurk,TRY,USDTTRY,1d,30.23,"reported, not observed",graph-api.btcturk.com/v1/klines/history;api.btcturk.com/api/v2/ohlc
2024-01-12T00:00:00Z,BTCTurk,TRY,USDTTRY,1d,30.729,"reported, not observed",graph-api.btcturk.com/v1/klines/history;api.btcturk.com/api/v2/ohlc
2024-01-13T00:00:00Z,BTCTurk,TRY,USDTTRY,1d,30.579,"reported, not observed",graph-api.btcturk.com/v1/klines/history;api.btcturk.com/api/v2/ohlc
2024-01-14T00:00:00Z,BTCTurk,TRY,USDTTRY,1d,30.649,"reported, not observed",graph-api.btcturk.com/v1/klines/history;api.btcturk.com/api/v2/ohlc
2024-01-15T00:00:00Z,BTCTurk,TRY,USDTTRY,1d,30.62,"reported, not observed",graph-api.btcturk.com/v1/klines/history;api.btcturk.com/api/v2/ohlc
2024-01-16T00:00:00Z,BTCTurk,TRY,USDTTRY,1d,30.409,"reported, not observed",graph-api.btcturk.com/v1/klines/history;api.btcturk.com/api/v2/ohlc
2024-01-17T00:00:00Z,BTCTurk,TRY,USDTTRY,1d,30.366,"reported, not observed",graph-api.btcturk.com/v1/klines/history;api.btcturk.com/api/v2/ohlc
2024-01-18T00:00:00Z,BTCTurk,TRY,USDTTRY,1d,30.425,"reported, not observed",graph-api.btcturk.com/v1/klines/history;api.btcturk.com/api/v2/ohlc
2024-01-19T00:00:00Z,BTCTurk,TRY,USDTTRY,1d,30.729,"reported, not observed",graph-api.btcturk.com/v1/klines/history;api.btcturk.com/api/v2/ohlc
2024-01-20T00:00:00Z,BTCTurk,TRY,USDTTRY,1d,30.686,"reported, not observed",graph-api.btcturk.com/v1/klines/history;api.btcturk.com/api/v2/ohlc
2024-01-21T00:00:00Z,BTCTurk,TRY,USDTTRY,1d,30.626,"reported, not observed",graph-api.btcturk.com/v1/klines/history;api.btcturk.com/api/v2/ohlc
2024-01-22T00:00:00Z,BTCTurk,TRY,USDTTRY,1d,30.67,"reported, not observed",graph-api.btcturk.com/v1/klines/history;api.btcturk.com/api/v2/ohlc
2024-01-23T00:00:00Z,BTCTurk,TRY,USDTTRY,1d,30.715,"reported, not observed",graph-api.btcturk.com/v1/klines/history;api.btcturk.com/api/v2/ohlc
2024-01-24T00:00:00Z,BTCTurk,TRY,USDTTRY,1d,30.573,"reported, not observed",graph-api.btcturk.com/v1/klines/history;api.btcturk.com/api/v2/ohlc
2024-01-25T00:00:00Z,BTCTurk,TRY,USDTTRY,1d,30.499,"reported, not observed",graph-api.btcturk.com/v1/klines/history;api.btcturk.com/api/v2/ohlc
2024-01-26T00:00:00Z,BTCTurk,TRY,USDTTRY,1d,30.609,"reported, not observed",graph-api.btcturk.com/v1/klines/history;api.btcturk.com/api/v2/ohlc
2024-01-27T00:00:00Z,BTCTurk,TRY,USDTTRY,1d,30.571,"reported, not observed",graph-api.btcturk.com/v1/klines/history;api.btcturk.com/api/v2/ohlc
2024-01-28T00:00:00Z,BTCTurk,TRY,USDTTRY,1d,30.578,"reported, not observed",graph-api.btcturk.com/v1/klines/history;api.btcturk.com/api/v2/ohlc
2024-01-29T00:00:00Z,BTCTurk,TRY,USDTTRY,1d,30.473,"reported, not observed",graph-api.btcturk.com/v1/klines/history;api.btcturk.com/api/v2/ohlc
2024-01-30T00:00:00Z,BTCTurk,TRY,USDTTRY,1d,30.51,"reported, not observed",graph-api.btcturk.com/v1/klines/history;api.btcturk.com/api/v2/ohlc
2024-01-31T00:00:00Z,BTCTurk,TRY,USDTTRY,1d,30.573,"reported, not observed",graph-api.btcturk.com/v1/klines/history;api.btcturk.com/api/v2/ohlc
2024-02-01T00:00:00Z,BTCTurk,TRY,USDTTRY,1d,30.513,"reported, not observed",graph-api.btcturk.com/v1/klines/history;api.btcturk.com/api/v2/ohlc
2024-02-02T00:00:00Z,BTCTurk,TRY,USDTTRY,1d,30.709,"reported, not observed",graph-api.btcturk.com/v1/klines/history;api.btcturk.com/api/v2/ohlc
2024-02-03T00:00:00Z,BTCTurk,TRY,USDTTRY,1d,30.748,"reported, not observed",graph-api.btcturk.com/v1/klines/history;api.btcturk.com/api/v2/ohlc
2024-02-04T00:00:00Z,BTCTurk,TRY,USDTTRY,1d,30.885,"reported, not observed",graph-api.btcturk.com/v1/klines/history;api.btcturk.com/api/v2/ohlc
2024-02-05T00:00:00Z,BTCTurk,TRY,USDTTRY,1d,30.71,"reported, not observed",graph-api.btcturk.com/v1/klines/history;api.btcturk.com/api/v2/ohlc
2024-02-06T00:00:00Z,BTCTurk,TRY,USDTTRY,1d,30.661,"reported, not observed",graph-api.btcturk.com/v1/klines/history;api.btcturk.com/api/v2/ohlc
2024-02-07T00:00:00Z,BTCTurk,TRY,USDTTRY,1d,30.606,"reported, not observed",graph-api.btcturk.com/v1/klines/history;api.btcturk.com/api/v2/ohlc
2024-02-08T00:00:00Z,BTCTurk,TRY,USDTTRY,1d,30.698,"reported, not observed",graph-api.btcturk.com/v1/klines/history;api.btcturk.com/api/v2/ohlc
2024-02-09T00:00:00Z,BTCTurk,TRY,USDTTRY,1d,30.839,"reported, not observed",graph-api.btcturk.com/v1/klines/history;api.btcturk.com/api/v2/ohlc
2024-02-10T00:00:00Z,BTCTurk,TRY,USDTTRY,1d,30.766,"reported, not observed",graph-api.btcturk.com/v1/klines/history;api.btcturk.com/api/v2/ohlc
2024-02-11T00:00:00Z,BTCTurk,TRY,USDTTRY,1d,30.802,"reported, not observed",graph-api.btcturk.com/v1/klines/history;api.btcturk.com/api/v2/ohlc
2024-02-12T00:00:00Z,BTCTurk,TRY,USDTTRY,1d,30.771,"reported, not observed",graph-api.btcturk.com/v1/klines/history;api.btcturk.com/api/v2/ohlc
2024-02-13T00:00:00Z,BTCTurk,TRY,USDTTRY,1d,30.851,"reported, not observed",graph-api.btcturk.com/v1/klines/history;api.btcturk.com/api/v2/ohlc
2024-02-14T00:00:00Z,BTCTurk,TRY,USDTTRY,1d,30.798,"reported, not observed",graph-api.btcturk.com/v1/klines/history;api.btcturk.com/api/v2/ohlc
2024-02-15T00:00:00Z,BTCTurk,TRY,USDTTRY,1d,30.899,"reported, not observed",graph-api.btcturk.com/v1/klines/history;api.btcturk.com/api/v2/ohlc
2024-02-16T00:00:00Z,BTCTurk,TRY,USDTTRY,1d,31.203,"reported, not observed",graph-api.btcturk.com/v1/klines/history;api.btcturk.com/api/v2/ohlc
2024-02-17T00:00:00Z,BTCTurk,TRY,USDTTRY,1d,31.24,"reported, not observed",graph-api.btcturk.com/v1/klines/history;api.btcturk.com/api/v2/ohlc
2024-02-18T00:00:00Z,BTCTurk,TRY,USDTTRY,1d,31.155,"reported, not observed",graph-api.btcturk.com/v1/klines/history;api.btcturk.com/api/v2/ohlc
2024-02-19T00:00:00Z,BTCTurk,TRY,USDTTRY,1d,31.185,"reported, not observed",graph-api.btcturk.com/v1/klines/history;api.btcturk.com/api/v2/ohlc
2024-02-20T00:00:00Z,BTCTurk,TRY,USDTTRY,1d,31.299,"reported, not observed",graph-api.btcturk.com/v1/klines/history;api.btcturk.com/api/v2/ohlc
2024-02-21T00:00:00Z,BTCTurk,TRY,USDTTRY,1d,31.371,"reported, not observed",graph-api.btcturk.com/v1/klines/history;api.btcturk.com/api/v2/ohlc
2024-02-22T00:00:00Z,BTCTurk,TRY,USDTTRY,1d,31.329,"reported, not observed",graph-api.btcturk.com/v1/klines/history;api.btcturk.com/api/v2/ohlc
2024-02-23T00:00:00Z,BTCTurk,TRY,USDTTRY,1d,31.547,"reported, not observed",graph-api.btcturk.com/v1/klines/history;api.btcturk.com/api/v2/ohlc
2024-02-24T00:00:00Z,BTCTurk,TRY,USDTTRY,1d,31.476,"reported, not observed",graph-api.btcturk.com/v1/klines/history;api.btcturk.com/api/v2/ohlc
2024-02-25T00:00:00Z,BTCTurk,TRY,USDTTRY,1d,31.406,"reported, not observed",graph-api.btcturk.com/v1/klines/history;api.btcturk.com/api/v2/ohlc
2024-02-26T00:00:00Z,BTCTurk,TRY,USDTTRY,1d,31.28,"reported, not observed",graph-api.btcturk.com/v1/klines/history;api.btcturk.com/api/v2/ohlc
2024-02-27T00:00:00Z,BTCTurk,TRY,USDTTRY,1d,31.281,"reported, not observed",graph-api.btcturk.com/v1/klines/history;api.btcturk.com/api/v2/ohlc
2024-02-28T00:00:00Z,BTCTurk,TRY,USDTTRY,1d,31.21,"reported, not observed",graph-api.btcturk.com/v1/klines/history;api.btcturk.com/api/v2/ohlc
2024-02-29T00:00:00Z,BTCTurk,TRY,USDTTRY,1d,31.394,"reported, not observed",graph-api.btcturk.com/v1/klines/history;api.btcturk.com/api/v2/ohlc
2024-03-01T00:00:00Z,BTCTurk,TRY,USDTTRY,1d,31.463,"reported, not observed",graph-api.btcturk.com/v1/klines/history;api.btcturk.com/api/v2/ohlc
2024-03-02T00:00:00Z,BTCTurk,TRY,USDTTRY,1d,31.467,"reported, not observed",graph-api.btcturk.com/v1/klines/history;api.btcturk.com/api/v2/ohlc
2024-03-03T00:00:00Z,BTCTurk,TRY,USDTTRY,1d,31.487,"reported, not observed",graph-api.btcturk.com/v1/klines/history;api.btcturk.com/api/v2/ohlc
2024-03-04T00:00:00Z,BTCTurk,TRY,USDTTRY,1d,31.861,"reported, not observed",graph-api.btcturk.com/v1/klines/history;api.btcturk.com/api/v2/ohlc
2024-03-05T00:00:00Z,BTCTurk,TRY,USDTTRY,1d,32.6,"reported, not observed",graph-api.btcturk.com/v1/klines/history;api.btcturk.com/api/v2/ohlc
2024-03-06T00:00:00Z,BTCTurk,TRY,USDTTRY,1d,32.501,"reported, not observed",graph-api.btcturk.com/v1/klines/history;api.btcturk.com/api/v2/ohlc
2024-03-07T00:00:00Z,BTCTurk,TRY,USDTTRY,1d,32.508,"reported, not observed",graph-api.btcturk.com/v1/klines/history;api.btcturk.com/api/v2/ohlc
2024-03-08T00:00:00Z,BTCTurk,TRY,USDTTRY,1d,32.71,"reported, not observed",graph-api.btcturk.com/v1/klines/history;api.btcturk.com/api/v2/ohlc
2024-03-09T00:00:00Z,BTCTurk,TRY,USDTTRY,1d,32.802,"reported, not observed",graph-api.btcturk.com/v1/klines/history;api.btcturk.com/api/v2/ohlc
2024-03-10T00:00:00Z,BTCTurk,TRY,USDTTRY,1d,33.17,"reported, not observed",graph-api.btcturk.com/v1/klines/history;api.btcturk.com/api/v2/ohlc
2024-03-11T00:00:00Z,BTCTurk,TRY,USDTTRY,1d,32.72,"reported, not observed",graph-api.btcturk.com/v1/klines/history;api.btcturk.com/api/v2/ohlc
2024-03-12T00:00:00Z,BTCTurk,TRY,USDTTRY,1d,32.657,"reported, not observed",graph-api.btcturk.com/v1/klines/history;api.btcturk.com/api/v2/ohlc
2024-03-13T00:00:00Z,BTCTurk,TRY,USDTTRY,1d,32.453,"reported, not observed",graph-api.btcturk.com/v1/klines/history;api.btcturk.com/api/v2/ohlc
2024-03-14T00:00:00Z,BTCTurk,TRY,USDTTRY,1d,32.64,"reported, not observed",graph-api.btcturk.com/v1/klines/history;api.btcturk.com/api/v2/ohlc
2024-03-15T00:00:00Z,BTCTurk,TRY,USDTTRY,1d,33.087,"reported, not observed",graph-api.btcturk.com/v1/klines/history;api.btcturk.com/api/v2/ohlc
2024-03-16T00:00:00Z,BTCTurk,TRY,USDTTRY,1d,33.62,"reported, not observed",graph-api.btcturk.com/v1/klines/history;api.btcturk.com/api/v2/ohlc
2024-03-17T00:00:00Z,BTCTurk,TRY,USDTTRY,1d,33.15,"reported, not observed",graph-api.btcturk.com/v1/klines/history;api.btcturk.com/api/v2/ohlc
2024-03-18T00:00:00Z,BTCTurk,TRY,USDTTRY,1d,33.395,"reported, not observed",graph-api.btcturk.com/v1/klines/history;api.btcturk.com/api/v2/ohlc
2024-03-19T00:00:00Z,BTCTurk,TRY,USDTTRY,1d,33.423,"reported, not observed",graph-api.btcturk.com/v1/klines/history;api.btcturk.com/api/v2/ohlc
2024-03-20T00:00:00Z,BTCTurk,TRY,USDTTRY,1d,33.14,"reported, not observed",graph-api.btcturk.com/v1/klines/history;api.btcturk.com/api/v2/ohlc
2024-03-21T00:00:00Z,BTCTurk,TRY,USDTTRY,1d,32.942,"reported, not observed",graph-api.btcturk.com/v1/klines/history;api.btcturk.com/api/v2/ohlc
2024-03-22T00:00:00Z,BTCTurk,TRY,USDTTRY,1d,32.827,"reported, not observed",graph-api.btcturk.com/v1/klines/history;api.btcturk.com/api/v2/ohlc
2024-03-23T00:00:00Z,BTCTurk,TRY,USDTTRY,1d,32.709,"reported, not observed",graph-api.btcturk.com/v1/klines/history;api.btcturk.com/api/v2/ohlc
2024-03-24T00:00:00Z,BTCTurk,TRY,USDTTRY,1d,32.39,"reported, not observed",graph-api.btcturk.com/v1/klines/history;api.btcturk.com/api/v2/ohlc
2024-03-25T00:00:00Z,BTCTurk,TRY,USDTTRY,1d,32.205,"reported, not observed",graph-api.btcturk.com/v1/klines/history;api.btcturk.com/api/v2/ohlc
2024-03-26T00:00:00Z,BTCTurk,TRY,USDTTRY,1d,32.327,"reported, not observed",graph-api.btcturk.com/v1/klines/history;api.btcturk.com/api/v2/ohlc
2024-03-27T00:00:00Z,BTCTurk,TRY,USDTTRY,1d,32.473,"reported, not observed",graph-api.btcturk.com/v1/klines/history;api.btcturk.com/api/v2/ohlc
2024-03-28T00:00:00Z,BTCTurk,TRY,USDTTRY,1d,32.334,"reported, not observed",graph-api.btcturk.com/v1/klines/history;api.btcturk.com/api/v2/ohlc
2024-03-29T00:00:00Z,BTCTurk,TRY,USDTTRY,1d,32.879,"reported, not observed",graph-api.btcturk.com/v1/klines/history;api.btcturk.com/api/v2/ohlc
2024-03-30T00:00:00Z,BTCTurk,TRY,USDTTRY,1d,33.112,"reported, not observed",graph-api.btcturk.com/v1/klines/history;api.btcturk.com/api/v2/ohlc
2024-03-31T00:00:00Z,BTCTurk,TRY,USDTTRY,1d,33.092,"reported, not observed",graph-api.btcturk.com/v1/klines/history;api.btcturk.com/api/v2/ohlc
2024-04-01T00:00:00Z,BTCTurk,TRY,USDTTRY,1d,32.766,"reported, not observed",graph-api.btcturk.com/v1/klines/history;api.btcturk.com/api/v2/ohlc
2024-04-02T00:00:00Z,BTCTurk,TRY,USDTTRY,1d,32.525,"reported, not observed",graph-api.btcturk.com/v1/klines/history;api.btcturk.com/api/v2/ohlc
2024-04-03T00:00:00Z,BTCTurk,TRY,USDTTRY,1d,32.098,"reported, not observed",graph-api.btcturk.com/v1/klines/history;api.btcturk.com/api/v2/ohlc
2024-04-04T00:00:00Z,BTCTurk,TRY,USDTTRY,1d,32.148,"reported, not observed",graph-api.btcturk.com/v1/klines/history;api.btcturk.com/api/v2/ohlc
2024-04-05T00:00:00Z,BTCTurk,TRY,USDTTRY,1d,32.496,"reported, not observed",graph-api.btcturk.com/v1/klines/history;api.btcturk.com/api/v2/ohlc
2024-04-06T00:00:00Z,BTCTurk,TRY,USDTTRY,1d,32.471,"reported, not observed",graph-api.btcturk.com/v1/klines/history;api.btcturk.com/api/v2/ohlc
2024-04-07T00:00:00Z,BTCTurk,TRY,USDTTRY,1d,32.38,"reported, not observed",graph-api.btcturk.com/v1/klines/history;api.btcturk.com/api/v2/ohlc
2024-04-08T00:00:00Z,BTCTurk,TRY,USDTTRY,1d,32.202,"reported, not observed",graph-api.btcturk.com/v1/klines/history;api.btcturk.com/api/v2/ohlc
2024-04-09T00:00:00Z,BTCTurk,TRY,USDTTRY,1d,32.82,"reported, not observed",graph-api.btcturk.com/v1/klines/history;api.btcturk.com/api/v2/ohlc
2024-04-10T00:00:00Z,BTCTurk,TRY,USDTTRY,1d,32.908,"reported, not observed",graph-api.btcturk.com/v1/klines/history;api.btcturk.com/api/v2/ohlc
2024-04-11T00:00:00Z,BTCTurk,TRY,USDTTRY,1d,33.095,"reported, not observed",graph-api.btcturk.com/v1/klines/history;api.btcturk.com/api/v2/ohlc
2024-04-12T00:00:00Z,BTCTurk,TRY,USDTTRY,1d,33.85,"reported, not observed",graph-api.btcturk.com/v1/klines/history;api.btcturk.com/api/v2/ohlc
2024-04-13T00:00:00Z,BTCTurk,TRY,USDTTRY,1d,34.46,"reported, not observed",graph-api.btcturk.com/v1/klines/history;api.btcturk.com/api/v2/ohlc
2024-04-14T00:00:00Z,BTCTurk,TRY,USDTTRY,1d,34.307,"reported, not observed",graph-api.btcturk.com/v1/klines/history;api.btcturk.com/api/v2/ohlc
2024-04-15T00:00:00Z,BTCTurk,TRY,USDTTRY,1d,33.121,"reported, not observed",graph-api.btcturk.com/v1/klines/history;api.btcturk.com/api/v2/ohlc
2024-04-16T00:00:00Z,BTCTurk,TRY,USDTTRY,1d,32.812,"reported, not observed",graph-api.btcturk.com/v1/klines/history;api.btcturk.com/api/v2/ohlc
2024-04-17T00:00:00Z,BTCTurk,TRY,USDTTRY,1d,32.815,"reported, not observed",graph-api.btcturk.com/v1/klines/history;api.btcturk.com/api/v2/ohlc
2024-04-18T00:00:00Z,BTCTurk,TRY,USDTTRY,1d,32.692,"reported, not observed",graph-api.btcturk.com/v1/klines/history;api.btcturk.com/api/v2/ohlc
2024-04-19T00:00:00Z,BTCTurk,TRY,USDTTRY,1d,32.995,"reported, not observed",graph-api.btcturk.com/v1/klines/history;api.btcturk.com/api/v2/ohlc
2024-04-20T00:00:00Z,BTCTurk,TRY,USDTTRY,1d,32.933,"reported, not observed",graph-api.btcturk.com/v1/klines/history;api.btcturk.com/api/v2/ohlc
2024-04-21T00:00:00Z,BTCTurk,TRY,USDTTRY,1d,32.767,"reported, not observed",graph-api.btcturk.com/v1/klines/history;api.btcturk.com/api/v2/ohlc
2024-04-22T00:00:00Z,BTCTurk,TRY,USDTTRY,1d,32.652,"reported, not observed",graph-api.btcturk.com/v1/klines/history;api.btcturk.com/api/v2/ohlc
2024-04-23T00:00:00Z,BTCTurk,TRY,USDTTRY,1d,32.667,"reported, not observed",graph-api.btcturk.com/v1/klines/history;api.btcturk.com/api/v2/ohlc
2024-04-24T00:00:00Z,BTCTurk,TRY,USDTTRY,1d,32.662,"reported, not observed",graph-api.btcturk.com/v1/klines/history;api.btcturk.com/api/v2/ohlc
2024-04-25T00:00:00Z,BTCTurk,TRY,USDTTRY,1d,32.692,"reported, not observed",graph-api.btcturk.com/v1/klines/history;api.btcturk.com/api/v2/ohlc
2024-04-26T00:00:00Z,BTCTurk,TRY,USDTTRY,1d,32.721,"reported, not observed",graph-api.btcturk.com/v1/klines/history;api.btcturk.com/api/v2/ohlc
2024-04-27T00:00:00Z,BTCTurk,TRY,USDTTRY,1d,32.68,"reported, not observed",graph-api.btcturk.com/v1/klines/history;api.btcturk.com/api/v2/ohlc
2024-04-28T00:00:00Z,BTCTurk,TRY,USDTTRY,1d,32.608,"reported, not observed",graph-api.btcturk.com/v1/klines/history;api.btcturk.com/api/v2/ohlc
2024-04-29T00:00:00Z,BTCTurk,TRY,USDTTRY,1d,32.462,"reported, not observed",graph-api.btcturk.com/v1/klines/history;api.btcturk.com/api/v2/ohlc
2024-04-30T00:00:00Z,BTCTurk,TRY,USDTTRY,1d,32.641,"reported, not observed",graph-api.btcturk.com/v1/klines/history;api.btcturk.com/api/v2/ohlc
2024-05-01T00:00:00Z,BTCTurk,TRY,USDTTRY,1d,32.679,"reported, not observed",graph-api.btcturk.com/v1/klines/history;api.btcturk.com/api/v2/ohlc
2024-05-02T00:00:00Z,BTCTurk,TRY,USDTTRY,1d,32.453,"reported, not observed",graph-api.btcturk.com/v1/klines/history;api.btcturk.com/api/v2/ohlc
2024-05-03T00:00:00Z,BTCTurk,TRY,USDTTRY,1d,32.403,"reported, not observed",graph-api.btcturk.com/v1/klines/history;api.btcturk.com/api/v2/ohlc
2024-05-04T00:00:00Z,BTCTurk,TRY,USDTTRY,1d,32.416,"reported, not observed",graph-api.btcturk.com/v1/klines/history;api.btcturk.com/api/v2/ohlc
2024-05-05T00:00:00Z,BTCTurk,TRY,USDTTRY,1d,32.385,"reported, not observed",graph-api.btcturk.com/v1/klines/history;api.btcturk.com/api/v2/ohlc
2024-05-06T00:00:00Z,BTCTurk,TRY,USDTTRY,1d,32.381,"reported, not observed",graph-api.btcturk.com/v1/klines/history;api.btcturk.com/api/v2/ohlc
2024-05-07T00:00:00Z,BTCTurk,TRY,USDTTRY,1d,32.369,"reported, not observed",graph-api.btcturk.com/v1/klines/history;api.btcturk.com/api/v2/ohlc
2024-05-08T00:00:00Z,BTCTurk,TRY,USDTTRY,1d,32.395,"reported, not observed",graph-api.btcturk.com/v1/klines/history;api.btcturk.com/api/v2/ohlc
2024-05-09T00:00:00Z,BTCTurk,TRY,USDTTRY,1d,32.247,"reported, not observed",graph-api.btcturk.com/v1/klines/history;api.btcturk.com/api/v2/ohlc
2024-05-10T00:00:00Z,BTCTurk,TRY,USDTTRY,1d,32.408,"reported, not observed",graph-api.btcturk.com/v1/klines/history;api.btcturk.com/api/v2/ohlc
2024-05-11T00:00:00Z,BTCTurk,TRY,USDTTRY,1d,32.494,"reported, not observed",graph-api.btcturk.com/v1/klines/history;api.btcturk.com/api/v2/ohlc
2024-05-12T00:00:00Z,BTCTurk,TRY,USDTTRY,1d,32.451,"reported, not observed",graph-api.btcturk.com/v1/klines/history;api.btcturk.com/api/v2/ohlc
2024-05-13T00:00:00Z,BTCTurk,TRY,USDTTRY,1d,32.246,"reported, not observed",graph-api.btcturk.com/v1/klines/history;api.btcturk.com/api/v2/ohlc
2024-05-14T00:00:00Z,BTCTurk,TRY,USDTTRY,1d,32.375,"reported, not observed",graph-api.btcturk.com/v1/klines/history;api.btcturk.com/api/v2/ohlc
2024-05-15T00:00:00Z,BTCTurk,TRY,USDTTRY,1d,32.293,"reported, not observed",graph-api.btcturk.com/v1/klines/history;api.btcturk.com/api/v2/ohlc
2024-05-16T00:00:00Z,BTCTurk,TRY,USDTTRY,1d,32.281,"reported, not observed",graph-api.btcturk.com/v1/klines/history;api.btcturk.com/api/v2/ohlc
2024-05-17T00:00:00Z,BTCTurk,TRY,USDTTRY,1d,32.322,"reported, not observed",graph-api.btcturk.com/v1/klines/history;api.btcturk.com/api/v2/ohlc
2024-05-18T00:00:00Z,BTCTurk,TRY,USDTTRY,1d,32.285,"reported, not observed",graph-api.btcturk.com/v1/klines/history;api.btcturk.com/api/v2/ohlc
2024-05-19T00:00:00Z,BTCTurk,TRY,USDTTRY,1d,32.361,"reported, not observed",graph-api.btcturk.com/v1/klines/history;api.btcturk.com/api/v2/ohlc
2024-05-20T00:00:00Z,BTCTurk,TRY,USDTTRY,1d,31.554,"reported, not observed",graph-api.btcturk.com/v1/klines/history;api.btcturk.com/api/v2/ohlc
2024-05-21T00:00:00Z,BTCTurk,TRY,USDTTRY,1d,31.89,"reported, not observed",graph-api.btcturk.com/v1/klines/history;api.btcturk.com/api/v2/ohlc
2024-05-22T00:00:00Z,BTCTurk,TRY,USDTTRY,1d,32.145,"reported, not observed",graph-api.btcturk.com/v1/klines/history;api.btcturk.com/api/v2/ohlc
2024-05-23T00:00:00Z,BTCTurk,TRY,USDTTRY,1d,32.28,"reported, not observed",graph-api.btcturk.com/v1/klines/history;api.btcturk.com/api/v2/ohlc
2024-05-24T00:00:00Z,BTCTurk,TRY,USDTTRY,1d,32.338,"reported, not observed",graph-api.btcturk.com/v1/klines/history;api.btcturk.com/api/v2/ohlc
2024-05-25T00:00:00Z,BTCTurk,TRY,USDTTRY,1d,32.226,"reported, not observed",graph-api.btcturk.com/v1/klines/history;api.btcturk.com/api/v2/ohlc
2024-05-26T00:00:00Z,BTCTurk,TRY,USDTTRY,1d,32.234,"reported, not observed",graph-api.btcturk.com/v1/klines/history;api.btcturk.com/api/v2/ohlc
2024-05-27T00:00:00Z,BTCTurk,TRY,USDTTRY,1d,32.08,"reported, not observed",graph-api.btcturk.com/v1/klines/history;api.btcturk.com/api/v2/ohlc
2024-05-28T00:00:00Z,BTCTurk,TRY,USDTTRY,1d,32.223,"reported, not observed",graph-api.btcturk.com/v1/klines/history;api.btcturk.com/api/v2/ohlc
2024-05-29T00:00:00Z,BTCTurk,TRY,USDTTRY,1d,32.273,"reported, not observed",graph-api.btcturk.com/v1/klines/history;api.btcturk.com/api/v2/ohlc
2024-05-30T00:00:00Z,BTCTurk,TRY,USDTTRY,1d,32.253,"reported, not observed",graph-api.btcturk.com/v1/klines/history;api.btcturk.com/api/v2/ohlc
2024-05-31T00:00:00Z,BTCTurk,TRY,USDTTRY,1d,32.305,"reported, not observed",graph-api.btcturk.com/v1/klines/history;api.btcturk.com/api/v2/ohlc
2024-06-01T00:00:00Z,BTCTurk,TRY,USDTTRY,1d,32.301,"reported, not observed",graph-api.btcturk.com/v1/klines/history;api.btcturk.com/api/v2/ohlc
2024-06-02T00:00:00Z,BTCTurk,TRY,USDTTRY,1d,32.314,"reported, not observed",graph-api.btcturk.com/v1/klines/history;api.btcturk.com/api/v2/ohlc
2024-06-03T00:00:00Z,BTCTurk,TRY,USDTTRY,1d,32.229,"reported, not observed",graph-api.btcturk.com/v1/klines/history;api.btcturk.com/api/v2/ohlc
2024-06-04T00:00:00Z,BTCTurk,TRY,USDTTRY,1d,32.518,"reported, not observed",graph-api.btcturk.com/v1/klines/history;api.btcturk.com/api/v2/ohlc
2024-06-05T00:00:00Z,BTCTurk,TRY,USDTTRY,1d,32.304,"reported, not observed",graph-api.btcturk.com/v1/klines/history;api.btcturk.com/api/v2/ohlc
2024-06-06T00:00:00Z,BTCTurk,TRY,USDTTRY,1d,32.312,"reported, not observed",graph-api.btcturk.com/v1/klines/history;api.btcturk.com/api/v2/ohlc
2024-06-07T00:00:00Z,BTCTurk,TRY,USDTTRY,1d,32.703,"reported, not observed",graph-api.btcturk.com/v1/klines/history;api.btcturk.com/api/v2/ohlc
2024-06-08T00:00:00Z,BTCTurk,TRY,USDTTRY,1d,32.768,"reported, not observed",graph-api.btcturk.com/v1/klines/history;api.btcturk.com/api/v2/ohlc
2024-06-09T00:00:00Z,BTCTurk,TRY,USDTTRY,1d,32.687,"reported, not observed",graph-api.btcturk.com/v1/klines/history;api.btcturk.com/api/v2/ohlc
2024-06-10T00:00:00Z,BTCTurk,TRY,USDTTRY,1d,32.529,"reported, not observed",graph-api.btcturk.com/v1/klines/history;api.btcturk.com/api/v2/ohlc
2024-06-11T00:00:00Z,BTCTurk,TRY,USDTTRY,1d,32.52,"reported, not observed",graph-api.btcturk.com/v1/klines/history;api.btcturk.com/api/v2/ohlc
2024-06-12T00:00:00Z,BTCTurk,TRY,USDTTRY,1d,32.465,"reported, not observed",graph-api.btcturk.com/v1/klines/history;api.btcturk.com/api/v2/ohlc
2024-06-13T00:00:00Z,BTCTurk,TRY,USDTTRY,1d,32.449,"reported, not observed",graph-api.btcturk.com/v1/klines/history;api.btcturk.com/api/v2/ohlc
2024-06-14T00:00:00Z,BTCTurk,TRY,USDTTRY,1d,33.41,"reported, not observed",graph-api.btcturk.com/v1/klines/history;api.btcturk.com/api/v2/ohlc
2024-06-15T00:00:00Z,BTCTurk,TRY,USDTTRY,1d,33.482,"reported, not observed",graph-api.btcturk.com/v1/klines/history;api.btcturk.com/api/v2/ohlc
2024-06-16T00:00:00Z,BTCTurk,TRY,USDTTRY,1d,33.373,"reported, not observed",graph-api.btcturk.com/v1/klines/history;api.btcturk.com/api/v2/ohlc
2024-06-17T00:00:00Z,BTCTurk,TRY,USDTTRY,1d,33.58,"reported, not observed",graph-api.btcturk.com/v1/klines/history;api.btcturk.com/api/v2/ohlc
2024-06-18T00:00:00Z,BTCTurk,TRY,USDTTRY,1d,33.552,"reported, not observed",graph-api.btcturk.com/v1/klines/history;api.btcturk.com/api/v2/ohlc
2024-06-19T00:00:00Z,BTCTurk,TRY,USDTTRY,1d,33.159,"reported, not observed",graph-api.btcturk.com/v1/klines/history;api.btcturk.com/api/v2/ohlc
2024-06-20T00:00:00Z,BTCTurk,TRY,USDTTRY,1d,33.025,"reported, not observed",graph-api.btcturk.com/v1/klines/history;api.btcturk.com/api/v2/ohlc
2024-06-21T00:00:00Z,BTCTurk,TRY,USDTTRY,1d,33.29,"reported, not observed",graph-api.btcturk.com/v1/klines/history;api.btcturk.com/api/v2/ohlc
2024-06-22T00:00:00Z,BTCTurk,TRY,USDTTRY,1d,32.96,"reported, not observed",graph-api.btcturk.com/v1/klines/history;api.btcturk.com/api/v2/ohlc
2024-06-23T00:00:00Z,BTCTurk,TRY,USDTTRY,1d,33.087,"reported, not observed",graph-api.btcturk.com/v1/klines/history;api.btcturk.com/api/v2/ohlc
2024-06-24T00:00:00Z,BTCTurk,TRY,USDTTRY,1d,33.143,"reported, not observed",graph-api.btcturk.com/v1/klines/history;api.btcturk.com/api/v2/ohlc
2024-06-25T00:00:00Z,BTCTurk,TRY,USDTTRY,1d,33.045,"reported, not observed",graph-api.btcturk.com/v1/klines/history;api.btcturk.com/api/v2/ohlc
2024-06-26T00:00:00Z,BTCTurk,TRY,USDTTRY,1d,32.995,"reported, not observed",graph-api.btcturk.com/v1/klines/history;api.btcturk.com/api/v2/ohlc
2024-06-27T00:00:00Z,BTCTurk,TRY,USDTTRY,1d,32.903,"reported, not observed",graph-api.btcturk.com/v1/klines/history;api.btcturk.com/api/v2/ohlc
2024-06-28T00:00:00Z,BTCTurk,TRY,USDTTRY,1d,32.906,"reported, not observed",graph-api.btcturk.com/v1/klines/history;api.btcturk.com/api/v2/ohlc
2024-06-29T00:00:00Z,BTCTurk,TRY,USDTTRY,1d,32.955,"reported, not observed",graph-api.btcturk.com/v1/klines/history;api.btcturk.com/api/v2/ohlc
2024-06-30T00:00:00Z,BTCTurk,TRY,USDTTRY,1d,32.822,"reported, not observed",graph-api.btcturk.com/v1/klines/history;api.btcturk.com/api/v2/ohlc
2024-07-01T00:00:00Z,BTCTurk,TRY,USDTTRY,1d,32.777,"reported, not observed",graph-api.btcturk.com/v1/klines/history;api.btcturk.com/api/v2/ohlc
2024-07-02T00:00:00Z,BTCTurk,TRY,USDTTRY,1d,32.643,"reported, not observed",graph-api.btcturk.com/v1/klines/history;api.btcturk.com/api/v2/ohlc
2024-07-03T00:00:00Z,BTCTurk,TRY,USDTTRY,1d,32.645,"reported, not observed",graph-api.btcturk.com/v1/klines/history;api.btcturk.com/api/v2/ohlc
2024-07-04T00:00:00Z,BTCTurk,TRY,USDTTRY,1d,32.897,"reported, not observed",graph-api.btcturk.com/v1/klines/history;api.btcturk.com/api/v2/ohlc
2024-07-05T00:00:00Z,BTCTurk,TRY,USDTTRY,1d,33.021,"reported, not observed",graph-api.btcturk.com/v1/klines/history;api.btcturk.com/api/v2/ohlc
2024-07-06T00:00:00Z,BTCTurk,TRY,USDTTRY,1d,32.862,"reported, not observed",graph-api.btcturk.com/v1/klines/history;api.btcturk.com/api/v2/ohlc
2024-07-07T00:00:00Z,BTCTurk,TRY,USDTTRY,1d,32.83,"reported, not observed",graph-api.btcturk.com/v1/klines/history;api.btcturk.com/api/v2/ohlc
2024-07-08T00:00:00Z,BTCTurk,TRY,USDTTRY,1d,32.802,"reported, not observed",graph-api.btcturk.com/v1/klines/history;api.btcturk.com/api/v2/ohlc
2024-07-09T00:00:00Z,BTCTurk,TRY,USDTTRY,1d,32.941,"reported, not observed",graph-api.btcturk.com/v1/klines/history;api.btcturk.com/api/v2/ohlc
2024-07-10T00:00:00Z,BTCTurk,TRY,USDTTRY,1d,32.979,"reported, not observed",graph-api.btcturk.com/v1/klines/history;api.btcturk.com/api/v2/ohlc
2024-07-11T00:00:00Z,BTCTurk,TRY,USDTTRY,1d,32.978,"reported, not observed",graph-api.btcturk.com/v1/klines/history;api.btcturk.com/api/v2/ohlc
2024-07-12T00:00:00Z,BTCTurk,TRY,USDTTRY,1d,33.212,"reported, not observed",graph-api.btcturk.com/v1/klines/history;api.btcturk.com/api/v2/ohlc
2024-07-13T00:00:00Z,BTCTurk,TRY,USDTTRY,1d,33.202,"reported, not observed",graph-api.btcturk.com/v1/klines/history;api.btcturk.com/api/v2/ohlc
2024-07-14T00:00:00Z,BTCTurk,TRY,USDTTRY,1d,33.171,"reported, not observed",graph-api.btcturk.com/v1/klines/history;api.btcturk.com/api/v2/ohlc
2024-07-15T00:00:00Z,BTCTurk,TRY,USDTTRY,1d,32.975,"reported, not observed",graph-api.btcturk.com/v1/klines/history;api.btcturk.com/api/v2/ohlc
2024-07-16T00:00:00Z,BTCTurk,TRY,USDTTRY,1d,33.096,"reported, not observed",graph-api.btcturk.com/v1/klines/history;api.btcturk.com/api/v2/ohlc
2024-07-17T00:00:00Z,BTCTurk,TRY,USDTTRY,1d,33.203,"reported, not observed",graph-api.btcturk.com/v1/klines/history;api.btcturk.com/api/v2/ohlc
2024-07-18T00:00:00Z,BTCTurk,TRY,USDTTRY,1d,33.199,"reported, not observed",graph-api.btcturk.com/v1/klines/history;api.btcturk.com/api/v2/ohlc
2024-07-19T00:00:00Z,BTCTurk,TRY,USDTTRY,1d,33.074,"reported, not observed",graph-api.btcturk.com/v1/klines/history;api.btcturk.com/api/v2/ohlc
2024-07-20T00:00:00Z,BTCTurk,TRY,USDTTRY,1d,33.126,"reported, not observed",graph-api.btcturk.com/v1/klines/history;api.btcturk.com/api/v2/ohlc
2024-07-21T00:00:00Z,BTCTurk,TRY,USDTTRY,1d,33.091,"reported, not observed",graph-api.btcturk.com/v1/klines/history;api.btcturk.com/api/v2/ohlc
2024-07-22T00:00:00Z,BTCTurk,TRY,USDTTRY,1d,33.105,"reported, not observed",graph-api.btcturk.com/v1/klines/history;api.btcturk.com/api/v2/ohlc
2024-07-23T00:00:00Z,BTCTurk,TRY,USDTTRY,1d,32.965,"reported, not observed",graph-api.btcturk.com/v1/klines/history;api.btcturk.com/api/v2/ohlc
2024-07-24T00:00:00Z,BTCTurk,TRY,USDTTRY,1d,32.939,"reported, not observed",graph-api.btcturk.com/v1/klines/history;api.btcturk.com/api/v2/ohlc
2024-07-25T00:00:00Z,BTCTurk,TRY,USDTTRY,1d,33.239,"reported, not observed",graph-api.btcturk.com/v1/klines/history;api.btcturk.com/api/v2/ohlc
2024-07-26T00:00:00Z,BTCTurk,TRY,USDTTRY,1d,33.054,"reported, not observed",graph-api.btcturk.com/v1/klines/history;api.btcturk.com/api/v2/ohlc
2024-07-27T00:00:00Z,BTCTurk,TRY,USDTTRY,1d,33.112,"reported, not observed",graph-api.btcturk.com/v1/klines/history;api.btcturk.com/api/v2/ohlc
2024-07-28T00:00:00Z,BTCTurk,TRY,USDTTRY,1d,33.179,"reported, not observed",graph-api.btcturk.com/v1/klines/history;api.btcturk.com/api/v2/ohlc
2024-07-29T00:00:00Z,BTCTurk,TRY,USDTTRY,1d,33.175,"reported, not observed",graph-api.btcturk.com/v1/klines/history;api.btcturk.com/api/v2/ohlc
2024-07-30T00:00:00Z,BTCTurk,TRY,USDTTRY,1d,33.197,"reported, not observed",graph-api.btcturk.com/v1/klines/history;api.btcturk.com/api/v2/ohlc
2024-07-31T00:00:00Z,BTCTurk,TRY,USDTTRY,1d,33.297,"reported, not observed",graph-api.btcturk.com/v1/klines/history;api.btcturk.com/api/v2/ohlc
2024-08-01T00:00:00Z,BTCTurk,TRY,USDTTRY,1d,33.225,"reported, not observed",graph-api.btcturk.com/v1/klines/history;api.btcturk.com/api/v2/ohlc
2024-08-02T00:00:00Z,BTCTurk,TRY,USDTTRY,1d,33.428,"reported, not observed",graph-api.btcturk.com/v1/klines/history;api.btcturk.com/api/v2/ohlc
2024-08-03T00:00:00Z,BTCTurk,TRY,USDTTRY,1d,33.64,"reported, not observed",graph-api.btcturk.com/v1/klines/history;api.btcturk.com/api/v2/ohlc
2024-08-04T00:00:00Z,BTCTurk,TRY,USDTTRY,1d,33.767,"reported, not observed",graph-api.btcturk.com/v1/klines/history;api.btcturk.com/api/v2/ohlc
2024-08-05T00:00:00Z,BTCTurk,TRY,USDTTRY,1d,33.735,"reported, not observed",graph-api.btcturk.com/v1/klines/history;api.btcturk.com/api/v2/ohlc
2024-08-06T00:00:00Z,BTCTurk,TRY,USDTTRY,1d,33.824,"reported, not observed",graph-api.btcturk.com/v1/klines/history;api.btcturk.com/api/v2/ohlc
2024-08-07T00:00:00Z,BTCTurk,TRY,USDTTRY,1d,33.646,"reported, not observed",graph-api.btcturk.com/v1/klines/history;api.btcturk.com/api/v2/ohlc
2024-08-08T00:00:00Z,BTCTurk,TRY,USDTTRY,1d,33.47,"reported, not observed",graph-api.btcturk.com/v1/klines/history;api.btcturk.com/api/v2/ohlc
2024-08-09T00:00:00Z,BTCTurk,TRY,USDTTRY,1d,33.71,"reported, not observed",graph-api.btcturk.com/v1/klines/history;api.btcturk.com/api/v2/ohlc
2024-08-10T00:00:00Z,BTCTurk,TRY,USDTTRY,1d,33.701,"reported, not observed",graph-api.btcturk.com/v1/klines/history;api.btcturk.com/api/v2/ohlc
2024-08-11T00:00:00Z,BTCTurk,TRY,USDTTRY,1d,33.765,"reported, not observed",graph-api.btcturk.com/v1/klines/history;api.btcturk.com/api/v2/ohlc
2024-08-12T00:00:00Z,BTCTurk,TRY,USDTTRY,1d,33.613,"reported, not observed",graph-api.btcturk.com/v1/klines/history;api.btcturk.com/api/v2/ohlc
2024-08-13T00:00:00Z,BTCTurk,TRY,USDTTRY,1d,33.64,"reported, not observed",graph-api.btcturk.com/v1/klines/history;api.btcturk.com/api/v2/ohlc
2024-08-14T00:00:00Z,BTCTurk,TRY,USDTTRY,1d,33.779,"reported, not observed",graph-api.btcturk.com/v1/klines/history;api.btcturk.com/api/v2/ohlc
2024-08-15T00:00:00Z,BTCTurk,TRY,USDTTRY,1d,33.747,"reported, not observed",graph-api.btcturk.com/v1/klines/history;api.btcturk.com/api/v2/ohlc
2024-08-16T00:00:00Z,BTCTurk,TRY,USDTTRY,1d,33.898,"reported, not observed",graph-api.btcturk.com/v1/klines/history;api.btcturk.com/api/v2/ohlc
2024-08-17T00:00:00Z,BTCTurk,TRY,USDTTRY,1d,33.884,"reported, not observed",graph-api.btcturk.com/v1/klines/history;api.btcturk.com/api/v2/ohlc
2024-08-18T00:00:00Z,BTCTurk,TRY,USDTTRY,1d,33.887,"reported, not observed",graph-api.btcturk.com/v1/klines/history;api.btcturk.com/api/v2/ohlc
2024-08-19T00:00:00Z,BTCTurk,TRY,USDTTRY,1d,33.824,"reported, not observed",graph-api.btcturk.com/v1/klines/history;api.btcturk.com/api/v2/ohlc
2024-08-20T00:00:00Z,BTCTurk,TRY,USDTTRY,1d,33.921,"reported, not observed",graph-api.btcturk.com/v1/klines/history;api.btcturk.com/api/v2/ohlc
2024-08-21T00:00:00Z,BTCTurk,TRY,USDTTRY,1d,33.93,"reported, not observed",graph-api.btcturk.com/v1/klines/history;api.btcturk.com/api/v2/ohlc
2024-08-22T00:00:00Z,BTCTurk,TRY,USDTTRY,1d,33.975,"reported, not observed",graph-api.btcturk.com/v1/klines/history;api.btcturk.com/api/v2/ohlc
2024-08-23T00:00:00Z,BTCTurk,TRY,USDTTRY,1d,33.977,"reported, not observed",graph-api.btcturk.com/v1/klines/history;api.btcturk.com/api/v2/ohlc
2024-08-24T00:00:00Z,BTCTurk,TRY,USDTTRY,1d,34.102,"reported, not observed",graph-api.btcturk.com/v1/klines/history;api.btcturk.com/api/v2/ohlc
2024-08-25T00:00:00Z,BTCTurk,TRY,USDTTRY,1d,34.129,"reported, not observed",graph-api.btcturk.com/v1/klines/history;api.btcturk.com/api/v2/ohlc
2024-08-26T00:00:00Z,BTCTurk,TRY,USDTTRY,1d,34.089,"reported, not observed",graph-api.btcturk.com/v1/klines/history;api.btcturk.com/api/v2/ohlc
2024-08-27T00:00:00Z,BTCTurk,TRY,USDTTRY,1d,34.159,"reported, not observed",graph-api.btcturk.com/v1/klines/history;api.btcturk.com/api/v2/ohlc
2024-08-28T00:00:00Z,BTCTurk,TRY,USDTTRY,1d,34.15,"reported, not observed",graph-api.btcturk.com/v1/klines/history;api.btcturk.com/api/v2/ohlc
2024-08-29T00:00:00Z,BTCTurk,TRY,USDTTRY,1d,34.4,"reported, not observed",graph-api.btcturk.com/v1/klines/history;api.btcturk.com/api/v2/ohlc
2024-08-30T00:00:00Z,BTCTurk,TRY,USDTTRY,1d,34.472,"reported, not observed",graph-api.btcturk.com/v1/klines/history;api.btcturk.com/api/v2/ohlc
2024-08-31T00:00:00Z,BTCTurk,TRY,USDTTRY,1d,34.491,"reported, not observed",graph-api.btcturk.com/v1/klines/history;api.btcturk.com/api/v2/ohlc
2024-09-01T00:00:00Z,BTCTurk,TRY,USDTTRY,1d,34.592,"reported, not observed",graph-api.btcturk.com/v1/klines/history;api.btcturk.com/api/v2/ohlc
2024-09-02T00:00:00Z,BTCTurk,TRY,USDTTRY,1d,34.043,"reported, not observed",graph-api.btcturk.com/v1/klines/history;api.btcturk.com/api/v2/ohlc
2024-09-03T00:00:00Z,BTCTurk,TRY,USDTTRY,1d,34.08,"reported, not observed",graph-api.btcturk.com/v1/klines/history;api.btcturk.com/api/v2/ohlc
2024-09-04T00:00:00Z,BTCTurk,TRY,USDTTRY,1d,34.094,"reported, not observed",graph-api.btcturk.com/v1/klines/history;api.btcturk.com/api/v2/ohlc
2024-09-05T00:00:00Z,BTCTurk,TRY,USDTTRY,1d,34.12,"reported, not observed",graph-api.btcturk.com/v1/klines/history;api.btcturk.com/api/v2/ohlc
2024-09-06T00:00:00Z,BTCTurk,TRY,USDTTRY,1d,34.398,"reported, not observed",graph-api.btcturk.com/v1/klines/history;api.btcturk.com/api/v2/ohlc
2024-09-07T00:00:00Z,BTCTurk,TRY,USDTTRY,1d,34.269,"reported, not observed",graph-api.btcturk.com/v1/klines/history;api.btcturk.com/api/v2/ohlc
2024-09-08T00:00:00Z,BTCTurk,TRY,USDTTRY,1d,34.123,"reported, not observed",graph-api.btcturk.com/v1/klines/history;api.btcturk.com/api/v2/ohlc
2024-09-09T00:00:00Z,BTCTurk,TRY,USDTTRY,1d,34.064,"reported, not observed",graph-api.btcturk.com/v1/klines/history;api.btcturk.com/api/v2/ohlc
2024-09-10T00:00:00Z,BTCTurk,TRY,USDTTRY,1d,34.063,"reported, not observed",graph-api.btcturk.com/v1/klines/history;api.btcturk.com/api/v2/ohlc
2024-09-11T00:00:00Z,BTCTurk,TRY,USDTTRY,1d,34.046,"reported, not observed",graph-api.btcturk.com/v1/klines/history;api.btcturk.com/api/v2/ohlc
2024-09-12T00:00:00Z,BTCTurk,TRY,USDTTRY,1d,33.949,"reported, not observed",graph-api.btcturk.com/v1/klines/history;api.btcturk.com/api/v2/ohlc
2024-09-13T00:00:00Z,BTCTurk,TRY,USDTTRY,1d,33.996,"reported, not observed",graph-api.btcturk.com/v1/klines/history;api.btcturk.com/api/v2/ohlc
2024-09-14T00:00:00Z,BTCTurk,TRY,USDTTRY,1d,34.08,"reported, not observed",graph-api.btcturk.com/v1/klines/history;api.btcturk.com/api/v2/ohlc
2024-09-15T00:00:00Z,BTCTurk,TRY,USDTTRY,1d,34.08,"reported, not observed",graph-api.btcturk.com/v1/klines/history;api.btcturk.com/api/v2/ohlc
2024-09-16T00:00:00Z,BTCTurk,TRY,USDTTRY,1d,34.085,"reported, not observed",graph-api.btcturk.com/v1/klines/history;api.btcturk.com/api/v2/ohlc
2024-09-17T00:00:00Z,BTCTurk,TRY,USDTTRY,1d,34.148,"reported, not observed",graph-api.btcturk.com/v1/klines/history;api.btcturk.com/api/v2/ohlc
2024-09-18T00:00:00Z,BTCTurk,TRY,USDTTRY,1d,34.125,"reported, not observed",graph-api.btcturk.com/v1/klines/history;api.btcturk.com/api/v2/ohlc
2024-09-19T00:00:00Z,BTCTurk,TRY,USDTTRY,1d,33.996,"reported, not observed",graph-api.btcturk.com/v1/klines/history;api.btcturk.com/api/v2/ohlc
2024-09-20T00:00:00Z,BTCTurk,TRY,USDTTRY,1d,34.217,"reported, not observed",graph-api.btcturk.com/v1/klines/history;api.btcturk.com/api/v2/ohlc
2024-09-21T00:00:00Z,BTCTurk,TRY,USDTTRY,1d,34.186,"reported, not observed",graph-api.btcturk.com/v1/klines/history;api.btcturk.com/api/v2/ohlc
2024-09-22T00:00:00Z,BTCTurk,TRY,USDTTRY,1d,34.199,"reported, not observed",graph-api.btcturk.com/v1/klines/history;api.btcturk.com/api/v2/ohlc
2024-09-23T00:00:00Z,BTCTurk,TRY,USDTTRY,1d,34.184,"reported, not observed",graph-api.btcturk.com/v1/klines/history;api.btcturk.com/api/v2/ohlc
2024-09-24T00:00:00Z,BTCTurk,TRY,USDTTRY,1d,34.099,"reported, not observed",graph-api.btcturk.com/v1/klines/history;api.btcturk.com/api/v2/ohlc
2024-09-25T00:00:00Z,BTCTurk,TRY,USDTTRY,1d,34.22,"reported, not observed",graph-api.btcturk.com/v1/klines/history;api.btcturk.com/api/v2/ohlc
2024-09-26T00:00:00Z,BTCTurk,TRY,USDTTRY,1d,34.188,"reported, not observed",graph-api.btcturk.com/v1/klines/history;api.btcturk.com/api/v2/ohlc
2024-09-27T00:00:00Z,BTCTurk,TRY,USDTTRY,1d,34.182,"reported, not observed",graph-api.btcturk.com/v1/klines/history;api.btcturk.com/api/v2/ohlc
2024-09-28T00:00:00Z,BTCTurk,TRY,USDTTRY,1d,34.19,"reported, not observed",graph-api.btcturk.com/v1/klines/history;api.btcturk.com/api/v2/ohlc
2024-09-29T00:00:00Z,BTCTurk,TRY,USDTTRY,1d,34.231,"reported, not observed",graph-api.btcturk.com/v1/klines/history;api.btcturk.com/api/v2/ohlc
2024-09-30T00:00:00Z,BTCTurk,TRY,USDTTRY,1d,34.261,"reported, not observed",graph-api.btcturk.com/v1/klines/history;api.btcturk.com/api/v2/ohlc
2024-10-01T00:00:00Z,BTCTurk,TRY,USDTTRY,1d,34.296,"reported, not observed",graph-api.btcturk.com/v1/klines/history;api.btcturk.com/api/v2/ohlc
2024-10-02T00:00:00Z,BTCTurk,TRY,USDTTRY,1d,34.325,"reported, not observed",graph-api.btcturk.com/v1/klines/history;api.btcturk.com/api/v2/ohlc
2024-10-03T00:00:00Z,BTCTurk,TRY,USDTTRY,1d,34.32,"reported, not observed",graph-api.btcturk.com/v1/klines/history;api.btcturk.com/api/v2/ohlc
2024-10-04T00:00:00Z,BTCTurk,TRY,USDTTRY,1d,34.402,"reported, not observed",graph-api.btcturk.com/v1/klines/history;api.btcturk.com/api/v2/ohlc
2024-10-05T00:00:00Z,BTCTurk,TRY,USDTTRY,1d,34.468,"reported, not observed",graph-api.btcturk.com/v1/klines/history;api.btcturk.com/api/v2/ohlc
2024-10-06T00:00:00Z,BTCTurk,TRY,USDTTRY,1d,34.35,"reported, not observed",graph-api.btcturk.com/v1/klines/history;api.btcturk.com/api/v2/ohlc
2024-10-07T00:00:00Z,BTCTurk,TRY,USDTTRY,1d,34.343,"reported, not observed",graph-api.btcturk.com/v1/klines/history;api.btcturk.com/api/v2/ohlc
2024-10-08T00:00:00Z,BTCTurk,TRY,USDTTRY,1d,34.334,"reported, not observed",graph-api.btcturk.com/v1/klines/history;api.btcturk.com/api/v2/ohlc
2024-10-09T00:00:00Z,BTCTurk,TRY,USDTTRY,1d,34.3,"reported, not observed",graph-api.btcturk.com/v1/klines/history;api.btcturk.com/api/v2/ohlc
2024-10-10T00:00:00Z,BTCTurk,TRY,USDTTRY,1d,34.26,"reported, not observed",graph-api.btcturk.com/v1/klines/history;api.btcturk.com/api/v2/ohlc
2024-10-11T00:00:00Z,BTCTurk,TRY,USDTTRY,1d,34.295,"reported, not observed",graph-api.btcturk.com/v1/klines/history;api.btcturk.com/api/v2/ohlc
2024-10-12T00:00:00Z,BTCTurk,TRY,USDTTRY,1d,34.299,"reported, not observed",graph-api.btcturk.com/v1/klines/history;api.btcturk.com/api/v2/ohlc
2024-10-13T00:00:00Z,BTCTurk,TRY,USDTTRY,1d,34.313,"reported, not observed",graph-api.btcturk.com/v1/klines/history;api.btcturk.com/api/v2/ohlc
2024-10-14T00:00:00Z,BTCTurk,TRY,USDTTRY,1d,34.215,"reported, not observed",graph-api.btcturk.com/v1/klines/history;api.btcturk.com/api/v2/ohlc
2024-10-15T00:00:00Z,BTCTurk,TRY,USDTTRY,1d,34.312,"reported, not observed",graph-api.btcturk.com/v1/klines/history;api.btcturk.com/api/v2/ohlc
2024-10-16T00:00:00Z,BTCTurk,TRY,USDTTRY,1d,34.23,"reported, not observed",graph-api.btcturk.com/v1/klines/history;api.btcturk.com/api/v2/ohlc
2024-10-17T00:00:00Z,BTCTurk,TRY,USDTTRY,1d,34.23,"reported, not observed",graph-api.btcturk.com/v1/klines/history;api.btcturk.com/api/v2/ohlc
2024-10-18T00:00:00Z,BTCTurk,TRY,USDTTRY,1d,34.321,"reported, not observed",graph-api.btcturk.com/v1/klines/history;api.btcturk.com/api/v2/ohlc
2024-10-19T00:00:00Z,BTCTurk,TRY,USDTTRY,1d,34.3,"reported, not observed",graph-api.btcturk.com/v1/klines/history;api.btcturk.com/api/v2/ohlc
2024-10-20T00:00:00Z,BTCTurk,TRY,USDTTRY,1d,34.23,"reported, not observed",graph-api.btcturk.com/v1/klines/history;api.btcturk.com/api/v2/ohlc
2024-10-21T00:00:00Z,BTCTurk,TRY,USDTTRY,1d,34.305,"reported, not observed",graph-api.btcturk.com/v1/klines/history;api.btcturk.com/api/v2/ohlc
2024-10-22T00:00:00Z,BTCTurk,TRY,USDTTRY,1d,34.29,"reported, not observed",graph-api.btcturk.com/v1/klines/history;api.btcturk.com/api/v2/ohlc
2024-10-23T00:00:00Z,BTCTurk,TRY,USDTTRY,1d,34.341,"reported, not observed",graph-api.btcturk.com/v1/klines/history;api.btcturk.com/api/v2/ohlc
2024-10-24T00:00:00Z,BTCTurk,TRY,USDTTRY,1d,34.271,"reported, not observed",graph-api.btcturk.com/v1/klines/history;api.btcturk.com/api/v2/ohlc
2024-10-25T00:00:00Z,BTCTurk,TRY,USDTTRY,1d,34.542,"reported, not observed",graph-api.btcturk.com/v1/klines/history;api.btcturk.com/api/v2/ohlc
2024-10-26T00:00:00Z,BTCTurk,TRY,USDTTRY,1d,34.553,"reported, not observed",graph-api.btcturk.com/v1/klines/history;api.btcturk.com/api/v2/ohlc
2024-10-27T00:00:00Z,BTCTurk,TRY,USDTTRY,1d,34.41,"reported, not observed",graph-api.btcturk.com/v1/klines/history;api.btcturk.com/api/v2/ohlc
2024-10-28T00:00:00Z,BTCTurk,TRY,USDTTRY,1d,34.437,"reported, not observed",graph-api.btcturk.com/v1/klines/history;api.btcturk.com/api/v2/ohlc
2024-10-29T00:00:00Z,BTCTurk,TRY,USDTTRY,1d,34.331,"reported, not observed",graph-api.btcturk.com/v1/klines/history;api.btcturk.com/api/v2/ohlc
2024-10-30T00:00:00Z,BTCTurk,TRY,USDTTRY,1d,34.32,"reported, not observed",graph-api.btcturk.com/v1/klines/history;api.btcturk.com/api/v2/ohlc
2024-10-31T00:00:00Z,BTCTurk,TRY,USDTTRY,1d,34.35,"reported, not observed",graph-api.btcturk.com/v1/klines/history;api.btcturk.com/api/v2/ohlc
2024-11-01T00:00:00Z,BTCTurk,TRY,USDTTRY,1d,34.54,"reported, not observed",graph-api.btcturk.com/v1/klines/history;api.btcturk.com/api/v2/ohlc
2024-11-02T00:00:00Z,BTCTurk,TRY,USDTTRY,1d,34.579,"reported, not observed",graph-api.btcturk.com/v1/klines/history;api.btcturk.com/api/v2/ohlc
2024-11-03T00:00:00Z,BTCTurk,TRY,USDTTRY,1d,34.688,"reported, not observed",graph-api.btcturk.com/v1/klines/history;api.btcturk.com/api/v2/ohlc
2024-11-04T00:00:00Z,BTCTurk,TRY,USDTTRY,1d,34.519,"reported, not observed",graph-api.btcturk.com/v1/klines/history;api.btcturk.com/api/v2/ohlc
2024-11-05T00:00:00Z,BTCTurk,TRY,USDTTRY,1d,34.427,"reported, not observed",graph-api.btcturk.com/v1/klines/history;api.btcturk.com/api/v2/ohlc
2024-11-06T00:00:00Z,BTCTurk,TRY,USDTTRY,1d,34.249,"reported, not observed",graph-api.btcturk.com/v1/klines/history;api.btcturk.com/api/v2/ohlc
2024-11-07T00:00:00Z,BTCTurk,TRY,USDTTRY,1d,34.331,"reported, not observed",graph-api.btcturk.com/v1/klines/history;api.btcturk.com/api/v2/ohlc
2024-11-08T00:00:00Z,BTCTurk,TRY,USDTTRY,1d,34.544,"reported, not observed",graph-api.btcturk.com/v1/klines/history;api.btcturk.com/api/v2/ohlc
2024-11-09T00:00:00Z,BTCTurk,TRY,USDTTRY,1d,34.428,"reported, not observed",graph-api.btcturk.com/v1/klines/history;api.btcturk.com/api/v2/ohlc
2024-11-10T00:00:00Z,BTCTurk,TRY,USDTTRY,1d,34.317,"reported, not observed",graph-api.btcturk.com/v1/klines/history;api.btcturk.com/api/v2/ohlc
2024-11-11T00:00:00Z,BTCTurk,TRY,USDTTRY,1d,34.307,"reported, not observed",graph-api.btcturk.com/v1/klines/history;api.btcturk.com/api/v2/ohlc
2024-11-12T00:00:00Z,BTCTurk,TRY,USDTTRY,1d,34.405,"reported, not observed",graph-api.btcturk.com/v1/klines/history;api.btcturk.com/api/v2/ohlc
2024-11-13T00:00:00Z,BTCTurk,TRY,USDTTRY,1d,34.431,"reported, not observed",graph-api.btcturk.com/v1/klines/history;api.btcturk.com/api/v2/ohlc
2024-11-14T00:00:00Z,BTCTurk,TRY,USDTTRY,1d,34.8,"reported, not observed",graph-api.btcturk.com/v1/klines/history;api.btcturk.com/api/v2/ohlc
2024-11-15T00:00:00Z,BTCTurk,TRY,USDTTRY,1d,34.461,"reported, not observed",graph-api.btcturk.com/v1/klines/history;api.btcturk.com/api/v2/ohlc
2024-11-16T00:00:00Z,BTCTurk,TRY,USDTTRY,1d,34.525,"reported, not observed",graph-api.btcturk.com/v1/klines/history;api.btcturk.com/api/v2/ohlc
2024-11-17T00:00:00Z,BTCTurk,TRY,USDTTRY,1d,34.635,"reported, not observed",graph-api.btcturk.com/v1/klines/history;api.btcturk.com/api/v2/ohlc
2024-11-18T00:00:00Z,BTCTurk,TRY,USDTTRY,1d,34.657,"reported, not observed",graph-api.btcturk.com/v1/klines/history;api.btcturk.com/api/v2/ohlc
2024-11-19T00:00:00Z,BTCTurk,TRY,USDTTRY,1d,34.698,"reported, not observed",graph-api.btcturk.com/v1/klines/history;api.btcturk.com/api/v2/ohlc
2024-11-20T00:00:00Z,BTCTurk,TRY,USDTTRY,1d,34.65,"reported, not observed",graph-api.btcturk.com/v1/klines/history;api.btcturk.com/api/v2/ohlc
2024-11-21T00:00:00Z,BTCTurk,TRY,USDTTRY,1d,34.467,"reported, not observed",graph-api.btcturk.com/v1/klines/history;api.btcturk.com/api/v2/ohlc
2024-11-22T00:00:00Z,BTCTurk,TRY,USDTTRY,1d,34.702,"reported, not observed",graph-api.btcturk.com/v1/klines/history;api.btcturk.com/api/v2/ohlc
2024-11-23T00:00:00Z,BTCTurk,TRY,USDTTRY,1d,34.652,"reported, not observed",graph-api.btcturk.com/v1/klines/history;api.btcturk.com/api/v2/ohlc
2024-11-24T00:00:00Z,BTCTurk,TRY,USDTTRY,1d,34.58,"reported, not observed",graph-api.btcturk.com/v1/klines/history;api.btcturk.com/api/v2/ohlc
2024-11-25T00:00:00Z,BTCTurk,TRY,USDTTRY,1d,34.65,"reported, not observed",graph-api.btcturk.com/v1/klines/history;api.btcturk.com/api/v2/ohlc
2024-11-26T00:00:00Z,BTCTurk,TRY,USDTTRY,1d,34.769,"reported, not observed",graph-api.btcturk.com/v1/klines/history;api.btcturk.com/api/v2/ohlc
2024-11-27T00:00:00Z,BTCTurk,TRY,USDTTRY,1d,34.586,"reported, not observed",graph-api.btcturk.com/v1/klines/history;api.btcturk.com/api/v2/ohlc
2024-11-28T00:00:00Z,BTCTurk,TRY,USDTTRY,1d,34.601,"reported, not observed",graph-api.btcturk.com/v1/klines/history;api.btcturk.com/api/v2/ohlc
2024-11-29T00:00:00Z,BTCTurk,TRY,USDTTRY,1d,34.586,"reported, not observed",graph-api.btcturk.com/v1/klines/history;api.btcturk.com/api/v2/ohlc
2024-11-30T00:00:00Z,BTCTurk,TRY,USDTTRY,1d,34.701,"reported, not observed",graph-api.btcturk.com/v1/klines/history;api.btcturk.com/api/v2/ohlc
2024-12-01T00:00:00Z,BTCTurk,TRY,USDTTRY,1d,34.621,"reported, not observed",graph-api.btcturk.com/v1/klines/history;api.btcturk.com/api/v2/ohlc
2024-12-02T00:00:00Z,BTCTurk,TRY,USDTTRY,1d,34.744,"reported, not observed",graph-api.btcturk.com/v1/klines/history;api.btcturk.com/api/v2/ohlc
2024-12-03T00:00:00Z,BTCTurk,TRY,USDTTRY,1d,34.7,"reported, not observed",graph-api.btcturk.com/v1/klines/history;api.btcturk.com/api/v2/ohlc
2024-12-04T00:00:00Z,BTCTurk,TRY,USDTTRY,1d,34.829,"reported, not observed",graph-api.btcturk.com/v1/klines/history;api.btcturk.com/api/v2/ohlc
2024-12-05T00:00:00Z,BTCTurk,TRY,USDTTRY,1d,34.918,"reported, not observed",graph-api.btcturk.com/v1/klines/history;api.btcturk.com/api/v2/ohlc
2024-12-06T00:00:00Z,BTCTurk,TRY,USDTTRY,1d,34.84,"reported, not observed",graph-api.btcturk.com/v1/klines/history;api.btcturk.com/api/v2/ohlc
2024-12-07T00:00:00Z,BTCTurk,TRY,USDTTRY,1d,34.854,"reported, not observed",graph-api.btcturk.com/v1/klines/history;api.btcturk.com/api/v2/ohlc
2024-12-08T00:00:00Z,BTCTurk,TRY,USDTTRY,1d,34.826,"reported, not observed",graph-api.btcturk.com/v1/klines/history;api.btcturk.com/api/v2/ohlc
2024-12-09T00:00:00Z,BTCTurk,TRY,USDTTRY,1d,35.171,"reported, not observed",graph-api.btcturk.com/v1/klines/history;api.btcturk.com/api/v2/ohlc
2024-12-10T00:00:00Z,BTCTurk,TRY,USDTTRY,1d,35.118,"reported, not observed",graph-api.btcturk.com/v1/klines/history;api.btcturk.com/api/v2/ohlc
2024-12-11T00:00:00Z,BTCTurk,TRY,USDTTRY,1d,34.908,"reported, not observed",graph-api.btcturk.com/v1/klines/history;api.btcturk.com/api/v2/ohlc
2024-12-12T00:00:00Z,BTCTurk,TRY,USDTTRY,1d,34.964,"reported, not observed",graph-api.btcturk.com/v1/klines/history;api.btcturk.com/api/v2/ohlc
2024-12-13T00:00:00Z,BTCTurk,TRY,USDTTRY,1d,35.02,"reported, not observed",graph-api.btcturk.com/v1/klines/history;api.btcturk.com/api/v2/ohlc
2024-12-14T00:00:00Z,BTCTurk,TRY,USDTTRY,1d,35.125,"reported, not observed",graph-api.btcturk.com/v1/klines/history;api.btcturk.com/api/v2/ohlc
2024-12-15T00:00:00Z,BTCTurk,TRY,USDTTRY,1d,35.036,"reported, not observed",graph-api.btcturk.com/v1/klines/history;api.btcturk.com/api/v2/ohlc
2024-12-16T00:00:00Z,BTCTurk,TRY,USDTTRY,1d,35.019,"reported, not observed",graph-api.btcturk.com/v1/klines/history;api.btcturk.com/api/v2/ohlc
2024-12-17T00:00:00Z,BTCTurk,TRY,USDTTRY,1d,35.128,"reported, not observed",graph-api.btcturk.com/v1/klines/history;api.btcturk.com/api/v2/ohlc
2024-12-18T00:00:00Z,BTCTurk,TRY,USDTTRY,1d,35.163,"reported, not observed",graph-api.btcturk.com/v1/klines/history;api.btcturk.com/api/v2/ohlc
2024-12-19T00:00:00Z,BTCTurk,TRY,USDTTRY,1d,35.249,"reported, not observed",graph-api.btcturk.com/v1/klines/history;api.btcturk.com/api/v2/ohlc
2024-12-20T00:00:00Z,BTCTurk,TRY,USDTTRY,1d,35.437,"reported, not observed",graph-api.btcturk.com/v1/klines/history;api.btcturk.com/api/v2/ohlc
2024-12-21T00:00:00Z,BTCTurk,TRY,USDTTRY,1d,35.498,"reported, not observed",graph-api.btcturk.com/v1/klines/history;api.btcturk.com/api/v2/ohlc
2024-12-22T00:00:00Z,BTCTurk,TRY,USDTTRY,1d,35.529,"reported, not observed",graph-api.btcturk.com/v1/klines/history;api.btcturk.com/api/v2/ohlc
2024-12-23T00:00:00Z,BTCTurk,TRY,USDTTRY,1d,35.216,"reported, not observed",graph-api.btcturk.com/v1/klines/history;api.btcturk.com/api/v2/ohlc
2024-12-24T00:00:00Z,BTCTurk,TRY,USDTTRY,1d,35.229,"reported, not observed",graph-api.btcturk.com/v1/klines/history;api.btcturk.com/api/v2/ohlc
2024-12-25T00:00:00Z,BTCTurk,TRY,USDTTRY,1d,35.39,"reported, not observed",graph-api.btcturk.com/v1/klines/history;api.btcturk.com/api/v2/ohlc
2024-12-26T00:00:00Z,BTCTurk,TRY,USDTTRY,1d,35.312,"reported, not observed",graph-api.btcturk.com/v1/klines/history;api.btcturk.com/api/v2/ohlc
2024-12-27T00:00:00Z,BTCTurk,TRY,USDTTRY,1d,35.279,"reported, not observed",graph-api.btcturk.com/v1/klines/history;api.btcturk.com/api/v2/ohlc
2024-12-28T00:00:00Z,BTCTurk,TRY,USDTTRY,1d,35.241,"reported, not observed",graph-api.btcturk.com/v1/klines/history;api.btcturk.com/api/v2/ohlc
2024-12-29T00:00:00Z,BTCTurk,TRY,USDTTRY,1d,35.319,"reported, not observed",graph-api.btcturk.com/v1/klines/history;api.btcturk.com/api/v2/ohlc
2024-12-30T00:00:00Z,BTCTurk,TRY,USDTTRY,1d,35.368,"reported, not observed",graph-api.btcturk.com/v1/klines/history;api.btcturk.com/api/v2/ohlc
2024-12-31T00:00:00Z,BTCTurk,TRY,USDTTRY,1d,35.469,"reported, not observed",graph-api.btcturk.com/v1/klines/history;api.btcturk.com/api/v2/ohlc
2025-01-01T00:00:00Z,BTCTurk,TRY,USDTTRY,1d,35.367,"reported, not observed",graph-api.btcturk.com/v1/klines/history;api.btcturk.com/api/v2/ohlc
2025-01-02T00:00:00Z,BTCTurk,TRY,USDTTRY,1d,35.335,"reported, not observed",graph-api.btcturk.com/v1/klines/history;api.btcturk.com/api/v2/ohlc
2025-01-03T00:00:00Z,BTCTurk,TRY,USDTTRY,1d,35.286,"reported, not observed",graph-api.btcturk.com/v1/klines/history;api.btcturk.com/api/v2/ohlc
2025-01-04T00:00:00Z,BTCTurk,TRY,USDTTRY,1d,35.371,"reported, not observed",graph-api.btcturk.com/v1/klines/history;api.btcturk.com/api/v2/ohlc
2025-01-05T00:00:00Z,BTCTurk,TRY,USDTTRY,1d,35.373,"reported, not observed",graph-api.btcturk.com/v1/klines/history;api.btcturk.com/api/v2/ohlc
2025-01-06T00:00:00Z,BTCTurk,TRY,USDTTRY,1d,35.361,"reported, not observed",graph-api.btcturk.com/v1/klines/history;api.btcturk.com/api/v2/ohlc
2025-01-07T00:00:00Z,BTCTurk,TRY,USDTTRY,1d,35.428,"reported, not observed",graph-api.btcturk.com/v1/klines/history;api.btcturk.com/api/v2/ohlc
2025-01-08T00:00:00Z,BTCTurk,TRY,USDTTRY,1d,35.478,"reported, not observed",graph-api.btcturk.com/v1/klines/history;api.btcturk.com/api/v2/ohlc
2025-01-09T00:00:00Z,BTCTurk,TRY,USDTTRY,1d,35.399,"reported, not observed",graph-api.btcturk.com/v1/klines/history;api.btcturk.com/api/v2/ohlc
2025-01-10T00:00:00Z,BTCTurk,TRY,USDTTRY,1d,35.5,"reported, not observed",graph-api.btcturk.com/v1/klines/history;api.btcturk.com/api/v2/ohlc
2025-01-11T00:00:00Z,BTCTurk,TRY,USDTTRY,1d,35.462,"reported, not observed",graph-api.btcturk.com/v1/klines/history;api.btcturk.com/api/v2/ohlc
2025-01-12T00:00:00Z,BTCTurk,TRY,USDTTRY,1d,35.462,"reported, not observed",graph-api.btcturk.com/v1/klines/history;api.btcturk.com/api/v2/ohlc
2025-01-13T00:00:00Z,BTCTurk,TRY,USDTTRY,1d,35.537,"reported, not observed",graph-api.btcturk.com/v1/klines/history;api.btcturk.com/api/v2/ohlc
2025-01-14T00:00:00Z,BTCTurk,TRY,USDTTRY,1d,35.482,"reported, not observed",graph-api.btcturk.com/v1/klines/history;api.btcturk.com/api/v2/ohlc
2025-01-15T00:00:00Z,BTCTurk,TRY,USDTTRY,1d,35.323,"reported, not observed",graph-api.btcturk.com/v1/klines/history;api.btcturk.com/api/v2/ohlc
2025-01-16T00:00:00Z,BTCTurk,TRY,USDTTRY,1d,35.476,"reported, not observed",graph-api.btcturk.com/v1/klines/history;api.btcturk.com/api/v2/ohlc
2025-01-17T00:00:00Z,BTCTurk,TRY,USDTTRY,1d,35.468,"reported, not observed",graph-api.btcturk.com/v1/klines/history;api.btcturk.com/api/v2/ohlc
2025-01-18T00:00:00Z,BTCTurk,TRY,USDTTRY,1d,35.631,"reported, not observed",graph-api.btcturk.com/v1/klines/history;api.btcturk.com/api/v2/ohlc
2025-01-19T00:00:00Z,BTCTurk,TRY,USDTTRY,1d,35.876,"reported, not observed",graph-api.btcturk.com/v1/klines/history;api.btcturk.com/api/v2/ohlc
2025-01-20T00:00:00Z,BTCTurk,TRY,USDTTRY,1d,35.787,"reported, not observed",graph-api.btcturk.com/v1/klines/history;api.btcturk.com/api/v2/ohlc
2025-01-21T00:00:00Z,BTCTurk,TRY,USDTTRY,1d,35.619,"reported, not observed",graph-api.btcturk.com/v1/klines/history;api.btcturk.com/api/v2/ohlc
2025-01-22T00:00:00Z,BTCTurk,TRY,USDTTRY,1d,35.727,"reported, not observed",graph-api.btcturk.com/v1/klines/history;api.btcturk.com/api/v2/ohlc
2025-01-23T00:00:00Z,BTCTurk,TRY,USDTTRY,1d,35.653,"reported, not observed",graph-api.btcturk.com/v1/klines/history;api.btcturk.com/api/v2/ohlc
2025-01-24T00:00:00Z,BTCTurk,TRY,USDTTRY,1d,35.727,"reported, not observed",graph-api.btcturk.com/v1/klines/history;api.btcturk.com/api/v2/ohlc
2025-01-25T00:00:00Z,BTCTurk,TRY,USDTTRY,1d,35.719,"reported, not observed",graph-api.btcturk.com/v1/klines/history;api.btcturk.com/api/v2/ohlc
2025-01-26T00:00:00Z,BTCTurk,TRY,USDTTRY,1d,35.742,"reported, not observed",graph-api.btcturk.com/v1/klines/history;api.btcturk.com/api/v2/ohlc
2025-01-27T00:00:00Z,BTCTurk,TRY,USDTTRY,1d,35.757,"reported, not observed",graph-api.btcturk.com/v1/klines/history;api.btcturk.com/api/v2/ohlc
2025-01-28T00:00:00Z,BTCTurk,TRY,USDTTRY,1d,35.8,"reported, not observed",graph-api.btcturk.com/v1/klines/history;api.btcturk.com/api/v2/ohlc
2025-01-29T00:00:00Z,BTCTurk,TRY,USDTTRY,1d,35.786,"reported, not observed",graph-api.btcturk.com/v1/klines/history;api.btcturk.com/api/v2/ohlc
2025-01-30T00:00:00Z,BTCTurk,TRY,USDTTRY,1d,35.799,"reported, not observed",graph-api.btcturk.com/v1/klines/history;api.btcturk.com/api/v2/ohlc
2025-01-31T00:00:00Z,BTCTurk,TRY,USDTTRY,1d,35.815,"reported, not observed",graph-api.btcturk.com/v1/klines/history;api.btcturk.com/api/v2/ohlc
2025-02-01T00:00:00Z,BTCTurk,TRY,USDTTRY,1d,36.016,"reported, not observed",graph-api.btcturk.com/v1/klines/history;api.btcturk.com/api/v2/ohlc
2025-02-02T00:00:00Z,BTCTurk,TRY,USDTTRY,1d,36.361,"reported, not observed",graph-api.btcturk.com/v1/klines/history;api.btcturk.com/api/v2/ohlc
2025-02-03T00:00:00Z,BTCTurk,TRY,USDTTRY,1d,36.117,"reported, not observed",graph-api.btcturk.com/v1/klines/history;api.btcturk.com/api/v2/ohlc
2025-02-04T00:00:00Z,BTCTurk,TRY,USDTTRY,1d,36.054,"reported, not observed",graph-api.btcturk.com/v1/klines/history;api.btcturk.com/api/v2/ohlc
2025-02-05T00:00:00Z,BTCTurk,TRY,USDTTRY,1d,36.009,"reported, not observed",graph-api.btcturk.com/v1/klines/history;api.btcturk.com/api/v2/ohlc
2025-02-06T00:00:00Z,BTCTurk,TRY,USDTTRY,1d,36.06,"reported, not observed",graph-api.btcturk.com/v1/klines/history;api.btcturk.com/api/v2/ohlc
2025-02-07T00:00:00Z,BTCTurk,TRY,USDTTRY,1d,36.238,"reported, not observed",graph-api.btcturk.com/v1/klines/history;api.btcturk.com/api/v2/ohlc
2025-02-08T00:00:00Z,BTCTurk,TRY,USDTTRY,1d,36.17,"reported, not observed",graph-api.btcturk.com/v1/klines/history;api.btcturk.com/api/v2/ohlc
2025-02-09T00:00:00Z,BTCTurk,TRY,USDTTRY,1d,36.09,"reported, not observed",graph-api.btcturk.com/v1/klines/history;api.btcturk.com/api/v2/ohlc
2025-02-10T00:00:00Z,BTCTurk,TRY,USDTTRY,1d,36.044,"reported, not observed",graph-api.btcturk.com/v1/klines/history;api.btcturk.com/api/v2/ohlc
2025-02-11T00:00:00Z,BTCTurk,TRY,USDTTRY,1d,36.135,"reported, not observed",graph-api.btcturk.com/v1/klines/history;api.btcturk.com/api/v2/ohlc
2025-02-12T00:00:00Z,BTCTurk,TRY,USDTTRY,1d,36.018,"reported, not observed",graph-api.btcturk.com/v1/klines/history;api.btcturk.com/api/v2/ohlc
2025-02-13T00:00:00Z,BTCTurk,TRY,USDTTRY,1d,36.167,"reported, not observed",graph-api.btcturk.com/v1/klines/history;api.btcturk.com/api/v2/ohlc
2025-02-14T00:00:00Z,BTCTurk,TRY,USDTTRY,1d,36.247,"reported, not observed",graph-api.btcturk.com/v1/klines/history;api.btcturk.com/api/v2/ohlc
2025-02-15T00:00:00Z,BTCTurk,TRY,USDTTRY,1d,36.417,"reported, not observed",graph-api.btcturk.com/v1/klines/history;api.btcturk.com/api/v2/ohlc
2025-02-16T00:00:00Z,BTCTurk,TRY,USDTTRY,1d,36.441,"reported, not observed",graph-api.btcturk.com/v1/klines/history;api.btcturk.com/api/v2/ohlc
2025-02-17T00:00:00Z,BTCTurk,TRY,USDTTRY,1d,36.361,"reported, not observed",graph-api.btcturk.com/v1/klines/history;api.btcturk.com/api/v2/ohlc
2025-02-18T00:00:00Z,BTCTurk,TRY,USDTTRY,1d,36.344,"reported, not observed",graph-api.btcturk.com/v1/klines/history;api.btcturk.com/api/v2/ohlc
2025-02-19T00:00:00Z,BTCTurk,TRY,USDTTRY,1d,36.37,"reported, not observed",graph-api.btcturk.com/v1/klines/history;api.btcturk.com/api/v2/ohlc
2025-02-20T00:00:00Z,BTCTurk,TRY,USDTTRY,1d,36.294,"reported, not observed",graph-api.btcturk.com/v1/klines/history;api.btcturk.com/api/v2/ohlc
2025-02-21T00:00:00Z,BTCTurk,TRY,USDTTRY,1d,36.61,"reported, not observed",graph-api.btcturk.com/v1/klines/history;api.btcturk.com/api/v2/ohlc
2025-02-22T00:00:00Z,BTCTurk,TRY,USDTTRY,1d,36.483,"reported, not observed",graph-api.btcturk.com/v1/klines/history;api.btcturk.com/api/v2/ohlc
2025-02-23T00:00:00Z,BTCTurk,TRY,USDTTRY,1d,36.474,"reported, not observed",graph-api.btcturk.com/v1/klines/history;api.btcturk.com/api/v2/ohlc
2025-02-24T00:00:00Z,BTCTurk,TRY,USDTTRY,1d,36.566,"reported, not observed",graph-api.btcturk.com/v1/klines/history;api.btcturk.com/api/v2/ohlc
2025-02-25T00:00:00Z,BTCTurk,TRY,USDTTRY,1d,36.51,"reported, not observed",graph-api.btcturk.com/v1/klines/history;api.btcturk.com/api/v2/ohlc
2025-02-26T00:00:00Z,BTCTurk,TRY,USDTTRY,1d,36.437,"reported, not observed",graph-api.btcturk.com/v1/klines/history;api.btcturk.com/api/v2/ohlc
2025-02-27T00:00:00Z,BTCTurk,TRY,USDTTRY,1d,36.467,"reported, not observed",graph-api.btcturk.com/v1/klines/history;api.btcturk.com/api/v2/ohlc
2025-02-28T00:00:00Z,BTCTurk,TRY,USDTTRY,1d,36.438,"reported, not observed",graph-api.btcturk.com/v1/klines/history;api.btcturk.com/api/v2/ohlc
2025-03-01T00:00:00Z,BTCTurk,TRY,USDTTRY,1d,36.571,"reported, not observed",graph-api.btcturk.com/v1/klines/history;api.btcturk.com/api/v2/ohlc
2025-03-02T00:00:00Z,BTCTurk,TRY,USDTTRY,1d,36.222,"reported, not observed",graph-api.btcturk.com/v1/klines/history;api.btcturk.com/api/v2/ohlc
2025-03-03T00:00:00Z,BTCTurk,TRY,USDTTRY,1d,36.548,"reported, not observed",graph-api.btcturk.com/v1/klines/history;api.btcturk.com/api/v2/ohlc
2025-03-04T00:00:00Z,BTCTurk,TRY,USDTTRY,1d,36.486,"reported, not observed",graph-api.btcturk.com/v1/klines/history;api.btcturk.com/api/v2/ohlc
2025-03-05T00:00:00Z,BTCTurk,TRY,USDTTRY,1d,36.472,"reported, not observed",graph-api.btcturk.com/v1/klines/history;api.btcturk.com/api/v2/ohlc
2025-03-06T00:00:00Z,BTCTurk,TRY,USDTTRY,1d,36.47,"reported, not observed",graph-api.btcturk.com/v1/klines/history;api.btcturk.com/api/v2/ohlc
2025-03-07T00:00:00Z,BTCTurk,TRY,USDTTRY,1d,36.578,"reported, not observed",graph-api.btcturk.com/v1/klines/history;api.btcturk.com/api/v2/ohlc
2025-03-08T00:00:00Z,BTCTurk,TRY,USDTTRY,1d,36.589,"reported, not observed",graph-api.btcturk.com/v1/klines/history;api.btcturk.com/api/v2/ohlc
2025-03-09T00:00:00Z,BTCTurk,TRY,USDTTRY,1d,36.775,"reported, not observed",graph-api.btcturk.com/v1/klines/history;api.btcturk.com/api/v2/ohlc
2025-03-10T00:00:00Z,BTCTurk,TRY,USDTTRY,1d,36.653,"reported, not observed",graph-api.btcturk.com/v1/klines/history;api.btcturk.com/api/v2/ohlc
2025-03-11T00:00:00Z,BTCTurk,TRY,USDTTRY,1d,36.64,"reported, not observed",graph-api.btcturk.com/v1/klines/history;api.btcturk.com/api/v2/ohlc
2025-03-12T00:00:00Z,BTCTurk,TRY,USDTTRY,1d,36.621,"reported, not observed",graph-api.btcturk.com/v1/klines/history;api.btcturk.com/api/v2/ohlc
2025-03-13T00:00:00Z,BTCTurk,TRY,USDTTRY,1d,36.658,"reported, not observed",graph-api.btcturk.com/v1/klines/history;api.btcturk.com/api/v2/ohlc
2025-03-14T00:00:00Z,BTCTurk,TRY,USDTTRY,1d,36.732,"reported, not observed",graph-api.btcturk.com/v1/klines/history;api.btcturk.com/api/v2/ohlc
2025-03-15T00:00:00Z,BTCTurk,TRY,USDTTRY,1d,36.727,"reported, not observed",graph-api.btcturk.com/v1/klines/history;api.btcturk.com/api/v2/ohlc
2025-03-16T00:00:00Z,BTCTurk,TRY,USDTTRY,1d,36.771,"reported, not observed",graph-api.btcturk.com/v1/klines/history;api.btcturk.com/api/v2/ohlc
2025-03-17T00:00:00Z,BTCTurk,TRY,USDTTRY,1d,36.673,"reported, not observed",graph-api.btcturk.com/v1/klines/history;api.btcturk.com/api/v2/ohlc
2025-03-18T00:00:00Z,BTCTurk,TRY,USDTTRY,1d,36.704,"reported, not observed",graph-api.btcturk.com/v1/klines/history;api.btcturk.com/api/v2/ohlc
2025-03-19T00:00:00Z,BTCTurk,TRY,USDTTRY,1d,37.978,"reported, not observed",graph-api.btcturk.com/v1/klines/history;api.btcturk.com/api/v2/ohlc
2025-03-20T00:00:00Z,BTCTurk,TRY,USDTTRY,1d,38.061,"reported, not observed",graph-api.btcturk.com/v1/klines/history;api.btcturk.com/api/v2/ohlc
2025-03-21T00:00:00Z,BTCTurk,TRY,USDTTRY,1d,38.332,"reported, not observed",graph-api.btcturk.com/v1/klines/history;api.btcturk.com/api/v2/ohlc
2025-03-22T00:00:00Z,BTCTurk,TRY,USDTTRY,1d,38.767,"reported, not observed",graph-api.btcturk.com/v1/klines/history;api.btcturk.com/api/v2/ohlc
2025-03-23T00:00:00Z,BTCTurk,TRY,USDTTRY,1d,38.33,"reported, not observed",graph-api.btcturk.com/v1/klines/history;api.btcturk.com/api/v2/ohlc
2025-03-24T00:00:00Z,BTCTurk,TRY,USDTTRY,1d,38.096,"reported, not observed",graph-api.btcturk.com/v1/klines/history;api.btcturk.com/api/v2/ohlc
2025-03-25T00:00:00Z,BTCTurk,TRY,USDTTRY,1d,38.053,"reported, not observed",graph-api.btcturk.com/v1/klines/history;api.btcturk.com/api/v2/ohlc
2025-03-26T00:00:00Z,BTCTurk,TRY,USDTTRY,1d,38.048,"reported, not observed",graph-api.btcturk.com/v1/klines/history;api.btcturk.com/api/v2/ohlc
2025-03-27T00:00:00Z,BTCTurk,TRY,USDTTRY,1d,38.05,"reported, not observed",graph-api.btcturk.com/v1/klines/history;api.btcturk.com/api/v2/ohlc
2025-03-28T00:00:00Z,BTCTurk,TRY,USDTTRY,1d,38.627,"reported, not observed",graph-api.btcturk.com/v1/klines/history;api.btcturk.com/api/v2/ohlc
2025-03-29T00:00:00Z,BTCTurk,TRY,USDTTRY,1d,38.552,"reported, not observed",graph-api.btcturk.com/v1/klines/history;api.btcturk.com/api/v2/ohlc
2025-03-30T00:00:00Z,BTCTurk,TRY,USDTTRY,1d,38.444,"reported, not observed",graph-api.btcturk.com/v1/klines/history;api.btcturk.com/api/v2/ohlc
2025-03-31T00:00:00Z,BTCTurk,TRY,USDTTRY,1d,38.29,"reported, not observed",graph-api.btcturk.com/v1/klines/history;api.btcturk.com/api/v2/ohlc
2025-04-01T00:00:00Z,BTCTurk,TRY,USDTTRY,1d,38.21,"reported, not observed",graph-api.btcturk.com/v1/klines/history;api.btcturk.com/api/v2/ohlc
2025-04-02T00:00:00Z,BTCTurk,TRY,USDTTRY,1d,38.091,"reported, not observed",graph-api.btcturk.com/v1/klines/history;api.btcturk.com/api/v2/ohlc
2025-04-03T00:00:00Z,BTCTurk,TRY,USDTTRY,1d,38.019,"reported, not observed",graph-api.btcturk.com/v1/klines/history;api.btcturk.com/api/v2/ohlc
2025-04-04T00:00:00Z,BTCTurk,TRY,USDTTRY,1d,38.065,"reported, not observed",graph-api.btcturk.com/v1/klines/history;api.btcturk.com/api/v2/ohlc
2025-04-05T00:00:00Z,BTCTurk,TRY,USDTTRY,1d,38.025,"reported, not observed",graph-api.btcturk.com/v1/klines/history;api.btcturk.com/api/v2/ohlc
2025-04-06T00:00:00Z,BTCTurk,TRY,USDTTRY,1d,38.179,"reported, not observed",graph-api.btcturk.com/v1/klines/history;api.btcturk.com/api/v2/ohlc
2025-04-07T00:00:00Z,BTCTurk,TRY,USDTTRY,1d,38.1,"reported, not observed",graph-api.btcturk.com/v1/klines/history;api.btcturk.com/api/v2/ohlc
2025-04-08T00:00:00Z,BTCTurk,TRY,USDTTRY,1d,38.05,"reported, not observed",graph-api.btcturk.com/v1/klines/history;api.btcturk.com/api/v2/ohlc
2025-04-09T00:00:00Z,BTCTurk,TRY,USDTTRY,1d,37.7,"reported, not observed",graph-api.btcturk.com/v1/klines/history;api.btcturk.com/api/v2/ohlc
2025-04-10T00:00:00Z,BTCTurk,TRY,USDTTRY,1d,37.94,"reported, not observed",graph-api.btcturk.com/v1/klines/history;api.btcturk.com/api/v2/ohlc
2025-04-11T00:00:00Z,BTCTurk,TRY,USDTTRY,1d,38.049,"reported, not observed",graph-api.btcturk.com/v1/klines/history;api.btcturk.com/api/v2/ohlc
2025-04-12T00:00:00Z,BTCTurk,TRY,USDTTRY,1d,37.908,"reported, not observed",graph-api.btcturk.com/v1/klines/history;api.btcturk.com/api/v2/ohlc
2025-04-13T00:00:00Z,BTCTurk,TRY,USDTTRY,1d,38.086,"reported, not observed",graph-api.btcturk.com/v1/klines/history;api.btcturk.com/api/v2/ohlc
2025-04-14T00:00:00Z,BTCTurk,TRY,USDTTRY,1d,38.059,"reported, not observed",graph-api.btcturk.com/v1/klines/history;api.btcturk.com/api/v2/ohlc
2025-04-15T00:00:00Z,BTCTurk,TRY,USDTTRY,1d,38.134,"reported, not observed",graph-api.btcturk.com/v1/klines/history;api.btcturk.com/api/v2/ohlc
2025-04-16T00:00:00Z,BTCTurk,TRY,USDTTRY,1d,38.192,"reported, not observed",graph-api.btcturk.com/v1/klines/history;api.btcturk.com/api/v2/ohlc
2025-04-17T00:00:00Z,BTCTurk,TRY,USDTTRY,1d,38.051,"reported, not observed",graph-api.btcturk.com/v1/klines/history;api.btcturk.com/api/v2/ohlc
2025-04-18T00:00:00Z,BTCTurk,TRY,USDTTRY,1d,38.16,"reported, not observed",graph-api.btcturk.com/v1/klines/history;api.btcturk.com/api/v2/ohlc
2025-04-19T00:00:00Z,BTCTurk,TRY,USDTTRY,1d,38.128,"reported, not observed",graph-api.btcturk.com/v1/klines/history;api.btcturk.com/api/v2/ohlc
2025-04-20T00:00:00Z,BTCTurk,TRY,USDTTRY,1d,38.081,"reported, not observed",graph-api.btcturk.com/v1/klines/history;api.btcturk.com/api/v2/ohlc
2025-04-21T00:00:00Z,BTCTurk,TRY,USDTTRY,1d,38.29,"reported, not observed",graph-api.btcturk.com/v1/klines/history;api.btcturk.com/api/v2/ohlc
2025-04-22T00:00:00Z,BTCTurk,TRY,USDTTRY,1d,38.117,"reported, not observed",graph-api.btcturk.com/v1/klines/history;api.btcturk.com/api/v2/ohlc
2025-04-23T00:00:00Z,BTCTurk,TRY,USDTTRY,1d,38.137,"reported, not observed",graph-api.btcturk.com/v1/klines/history;api.btcturk.com/api/v2/ohlc
2025-04-24T00:00:00Z,BTCTurk,TRY,USDTTRY,1d,38.261,"reported, not observed",graph-api.btcturk.com/v1/klines/history;api.btcturk.com/api/v2/ohlc
2025-04-25T00:00:00Z,BTCTurk,TRY,USDTTRY,1d,38.43,"reported, not observed",graph-api.btcturk.com/v1/klines/history;api.btcturk.com/api/v2/ohlc
2025-04-26T00:00:00Z,BTCTurk,TRY,USDTTRY,1d,38.466,"reported, not observed",graph-api.btcturk.com/v1/klines/history;api.btcturk.com/api/v2/ohlc
2025-04-27T00:00:00Z,BTCTurk,TRY,USDTTRY,1d,38.461,"reported, not observed",graph-api.btcturk.com/v1/klines/history;api.btcturk.com/api/v2/ohlc
2025-04-28T00:00:00Z,BTCTurk,TRY,USDTTRY,1d,38.441,"reported, not observed",graph-api.btcturk.com/v1/klines/history;api.btcturk.com/api/v2/ohlc
2025-04-29T00:00:00Z,BTCTurk,TRY,USDTTRY,1d,38.528,"reported, not observed",graph-api.btcturk.com/v1/klines/history;api.btcturk.com/api/v2/ohlc
2025-04-30T00:00:00Z,BTCTurk,TRY,USDTTRY,1d,38.548,"reported, not observed",graph-api.btcturk.com/v1/klines/history;api.btcturk.com/api/v2/ohlc
2025-05-01T00:00:00Z,BTCTurk,TRY,USDTTRY,1d,38.544,"reported, not observed",graph-api.btcturk.com/v1/klines/history;api.btcturk.com/api/v2/ohlc
2025-05-02T00:00:00Z,BTCTurk,TRY,USDTTRY,1d,38.59,"reported, not observed",graph-api.btcturk.com/v1/klines/history;api.btcturk.com/api/v2/ohlc
2025-05-03T00:00:00Z,BTCTurk,TRY,USDTTRY,1d,38.682,"reported, not observed",graph-api.btcturk.com/v1/klines/history;api.btcturk.com/api/v2/ohlc
2025-05-04T00:00:00Z,BTCTurk,TRY,USDTTRY,1d,38.727,"reported, not observed",graph-api.btcturk.com/v1/klines/history;api.btcturk.com/api/v2/ohlc
2025-05-05T00:00:00Z,BTCTurk,TRY,USDTTRY,1d,38.619,"reported, not observed",graph-api.btcturk.com/v1/klines/history;api.btcturk.com/api/v2/ohlc
2025-05-06T00:00:00Z,BTCTurk,TRY,USDTTRY,1d,38.614,"reported, not observed",graph-api.btcturk.com/v1/klines/history;api.btcturk.com/api/v2/ohlc
2025-05-07T00:00:00Z,BTCTurk,TRY,USDTTRY,1d,38.653,"reported, not observed",graph-api.btcturk.com/v1/klines/history;api.btcturk.com/api/v2/ohlc
2025-05-08T00:00:00Z,BTCTurk,TRY,USDTTRY,1d,38.396,"reported, not observed",graph-api.btcturk.com/v1/klines/history;api.btcturk.com/api/v2/ohlc
2025-05-09T00:00:00Z,BTCTurk,TRY,USDTTRY,1d,38.551,"reported, not observed",graph-api.btcturk.com/v1/klines/history;api.btcturk.com/api/v2/ohlc
2025-05-10T00:00:00Z,BTCTurk,TRY,USDTTRY,1d,38.4,"reported, not observed",graph-api.btcturk.com/v1/klines/history;api.btcturk.com/api/v2/ohlc
2025-05-11T00:00:00Z,BTCTurk,TRY,USDTTRY,1d,38.644,"reported, not observed",graph-api.btcturk.com/v1/klines/history;api.btcturk.com/api/v2/ohlc
2025-05-12T00:00:00Z,BTCTurk,TRY,USDTTRY,1d,38.8,"reported, not observed",graph-api.btcturk.com/v1/klines/history;api.btcturk.com/api/v2/ohlc
2025-05-13T00:00:00Z,BTCTurk,TRY,USDTTRY,1d,38.65,"reported, not observed",graph-api.btcturk.com/v1/klines/history;api.btcturk.com/api/v2/ohlc
2025-05-14T00:00:00Z,BTCTurk,TRY,USDTTRY,1d,38.826,"reported, not observed",graph-api.btcturk.com/v1/klines/history;api.btcturk.com/api/v2/ohlc
2025-05-15T00:00:00Z,BTCTurk,TRY,USDTTRY,1d,38.772,"reported, not observed",graph-api.btcturk.com/v1/klines/history;api.btcturk.com/api/v2/ohlc
2025-05-16T00:00:00Z,BTCTurk,TRY,USDTTRY,1d,38.971,"reported, not observed",graph-api.btcturk.com/v1/klines/history;api.btcturk.com/api/v2/ohlc
2025-05-17T00:00:00Z,BTCTurk,TRY,USDTTRY,1d,39.035,"reported, not observed",graph-api.btcturk.com/v1/klines/history;api.btcturk.com/api/v2/ohlc
2025-05-18T00:00:00Z,BTCTurk,TRY,USDTTRY,1d,38.952,"reported, not observed",graph-api.btcturk.com/v1/klines/history;api.btcturk.com/api/v2/ohlc
2025-05-19T00:00:00Z,BTCTurk,TRY,USDTTRY,1d,38.902,"reported, not observed",graph-api.btcturk.com/v1/klines/history;api.btcturk.com/api/v2/ohlc
2025-05-20T00:00:00Z,BTCTurk,TRY,USDTTRY,1d,38.845,"reported, not observed",graph-api.btcturk.com/v1/klines/history;api.btcturk.com/api/v2/ohlc
2025-05-21T00:00:00Z,BTCTurk,TRY,USDTTRY,1d,38.759,"reported, not observed",graph-api.btcturk.com/v1/klines/history;api.btcturk.com/api/v2/ohlc
2025-05-22T00:00:00Z,BTCTurk,TRY,USDTTRY,1d,38.56,"reported, not observed",graph-api.btcturk.com/v1/klines/history;api.btcturk.com/api/v2/ohlc
2025-05-23T00:00:00Z,BTCTurk,TRY,USDTTRY,1d,39.199,"reported, not observed",graph-api.btcturk.com/v1/klines/history;api.btcturk.com/api/v2/ohlc
2025-05-24T00:00:00Z,BTCTurk,TRY,USDTTRY,1d,39.179,"reported, not observed",graph-api.btcturk.com/v1/klines/history;api.btcturk.com/api/v2/ohlc
2025-05-25T00:00:00Z,BTCTurk,TRY,USDTTRY,1d,39.12,"reported, not observed",graph-api.btcturk.com/v1/klines/history;api.btcturk.com/api/v2/ohlc
2025-05-26T00:00:00Z,BTCTurk,TRY,USDTTRY,1d,39.057,"reported, not observed",graph-api.btcturk.com/v1/klines/history;api.btcturk.com/api/v2/ohlc
2025-05-27T00:00:00Z,BTCTurk,TRY,USDTTRY,1d,38.981,"reported, not observed",graph-api.btcturk.com/v1/klines/history;api.btcturk.com/api/v2/ohlc
2025-05-28T00:00:00Z,BTCTurk,TRY,USDTTRY,1d,39.133,"reported, not observed",graph-api.btcturk.com/v1/klines/history;api.btcturk.com/api/v2/ohlc
2025-05-29T00:00:00Z,BTCTurk,TRY,USDTTRY,1d,39.154,"reported, not observed",graph-api.btcturk.com/v1/klines/history;api.btcturk.com/api/v2/ohlc
2025-05-30T00:00:00Z,BTCTurk,TRY,USDTTRY,1d,39.428,"reported, not observed",graph-api.btcturk.com/v1/klines/history;api.btcturk.com/api/v2/ohlc
2025-05-31T00:00:00Z,BTCTurk,TRY,USDTTRY,1d,39.447,"reported, not observed",graph-api.btcturk.com/v1/klines/history;api.btcturk.com/api/v2/ohlc
2025-06-01T00:00:00Z,BTCTurk,TRY,USDTTRY,1d,39.294,"reported, not observed",graph-api.btcturk.com/v1/klines/history;api.btcturk.com/api/v2/ohlc
2025-06-02T00:00:00Z,BTCTurk,TRY,USDTTRY,1d,39.078,"reported, not observed",graph-api.btcturk.com/v1/klines/history;api.btcturk.com/api/v2/ohlc
2025-06-03T00:00:00Z,BTCTurk,TRY,USDTTRY,1d,39.204,"reported, not observed",graph-api.btcturk.com/v1/klines/history;api.btcturk.com/api/v2/ohlc
2025-06-04T00:00:00Z,BTCTurk,TRY,USDTTRY,1d,39.262,"reported, not observed",graph-api.btcturk.com/v1/klines/history;api.btcturk.com/api/v2/ohlc
2025-06-05T00:00:00Z,BTCTurk,TRY,USDTTRY,1d,39.598,"reported, not observed",graph-api.btcturk.com/v1/klines/history;api.btcturk.com/api/v2/ohlc
2025-06-06T00:00:00Z,BTCTurk,TRY,USDTTRY,1d,39.55,"reported, not observed",graph-api.btcturk.com/v1/klines/history;api.btcturk.com/api/v2/ohlc
2025-06-07T00:00:00Z,BTCTurk,TRY,USDTTRY,1d,39.36,"reported, not observed",graph-api.btcturk.com/v1/klines/history;api.btcturk.com/api/v2/ohlc
2025-06-08T00:00:00Z,BTCTurk,TRY,USDTTRY,1d,39.349,"reported, not observed",graph-api.btcturk.com/v1/klines/history;api.btcturk.com/api/v2/ohlc
2025-06-09T00:00:00Z,BTCTurk,TRY,USDTTRY,1d,39.221,"reported, not observed",graph-api.btcturk.com/v1/klines/history;api.btcturk.com/api/v2/ohlc
2025-06-10T00:00:00Z,BTCTurk,TRY,USDTTRY,1d,39.159,"reported, not observed",graph-api.btcturk.com/v1/klines/history;api.btcturk.com/api/v2/ohlc
2025-06-11T00:00:00Z,BTCTurk,TRY,USDTTRY,1d,39.22,"reported, not observed",graph-api.btcturk.com/v1/klines/history;api.btcturk.com/api/v2/ohlc
2025-06-12T00:00:00Z,BTCTurk,TRY,USDTTRY,1d,39.46,"reported, not observed",graph-api.btcturk.com/v1/klines/history;api.btcturk.com/api/v2/ohlc
2025-06-13T00:00:00Z,BTCTurk,TRY,USDTTRY,1d,39.492,"reported, not observed",graph-api.btcturk.com/v1/klines/history;api.btcturk.com/api/v2/ohlc
2025-06-14T00:00:00Z,BTCTurk,TRY,USDTTRY,1d,39.509,"reported, not observed",graph-api.btcturk.com/v1/klines/history;api.btcturk.com/api/v2/ohlc
2025-06-15T00:00:00Z,BTCTurk,TRY,USDTTRY,1d,39.475,"reported, not observed",graph-api.btcturk.com/v1/klines/history;api.btcturk.com/api/v2/ohlc
2025-06-16T00:00:00Z,BTCTurk,TRY,USDTTRY,1d,39.398,"reported, not observed",graph-api.btcturk.com/v1/klines/history;api.btcturk.com/api/v2/ohlc
2025-06-17T00:00:00Z,BTCTurk,TRY,USDTTRY,1d,39.569,"reported, not observed",graph-api.btcturk.com/v1/klines/history;api.btcturk.com/api/v2/ohlc
2025-06-18T00:00:00Z,BTCTurk,TRY,USDTTRY,1d,39.57,"reported, not observed",graph-api.btcturk.com/v1/klines/history;api.btcturk.com/api/v2/ohlc
2025-06-19T00:00:00Z,BTCTurk,TRY,USDTTRY,1d,39.608,"reported, not observed",graph-api.btcturk.com/v1/klines/history;api.btcturk.com/api/v2/ohlc
2025-06-20T00:00:00Z,BTCTurk,TRY,USDTTRY,1d,39.751,"reported, not observed",graph-api.btcturk.com/v1/klines/history;api.btcturk.com/api/v2/ohlc
2025-06-21T00:00:00Z,BTCTurk,TRY,USDTTRY,1d,39.827,"reported, not observed",graph-api.btcturk.com/v1/klines/history;api.btcturk.com/api/v2/ohlc
2025-06-22T00:00:00Z,BTCTurk,TRY,USDTTRY,1d,39.752,"reported, not observed",graph-api.btcturk.com/v1/klines/history;api.btcturk.com/api/v2/ohlc
2025-06-23T00:00:00Z,BTCTurk,TRY,USDTTRY,1d,39.701,"reported, not observed",graph-api.btcturk.com/v1/klines/history;api.btcturk.com/api/v2/ohlc
2025-06-24T00:00:00Z,BTCTurk,TRY,USDTTRY,1d,39.661,"reported, not observed",graph-api.btcturk.com/v1/klines/history;api.btcturk.com/api/v2/ohlc
2025-06-25T00:00:00Z,BTCTurk,TRY,USDTTRY,1d,39.799,"reported, not observed",graph-api.btcturk.com/v1/klines/history;api.btcturk.com/api/v2/ohlc
2025-06-26T00:00:00Z,BTCTurk,TRY,USDTTRY,1d,39.839,"reported, not observed",graph-api.btcturk.com/v1/klines/history;api.btcturk.com/api/v2/ohlc
2025-06-27T00:00:00Z,BTCTurk,TRY,USDTTRY,1d,39.91,"reported, not observed",graph-api.btcturk.com/v1/klines/history;api.btcturk.com/api/v2/ohlc
2025-06-28T00:00:00Z,BTCTurk,TRY,USDTTRY,1d,39.779,"reported, not observed",graph-api.btcturk.com/v1/klines/history;api.btcturk.com/api/v2/ohlc
2025-06-29T00:00:00Z,BTCTurk,TRY,USDTTRY,1d,39.58,"reported, not observed",graph-api.btcturk.com/v1/klines/history;api.btcturk.com/api/v2/ohlc
2025-06-30T00:00:00Z,BTCTurk,TRY,USDTTRY,1d,39.767,"reported, not observed",graph-api.btcturk.com/v1/klines/history;api.btcturk.com/api/v2/ohlc
2025-07-01T00:00:00Z,BTCTurk,TRY,USDTTRY,1d,39.865,"reported, not observed",graph-api.btcturk.com/v1/klines/history;api.btcturk.com/api/v2/ohlc
2025-07-02T00:00:00Z,BTCTurk,TRY,USDTTRY,1d,39.61,"reported, not observed",graph-api.btcturk.com/v1/klines/history;api.btcturk.com/api/v2/ohlc
2025-07-03T00:00:00Z,BTCTurk,TRY,USDTTRY,1d,39.682,"reported, not observed",graph-api.btcturk.com/v1/klines/history;api.btcturk.com/api/v2/ohlc
2025-07-04T00:00:00Z,BTCTurk,TRY,USDTTRY,1d,39.872,"reported, not observed",graph-api.btcturk.com/v1/klines/history;api.btcturk.com/api/v2/ohlc
2025-07-05T00:00:00Z,BTCTurk,TRY,USDTTRY,1d,39.905,"reported, not observed",graph-api.btcturk.com/v1/klines/history;api.btcturk.com/api/v2/ohlc
2025-07-06T00:00:00Z,BTCTurk,TRY,USDTTRY,1d,39.814,"reported, not observed",graph-api.btcturk.com/v1/klines/history;api.btcturk.com/api/v2/ohlc
2025-07-07T00:00:00Z,BTCTurk,TRY,USDTTRY,1d,40.029,"reported, not observed",graph-api.btcturk.com/v1/klines/history;api.btcturk.com/api/v2/ohlc
2025-07-08T00:00:00Z,BTCTurk,TRY,USDTTRY,1d,39.951,"reported, not observed",graph-api.btcturk.com/v1/klines/history;api.btcturk.com/api/v2/ohlc
2025-07-09T00:00:00Z,BTCTurk,TRY,USDTTRY,1d,39.878,"reported, not observed",graph-api.btcturk.com/v1/klines/history;api.btcturk.com/api/v2/ohlc
2025-07-10T00:00:00Z,BTCTurk,TRY,USDTTRY,1d,39.759,"reported, not observed",graph-api.btcturk.com/v1/klines/history;api.btcturk.com/api/v2/ohlc
2025-07-11T00:00:00Z,BTCTurk,TRY,USDTTRY,1d,40.034,"reported, not observed",graph-api.btcturk.com/v1/klines/history;api.btcturk.com/api/v2/ohlc
2025-07-12T00:00:00Z,BTCTurk,TRY,USDTTRY,1d,40.162,"reported, not observed",graph-api.btcturk.com/v1/klines/history;api.btcturk.com/api/v2/ohlc
2025-07-13T00:00:00Z,BTCTurk,TRY,USDTTRY,1d,40.165,"reported, not observed",graph-api.btcturk.com/v1/klines/history;api.btcturk.com/api/v2/ohlc
2025-07-14T00:00:00Z,BTCTurk,TRY,USDTTRY,1d,40.254,"reported, not observed",graph-api.btcturk.com/v1/klines/history;api.btcturk.com/api/v2/ohlc
2025-07-15T00:00:00Z,BTCTurk,TRY,USDTTRY,1d,40.187,"reported, not observed",graph-api.btcturk.com/v1/klines/history;api.btcturk.com/api/v2/ohlc
2025-07-16T00:00:00Z,BTCTurk,TRY,USDTTRY,1d,40.15,"reported, not observed",graph-api.btcturk.com/v1/klines/history;api.btcturk.com/api/v2/ohlc
2025-07-17T00:00:00Z,BTCTurk,TRY,USDTTRY,1d,40.262,"reported, not observed",graph-api.btcturk.com/v1/klines/history;api.btcturk.com/api/v2/ohlc
2025-07-18T00:00:00Z,BTCTurk,TRY,USDTTRY,1d,40.431,"reported, not observed",graph-api.btcturk.com/v1/klines/history;api.btcturk.com/api/v2/ohlc
2025-07-19T00:00:00Z,BTCTurk,TRY,USDTTRY,1d,40.448,"reported, not observed",graph-api.btcturk.com/v1/klines/history;api.btcturk.com/api/v2/ohlc
2025-07-20T00:00:00Z,BTCTurk,TRY,USDTTRY,1d,40.397,"reported, not observed",graph-api.btcturk.com/v1/klines/history;api.btcturk.com/api/v2/ohlc
2025-07-21T00:00:00Z,BTCTurk,TRY,USDTTRY,1d,40.392,"reported, not observed",graph-api.btcturk.com/v1/klines/history;api.btcturk.com/api/v2/ohlc
2025-07-22T00:00:00Z,BTCTurk,TRY,USDTTRY,1d,40.34,"reported, not observed",graph-api.btcturk.com/v1/klines/history;api.btcturk.com/api/v2/ohlc
2025-07-23T00:00:00Z,BTCTurk,TRY,USDTTRY,1d,40.547,"reported, not observed",graph-api.btcturk.com/v1/klines/history;api.btcturk.com/api/v2/ohlc
2025-07-24T00:00:00Z,BTCTurk,TRY,USDTTRY,1d,40.588,"reported, not observed",graph-api.btcturk.com/v1/klines/history;api.btcturk.com/api/v2/ohlc
2025-07-25T00:00:00Z,BTCTurk,TRY,USDTTRY,1d,40.471,"reported, not observed",graph-api.btcturk.com/v1/klines/history;api.btcturk.com/api/v2/ohlc
2025-07-26T00:00:00Z,BTCTurk,TRY,USDTTRY,1d,40.483,"reported, not observed",graph-api.btcturk.com/v1/klines/history;api.btcturk.com/api/v2/ohlc
2025-07-27T00:00:00Z,BTCTurk,TRY,USDTTRY,1d,40.353,"reported, not observed",graph-api.btcturk.com/v1/klines/history;api.btcturk.com/api/v2/ohlc
2025-07-28T00:00:00Z,BTCTurk,TRY,USDTTRY,1d,40.575,"reported, not observed",graph-api.btcturk.com/v1/klines/history;api.btcturk.com/api/v2/ohlc
2025-07-29T00:00:00Z,BTCTurk,TRY,USDTTRY,1d,40.603,"reported, not observed",graph-api.btcturk.com/v1/klines/history;api.btcturk.com/api/v2/ohlc
2025-07-30T00:00:00Z,BTCTurk,TRY,USDTTRY,1d,40.615,"reported, not observed",graph-api.btcturk.com/v1/klines/history;api.btcturk.com/api/v2/ohlc
2025-07-31T00:00:00Z,BTCTurk,TRY,USDTTRY,1d,40.624,"reported, not observed",graph-api.btcturk.com/v1/klines/history;api.btcturk.com/api/v2/ohlc
2025-08-01T00:00:00Z,BTCTurk,TRY,USDTTRY,1d,40.737,"reported, not observed",graph-api.btcturk.com/v1/klines/history;api.btcturk.com/api/v2/ohlc
2025-08-02T00:00:00Z,BTCTurk,TRY,USDTTRY,1d,40.753,"reported, not observed",graph-api.btcturk.com/v1/klines/history;api.btcturk.com/api/v2/ohlc
2025-08-03T00:00:00Z,BTCTurk,TRY,USDTTRY,1d,40.744,"reported, not observed",graph-api.btcturk.com/v1/klines/history;api.btcturk.com/api/v2/ohlc
2025-08-04T00:00:00Z,BTCTurk,TRY,USDTTRY,1d,40.652,"reported, not observed",graph-api.btcturk.com/v1/klines/history;api.btcturk.com/api/v2/ohlc
2025-08-05T00:00:00Z,BTCTurk,TRY,USDTTRY,1d,40.7,"reported, not observed",graph-api.btcturk.com/v1/klines/history;api.btcturk.com/api/v2/ohlc
2025-08-06T00:00:00Z,BTCTurk,TRY,USDTTRY,1d,40.633,"reported, not observed",graph-api.btcturk.com/v1/klines/history;api.btcturk.com/api/v2/ohlc
2025-08-07T00:00:00Z,BTCTurk,TRY,USDTTRY,1d,40.54,"reported, not observed",graph-api.btcturk.com/v1/klines/history;api.btcturk.com/api/v2/ohlc
2025-08-08T00:00:00Z,BTCTurk,TRY,USDTTRY,1d,40.562,"reported, not observed",graph-api.btcturk.com/v1/klines/history;api.btcturk.com/api/v2/ohlc
2025-08-09T00:00:00Z,BTCTurk,TRY,USDTTRY,1d,40.577,"reported, not observed",graph-api.btcturk.com/v1/klines/history;api.btcturk.com/api/v2/ohlc
2025-08-10T00:00:00Z,BTCTurk,TRY,USDTTRY,1d,40.615,"reported, not observed",graph-api.btcturk.com/v1/klines/history;api.btcturk.com/api/v2/ohlc
2025-08-11T00:00:00Z,BTCTurk,TRY,USDTTRY,1d,40.74,"reported, not observed",graph-api.btcturk.com/v1/klines/history;api.btcturk.com/api/v2/ohlc
2025-08-12T00:00:00Z,BTCTurk,TRY,USDTTRY,1d,40.615,"reported, not observed",graph-api.btcturk.com/v1/klines/history;api.btcturk.com/api/v2/ohlc
2025-08-13T00:00:00Z,BTCTurk,TRY,USDTTRY,1d,40.592,"reported, not observed",graph-api.btcturk.com/v1/klines/history;api.btcturk.com/api/v2/ohlc
2025-08-14T00:00:00Z,BTCTurk,TRY,USDTTRY,1d,40.808,"reported, not observed",graph-api.btcturk.com/v1/klines/history;api.btcturk.com/api/v2/ohlc
2025-08-15T00:00:00Z,BTCTurk,TRY,USDTTRY,1d,41.067,"reported, not observed",graph-api.btcturk.com/v1/klines/history;api.btcturk.com/api/v2/ohlc
2025-08-16T00:00:00Z,BTCTurk,TRY,USDTTRY,1d,41.048,"reported, not observed",graph-api.btcturk.com/v1/klines/history;api.btcturk.com/api/v2/ohlc
2025-08-17T00:00:00Z,BTCTurk,TRY,USDTTRY,1d,40.95,"reported, not observed",graph-api.btcturk.com/v1/klines/history;api.btcturk.com/api/v2/ohlc
2025-08-18T00:00:00Z,BTCTurk,TRY,USDTTRY,1d,40.951,"reported, not observed",graph-api.btcturk.com/v1/klines/history;api.btcturk.com/api/v2/ohlc
2025-08-19T00:00:00Z,BTCTurk,TRY,USDTTRY,1d,40.939,"reported, not observed",graph-api.btcturk.com/v1/klines/history;api.btcturk.com/api/v2/ohlc
2025-08-20T00:00:00Z,BTCTurk,TRY,USDTTRY,1d,40.885,"reported, not observed",graph-api.btcturk.com/v1/klines/history;api.btcturk.com/api/v2/ohlc
2025-08-21T00:00:00Z,BTCTurk,TRY,USDTTRY,1d,40.94,"reported, not observed",graph-api.btcturk.com/v1/klines/history;api.btcturk.com/api/v2/ohlc
2025-08-22T00:00:00Z,BTCTurk,TRY,USDTTRY,1d,40.423,"reported, not observed",graph-api.btcturk.com/v1/klines/history;api.btcturk.com/api/v2/ohlc
2025-08-23T00:00:00Z,BTCTurk,TRY,USDTTRY,1d,40.54,"reported, not observed",graph-api.btcturk.com/v1/klines/history;api.btcturk.com/api/v2/ohlc
2025-08-24T00:00:00Z,BTCTurk,TRY,USDTTRY,1d,41.025,"reported, not observed",graph-api.btcturk.com/v1/klines/history;api.btcturk.com/api/v2/ohlc
2025-08-25T00:00:00Z,BTCTurk,TRY,USDTTRY,1d,41.112,"reported, not observed",graph-api.btcturk.com/v1/klines/history;api.btcturk.com/api/v2/ohlc
2025-08-26T00:00:00Z,BTCTurk,TRY,USDTTRY,1d,41.05,"reported, not observed",graph-api.btcturk.com/v1/klines/history;api.btcturk.com/api/v2/ohlc
2025-08-27T00:00:00Z,BTCTurk,TRY,USDTTRY,1d,41.023,"reported, not observed",graph-api.btcturk.com/v1/klines/history;api.btcturk.com/api/v2/ohlc
2025-08-28T00:00:00Z,BTCTurk,TRY,USDTTRY,1d,40.952,"reported, not observed",graph-api.btcturk.com/v1/klines/history;api.btcturk.com/api/v2/ohlc
2025-08-29T00:00:00Z,BTCTurk,TRY,USDTTRY,1d,41.165,"reported, not observed",graph-api.btcturk.com/v1/klines/history;api.btcturk.com/api/v2/ohlc
2025-08-30T00:00:00Z,BTCTurk,TRY,USDTTRY,1d,41.209,"reported, not observed",graph-api.btcturk.com/v1/klines/history;api.btcturk.com/api/v2/ohlc
2025-08-31T00:00:00Z,BTCTurk,TRY,USDTTRY,1d,41.162,"reported, not observed",graph-api.btcturk.com/v1/klines/history;api.btcturk.com/api/v2/ohlc
2025-09-01T00:00:00Z,BTCTurk,TRY,USDTTRY,1d,41.216,"reported, not observed",graph-api.btcturk.com/v1/klines/history;api.btcturk.com/api/v2/ohlc
2025-09-02T00:00:00Z,BTCTurk,TRY,USDTTRY,1d,41.135,"reported, not observed",graph-api.btcturk.com/v1/klines/history;api.btcturk.com/api/v2/ohlc
2025-09-03T00:00:00Z,BTCTurk,TRY,USDTTRY,1d,41.09,"reported, not observed",graph-api.btcturk.com/v1/klines/history;api.btcturk.com/api/v2/ohlc
2025-09-04T00:00:00Z,BTCTurk,TRY,USDTTRY,1d,41.208,"reported, not observed",graph-api.btcturk.com/v1/klines/history;api.btcturk.com/api/v2/ohlc
2025-09-05T00:00:00Z,BTCTurk,TRY,USDTTRY,1d,41.231,"reported, not observed",graph-api.btcturk.com/v1/klines/history;api.btcturk.com/api/v2/ohlc
2025-09-06T00:00:00Z,BTCTurk,TRY,USDTTRY,1d,41.279,"reported, not observed",graph-api.btcturk.com/v1/klines/history;api.btcturk.com/api/v2/ohlc
2025-09-07T00:00:00Z,BTCTurk,TRY,USDTTRY,1d,41.164,"reported, not observed",graph-api.btcturk.com/v1/klines/history;api.btcturk.com/api/v2/ohlc
2025-09-08T00:00:00Z,BTCTurk,TRY,USDTTRY,1d,41.121,"reported, not observed",graph-api.btcturk.com/v1/klines/history;api.btcturk.com/api/v2/ohlc
2025-09-09T00:00:00Z,BTCTurk,TRY,USDTTRY,1d,41.199,"reported, not observed",graph-api.btcturk.com/v1/klines/history;api.btcturk.com/api/v2/ohlc
2025-09-10T00:00:00Z,BTCTurk,TRY,USDTTRY,1d,41.263,"reported, not observed",graph-api.btcturk.com/v1/klines/history;api.btcturk.com/api/v2/ohlc
2025-09-11T00:00:00Z,BTCTurk,TRY,USDTTRY,1d,41.201,"reported, not observed",graph-api.btcturk.com/v1/klines/history;api.btcturk.com/api/v2/ohlc
2025-09-12T00:00:00Z,BTCTurk,TRY,USDTTRY,1d,41.151,"reported, not observed",graph-api.btcturk.com/v1/klines/history;api.btcturk.com/api/v2/ohlc
2025-09-13T00:00:00Z,BTCTurk,TRY,USDTTRY,1d,41.183,"reported, not observed",graph-api.btcturk.com/v1/klines/history;api.btcturk.com/api/v2/ohlc
2025-09-14T00:00:00Z,BTCTurk,TRY,USDTTRY,1d,41.361,"reported, not observed",graph-api.btcturk.com/v1/klines/history;api.btcturk.com/api/v2/ohlc
2025-09-15T00:00:00Z,BTCTurk,TRY,USDTTRY,1d,41.319,"reported, not observed",graph-api.btcturk.com/v1/klines/history;api.btcturk.com/api/v2/ohlc
2025-09-16T00:00:00Z,BTCTurk,TRY,USDTTRY,1d,41.291,"reported, not observed",graph-api.btcturk.com/v1/klines/history;api.btcturk.com/api/v2/ohlc
2025-09-17T00:00:00Z,BTCTurk,TRY,USDTTRY,1d,41.25,"reported, not observed",graph-api.btcturk.com/v1/klines/history;api.btcturk.com/api/v2/ohlc
2025-09-18T00:00:00Z,BTCTurk,TRY,USDTTRY,1d,41.228,"reported, not observed",graph-api.btcturk.com/v1/klines/history;api.btcturk.com/api/v2/ohlc
2025-09-19T00:00:00Z,BTCTurk,TRY,USDTTRY,1d,41.39,"reported, not observed",graph-api.btcturk.com/v1/klines/history;api.btcturk.com/api/v2/ohlc
2025-09-20T00:00:00Z,BTCTurk,TRY,USDTTRY,1d,41.435,"reported, not observed",graph-api.btcturk.com/v1/klines/history;api.btcturk.com/api/v2/ohlc
2025-09-21T00:00:00Z,BTCTurk,TRY,USDTTRY,1d,41.412,"reported, not observed",graph-api.btcturk.com/v1/klines/history;api.btcturk.com/api/v2/ohlc
2025-09-22T00:00:00Z,BTCTurk,TRY,USDTTRY,1d,41.489,"reported, not observed",graph-api.btcturk.com/v1/klines/history;api.btcturk.com/api/v2/ohlc
2025-09-23T00:00:00Z,BTCTurk,TRY,USDTTRY,1d,41.494,"reported, not observed",graph-api.btcturk.com/v1/klines/history;api.btcturk.com/api/v2/ohlc
2025-09-24T00:00:00Z,BTCTurk,TRY,USDTTRY,1d,41.507,"reported, not observed",graph-api.btcturk.com/v1/klines/history;api.btcturk.com/api/v2/ohlc
2025-09-25T00:00:00Z,BTCTurk,TRY,USDTTRY,1d,41.59,"reported, not observed",graph-api.btcturk.com/v1/klines/history;api.btcturk.com/api/v2/ohlc
2025-09-26T00:00:00Z,BTCTurk,TRY,USDTTRY,1d,41.669,"reported, not observed",graph-api.btcturk.com/v1/klines/history;api.btcturk.com/api/v2/ohlc
2025-09-27T00:00:00Z,BTCTurk,TRY,USDTTRY,1d,41.669,"reported, not observed",graph-api.btcturk.com/v1/klines/history;api.btcturk.com/api/v2/ohlc
2025-09-28T00:00:00Z,BTCTurk,TRY,USDTTRY,1d,41.608,"reported, not observed",graph-api.btcturk.com/v1/klines/history;api.btcturk.com/api/v2/ohlc
2025-09-29T00:00:00Z,BTCTurk,TRY,USDTTRY,1d,41.599,"reported, not observed",graph-api.btcturk.com/v1/klines/history;api.btcturk.com/api/v2/ohlc
2025-09-30T00:00:00Z,BTCTurk,TRY,USDTTRY,1d,41.574,"reported, not observed",graph-api.btcturk.com/v1/klines/history;api.btcturk.com/api/v2/ohlc
2025-10-01T00:00:00Z,BTCTurk,TRY,USDTTRY,1d,41.502,"reported, not observed",graph-api.btcturk.com/v1/klines/history;api.btcturk.com/api/v2/ohlc
2025-10-02T00:00:00Z,BTCTurk,TRY,USDTTRY,1d,41.535,"reported, not observed",graph-api.btcturk.com/v1/klines/history;api.btcturk.com/api/v2/ohlc
2025-10-03T00:00:00Z,BTCTurk,TRY,USDTTRY,1d,41.469,"reported, not observed",graph-api.btcturk.com/v1/klines/history;api.btcturk.com/api/v2/ohlc
2025-10-04T00:00:00Z,BTCTurk,TRY,USDTTRY,1d,41.709,"reported, not observed",graph-api.btcturk.com/v1/klines/history;api.btcturk.com/api/v2/ohlc
2025-10-05T00:00:00Z,BTCTurk,TRY,USDTTRY,1d,41.732,"reported, not observed",graph-api.btcturk.com/v1/klines/history;api.btcturk.com/api/v2/ohlc
2025-10-06T00:00:00Z,BTCTurk,TRY,USDTTRY,1d,41.552,"reported, not observed",graph-api.btcturk.com/v1/klines/history;api.btcturk.com/api/v2/ohlc
2025-10-07T00:00:00Z,BTCTurk,TRY,USDTTRY,1d,41.773,"reported, not observed",graph-api.btcturk.com/v1/klines/history;api.btcturk.com/api/v2/ohlc
2025-10-08T00:00:00Z,BTCTurk,TRY,USDTTRY,1d,41.731,"reported, not observed",graph-api.btcturk.com/v1/klines/history;api.btcturk.com/api/v2/ohlc
2025-10-09T00:00:00Z,BTCTurk,TRY,USDTTRY,1d,41.782,"reported, not observed",graph-api.btcturk.com/v1/klines/history;api.btcturk.com/api/v2/ohlc
2025-10-10T00:00:00Z,BTCTurk,TRY,USDTTRY,1d,42.516,"reported, not observed",graph-api.btcturk.com/v1/klines/history;api.btcturk.com/api/v2/ohlc
2025-10-11T00:00:00Z,BTCTurk,TRY,USDTTRY,1d,42.652,"reported, not observed",graph-api.btcturk.com/v1/klines/history;api.btcturk.com/api/v2/ohlc
2025-10-12T00:00:00Z,BTCTurk,TRY,USDTTRY,1d,42.349,"reported, not observed",graph-api.btcturk.com/v1/klines/history;api.btcturk.com/api/v2/ohlc
2025-10-13T00:00:00Z,BTCTurk,TRY,USDTTRY,1d,41.959,"reported, not observed",graph-api.btcturk.com/v1/klines/history;api.btcturk.com/api/v2/ohlc
2025-10-14T00:00:00Z,BTCTurk,TRY,USDTTRY,1d,41.967,"reported, not observed",graph-api.btcturk.com/v1/klines/history;api.btcturk.com/api/v2/ohlc
2025-10-15T00:00:00Z,BTCTurk,TRY,USDTTRY,1d,41.969,"reported, not observed",graph-api.btcturk.com/v1/klines/history;api.btcturk.com/api/v2/ohlc
2025-10-16T00:00:00Z,BTCTurk,TRY,USDTTRY,1d,42.034,"reported, not observed",graph-api.btcturk.com/v1/klines/history;api.btcturk.com/api/v2/ohlc
2025-10-17T00:00:00Z,BTCTurk,TRY,USDTTRY,1d,42.28,"reported, not observed",graph-api.btcturk.com/v1/klines/history;api.btcturk.com/api/v2/ohlc
2025-10-18T00:00:00Z,BTCTurk,TRY,USDTTRY,1d,42.218,"reported, not observed",graph-api.btcturk.com/v1/klines/history;api.btcturk.com/api/v2/ohlc
2025-10-19T00:00:00Z,BTCTurk,TRY,USDTTRY,1d,42.107,"reported, not observed",graph-api.btcturk.com/v1/klines/history;api.btcturk.com/api/v2/ohlc
2025-10-20T00:00:00Z,BTCTurk,TRY,USDTTRY,1d,42.064,"reported, not observed",graph-api.btcturk.com/v1/klines/history;api.btcturk.com/api/v2/ohlc
2025-10-21T00:00:00Z,BTCTurk,TRY,USDTTRY,1d,42.036,"reported, not observed",graph-api.btcturk.com/v1/klines/history;api.btcturk.com/api/v2/ohlc
2025-10-22T00:00:00Z,BTCTurk,TRY,USDTTRY,1d,42.058,"reported, not observed",graph-api.btcturk.com/v1/klines/history;api.btcturk.com/api/v2/ohlc
2025-10-23T00:00:00Z,BTCTurk,TRY,USDTTRY,1d,42.013,"reported, not observed",graph-api.btcturk.com/v1/klines/history;api.btcturk.com/api/v2/ohlc
2025-10-24T00:00:00Z,BTCTurk,TRY,USDTTRY,1d,41.971,"reported, not observed",graph-api.btcturk.com/v1/klines/history;api.btcturk.com/api/v2/ohlc
2025-10-25T00:00:00Z,BTCTurk,TRY,USDTTRY,1d,42.004,"reported, not observed",graph-api.btcturk.com/v1/klines/history;api.btcturk.com/api/v2/ohlc
2025-10-26T00:00:00Z,BTCTurk,TRY,USDTTRY,1d,41.931,"reported, not observed",graph-api.btcturk.com/v1/klines/history;api.btcturk.com/api/v2/ohlc
2025-10-27T00:00:00Z,BTCTurk,TRY,USDTTRY,1d,41.962,"reported, not observed",graph-api.btcturk.com/v1/klines/history;api.btcturk.com/api/v2/ohlc
2025-10-28T00:00:00Z,BTCTurk,TRY,USDTTRY,1d,42.088,"reported, not observed",graph-api.btcturk.com/v1/klines/history;api.btcturk.com/api/v2/ohlc
2025-10-29T00:00:00Z,BTCTurk,TRY,USDTTRY,1d,41.972,"reported, not observed",graph-api.btcturk.com/v1/klines/history;api.btcturk.com/api/v2/ohlc
2025-10-30T00:00:00Z,BTCTurk,TRY,USDTTRY,1d,42.084,"reported, not observed",graph-api.btcturk.com/v1/klines/history;api.btcturk.com/api/v2/ohlc
2025-10-31T00:00:00Z,BTCTurk,TRY,USDTTRY,1d,42.068,"reported, not observed",graph-api.btcturk.com/v1/klines/history;api.btcturk.com/api/v2/ohlc
2025-11-01T00:00:00Z,BTCTurk,TRY,USDTTRY,1d,42.053,"reported, not observed",graph-api.btcturk.com/v1/klines/history;api.btcturk.com/api/v2/ohlc
2025-11-02T00:00:00Z,BTCTurk,TRY,USDTTRY,1d,42.014,"reported, not observed",graph-api.btcturk.com/v1/klines/history;api.btcturk.com/api/v2/ohlc
2025-11-03T00:00:00Z,BTCTurk,TRY,USDTTRY,1d,42.105,"reported, not observed",graph-api.btcturk.com/v1/klines/history;api.btcturk.com/api/v2/ohlc
2025-11-04T00:00:00Z,BTCTurk,TRY,USDTTRY,1d,42.126,"reported, not observed",graph-api.btcturk.com/v1/klines/history;api.btcturk.com/api/v2/ohlc
2025-11-05T00:00:00Z,BTCTurk,TRY,USDTTRY,1d,42.101,"reported, not observed",graph-api.btcturk.com/v1/klines/history;api.btcturk.com/api/v2/ohlc
2025-11-06T00:00:00Z,BTCTurk,TRY,USDTTRY,1d,42.15,"reported, not observed",graph-api.btcturk.com/v1/klines/history;api.btcturk.com/api/v2/ohlc
2025-11-07T00:00:00Z,BTCTurk,TRY,USDTTRY,1d,41.827,"reported, not observed",graph-api.btcturk.com/v1/klines/history;api.btcturk.com/api/v2/ohlc
2025-11-08T00:00:00Z,BTCTurk,TRY,USDTTRY,1d,42.241,"reported, not observed",graph-api.btcturk.com/v1/klines/history;api.btcturk.com/api/v2/ohlc
2025-11-09T00:00:00Z,BTCTurk,TRY,USDTTRY,1d,42.24,"reported, not observed",graph-api.btcturk.com/v1/klines/history;api.btcturk.com/api/v2/ohlc
2025-11-10T00:00:00Z,BTCTurk,TRY,USDTTRY,1d,42.201,"reported, not observed",graph-api.btcturk.com/v1/klines/history;api.btcturk.com/api/v2/ohlc
2025-11-11T00:00:00Z,BTCTurk,TRY,USDTTRY,1d,42.294,"reported, not observed",graph-api.btcturk.com/v1/klines/history;api.btcturk.com/api/v2/ohlc
2025-11-12T00:00:00Z,BTCTurk,TRY,USDTTRY,1d,42.298,"reported, not observed",graph-api.btcturk.com/v1/klines/history;api.btcturk.com/api/v2/ohlc
2025-11-13T00:00:00Z,BTCTurk,TRY,USDTTRY,1d,42.349,"reported, not observed",graph-api.btcturk.com/v1/klines/history;api.btcturk.com/api/v2/ohlc
2025-11-14T00:00:00Z,BTCTurk,TRY,USDTTRY,1d,42.562,"reported, not observed",graph-api.btcturk.com/v1/klines/history;api.btcturk.com/api/v2/ohlc
2025-11-15T00:00:00Z,BTCTurk,TRY,USDTTRY,1d,42.472,"reported, not observed",graph-api.btcturk.com/v1/klines/history;api.btcturk.com/api/v2/ohlc
2025-11-16T00:00:00Z,BTCTurk,TRY,USDTTRY,1d,42.468,"reported, not observed",graph-api.btcturk.com/v1/klines/history;api.btcturk.com/api/v2/ohlc
2025-11-17T00:00:00Z,BTCTurk,TRY,USDTTRY,1d,42.382,"reported, not observed",graph-api.btcturk.com/v1/klines/history;api.btcturk.com/api/v2/ohlc
2025-11-18T00:00:00Z,BTCTurk,TRY,USDTTRY,1d,42.331,"reported, not observed",graph-api.btcturk.com/v1/klines/history;api.btcturk.com/api/v2/ohlc
2025-11-19T00:00:00Z,BTCTurk,TRY,USDTTRY,1d,42.349,"reported, not observed",graph-api.btcturk.com/v1/klines/history;api.btcturk.com/api/v2/ohlc
2025-11-20T00:00:00Z,BTCTurk,TRY,USDTTRY,1d,42.418,"reported, not observed",graph-api.btcturk.com/v1/klines/history;api.btcturk.com/api/v2/ohlc
2025-11-21T00:00:00Z,BTCTurk,TRY,USDTTRY,1d,42.576,"reported, not observed",graph-api.btcturk.com/v1/klines/history;api.btcturk.com/api/v2/ohlc
2025-11-22T00:00:00Z,BTCTurk,TRY,USDTTRY,1d,42.565,"reported, not observed",graph-api.btcturk.com/v1/klines/history;api.btcturk.com/api/v2/ohlc
2025-11-23T00:00:00Z,BTCTurk,TRY,USDTTRY,1d,42.477,"reported, not observed",graph-api.btcturk.com/v1/klines/history;api.btcturk.com/api/v2/ohlc
2025-11-24T00:00:00Z,BTCTurk,TRY,USDTTRY,1d,42.387,"reported, not observed",graph-api.btcturk.com/v1/klines/history;api.btcturk.com/api/v2/ohlc
2025-11-25T00:00:00Z,BTCTurk,TRY,USDTTRY,1d,42.352,"reported, not observed",graph-api.btcturk.com/v1/klines/history;api.btcturk.com/api/v2/ohlc
2025-11-26T00:00:00Z,BTCTurk,TRY,USDTTRY,1d,42.335,"reported, not observed",graph-api.btcturk.com/v1/klines/history;api.btcturk.com/api/v2/ohlc
2025-11-27T00:00:00Z,BTCTurk,TRY,USDTTRY,1d,42.4,"reported, not observed",graph-api.btcturk.com/v1/klines/history;api.btcturk.com/api/v2/ohlc
2025-11-28T00:00:00Z,BTCTurk,TRY,USDTTRY,1d,42.496,"reported, not observed",graph-api.btcturk.com/v1/klines/history;api.btcturk.com/api/v2/ohlc
2025-11-29T00:00:00Z,BTCTurk,TRY,USDTTRY,1d,42.501,"reported, not observed",graph-api.btcturk.com/v1/klines/history;api.btcturk.com/api/v2/ohlc
2025-11-30T00:00:00Z,BTCTurk,TRY,USDTTRY,1d,42.491,"reported, not observed",graph-api.btcturk.com/v1/klines/history;api.btcturk.com/api/v2/ohlc
2025-12-01T00:00:00Z,BTCTurk,TRY,USDTTRY,1d,42.449,"reported, not observed",graph-api.btcturk.com/v1/klines/history;api.btcturk.com/api/v2/ohlc
2025-12-02T00:00:00Z,BTCTurk,TRY,USDTTRY,1d,42.276,"reported, not observed",graph-api.btcturk.com/v1/klines/history;api.btcturk.com/api/v2/ohlc
2025-12-03T00:00:00Z,BTCTurk,TRY,USDTTRY,1d,42.351,"reported, not observed",graph-api.btcturk.com/v1/klines/history;api.btcturk.com/api/v2/ohlc
2025-12-04T00:00:00Z,BTCTurk,TRY,USDTTRY,1d,42.456,"reported, not observed",graph-api.btcturk.com/v1/klines/history;api.btcturk.com/api/v2/ohlc
2025-12-05T00:00:00Z,BTCTurk,TRY,USDTTRY,1d,42.583,"reported, not observed",graph-api.btcturk.com/v1/klines/history;api.btcturk.com/api/v2/ohlc
2025-12-06T00:00:00Z,BTCTurk,TRY,USDTTRY,1d,42.576,"reported, not observed",graph-api.btcturk.com/v1/klines/history;api.btcturk.com/api/v2/ohlc
2025-12-07T00:00:00Z,BTCTurk,TRY,USDTTRY,1d,42.559,"reported, not observed",graph-api.btcturk.com/v1/klines/history;api.btcturk.com/api/v2/ohlc
2025-12-08T00:00:00Z,BTCTurk,TRY,USDTTRY,1d,42.517,"reported, not observed",graph-api.btcturk.com/v1/klines/history;api.btcturk.com/api/v2/ohlc
2025-12-09T00:00:00Z,BTCTurk,TRY,USDTTRY,1d,42.426,"reported, not observed",graph-api.btcturk.com/v1/klines/history;api.btcturk.com/api/v2/ohlc
2025-12-10T00:00:00Z,BTCTurk,TRY,USDTTRY,1d,42.59,"reported, not observed",graph-api.btcturk.com/v1/klines/history;api.btcturk.com/api/v2/ohlc
2025-12-11T00:00:00Z,BTCTurk,TRY,USDTTRY,1d,42.601,"reported, not observed",graph-api.btcturk.com/v1/klines/history;api.btcturk.com/api/v2/ohlc
2025-12-12T00:00:00Z,BTCTurk,TRY,USDTTRY,1d,42.731,"reported, not observed",graph-api.btcturk.com/v1/klines/history;api.btcturk.com/api/v2/ohlc
2025-12-13T00:00:00Z,BTCTurk,TRY,USDTTRY,1d,42.689,"reported, not observed",graph-api.btcturk.com/v1/klines/history;api.btcturk.com/api/v2/ohlc
2025-12-14T00:00:00Z,BTCTurk,TRY,USDTTRY,1d,42.738,"reported, not observed",graph-api.btcturk.com/v1/klines/history;api.btcturk.com/api/v2/ohlc
2025-12-15T00:00:00Z,BTCTurk,TRY,USDTTRY,1d,42.748,"reported, not observed",graph-api.btcturk.com/v1/klines/history;api.btcturk.com/api/v2/ohlc
2025-12-16T00:00:00Z,BTCTurk,TRY,USDTTRY,1d,42.718,"reported, not observed",graph-api.btcturk.com/v1/klines/history;api.btcturk.com/api/v2/ohlc
2025-12-17T00:00:00Z,BTCTurk,TRY,USDTTRY,1d,42.761,"reported, not observed",graph-api.btcturk.com/v1/klines/history;api.btcturk.com/api/v2/ohlc
2025-12-18T00:00:00Z,BTCTurk,TRY,USDTTRY,1d,42.75,"reported, not observed",graph-api.btcturk.com/v1/klines/history;api.btcturk.com/api/v2/ohlc
2025-12-19T00:00:00Z,BTCTurk,TRY,USDTTRY,1d,42.713,"reported, not observed",graph-api.btcturk.com/v1/klines/history;api.btcturk.com/api/v2/ohlc
2025-12-20T00:00:00Z,BTCTurk,TRY,USDTTRY,1d,42.755,"reported, not observed",graph-api.btcturk.com/v1/klines/history;api.btcturk.com/api/v2/ohlc
2025-12-21T00:00:00Z,BTCTurk,TRY,USDTTRY,1d,42.751,"reported, not observed",graph-api.btcturk.com/v1/klines/history;api.btcturk.com/api/v2/ohlc
2025-12-22T00:00:00Z,BTCTurk,TRY,USDTTRY,1d,42.794,"reported, not observed",graph-api.btcturk.com/v1/klines/history;api.btcturk.com/api/v2/ohlc
2025-12-23T00:00:00Z,BTCTurk,TRY,USDTTRY,1d,42.793,"reported, not observed",graph-api.btcturk.com/v1/klines/history;api.btcturk.com/api/v2/ohlc
2025-12-24T00:00:00Z,BTCTurk,TRY,USDTTRY,1d,42.794,"reported, not observed",graph-api.btcturk.com/v1/klines/history;api.btcturk.com/api/v2/ohlc
2025-12-25T00:00:00Z,BTCTurk,TRY,USDTTRY,1d,42.837,"reported, not observed",graph-api.btcturk.com/v1/klines/history;api.btcturk.com/api/v2/ohlc
2025-12-26T00:00:00Z,BTCTurk,TRY,USDTTRY,1d,42.905,"reported, not observed",graph-api.btcturk.com/v1/klines/history;api.btcturk.com/api/v2/ohlc
2025-12-27T00:00:00Z,BTCTurk,TRY,USDTTRY,1d,42.894,"reported, not observed",graph-api.btcturk.com/v1/klines/history;api.btcturk.com/api/v2/ohlc
2025-12-28T00:00:00Z,BTCTurk,TRY,USDTTRY,1d,42.888,"reported, not observed",graph-api.btcturk.com/v1/klines/history;api.btcturk.com/api/v2/ohlc
2025-12-29T00:00:00Z,BTCTurk,TRY,USDTTRY,1d,42.919,"reported, not observed",graph-api.btcturk.com/v1/klines/history;api.btcturk.com/api/v2/ohlc
2025-12-30T00:00:00Z,BTCTurk,TRY,USDTTRY,1d,42.927,"reported, not observed",graph-api.btcturk.com/v1/klines/history;api.btcturk.com/api/v2/ohlc
2025-12-31T00:00:00Z,BTCTurk,TRY,USDTTRY,1d,42.943,"reported, not observed",graph-api.btcturk.com/v1/klines/history;api.btcturk.com/api/v2/ohlc
2026-01-01T00:00:00Z,BTCTurk,TRY,USDTTRY,1d,42.901,"reported, not observed",graph-api.btcturk.com/v1/klines/history;api.btcturk.com/api/v2/ohlc
2026-01-02T00:00:00Z,BTCTurk,TRY,USDTTRY,1d,42.829,"reported, not observed",graph-api.btcturk.com/v1/klines/history;api.btcturk.com/api/v2/ohlc
2026-01-03T00:00:00Z,BTCTurk,TRY,USDTTRY,1d,42.922,"reported, not observed",graph-api.btcturk.com/v1/klines/history;api.btcturk.com/api/v2/ohlc
2026-01-04T00:00:00Z,BTCTurk,TRY,USDTTRY,1d,42.943,"reported, not observed",graph-api.btcturk.com/v1/klines/history;api.btcturk.com/api/v2/ohlc
2026-01-05T00:00:00Z,BTCTurk,TRY,USDTTRY,1d,42.918,"reported, not observed",graph-api.btcturk.com/v1/klines/history;api.btcturk.com/api/v2/ohlc
2026-01-06T00:00:00Z,BTCTurk,TRY,USDTTRY,1d,43.031,"reported, not observed",graph-api.btcturk.com/v1/klines/history;api.btcturk.com/api/v2/ohlc
2026-01-07T00:00:00Z,BTCTurk,TRY,USDTTRY,1d,43.039,"reported, not observed",graph-api.btcturk.com/v1/klines/history;api.btcturk.com/api/v2/ohlc
2026-01-08T00:00:00Z,BTCTurk,TRY,USDTTRY,1d,43.041,"reported, not observed",graph-api.btcturk.com/v1/klines/history;api.btcturk.com/api/v2/ohlc
2026-01-09T00:00:00Z,BTCTurk,TRY,USDTTRY,1d,43.117,"reported, not observed",graph-api.btcturk.com/v1/klines/history;api.btcturk.com/api/v2/ohlc
2026-01-10T00:00:00Z,BTCTurk,TRY,USDTTRY,1d,43.121,"reported, not observed",graph-api.btcturk.com/v1/klines/history;api.btcturk.com/api/v2/ohlc
2026-01-11T00:00:00Z,BTCTurk,TRY,USDTTRY,1d,43.12,"reported, not observed",graph-api.btcturk.com/v1/klines/history;api.btcturk.com/api/v2/ohlc
2026-01-12T00:00:00Z,BTCTurk,TRY,USDTTRY,1d,43.105,"reported, not observed",graph-api.btcturk.com/v1/klines/history;api.btcturk.com/api/v2/ohlc
2026-01-13T00:00:00Z,BTCTurk,TRY,USDTTRY,1d,42.866,"reported, not observed",graph-api.btcturk.com/v1/klines/history;api.btcturk.com/api/v2/ohlc
2026-01-14T00:00:00Z,BTCTurk,TRY,USDTTRY,1d,43.098,"reported, not observed",graph-api.btcturk.com/v1/klines/history;api.btcturk.com/api/v2/ohlc
2026-01-15T00:00:00Z,BTCTurk,TRY,USDTTRY,1d,43.189,"reported, not observed",graph-api.btcturk.com/v1/klines/history;api.btcturk.com/api/v2/ohlc
2026-01-16T00:00:00Z,BTCTurk,TRY,USDTTRY,1d,43.292,"reported, not observed",graph-api.btcturk.com/v1/klines/history;api.btcturk.com/api/v2/ohlc
2026-01-17T00:00:00Z,BTCTurk,TRY,USDTTRY,1d,43.323,"reported, not observed",graph-api.btcturk.com/v1/klines/history;api.btcturk.com/api/v2/ohlc
2026-01-18T00:00:00Z,BTCTurk,TRY,USDTTRY,1d,43.36,"reported, not observed",graph-api.btcturk.com/v1/klines/history;api.btcturk.com/api/v2/ohlc
2026-01-19T00:00:00Z,BTCTurk,TRY,USDTTRY,1d,43.342,"reported, not observed",graph-api.btcturk.com/v1/klines/history;api.btcturk.com/api/v2/ohlc
2026-01-20T00:00:00Z,BTCTurk,TRY,USDTTRY,1d,43.306,"reported, not observed",graph-api.btcturk.com/v1/klines/history;api.btcturk.com/api/v2/ohlc
2026-01-21T00:00:00Z,BTCTurk,TRY,USDTTRY,1d,43.28,"reported, not observed",graph-api.btcturk.com/v1/klines/history;api.btcturk.com/api/v2/ohlc
2026-01-22T00:00:00Z,BTCTurk,TRY,USDTTRY,1d,43.299,"reported, not observed",graph-api.btcturk.com/v1/klines/history;api.btcturk.com/api/v2/ohlc
2026-01-23T00:00:00Z,BTCTurk,TRY,USDTTRY,1d,43.37,"reported, not observed",graph-api.btcturk.com/v1/klines/history;api.btcturk.com/api/v2/ohlc
2026-01-24T00:00:00Z,BTCTurk,TRY,USDTTRY,1d,43.359,"reported, not observed",graph-api.btcturk.com/v1/klines/history;api.btcturk.com/api/v2/ohlc
2026-01-25T00:00:00Z,BTCTurk,TRY,USDTTRY,1d,43.404,"reported, not observed",graph-api.btcturk.com/v1/klines/history;api.btcturk.com/api/v2/ohlc
2026-01-26T00:00:00Z,BTCTurk,TRY,USDTTRY,1d,43.299,"reported, not observed",graph-api.btcturk.com/v1/klines/history;api.btcturk.com/api/v2/ohlc
2026-01-27T00:00:00Z,BTCTurk,TRY,USDTTRY,1d,43.289,"reported, not observed",graph-api.btcturk.com/v1/klines/history;api.btcturk.com/api/v2/ohlc
2026-01-28T00:00:00Z,BTCTurk,TRY,USDTTRY,1d,43.355,"reported, not observed",graph-api.btcturk.com/v1/klines/history;api.btcturk.com/api/v2/ohlc
2026-01-29T00:00:00Z,BTCTurk,TRY,USDTTRY,1d,43.434,"reported, not observed",graph-api.btcturk.com/v1/klines/history;api.btcturk.com/api/v2/ohlc
2026-01-30T00:00:00Z,BTCTurk,TRY,USDTTRY,1d,43.537,"reported, not observed",graph-api.btcturk.com/v1/klines/history;api.btcturk.com/api/v2/ohlc
2026-01-31T00:00:00Z,BTCTurk,TRY,USDTTRY,1d,43.748,"reported, not observed",graph-api.btcturk.com/v1/klines/history;api.btcturk.com/api/v2/ohlc
2026-02-01T00:00:00Z,BTCTurk,TRY,USDTTRY,1d,43.737,"reported, not observed",graph-api.btcturk.com/v1/klines/history;api.btcturk.com/api/v2/ohlc
2026-02-02T00:00:00Z,BTCTurk,TRY,USDTTRY,1d,43.51,"reported, not observed",graph-api.btcturk.com/v1/klines/history;api.btcturk.com/api/v2/ohlc
2026-02-03T00:00:00Z,BTCTurk,TRY,USDTTRY,1d,43.49,"reported, not observed",graph-api.btcturk.com/v1/klines/history;api.btcturk.com/api/v2/ohlc
2026-02-04T00:00:00Z,BTCTurk,TRY,USDTTRY,1d,43.476,"reported, not observed",graph-api.btcturk.com/v1/klines/history;api.btcturk.com/api/v2/ohlc
2026-02-05T00:00:00Z,BTCTurk,TRY,USDTTRY,1d,43.598,"reported, not observed",graph-api.btcturk.com/v1/klines/history;api.btcturk.com/api/v2/ohlc
2026-02-06T00:00:00Z,BTCTurk,TRY,USDTTRY,1d,43.648,"reported, not observed",graph-api.btcturk.com/v1/klines/history;api.btcturk.com/api/v2/ohlc
2026-02-07T00:00:00Z,BTCTurk,TRY,USDTTRY,1d,43.623,"reported, not observed",graph-api.btcturk.com/v1/klines/history;api.btcturk.com/api/v2/ohlc
2026-02-08T00:00:00Z,BTCTurk,TRY,USDTTRY,1d,43.659,"reported, not observed",graph-api.btcturk.com/v1/klines/history;api.btcturk.com/api/v2/ohlc
2026-02-09T00:00:00Z,BTCTurk,TRY,USDTTRY,1d,43.538,"reported, not observed",graph-api.btcturk.com/v1/klines/history;api.btcturk.com/api/v2/ohlc
2026-02-10T00:00:00Z,BTCTurk,TRY,USDTTRY,1d,43.638,"reported, not observed",graph-api.btcturk.com/v1/klines/history;api.btcturk.com/api/v2/ohlc
2026-02-11T00:00:00Z,BTCTurk,TRY,USDTTRY,1d,43.644,"reported, not observed",graph-api.btcturk.com/v1/klines/history;api.btcturk.com/api/v2/ohlc
2026-02-12T00:00:00Z,BTCTurk,TRY,USDTTRY,1d,43.645,"reported, not observed",graph-api.btcturk.com/v1/klines/history;api.btcturk.com/api/v2/ohlc
2026-02-13T00:00:00Z,BTCTurk,TRY,USDTTRY,1d,43.559,"reported, not observed",graph-api.btcturk.com/v1/klines/history;api.btcturk.com/api/v2/ohlc
2026-02-14T00:00:00Z,BTCTurk,TRY,USDTTRY,1d,43.511,"reported, not observed",graph-api.btcturk.com/v1/klines/history;api.btcturk.com/api/v2/ohlc
2026-02-15T00:00:00Z,BTCTurk,TRY,USDTTRY,1d,43.692,"reported, not observed",graph-api.btcturk.com/v1/klines/history;api.btcturk.com/api/v2/ohlc
2026-02-16T00:00:00Z,BTCTurk,TRY,USDTTRY,1d,43.687,"reported, not observed",graph-api.btcturk.com/v1/klines/history;api.btcturk.com/api/v2/ohlc
2026-02-17T00:00:00Z,BTCTurk,TRY,USDTTRY,1d,43.722,"reported, not observed",graph-api.btcturk.com/v1/klines/history;api.btcturk.com/api/v2/ohlc
2026-02-18T00:00:00Z,BTCTurk,TRY,USDTTRY,1d,43.782,"reported, not observed",graph-api.btcturk.com/v1/klines/history;api.btcturk.com/api/v2/ohlc
2026-02-19T00:00:00Z,BTCTurk,TRY,USDTTRY,1d,43.772,"reported, not observed",graph-api.btcturk.com/v1/klines/history;api.btcturk.com/api/v2/ohlc
2026-02-20T00:00:00Z,BTCTurk,TRY,USDTTRY,1d,43.78,"reported, not observed",graph-api.btcturk.com/v1/klines/history;api.btcturk.com/api/v2/ohlc
2026-02-21T00:00:00Z,BTCTurk,TRY,USDTTRY,1d,43.766,"reported, not observed",graph-api.btcturk.com/v1/klines/history;api.btcturk.com/api/v2/ohlc
2026-02-22T00:00:00Z,BTCTurk,TRY,USDTTRY,1d,43.83,"reported, not observed",graph-api.btcturk.com/v1/klines/history;api.btcturk.com/api/v2/ohlc
2026-02-23T00:00:00Z,BTCTurk,TRY,USDTTRY,1d,43.859,"reported, not observed",graph-api.btcturk.com/v1/klines/history;api.btcturk.com/api/v2/ohlc
2026-02-24T00:00:00Z,BTCTurk,TRY,USDTTRY,1d,43.864,"reported, not observed",graph-api.btcturk.com/v1/klines/history;api.btcturk.com/api/v2/ohlc
2026-02-25T00:00:00Z,BTCTurk,TRY,USDTTRY,1d,43.576,"reported, not observed",graph-api.btcturk.com/v1/klines/history;api.btcturk.com/api/v2/ohlc
2026-02-26T00:00:00Z,BTCTurk,TRY,USDTTRY,1d,43.881,"reported, not observed",graph-api.btcturk.com/v1/klines/history;api.btcturk.com/api/v2/ohlc
2026-02-27T00:00:00Z,BTCTurk,TRY,USDTTRY,1d,43.979,"reported, not observed",graph-api.btcturk.com/v1/klines/history;api.btcturk.com/api/v2/ohlc
2026-02-28T00:00:00Z,BTCTurk,TRY,USDTTRY,1d,43.943,"reported, not observed",graph-api.btcturk.com/v1/klines/history;api.btcturk.com/api/v2/ohlc
2026-03-01T00:00:00Z,BTCTurk,TRY,USDTTRY,1d,44.032,"reported, not observed",graph-api.btcturk.com/v1/klines/history;api.btcturk.com/api/v2/ohlc
2026-03-02T00:00:00Z,BTCTurk,TRY,USDTTRY,1d,43.868,"reported, not observed",graph-api.btcturk.com/v1/klines/history;api.btcturk.com/api/v2/ohlc
2026-03-03T00:00:00Z,BTCTurk,TRY,USDTTRY,1d,43.958,"reported, not observed",graph-api.btcturk.com/v1/klines/history;api.btcturk.com/api/v2/ohlc
2026-03-04T00:00:00Z,BTCTurk,TRY,USDTTRY,1d,43.791,"reported, not observed",graph-api.btcturk.com/v1/klines/history;api.btcturk.com/api/v2/ohlc
2026-03-05T00:00:00Z,BTCTurk,TRY,USDTTRY,1d,43.989,"reported, not observed",graph-api.btcturk.com/v1/klines/history;api.btcturk.com/api/v2/ohlc
2026-03-06T00:00:00Z,BTCTurk,TRY,USDTTRY,1d,44.142,"reported, not observed",graph-api.btcturk.com/v1/klines/history;api.btcturk.com/api/v2/ohlc
2026-03-07T00:00:00Z,BTCTurk,TRY,USDTTRY,1d,44.152,"reported, not observed",graph-api.btcturk.com/v1/klines/history;api.btcturk.com/api/v2/ohlc
2026-03-08T00:00:00Z,BTCTurk,TRY,USDTTRY,1d,44.168,"reported, not observed",graph-api.btcturk.com/v1/klines/history;api.btcturk.com/api/v2/ohlc
2026-03-09T00:00:00Z,BTCTurk,TRY,USDTTRY,1d,44.025,"reported, not observed",graph-api.btcturk.com/v1/klines/history;api.btcturk.com/api/v2/ohlc
2026-03-10T00:00:00Z,BTCTurk,TRY,USDTTRY,1d,44.062,"reported, not observed",graph-api.btcturk.com/v1/klines/history;api.btcturk.com/api/v2/ohlc
2026-03-11T00:00:00Z,BTCTurk,TRY,USDTTRY,1d,44.074,"reported, not observed",graph-api.btcturk.com/v1/klines/history;api.btcturk.com/api/v2/ohlc
2026-03-12T00:00:00Z,BTCTurk,TRY,USDTTRY,1d,44.084,"reported, not observed",graph-api.btcturk.com/v1/klines/history;api.btcturk.com/api/v2/ohlc
2026-03-13T00:00:00Z,BTCTurk,TRY,USDTTRY,1d,44.218,"reported, not observed",graph-api.btcturk.com/v1/klines/history;api.btcturk.com/api/v2/ohlc
2026-03-14T00:00:00Z,BTCTurk,TRY,USDTTRY,1d,44.251,"reported, not observed",graph-api.btcturk.com/v1/klines/history;api.btcturk.com/api/v2/ohlc
2026-03-15T00:00:00Z,BTCTurk,TRY,USDTTRY,1d,44.186,"reported, not observed",graph-api.btcturk.com/v1/klines/history;api.btcturk.com/api/v2/ohlc
2026-03-16T00:00:00Z,BTCTurk,TRY,USDTTRY,1d,44.156,"reported, not observed",graph-api.btcturk.com/v1/klines/history;api.btcturk.com/api/v2/ohlc
2026-03-17T00:00:00Z,BTCTurk,TRY,USDTTRY,1d,44.205,"reported, not observed",graph-api.btcturk.com/v1/klines/history;api.btcturk.com/api/v2/ohlc
2026-03-18T00:00:00Z,BTCTurk,TRY,USDTTRY,1d,44.265,"reported, not observed",graph-api.btcturk.com/v1/klines/history;api.btcturk.com/api/v2/ohlc
2026-03-19T00:00:00Z,BTCTurk,TRY,USDTTRY,1d,44.424,"reported, not observed",graph-api.btcturk.com/v1/klines/history;api.btcturk.com/api/v2/ohlc
2026-03-20T00:00:00Z,BTCTurk,TRY,USDTTRY,1d,44.4,"reported, not observed",graph-api.btcturk.com/v1/klines/history;api.btcturk.com/api/v2/ohlc
2026-03-21T00:00:00Z,BTCTurk,TRY,USDTTRY,1d,44.403,"reported, not observed",graph-api.btcturk.com/v1/klines/history;api.btcturk.com/api/v2/ohlc
2026-03-22T00:00:00Z,BTCTurk,TRY,USDTTRY,1d,44.433,"reported, not observed",graph-api.btcturk.com/v1/klines/history;api.btcturk.com/api/v2/ohlc
2026-03-23T00:00:00Z,BTCTurk,TRY,USDTTRY,1d,44.291,"reported, not observed",graph-api.btcturk.com/v1/klines/history;api.btcturk.com/api/v2/ohlc
2026-03-24T00:00:00Z,BTCTurk,TRY,USDTTRY,1d,44.319,"reported, not observed",graph-api.btcturk.com/v1/klines/history;api.btcturk.com/api/v2/ohlc
2026-03-25T00:00:00Z,BTCTurk,TRY,USDTTRY,1d,44.304,"reported, not observed",graph-api.btcturk.com/v1/klines/history;api.btcturk.com/api/v2/ohlc
2026-03-26T00:00:00Z,BTCTurk,TRY,USDTTRY,1d,44.379,"reported, not observed",graph-api.btcturk.com/v1/klines/history;api.btcturk.com/api/v2/ohlc
2026-03-27T00:00:00Z,BTCTurk,TRY,USDTTRY,1d,44.499,"reported, not observed",graph-api.btcturk.com/v1/klines/history;api.btcturk.com/api/v2/ohlc
2026-03-28T00:00:00Z,BTCTurk,TRY,USDTTRY,1d,44.485,"reported, not observed",graph-api.btcturk.com/v1/klines/history;api.btcturk.com/api/v2/ohlc
2026-03-29T00:00:00Z,BTCTurk,TRY,USDTTRY,1d,44.466,"reported, not observed",graph-api.btcturk.com/v1/klines/history;api.btcturk.com/api/v2/ohlc
2026-03-30T00:00:00Z,BTCTurk,TRY,USDTTRY,1d,44.413,"reported, not observed",graph-api.btcturk.com/v1/klines/history;api.btcturk.com/api/v2/ohlc
2026-03-31T00:00:00Z,BTCTurk,TRY,USDTTRY,1d,44.412,"reported, not observed",graph-api.btcturk.com/v1/klines/history;api.btcturk.com/api/v2/ohlc
2026-04-01T00:00:00Z,BTCTurk,TRY,USDTTRY,1d,44.432,"reported, not observed",graph-api.btcturk.com/v1/klines/history;api.btcturk.com/api/v2/ohlc
2026-04-02T00:00:00Z,BTCTurk,TRY,USDTTRY,1d,44.49,"reported, not observed",graph-api.btcturk.com/v1/klines/history;api.btcturk.com/api/v2/ohlc
2026-04-03T00:00:00Z,BTCTurk,TRY,USDTTRY,1d,44.538,"reported, not observed",graph-api.btcturk.com/v1/klines/history;api.btcturk.com/api/v2/ohlc
2026-04-04T00:00:00Z,BTCTurk,TRY,USDTTRY,1d,44.512,"reported, not observed",graph-api.btcturk.com/v1/klines/history;api.btcturk.com/api/v2/ohlc
2026-04-05T00:00:00Z,BTCTurk,TRY,USDTTRY,1d,44.566,"reported, not observed",graph-api.btcturk.com/v1/klines/history;api.btcturk.com/api/v2/ohlc
2026-04-06T00:00:00Z,BTCTurk,TRY,USDTTRY,1d,44.549,"reported, not observed",graph-api.btcturk.com/v1/klines/history;api.btcturk.com/api/v2/ohlc
2026-04-07T00:00:00Z,BTCTurk,TRY,USDTTRY,1d,44.48,"reported, not observed",graph-api.btcturk.com/v1/klines/history;api.btcturk.com/api/v2/ohlc
2026-04-08T00:00:00Z,BTCTurk,TRY,USDTTRY,1d,44.493,"reported, not observed",graph-api.btcturk.com/v1/klines/history;api.btcturk.com/api/v2/ohlc
2026-04-09T00:00:00Z,BTCTurk,TRY,USDTTRY,1d,44.546,"reported, not observed",graph-api.btcturk.com/v1/klines/history;api.btcturk.com/api/v2/ohlc
2026-04-10T00:00:00Z,BTCTurk,TRY,USDTTRY,1d,44.62,"reported, not observed",graph-api.btcturk.com/v1/klines/history;api.btcturk.com/api/v2/ohlc
2026-04-11T00:00:00Z,BTCTurk,TRY,USDTTRY,1d,44.658,"reported, not observed",graph-api.btcturk.com/v1/klines/history;api.btcturk.com/api/v2/ohlc
2026-04-12T00:00:00Z,BTCTurk,TRY,USDTTRY,1d,44.703,"reported, not observed",graph-api.btcturk.com/v1/klines/history;api.btcturk.com/api/v2/ohlc
2026-04-13T00:00:00Z,BTCTurk,TRY,USDTTRY,1d,44.578,"reported, not observed",graph-api.btcturk.com/v1/klines/history;api.btcturk.com/api/v2/ohlc
2026-04-14T00:00:00Z,BTCTurk,TRY,USDTTRY,1d,44.747,"reported, not observed",graph-api.btcturk.com/v1/klines/history;api.btcturk.com/api/v2/ohlc
2026-04-15T00:00:00Z,BTCTurk,TRY,USDTTRY,1d,44.713,"reported, not observed",graph-api.btcturk.com/v1/klines/history;api.btcturk.com/api/v2/ohlc
2026-04-16T00:00:00Z,BTCTurk,TRY,USDTTRY,1d,44.7,"reported, not observed",graph-api.btcturk.com/v1/klines/history;api.btcturk.com/api/v2/ohlc
2026-04-17T00:00:00Z,BTCTurk,TRY,USDTTRY,1d,44.882,"reported, not observed",graph-api.btcturk.com/v1/klines/history;api.btcturk.com/api/v2/ohlc
2026-04-18T00:00:00Z,BTCTurk,TRY,USDTTRY,1d,44.885,"reported, not observed",graph-api.btcturk.com/v1/klines/history;api.btcturk.com/api/v2/ohlc
2026-04-19T00:00:00Z,BTCTurk,TRY,USDTTRY,1d,44.953,"reported, not observed",graph-api.btcturk.com/v1/klines/history;api.btcturk.com/api/v2/ohlc
2026-04-20T00:00:00Z,BTCTurk,TRY,USDTTRY,1d,44.9,"reported, not observed",graph-api.btcturk.com/v1/klines/history;api.btcturk.com/api/v2/ohlc
2026-04-21T00:00:00Z,BTCTurk,TRY,USDTTRY,1d,44.888,"reported, not observed",graph-api.btcturk.com/v1/klines/history;api.btcturk.com/api/v2/ohlc
2026-04-22T00:00:00Z,BTCTurk,TRY,USDTTRY,1d,44.958,"reported, not observed",graph-api.btcturk.com/v1/klines/history;api.btcturk.com/api/v2/ohlc
2026-04-23T00:00:00Z,BTCTurk,TRY,USDTTRY,1d,44.93,"reported, not observed",graph-api.btcturk.com/v1/klines/history;api.btcturk.com/api/v2/ohlc
2026-04-24T00:00:00Z,BTCTurk,TRY,USDTTRY,1d,44.991,"reported, not observed",graph-api.btcturk.com/v1/klines/history;api.btcturk.com/api/v2/ohlc
2026-04-25T00:00:00Z,BTCTurk,TRY,USDTTRY,1d,45.031,"reported, not observed",graph-api.btcturk.com/v1/klines/history;api.btcturk.com/api/v2/ohlc
2026-04-26T00:00:00Z,BTCTurk,TRY,USDTTRY,1d,44.998,"reported, not observed",graph-api.btcturk.com/v1/klines/history;api.btcturk.com/api/v2/ohlc
2026-04-27T00:00:00Z,BTCTurk,TRY,USDTTRY,1d,45.041,"reported, not observed",graph-api.btcturk.com/v1/klines/history;api.btcturk.com/api/v2/ohlc
2026-04-28T00:00:00Z,BTCTurk,TRY,USDTTRY,1d,45.047,"reported, not observed",graph-api.btcturk.com/v1/klines/history;api.btcturk.com/api/v2/ohlc
2026-04-29T00:00:00Z,BTCTurk,TRY,USDTTRY,1d,45.102,"reported, not observed",graph-api.btcturk.com/v1/klines/history;api.btcturk.com/api/v2/ohlc
2026-04-30T00:00:00Z,BTCTurk,TRY,USDTTRY,1d,45.135,"reported, not observed",graph-api.btcturk.com/v1/klines/history;api.btcturk.com/api/v2/ohlc
2026-05-01T00:00:00Z,BTCTurk,TRY,USDTTRY,1d,45.178,"reported, not observed",graph-api.btcturk.com/v1/klines/history;api.btcturk.com/api/v2/ohlc
2026-05-02T00:00:00Z,BTCTurk,TRY,USDTTRY,1d,45.165,"reported, not observed",graph-api.btcturk.com/v1/klines/history;api.btcturk.com/api/v2/ohlc
2026-05-03T00:00:00Z,BTCTurk,TRY,USDTTRY,1d,45.169,"reported, not observed",graph-api.btcturk.com/v1/klines/history;api.btcturk.com/api/v2/ohlc
2026-05-04T00:00:00Z,BTCTurk,TRY,USDTTRY,1d,45.179,"reported, not observed",graph-api.btcturk.com/v1/klines/history;api.btcturk.com/api/v2/ohlc
2026-05-05T00:00:00Z,BTCTurk,TRY,USDTTRY,1d,45.197,"reported, not observed",graph-api.btcturk.com/v1/klines/history;api.btcturk.com/api/v2/ohlc
2026-05-06T00:00:00Z,BTCTurk,TRY,USDTTRY,1d,45.197,"reported, not observed",graph-api.btcturk.com/v1/klines/history;api.btcturk.com/api/v2/ohlc
2026-05-07T00:00:00Z,BTCTurk,TRY,USDTTRY,1d,45.215,"reported, not observed",graph-api.btcturk.com/v1/klines/history;api.btcturk.com/api/v2/ohlc
2026-05-08T00:00:00Z,BTCTurk,TRY,USDTTRY,1d,45.193,"reported, not observed",graph-api.btcturk.com/v1/klines/history;api.btcturk.com/api/v2/ohlc
2026-05-09T00:00:00Z,BTCTurk,TRY,USDTTRY,1d,45.301,"reported, not observed",graph-api.btcturk.com/v1/klines/history;api.btcturk.com/api/v2/ohlc
2026-05-10T00:00:00Z,BTCTurk,TRY,USDTTRY,1d,45.263,"reported, not observed",graph-api.btcturk.com/v1/klines/history;api.btcturk.com/api/v2/ohlc
2026-05-11T00:00:00Z,BTCTurk,TRY,USDTTRY,1d,45.289,"reported, not observed",graph-api.btcturk.com/v1/klines/history;api.btcturk.com/api/v2/ohlc
2026-05-12T00:00:00Z,BTCTurk,TRY,USDTTRY,1d,45.4,"reported, not observed",graph-api.btcturk.com/v1/klines/history;api.btcturk.com/api/v2/ohlc
2026-05-13T00:00:00Z,BTCTurk,TRY,USDTTRY,1d,45.428,"reported, not observed",graph-api.btcturk.com/v1/klines/history;api.btcturk.com/api/v2/ohlc
2026-05-14T00:00:00Z,BTCTurk,TRY,USDTTRY,1d,45.415,"reported, not observed",graph-api.btcturk.com/v1/klines/history;api.btcturk.com/api/v2/ohlc
2026-05-15T00:00:00Z,BTCTurk,TRY,USDTTRY,1d,45.599,"reported, not observed",graph-api.btcturk.com/v1/klines/history;api.btcturk.com/api/v2/ohlc
2026-05-16T00:00:00Z,BTCTurk,TRY,USDTTRY,1d,45.604,"reported, not observed",graph-api.btcturk.com/v1/klines/history;api.btcturk.com/api/v2/ohlc
2026-05-17T00:00:00Z,BTCTurk,TRY,USDTTRY,1d,45.685,"reported, not observed",graph-api.btcturk.com/v1/klines/history;api.btcturk.com/api/v2/ohlc
2026-05-18T00:00:00Z,BTCTurk,TRY,USDTTRY,1d,45.58,"reported, not observed",graph-api.btcturk.com/v1/klines/history;api.btcturk.com/api/v2/ohlc
2026-05-19T00:00:00Z,BTCTurk,TRY,USDTTRY,1d,45.549,"reported, not observed",graph-api.btcturk.com/v1/klines/history;api.btcturk.com/api/v2/ohlc
2026-05-20T00:00:00Z,BTCTurk,TRY,USDTTRY,1d,45.522,"reported, not observed",graph-api.btcturk.com/v1/klines/history;api.btcturk.com/api/v2/ohlc
2026-05-21T00:00:00Z,BTCTurk,TRY,USDTTRY,1d,45.568,"reported, not observed",graph-api.btcturk.com/v1/klines/history;api.btcturk.com/api/v2/ohlc
2026-05-22T00:00:00Z,BTCTurk,TRY,USDTTRY,1d,45.797,"reported, not observed",graph-api.btcturk.com/v1/klines/history;api.btcturk.com/api/v2/ohlc
2026-05-23T00:00:00Z,BTCTurk,TRY,USDTTRY,1d,45.721,"reported, not observed",graph-api.btcturk.com/v1/klines/history;api.btcturk.com/api/v2/ohlc
2026-05-24T00:00:00Z,BTCTurk,TRY,USDTTRY,1d,45.754,"reported, not observed",graph-api.btcturk.com/v1/klines/history;api.btcturk.com/api/v2/ohlc
2026-05-25T00:00:00Z,BTCTurk,TRY,USDTTRY,1d,45.836,"reported, not observed",graph-api.btcturk.com/v1/klines/history;api.btcturk.com/api/v2/ohlc
2026-05-26T00:00:00Z,BTCTurk,TRY,USDTTRY,1d,45.92,"reported, not observed",graph-api.btcturk.com/v1/klines/history;api.btcturk.com/api/v2/ohlc
2026-05-27T00:00:00Z,BTCTurk,TRY,USDTTRY,1d,45.974,"reported, not observed",graph-api.btcturk.com/v1/klines/history;api.btcturk.com/api/v2/ohlc
2026-05-28T00:00:00Z,BTCTurk,TRY,USDTTRY,1d,46.077,"reported, not observed",graph-api.btcturk.com/v1/klines/history;api.btcturk.com/api/v2/ohlc
2026-05-29T00:00:00Z,BTCTurk,TRY,USDTTRY,1d,46.071,"reported, not observed",graph-api.btcturk.com/v1/klines/history;api.btcturk.com/api/v2/ohlc
2026-05-30T00:00:00Z,BTCTurk,TRY,USDTTRY,1d,46.067,"reported, not observed",graph-api.btcturk.com/v1/klines/history;api.btcturk.com/api/v2/ohlc
2026-05-31T00:00:00Z,BTCTurk,TRY,USDTTRY,1d,45.989,"reported, not observed",graph-api.btcturk.com/v1/klines/history;api.btcturk.com/api/v2/ohlc
2026-06-01T00:00:00Z,BTCTurk,TRY,USDTTRY,1d,45.833,"reported, not observed",graph-api.btcturk.com/v1/klines/history;api.btcturk.com/api/v2/ohlc
2026-06-02T00:00:00Z,BTCTurk,TRY,USDTTRY,1d,46.009,"reported, not observed",graph-api.btcturk.com/v1/klines/history;api.btcturk.com/api/v2/ohlc
2026-06-03T00:00:00Z,BTCTurk,TRY,USDTTRY,1d,45.935,"reported, not observed",graph-api.btcturk.com/v1/klines/history;api.btcturk.com/api/v2/ohlc
2026-06-04T00:00:00Z,BTCTurk,TRY,USDTTRY,1d,46.009,"reported, not observed",graph-api.btcturk.com/v1/klines/history;api.btcturk.com/api/v2/ohlc
2026-06-05T00:00:00Z,BTCTurk,TRY,USDTTRY,1d,46.227,"reported, not observed",graph-api.btcturk.com/v1/klines/history;api.btcturk.com/api/v2/ohlc
2026-06-06T00:00:00Z,BTCTurk,TRY,USDTTRY,1d,46.199,"reported, not observed",graph-api.btcturk.com/v1/klines/history;api.btcturk.com/api/v2/ohlc
2026-06-07T00:00:00Z,BTCTurk,TRY,USDTTRY,1d,46.101,"reported, not observed",graph-api.btcturk.com/v1/klines/history;api.btcturk.com/api/v2/ohlc
2026-06-08T00:00:00Z,BTCTurk,TRY,USDTTRY,1d,46.149,"reported, not observed",graph-api.btcturk.com/v1/klines/history;api.btcturk.com/api/v2/ohlc
2026-06-09T00:00:00Z,BTCTurk,TRY,USDTTRY,1d,46.076,"reported, not observed",graph-api.btcturk.com/v1/klines/history;api.btcturk.com/api/v2/ohlc
2026-06-10T00:00:00Z,BTCTurk,TRY,USDTTRY,1d,46.141,"reported, not observed",graph-api.btcturk.com/v1/klines/history;api.btcturk.com/api/v2/ohlc
2026-06-11T00:00:00Z,BTCTurk,TRY,USDTTRY,1d,46.068,"reported, not observed",graph-api.btcturk.com/v1/klines/history;api.btcturk.com/api/v2/ohlc
2026-06-12T00:00:00Z,BTCTurk,TRY,USDTTRY,1d,46.221,"reported, not observed",graph-api.btcturk.com/v1/klines/history;api.btcturk.com/api/v2/ohlc
2026-06-13T00:00:00Z,BTCTurk,TRY,USDTTRY,1d,46.155,"reported, not observed",graph-api.btcturk.com/v1/klines/history;api.btcturk.com/api/v2/ohlc
2026-06-14T00:00:00Z,BTCTurk,TRY,USDTTRY,1d,46.23,"reported, not observed",graph-api.btcturk.com/v1/klines/history;api.btcturk.com/api/v2/ohlc
2026-06-15T00:00:00Z,BTCTurk,TRY,USDTTRY,1d,46.178,"reported, not observed",graph-api.btcturk.com/v1/klines/history;api.btcturk.com/api/v2/ohlc
2026-06-16T00:00:00Z,BTCTurk,TRY,USDTTRY,1d,46.244,"reported, not observed",graph-api.btcturk.com/v1/klines/history;api.btcturk.com/api/v2/ohlc
2026-06-17T00:00:00Z,BTCTurk,TRY,USDTTRY,1d,46.295,"reported, not observed",graph-api.btcturk.com/v1/klines/history;api.btcturk.com/api/v2/ohlc
2026-06-18T00:00:00Z,BTCTurk,TRY,USDTTRY,1d,46.366,"reported, not observed",graph-api.btcturk.com/v1/klines/history;api.btcturk.com/api/v2/ohlc
2026-06-19T00:00:00Z,BTCTurk,TRY,USDTTRY,1d,46.452,"reported, not observed",graph-api.btcturk.com/v1/klines/history;api.btcturk.com/api/v2/ohlc
2026-06-20T00:00:00Z,BTCTurk,TRY,USDTTRY,1d,46.403,"reported, not observed",graph-api.btcturk.com/v1/klines/history;api.btcturk.com/api/v2/ohlc
2026-06-21T00:00:00Z,BTCTurk,TRY,USDTTRY,1d,46.44,"reported, not observed",graph-api.btcturk.com/v1/klines/history;api.btcturk.com/api/v2/ohlc
2026-06-22T00:00:00Z,BTCTurk,TRY,USDTTRY,1d,46.443,"reported, not observed",graph-api.btcturk.com/v1/klines/history;api.btcturk.com/api/v2/ohlc
2026-06-23T00:00:00Z,BTCTurk,TRY,USDTTRY,1d,46.44,"reported, not observed",graph-api.btcturk.com/v1/klines/history;api.btcturk.com/api/v2/ohlc
2026-06-24T00:00:00Z,BTCTurk,TRY,USDTTRY,1d,46.481,"reported, not observed",graph-api.btcturk.com/v1/klines/history;api.btcturk.com/api/v2/ohlc
2026-06-25T00:00:00Z,BTCTurk,TRY,USDTTRY,1d,46.516,"reported, not observed",graph-api.btcturk.com/v1/klines/history;api.btcturk.com/api/v2/ohlc
2026-06-26T00:00:00Z,BTCTurk,TRY,USDTTRY,1d,46.494,"reported, not observed",graph-api.btcturk.com/v1/klines/history;api.btcturk.com/api/v2/ohlc
2026-06-27T00:00:00Z,BTCTurk,TRY,USDTTRY,1d,46.534,"reported, not observed",graph-api.btcturk.com/v1/klines/history;api.btcturk.com/api/v2/ohlc
2026-06-28T00:00:00Z,BTCTurk,TRY,USDTTRY,1d,46.561,"reported, not observed",graph-api.btcturk.com/v1/klines/history;api.btcturk.com/api/v2/ohlc
2026-06-29T00:00:00Z,BTCTurk,TRY,USDTTRY,1d,46.513,"reported, not observed",graph-api.btcturk.com/v1/klines/history;api.btcturk.com/api/v2/ohlc
2026-06-30T00:00:00Z,BTCTurk,TRY,USDTTRY,1d,46.487,"reported, not observed",graph-api.btcturk.com/v1/klines/history;api.btcturk.com/api/v2/ohlc
2026-07-01T00:00:00Z,BTCTurk,TRY,USDTTRY,1d,46.435,"reported, not observed",graph-api.btcturk.com/v1/klines/history;api.btcturk.com/api/v2/ohlc
2026-07-02T00:00:00Z,BTCTurk,TRY,USDTTRY,1d,46.46,"reported, not observed",graph-api.btcturk.com/v1/klines/history;api.btcturk.com/api/v2/ohlc
2026-07-03T00:00:00Z,BTCTurk,TRY,USDTTRY,1d,46.504,"reported, not observed",graph-api.btcturk.com/v1/klines/history;api.btcturk.com/api/v2/ohlc
2026-07-04T00:00:00Z,BTCTurk,TRY,USDTTRY,1d,46.448,"reported, not observed",graph-api.btcturk.com/v1/klines/history;api.btcturk.com/api/v2/ohlc
2026-07-05T00:00:00Z,BTCTurk,TRY,USDTTRY,1d,46.576,"reported, not observed",graph-api.btcturk.com/v1/klines/history;api.btcturk.com/api/v2/ohlc
2026-07-06T00:00:00Z,BTCTurk,TRY,USDTTRY,1d,46.65,"reported, not observed",graph-api.btcturk.com/v1/klines/history;api.btcturk.com/api/v2/ohlc
2026-07-07T00:00:00Z,BTCTurk,TRY,USDTTRY,1d,46.822,"reported, not observed",graph-api.btcturk.com/v1/klines/history;api.btcturk.com/api/v2/ohlc
2026-07-08T00:00:00Z,BTCTurk,TRY,USDTTRY,1d,46.823,"reported, not observed",graph-api.btcturk.com/v1/klines/history;api.btcturk.com/api/v2/ohlc
2026-07-09T00:00:00Z,BTCTurk,TRY,USDTTRY,1d,46.849,"reported, not observed",graph-api.btcturk.com/v1/klines/history;api.btcturk.com/api/v2/ohlc
2026-07-10T00:00:00Z,BTCTurk,TRY,USDTTRY,1d,46.896,"reported, not observed",graph-api.btcturk.com/v1/klines/history;api.btcturk.com/api/v2/ohlc
2026-07-11T00:00:00Z,BTCTurk,TRY,USDTTRY,1d,46.883,"reported, not observed",graph-api.btcturk.com/v1/klines/history;api.btcturk.com/api/v2/ohlc
2026-07-12T00:00:00Z,BTCTurk,TRY,USDTTRY,1d,46.927,"reported, not observed",graph-api.btcturk.com/v1/klines/history;api.btcturk.com/api/v2/ohlc
2026-07-13T00:00:00Z,BTCTurk,TRY,USDTTRY,1d,46.968,"reported, not observed",graph-api.btcturk.com/v1/klines/history;api.btcturk.com/api/v2/ohlc
2026-07-14T00:00:00Z,BTCTurk,TRY,USDTTRY,1d,46.958,"reported, not observed",graph-api.btcturk.com/v1/klines/history;api.btcturk.com/api/v2/ohlc
2026-07-15T00:00:00Z,BTCTurk,TRY,USDTTRY,1d,46.919,"reported, not observed",graph-api.btcturk.com/v1/klines/history;api.btcturk.com/api/v2/ohlc
2026-07-16T00:00:00Z,BTCTurk,TRY,USDTTRY,1d,46.987,"reported, not observed",graph-api.btcturk.com/v1/klines/history;api.btcturk.com/api/v2/ohlc
2026-07-17T00:00:00Z,BTCTurk,TRY,USDTTRY,1d,47.166,"reported, not observed",graph-api.btcturk.com/v1/klines/history;api.btcturk.com/api/v2/ohlc
2026-07-18T00:00:00Z,BTCTurk,TRY,USDTTRY,1d,47.158,"reported, not observed",graph-api.btcturk.com/v1/klines/history;api.btcturk.com/api/v2/ohlc
2026-07-19T00:00:00Z,BTCTurk,TRY,USDTTRY,1d,47.151,"reported, not observed",graph-api.btcturk.com/v1/klines/history;api.btcturk.com/api/v2/ohlc
2026-07-20T00:00:00Z,BTCTurk,TRY,USDTTRY,1d,47.063,"reported, not observed",graph-api.btcturk.com/v1/klines/history;api.btcturk.com/api/v2/ohlc
2026-07-21T00:00:00Z,BTCTurk,TRY,USDTTRY,1d,47.151,"reported, not observed",graph-api.btcturk.com/v1/klines/history;api.btcturk.com/api/v2/ohlc
2026-07-22T00:00:00Z,BTCTurk,TRY,USDTTRY,1d,47.153,"reported, not observed",graph-api.btcturk.com/v1/klines/history;api.btcturk.com/api/v2/ohlc
2026-07-23T00:00:00Z,BTCTurk,TRY,USDTTRY,1d,47.273,"reported, not observed",graph-api.btcturk.com/v1/klines/history;api.btcturk.com/api/v2/ohlc
2026-07-24T00:00:00Z,BTCTurk,TRY,USDTTRY,1d,47.338,"reported, not observed",graph-api.btcturk.com/v1/klines/history;api.btcturk.com/api/v2/ohlc
2026-07-25T00:00:00Z,BTCTurk,TRY,USDTTRY,1d,47.3,"reported, not observed",graph-api.btcturk.com/v1/klines/history;api.btcturk.com/api/v2/ohlc
2026-07-26T00:00:00Z,BTCTurk,TRY,USDTTRY,1d,47.301,"reported, not observed",graph-api.btcturk.com/v1/klines/history;api.btcturk.com/api/v2/ohlc
2026-07-27T00:00:00Z,BTCTurk,TRY,USDTTRY,1d,47.313,"reported, not observed",graph-api.btcturk.com/v1/klines/history;api.btcturk.com/api/v2/ohlc
2026-07-28T00:00:00Z,BTCTurk,TRY,USDTTRY,1d,47.345,"reported, not observed",graph-api.btcturk.com/v1/klines/history;api.btcturk.com/api/v2/ohlc
2026-07-29T00:00:00Z,BTCTurk,TRY,USDTTRY,1d,47.321,"reported, not observed",graph-api.btcturk.com/v1/klines/history;api.btcturk.com/api/v2/ohlc
2026-07-30T00:00:00Z,BTCTurk,TRY,USDTTRY,1d,47.312,"reported, not observed",graph-api.btcturk.com/v1/klines/history;api.btcturk.com/api/v2/ohlc
2026-07-31T00:00:00Z,BTCTurk,TRY,USDTTRY,1d,47.431,"reported, not observed",graph-api.btcturk.com/v1/klines/history;api.btcturk.com/api/v2/ohlc
2026-08-01T00:00:00Z,BTCTurk,TRY,USDTTRY,1d,47.488,"reported, not observed",graph-api.btcturk.com/v1/klines/history;api.btcturk.com/api/v2/ohlc
2026-08-02T00:00:00Z,BTCTurk,TRY,USDTTRY,1d,47.412,"reported, not observed",graph-api.btcturk.com/v1/klines/history;api.btcturk.com/api/v2/ohlc
2026-08-03T00:00:00Z,BTCTurk,TRY,USDTTRY,1d,47.394,"reported, not observed",graph-api.btcturk.com/v1/klines/history;api.btcturk.com/api/v2/ohlc
2026-08-04T00:00:00Z,BTCTurk,TRY,USDTTRY,1d,47.419,"reported, not observed",graph-api.btcturk.com/v1/klines/history;api.btcturk.com/api/v2/ohlc
2026-08-05T00:00:00Z,BTCTurk,TRY,USDTTRY,1d,47.454,"reported, not observed",graph-api.btcturk.com/v1/klines/history;api.btcturk.com/api/v2/ohlc
2026-08-06T00:00:00Z,BTCTurk,TRY,USDTTRY,1d,47.527,"reported, not observed",graph-api.btcturk.com/v1/klines/history;api.btcturk.com/api/v2/ohlc
2026-08-07T00:00:00Z,BTCTurk,TRY,USDTTRY,1d,47.665,"reported, not observed",graph-api.btcturk.com/v1/klines/history;api.btcturk.com/api/v2/ohlc
2026-08-08T00:00:00Z,BTCTurk,TRY,USDTTRY,1d,47.596,"reported, not observed",graph-api.btcturk.com/v1/klines/history;api.btcturk.com/api/v2/ohlc
2026-08-09T00:00:00Z,BTCTurk,TRY,USDTTRY,1d,47.607,"reported, not observed",graph-api.btcturk.com/v1/klines/history;api.btcturk.com/api/v2/ohlc
2026-08-10T00:00:00Z,BTCTurk,TRY,USDTTRY,1d,47.656,"reported, not observed",graph-api.btcturk.com/v1/klines/history;api.btcturk.com/api/v2/ohlc
2026-08-11T00:00:00Z,BTCTurk,TRY,USDTTRY,1d,47.7,"reported, not observed",graph-api.btcturk.com/v1/klines/history;api.btcturk.com/api/v2/ohlc
2026-08-12T00:00:00Z,BTCTurk,TRY,USDTTRY,1d,47.72,"reported, not observed",graph-api.btcturk.com/v1/klines/history;api.btcturk.com/api/v2/ohlc
2026-08-13T00:00:00Z,BTCTurk,TRY,USDTTRY,1d,47.747,"reported, not observed",graph-api.btcturk.com/v1/klines/history;api.btcturk.com/api/v2/ohlc
2026-08-14T00:00:00Z,BTCTurk,TRY,USDTTRY,1d,47.821,"reported, not observed",graph-api.btcturk.com/v1/klines/history;api.btcturk.com/api/v2/ohlc
2026-08-15T00:00:00Z,BTCTurk,TRY,USDTTRY,1d,47.87,"reported, not observed",graph-api.btcturk.com/v1/klines/history;api.btcturk.com/api/v2/ohlc
2026-08-16T00:00:00Z,BTCTurk,TRY,USDTTRY,1d,47.861,"reported, not observed",graph-api.btcturk.com/v1/klines/history;api.btcturk.com/api/v2/ohlc
2026-08-17T00:00:00Z,BTCTurk,TRY,USDTTRY,1d,47.806,"reported, not observed",graph-api.btcturk.com/v1/klines/history;api.btcturk.com/api/v2/ohlc
2026-08-18T00:00:00Z,BTCTurk,TRY,USDTTRY,1d,47.872,"reported, not observed",graph-api.btcturk.com/v1/klines/history;api.btcturk.com/api/v2/ohlc
2026-08-19T00:00:00Z,BTCTurk,TRY,USDTTRY,1d,47.559,"reported, not observed",graph-api.btcturk.com/v1/klines/history;api.btcturk.com/api/v2/ohlc
2026-08-20T00:00:00Z,BTCTurk,TRY,USDTTRY,1d,47.713,"reported, not observed",graph-api.btcturk.com/v1/klines/history;api.btcturk.com/api/v2/ohlc
2026-08-21T00:00:00Z,BTCTurk,TRY,USDTTRY,1d,47.53,"reported, not observed",graph-api.btcturk.com/v1/klines/history;api.btcturk.com/api/v2/ohlc
2026-08-22T00:00:00Z,BTCTurk,TRY,USDTTRY,1d,47.896,"reported, not observed",graph-api.btcturk.com/v1/klines/history;api.btcturk.com/api/v2/ohlc
2026-08-23T00:00:00Z,BTCTurk,TRY,USDTTRY,1d,47.836,"reported, not observed",graph-api.btcturk.com/v1/klines/history;api.btcturk.com/api/v2/ohlc
2026-08-24T00:00:00Z,BTCTurk,TRY,USDTTRY,1d,48.033,"reported, not observed",graph-api.btcturk.com/v1/klines/history;api.btcturk.com/api/v2/ohlc
2026-08-25T00:00:00Z,BTCTurk,TRY,USDTTRY,1d,48.087,"reported, not observed",graph-api.btcturk.com/v1/klines/history;api.btcturk.com/api/v2/ohlc
2026-08-26T00:00:00Z,BTCTurk,TRY,USDTTRY,1d,48.094,"reported, not observed",graph-api.btcturk.com/v1/klines/history;api.btcturk.com/api/v2/ohlc
2026-08-27T00:00:00Z,BTCTurk,TRY,USDTTRY,1d,48.09,"reported, not observed",graph-api.btcturk.com/v1/klines/history;api.btcturk.com/api/v2/ohlc
2026-08-28T00:00:00Z,BTCTurk,TRY,USDTTRY,1d,48.239,"reported, not observed",graph-api.btcturk.com/v1/klines/history;api.btcturk.com/api/v2/ohlc
2026-08-29T00:00:00Z,BTCTurk,TRY,USDTTRY,1d,48.24,"reported, not observed",graph-api.btcturk.com/v1/klines/history;api.btcturk.com/api/v2/ohlc
2026-08-30T00:00:00Z,BTCTurk,TRY,USDTTRY,1d,48.24,"reported, not observed",graph-api.btcturk.com/v1/klines/history;api.btcturk.com/api/v2/ohlc
2026-08-31T00:00:00Z,BTCTurk,TRY,USDTTRY,1d,48.204,"reported, not observed",graph-api.btcturk.com/v1/klines/history;api.btcturk.com/api/v2/ohlc
2026-09-01T00:00:00Z,BTCTurk,TRY,USDTTRY,1d,48.18,"reported, not observed",graph-api.btcturk.com/v1/klines/history;api.btcturk.com/api/v2/ohlc
2026-09-02T00:00:00Z,BTCTurk,TRY,USDTTRY,1d,48.242,"reported, not observed",graph-api.btcturk.com/v1/klines/history;api.btcturk.com/api/v2/ohlc
2026-09-03T00:00:00Z,BTCTurk,TRY,USDTTRY,1d,48.198,"reported, not observed",graph-api.btcturk.com/v1/klines/history;api.btcturk.com/api/v2/ohlc
2026-09-04T00:00:00Z,BTCTurk,TRY,USDTTRY,1d,48.4,"reported, not observed",graph-api.btcturk.com/v1/klines/history;api.btcturk.com/api/v2/ohlc
2026-09-05T00:00:00Z,BTCTurk,TRY,USDTTRY,1d,48.332,"reported, not observed",graph-api.btcturk.com/v1/klines/history;api.btcturk.com/api/v2/ohlc
2026-09-06T00:00:00Z,BTCTurk,TRY,USDTTRY,1d,48.341,"reported, not observed",graph-api.btcturk.com/v1/klines/history;api.btcturk.com/api/v2/ohlc
2026-09-07T00:00:00Z,BTCTurk,TRY,USDTTRY,1d,48.403,"reported, not observed",graph-api.btcturk.com/v1/klines/history;api.btcturk.com/api/v2/ohlc
2026-09-08T00:00:00Z,BTCTurk,TRY,USDTTRY,1d,48.444,"reported, not observed",graph-api.btcturk.com/v1/klines/history;api.btcturk.com/api/v2/ohlc
2026-09-09T00:00:00Z,BTCTurk,TRY,USDTTRY,1d,48.511,"reported, not observed",graph-api.btcturk.com/v1/klines/history;api.btcturk.com/api/v2/ohlc
2026-09-10T00:00:00Z,BTCTurk,TRY,USDTTRY,1d,48.519,"reported, not observed",graph-api.btcturk.com/v1/klines/history;api.btcturk.com/api/v2/ohlc
2026-09-11T00:00:00Z,BTCTurk,TRY,USDTTRY,1d,48.518,"reported, not observed",graph-api.btcturk.com/v1/klines/history;api.btcturk.com/api/v2/ohlc
2026-09-12T00:00:00Z,BTCTurk,TRY,USDTTRY,1d,48.609,"reported, not observed",graph-api.btcturk.com/v1/klines/history;api.btcturk.com/api/v2/ohlc
2026-09-13T00:00:00Z,BTCTurk,TRY,USDTTRY,1d,48.607,"reported, not observed",graph-api.btcturk.com/v1/klines/history;api.btcturk.com/api/v2/ohlc
2026-09-14T00:00:00Z,BTCTurk,TRY,USDTTRY,1d,48.566,"reported, not observed",graph-api.btcturk.com/v1/klines/history;api.btcturk.com/api/v2/ohlc
2026-09-15T00:00:00Z,BTCTurk,TRY,USDTTRY,1d,48.641,"reported, not observed",graph-api.btcturk.com/v1/klines/history;api.btcturk.com/api/v2/ohlc
2026-09-16T00:00:00Z,BTCTurk,TRY,USDTTRY,1d,48.634,"reported, not observed",graph-api.btcturk.com/v1/klines/history;api.btcturk.com/api/v2/ohlc
2026-09-17T00:00:00Z,BTCTurk,TRY,USDTTRY,1d,48.565,"reported, not observed",graph-api.btcturk.com/v1/klines/history;api.btcturk.com/api/v2/ohlc
2026-09-18T00:00:00Z,BTCTurk,TRY,USDTTRY,1d,48.288,"reported, not observed",graph-api.btcturk.com/v1/klines/history;api.btcturk.com/api/v2/ohlc
2026-09-19T00:00:00Z,BTCTurk,TRY,USDTTRY,1d,48.224,"reported, not observed",graph-api.btcturk.com/v1/klines/history;api.btcturk.com/api/v2/ohlc
2026-09-20T00:00:00Z,BTCTurk,TRY,USDTTRY,1d,48.581,"reported, not observed",graph-api.btcturk.com/v1/klines/history;api.btcturk.com/api/v2/ohlc
2026-09-21T00:00:00Z,BTCTurk,TRY,USDTTRY,1d,48.626,"reported, not observed",graph-api.btcturk.com/v1/klines/history;api.btcturk.com/api/v2/ohlc
2026-09-22T00:00:00Z,BTCTurk,TRY,USDTTRY,1d,48.652,"reported, not observed",graph-api.btcturk.com/v1/klines/history;api.btcturk.com/api/v2/ohlc
2026-09-23T00:00:00Z,BTCTurk,TRY,USDTTRY,1d,48.83,"reported, not observed",graph-api.btcturk.com/v1/klines/history;api.btcturk.com/api/v2/ohlc
2026-09-24T00:00:00Z,BTCTurk,TRY,USDTTRY,1d,48.859,"reported, not observed",graph-api.btcturk.com/v1/klines/history;api.btcturk.com/api/v2/ohlc
2026-09-25T00:00:00Z,BTCTurk,TRY,USDTTRY,1d,48.79,"reported, not observed",graph-api.btcturk.com/v1/klines/history;api.btcturk.com/api/v2/ohlc
2026-09-26T00:00:00Z,BTCTurk,TRY,USDTTRY,1d,48.841,"reported, not observed",graph-api.btcturk.com/v1/klines/history;api.btcturk.com/api/v2/ohlc
2026-09-27T00:00:00Z,BTCTurk,TRY,USDTTRY,1d,48.937,"reported, not observed",graph-api.btcturk.com/v1/klines/history;api.btcturk.com/api/v2/ohlc
2026-09-28T00:00:00Z,BTCTurk,TRY,USDTTRY,1d,49.005,"reported, not observed",graph-api.btcturk.com/v1/klines/history;api.btcturk.com/api/v2/ohlc
2026-09-29T00:00:00Z,BTCTurk,TRY,USDTTRY,1d,49.001,"reported, not observed",graph-api.btcturk.com/v1/klines/history;api.btcturk.com/api/v2/ohlc
2026-09-30T00:00:00Z,BTCTurk,TRY,USDTTRY,1d,48.985,"reported, not observed",graph-api.btcturk.com/v1/klines/history;api.btcturk.com/api/v2/ohlc
2026-10-01T00:00:00Z,BTCTurk,TRY,USDTTRY,1d,49.006,"reported, not observed",graph-api.btcturk.com/v1/klines/history;api.btcturk.com/api/v2/ohlc
2026-10-02T00:00:00Z,BTCTurk,TRY,USDTTRY,1d,49.142,"reported, not observed",graph-api.btcturk.com/v1/klines/history;api.btcturk.com/api/v2/ohlc
