ts_utc,venue,ccy,pair,interval,close,label,source
2020-12-01T00:00:00Z,BTC Markets,AUD,USDT-AUD,1d,1.36,"reported, not observed",api.btcmarkets.net/v3/markets/USDT-AUD/candles
2020-12-03T00:00:00Z,BTC Markets,AUD,USDT-AUD,1d,1.3515,"reported, not observed",api.btcmarkets.net/v3/markets/USDT-AUD/candles
2020-12-04T00:00:00Z,BTC Markets,AUD,USDT-AUD,1d,1.3539,"reported, not observed",api.btcmarkets.net/v3/markets/USDT-AUD/candles
2020-12-05T00:00:00Z,BTC Markets,AUD,USDT-AUD,1d,1.3439,"reported, not observed",api.btcmarkets.net/v3/markets/USDT-AUD/candles
2020-12-06T00:00:00Z,BTC Markets,AUD,USDT-AUD,1d,1.354,"reported, not observed",api.btcmarkets.net/v3/markets/USDT-AUD/candles
2020-12-07T00:00:00Z,BTC Markets,AUD,USDT-AUD,1d,1.3597,"reported, not observed",api.btcmarkets.net/v3/markets/USDT-AUD/candles
2020-12-08T00:00:00Z,BTC Markets,AUD,USDT-AUD,1d,1.3408,"reported, not observed",api.btcmarkets.net/v3/markets/USDT-AUD/candles
2020-12-09T00:00:00Z,BTC Markets,AUD,USDT-AUD,1d,1.3579,"reported, not observed",api.btcmarkets.net/v3/markets/USDT-AUD/candles
2020-12-10T00:00:00Z,BTC Markets,AUD,USDT-AUD,1d,1.345,"reported, not observed",api.btcmarkets.net/v3/markets/USDT-AUD/candles
2020-12-11T00:00:00Z,BTC Markets,AUD,USDT-AUD,1d,1.34,"reported, not observed",api.btcmarkets.net/v3/markets/USDT-AUD/candles
2020-12-12T00:00:00Z,BTC Markets,AUD,USDT-AUD,1d,1.3576,"reported, not observed",api.btcmarkets.net/v3/markets/USDT-AUD/candles
2020-12-13T00:00:00Z,BTC Markets,AUD,USDT-AUD,1d,1.3575,"reported, not observed",api.btcmarkets.net/v3/markets/USDT-AUD/candles
2020-12-14T00:00:00Z,BTC Markets,AUD,USDT-AUD,1d,1.3346,"reported, not observed",api.btcmarkets.net/v3/markets/USDT-AUD/candles
2020-12-15T00:00:00Z,BTC Markets,AUD,USDT-AUD,1d,1.3213,"reported, not observed",api.btcmarkets.net/v3/markets/USDT-AUD/candles
2020-12-16T00:00:00Z,BTC Markets,AUD,USDT-AUD,1d,1.3349,"reported, not observed",api.btcmarkets.net/v3/markets/USDT-AUD/candles
2020-12-17T00:00:00Z,BTC Markets,AUD,USDT-AUD,1d,1.31,"reported, not observed",api.btcmarkets.net/v3/markets/USDT-AUD/candles
2020-12-18T00:00:00Z,BTC Markets,AUD,USDT-AUD,1d,1.3399,"reported, not observed",api.btcmarkets.net/v3/markets/USDT-AUD/candles
2020-12-19T00:00:00Z,BTC Markets,AUD,USDT-AUD,1d,1.324,"reported, not observed",api.btcmarkets.net/v3/markets/USDT-AUD/candles
2020-12-20T00:00:00Z,BTC Markets,AUD,USDT-AUD,1d,1.324,"reported, not observed",api.btcmarkets.net/v3/markets/USDT-AUD/candles
2020-12-21T00:00:00Z,BTC Markets,AUD,USDT-AUD,1d,1.3329,"reported, not observed",api.btcmarkets.net/v3/markets/USDT-AUD/candles
2020-12-22T00:00:00Z,BTC Markets,AUD,USDT-AUD,1d,1.35,"reported, not observed",api.btcmarkets.net/v3/markets/USDT-AUD/candles
2020-12-23T00:00:00Z,BTC Markets,AUD,USDT-AUD,1d,1.3395,"reported, not observed",api.btcmarkets.net/v3/markets/USDT-AUD/candles
2020-12-24T00:00:00Z,BTC Markets,AUD,USDT-AUD,1d,1.3251,"reported, not observed",api.btcmarkets.net/v3/markets/USDT-AUD/candles
2020-12-25T00:00:00Z,BTC Markets,AUD,USDT-AUD,1d,1.3302,"reported, not observed",api.btcmarkets.net/v3/markets/USDT-AUD/candles
2020-12-26T00:00:00Z,BTC Markets,AUD,USDT-AUD,1d,1.3531,"reported, not observed",api.btcmarkets.net/v3/markets/USDT-AUD/candles
2020-12-27T00:00:00Z,BTC Markets,AUD,USDT-AUD,1d,1.36,"reported, not observed",api.btcmarkets.net/v3/markets/USDT-AUD/candles
2020-12-28T00:00:00Z,BTC Markets,AUD,USDT-AUD,1d,1.3669,"reported, not observed",api.btcmarkets.net/v3/markets/USDT-AUD/candles
2020-12-29T00:00:00Z,BTC Markets,AUD,USDT-AUD,1d,1.3251,"reported, not observed",api.btcmarkets.net/v3/markets/USDT-AUD/candles
2020-12-30T00:00:00Z,BTC Markets,AUD,USDT-AUD,1d,1.3597,"reported, not observed",api.btcmarkets.net/v3/markets/USDT-AUD/candles
2020-12-31T00:00:00Z,BTC Markets,AUD,USDT-AUD,1d,1.3499,"reported, not observed",api.btcmarkets.net/v3/markets/USDT-AUD/candles
2021-01-01T00:00:00Z,BTC Markets,AUD,USDT-AUD,1d,1.31,"reported, not observed",api.btcmarkets.net/v3/markets/USDT-AUD/candles
2021-01-02T00:00:00Z,BTC Markets,AUD,USDT-AUD,1d,1.34,"reported, not observed",api.btcmarkets.net/v3/markets/USDT-AUD/candles
2021-01-03T00:00:00Z,BTC Markets,AUD,USDT-AUD,1d,1.3005,"reported, not observed",api.btcmarkets.net/v3/markets/USDT-AUD/candles
2021-01-04T00:00:00Z,BTC Markets,AUD,USDT-AUD,1d,1.3109,"reported, not observed",api.btcmarkets.net/v3/markets/USDT-AUD/candles
2021-01-05T00:00:00Z,BTC Markets,AUD,USDT-AUD,1d,1.305,"reported, not observed",api.btcmarkets.net/v3/markets/USDT-AUD/candles
2021-01-06T00:00:00Z,BTC Markets,AUD,USDT-AUD,1d,1.2801,"reported, not observed",api.btcmarkets.net/v3/markets/USDT-AUD/candles
2021-01-07T00:00:00Z,BTC Markets,AUD,USDT-AUD,1d,1.292,"reported, not observed",api.btcmarkets.net/v3/markets/USDT-AUD/candles
2021-01-08T00:00:00Z,BTC Markets,AUD,USDT-AUD,1d,1.2985,"reported, not observed",api.btcmarkets.net/v3/markets/USDT-AUD/candles
2021-01-09T00:00:00Z,BTC Markets,AUD,USDT-AUD,1d,1.31,"reported, not observed",api.btcmarkets.net/v3/markets/USDT-AUD/candles
2021-01-10T00:00:00Z,BTC Markets,AUD,USDT-AUD,1d,1.3007,"reported, not observed",api.btcmarkets.net/v3/markets/USDT-AUD/candles
2021-01-11T00:00:00Z,BTC Markets,AUD,USDT-AUD,1d,1.2988,"reported, not observed",api.btcmarkets.net/v3/markets/USDT-AUD/candles
2021-01-12T00:00:00Z,BTC Markets,AUD,USDT-AUD,1d,1.295,"reported, not observed",api.btcmarkets.net/v3/markets/USDT-AUD/candles
2021-01-13T00:00:00Z,BTC Markets,AUD,USDT-AUD,1d,1.3014,"reported, not observed",api.btcmarkets.net/v3/markets/USDT-AUD/candles
2021-01-14T00:00:00Z,BTC Markets,AUD,USDT-AUD,1d,1.2881,"reported, not observed",api.btcmarkets.net/v3/markets/USDT-AUD/candles
2021-01-15T00:00:00Z,BTC Markets,AUD,USDT-AUD,1d,1.2934,"reported, not observed",api.btcmarkets.net/v3/markets/USDT-AUD/candles
2021-01-16T00:00:00Z,BTC Markets,AUD,USDT-AUD,1d,1.2944,"reported, not observed",api.btcmarkets.net/v3/markets/USDT-AUD/candles
2021-01-17T00:00:00Z,BTC Markets,AUD,USDT-AUD,1d,1.3023,"reported, not observed",api.btcmarkets.net/v3/markets/USDT-AUD/candles
2021-01-18T00:00:00Z,BTC Markets,AUD,USDT-AUD,1d,1.3093,"reported, not observed",api.btcmarkets.net/v3/markets/USDT-AUD/candles
2021-01-19T00:00:00Z,BTC Markets,AUD,USDT-AUD,1d,1.3037,"reported, not observed",api.btcmarkets.net/v3/markets/USDT-AUD/candles
2021-01-20T00:00:00Z,BTC Markets,AUD,USDT-AUD,1d,1.2989,"reported, not observed",api.btcmarkets.net/v3/markets/USDT-AUD/candles
2021-01-21T00:00:00Z,BTC Markets,AUD,USDT-AUD,1d,1.2824,"reported, not observed",api.btcmarkets.net/v3/markets/USDT-AUD/candles
2021-01-22T00:00:00Z,BTC Markets,AUD,USDT-AUD,1d,1.3085,"reported, not observed",api.btcmarkets.net/v3/markets/USDT-AUD/candles
2021-01-23T00:00:00Z,BTC Markets,AUD,USDT-AUD,1d,1.3052,"reported, not observed",api.btcmarkets.net/v3/markets/USDT-AUD/candles
2021-01-24T00:00:00Z,BTC Markets,AUD,USDT-AUD,1d,1.302,"reported, not observed",api.btcmarkets.net/v3/markets/USDT-AUD/candles
2021-01-25T00:00:00Z,BTC Markets,AUD,USDT-AUD,1d,1.298,"reported, not observed",api.btcmarkets.net/v3/markets/USDT-AUD/candles
2021-01-26T00:00:00Z,BTC Markets,AUD,USDT-AUD,1d,1.2961,"reported, not observed",api.btcmarkets.net/v3/markets/USDT-AUD/candles
2021-01-27T00:00:00Z,BTC Markets,AUD,USDT-AUD,1d,1.3147,"reported, not observed",api.btcmarkets.net/v3/markets/USDT-AUD/candles
2021-01-28T00:00:00Z,BTC Markets,AUD,USDT-AUD,1d,1.3045,"reported, not observed",api.btcmarkets.net/v3/markets/USDT-AUD/candles
2021-01-29T00:00:00Z,BTC Markets,AUD,USDT-AUD,1d,1.29,"reported, not observed",api.btcmarkets.net/v3/markets/USDT-AUD/candles
2021-01-30T00:00:00Z,BTC Markets,AUD,USDT-AUD,1d,1.3057,"reported, not observed",api.btcmarkets.net/v3/markets/USDT-AUD/candles
2021-01-31T00:00:00Z,BTC Markets,AUD,USDT-AUD,1d,1.3188,"reported, not observed",api.btcmarkets.net/v3/markets/USDT-AUD/candles
2021-02-01T00:00:00Z,BTC Markets,AUD,USDT-AUD,1d,1.306,"reported, not observed",api.btcmarkets.net/v3/markets/USDT-AUD/candles
2021-02-02T00:00:00Z,BTC Markets,AUD,USDT-AUD,1d,1.3004,"reported, not observed",api.btcmarkets.net/v3/markets/USDT-AUD/candles
2021-02-03T00:00:00Z,BTC Markets,AUD,USDT-AUD,1d,1.3169,"reported, not observed",api.btcmarkets.net/v3/markets/USDT-AUD/candles
2021-02-04T00:00:00Z,BTC Markets,AUD,USDT-AUD,1d,1.3191,"reported, not observed",api.btcmarkets.net/v3/markets/USDT-AUD/candles
2021-02-05T00:00:00Z,BTC Markets,AUD,USDT-AUD,1d,1.3152,"reported, not observed",api.btcmarkets.net/v3/markets/USDT-AUD/candles
2021-02-06T00:00:00Z,BTC Markets,AUD,USDT-AUD,1d,1.3169,"reported, not observed",api.btcmarkets.net/v3/markets/USDT-AUD/candles
2021-02-07T00:00:00Z,BTC Markets,AUD,USDT-AUD,1d,1.3175,"reported, not observed",api.btcmarkets.net/v3/markets/USDT-AUD/candles
2021-02-08T00:00:00Z,BTC Markets,AUD,USDT-AUD,1d,1.2989,"reported, not observed",api.btcmarkets.net/v3/markets/USDT-AUD/candles
2021-02-09T00:00:00Z,BTC Markets,AUD,USDT-AUD,1d,1.3017,"reported, not observed",api.btcmarkets.net/v3/markets/USDT-AUD/candles
2021-02-10T00:00:00Z,BTC Markets,AUD,USDT-AUD,1d,1.3059,"reported, not observed",api.btcmarkets.net/v3/markets/USDT-AUD/candles
2021-02-11T00:00:00Z,BTC Markets,AUD,USDT-AUD,1d,1.3025,"reported, not observed",api.btcmarkets.net/v3/markets/USDT-AUD/candles
2021-02-12T00:00:00Z,BTC Markets,AUD,USDT-AUD,1d,1.3051,"reported, not observed",api.btcmarkets.net/v3/markets/USDT-AUD/candles
2021-02-13T00:00:00Z,BTC Markets,AUD,USDT-AUD,1d,1.2875,"reported, not observed",api.btcmarkets.net/v3/markets/USDT-AUD/candles
2021-02-14T00:00:00Z,BTC Markets,AUD,USDT-AUD,1d,1.299,"reported, not observed",api.btcmarkets.net/v3/markets/USDT-AUD/candles
2021-02-15T00:00:00Z,BTC Markets,AUD,USDT-AUD,1d,1.2975,"reported, not observed",api.btcmarkets.net/v3/markets/USDT-AUD/candles
2021-02-16T00:00:00Z,BTC Markets,AUD,USDT-AUD,1d,1.297,"reported, not observed",api.btcmarkets.net/v3/markets/USDT-AUD/candles
2021-02-17T00:00:00Z,BTC Markets,AUD,USDT-AUD,1d,1.2918,"reported, not observed",api.btcmarkets.net/v3/markets/USDT-AUD/candles
2021-02-18T00:00:00Z,BTC Markets,AUD,USDT-AUD,1d,1.2928,"reported, not observed",api.btcmarkets.net/v3/markets/USDT-AUD/candles
2021-02-19T00:00:00Z,BTC Markets,AUD,USDT-AUD,1d,1.2891,"reported, not observed",api.btcmarkets.net/v3/markets/USDT-AUD/candles
2021-02-20T00:00:00Z,BTC Markets,AUD,USDT-AUD,1d,1.2712,"reported, not observed",api.btcmarkets.net/v3/markets/USDT-AUD/candles
2021-02-21T00:00:00Z,BTC Markets,AUD,USDT-AUD,1d,1.2727,"reported, not observed",api.btcmarkets.net/v3/markets/USDT-AUD/candles
2021-02-22T00:00:00Z,BTC Markets,AUD,USDT-AUD,1d,1.2752,"reported, not observed",api.btcmarkets.net/v3/markets/USDT-AUD/candles
2021-02-23T00:00:00Z,BTC Markets,AUD,USDT-AUD,1d,1.2823,"reported, not observed",api.btcmarkets.net/v3/markets/USDT-AUD/candles
2021-02-24T00:00:00Z,BTC Markets,AUD,USDT-AUD,1d,1.28,"reported, not observed",api.btcmarkets.net/v3/markets/USDT-AUD/candles
2021-02-25T00:00:00Z,BTC Markets,AUD,USDT-AUD,1d,1.2688,"reported, not observed",api.btcmarkets.net/v3/markets/USDT-AUD/candles
2021-02-26T00:00:00Z,BTC Markets,AUD,USDT-AUD,1d,1.2898,"reported, not observed",api.btcmarkets.net/v3/markets/USDT-AUD/candles
2021-02-27T00:00:00Z,BTC Markets,AUD,USDT-AUD,1d,1.3,"reported, not observed",api.btcmarkets.net/v3/markets/USDT-AUD/candles
2021-02-28T00:00:00Z,BTC Markets,AUD,USDT-AUD,1d,1.3109,"reported, not observed",api.btcmarkets.net/v3/markets/USDT-AUD/candles
2021-03-01T00:00:00Z,BTC Markets,AUD,USDT-AUD,1d,1.2929,"reported, not observed",api.btcmarkets.net/v3/markets/USDT-AUD/candles
2021-03-02T00:00:00Z,BTC Markets,AUD,USDT-AUD,1d,1.2895,"reported, not observed",api.btcmarkets.net/v3/markets/USDT-AUD/candles
2021-03-03T00:00:00Z,BTC Markets,AUD,USDT-AUD,1d,1.2928,"reported, not observed",api.btcmarkets.net/v3/markets/USDT-AUD/candles
2021-03-04T00:00:00Z,BTC Markets,AUD,USDT-AUD,1d,1.2898,"reported, not observed",api.btcmarkets.net/v3/markets/USDT-AUD/candles
2021-03-05T00:00:00Z,BTC Markets,AUD,USDT-AUD,1d,1.3142,"reported, not observed",api.btcmarkets.net/v3/markets/USDT-AUD/candles
2021-03-06T00:00:00Z,BTC Markets,AUD,USDT-AUD,1d,1.3098,"reported, not observed",api.btcmarkets.net/v3/markets/USDT-AUD/candles
2021-03-07T00:00:00Z,BTC Markets,AUD,USDT-AUD,1d,1.301,"reported, not observed",api.btcmarkets.net/v3/markets/USDT-AUD/candles
2021-03-08T00:00:00Z,BTC Markets,AUD,USDT-AUD,1d,1.2958,"reported, not observed",api.btcmarkets.net/v3/markets/USDT-AUD/candles
2021-03-09T00:00:00Z,BTC Markets,AUD,USDT-AUD,1d,1.3075,"reported, not observed",api.btcmarkets.net/v3/markets/USDT-AUD/candles
2021-03-10T00:00:00Z,BTC Markets,AUD,USDT-AUD,1d,1.3036,"reported, not observed",api.btcmarkets.net/v3/markets/USDT-AUD/candles
2021-03-11T00:00:00Z,BTC Markets,AUD,USDT-AUD,1d,1.295,"reported, not observed",api.btcmarkets.net/v3/markets/USDT-AUD/candles
2021-03-12T00:00:00Z,BTC Markets,AUD,USDT-AUD,1d,1.3,"reported, not observed",api.btcmarkets.net/v3/markets/USDT-AUD/candles
2021-03-13T00:00:00Z,BTC Markets,AUD,USDT-AUD,1d,1.2952,"reported, not observed",api.btcmarkets.net/v3/markets/USDT-AUD/candles
2021-03-14T00:00:00Z,BTC Markets,AUD,USDT-AUD,1d,1.2929,"reported, not observed",api.btcmarkets.net/v3/markets/USDT-AUD/candles
2021-03-15T00:00:00Z,BTC Markets,AUD,USDT-AUD,1d,1.2995,"reported, not observed",api.btcmarkets.net/v3/markets/USDT-AUD/candles
2021-03-16T00:00:00Z,BTC Markets,AUD,USDT-AUD,1d,1.3073,"reported, not observed",api.btcmarkets.net/v3/markets/USDT-AUD/candles
2021-03-17T00:00:00Z,BTC Markets,AUD,USDT-AUD,1d,1.2901,"reported, not observed",api.btcmarkets.net/v3/markets/USDT-AUD/candles
2021-03-18T00:00:00Z,BTC Markets,AUD,USDT-AUD,1d,1.2994,"reported, not observed",api.btcmarkets.net/v3/markets/USDT-AUD/candles
2021-03-19T00:00:00Z,BTC Markets,AUD,USDT-AUD,1d,1.2978,"reported, not observed",api.btcmarkets.net/v3/markets/USDT-AUD/candles
2021-03-20T00:00:00Z,BTC Markets,AUD,USDT-AUD,1d,1.2981,"reported, not observed",api.btcmarkets.net/v3/markets/USDT-AUD/candles
2021-03-21T00:00:00Z,BTC Markets,AUD,USDT-AUD,1d,1.2993,"reported, not observed",api.btcmarkets.net/v3/markets/USDT-AUD/candles
2021-03-22T00:00:00Z,BTC Markets,AUD,USDT-AUD,1d,1.292,"reported, not observed",api.btcmarkets.net/v3/markets/USDT-AUD/candles
2021-03-23T00:00:00Z,BTC Markets,AUD,USDT-AUD,1d,1.3047,"reported, not observed",api.btcmarkets.net/v3/markets/USDT-AUD/candles
2021-03-24T00:00:00Z,BTC Markets,AUD,USDT-AUD,1d,1.3398,"reported, not observed",api.btcmarkets.net/v3/markets/USDT-AUD/candles
2021-03-25T00:00:00Z,BTC Markets,AUD,USDT-AUD,1d,1.3327,"reported, not observed",api.btcmarkets.net/v3/markets/USDT-AUD/candles
2021-03-26T00:00:00Z,BTC Markets,AUD,USDT-AUD,1d,1.3247,"reported, not observed",api.btcmarkets.net/v3/markets/USDT-AUD/candles
2021-03-27T00:00:00Z,BTC Markets,AUD,USDT-AUD,1d,1.32,"reported, not observed",api.btcmarkets.net/v3/markets/USDT-AUD/candles
2021-03-28T00:00:00Z,BTC Markets,AUD,USDT-AUD,1d,1.3198,"reported, not observed",api.btcmarkets.net/v3/markets/USDT-AUD/candles
2021-03-29T00:00:00Z,BTC Markets,AUD,USDT-AUD,1d,1.3138,"reported, not observed",api.btcmarkets.net/v3/markets/USDT-AUD/candles
2021-03-30T00:00:00Z,BTC Markets,AUD,USDT-AUD,1d,1.3154,"reported, not observed",api.btcmarkets.net/v3/markets/USDT-AUD/candles
2021-03-31T00:00:00Z,BTC Markets,AUD,USDT-AUD,1d,1.3137,"reported, not observed",api.btcmarkets.net/v3/markets/USDT-AUD/candles
2021-04-01T00:00:00Z,BTC Markets,AUD,USDT-AUD,1d,1.3061,"reported, not observed",api.btcmarkets.net/v3/markets/USDT-AUD/candles
2021-04-02T00:00:00Z,BTC Markets,AUD,USDT-AUD,1d,1.3173,"reported, not observed",api.btcmarkets.net/v3/markets/USDT-AUD/candles
2021-04-03T00:00:00Z,BTC Markets,AUD,USDT-AUD,1d,1.3194,"reported, not observed",api.btcmarkets.net/v3/markets/USDT-AUD/candles
2021-04-04T00:00:00Z,BTC Markets,AUD,USDT-AUD,1d,1.3137,"reported, not observed",api.btcmarkets.net/v3/markets/USDT-AUD/candles
2021-04-05T00:00:00Z,BTC Markets,AUD,USDT-AUD,1d,1.2936,"reported, not observed",api.btcmarkets.net/v3/markets/USDT-AUD/candles
2021-04-06T00:00:00Z,BTC Markets,AUD,USDT-AUD,1d,1.303,"reported, not observed",api.btcmarkets.net/v3/markets/USDT-AUD/candles
2021-04-07T00:00:00Z,BTC Markets,AUD,USDT-AUD,1d,1.3129,"reported, not observed",api.btcmarkets.net/v3/markets/USDT-AUD/candles
2021-04-08T00:00:00Z,BTC Markets,AUD,USDT-AUD,1d,1.315,"reported, not observed",api.btcmarkets.net/v3/markets/USDT-AUD/candles
2021-04-09T00:00:00Z,BTC Markets,AUD,USDT-AUD,1d,1.3248,"reported, not observed",api.btcmarkets.net/v3/markets/USDT-AUD/candles
2021-04-10T00:00:00Z,BTC Markets,AUD,USDT-AUD,1d,1.314,"reported, not observed",api.btcmarkets.net/v3/markets/USDT-AUD/candles
2021-04-11T00:00:00Z,BTC Markets,AUD,USDT-AUD,1d,1.3207,"reported, not observed",api.btcmarkets.net/v3/markets/USDT-AUD/candles
2021-04-12T00:00:00Z,BTC Markets,AUD,USDT-AUD,1d,1.3104,"reported, not observed",api.btcmarkets.net/v3/markets/USDT-AUD/candles
2021-04-13T00:00:00Z,BTC Markets,AUD,USDT-AUD,1d,1.3022,"reported, not observed",api.btcmarkets.net/v3/markets/USDT-AUD/candles
2021-04-14T00:00:00Z,BTC Markets,AUD,USDT-AUD,1d,1.3209,"reported, not observed",api.btcmarkets.net/v3/markets/USDT-AUD/candles
2021-04-15T00:00:00Z,BTC Markets,AUD,USDT-AUD,1d,1.2954,"reported, not observed",api.btcmarkets.net/v3/markets/USDT-AUD/candles
2021-04-16T00:00:00Z,BTC Markets,AUD,USDT-AUD,1d,1.3104,"reported, not observed",api.btcmarkets.net/v3/markets/USDT-AUD/candles
2021-04-17T00:00:00Z,BTC Markets,AUD,USDT-AUD,1d,1.2982,"reported, not observed",api.btcmarkets.net/v3/markets/USDT-AUD/candles
2021-04-18T00:00:00Z,BTC Markets,AUD,USDT-AUD,1d,1.3345,"reported, not observed",api.btcmarkets.net/v3/markets/USDT-AUD/candles
2021-04-19T00:00:00Z,BTC Markets,AUD,USDT-AUD,1d,1.311,"reported, not observed",api.btcmarkets.net/v3/markets/USDT-AUD/candles
2021-04-20T00:00:00Z,BTC Markets,AUD,USDT-AUD,1d,1.3144,"reported, not observed",api.btcmarkets.net/v3/markets/USDT-AUD/candles
2021-04-21T00:00:00Z,BTC Markets,AUD,USDT-AUD,1d,1.2989,"reported, not observed",api.btcmarkets.net/v3/markets/USDT-AUD/candles
2021-04-22T00:00:00Z,BTC Markets,AUD,USDT-AUD,1d,1.2929,"reported, not observed",api.btcmarkets.net/v3/markets/USDT-AUD/candles
2021-04-23T00:00:00Z,BTC Markets,AUD,USDT-AUD,1d,1.308,"reported, not observed",api.btcmarkets.net/v3/markets/USDT-AUD/candles
2021-04-24T00:00:00Z,BTC Markets,AUD,USDT-AUD,1d,1.2914,"reported, not observed",api.btcmarkets.net/v3/markets/USDT-AUD/candles
2021-04-25T00:00:00Z,BTC Markets,AUD,USDT-AUD,1d,1.3,"reported, not observed",api.btcmarkets.net/v3/markets/USDT-AUD/candles
2021-04-26T00:00:00Z,BTC Markets,AUD,USDT-AUD,1d,1.3015,"reported, not observed",api.btcmarkets.net/v3/markets/USDT-AUD/candles
2021-04-27T00:00:00Z,BTC Markets,AUD,USDT-AUD,1d,1.2931,"reported, not observed",api.btcmarkets.net/v3/markets/USDT-AUD/candles
2021-04-28T00:00:00Z,BTC Markets,AUD,USDT-AUD,1d,1.3037,"reported, not observed",api.btcmarkets.net/v3/markets/USDT-AUD/candles
2021-04-29T00:00:00Z,BTC Markets,AUD,USDT-AUD,1d,1.3098,"reported, not observed",api.btcmarkets.net/v3/markets/USDT-AUD/candles
2021-04-30T00:00:00Z,BTC Markets,AUD,USDT-AUD,1d,1.3066,"reported, not observed",api.btcmarkets.net/v3/markets/USDT-AUD/candles
2021-05-01T00:00:00Z,BTC Markets,AUD,USDT-AUD,1d,1.306,"reported, not observed",api.btcmarkets.net/v3/markets/USDT-AUD/candles
2021-05-02T00:00:00Z,BTC Markets,AUD,USDT-AUD,1d,1.2916,"reported, not observed",api.btcmarkets.net/v3/markets/USDT-AUD/candles
2021-05-03T00:00:00Z,BTC Markets,AUD,USDT-AUD,1d,1.29,"reported, not observed",api.btcmarkets.net/v3/markets/USDT-AUD/candles
2021-05-04T00:00:00Z,BTC Markets,AUD,USDT-AUD,1d,1.3,"reported, not observed",api.btcmarkets.net/v3/markets/USDT-AUD/candles
2021-05-05T00:00:00Z,BTC Markets,AUD,USDT-AUD,1d,1.29,"reported, not observed",api.btcmarkets.net/v3/markets/USDT-AUD/candles
2021-05-06T00:00:00Z,BTC Markets,AUD,USDT-AUD,1d,1.2834,"reported, not observed",api.btcmarkets.net/v3/markets/USDT-AUD/candles
2021-05-07T00:00:00Z,BTC Markets,AUD,USDT-AUD,1d,1.2855,"reported, not observed",api.btcmarkets.net/v3/markets/USDT-AUD/candles
2021-05-08T00:00:00Z,BTC Markets,AUD,USDT-AUD,1d,1.28,"reported, not observed",api.btcmarkets.net/v3/markets/USDT-AUD/candles
2021-05-09T00:00:00Z,BTC Markets,AUD,USDT-AUD,1d,1.2716,"reported, not observed",api.btcmarkets.net/v3/markets/USDT-AUD/candles
2021-05-10T00:00:00Z,BTC Markets,AUD,USDT-AUD,1d,1.2668,"reported, not observed",api.btcmarkets.net/v3/markets/USDT-AUD/candles
2021-05-11T00:00:00Z,BTC Markets,AUD,USDT-AUD,1d,1.2894,"reported, not observed",api.btcmarkets.net/v3/markets/USDT-AUD/candles
2021-05-12T00:00:00Z,BTC Markets,AUD,USDT-AUD,1d,1.29,"reported, not observed",api.btcmarkets.net/v3/markets/USDT-AUD/candles
2021-05-13T00:00:00Z,BTC Markets,AUD,USDT-AUD,1d,1.2975,"reported, not observed",api.btcmarkets.net/v3/markets/USDT-AUD/candles
2021-05-14T00:00:00Z,BTC Markets,AUD,USDT-AUD,1d,1.2883,"reported, not observed",api.btcmarkets.net/v3/markets/USDT-AUD/candles
2021-05-15T00:00:00Z,BTC Markets,AUD,USDT-AUD,1d,1.2851,"reported, not observed",api.btcmarkets.net/v3/markets/USDT-AUD/candles
2021-05-16T00:00:00Z,BTC Markets,AUD,USDT-AUD,1d,1.2801,"reported, not observed",api.btcmarkets.net/v3/markets/USDT-AUD/candles
2021-05-17T00:00:00Z,BTC Markets,AUD,USDT-AUD,1d,1.291,"reported, not observed",api.btcmarkets.net/v3/markets/USDT-AUD/candles
2021-05-18T00:00:00Z,BTC Markets,AUD,USDT-AUD,1d,1.2811,"reported, not observed",api.btcmarkets.net/v3/markets/USDT-AUD/candles
2021-05-19T00:00:00Z,BTC Markets,AUD,USDT-AUD,1d,1.3049,"reported, not observed",api.btcmarkets.net/v3/markets/USDT-AUD/candles
2021-05-20T00:00:00Z,BTC Markets,AUD,USDT-AUD,1d,1.2981,"reported, not observed",api.btcmarkets.net/v3/markets/USDT-AUD/candles
2021-05-21T00:00:00Z,BTC Markets,AUD,USDT-AUD,1d,1.2997,"reported, not observed",api.btcmarkets.net/v3/markets/USDT-AUD/candles
2021-05-22T00:00:00Z,BTC Markets,AUD,USDT-AUD,1d,1.2914,"reported, not observed",api.btcmarkets.net/v3/markets/USDT-AUD/candles
2021-05-23T00:00:00Z,BTC Markets,AUD,USDT-AUD,1d,1.3039,"reported, not observed",api.btcmarkets.net/v3/markets/USDT-AUD/candles
2021-05-24T00:00:00Z,BTC Markets,AUD,USDT-AUD,1d,1.298,"reported, not observed",api.btcmarkets.net/v3/markets/USDT-AUD/candles
2021-05-25T00:00:00Z,BTC Markets,AUD,USDT-AUD,1d,1.295,"reported, not observed",api.btcmarkets.net/v3/markets/USDT-AUD/candles
2021-05-26T00:00:00Z,BTC Markets,AUD,USDT-AUD,1d,1.29,"reported, not observed",api.btcmarkets.net/v3/markets/USDT-AUD/candles
2021-05-27T00:00:00Z,BTC Markets,AUD,USDT-AUD,1d,1.2915,"reported, not observed",api.btcmarkets.net/v3/markets/USDT-AUD/candles
2021-05-28T00:00:00Z,BTC Markets,AUD,USDT-AUD,1d,1.2999,"reported, not observed",api.btcmarkets.net/v3/markets/USDT-AUD/candles
2021-05-29T00:00:00Z,BTC Markets,AUD,USDT-AUD,1d,1.3014,"reported, not observed",api.btcmarkets.net/v3/markets/USDT-AUD/candles
2021-05-30T00:00:00Z,BTC Markets,AUD,USDT-AUD,1d,1.305,"reported, not observed",api.btcmarkets.net/v3/markets/USDT-AUD/candles
2021-05-31T00:00:00Z,BTC Markets,AUD,USDT-AUD,1d,1.294,"reported, not observed",api.btcmarkets.net/v3/markets/USDT-AUD/candles
2021-06-01T00:00:00Z,BTC Markets,AUD,USDT-AUD,1d,1.2922,"reported, not observed",api.btcmarkets.net/v3/markets/USDT-AUD/candles
2021-06-02T00:00:00Z,BTC Markets,AUD,USDT-AUD,1d,1.2933,"reported, not observed",api.btcmarkets.net/v3/markets/USDT-AUD/candles
2021-06-03T00:00:00Z,BTC Markets,AUD,USDT-AUD,1d,1.2991,"reported, not observed",api.btcmarkets.net/v3/markets/USDT-AUD/candles
2021-06-04T00:00:00Z,BTC Markets,AUD,USDT-AUD,1d,1.3027,"reported, not observed",api.btcmarkets.net/v3/markets/USDT-AUD/candles
2021-06-05T00:00:00Z,BTC Markets,AUD,USDT-AUD,1d,1.2889,"reported, not observed",api.btcmarkets.net/v3/markets/USDT-AUD/candles
2021-06-06T00:00:00Z,BTC Markets,AUD,USDT-AUD,1d,1.2911,"reported, not observed",api.btcmarkets.net/v3/markets/USDT-AUD/candles
2021-06-07T00:00:00Z,BTC Markets,AUD,USDT-AUD,1d,1.2916,"reported, not observed",api.btcmarkets.net/v3/markets/USDT-AUD/candles
2021-06-08T00:00:00Z,BTC Markets,AUD,USDT-AUD,1d,1.2991,"reported, not observed",api.btcmarkets.net/v3/markets/USDT-AUD/candles
2021-06-09T00:00:00Z,BTC Markets,AUD,USDT-AUD,1d,1.2991,"reported, not observed",api.btcmarkets.net/v3/markets/USDT-AUD/candles
2021-06-10T00:00:00Z,BTC Markets,AUD,USDT-AUD,1d,1.3,"reported, not observed",api.btcmarkets.net/v3/markets/USDT-AUD/candles
2021-06-11T00:00:00Z,BTC Markets,AUD,USDT-AUD,1d,1.2906,"reported, not observed",api.btcmarkets.net/v3/markets/USDT-AUD/candles
2021-06-12T00:00:00Z,BTC Markets,AUD,USDT-AUD,1d,1.2972,"reported, not observed",api.btcmarkets.net/v3/markets/USDT-AUD/candles
2021-06-13T00:00:00Z,BTC Markets,AUD,USDT-AUD,1d,1.2984,"reported, not observed",api.btcmarkets.net/v3/markets/USDT-AUD/candles
2021-06-14T00:00:00Z,BTC Markets,AUD,USDT-AUD,1d,1.2884,"reported, not observed",api.btcmarkets.net/v3/markets/USDT-AUD/candles
2021-06-15T00:00:00Z,BTC Markets,AUD,USDT-AUD,1d,1.301,"reported, not observed",api.btcmarkets.net/v3/markets/USDT-AUD/candles
2021-06-16T00:00:00Z,BTC Markets,AUD,USDT-AUD,1d,1.3124,"reported, not observed",api.btcmarkets.net/v3/markets/USDT-AUD/candles
2021-06-17T00:00:00Z,BTC Markets,AUD,USDT-AUD,1d,1.32,"reported, not observed",api.btcmarkets.net/v3/markets/USDT-AUD/candles
2021-06-18T00:00:00Z,BTC Markets,AUD,USDT-AUD,1d,1.336,"reported, not observed",api.btcmarkets.net/v3/markets/USDT-AUD/candles
2021-06-19T00:00:00Z,BTC Markets,AUD,USDT-AUD,1d,1.3388,"reported, not observed",api.btcmarkets.net/v3/markets/USDT-AUD/candles
2021-06-20T00:00:00Z,BTC Markets,AUD,USDT-AUD,1d,1.3302,"reported, not observed",api.btcmarkets.net/v3/markets/USDT-AUD/candles
2021-06-21T00:00:00Z,BTC Markets,AUD,USDT-AUD,1d,1.329,"reported, not observed",api.btcmarkets.net/v3/markets/USDT-AUD/candles
2021-06-22T00:00:00Z,BTC Markets,AUD,USDT-AUD,1d,1.3381,"reported, not observed",api.btcmarkets.net/v3/markets/USDT-AUD/candles
2021-06-23T00:00:00Z,BTC Markets,AUD,USDT-AUD,1d,1.3204,"reported, not observed",api.btcmarkets.net/v3/markets/USDT-AUD/candles
2021-06-24T00:00:00Z,BTC Markets,AUD,USDT-AUD,1d,1.319,"reported, not observed",api.btcmarkets.net/v3/markets/USDT-AUD/candles
2021-06-25T00:00:00Z,BTC Markets,AUD,USDT-AUD,1d,1.3142,"reported, not observed",api.btcmarkets.net/v3/markets/USDT-AUD/candles
2021-06-26T00:00:00Z,BTC Markets,AUD,USDT-AUD,1d,1.3146,"reported, not observed",api.btcmarkets.net/v3/markets/USDT-AUD/candles
2021-06-27T00:00:00Z,BTC Markets,AUD,USDT-AUD,1d,1.3146,"reported, not observed",api.btcmarkets.net/v3/markets/USDT-AUD/candles
2021-06-28T00:00:00Z,BTC Markets,AUD,USDT-AUD,1d,1.3121,"reported, not observed",api.btcmarkets.net/v3/markets/USDT-AUD/candles
2021-06-29T00:00:00Z,BTC Markets,AUD,USDT-AUD,1d,1.329,"reported, not observed",api.btcmarkets.net/v3/markets/USDT-AUD/candles
2021-06-30T00:00:00Z,BTC Markets,AUD,USDT-AUD,1d,1.3297,"reported, not observed",api.btcmarkets.net/v3/markets/USDT-AUD/candles
2021-07-01T00:00:00Z,BTC Markets,AUD,USDT-AUD,1d,1.323,"reported, not observed",api.btcmarkets.net/v3/markets/USDT-AUD/candles
2021-07-02T00:00:00Z,BTC Markets,AUD,USDT-AUD,1d,1.3257,"reported, not observed",api.btcmarkets.net/v3/markets/USDT-AUD/candles
2021-07-03T00:00:00Z,BTC Markets,AUD,USDT-AUD,1d,1.3267,"reported, not observed",api.btcmarkets.net/v3/markets/USDT-AUD/candles
2021-07-04T00:00:00Z,BTC Markets,AUD,USDT-AUD,1d,1.328,"reported, not observed",api.btcmarkets.net/v3/markets/USDT-AUD/candles
2021-07-05T00:00:00Z,BTC Markets,AUD,USDT-AUD,1d,1.3238,"reported, not observed",api.btcmarkets.net/v3/markets/USDT-AUD/candles
2021-07-06T00:00:00Z,BTC Markets,AUD,USDT-AUD,1d,1.3349,"reported, not observed",api.btcmarkets.net/v3/markets/USDT-AUD/candles
2021-07-07T00:00:00Z,BTC Markets,AUD,USDT-AUD,1d,1.3315,"reported, not observed",api.btcmarkets.net/v3/markets/USDT-AUD/candles
2021-07-08T00:00:00Z,BTC Markets,AUD,USDT-AUD,1d,1.3476,"reported, not observed",api.btcmarkets.net/v3/markets/USDT-AUD/candles
2021-07-09T00:00:00Z,BTC Markets,AUD,USDT-AUD,1d,1.3438,"reported, not observed",api.btcmarkets.net/v3/markets/USDT-AUD/candles
2021-07-10T00:00:00Z,BTC Markets,AUD,USDT-AUD,1d,1.3488,"reported, not observed",api.btcmarkets.net/v3/markets/USDT-AUD/candles
2021-07-11T00:00:00Z,BTC Markets,AUD,USDT-AUD,1d,1.3365,"reported, not observed",api.btcmarkets.net/v3/markets/USDT-AUD/candles
2021-07-12T00:00:00Z,BTC Markets,AUD,USDT-AUD,1d,1.3425,"reported, not observed",api.btcmarkets.net/v3/markets/USDT-AUD/candles
2021-07-13T00:00:00Z,BTC Markets,AUD,USDT-AUD,1d,1.3454,"reported, not observed",api.btcmarkets.net/v3/markets/USDT-AUD/candles
2021-07-14T00:00:00Z,BTC Markets,AUD,USDT-AUD,1d,1.3319,"reported, not observed",api.btcmarkets.net/v3/markets/USDT-AUD/candles
2021-07-15T00:00:00Z,BTC Markets,AUD,USDT-AUD,1d,1.3334,"reported, not observed",api.btcmarkets.net/v3/markets/USDT-AUD/candles
2021-07-16T00:00:00Z,BTC Markets,AUD,USDT-AUD,1d,1.3488,"reported, not observed",api.btcmarkets.net/v3/markets/USDT-AUD/candles
2021-07-17T00:00:00Z,BTC Markets,AUD,USDT-AUD,1d,1.3499,"reported, not observed",api.btcmarkets.net/v3/markets/USDT-AUD/candles
2021-07-18T00:00:00Z,BTC Markets,AUD,USDT-AUD,1d,1.3482,"reported, not observed",api.btcmarkets.net/v3/markets/USDT-AUD/candles
2021-07-19T00:00:00Z,BTC Markets,AUD,USDT-AUD,1d,1.368,"reported, not observed",api.btcmarkets.net/v3/markets/USDT-AUD/candles
2021-07-20T00:00:00Z,BTC Markets,AUD,USDT-AUD,1d,1.3555,"reported, not observed",api.btcmarkets.net/v3/markets/USDT-AUD/candles
2021-07-21T00:00:00Z,BTC Markets,AUD,USDT-AUD,1d,1.3663,"reported, not observed",api.btcmarkets.net/v3/markets/USDT-AUD/candles
2021-07-22T00:00:00Z,BTC Markets,AUD,USDT-AUD,1d,1.3555,"reported, not observed",api.btcmarkets.net/v3/markets/USDT-AUD/candles
2021-07-23T00:00:00Z,BTC Markets,AUD,USDT-AUD,1d,1.3552,"reported, not observed",api.btcmarkets.net/v3/markets/USDT-AUD/candles
2021-07-24T00:00:00Z,BTC Markets,AUD,USDT-AUD,1d,1.3569,"reported, not observed",api.btcmarkets.net/v3/markets/USDT-AUD/candles
2021-07-25T00:00:00Z,BTC Markets,AUD,USDT-AUD,1d,1.365,"reported, not observed",api.btcmarkets.net/v3/markets/USDT-AUD/candles
2021-07-26T00:00:00Z,BTC Markets,AUD,USDT-AUD,1d,1.3564,"reported, not observed",api.btcmarkets.net/v3/markets/USDT-AUD/candles
2021-07-27T00:00:00Z,BTC Markets,AUD,USDT-AUD,1d,1.363,"reported, not observed",api.btcmarkets.net/v3/markets/USDT-AUD/candles
2021-07-28T00:00:00Z,BTC Markets,AUD,USDT-AUD,1d,1.3599,"reported, not observed",api.btcmarkets.net/v3/markets/USDT-AUD/candles
2021-07-29T00:00:00Z,BTC Markets,AUD,USDT-AUD,1d,1.3561,"reported, not observed",api.btcmarkets.net/v3/markets/USDT-AUD/candles
2021-07-30T00:00:00Z,BTC Markets,AUD,USDT-AUD,1d,1.3644,"reported, not observed",api.btcmarkets.net/v3/markets/USDT-AUD/candles
2021-07-31T00:00:00Z,BTC Markets,AUD,USDT-AUD,1d,1.3615,"reported, not observed",api.btcmarkets.net/v3/markets/USDT-AUD/candles
2021-08-01T00:00:00Z,BTC Markets,AUD,USDT-AUD,1d,1.3601,"reported, not observed",api.btcmarkets.net/v3/markets/USDT-AUD/candles
2021-08-02T00:00:00Z,BTC Markets,AUD,USDT-AUD,1d,1.3599,"reported, not observed",api.btcmarkets.net/v3/markets/USDT-AUD/candles
2021-08-03T00:00:00Z,BTC Markets,AUD,USDT-AUD,1d,1.3571,"reported, not observed",api.btcmarkets.net/v3/markets/USDT-AUD/candles
2021-08-04T00:00:00Z,BTC Markets,AUD,USDT-AUD,1d,1.3559,"reported, not observed",api.btcmarkets.net/v3/markets/USDT-AUD/candles
2021-08-05T00:00:00Z,BTC Markets,AUD,USDT-AUD,1d,1.3589,"reported, not observed",api.btcmarkets.net/v3/markets/USDT-AUD/candles
2021-08-06T00:00:00Z,BTC Markets,AUD,USDT-AUD,1d,1.362,"reported, not observed",api.btcmarkets.net/v3/markets/USDT-AUD/candles
2021-08-07T00:00:00Z,BTC Markets,AUD,USDT-AUD,1d,1.3668,"reported, not observed",api.btcmarkets.net/v3/markets/USDT-AUD/candles
2021-08-08T00:00:00Z,BTC Markets,AUD,USDT-AUD,1d,1.3615,"reported, not observed",api.btcmarkets.net/v3/markets/USDT-AUD/candles
2021-08-09T00:00:00Z,BTC Markets,AUD,USDT-AUD,1d,1.3658,"reported, not observed",api.btcmarkets.net/v3/markets/USDT-AUD/candles
2021-08-10T00:00:00Z,BTC Markets,AUD,USDT-AUD,1d,1.3659,"reported, not observed",api.btcmarkets.net/v3/markets/USDT-AUD/candles
2021-08-11T00:00:00Z,BTC Markets,AUD,USDT-AUD,1d,1.3571,"reported, not observed",api.btcmarkets.net/v3/markets/USDT-AUD/candles
2021-08-12T00:00:00Z,BTC Markets,AUD,USDT-AUD,1d,1.3611,"reported, not observed",api.btcmarkets.net/v3/markets/USDT-AUD/candles
2021-08-13T00:00:00Z,BTC Markets,AUD,USDT-AUD,1d,1.366,"reported, not observed",api.btcmarkets.net/v3/markets/USDT-AUD/candles
2021-08-14T00:00:00Z,BTC Markets,AUD,USDT-AUD,1d,1.3657,"reported, not observed",api.btcmarkets.net/v3/markets/USDT-AUD/candles
2021-08-15T00:00:00Z,BTC Markets,AUD,USDT-AUD,1d,1.359,"reported, not observed",api.btcmarkets.net/v3/markets/USDT-AUD/candles
2021-08-16T00:00:00Z,BTC Markets,AUD,USDT-AUD,1d,1.3649,"reported, not observed",api.btcmarkets.net/v3/markets/USDT-AUD/candles
2021-08-17T00:00:00Z,BTC Markets,AUD,USDT-AUD,1d,1.3767,"reported, not observed",api.btcmarkets.net/v3/markets/USDT-AUD/candles
2021-08-18T00:00:00Z,BTC Markets,AUD,USDT-AUD,1d,1.385,"reported, not observed",api.btcmarkets.net/v3/markets/USDT-AUD/candles
2021-08-19T00:00:00Z,BTC Markets,AUD,USDT-AUD,1d,1.3974,"reported, not observed",api.btcmarkets.net/v3/markets/USDT-AUD/candles
2021-08-20T00:00:00Z,BTC Markets,AUD,USDT-AUD,1d,1.4048,"reported, not observed",api.btcmarkets.net/v3/markets/USDT-AUD/candles
2021-08-21T00:00:00Z,BTC Markets,AUD,USDT-AUD,1d,1.4081,"reported, not observed",api.btcmarkets.net/v3/markets/USDT-AUD/candles
2021-08-22T00:00:00Z,BTC Markets,AUD,USDT-AUD,1d,1.4082,"reported, not observed",api.btcmarkets.net/v3/markets/USDT-AUD/candles
2021-08-23T00:00:00Z,BTC Markets,AUD,USDT-AUD,1d,1.39,"reported, not observed",api.btcmarkets.net/v3/markets/USDT-AUD/candles
2021-08-24T00:00:00Z,BTC Markets,AUD,USDT-AUD,1d,1.3865,"reported, not observed",api.btcmarkets.net/v3/markets/USDT-AUD/candles
2021-08-25T00:00:00Z,BTC Markets,AUD,USDT-AUD,1d,1.3808,"reported, not observed",api.btcmarkets.net/v3/markets/USDT-AUD/candles
2021-08-26T00:00:00Z,BTC Markets,AUD,USDT-AUD,1d,1.392,"reported, not observed",api.btcmarkets.net/v3/markets/USDT-AUD/candles
2021-08-27T00:00:00Z,BTC Markets,AUD,USDT-AUD,1d,1.38,"reported, not observed",api.btcmarkets.net/v3/markets/USDT-AUD/candles
2021-08-28T00:00:00Z,BTC Markets,AUD,USDT-AUD,1d,1.3753,"reported, not observed",api.btcmarkets.net/v3/markets/USDT-AUD/candles
2021-08-29T00:00:00Z,BTC Markets,AUD,USDT-AUD,1d,1.3701,"reported, not observed",api.btcmarkets.net/v3/markets/USDT-AUD/candles
2021-08-30T00:00:00Z,BTC Markets,AUD,USDT-AUD,1d,1.3795,"reported, not observed",api.btcmarkets.net/v3/markets/USDT-AUD/candles
2021-08-31T00:00:00Z,BTC Markets,AUD,USDT-AUD,1d,1.3631,"reported, not observed",api.btcmarkets.net/v3/markets/USDT-AUD/candles
2021-09-01T00:00:00Z,BTC Markets,AUD,USDT-AUD,1d,1.3634,"reported, not observed",api.btcmarkets.net/v3/markets/USDT-AUD/candles
2021-09-02T00:00:00Z,BTC Markets,AUD,USDT-AUD,1d,1.3522,"reported, not observed",api.btcmarkets.net/v3/markets/USDT-AUD/candles
2021-09-03T00:00:00Z,BTC Markets,AUD,USDT-AUD,1d,1.346,"reported, not observed",api.btcmarkets.net/v3/markets/USDT-AUD/candles
2021-09-04T00:00:00Z,BTC Markets,AUD,USDT-AUD,1d,1.35,"reported, not observed",api.btcmarkets.net/v3/markets/USDT-AUD/candles
2021-09-05T00:00:00Z,BTC Markets,AUD,USDT-AUD,1d,1.3438,"reported, not observed",api.btcmarkets.net/v3/markets/USDT-AUD/candles
2021-09-06T00:00:00Z,BTC Markets,AUD,USDT-AUD,1d,1.3495,"reported, not observed",api.btcmarkets.net/v3/markets/USDT-AUD/candles
2021-09-07T00:00:00Z,BTC Markets,AUD,USDT-AUD,1d,1.3563,"reported, not observed",api.btcmarkets.net/v3/markets/USDT-AUD/candles
2021-09-08T00:00:00Z,BTC Markets,AUD,USDT-AUD,1d,1.36,"reported, not observed",api.btcmarkets.net/v3/markets/USDT-AUD/candles
2021-09-09T00:00:00Z,BTC Markets,AUD,USDT-AUD,1d,1.3557,"reported, not observed",api.btcmarkets.net/v3/markets/USDT-AUD/candles
2021-09-10T00:00:00Z,BTC Markets,AUD,USDT-AUD,1d,1.3688,"reported, not observed",api.btcmarkets.net/v3/markets/USDT-AUD/candles
2021-09-11T00:00:00Z,BTC Markets,AUD,USDT-AUD,1d,1.37,"reported, not observed",api.btcmarkets.net/v3/markets/USDT-AUD/candles
2021-09-12T00:00:00Z,BTC Markets,AUD,USDT-AUD,1d,1.369,"reported, not observed",api.btcmarkets.net/v3/markets/USDT-AUD/candles
2021-09-13T00:00:00Z,BTC Markets,AUD,USDT-AUD,1d,1.3661,"reported, not observed",api.btcmarkets.net/v3/markets/USDT-AUD/candles
2021-09-14T00:00:00Z,BTC Markets,AUD,USDT-AUD,1d,1.3611,"reported, not observed",api.btcmarkets.net/v3/markets/USDT-AUD/candles
2021-09-15T00:00:00Z,BTC Markets,AUD,USDT-AUD,1d,1.3704,"reported, not observed",api.btcmarkets.net/v3/markets/USDT-AUD/candles
2021-09-16T00:00:00Z,BTC Markets,AUD,USDT-AUD,1d,1.3674,"reported, not observed",api.btcmarkets.net/v3/markets/USDT-AUD/candles
2021-09-17T00:00:00Z,BTC Markets,AUD,USDT-AUD,1d,1.3617,"reported, not observed",api.btcmarkets.net/v3/markets/USDT-AUD/candles
2021-09-18T00:00:00Z,BTC Markets,AUD,USDT-AUD,1d,1.3684,"reported, not observed",api.btcmarkets.net/v3/markets/USDT-AUD/candles
2021-09-19T00:00:00Z,BTC Markets,AUD,USDT-AUD,1d,1.3759,"reported, not observed",api.btcmarkets.net/v3/markets/USDT-AUD/candles
2021-09-20T00:00:00Z,BTC Markets,AUD,USDT-AUD,1d,1.376,"reported, not observed",api.btcmarkets.net/v3/markets/USDT-AUD/candles
2021-09-21T00:00:00Z,BTC Markets,AUD,USDT-AUD,1d,1.3733,"reported, not observed",api.btcmarkets.net/v3/markets/USDT-AUD/candles
2021-09-22T00:00:00Z,BTC Markets,AUD,USDT-AUD,1d,1.3801,"reported, not observed",api.btcmarkets.net/v3/markets/USDT-AUD/candles
2021-09-23T00:00:00Z,BTC Markets,AUD,USDT-AUD,1d,1.375,"reported, not observed",api.btcmarkets.net/v3/markets/USDT-AUD/candles
2021-09-24T00:00:00Z,BTC Markets,AUD,USDT-AUD,1d,1.3827,"reported, not observed",api.btcmarkets.net/v3/markets/USDT-AUD/candles
2021-09-25T00:00:00Z,BTC Markets,AUD,USDT-AUD,1d,1.3812,"reported, not observed",api.btcmarkets.net/v3/markets/USDT-AUD/candles
2021-09-26T00:00:00Z,BTC Markets,AUD,USDT-AUD,1d,1.3791,"reported, not observed",api.btcmarkets.net/v3/markets/USDT-AUD/candles
2021-09-27T00:00:00Z,BTC Markets,AUD,USDT-AUD,1d,1.38,"reported, not observed",api.btcmarkets.net/v3/markets/USDT-AUD/candles
2021-09-28T00:00:00Z,BTC Markets,AUD,USDT-AUD,1d,1.3675,"reported, not observed",api.btcmarkets.net/v3/markets/USDT-AUD/candles
2021-09-29T00:00:00Z,BTC Markets,AUD,USDT-AUD,1d,1.3899,"reported, not observed",api.btcmarkets.net/v3/markets/USDT-AUD/candles
2021-09-30T00:00:00Z,BTC Markets,AUD,USDT-AUD,1d,1.3847,"reported, not observed",api.btcmarkets.net/v3/markets/USDT-AUD/candles
2021-10-01T00:00:00Z,BTC Markets,AUD,USDT-AUD,1d,1.382,"reported, not observed",api.btcmarkets.net/v3/markets/USDT-AUD/candles
2021-10-02T00:00:00Z,BTC Markets,AUD,USDT-AUD,1d,1.3729,"reported, not observed",api.btcmarkets.net/v3/markets/USDT-AUD/candles
2021-10-03T00:00:00Z,BTC Markets,AUD,USDT-AUD,1d,1.3742,"reported, not observed",api.btcmarkets.net/v3/markets/USDT-AUD/candles
2021-10-04T00:00:00Z,BTC Markets,AUD,USDT-AUD,1d,1.369,"reported, not observed",api.btcmarkets.net/v3/markets/USDT-AUD/candles
2021-10-05T00:00:00Z,BTC Markets,AUD,USDT-AUD,1d,1.3823,"reported, not observed",api.btcmarkets.net/v3/markets/USDT-AUD/candles
2021-10-06T00:00:00Z,BTC Markets,AUD,USDT-AUD,1d,1.3712,"reported, not observed",api.btcmarkets.net/v3/markets/USDT-AUD/candles
2021-10-07T00:00:00Z,BTC Markets,AUD,USDT-AUD,1d,1.3663,"reported, not observed",api.btcmarkets.net/v3/markets/USDT-AUD/candles
2021-10-08T00:00:00Z,BTC Markets,AUD,USDT-AUD,1d,1.3743,"reported, not observed",api.btcmarkets.net/v3/markets/USDT-AUD/candles
2021-10-09T00:00:00Z,BTC Markets,AUD,USDT-AUD,1d,1.3786,"reported, not observed",api.btcmarkets.net/v3/markets/USDT-AUD/candles
2021-10-10T00:00:00Z,BTC Markets,AUD,USDT-AUD,1d,1.3662,"reported, not observed",api.btcmarkets.net/v3/markets/USDT-AUD/candles
2021-10-11T00:00:00Z,BTC Markets,AUD,USDT-AUD,1d,1.3712,"reported, not observed",api.btcmarkets.net/v3/markets/USDT-AUD/candles
2021-10-12T00:00:00Z,BTC Markets,AUD,USDT-AUD,1d,1.354,"reported, not observed",api.btcmarkets.net/v3/markets/USDT-AUD/candles
2021-10-13T00:00:00Z,BTC Markets,AUD,USDT-AUD,1d,1.3659,"reported, not observed",api.btcmarkets.net/v3/markets/USDT-AUD/candles
2021-10-14T00:00:00Z,BTC Markets,AUD,USDT-AUD,1d,1.3489,"reported, not observed",api.btcmarkets.net/v3/markets/USDT-AUD/candles
2021-10-15T00:00:00Z,BTC Markets,AUD,USDT-AUD,1d,1.346,"reported, not observed",api.btcmarkets.net/v3/markets/USDT-AUD/candles
2021-10-16T00:00:00Z,BTC Markets,AUD,USDT-AUD,1d,1.3471,"reported, not observed",api.btcmarkets.net/v3/markets/USDT-AUD/candles
2021-10-17T00:00:00Z,BTC Markets,AUD,USDT-AUD,1d,1.3581,"reported, not observed",api.btcmarkets.net/v3/markets/USDT-AUD/candles
2021-10-18T00:00:00Z,BTC Markets,AUD,USDT-AUD,1d,1.352,"reported, not observed",api.btcmarkets.net/v3/markets/USDT-AUD/candles
2021-10-19T00:00:00Z,BTC Markets,AUD,USDT-AUD,1d,1.3436,"reported, not observed",api.btcmarkets.net/v3/markets/USDT-AUD/candles
2021-10-20T00:00:00Z,BTC Markets,AUD,USDT-AUD,1d,1.3369,"reported, not observed",api.btcmarkets.net/v3/markets/USDT-AUD/candles
2021-10-21T00:00:00Z,BTC Markets,AUD,USDT-AUD,1d,1.3398,"reported, not observed",api.btcmarkets.net/v3/markets/USDT-AUD/candles
2021-10-22T00:00:00Z,BTC Markets,AUD,USDT-AUD,1d,1.3405,"reported, not observed",api.btcmarkets.net/v3/markets/USDT-AUD/candles
2021-10-23T00:00:00Z,BTC Markets,AUD,USDT-AUD,1d,1.3385,"reported, not observed",api.btcmarkets.net/v3/markets/USDT-AUD/candles
2021-10-24T00:00:00Z,BTC Markets,AUD,USDT-AUD,1d,1.339,"reported, not observed",api.btcmarkets.net/v3/markets/USDT-AUD/candles
2021-10-25T00:00:00Z,BTC Markets,AUD,USDT-AUD,1d,1.3312,"reported, not observed",api.btcmarkets.net/v3/markets/USDT-AUD/candles
2021-10-26T00:00:00Z,BTC Markets,AUD,USDT-AUD,1d,1.3325,"reported, not observed",api.btcmarkets.net/v3/markets/USDT-AUD/candles
2021-10-27T00:00:00Z,BTC Markets,AUD,USDT-AUD,1d,1.3289,"reported, not observed",api.btcmarkets.net/v3/markets/USDT-AUD/candles
2021-10-28T00:00:00Z,BTC Markets,AUD,USDT-AUD,1d,1.3397,"reported, not observed",api.btcmarkets.net/v3/markets/USDT-AUD/candles
2021-10-29T00:00:00Z,BTC Markets,AUD,USDT-AUD,1d,1.333,"reported, not observed",api.btcmarkets.net/v3/markets/USDT-AUD/candles
2021-10-30T00:00:00Z,BTC Markets,AUD,USDT-AUD,1d,1.3317,"reported, not observed",api.btcmarkets.net/v3/markets/USDT-AUD/candles
2021-10-31T00:00:00Z,BTC Markets,AUD,USDT-AUD,1d,1.335,"reported, not observed",api.btcmarkets.net/v3/markets/USDT-AUD/candles
2021-11-01T00:00:00Z,BTC Markets,AUD,USDT-AUD,1d,1.3391,"reported, not observed",api.btcmarkets.net/v3/markets/USDT-AUD/candles
2021-11-02T00:00:00Z,BTC Markets,AUD,USDT-AUD,1d,1.335,"reported, not observed",api.btcmarkets.net/v3/markets/USDT-AUD/candles
2021-11-03T00:00:00Z,BTC Markets,AUD,USDT-AUD,1d,1.3443,"reported, not observed",api.btcmarkets.net/v3/markets/USDT-AUD/candles
2021-11-04T00:00:00Z,BTC Markets,AUD,USDT-AUD,1d,1.3541,"reported, not observed",api.btcmarkets.net/v3/markets/USDT-AUD/candles
2021-11-05T00:00:00Z,BTC Markets,AUD,USDT-AUD,1d,1.3513,"reported, not observed",api.btcmarkets.net/v3/markets/USDT-AUD/candles
2021-11-06T00:00:00Z,BTC Markets,AUD,USDT-AUD,1d,1.3499,"reported, not observed",api.btcmarkets.net/v3/markets/USDT-AUD/candles
2021-11-07T00:00:00Z,BTC Markets,AUD,USDT-AUD,1d,1.357,"reported, not observed",api.btcmarkets.net/v3/markets/USDT-AUD/candles
2021-11-08T00:00:00Z,BTC Markets,AUD,USDT-AUD,1d,1.3579,"reported, not observed",api.btcmarkets.net/v3/markets/USDT-AUD/candles
2021-11-09T00:00:00Z,BTC Markets,AUD,USDT-AUD,1d,1.3542,"reported, not observed",api.btcmarkets.net/v3/markets/USDT-AUD/candles
2021-11-10T00:00:00Z,BTC Markets,AUD,USDT-AUD,1d,1.3626,"reported, not observed",api.btcmarkets.net/v3/markets/USDT-AUD/candles
2021-11-11T00:00:00Z,BTC Markets,AUD,USDT-AUD,1d,1.3764,"reported, not observed",api.btcmarkets.net/v3/markets/USDT-AUD/candles
2021-11-12T00:00:00Z,BTC Markets,AUD,USDT-AUD,1d,1.366,"reported, not observed",api.btcmarkets.net/v3/markets/USDT-AUD/candles
2021-11-13T00:00:00Z,BTC Markets,AUD,USDT-AUD,1d,1.3753,"reported, not observed",api.btcmarkets.net/v3/markets/USDT-AUD/candles
2021-11-14T00:00:00Z,BTC Markets,AUD,USDT-AUD,1d,1.3708,"reported, not observed",api.btcmarkets.net/v3/markets/USDT-AUD/candles
2021-11-15T00:00:00Z,BTC Markets,AUD,USDT-AUD,1d,1.3687,"reported, not observed",api.btcmarkets.net/v3/markets/USDT-AUD/candles
2021-11-16T00:00:00Z,BTC Markets,AUD,USDT-AUD,1d,1.3779,"reported, not observed",api.btcmarkets.net/v3/markets/USDT-AUD/candles
2021-11-17T00:00:00Z,BTC Markets,AUD,USDT-AUD,1d,1.3819,"reported, not observed",api.btcmarkets.net/v3/markets/USDT-AUD/candles
2021-11-18T00:00:00Z,BTC Markets,AUD,USDT-AUD,1d,1.3807,"reported, not observed",api.btcmarkets.net/v3/markets/USDT-AUD/candles
2021-11-19T00:00:00Z,BTC Markets,AUD,USDT-AUD,1d,1.3818,"reported, not observed",api.btcmarkets.net/v3/markets/USDT-AUD/candles
2021-11-20T00:00:00Z,BTC Markets,AUD,USDT-AUD,1d,1.3904,"reported, not observed",api.btcmarkets.net/v3/markets/USDT-AUD/candles
2021-11-21T00:00:00Z,BTC Markets,AUD,USDT-AUD,1d,1.388,"reported, not observed",api.btcmarkets.net/v3/markets/USDT-AUD/candles
2021-11-22T00:00:00Z,BTC Markets,AUD,USDT-AUD,1d,1.3849,"reported, not observed",api.btcmarkets.net/v3/markets/USDT-AUD/candles
2021-11-23T00:00:00Z,BTC Markets,AUD,USDT-AUD,1d,1.3898,"reported, not observed",api.btcmarkets.net/v3/markets/USDT-AUD/candles
2021-11-24T00:00:00Z,BTC Markets,AUD,USDT-AUD,1d,1.383,"reported, not observed",api.btcmarkets.net/v3/markets/USDT-AUD/candles
2021-11-25T00:00:00Z,BTC Markets,AUD,USDT-AUD,1d,1.39,"reported, not observed",api.btcmarkets.net/v3/markets/USDT-AUD/candles
2021-11-26T00:00:00Z,BTC Markets,AUD,USDT-AUD,1d,1.4177,"reported, not observed",api.btcmarkets.net/v3/markets/USDT-AUD/candles
2021-11-27T00:00:00Z,BTC Markets,AUD,USDT-AUD,1d,1.415,"reported, not observed",api.btcmarkets.net/v3/markets/USDT-AUD/candles
2021-11-28T00:00:00Z,BTC Markets,AUD,USDT-AUD,1d,1.4101,"reported, not observed",api.btcmarkets.net/v3/markets/USDT-AUD/candles
2021-11-29T00:00:00Z,BTC Markets,AUD,USDT-AUD,1d,1.4002,"reported, not observed",api.btcmarkets.net/v3/markets/USDT-AUD/candles
2021-11-30T00:00:00Z,BTC Markets,AUD,USDT-AUD,1d,1.4055,"reported, not observed",api.btcmarkets.net/v3/markets/USDT-AUD/candles
2021-12-01T00:00:00Z,BTC Markets,AUD,USDT-AUD,1d,1.4012,"reported, not observed",api.btcmarkets.net/v3/markets/USDT-AUD/candles
2021-12-02T00:00:00Z,BTC Markets,AUD,USDT-AUD,1d,1.4084,"reported, not observed",api.btcmarkets.net/v3/markets/USDT-AUD/candles
2021-12-03T00:00:00Z,BTC Markets,AUD,USDT-AUD,1d,1.4148,"reported, not observed",api.btcmarkets.net/v3/markets/USDT-AUD/candles
2021-12-04T00:00:00Z,BTC Markets,AUD,USDT-AUD,1d,1.4416,"reported, not observed",api.btcmarkets.net/v3/markets/USDT-AUD/candles
2021-12-05T00:00:00Z,BTC Markets,AUD,USDT-AUD,1d,1.4282,"reported, not observed",api.btcmarkets.net/v3/markets/USDT-AUD/candles
2021-12-06T00:00:00Z,BTC Markets,AUD,USDT-AUD,1d,1.4279,"reported, not observed",api.btcmarkets.net/v3/markets/USDT-AUD/candles
2021-12-07T00:00:00Z,BTC Markets,AUD,USDT-AUD,1d,1.4123,"reported, not observed",api.btcmarkets.net/v3/markets/USDT-AUD/candles
2021-12-08T00:00:00Z,BTC Markets,AUD,USDT-AUD,1d,1.4038,"reported, not observed",api.btcmarkets.net/v3/markets/USDT-AUD/candles
2021-12-09T00:00:00Z,BTC Markets,AUD,USDT-AUD,1d,1.399,"reported, not observed",api.btcmarkets.net/v3/markets/USDT-AUD/candles
2021-12-10T00:00:00Z,BTC Markets,AUD,USDT-AUD,1d,1.4002,"reported, not observed",api.btcmarkets.net/v3/markets/USDT-AUD/candles
2021-12-11T00:00:00Z,BTC Markets,AUD,USDT-AUD,1d,1.3973,"reported, not observed",api.btcmarkets.net/v3/markets/USDT-AUD/candles
2021-12-12T00:00:00Z,BTC Markets,AUD,USDT-AUD,1d,1.3962,"reported, not observed",api.btcmarkets.net/v3/markets/USDT-AUD/candles
2021-12-13T00:00:00Z,BTC Markets,AUD,USDT-AUD,1d,1.4114,"reported, not observed",api.btcmarkets.net/v3/markets/USDT-AUD/candles
2021-12-14T00:00:00Z,BTC Markets,AUD,USDT-AUD,1d,1.4109,"reported, not observed",api.btcmarkets.net/v3/markets/USDT-AUD/candles
2021-12-15T00:00:00Z,BTC Markets,AUD,USDT-AUD,1d,1.402,"reported, not observed",api.btcmarkets.net/v3/markets/USDT-AUD/candles
2021-12-16T00:00:00Z,BTC Markets,AUD,USDT-AUD,1d,1.4,"reported, not observed",api.btcmarkets.net/v3/markets/USDT-AUD/candles
2021-12-17T00:00:00Z,BTC Markets,AUD,USDT-AUD,1d,1.405,"reported, not observed",api.btcmarkets.net/v3/markets/USDT-AUD/candles
2021-12-18T00:00:00Z,BTC Markets,AUD,USDT-AUD,1d,1.4,"reported, not observed",api.btcmarkets.net/v3/markets/USDT-AUD/candles
2021-12-19T00:00:00Z,BTC Markets,AUD,USDT-AUD,1d,1.4074,"reported, not observed",api.btcmarkets.net/v3/markets/USDT-AUD/candles
2021-12-20T00:00:00Z,BTC Markets,AUD,USDT-AUD,1d,1.3996,"reported, not observed",api.btcmarkets.net/v3/markets/USDT-AUD/candles
2021-12-21T00:00:00Z,BTC Markets,AUD,USDT-AUD,1d,1.3952,"reported, not observed",api.btcmarkets.net/v3/markets/USDT-AUD/candles
2021-12-22T00:00:00Z,BTC Markets,AUD,USDT-AUD,1d,1.383,"reported, not observed",api.btcmarkets.net/v3/markets/USDT-AUD/candles
2021-12-23T00:00:00Z,BTC Markets,AUD,USDT-AUD,1d,1.3775,"reported, not observed",api.btcmarkets.net/v3/markets/USDT-AUD/candles
2021-12-24T00:00:00Z,BTC Markets,AUD,USDT-AUD,1d,1.3877,"reported, not observed",api.btcmarkets.net/v3/markets/USDT-AUD/candles
2021-12-25T00:00:00Z,BTC Markets,AUD,USDT-AUD,1d,1.3858,"reported, not observed",api.btcmarkets.net/v3/markets/USDT-AUD/candles
2021-12-26T00:00:00Z,BTC Markets,AUD,USDT-AUD,1d,1.39,"reported, not observed",api.btcmarkets.net/v3/markets/USDT-AUD/candles
2021-12-27T00:00:00Z,BTC Markets,AUD,USDT-AUD,1d,1.3878,"reported, not observed",api.btcmarkets.net/v3/markets/USDT-AUD/candles
2021-12-28T00:00:00Z,BTC Markets,AUD,USDT-AUD,1d,1.3848,"reported, not observed",api.btcmarkets.net/v3/markets/USDT-AUD/candles
2021-12-29T00:00:00Z,BTC Markets,AUD,USDT-AUD,1d,1.3836,"reported, not observed",api.btcmarkets.net/v3/markets/USDT-AUD/candles
2021-12-30T00:00:00Z,BTC Markets,AUD,USDT-AUD,1d,1.386,"reported, not observed",api.btcmarkets.net/v3/markets/USDT-AUD/candles
2021-12-31T00:00:00Z,BTC Markets,AUD,USDT-AUD,1d,1.375,"reported, not observed",api.btcmarkets.net/v3/markets/USDT-AUD/candles
2022-01-01T00:00:00Z,BTC Markets,AUD,USDT-AUD,1d,1.3845,"reported, not observed",api.btcmarkets.net/v3/markets/USDT-AUD/candles
2022-01-02T00:00:00Z,BTC Markets,AUD,USDT-AUD,1d,1.3835,"reported, not observed",api.btcmarkets.net/v3/markets/USDT-AUD/candles
2022-01-03T00:00:00Z,BTC Markets,AUD,USDT-AUD,1d,1.388,"reported, not observed",api.btcmarkets.net/v3/markets/USDT-AUD/candles
2022-01-04T00:00:00Z,BTC Markets,AUD,USDT-AUD,1d,1.378,"reported, not observed",api.btcmarkets.net/v3/markets/USDT-AUD/candles
2022-01-05T00:00:00Z,BTC Markets,AUD,USDT-AUD,1d,1.394,"reported, not observed",api.btcmarkets.net/v3/markets/USDT-AUD/candles
2022-01-06T00:00:00Z,BTC Markets,AUD,USDT-AUD,1d,1.3946,"reported, not observed",api.btcmarkets.net/v3/markets/USDT-AUD/candles
2022-01-07T00:00:00Z,BTC Markets,AUD,USDT-AUD,1d,1.3985,"reported, not observed",api.btcmarkets.net/v3/markets/USDT-AUD/candles
2022-01-08T00:00:00Z,BTC Markets,AUD,USDT-AUD,1d,1.397,"reported, not observed",api.btcmarkets.net/v3/markets/USDT-AUD/candles
2022-01-09T00:00:00Z,BTC Markets,AUD,USDT-AUD,1d,1.395,"reported, not observed",api.btcmarkets.net/v3/markets/USDT-AUD/candles
2022-01-10T00:00:00Z,BTC Markets,AUD,USDT-AUD,1d,1.3989,"reported, not observed",api.btcmarkets.net/v3/markets/USDT-AUD/candles
2022-01-11T00:00:00Z,BTC Markets,AUD,USDT-AUD,1d,1.3976,"reported, not observed",api.btcmarkets.net/v3/markets/USDT-AUD/candles
2022-01-12T00:00:00Z,BTC Markets,AUD,USDT-AUD,1d,1.385,"reported, not observed",api.btcmarkets.net/v3/markets/USDT-AUD/candles
2022-01-13T00:00:00Z,BTC Markets,AUD,USDT-AUD,1d,1.3738,"reported, not observed",api.btcmarkets.net/v3/markets/USDT-AUD/candles
2022-01-14T00:00:00Z,BTC Markets,AUD,USDT-AUD,1d,1.3855,"reported, not observed",api.btcmarkets.net/v3/markets/USDT-AUD/candles
2022-01-15T00:00:00Z,BTC Markets,AUD,USDT-AUD,1d,1.39,"reported, not observed",api.btcmarkets.net/v3/markets/USDT-AUD/candles
2022-01-16T00:00:00Z,BTC Markets,AUD,USDT-AUD,1d,1.3882,"reported, not observed",api.btcmarkets.net/v3/markets/USDT-AUD/candles
2022-01-17T00:00:00Z,BTC Markets,AUD,USDT-AUD,1d,1.386,"reported, not observed",api.btcmarkets.net/v3/markets/USDT-AUD/candles
2022-01-18T00:00:00Z,BTC Markets,AUD,USDT-AUD,1d,1.3942,"reported, not observed",api.btcmarkets.net/v3/markets/USDT-AUD/candles
2022-01-19T00:00:00Z,BTC Markets,AUD,USDT-AUD,1d,1.39,"reported, not observed",api.btcmarkets.net/v3/markets/USDT-AUD/candles
2022-01-20T00:00:00Z,BTC Markets,AUD,USDT-AUD,1d,1.3871,"reported, not observed",api.btcmarkets.net/v3/markets/USDT-AUD/candles
2022-01-21T00:00:00Z,BTC Markets,AUD,USDT-AUD,1d,1.4029,"reported, not observed",api.btcmarkets.net/v3/markets/USDT-AUD/candles
2022-01-22T00:00:00Z,BTC Markets,AUD,USDT-AUD,1d,1.3938,"reported, not observed",api.btcmarkets.net/v3/markets/USDT-AUD/candles
2022-01-23T00:00:00Z,BTC Markets,AUD,USDT-AUD,1d,1.3972,"reported, not observed",api.btcmarkets.net/v3/markets/USDT-AUD/candles
2022-01-24T00:00:00Z,BTC Markets,AUD,USDT-AUD,1d,1.401,"reported, not observed",api.btcmarkets.net/v3/markets/USDT-AUD/candles
2022-01-25T00:00:00Z,BTC Markets,AUD,USDT-AUD,1d,1.4029,"reported, not observed",api.btcmarkets.net/v3/markets/USDT-AUD/candles
2022-01-26T00:00:00Z,BTC Markets,AUD,USDT-AUD,1d,1.4001,"reported, not observed",api.btcmarkets.net/v3/markets/USDT-AUD/candles
2022-01-27T00:00:00Z,BTC Markets,AUD,USDT-AUD,1d,1.4195,"reported, not observed",api.btcmarkets.net/v3/markets/USDT-AUD/candles
2022-01-28T00:00:00Z,BTC Markets,AUD,USDT-AUD,1d,1.4252,"reported, not observed",api.btcmarkets.net/v3/markets/USDT-AUD/candles
2022-01-29T00:00:00Z,BTC Markets,AUD,USDT-AUD,1d,1.4317,"reported, not observed",api.btcmarkets.net/v3/markets/USDT-AUD/candles
2022-01-30T00:00:00Z,BTC Markets,AUD,USDT-AUD,1d,1.4299,"reported, not observed",api.btcmarkets.net/v3/markets/USDT-AUD/candles
2022-01-31T00:00:00Z,BTC Markets,AUD,USDT-AUD,1d,1.409,"reported, not observed",api.btcmarkets.net/v3/markets/USDT-AUD/candles
2022-02-01T00:00:00Z,BTC Markets,AUD,USDT-AUD,1d,1.4036,"reported, not observed",api.btcmarkets.net/v3/markets/USDT-AUD/candles
2022-02-02T00:00:00Z,BTC Markets,AUD,USDT-AUD,1d,1.4059,"reported, not observed",api.btcmarkets.net/v3/markets/USDT-AUD/candles
2022-02-03T00:00:00Z,BTC Markets,AUD,USDT-AUD,1d,1.395,"reported, not observed",api.btcmarkets.net/v3/markets/USDT-AUD/candles
2022-02-04T00:00:00Z,BTC Markets,AUD,USDT-AUD,1d,1.3942,"reported, not observed",api.btcmarkets.net/v3/markets/USDT-AUD/candles
2022-02-05T00:00:00Z,BTC Markets,AUD,USDT-AUD,1d,1.4229,"reported, not observed",api.btcmarkets.net/v3/markets/USDT-AUD/candles
2022-02-06T00:00:00Z,BTC Markets,AUD,USDT-AUD,1d,1.418,"reported, not observed",api.btcmarkets.net/v3/markets/USDT-AUD/candles
2022-02-07T00:00:00Z,BTC Markets,AUD,USDT-AUD,1d,1.4075,"reported, not observed",api.btcmarkets.net/v3/markets/USDT-AUD/candles
2022-02-08T00:00:00Z,BTC Markets,AUD,USDT-AUD,1d,1.4076,"reported, not observed",api.btcmarkets.net/v3/markets/USDT-AUD/candles
2022-02-09T00:00:00Z,BTC Markets,AUD,USDT-AUD,1d,1.3965,"reported, not observed",api.btcmarkets.net/v3/markets/USDT-AUD/candles
2022-02-10T00:00:00Z,BTC Markets,AUD,USDT-AUD,1d,1.3973,"reported, not observed",api.btcmarkets.net/v3/markets/USDT-AUD/candles
2022-02-11T00:00:00Z,BTC Markets,AUD,USDT-AUD,1d,1.4023,"reported, not observed",api.btcmarkets.net/v3/markets/USDT-AUD/candles
2022-02-12T00:00:00Z,BTC Markets,AUD,USDT-AUD,1d,1.3979,"reported, not observed",api.btcmarkets.net/v3/markets/USDT-AUD/candles
2022-02-13T00:00:00Z,BTC Markets,AUD,USDT-AUD,1d,1.401,"reported, not observed",api.btcmarkets.net/v3/markets/USDT-AUD/candles
2022-02-14T00:00:00Z,BTC Markets,AUD,USDT-AUD,1d,1.398,"reported, not observed",api.btcmarkets.net/v3/markets/USDT-AUD/candles
2022-02-15T00:00:00Z,BTC Markets,AUD,USDT-AUD,1d,1.4027,"reported, not observed",api.btcmarkets.net/v3/markets/USDT-AUD/candles
2022-02-16T00:00:00Z,BTC Markets,AUD,USDT-AUD,1d,1.3911,"reported, not observed",api.btcmarkets.net/v3/markets/USDT-AUD/candles
2022-02-17T00:00:00Z,BTC Markets,AUD,USDT-AUD,1d,1.3883,"reported, not observed",api.btcmarkets.net/v3/markets/USDT-AUD/candles
2022-02-18T00:00:00Z,BTC Markets,AUD,USDT-AUD,1d,1.3905,"reported, not observed",api.btcmarkets.net/v3/markets/USDT-AUD/candles
2022-02-19T00:00:00Z,BTC Markets,AUD,USDT-AUD,1d,1.3942,"reported, not observed",api.btcmarkets.net/v3/markets/USDT-AUD/candles
2022-02-20T00:00:00Z,BTC Markets,AUD,USDT-AUD,1d,1.388,"reported, not observed",api.btcmarkets.net/v3/markets/USDT-AUD/candles
2022-02-21T00:00:00Z,BTC Markets,AUD,USDT-AUD,1d,1.3954,"reported, not observed",api.btcmarkets.net/v3/markets/USDT-AUD/candles
2022-02-22T00:00:00Z,BTC Markets,AUD,USDT-AUD,1d,1.3825,"reported, not observed",api.btcmarkets.net/v3/markets/USDT-AUD/candles
2022-02-23T00:00:00Z,BTC Markets,AUD,USDT-AUD,1d,1.382,"reported, not observed",api.btcmarkets.net/v3/markets/USDT-AUD/candles
2022-02-24T00:00:00Z,BTC Markets,AUD,USDT-AUD,1d,1.391,"reported, not observed",api.btcmarkets.net/v3/markets/USDT-AUD/candles
2022-02-25T00:00:00Z,BTC Markets,AUD,USDT-AUD,1d,1.3832,"reported, not observed",api.btcmarkets.net/v3/markets/USDT-AUD/candles
2022-02-26T00:00:00Z,BTC Markets,AUD,USDT-AUD,1d,1.3782,"reported, not observed",api.btcmarkets.net/v3/markets/USDT-AUD/candles
2022-02-27T00:00:00Z,BTC Markets,AUD,USDT-AUD,1d,1.3936,"reported, not observed",api.btcmarkets.net/v3/markets/USDT-AUD/candles
2022-02-28T00:00:00Z,BTC Markets,AUD,USDT-AUD,1d,1.3749,"reported, not observed",api.btcmarkets.net/v3/markets/USDT-AUD/candles
2022-03-01T00:00:00Z,BTC Markets,AUD,USDT-AUD,1d,1.3743,"reported, not observed",api.btcmarkets.net/v3/markets/USDT-AUD/candles
2022-03-02T00:00:00Z,BTC Markets,AUD,USDT-AUD,1d,1.3751,"reported, not observed",api.btcmarkets.net/v3/markets/USDT-AUD/candles
2022-03-03T00:00:00Z,BTC Markets,AUD,USDT-AUD,1d,1.3647,"reported, not observed",api.btcmarkets.net/v3/markets/USDT-AUD/candles
2022-03-04T00:00:00Z,BTC Markets,AUD,USDT-AUD,1d,1.3543,"reported, not observed",api.btcmarkets.net/v3/markets/USDT-AUD/candles
2022-03-05T00:00:00Z,BTC Markets,AUD,USDT-AUD,1d,1.3562,"reported, not observed",api.btcmarkets.net/v3/markets/USDT-AUD/candles
2022-03-06T00:00:00Z,BTC Markets,AUD,USDT-AUD,1d,1.3541,"reported, not observed",api.btcmarkets.net/v3/markets/USDT-AUD/candles
2022-03-07T00:00:00Z,BTC Markets,AUD,USDT-AUD,1d,1.3546,"reported, not observed",api.btcmarkets.net/v3/markets/USDT-AUD/candles
2022-03-08T00:00:00Z,BTC Markets,AUD,USDT-AUD,1d,1.3735,"reported, not observed",api.btcmarkets.net/v3/markets/USDT-AUD/candles
2022-03-09T00:00:00Z,BTC Markets,AUD,USDT-AUD,1d,1.3691,"reported, not observed",api.btcmarkets.net/v3/markets/USDT-AUD/candles
2022-03-10T00:00:00Z,BTC Markets,AUD,USDT-AUD,1d,1.3636,"reported, not observed",api.btcmarkets.net/v3/markets/USDT-AUD/candles
2022-03-11T00:00:00Z,BTC Markets,AUD,USDT-AUD,1d,1.37,"reported, not observed",api.btcmarkets.net/v3/markets/USDT-AUD/candles
2022-03-12T00:00:00Z,BTC Markets,AUD,USDT-AUD,1d,1.37,"reported, not observed",api.btcmarkets.net/v3/markets/USDT-AUD/candles
2022-03-13T00:00:00Z,BTC Markets,AUD,USDT-AUD,1d,1.3721,"reported, not observed",api.btcmarkets.net/v3/markets/USDT-AUD/candles
2022-03-14T00:00:00Z,BTC Markets,AUD,USDT-AUD,1d,1.3849,"reported, not observed",api.btcmarkets.net/v3/markets/USDT-AUD/candles
2022-03-15T00:00:00Z,BTC Markets,AUD,USDT-AUD,1d,1.3844,"reported, not observed",api.btcmarkets.net/v3/markets/USDT-AUD/candles
2022-03-16T00:00:00Z,BTC Markets,AUD,USDT-AUD,1d,1.3699,"reported, not observed",api.btcmarkets.net/v3/markets/USDT-AUD/candles
2022-03-17T00:00:00Z,BTC Markets,AUD,USDT-AUD,1d,1.3534,"reported, not observed",api.btcmarkets.net/v3/markets/USDT-AUD/candles
2022-03-18T00:00:00Z,BTC Markets,AUD,USDT-AUD,1d,1.3539,"reported, not observed",api.btcmarkets.net/v3/markets/USDT-AUD/candles
2022-03-19T00:00:00Z,BTC Markets,AUD,USDT-AUD,1d,1.35,"reported, not observed",api.btcmarkets.net/v3/markets/USDT-AUD/candles
2022-03-20T00:00:00Z,BTC Markets,AUD,USDT-AUD,1d,1.3428,"reported, not observed",api.btcmarkets.net/v3/markets/USDT-AUD/candles
2022-03-21T00:00:00Z,BTC Markets,AUD,USDT-AUD,1d,1.3563,"reported, not observed",api.btcmarkets.net/v3/markets/USDT-AUD/candles
2022-03-22T00:00:00Z,BTC Markets,AUD,USDT-AUD,1d,1.3382,"reported, not observed",api.btcmarkets.net/v3/markets/USDT-AUD/candles
2022-03-23T00:00:00Z,BTC Markets,AUD,USDT-AUD,1d,1.3311,"reported, not observed",api.btcmarkets.net/v3/markets/USDT-AUD/candles
2022-03-24T00:00:00Z,BTC Markets,AUD,USDT-AUD,1d,1.3323,"reported, not observed",api.btcmarkets.net/v3/markets/USDT-AUD/candles
2022-03-25T00:00:00Z,BTC Markets,AUD,USDT-AUD,1d,1.3324,"reported, not observed",api.btcmarkets.net/v3/markets/USDT-AUD/candles
2022-03-26T00:00:00Z,BTC Markets,AUD,USDT-AUD,1d,1.3335,"reported, not observed",api.btcmarkets.net/v3/markets/USDT-AUD/candles
2022-03-27T00:00:00Z,BTC Markets,AUD,USDT-AUD,1d,1.3303,"reported, not observed",api.btcmarkets.net/v3/markets/USDT-AUD/candles
2022-03-28T00:00:00Z,BTC Markets,AUD,USDT-AUD,1d,1.3311,"reported, not observed",api.btcmarkets.net/v3/markets/USDT-AUD/candles
2022-03-29T00:00:00Z,BTC Markets,AUD,USDT-AUD,1d,1.3323,"reported, not observed",api.btcmarkets.net/v3/markets/USDT-AUD/candles
2022-03-30T00:00:00Z,BTC Markets,AUD,USDT-AUD,1d,1.3296,"reported, not observed",api.btcmarkets.net/v3/markets/USDT-AUD/candles
2022-03-31T00:00:00Z,BTC Markets,AUD,USDT-AUD,1d,1.3352,"reported, not observed",api.btcmarkets.net/v3/markets/USDT-AUD/candles
2022-04-01T00:00:00Z,BTC Markets,AUD,USDT-AUD,1d,1.3364,"reported, not observed",api.btcmarkets.net/v3/markets/USDT-AUD/candles
2022-04-02T00:00:00Z,BTC Markets,AUD,USDT-AUD,1d,1.3291,"reported, not observed",api.btcmarkets.net/v3/markets/USDT-AUD/candles
2022-04-03T00:00:00Z,BTC Markets,AUD,USDT-AUD,1d,1.3338,"reported, not observed",api.btcmarkets.net/v3/markets/USDT-AUD/candles
2022-04-04T00:00:00Z,BTC Markets,AUD,USDT-AUD,1d,1.3267,"reported, not observed",api.btcmarkets.net/v3/markets/USDT-AUD/candles
2022-04-05T00:00:00Z,BTC Markets,AUD,USDT-AUD,1d,1.3183,"reported, not observed",api.btcmarkets.net/v3/markets/USDT-AUD/candles
2022-04-06T00:00:00Z,BTC Markets,AUD,USDT-AUD,1d,1.3327,"reported, not observed",api.btcmarkets.net/v3/markets/USDT-AUD/candles
2022-04-07T00:00:00Z,BTC Markets,AUD,USDT-AUD,1d,1.339,"reported, not observed",api.btcmarkets.net/v3/markets/USDT-AUD/candles
2022-04-08T00:00:00Z,BTC Markets,AUD,USDT-AUD,1d,1.348,"reported, not observed",api.btcmarkets.net/v3/markets/USDT-AUD/candles
2022-04-09T00:00:00Z,BTC Markets,AUD,USDT-AUD,1d,1.3446,"reported, not observed",api.btcmarkets.net/v3/markets/USDT-AUD/candles
2022-04-10T00:00:00Z,BTC Markets,AUD,USDT-AUD,1d,1.34,"reported, not observed",api.btcmarkets.net/v3/markets/USDT-AUD/candles
2022-04-11T00:00:00Z,BTC Markets,AUD,USDT-AUD,1d,1.3469,"reported, not observed",api.btcmarkets.net/v3/markets/USDT-AUD/candles
2022-04-12T00:00:00Z,BTC Markets,AUD,USDT-AUD,1d,1.3437,"reported, not observed",api.btcmarkets.net/v3/markets/USDT-AUD/candles
2022-04-13T00:00:00Z,BTC Markets,AUD,USDT-AUD,1d,1.3414,"reported, not observed",api.btcmarkets.net/v3/markets/USDT-AUD/candles
2022-04-14T00:00:00Z,BTC Markets,AUD,USDT-AUD,1d,1.347,"reported, not observed",api.btcmarkets.net/v3/markets/USDT-AUD/candles
2022-04-15T00:00:00Z,BTC Markets,AUD,USDT-AUD,1d,1.3554,"reported, not observed",api.btcmarkets.net/v3/markets/USDT-AUD/candles
2022-04-16T00:00:00Z,BTC Markets,AUD,USDT-AUD,1d,1.3501,"reported, not observed",api.btcmarkets.net/v3/markets/USDT-AUD/candles
2022-04-17T00:00:00Z,BTC Markets,AUD,USDT-AUD,1d,1.3515,"reported, not observed",api.btcmarkets.net/v3/markets/USDT-AUD/candles
2022-04-18T00:00:00Z,BTC Markets,AUD,USDT-AUD,1d,1.3538,"reported, not observed",api.btcmarkets.net/v3/markets/USDT-AUD/candles
2022-04-19T00:00:00Z,BTC Markets,AUD,USDT-AUD,1d,1.3559,"reported, not observed",api.btcmarkets.net/v3/markets/USDT-AUD/candles
2022-04-20T00:00:00Z,BTC Markets,AUD,USDT-AUD,1d,1.3423,"reported, not observed",api.btcmarkets.net/v3/markets/USDT-AUD/candles
2022-04-21T00:00:00Z,BTC Markets,AUD,USDT-AUD,1d,1.3545,"reported, not observed",api.btcmarkets.net/v3/markets/USDT-AUD/candles
2022-04-22T00:00:00Z,BTC Markets,AUD,USDT-AUD,1d,1.3783,"reported, not observed",api.btcmarkets.net/v3/markets/USDT-AUD/candles
2022-04-23T00:00:00Z,BTC Markets,AUD,USDT-AUD,1d,1.373,"reported, not observed",api.btcmarkets.net/v3/markets/USDT-AUD/candles
2022-04-24T00:00:00Z,BTC Markets,AUD,USDT-AUD,1d,1.3799,"reported, not observed",api.btcmarkets.net/v3/markets/USDT-AUD/candles
2022-04-25T00:00:00Z,BTC Markets,AUD,USDT-AUD,1d,1.3918,"reported, not observed",api.btcmarkets.net/v3/markets/USDT-AUD/candles
2022-04-26T00:00:00Z,BTC Markets,AUD,USDT-AUD,1d,1.3982,"reported, not observed",api.btcmarkets.net/v3/markets/USDT-AUD/candles
2022-04-27T00:00:00Z,BTC Markets,AUD,USDT-AUD,1d,1.4005,"reported, not observed",api.btcmarkets.net/v3/markets/USDT-AUD/candles
2022-04-28T00:00:00Z,BTC Markets,AUD,USDT-AUD,1d,1.4016,"reported, not observed",api.btcmarkets.net/v3/markets/USDT-AUD/candles
2022-04-29T00:00:00Z,BTC Markets,AUD,USDT-AUD,1d,1.4181,"reported, not observed",api.btcmarkets.net/v3/markets/USDT-AUD/candles
2022-04-30T00:00:00Z,BTC Markets,AUD,USDT-AUD,1d,1.4145,"reported, not observed",api.btcmarkets.net/v3/markets/USDT-AUD/candles
2022-05-01T00:00:00Z,BTC Markets,AUD,USDT-AUD,1d,1.4115,"reported, not observed",api.btcmarkets.net/v3/markets/USDT-AUD/candles
2022-05-02T00:00:00Z,BTC Markets,AUD,USDT-AUD,1d,1.4151,"reported, not observed",api.btcmarkets.net/v3/markets/USDT-AUD/candles
2022-05-03T00:00:00Z,BTC Markets,AUD,USDT-AUD,1d,1.4065,"reported, not observed",api.btcmarkets.net/v3/markets/USDT-AUD/candles
2022-05-04T00:00:00Z,BTC Markets,AUD,USDT-AUD,1d,1.3759,"reported, not observed",api.btcmarkets.net/v3/markets/USDT-AUD/candles
2022-05-05T00:00:00Z,BTC Markets,AUD,USDT-AUD,1d,1.382,"reported, not observed",api.btcmarkets.net/v3/markets/USDT-AUD/candles
2022-05-06T00:00:00Z,BTC Markets,AUD,USDT-AUD,1d,1.4098,"reported, not observed",api.btcmarkets.net/v3/markets/USDT-AUD/candles
2022-05-07T00:00:00Z,BTC Markets,AUD,USDT-AUD,1d,1.4144,"reported, not observed",api.btcmarkets.net/v3/markets/USDT-AUD/candles
2022-05-08T00:00:00Z,BTC Markets,AUD,USDT-AUD,1d,1.4137,"reported, not observed",api.btcmarkets.net/v3/markets/USDT-AUD/candles
2022-05-09T00:00:00Z,BTC Markets,AUD,USDT-AUD,1d,1.4289,"reported, not observed",api.btcmarkets.net/v3/markets/USDT-AUD/candles
2022-05-10T00:00:00Z,BTC Markets,AUD,USDT-AUD,1d,1.4279,"reported, not observed",api.btcmarkets.net/v3/markets/USDT-AUD/candles
2022-05-11T00:00:00Z,BTC Markets,AUD,USDT-AUD,1d,1.4267,"reported, not observed",api.btcmarkets.net/v3/markets/USDT-AUD/candles
2022-05-12T00:00:00Z,BTC Markets,AUD,USDT-AUD,1d,1.4338,"reported, not observed",api.btcmarkets.net/v3/markets/USDT-AUD/candles
2022-05-13T00:00:00Z,BTC Markets,AUD,USDT-AUD,1d,1.432,"reported, not observed",api.btcmarkets.net/v3/markets/USDT-AUD/candles
2022-05-14T00:00:00Z,BTC Markets,AUD,USDT-AUD,1d,1.4406,"reported, not observed",api.btcmarkets.net/v3/markets/USDT-AUD/candles
2022-05-15T00:00:00Z,BTC Markets,AUD,USDT-AUD,1d,1.4341,"reported, not observed",api.btcmarkets.net/v3/markets/USDT-AUD/candles
2022-05-16T00:00:00Z,BTC Markets,AUD,USDT-AUD,1d,1.4318,"reported, not observed",api.btcmarkets.net/v3/markets/USDT-AUD/candles
2022-05-17T00:00:00Z,BTC Markets,AUD,USDT-AUD,1d,1.4234,"reported, not observed",api.btcmarkets.net/v3/markets/USDT-AUD/candles
2022-05-18T00:00:00Z,BTC Markets,AUD,USDT-AUD,1d,1.43,"reported, not observed",api.btcmarkets.net/v3/markets/USDT-AUD/candles
2022-05-19T00:00:00Z,BTC Markets,AUD,USDT-AUD,1d,1.4116,"reported, not observed",api.btcmarkets.net/v3/markets/USDT-AUD/candles
2022-05-20T00:00:00Z,BTC Markets,AUD,USDT-AUD,1d,1.4195,"reported, not observed",api.btcmarkets.net/v3/markets/USDT-AUD/candles
2022-05-21T00:00:00Z,BTC Markets,AUD,USDT-AUD,1d,1.4205,"reported, not observed",api.btcmarkets.net/v3/markets/USDT-AUD/candles
2022-05-22T00:00:00Z,BTC Markets,AUD,USDT-AUD,1d,1.4133,"reported, not observed",api.btcmarkets.net/v3/markets/USDT-AUD/candles
2022-05-23T00:00:00Z,BTC Markets,AUD,USDT-AUD,1d,1.4045,"reported, not observed",api.btcmarkets.net/v3/markets/USDT-AUD/candles
2022-05-24T00:00:00Z,BTC Markets,AUD,USDT-AUD,1d,1.4018,"reported, not observed",api.btcmarkets.net/v3/markets/USDT-AUD/candles
2022-05-25T00:00:00Z,BTC Markets,AUD,USDT-AUD,1d,1.4069,"reported, not observed",api.btcmarkets.net/v3/markets/USDT-AUD/candles
2022-05-26T00:00:00Z,BTC Markets,AUD,USDT-AUD,1d,1.4077,"reported, not observed",api.btcmarkets.net/v3/markets/USDT-AUD/candles
2022-05-27T00:00:00Z,BTC Markets,AUD,USDT-AUD,1d,1.4022,"reported, not observed",api.btcmarkets.net/v3/markets/USDT-AUD/candles
2022-05-28T00:00:00Z,BTC Markets,AUD,USDT-AUD,1d,1.3929,"reported, not observed",api.btcmarkets.net/v3/markets/USDT-AUD/candles
2022-05-29T00:00:00Z,BTC Markets,AUD,USDT-AUD,1d,1.3933,"reported, not observed",api.btcmarkets.net/v3/markets/USDT-AUD/candles
2022-05-30T00:00:00Z,BTC Markets,AUD,USDT-AUD,1d,1.388,"reported, not observed",api.btcmarkets.net/v3/markets/USDT-AUD/candles
2022-05-31T00:00:00Z,BTC Markets,AUD,USDT-AUD,1d,1.3922,"reported, not observed",api.btcmarkets.net/v3/markets/USDT-AUD/candles
2022-06-01T00:00:00Z,BTC Markets,AUD,USDT-AUD,1d,1.3902,"reported, not observed",api.btcmarkets.net/v3/markets/USDT-AUD/candles
2022-06-02T00:00:00Z,BTC Markets,AUD,USDT-AUD,1d,1.3676,"reported, not observed",api.btcmarkets.net/v3/markets/USDT-AUD/candles
2022-06-03T00:00:00Z,BTC Markets,AUD,USDT-AUD,1d,1.3906,"reported, not observed",api.btcmarkets.net/v3/markets/USDT-AUD/candles
2022-06-04T00:00:00Z,BTC Markets,AUD,USDT-AUD,1d,1.3847,"reported, not observed",api.btcmarkets.net/v3/markets/USDT-AUD/candles
2022-06-05T00:00:00Z,BTC Markets,AUD,USDT-AUD,1d,1.3848,"reported, not observed",api.btcmarkets.net/v3/markets/USDT-AUD/candles
2022-06-06T00:00:00Z,BTC Markets,AUD,USDT-AUD,1d,1.3816,"reported, not observed",api.btcmarkets.net/v3/markets/USDT-AUD/candles
2022-06-07T00:00:00Z,BTC Markets,AUD,USDT-AUD,1d,1.3851,"reported, not observed",api.btcmarkets.net/v3/markets/USDT-AUD/candles
2022-06-08T00:00:00Z,BTC Markets,AUD,USDT-AUD,1d,1.3873,"reported, not observed",api.btcmarkets.net/v3/markets/USDT-AUD/candles
2022-06-09T00:00:00Z,BTC Markets,AUD,USDT-AUD,1d,1.4104,"reported, not observed",api.btcmarkets.net/v3/markets/USDT-AUD/candles
2022-06-10T00:00:00Z,BTC Markets,AUD,USDT-AUD,1d,1.4125,"reported, not observed",api.btcmarkets.net/v3/markets/USDT-AUD/candles
2022-06-11T00:00:00Z,BTC Markets,AUD,USDT-AUD,1d,1.4203,"reported, not observed",api.btcmarkets.net/v3/markets/USDT-AUD/candles
2022-06-12T00:00:00Z,BTC Markets,AUD,USDT-AUD,1d,1.4195,"reported, not observed",api.btcmarkets.net/v3/markets/USDT-AUD/candles
2022-06-13T00:00:00Z,BTC Markets,AUD,USDT-AUD,1d,1.43,"reported, not observed",api.btcmarkets.net/v3/markets/USDT-AUD/candles
2022-06-14T00:00:00Z,BTC Markets,AUD,USDT-AUD,1d,1.443,"reported, not observed",api.btcmarkets.net/v3/markets/USDT-AUD/candles
2022-06-15T00:00:00Z,BTC Markets,AUD,USDT-AUD,1d,1.4273,"reported, not observed",api.btcmarkets.net/v3/markets/USDT-AUD/candles
2022-06-16T00:00:00Z,BTC Markets,AUD,USDT-AUD,1d,1.4027,"reported, not observed",api.btcmarkets.net/v3/markets/USDT-AUD/candles
2022-06-17T00:00:00Z,BTC Markets,AUD,USDT-AUD,1d,1.4351,"reported, not observed",api.btcmarkets.net/v3/markets/USDT-AUD/candles
2022-06-18T00:00:00Z,BTC Markets,AUD,USDT-AUD,1d,1.4421,"reported, not observed",api.btcmarkets.net/v3/markets/USDT-AUD/candles
2022-06-19T00:00:00Z,BTC Markets,AUD,USDT-AUD,1d,1.4375,"reported, not observed",api.btcmarkets.net/v3/markets/USDT-AUD/candles
2022-06-20T00:00:00Z,BTC Markets,AUD,USDT-AUD,1d,1.4304,"reported, not observed",api.btcmarkets.net/v3/markets/USDT-AUD/candles
2022-06-21T00:00:00Z,BTC Markets,AUD,USDT-AUD,1d,1.4392,"reported, not observed",api.btcmarkets.net/v3/markets/USDT-AUD/candles
2022-06-22T00:00:00Z,BTC Markets,AUD,USDT-AUD,1d,1.4444,"reported, not observed",api.btcmarkets.net/v3/markets/USDT-AUD/candles
2022-06-23T00:00:00Z,BTC Markets,AUD,USDT-AUD,1d,1.4485,"reported, not observed",api.btcmarkets.net/v3/markets/USDT-AUD/candles
2022-06-24T00:00:00Z,BTC Markets,AUD,USDT-AUD,1d,1.4378,"reported, not observed",api.btcmarkets.net/v3/markets/USDT-AUD/candles
2022-06-25T00:00:00Z,BTC Markets,AUD,USDT-AUD,1d,1.4333,"reported, not observed",api.btcmarkets.net/v3/markets/USDT-AUD/candles
2022-06-26T00:00:00Z,BTC Markets,AUD,USDT-AUD,1d,1.4381,"reported, not observed",api.btcmarkets.net/v3/markets/USDT-AUD/candles
2022-06-27T00:00:00Z,BTC Markets,AUD,USDT-AUD,1d,1.4443,"reported, not observed",api.btcmarkets.net/v3/markets/USDT-AUD/candles
2022-06-28T00:00:00Z,BTC Markets,AUD,USDT-AUD,1d,1.4389,"reported, not observed",api.btcmarkets.net/v3/markets/USDT-AUD/candles
2022-06-29T00:00:00Z,BTC Markets,AUD,USDT-AUD,1d,1.452,"reported, not observed",api.btcmarkets.net/v3/markets/USDT-AUD/candles
2022-06-30T00:00:00Z,BTC Markets,AUD,USDT-AUD,1d,1.4498,"reported, not observed",api.btcmarkets.net/v3/markets/USDT-AUD/candles
2022-07-01T00:00:00Z,BTC Markets,AUD,USDT-AUD,1d,1.4608,"reported, not observed",api.btcmarkets.net/v3/markets/USDT-AUD/candles
2022-07-02T00:00:00Z,BTC Markets,AUD,USDT-AUD,1d,1.4698,"reported, not observed",api.btcmarkets.net/v3/markets/USDT-AUD/candles
2022-07-03T00:00:00Z,BTC Markets,AUD,USDT-AUD,1d,1.4619,"reported, not observed",api.btcmarkets.net/v3/markets/USDT-AUD/candles
2022-07-04T00:00:00Z,BTC Markets,AUD,USDT-AUD,1d,1.4504,"reported, not observed",api.btcmarkets.net/v3/markets/USDT-AUD/candles
2022-07-05T00:00:00Z,BTC Markets,AUD,USDT-AUD,1d,1.4636,"reported, not observed",api.btcmarkets.net/v3/markets/USDT-AUD/candles
2022-07-06T00:00:00Z,BTC Markets,AUD,USDT-AUD,1d,1.4737,"reported, not observed",api.btcmarkets.net/v3/markets/USDT-AUD/candles
2022-07-07T00:00:00Z,BTC Markets,AUD,USDT-AUD,1d,1.4575,"reported, not observed",api.btcmarkets.net/v3/markets/USDT-AUD/candles
2022-07-08T00:00:00Z,BTC Markets,AUD,USDT-AUD,1d,1.4583,"reported, not observed",api.btcmarkets.net/v3/markets/USDT-AUD/candles
2022-07-09T00:00:00Z,BTC Markets,AUD,USDT-AUD,1d,1.4641,"reported, not observed",api.btcmarkets.net/v3/markets/USDT-AUD/candles
2022-07-10T00:00:00Z,BTC Markets,AUD,USDT-AUD,1d,1.4569,"reported, not observed",api.btcmarkets.net/v3/markets/USDT-AUD/candles
2022-07-11T00:00:00Z,BTC Markets,AUD,USDT-AUD,1d,1.4851,"reported, not observed",api.btcmarkets.net/v3/markets/USDT-AUD/candles
2022-07-12T00:00:00Z,BTC Markets,AUD,USDT-AUD,1d,1.4809,"reported, not observed",api.btcmarkets.net/v3/markets/USDT-AUD/candles
2022-07-13T00:00:00Z,BTC Markets,AUD,USDT-AUD,1d,1.4823,"reported, not observed",api.btcmarkets.net/v3/markets/USDT-AUD/candles
2022-07-14T00:00:00Z,BTC Markets,AUD,USDT-AUD,1d,1.4819,"reported, not observed",api.btcmarkets.net/v3/markets/USDT-AUD/candles
2022-07-15T00:00:00Z,BTC Markets,AUD,USDT-AUD,1d,1.4702,"reported, not observed",api.btcmarkets.net/v3/markets/USDT-AUD/candles
2022-07-16T00:00:00Z,BTC Markets,AUD,USDT-AUD,1d,1.471,"reported, not observed",api.btcmarkets.net/v3/markets/USDT-AUD/candles
2022-07-17T00:00:00Z,BTC Markets,AUD,USDT-AUD,1d,1.4656,"reported, not observed",api.btcmarkets.net/v3/markets/USDT-AUD/candles
2022-07-18T00:00:00Z,BTC Markets,AUD,USDT-AUD,1d,1.473,"reported, not observed",api.btcmarkets.net/v3/markets/USDT-AUD/candles
2022-07-19T00:00:00Z,BTC Markets,AUD,USDT-AUD,1d,1.4522,"reported, not observed",api.btcmarkets.net/v3/markets/USDT-AUD/candles
2022-07-20T00:00:00Z,BTC Markets,AUD,USDT-AUD,1d,1.4559,"reported, not observed",api.btcmarkets.net/v3/markets/USDT-AUD/candles
2022-07-21T00:00:00Z,BTC Markets,AUD,USDT-AUD,1d,1.4422,"reported, not observed",api.btcmarkets.net/v3/markets/USDT-AUD/candles
2022-07-22T00:00:00Z,BTC Markets,AUD,USDT-AUD,1d,1.4438,"reported, not observed",api.btcmarkets.net/v3/markets/USDT-AUD/candles
2022-07-23T00:00:00Z,BTC Markets,AUD,USDT-AUD,1d,1.4478,"reported, not observed",api.btcmarkets.net/v3/markets/USDT-AUD/candles
2022-07-24T00:00:00Z,BTC Markets,AUD,USDT-AUD,1d,1.4469,"reported, not observed",api.btcmarkets.net/v3/markets/USDT-AUD/candles
2022-07-25T00:00:00Z,BTC Markets,AUD,USDT-AUD,1d,1.4464,"reported, not observed",api.btcmarkets.net/v3/markets/USDT-AUD/candles
2022-07-26T00:00:00Z,BTC Markets,AUD,USDT-AUD,1d,1.4413,"reported, not observed",api.btcmarkets.net/v3/markets/USDT-AUD/candles
2022-07-27T00:00:00Z,BTC Markets,AUD,USDT-AUD,1d,1.4293,"reported, not observed",api.btcmarkets.net/v3/markets/USDT-AUD/candles
2022-07-28T00:00:00Z,BTC Markets,AUD,USDT-AUD,1d,1.427,"reported, not observed",api.btcmarkets.net/v3/markets/USDT-AUD/candles
2022-07-29T00:00:00Z,BTC Markets,AUD,USDT-AUD,1d,1.4334,"reported, not observed",api.btcmarkets.net/v3/markets/USDT-AUD/candles
2022-07-30T00:00:00Z,BTC Markets,AUD,USDT-AUD,1d,1.4295,"reported, not observed",api.btcmarkets.net/v3/markets/USDT-AUD/candles
2022-07-31T00:00:00Z,BTC Markets,AUD,USDT-AUD,1d,1.433,"reported, not observed",api.btcmarkets.net/v3/markets/USDT-AUD/candles
2022-08-01T00:00:00Z,BTC Markets,AUD,USDT-AUD,1d,1.4285,"reported, not observed",api.btcmarkets.net/v3/markets/USDT-AUD/candles
2022-08-02T00:00:00Z,BTC Markets,AUD,USDT-AUD,1d,1.448,"reported, not observed",api.btcmarkets.net/v3/markets/USDT-AUD/candles
2022-08-03T00:00:00Z,BTC Markets,AUD,USDT-AUD,1d,1.4435,"reported, not observed",api.btcmarkets.net/v3/markets/USDT-AUD/candles
2022-08-04T00:00:00Z,BTC Markets,AUD,USDT-AUD,1d,1.438,"reported, not observed",api.btcmarkets.net/v3/markets/USDT-AUD/candles
2022-08-05T00:00:00Z,BTC Markets,AUD,USDT-AUD,1d,1.4461,"reported, not observed",api.btcmarkets.net/v3/markets/USDT-AUD/candles
2022-08-06T00:00:00Z,BTC Markets,AUD,USDT-AUD,1d,1.4499,"reported, not observed",api.btcmarkets.net/v3/markets/USDT-AUD/candles
2022-08-07T00:00:00Z,BTC Markets,AUD,USDT-AUD,1d,1.4464,"reported, not observed",api.btcmarkets.net/v3/markets/USDT-AUD/candles
2022-08-08T00:00:00Z,BTC Markets,AUD,USDT-AUD,1d,1.435,"reported, not observed",api.btcmarkets.net/v3/markets/USDT-AUD/candles
2022-08-09T00:00:00Z,BTC Markets,AUD,USDT-AUD,1d,1.441,"reported, not observed",api.btcmarkets.net/v3/markets/USDT-AUD/candles
2022-08-10T00:00:00Z,BTC Markets,AUD,USDT-AUD,1d,1.4159,"reported, not observed",api.btcmarkets.net/v3/markets/USDT-AUD/candles
2022-08-11T00:00:00Z,BTC Markets,AUD,USDT-AUD,1d,1.4117,"reported, not observed",api.btcmarkets.net/v3/markets/USDT-AUD/candles
2022-08-12T00:00:00Z,BTC Markets,AUD,USDT-AUD,1d,1.4054,"reported, not observed",api.btcmarkets.net/v3/markets/USDT-AUD/candles
2022-08-13T00:00:00Z,BTC Markets,AUD,USDT-AUD,1d,1.4031,"reported, not observed",api.btcmarkets.net/v3/markets/USDT-AUD/candles
2022-08-14T00:00:00Z,BTC Markets,AUD,USDT-AUD,1d,1.4065,"reported, not observed",api.btcmarkets.net/v3/markets/USDT-AUD/candles
2022-08-15T00:00:00Z,BTC Markets,AUD,USDT-AUD,1d,1.4214,"reported, not observed",api.btcmarkets.net/v3/markets/USDT-AUD/candles
2022-08-16T00:00:00Z,BTC Markets,AUD,USDT-AUD,1d,1.423,"reported, not observed",api.btcmarkets.net/v3/markets/USDT-AUD/candles
2022-08-17T00:00:00Z,BTC Markets,AUD,USDT-AUD,1d,1.4458,"reported, not observed",api.btcmarkets.net/v3/markets/USDT-AUD/candles
2022-08-18T00:00:00Z,BTC Markets,AUD,USDT-AUD,1d,1.4506,"reported, not observed",api.btcmarkets.net/v3/markets/USDT-AUD/candles
2022-08-19T00:00:00Z,BTC Markets,AUD,USDT-AUD,1d,1.4589,"reported, not observed",api.btcmarkets.net/v3/markets/USDT-AUD/candles
2022-08-20T00:00:00Z,BTC Markets,AUD,USDT-AUD,1d,1.4583,"reported, not observed",api.btcmarkets.net/v3/markets/USDT-AUD/candles
2022-08-21T00:00:00Z,BTC Markets,AUD,USDT-AUD,1d,1.4538,"reported, not observed",api.btcmarkets.net/v3/markets/USDT-AUD/candles
2022-08-22T00:00:00Z,BTC Markets,AUD,USDT-AUD,1d,1.4565,"reported, not observed",api.btcmarkets.net/v3/markets/USDT-AUD/candles
2022-08-23T00:00:00Z,BTC Markets,AUD,USDT-AUD,1d,1.4482,"reported, not observed",api.btcmarkets.net/v3/markets/USDT-AUD/candles
2022-08-24T00:00:00Z,BTC Markets,AUD,USDT-AUD,1d,1.4508,"reported, not observed",api.btcmarkets.net/v3/markets/USDT-AUD/candles
2022-08-25T00:00:00Z,BTC Markets,AUD,USDT-AUD,1d,1.4387,"reported, not observed",api.btcmarkets.net/v3/markets/USDT-AUD/candles
2022-08-26T00:00:00Z,BTC Markets,AUD,USDT-AUD,1d,1.457,"reported, not observed",api.btcmarkets.net/v3/markets/USDT-AUD/candles
2022-08-27T00:00:00Z,BTC Markets,AUD,USDT-AUD,1d,1.4536,"reported, not observed",api.btcmarkets.net/v3/markets/USDT-AUD/candles
2022-08-28T00:00:00Z,BTC Markets,AUD,USDT-AUD,1d,1.4536,"reported, not observed",api.btcmarkets.net/v3/markets/USDT-AUD/candles
2022-08-29T00:00:00Z,BTC Markets,AUD,USDT-AUD,1d,1.4509,"reported, not observed",api.btcmarkets.net/v3/markets/USDT-AUD/candles
2022-08-30T00:00:00Z,BTC Markets,AUD,USDT-AUD,1d,1.461,"reported, not observed",api.btcmarkets.net/v3/markets/USDT-AUD/candles
2022-08-31T00:00:00Z,BTC Markets,AUD,USDT-AUD,1d,1.4667,"reported, not observed",api.btcmarkets.net/v3/markets/USDT-AUD/candles
2022-09-01T00:00:00Z,BTC Markets,AUD,USDT-AUD,1d,1.469,"reported, not observed",api.btcmarkets.net/v3/markets/USDT-AUD/candles
2022-09-02T00:00:00Z,BTC Markets,AUD,USDT-AUD,1d,1.4676,"reported, not observed",api.btcmarkets.net/v3/markets/USDT-AUD/candles
2022-09-03T00:00:00Z,BTC Markets,AUD,USDT-AUD,1d,1.4666,"reported, not observed",api.btcmarkets.net/v3/markets/USDT-AUD/candles
2022-09-04T00:00:00Z,BTC Markets,AUD,USDT-AUD,1d,1.4745,"reported, not observed",api.btcmarkets.net/v3/markets/USDT-AUD/candles
2022-09-05T00:00:00Z,BTC Markets,AUD,USDT-AUD,1d,1.4663,"reported, not observed",api.btcmarkets.net/v3/markets/USDT-AUD/candles
2022-09-06T00:00:00Z,BTC Markets,AUD,USDT-AUD,1d,1.4863,"reported, not observed",api.btcmarkets.net/v3/markets/USDT-AUD/candles
2022-09-07T00:00:00Z,BTC Markets,AUD,USDT-AUD,1d,1.4784,"reported, not observed",api.btcmarkets.net/v3/markets/USDT-AUD/candles
2022-09-08T00:00:00Z,BTC Markets,AUD,USDT-AUD,1d,1.477,"reported, not observed",api.btcmarkets.net/v3/markets/USDT-AUD/candles
2022-09-09T00:00:00Z,BTC Markets,AUD,USDT-AUD,1d,1.463,"reported, not observed",api.btcmarkets.net/v3/markets/USDT-AUD/candles
2022-09-10T00:00:00Z,BTC Markets,AUD,USDT-AUD,1d,1.4636,"reported, not observed",api.btcmarkets.net/v3/markets/USDT-AUD/candles
2022-09-11T00:00:00Z,BTC Markets,AUD,USDT-AUD,1d,1.4628,"reported, not observed",api.btcmarkets.net/v3/markets/USDT-AUD/candles
2022-09-12T00:00:00Z,BTC Markets,AUD,USDT-AUD,1d,1.455,"reported, not observed",api.btcmarkets.net/v3/markets/USDT-AUD/candles
2022-09-13T00:00:00Z,BTC Markets,AUD,USDT-AUD,1d,1.4826,"reported, not observed",api.btcmarkets.net/v3/markets/USDT-AUD/candles
2022-09-14T00:00:00Z,BTC Markets,AUD,USDT-AUD,1d,1.4787,"reported, not observed",api.btcmarkets.net/v3/markets/USDT-AUD/candles
2022-09-15T00:00:00Z,BTC Markets,AUD,USDT-AUD,1d,1.4935,"reported, not observed",api.btcmarkets.net/v3/markets/USDT-AUD/candles
2022-09-16T00:00:00Z,BTC Markets,AUD,USDT-AUD,1d,1.4919,"reported, not observed",api.btcmarkets.net/v3/markets/USDT-AUD/candles
2022-09-17T00:00:00Z,BTC Markets,AUD,USDT-AUD,1d,1.4877,"reported, not observed",api.btcmarkets.net/v3/markets/USDT-AUD/candles
2022-09-18T00:00:00Z,BTC Markets,AUD,USDT-AUD,1d,1.4875,"reported, not observed",api.btcmarkets.net/v3/markets/USDT-AUD/candles
2022-09-19T00:00:00Z,BTC Markets,AUD,USDT-AUD,1d,1.4887,"reported, not observed",api.btcmarkets.net/v3/markets/USDT-AUD/candles
2022-09-20T00:00:00Z,BTC Markets,AUD,USDT-AUD,1d,1.4959,"reported, not observed",api.btcmarkets.net/v3/markets/USDT-AUD/candles
2022-09-21T00:00:00Z,BTC Markets,AUD,USDT-AUD,1d,1.5114,"reported, not observed",api.btcmarkets.net/v3/markets/USDT-AUD/candles
2022-09-22T00:00:00Z,BTC Markets,AUD,USDT-AUD,1d,1.5079,"reported, not observed",api.btcmarkets.net/v3/markets/USDT-AUD/candles
2022-09-23T00:00:00Z,BTC Markets,AUD,USDT-AUD,1d,1.5287,"reported, not observed",api.btcmarkets.net/v3/markets/USDT-AUD/candles
2022-09-24T00:00:00Z,BTC Markets,AUD,USDT-AUD,1d,1.5333,"reported, not observed",api.btcmarkets.net/v3/markets/USDT-AUD/candles
2022-09-25T00:00:00Z,BTC Markets,AUD,USDT-AUD,1d,1.5272,"reported, not observed",api.btcmarkets.net/v3/markets/USDT-AUD/candles
2022-09-26T00:00:00Z,BTC Markets,AUD,USDT-AUD,1d,1.5502,"reported, not observed",api.btcmarkets.net/v3/markets/USDT-AUD/candles
2022-09-27T00:00:00Z,BTC Markets,AUD,USDT-AUD,1d,1.5504,"reported, not observed",api.btcmarkets.net/v3/markets/USDT-AUD/candles
2022-09-28T00:00:00Z,BTC Markets,AUD,USDT-AUD,1d,1.5303,"reported, not observed",api.btcmarkets.net/v3/markets/USDT-AUD/candles
2022-09-29T00:00:00Z,BTC Markets,AUD,USDT-AUD,1d,1.5339,"reported, not observed",api.btcmarkets.net/v3/markets/USDT-AUD/candles
2022-09-30T00:00:00Z,BTC Markets,AUD,USDT-AUD,1d,1.5628,"reported, not observed",api.btcmarkets.net/v3/markets/USDT-AUD/candles
2022-10-01T00:00:00Z,BTC Markets,AUD,USDT-AUD,1d,1.5606,"reported, not observed",api.btcmarkets.net/v3/markets/USDT-AUD/candles
2022-10-02T00:00:00Z,BTC Markets,AUD,USDT-AUD,1d,1.5613,"reported, not observed",api.btcmarkets.net/v3/markets/USDT-AUD/candles
2022-10-03T00:00:00Z,BTC Markets,AUD,USDT-AUD,1d,1.5396,"reported, not observed",api.btcmarkets.net/v3/markets/USDT-AUD/candles
2022-10-04T00:00:00Z,BTC Markets,AUD,USDT-AUD,1d,1.5334,"reported, not observed",api.btcmarkets.net/v3/markets/USDT-AUD/candles
2022-10-05T00:00:00Z,BTC Markets,AUD,USDT-AUD,1d,1.5426,"reported, not observed",api.btcmarkets.net/v3/markets/USDT-AUD/candles
2022-10-06T00:00:00Z,BTC Markets,AUD,USDT-AUD,1d,1.559,"reported, not observed",api.btcmarkets.net/v3/markets/USDT-AUD/candles
2022-10-07T00:00:00Z,BTC Markets,AUD,USDT-AUD,1d,1.5701,"reported, not observed",api.btcmarkets.net/v3/markets/USDT-AUD/candles
2022-10-08T00:00:00Z,BTC Markets,AUD,USDT-AUD,1d,1.5669,"reported, not observed",api.btcmarkets.net/v3/markets/USDT-AUD/candles
2022-10-09T00:00:00Z,BTC Markets,AUD,USDT-AUD,1d,1.5664,"reported, not observed",api.btcmarkets.net/v3/markets/USDT-AUD/candles
2022-10-10T00:00:00Z,BTC Markets,AUD,USDT-AUD,1d,1.5881,"reported, not observed",api.btcmarkets.net/v3/markets/USDT-AUD/candles
2022-10-11T00:00:00Z,BTC Markets,AUD,USDT-AUD,1d,1.5917,"reported, not observed",api.btcmarkets.net/v3/markets/USDT-AUD/candles
2022-10-12T00:00:00Z,BTC Markets,AUD,USDT-AUD,1d,1.5929,"reported, not observed",api.btcmarkets.net/v3/markets/USDT-AUD/candles
2022-10-13T00:00:00Z,BTC Markets,AUD,USDT-AUD,1d,1.5879,"reported, not observed",api.btcmarkets.net/v3/markets/USDT-AUD/candles
2022-10-14T00:00:00Z,BTC Markets,AUD,USDT-AUD,1d,1.613,"reported, not observed",api.btcmarkets.net/v3/markets/USDT-AUD/candles
2022-10-15T00:00:00Z,BTC Markets,AUD,USDT-AUD,1d,1.6108,"reported, not observed",api.btcmarkets.net/v3/markets/USDT-AUD/candles
2022-10-16T00:00:00Z,BTC Markets,AUD,USDT-AUD,1d,1.6035,"reported, not observed",api.btcmarkets.net/v3/markets/USDT-AUD/candles
2022-10-17T00:00:00Z,BTC Markets,AUD,USDT-AUD,1d,1.5895,"reported, not observed",api.btcmarkets.net/v3/markets/USDT-AUD/candles
2022-10-18T00:00:00Z,BTC Markets,AUD,USDT-AUD,1d,1.5827,"reported, not observed",api.btcmarkets.net/v3/markets/USDT-AUD/candles
2022-10-19T00:00:00Z,BTC Markets,AUD,USDT-AUD,1d,1.5969,"reported, not observed",api.btcmarkets.net/v3/markets/USDT-AUD/candles
2022-10-20T00:00:00Z,BTC Markets,AUD,USDT-AUD,1d,1.5936,"reported, not observed",api.btcmarkets.net/v3/markets/USDT-AUD/candles
2022-10-21T00:00:00Z,BTC Markets,AUD,USDT-AUD,1d,1.5722,"reported, not observed",api.btcmarkets.net/v3/markets/USDT-AUD/candles
2022-10-22T00:00:00Z,BTC Markets,AUD,USDT-AUD,1d,1.5703,"reported, not observed",api.btcmarkets.net/v3/markets/USDT-AUD/candles
2022-10-23T00:00:00Z,BTC Markets,AUD,USDT-AUD,1d,1.5702,"reported, not observed",api.btcmarkets.net/v3/markets/USDT-AUD/candles
2022-10-24T00:00:00Z,BTC Markets,AUD,USDT-AUD,1d,1.5787,"reported, not observed",api.btcmarkets.net/v3/markets/USDT-AUD/candles
2022-10-25T00:00:00Z,BTC Markets,AUD,USDT-AUD,1d,1.5668,"reported, not observed",api.btcmarkets.net/v3/markets/USDT-AUD/candles
2022-10-26T00:00:00Z,BTC Markets,AUD,USDT-AUD,1d,1.5386,"reported, not observed",api.btcmarkets.net/v3/markets/USDT-AUD/candles
2022-10-27T00:00:00Z,BTC Markets,AUD,USDT-AUD,1d,1.5478,"reported, not observed",api.btcmarkets.net/v3/markets/USDT-AUD/candles
2022-10-28T00:00:00Z,BTC Markets,AUD,USDT-AUD,1d,1.5611,"reported, not observed",api.btcmarkets.net/v3/markets/USDT-AUD/candles
2022-10-29T00:00:00Z,BTC Markets,AUD,USDT-AUD,1d,1.555,"reported, not observed",api.btcmarkets.net/v3/markets/USDT-AUD/candles
2022-10-30T00:00:00Z,BTC Markets,AUD,USDT-AUD,1d,1.5586,"reported, not observed",api.btcmarkets.net/v3/markets/USDT-AUD/candles
2022-10-31T00:00:00Z,BTC Markets,AUD,USDT-AUD,1d,1.56,"reported, not observed",api.btcmarkets.net/v3/markets/USDT-AUD/candles
2022-11-01T00:00:00Z,BTC Markets,AUD,USDT-AUD,1d,1.5641,"reported, not observed",api.btcmarkets.net/v3/markets/USDT-AUD/candles
2022-11-02T00:00:00Z,BTC Markets,AUD,USDT-AUD,1d,1.5792,"reported, not observed",api.btcmarkets.net/v3/markets/USDT-AUD/candles
2022-11-03T00:00:00Z,BTC Markets,AUD,USDT-AUD,1d,1.5902,"reported, not observed",api.btcmarkets.net/v3/markets/USDT-AUD/candles
2022-11-04T00:00:00Z,BTC Markets,AUD,USDT-AUD,1d,1.5505,"reported, not observed",api.btcmarkets.net/v3/markets/USDT-AUD/candles
2022-11-05T00:00:00Z,BTC Markets,AUD,USDT-AUD,1d,1.5482,"reported, not observed",api.btcmarkets.net/v3/markets/USDT-AUD/candles
2022-11-06T00:00:00Z,BTC Markets,AUD,USDT-AUD,1d,1.5508,"reported, not observed",api.btcmarkets.net/v3/markets/USDT-AUD/candles
2022-11-07T00:00:00Z,BTC Markets,AUD,USDT-AUD,1d,1.5421,"reported, not observed",api.btcmarkets.net/v3/markets/USDT-AUD/candles
2022-11-08T00:00:00Z,BTC Markets,AUD,USDT-AUD,1d,1.54,"reported, not observed",api.btcmarkets.net/v3/markets/USDT-AUD/candles
2022-11-09T00:00:00Z,BTC Markets,AUD,USDT-AUD,1d,1.5521,"reported, not observed",api.btcmarkets.net/v3/markets/USDT-AUD/candles
2022-11-10T00:00:00Z,BTC Markets,AUD,USDT-AUD,1d,1.508,"reported, not observed",api.btcmarkets.net/v3/markets/USDT-AUD/candles
2022-11-11T00:00:00Z,BTC Markets,AUD,USDT-AUD,1d,1.4909,"reported, not observed",api.btcmarkets.net/v3/markets/USDT-AUD/candles
2022-11-12T00:00:00Z,BTC Markets,AUD,USDT-AUD,1d,1.479,"reported, not observed",api.btcmarkets.net/v3/markets/USDT-AUD/candles
2022-11-13T00:00:00Z,BTC Markets,AUD,USDT-AUD,1d,1.4856,"reported, not observed",api.btcmarkets.net/v3/markets/USDT-AUD/candles
2022-11-14T00:00:00Z,BTC Markets,AUD,USDT-AUD,1d,1.4927,"reported, not observed",api.btcmarkets.net/v3/markets/USDT-AUD/candles
2022-11-15T00:00:00Z,BTC Markets,AUD,USDT-AUD,1d,1.4747,"reported, not observed",api.btcmarkets.net/v3/markets/USDT-AUD/candles
2022-11-16T00:00:00Z,BTC Markets,AUD,USDT-AUD,1d,1.4861,"reported, not observed",api.btcmarkets.net/v3/markets/USDT-AUD/candles
2022-11-17T00:00:00Z,BTC Markets,AUD,USDT-AUD,1d,1.4928,"reported, not observed",api.btcmarkets.net/v3/markets/USDT-AUD/candles
2022-11-18T00:00:00Z,BTC Markets,AUD,USDT-AUD,1d,1.4941,"reported, not observed",api.btcmarkets.net/v3/markets/USDT-AUD/candles
2022-11-19T00:00:00Z,BTC Markets,AUD,USDT-AUD,1d,1.4966,"reported, not observed",api.btcmarkets.net/v3/markets/USDT-AUD/candles
2022-11-20T00:00:00Z,BTC Markets,AUD,USDT-AUD,1d,1.492,"reported, not observed",api.btcmarkets.net/v3/markets/USDT-AUD/candles
2022-11-21T00:00:00Z,BTC Markets,AUD,USDT-AUD,1d,1.5102,"reported, not observed",api.btcmarkets.net/v3/markets/USDT-AUD/candles
2022-11-22T00:00:00Z,BTC Markets,AUD,USDT-AUD,1d,1.4982,"reported, not observed",api.btcmarkets.net/v3/markets/USDT-AUD/candles
2022-11-23T00:00:00Z,BTC Markets,AUD,USDT-AUD,1d,1.4831,"reported, not observed",api.btcmarkets.net/v3/markets/USDT-AUD/candles
2022-11-24T00:00:00Z,BTC Markets,AUD,USDT-AUD,1d,1.4765,"reported, not observed",api.btcmarkets.net/v3/markets/USDT-AUD/candles
2022-11-25T00:00:00Z,BTC Markets,AUD,USDT-AUD,1d,1.4837,"reported, not observed",api.btcmarkets.net/v3/markets/USDT-AUD/candles
2022-11-26T00:00:00Z,BTC Markets,AUD,USDT-AUD,1d,1.4832,"reported, not observed",api.btcmarkets.net/v3/markets/USDT-AUD/candles
2022-11-27T00:00:00Z,BTC Markets,AUD,USDT-AUD,1d,1.4836,"reported, not observed",api.btcmarkets.net/v3/markets/USDT-AUD/candles
2022-11-28T00:00:00Z,BTC Markets,AUD,USDT-AUD,1d,1.506,"reported, not observed",api.btcmarkets.net/v3/markets/USDT-AUD/candles
2022-11-29T00:00:00Z,BTC Markets,AUD,USDT-AUD,1d,1.4966,"reported, not observed",api.btcmarkets.net/v3/markets/USDT-AUD/candles
2022-11-30T00:00:00Z,BTC Markets,AUD,USDT-AUD,1d,1.4686,"reported, not observed",api.btcmarkets.net/v3/markets/USDT-AUD/candles
2022-12-01T00:00:00Z,BTC Markets,AUD,USDT-AUD,1d,1.4637,"reported, not observed",api.btcmarkets.net/v3/markets/USDT-AUD/candles
2022-12-02T00:00:00Z,BTC Markets,AUD,USDT-AUD,1d,1.4728,"reported, not observed",api.btcmarkets.net/v3/markets/USDT-AUD/candles
2022-12-03T00:00:00Z,BTC Markets,AUD,USDT-AUD,1d,1.4729,"reported, not observed",api.btcmarkets.net/v3/markets/USDT-AUD/candles
2022-12-04T00:00:00Z,BTC Markets,AUD,USDT-AUD,1d,1.4731,"reported, not observed",api.btcmarkets.net/v3/markets/USDT-AUD/candles
2022-12-05T00:00:00Z,BTC Markets,AUD,USDT-AUD,1d,1.494,"reported, not observed",api.btcmarkets.net/v3/markets/USDT-AUD/candles
2022-12-06T00:00:00Z,BTC Markets,AUD,USDT-AUD,1d,1.4871,"reported, not observed",api.btcmarkets.net/v3/markets/USDT-AUD/candles
2022-12-07T00:00:00Z,BTC Markets,AUD,USDT-AUD,1d,1.4882,"reported, not observed",api.btcmarkets.net/v3/markets/USDT-AUD/candles
2022-12-08T00:00:00Z,BTC Markets,AUD,USDT-AUD,1d,1.4775,"reported, not observed",api.btcmarkets.net/v3/markets/USDT-AUD/candles
2022-12-09T00:00:00Z,BTC Markets,AUD,USDT-AUD,1d,1.4745,"reported, not observed",api.btcmarkets.net/v3/markets/USDT-AUD/candles
2022-12-10T00:00:00Z,BTC Markets,AUD,USDT-AUD,1d,1.4754,"reported, not observed",api.btcmarkets.net/v3/markets/USDT-AUD/candles
2022-12-11T00:00:00Z,BTC Markets,AUD,USDT-AUD,1d,1.4734,"reported, not observed",api.btcmarkets.net/v3/markets/USDT-AUD/candles
2022-12-12T00:00:00Z,BTC Markets,AUD,USDT-AUD,1d,1.4823,"reported, not observed",api.btcmarkets.net/v3/markets/USDT-AUD/candles
2022-12-13T00:00:00Z,BTC Markets,AUD,USDT-AUD,1d,1.457,"reported, not observed",api.btcmarkets.net/v3/markets/USDT-AUD/candles
2022-12-14T00:00:00Z,BTC Markets,AUD,USDT-AUD,1d,1.4557,"reported, not observed",api.btcmarkets.net/v3/markets/USDT-AUD/candles
2022-12-15T00:00:00Z,BTC Markets,AUD,USDT-AUD,1d,1.4908,"reported, not observed",api.btcmarkets.net/v3/markets/USDT-AUD/candles
2022-12-16T00:00:00Z,BTC Markets,AUD,USDT-AUD,1d,1.4901,"reported, not observed",api.btcmarkets.net/v3/markets/USDT-AUD/candles
2022-12-17T00:00:00Z,BTC Markets,AUD,USDT-AUD,1d,1.4909,"reported, not observed",api.btcmarkets.net/v3/markets/USDT-AUD/candles
2022-12-18T00:00:00Z,BTC Markets,AUD,USDT-AUD,1d,1.4879,"reported, not observed",api.btcmarkets.net/v3/markets/USDT-AUD/candles
2022-12-19T00:00:00Z,BTC Markets,AUD,USDT-AUD,1d,1.4955,"reported, not observed",api.btcmarkets.net/v3/markets/USDT-AUD/candles
2022-12-20T00:00:00Z,BTC Markets,AUD,USDT-AUD,1d,1.4905,"reported, not observed",api.btcmarkets.net/v3/markets/USDT-AUD/candles
2022-12-21T00:00:00Z,BTC Markets,AUD,USDT-AUD,1d,1.4858,"reported, not observed",api.btcmarkets.net/v3/markets/USDT-AUD/candles
2022-12-22T00:00:00Z,BTC Markets,AUD,USDT-AUD,1d,1.4973,"reported, not observed",api.btcmarkets.net/v3/markets/USDT-AUD/candles
2022-12-23T00:00:00Z,BTC Markets,AUD,USDT-AUD,1d,1.4923,"reported, not observed",api.btcmarkets.net/v3/markets/USDT-AUD/candles
2022-12-24T00:00:00Z,BTC Markets,AUD,USDT-AUD,1d,1.4891,"reported, not observed",api.btcmarkets.net/v3/markets/USDT-AUD/candles
2022-12-25T00:00:00Z,BTC Markets,AUD,USDT-AUD,1d,1.4943,"reported, not observed",api.btcmarkets.net/v3/markets/USDT-AUD/candles
2022-12-26T00:00:00Z,BTC Markets,AUD,USDT-AUD,1d,1.48,"reported, not observed",api.btcmarkets.net/v3/markets/USDT-AUD/candles
2022-12-27T00:00:00Z,BTC Markets,AUD,USDT-AUD,1d,1.4885,"reported, not observed",api.btcmarkets.net/v3/markets/USDT-AUD/candles
2022-12-28T00:00:00Z,BTC Markets,AUD,USDT-AUD,1d,1.4872,"reported, not observed",api.btcmarkets.net/v3/markets/USDT-AUD/candles
2022-12-29T00:00:00Z,BTC Markets,AUD,USDT-AUD,1d,1.4711,"reported, not observed",api.btcmarkets.net/v3/markets/USDT-AUD/candles
2022-12-30T00:00:00Z,BTC Markets,AUD,USDT-AUD,1d,1.4642,"reported, not observed",api.btcmarkets.net/v3/markets/USDT-AUD/candles
2022-12-31T00:00:00Z,BTC Markets,AUD,USDT-AUD,1d,1.4715,"reported, not observed",api.btcmarkets.net/v3/markets/USDT-AUD/candles
2023-01-01T00:00:00Z,BTC Markets,AUD,USDT-AUD,1d,1.4625,"reported, not observed",api.btcmarkets.net/v3/markets/USDT-AUD/candles
2023-01-02T00:00:00Z,BTC Markets,AUD,USDT-AUD,1d,1.4664,"reported, not observed",api.btcmarkets.net/v3/markets/USDT-AUD/candles
2023-01-03T00:00:00Z,BTC Markets,AUD,USDT-AUD,1d,1.4845,"reported, not observed",api.btcmarkets.net/v3/markets/USDT-AUD/candles
2023-01-04T00:00:00Z,BTC Markets,AUD,USDT-AUD,1d,1.4591,"reported, not observed",api.btcmarkets.net/v3/markets/USDT-AUD/candles
2023-01-05T00:00:00Z,BTC Markets,AUD,USDT-AUD,1d,1.4837,"reported, not observed",api.btcmarkets.net/v3/markets/USDT-AUD/candles
2023-01-06T00:00:00Z,BTC Markets,AUD,USDT-AUD,1d,1.4661,"reported, not observed",api.btcmarkets.net/v3/markets/USDT-AUD/candles
2023-01-07T00:00:00Z,BTC Markets,AUD,USDT-AUD,1d,1.4599,"reported, not observed",api.btcmarkets.net/v3/markets/USDT-AUD/candles
2023-01-08T00:00:00Z,BTC Markets,AUD,USDT-AUD,1d,1.4528,"reported, not observed",api.btcmarkets.net/v3/markets/USDT-AUD/candles
2023-01-09T00:00:00Z,BTC Markets,AUD,USDT-AUD,1d,1.4488,"reported, not observed",api.btcmarkets.net/v3/markets/USDT-AUD/candles
2023-01-10T00:00:00Z,BTC Markets,AUD,USDT-AUD,1d,1.4534,"reported, not observed",api.btcmarkets.net/v3/markets/USDT-AUD/candles
2023-01-11T00:00:00Z,BTC Markets,AUD,USDT-AUD,1d,1.448,"reported, not observed",api.btcmarkets.net/v3/markets/USDT-AUD/candles
2023-01-12T00:00:00Z,BTC Markets,AUD,USDT-AUD,1d,1.4362,"reported, not observed",api.btcmarkets.net/v3/markets/USDT-AUD/candles
2023-01-13T00:00:00Z,BTC Markets,AUD,USDT-AUD,1d,1.4308,"reported, not observed",api.btcmarkets.net/v3/markets/USDT-AUD/candles
2023-01-14T00:00:00Z,BTC Markets,AUD,USDT-AUD,1d,1.4284,"reported, not observed",api.btcmarkets.net/v3/markets/USDT-AUD/candles
2023-01-15T00:00:00Z,BTC Markets,AUD,USDT-AUD,1d,1.433,"reported, not observed",api.btcmarkets.net/v3/markets/USDT-AUD/candles
2023-01-16T00:00:00Z,BTC Markets,AUD,USDT-AUD,1d,1.435,"reported, not observed",api.btcmarkets.net/v3/markets/USDT-AUD/candles
2023-01-17T00:00:00Z,BTC Markets,AUD,USDT-AUD,1d,1.4332,"reported, not observed",api.btcmarkets.net/v3/markets/USDT-AUD/candles
2023-01-18T00:00:00Z,BTC Markets,AUD,USDT-AUD,1d,1.4419,"reported, not observed",api.btcmarkets.net/v3/markets/USDT-AUD/candles
2023-01-19T00:00:00Z,BTC Markets,AUD,USDT-AUD,1d,1.4466,"reported, not observed",api.btcmarkets.net/v3/markets/USDT-AUD/candles
2023-01-20T00:00:00Z,BTC Markets,AUD,USDT-AUD,1d,1.4386,"reported, not observed",api.btcmarkets.net/v3/markets/USDT-AUD/candles
2023-01-21T00:00:00Z,BTC Markets,AUD,USDT-AUD,1d,1.4414,"reported, not observed",api.btcmarkets.net/v3/markets/USDT-AUD/candles
2023-01-22T00:00:00Z,BTC Markets,AUD,USDT-AUD,1d,1.4309,"reported, not observed",api.btcmarkets.net/v3/markets/USDT-AUD/candles
2023-01-23T00:00:00Z,BTC Markets,AUD,USDT-AUD,1d,1.4249,"reported, not observed",api.btcmarkets.net/v3/markets/USDT-AUD/candles
2023-01-24T00:00:00Z,BTC Markets,AUD,USDT-AUD,1d,1.425,"reported, not observed",api.btcmarkets.net/v3/markets/USDT-AUD/candles
2023-01-25T00:00:00Z,BTC Markets,AUD,USDT-AUD,1d,1.4129,"reported, not observed",api.btcmarkets.net/v3/markets/USDT-AUD/candles
2023-01-26T00:00:00Z,BTC Markets,AUD,USDT-AUD,1d,1.4096,"reported, not observed",api.btcmarkets.net/v3/markets/USDT-AUD/candles
2023-01-27T00:00:00Z,BTC Markets,AUD,USDT-AUD,1d,1.4149,"reported, not observed",api.btcmarkets.net/v3/markets/USDT-AUD/candles
2023-01-28T00:00:00Z,BTC Markets,AUD,USDT-AUD,1d,1.4112,"reported, not observed",api.btcmarkets.net/v3/markets/USDT-AUD/candles
2023-01-29T00:00:00Z,BTC Markets,AUD,USDT-AUD,1d,1.4131,"reported, not observed",api.btcmarkets.net/v3/markets/USDT-AUD/candles
2023-01-30T00:00:00Z,BTC Markets,AUD,USDT-AUD,1d,1.4227,"reported, not observed",api.btcmarkets.net/v3/markets/USDT-AUD/candles
2023-01-31T00:00:00Z,BTC Markets,AUD,USDT-AUD,1d,1.4257,"reported, not observed",api.btcmarkets.net/v3/markets/USDT-AUD/candles
2023-02-01T00:00:00Z,BTC Markets,AUD,USDT-AUD,1d,1.405,"reported, not observed",api.btcmarkets.net/v3/markets/USDT-AUD/candles
2023-02-02T00:00:00Z,BTC Markets,AUD,USDT-AUD,1d,1.4181,"reported, not observed",api.btcmarkets.net/v3/markets/USDT-AUD/candles
2023-02-03T00:00:00Z,BTC Markets,AUD,USDT-AUD,1d,1.4412,"reported, not observed",api.btcmarkets.net/v3/markets/USDT-AUD/candles
2023-02-04T00:00:00Z,BTC Markets,AUD,USDT-AUD,1d,1.4419,"reported, not observed",api.btcmarkets.net/v3/markets/USDT-AUD/candles
2023-02-05T00:00:00Z,BTC Markets,AUD,USDT-AUD,1d,1.4452,"reported, not observed",api.btcmarkets.net/v3/markets/USDT-AUD/candles
2023-02-06T00:00:00Z,BTC Markets,AUD,USDT-AUD,1d,1.4502,"reported, not observed",api.btcmarkets.net/v3/markets/USDT-AUD/candles
2023-02-07T00:00:00Z,BTC Markets,AUD,USDT-AUD,1d,1.4441,"reported, not observed",api.btcmarkets.net/v3/markets/USDT-AUD/candles
2023-02-08T00:00:00Z,BTC Markets,AUD,USDT-AUD,1d,1.4481,"reported, not observed",api.btcmarkets.net/v3/markets/USDT-AUD/candles
2023-02-09T00:00:00Z,BTC Markets,AUD,USDT-AUD,1d,1.4414,"reported, not observed",api.btcmarkets.net/v3/markets/USDT-AUD/candles
2023-02-10T00:00:00Z,BTC Markets,AUD,USDT-AUD,1d,1.4442,"reported, not observed",api.btcmarkets.net/v3/markets/USDT-AUD/candles
2023-02-11T00:00:00Z,BTC Markets,AUD,USDT-AUD,1d,1.4531,"reported, not observed",api.btcmarkets.net/v3/markets/USDT-AUD/candles
2023-02-12T00:00:00Z,BTC Markets,AUD,USDT-AUD,1d,1.4476,"reported, not observed",api.btcmarkets.net/v3/markets/USDT-AUD/candles
2023-02-13T00:00:00Z,BTC Markets,AUD,USDT-AUD,1d,1.4316,"reported, not observed",api.btcmarkets.net/v3/markets/USDT-AUD/candles
2023-02-14T00:00:00Z,BTC Markets,AUD,USDT-AUD,1d,1.4319,"reported, not observed",api.btcmarkets.net/v3/markets/USDT-AUD/candles
2023-02-15T00:00:00Z,BTC Markets,AUD,USDT-AUD,1d,1.4469,"reported, not observed",api.btcmarkets.net/v3/markets/USDT-AUD/candles
2023-02-16T00:00:00Z,BTC Markets,AUD,USDT-AUD,1d,1.4532,"reported, not observed",api.btcmarkets.net/v3/markets/USDT-AUD/candles
2023-02-17T00:00:00Z,BTC Markets,AUD,USDT-AUD,1d,1.4498,"reported, not observed",api.btcmarkets.net/v3/markets/USDT-AUD/candles
2023-02-18T00:00:00Z,BTC Markets,AUD,USDT-AUD,1d,1.4554,"reported, not observed",api.btcmarkets.net/v3/markets/USDT-AUD/candles
2023-02-19T00:00:00Z,BTC Markets,AUD,USDT-AUD,1d,1.4594,"reported, not observed",api.btcmarkets.net/v3/markets/USDT-AUD/candles
2023-02-20T00:00:00Z,BTC Markets,AUD,USDT-AUD,1d,1.4479,"reported, not observed",api.btcmarkets.net/v3/markets/USDT-AUD/candles
2023-02-21T00:00:00Z,BTC Markets,AUD,USDT-AUD,1d,1.4579,"reported, not observed",api.btcmarkets.net/v3/markets/USDT-AUD/candles
2023-02-22T00:00:00Z,BTC Markets,AUD,USDT-AUD,1d,1.4709,"reported, not observed",api.btcmarkets.net/v3/markets/USDT-AUD/candles
2023-02-23T00:00:00Z,BTC Markets,AUD,USDT-AUD,1d,1.4733,"reported, not observed",api.btcmarkets.net/v3/markets/USDT-AUD/candles
2023-02-24T00:00:00Z,BTC Markets,AUD,USDT-AUD,1d,1.4901,"reported, not observed",api.btcmarkets.net/v3/markets/USDT-AUD/candles
2023-02-25T00:00:00Z,BTC Markets,AUD,USDT-AUD,1d,1.4909,"reported, not observed",api.btcmarkets.net/v3/markets/USDT-AUD/candles
2023-02-26T00:00:00Z,BTC Markets,AUD,USDT-AUD,1d,1.4831,"reported, not observed",api.btcmarkets.net/v3/markets/USDT-AUD/candles
2023-02-27T00:00:00Z,BTC Markets,AUD,USDT-AUD,1d,1.4853,"reported, not observed",api.btcmarkets.net/v3/markets/USDT-AUD/candles
2023-02-28T00:00:00Z,BTC Markets,AUD,USDT-AUD,1d,1.4816,"reported, not observed",api.btcmarkets.net/v3/markets/USDT-AUD/candles
2023-03-01T00:00:00Z,BTC Markets,AUD,USDT-AUD,1d,1.4805,"reported, not observed",api.btcmarkets.net/v3/markets/USDT-AUD/candles
2023-03-02T00:00:00Z,BTC Markets,AUD,USDT-AUD,1d,1.4842,"reported, not observed",api.btcmarkets.net/v3/markets/USDT-AUD/candles
2023-03-03T00:00:00Z,BTC Markets,AUD,USDT-AUD,1d,1.475,"reported, not observed",api.btcmarkets.net/v3/markets/USDT-AUD/candles
2023-03-04T00:00:00Z,BTC Markets,AUD,USDT-AUD,1d,1.4815,"reported, not observed",api.btcmarkets.net/v3/markets/USDT-AUD/candles
2023-03-05T00:00:00Z,BTC Markets,AUD,USDT-AUD,1d,1.4791,"reported, not observed",api.btcmarkets.net/v3/markets/USDT-AUD/candles
2023-03-06T00:00:00Z,BTC Markets,AUD,USDT-AUD,1d,1.4833,"reported, not observed",api.btcmarkets.net/v3/markets/USDT-AUD/candles
2023-03-07T00:00:00Z,BTC Markets,AUD,USDT-AUD,1d,1.513,"reported, not observed",api.btcmarkets.net/v3/markets/USDT-AUD/candles
2023-03-08T00:00:00Z,BTC Markets,AUD,USDT-AUD,1d,1.5175,"reported, not observed",api.btcmarkets.net/v3/markets/USDT-AUD/candles
2023-03-09T00:00:00Z,BTC Markets,AUD,USDT-AUD,1d,1.5187,"reported, not observed",api.btcmarkets.net/v3/markets/USDT-AUD/candles
2023-03-10T00:00:00Z,BTC Markets,AUD,USDT-AUD,1d,1.525,"reported, not observed",api.btcmarkets.net/v3/markets/USDT-AUD/candles
2023-03-11T00:00:00Z,BTC Markets,AUD,USDT-AUD,1d,1.505,"reported, not observed",api.btcmarkets.net/v3/markets/USDT-AUD/candles
2023-03-12T00:00:00Z,BTC Markets,AUD,USDT-AUD,1d,1.5004,"reported, not observed",api.btcmarkets.net/v3/markets/USDT-AUD/candles
2023-03-13T00:00:00Z,BTC Markets,AUD,USDT-AUD,1d,1.4884,"reported, not observed",api.btcmarkets.net/v3/markets/USDT-AUD/candles
2023-03-14T00:00:00Z,BTC Markets,AUD,USDT-AUD,1d,1.4906,"reported, not observed",api.btcmarkets.net/v3/markets/USDT-AUD/candles
2023-03-15T00:00:00Z,BTC Markets,AUD,USDT-AUD,1d,1.5176,"reported, not observed",api.btcmarkets.net/v3/markets/USDT-AUD/candles
2023-03-16T00:00:00Z,BTC Markets,AUD,USDT-AUD,1d,1.5013,"reported, not observed",api.btcmarkets.net/v3/markets/USDT-AUD/candles
2023-03-17T00:00:00Z,BTC Markets,AUD,USDT-AUD,1d,1.4947,"reported, not observed",api.btcmarkets.net/v3/markets/USDT-AUD/candles
2023-03-18T00:00:00Z,BTC Markets,AUD,USDT-AUD,1d,1.4982,"reported, not observed",api.btcmarkets.net/v3/markets/USDT-AUD/candles
2023-03-19T00:00:00Z,BTC Markets,AUD,USDT-AUD,1d,1.4952,"reported, not observed",api.btcmarkets.net/v3/markets/USDT-AUD/candles
2023-03-20T00:00:00Z,BTC Markets,AUD,USDT-AUD,1d,1.4925,"reported, not observed",api.btcmarkets.net/v3/markets/USDT-AUD/candles
2023-03-21T00:00:00Z,BTC Markets,AUD,USDT-AUD,1d,1.4957,"reported, not observed",api.btcmarkets.net/v3/markets/USDT-AUD/candles
2023-03-22T00:00:00Z,BTC Markets,AUD,USDT-AUD,1d,1.4977,"reported, not observed",api.btcmarkets.net/v3/markets/USDT-AUD/candles
2023-03-23T00:00:00Z,BTC Markets,AUD,USDT-AUD,1d,1.4958,"reported, not observed",api.btcmarkets.net/v3/markets/USDT-AUD/candles
2023-03-24T00:00:00Z,BTC Markets,AUD,USDT-AUD,1d,1.506,"reported, not observed",api.btcmarkets.net/v3/markets/USDT-AUD/candles
2023-03-25T00:00:00Z,BTC Markets,AUD,USDT-AUD,1d,1.5077,"reported, not observed",api.btcmarkets.net/v3/markets/USDT-AUD/candles
2023-03-26T00:00:00Z,BTC Markets,AUD,USDT-AUD,1d,1.5006,"reported, not observed",api.btcmarkets.net/v3/markets/USDT-AUD/candles
2023-03-27T00:00:00Z,BTC Markets,AUD,USDT-AUD,1d,1.498,"reported, not observed",api.btcmarkets.net/v3/markets/USDT-AUD/candles
2023-03-28T00:00:00Z,BTC Markets,AUD,USDT-AUD,1d,1.4929,"reported, not observed",api.btcmarkets.net/v3/markets/USDT-AUD/candles
2023-03-29T00:00:00Z,BTC Markets,AUD,USDT-AUD,1d,1.492,"reported, not observed",api.btcmarkets.net/v3/markets/USDT-AUD/candles
2023-03-30T00:00:00Z,BTC Markets,AUD,USDT-AUD,1d,1.4919,"reported, not observed",api.btcmarkets.net/v3/markets/USDT-AUD/candles
2023-03-31T00:00:00Z,BTC Markets,AUD,USDT-AUD,1d,1.4978,"reported, not observed",api.btcmarkets.net/v3/markets/USDT-AUD/candles
2023-04-01T00:00:00Z,BTC Markets,AUD,USDT-AUD,1d,1.4964,"reported, not observed",api.btcmarkets.net/v3/markets/USDT-AUD/candles
2023-04-02T00:00:00Z,BTC Markets,AUD,USDT-AUD,1d,1.5,"reported, not observed",api.btcmarkets.net/v3/markets/USDT-AUD/candles
2023-04-03T00:00:00Z,BTC Markets,AUD,USDT-AUD,1d,1.4701,"reported, not observed",api.btcmarkets.net/v3/markets/USDT-AUD/candles
2023-04-04T00:00:00Z,BTC Markets,AUD,USDT-AUD,1d,1.4814,"reported, not observed",api.btcmarkets.net/v3/markets/USDT-AUD/candles
2023-04-05T00:00:00Z,BTC Markets,AUD,USDT-AUD,1d,1.4869,"reported, not observed",api.btcmarkets.net/v3/markets/USDT-AUD/candles
2023-04-06T00:00:00Z,BTC Markets,AUD,USDT-AUD,1d,1.4996,"reported, not observed",api.btcmarkets.net/v3/markets/USDT-AUD/candles
2023-04-07T00:00:00Z,BTC Markets,AUD,USDT-AUD,1d,1.4982,"reported, not observed",api.btcmarkets.net/v3/markets/USDT-AUD/candles
2023-04-08T00:00:00Z,BTC Markets,AUD,USDT-AUD,1d,1.4969,"reported, not observed",api.btcmarkets.net/v3/markets/USDT-AUD/candles
2023-04-09T00:00:00Z,BTC Markets,AUD,USDT-AUD,1d,1.4956,"reported, not observed",api.btcmarkets.net/v3/markets/USDT-AUD/candles
2023-04-10T00:00:00Z,BTC Markets,AUD,USDT-AUD,1d,1.5045,"reported, not observed",api.btcmarkets.net/v3/markets/USDT-AUD/candles
2023-04-11T00:00:00Z,BTC Markets,AUD,USDT-AUD,1d,1.4998,"reported, not observed",api.btcmarkets.net/v3/markets/USDT-AUD/candles
2023-04-12T00:00:00Z,BTC Markets,AUD,USDT-AUD,1d,1.4934,"reported, not observed",api.btcmarkets.net/v3/markets/USDT-AUD/candles
2023-04-13T00:00:00Z,BTC Markets,AUD,USDT-AUD,1d,1.4724,"reported, not observed",api.btcmarkets.net/v3/markets/USDT-AUD/candles
2023-04-14T00:00:00Z,BTC Markets,AUD,USDT-AUD,1d,1.4878,"reported, not observed",api.btcmarkets.net/v3/markets/USDT-AUD/candles
2023-04-15T00:00:00Z,BTC Markets,AUD,USDT-AUD,1d,1.491,"reported, not observed",api.btcmarkets.net/v3/markets/USDT-AUD/candles
2023-04-16T00:00:00Z,BTC Markets,AUD,USDT-AUD,1d,1.4939,"reported, not observed",api.btcmarkets.net/v3/markets/USDT-AUD/candles
2023-04-17T00:00:00Z,BTC Markets,AUD,USDT-AUD,1d,1.4855,"reported, not observed",api.btcmarkets.net/v3/markets/USDT-AUD/candles
2023-04-18T00:00:00Z,BTC Markets,AUD,USDT-AUD,1d,1.4833,"reported, not observed",api.btcmarkets.net/v3/markets/USDT-AUD/candles
2023-04-19T00:00:00Z,BTC Markets,AUD,USDT-AUD,1d,1.4926,"reported, not observed",api.btcmarkets.net/v3/markets/USDT-AUD/candles
2023-04-20T00:00:00Z,BTC Markets,AUD,USDT-AUD,1d,1.4791,"reported, not observed",api.btcmarkets.net/v3/markets/USDT-AUD/candles
2023-04-21T00:00:00Z,BTC Markets,AUD,USDT-AUD,1d,1.497,"reported, not observed",api.btcmarkets.net/v3/markets/USDT-AUD/candles
2023-04-22T00:00:00Z,BTC Markets,AUD,USDT-AUD,1d,1.499,"reported, not observed",api.btcmarkets.net/v3/markets/USDT-AUD/candles
2023-04-23T00:00:00Z,BTC Markets,AUD,USDT-AUD,1d,1.5024,"reported, not observed",api.btcmarkets.net/v3/markets/USDT-AUD/candles
2023-04-24T00:00:00Z,BTC Markets,AUD,USDT-AUD,1d,1.4901,"reported, not observed",api.btcmarkets.net/v3/markets/USDT-AUD/candles
2023-04-25T00:00:00Z,BTC Markets,AUD,USDT-AUD,1d,1.504,"reported, not observed",api.btcmarkets.net/v3/markets/USDT-AUD/candles
2023-04-26T00:00:00Z,BTC Markets,AUD,USDT-AUD,1d,1.5132,"reported, not observed",api.btcmarkets.net/v3/markets/USDT-AUD/candles
2023-04-27T00:00:00Z,BTC Markets,AUD,USDT-AUD,1d,1.5102,"reported, not observed",api.btcmarkets.net/v3/markets/USDT-AUD/candles
2023-04-28T00:00:00Z,BTC Markets,AUD,USDT-AUD,1d,1.5089,"reported, not observed",api.btcmarkets.net/v3/markets/USDT-AUD/candles
2023-04-29T00:00:00Z,BTC Markets,AUD,USDT-AUD,1d,1.5164,"reported, not observed",api.btcmarkets.net/v3/markets/USDT-AUD/candles
2023-04-30T00:00:00Z,BTC Markets,AUD,USDT-AUD,1d,1.5079,"reported, not observed",api.btcmarkets.net/v3/markets/USDT-AUD/candles
2023-05-01T00:00:00Z,BTC Markets,AUD,USDT-AUD,1d,1.5078,"reported, not observed",api.btcmarkets.net/v3/markets/USDT-AUD/candles
2023-05-02T00:00:00Z,BTC Markets,AUD,USDT-AUD,1d,1.5029,"reported, not observed",api.btcmarkets.net/v3/markets/USDT-AUD/candles
2023-05-03T00:00:00Z,BTC Markets,AUD,USDT-AUD,1d,1.5047,"reported, not observed",api.btcmarkets.net/v3/markets/USDT-AUD/candles
2023-05-04T00:00:00Z,BTC Markets,AUD,USDT-AUD,1d,1.4934,"reported, not observed",api.btcmarkets.net/v3/markets/USDT-AUD/candles
2023-05-05T00:00:00Z,BTC Markets,AUD,USDT-AUD,1d,1.486,"reported, not observed",api.btcmarkets.net/v3/markets/USDT-AUD/candles
2023-05-06T00:00:00Z,BTC Markets,AUD,USDT-AUD,1d,1.4902,"reported, not observed",api.btcmarkets.net/v3/markets/USDT-AUD/candles
2023-05-07T00:00:00Z,BTC Markets,AUD,USDT-AUD,1d,1.4878,"reported, not observed",api.btcmarkets.net/v3/markets/USDT-AUD/candles
2023-05-08T00:00:00Z,BTC Markets,AUD,USDT-AUD,1d,1.4773,"reported, not observed",api.btcmarkets.net/v3/markets/USDT-AUD/candles
2023-05-09T00:00:00Z,BTC Markets,AUD,USDT-AUD,1d,1.4823,"reported, not observed",api.btcmarkets.net/v3/markets/USDT-AUD/candles
2023-05-10T00:00:00Z,BTC Markets,AUD,USDT-AUD,1d,1.4774,"reported, not observed",api.btcmarkets.net/v3/markets/USDT-AUD/candles
2023-05-11T00:00:00Z,BTC Markets,AUD,USDT-AUD,1d,1.4985,"reported, not observed",api.btcmarkets.net/v3/markets/USDT-AUD/candles
2023-05-12T00:00:00Z,BTC Markets,AUD,USDT-AUD,1d,1.498,"reported, not observed",api.btcmarkets.net/v3/markets/USDT-AUD/candles
2023-05-13T00:00:00Z,BTC Markets,AUD,USDT-AUD,1d,1.5072,"reported, not observed",api.btcmarkets.net/v3/markets/USDT-AUD/candles
2023-05-14T00:00:00Z,BTC Markets,AUD,USDT-AUD,1d,1.5033,"reported, not observed",api.btcmarkets.net/v3/markets/USDT-AUD/candles
2023-05-15T00:00:00Z,BTC Markets,AUD,USDT-AUD,1d,1.4897,"reported, not observed",api.btcmarkets.net/v3/markets/USDT-AUD/candles
2023-05-16T00:00:00Z,BTC Markets,AUD,USDT-AUD,1d,1.4998,"reported, not observed",api.btcmarkets.net/v3/markets/USDT-AUD/candles
2023-05-17T00:00:00Z,BTC Markets,AUD,USDT-AUD,1d,1.5032,"reported, not observed",api.btcmarkets.net/v3/markets/USDT-AUD/candles
2023-05-18T00:00:00Z,BTC Markets,AUD,USDT-AUD,1d,1.5096,"reported, not observed",api.btcmarkets.net/v3/markets/USDT-AUD/candles
2023-05-19T00:00:00Z,BTC Markets,AUD,USDT-AUD,1d,1.4957,"reported, not observed",api.btcmarkets.net/v3/markets/USDT-AUD/candles
2023-05-20T00:00:00Z,BTC Markets,AUD,USDT-AUD,1d,1.4992,"reported, not observed",api.btcmarkets.net/v3/markets/USDT-AUD/candles
2023-05-21T00:00:00Z,BTC Markets,AUD,USDT-AUD,1d,1.4962,"reported, not observed",api.btcmarkets.net/v3/markets/USDT-AUD/candles
2023-05-22T00:00:00Z,BTC Markets,AUD,USDT-AUD,1d,1.4961,"reported, not observed",api.btcmarkets.net/v3/markets/USDT-AUD/candles
2023-05-23T00:00:00Z,BTC Markets,AUD,USDT-AUD,1d,1.505,"reported, not observed",api.btcmarkets.net/v3/markets/USDT-AUD/candles
2023-05-24T00:00:00Z,BTC Markets,AUD,USDT-AUD,1d,1.5224,"reported, not observed",api.btcmarkets.net/v3/markets/USDT-AUD/candles
2023-05-25T00:00:00Z,BTC Markets,AUD,USDT-AUD,1d,1.5399,"reported, not observed",api.btcmarkets.net/v3/markets/USDT-AUD/candles
2023-05-26T00:00:00Z,BTC Markets,AUD,USDT-AUD,1d,1.5316,"reported, not observed",api.btcmarkets.net/v3/markets/USDT-AUD/candles
2023-05-27T00:00:00Z,BTC Markets,AUD,USDT-AUD,1d,1.5345,"reported, not observed",api.btcmarkets.net/v3/markets/USDT-AUD/candles
2023-05-28T00:00:00Z,BTC Markets,AUD,USDT-AUD,1d,1.5304,"reported, not observed",api.btcmarkets.net/v3/markets/USDT-AUD/candles
2023-05-29T00:00:00Z,BTC Markets,AUD,USDT-AUD,1d,1.5209,"reported, not observed",api.btcmarkets.net/v3/markets/USDT-AUD/candles
2023-05-30T00:00:00Z,BTC Markets,AUD,USDT-AUD,1d,1.53,"reported, not observed",api.btcmarkets.net/v3/markets/USDT-AUD/candles
2023-05-31T00:00:00Z,BTC Markets,AUD,USDT-AUD,1d,1.5299,"reported, not observed",api.btcmarkets.net/v3/markets/USDT-AUD/candles
2023-06-01T00:00:00Z,BTC Markets,AUD,USDT-AUD,1d,1.5201,"reported, not observed",api.btcmarkets.net/v3/markets/USDT-AUD/candles
2023-06-02T00:00:00Z,BTC Markets,AUD,USDT-AUD,1d,1.51,"reported, not observed",api.btcmarkets.net/v3/markets/USDT-AUD/candles
2023-06-03T00:00:00Z,BTC Markets,AUD,USDT-AUD,1d,1.5172,"reported, not observed",api.btcmarkets.net/v3/markets/USDT-AUD/candles
2023-06-04T00:00:00Z,BTC Markets,AUD,USDT-AUD,1d,1.5104,"reported, not observed",api.btcmarkets.net/v3/markets/USDT-AUD/candles
2023-06-05T00:00:00Z,BTC Markets,AUD,USDT-AUD,1d,1.51,"reported, not observed",api.btcmarkets.net/v3/markets/USDT-AUD/candles
2023-06-06T00:00:00Z,BTC Markets,AUD,USDT-AUD,1d,1.4895,"reported, not observed",api.btcmarkets.net/v3/markets/USDT-AUD/candles
2023-06-07T00:00:00Z,BTC Markets,AUD,USDT-AUD,1d,1.5042,"reported, not observed",api.btcmarkets.net/v3/markets/USDT-AUD/candles
2023-06-08T00:00:00Z,BTC Markets,AUD,USDT-AUD,1d,1.4915,"reported, not observed",api.btcmarkets.net/v3/markets/USDT-AUD/candles
2023-06-09T00:00:00Z,BTC Markets,AUD,USDT-AUD,1d,1.4859,"reported, not observed",api.btcmarkets.net/v3/markets/USDT-AUD/candles
2023-06-10T00:00:00Z,BTC Markets,AUD,USDT-AUD,1d,1.4938,"reported, not observed",api.btcmarkets.net/v3/markets/USDT-AUD/candles
2023-06-11T00:00:00Z,BTC Markets,AUD,USDT-AUD,1d,1.4838,"reported, not observed",api.btcmarkets.net/v3/markets/USDT-AUD/candles
2023-06-12T00:00:00Z,BTC Markets,AUD,USDT-AUD,1d,1.4805,"reported, not observed",api.btcmarkets.net/v3/markets/USDT-AUD/candles
2023-06-13T00:00:00Z,BTC Markets,AUD,USDT-AUD,1d,1.4746,"reported, not observed",api.btcmarkets.net/v3/markets/USDT-AUD/candles
2023-06-14T00:00:00Z,BTC Markets,AUD,USDT-AUD,1d,1.4672,"reported, not observed",api.btcmarkets.net/v3/markets/USDT-AUD/candles
2023-06-15T00:00:00Z,BTC Markets,AUD,USDT-AUD,1d,1.4458,"reported, not observed",api.btcmarkets.net/v3/markets/USDT-AUD/candles
2023-06-16T00:00:00Z,BTC Markets,AUD,USDT-AUD,1d,1.4565,"reported, not observed",api.btcmarkets.net/v3/markets/USDT-AUD/candles
2023-06-17T00:00:00Z,BTC Markets,AUD,USDT-AUD,1d,1.452,"reported, not observed",api.btcmarkets.net/v3/markets/USDT-AUD/candles
2023-06-18T00:00:00Z,BTC Markets,AUD,USDT-AUD,1d,1.4545,"reported, not observed",api.btcmarkets.net/v3/markets/USDT-AUD/candles
2023-06-19T00:00:00Z,BTC Markets,AUD,USDT-AUD,1d,1.456,"reported, not observed",api.btcmarkets.net/v3/markets/USDT-AUD/candles
2023-06-20T00:00:00Z,BTC Markets,AUD,USDT-AUD,1d,1.4724,"reported, not observed",api.btcmarkets.net/v3/markets/USDT-AUD/candles
2023-06-21T00:00:00Z,BTC Markets,AUD,USDT-AUD,1d,1.4668,"reported, not observed",api.btcmarkets.net/v3/markets/USDT-AUD/candles
2023-06-22T00:00:00Z,BTC Markets,AUD,USDT-AUD,1d,1.479,"reported, not observed",api.btcmarkets.net/v3/markets/USDT-AUD/candles
2023-06-23T00:00:00Z,BTC Markets,AUD,USDT-AUD,1d,1.4974,"reported, not observed",api.btcmarkets.net/v3/markets/USDT-AUD/candles
2023-06-24T00:00:00Z,BTC Markets,AUD,USDT-AUD,1d,1.4934,"reported, not observed",api.btcmarkets.net/v3/markets/USDT-AUD/candles
2023-06-25T00:00:00Z,BTC Markets,AUD,USDT-AUD,1d,1.4938,"reported, not observed",api.btcmarkets.net/v3/markets/USDT-AUD/candles
2023-06-26T00:00:00Z,BTC Markets,AUD,USDT-AUD,1d,1.499,"reported, not observed",api.btcmarkets.net/v3/markets/USDT-AUD/candles
2023-06-27T00:00:00Z,BTC Markets,AUD,USDT-AUD,1d,1.4949,"reported, not observed",api.btcmarkets.net/v3/markets/USDT-AUD/candles
2023-06-28T00:00:00Z,BTC Markets,AUD,USDT-AUD,1d,1.5153,"reported, not observed",api.btcmarkets.net/v3/markets/USDT-AUD/candles
2023-06-29T00:00:00Z,BTC Markets,AUD,USDT-AUD,1d,1.5063,"reported, not observed",api.btcmarkets.net/v3/markets/USDT-AUD/candles
2023-06-30T00:00:00Z,BTC Markets,AUD,USDT-AUD,1d,1.4993,"reported, not observed",api.btcmarkets.net/v3/markets/USDT-AUD/candles
2023-07-01T00:00:00Z,BTC Markets,AUD,USDT-AUD,1d,1.4975,"reported, not observed",api.btcmarkets.net/v3/markets/USDT-AUD/candles
2023-07-02T00:00:00Z,BTC Markets,AUD,USDT-AUD,1d,1.4988,"reported, not observed",api.btcmarkets.net/v3/markets/USDT-AUD/candles
2023-07-03T00:00:00Z,BTC Markets,AUD,USDT-AUD,1d,1.5017,"reported, not observed",api.btcmarkets.net/v3/markets/USDT-AUD/candles
2023-07-04T00:00:00Z,BTC Markets,AUD,USDT-AUD,1d,1.4923,"reported, not observed",api.btcmarkets.net/v3/markets/USDT-AUD/candles
2023-07-05T00:00:00Z,BTC Markets,AUD,USDT-AUD,1d,1.5053,"reported, not observed",api.btcmarkets.net/v3/markets/USDT-AUD/candles
2023-07-06T00:00:00Z,BTC Markets,AUD,USDT-AUD,1d,1.5075,"reported, not observed",api.btcmarkets.net/v3/markets/USDT-AUD/candles
2023-07-07T00:00:00Z,BTC Markets,AUD,USDT-AUD,1d,1.494,"reported, not observed",api.btcmarkets.net/v3/markets/USDT-AUD/candles
2023-07-08T00:00:00Z,BTC Markets,AUD,USDT-AUD,1d,1.495,"reported, not observed",api.btcmarkets.net/v3/markets/USDT-AUD/candles
2023-07-09T00:00:00Z,BTC Markets,AUD,USDT-AUD,1d,1.5,"reported, not observed",api.btcmarkets.net/v3/markets/USDT-AUD/candles
2023-07-10T00:00:00Z,BTC Markets,AUD,USDT-AUD,1d,1.5014,"reported, not observed",api.btcmarkets.net/v3/markets/USDT-AUD/candles
2023-07-11T00:00:00Z,BTC Markets,AUD,USDT-AUD,1d,1.4943,"reported, not observed",api.btcmarkets.net/v3/markets/USDT-AUD/candles
2023-07-12T00:00:00Z,BTC Markets,AUD,USDT-AUD,1d,1.4742,"reported, not observed",api.btcmarkets.net/v3/markets/USDT-AUD/candles
2023-07-13T00:00:00Z,BTC Markets,AUD,USDT-AUD,1d,1.4565,"reported, not observed",api.btcmarkets.net/v3/markets/USDT-AUD/candles
2023-07-14T00:00:00Z,BTC Markets,AUD,USDT-AUD,1d,1.4711,"reported, not observed",api.btcmarkets.net/v3/markets/USDT-AUD/candles
2023-07-15T00:00:00Z,BTC Markets,AUD,USDT-AUD,1d,1.4741,"reported, not observed",api.btcmarkets.net/v3/markets/USDT-AUD/candles
2023-07-16T00:00:00Z,BTC Markets,AUD,USDT-AUD,1d,1.4622,"reported, not observed",api.btcmarkets.net/v3/markets/USDT-AUD/candles
2023-07-17T00:00:00Z,BTC Markets,AUD,USDT-AUD,1d,1.4735,"reported, not observed",api.btcmarkets.net/v3/markets/USDT-AUD/candles
2023-07-18T00:00:00Z,BTC Markets,AUD,USDT-AUD,1d,1.4656,"reported, not observed",api.btcmarkets.net/v3/markets/USDT-AUD/candles
2023-07-19T00:00:00Z,BTC Markets,AUD,USDT-AUD,1d,1.4819,"reported, not observed",api.btcmarkets.net/v3/markets/USDT-AUD/candles
2023-07-20T00:00:00Z,BTC Markets,AUD,USDT-AUD,1d,1.4751,"reported, not observed",api.btcmarkets.net/v3/markets/USDT-AUD/candles
2023-07-21T00:00:00Z,BTC Markets,AUD,USDT-AUD,1d,1.4892,"reported, not observed",api.btcmarkets.net/v3/markets/USDT-AUD/candles
2023-07-22T00:00:00Z,BTC Markets,AUD,USDT-AUD,1d,1.4896,"reported, not observed",api.btcmarkets.net/v3/markets/USDT-AUD/candles
2023-07-23T00:00:00Z,BTC Markets,AUD,USDT-AUD,1d,1.4915,"reported, not observed",api.btcmarkets.net/v3/markets/USDT-AUD/candles
2023-07-24T00:00:00Z,BTC Markets,AUD,USDT-AUD,1d,1.4877,"reported, not observed",api.btcmarkets.net/v3/markets/USDT-AUD/candles
2023-07-25T00:00:00Z,BTC Markets,AUD,USDT-AUD,1d,1.4745,"reported, not observed",api.btcmarkets.net/v3/markets/USDT-AUD/candles
2023-07-26T00:00:00Z,BTC Markets,AUD,USDT-AUD,1d,1.4774,"reported, not observed",api.btcmarkets.net/v3/markets/USDT-AUD/candles
2023-07-27T00:00:00Z,BTC Markets,AUD,USDT-AUD,1d,1.488,"reported, not observed",api.btcmarkets.net/v3/markets/USDT-AUD/candles
2023-07-28T00:00:00Z,BTC Markets,AUD,USDT-AUD,1d,1.5063,"reported, not observed",api.btcmarkets.net/v3/markets/USDT-AUD/candles
2023-07-29T00:00:00Z,BTC Markets,AUD,USDT-AUD,1d,1.4995,"reported, not observed",api.btcmarkets.net/v3/markets/USDT-AUD/candles
2023-07-30T00:00:00Z,BTC Markets,AUD,USDT-AUD,1d,1.4982,"reported, not observed",api.btcmarkets.net/v3/markets/USDT-AUD/candles
2023-07-31T00:00:00Z,BTC Markets,AUD,USDT-AUD,1d,1.49,"reported, not observed",api.btcmarkets.net/v3/markets/USDT-AUD/candles
2023-08-01T00:00:00Z,BTC Markets,AUD,USDT-AUD,1d,1.5157,"reported, not observed",api.btcmarkets.net/v3/markets/USDT-AUD/candles
2023-08-02T00:00:00Z,BTC Markets,AUD,USDT-AUD,1d,1.529,"reported, not observed",api.btcmarkets.net/v3/markets/USDT-AUD/candles
2023-08-03T00:00:00Z,BTC Markets,AUD,USDT-AUD,1d,1.5261,"reported, not observed",api.btcmarkets.net/v3/markets/USDT-AUD/candles
2023-08-04T00:00:00Z,BTC Markets,AUD,USDT-AUD,1d,1.5194,"reported, not observed",api.btcmarkets.net/v3/markets/USDT-AUD/candles
2023-08-05T00:00:00Z,BTC Markets,AUD,USDT-AUD,1d,1.5254,"reported, not observed",api.btcmarkets.net/v3/markets/USDT-AUD/candles
2023-08-06T00:00:00Z,BTC Markets,AUD,USDT-AUD,1d,1.5195,"reported, not observed",api.btcmarkets.net/v3/markets/USDT-AUD/candles
2023-08-07T00:00:00Z,BTC Markets,AUD,USDT-AUD,1d,1.5205,"reported, not observed",api.btcmarkets.net/v3/markets/USDT-AUD/candles
2023-08-08T00:00:00Z,BTC Markets,AUD,USDT-AUD,1d,1.5263,"reported, not observed",api.btcmarkets.net/v3/markets/USDT-AUD/candles
2023-08-09T00:00:00Z,BTC Markets,AUD,USDT-AUD,1d,1.5272,"reported, not observed",api.btcmarkets.net/v3/markets/USDT-AUD/candles
2023-08-10T00:00:00Z,BTC Markets,AUD,USDT-AUD,1d,1.5302,"reported, not observed",api.btcmarkets.net/v3/markets/USDT-AUD/candles
2023-08-11T00:00:00Z,BTC Markets,AUD,USDT-AUD,1d,1.5328,"reported, not observed",api.btcmarkets.net/v3/markets/USDT-AUD/candles
2023-08-12T00:00:00Z,BTC Markets,AUD,USDT-AUD,1d,1.5325,"reported, not observed",api.btcmarkets.net/v3/markets/USDT-AUD/candles
2023-08-13T00:00:00Z,BTC Markets,AUD,USDT-AUD,1d,1.5363,"reported, not observed",api.btcmarkets.net/v3/markets/USDT-AUD/candles
2023-08-14T00:00:00Z,BTC Markets,AUD,USDT-AUD,1d,1.5419,"reported, not observed",api.btcmarkets.net/v3/markets/USDT-AUD/candles
2023-08-15T00:00:00Z,BTC Markets,AUD,USDT-AUD,1d,1.552,"reported, not observed",api.btcmarkets.net/v3/markets/USDT-AUD/candles
2023-08-16T00:00:00Z,BTC Markets,AUD,USDT-AUD,1d,1.5569,"reported, not observed",api.btcmarkets.net/v3/markets/USDT-AUD/candles
2023-08-17T00:00:00Z,BTC Markets,AUD,USDT-AUD,1d,1.5691,"reported, not observed",api.btcmarkets.net/v3/markets/USDT-AUD/candles
2023-08-18T00:00:00Z,BTC Markets,AUD,USDT-AUD,1d,1.566,"reported, not observed",api.btcmarkets.net/v3/markets/USDT-AUD/candles
2023-08-19T00:00:00Z,BTC Markets,AUD,USDT-AUD,1d,1.5664,"reported, not observed",api.btcmarkets.net/v3/markets/USDT-AUD/candles
2023-08-20T00:00:00Z,BTC Markets,AUD,USDT-AUD,1d,1.5657,"reported, not observed",api.btcmarkets.net/v3/markets/USDT-AUD/candles
2023-08-21T00:00:00Z,BTC Markets,AUD,USDT-AUD,1d,1.5604,"reported, not observed",api.btcmarkets.net/v3/markets/USDT-AUD/candles
2023-08-22T00:00:00Z,BTC Markets,AUD,USDT-AUD,1d,1.5607,"reported, not observed",api.btcmarkets.net/v3/markets/USDT-AUD/candles
2023-08-23T00:00:00Z,BTC Markets,AUD,USDT-AUD,1d,1.5474,"reported, not observed",api.btcmarkets.net/v3/markets/USDT-AUD/candles
2023-08-24T00:00:00Z,BTC Markets,AUD,USDT-AUD,1d,1.5639,"reported, not observed",api.btcmarkets.net/v3/markets/USDT-AUD/candles
2023-08-25T00:00:00Z,BTC Markets,AUD,USDT-AUD,1d,1.5606,"reported, not observed",api.btcmarkets.net/v3/markets/USDT-AUD/candles
2023-08-26T00:00:00Z,BTC Markets,AUD,USDT-AUD,1d,1.5602,"reported, not observed",api.btcmarkets.net/v3/markets/USDT-AUD/candles
2023-08-27T00:00:00Z,BTC Markets,AUD,USDT-AUD,1d,1.562,"reported, not observed",api.btcmarkets.net/v3/markets/USDT-AUD/candles
2023-08-28T00:00:00Z,BTC Markets,AUD,USDT-AUD,1d,1.551,"reported, not observed",api.btcmarkets.net/v3/markets/USDT-AUD/candles
2023-08-29T00:00:00Z,BTC Markets,AUD,USDT-AUD,1d,1.5459,"reported, not observed",api.btcmarkets.net/v3/markets/USDT-AUD/candles
2023-08-30T00:00:00Z,BTC Markets,AUD,USDT-AUD,1d,1.5403,"reported, not observed",api.btcmarkets.net/v3/markets/USDT-AUD/candles
2023-08-31T00:00:00Z,BTC Markets,AUD,USDT-AUD,1d,1.5445,"reported, not observed",api.btcmarkets.net/v3/markets/USDT-AUD/candles
2023-09-01T00:00:00Z,BTC Markets,AUD,USDT-AUD,1d,1.5534,"reported, not observed",api.btcmarkets.net/v3/markets/USDT-AUD/candles
2023-09-02T00:00:00Z,BTC Markets,AUD,USDT-AUD,1d,1.5491,"reported, not observed",api.btcmarkets.net/v3/markets/USDT-AUD/candles
2023-09-03T00:00:00Z,BTC Markets,AUD,USDT-AUD,1d,1.5506,"reported, not observed",api.btcmarkets.net/v3/markets/USDT-AUD/candles
2023-09-04T00:00:00Z,BTC Markets,AUD,USDT-AUD,1d,1.5435,"reported, not observed",api.btcmarkets.net/v3/markets/USDT-AUD/candles
2023-09-05T00:00:00Z,BTC Markets,AUD,USDT-AUD,1d,1.5622,"reported, not observed",api.btcmarkets.net/v3/markets/USDT-AUD/candles
2023-09-06T00:00:00Z,BTC Markets,AUD,USDT-AUD,1d,1.5665,"reported, not observed",api.btcmarkets.net/v3/markets/USDT-AUD/candles
2023-09-07T00:00:00Z,BTC Markets,AUD,USDT-AUD,1d,1.57,"reported, not observed",api.btcmarkets.net/v3/markets/USDT-AUD/candles
2023-09-08T00:00:00Z,BTC Markets,AUD,USDT-AUD,1d,1.5652,"reported, not observed",api.btcmarkets.net/v3/markets/USDT-AUD/candles
2023-09-09T00:00:00Z,BTC Markets,AUD,USDT-AUD,1d,1.5647,"reported, not observed",api.btcmarkets.net/v3/markets/USDT-AUD/candles
2023-09-10T00:00:00Z,BTC Markets,AUD,USDT-AUD,1d,1.5672,"reported, not observed",api.btcmarkets.net/v3/markets/USDT-AUD/candles
2023-09-11T00:00:00Z,BTC Markets,AUD,USDT-AUD,1d,1.5564,"reported, not observed",api.btcmarkets.net/v3/markets/USDT-AUD/candles
2023-09-12T00:00:00Z,BTC Markets,AUD,USDT-AUD,1d,1.555,"reported, not observed",api.btcmarkets.net/v3/markets/USDT-AUD/candles
2023-09-13T00:00:00Z,BTC Markets,AUD,USDT-AUD,1d,1.5548,"reported, not observed",api.btcmarkets.net/v3/markets/USDT-AUD/candles
2023-09-14T00:00:00Z,BTC Markets,AUD,USDT-AUD,1d,1.5602,"reported, not observed",api.btcmarkets.net/v3/markets/USDT-AUD/candles
2023-09-15T00:00:00Z,BTC Markets,AUD,USDT-AUD,1d,1.5509,"reported, not observed",api.btcmarkets.net/v3/markets/USDT-AUD/candles
2023-09-16T00:00:00Z,BTC Markets,AUD,USDT-AUD,1d,1.5553,"reported, not observed",api.btcmarkets.net/v3/markets/USDT-AUD/candles
2023-09-17T00:00:00Z,BTC Markets,AUD,USDT-AUD,1d,1.5517,"reported, not observed",api.btcmarkets.net/v3/markets/USDT-AUD/candles
2023-09-18T00:00:00Z,BTC Markets,AUD,USDT-AUD,1d,1.5553,"reported, not observed",api.btcmarkets.net/v3/markets/USDT-AUD/candles
2023-09-19T00:00:00Z,BTC Markets,AUD,USDT-AUD,1d,1.5533,"reported, not observed",api.btcmarkets.net/v3/markets/USDT-AUD/candles
2023-09-20T00:00:00Z,BTC Markets,AUD,USDT-AUD,1d,1.559,"reported, not observed",api.btcmarkets.net/v3/markets/USDT-AUD/candles
2023-09-21T00:00:00Z,BTC Markets,AUD,USDT-AUD,1d,1.5612,"reported, not observed",api.btcmarkets.net/v3/markets/USDT-AUD/candles
2023-09-22T00:00:00Z,BTC Markets,AUD,USDT-AUD,1d,1.5513,"reported, not observed",api.btcmarkets.net/v3/markets/USDT-AUD/candles
2023-09-23T00:00:00Z,BTC Markets,AUD,USDT-AUD,1d,1.5555,"reported, not observed",api.btcmarkets.net/v3/markets/USDT-AUD/candles
2023-09-24T00:00:00Z,BTC Markets,AUD,USDT-AUD,1d,1.5521,"reported, not observed",api.btcmarkets.net/v3/markets/USDT-AUD/candles
2023-09-25T00:00:00Z,BTC Markets,AUD,USDT-AUD,1d,1.5532,"reported, not observed",api.btcmarkets.net/v3/markets/USDT-AUD/candles
2023-09-26T00:00:00Z,BTC Markets,AUD,USDT-AUD,1d,1.5661,"reported, not observed",api.btcmarkets.net/v3/markets/USDT-AUD/candles
2023-09-27T00:00:00Z,BTC Markets,AUD,USDT-AUD,1d,1.572,"reported, not observed",api.btcmarkets.net/v3/markets/USDT-AUD/candles
2023-09-28T00:00:00Z,BTC Markets,AUD,USDT-AUD,1d,1.556,"reported, not observed",api.btcmarkets.net/v3/markets/USDT-AUD/candles
2023-09-29T00:00:00Z,BTC Markets,AUD,USDT-AUD,1d,1.5549,"reported, not observed",api.btcmarkets.net/v3/markets/USDT-AUD/candles
2023-09-30T00:00:00Z,BTC Markets,AUD,USDT-AUD,1d,1.562,"reported, not observed",api.btcmarkets.net/v3/markets/USDT-AUD/candles
2023-10-01T00:00:00Z,BTC Markets,AUD,USDT-AUD,1d,1.5499,"reported, not observed",api.btcmarkets.net/v3/markets/USDT-AUD/candles
2023-10-02T00:00:00Z,BTC Markets,AUD,USDT-AUD,1d,1.5715,"reported, not observed",api.btcmarkets.net/v3/markets/USDT-AUD/candles
2023-10-03T00:00:00Z,BTC Markets,AUD,USDT-AUD,1d,1.5818,"reported, not observed",api.btcmarkets.net/v3/markets/USDT-AUD/candles
2023-10-04T00:00:00Z,BTC Markets,AUD,USDT-AUD,1d,1.5764,"reported, not observed",api.btcmarkets.net/v3/markets/USDT-AUD/candles
2023-10-05T00:00:00Z,BTC Markets,AUD,USDT-AUD,1d,1.5743,"reported, not observed",api.btcmarkets.net/v3/markets/USDT-AUD/candles
2023-10-06T00:00:00Z,BTC Markets,AUD,USDT-AUD,1d,1.5669,"reported, not observed",api.btcmarkets.net/v3/markets/USDT-AUD/candles
2023-10-07T00:00:00Z,BTC Markets,AUD,USDT-AUD,1d,1.5764,"reported, not observed",api.btcmarkets.net/v3/markets/USDT-AUD/candles
2023-10-08T00:00:00Z,BTC Markets,AUD,USDT-AUD,1d,1.5732,"reported, not observed",api.btcmarkets.net/v3/markets/USDT-AUD/candles
2023-10-09T00:00:00Z,BTC Markets,AUD,USDT-AUD,1d,1.5609,"reported, not observed",api.btcmarkets.net/v3/markets/USDT-AUD/candles
2023-10-10T00:00:00Z,BTC Markets,AUD,USDT-AUD,1d,1.5551,"reported, not observed",api.btcmarkets.net/v3/markets/USDT-AUD/candles
2023-10-11T00:00:00Z,BTC Markets,AUD,USDT-AUD,1d,1.565,"reported, not observed",api.btcmarkets.net/v3/markets/USDT-AUD/candles
2023-10-12T00:00:00Z,BTC Markets,AUD,USDT-AUD,1d,1.5884,"reported, not observed",api.btcmarkets.net/v3/markets/USDT-AUD/candles
2023-10-13T00:00:00Z,BTC Markets,AUD,USDT-AUD,1d,1.5871,"reported, not observed",api.btcmarkets.net/v3/markets/USDT-AUD/candles
2023-10-14T00:00:00Z,BTC Markets,AUD,USDT-AUD,1d,1.5949,"reported, not observed",api.btcmarkets.net/v3/markets/USDT-AUD/candles
2023-10-15T00:00:00Z,BTC Markets,AUD,USDT-AUD,1d,1.5922,"reported, not observed",api.btcmarkets.net/v3/markets/USDT-AUD/candles
2023-10-16T00:00:00Z,BTC Markets,AUD,USDT-AUD,1d,1.5789,"reported, not observed",api.btcmarkets.net/v3/markets/USDT-AUD/candles
2023-10-17T00:00:00Z,BTC Markets,AUD,USDT-AUD,1d,1.5737,"reported, not observed",api.btcmarkets.net/v3/markets/USDT-AUD/candles
2023-10-18T00:00:00Z,BTC Markets,AUD,USDT-AUD,1d,1.5879,"reported, not observed",api.btcmarkets.net/v3/markets/USDT-AUD/candles
2023-10-19T00:00:00Z,BTC Markets,AUD,USDT-AUD,1d,1.5816,"reported, not observed",api.btcmarkets.net/v3/markets/USDT-AUD/candles
2023-10-20T00:00:00Z,BTC Markets,AUD,USDT-AUD,1d,1.5825,"reported, not observed",api.btcmarkets.net/v3/markets/USDT-AUD/candles
2023-10-21T00:00:00Z,BTC Markets,AUD,USDT-AUD,1d,1.587,"reported, not observed",api.btcmarkets.net/v3/markets/USDT-AUD/candles
2023-10-22T00:00:00Z,BTC Markets,AUD,USDT-AUD,1d,1.5838,"reported, not observed",api.btcmarkets.net/v3/markets/USDT-AUD/candles
2023-10-23T00:00:00Z,BTC Markets,AUD,USDT-AUD,1d,1.5809,"reported, not observed",api.btcmarkets.net/v3/markets/USDT-AUD/candles
2023-10-24T00:00:00Z,BTC Markets,AUD,USDT-AUD,1d,1.572,"reported, not observed",api.btcmarkets.net/v3/markets/USDT-AUD/candles
2023-10-25T00:00:00Z,BTC Markets,AUD,USDT-AUD,1d,1.5862,"reported, not observed",api.btcmarkets.net/v3/markets/USDT-AUD/candles
2023-10-26T00:00:00Z,BTC Markets,AUD,USDT-AUD,1d,1.5796,"reported, not observed",api.btcmarkets.net/v3/markets/USDT-AUD/candles
2023-10-27T00:00:00Z,BTC Markets,AUD,USDT-AUD,1d,1.579,"reported, not observed",api.btcmarkets.net/v3/markets/USDT-AUD/candles
2023-10-28T00:00:00Z,BTC Markets,AUD,USDT-AUD,1d,1.588,"reported, not observed",api.btcmarkets.net/v3/markets/USDT-AUD/candles
2023-10-29T00:00:00Z,BTC Markets,AUD,USDT-AUD,1d,1.5812,"reported, not observed",api.btcmarkets.net/v3/markets/USDT-AUD/candles
2023-10-30T00:00:00Z,BTC Markets,AUD,USDT-AUD,1d,1.5715,"reported, not observed",api.btcmarkets.net/v3/markets/USDT-AUD/candles
2023-10-31T00:00:00Z,BTC Markets,AUD,USDT-AUD,1d,1.577,"reported, not observed",api.btcmarkets.net/v3/markets/USDT-AUD/candles
2023-11-01T00:00:00Z,BTC Markets,AUD,USDT-AUD,1d,1.5582,"reported, not observed",api.btcmarkets.net/v3/markets/USDT-AUD/candles
2023-11-02T00:00:00Z,BTC Markets,AUD,USDT-AUD,1d,1.5648,"reported, not observed",api.btcmarkets.net/v3/markets/USDT-AUD/candles
2023-11-03T00:00:00Z,BTC Markets,AUD,USDT-AUD,1d,1.5429,"reported, not observed",api.btcmarkets.net/v3/markets/USDT-AUD/candles
2023-11-04T00:00:00Z,BTC Markets,AUD,USDT-AUD,1d,1.5445,"reported, not observed",api.btcmarkets.net/v3/markets/USDT-AUD/candles
2023-11-05T00:00:00Z,BTC Markets,AUD,USDT-AUD,1d,1.543,"reported, not observed",api.btcmarkets.net/v3/markets/USDT-AUD/candles
2023-11-06T00:00:00Z,BTC Markets,AUD,USDT-AUD,1d,1.5405,"reported, not observed",api.btcmarkets.net/v3/markets/USDT-AUD/candles
2023-11-07T00:00:00Z,BTC Markets,AUD,USDT-AUD,1d,1.5545,"reported, not observed",api.btcmarkets.net/v3/markets/USDT-AUD/candles
2023-11-08T00:00:00Z,BTC Markets,AUD,USDT-AUD,1d,1.5622,"reported, not observed",api.btcmarkets.net/v3/markets/USDT-AUD/candles
2023-11-09T00:00:00Z,BTC Markets,AUD,USDT-AUD,1d,1.5687,"reported, not observed",api.btcmarkets.net/v3/markets/USDT-AUD/candles
2023-11-10T00:00:00Z,BTC Markets,AUD,USDT-AUD,1d,1.5727,"reported, not observed",api.btcmarkets.net/v3/markets/USDT-AUD/candles
2023-11-11T00:00:00Z,BTC Markets,AUD,USDT-AUD,1d,1.5802,"reported, not observed",api.btcmarkets.net/v3/markets/USDT-AUD/candles
2023-11-12T00:00:00Z,BTC Markets,AUD,USDT-AUD,1d,1.5701,"reported, not observed",api.btcmarkets.net/v3/markets/USDT-AUD/candles
2023-11-13T00:00:00Z,BTC Markets,AUD,USDT-AUD,1d,1.57,"reported, not observed",api.btcmarkets.net/v3/markets/USDT-AUD/candles
2023-11-14T00:00:00Z,BTC Markets,AUD,USDT-AUD,1d,1.5465,"reported, not observed",api.btcmarkets.net/v3/markets/USDT-AUD/candles
2023-11-15T00:00:00Z,BTC Markets,AUD,USDT-AUD,1d,1.541,"reported, not observed",api.btcmarkets.net/v3/markets/USDT-AUD/candles
2023-11-16T00:00:00Z,BTC Markets,AUD,USDT-AUD,1d,1.5505,"reported, not observed",api.btcmarkets.net/v3/markets/USDT-AUD/candles
2023-11-17T00:00:00Z,BTC Markets,AUD,USDT-AUD,1d,1.5438,"reported, not observed",api.btcmarkets.net/v3/markets/USDT-AUD/candles
2023-11-18T00:00:00Z,BTC Markets,AUD,USDT-AUD,1d,1.5416,"reported, not observed",api.btcmarkets.net/v3/markets/USDT-AUD/candles
2023-11-19T00:00:00Z,BTC Markets,AUD,USDT-AUD,1d,1.5458,"reported, not observed",api.btcmarkets.net/v3/markets/USDT-AUD/candles
2023-11-20T00:00:00Z,BTC Markets,AUD,USDT-AUD,1d,1.5314,"reported, not observed",api.btcmarkets.net/v3/markets/USDT-AUD/candles
2023-11-21T00:00:00Z,BTC Markets,AUD,USDT-AUD,1d,1.5348,"reported, not observed",api.btcmarkets.net/v3/markets/USDT-AUD/candles
2023-11-22T00:00:00Z,BTC Markets,AUD,USDT-AUD,1d,1.5369,"reported, not observed",api.btcmarkets.net/v3/markets/USDT-AUD/candles
2023-11-23T00:00:00Z,BTC Markets,AUD,USDT-AUD,1d,1.528,"reported, not observed",api.btcmarkets.net/v3/markets/USDT-AUD/candles
2023-11-24T00:00:00Z,BTC Markets,AUD,USDT-AUD,1d,1.5293,"reported, not observed",api.btcmarkets.net/v3/markets/USDT-AUD/candles
2023-11-25T00:00:00Z,BTC Markets,AUD,USDT-AUD,1d,1.5234,"reported, not observed",api.btcmarkets.net/v3/markets/USDT-AUD/candles
2023-11-26T00:00:00Z,BTC Markets,AUD,USDT-AUD,1d,1.5221,"reported, not observed",api.btcmarkets.net/v3/markets/USDT-AUD/candles
2023-11-27T00:00:00Z,BTC Markets,AUD,USDT-AUD,1d,1.5177,"reported, not observed",api.btcmarkets.net/v3/markets/USDT-AUD/candles
2023-11-28T00:00:00Z,BTC Markets,AUD,USDT-AUD,1d,1.5039,"reported, not observed",api.btcmarkets.net/v3/markets/USDT-AUD/candles
2023-11-29T00:00:00Z,BTC Markets,AUD,USDT-AUD,1d,1.5171,"reported, not observed",api.btcmarkets.net/v3/markets/USDT-AUD/candles
2023-11-30T00:00:00Z,BTC Markets,AUD,USDT-AUD,1d,1.5149,"reported, not observed",api.btcmarkets.net/v3/markets/USDT-AUD/candles
2023-12-01T00:00:00Z,BTC Markets,AUD,USDT-AUD,1d,1.507,"reported, not observed",api.btcmarkets.net/v3/markets/USDT-AUD/candles
2023-12-02T00:00:00Z,BTC Markets,AUD,USDT-AUD,1d,1.5073,"reported, not observed",api.btcmarkets.net/v3/markets/USDT-AUD/candles
2023-12-03T00:00:00Z,BTC Markets,AUD,USDT-AUD,1d,1.4931,"reported, not observed",api.btcmarkets.net/v3/markets/USDT-AUD/candles
2023-12-04T00:00:00Z,BTC Markets,AUD,USDT-AUD,1d,1.5195,"reported, not observed",api.btcmarkets.net/v3/markets/USDT-AUD/candles
2023-12-05T00:00:00Z,BTC Markets,AUD,USDT-AUD,1d,1.5309,"reported, not observed",api.btcmarkets.net/v3/markets/USDT-AUD/candles
2023-12-06T00:00:00Z,BTC Markets,AUD,USDT-AUD,1d,1.5235,"reported, not observed",api.btcmarkets.net/v3/markets/USDT-AUD/candles
2023-12-07T00:00:00Z,BTC Markets,AUD,USDT-AUD,1d,1.5183,"reported, not observed",api.btcmarkets.net/v3/markets/USDT-AUD/candles
2023-12-08T00:00:00Z,BTC Markets,AUD,USDT-AUD,1d,1.5221,"reported, not observed",api.btcmarkets.net/v3/markets/USDT-AUD/candles
2023-12-09T00:00:00Z,BTC Markets,AUD,USDT-AUD,1d,1.5246,"reported, not observed",api.btcmarkets.net/v3/markets/USDT-AUD/candles
2023-12-10T00:00:00Z,BTC Markets,AUD,USDT-AUD,1d,1.5295,"reported, not observed",api.btcmarkets.net/v3/markets/USDT-AUD/candles
2023-12-11T00:00:00Z,BTC Markets,AUD,USDT-AUD,1d,1.5365,"reported, not observed",api.btcmarkets.net/v3/markets/USDT-AUD/candles
2023-12-12T00:00:00Z,BTC Markets,AUD,USDT-AUD,1d,1.528,"reported, not observed",api.btcmarkets.net/v3/markets/USDT-AUD/candles
2023-12-13T00:00:00Z,BTC Markets,AUD,USDT-AUD,1d,1.5076,"reported, not observed",api.btcmarkets.net/v3/markets/USDT-AUD/candles
2023-12-14T00:00:00Z,BTC Markets,AUD,USDT-AUD,1d,1.5019,"reported, not observed",api.btcmarkets.net/v3/markets/USDT-AUD/candles
2023-12-15T00:00:00Z,BTC Markets,AUD,USDT-AUD,1d,1.496,"reported, not observed",api.btcmarkets.net/v3/markets/USDT-AUD/candles
2023-12-16T00:00:00Z,BTC Markets,AUD,USDT-AUD,1d,1.4983,"reported, not observed",api.btcmarkets.net/v3/markets/USDT-AUD/candles
2023-12-17T00:00:00Z,BTC Markets,AUD,USDT-AUD,1d,1.494,"reported, not observed",api.btcmarkets.net/v3/markets/USDT-AUD/candles
2023-12-18T00:00:00Z,BTC Markets,AUD,USDT-AUD,1d,1.4925,"reported, not observed",api.btcmarkets.net/v3/markets/USDT-AUD/candles
2023-12-19T00:00:00Z,BTC Markets,AUD,USDT-AUD,1d,1.4813,"reported, not observed",api.btcmarkets.net/v3/markets/USDT-AUD/candles
2023-12-20T00:00:00Z,BTC Markets,AUD,USDT-AUD,1d,1.491,"reported, not observed",api.btcmarkets.net/v3/markets/USDT-AUD/candles
2023-12-21T00:00:00Z,BTC Markets,AUD,USDT-AUD,1d,1.473,"reported, not observed",api.btcmarkets.net/v3/markets/USDT-AUD/candles
2023-12-22T00:00:00Z,BTC Markets,AUD,USDT-AUD,1d,1.4786,"reported, not observed",api.btcmarkets.net/v3/markets/USDT-AUD/candles
2023-12-23T00:00:00Z,BTC Markets,AUD,USDT-AUD,1d,1.4837,"reported, not observed",api.btcmarkets.net/v3/markets/USDT-AUD/candles
2023-12-24T00:00:00Z,BTC Markets,AUD,USDT-AUD,1d,1.5147,"reported, not observed",api.btcmarkets.net/v3/markets/USDT-AUD/candles
2023-12-25T00:00:00Z,BTC Markets,AUD,USDT-AUD,1d,1.4751,"reported, not observed",api.btcmarkets.net/v3/markets/USDT-AUD/candles
2023-12-26T00:00:00Z,BTC Markets,AUD,USDT-AUD,1d,1.4699,"reported, not observed",api.btcmarkets.net/v3/markets/USDT-AUD/candles
2023-12-27T00:00:00Z,BTC Markets,AUD,USDT-AUD,1d,1.4619,"reported, not observed",api.btcmarkets.net/v3/markets/USDT-AUD/candles
2023-12-28T00:00:00Z,BTC Markets,AUD,USDT-AUD,1d,1.4724,"reported, not observed",api.btcmarkets.net/v3/markets/USDT-AUD/candles
2023-12-29T00:00:00Z,BTC Markets,AUD,USDT-AUD,1d,1.4759,"reported, not observed",api.btcmarkets.net/v3/markets/USDT-AUD/candles
2023-12-30T00:00:00Z,BTC Markets,AUD,USDT-AUD,1d,1.4786,"reported, not observed",api.btcmarkets.net/v3/markets/USDT-AUD/candles
2023-12-31T00:00:00Z,BTC Markets,AUD,USDT-AUD,1d,1.4655,"reported, not observed",api.btcmarkets.net/v3/markets/USDT-AUD/candles
2024-01-01T00:00:00Z,BTC Markets,AUD,USDT-AUD,1d,1.4741,"reported, not observed",api.btcmarkets.net/v3/markets/USDT-AUD/candles
2024-01-02T00:00:00Z,BTC Markets,AUD,USDT-AUD,1d,1.4804,"reported, not observed",api.btcmarkets.net/v3/markets/USDT-AUD/candles
2024-01-03T00:00:00Z,BTC Markets,AUD,USDT-AUD,1d,1.4901,"reported, not observed",api.btcmarkets.net/v3/markets/USDT-AUD/candles
2024-01-04T00:00:00Z,BTC Markets,AUD,USDT-AUD,1d,1.5009,"reported, not observed",api.btcmarkets.net/v3/markets/USDT-AUD/candles
2024-01-05T00:00:00Z,BTC Markets,AUD,USDT-AUD,1d,1.5008,"reported, not observed",api.btcmarkets.net/v3/markets/USDT-AUD/candles
2024-01-06T00:00:00Z,BTC Markets,AUD,USDT-AUD,1d,1.5007,"reported, not observed",api.btcmarkets.net/v3/markets/USDT-AUD/candles
2024-01-07T00:00:00Z,BTC Markets,AUD,USDT-AUD,1d,1.4995,"reported, not observed",api.btcmarkets.net/v3/markets/USDT-AUD/candles
2024-01-08T00:00:00Z,BTC Markets,AUD,USDT-AUD,1d,1.49,"reported, not observed",api.btcmarkets.net/v3/markets/USDT-AUD/candles
2024-01-09T00:00:00Z,BTC Markets,AUD,USDT-AUD,1d,1.497,"reported, not observed",api.btcmarkets.net/v3/markets/USDT-AUD/candles
2024-01-10T00:00:00Z,BTC Markets,AUD,USDT-AUD,1d,1.5006,"reported, not observed",api.btcmarkets.net/v3/markets/USDT-AUD/candles
2024-01-11T00:00:00Z,BTC Markets,AUD,USDT-AUD,1d,1.497,"reported, not observed",api.btcmarkets.net/v3/markets/USDT-AUD/candles
2024-01-12T00:00:00Z,BTC Markets,AUD,USDT-AUD,1d,1.505,"reported, not observed",api.btcmarkets.net/v3/markets/USDT-AUD/candles
2024-01-13T00:00:00Z,BTC Markets,AUD,USDT-AUD,1d,1.5018,"reported, not observed",api.btcmarkets.net/v3/markets/USDT-AUD/candles
2024-01-14T00:00:00Z,BTC Markets,AUD,USDT-AUD,1d,1.5061,"reported, not observed",api.btcmarkets.net/v3/markets/USDT-AUD/candles
2024-01-15T00:00:00Z,BTC Markets,AUD,USDT-AUD,1d,1.5117,"reported, not observed",api.btcmarkets.net/v3/markets/USDT-AUD/candles
2024-01-16T00:00:00Z,BTC Markets,AUD,USDT-AUD,1d,1.5182,"reported, not observed",api.btcmarkets.net/v3/markets/USDT-AUD/candles
2024-01-17T00:00:00Z,BTC Markets,AUD,USDT-AUD,1d,1.5325,"reported, not observed",api.btcmarkets.net/v3/markets/USDT-AUD/candles
2024-01-18T00:00:00Z,BTC Markets,AUD,USDT-AUD,1d,1.5258,"reported, not observed",api.btcmarkets.net/v3/markets/USDT-AUD/candles
2024-01-19T00:00:00Z,BTC Markets,AUD,USDT-AUD,1d,1.5114,"reported, not observed",api.btcmarkets.net/v3/markets/USDT-AUD/candles
2024-01-20T00:00:00Z,BTC Markets,AUD,USDT-AUD,1d,1.5224,"reported, not observed",api.btcmarkets.net/v3/markets/USDT-AUD/candles
2024-01-21T00:00:00Z,BTC Markets,AUD,USDT-AUD,1d,1.5222,"reported, not observed",api.btcmarkets.net/v3/markets/USDT-AUD/candles
2024-01-22T00:00:00Z,BTC Markets,AUD,USDT-AUD,1d,1.5285,"reported, not observed",api.btcmarkets.net/v3/markets/USDT-AUD/candles
2024-01-23T00:00:00Z,BTC Markets,AUD,USDT-AUD,1d,1.5243,"reported, not observed",api.btcmarkets.net/v3/markets/USDT-AUD/candles
2024-01-24T00:00:00Z,BTC Markets,AUD,USDT-AUD,1d,1.5299,"reported, not observed",api.btcmarkets.net/v3/markets/USDT-AUD/candles
2024-01-25T00:00:00Z,BTC Markets,AUD,USDT-AUD,1d,1.5252,"reported, not observed",api.btcmarkets.net/v3/markets/USDT-AUD/candles
2024-01-26T00:00:00Z,BTC Markets,AUD,USDT-AUD,1d,1.5204,"reported, not observed",api.btcmarkets.net/v3/markets/USDT-AUD/candles
2024-01-27T00:00:00Z,BTC Markets,AUD,USDT-AUD,1d,1.5287,"reported, not observed",api.btcmarkets.net/v3/markets/USDT-AUD/candles
2024-01-28T00:00:00Z,BTC Markets,AUD,USDT-AUD,1d,1.5261,"reported, not observed",api.btcmarkets.net/v3/markets/USDT-AUD/candles
2024-01-29T00:00:00Z,BTC Markets,AUD,USDT-AUD,1d,1.5052,"reported, not observed",api.btcmarkets.net/v3/markets/USDT-AUD/candles
2024-01-30T00:00:00Z,BTC Markets,AUD,USDT-AUD,1d,1.5169,"reported, not observed",api.btcmarkets.net/v3/markets/USDT-AUD/candles
2024-01-31T00:00:00Z,BTC Markets,AUD,USDT-AUD,1d,1.5249,"reported, not observed",api.btcmarkets.net/v3/markets/USDT-AUD/candles
2024-02-01T00:00:00Z,BTC Markets,AUD,USDT-AUD,1d,1.5184,"reported, not observed",api.btcmarkets.net/v3/markets/USDT-AUD/candles
2024-02-02T00:00:00Z,BTC Markets,AUD,USDT-AUD,1d,1.5373,"reported, not observed",api.btcmarkets.net/v3/markets/USDT-AUD/candles
2024-02-03T00:00:00Z,BTC Markets,AUD,USDT-AUD,1d,1.5336,"reported, not observed",api.btcmarkets.net/v3/markets/USDT-AUD/candles
2024-02-04T00:00:00Z,BTC Markets,AUD,USDT-AUD,1d,1.5393,"reported, not observed",api.btcmarkets.net/v3/markets/USDT-AUD/candles
2024-02-05T00:00:00Z,BTC Markets,AUD,USDT-AUD,1d,1.542,"reported, not observed",api.btcmarkets.net/v3/markets/USDT-AUD/candles
2024-02-06T00:00:00Z,BTC Markets,AUD,USDT-AUD,1d,1.5332,"reported, not observed",api.btcmarkets.net/v3/markets/USDT-AUD/candles
2024-02-07T00:00:00Z,BTC Markets,AUD,USDT-AUD,1d,1.531,"reported, not observed",api.btcmarkets.net/v3/markets/USDT-AUD/candles
2024-02-08T00:00:00Z,BTC Markets,AUD,USDT-AUD,1d,1.5395,"reported, not observed",api.btcmarkets.net/v3/markets/USDT-AUD/candles
2024-02-09T00:00:00Z,BTC Markets,AUD,USDT-AUD,1d,1.5387,"reported, not observed",api.btcmarkets.net/v3/markets/USDT-AUD/candles
2024-02-10T00:00:00Z,BTC Markets,AUD,USDT-AUD,1d,1.5302,"reported, not observed",api.btcmarkets.net/v3/markets/USDT-AUD/candles
2024-02-11T00:00:00Z,BTC Markets,AUD,USDT-AUD,1d,1.537,"reported, not observed",api.btcmarkets.net/v3/markets/USDT-AUD/candles
2024-02-12T00:00:00Z,BTC Markets,AUD,USDT-AUD,1d,1.5344,"reported, not observed",api.btcmarkets.net/v3/markets/USDT-AUD/candles
2024-02-13T00:00:00Z,BTC Markets,AUD,USDT-AUD,1d,1.5509,"reported, not observed",api.btcmarkets.net/v3/markets/USDT-AUD/candles
2024-02-14T00:00:00Z,BTC Markets,AUD,USDT-AUD,1d,1.54,"reported, not observed",api.btcmarkets.net/v3/markets/USDT-AUD/candles
2024-02-15T00:00:00Z,BTC Markets,AUD,USDT-AUD,1d,1.531,"reported, not observed",api.btcmarkets.net/v3/markets/USDT-AUD/candles
2024-02-16T00:00:00Z,BTC Markets,AUD,USDT-AUD,1d,1.5338,"reported, not observed",api.btcmarkets.net/v3/markets/USDT-AUD/candles
2024-02-17T00:00:00Z,BTC Markets,AUD,USDT-AUD,1d,1.5347,"reported, not observed",api.btcmarkets.net/v3/markets/USDT-AUD/candles
2024-02-18T00:00:00Z,BTC Markets,AUD,USDT-AUD,1d,1.5355,"reported, not observed",api.btcmarkets.net/v3/markets/USDT-AUD/candles
2024-02-19T00:00:00Z,BTC Markets,AUD,USDT-AUD,1d,1.538,"reported, not observed",api.btcmarkets.net/v3/markets/USDT-AUD/candles
2024-02-20T00:00:00Z,BTC Markets,AUD,USDT-AUD,1d,1.5299,"reported, not observed",api.btcmarkets.net/v3/markets/USDT-AUD/candles
2024-02-21T00:00:00Z,BTC Markets,AUD,USDT-AUD,1d,1.5282,"reported, not observed",api.btcmarkets.net/v3/markets/USDT-AUD/candles
2024-02-22T00:00:00Z,BTC Markets,AUD,USDT-AUD,1d,1.5256,"reported, not observed",api.btcmarkets.net/v3/markets/USDT-AUD/candles
2024-02-23T00:00:00Z,BTC Markets,AUD,USDT-AUD,1d,1.5252,"reported, not observed",api.btcmarkets.net/v3/markets/USDT-AUD/candles
2024-02-24T00:00:00Z,BTC Markets,AUD,USDT-AUD,1d,1.527,"reported, not observed",api.btcmarkets.net/v3/markets/USDT-AUD/candles
2024-02-25T00:00:00Z,BTC Markets,AUD,USDT-AUD,1d,1.5286,"reported, not observed",api.btcmarkets.net/v3/markets/USDT-AUD/candles
2024-02-26T00:00:00Z,BTC Markets,AUD,USDT-AUD,1d,1.5321,"reported, not observed",api.btcmarkets.net/v3/markets/USDT-AUD/candles
2024-02-27T00:00:00Z,BTC Markets,AUD,USDT-AUD,1d,1.5369,"reported, not observed",api.btcmarkets.net/v3/markets/USDT-AUD/candles
2024-02-28T00:00:00Z,BTC Markets,AUD,USDT-AUD,1d,1.5365,"reported, not observed",api.btcmarkets.net/v3/markets/USDT-AUD/candles
2024-02-29T00:00:00Z,BTC Markets,AUD,USDT-AUD,1d,1.537,"reported, not observed",api.btcmarkets.net/v3/markets/USDT-AUD/candles
2024-03-01T00:00:00Z,BTC Markets,AUD,USDT-AUD,1d,1.5313,"reported, not observed",api.btcmarkets.net/v3/markets/USDT-AUD/candles
2024-03-02T00:00:00Z,BTC Markets,AUD,USDT-AUD,1d,1.536,"reported, not observed",api.btcmarkets.net/v3/markets/USDT-AUD/candles
2024-03-03T00:00:00Z,BTC Markets,AUD,USDT-AUD,1d,1.5337,"reported, not observed",api.btcmarkets.net/v3/markets/USDT-AUD/candles
2024-03-04T00:00:00Z,BTC Markets,AUD,USDT-AUD,1d,1.5398,"reported, not observed",api.btcmarkets.net/v3/markets/USDT-AUD/candles
2024-03-05T00:00:00Z,BTC Markets,AUD,USDT-AUD,1d,1.5371,"reported, not observed",api.btcmarkets.net/v3/markets/USDT-AUD/candles
2024-03-06T00:00:00Z,BTC Markets,AUD,USDT-AUD,1d,1.5189,"reported, not observed",api.btcmarkets.net/v3/markets/USDT-AUD/candles
2024-03-07T00:00:00Z,BTC Markets,AUD,USDT-AUD,1d,1.5103,"reported, not observed",api.btcmarkets.net/v3/markets/USDT-AUD/candles
2024-03-08T00:00:00Z,BTC Markets,AUD,USDT-AUD,1d,1.5069,"reported, not observed",api.btcmarkets.net/v3/markets/USDT-AUD/candles
2024-03-09T00:00:00Z,BTC Markets,AUD,USDT-AUD,1d,1.5104,"reported, not observed",api.btcmarkets.net/v3/markets/USDT-AUD/candles
2024-03-10T00:00:00Z,BTC Markets,AUD,USDT-AUD,1d,1.508,"reported, not observed",api.btcmarkets.net/v3/markets/USDT-AUD/candles
2024-03-11T00:00:00Z,BTC Markets,AUD,USDT-AUD,1d,1.5085,"reported, not observed",api.btcmarkets.net/v3/markets/USDT-AUD/candles
2024-03-12T00:00:00Z,BTC Markets,AUD,USDT-AUD,1d,1.5111,"reported, not observed",api.btcmarkets.net/v3/markets/USDT-AUD/candles
2024-03-13T00:00:00Z,BTC Markets,AUD,USDT-AUD,1d,1.5105,"reported, not observed",api.btcmarkets.net/v3/markets/USDT-AUD/candles
2024-03-14T00:00:00Z,BTC Markets,AUD,USDT-AUD,1d,1.5239,"reported, not observed",api.btcmarkets.net/v3/markets/USDT-AUD/candles
2024-03-15T00:00:00Z,BTC Markets,AUD,USDT-AUD,1d,1.53,"reported, not observed",api.btcmarkets.net/v3/markets/USDT-AUD/candles
2024-03-16T00:00:00Z,BTC Markets,AUD,USDT-AUD,1d,1.529,"reported, not observed",api.btcmarkets.net/v3/markets/USDT-AUD/candles
2024-03-17T00:00:00Z,BTC Markets,AUD,USDT-AUD,1d,1.5241,"reported, not observed",api.btcmarkets.net/v3/markets/USDT-AUD/candles
2024-03-18T00:00:00Z,BTC Markets,AUD,USDT-AUD,1d,1.5261,"reported, not observed",api.btcmarkets.net/v3/markets/USDT-AUD/candles
2024-03-19T00:00:00Z,BTC Markets,AUD,USDT-AUD,1d,1.5389,"reported, not observed",api.btcmarkets.net/v3/markets/USDT-AUD/candles
2024-03-20T00:00:00Z,BTC Markets,AUD,USDT-AUD,1d,1.5192,"reported, not observed",api.btcmarkets.net/v3/markets/USDT-AUD/candles
2024-03-21T00:00:00Z,BTC Markets,AUD,USDT-AUD,1d,1.5248,"reported, not observed",api.btcmarkets.net/v3/markets/USDT-AUD/candles
2024-03-22T00:00:00Z,BTC Markets,AUD,USDT-AUD,1d,1.5353,"reported, not observed",api.btcmarkets.net/v3/markets/USDT-AUD/candles
2024-03-23T00:00:00Z,BTC Markets,AUD,USDT-AUD,1d,1.542,"reported, not observed",api.btcmarkets.net/v3/markets/USDT-AUD/candles
2024-03-24T00:00:00Z,BTC Markets,AUD,USDT-AUD,1d,1.535,"reported, not observed",api.btcmarkets.net/v3/markets/USDT-AUD/candles
2024-03-25T00:00:00Z,BTC Markets,AUD,USDT-AUD,1d,1.5297,"reported, not observed",api.btcmarkets.net/v3/markets/USDT-AUD/candles
2024-03-26T00:00:00Z,BTC Markets,AUD,USDT-AUD,1d,1.5304,"reported, not observed",api.btcmarkets.net/v3/markets/USDT-AUD/candles
2024-03-27T00:00:00Z,BTC Markets,AUD,USDT-AUD,1d,1.5333,"reported, not observed",api.btcmarkets.net/v3/markets/USDT-AUD/candles
2024-03-28T00:00:00Z,BTC Markets,AUD,USDT-AUD,1d,1.5364,"reported, not observed",api.btcmarkets.net/v3/markets/USDT-AUD/candles
2024-03-29T00:00:00Z,BTC Markets,AUD,USDT-AUD,1d,1.5369,"reported, not observed",api.btcmarkets.net/v3/markets/USDT-AUD/candles
2024-03-30T00:00:00Z,BTC Markets,AUD,USDT-AUD,1d,1.5362,"reported, not observed",api.btcmarkets.net/v3/markets/USDT-AUD/candles
2024-03-31T00:00:00Z,BTC Markets,AUD,USDT-AUD,1d,1.5319,"reported, not observed",api.btcmarkets.net/v3/markets/USDT-AUD/candles
2024-04-01T00:00:00Z,BTC Markets,AUD,USDT-AUD,1d,1.5411,"reported, not observed",api.btcmarkets.net/v3/markets/USDT-AUD/candles
2024-04-02T00:00:00Z,BTC Markets,AUD,USDT-AUD,1d,1.5437,"reported, not observed",api.btcmarkets.net/v3/markets/USDT-AUD/candles
2024-04-03T00:00:00Z,BTC Markets,AUD,USDT-AUD,1d,1.5278,"reported, not observed",api.btcmarkets.net/v3/markets/USDT-AUD/candles
2024-04-04T00:00:00Z,BTC Markets,AUD,USDT-AUD,1d,1.5278,"reported, not observed",api.btcmarkets.net/v3/markets/USDT-AUD/candles
2024-04-05T00:00:00Z,BTC Markets,AUD,USDT-AUD,1d,1.5534,"reported, not observed",api.btcmarkets.net/v3/markets/USDT-AUD/candles
2024-04-06T00:00:00Z,BTC Markets,AUD,USDT-AUD,1d,1.524,"reported, not observed",api.btcmarkets.net/v3/markets/USDT-AUD/candles
2024-04-07T00:00:00Z,BTC Markets,AUD,USDT-AUD,1d,1.5297,"reported, not observed",api.btcmarkets.net/v3/markets/USDT-AUD/candles
2024-04-08T00:00:00Z,BTC Markets,AUD,USDT-AUD,1d,1.5176,"reported, not observed",api.btcmarkets.net/v3/markets/USDT-AUD/candles
2024-04-09T00:00:00Z,BTC Markets,AUD,USDT-AUD,1d,1.5087,"reported, not observed",api.btcmarkets.net/v3/markets/USDT-AUD/candles
2024-04-10T00:00:00Z,BTC Markets,AUD,USDT-AUD,1d,1.536,"reported, not observed",api.btcmarkets.net/v3/markets/USDT-AUD/candles
2024-04-11T00:00:00Z,BTC Markets,AUD,USDT-AUD,1d,1.5299,"reported, not observed",api.btcmarkets.net/v3/markets/USDT-AUD/candles
2024-04-12T00:00:00Z,BTC Markets,AUD,USDT-AUD,1d,1.5514,"reported, not observed",api.btcmarkets.net/v3/markets/USDT-AUD/candles
2024-04-13T00:00:00Z,BTC Markets,AUD,USDT-AUD,1d,1.5898,"reported, not observed",api.btcmarkets.net/v3/markets/USDT-AUD/candles
2024-04-14T00:00:00Z,BTC Markets,AUD,USDT-AUD,1d,1.5509,"reported, not observed",api.btcmarkets.net/v3/markets/USDT-AUD/candles
2024-04-15T00:00:00Z,BTC Markets,AUD,USDT-AUD,1d,1.5636,"reported, not observed",api.btcmarkets.net/v3/markets/USDT-AUD/candles
2024-04-16T00:00:00Z,BTC Markets,AUD,USDT-AUD,1d,1.5587,"reported, not observed",api.btcmarkets.net/v3/markets/USDT-AUD/candles
2024-04-17T00:00:00Z,BTC Markets,AUD,USDT-AUD,1d,1.5585,"reported, not observed",api.btcmarkets.net/v3/markets/USDT-AUD/candles
2024-04-18T00:00:00Z,BTC Markets,AUD,USDT-AUD,1d,1.551,"reported, not observed",api.btcmarkets.net/v3/markets/USDT-AUD/candles
2024-04-19T00:00:00Z,BTC Markets,AUD,USDT-AUD,1d,1.557,"reported, not observed",api.btcmarkets.net/v3/markets/USDT-AUD/candles
2024-04-20T00:00:00Z,BTC Markets,AUD,USDT-AUD,1d,1.5617,"reported, not observed",api.btcmarkets.net/v3/markets/USDT-AUD/candles
2024-04-21T00:00:00Z,BTC Markets,AUD,USDT-AUD,1d,1.555,"reported, not observed",api.btcmarkets.net/v3/markets/USDT-AUD/candles
2024-04-22T00:00:00Z,BTC Markets,AUD,USDT-AUD,1d,1.5537,"reported, not observed",api.btcmarkets.net/v3/markets/USDT-AUD/candles
2024-04-23T00:00:00Z,BTC Markets,AUD,USDT-AUD,1d,1.5407,"reported, not observed",api.btcmarkets.net/v3/markets/USDT-AUD/candles
2024-04-24T00:00:00Z,BTC Markets,AUD,USDT-AUD,1d,1.5416,"reported, not observed",api.btcmarkets.net/v3/markets/USDT-AUD/candles
2024-04-25T00:00:00Z,BTC Markets,AUD,USDT-AUD,1d,1.5301,"reported, not observed",api.btcmarkets.net/v3/markets/USDT-AUD/candles
2024-04-26T00:00:00Z,BTC Markets,AUD,USDT-AUD,1d,1.53,"reported, not observed",api.btcmarkets.net/v3/markets/USDT-AUD/candles
2024-04-27T00:00:00Z,BTC Markets,AUD,USDT-AUD,1d,1.5311,"reported, not observed",api.btcmarkets.net/v3/markets/USDT-AUD/candles
2024-04-28T00:00:00Z,BTC Markets,AUD,USDT-AUD,1d,1.5355,"reported, not observed",api.btcmarkets.net/v3/markets/USDT-AUD/candles
2024-04-29T00:00:00Z,BTC Markets,AUD,USDT-AUD,1d,1.5334,"reported, not observed",api.btcmarkets.net/v3/markets/USDT-AUD/candles
2024-04-30T00:00:00Z,BTC Markets,AUD,USDT-AUD,1d,1.5511,"reported, not observed",api.btcmarkets.net/v3/markets/USDT-AUD/candles
2024-05-01T00:00:00Z,BTC Markets,AUD,USDT-AUD,1d,1.5311,"reported, not observed",api.btcmarkets.net/v3/markets/USDT-AUD/candles
2024-05-02T00:00:00Z,BTC Markets,AUD,USDT-AUD,1d,1.5259,"reported, not observed",api.btcmarkets.net/v3/markets/USDT-AUD/candles
2024-05-03T00:00:00Z,BTC Markets,AUD,USDT-AUD,1d,1.5183,"reported, not observed",api.btcmarkets.net/v3/markets/USDT-AUD/candles
2024-05-04T00:00:00Z,BTC Markets,AUD,USDT-AUD,1d,1.517,"reported, not observed",api.btcmarkets.net/v3/markets/USDT-AUD/candles
2024-05-05T00:00:00Z,BTC Markets,AUD,USDT-AUD,1d,1.5164,"reported, not observed",api.btcmarkets.net/v3/markets/USDT-AUD/candles
2024-05-06T00:00:00Z,BTC Markets,AUD,USDT-AUD,1d,1.509,"reported, not observed",api.btcmarkets.net/v3/markets/USDT-AUD/candles
2024-05-07T00:00:00Z,BTC Markets,AUD,USDT-AUD,1d,1.5175,"reported, not observed",api.btcmarkets.net/v3/markets/USDT-AUD/candles
2024-05-08T00:00:00Z,BTC Markets,AUD,USDT-AUD,1d,1.5142,"reported, not observed",api.btcmarkets.net/v3/markets/USDT-AUD/candles
2024-05-09T00:00:00Z,BTC Markets,AUD,USDT-AUD,1d,1.5066,"reported, not observed",api.btcmarkets.net/v3/markets/USDT-AUD/candles
2024-05-10T00:00:00Z,BTC Markets,AUD,USDT-AUD,1d,1.5143,"reported, not observed",api.btcmarkets.net/v3/markets/USDT-AUD/candles
2024-05-11T00:00:00Z,BTC Markets,AUD,USDT-AUD,1d,1.5213,"reported, not observed",api.btcmarkets.net/v3/markets/USDT-AUD/candles
2024-05-12T00:00:00Z,BTC Markets,AUD,USDT-AUD,1d,1.5182,"reported, not observed",api.btcmarkets.net/v3/markets/USDT-AUD/candles
2024-05-13T00:00:00Z,BTC Markets,AUD,USDT-AUD,1d,1.5153,"reported, not observed",api.btcmarkets.net/v3/markets/USDT-AUD/candles
2024-05-14T00:00:00Z,BTC Markets,AUD,USDT-AUD,1d,1.5102,"reported, not observed",api.btcmarkets.net/v3/markets/USDT-AUD/candles
2024-05-15T00:00:00Z,BTC Markets,AUD,USDT-AUD,1d,1.4924,"reported, not observed",api.btcmarkets.net/v3/markets/USDT-AUD/candles
2024-05-16T00:00:00Z,BTC Markets,AUD,USDT-AUD,1d,1.4927,"reported, not observed",api.btcmarkets.net/v3/markets/USDT-AUD/candles
2024-05-17T00:00:00Z,BTC Markets,AUD,USDT-AUD,1d,1.4907,"reported, not observed",api.btcmarkets.net/v3/markets/USDT-AUD/candles
2024-05-18T00:00:00Z,BTC Markets,AUD,USDT-AUD,1d,1.4979,"reported, not observed",api.btcmarkets.net/v3/markets/USDT-AUD/candles
2024-05-19T00:00:00Z,BTC Markets,AUD,USDT-AUD,1d,1.4875,"reported, not observed",api.btcmarkets.net/v3/markets/USDT-AUD/candles
2024-05-20T00:00:00Z,BTC Markets,AUD,USDT-AUD,1d,1.4925,"reported, not observed",api.btcmarkets.net/v3/markets/USDT-AUD/candles
2024-05-21T00:00:00Z,BTC Markets,AUD,USDT-AUD,1d,1.4947,"reported, not observed",api.btcmarkets.net/v3/markets/USDT-AUD/candles
2024-05-22T00:00:00Z,BTC Markets,AUD,USDT-AUD,1d,1.5097,"reported, not observed",api.btcmarkets.net/v3/markets/USDT-AUD/candles
2024-05-23T00:00:00Z,BTC Markets,AUD,USDT-AUD,1d,1.5144,"reported, not observed",api.btcmarkets.net/v3/markets/USDT-AUD/candles
2024-05-24T00:00:00Z,BTC Markets,AUD,USDT-AUD,1d,1.5139,"reported, not observed",api.btcmarkets.net/v3/markets/USDT-AUD/candles
2024-05-25T00:00:00Z,BTC Markets,AUD,USDT-AUD,1d,1.5097,"reported, not observed",api.btcmarkets.net/v3/markets/USDT-AUD/candles
2024-05-26T00:00:00Z,BTC Markets,AUD,USDT-AUD,1d,1.5081,"reported, not observed",api.btcmarkets.net/v3/markets/USDT-AUD/candles
2024-05-27T00:00:00Z,BTC Markets,AUD,USDT-AUD,1d,1.4963,"reported, not observed",api.btcmarkets.net/v3/markets/USDT-AUD/candles
2024-05-28T00:00:00Z,BTC Markets,AUD,USDT-AUD,1d,1.503,"reported, not observed",api.btcmarkets.net/v3/markets/USDT-AUD/candles
2024-05-29T00:00:00Z,BTC Markets,AUD,USDT-AUD,1d,1.5123,"reported, not observed",api.btcmarkets.net/v3/markets/USDT-AUD/candles
2024-05-30T00:00:00Z,BTC Markets,AUD,USDT-AUD,1d,1.509,"reported, not observed",api.btcmarkets.net/v3/markets/USDT-AUD/candles
2024-05-31T00:00:00Z,BTC Markets,AUD,USDT-AUD,1d,1.5036,"reported, not observed",api.btcmarkets.net/v3/markets/USDT-AUD/candles
2024-06-01T00:00:00Z,BTC Markets,AUD,USDT-AUD,1d,1.4994,"reported, not observed",api.btcmarkets.net/v3/markets/USDT-AUD/candles
2024-06-02T00:00:00Z,BTC Markets,AUD,USDT-AUD,1d,1.5019,"reported, not observed",api.btcmarkets.net/v3/markets/USDT-AUD/candles
2024-06-03T00:00:00Z,BTC Markets,AUD,USDT-AUD,1d,1.4946,"reported, not observed",api.btcmarkets.net/v3/markets/USDT-AUD/candles
2024-06-04T00:00:00Z,BTC Markets,AUD,USDT-AUD,1d,1.5053,"reported, not observed",api.btcmarkets.net/v3/markets/USDT-AUD/candles
2024-06-05T00:00:00Z,BTC Markets,AUD,USDT-AUD,1d,1.5036,"reported, not observed",api.btcmarkets.net/v3/markets/USDT-AUD/candles
2024-06-06T00:00:00Z,BTC Markets,AUD,USDT-AUD,1d,1.501,"reported, not observed",api.btcmarkets.net/v3/markets/USDT-AUD/candles
2024-06-07T00:00:00Z,BTC Markets,AUD,USDT-AUD,1d,1.5189,"reported, not observed",api.btcmarkets.net/v3/markets/USDT-AUD/candles
2024-06-08T00:00:00Z,BTC Markets,AUD,USDT-AUD,1d,1.5158,"reported, not observed",api.btcmarkets.net/v3/markets/USDT-AUD/candles
2024-06-09T00:00:00Z,BTC Markets,AUD,USDT-AUD,1d,1.5131,"reported, not observed",api.btcmarkets.net/v3/markets/USDT-AUD/candles
2024-06-10T00:00:00Z,BTC Markets,AUD,USDT-AUD,1d,1.5134,"reported, not observed",api.btcmarkets.net/v3/markets/USDT-AUD/candles
2024-06-11T00:00:00Z,BTC Markets,AUD,USDT-AUD,1d,1.5077,"reported, not observed",api.btcmarkets.net/v3/markets/USDT-AUD/candles
2024-06-12T00:00:00Z,BTC Markets,AUD,USDT-AUD,1d,1.5008,"reported, not observed",api.btcmarkets.net/v3/markets/USDT-AUD/candles
2024-06-13T00:00:00Z,BTC Markets,AUD,USDT-AUD,1d,1.5095,"reported, not observed",api.btcmarkets.net/v3/markets/USDT-AUD/candles
2024-06-14T00:00:00Z,BTC Markets,AUD,USDT-AUD,1d,1.5186,"reported, not observed",api.btcmarkets.net/v3/markets/USDT-AUD/candles
2024-06-15T00:00:00Z,BTC Markets,AUD,USDT-AUD,1d,1.5187,"reported, not observed",api.btcmarkets.net/v3/markets/USDT-AUD/candles
2024-06-16T00:00:00Z,BTC Markets,AUD,USDT-AUD,1d,1.5124,"reported, not observed",api.btcmarkets.net/v3/markets/USDT-AUD/candles
2024-06-17T00:00:00Z,BTC Markets,AUD,USDT-AUD,1d,1.511,"reported, not observed",api.btcmarkets.net/v3/markets/USDT-AUD/candles
2024-06-18T00:00:00Z,BTC Markets,AUD,USDT-AUD,1d,1.5016,"reported, not observed",api.btcmarkets.net/v3/markets/USDT-AUD/candles
2024-06-19T00:00:00Z,BTC Markets,AUD,USDT-AUD,1d,1.4995,"reported, not observed",api.btcmarkets.net/v3/markets/USDT-AUD/candles
2024-06-20T00:00:00Z,BTC Markets,AUD,USDT-AUD,1d,1.4984,"reported, not observed",api.btcmarkets.net/v3/markets/USDT-AUD/candles
2024-06-21T00:00:00Z,BTC Markets,AUD,USDT-AUD,1d,1.5063,"reported, not observed",api.btcmarkets.net/v3/markets/USDT-AUD/candles
2024-06-22T00:00:00Z,BTC Markets,AUD,USDT-AUD,1d,1.5079,"reported, not observed",api.btcmarkets.net/v3/markets/USDT-AUD/candles
2024-06-23T00:00:00Z,BTC Markets,AUD,USDT-AUD,1d,1.5072,"reported, not observed",api.btcmarkets.net/v3/markets/USDT-AUD/candles
2024-06-24T00:00:00Z,BTC Markets,AUD,USDT-AUD,1d,1.5032,"reported, not observed",api.btcmarkets.net/v3/markets/USDT-AUD/candles
2024-06-25T00:00:00Z,BTC Markets,AUD,USDT-AUD,1d,1.5045,"reported, not observed",api.btcmarkets.net/v3/markets/USDT-AUD/candles
2024-06-26T00:00:00Z,BTC Markets,AUD,USDT-AUD,1d,1.5016,"reported, not observed",api.btcmarkets.net/v3/markets/USDT-AUD/candles
2024-06-27T00:00:00Z,BTC Markets,AUD,USDT-AUD,1d,1.5037,"reported, not observed",api.btcmarkets.net/v3/markets/USDT-AUD/candles
2024-06-28T00:00:00Z,BTC Markets,AUD,USDT-AUD,1d,1.4941,"reported, not observed",api.btcmarkets.net/v3/markets/USDT-AUD/candles
2024-06-29T00:00:00Z,BTC Markets,AUD,USDT-AUD,1d,1.4981,"reported, not observed",api.btcmarkets.net/v3/markets/USDT-AUD/candles
2024-06-30T00:00:00Z,BTC Markets,AUD,USDT-AUD,1d,1.4937,"reported, not observed",api.btcmarkets.net/v3/markets/USDT-AUD/candles
2024-07-01T00:00:00Z,BTC Markets,AUD,USDT-AUD,1d,1.4989,"reported, not observed",api.btcmarkets.net/v3/markets/USDT-AUD/candles
2024-07-02T00:00:00Z,BTC Markets,AUD,USDT-AUD,1d,1.4974,"reported, not observed",api.btcmarkets.net/v3/markets/USDT-AUD/candles
2024-07-03T00:00:00Z,BTC Markets,AUD,USDT-AUD,1d,1.4863,"reported, not observed",api.btcmarkets.net/v3/markets/USDT-AUD/candles
2024-07-04T00:00:00Z,BTC Markets,AUD,USDT-AUD,1d,1.4855,"reported, not observed",api.btcmarkets.net/v3/markets/USDT-AUD/candles
2024-07-05T00:00:00Z,BTC Markets,AUD,USDT-AUD,1d,1.4853,"reported, not observed",api.btcmarkets.net/v3/markets/USDT-AUD/candles
2024-07-06T00:00:00Z,BTC Markets,AUD,USDT-AUD,1d,1.4862,"reported, not observed",api.btcmarkets.net/v3/markets/USDT-AUD/candles
2024-07-07T00:00:00Z,BTC Markets,AUD,USDT-AUD,1d,1.491,"reported, not observed",api.btcmarkets.net/v3/markets/USDT-AUD/candles
2024-07-08T00:00:00Z,BTC Markets,AUD,USDT-AUD,1d,1.488,"reported, not observed",api.btcmarkets.net/v3/markets/USDT-AUD/candles
2024-07-09T00:00:00Z,BTC Markets,AUD,USDT-AUD,1d,1.4866,"reported, not observed",api.btcmarkets.net/v3/markets/USDT-AUD/candles
2024-07-10T00:00:00Z,BTC Markets,AUD,USDT-AUD,1d,1.4783,"reported, not observed",api.btcmarkets.net/v3/markets/USDT-AUD/candles
2024-07-11T00:00:00Z,BTC Markets,AUD,USDT-AUD,1d,1.4802,"reported, not observed",api.btcmarkets.net/v3/markets/USDT-AUD/candles
2024-07-12T00:00:00Z,BTC Markets,AUD,USDT-AUD,1d,1.4798,"reported, not observed",api.btcmarkets.net/v3/markets/USDT-AUD/candles
2024-07-13T00:00:00Z,BTC Markets,AUD,USDT-AUD,1d,1.4789,"reported, not observed",api.btcmarkets.net/v3/markets/USDT-AUD/candles
2024-07-14T00:00:00Z,BTC Markets,AUD,USDT-AUD,1d,1.4799,"reported, not observed",api.btcmarkets.net/v3/markets/USDT-AUD/candles
2024-07-15T00:00:00Z,BTC Markets,AUD,USDT-AUD,1d,1.4808,"reported, not observed",api.btcmarkets.net/v3/markets/USDT-AUD/candles
2024-07-16T00:00:00Z,BTC Markets,AUD,USDT-AUD,1d,1.4852,"reported, not observed",api.btcmarkets.net/v3/markets/USDT-AUD/candles
2024-07-17T00:00:00Z,BTC Markets,AUD,USDT-AUD,1d,1.4891,"reported, not observed",api.btcmarkets.net/v3/markets/USDT-AUD/candles
2024-07-18T00:00:00Z,BTC Markets,AUD,USDT-AUD,1d,1.4888,"reported, not observed",api.btcmarkets.net/v3/markets/USDT-AUD/candles
2024-07-19T00:00:00Z,BTC Markets,AUD,USDT-AUD,1d,1.4955,"reported, not observed",api.btcmarkets.net/v3/markets/USDT-AUD/candles
2024-07-20T00:00:00Z,BTC Markets,AUD,USDT-AUD,1d,1.4984,"reported, not observed",api.btcmarkets.net/v3/markets/USDT-AUD/candles
2024-07-21T00:00:00Z,BTC Markets,AUD,USDT-AUD,1d,1.4917,"reported, not observed",api.btcmarkets.net/v3/markets/USDT-AUD/candles
2024-07-22T00:00:00Z,BTC Markets,AUD,USDT-AUD,1d,1.5063,"reported, not observed",api.btcmarkets.net/v3/markets/USDT-AUD/candles
2024-07-23T00:00:00Z,BTC Markets,AUD,USDT-AUD,1d,1.5119,"reported, not observed",api.btcmarkets.net/v3/markets/USDT-AUD/candles
2024-07-24T00:00:00Z,BTC Markets,AUD,USDT-AUD,1d,1.5114,"reported, not observed",api.btcmarkets.net/v3/markets/USDT-AUD/candles
2024-07-25T00:00:00Z,BTC Markets,AUD,USDT-AUD,1d,1.5278,"reported, not observed",api.btcmarkets.net/v3/markets/USDT-AUD/candles
2024-07-26T00:00:00Z,BTC Markets,AUD,USDT-AUD,1d,1.5261,"reported, not observed",api.btcmarkets.net/v3/markets/USDT-AUD/candles
2024-07-27T00:00:00Z,BTC Markets,AUD,USDT-AUD,1d,1.5233,"reported, not observed",api.btcmarkets.net/v3/markets/USDT-AUD/candles
2024-07-28T00:00:00Z,BTC Markets,AUD,USDT-AUD,1d,1.5209,"reported, not observed",api.btcmarkets.net/v3/markets/USDT-AUD/candles
2024-07-29T00:00:00Z,BTC Markets,AUD,USDT-AUD,1d,1.5191,"reported, not observed",api.btcmarkets.net/v3/markets/USDT-AUD/candles
2024-07-30T00:00:00Z,BTC Markets,AUD,USDT-AUD,1d,1.5292,"reported, not observed",api.btcmarkets.net/v3/markets/USDT-AUD/candles
2024-07-31T00:00:00Z,BTC Markets,AUD,USDT-AUD,1d,1.5263,"reported, not observed",api.btcmarkets.net/v3/markets/USDT-AUD/candles
2024-08-01T00:00:00Z,BTC Markets,AUD,USDT-AUD,1d,1.5376,"reported, not observed",api.btcmarkets.net/v3/markets/USDT-AUD/candles
2024-08-02T00:00:00Z,BTC Markets,AUD,USDT-AUD,1d,1.5351,"reported, not observed",api.btcmarkets.net/v3/markets/USDT-AUD/candles
2024-08-03T00:00:00Z,BTC Markets,AUD,USDT-AUD,1d,1.5398,"reported, not observed",api.btcmarkets.net/v3/markets/USDT-AUD/candles
2024-08-04T00:00:00Z,BTC Markets,AUD,USDT-AUD,1d,1.5423,"reported, not observed",api.btcmarkets.net/v3/markets/USDT-AUD/candles
2024-08-05T00:00:00Z,BTC Markets,AUD,USDT-AUD,1d,1.5428,"reported, not observed",api.btcmarkets.net/v3/markets/USDT-AUD/candles
2024-08-06T00:00:00Z,BTC Markets,AUD,USDT-AUD,1d,1.5396,"reported, not observed",api.btcmarkets.net/v3/markets/USDT-AUD/candles
2024-08-07T00:00:00Z,BTC Markets,AUD,USDT-AUD,1d,1.5369,"reported, not observed",api.btcmarkets.net/v3/markets/USDT-AUD/candles
2024-08-08T00:00:00Z,BTC Markets,AUD,USDT-AUD,1d,1.5161,"reported, not observed",api.btcmarkets.net/v3/markets/USDT-AUD/candles
2024-08-09T00:00:00Z,BTC Markets,AUD,USDT-AUD,1d,1.5213,"reported, not observed",api.btcmarkets.net/v3/markets/USDT-AUD/candles
2024-08-10T00:00:00Z,BTC Markets,AUD,USDT-AUD,1d,1.5249,"reported, not observed",api.btcmarkets.net/v3/markets/USDT-AUD/candles
2024-08-11T00:00:00Z,BTC Markets,AUD,USDT-AUD,1d,1.5216,"reported, not observed",api.btcmarkets.net/v3/markets/USDT-AUD/candles
2024-08-12T00:00:00Z,BTC Markets,AUD,USDT-AUD,1d,1.5164,"reported, not observed",api.btcmarkets.net/v3/markets/USDT-AUD/candles
2024-08-13T00:00:00Z,BTC Markets,AUD,USDT-AUD,1d,1.5059,"reported, not observed",api.btcmarkets.net/v3/markets/USDT-AUD/candles
2024-08-14T00:00:00Z,BTC Markets,AUD,USDT-AUD,1d,1.5192,"reported, not observed",api.btcmarkets.net/v3/markets/USDT-AUD/candles
2024-08-15T00:00:00Z,BTC Markets,AUD,USDT-AUD,1d,1.5166,"reported, not observed",api.btcmarkets.net/v3/markets/USDT-AUD/candles
2024-08-16T00:00:00Z,BTC Markets,AUD,USDT-AUD,1d,1.5062,"reported, not observed",api.btcmarkets.net/v3/markets/USDT-AUD/candles
2024-08-17T00:00:00Z,BTC Markets,AUD,USDT-AUD,1d,1.4994,"reported, not observed",api.btcmarkets.net/v3/markets/USDT-AUD/candles
2024-08-18T00:00:00Z,BTC Markets,AUD,USDT-AUD,1d,1.4994,"reported, not observed",api.btcmarkets.net/v3/markets/USDT-AUD/candles
2024-08-19T00:00:00Z,BTC Markets,AUD,USDT-AUD,1d,1.4873,"reported, not observed",api.btcmarkets.net/v3/markets/USDT-AUD/candles
2024-08-20T00:00:00Z,BTC Markets,AUD,USDT-AUD,1d,1.4827,"reported, not observed",api.btcmarkets.net/v3/markets/USDT-AUD/candles
2024-08-21T00:00:00Z,BTC Markets,AUD,USDT-AUD,1d,1.4829,"reported, not observed",api.btcmarkets.net/v3/markets/USDT-AUD/candles
2024-08-22T00:00:00Z,BTC Markets,AUD,USDT-AUD,1d,1.4921,"reported, not observed",api.btcmarkets.net/v3/markets/USDT-AUD/candles
2024-08-23T00:00:00Z,BTC Markets,AUD,USDT-AUD,1d,1.4781,"reported, not observed",api.btcmarkets.net/v3/markets/USDT-AUD/candles
2024-08-24T00:00:00Z,BTC Markets,AUD,USDT-AUD,1d,1.4681,"reported, not observed",api.btcmarkets.net/v3/markets/USDT-AUD/candles
2024-08-25T00:00:00Z,BTC Markets,AUD,USDT-AUD,1d,1.4777,"reported, not observed",api.btcmarkets.net/v3/markets/USDT-AUD/candles
2024-08-26T00:00:00Z,BTC Markets,AUD,USDT-AUD,1d,1.479,"reported, not observed",api.btcmarkets.net/v3/markets/USDT-AUD/candles
2024-08-27T00:00:00Z,BTC Markets,AUD,USDT-AUD,1d,1.4788,"reported, not observed",api.btcmarkets.net/v3/markets/USDT-AUD/candles
2024-08-28T00:00:00Z,BTC Markets,AUD,USDT-AUD,1d,1.4769,"reported, not observed",api.btcmarkets.net/v3/markets/USDT-AUD/candles
2024-08-29T00:00:00Z,BTC Markets,AUD,USDT-AUD,1d,1.4732,"reported, not observed",api.btcmarkets.net/v3/markets/USDT-AUD/candles
2024-08-30T00:00:00Z,BTC Markets,AUD,USDT-AUD,1d,1.483,"reported, not observed",api.btcmarkets.net/v3/markets/USDT-AUD/candles
2024-08-31T00:00:00Z,BTC Markets,AUD,USDT-AUD,1d,1.4853,"reported, not observed",api.btcmarkets.net/v3/markets/USDT-AUD/candles
2024-09-01T00:00:00Z,BTC Markets,AUD,USDT-AUD,1d,1.4867,"reported, not observed",api.btcmarkets.net/v3/markets/USDT-AUD/candles
2024-09-02T00:00:00Z,BTC Markets,AUD,USDT-AUD,1d,1.475,"reported, not observed",api.btcmarkets.net/v3/markets/USDT-AUD/candles
2024-09-03T00:00:00Z,BTC Markets,AUD,USDT-AUD,1d,1.4901,"reported, not observed",api.btcmarkets.net/v3/markets/USDT-AUD/candles
2024-09-04T00:00:00Z,BTC Markets,AUD,USDT-AUD,1d,1.4907,"reported, not observed",api.btcmarkets.net/v3/markets/USDT-AUD/candles
2024-09-05T00:00:00Z,BTC Markets,AUD,USDT-AUD,1d,1.4843,"reported, not observed",api.btcmarkets.net/v3/markets/USDT-AUD/candles
2024-09-06T00:00:00Z,BTC Markets,AUD,USDT-AUD,1d,1.5029,"reported, not observed",api.btcmarkets.net/v3/markets/USDT-AUD/candles
2024-09-07T00:00:00Z,BTC Markets,AUD,USDT-AUD,1d,1.5043,"reported, not observed",api.btcmarkets.net/v3/markets/USDT-AUD/candles
2024-09-08T00:00:00Z,BTC Markets,AUD,USDT-AUD,1d,1.5048,"reported, not observed",api.btcmarkets.net/v3/markets/USDT-AUD/candles
2024-09-09T00:00:00Z,BTC Markets,AUD,USDT-AUD,1d,1.504,"reported, not observed",api.btcmarkets.net/v3/markets/USDT-AUD/candles
2024-09-10T00:00:00Z,BTC Markets,AUD,USDT-AUD,1d,1.5017,"reported, not observed",api.btcmarkets.net/v3/markets/USDT-AUD/candles
2024-09-11T00:00:00Z,BTC Markets,AUD,USDT-AUD,1d,1.4948,"reported, not observed",api.btcmarkets.net/v3/markets/USDT-AUD/candles
2024-09-12T00:00:00Z,BTC Markets,AUD,USDT-AUD,1d,1.4878,"reported, not observed",api.btcmarkets.net/v3/markets/USDT-AUD/candles
2024-09-13T00:00:00Z,BTC Markets,AUD,USDT-AUD,1d,1.4924,"reported, not observed",api.btcmarkets.net/v3/markets/USDT-AUD/candles
2024-09-14T00:00:00Z,BTC Markets,AUD,USDT-AUD,1d,1.491,"reported, not observed",api.btcmarkets.net/v3/markets/USDT-AUD/candles
2024-09-15T00:00:00Z,BTC Markets,AUD,USDT-AUD,1d,1.4912,"reported, not observed",api.btcmarkets.net/v3/markets/USDT-AUD/candles
2024-09-16T00:00:00Z,BTC Markets,AUD,USDT-AUD,1d,1.483,"reported, not observed",api.btcmarkets.net/v3/markets/USDT-AUD/candles
2024-09-17T00:00:00Z,BTC Markets,AUD,USDT-AUD,1d,1.4787,"reported, not observed",api.btcmarkets.net/v3/markets/USDT-AUD/candles
2024-09-18T00:00:00Z,BTC Markets,AUD,USDT-AUD,1d,1.4803,"reported, not observed",api.btcmarkets.net/v3/markets/USDT-AUD/candles
2024-09-19T00:00:00Z,BTC Markets,AUD,USDT-AUD,1d,1.4695,"reported, not observed",api.btcmarkets.net/v3/markets/USDT-AUD/candles
2024-09-20T00:00:00Z,BTC Markets,AUD,USDT-AUD,1d,1.4709,"reported, not observed",api.btcmarkets.net/v3/markets/USDT-AUD/candles
2024-09-21T00:00:00Z,BTC Markets,AUD,USDT-AUD,1d,1.4691,"reported, not observed",api.btcmarkets.net/v3/markets/USDT-AUD/candles
2024-09-22T00:00:00Z,BTC Markets,AUD,USDT-AUD,1d,1.4678,"reported, not observed",api.btcmarkets.net/v3/markets/USDT-AUD/candles
2024-09-23T00:00:00Z,BTC Markets,AUD,USDT-AUD,1d,1.4605,"reported, not observed",api.btcmarkets.net/v3/markets/USDT-AUD/candles
2024-09-24T00:00:00Z,BTC Markets,AUD,USDT-AUD,1d,1.4471,"reported, not observed",api.btcmarkets.net/v3/markets/USDT-AUD/candles
2024-09-25T00:00:00Z,BTC Markets,AUD,USDT-AUD,1d,1.4666,"reported, not observed",api.btcmarkets.net/v3/markets/USDT-AUD/candles
2024-09-26T00:00:00Z,BTC Markets,AUD,USDT-AUD,1d,1.4521,"reported, not observed",api.btcmarkets.net/v3/markets/USDT-AUD/candles
2024-09-27T00:00:00Z,BTC Markets,AUD,USDT-AUD,1d,1.4526,"reported, not observed",api.btcmarkets.net/v3/markets/USDT-AUD/candles
2024-09-28T00:00:00Z,BTC Markets,AUD,USDT-AUD,1d,1.4526,"reported, not observed",api.btcmarkets.net/v3/markets/USDT-AUD/candles
2024-09-29T00:00:00Z,BTC Markets,AUD,USDT-AUD,1d,1.4489,"reported, not observed",api.btcmarkets.net/v3/markets/USDT-AUD/candles
2024-09-30T00:00:00Z,BTC Markets,AUD,USDT-AUD,1d,1.445,"reported, not observed",api.btcmarkets.net/v3/markets/USDT-AUD/candles
2024-10-01T00:00:00Z,BTC Markets,AUD,USDT-AUD,1d,1.4556,"reported, not observed",api.btcmarkets.net/v3/markets/USDT-AUD/candles
2024-10-02T00:00:00Z,BTC Markets,AUD,USDT-AUD,1d,1.455,"reported, not observed",api.btcmarkets.net/v3/markets/USDT-AUD/candles
2024-10-03T00:00:00Z,BTC Markets,AUD,USDT-AUD,1d,1.4649,"reported, not observed",api.btcmarkets.net/v3/markets/USDT-AUD/candles
2024-10-04T00:00:00Z,BTC Markets,AUD,USDT-AUD,1d,1.4774,"reported, not observed",api.btcmarkets.net/v3/markets/USDT-AUD/candles
2024-10-05T00:00:00Z,BTC Markets,AUD,USDT-AUD,1d,1.4676,"reported, not observed",api.btcmarkets.net/v3/markets/USDT-AUD/candles
2024-10-06T00:00:00Z,BTC Markets,AUD,USDT-AUD,1d,1.4709,"reported, not observed",api.btcmarkets.net/v3/markets/USDT-AUD/candles
2024-10-07T00:00:00Z,BTC Markets,AUD,USDT-AUD,1d,1.477,"reported, not observed",api.btcmarkets.net/v3/markets/USDT-AUD/candles
2024-10-08T00:00:00Z,BTC Markets,AUD,USDT-AUD,1d,1.4832,"reported, not observed",api.btcmarkets.net/v3/markets/USDT-AUD/candles
2024-10-09T00:00:00Z,BTC Markets,AUD,USDT-AUD,1d,1.4893,"reported, not observed",api.btcmarkets.net/v3/markets/USDT-AUD/candles
2024-10-10T00:00:00Z,BTC Markets,AUD,USDT-AUD,1d,1.4835,"reported, not observed",api.btcmarkets.net/v3/markets/USDT-AUD/candles
2024-10-11T00:00:00Z,BTC Markets,AUD,USDT-AUD,1d,1.4821,"reported, not observed",api.btcmarkets.net/v3/markets/USDT-AUD/candles
2024-10-12T00:00:00Z,BTC Markets,AUD,USDT-AUD,1d,1.4788,"reported, not observed",api.btcmarkets.net/v3/markets/USDT-AUD/candles
2024-10-13T00:00:00Z,BTC Markets,AUD,USDT-AUD,1d,1.4839,"reported, not observed",api.btcmarkets.net/v3/markets/USDT-AUD/candles
2024-10-14T00:00:00Z,BTC Markets,AUD,USDT-AUD,1d,1.4875,"reported, not observed",api.btcmarkets.net/v3/markets/USDT-AUD/candles
2024-10-15T00:00:00Z,BTC Markets,AUD,USDT-AUD,1d,1.4907,"reported, not observed",api.btcmarkets.net/v3/markets/USDT-AUD/candles
2024-10-16T00:00:00Z,BTC Markets,AUD,USDT-AUD,1d,1.497,"reported, not observed",api.btcmarkets.net/v3/markets/USDT-AUD/candles
2024-10-17T00:00:00Z,BTC Markets,AUD,USDT-AUD,1d,1.4894,"reported, not observed",api.btcmarkets.net/v3/markets/USDT-AUD/candles
2024-10-18T00:00:00Z,BTC Markets,AUD,USDT-AUD,1d,1.4908,"reported, not observed",api.btcmarkets.net/v3/markets/USDT-AUD/candles
2024-10-19T00:00:00Z,BTC Markets,AUD,USDT-AUD,1d,1.4815,"reported, not observed",api.btcmarkets.net/v3/markets/USDT-AUD/candles
2024-10-20T00:00:00Z,BTC Markets,AUD,USDT-AUD,1d,1.4875,"reported, not observed",api.btcmarkets.net/v3/markets/USDT-AUD/candles
2024-10-21T00:00:00Z,BTC Markets,AUD,USDT-AUD,1d,1.5025,"reported, not observed",api.btcmarkets.net/v3/markets/USDT-AUD/candles
2024-10-22T00:00:00Z,BTC Markets,AUD,USDT-AUD,1d,1.4941,"reported, not observed",api.btcmarkets.net/v3/markets/USDT-AUD/candles
2024-10-23T00:00:00Z,BTC Markets,AUD,USDT-AUD,1d,1.507,"reported, not observed",api.btcmarkets.net/v3/markets/USDT-AUD/candles
2024-10-24T00:00:00Z,BTC Markets,AUD,USDT-AUD,1d,1.5049,"reported, not observed",api.btcmarkets.net/v3/markets/USDT-AUD/candles
2024-10-25T00:00:00Z,BTC Markets,AUD,USDT-AUD,1d,1.5133,"reported, not observed",api.btcmarkets.net/v3/markets/USDT-AUD/candles
2024-10-26T00:00:00Z,BTC Markets,AUD,USDT-AUD,1d,1.5152,"reported, not observed",api.btcmarkets.net/v3/markets/USDT-AUD/candles
2024-10-27T00:00:00Z,BTC Markets,AUD,USDT-AUD,1d,1.5119,"reported, not observed",api.btcmarkets.net/v3/markets/USDT-AUD/candles
2024-10-28T00:00:00Z,BTC Markets,AUD,USDT-AUD,1d,1.5169,"reported, not observed",api.btcmarkets.net/v3/markets/USDT-AUD/candles
2024-10-29T00:00:00Z,BTC Markets,AUD,USDT-AUD,1d,1.5149,"reported, not observed",api.btcmarkets.net/v3/markets/USDT-AUD/candles
2024-10-30T00:00:00Z,BTC Markets,AUD,USDT-AUD,1d,1.5201,"reported, not observed",api.btcmarkets.net/v3/markets/USDT-AUD/candles
2024-10-31T00:00:00Z,BTC Markets,AUD,USDT-AUD,1d,1.5137,"reported, not observed",api.btcmarkets.net/v3/markets/USDT-AUD/candles
2024-11-01T00:00:00Z,BTC Markets,AUD,USDT-AUD,1d,1.5253,"reported, not observed",api.btcmarkets.net/v3/markets/USDT-AUD/candles
2024-11-02T00:00:00Z,BTC Markets,AUD,USDT-AUD,1d,1.5256,"reported, not observed",api.btcmarkets.net/v3/markets/USDT-AUD/candles
2024-11-03T00:00:00Z,BTC Markets,AUD,USDT-AUD,1d,1.5153,"reported, not observed",api.btcmarkets.net/v3/markets/USDT-AUD/candles
2024-11-04T00:00:00Z,BTC Markets,AUD,USDT-AUD,1d,1.5191,"reported, not observed",api.btcmarkets.net/v3/markets/USDT-AUD/candles
2024-11-05T00:00:00Z,BTC Markets,AUD,USDT-AUD,1d,1.509,"reported, not observed",api.btcmarkets.net/v3/markets/USDT-AUD/candles
2024-11-06T00:00:00Z,BTC Markets,AUD,USDT-AUD,1d,1.5112,"reported, not observed",api.btcmarkets.net/v3/markets/USDT-AUD/candles
2024-11-07T00:00:00Z,BTC Markets,AUD,USDT-AUD,1d,1.4984,"reported, not observed",api.btcmarkets.net/v3/markets/USDT-AUD/candles
2024-11-08T00:00:00Z,BTC Markets,AUD,USDT-AUD,1d,1.5193,"reported, not observed",api.btcmarkets.net/v3/markets/USDT-AUD/candles
2024-11-09T00:00:00Z,BTC Markets,AUD,USDT-AUD,1d,1.5187,"reported, not observed",api.btcmarkets.net/v3/markets/USDT-AUD/candles
2024-11-10T00:00:00Z,BTC Markets,AUD,USDT-AUD,1d,1.5189,"reported, not observed",api.btcmarkets.net/v3/markets/USDT-AUD/candles
2024-11-11T00:00:00Z,BTC Markets,AUD,USDT-AUD,1d,1.5209,"reported, not observed",api.btcmarkets.net/v3/markets/USDT-AUD/candles
2024-11-12T00:00:00Z,BTC Markets,AUD,USDT-AUD,1d,1.5331,"reported, not observed",api.btcmarkets.net/v3/markets/USDT-AUD/candles
2024-11-13T00:00:00Z,BTC Markets,AUD,USDT-AUD,1d,1.5408,"reported, not observed",api.btcmarkets.net/v3/markets/USDT-AUD/candles
2024-11-14T00:00:00Z,BTC Markets,AUD,USDT-AUD,1d,1.545,"reported, not observed",api.btcmarkets.net/v3/markets/USDT-AUD/candles
2024-11-15T00:00:00Z,BTC Markets,AUD,USDT-AUD,1d,1.5472,"reported, not observed",api.btcmarkets.net/v3/markets/USDT-AUD/candles
2024-11-16T00:00:00Z,BTC Markets,AUD,USDT-AUD,1d,1.5414,"reported, not observed",api.btcmarkets.net/v3/markets/USDT-AUD/candles
2024-11-17T00:00:00Z,BTC Markets,AUD,USDT-AUD,1d,1.5421,"reported, not observed",api.btcmarkets.net/v3/markets/USDT-AUD/candles
2024-11-18T00:00:00Z,BTC Markets,AUD,USDT-AUD,1d,1.5321,"reported, not observed",api.btcmarkets.net/v3/markets/USDT-AUD/candles
2024-11-19T00:00:00Z,BTC Markets,AUD,USDT-AUD,1d,1.53,"reported, not observed",api.btcmarkets.net/v3/markets/USDT-AUD/candles
2024-11-20T00:00:00Z,BTC Markets,AUD,USDT-AUD,1d,1.5343,"reported, not observed",api.btcmarkets.net/v3/markets/USDT-AUD/candles
2024-11-21T00:00:00Z,BTC Markets,AUD,USDT-AUD,1d,1.536,"reported, not observed",api.btcmarkets.net/v3/markets/USDT-AUD/candles
2024-11-22T00:00:00Z,BTC Markets,AUD,USDT-AUD,1d,1.5324,"reported, not observed",api.btcmarkets.net/v3/markets/USDT-AUD/candles
2024-11-23T00:00:00Z,BTC Markets,AUD,USDT-AUD,1d,1.5355,"reported, not observed",api.btcmarkets.net/v3/markets/USDT-AUD/candles
2024-11-24T00:00:00Z,BTC Markets,AUD,USDT-AUD,1d,1.5263,"reported, not observed",api.btcmarkets.net/v3/markets/USDT-AUD/candles
2024-11-25T00:00:00Z,BTC Markets,AUD,USDT-AUD,1d,1.543,"reported, not observed",api.btcmarkets.net/v3/markets/USDT-AUD/candles
2024-11-26T00:00:00Z,BTC Markets,AUD,USDT-AUD,1d,1.5415,"reported, not observed",api.btcmarkets.net/v3/markets/USDT-AUD/candles
2024-11-27T00:00:00Z,BTC Markets,AUD,USDT-AUD,1d,1.5395,"reported, not observed",api.btcmarkets.net/v3/markets/USDT-AUD/candles
2024-11-28T00:00:00Z,BTC Markets,AUD,USDT-AUD,1d,1.538,"reported, not observed",api.btcmarkets.net/v3/markets/USDT-AUD/candles
2024-11-29T00:00:00Z,BTC Markets,AUD,USDT-AUD,1d,1.5352,"reported, not observed",api.btcmarkets.net/v3/markets/USDT-AUD/candles
2024-11-30T00:00:00Z,BTC Markets,AUD,USDT-AUD,1d,1.5353,"reported, not observed",api.btcmarkets.net/v3/markets/USDT-AUD/candles
2024-12-01T00:00:00Z,BTC Markets,AUD,USDT-AUD,1d,1.535,"reported, not observed",api.btcmarkets.net/v3/markets/USDT-AUD/candles
2024-12-02T00:00:00Z,BTC Markets,AUD,USDT-AUD,1d,1.5453,"reported, not observed",api.btcmarkets.net/v3/markets/USDT-AUD/candles
2024-12-03T00:00:00Z,BTC Markets,AUD,USDT-AUD,1d,1.5416,"reported, not observed",api.btcmarkets.net/v3/markets/USDT-AUD/candles
2024-12-04T00:00:00Z,BTC Markets,AUD,USDT-AUD,1d,1.5499,"reported, not observed",api.btcmarkets.net/v3/markets/USDT-AUD/candles
2024-12-05T00:00:00Z,BTC Markets,AUD,USDT-AUD,1d,1.5528,"reported, not observed",api.btcmarkets.net/v3/markets/USDT-AUD/candles
2024-12-06T00:00:00Z,BTC Markets,AUD,USDT-AUD,1d,1.5683,"reported, not observed",api.btcmarkets.net/v3/markets/USDT-AUD/candles
2024-12-07T00:00:00Z,BTC Markets,AUD,USDT-AUD,1d,1.5688,"reported, not observed",api.btcmarkets.net/v3/markets/USDT-AUD/candles
2024-12-08T00:00:00Z,BTC Markets,AUD,USDT-AUD,1d,1.5635,"reported, not observed",api.btcmarkets.net/v3/markets/USDT-AUD/candles
2024-12-09T00:00:00Z,BTC Markets,AUD,USDT-AUD,1d,1.5536,"reported, not observed",api.btcmarkets.net/v3/markets/USDT-AUD/candles
2024-12-10T00:00:00Z,BTC Markets,AUD,USDT-AUD,1d,1.5686,"reported, not observed",api.btcmarkets.net/v3/markets/USDT-AUD/candles
2024-12-11T00:00:00Z,BTC Markets,AUD,USDT-AUD,1d,1.5667,"reported, not observed",api.btcmarkets.net/v3/markets/USDT-AUD/candles
2024-12-12T00:00:00Z,BTC Markets,AUD,USDT-AUD,1d,1.5688,"reported, not observed",api.btcmarkets.net/v3/markets/USDT-AUD/candles
2024-12-13T00:00:00Z,BTC Markets,AUD,USDT-AUD,1d,1.5729,"reported, not observed",api.btcmarkets.net/v3/markets/USDT-AUD/candles
2024-12-14T00:00:00Z,BTC Markets,AUD,USDT-AUD,1d,1.5716,"reported, not observed",api.btcmarkets.net/v3/markets/USDT-AUD/candles
2024-12-15T00:00:00Z,BTC Markets,AUD,USDT-AUD,1d,1.5667,"reported, not observed",api.btcmarkets.net/v3/markets/USDT-AUD/candles
2024-12-16T00:00:00Z,BTC Markets,AUD,USDT-AUD,1d,1.5639,"reported, not observed",api.btcmarkets.net/v3/markets/USDT-AUD/candles
2024-12-17T00:00:00Z,BTC Markets,AUD,USDT-AUD,1d,1.5751,"reported, not observed",api.btcmarkets.net/v3/markets/USDT-AUD/candles
2024-12-18T00:00:00Z,BTC Markets,AUD,USDT-AUD,1d,1.6124,"reported, not observed",api.btcmarkets.net/v3/markets/USDT-AUD/candles
2024-12-19T00:00:00Z,BTC Markets,AUD,USDT-AUD,1d,1.6083,"reported, not observed",api.btcmarkets.net/v3/markets/USDT-AUD/candles
2024-12-20T00:00:00Z,BTC Markets,AUD,USDT-AUD,1d,1.6052,"reported, not observed",api.btcmarkets.net/v3/markets/USDT-AUD/candles
2024-12-21T00:00:00Z,BTC Markets,AUD,USDT-AUD,1d,1.603,"reported, not observed",api.btcmarkets.net/v3/markets/USDT-AUD/candles
2024-12-22T00:00:00Z,BTC Markets,AUD,USDT-AUD,1d,1.6089,"reported, not observed",api.btcmarkets.net/v3/markets/USDT-AUD/candles
2024-12-23T00:00:00Z,BTC Markets,AUD,USDT-AUD,1d,1.605,"reported, not observed",api.btcmarkets.net/v3/markets/USDT-AUD/candles
2024-12-24T00:00:00Z,BTC Markets,AUD,USDT-AUD,1d,1.6077,"reported, not observed",api.btcmarkets.net/v3/markets/USDT-AUD/candles
2024-12-25T00:00:00Z,BTC Markets,AUD,USDT-AUD,1d,1.6059,"reported, not observed",api.btcmarkets.net/v3/markets/USDT-AUD/candles
2024-12-26T00:00:00Z,BTC Markets,AUD,USDT-AUD,1d,1.6114,"reported, not observed",api.btcmarkets.net/v3/markets/USDT-AUD/candles
2024-12-27T00:00:00Z,BTC Markets,AUD,USDT-AUD,1d,1.6076,"reported, not observed",api.btcmarkets.net/v3/markets/USDT-AUD/candles
2024-12-28T00:00:00Z,BTC Markets,AUD,USDT-AUD,1d,1.6078,"reported, not observed",api.btcmarkets.net/v3/markets/USDT-AUD/candles
2024-12-29T00:00:00Z,BTC Markets,AUD,USDT-AUD,1d,1.6073,"reported, not observed",api.btcmarkets.net/v3/markets/USDT-AUD/candles
2024-12-30T00:00:00Z,BTC Markets,AUD,USDT-AUD,1d,1.6108,"reported, not observed",api.btcmarkets.net/v3/markets/USDT-AUD/candles
2024-12-31T00:00:00Z,BTC Markets,AUD,USDT-AUD,1d,1.6244,"reported, not observed",api.btcmarkets.net/v3/markets/USDT-AUD/candles
2025-01-01T00:00:00Z,BTC Markets,AUD,USDT-AUD,1d,1.631,"reported, not observed",api.btcmarkets.net/v3/markets/USDT-AUD/candles
2025-01-02T00:00:00Z,BTC Markets,AUD,USDT-AUD,1d,1.62,"reported, not observed",api.btcmarkets.net/v3/markets/USDT-AUD/candles
2025-01-03T00:00:00Z,BTC Markets,AUD,USDT-AUD,1d,1.6078,"reported, not observed",api.btcmarkets.net/v3/markets/USDT-AUD/candles
2025-01-04T00:00:00Z,BTC Markets,AUD,USDT-AUD,1d,1.6049,"reported, not observed",api.btcmarkets.net/v3/markets/USDT-AUD/candles
2025-01-05T00:00:00Z,BTC Markets,AUD,USDT-AUD,1d,1.6087,"reported, not observed",api.btcmarkets.net/v3/markets/USDT-AUD/candles
2025-01-06T00:00:00Z,BTC Markets,AUD,USDT-AUD,1d,1.6029,"reported, not observed",api.btcmarkets.net/v3/markets/USDT-AUD/candles
2025-01-07T00:00:00Z,BTC Markets,AUD,USDT-AUD,1d,1.6091,"reported, not observed",api.btcmarkets.net/v3/markets/USDT-AUD/candles
2025-01-08T00:00:00Z,BTC Markets,AUD,USDT-AUD,1d,1.6146,"reported, not observed",api.btcmarkets.net/v3/markets/USDT-AUD/candles
2025-01-09T00:00:00Z,BTC Markets,AUD,USDT-AUD,1d,1.6242,"reported, not observed",api.btcmarkets.net/v3/markets/USDT-AUD/candles
2025-01-10T00:00:00Z,BTC Markets,AUD,USDT-AUD,1d,1.6283,"reported, not observed",api.btcmarkets.net/v3/markets/USDT-AUD/candles
2025-01-11T00:00:00Z,BTC Markets,AUD,USDT-AUD,1d,1.6243,"reported, not observed",api.btcmarkets.net/v3/markets/USDT-AUD/candles
2025-01-12T00:00:00Z,BTC Markets,AUD,USDT-AUD,1d,1.6206,"reported, not observed",api.btcmarkets.net/v3/markets/USDT-AUD/candles
2025-01-13T00:00:00Z,BTC Markets,AUD,USDT-AUD,1d,1.6122,"reported, not observed",api.btcmarkets.net/v3/markets/USDT-AUD/candles
2025-01-14T00:00:00Z,BTC Markets,AUD,USDT-AUD,1d,1.61,"reported, not observed",api.btcmarkets.net/v3/markets/USDT-AUD/candles
2025-01-15T00:00:00Z,BTC Markets,AUD,USDT-AUD,1d,1.5994,"reported, not observed",api.btcmarkets.net/v3/markets/USDT-AUD/candles
2025-01-16T00:00:00Z,BTC Markets,AUD,USDT-AUD,1d,1.6098,"reported, not observed",api.btcmarkets.net/v3/markets/USDT-AUD/candles
2025-01-17T00:00:00Z,BTC Markets,AUD,USDT-AUD,1d,1.6151,"reported, not observed",api.btcmarkets.net/v3/markets/USDT-AUD/candles
2025-01-18T00:00:00Z,BTC Markets,AUD,USDT-AUD,1d,1.6129,"reported, not observed",api.btcmarkets.net/v3/markets/USDT-AUD/candles
2025-01-19T00:00:00Z,BTC Markets,AUD,USDT-AUD,1d,1.6117,"reported, not observed",api.btcmarkets.net/v3/markets/USDT-AUD/candles
2025-01-20T00:00:00Z,BTC Markets,AUD,USDT-AUD,1d,1.5943,"reported, not observed",api.btcmarkets.net/v3/markets/USDT-AUD/candles
2025-01-21T00:00:00Z,BTC Markets,AUD,USDT-AUD,1d,1.5941,"reported, not observed",api.btcmarkets.net/v3/markets/USDT-AUD/candles
2025-01-22T00:00:00Z,BTC Markets,AUD,USDT-AUD,1d,1.593,"reported, not observed",api.btcmarkets.net/v3/markets/USDT-AUD/candles
2025-01-23T00:00:00Z,BTC Markets,AUD,USDT-AUD,1d,1.5927,"reported, not observed",api.btcmarkets.net/v3/markets/USDT-AUD/candles
2025-01-24T00:00:00Z,BTC Markets,AUD,USDT-AUD,1d,1.5873,"reported, not observed",api.btcmarkets.net/v3/markets/USDT-AUD/candles
2025-01-25T00:00:00Z,BTC Markets,AUD,USDT-AUD,1d,1.5858,"reported, not observed",api.btcmarkets.net/v3/markets/USDT-AUD/candles
2025-01-26T00:00:00Z,BTC Markets,AUD,USDT-AUD,1d,1.5918,"reported, not observed",api.btcmarkets.net/v3/markets/USDT-AUD/candles
2025-01-27T00:00:00Z,BTC Markets,AUD,USDT-AUD,1d,1.5977,"reported, not observed",api.btcmarkets.net/v3/markets/USDT-AUD/candles
2025-01-28T00:00:00Z,BTC Markets,AUD,USDT-AUD,1d,1.5978,"reported, not observed",api.btcmarkets.net/v3/markets/USDT-AUD/candles
2025-01-29T00:00:00Z,BTC Markets,AUD,USDT-AUD,1d,1.6062,"reported, not observed",api.btcmarkets.net/v3/markets/USDT-AUD/candles
2025-01-30T00:00:00Z,BTC Markets,AUD,USDT-AUD,1d,1.611,"reported, not observed",api.btcmarkets.net/v3/markets/USDT-AUD/candles
2025-01-31T00:00:00Z,BTC Markets,AUD,USDT-AUD,1d,1.6086,"reported, not observed",api.btcmarkets.net/v3/markets/USDT-AUD/candles
2025-02-01T00:00:00Z,BTC Markets,AUD,USDT-AUD,1d,1.6188,"reported, not observed",api.btcmarkets.net/v3/markets/USDT-AUD/candles
2025-02-02T00:00:00Z,BTC Markets,AUD,USDT-AUD,1d,1.6264,"reported, not observed",api.btcmarkets.net/v3/markets/USDT-AUD/candles
2025-02-03T00:00:00Z,BTC Markets,AUD,USDT-AUD,1d,1.6207,"reported, not observed",api.btcmarkets.net/v3/markets/USDT-AUD/candles
2025-02-04T00:00:00Z,BTC Markets,AUD,USDT-AUD,1d,1.6185,"reported, not observed",api.btcmarkets.net/v3/markets/USDT-AUD/candles
2025-02-05T00:00:00Z,BTC Markets,AUD,USDT-AUD,1d,1.603,"reported, not observed",api.btcmarkets.net/v3/markets/USDT-AUD/candles
2025-02-06T00:00:00Z,BTC Markets,AUD,USDT-AUD,1d,1.6017,"reported, not observed",api.btcmarkets.net/v3/markets/USDT-AUD/candles
2025-02-07T00:00:00Z,BTC Markets,AUD,USDT-AUD,1d,1.595,"reported, not observed",api.btcmarkets.net/v3/markets/USDT-AUD/candles
2025-02-08T00:00:00Z,BTC Markets,AUD,USDT-AUD,1d,1.5955,"reported, not observed",api.btcmarkets.net/v3/markets/USDT-AUD/candles
2025-02-09T00:00:00Z,BTC Markets,AUD,USDT-AUD,1d,1.5986,"reported, not observed",api.btcmarkets.net/v3/markets/USDT-AUD/candles
2025-02-10T00:00:00Z,BTC Markets,AUD,USDT-AUD,1d,1.5963,"reported, not observed",api.btcmarkets.net/v3/markets/USDT-AUD/candles
2025-02-11T00:00:00Z,BTC Markets,AUD,USDT-AUD,1d,1.5872,"reported, not observed",api.btcmarkets.net/v3/markets/USDT-AUD/candles
2025-02-12T00:00:00Z,BTC Markets,AUD,USDT-AUD,1d,1.5937,"reported, not observed",api.btcmarkets.net/v3/markets/USDT-AUD/candles
2025-02-13T00:00:00Z,BTC Markets,AUD,USDT-AUD,1d,1.587,"reported, not observed",api.btcmarkets.net/v3/markets/USDT-AUD/candles
2025-02-14T00:00:00Z,BTC Markets,AUD,USDT-AUD,1d,1.5778,"reported, not observed",api.btcmarkets.net/v3/markets/USDT-AUD/candles
2025-02-15T00:00:00Z,BTC Markets,AUD,USDT-AUD,1d,1.5731,"reported, not observed",api.btcmarkets.net/v3/markets/USDT-AUD/candles
2025-02-16T00:00:00Z,BTC Markets,AUD,USDT-AUD,1d,1.5772,"reported, not observed",api.btcmarkets.net/v3/markets/USDT-AUD/candles
2025-02-17T00:00:00Z,BTC Markets,AUD,USDT-AUD,1d,1.5739,"reported, not observed",api.btcmarkets.net/v3/markets/USDT-AUD/candles
2025-02-18T00:00:00Z,BTC Markets,AUD,USDT-AUD,1d,1.5754,"reported, not observed",api.btcmarkets.net/v3/markets/USDT-AUD/candles
2025-02-19T00:00:00Z,BTC Markets,AUD,USDT-AUD,1d,1.5759,"reported, not observed",api.btcmarkets.net/v3/markets/USDT-AUD/candles
2025-02-20T00:00:00Z,BTC Markets,AUD,USDT-AUD,1d,1.564,"reported, not observed",api.btcmarkets.net/v3/markets/USDT-AUD/candles
2025-02-21T00:00:00Z,BTC Markets,AUD,USDT-AUD,1d,1.5677,"reported, not observed",api.btcmarkets.net/v3/markets/USDT-AUD/candles
2025-02-22T00:00:00Z,BTC Markets,AUD,USDT-AUD,1d,1.5672,"reported, not observed",api.btcmarkets.net/v3/markets/USDT-AUD/candles
2025-02-23T00:00:00Z,BTC Markets,AUD,USDT-AUD,1d,1.5671,"reported, not observed",api.btcmarkets.net/v3/markets/USDT-AUD/candles
2025-02-24T00:00:00Z,BTC Markets,AUD,USDT-AUD,1d,1.5767,"reported, not observed",api.btcmarkets.net/v3/markets/USDT-AUD/candles
2025-02-25T00:00:00Z,BTC Markets,AUD,USDT-AUD,1d,1.5741,"reported, not observed",api.btcmarkets.net/v3/markets/USDT-AUD/candles
2025-02-26T00:00:00Z,BTC Markets,AUD,USDT-AUD,1d,1.5796,"reported, not observed",api.btcmarkets.net/v3/markets/USDT-AUD/candles
2025-02-27T00:00:00Z,BTC Markets,AUD,USDT-AUD,1d,1.5996,"reported, not observed",api.btcmarkets.net/v3/markets/USDT-AUD/candles
2025-02-28T00:00:00Z,BTC Markets,AUD,USDT-AUD,1d,1.6005,"reported, not observed",api.btcmarkets.net/v3/markets/USDT-AUD/candles
2025-03-01T00:00:00Z,BTC Markets,AUD,USDT-AUD,1d,1.6064,"reported, not observed",api.btcmarkets.net/v3/markets/USDT-AUD/candles
2025-03-02T00:00:00Z,BTC Markets,AUD,USDT-AUD,1d,1.6123,"reported, not observed",api.btcmarkets.net/v3/markets/USDT-AUD/candles
2025-03-03T00:00:00Z,BTC Markets,AUD,USDT-AUD,1d,1.6055,"reported, not observed",api.btcmarkets.net/v3/markets/USDT-AUD/candles
2025-03-04T00:00:00Z,BTC Markets,AUD,USDT-AUD,1d,1.5967,"reported, not observed",api.btcmarkets.net/v3/markets/USDT-AUD/candles
2025-03-05T00:00:00Z,BTC Markets,AUD,USDT-AUD,1d,1.582,"reported, not observed",api.btcmarkets.net/v3/markets/USDT-AUD/candles
2025-03-06T00:00:00Z,BTC Markets,AUD,USDT-AUD,1d,1.5826,"reported, not observed",api.btcmarkets.net/v3/markets/USDT-AUD/candles
2025-03-07T00:00:00Z,BTC Markets,AUD,USDT-AUD,1d,1.585,"reported, not observed",api.btcmarkets.net/v3/markets/USDT-AUD/candles
2025-03-08T00:00:00Z,BTC Markets,AUD,USDT-AUD,1d,1.581,"reported, not observed",api.btcmarkets.net/v3/markets/USDT-AUD/candles
2025-03-09T00:00:00Z,BTC Markets,AUD,USDT-AUD,1d,1.5898,"reported, not observed",api.btcmarkets.net/v3/markets/USDT-AUD/candles
2025-03-10T00:00:00Z,BTC Markets,AUD,USDT-AUD,1d,1.5985,"reported, not observed",api.btcmarkets.net/v3/markets/USDT-AUD/candles
2025-03-11T00:00:00Z,BTC Markets,AUD,USDT-AUD,1d,1.5912,"reported, not observed",api.btcmarkets.net/v3/markets/USDT-AUD/candles
2025-03-12T00:00:00Z,BTC Markets,AUD,USDT-AUD,1d,1.5818,"reported, not observed",api.btcmarkets.net/v3/markets/USDT-AUD/candles
2025-03-13T00:00:00Z,BTC Markets,AUD,USDT-AUD,1d,1.593,"reported, not observed",api.btcmarkets.net/v3/markets/USDT-AUD/candles
2025-03-14T00:00:00Z,BTC Markets,AUD,USDT-AUD,1d,1.5807,"reported, not observed",api.btcmarkets.net/v3/markets/USDT-AUD/candles
2025-03-15T00:00:00Z,BTC Markets,AUD,USDT-AUD,1d,1.5815,"reported, not observed",api.btcmarkets.net/v3/markets/USDT-AUD/candles
2025-03-16T00:00:00Z,BTC Markets,AUD,USDT-AUD,1d,1.5833,"reported, not observed",api.btcmarkets.net/v3/markets/USDT-AUD/candles
2025-03-17T00:00:00Z,BTC Markets,AUD,USDT-AUD,1d,1.5661,"reported, not observed",api.btcmarkets.net/v3/markets/USDT-AUD/candles
2025-03-18T00:00:00Z,BTC Markets,AUD,USDT-AUD,1d,1.5729,"reported, not observed",api.btcmarkets.net/v3/markets/USDT-AUD/candles
2025-03-19T00:00:00Z,BTC Markets,AUD,USDT-AUD,1d,1.574,"reported, not observed",api.btcmarkets.net/v3/markets/USDT-AUD/candles
2025-03-20T00:00:00Z,BTC Markets,AUD,USDT-AUD,1d,1.587,"reported, not observed",api.btcmarkets.net/v3/markets/USDT-AUD/candles
2025-03-21T00:00:00Z,BTC Markets,AUD,USDT-AUD,1d,1.5944,"reported, not observed",api.btcmarkets.net/v3/markets/USDT-AUD/candles
2025-03-22T00:00:00Z,BTC Markets,AUD,USDT-AUD,1d,1.5982,"reported, not observed",api.btcmarkets.net/v3/markets/USDT-AUD/candles
2025-03-23T00:00:00Z,BTC Markets,AUD,USDT-AUD,1d,1.5917,"reported, not observed",api.btcmarkets.net/v3/markets/USDT-AUD/candles
2025-03-24T00:00:00Z,BTC Markets,AUD,USDT-AUD,1d,1.5956,"reported, not observed",api.btcmarkets.net/v3/markets/USDT-AUD/candles
2025-03-25T00:00:00Z,BTC Markets,AUD,USDT-AUD,1d,1.587,"reported, not observed",api.btcmarkets.net/v3/markets/USDT-AUD/candles
2025-03-26T00:00:00Z,BTC Markets,AUD,USDT-AUD,1d,1.5981,"reported, not observed",api.btcmarkets.net/v3/markets/USDT-AUD/candles
2025-03-27T00:00:00Z,BTC Markets,AUD,USDT-AUD,1d,1.588,"reported, not observed",api.btcmarkets.net/v3/markets/USDT-AUD/candles
2025-03-28T00:00:00Z,BTC Markets,AUD,USDT-AUD,1d,1.5891,"reported, not observed",api.btcmarkets.net/v3/markets/USDT-AUD/candles
2025-03-29T00:00:00Z,BTC Markets,AUD,USDT-AUD,1d,1.5918,"reported, not observed",api.btcmarkets.net/v3/markets/USDT-AUD/candles
2025-03-30T00:00:00Z,BTC Markets,AUD,USDT-AUD,1d,1.5914,"reported, not observed",api.btcmarkets.net/v3/markets/USDT-AUD/candles
2025-03-31T00:00:00Z,BTC Markets,AUD,USDT-AUD,1d,1.5975,"reported, not observed",api.btcmarkets.net/v3/markets/USDT-AUD/candles
2025-04-01T00:00:00Z,BTC Markets,AUD,USDT-AUD,1d,1.5866,"reported, not observed",api.btcmarkets.net/v3/markets/USDT-AUD/candles
2025-04-02T00:00:00Z,BTC Markets,AUD,USDT-AUD,1d,1.5966,"reported, not observed",api.btcmarkets.net/v3/markets/USDT-AUD/candles
2025-04-03T00:00:00Z,BTC Markets,AUD,USDT-AUD,1d,1.5809,"reported, not observed",api.btcmarkets.net/v3/markets/USDT-AUD/candles
2025-04-04T00:00:00Z,BTC Markets,AUD,USDT-AUD,1d,1.6556,"reported, not observed",api.btcmarkets.net/v3/markets/USDT-AUD/candles
2025-04-05T00:00:00Z,BTC Markets,AUD,USDT-AUD,1d,1.6495,"reported, not observed",api.btcmarkets.net/v3/markets/USDT-AUD/candles
2025-04-06T00:00:00Z,BTC Markets,AUD,USDT-AUD,1d,1.66,"reported, not observed",api.btcmarkets.net/v3/markets/USDT-AUD/candles
2025-04-07T00:00:00Z,BTC Markets,AUD,USDT-AUD,1d,1.6622,"reported, not observed",api.btcmarkets.net/v3/markets/USDT-AUD/candles
2025-04-08T00:00:00Z,BTC Markets,AUD,USDT-AUD,1d,1.6757,"reported, not observed",api.btcmarkets.net/v3/markets/USDT-AUD/candles
2025-04-09T00:00:00Z,BTC Markets,AUD,USDT-AUD,1d,1.6287,"reported, not observed",api.btcmarkets.net/v3/markets/USDT-AUD/candles
2025-04-10T00:00:00Z,BTC Markets,AUD,USDT-AUD,1d,1.603,"reported, not observed",api.btcmarkets.net/v3/markets/USDT-AUD/candles
2025-04-11T00:00:00Z,BTC Markets,AUD,USDT-AUD,1d,1.5879,"reported, not observed",api.btcmarkets.net/v3/markets/USDT-AUD/candles
2025-04-12T00:00:00Z,BTC Markets,AUD,USDT-AUD,1d,1.5941,"reported, not observed",api.btcmarkets.net/v3/markets/USDT-AUD/candles
2025-04-13T00:00:00Z,BTC Markets,AUD,USDT-AUD,1d,1.59,"reported, not observed",api.btcmarkets.net/v3/markets/USDT-AUD/candles
2025-04-14T00:00:00Z,BTC Markets,AUD,USDT-AUD,1d,1.5811,"reported, not observed",api.btcmarkets.net/v3/markets/USDT-AUD/candles
2025-04-15T00:00:00Z,BTC Markets,AUD,USDT-AUD,1d,1.5772,"reported, not observed",api.btcmarkets.net/v3/markets/USDT-AUD/candles
2025-04-16T00:00:00Z,BTC Markets,AUD,USDT-AUD,1d,1.5706,"reported, not observed",api.btcmarkets.net/v3/markets/USDT-AUD/candles
2025-04-17T00:00:00Z,BTC Markets,AUD,USDT-AUD,1d,1.5697,"reported, not observed",api.btcmarkets.net/v3/markets/USDT-AUD/candles
2025-04-18T00:00:00Z,BTC Markets,AUD,USDT-AUD,1d,1.572,"reported, not observed",api.btcmarkets.net/v3/markets/USDT-AUD/candles
2025-04-19T00:00:00Z,BTC Markets,AUD,USDT-AUD,1d,1.5701,"reported, not observed",api.btcmarkets.net/v3/markets/USDT-AUD/candles
2025-04-20T00:00:00Z,BTC Markets,AUD,USDT-AUD,1d,1.5645,"reported, not observed",api.btcmarkets.net/v3/markets/USDT-AUD/candles
2025-04-21T00:00:00Z,BTC Markets,AUD,USDT-AUD,1d,1.5569,"reported, not observed",api.btcmarkets.net/v3/markets/USDT-AUD/candles
2025-04-22T00:00:00Z,BTC Markets,AUD,USDT-AUD,1d,1.5699,"reported, not observed",api.btcmarkets.net/v3/markets/USDT-AUD/candles
2025-04-23T00:00:00Z,BTC Markets,AUD,USDT-AUD,1d,1.5712,"reported, not observed",api.btcmarkets.net/v3/markets/USDT-AUD/candles
2025-04-24T00:00:00Z,BTC Markets,AUD,USDT-AUD,1d,1.5646,"reported, not observed",api.btcmarkets.net/v3/markets/USDT-AUD/candles
2025-04-25T00:00:00Z,BTC Markets,AUD,USDT-AUD,1d,1.5653,"reported, not observed",api.btcmarkets.net/v3/markets/USDT-AUD/candles
2025-04-26T00:00:00Z,BTC Markets,AUD,USDT-AUD,1d,1.5647,"reported, not observed",api.btcmarkets.net/v3/markets/USDT-AUD/candles
2025-04-27T00:00:00Z,BTC Markets,AUD,USDT-AUD,1d,1.565,"reported, not observed",api.btcmarkets.net/v3/markets/USDT-AUD/candles
2025-04-28T00:00:00Z,BTC Markets,AUD,USDT-AUD,1d,1.5583,"reported, not observed",api.btcmarkets.net/v3/markets/USDT-AUD/candles
2025-04-29T00:00:00Z,BTC Markets,AUD,USDT-AUD,1d,1.5679,"reported, not observed",api.btcmarkets.net/v3/markets/USDT-AUD/candles
2025-04-30T00:00:00Z,BTC Markets,AUD,USDT-AUD,1d,1.5596,"reported, not observed",api.btcmarkets.net/v3/markets/USDT-AUD/candles
2025-05-01T00:00:00Z,BTC Markets,AUD,USDT-AUD,1d,1.559,"reported, not observed",api.btcmarkets.net/v3/markets/USDT-AUD/candles
2025-05-02T00:00:00Z,BTC Markets,AUD,USDT-AUD,1d,1.55,"reported, not observed",api.btcmarkets.net/v3/markets/USDT-AUD/candles
2025-05-03T00:00:00Z,BTC Markets,AUD,USDT-AUD,1d,1.554,"reported, not observed",api.btcmarkets.net/v3/markets/USDT-AUD/candles
2025-05-04T00:00:00Z,BTC Markets,AUD,USDT-AUD,1d,1.5635,"reported, not observed",api.btcmarkets.net/v3/markets/USDT-AUD/candles
2025-05-05T00:00:00Z,BTC Markets,AUD,USDT-AUD,1d,1.5442,"reported, not observed",api.btcmarkets.net/v3/markets/USDT-AUD/candles
2025-05-06T00:00:00Z,BTC Markets,AUD,USDT-AUD,1d,1.5382,"reported, not observed",api.btcmarkets.net/v3/markets/USDT-AUD/candles
2025-05-07T00:00:00Z,BTC Markets,AUD,USDT-AUD,1d,1.5556,"reported, not observed",api.btcmarkets.net/v3/markets/USDT-AUD/candles
2025-05-08T00:00:00Z,BTC Markets,AUD,USDT-AUD,1d,1.5626,"reported, not observed",api.btcmarkets.net/v3/markets/USDT-AUD/candles
2025-05-09T00:00:00Z,BTC Markets,AUD,USDT-AUD,1d,1.56,"reported, not observed",api.btcmarkets.net/v3/markets/USDT-AUD/candles
2025-05-10T00:00:00Z,BTC Markets,AUD,USDT-AUD,1d,1.5585,"reported, not observed",api.btcmarkets.net/v3/markets/USDT-AUD/candles
2025-05-11T00:00:00Z,BTC Markets,AUD,USDT-AUD,1d,1.5544,"reported, not observed",api.btcmarkets.net/v3/markets/USDT-AUD/candles
2025-05-12T00:00:00Z,BTC Markets,AUD,USDT-AUD,1d,1.568,"reported, not observed",api.btcmarkets.net/v3/markets/USDT-AUD/candles
2025-05-13T00:00:00Z,BTC Markets,AUD,USDT-AUD,1d,1.545,"reported, not observed",api.btcmarkets.net/v3/markets/USDT-AUD/candles
2025-05-14T00:00:00Z,BTC Markets,AUD,USDT-AUD,1d,1.5568,"reported, not observed",api.btcmarkets.net/v3/markets/USDT-AUD/candles
2025-05-15T00:00:00Z,BTC Markets,AUD,USDT-AUD,1d,1.57,"reported, not observed",api.btcmarkets.net/v3/markets/USDT-AUD/candles
2025-05-16T00:00:00Z,BTC Markets,AUD,USDT-AUD,1d,1.5665,"reported, not observed",api.btcmarkets.net/v3/markets/USDT-AUD/candles
2025-05-17T00:00:00Z,BTC Markets,AUD,USDT-AUD,1d,1.5632,"reported, not observed",api.btcmarkets.net/v3/markets/USDT-AUD/candles
2025-05-18T00:00:00Z,BTC Markets,AUD,USDT-AUD,1d,1.564,"reported, not observed",api.btcmarkets.net/v3/markets/USDT-AUD/candles
2025-05-19T00:00:00Z,BTC Markets,AUD,USDT-AUD,1d,1.5538,"reported, not observed",api.btcmarkets.net/v3/markets/USDT-AUD/candles
2025-05-20T00:00:00Z,BTC Markets,AUD,USDT-AUD,1d,1.5528,"reported, not observed",api.btcmarkets.net/v3/markets/USDT-AUD/candles
2025-05-21T00:00:00Z,BTC Markets,AUD,USDT-AUD,1d,1.5551,"reported, not observed",api.btcmarkets.net/v3/markets/USDT-AUD/candles
2025-05-22T00:00:00Z,BTC Markets,AUD,USDT-AUD,1d,1.5591,"reported, not observed",api.btcmarkets.net/v3/markets/USDT-AUD/candles
2025-05-23T00:00:00Z,BTC Markets,AUD,USDT-AUD,1d,1.549,"reported, not observed",api.btcmarkets.net/v3/markets/USDT-AUD/candles
2025-05-24T00:00:00Z,BTC Markets,AUD,USDT-AUD,1d,1.545,"reported, not observed",api.btcmarkets.net/v3/markets/USDT-AUD/candles
2025-05-25T00:00:00Z,BTC Markets,AUD,USDT-AUD,1d,1.542,"reported, not observed",api.btcmarkets.net/v3/markets/USDT-AUD/candles
2025-05-26T00:00:00Z,BTC Markets,AUD,USDT-AUD,1d,1.5476,"reported, not observed",api.btcmarkets.net/v3/markets/USDT-AUD/candles
2025-05-27T00:00:00Z,BTC Markets,AUD,USDT-AUD,1d,1.5509,"reported, not observed",api.btcmarkets.net/v3/markets/USDT-AUD/candles
2025-05-28T00:00:00Z,BTC Markets,AUD,USDT-AUD,1d,1.5575,"reported, not observed",api.btcmarkets.net/v3/markets/USDT-AUD/candles
2025-05-29T00:00:00Z,BTC Markets,AUD,USDT-AUD,1d,1.5514,"reported, not observed",api.btcmarkets.net/v3/markets/USDT-AUD/candles
2025-05-30T00:00:00Z,BTC Markets,AUD,USDT-AUD,1d,1.5517,"reported, not observed",api.btcmarkets.net/v3/markets/USDT-AUD/candles
2025-05-31T00:00:00Z,BTC Markets,AUD,USDT-AUD,1d,1.5599,"reported, not observed",api.btcmarkets.net/v3/markets/USDT-AUD/candles
2025-06-01T00:00:00Z,BTC Markets,AUD,USDT-AUD,1d,1.5549,"reported, not observed",api.btcmarkets.net/v3/markets/USDT-AUD/candles
2025-06-02T00:00:00Z,BTC Markets,AUD,USDT-AUD,1d,1.56,"reported, not observed",api.btcmarkets.net/v3/markets/USDT-AUD/candles
2025-06-03T00:00:00Z,BTC Markets,AUD,USDT-AUD,1d,1.5513,"reported, not observed",api.btcmarkets.net/v3/markets/USDT-AUD/candles
2025-06-04T00:00:00Z,BTC Markets,AUD,USDT-AUD,1d,1.5427,"reported, not observed",api.btcmarkets.net/v3/markets/USDT-AUD/candles
2025-06-05T00:00:00Z,BTC Markets,AUD,USDT-AUD,1d,1.5367,"reported, not observed",api.btcmarkets.net/v3/markets/USDT-AUD/candles
2025-06-06T00:00:00Z,BTC Markets,AUD,USDT-AUD,1d,1.5417,"reported, not observed",api.btcmarkets.net/v3/markets/USDT-AUD/candles
2025-06-07T00:00:00Z,BTC Markets,AUD,USDT-AUD,1d,1.5401,"reported, not observed",api.btcmarkets.net/v3/markets/USDT-AUD/candles
2025-06-08T00:00:00Z,BTC Markets,AUD,USDT-AUD,1d,1.5447,"reported, not observed",api.btcmarkets.net/v3/markets/USDT-AUD/candles
2025-06-09T00:00:00Z,BTC Markets,AUD,USDT-AUD,1d,1.5341,"reported, not observed",api.btcmarkets.net/v3/markets/USDT-AUD/candles
2025-06-10T00:00:00Z,BTC Markets,AUD,USDT-AUD,1d,1.5312,"reported, not observed",api.btcmarkets.net/v3/markets/USDT-AUD/candles
2025-06-11T00:00:00Z,BTC Markets,AUD,USDT-AUD,1d,1.5368,"reported, not observed",api.btcmarkets.net/v3/markets/USDT-AUD/candles
2025-06-12T00:00:00Z,BTC Markets,AUD,USDT-AUD,1d,1.5325,"reported, not observed",api.btcmarkets.net/v3/markets/USDT-AUD/candles
2025-06-13T00:00:00Z,BTC Markets,AUD,USDT-AUD,1d,1.5405,"reported, not observed",api.btcmarkets.net/v3/markets/USDT-AUD/candles
2025-06-14T00:00:00Z,BTC Markets,AUD,USDT-AUD,1d,1.5483,"reported, not observed",api.btcmarkets.net/v3/markets/USDT-AUD/candles
2025-06-15T00:00:00Z,BTC Markets,AUD,USDT-AUD,1d,1.5408,"reported, not observed",api.btcmarkets.net/v3/markets/USDT-AUD/candles
2025-06-16T00:00:00Z,BTC Markets,AUD,USDT-AUD,1d,1.535,"reported, not observed",api.btcmarkets.net/v3/markets/USDT-AUD/candles
2025-06-17T00:00:00Z,BTC Markets,AUD,USDT-AUD,1d,1.5472,"reported, not observed",api.btcmarkets.net/v3/markets/USDT-AUD/candles
2025-06-18T00:00:00Z,BTC Markets,AUD,USDT-AUD,1d,1.5375,"reported, not observed",api.btcmarkets.net/v3/markets/USDT-AUD/candles
2025-06-19T00:00:00Z,BTC Markets,AUD,USDT-AUD,1d,1.5398,"reported, not observed",api.btcmarkets.net/v3/markets/USDT-AUD/candles
2025-06-20T00:00:00Z,BTC Markets,AUD,USDT-AUD,1d,1.5478,"reported, not observed",api.btcmarkets.net/v3/markets/USDT-AUD/candles
2025-06-21T00:00:00Z,BTC Markets,AUD,USDT-AUD,1d,1.55,"reported, not observed",api.btcmarkets.net/v3/markets/USDT-AUD/candles
2025-06-22T00:00:00Z,BTC Markets,AUD,USDT-AUD,1d,1.5521,"reported, not observed",api.btcmarkets.net/v3/markets/USDT-AUD/candles
2025-06-23T00:00:00Z,BTC Markets,AUD,USDT-AUD,1d,1.542,"reported, not observed",api.btcmarkets.net/v3/markets/USDT-AUD/candles
2025-06-24T00:00:00Z,BTC Markets,AUD,USDT-AUD,1d,1.537,"reported, not observed",api.btcmarkets.net/v3/markets/USDT-AUD/candles
2025-06-25T00:00:00Z,BTC Markets,AUD,USDT-AUD,1d,1.5341,"reported, not observed",api.btcmarkets.net/v3/markets/USDT-AUD/candles
2025-06-26T00:00:00Z,BTC Markets,AUD,USDT-AUD,1d,1.5279,"reported, not observed",api.btcmarkets.net/v3/markets/USDT-AUD/candles
2025-06-27T00:00:00Z,BTC Markets,AUD,USDT-AUD,1d,1.5321,"reported, not observed",api.btcmarkets.net/v3/markets/USDT-AUD/candles
2025-06-28T00:00:00Z,BTC Markets,AUD,USDT-AUD,1d,1.5307,"reported, not observed",api.btcmarkets.net/v3/markets/USDT-AUD/candles
2025-06-29T00:00:00Z,BTC Markets,AUD,USDT-AUD,1d,1.5261,"reported, not observed",api.btcmarkets.net/v3/markets/USDT-AUD/candles
2025-06-30T00:00:00Z,BTC Markets,AUD,USDT-AUD,1d,1.5153,"reported, not observed",api.btcmarkets.net/v3/markets/USDT-AUD/candles
2025-07-01T00:00:00Z,BTC Markets,AUD,USDT-AUD,1d,1.5112,"reported, not observed",api.btcmarkets.net/v3/markets/USDT-AUD/candles
2025-07-02T00:00:00Z,BTC Markets,AUD,USDT-AUD,1d,1.5135,"reported, not observed",api.btcmarkets.net/v3/markets/USDT-AUD/candles
2025-07-03T00:00:00Z,BTC Markets,AUD,USDT-AUD,1d,1.5207,"reported, not observed",api.btcmarkets.net/v3/markets/USDT-AUD/candles
2025-07-04T00:00:00Z,BTC Markets,AUD,USDT-AUD,1d,1.5206,"reported, not observed",api.btcmarkets.net/v3/markets/USDT-AUD/candles
2025-07-05T00:00:00Z,BTC Markets,AUD,USDT-AUD,1d,1.5241,"reported, not observed",api.btcmarkets.net/v3/markets/USDT-AUD/candles
2025-07-06T00:00:00Z,BTC Markets,AUD,USDT-AUD,1d,1.5273,"reported, not observed",api.btcmarkets.net/v3/markets/USDT-AUD/candles
2025-07-07T00:00:00Z,BTC Markets,AUD,USDT-AUD,1d,1.5337,"reported, not observed",api.btcmarkets.net/v3/markets/USDT-AUD/candles
2025-07-08T00:00:00Z,BTC Markets,AUD,USDT-AUD,1d,1.5268,"reported, not observed",api.btcmarkets.net/v3/markets/USDT-AUD/candles
2025-07-09T00:00:00Z,BTC Markets,AUD,USDT-AUD,1d,1.5257,"reported, not observed",api.btcmarkets.net/v3/markets/USDT-AUD/candles
2025-07-10T00:00:00Z,BTC Markets,AUD,USDT-AUD,1d,1.5127,"reported, not observed",api.btcmarkets.net/v3/markets/USDT-AUD/candles
2025-07-11T00:00:00Z,BTC Markets,AUD,USDT-AUD,1d,1.5212,"reported, not observed",api.btcmarkets.net/v3/markets/USDT-AUD/candles
2025-07-12T00:00:00Z,BTC Markets,AUD,USDT-AUD,1d,1.5171,"reported, not observed",api.btcmarkets.net/v3/markets/USDT-AUD/candles
2025-07-13T00:00:00Z,BTC Markets,AUD,USDT-AUD,1d,1.512,"reported, not observed",api.btcmarkets.net/v3/markets/USDT-AUD/candles
2025-07-14T00:00:00Z,BTC Markets,AUD,USDT-AUD,1d,1.5265,"reported, not observed",api.btcmarkets.net/v3/markets/USDT-AUD/candles
2025-07-15T00:00:00Z,BTC Markets,AUD,USDT-AUD,1d,1.5349,"reported, not observed",api.btcmarkets.net/v3/markets/USDT-AUD/candles
2025-07-16T00:00:00Z,BTC Markets,AUD,USDT-AUD,1d,1.5325,"reported, not observed",api.btcmarkets.net/v3/markets/USDT-AUD/candles
2025-07-17T00:00:00Z,BTC Markets,AUD,USDT-AUD,1d,1.5371,"reported, not observed",api.btcmarkets.net/v3/markets/USDT-AUD/candles
2025-07-18T00:00:00Z,BTC Markets,AUD,USDT-AUD,1d,1.5332,"reported, not observed",api.btcmarkets.net/v3/markets/USDT-AUD/candles
2025-07-19T00:00:00Z,BTC Markets,AUD,USDT-AUD,1d,1.5307,"reported, not observed",api.btcmarkets.net/v3/markets/USDT-AUD/candles
2025-07-20T00:00:00Z,BTC Markets,AUD,USDT-AUD,1d,1.5337,"reported, not observed",api.btcmarkets.net/v3/markets/USDT-AUD/candles
2025-07-21T00:00:00Z,BTC Markets,AUD,USDT-AUD,1d,1.5336,"reported, not observed",api.btcmarkets.net/v3/markets/USDT-AUD/candles
2025-07-22T00:00:00Z,BTC Markets,AUD,USDT-AUD,1d,1.5271,"reported, not observed",api.btcmarkets.net/v3/markets/USDT-AUD/candles
2025-07-23T00:00:00Z,BTC Markets,AUD,USDT-AUD,1d,1.5141,"reported, not observed",api.btcmarkets.net/v3/markets/USDT-AUD/candles
2025-07-24T00:00:00Z,BTC Markets,AUD,USDT-AUD,1d,1.523,"reported, not observed",api.btcmarkets.net/v3/markets/USDT-AUD/candles
2025-07-25T00:00:00Z,BTC Markets,AUD,USDT-AUD,1d,1.5296,"reported, not observed",api.btcmarkets.net/v3/markets/USDT-AUD/candles
2025-07-26T00:00:00Z,BTC Markets,AUD,USDT-AUD,1d,1.5222,"reported, not observed",api.btcmarkets.net/v3/markets/USDT-AUD/candles
2025-07-27T00:00:00Z,BTC Markets,AUD,USDT-AUD,1d,1.5222,"reported, not observed",api.btcmarkets.net/v3/markets/USDT-AUD/candles
2025-07-28T00:00:00Z,BTC Markets,AUD,USDT-AUD,1d,1.5348,"reported, not observed",api.btcmarkets.net/v3/markets/USDT-AUD/candles
2025-07-29T00:00:00Z,BTC Markets,AUD,USDT-AUD,1d,1.5361,"reported, not observed",api.btcmarkets.net/v3/markets/USDT-AUD/candles
2025-07-30T00:00:00Z,BTC Markets,AUD,USDT-AUD,1d,1.5551,"reported, not observed",api.btcmarkets.net/v3/markets/USDT-AUD/candles
2025-07-31T00:00:00Z,BTC Markets,AUD,USDT-AUD,1d,1.5568,"reported, not observed",api.btcmarkets.net/v3/markets/USDT-AUD/candles
2025-08-01T00:00:00Z,BTC Markets,AUD,USDT-AUD,1d,1.5457,"reported, not observed",api.btcmarkets.net/v3/markets/USDT-AUD/candles
2025-08-02T00:00:00Z,BTC Markets,AUD,USDT-AUD,1d,1.552,"reported, not observed",api.btcmarkets.net/v3/markets/USDT-AUD/candles
2025-08-03T00:00:00Z,BTC Markets,AUD,USDT-AUD,1d,1.5504,"reported, not observed",api.btcmarkets.net/v3/markets/USDT-AUD/candles
2025-08-04T00:00:00Z,BTC Markets,AUD,USDT-AUD,1d,1.545,"reported, not observed",api.btcmarkets.net/v3/markets/USDT-AUD/candles
2025-08-05T00:00:00Z,BTC Markets,AUD,USDT-AUD,1d,1.5472,"reported, not observed",api.btcmarkets.net/v3/markets/USDT-AUD/candles
2025-08-06T00:00:00Z,BTC Markets,AUD,USDT-AUD,1d,1.5379,"reported, not observed",api.btcmarkets.net/v3/markets/USDT-AUD/candles
2025-08-07T00:00:00Z,BTC Markets,AUD,USDT-AUD,1d,1.5313,"reported, not observed",api.btcmarkets.net/v3/markets/USDT-AUD/candles
2025-08-08T00:00:00Z,BTC Markets,AUD,USDT-AUD,1d,1.5336,"reported, not observed",api.btcmarkets.net/v3/markets/USDT-AUD/candles
2025-08-09T00:00:00Z,BTC Markets,AUD,USDT-AUD,1d,1.527,"reported, not observed",api.btcmarkets.net/v3/markets/USDT-AUD/candles
2025-08-10T00:00:00Z,BTC Markets,AUD,USDT-AUD,1d,1.5289,"reported, not observed",api.btcmarkets.net/v3/markets/USDT-AUD/candles
2025-08-11T00:00:00Z,BTC Markets,AUD,USDT-AUD,1d,1.5333,"reported, not observed",api.btcmarkets.net/v3/markets/USDT-AUD/candles
2025-08-12T00:00:00Z,BTC Markets,AUD,USDT-AUD,1d,1.5276,"reported, not observed",api.btcmarkets.net/v3/markets/USDT-AUD/candles
2025-08-13T00:00:00Z,BTC Markets,AUD,USDT-AUD,1d,1.5197,"reported, not observed",api.btcmarkets.net/v3/markets/USDT-AUD/candles
2025-08-14T00:00:00Z,BTC Markets,AUD,USDT-AUD,1d,1.539,"reported, not observed",api.btcmarkets.net/v3/markets/USDT-AUD/candles
2025-08-15T00:00:00Z,BTC Markets,AUD,USDT-AUD,1d,1.5373,"reported, not observed",api.btcmarkets.net/v3/markets/USDT-AUD/candles
2025-08-16T00:00:00Z,BTC Markets,AUD,USDT-AUD,1d,1.538,"reported, not observed",api.btcmarkets.net/v3/markets/USDT-AUD/candles
2025-08-17T00:00:00Z,BTC Markets,AUD,USDT-AUD,1d,1.5359,"reported, not observed",api.btcmarkets.net/v3/markets/USDT-AUD/candles
2025-08-18T00:00:00Z,BTC Markets,AUD,USDT-AUD,1d,1.5421,"reported, not observed",api.btcmarkets.net/v3/markets/USDT-AUD/candles
2025-08-19T00:00:00Z,BTC Markets,AUD,USDT-AUD,1d,1.5515,"reported, not observed",api.btcmarkets.net/v3/markets/USDT-AUD/candles
2025-08-20T00:00:00Z,BTC Markets,AUD,USDT-AUD,1d,1.5532,"reported, not observed",api.btcmarkets.net/v3/markets/USDT-AUD/candles
2025-08-21T00:00:00Z,BTC Markets,AUD,USDT-AUD,1d,1.5566,"reported, not observed",api.btcmarkets.net/v3/markets/USDT-AUD/candles
2025-08-22T00:00:00Z,BTC Markets,AUD,USDT-AUD,1d,1.5364,"reported, not observed",api.btcmarkets.net/v3/markets/USDT-AUD/candles
2025-08-23T00:00:00Z,BTC Markets,AUD,USDT-AUD,1d,1.5318,"reported, not observed",api.btcmarkets.net/v3/markets/USDT-AUD/candles
2025-08-24T00:00:00Z,BTC Markets,AUD,USDT-AUD,1d,1.5399,"reported, not observed",api.btcmarkets.net/v3/markets/USDT-AUD/candles
2025-08-25T00:00:00Z,BTC Markets,AUD,USDT-AUD,1d,1.5424,"reported, not observed",api.btcmarkets.net/v3/markets/USDT-AUD/candles
2025-08-26T00:00:00Z,BTC Markets,AUD,USDT-AUD,1d,1.5394,"reported, not observed",api.btcmarkets.net/v3/markets/USDT-AUD/candles
2025-08-27T00:00:00Z,BTC Markets,AUD,USDT-AUD,1d,1.5373,"reported, not observed",api.btcmarkets.net/v3/markets/USDT-AUD/candles
2025-08-28T00:00:00Z,BTC Markets,AUD,USDT-AUD,1d,1.532,"reported, not observed",api.btcmarkets.net/v3/markets/USDT-AUD/candles
2025-08-29T00:00:00Z,BTC Markets,AUD,USDT-AUD,1d,1.5333,"reported, not observed",api.btcmarkets.net/v3/markets/USDT-AUD/candles
2025-08-30T00:00:00Z,BTC Markets,AUD,USDT-AUD,1d,1.5309,"reported, not observed",api.btcmarkets.net/v3/markets/USDT-AUD/candles
2025-08-31T00:00:00Z,BTC Markets,AUD,USDT-AUD,1d,1.5293,"reported, not observed",api.btcmarkets.net/v3/markets/USDT-AUD/candles
2025-09-01T00:00:00Z,BTC Markets,AUD,USDT-AUD,1d,1.5248,"reported, not observed",api.btcmarkets.net/v3/markets/USDT-AUD/candles
2025-09-02T00:00:00Z,BTC Markets,AUD,USDT-AUD,1d,1.5347,"reported, not observed",api.btcmarkets.net/v3/markets/USDT-AUD/candles
2025-09-03T00:00:00Z,BTC Markets,AUD,USDT-AUD,1d,1.5281,"reported, not observed",api.btcmarkets.net/v3/markets/USDT-AUD/candles
2025-09-04T00:00:00Z,BTC Markets,AUD,USDT-AUD,1d,1.5346,"reported, not observed",api.btcmarkets.net/v3/markets/USDT-AUD/candles
2025-09-05T00:00:00Z,BTC Markets,AUD,USDT-AUD,1d,1.5268,"reported, not observed",api.btcmarkets.net/v3/markets/USDT-AUD/candles
2025-09-06T00:00:00Z,BTC Markets,AUD,USDT-AUD,1d,1.5272,"reported, not observed",api.btcmarkets.net/v3/markets/USDT-AUD/candles
2025-09-07T00:00:00Z,BTC Markets,AUD,USDT-AUD,1d,1.5261,"reported, not observed",api.btcmarkets.net/v3/markets/USDT-AUD/candles
2025-09-08T00:00:00Z,BTC Markets,AUD,USDT-AUD,1d,1.5157,"reported, not observed",api.btcmarkets.net/v3/markets/USDT-AUD/candles
2025-09-09T00:00:00Z,BTC Markets,AUD,USDT-AUD,1d,1.5185,"reported, not observed",api.btcmarkets.net/v3/markets/USDT-AUD/candles
2025-09-10T00:00:00Z,BTC Markets,AUD,USDT-AUD,1d,1.5108,"reported, not observed",api.btcmarkets.net/v3/markets/USDT-AUD/candles
2025-09-11T00:00:00Z,BTC Markets,AUD,USDT-AUD,1d,1.5016,"reported, not observed",api.btcmarkets.net/v3/markets/USDT-AUD/candles
2025-09-12T00:00:00Z,BTC Markets,AUD,USDT-AUD,1d,1.5048,"reported, not observed",api.btcmarkets.net/v3/markets/USDT-AUD/candles
2025-09-13T00:00:00Z,BTC Markets,AUD,USDT-AUD,1d,1.5018,"reported, not observed",api.btcmarkets.net/v3/markets/USDT-AUD/candles
2025-09-14T00:00:00Z,BTC Markets,AUD,USDT-AUD,1d,1.5002,"reported, not observed",api.btcmarkets.net/v3/markets/USDT-AUD/candles
2025-09-15T00:00:00Z,BTC Markets,AUD,USDT-AUD,1d,1.4989,"reported, not observed",api.btcmarkets.net/v3/markets/USDT-AUD/candles
2025-09-16T00:00:00Z,BTC Markets,AUD,USDT-AUD,1d,1.4946,"reported, not observed",api.btcmarkets.net/v3/markets/USDT-AUD/candles
2025-09-17T00:00:00Z,BTC Markets,AUD,USDT-AUD,1d,1.5029,"reported, not observed",api.btcmarkets.net/v3/markets/USDT-AUD/candles
2025-09-18T00:00:00Z,BTC Markets,AUD,USDT-AUD,1d,1.512,"reported, not observed",api.btcmarkets.net/v3/markets/USDT-AUD/candles
2025-09-19T00:00:00Z,BTC Markets,AUD,USDT-AUD,1d,1.5166,"reported, not observed",api.btcmarkets.net/v3/markets/USDT-AUD/candles
2025-09-20T00:00:00Z,BTC Markets,AUD,USDT-AUD,1d,1.5215,"reported, not observed",api.btcmarkets.net/v3/markets/USDT-AUD/candles
2025-09-21T00:00:00Z,BTC Markets,AUD,USDT-AUD,1d,1.5186,"reported, not observed",api.btcmarkets.net/v3/markets/USDT-AUD/candles
2025-09-22T00:00:00Z,BTC Markets,AUD,USDT-AUD,1d,1.519,"reported, not observed",api.btcmarkets.net/v3/markets/USDT-AUD/candles
2025-09-23T00:00:00Z,BTC Markets,AUD,USDT-AUD,1d,1.5157,"reported, not observed",api.btcmarkets.net/v3/markets/USDT-AUD/candles
2025-09-24T00:00:00Z,BTC Markets,AUD,USDT-AUD,1d,1.519,"reported, not observed",api.btcmarkets.net/v3/markets/USDT-AUD/candles
2025-09-25T00:00:00Z,BTC Markets,AUD,USDT-AUD,1d,1.5293,"reported, not observed",api.btcmarkets.net/v3/markets/USDT-AUD/candles
2025-09-26T00:00:00Z,BTC Markets,AUD,USDT-AUD,1d,1.5328,"reported, not observed",api.btcmarkets.net/v3/markets/USDT-AUD/candles
2025-09-27T00:00:00Z,BTC Markets,AUD,USDT-AUD,1d,1.5301,"reported, not observed",api.btcmarkets.net/v3/markets/USDT-AUD/candles
2025-09-28T00:00:00Z,BTC Markets,AUD,USDT-AUD,1d,1.5271,"reported, not observed",api.btcmarkets.net/v3/markets/USDT-AUD/candles
2025-09-29T00:00:00Z,BTC Markets,AUD,USDT-AUD,1d,1.5236,"reported, not observed",api.btcmarkets.net/v3/markets/USDT-AUD/candles
2025-09-30T00:00:00Z,BTC Markets,AUD,USDT-AUD,1d,1.512,"reported, not observed",api.btcmarkets.net/v3/markets/USDT-AUD/candles
2025-10-01T00:00:00Z,BTC Markets,AUD,USDT-AUD,1d,1.5127,"reported, not observed",api.btcmarkets.net/v3/markets/USDT-AUD/candles
2025-10-02T00:00:00Z,BTC Markets,AUD,USDT-AUD,1d,1.5155,"reported, not observed",api.btcmarkets.net/v3/markets/USDT-AUD/candles
2025-10-03T00:00:00Z,BTC Markets,AUD,USDT-AUD,1d,1.5082,"reported, not observed",api.btcmarkets.net/v3/markets/USDT-AUD/candles
2025-10-04T00:00:00Z,BTC Markets,AUD,USDT-AUD,1d,1.5065,"reported, not observed",api.btcmarkets.net/v3/markets/USDT-AUD/candles
2025-10-05T00:00:00Z,BTC Markets,AUD,USDT-AUD,1d,1.5086,"reported, not observed",api.btcmarkets.net/v3/markets/USDT-AUD/candles
2025-10-06T00:00:00Z,BTC Markets,AUD,USDT-AUD,1d,1.5083,"reported, not observed",api.btcmarkets.net/v3/markets/USDT-AUD/candles
2025-10-07T00:00:00Z,BTC Markets,AUD,USDT-AUD,1d,1.517,"reported, not observed",api.btcmarkets.net/v3/markets/USDT-AUD/candles
2025-10-08T00:00:00Z,BTC Markets,AUD,USDT-AUD,1d,1.5186,"reported, not observed",api.btcmarkets.net/v3/markets/USDT-AUD/candles
2025-10-09T00:00:00Z,BTC Markets,AUD,USDT-AUD,1d,1.5241,"reported, not observed",api.btcmarkets.net/v3/markets/USDT-AUD/candles
2025-10-10T00:00:00Z,BTC Markets,AUD,USDT-AUD,1d,1.5759,"reported, not observed",api.btcmarkets.net/v3/markets/USDT-AUD/candles
2025-10-11T00:00:00Z,BTC Markets,AUD,USDT-AUD,1d,1.5762,"reported, not observed",api.btcmarkets.net/v3/markets/USDT-AUD/candles
2025-10-12T00:00:00Z,BTC Markets,AUD,USDT-AUD,1d,1.5486,"reported, not observed",api.btcmarkets.net/v3/markets/USDT-AUD/candles
2025-10-13T00:00:00Z,BTC Markets,AUD,USDT-AUD,1d,1.5369,"reported, not observed",api.btcmarkets.net/v3/markets/USDT-AUD/candles
2025-10-14T00:00:00Z,BTC Markets,AUD,USDT-AUD,1d,1.5409,"reported, not observed",api.btcmarkets.net/v3/markets/USDT-AUD/candles
2025-10-15T00:00:00Z,BTC Markets,AUD,USDT-AUD,1d,1.538,"reported, not observed",api.btcmarkets.net/v3/markets/USDT-AUD/candles
2025-10-16T00:00:00Z,BTC Markets,AUD,USDT-AUD,1d,1.5414,"reported, not observed",api.btcmarkets.net/v3/markets/USDT-AUD/candles
2025-10-17T00:00:00Z,BTC Markets,AUD,USDT-AUD,1d,1.538,"reported, not observed",api.btcmarkets.net/v3/markets/USDT-AUD/candles
2025-10-18T00:00:00Z,BTC Markets,AUD,USDT-AUD,1d,1.5403,"reported, not observed",api.btcmarkets.net/v3/markets/USDT-AUD/candles
2025-10-19T00:00:00Z,BTC Markets,AUD,USDT-AUD,1d,1.5385,"reported, not observed",api.btcmarkets.net/v3/markets/USDT-AUD/candles
2025-10-20T00:00:00Z,BTC Markets,AUD,USDT-AUD,1d,1.5304,"reported, not observed",api.btcmarkets.net/v3/markets/USDT-AUD/candles
2025-10-21T00:00:00Z,BTC Markets,AUD,USDT-AUD,1d,1.5402,"reported, not observed",api.btcmarkets.net/v3/markets/USDT-AUD/candles
2025-10-22T00:00:00Z,BTC Markets,AUD,USDT-AUD,1d,1.5413,"reported, not observed",api.btcmarkets.net/v3/markets/USDT-AUD/candles
2025-10-23T00:00:00Z,BTC Markets,AUD,USDT-AUD,1d,1.5346,"reported, not observed",api.btcmarkets.net/v3/markets/USDT-AUD/candles
2025-10-24T00:00:00Z,BTC Markets,AUD,USDT-AUD,1d,1.536,"reported, not observed",api.btcmarkets.net/v3/markets/USDT-AUD/candles
2025-10-25T00:00:00Z,BTC Markets,AUD,USDT-AUD,1d,1.5353,"reported, not observed",api.btcmarkets.net/v3/markets/USDT-AUD/candles
2025-10-26T00:00:00Z,BTC Markets,AUD,USDT-AUD,1d,1.5277,"reported, not observed",api.btcmarkets.net/v3/markets/USDT-AUD/candles
2025-10-27T00:00:00Z,BTC Markets,AUD,USDT-AUD,1d,1.524,"reported, not observed",api.btcmarkets.net/v3/markets/USDT-AUD/candles
2025-10-28T00:00:00Z,BTC Markets,AUD,USDT-AUD,1d,1.5201,"reported, not observed",api.btcmarkets.net/v3/markets/USDT-AUD/candles
2025-10-29T00:00:00Z,BTC Markets,AUD,USDT-AUD,1d,1.5217,"reported, not observed",api.btcmarkets.net/v3/markets/USDT-AUD/candles
2025-10-30T00:00:00Z,BTC Markets,AUD,USDT-AUD,1d,1.5274,"reported, not observed",api.btcmarkets.net/v3/markets/USDT-AUD/candles
2025-10-31T00:00:00Z,BTC Markets,AUD,USDT-AUD,1d,1.5288,"reported, not observed",api.btcmarkets.net/v3/markets/USDT-AUD/candles
2025-11-01T00:00:00Z,BTC Markets,AUD,USDT-AUD,1d,1.5276,"reported, not observed",api.btcmarkets.net/v3/markets/USDT-AUD/candles
2025-11-02T00:00:00Z,BTC Markets,AUD,USDT-AUD,1d,1.5285,"reported, not observed",api.btcmarkets.net/v3/markets/USDT-AUD/candles
2025-11-03T00:00:00Z,BTC Markets,AUD,USDT-AUD,1d,1.5303,"reported, not observed",api.btcmarkets.net/v3/markets/USDT-AUD/candles
2025-11-04T00:00:00Z,BTC Markets,AUD,USDT-AUD,1d,1.5382,"reported, not observed",api.btcmarkets.net/v3/markets/USDT-AUD/candles
2025-11-05T00:00:00Z,BTC Markets,AUD,USDT-AUD,1d,1.5362,"reported, not observed",api.btcmarkets.net/v3/markets/USDT-AUD/candles
2025-11-06T00:00:00Z,BTC Markets,AUD,USDT-AUD,1d,1.5379,"reported, not observed",api.btcmarkets.net/v3/markets/USDT-AUD/candles
2025-11-07T00:00:00Z,BTC Markets,AUD,USDT-AUD,1d,1.5342,"reported, not observed",api.btcmarkets.net/v3/markets/USDT-AUD/candles
2025-11-08T00:00:00Z,BTC Markets,AUD,USDT-AUD,1d,1.5352,"reported, not observed",api.btcmarkets.net/v3/markets/USDT-AUD/candles
2025-11-09T00:00:00Z,BTC Markets,AUD,USDT-AUD,1d,1.5349,"reported, not observed",api.btcmarkets.net/v3/markets/USDT-AUD/candles
2025-11-10T00:00:00Z,BTC Markets,AUD,USDT-AUD,1d,1.5366,"reported, not observed",api.btcmarkets.net/v3/markets/USDT-AUD/candles
2025-11-11T00:00:00Z,BTC Markets,AUD,USDT-AUD,1d,1.5305,"reported, not observed",api.btcmarkets.net/v3/markets/USDT-AUD/candles
2025-11-12T00:00:00Z,BTC Markets,AUD,USDT-AUD,1d,1.5292,"reported, not observed",api.btcmarkets.net/v3/markets/USDT-AUD/candles
2025-11-13T00:00:00Z,BTC Markets,AUD,USDT-AUD,1d,1.5311,"reported, not observed",api.btcmarkets.net/v3/markets/USDT-AUD/candles
2025-11-14T00:00:00Z,BTC Markets,AUD,USDT-AUD,1d,1.5265,"reported, not observed",api.btcmarkets.net/v3/markets/USDT-AUD/candles
2025-11-15T00:00:00Z,BTC Markets,AUD,USDT-AUD,1d,1.5268,"reported, not observed",api.btcmarkets.net/v3/markets/USDT-AUD/candles
2025-11-16T00:00:00Z,BTC Markets,AUD,USDT-AUD,1d,1.53,"reported, not observed",api.btcmarkets.net/v3/markets/USDT-AUD/candles
2025-11-17T00:00:00Z,BTC Markets,AUD,USDT-AUD,1d,1.5339,"reported, not observed",api.btcmarkets.net/v3/markets/USDT-AUD/candles
2025-11-18T00:00:00Z,BTC Markets,AUD,USDT-AUD,1d,1.5307,"reported, not observed",api.btcmarkets.net/v3/markets/USDT-AUD/candles
2025-11-19T00:00:00Z,BTC Markets,AUD,USDT-AUD,1d,1.5392,"reported, not observed",api.btcmarkets.net/v3/markets/USDT-AUD/candles
2025-11-20T00:00:00Z,BTC Markets,AUD,USDT-AUD,1d,1.5508,"reported, not observed",api.btcmarkets.net/v3/markets/USDT-AUD/candles
2025-11-21T00:00:00Z,BTC Markets,AUD,USDT-AUD,1d,1.5474,"reported, not observed",api.btcmarkets.net/v3/markets/USDT-AUD/candles
2025-11-22T00:00:00Z,BTC Markets,AUD,USDT-AUD,1d,1.5482,"reported, not observed",api.btcmarkets.net/v3/markets/USDT-AUD/candles
2025-11-23T00:00:00Z,BTC Markets,AUD,USDT-AUD,1d,1.5513,"reported, not observed",api.btcmarkets.net/v3/markets/USDT-AUD/candles
2025-11-24T00:00:00Z,BTC Markets,AUD,USDT-AUD,1d,1.5467,"reported, not observed",api.btcmarkets.net/v3/markets/USDT-AUD/candles
2025-11-25T00:00:00Z,BTC Markets,AUD,USDT-AUD,1d,1.5453,"reported, not observed",api.btcmarkets.net/v3/markets/USDT-AUD/candles
2025-11-26T00:00:00Z,BTC Markets,AUD,USDT-AUD,1d,1.5318,"reported, not observed",api.btcmarkets.net/v3/markets/USDT-AUD/candles
2025-11-27T00:00:00Z,BTC Markets,AUD,USDT-AUD,1d,1.53,"reported, not observed",api.btcmarkets.net/v3/markets/USDT-AUD/candles
2025-11-28T00:00:00Z,BTC Markets,AUD,USDT-AUD,1d,1.5298,"reported, not observed",api.btcmarkets.net/v3/markets/USDT-AUD/candles
2025-11-29T00:00:00Z,BTC Markets,AUD,USDT-AUD,1d,1.53,"reported, not observed",api.btcmarkets.net/v3/markets/USDT-AUD/candles
2025-11-30T00:00:00Z,BTC Markets,AUD,USDT-AUD,1d,1.5265,"reported, not observed",api.btcmarkets.net/v3/markets/USDT-AUD/candles
2025-12-01T00:00:00Z,BTC Markets,AUD,USDT-AUD,1d,1.5294,"reported, not observed",api.btcmarkets.net/v3/markets/USDT-AUD/candles
2025-12-02T00:00:00Z,BTC Markets,AUD,USDT-AUD,1d,1.5213,"reported, not observed",api.btcmarkets.net/v3/markets/USDT-AUD/candles
2025-12-03T00:00:00Z,BTC Markets,AUD,USDT-AUD,1d,1.5146,"reported, not observed",api.btcmarkets.net/v3/markets/USDT-AUD/candles
2025-12-04T00:00:00Z,BTC Markets,AUD,USDT-AUD,1d,1.5139,"reported, not observed",api.btcmarkets.net/v3/markets/USDT-AUD/candles
2025-12-05T00:00:00Z,BTC Markets,AUD,USDT-AUD,1d,1.5069,"reported, not observed",api.btcmarkets.net/v3/markets/USDT-AUD/candles
2025-12-06T00:00:00Z,BTC Markets,AUD,USDT-AUD,1d,1.5079,"reported, not observed",api.btcmarkets.net/v3/markets/USDT-AUD/candles
2025-12-07T00:00:00Z,BTC Markets,AUD,USDT-AUD,1d,1.5089,"reported, not observed",api.btcmarkets.net/v3/markets/USDT-AUD/candles
2025-12-08T00:00:00Z,BTC Markets,AUD,USDT-AUD,1d,1.5097,"reported, not observed",api.btcmarkets.net/v3/markets/USDT-AUD/candles
2025-12-09T00:00:00Z,BTC Markets,AUD,USDT-AUD,1d,1.5058,"reported, not observed",api.btcmarkets.net/v3/markets/USDT-AUD/candles
2025-12-10T00:00:00Z,BTC Markets,AUD,USDT-AUD,1d,1.4981,"reported, not observed",api.btcmarkets.net/v3/markets/USDT-AUD/candles
2025-12-11T00:00:00Z,BTC Markets,AUD,USDT-AUD,1d,1.4989,"reported, not observed",api.btcmarkets.net/v3/markets/USDT-AUD/candles
2025-12-12T00:00:00Z,BTC Markets,AUD,USDT-AUD,1d,1.504,"reported, not observed",api.btcmarkets.net/v3/markets/USDT-AUD/candles
2025-12-13T00:00:00Z,BTC Markets,AUD,USDT-AUD,1d,1.5042,"reported, not observed",api.btcmarkets.net/v3/markets/USDT-AUD/candles
2025-12-14T00:00:00Z,BTC Markets,AUD,USDT-AUD,1d,1.5054,"reported, not observed",api.btcmarkets.net/v3/markets/USDT-AUD/candles
2025-12-15T00:00:00Z,BTC Markets,AUD,USDT-AUD,1d,1.5058,"reported, not observed",api.btcmarkets.net/v3/markets/USDT-AUD/candles
2025-12-16T00:00:00Z,BTC Markets,AUD,USDT-AUD,1d,1.5069,"reported, not observed",api.btcmarkets.net/v3/markets/USDT-AUD/candles
2025-12-17T00:00:00Z,BTC Markets,AUD,USDT-AUD,1d,1.5136,"reported, not observed",api.btcmarkets.net/v3/markets/USDT-AUD/candles
2025-12-18T00:00:00Z,BTC Markets,AUD,USDT-AUD,1d,1.5114,"reported, not observed",api.btcmarkets.net/v3/markets/USDT-AUD/candles
2025-12-19T00:00:00Z,BTC Markets,AUD,USDT-AUD,1d,1.511,"reported, not observed",api.btcmarkets.net/v3/markets/USDT-AUD/candles
2025-12-20T00:00:00Z,BTC Markets,AUD,USDT-AUD,1d,1.511,"reported, not observed",api.btcmarkets.net/v3/markets/USDT-AUD/candles
2025-12-21T00:00:00Z,BTC Markets,AUD,USDT-AUD,1d,1.512,"reported, not observed",api.btcmarkets.net/v3/markets/USDT-AUD/candles
2025-12-22T00:00:00Z,BTC Markets,AUD,USDT-AUD,1d,1.5012,"reported, not observed",api.btcmarkets.net/v3/markets/USDT-AUD/candles
2025-12-23T00:00:00Z,BTC Markets,AUD,USDT-AUD,1d,1.4926,"reported, not observed",api.btcmarkets.net/v3/markets/USDT-AUD/candles
2025-12-24T00:00:00Z,BTC Markets,AUD,USDT-AUD,1d,1.4903,"reported, not observed",api.btcmarkets.net/v3/markets/USDT-AUD/candles
2025-12-25T00:00:00Z,BTC Markets,AUD,USDT-AUD,1d,1.4906,"reported, not observed",api.btcmarkets.net/v3/markets/USDT-AUD/candles
2025-12-26T00:00:00Z,BTC Markets,AUD,USDT-AUD,1d,1.4893,"reported, not observed",api.btcmarkets.net/v3/markets/USDT-AUD/candles
2025-12-27T00:00:00Z,BTC Markets,AUD,USDT-AUD,1d,1.4882,"reported, not observed",api.btcmarkets.net/v3/markets/USDT-AUD/candles
2025-12-28T00:00:00Z,BTC Markets,AUD,USDT-AUD,1d,1.4879,"reported, not observed",api.btcmarkets.net/v3/markets/USDT-AUD/candles
2025-12-29T00:00:00Z,BTC Markets,AUD,USDT-AUD,1d,1.4921,"reported, not observed",api.btcmarkets.net/v3/markets/USDT-AUD/candles
2025-12-30T00:00:00Z,BTC Markets,AUD,USDT-AUD,1d,1.4922,"reported, not observed",api.btcmarkets.net/v3/markets/USDT-AUD/candles
2025-12-31T00:00:00Z,BTC Markets,AUD,USDT-AUD,1d,1.4968,"reported, not observed",api.btcmarkets.net/v3/markets/USDT-AUD/candles
2026-01-01T00:00:00Z,BTC Markets,AUD,USDT-AUD,1d,1.4961,"reported, not observed",api.btcmarkets.net/v3/markets/USDT-AUD/candles
2026-01-02T00:00:00Z,BTC Markets,AUD,USDT-AUD,1d,1.4923,"reported, not observed",api.btcmarkets.net/v3/markets/USDT-AUD/candles
2026-01-03T00:00:00Z,BTC Markets,AUD,USDT-AUD,1d,1.4932,"reported, not observed",api.btcmarkets.net/v3/markets/USDT-AUD/candles
2026-01-04T00:00:00Z,BTC Markets,AUD,USDT-AUD,1d,1.4948,"reported, not observed",api.btcmarkets.net/v3/markets/USDT-AUD/candles
2026-01-05T00:00:00Z,BTC Markets,AUD,USDT-AUD,1d,1.4895,"reported, not observed",api.btcmarkets.net/v3/markets/USDT-AUD/candles
2026-01-06T00:00:00Z,BTC Markets,AUD,USDT-AUD,1d,1.4841,"reported, not observed",api.btcmarkets.net/v3/markets/USDT-AUD/candles
2026-01-07T00:00:00Z,BTC Markets,AUD,USDT-AUD,1d,1.4864,"reported, not observed",api.btcmarkets.net/v3/markets/USDT-AUD/candles
2026-01-08T00:00:00Z,BTC Markets,AUD,USDT-AUD,1d,1.4928,"reported, not observed",api.btcmarkets.net/v3/markets/USDT-AUD/candles
2026-01-09T00:00:00Z,BTC Markets,AUD,USDT-AUD,1d,1.4959,"reported, not observed",api.btcmarkets.net/v3/markets/USDT-AUD/candles
2026-01-10T00:00:00Z,BTC Markets,AUD,USDT-AUD,1d,1.4956,"reported, not observed",api.btcmarkets.net/v3/markets/USDT-AUD/candles
2026-01-11T00:00:00Z,BTC Markets,AUD,USDT-AUD,1d,1.4931,"reported, not observed",api.btcmarkets.net/v3/markets/USDT-AUD/candles
2026-01-12T00:00:00Z,BTC Markets,AUD,USDT-AUD,1d,1.4892,"reported, not observed",api.btcmarkets.net/v3/markets/USDT-AUD/candles
2026-01-13T00:00:00Z,BTC Markets,AUD,USDT-AUD,1d,1.496,"reported, not observed",api.btcmarkets.net/v3/markets/USDT-AUD/candles
2026-01-14T00:00:00Z,BTC Markets,AUD,USDT-AUD,1d,1.4956,"reported, not observed",api.btcmarkets.net/v3/markets/USDT-AUD/candles
2026-01-15T00:00:00Z,BTC Markets,AUD,USDT-AUD,1d,1.4909,"reported, not observed",api.btcmarkets.net/v3/markets/USDT-AUD/candles
2026-01-16T00:00:00Z,BTC Markets,AUD,USDT-AUD,1d,1.4968,"reported, not observed",api.btcmarkets.net/v3/markets/USDT-AUD/candles
2026-01-17T00:00:00Z,BTC Markets,AUD,USDT-AUD,1d,1.4969,"reported, not observed",api.btcmarkets.net/v3/markets/USDT-AUD/candles
2026-01-18T00:00:00Z,BTC Markets,AUD,USDT-AUD,1d,1.4923,"reported, not observed",api.btcmarkets.net/v3/markets/USDT-AUD/candles
2026-01-19T00:00:00Z,BTC Markets,AUD,USDT-AUD,1d,1.488,"reported, not observed",api.btcmarkets.net/v3/markets/USDT-AUD/candles
2026-01-20T00:00:00Z,BTC Markets,AUD,USDT-AUD,1d,1.4824,"reported, not observed",api.btcmarkets.net/v3/markets/USDT-AUD/candles
2026-01-21T00:00:00Z,BTC Markets,AUD,USDT-AUD,1d,1.4795,"reported, not observed",api.btcmarkets.net/v3/markets/USDT-AUD/candles
2026-01-22T00:00:00Z,BTC Markets,AUD,USDT-AUD,1d,1.4607,"reported, not observed",api.btcmarkets.net/v3/markets/USDT-AUD/candles
2026-01-23T00:00:00Z,BTC Markets,AUD,USDT-AUD,1d,1.4466,"reported, not observed",api.btcmarkets.net/v3/markets/USDT-AUD/candles
2026-01-24T00:00:00Z,BTC Markets,AUD,USDT-AUD,1d,1.4461,"reported, not observed",api.btcmarkets.net/v3/markets/USDT-AUD/candles
2026-01-25T00:00:00Z,BTC Markets,AUD,USDT-AUD,1d,1.4425,"reported, not observed",api.btcmarkets.net/v3/markets/USDT-AUD/candles
2026-01-26T00:00:00Z,BTC Markets,AUD,USDT-AUD,1d,1.4427,"reported, not observed",api.btcmarkets.net/v3/markets/USDT-AUD/candles
2026-01-27T00:00:00Z,BTC Markets,AUD,USDT-AUD,1d,1.4245,"reported, not observed",api.btcmarkets.net/v3/markets/USDT-AUD/candles
2026-01-28T00:00:00Z,BTC Markets,AUD,USDT-AUD,1d,1.4178,"reported, not observed",api.btcmarkets.net/v3/markets/USDT-AUD/candles
2026-01-29T00:00:00Z,BTC Markets,AUD,USDT-AUD,1d,1.4171,"reported, not observed",api.btcmarkets.net/v3/markets/USDT-AUD/candles
2026-01-30T00:00:00Z,BTC Markets,AUD,USDT-AUD,1d,1.4235,"reported, not observed",api.btcmarkets.net/v3/markets/USDT-AUD/candles
2026-01-31T00:00:00Z,BTC Markets,AUD,USDT-AUD,1d,1.4358,"reported, not observed",api.btcmarkets.net/v3/markets/USDT-AUD/candles
2026-02-01T00:00:00Z,BTC Markets,AUD,USDT-AUD,1d,1.438,"reported, not observed",api.btcmarkets.net/v3/markets/USDT-AUD/candles
2026-02-02T00:00:00Z,BTC Markets,AUD,USDT-AUD,1d,1.438,"reported, not observed",api.btcmarkets.net/v3/markets/USDT-AUD/candles
2026-02-03T00:00:00Z,BTC Markets,AUD,USDT-AUD,1d,1.4219,"reported, not observed",api.btcmarkets.net/v3/markets/USDT-AUD/candles
2026-02-04T00:00:00Z,BTC Markets,AUD,USDT-AUD,1d,1.4254,"reported, not observed",api.btcmarkets.net/v3/markets/USDT-AUD/candles
2026-02-05T00:00:00Z,BTC Markets,AUD,USDT-AUD,1d,1.4434,"reported, not observed",api.btcmarkets.net/v3/markets/USDT-AUD/candles
2026-02-06T00:00:00Z,BTC Markets,AUD,USDT-AUD,1d,1.4313,"reported, not observed",api.btcmarkets.net/v3/markets/USDT-AUD/candles
2026-02-07T00:00:00Z,BTC Markets,AUD,USDT-AUD,1d,1.427,"reported, not observed",api.btcmarkets.net/v3/markets/USDT-AUD/candles
2026-02-08T00:00:00Z,BTC Markets,AUD,USDT-AUD,1d,1.424,"reported, not observed",api.btcmarkets.net/v3/markets/USDT-AUD/candles
2026-02-09T00:00:00Z,BTC Markets,AUD,USDT-AUD,1d,1.411,"reported, not observed",api.btcmarkets.net/v3/markets/USDT-AUD/candles
2026-02-10T00:00:00Z,BTC Markets,AUD,USDT-AUD,1d,1.413,"reported, not observed",api.btcmarkets.net/v3/markets/USDT-AUD/candles
2026-02-11T00:00:00Z,BTC Markets,AUD,USDT-AUD,1d,1.4016,"reported, not observed",api.btcmarkets.net/v3/markets/USDT-AUD/candles
2026-02-12T00:00:00Z,BTC Markets,AUD,USDT-AUD,1d,1.408,"reported, not observed",api.btcmarkets.net/v3/markets/USDT-AUD/candles
2026-02-13T00:00:00Z,BTC Markets,AUD,USDT-AUD,1d,1.4149,"reported, not observed",api.btcmarkets.net/v3/markets/USDT-AUD/candles
2026-02-14T00:00:00Z,BTC Markets,AUD,USDT-AUD,1d,1.416,"reported, not observed",api.btcmarkets.net/v3/markets/USDT-AUD/candles
2026-02-15T00:00:00Z,BTC Markets,AUD,USDT-AUD,1d,1.4159,"reported, not observed",api.btcmarkets.net/v3/markets/USDT-AUD/candles
2026-02-16T00:00:00Z,BTC Markets,AUD,USDT-AUD,1d,1.4128,"reported, not observed",api.btcmarkets.net/v3/markets/USDT-AUD/candles
2026-02-17T00:00:00Z,BTC Markets,AUD,USDT-AUD,1d,1.4107,"reported, not observed",api.btcmarkets.net/v3/markets/USDT-AUD/candles
2026-02-18T00:00:00Z,BTC Markets,AUD,USDT-AUD,1d,1.42,"reported, not observed",api.btcmarkets.net/v3/markets/USDT-AUD/candles
2026-02-19T00:00:00Z,BTC Markets,AUD,USDT-AUD,1d,1.4152,"reported, not observed",api.btcmarkets.net/v3/markets/USDT-AUD/candles
2026-02-20T00:00:00Z,BTC Markets,AUD,USDT-AUD,1d,1.416,"reported, not observed",api.btcmarkets.net/v3/markets/USDT-AUD/candles
2026-02-21T00:00:00Z,BTC Markets,AUD,USDT-AUD,1d,1.4156,"reported, not observed",api.btcmarkets.net/v3/markets/USDT-AUD/candles
2026-02-22T00:00:00Z,BTC Markets,AUD,USDT-AUD,1d,1.41,"reported, not observed",api.btcmarkets.net/v3/markets/USDT-AUD/candles
2026-02-23T00:00:00Z,BTC Markets,AUD,USDT-AUD,1d,1.4176,"reported, not observed",api.btcmarkets.net/v3/markets/USDT-AUD/candles
2026-02-24T00:00:00Z,BTC Markets,AUD,USDT-AUD,1d,1.4173,"reported, not observed",api.btcmarkets.net/v3/markets/USDT-AUD/candles
2026-02-25T00:00:00Z,BTC Markets,AUD,USDT-AUD,1d,1.4033,"reported, not observed",api.btcmarkets.net/v3/markets/USDT-AUD/candles
2026-02-26T00:00:00Z,BTC Markets,AUD,USDT-AUD,1d,1.4073,"reported, not observed",api.btcmarkets.net/v3/markets/USDT-AUD/candles
2026-02-27T00:00:00Z,BTC Markets,AUD,USDT-AUD,1d,1.4067,"reported, not observed",api.btcmarkets.net/v3/markets/USDT-AUD/candles
2026-02-28T00:00:00Z,BTC Markets,AUD,USDT-AUD,1d,1.4096,"reported, not observed",api.btcmarkets.net/v3/markets/USDT-AUD/candles
2026-03-01T00:00:00Z,BTC Markets,AUD,USDT-AUD,1d,1.4167,"reported, not observed",api.btcmarkets.net/v3/markets/USDT-AUD/candles
2026-03-02T00:00:00Z,BTC Markets,AUD,USDT-AUD,1d,1.4078,"reported, not observed",api.btcmarkets.net/v3/markets/USDT-AUD/candles
2026-03-03T00:00:00Z,BTC Markets,AUD,USDT-AUD,1d,1.4205,"reported, not observed",api.btcmarkets.net/v3/markets/USDT-AUD/candles
2026-03-04T00:00:00Z,BTC Markets,AUD,USDT-AUD,1d,1.4123,"reported, not observed",api.btcmarkets.net/v3/markets/USDT-AUD/candles
2026-03-05T00:00:00Z,BTC Markets,AUD,USDT-AUD,1d,1.4273,"reported, not observed",api.btcmarkets.net/v3/markets/USDT-AUD/candles
2026-03-06T00:00:00Z,BTC Markets,AUD,USDT-AUD,1d,1.4225,"reported, not observed",api.btcmarkets.net/v3/markets/USDT-AUD/candles
2026-03-07T00:00:00Z,BTC Markets,AUD,USDT-AUD,1d,1.4265,"reported, not observed",api.btcmarkets.net/v3/markets/USDT-AUD/candles
2026-03-08T00:00:00Z,BTC Markets,AUD,USDT-AUD,1d,1.4372,"reported, not observed",api.btcmarkets.net/v3/markets/USDT-AUD/candles
2026-03-09T00:00:00Z,BTC Markets,AUD,USDT-AUD,1d,1.4136,"reported, not observed",api.btcmarkets.net/v3/markets/USDT-AUD/candles
2026-03-10T00:00:00Z,BTC Markets,AUD,USDT-AUD,1d,1.4064,"reported, not observed",api.btcmarkets.net/v3/markets/USDT-AUD/candles
2026-03-11T00:00:00Z,BTC Markets,AUD,USDT-AUD,1d,1.4037,"reported, not observed",api.btcmarkets.net/v3/markets/USDT-AUD/candles
2026-03-12T00:00:00Z,BTC Markets,AUD,USDT-AUD,1d,1.4126,"reported, not observed",api.btcmarkets.net/v3/markets/USDT-AUD/candles
2026-03-13T00:00:00Z,BTC Markets,AUD,USDT-AUD,1d,1.4317,"reported, not observed",api.btcmarkets.net/v3/markets/USDT-AUD/candles
2026-03-14T00:00:00Z,BTC Markets,AUD,USDT-AUD,1d,1.4336,"reported, not observed",api.btcmarkets.net/v3/markets/USDT-AUD/candles
2026-03-15T00:00:00Z,BTC Markets,AUD,USDT-AUD,1d,1.4254,"reported, not observed",api.btcmarkets.net/v3/markets/USDT-AUD/candles
2026-03-16T00:00:00Z,BTC Markets,AUD,USDT-AUD,1d,1.4154,"reported, not observed",api.btcmarkets.net/v3/markets/USDT-AUD/candles
2026-03-17T00:00:00Z,BTC Markets,AUD,USDT-AUD,1d,1.4069,"reported, not observed",api.btcmarkets.net/v3/markets/USDT-AUD/candles
2026-03-18T00:00:00Z,BTC Markets,AUD,USDT-AUD,1d,1.423,"reported, not observed",api.btcmarkets.net/v3/markets/USDT-AUD/candles
2026-03-19T00:00:00Z,BTC Markets,AUD,USDT-AUD,1d,1.4125,"reported, not observed",api.btcmarkets.net/v3/markets/USDT-AUD/candles
2026-03-20T00:00:00Z,BTC Markets,AUD,USDT-AUD,1d,1.4235,"reported, not observed",api.btcmarkets.net/v3/markets/USDT-AUD/candles
2026-03-21T00:00:00Z,BTC Markets,AUD,USDT-AUD,1d,1.4259,"reported, not observed",api.btcmarkets.net/v3/markets/USDT-AUD/candles
2026-03-22T00:00:00Z,BTC Markets,AUD,USDT-AUD,1d,1.4267,"reported, not observed",api.btcmarkets.net/v3/markets/USDT-AUD/candles
2026-03-23T00:00:00Z,BTC Markets,AUD,USDT-AUD,1d,1.4264,"reported, not observed",api.btcmarkets.net/v3/markets/USDT-AUD/candles
2026-03-24T00:00:00Z,BTC Markets,AUD,USDT-AUD,1d,1.4288,"reported, not observed",api.btcmarkets.net/v3/markets/USDT-AUD/candles
2026-03-25T00:00:00Z,BTC Markets,AUD,USDT-AUD,1d,1.4409,"reported, not observed",api.btcmarkets.net/v3/markets/USDT-AUD/candles
2026-03-26T00:00:00Z,BTC Markets,AUD,USDT-AUD,1d,1.4484,"reported, not observed",api.btcmarkets.net/v3/markets/USDT-AUD/candles
2026-03-27T00:00:00Z,BTC Markets,AUD,USDT-AUD,1d,1.4543,"reported, not observed",api.btcmarkets.net/v3/markets/USDT-AUD/candles
2026-03-28T00:00:00Z,BTC Markets,AUD,USDT-AUD,1d,1.4542,"reported, not observed",api.btcmarkets.net/v3/markets/USDT-AUD/candles
2026-03-29T00:00:00Z,BTC Markets,AUD,USDT-AUD,1d,1.4606,"reported, not observed",api.btcmarkets.net/v3/markets/USDT-AUD/candles
2026-03-30T00:00:00Z,BTC Markets,AUD,USDT-AUD,1d,1.46,"reported, not observed",api.btcmarkets.net/v3/markets/USDT-AUD/candles
2026-03-31T00:00:00Z,BTC Markets,AUD,USDT-AUD,1d,1.4451,"reported, not observed",api.btcmarkets.net/v3/markets/USDT-AUD/candles
2026-04-01T00:00:00Z,BTC Markets,AUD,USDT-AUD,1d,1.4438,"reported, not observed",api.btcmarkets.net/v3/markets/USDT-AUD/candles
2026-04-02T00:00:00Z,BTC Markets,AUD,USDT-AUD,1d,1.4469,"reported, not observed",api.btcmarkets.net/v3/markets/USDT-AUD/candles
2026-04-03T00:00:00Z,BTC Markets,AUD,USDT-AUD,1d,1.4518,"reported, not observed",api.btcmarkets.net/v3/markets/USDT-AUD/candles
2026-04-04T00:00:00Z,BTC Markets,AUD,USDT-AUD,1d,1.4529,"reported, not observed",api.btcmarkets.net/v3/markets/USDT-AUD/candles
2026-04-05T00:00:00Z,BTC Markets,AUD,USDT-AUD,1d,1.4516,"reported, not observed",api.btcmarkets.net/v3/markets/USDT-AUD/candles
2026-04-06T00:00:00Z,BTC Markets,AUD,USDT-AUD,1d,1.4449,"reported, not observed",api.btcmarkets.net/v3/markets/USDT-AUD/candles
2026-04-07T00:00:00Z,BTC Markets,AUD,USDT-AUD,1d,1.4126,"reported, not observed",api.btcmarkets.net/v3/markets/USDT-AUD/candles
2026-04-08T00:00:00Z,BTC Markets,AUD,USDT-AUD,1d,1.4206,"reported, not observed",api.btcmarkets.net/v3/markets/USDT-AUD/candles
2026-04-09T00:00:00Z,BTC Markets,AUD,USDT-AUD,1d,1.4126,"reported, not observed",api.btcmarkets.net/v3/markets/USDT-AUD/candles
2026-04-10T00:00:00Z,BTC Markets,AUD,USDT-AUD,1d,1.4163,"reported, not observed",api.btcmarkets.net/v3/markets/USDT-AUD/candles
2026-04-11T00:00:00Z,BTC Markets,AUD,USDT-AUD,1d,1.4164,"reported, not observed",api.btcmarkets.net/v3/markets/USDT-AUD/candles
2026-04-12T00:00:00Z,BTC Markets,AUD,USDT-AUD,1d,1.4264,"reported, not observed",api.btcmarkets.net/v3/markets/USDT-AUD/candles
2026-04-13T00:00:00Z,BTC Markets,AUD,USDT-AUD,1d,1.408,"reported, not observed",api.btcmarkets.net/v3/markets/USDT-AUD/candles
2026-04-14T00:00:00Z,BTC Markets,AUD,USDT-AUD,1d,1.4021,"reported, not observed",api.btcmarkets.net/v3/markets/USDT-AUD/candles
2026-04-15T00:00:00Z,BTC Markets,AUD,USDT-AUD,1d,1.3942,"reported, not observed",api.btcmarkets.net/v3/markets/USDT-AUD/candles
2026-04-16T00:00:00Z,BTC Markets,AUD,USDT-AUD,1d,1.396,"reported, not observed",api.btcmarkets.net/v3/markets/USDT-AUD/candles
2026-04-17T00:00:00Z,BTC Markets,AUD,USDT-AUD,1d,1.3937,"reported, not observed",api.btcmarkets.net/v3/markets/USDT-AUD/candles
2026-04-18T00:00:00Z,BTC Markets,AUD,USDT-AUD,1d,1.3964,"reported, not observed",api.btcmarkets.net/v3/markets/USDT-AUD/candles
2026-04-19T00:00:00Z,BTC Markets,AUD,USDT-AUD,1d,1.4016,"reported, not observed",api.btcmarkets.net/v3/markets/USDT-AUD/candles
2026-04-20T00:00:00Z,BTC Markets,AUD,USDT-AUD,1d,1.3954,"reported, not observed",api.btcmarkets.net/v3/markets/USDT-AUD/candles
2026-04-21T00:00:00Z,BTC Markets,AUD,USDT-AUD,1d,1.3991,"reported, not observed",api.btcmarkets.net/v3/markets/USDT-AUD/candles
2026-04-22T00:00:00Z,BTC Markets,AUD,USDT-AUD,1d,1.3971,"reported, not observed",api.btcmarkets.net/v3/markets/USDT-AUD/candles
2026-04-23T00:00:00Z,BTC Markets,AUD,USDT-AUD,1d,1.4035,"reported, not observed",api.btcmarkets.net/v3/markets/USDT-AUD/candles
2026-04-24T00:00:00Z,BTC Markets,AUD,USDT-AUD,1d,1.3987,"reported, not observed",api.btcmarkets.net/v3/markets/USDT-AUD/candles
2026-04-25T00:00:00Z,BTC Markets,AUD,USDT-AUD,1d,1.4,"reported, not observed",api.btcmarkets.net/v3/markets/USDT-AUD/candles
2026-04-26T00:00:00Z,BTC Markets,AUD,USDT-AUD,1d,1.4014,"reported, not observed",api.btcmarkets.net/v3/markets/USDT-AUD/candles
2026-04-27T00:00:00Z,BTC Markets,AUD,USDT-AUD,1d,1.3915,"reported, not observed",api.btcmarkets.net/v3/markets/USDT-AUD/candles
2026-04-28T00:00:00Z,BTC Markets,AUD,USDT-AUD,1d,1.3906,"reported, not observed",api.btcmarkets.net/v3/markets/USDT-AUD/candles
2026-04-29T00:00:00Z,BTC Markets,AUD,USDT-AUD,1d,1.4026,"reported, not observed",api.btcmarkets.net/v3/markets/USDT-AUD/candles
2026-04-30T00:00:00Z,BTC Markets,AUD,USDT-AUD,1d,1.3885,"reported, not observed",api.btcmarkets.net/v3/markets/USDT-AUD/candles
2026-05-01T00:00:00Z,BTC Markets,AUD,USDT-AUD,1d,1.3865,"reported, not observed",api.btcmarkets.net/v3/markets/USDT-AUD/candles
2026-05-02T00:00:00Z,BTC Markets,AUD,USDT-AUD,1d,1.3879,"reported, not observed",api.btcmarkets.net/v3/markets/USDT-AUD/candles
2026-05-03T00:00:00Z,BTC Markets,AUD,USDT-AUD,1d,1.3873,"reported, not observed",api.btcmarkets.net/v3/markets/USDT-AUD/candles
2026-05-04T00:00:00Z,BTC Markets,AUD,USDT-AUD,1d,1.3938,"reported, not observed",api.btcmarkets.net/v3/markets/USDT-AUD/candles
2026-05-05T00:00:00Z,BTC Markets,AUD,USDT-AUD,1d,1.3885,"reported, not observed",api.btcmarkets.net/v3/markets/USDT-AUD/candles
2026-05-06T00:00:00Z,BTC Markets,AUD,USDT-AUD,1d,1.3818,"reported, not observed",api.btcmarkets.net/v3/markets/USDT-AUD/candles
2026-05-07T00:00:00Z,BTC Markets,AUD,USDT-AUD,1d,1.3866,"reported, not observed",api.btcmarkets.net/v3/markets/USDT-AUD/candles
2026-05-08T00:00:00Z,BTC Markets,AUD,USDT-AUD,1d,1.3795,"reported, not observed",api.btcmarkets.net/v3/markets/USDT-AUD/candles
2026-05-09T00:00:00Z,BTC Markets,AUD,USDT-AUD,1d,1.3828,"reported, not observed",api.btcmarkets.net/v3/markets/USDT-AUD/candles
2026-05-10T00:00:00Z,BTC Markets,AUD,USDT-AUD,1d,1.3821,"reported, not observed",api.btcmarkets.net/v3/markets/USDT-AUD/candles
2026-05-11T00:00:00Z,BTC Markets,AUD,USDT-AUD,1d,1.3781,"reported, not observed",api.btcmarkets.net/v3/markets/USDT-AUD/candles
2026-05-12T00:00:00Z,BTC Markets,AUD,USDT-AUD,1d,1.3812,"reported, not observed",api.btcmarkets.net/v3/markets/USDT-AUD/candles
2026-05-13T00:00:00Z,BTC Markets,AUD,USDT-AUD,1d,1.3782,"reported, not observed",api.btcmarkets.net/v3/markets/USDT-AUD/candles
2026-05-14T00:00:00Z,BTC Markets,AUD,USDT-AUD,1d,1.3845,"reported, not observed",api.btcmarkets.net/v3/markets/USDT-AUD/candles
2026-05-15T00:00:00Z,BTC Markets,AUD,USDT-AUD,1d,1.3964,"reported, not observed",api.btcmarkets.net/v3/markets/USDT-AUD/candles
2026-05-16T00:00:00Z,BTC Markets,AUD,USDT-AUD,1d,1.399,"reported, not observed",api.btcmarkets.net/v3/markets/USDT-AUD/candles
2026-05-17T00:00:00Z,BTC Markets,AUD,USDT-AUD,1d,1.4016,"reported, not observed",api.btcmarkets.net/v3/markets/USDT-AUD/candles
2026-05-18T00:00:00Z,BTC Markets,AUD,USDT-AUD,1d,1.3941,"reported, not observed",api.btcmarkets.net/v3/markets/USDT-AUD/candles
2026-05-19T00:00:00Z,BTC Markets,AUD,USDT-AUD,1d,1.4057,"reported, not observed",api.btcmarkets.net/v3/markets/USDT-AUD/candles
2026-05-20T00:00:00Z,BTC Markets,AUD,USDT-AUD,1d,1.3972,"reported, not observed",api.btcmarkets.net/v3/markets/USDT-AUD/candles
2026-05-21T00:00:00Z,BTC Markets,AUD,USDT-AUD,1d,1.3973,"reported, not observed",api.btcmarkets.net/v3/markets/USDT-AUD/candles
2026-05-22T00:00:00Z,BTC Markets,AUD,USDT-AUD,1d,1.4016,"reported, not observed",api.btcmarkets.net/v3/markets/USDT-AUD/candles
2026-05-23T00:00:00Z,BTC Markets,AUD,USDT-AUD,1d,1.4024,"reported, not observed",api.btcmarkets.net/v3/markets/USDT-AUD/candles
2026-05-24T00:00:00Z,BTC Markets,AUD,USDT-AUD,1d,1.3952,"reported, not observed",api.btcmarkets.net/v3/markets/USDT-AUD/candles
2026-05-25T00:00:00Z,BTC Markets,AUD,USDT-AUD,1d,1.3938,"reported, not observed",api.btcmarkets.net/v3/markets/USDT-AUD/candles
2026-05-26T00:00:00Z,BTC Markets,AUD,USDT-AUD,1d,1.393,"reported, not observed",api.btcmarkets.net/v3/markets/USDT-AUD/candles
2026-05-27T00:00:00Z,BTC Markets,AUD,USDT-AUD,1d,1.3979,"reported, not observed",api.btcmarkets.net/v3/markets/USDT-AUD/candles
2026-05-28T00:00:00Z,BTC Markets,AUD,USDT-AUD,1d,1.3952,"reported, not observed",api.btcmarkets.net/v3/markets/USDT-AUD/candles
2026-05-29T00:00:00Z,BTC Markets,AUD,USDT-AUD,1d,1.3909,"reported, not observed",api.btcmarkets.net/v3/markets/USDT-AUD/candles
2026-05-30T00:00:00Z,BTC Markets,AUD,USDT-AUD,1d,1.3932,"reported, not observed",api.btcmarkets.net/v3/markets/USDT-AUD/candles
2026-05-31T00:00:00Z,BTC Markets,AUD,USDT-AUD,1d,1.3917,"reported, not observed",api.btcmarkets.net/v3/markets/USDT-AUD/candles
2026-06-01T00:00:00Z,BTC Markets,AUD,USDT-AUD,1d,1.3945,"reported, not observed",api.btcmarkets.net/v3/markets/USDT-AUD/candles
2026-06-02T00:00:00Z,BTC Markets,AUD,USDT-AUD,1d,1.3937,"reported, not observed",api.btcmarkets.net/v3/markets/USDT-AUD/candles
2026-06-03T00:00:00Z,BTC Markets,AUD,USDT-AUD,1d,1.3994,"reported, not observed",api.btcmarkets.net/v3/markets/USDT-AUD/candles
2026-06-04T00:00:00Z,BTC Markets,AUD,USDT-AUD,1d,1.4002,"reported, not observed",api.btcmarkets.net/v3/markets/USDT-AUD/candles
2026-06-05T00:00:00Z,BTC Markets,AUD,USDT-AUD,1d,1.42,"reported, not observed",api.btcmarkets.net/v3/markets/USDT-AUD/candles
2026-06-06T00:00:00Z,BTC Markets,AUD,USDT-AUD,1d,1.4214,"reported, not observed",api.btcmarkets.net/v3/markets/USDT-AUD/candles
2026-06-07T00:00:00Z,BTC Markets,AUD,USDT-AUD,1d,1.424,"reported, not observed",api.btcmarkets.net/v3/markets/USDT-AUD/candles
2026-06-08T00:00:00Z,BTC Markets,AUD,USDT-AUD,1d,1.422,"reported, not observed",api.btcmarkets.net/v3/markets/USDT-AUD/candles
2026-06-09T00:00:00Z,BTC Markets,AUD,USDT-AUD,1d,1.4252,"reported, not observed",api.btcmarkets.net/v3/markets/USDT-AUD/candles
2026-06-10T00:00:00Z,BTC Markets,AUD,USDT-AUD,1d,1.4284,"reported, not observed",api.btcmarkets.net/v3/markets/USDT-AUD/candles
2026-06-11T00:00:00Z,BTC Markets,AUD,USDT-AUD,1d,1.4164,"reported, not observed",api.btcmarkets.net/v3/markets/USDT-AUD/candles
2026-06-12T00:00:00Z,BTC Markets,AUD,USDT-AUD,1d,1.419,"reported, not observed",api.btcmarkets.net/v3/markets/USDT-AUD/candles
2026-06-13T00:00:00Z,BTC Markets,AUD,USDT-AUD,1d,1.4204,"reported, not observed",api.btcmarkets.net/v3/markets/USDT-AUD/candles
2026-06-14T00:00:00Z,BTC Markets,AUD,USDT-AUD,1d,1.4126,"reported, not observed",api.btcmarkets.net/v3/markets/USDT-AUD/candles
2026-06-15T00:00:00Z,BTC Markets,AUD,USDT-AUD,1d,1.4136,"reported, not observed",api.btcmarkets.net/v3/markets/USDT-AUD/candles
2026-06-16T00:00:00Z,BTC Markets,AUD,USDT-AUD,1d,1.4143,"reported, not observed",api.btcmarkets.net/v3/markets/USDT-AUD/candles
2026-06-17T00:00:00Z,BTC Markets,AUD,USDT-AUD,1d,1.4239,"reported, not observed",api.btcmarkets.net/v3/markets/USDT-AUD/candles
2026-06-18T00:00:00Z,BTC Markets,AUD,USDT-AUD,1d,1.4238,"reported, not observed",api.btcmarkets.net/v3/markets/USDT-AUD/candles
2026-06-19T00:00:00Z,BTC Markets,AUD,USDT-AUD,1d,1.4258,"reported, not observed",api.btcmarkets.net/v3/markets/USDT-AUD/candles
2026-06-20T00:00:00Z,BTC Markets,AUD,USDT-AUD,1d,1.4258,"reported, not observed",api.btcmarkets.net/v3/markets/USDT-AUD/candles
2026-06-21T00:00:00Z,BTC Markets,AUD,USDT-AUD,1d,1.4258,"reported, not observed",api.btcmarkets.net/v3/markets/USDT-AUD/candles
2026-06-22T00:00:00Z,BTC Markets,AUD,USDT-AUD,1d,1.4285,"reported, not observed",api.btcmarkets.net/v3/markets/USDT-AUD/candles
2026-06-23T00:00:00Z,BTC Markets,AUD,USDT-AUD,1d,1.4435,"reported, not observed",api.btcmarkets.net/v3/markets/USDT-AUD/candles
2026-06-24T00:00:00Z,BTC Markets,AUD,USDT-AUD,1d,1.4464,"reported, not observed",api.btcmarkets.net/v3/markets/USDT-AUD/candles
2026-06-25T00:00:00Z,BTC Markets,AUD,USDT-AUD,1d,1.4474,"reported, not observed",api.btcmarkets.net/v3/markets/USDT-AUD/candles
2026-06-26T00:00:00Z,BTC Markets,AUD,USDT-AUD,1d,1.4469,"reported, not observed",api.btcmarkets.net/v3/markets/USDT-AUD/candles
2026-06-27T00:00:00Z,BTC Markets,AUD,USDT-AUD,1d,1.4493,"reported, not observed",api.btcmarkets.net/v3/markets/USDT-AUD/candles
2026-06-28T00:00:00Z,BTC Markets,AUD,USDT-AUD,1d,1.4459,"reported, not observed",api.btcmarkets.net/v3/markets/USDT-AUD/candles
2026-06-29T00:00:00Z,BTC Markets,AUD,USDT-AUD,1d,1.449,"reported, not observed",api.btcmarkets.net/v3/markets/USDT-AUD/candles
2026-06-30T00:00:00Z,BTC Markets,AUD,USDT-AUD,1d,1.4425,"reported, not observed",api.btcmarkets.net/v3/markets/USDT-AUD/candles
2026-07-01T00:00:00Z,BTC Markets,AUD,USDT-AUD,1d,1.4485,"reported, not observed",api.btcmarkets.net/v3/markets/USDT-AUD/candles
2026-07-02T00:00:00Z,BTC Markets,AUD,USDT-AUD,1d,1.4447,"reported, not observed",api.btcmarkets.net/v3/markets/USDT-AUD/candles
2026-07-03T00:00:00Z,BTC Markets,AUD,USDT-AUD,1d,1.4411,"reported, not observed",api.btcmarkets.net/v3/markets/USDT-AUD/candles
2026-07-04T00:00:00Z,BTC Markets,AUD,USDT-AUD,1d,1.4395,"reported, not observed",api.btcmarkets.net/v3/markets/USDT-AUD/candles
2026-07-05T00:00:00Z,BTC Markets,AUD,USDT-AUD,1d,1.4394,"reported, not observed",api.btcmarkets.net/v3/markets/USDT-AUD/candles
2026-07-06T00:00:00Z,BTC Markets,AUD,USDT-AUD,1d,1.4358,"reported, not observed",api.btcmarkets.net/v3/markets/USDT-AUD/candles
2026-07-07T00:00:00Z,BTC Markets,AUD,USDT-AUD,1d,1.4411,"reported, not observed",api.btcmarkets.net/v3/markets/USDT-AUD/candles
2026-07-08T00:00:00Z,BTC Markets,AUD,USDT-AUD,1d,1.4421,"reported, not observed",api.btcmarkets.net/v3/markets/USDT-AUD/candles
2026-07-09T00:00:00Z,BTC Markets,AUD,USDT-AUD,1d,1.4387,"reported, not observed",api.btcmarkets.net/v3/markets/USDT-AUD/candles
2026-07-10T00:00:00Z,BTC Markets,AUD,USDT-AUD,1d,1.4361,"reported, not observed",api.btcmarkets.net/v3/markets/USDT-AUD/candles
2026-07-11T00:00:00Z,BTC Markets,AUD,USDT-AUD,1d,1.4373,"reported, not observed",api.btcmarkets.net/v3/markets/USDT-AUD/candles
2026-07-12T00:00:00Z,BTC Markets,AUD,USDT-AUD,1d,1.4411,"reported, not observed",api.btcmarkets.net/v3/markets/USDT-AUD/candles
2026-07-13T00:00:00Z,BTC Markets,AUD,USDT-AUD,1d,1.4449,"reported, not observed",api.btcmarkets.net/v3/markets/USDT-AUD/candles
2026-07-14T00:00:00Z,BTC Markets,AUD,USDT-AUD,1d,1.4311,"reported, not observed",api.btcmarkets.net/v3/markets/USDT-AUD/candles
2026-07-15T00:00:00Z,BTC Markets,AUD,USDT-AUD,1d,1.4266,"reported, not observed",api.btcmarkets.net/v3/markets/USDT-AUD/candles
2026-07-16T00:00:00Z,BTC Markets,AUD,USDT-AUD,1d,1.4273,"reported, not observed",api.btcmarkets.net/v3/markets/USDT-AUD/candles
2026-07-17T00:00:00Z,BTC Markets,AUD,USDT-AUD,1d,1.4311,"reported, not observed",api.btcmarkets.net/v3/markets/USDT-AUD/candles
2026-07-18T00:00:00Z,BTC Markets,AUD,USDT-AUD,1d,1.4307,"reported, not observed",api.btcmarkets.net/v3/markets/USDT-AUD/candles
2026-07-19T00:00:00Z,BTC Markets,AUD,USDT-AUD,1d,1.4312,"reported, not observed",api.btcmarkets.net/v3/markets/USDT-AUD/candles
2026-07-20T00:00:00Z,BTC Markets,AUD,USDT-AUD,1d,1.4259,"reported, not observed",api.btcmarkets.net/v3/markets/USDT-AUD/candles
2026-07-21T00:00:00Z,BTC Markets,AUD,USDT-AUD,1d,1.4271,"reported, not observed",api.btcmarkets.net/v3/markets/USDT-AUD/candles
2026-07-22T00:00:00Z,BTC Markets,AUD,USDT-AUD,1d,1.4312,"reported, not observed",api.btcmarkets.net/v3/markets/USDT-AUD/candles
2026-07-23T00:00:00Z,BTC Markets,AUD,USDT-AUD,1d,1.4342,"reported, not observed",api.btcmarkets.net/v3/markets/USDT-AUD/candles
2026-07-24T00:00:00Z,BTC Markets,AUD,USDT-AUD,1d,1.4333,"reported, not observed",api.btcmarkets.net/v3/markets/USDT-AUD/candles
2026-07-25T00:00:00Z,BTC Markets,AUD,USDT-AUD,1d,1.4316,"reported, not observed",api.btcmarkets.net/v3/markets/USDT-AUD/candles
2026-07-26T00:00:00Z,BTC Markets,AUD,USDT-AUD,1d,1.4286,"reported, not observed",api.btcmarkets.net/v3/markets/USDT-AUD/candles
2026-07-27T00:00:00Z,BTC Markets,AUD,USDT-AUD,1d,1.4297,"reported, not observed",api.btcmarkets.net/v3/markets/USDT-AUD/candles
2026-07-28T00:00:00Z,BTC Markets,AUD,USDT-AUD,1d,1.4313,"reported, not observed",api.btcmarkets.net/v3/markets/USDT-AUD/candles
2026-07-29T00:00:00Z,BTC Markets,AUD,USDT-AUD,1d,1.4359,"reported, not observed",api.btcmarkets.net/v3/markets/USDT-AUD/candles
2026-07-30T00:00:00Z,BTC Markets,AUD,USDT-AUD,1d,1.4212,"reported, not observed",api.btcmarkets.net/v3/markets/USDT-AUD/candles
2026-07-31T00:00:00Z,BTC Markets,AUD,USDT-AUD,1d,1.4204,"reported, not observed",api.btcmarkets.net/v3/markets/USDT-AUD/candles
2026-08-01T00:00:00Z,BTC Markets,AUD,USDT-AUD,1d,1.4227,"reported, not observed",api.btcmarkets.net/v3/markets/USDT-AUD/candles
2026-08-02T00:00:00Z,BTC Markets,AUD,USDT-AUD,1d,1.4186,"reported, not observed",api.btcmarkets.net/v3/markets/USDT-AUD/candles
2026-08-03T00:00:00Z,BTC Markets,AUD,USDT-AUD,1d,1.4265,"reported, not observed",api.btcmarkets.net/v3/markets/USDT-AUD/candles
2026-08-04T00:00:00Z,BTC Markets,AUD,USDT-AUD,1d,1.4175,"reported, not observed",api.btcmarkets.net/v3/markets/USDT-AUD/candles
2026-08-05T00:00:00Z,BTC Markets,AUD,USDT-AUD,1d,1.4166,"reported, not observed",api.btcmarkets.net/v3/markets/USDT-AUD/candles
2026-08-06T00:00:00Z,BTC Markets,AUD,USDT-AUD,1d,1.4215,"reported, not observed",api.btcmarkets.net/v3/markets/USDT-AUD/candles
2026-08-07T00:00:00Z,BTC Markets,AUD,USDT-AUD,1d,1.4148,"reported, not observed",api.btcmarkets.net/v3/markets/USDT-AUD/candles
2026-08-08T00:00:00Z,BTC Markets,AUD,USDT-AUD,1d,1.4154,"reported, not observed",api.btcmarkets.net/v3/markets/USDT-AUD/candles
2026-08-09T00:00:00Z,BTC Markets,AUD,USDT-AUD,1d,1.4149,"reported, not observed",api.btcmarkets.net/v3/markets/USDT-AUD/candles
2026-08-10T00:00:00Z,BTC Markets,AUD,USDT-AUD,1d,1.4167,"reported, not observed",api.btcmarkets.net/v3/markets/USDT-AUD/candles
2026-08-11T00:00:00Z,BTC Markets,AUD,USDT-AUD,1d,1.4133,"reported, not observed",api.btcmarkets.net/v3/markets/USDT-AUD/candles
2026-08-12T00:00:00Z,BTC Markets,AUD,USDT-AUD,1d,1.4152,"reported, not observed",api.btcmarkets.net/v3/markets/USDT-AUD/candles
2026-08-13T00:00:00Z,BTC Markets,AUD,USDT-AUD,1d,1.415,"reported, not observed",api.btcmarkets.net/v3/markets/USDT-AUD/candles
2026-08-14T00:00:00Z,BTC Markets,AUD,USDT-AUD,1d,1.4108,"reported, not observed",api.btcmarkets.net/v3/markets/USDT-AUD/candles
2026-08-15T00:00:00Z,BTC Markets,AUD,USDT-AUD,1d,1.4085,"reported, not observed",api.btcmarkets.net/v3/markets/USDT-AUD/candles
2026-08-16T00:00:00Z,BTC Markets,AUD,USDT-AUD,1d,1.411,"reported, not observed",api.btcmarkets.net/v3/markets/USDT-AUD/candles
2026-08-17T00:00:00Z,BTC Markets,AUD,USDT-AUD,1d,1.4047,"reported, not observed",api.btcmarkets.net/v3/markets/USDT-AUD/candles
2026-08-18T00:00:00Z,BTC Markets,AUD,USDT-AUD,1d,1.4105,"reported, not observed",api.btcmarkets.net/v3/markets/USDT-AUD/candles
2026-08-19T00:00:00Z,BTC Markets,AUD,USDT-AUD,1d,1.4024,"reported, not observed",api.btcmarkets.net/v3/markets/USDT-AUD/candles
2026-08-20T00:00:00Z,BTC Markets,AUD,USDT-AUD,1d,1.4027,"reported, not observed",api.btcmarkets.net/v3/markets/USDT-AUD/candles
2026-08-21T00:00:00Z,BTC Markets,AUD,USDT-AUD,1d,1.3939,"reported, not observed",api.btcmarkets.net/v3/markets/USDT-AUD/candles
2026-08-22T00:00:00Z,BTC Markets,AUD,USDT-AUD,1d,1.3926,"reported, not observed",api.btcmarkets.net/v3/markets/USDT-AUD/candles
2026-08-23T00:00:00Z,BTC Markets,AUD,USDT-AUD,1d,1.3943,"reported, not observed",api.btcmarkets.net/v3/markets/USDT-AUD/candles
2026-08-24T00:00:00Z,BTC Markets,AUD,USDT-AUD,1d,1.3993,"reported, not observed",api.btcmarkets.net/v3/markets/USDT-AUD/candles
2026-08-25T00:00:00Z,BTC Markets,AUD,USDT-AUD,1d,1.3955,"reported, not observed",api.btcmarkets.net/v3/markets/USDT-AUD/candles
2026-08-26T00:00:00Z,BTC Markets,AUD,USDT-AUD,1d,1.3923,"reported, not observed",api.btcmarkets.net/v3/markets/USDT-AUD/candles
2026-08-27T00:00:00Z,BTC Markets,AUD,USDT-AUD,1d,1.3911,"reported, not observed",api.btcmarkets.net/v3/markets/USDT-AUD/candles
2026-08-28T00:00:00Z,BTC Markets,AUD,USDT-AUD,1d,1.3945,"reported, not observed",api.btcmarkets.net/v3/markets/USDT-AUD/candles
2026-08-29T00:00:00Z,BTC Markets,AUD,USDT-AUD,1d,1.3952,"reported, not observed",api.btcmarkets.net/v3/markets/USDT-AUD/candles
2026-08-30T00:00:00Z,BTC Markets,AUD,USDT-AUD,1d,1.3956,"reported, not observed",api.btcmarkets.net/v3/markets/USDT-AUD/candles
2026-08-31T00:00:00Z,BTC Markets,AUD,USDT-AUD,1d,1.3941,"reported, not observed",api.btcmarkets.net/v3/markets/USDT-AUD/candles
2026-09-01T00:00:00Z,BTC Markets,AUD,USDT-AUD,1d,1.4029,"reported, not observed",api.btcmarkets.net/v3/markets/USDT-AUD/candles
2026-09-02T00:00:00Z,BTC Markets,AUD,USDT-AUD,1d,1.3957,"reported, not observed",api.btcmarkets.net/v3/markets/USDT-AUD/candles
2026-09-03T00:00:00Z,BTC Markets,AUD,USDT-AUD,1d,1.3895,"reported, not observed",api.btcmarkets.net/v3/markets/USDT-AUD/candles
2026-09-04T00:00:00Z,BTC Markets,AUD,USDT-AUD,1d,1.3904,"reported, not observed",api.btcmarkets.net/v3/markets/USDT-AUD/candles
2026-09-05T00:00:00Z,BTC Markets,AUD,USDT-AUD,1d,1.3897,"reported, not observed",api.btcmarkets.net/v3/markets/USDT-AUD/candles
2026-09-06T00:00:00Z,BTC Markets,AUD,USDT-AUD,1d,1.3889,"reported, not observed",api.btcmarkets.net/v3/markets/USDT-AUD/candles
2026-09-07T00:00:00Z,BTC Markets,AUD,USDT-AUD,1d,1.3852,"reported, not observed",api.btcmarkets.net/v3/markets/USDT-AUD/candles
2026-09-08T00:00:00Z,BTC Markets,AUD,USDT-AUD,1d,1.3873,"reported, not observed",api.btcmarkets.net/v3/markets/USDT-AUD/candles
2026-09-09T00:00:00Z,BTC Markets,AUD,USDT-AUD,1d,1.3847,"reported, not observed",api.btcmarkets.net/v3/markets/USDT-AUD/candles
2026-09-10T00:00:00Z,BTC Markets,AUD,USDT-AUD,1d,1.3974,"reported, not observed",api.btcmarkets.net/v3/markets/USDT-AUD/candles
2026-09-11T00:00:00Z,BTC Markets,AUD,USDT-AUD,1d,1.3946,"reported, not observed",api.btcmarkets.net/v3/markets/USDT-AUD/candles
2026-09-12T00:00:00Z,BTC Markets,AUD,USDT-AUD,1d,1.3946,"reported, not observed",api.btcmarkets.net/v3/markets/USDT-AUD/candles
2026-09-13T00:00:00Z,BTC Markets,AUD,USDT-AUD,1d,1.3973,"reported, not observed",api.btcmarkets.net/v3/markets/USDT-AUD/candles
2026-09-14T00:00:00Z,BTC Markets,AUD,USDT-AUD,1d,1.4019,"reported, not observed",api.btcmarkets.net/v3/markets/USDT-AUD/candles
2026-09-15T00:00:00Z,BTC Markets,AUD,USDT-AUD,1d,1.404,"reported, not observed",api.btcmarkets.net/v3/markets/USDT-AUD/candles
2026-09-16T00:00:00Z,BTC Markets,AUD,USDT-AUD,1d,1.4097,"reported, not observed",api.btcmarkets.net/v3/markets/USDT-AUD/candles
2026-09-17T00:00:00Z,BTC Markets,AUD,USDT-AUD,1d,1.405,"reported, not observed",api.btcmarkets.net/v3/markets/USDT-AUD/candles
2026-09-18T00:00:00Z,BTC Markets,AUD,USDT-AUD,1d,1.4043,"reported, not observed",api.btcmarkets.net/v3/markets/USDT-AUD/candles
2026-09-19T00:00:00Z,BTC Markets,AUD,USDT-AUD,1d,1.4034,"reported, not observed",api.btcmarkets.net/v3/markets/USDT-AUD/candles
2026-09-20T00:00:00Z,BTC Markets,AUD,USDT-AUD,1d,1.4024,"reported, not observed",api.btcmarkets.net/v3/markets/USDT-AUD/candles
2026-09-21T00:00:00Z,BTC Markets,AUD,USDT-AUD,1d,1.4054,"reported, not observed",api.btcmarkets.net/v3/markets/USDT-AUD/candles
2026-09-22T00:00:00Z,BTC Markets,AUD,USDT-AUD,1d,1.4056,"reported, not observed",api.btcmarkets.net/v3/markets/USDT-AUD/candles
2026-09-23T00:00:00Z,BTC Markets,AUD,USDT-AUD,1d,1.4213,"reported, not observed",api.btcmarkets.net/v3/markets/USDT-AUD/candles
2026-09-24T00:00:00Z,BTC Markets,AUD,USDT-AUD,1d,1.4268,"reported, not observed",api.btcmarkets.net/v3/markets/USDT-AUD/candles
2026-09-25T00:00:00Z,BTC Markets,AUD,USDT-AUD,1d,1.4248,"reported, not observed",api.btcmarkets.net/v3/markets/USDT-AUD/candles
2026-09-26T00:00:00Z,BTC Markets,AUD,USDT-AUD,1d,1.4243,"reported, not observed",api.btcmarkets.net/v3/markets/USDT-AUD/candles
2026-09-27T00:00:00Z,BTC Markets,AUD,USDT-AUD,1d,1.4268,"reported, not observed",api.btcmarkets.net/v3/markets/USDT-AUD/candles
2026-09-28T00:00:00Z,BTC Markets,AUD,USDT-AUD,1d,1.4245,"reported, not observed",api.btcmarkets.net/v3/markets/USDT-AUD/candles
2026-09-29T00:00:00Z,BTC Markets,AUD,USDT-AUD,1d,1.4308,"reported, not observed",api.btcmarkets.net/v3/markets/USDT-AUD/candles
2026-09-30T00:00:00Z,BTC Markets,AUD,USDT-AUD,1d,1.4398,"reported, not observed",api.btcmarkets.net/v3/markets/USDT-AUD/candles
2026-10-01T00:00:00Z,BTC Markets,AUD,USDT-AUD,1d,1.4436,"reported, not observed",api.btcmarkets.net/v3/markets/USDT-AUD/candles
2026-10-02T00:00:00Z,BTC Markets,AUD,USDT-AUD,1d,1.4431,"reported, not observed",api.btcmarkets.net/v3/markets/USDT-AUD/candles
2026-10-03T00:00:00Z,BTC Markets,AUD,USDT-AUD,1d,1.4378,"reported, not observed",api.btcmarkets.net/v3/markets/USDT-AUD/candles
