ts_utc,venue,ccy,pair,interval,close,label,source
2018-09-11T00:00:00Z,BitoPro,TWD,usdt_twd,1d,31.0,"reported, not observed",api.bitopro.com/v3/trading-history
2018-09-12T00:00:00Z,BitoPro,TWD,usdt_twd,1d,31.5,"reported, not observed",api.bitopro.com/v3/trading-history
2018-09-13T00:00:00Z,BitoPro,TWD,usdt_twd,1d,31.5,"reported, not observed",api.bitopro.com/v3/trading-history
2018-09-14T00:00:00Z,BitoPro,TWD,usdt_twd,1d,30.4,"reported, not observed",api.bitopro.com/v3/trading-history
2018-09-15T00:00:00Z,BitoPro,TWD,usdt_twd,1d,30.36,"reported, not observed",api.bitopro.com/v3/trading-history
2018-09-16T00:00:00Z,BitoPro,TWD,usdt_twd,1d,30.65,"reported, not observed",api.bitopro.com/v3/trading-history
2018-09-17T00:00:00Z,BitoPro,TWD,usdt_twd,1d,30.59,"reported, not observed",api.bitopro.com/v3/trading-history
2018-09-18T00:00:00Z,BitoPro,TWD,usdt_twd,1d,30.57,"reported, not observed",api.bitopro.com/v3/trading-history
2018-09-19T00:00:00Z,BitoPro,TWD,usdt_twd,1d,30.35,"reported, not observed",api.bitopro.com/v3/trading-history
2018-09-20T00:00:00Z,BitoPro,TWD,usdt_twd,1d,30.36,"reported, not observed",api.bitopro.com/v3/trading-history
2018-09-21T00:00:00Z,BitoPro,TWD,usdt_twd,1d,30.79,"reported, not observed",api.bitopro.com/v3/trading-history
2018-09-22T00:00:00Z,BitoPro,TWD,usdt_twd,1d,30.35,"reported, not observed",api.bitopro.com/v3/trading-history
2018-09-23T00:00:00Z,BitoPro,TWD,usdt_twd,1d,30.35,"reported, not observed",api.bitopro.com/v3/trading-history
2018-09-24T00:00:00Z,BitoPro,TWD,usdt_twd,1d,30.34,"reported, not observed",api.bitopro.com/v3/trading-history
2018-09-25T00:00:00Z,BitoPro,TWD,usdt_twd,1d,30.66,"reported, not observed",api.bitopro.com/v3/trading-history
2018-09-26T00:00:00Z,BitoPro,TWD,usdt_twd,1d,30.65,"reported, not observed",api.bitopro.com/v3/trading-history
2018-09-27T00:00:00Z,BitoPro,TWD,usdt_twd,1d,30.13,"reported, not observed",api.bitopro.com/v3/trading-history
2018-09-28T00:00:00Z,BitoPro,TWD,usdt_twd,1d,30.1,"reported, not observed",api.bitopro.com/v3/trading-history
2018-09-29T00:00:00Z,BitoPro,TWD,usdt_twd,1d,30.2,"reported, not observed",api.bitopro.com/v3/trading-history
2018-09-30T00:00:00Z,BitoPro,TWD,usdt_twd,1d,30.2,"reported, not observed",api.bitopro.com/v3/trading-history
2018-10-01T00:00:00Z,BitoPro,TWD,usdt_twd,1d,30.2,"reported, not observed",api.bitopro.com/v3/trading-history
2018-10-02T00:00:00Z,BitoPro,TWD,usdt_twd,1d,30.65,"reported, not observed",api.bitopro.com/v3/trading-history
2018-10-03T00:00:00Z,BitoPro,TWD,usdt_twd,1d,30.12,"reported, not observed",api.bitopro.com/v3/trading-history
2018-10-04T00:00:00Z,BitoPro,TWD,usdt_twd,1d,30.65,"reported, not observed",api.bitopro.com/v3/trading-history
2018-10-05T00:00:00Z,BitoPro,TWD,usdt_twd,1d,30.65,"reported, not observed",api.bitopro.com/v3/trading-history
2018-10-06T00:00:00Z,BitoPro,TWD,usdt_twd,1d,30.38,"reported, not observed",api.bitopro.com/v3/trading-history
2018-10-07T00:00:00Z,BitoPro,TWD,usdt_twd,1d,30.66,"reported, not observed",api.bitopro.com/v3/trading-history
2018-10-08T00:00:00Z,BitoPro,TWD,usdt_twd,1d,30.66,"reported, not observed",api.bitopro.com/v3/trading-history
2018-10-09T00:00:00Z,BitoPro,TWD,usdt_twd,1d,30.8,"reported, not observed",api.bitopro.com/v3/trading-history
2018-10-10T00:00:00Z,BitoPro,TWD,usdt_twd,1d,30.8,"reported, not observed",api.bitopro.com/v3/trading-history
2018-10-11T00:00:00Z,BitoPro,TWD,usdt_twd,1d,30.79,"reported, not observed",api.bitopro.com/v3/trading-history
2018-10-12T00:00:00Z,BitoPro,TWD,usdt_twd,1d,30.8,"reported, not observed",api.bitopro.com/v3/trading-history
2018-10-13T00:00:00Z,BitoPro,TWD,usdt_twd,1d,31.5,"reported, not observed",api.bitopro.com/v3/trading-history
2018-10-14T00:00:00Z,BitoPro,TWD,usdt_twd,1d,31.5,"reported, not observed",api.bitopro.com/v3/trading-history
2018-10-15T00:00:00Z,BitoPro,TWD,usdt_twd,1d,29.1,"reported, not observed",api.bitopro.com/v3/trading-history
2018-10-16T00:00:00Z,BitoPro,TWD,usdt_twd,1d,29.0,"reported, not observed",api.bitopro.com/v3/trading-history
2018-10-17T00:00:00Z,BitoPro,TWD,usdt_twd,1d,29.0,"reported, not observed",api.bitopro.com/v3/trading-history
2018-10-18T00:00:00Z,BitoPro,TWD,usdt_twd,1d,29.4,"reported, not observed",api.bitopro.com/v3/trading-history
2018-10-19T00:00:00Z,BitoPro,TWD,usdt_twd,1d,30.5,"reported, not observed",api.bitopro.com/v3/trading-history
2018-10-20T00:00:00Z,BitoPro,TWD,usdt_twd,1d,30.0,"reported, not observed",api.bitopro.com/v3/trading-history
2018-10-21T00:00:00Z,BitoPro,TWD,usdt_twd,1d,30.0,"reported, not observed",api.bitopro.com/v3/trading-history
2018-10-22T00:00:00Z,BitoPro,TWD,usdt_twd,1d,29.42,"reported, not observed",api.bitopro.com/v3/trading-history
2018-10-23T00:00:00Z,BitoPro,TWD,usdt_twd,1d,29.35,"reported, not observed",api.bitopro.com/v3/trading-history
2018-10-24T00:00:00Z,BitoPro,TWD,usdt_twd,1d,30.0,"reported, not observed",api.bitopro.com/v3/trading-history
2018-10-25T00:00:00Z,BitoPro,TWD,usdt_twd,1d,30.15,"reported, not observed",api.bitopro.com/v3/trading-history
2018-10-26T00:00:00Z,BitoPro,TWD,usdt_twd,1d,30.15,"reported, not observed",api.bitopro.com/v3/trading-history
2018-10-27T00:00:00Z,BitoPro,TWD,usdt_twd,1d,29.66,"reported, not observed",api.bitopro.com/v3/trading-history
2018-10-28T00:00:00Z,BitoPro,TWD,usdt_twd,1d,30.13,"reported, not observed",api.bitopro.com/v3/trading-history
2018-10-29T00:00:00Z,BitoPro,TWD,usdt_twd,1d,30.13,"reported, not observed",api.bitopro.com/v3/trading-history
2018-10-30T00:00:00Z,BitoPro,TWD,usdt_twd,1d,30.13,"reported, not observed",api.bitopro.com/v3/trading-history
2018-10-31T00:00:00Z,BitoPro,TWD,usdt_twd,1d,30.64,"reported, not observed",api.bitopro.com/v3/trading-history
2018-11-01T00:00:00Z,BitoPro,TWD,usdt_twd,1d,29.91,"reported, not observed",api.bitopro.com/v3/trading-history
2018-11-02T00:00:00Z,BitoPro,TWD,usdt_twd,1d,29.91,"reported, not observed",api.bitopro.com/v3/trading-history
2018-11-03T00:00:00Z,BitoPro,TWD,usdt_twd,1d,29.92,"reported, not observed",api.bitopro.com/v3/trading-history
2018-11-04T00:00:00Z,BitoPro,TWD,usdt_twd,1d,30.0,"reported, not observed",api.bitopro.com/v3/trading-history
2018-11-05T00:00:00Z,BitoPro,TWD,usdt_twd,1d,30.1,"reported, not observed",api.bitopro.com/v3/trading-history
2018-11-06T00:00:00Z,BitoPro,TWD,usdt_twd,1d,29.65,"reported, not observed",api.bitopro.com/v3/trading-history
2018-11-07T00:00:00Z,BitoPro,TWD,usdt_twd,1d,30.0,"reported, not observed",api.bitopro.com/v3/trading-history
2018-11-08T00:00:00Z,BitoPro,TWD,usdt_twd,1d,30.0,"reported, not observed",api.bitopro.com/v3/trading-history
2018-11-09T00:00:00Z,BitoPro,TWD,usdt_twd,1d,29.98,"reported, not observed",api.bitopro.com/v3/trading-history
2018-11-10T00:00:00Z,BitoPro,TWD,usdt_twd,1d,30.3,"reported, not observed",api.bitopro.com/v3/trading-history
2018-11-11T00:00:00Z,BitoPro,TWD,usdt_twd,1d,30.06,"reported, not observed",api.bitopro.com/v3/trading-history
2018-11-12T00:00:00Z,BitoPro,TWD,usdt_twd,1d,30.06,"reported, not observed",api.bitopro.com/v3/trading-history
2018-11-13T00:00:00Z,BitoPro,TWD,usdt_twd,1d,30.0,"reported, not observed",api.bitopro.com/v3/trading-history
2018-11-14T00:00:00Z,BitoPro,TWD,usdt_twd,1d,30.34,"reported, not observed",api.bitopro.com/v3/trading-history
2018-11-15T00:00:00Z,BitoPro,TWD,usdt_twd,1d,30.65,"reported, not observed",api.bitopro.com/v3/trading-history
2018-11-16T00:00:00Z,BitoPro,TWD,usdt_twd,1d,30.35,"reported, not observed",api.bitopro.com/v3/trading-history
2018-11-17T00:00:00Z,BitoPro,TWD,usdt_twd,1d,30.37,"reported, not observed",api.bitopro.com/v3/trading-history
2018-11-18T00:00:00Z,BitoPro,TWD,usdt_twd,1d,30.48,"reported, not observed",api.bitopro.com/v3/trading-history
2018-11-19T00:00:00Z,BitoPro,TWD,usdt_twd,1d,30.62,"reported, not observed",api.bitopro.com/v3/trading-history
2018-11-20T00:00:00Z,BitoPro,TWD,usdt_twd,1d,30.0,"reported, not observed",api.bitopro.com/v3/trading-history
2018-11-21T00:00:00Z,BitoPro,TWD,usdt_twd,1d,30.3,"reported, not observed",api.bitopro.com/v3/trading-history
2018-11-22T00:00:00Z,BitoPro,TWD,usdt_twd,1d,30.38,"reported, not observed",api.bitopro.com/v3/trading-history
2018-11-23T00:00:00Z,BitoPro,TWD,usdt_twd,1d,30.3,"reported, not observed",api.bitopro.com/v3/trading-history
2018-11-24T00:00:00Z,BitoPro,TWD,usdt_twd,1d,30.23,"reported, not observed",api.bitopro.com/v3/trading-history
2018-11-25T00:00:00Z,BitoPro,TWD,usdt_twd,1d,30.22,"reported, not observed",api.bitopro.com/v3/trading-history
2018-11-26T00:00:00Z,BitoPro,TWD,usdt_twd,1d,29.91,"reported, not observed",api.bitopro.com/v3/trading-history
2018-11-27T00:00:00Z,BitoPro,TWD,usdt_twd,1d,29.81,"reported, not observed",api.bitopro.com/v3/trading-history
2018-11-28T00:00:00Z,BitoPro,TWD,usdt_twd,1d,30.0,"reported, not observed",api.bitopro.com/v3/trading-history
2018-11-29T00:00:00Z,BitoPro,TWD,usdt_twd,1d,30.04,"reported, not observed",api.bitopro.com/v3/trading-history
2018-11-30T00:00:00Z,BitoPro,TWD,usdt_twd,1d,30.32,"reported, not observed",api.bitopro.com/v3/trading-history
2018-12-01T00:00:00Z,BitoPro,TWD,usdt_twd,1d,30.49,"reported, not observed",api.bitopro.com/v3/trading-history
2018-12-02T00:00:00Z,BitoPro,TWD,usdt_twd,1d,30.24,"reported, not observed",api.bitopro.com/v3/trading-history
2018-12-03T00:00:00Z,BitoPro,TWD,usdt_twd,1d,30.1,"reported, not observed",api.bitopro.com/v3/trading-history
2018-12-04T00:00:00Z,BitoPro,TWD,usdt_twd,1d,30.7,"reported, not observed",api.bitopro.com/v3/trading-history
2018-12-05T00:00:00Z,BitoPro,TWD,usdt_twd,1d,30.1,"reported, not observed",api.bitopro.com/v3/trading-history
2018-12-06T00:00:00Z,BitoPro,TWD,usdt_twd,1d,30.28,"reported, not observed",api.bitopro.com/v3/trading-history
2018-12-07T00:00:00Z,BitoPro,TWD,usdt_twd,1d,30.18,"reported, not observed",api.bitopro.com/v3/trading-history
2018-12-08T00:00:00Z,BitoPro,TWD,usdt_twd,1d,30.48,"reported, not observed",api.bitopro.com/v3/trading-history
2018-12-09T00:00:00Z,BitoPro,TWD,usdt_twd,1d,30.29,"reported, not observed",api.bitopro.com/v3/trading-history
2018-12-10T00:00:00Z,BitoPro,TWD,usdt_twd,1d,30.33,"reported, not observed",api.bitopro.com/v3/trading-history
2018-12-11T00:00:00Z,BitoPro,TWD,usdt_twd,1d,30.46,"reported, not observed",api.bitopro.com/v3/trading-history
2018-12-12T00:00:00Z,BitoPro,TWD,usdt_twd,1d,30.69,"reported, not observed",api.bitopro.com/v3/trading-history
2018-12-13T00:00:00Z,BitoPro,TWD,usdt_twd,1d,30.45,"reported, not observed",api.bitopro.com/v3/trading-history
2018-12-14T00:00:00Z,BitoPro,TWD,usdt_twd,1d,30.42,"reported, not observed",api.bitopro.com/v3/trading-history
2018-12-15T00:00:00Z,BitoPro,TWD,usdt_twd,1d,30.35,"reported, not observed",api.bitopro.com/v3/trading-history
2018-12-16T00:00:00Z,BitoPro,TWD,usdt_twd,1d,30.29,"reported, not observed",api.bitopro.com/v3/trading-history
2018-12-17T00:00:00Z,BitoPro,TWD,usdt_twd,1d,30.08,"reported, not observed",api.bitopro.com/v3/trading-history
2018-12-18T00:00:00Z,BitoPro,TWD,usdt_twd,1d,30.3,"reported, not observed",api.bitopro.com/v3/trading-history
2018-12-19T00:00:00Z,BitoPro,TWD,usdt_twd,1d,30.25,"reported, not observed",api.bitopro.com/v3/trading-history
2018-12-20T00:00:00Z,BitoPro,TWD,usdt_twd,1d,31.0,"reported, not observed",api.bitopro.com/v3/trading-history
2018-12-21T00:00:00Z,BitoPro,TWD,usdt_twd,1d,30.49,"reported, not observed",api.bitopro.com/v3/trading-history
2018-12-22T00:00:00Z,BitoPro,TWD,usdt_twd,1d,30.38,"reported, not observed",api.bitopro.com/v3/trading-history
2018-12-23T00:00:00Z,BitoPro,TWD,usdt_twd,1d,30.11,"reported, not observed",api.bitopro.com/v3/trading-history
2018-12-24T00:00:00Z,BitoPro,TWD,usdt_twd,1d,30.47,"reported, not observed",api.bitopro.com/v3/trading-history
2018-12-25T00:00:00Z,BitoPro,TWD,usdt_twd,1d,30.31,"reported, not observed",api.bitopro.com/v3/trading-history
2018-12-26T00:00:00Z,BitoPro,TWD,usdt_twd,1d,30.3,"reported, not observed",api.bitopro.com/v3/trading-history
2018-12-27T00:00:00Z,BitoPro,TWD,usdt_twd,1d,30.72,"reported, not observed",api.bitopro.com/v3/trading-history
2018-12-28T00:00:00Z,BitoPro,TWD,usdt_twd,1d,30.42,"reported, not observed",api.bitopro.com/v3/trading-history
2018-12-29T00:00:00Z,BitoPro,TWD,usdt_twd,1d,30.5,"reported, not observed",api.bitopro.com/v3/trading-history
2018-12-30T00:00:00Z,BitoPro,TWD,usdt_twd,1d,31.0,"reported, not observed",api.bitopro.com/v3/trading-history
2018-12-31T00:00:00Z,BitoPro,TWD,usdt_twd,1d,30.31,"reported, not observed",api.bitopro.com/v3/trading-history
2019-01-01T00:00:00Z,BitoPro,TWD,usdt_twd,1d,30.39,"reported, not observed",api.bitopro.com/v3/trading-history
2019-01-02T00:00:00Z,BitoPro,TWD,usdt_twd,1d,30.55,"reported, not observed",api.bitopro.com/v3/trading-history
2019-01-03T00:00:00Z,BitoPro,TWD,usdt_twd,1d,32.0,"reported, not observed",api.bitopro.com/v3/trading-history
2019-01-04T00:00:00Z,BitoPro,TWD,usdt_twd,1d,30.59,"reported, not observed",api.bitopro.com/v3/trading-history
2019-01-05T00:00:00Z,BitoPro,TWD,usdt_twd,1d,30.68,"reported, not observed",api.bitopro.com/v3/trading-history
2019-01-06T00:00:00Z,BitoPro,TWD,usdt_twd,1d,30.38,"reported, not observed",api.bitopro.com/v3/trading-history
2019-01-07T00:00:00Z,BitoPro,TWD,usdt_twd,1d,30.45,"reported, not observed",api.bitopro.com/v3/trading-history
2019-01-08T00:00:00Z,BitoPro,TWD,usdt_twd,1d,30.51,"reported, not observed",api.bitopro.com/v3/trading-history
2019-01-09T00:00:00Z,BitoPro,TWD,usdt_twd,1d,30.69,"reported, not observed",api.bitopro.com/v3/trading-history
2019-01-10T00:00:00Z,BitoPro,TWD,usdt_twd,1d,31.29,"reported, not observed",api.bitopro.com/v3/trading-history
2019-01-11T00:00:00Z,BitoPro,TWD,usdt_twd,1d,31.85,"reported, not observed",api.bitopro.com/v3/trading-history
2019-01-12T00:00:00Z,BitoPro,TWD,usdt_twd,1d,30.9,"reported, not observed",api.bitopro.com/v3/trading-history
2019-01-13T00:00:00Z,BitoPro,TWD,usdt_twd,1d,31.94,"reported, not observed",api.bitopro.com/v3/trading-history
2019-01-14T00:00:00Z,BitoPro,TWD,usdt_twd,1d,31.94,"reported, not observed",api.bitopro.com/v3/trading-history
2019-01-15T00:00:00Z,BitoPro,TWD,usdt_twd,1d,31.0,"reported, not observed",api.bitopro.com/v3/trading-history
2019-01-16T00:00:00Z,BitoPro,TWD,usdt_twd,1d,32.0,"reported, not observed",api.bitopro.com/v3/trading-history
2019-01-17T00:00:00Z,BitoPro,TWD,usdt_twd,1d,30.6,"reported, not observed",api.bitopro.com/v3/trading-history
2019-01-18T00:00:00Z,BitoPro,TWD,usdt_twd,1d,30.5,"reported, not observed",api.bitopro.com/v3/trading-history
2019-01-19T00:00:00Z,BitoPro,TWD,usdt_twd,1d,30.4,"reported, not observed",api.bitopro.com/v3/trading-history
2019-01-20T00:00:00Z,BitoPro,TWD,usdt_twd,1d,30.55,"reported, not observed",api.bitopro.com/v3/trading-history
2019-01-21T00:00:00Z,BitoPro,TWD,usdt_twd,1d,31.1,"reported, not observed",api.bitopro.com/v3/trading-history
2019-01-22T00:00:00Z,BitoPro,TWD,usdt_twd,1d,30.42,"reported, not observed",api.bitopro.com/v3/trading-history
2019-01-23T00:00:00Z,BitoPro,TWD,usdt_twd,1d,30.54,"reported, not observed",api.bitopro.com/v3/trading-history
2019-01-24T00:00:00Z,BitoPro,TWD,usdt_twd,1d,30.47,"reported, not observed",api.bitopro.com/v3/trading-history
2019-01-25T00:00:00Z,BitoPro,TWD,usdt_twd,1d,30.49,"reported, not observed",api.bitopro.com/v3/trading-history
2019-01-26T00:00:00Z,BitoPro,TWD,usdt_twd,1d,30.4,"reported, not observed",api.bitopro.com/v3/trading-history
2019-01-27T00:00:00Z,BitoPro,TWD,usdt_twd,1d,30.41,"reported, not observed",api.bitopro.com/v3/trading-history
2019-01-28T00:00:00Z,BitoPro,TWD,usdt_twd,1d,30.45,"reported, not observed",api.bitopro.com/v3/trading-history
2019-01-29T00:00:00Z,BitoPro,TWD,usdt_twd,1d,30.43,"reported, not observed",api.bitopro.com/v3/trading-history
2019-01-30T00:00:00Z,BitoPro,TWD,usdt_twd,1d,30.39,"reported, not observed",api.bitopro.com/v3/trading-history
2019-01-31T00:00:00Z,BitoPro,TWD,usdt_twd,1d,30.28,"reported, not observed",api.bitopro.com/v3/trading-history
2019-02-01T00:00:00Z,BitoPro,TWD,usdt_twd,1d,30.19,"reported, not observed",api.bitopro.com/v3/trading-history
2019-02-02T00:00:00Z,BitoPro,TWD,usdt_twd,1d,30.13,"reported, not observed",api.bitopro.com/v3/trading-history
2019-02-03T00:00:00Z,BitoPro,TWD,usdt_twd,1d,30.45,"reported, not observed",api.bitopro.com/v3/trading-history
2019-02-04T00:00:00Z,BitoPro,TWD,usdt_twd,1d,30.4,"reported, not observed",api.bitopro.com/v3/trading-history
2019-02-05T00:00:00Z,BitoPro,TWD,usdt_twd,1d,30.4,"reported, not observed",api.bitopro.com/v3/trading-history
2019-02-06T00:00:00Z,BitoPro,TWD,usdt_twd,1d,30.4,"reported, not observed",api.bitopro.com/v3/trading-history
2019-02-07T00:00:00Z,BitoPro,TWD,usdt_twd,1d,30.4,"reported, not observed",api.bitopro.com/v3/trading-history
2019-02-08T00:00:00Z,BitoPro,TWD,usdt_twd,1d,30.21,"reported, not observed",api.bitopro.com/v3/trading-history
2019-02-09T00:00:00Z,BitoPro,TWD,usdt_twd,1d,30.06,"reported, not observed",api.bitopro.com/v3/trading-history
2019-02-10T00:00:00Z,BitoPro,TWD,usdt_twd,1d,30.01,"reported, not observed",api.bitopro.com/v3/trading-history
2019-02-11T00:00:00Z,BitoPro,TWD,usdt_twd,1d,30.25,"reported, not observed",api.bitopro.com/v3/trading-history
2019-02-12T00:00:00Z,BitoPro,TWD,usdt_twd,1d,30.11,"reported, not observed",api.bitopro.com/v3/trading-history
2019-02-13T00:00:00Z,BitoPro,TWD,usdt_twd,1d,30.1,"reported, not observed",api.bitopro.com/v3/trading-history
2019-02-14T00:00:00Z,BitoPro,TWD,usdt_twd,1d,30.23,"reported, not observed",api.bitopro.com/v3/trading-history
2019-02-15T00:00:00Z,BitoPro,TWD,usdt_twd,1d,30.57,"reported, not observed",api.bitopro.com/v3/trading-history
2019-02-16T00:00:00Z,BitoPro,TWD,usdt_twd,1d,30.62,"reported, not observed",api.bitopro.com/v3/trading-history
2019-02-17T00:00:00Z,BitoPro,TWD,usdt_twd,1d,30.32,"reported, not observed",api.bitopro.com/v3/trading-history
2019-02-18T00:00:00Z,BitoPro,TWD,usdt_twd,1d,30.34,"reported, not observed",api.bitopro.com/v3/trading-history
2019-02-19T00:00:00Z,BitoPro,TWD,usdt_twd,1d,30.53,"reported, not observed",api.bitopro.com/v3/trading-history
2019-02-20T00:00:00Z,BitoPro,TWD,usdt_twd,1d,30.37,"reported, not observed",api.bitopro.com/v3/trading-history
2019-02-21T00:00:00Z,BitoPro,TWD,usdt_twd,1d,30.54,"reported, not observed",api.bitopro.com/v3/trading-history
2019-02-22T00:00:00Z,BitoPro,TWD,usdt_twd,1d,30.5,"reported, not observed",api.bitopro.com/v3/trading-history
2019-02-23T00:00:00Z,BitoPro,TWD,usdt_twd,1d,30.43,"reported, not observed",api.bitopro.com/v3/trading-history
2019-02-24T00:00:00Z,BitoPro,TWD,usdt_twd,1d,30.66,"reported, not observed",api.bitopro.com/v3/trading-history
2019-02-25T00:00:00Z,BitoPro,TWD,usdt_twd,1d,30.88,"reported, not observed",api.bitopro.com/v3/trading-history
2019-02-26T00:00:00Z,BitoPro,TWD,usdt_twd,1d,30.68,"reported, not observed",api.bitopro.com/v3/trading-history
2019-02-27T00:00:00Z,BitoPro,TWD,usdt_twd,1d,30.95,"reported, not observed",api.bitopro.com/v3/trading-history
2019-02-28T00:00:00Z,BitoPro,TWD,usdt_twd,1d,30.71,"reported, not observed",api.bitopro.com/v3/trading-history
2019-03-01T00:00:00Z,BitoPro,TWD,usdt_twd,1d,30.7,"reported, not observed",api.bitopro.com/v3/trading-history
2019-03-02T00:00:00Z,BitoPro,TWD,usdt_twd,1d,30.7,"reported, not observed",api.bitopro.com/v3/trading-history
2019-03-03T00:00:00Z,BitoPro,TWD,usdt_twd,1d,30.66,"reported, not observed",api.bitopro.com/v3/trading-history
2019-03-04T00:00:00Z,BitoPro,TWD,usdt_twd,1d,30.69,"reported, not observed",api.bitopro.com/v3/trading-history
2019-03-05T00:00:00Z,BitoPro,TWD,usdt_twd,1d,30.64,"reported, not observed",api.bitopro.com/v3/trading-history
2019-03-06T00:00:00Z,BitoPro,TWD,usdt_twd,1d,30.6,"reported, not observed",api.bitopro.com/v3/trading-history
2019-03-07T00:00:00Z,BitoPro,TWD,usdt_twd,1d,30.66,"reported, not observed",api.bitopro.com/v3/trading-history
2019-03-08T00:00:00Z,BitoPro,TWD,usdt_twd,1d,30.69,"reported, not observed",api.bitopro.com/v3/trading-history
2019-03-09T00:00:00Z,BitoPro,TWD,usdt_twd,1d,30.69,"reported, not observed",api.bitopro.com/v3/trading-history
2019-03-10T00:00:00Z,BitoPro,TWD,usdt_twd,1d,30.7,"reported, not observed",api.bitopro.com/v3/trading-history
2019-03-11T00:00:00Z,BitoPro,TWD,usdt_twd,1d,30.65,"reported, not observed",api.bitopro.com/v3/trading-history
2019-03-12T00:00:00Z,BitoPro,TWD,usdt_twd,1d,30.75,"reported, not observed",api.bitopro.com/v3/trading-history
2019-03-13T00:00:00Z,BitoPro,TWD,usdt_twd,1d,30.69,"reported, not observed",api.bitopro.com/v3/trading-history
2019-03-14T00:00:00Z,BitoPro,TWD,usdt_twd,1d,30.71,"reported, not observed",api.bitopro.com/v3/trading-history
2019-03-15T00:00:00Z,BitoPro,TWD,usdt_twd,1d,30.62,"reported, not observed",api.bitopro.com/v3/trading-history
2019-03-16T00:00:00Z,BitoPro,TWD,usdt_twd,1d,30.63,"reported, not observed",api.bitopro.com/v3/trading-history
2019-03-17T00:00:00Z,BitoPro,TWD,usdt_twd,1d,30.62,"reported, not observed",api.bitopro.com/v3/trading-history
2019-03-18T00:00:00Z,BitoPro,TWD,usdt_twd,1d,30.62,"reported, not observed",api.bitopro.com/v3/trading-history
2019-03-19T00:00:00Z,BitoPro,TWD,usdt_twd,1d,30.55,"reported, not observed",api.bitopro.com/v3/trading-history
2019-03-20T00:00:00Z,BitoPro,TWD,usdt_twd,1d,30.53,"reported, not observed",api.bitopro.com/v3/trading-history
2019-03-21T00:00:00Z,BitoPro,TWD,usdt_twd,1d,30.69,"reported, not observed",api.bitopro.com/v3/trading-history
2019-03-22T00:00:00Z,BitoPro,TWD,usdt_twd,1d,30.69,"reported, not observed",api.bitopro.com/v3/trading-history
2019-03-23T00:00:00Z,BitoPro,TWD,usdt_twd,1d,30.73,"reported, not observed",api.bitopro.com/v3/trading-history
2019-03-24T00:00:00Z,BitoPro,TWD,usdt_twd,1d,30.69,"reported, not observed",api.bitopro.com/v3/trading-history
2019-03-25T00:00:00Z,BitoPro,TWD,usdt_twd,1d,30.8,"reported, not observed",api.bitopro.com/v3/trading-history
2019-03-26T00:00:00Z,BitoPro,TWD,usdt_twd,1d,30.6,"reported, not observed",api.bitopro.com/v3/trading-history
2019-03-27T00:00:00Z,BitoPro,TWD,usdt_twd,1d,30.56,"reported, not observed",api.bitopro.com/v3/trading-history
2019-03-28T00:00:00Z,BitoPro,TWD,usdt_twd,1d,30.6,"reported, not observed",api.bitopro.com/v3/trading-history
2019-03-29T00:00:00Z,BitoPro,TWD,usdt_twd,1d,30.6,"reported, not observed",api.bitopro.com/v3/trading-history
2019-03-30T00:00:00Z,BitoPro,TWD,usdt_twd,1d,30.68,"reported, not observed",api.bitopro.com/v3/trading-history
2019-03-31T00:00:00Z,BitoPro,TWD,usdt_twd,1d,30.6,"reported, not observed",api.bitopro.com/v3/trading-history
2019-04-01T00:00:00Z,BitoPro,TWD,usdt_twd,1d,30.64,"reported, not observed",api.bitopro.com/v3/trading-history
2019-04-02T00:00:00Z,BitoPro,TWD,usdt_twd,1d,30.82,"reported, not observed",api.bitopro.com/v3/trading-history
2019-04-03T00:00:00Z,BitoPro,TWD,usdt_twd,1d,30.99,"reported, not observed",api.bitopro.com/v3/trading-history
2019-04-04T00:00:00Z,BitoPro,TWD,usdt_twd,1d,30.84,"reported, not observed",api.bitopro.com/v3/trading-history
2019-04-05T00:00:00Z,BitoPro,TWD,usdt_twd,1d,30.8,"reported, not observed",api.bitopro.com/v3/trading-history
2019-04-06T00:00:00Z,BitoPro,TWD,usdt_twd,1d,30.84,"reported, not observed",api.bitopro.com/v3/trading-history
2019-04-07T00:00:00Z,BitoPro,TWD,usdt_twd,1d,30.7,"reported, not observed",api.bitopro.com/v3/trading-history
2019-04-08T00:00:00Z,BitoPro,TWD,usdt_twd,1d,30.92,"reported, not observed",api.bitopro.com/v3/trading-history
2019-04-09T00:00:00Z,BitoPro,TWD,usdt_twd,1d,31.15,"reported, not observed",api.bitopro.com/v3/trading-history
2019-04-10T00:00:00Z,BitoPro,TWD,usdt_twd,1d,30.9,"reported, not observed",api.bitopro.com/v3/trading-history
2019-04-11T00:00:00Z,BitoPro,TWD,usdt_twd,1d,31.22,"reported, not observed",api.bitopro.com/v3/trading-history
2019-04-12T00:00:00Z,BitoPro,TWD,usdt_twd,1d,31.19,"reported, not observed",api.bitopro.com/v3/trading-history
2019-04-13T00:00:00Z,BitoPro,TWD,usdt_twd,1d,31.1,"reported, not observed",api.bitopro.com/v3/trading-history
2019-04-14T00:00:00Z,BitoPro,TWD,usdt_twd,1d,31.0,"reported, not observed",api.bitopro.com/v3/trading-history
2019-04-15T00:00:00Z,BitoPro,TWD,usdt_twd,1d,31.05,"reported, not observed",api.bitopro.com/v3/trading-history
2019-04-16T00:00:00Z,BitoPro,TWD,usdt_twd,1d,30.99,"reported, not observed",api.bitopro.com/v3/trading-history
2019-04-17T00:00:00Z,BitoPro,TWD,usdt_twd,1d,30.89,"reported, not observed",api.bitopro.com/v3/trading-history
2019-04-18T00:00:00Z,BitoPro,TWD,usdt_twd,1d,30.65,"reported, not observed",api.bitopro.com/v3/trading-history
2019-04-19T00:00:00Z,BitoPro,TWD,usdt_twd,1d,30.85,"reported, not observed",api.bitopro.com/v3/trading-history
2019-04-20T00:00:00Z,BitoPro,TWD,usdt_twd,1d,30.85,"reported, not observed",api.bitopro.com/v3/trading-history
2019-04-21T00:00:00Z,BitoPro,TWD,usdt_twd,1d,30.91,"reported, not observed",api.bitopro.com/v3/trading-history
2019-04-22T00:00:00Z,BitoPro,TWD,usdt_twd,1d,30.8,"reported, not observed",api.bitopro.com/v3/trading-history
2019-04-23T00:00:00Z,BitoPro,TWD,usdt_twd,1d,30.93,"reported, not observed",api.bitopro.com/v3/trading-history
2019-04-24T00:00:00Z,BitoPro,TWD,usdt_twd,1d,31.22,"reported, not observed",api.bitopro.com/v3/trading-history
2019-04-25T00:00:00Z,BitoPro,TWD,usdt_twd,1d,31.01,"reported, not observed",api.bitopro.com/v3/trading-history
2019-04-26T00:00:00Z,BitoPro,TWD,usdt_twd,1d,30.72,"reported, not observed",api.bitopro.com/v3/trading-history
2019-04-27T00:00:00Z,BitoPro,TWD,usdt_twd,1d,30.55,"reported, not observed",api.bitopro.com/v3/trading-history
2019-04-28T00:00:00Z,BitoPro,TWD,usdt_twd,1d,30.48,"reported, not observed",api.bitopro.com/v3/trading-history
2019-04-29T00:00:00Z,BitoPro,TWD,usdt_twd,1d,30.49,"reported, not observed",api.bitopro.com/v3/trading-history
2019-04-30T00:00:00Z,BitoPro,TWD,usdt_twd,1d,30.64,"reported, not observed",api.bitopro.com/v3/trading-history
2019-05-01T00:00:00Z,BitoPro,TWD,usdt_twd,1d,30.65,"reported, not observed",api.bitopro.com/v3/trading-history
2019-05-02T00:00:00Z,BitoPro,TWD,usdt_twd,1d,30.48,"reported, not observed",api.bitopro.com/v3/trading-history
2019-05-03T00:00:00Z,BitoPro,TWD,usdt_twd,1d,30.43,"reported, not observed",api.bitopro.com/v3/trading-history
2019-05-04T00:00:00Z,BitoPro,TWD,usdt_twd,1d,30.4,"reported, not observed",api.bitopro.com/v3/trading-history
2019-05-05T00:00:00Z,BitoPro,TWD,usdt_twd,1d,30.6,"reported, not observed",api.bitopro.com/v3/trading-history
2019-05-06T00:00:00Z,BitoPro,TWD,usdt_twd,1d,30.03,"reported, not observed",api.bitopro.com/v3/trading-history
2019-05-07T00:00:00Z,BitoPro,TWD,usdt_twd,1d,30.3,"reported, not observed",api.bitopro.com/v3/trading-history
2019-05-08T00:00:00Z,BitoPro,TWD,usdt_twd,1d,30.47,"reported, not observed",api.bitopro.com/v3/trading-history
2019-05-09T00:00:00Z,BitoPro,TWD,usdt_twd,1d,30.58,"reported, not observed",api.bitopro.com/v3/trading-history
2019-05-10T00:00:00Z,BitoPro,TWD,usdt_twd,1d,30.66,"reported, not observed",api.bitopro.com/v3/trading-history
2019-05-11T00:00:00Z,BitoPro,TWD,usdt_twd,1d,30.55,"reported, not observed",api.bitopro.com/v3/trading-history
2019-05-12T00:00:00Z,BitoPro,TWD,usdt_twd,1d,30.62,"reported, not observed",api.bitopro.com/v3/trading-history
2019-05-13T00:00:00Z,BitoPro,TWD,usdt_twd,1d,30.71,"reported, not observed",api.bitopro.com/v3/trading-history
2019-05-14T00:00:00Z,BitoPro,TWD,usdt_twd,1d,30.69,"reported, not observed",api.bitopro.com/v3/trading-history
2019-05-15T00:00:00Z,BitoPro,TWD,usdt_twd,1d,31.14,"reported, not observed",api.bitopro.com/v3/trading-history
2019-05-16T00:00:00Z,BitoPro,TWD,usdt_twd,1d,31.16,"reported, not observed",api.bitopro.com/v3/trading-history
2019-05-17T00:00:00Z,BitoPro,TWD,usdt_twd,1d,31.45,"reported, not observed",api.bitopro.com/v3/trading-history
2019-05-18T00:00:00Z,BitoPro,TWD,usdt_twd,1d,31.45,"reported, not observed",api.bitopro.com/v3/trading-history
2019-05-19T00:00:00Z,BitoPro,TWD,usdt_twd,1d,31.01,"reported, not observed",api.bitopro.com/v3/trading-history
2019-05-20T00:00:00Z,BitoPro,TWD,usdt_twd,1d,31.22,"reported, not observed",api.bitopro.com/v3/trading-history
2019-05-21T00:00:00Z,BitoPro,TWD,usdt_twd,1d,31.32,"reported, not observed",api.bitopro.com/v3/trading-history
2019-05-22T00:00:00Z,BitoPro,TWD,usdt_twd,1d,31.56,"reported, not observed",api.bitopro.com/v3/trading-history
2019-05-23T00:00:00Z,BitoPro,TWD,usdt_twd,1d,31.5,"reported, not observed",api.bitopro.com/v3/trading-history
2019-05-24T00:00:00Z,BitoPro,TWD,usdt_twd,1d,31.4,"reported, not observed",api.bitopro.com/v3/trading-history
2019-05-25T00:00:00Z,BitoPro,TWD,usdt_twd,1d,31.36,"reported, not observed",api.bitopro.com/v3/trading-history
2019-05-26T00:00:00Z,BitoPro,TWD,usdt_twd,1d,31.0,"reported, not observed",api.bitopro.com/v3/trading-history
2019-05-27T00:00:00Z,BitoPro,TWD,usdt_twd,1d,31.11,"reported, not observed",api.bitopro.com/v3/trading-history
2019-05-28T00:00:00Z,BitoPro,TWD,usdt_twd,1d,31.31,"reported, not observed",api.bitopro.com/v3/trading-history
2019-05-29T00:00:00Z,BitoPro,TWD,usdt_twd,1d,31.39,"reported, not observed",api.bitopro.com/v3/trading-history
2019-05-30T00:00:00Z,BitoPro,TWD,usdt_twd,1d,31.9,"reported, not observed",api.bitopro.com/v3/trading-history
2019-05-31T00:00:00Z,BitoPro,TWD,usdt_twd,1d,32.24,"reported, not observed",api.bitopro.com/v3/trading-history
2019-06-01T00:00:00Z,BitoPro,TWD,usdt_twd,1d,31.81,"reported, not observed",api.bitopro.com/v3/trading-history
2019-06-02T00:00:00Z,BitoPro,TWD,usdt_twd,1d,31.52,"reported, not observed",api.bitopro.com/v3/trading-history
2019-06-03T00:00:00Z,BitoPro,TWD,usdt_twd,1d,31.94,"reported, not observed",api.bitopro.com/v3/trading-history
2019-06-04T00:00:00Z,BitoPro,TWD,usdt_twd,1d,31.83,"reported, not observed",api.bitopro.com/v3/trading-history
2019-06-05T00:00:00Z,BitoPro,TWD,usdt_twd,1d,31.8,"reported, not observed",api.bitopro.com/v3/trading-history
2019-06-06T00:00:00Z,BitoPro,TWD,usdt_twd,1d,31.67,"reported, not observed",api.bitopro.com/v3/trading-history
2019-06-07T00:00:00Z,BitoPro,TWD,usdt_twd,1d,31.51,"reported, not observed",api.bitopro.com/v3/trading-history
2019-06-08T00:00:00Z,BitoPro,TWD,usdt_twd,1d,31.66,"reported, not observed",api.bitopro.com/v3/trading-history
2019-06-09T00:00:00Z,BitoPro,TWD,usdt_twd,1d,31.94,"reported, not observed",api.bitopro.com/v3/trading-history
2019-06-10T00:00:00Z,BitoPro,TWD,usdt_twd,1d,31.5,"reported, not observed",api.bitopro.com/v3/trading-history
2019-06-11T00:00:00Z,BitoPro,TWD,usdt_twd,1d,31.5,"reported, not observed",api.bitopro.com/v3/trading-history
2019-06-12T00:00:00Z,BitoPro,TWD,usdt_twd,1d,31.2,"reported, not observed",api.bitopro.com/v3/trading-history
2019-06-13T00:00:00Z,BitoPro,TWD,usdt_twd,1d,31.28,"reported, not observed",api.bitopro.com/v3/trading-history
2019-06-14T00:00:00Z,BitoPro,TWD,usdt_twd,1d,31.2,"reported, not observed",api.bitopro.com/v3/trading-history
2019-06-15T00:00:00Z,BitoPro,TWD,usdt_twd,1d,31.3,"reported, not observed",api.bitopro.com/v3/trading-history
2019-06-16T00:00:00Z,BitoPro,TWD,usdt_twd,1d,31.11,"reported, not observed",api.bitopro.com/v3/trading-history
2019-06-17T00:00:00Z,BitoPro,TWD,usdt_twd,1d,31.14,"reported, not observed",api.bitopro.com/v3/trading-history
2019-06-18T00:00:00Z,BitoPro,TWD,usdt_twd,1d,31.42,"reported, not observed",api.bitopro.com/v3/trading-history
2019-06-19T00:00:00Z,BitoPro,TWD,usdt_twd,1d,31.48,"reported, not observed",api.bitopro.com/v3/trading-history
2019-06-20T00:00:00Z,BitoPro,TWD,usdt_twd,1d,30.94,"reported, not observed",api.bitopro.com/v3/trading-history
2019-06-21T00:00:00Z,BitoPro,TWD,usdt_twd,1d,30.95,"reported, not observed",api.bitopro.com/v3/trading-history
2019-06-22T00:00:00Z,BitoPro,TWD,usdt_twd,1d,30.7,"reported, not observed",api.bitopro.com/v3/trading-history
2019-06-23T00:00:00Z,BitoPro,TWD,usdt_twd,1d,30.7,"reported, not observed",api.bitopro.com/v3/trading-history
2019-06-24T00:00:00Z,BitoPro,TWD,usdt_twd,1d,30.76,"reported, not observed",api.bitopro.com/v3/trading-history
2019-06-25T00:00:00Z,BitoPro,TWD,usdt_twd,1d,30.87,"reported, not observed",api.bitopro.com/v3/trading-history
2019-06-26T00:00:00Z,BitoPro,TWD,usdt_twd,1d,31.53,"reported, not observed",api.bitopro.com/v3/trading-history
2019-06-27T00:00:00Z,BitoPro,TWD,usdt_twd,1d,31.6,"reported, not observed",api.bitopro.com/v3/trading-history
2019-06-28T00:00:00Z,BitoPro,TWD,usdt_twd,1d,31.7,"reported, not observed",api.bitopro.com/v3/trading-history
2019-06-29T00:00:00Z,BitoPro,TWD,usdt_twd,1d,31.52,"reported, not observed",api.bitopro.com/v3/trading-history
2019-06-30T00:00:00Z,BitoPro,TWD,usdt_twd,1d,31.57,"reported, not observed",api.bitopro.com/v3/trading-history
2019-07-01T00:00:00Z,BitoPro,TWD,usdt_twd,1d,31.33,"reported, not observed",api.bitopro.com/v3/trading-history
2019-07-02T00:00:00Z,BitoPro,TWD,usdt_twd,1d,31.04,"reported, not observed",api.bitopro.com/v3/trading-history
2019-07-03T00:00:00Z,BitoPro,TWD,usdt_twd,1d,30.99,"reported, not observed",api.bitopro.com/v3/trading-history
2019-07-04T00:00:00Z,BitoPro,TWD,usdt_twd,1d,31.09,"reported, not observed",api.bitopro.com/v3/trading-history
2019-07-05T00:00:00Z,BitoPro,TWD,usdt_twd,1d,31.18,"reported, not observed",api.bitopro.com/v3/trading-history
2019-07-06T00:00:00Z,BitoPro,TWD,usdt_twd,1d,31.17,"reported, not observed",api.bitopro.com/v3/trading-history
2019-07-07T00:00:00Z,BitoPro,TWD,usdt_twd,1d,31.02,"reported, not observed",api.bitopro.com/v3/trading-history
2019-07-08T00:00:00Z,BitoPro,TWD,usdt_twd,1d,31.0,"reported, not observed",api.bitopro.com/v3/trading-history
2019-07-09T00:00:00Z,BitoPro,TWD,usdt_twd,1d,30.98,"reported, not observed",api.bitopro.com/v3/trading-history
2019-07-10T00:00:00Z,BitoPro,TWD,usdt_twd,1d,31.3,"reported, not observed",api.bitopro.com/v3/trading-history
2019-07-11T00:00:00Z,BitoPro,TWD,usdt_twd,1d,31.32,"reported, not observed",api.bitopro.com/v3/trading-history
2019-07-12T00:00:00Z,BitoPro,TWD,usdt_twd,1d,31.28,"reported, not observed",api.bitopro.com/v3/trading-history
2019-07-13T00:00:00Z,BitoPro,TWD,usdt_twd,1d,31.18,"reported, not observed",api.bitopro.com/v3/trading-history
2019-07-14T00:00:00Z,BitoPro,TWD,usdt_twd,1d,31.28,"reported, not observed",api.bitopro.com/v3/trading-history
2019-07-15T00:00:00Z,BitoPro,TWD,usdt_twd,1d,31.19,"reported, not observed",api.bitopro.com/v3/trading-history
2019-07-16T00:00:00Z,BitoPro,TWD,usdt_twd,1d,31.4,"reported, not observed",api.bitopro.com/v3/trading-history
2019-07-17T00:00:00Z,BitoPro,TWD,usdt_twd,1d,31.29,"reported, not observed",api.bitopro.com/v3/trading-history
2019-07-18T00:00:00Z,BitoPro,TWD,usdt_twd,1d,31.15,"reported, not observed",api.bitopro.com/v3/trading-history
2019-07-19T00:00:00Z,BitoPro,TWD,usdt_twd,1d,31.09,"reported, not observed",api.bitopro.com/v3/trading-history
2019-07-20T00:00:00Z,BitoPro,TWD,usdt_twd,1d,30.94,"reported, not observed",api.bitopro.com/v3/trading-history
2019-07-21T00:00:00Z,BitoPro,TWD,usdt_twd,1d,30.8,"reported, not observed",api.bitopro.com/v3/trading-history
2019-07-22T00:00:00Z,BitoPro,TWD,usdt_twd,1d,30.96,"reported, not observed",api.bitopro.com/v3/trading-history
2019-07-23T00:00:00Z,BitoPro,TWD,usdt_twd,1d,30.98,"reported, not observed",api.bitopro.com/v3/trading-history
2019-07-24T00:00:00Z,BitoPro,TWD,usdt_twd,1d,30.99,"reported, not observed",api.bitopro.com/v3/trading-history
2019-07-25T00:00:00Z,BitoPro,TWD,usdt_twd,1d,30.88,"reported, not observed",api.bitopro.com/v3/trading-history
2019-07-26T00:00:00Z,BitoPro,TWD,usdt_twd,1d,31.0,"reported, not observed",api.bitopro.com/v3/trading-history
2019-07-27T00:00:00Z,BitoPro,TWD,usdt_twd,1d,31.08,"reported, not observed",api.bitopro.com/v3/trading-history
2019-07-28T00:00:00Z,BitoPro,TWD,usdt_twd,1d,30.91,"reported, not observed",api.bitopro.com/v3/trading-history
2019-07-29T00:00:00Z,BitoPro,TWD,usdt_twd,1d,30.78,"reported, not observed",api.bitopro.com/v3/trading-history
2019-07-30T00:00:00Z,BitoPro,TWD,usdt_twd,1d,30.8,"reported, not observed",api.bitopro.com/v3/trading-history
2019-07-31T00:00:00Z,BitoPro,TWD,usdt_twd,1d,30.73,"reported, not observed",api.bitopro.com/v3/trading-history
2019-08-01T00:00:00Z,BitoPro,TWD,usdt_twd,1d,30.76,"reported, not observed",api.bitopro.com/v3/trading-history
2019-08-02T00:00:00Z,BitoPro,TWD,usdt_twd,1d,30.9,"reported, not observed",api.bitopro.com/v3/trading-history
2019-08-03T00:00:00Z,BitoPro,TWD,usdt_twd,1d,30.78,"reported, not observed",api.bitopro.com/v3/trading-history
2019-08-04T00:00:00Z,BitoPro,TWD,usdt_twd,1d,30.65,"reported, not observed",api.bitopro.com/v3/trading-history
2019-08-05T00:00:00Z,BitoPro,TWD,usdt_twd,1d,30.71,"reported, not observed",api.bitopro.com/v3/trading-history
2019-08-06T00:00:00Z,BitoPro,TWD,usdt_twd,1d,30.8,"reported, not observed",api.bitopro.com/v3/trading-history
2019-08-07T00:00:00Z,BitoPro,TWD,usdt_twd,1d,30.88,"reported, not observed",api.bitopro.com/v3/trading-history
2019-08-08T00:00:00Z,BitoPro,TWD,usdt_twd,1d,30.83,"reported, not observed",api.bitopro.com/v3/trading-history
2019-08-09T00:00:00Z,BitoPro,TWD,usdt_twd,1d,30.9,"reported, not observed",api.bitopro.com/v3/trading-history
2019-08-10T00:00:00Z,BitoPro,TWD,usdt_twd,1d,30.89,"reported, not observed",api.bitopro.com/v3/trading-history
2019-08-11T00:00:00Z,BitoPro,TWD,usdt_twd,1d,30.77,"reported, not observed",api.bitopro.com/v3/trading-history
2019-08-12T00:00:00Z,BitoPro,TWD,usdt_twd,1d,30.92,"reported, not observed",api.bitopro.com/v3/trading-history
2019-08-13T00:00:00Z,BitoPro,TWD,usdt_twd,1d,31.0,"reported, not observed",api.bitopro.com/v3/trading-history
2019-08-14T00:00:00Z,BitoPro,TWD,usdt_twd,1d,31.18,"reported, not observed",api.bitopro.com/v3/trading-history
2019-08-15T00:00:00Z,BitoPro,TWD,usdt_twd,1d,31.26,"reported, not observed",api.bitopro.com/v3/trading-history
2019-08-16T00:00:00Z,BitoPro,TWD,usdt_twd,1d,31.28,"reported, not observed",api.bitopro.com/v3/trading-history
2019-08-17T00:00:00Z,BitoPro,TWD,usdt_twd,1d,31.25,"reported, not observed",api.bitopro.com/v3/trading-history
2019-08-18T00:00:00Z,BitoPro,TWD,usdt_twd,1d,31.05,"reported, not observed",api.bitopro.com/v3/trading-history
2019-08-19T00:00:00Z,BitoPro,TWD,usdt_twd,1d,31.07,"reported, not observed",api.bitopro.com/v3/trading-history
2019-08-20T00:00:00Z,BitoPro,TWD,usdt_twd,1d,31.08,"reported, not observed",api.bitopro.com/v3/trading-history
2019-08-21T00:00:00Z,BitoPro,TWD,usdt_twd,1d,31.23,"reported, not observed",api.bitopro.com/v3/trading-history
2019-08-22T00:00:00Z,BitoPro,TWD,usdt_twd,1d,31.16,"reported, not observed",api.bitopro.com/v3/trading-history
2019-08-23T00:00:00Z,BitoPro,TWD,usdt_twd,1d,31.09,"reported, not observed",api.bitopro.com/v3/trading-history
2019-08-24T00:00:00Z,BitoPro,TWD,usdt_twd,1d,31.13,"reported, not observed",api.bitopro.com/v3/trading-history
2019-08-25T00:00:00Z,BitoPro,TWD,usdt_twd,1d,31.15,"reported, not observed",api.bitopro.com/v3/trading-history
2019-08-26T00:00:00Z,BitoPro,TWD,usdt_twd,1d,30.97,"reported, not observed",api.bitopro.com/v3/trading-history
2019-08-27T00:00:00Z,BitoPro,TWD,usdt_twd,1d,31.03,"reported, not observed",api.bitopro.com/v3/trading-history
2019-08-28T00:00:00Z,BitoPro,TWD,usdt_twd,1d,31.2,"reported, not observed",api.bitopro.com/v3/trading-history
2019-08-29T00:00:00Z,BitoPro,TWD,usdt_twd,1d,31.23,"reported, not observed",api.bitopro.com/v3/trading-history
2019-08-30T00:00:00Z,BitoPro,TWD,usdt_twd,1d,31.43,"reported, not observed",api.bitopro.com/v3/trading-history
2019-08-31T00:00:00Z,BitoPro,TWD,usdt_twd,1d,31.25,"reported, not observed",api.bitopro.com/v3/trading-history
2019-09-01T00:00:00Z,BitoPro,TWD,usdt_twd,1d,31.19,"reported, not observed",api.bitopro.com/v3/trading-history
2019-09-02T00:00:00Z,BitoPro,TWD,usdt_twd,1d,30.97,"reported, not observed",api.bitopro.com/v3/trading-history
2019-09-03T00:00:00Z,BitoPro,TWD,usdt_twd,1d,30.88,"reported, not observed",api.bitopro.com/v3/trading-history
2019-09-04T00:00:00Z,BitoPro,TWD,usdt_twd,1d,30.85,"reported, not observed",api.bitopro.com/v3/trading-history
2019-09-05T00:00:00Z,BitoPro,TWD,usdt_twd,1d,30.89,"reported, not observed",api.bitopro.com/v3/trading-history
2019-09-06T00:00:00Z,BitoPro,TWD,usdt_twd,1d,31.02,"reported, not observed",api.bitopro.com/v3/trading-history
2019-09-07T00:00:00Z,BitoPro,TWD,usdt_twd,1d,30.97,"reported, not observed",api.bitopro.com/v3/trading-history
2019-09-08T00:00:00Z,BitoPro,TWD,usdt_twd,1d,30.84,"reported, not observed",api.bitopro.com/v3/trading-history
2019-09-09T00:00:00Z,BitoPro,TWD,usdt_twd,1d,30.8,"reported, not observed",api.bitopro.com/v3/trading-history
2019-09-10T00:00:00Z,BitoPro,TWD,usdt_twd,1d,30.91,"reported, not observed",api.bitopro.com/v3/trading-history
2019-09-11T00:00:00Z,BitoPro,TWD,usdt_twd,1d,30.89,"reported, not observed",api.bitopro.com/v3/trading-history
2019-09-12T00:00:00Z,BitoPro,TWD,usdt_twd,1d,30.81,"reported, not observed",api.bitopro.com/v3/trading-history
2019-09-13T00:00:00Z,BitoPro,TWD,usdt_twd,1d,30.75,"reported, not observed",api.bitopro.com/v3/trading-history
2019-09-14T00:00:00Z,BitoPro,TWD,usdt_twd,1d,30.7,"reported, not observed",api.bitopro.com/v3/trading-history
2019-09-15T00:00:00Z,BitoPro,TWD,usdt_twd,1d,30.67,"reported, not observed",api.bitopro.com/v3/trading-history
2019-09-16T00:00:00Z,BitoPro,TWD,usdt_twd,1d,30.5,"reported, not observed",api.bitopro.com/v3/trading-history
2019-09-17T00:00:00Z,BitoPro,TWD,usdt_twd,1d,30.65,"reported, not observed",api.bitopro.com/v3/trading-history
2019-09-18T00:00:00Z,BitoPro,TWD,usdt_twd,1d,30.65,"reported, not observed",api.bitopro.com/v3/trading-history
2019-09-19T00:00:00Z,BitoPro,TWD,usdt_twd,1d,30.66,"reported, not observed",api.bitopro.com/v3/trading-history
2019-09-20T00:00:00Z,BitoPro,TWD,usdt_twd,1d,30.71,"reported, not observed",api.bitopro.com/v3/trading-history
2019-09-21T00:00:00Z,BitoPro,TWD,usdt_twd,1d,30.61,"reported, not observed",api.bitopro.com/v3/trading-history
2019-09-22T00:00:00Z,BitoPro,TWD,usdt_twd,1d,30.59,"reported, not observed",api.bitopro.com/v3/trading-history
2019-09-23T00:00:00Z,BitoPro,TWD,usdt_twd,1d,30.72,"reported, not observed",api.bitopro.com/v3/trading-history
2019-09-24T00:00:00Z,BitoPro,TWD,usdt_twd,1d,31.2,"reported, not observed",api.bitopro.com/v3/trading-history
2019-09-25T00:00:00Z,BitoPro,TWD,usdt_twd,1d,30.92,"reported, not observed",api.bitopro.com/v3/trading-history
2019-09-26T00:00:00Z,BitoPro,TWD,usdt_twd,1d,30.9,"reported, not observed",api.bitopro.com/v3/trading-history
2019-09-27T00:00:00Z,BitoPro,TWD,usdt_twd,1d,30.91,"reported, not observed",api.bitopro.com/v3/trading-history
2019-09-28T00:00:00Z,BitoPro,TWD,usdt_twd,1d,30.79,"reported, not observed",api.bitopro.com/v3/trading-history
2019-09-29T00:00:00Z,BitoPro,TWD,usdt_twd,1d,30.76,"reported, not observed",api.bitopro.com/v3/trading-history
2019-09-30T00:00:00Z,BitoPro,TWD,usdt_twd,1d,30.73,"reported, not observed",api.bitopro.com/v3/trading-history
2019-10-01T00:00:00Z,BitoPro,TWD,usdt_twd,1d,30.85,"reported, not observed",api.bitopro.com/v3/trading-history
2019-10-02T00:00:00Z,BitoPro,TWD,usdt_twd,1d,30.9,"reported, not observed",api.bitopro.com/v3/trading-history
2019-10-03T00:00:00Z,BitoPro,TWD,usdt_twd,1d,30.96,"reported, not observed",api.bitopro.com/v3/trading-history
2019-10-04T00:00:00Z,BitoPro,TWD,usdt_twd,1d,30.99,"reported, not observed",api.bitopro.com/v3/trading-history
2019-10-05T00:00:00Z,BitoPro,TWD,usdt_twd,1d,30.89,"reported, not observed",api.bitopro.com/v3/trading-history
2019-10-06T00:00:00Z,BitoPro,TWD,usdt_twd,1d,30.84,"reported, not observed",api.bitopro.com/v3/trading-history
2019-10-07T00:00:00Z,BitoPro,TWD,usdt_twd,1d,30.7,"reported, not observed",api.bitopro.com/v3/trading-history
2019-10-08T00:00:00Z,BitoPro,TWD,usdt_twd,1d,30.6,"reported, not observed",api.bitopro.com/v3/trading-history
2019-10-09T00:00:00Z,BitoPro,TWD,usdt_twd,1d,30.66,"reported, not observed",api.bitopro.com/v3/trading-history
2019-10-10T00:00:00Z,BitoPro,TWD,usdt_twd,1d,30.67,"reported, not observed",api.bitopro.com/v3/trading-history
2019-10-11T00:00:00Z,BitoPro,TWD,usdt_twd,1d,30.61,"reported, not observed",api.bitopro.com/v3/trading-history
2019-10-12T00:00:00Z,BitoPro,TWD,usdt_twd,1d,30.5,"reported, not observed",api.bitopro.com/v3/trading-history
2019-10-13T00:00:00Z,BitoPro,TWD,usdt_twd,1d,30.4,"reported, not observed",api.bitopro.com/v3/trading-history
2019-10-14T00:00:00Z,BitoPro,TWD,usdt_twd,1d,30.32,"reported, not observed",api.bitopro.com/v3/trading-history
2019-10-15T00:00:00Z,BitoPro,TWD,usdt_twd,1d,30.43,"reported, not observed",api.bitopro.com/v3/trading-history
2019-10-16T00:00:00Z,BitoPro,TWD,usdt_twd,1d,30.54,"reported, not observed",api.bitopro.com/v3/trading-history
2019-10-17T00:00:00Z,BitoPro,TWD,usdt_twd,1d,30.48,"reported, not observed",api.bitopro.com/v3/trading-history
2019-10-18T00:00:00Z,BitoPro,TWD,usdt_twd,1d,30.52,"reported, not observed",api.bitopro.com/v3/trading-history
2019-10-19T00:00:00Z,BitoPro,TWD,usdt_twd,1d,30.39,"reported, not observed",api.bitopro.com/v3/trading-history
2019-10-20T00:00:00Z,BitoPro,TWD,usdt_twd,1d,30.31,"reported, not observed",api.bitopro.com/v3/trading-history
2019-10-21T00:00:00Z,BitoPro,TWD,usdt_twd,1d,30.38,"reported, not observed",api.bitopro.com/v3/trading-history
2019-10-22T00:00:00Z,BitoPro,TWD,usdt_twd,1d,30.35,"reported, not observed",api.bitopro.com/v3/trading-history
2019-10-23T00:00:00Z,BitoPro,TWD,usdt_twd,1d,30.53,"reported, not observed",api.bitopro.com/v3/trading-history
2019-10-24T00:00:00Z,BitoPro,TWD,usdt_twd,1d,30.44,"reported, not observed",api.bitopro.com/v3/trading-history
2019-10-25T00:00:00Z,BitoPro,TWD,usdt_twd,1d,30.32,"reported, not observed",api.bitopro.com/v3/trading-history
2019-10-26T00:00:00Z,BitoPro,TWD,usdt_twd,1d,30.29,"reported, not observed",api.bitopro.com/v3/trading-history
2019-10-27T00:00:00Z,BitoPro,TWD,usdt_twd,1d,30.18,"reported, not observed",api.bitopro.com/v3/trading-history
2019-10-28T00:00:00Z,BitoPro,TWD,usdt_twd,1d,30.27,"reported, not observed",api.bitopro.com/v3/trading-history
2019-10-29T00:00:00Z,BitoPro,TWD,usdt_twd,1d,30.28,"reported, not observed",api.bitopro.com/v3/trading-history
2019-10-30T00:00:00Z,BitoPro,TWD,usdt_twd,1d,30.23,"reported, not observed",api.bitopro.com/v3/trading-history
2019-10-31T00:00:00Z,BitoPro,TWD,usdt_twd,1d,30.23,"reported, not observed",api.bitopro.com/v3/trading-history
2019-11-01T00:00:00Z,BitoPro,TWD,usdt_twd,1d,30.3,"reported, not observed",api.bitopro.com/v3/trading-history
2019-11-02T00:00:00Z,BitoPro,TWD,usdt_twd,1d,30.25,"reported, not observed",api.bitopro.com/v3/trading-history
2019-11-03T00:00:00Z,BitoPro,TWD,usdt_twd,1d,30.16,"reported, not observed",api.bitopro.com/v3/trading-history
2019-11-04T00:00:00Z,BitoPro,TWD,usdt_twd,1d,30.16,"reported, not observed",api.bitopro.com/v3/trading-history
2019-11-05T00:00:00Z,BitoPro,TWD,usdt_twd,1d,30.04,"reported, not observed",api.bitopro.com/v3/trading-history
2019-11-06T00:00:00Z,BitoPro,TWD,usdt_twd,1d,30.13,"reported, not observed",api.bitopro.com/v3/trading-history
2019-11-07T00:00:00Z,BitoPro,TWD,usdt_twd,1d,30.12,"reported, not observed",api.bitopro.com/v3/trading-history
2019-11-08T00:00:00Z,BitoPro,TWD,usdt_twd,1d,30.19,"reported, not observed",api.bitopro.com/v3/trading-history
2019-11-09T00:00:00Z,BitoPro,TWD,usdt_twd,1d,30.14,"reported, not observed",api.bitopro.com/v3/trading-history
2019-11-10T00:00:00Z,BitoPro,TWD,usdt_twd,1d,30.1,"reported, not observed",api.bitopro.com/v3/trading-history
2019-11-11T00:00:00Z,BitoPro,TWD,usdt_twd,1d,30.04,"reported, not observed",api.bitopro.com/v3/trading-history
2019-11-12T00:00:00Z,BitoPro,TWD,usdt_twd,1d,30.16,"reported, not observed",api.bitopro.com/v3/trading-history
2019-11-13T00:00:00Z,BitoPro,TWD,usdt_twd,1d,30.17,"reported, not observed",api.bitopro.com/v3/trading-history
2019-11-14T00:00:00Z,BitoPro,TWD,usdt_twd,1d,30.27,"reported, not observed",api.bitopro.com/v3/trading-history
2019-11-15T00:00:00Z,BitoPro,TWD,usdt_twd,1d,30.31,"reported, not observed",api.bitopro.com/v3/trading-history
2019-11-16T00:00:00Z,BitoPro,TWD,usdt_twd,1d,30.26,"reported, not observed",api.bitopro.com/v3/trading-history
2019-11-17T00:00:00Z,BitoPro,TWD,usdt_twd,1d,30.24,"reported, not observed",api.bitopro.com/v3/trading-history
2019-11-18T00:00:00Z,BitoPro,TWD,usdt_twd,1d,30.28,"reported, not observed",api.bitopro.com/v3/trading-history
2019-11-19T00:00:00Z,BitoPro,TWD,usdt_twd,1d,30.24,"reported, not observed",api.bitopro.com/v3/trading-history
2019-11-20T00:00:00Z,BitoPro,TWD,usdt_twd,1d,30.25,"reported, not observed",api.bitopro.com/v3/trading-history
2019-11-21T00:00:00Z,BitoPro,TWD,usdt_twd,1d,30.35,"reported, not observed",api.bitopro.com/v3/trading-history
2019-11-22T00:00:00Z,BitoPro,TWD,usdt_twd,1d,30.49,"reported, not observed",api.bitopro.com/v3/trading-history
2019-11-23T00:00:00Z,BitoPro,TWD,usdt_twd,1d,30.4,"reported, not observed",api.bitopro.com/v3/trading-history
2019-11-24T00:00:00Z,BitoPro,TWD,usdt_twd,1d,30.43,"reported, not observed",api.bitopro.com/v3/trading-history
2019-11-25T00:00:00Z,BitoPro,TWD,usdt_twd,1d,30.32,"reported, not observed",api.bitopro.com/v3/trading-history
2019-11-26T00:00:00Z,BitoPro,TWD,usdt_twd,1d,30.37,"reported, not observed",api.bitopro.com/v3/trading-history
2019-11-27T00:00:00Z,BitoPro,TWD,usdt_twd,1d,30.31,"reported, not observed",api.bitopro.com/v3/trading-history
2019-11-28T00:00:00Z,BitoPro,TWD,usdt_twd,1d,30.4,"reported, not observed",api.bitopro.com/v3/trading-history
2019-11-29T00:00:00Z,BitoPro,TWD,usdt_twd,1d,30.49,"reported, not observed",api.bitopro.com/v3/trading-history
2019-11-30T00:00:00Z,BitoPro,TWD,usdt_twd,1d,30.5,"reported, not observed",api.bitopro.com/v3/trading-history
2019-12-01T00:00:00Z,BitoPro,TWD,usdt_twd,1d,30.42,"reported, not observed",api.bitopro.com/v3/trading-history
2019-12-02T00:00:00Z,BitoPro,TWD,usdt_twd,1d,30.34,"reported, not observed",api.bitopro.com/v3/trading-history
2019-12-03T00:00:00Z,BitoPro,TWD,usdt_twd,1d,30.35,"reported, not observed",api.bitopro.com/v3/trading-history
2019-12-04T00:00:00Z,BitoPro,TWD,usdt_twd,1d,30.33,"reported, not observed",api.bitopro.com/v3/trading-history
2019-12-05T00:00:00Z,BitoPro,TWD,usdt_twd,1d,30.36,"reported, not observed",api.bitopro.com/v3/trading-history
2019-12-06T00:00:00Z,BitoPro,TWD,usdt_twd,1d,30.35,"reported, not observed",api.bitopro.com/v3/trading-history
2019-12-07T00:00:00Z,BitoPro,TWD,usdt_twd,1d,30.32,"reported, not observed",api.bitopro.com/v3/trading-history
2019-12-08T00:00:00Z,BitoPro,TWD,usdt_twd,1d,30.3,"reported, not observed",api.bitopro.com/v3/trading-history
2019-12-09T00:00:00Z,BitoPro,TWD,usdt_twd,1d,30.35,"reported, not observed",api.bitopro.com/v3/trading-history
2019-12-10T00:00:00Z,BitoPro,TWD,usdt_twd,1d,30.29,"reported, not observed",api.bitopro.com/v3/trading-history
2019-12-11T00:00:00Z,BitoPro,TWD,usdt_twd,1d,30.33,"reported, not observed",api.bitopro.com/v3/trading-history
2019-12-12T00:00:00Z,BitoPro,TWD,usdt_twd,1d,30.29,"reported, not observed",api.bitopro.com/v3/trading-history
2019-12-13T00:00:00Z,BitoPro,TWD,usdt_twd,1d,30.23,"reported, not observed",api.bitopro.com/v3/trading-history
2019-12-14T00:00:00Z,BitoPro,TWD,usdt_twd,1d,30.17,"reported, not observed",api.bitopro.com/v3/trading-history
2019-12-15T00:00:00Z,BitoPro,TWD,usdt_twd,1d,30.14,"reported, not observed",api.bitopro.com/v3/trading-history
2019-12-16T00:00:00Z,BitoPro,TWD,usdt_twd,1d,30.02,"reported, not observed",api.bitopro.com/v3/trading-history
2019-12-17T00:00:00Z,BitoPro,TWD,usdt_twd,1d,30.06,"reported, not observed",api.bitopro.com/v3/trading-history
2019-12-18T00:00:00Z,BitoPro,TWD,usdt_twd,1d,30.09,"reported, not observed",api.bitopro.com/v3/trading-history
2019-12-19T00:00:00Z,BitoPro,TWD,usdt_twd,1d,30.03,"reported, not observed",api.bitopro.com/v3/trading-history
2019-12-20T00:00:00Z,BitoPro,TWD,usdt_twd,1d,30.05,"reported, not observed",api.bitopro.com/v3/trading-history
2019-12-21T00:00:00Z,BitoPro,TWD,usdt_twd,1d,29.95,"reported, not observed",api.bitopro.com/v3/trading-history
2019-12-22T00:00:00Z,BitoPro,TWD,usdt_twd,1d,29.75,"reported, not observed",api.bitopro.com/v3/trading-history
2019-12-23T00:00:00Z,BitoPro,TWD,usdt_twd,1d,29.95,"reported, not observed",api.bitopro.com/v3/trading-history
2019-12-24T00:00:00Z,BitoPro,TWD,usdt_twd,1d,29.95,"reported, not observed",api.bitopro.com/v3/trading-history
2019-12-25T00:00:00Z,BitoPro,TWD,usdt_twd,1d,30.0,"reported, not observed",api.bitopro.com/v3/trading-history
2019-12-26T00:00:00Z,BitoPro,TWD,usdt_twd,1d,30.0,"reported, not observed",api.bitopro.com/v3/trading-history
2019-12-27T00:00:00Z,BitoPro,TWD,usdt_twd,1d,30.02,"reported, not observed",api.bitopro.com/v3/trading-history
2019-12-28T00:00:00Z,BitoPro,TWD,usdt_twd,1d,29.99,"reported, not observed",api.bitopro.com/v3/trading-history
2019-12-29T00:00:00Z,BitoPro,TWD,usdt_twd,1d,29.95,"reported, not observed",api.bitopro.com/v3/trading-history
2019-12-30T00:00:00Z,BitoPro,TWD,usdt_twd,1d,29.9,"reported, not observed",api.bitopro.com/v3/trading-history
2019-12-31T00:00:00Z,BitoPro,TWD,usdt_twd,1d,29.92,"reported, not observed",api.bitopro.com/v3/trading-history
2020-01-01T00:00:00Z,BitoPro,TWD,usdt_twd,1d,29.9,"reported, not observed",api.bitopro.com/v3/trading-history
2020-01-02T00:00:00Z,BitoPro,TWD,usdt_twd,1d,30.0,"reported, not observed",api.bitopro.com/v3/trading-history
2020-01-03T00:00:00Z,BitoPro,TWD,usdt_twd,1d,29.99,"reported, not observed",api.bitopro.com/v3/trading-history
2020-01-04T00:00:00Z,BitoPro,TWD,usdt_twd,1d,29.94,"reported, not observed",api.bitopro.com/v3/trading-history
2020-01-05T00:00:00Z,BitoPro,TWD,usdt_twd,1d,29.9,"reported, not observed",api.bitopro.com/v3/trading-history
2020-01-06T00:00:00Z,BitoPro,TWD,usdt_twd,1d,29.97,"reported, not observed",api.bitopro.com/v3/trading-history
2020-01-07T00:00:00Z,BitoPro,TWD,usdt_twd,1d,29.96,"reported, not observed",api.bitopro.com/v3/trading-history
2020-01-08T00:00:00Z,BitoPro,TWD,usdt_twd,1d,30.0,"reported, not observed",api.bitopro.com/v3/trading-history
2020-01-09T00:00:00Z,BitoPro,TWD,usdt_twd,1d,29.96,"reported, not observed",api.bitopro.com/v3/trading-history
2020-01-10T00:00:00Z,BitoPro,TWD,usdt_twd,1d,29.88,"reported, not observed",api.bitopro.com/v3/trading-history
2020-01-11T00:00:00Z,BitoPro,TWD,usdt_twd,1d,29.88,"reported, not observed",api.bitopro.com/v3/trading-history
2020-01-12T00:00:00Z,BitoPro,TWD,usdt_twd,1d,29.85,"reported, not observed",api.bitopro.com/v3/trading-history
2020-01-13T00:00:00Z,BitoPro,TWD,usdt_twd,1d,29.87,"reported, not observed",api.bitopro.com/v3/trading-history
2020-01-14T00:00:00Z,BitoPro,TWD,usdt_twd,1d,29.78,"reported, not observed",api.bitopro.com/v3/trading-history
2020-01-15T00:00:00Z,BitoPro,TWD,usdt_twd,1d,29.78,"reported, not observed",api.bitopro.com/v3/trading-history
2020-01-16T00:00:00Z,BitoPro,TWD,usdt_twd,1d,29.75,"reported, not observed",api.bitopro.com/v3/trading-history
2020-01-17T00:00:00Z,BitoPro,TWD,usdt_twd,1d,29.78,"reported, not observed",api.bitopro.com/v3/trading-history
2020-01-18T00:00:00Z,BitoPro,TWD,usdt_twd,1d,29.8,"reported, not observed",api.bitopro.com/v3/trading-history
2020-01-19T00:00:00Z,BitoPro,TWD,usdt_twd,1d,29.88,"reported, not observed",api.bitopro.com/v3/trading-history
2020-01-20T00:00:00Z,BitoPro,TWD,usdt_twd,1d,29.76,"reported, not observed",api.bitopro.com/v3/trading-history
2020-01-21T00:00:00Z,BitoPro,TWD,usdt_twd,1d,29.88,"reported, not observed",api.bitopro.com/v3/trading-history
2020-01-22T00:00:00Z,BitoPro,TWD,usdt_twd,1d,29.93,"reported, not observed",api.bitopro.com/v3/trading-history
2020-01-23T00:00:00Z,BitoPro,TWD,usdt_twd,1d,30.04,"reported, not observed",api.bitopro.com/v3/trading-history
2020-01-24T00:00:00Z,BitoPro,TWD,usdt_twd,1d,30.12,"reported, not observed",api.bitopro.com/v3/trading-history
2020-01-25T00:00:00Z,BitoPro,TWD,usdt_twd,1d,30.07,"reported, not observed",api.bitopro.com/v3/trading-history
2020-01-26T00:00:00Z,BitoPro,TWD,usdt_twd,1d,30.06,"reported, not observed",api.bitopro.com/v3/trading-history
2020-01-27T00:00:00Z,BitoPro,TWD,usdt_twd,1d,29.95,"reported, not observed",api.bitopro.com/v3/trading-history
2020-01-28T00:00:00Z,BitoPro,TWD,usdt_twd,1d,29.7,"reported, not observed",api.bitopro.com/v3/trading-history
2020-01-29T00:00:00Z,BitoPro,TWD,usdt_twd,1d,29.82,"reported, not observed",api.bitopro.com/v3/trading-history
2020-01-30T00:00:00Z,BitoPro,TWD,usdt_twd,1d,30.09,"reported, not observed",api.bitopro.com/v3/trading-history
2020-01-31T00:00:00Z,BitoPro,TWD,usdt_twd,1d,30.2,"reported, not observed",api.bitopro.com/v3/trading-history
2020-02-01T00:00:00Z,BitoPro,TWD,usdt_twd,1d,30.26,"reported, not observed",api.bitopro.com/v3/trading-history
2020-02-02T00:00:00Z,BitoPro,TWD,usdt_twd,1d,30.17,"reported, not observed",api.bitopro.com/v3/trading-history
2020-02-03T00:00:00Z,BitoPro,TWD,usdt_twd,1d,30.22,"reported, not observed",api.bitopro.com/v3/trading-history
2020-02-04T00:00:00Z,BitoPro,TWD,usdt_twd,1d,30.12,"reported, not observed",api.bitopro.com/v3/trading-history
2020-02-05T00:00:00Z,BitoPro,TWD,usdt_twd,1d,29.87,"reported, not observed",api.bitopro.com/v3/trading-history
2020-02-06T00:00:00Z,BitoPro,TWD,usdt_twd,1d,29.95,"reported, not observed",api.bitopro.com/v3/trading-history
2020-02-07T00:00:00Z,BitoPro,TWD,usdt_twd,1d,30.03,"reported, not observed",api.bitopro.com/v3/trading-history
2020-02-08T00:00:00Z,BitoPro,TWD,usdt_twd,1d,30.05,"reported, not observed",api.bitopro.com/v3/trading-history
2020-02-09T00:00:00Z,BitoPro,TWD,usdt_twd,1d,30.07,"reported, not observed",api.bitopro.com/v3/trading-history
2020-02-10T00:00:00Z,BitoPro,TWD,usdt_twd,1d,30.0,"reported, not observed",api.bitopro.com/v3/trading-history
2020-02-11T00:00:00Z,BitoPro,TWD,usdt_twd,1d,29.92,"reported, not observed",api.bitopro.com/v3/trading-history
2020-02-12T00:00:00Z,BitoPro,TWD,usdt_twd,1d,30.01,"reported, not observed",api.bitopro.com/v3/trading-history
2020-02-13T00:00:00Z,BitoPro,TWD,usdt_twd,1d,30.03,"reported, not observed",api.bitopro.com/v3/trading-history
2020-02-14T00:00:00Z,BitoPro,TWD,usdt_twd,1d,30.04,"reported, not observed",api.bitopro.com/v3/trading-history
2020-02-15T00:00:00Z,BitoPro,TWD,usdt_twd,1d,30.05,"reported, not observed",api.bitopro.com/v3/trading-history
2020-02-16T00:00:00Z,BitoPro,TWD,usdt_twd,1d,30.18,"reported, not observed",api.bitopro.com/v3/trading-history
2020-02-17T00:00:00Z,BitoPro,TWD,usdt_twd,1d,30.08,"reported, not observed",api.bitopro.com/v3/trading-history
2020-02-18T00:00:00Z,BitoPro,TWD,usdt_twd,1d,30.07,"reported, not observed",api.bitopro.com/v3/trading-history
2020-02-19T00:00:00Z,BitoPro,TWD,usdt_twd,1d,30.17,"reported, not observed",api.bitopro.com/v3/trading-history
2020-02-20T00:00:00Z,BitoPro,TWD,usdt_twd,1d,30.37,"reported, not observed",api.bitopro.com/v3/trading-history
2020-02-21T00:00:00Z,BitoPro,TWD,usdt_twd,1d,30.33,"reported, not observed",api.bitopro.com/v3/trading-history
2020-02-22T00:00:00Z,BitoPro,TWD,usdt_twd,1d,30.29,"reported, not observed",api.bitopro.com/v3/trading-history
2020-02-23T00:00:00Z,BitoPro,TWD,usdt_twd,1d,30.23,"reported, not observed",api.bitopro.com/v3/trading-history
2020-02-24T00:00:00Z,BitoPro,TWD,usdt_twd,1d,30.35,"reported, not observed",api.bitopro.com/v3/trading-history
2020-02-25T00:00:00Z,BitoPro,TWD,usdt_twd,1d,30.41,"reported, not observed",api.bitopro.com/v3/trading-history
2020-02-26T00:00:00Z,BitoPro,TWD,usdt_twd,1d,30.35,"reported, not observed",api.bitopro.com/v3/trading-history
2020-02-27T00:00:00Z,BitoPro,TWD,usdt_twd,1d,30.37,"reported, not observed",api.bitopro.com/v3/trading-history
2020-02-28T00:00:00Z,BitoPro,TWD,usdt_twd,1d,30.45,"reported, not observed",api.bitopro.com/v3/trading-history
2020-02-29T00:00:00Z,BitoPro,TWD,usdt_twd,1d,30.43,"reported, not observed",api.bitopro.com/v3/trading-history
2020-03-01T00:00:00Z,BitoPro,TWD,usdt_twd,1d,30.32,"reported, not observed",api.bitopro.com/v3/trading-history
2020-03-02T00:00:00Z,BitoPro,TWD,usdt_twd,1d,30.03,"reported, not observed",api.bitopro.com/v3/trading-history
2020-03-03T00:00:00Z,BitoPro,TWD,usdt_twd,1d,30.02,"reported, not observed",api.bitopro.com/v3/trading-history
2020-03-04T00:00:00Z,BitoPro,TWD,usdt_twd,1d,29.97,"reported, not observed",api.bitopro.com/v3/trading-history
2020-03-05T00:00:00Z,BitoPro,TWD,usdt_twd,1d,29.9,"reported, not observed",api.bitopro.com/v3/trading-history
2020-03-06T00:00:00Z,BitoPro,TWD,usdt_twd,1d,30.0,"reported, not observed",api.bitopro.com/v3/trading-history
2020-03-07T00:00:00Z,BitoPro,TWD,usdt_twd,1d,29.96,"reported, not observed",api.bitopro.com/v3/trading-history
2020-03-08T00:00:00Z,BitoPro,TWD,usdt_twd,1d,30.1,"reported, not observed",api.bitopro.com/v3/trading-history
2020-03-09T00:00:00Z,BitoPro,TWD,usdt_twd,1d,30.1,"reported, not observed",api.bitopro.com/v3/trading-history
2020-03-10T00:00:00Z,BitoPro,TWD,usdt_twd,1d,30.09,"reported, not observed",api.bitopro.com/v3/trading-history
2020-03-11T00:00:00Z,BitoPro,TWD,usdt_twd,1d,30.1,"reported, not observed",api.bitopro.com/v3/trading-history
2020-03-12T00:00:00Z,BitoPro,TWD,usdt_twd,1d,31.3,"reported, not observed",api.bitopro.com/v3/trading-history
2020-03-13T00:00:00Z,BitoPro,TWD,usdt_twd,1d,31.08,"reported, not observed",api.bitopro.com/v3/trading-history
2020-03-14T00:00:00Z,BitoPro,TWD,usdt_twd,1d,30.84,"reported, not observed",api.bitopro.com/v3/trading-history
2020-03-15T00:00:00Z,BitoPro,TWD,usdt_twd,1d,30.89,"reported, not observed",api.bitopro.com/v3/trading-history
2020-03-16T00:00:00Z,BitoPro,TWD,usdt_twd,1d,31.05,"reported, not observed",api.bitopro.com/v3/trading-history
2020-03-17T00:00:00Z,BitoPro,TWD,usdt_twd,1d,30.82,"reported, not observed",api.bitopro.com/v3/trading-history
2020-03-18T00:00:00Z,BitoPro,TWD,usdt_twd,1d,30.51,"reported, not observed",api.bitopro.com/v3/trading-history
2020-03-19T00:00:00Z,BitoPro,TWD,usdt_twd,1d,30.62,"reported, not observed",api.bitopro.com/v3/trading-history
2020-03-20T00:00:00Z,BitoPro,TWD,usdt_twd,1d,30.49,"reported, not observed",api.bitopro.com/v3/trading-history
2020-03-21T00:00:00Z,BitoPro,TWD,usdt_twd,1d,30.53,"reported, not observed",api.bitopro.com/v3/trading-history
2020-03-22T00:00:00Z,BitoPro,TWD,usdt_twd,1d,30.67,"reported, not observed",api.bitopro.com/v3/trading-history
2020-03-23T00:00:00Z,BitoPro,TWD,usdt_twd,1d,30.31,"reported, not observed",api.bitopro.com/v3/trading-history
2020-03-24T00:00:00Z,BitoPro,TWD,usdt_twd,1d,30.42,"reported, not observed",api.bitopro.com/v3/trading-history
2020-03-25T00:00:00Z,BitoPro,TWD,usdt_twd,1d,30.41,"reported, not observed",api.bitopro.com/v3/trading-history
2020-03-26T00:00:00Z,BitoPro,TWD,usdt_twd,1d,30.37,"reported, not observed",api.bitopro.com/v3/trading-history
2020-03-27T00:00:00Z,BitoPro,TWD,usdt_twd,1d,30.39,"reported, not observed",api.bitopro.com/v3/trading-history
2020-03-28T00:00:00Z,BitoPro,TWD,usdt_twd,1d,30.46,"reported, not observed",api.bitopro.com/v3/trading-history
2020-03-29T00:00:00Z,BitoPro,TWD,usdt_twd,1d,30.5,"reported, not observed",api.bitopro.com/v3/trading-history
2020-03-30T00:00:00Z,BitoPro,TWD,usdt_twd,1d,30.36,"reported, not observed",api.bitopro.com/v3/trading-history
2020-03-31T00:00:00Z,BitoPro,TWD,usdt_twd,1d,30.36,"reported, not observed",api.bitopro.com/v3/trading-history
2020-04-01T00:00:00Z,BitoPro,TWD,usdt_twd,1d,30.32,"reported, not observed",api.bitopro.com/v3/trading-history
2020-04-02T00:00:00Z,BitoPro,TWD,usdt_twd,1d,30.16,"reported, not observed",api.bitopro.com/v3/trading-history
2020-04-03T00:00:00Z,BitoPro,TWD,usdt_twd,1d,30.2,"reported, not observed",api.bitopro.com/v3/trading-history
2020-04-04T00:00:00Z,BitoPro,TWD,usdt_twd,1d,30.13,"reported, not observed",api.bitopro.com/v3/trading-history
2020-04-05T00:00:00Z,BitoPro,TWD,usdt_twd,1d,30.21,"reported, not observed",api.bitopro.com/v3/trading-history
2020-04-06T00:00:00Z,BitoPro,TWD,usdt_twd,1d,30.12,"reported, not observed",api.bitopro.com/v3/trading-history
2020-04-07T00:00:00Z,BitoPro,TWD,usdt_twd,1d,30.17,"reported, not observed",api.bitopro.com/v3/trading-history
2020-04-08T00:00:00Z,BitoPro,TWD,usdt_twd,1d,30.19,"reported, not observed",api.bitopro.com/v3/trading-history
2020-04-09T00:00:00Z,BitoPro,TWD,usdt_twd,1d,30.18,"reported, not observed",api.bitopro.com/v3/trading-history
2020-04-10T00:00:00Z,BitoPro,TWD,usdt_twd,1d,30.21,"reported, not observed",api.bitopro.com/v3/trading-history
2020-04-11T00:00:00Z,BitoPro,TWD,usdt_twd,1d,30.25,"reported, not observed",api.bitopro.com/v3/trading-history
2020-04-12T00:00:00Z,BitoPro,TWD,usdt_twd,1d,30.32,"reported, not observed",api.bitopro.com/v3/trading-history
2020-04-13T00:00:00Z,BitoPro,TWD,usdt_twd,1d,30.37,"reported, not observed",api.bitopro.com/v3/trading-history
2020-04-14T00:00:00Z,BitoPro,TWD,usdt_twd,1d,30.22,"reported, not observed",api.bitopro.com/v3/trading-history
2020-04-15T00:00:00Z,BitoPro,TWD,usdt_twd,1d,30.15,"reported, not observed",api.bitopro.com/v3/trading-history
2020-04-16T00:00:00Z,BitoPro,TWD,usdt_twd,1d,30.03,"reported, not observed",api.bitopro.com/v3/trading-history
2020-04-17T00:00:00Z,BitoPro,TWD,usdt_twd,1d,30.02,"reported, not observed",api.bitopro.com/v3/trading-history
2020-04-18T00:00:00Z,BitoPro,TWD,usdt_twd,1d,29.97,"reported, not observed",api.bitopro.com/v3/trading-history
2020-04-19T00:00:00Z,BitoPro,TWD,usdt_twd,1d,29.98,"reported, not observed",api.bitopro.com/v3/trading-history
2020-04-20T00:00:00Z,BitoPro,TWD,usdt_twd,1d,30.05,"reported, not observed",api.bitopro.com/v3/trading-history
2020-04-21T00:00:00Z,BitoPro,TWD,usdt_twd,1d,30.06,"reported, not observed",api.bitopro.com/v3/trading-history
2020-04-22T00:00:00Z,BitoPro,TWD,usdt_twd,1d,30.0,"reported, not observed",api.bitopro.com/v3/trading-history
2020-04-23T00:00:00Z,BitoPro,TWD,usdt_twd,1d,29.86,"reported, not observed",api.bitopro.com/v3/trading-history
2020-04-24T00:00:00Z,BitoPro,TWD,usdt_twd,1d,29.99,"reported, not observed",api.bitopro.com/v3/trading-history
2020-04-25T00:00:00Z,BitoPro,TWD,usdt_twd,1d,29.95,"reported, not observed",api.bitopro.com/v3/trading-history
2020-04-26T00:00:00Z,BitoPro,TWD,usdt_twd,1d,29.94,"reported, not observed",api.bitopro.com/v3/trading-history
2020-04-27T00:00:00Z,BitoPro,TWD,usdt_twd,1d,29.93,"reported, not observed",api.bitopro.com/v3/trading-history
2020-04-28T00:00:00Z,BitoPro,TWD,usdt_twd,1d,29.86,"reported, not observed",api.bitopro.com/v3/trading-history
2020-04-29T00:00:00Z,BitoPro,TWD,usdt_twd,1d,29.76,"reported, not observed",api.bitopro.com/v3/trading-history
2020-04-30T00:00:00Z,BitoPro,TWD,usdt_twd,1d,29.82,"reported, not observed",api.bitopro.com/v3/trading-history
2020-05-01T00:00:00Z,BitoPro,TWD,usdt_twd,1d,29.89,"reported, not observed",api.bitopro.com/v3/trading-history
2020-05-02T00:00:00Z,BitoPro,TWD,usdt_twd,1d,29.83,"reported, not observed",api.bitopro.com/v3/trading-history
2020-05-03T00:00:00Z,BitoPro,TWD,usdt_twd,1d,29.8,"reported, not observed",api.bitopro.com/v3/trading-history
2020-05-04T00:00:00Z,BitoPro,TWD,usdt_twd,1d,29.79,"reported, not observed",api.bitopro.com/v3/trading-history
2020-05-05T00:00:00Z,BitoPro,TWD,usdt_twd,1d,29.79,"reported, not observed",api.bitopro.com/v3/trading-history
2020-05-06T00:00:00Z,BitoPro,TWD,usdt_twd,1d,29.85,"reported, not observed",api.bitopro.com/v3/trading-history
2020-05-07T00:00:00Z,BitoPro,TWD,usdt_twd,1d,29.79,"reported, not observed",api.bitopro.com/v3/trading-history
2020-05-08T00:00:00Z,BitoPro,TWD,usdt_twd,1d,29.82,"reported, not observed",api.bitopro.com/v3/trading-history
2020-05-09T00:00:00Z,BitoPro,TWD,usdt_twd,1d,29.81,"reported, not observed",api.bitopro.com/v3/trading-history
2020-05-10T00:00:00Z,BitoPro,TWD,usdt_twd,1d,29.9,"reported, not observed",api.bitopro.com/v3/trading-history
2020-05-11T00:00:00Z,BitoPro,TWD,usdt_twd,1d,29.88,"reported, not observed",api.bitopro.com/v3/trading-history
2020-05-12T00:00:00Z,BitoPro,TWD,usdt_twd,1d,29.89,"reported, not observed",api.bitopro.com/v3/trading-history
2020-05-13T00:00:00Z,BitoPro,TWD,usdt_twd,1d,29.84,"reported, not observed",api.bitopro.com/v3/trading-history
2020-05-14T00:00:00Z,BitoPro,TWD,usdt_twd,1d,29.78,"reported, not observed",api.bitopro.com/v3/trading-history
2020-05-15T00:00:00Z,BitoPro,TWD,usdt_twd,1d,29.84,"reported, not observed",api.bitopro.com/v3/trading-history
2020-05-16T00:00:00Z,BitoPro,TWD,usdt_twd,1d,29.79,"reported, not observed",api.bitopro.com/v3/trading-history
2020-05-17T00:00:00Z,BitoPro,TWD,usdt_twd,1d,29.68,"reported, not observed",api.bitopro.com/v3/trading-history
2020-05-18T00:00:00Z,BitoPro,TWD,usdt_twd,1d,29.67,"reported, not observed",api.bitopro.com/v3/trading-history
2020-05-19T00:00:00Z,BitoPro,TWD,usdt_twd,1d,29.73,"reported, not observed",api.bitopro.com/v3/trading-history
2020-05-20T00:00:00Z,BitoPro,TWD,usdt_twd,1d,29.8,"reported, not observed",api.bitopro.com/v3/trading-history
2020-05-21T00:00:00Z,BitoPro,TWD,usdt_twd,1d,29.84,"reported, not observed",api.bitopro.com/v3/trading-history
2020-05-22T00:00:00Z,BitoPro,TWD,usdt_twd,1d,29.94,"reported, not observed",api.bitopro.com/v3/trading-history
2020-05-23T00:00:00Z,BitoPro,TWD,usdt_twd,1d,29.95,"reported, not observed",api.bitopro.com/v3/trading-history
2020-05-24T00:00:00Z,BitoPro,TWD,usdt_twd,1d,29.96,"reported, not observed",api.bitopro.com/v3/trading-history
2020-05-25T00:00:00Z,BitoPro,TWD,usdt_twd,1d,29.94,"reported, not observed",api.bitopro.com/v3/trading-history
2020-05-26T00:00:00Z,BitoPro,TWD,usdt_twd,1d,29.92,"reported, not observed",api.bitopro.com/v3/trading-history
2020-05-27T00:00:00Z,BitoPro,TWD,usdt_twd,1d,29.95,"reported, not observed",api.bitopro.com/v3/trading-history
2020-05-28T00:00:00Z,BitoPro,TWD,usdt_twd,1d,29.83,"reported, not observed",api.bitopro.com/v3/trading-history
2020-05-29T00:00:00Z,BitoPro,TWD,usdt_twd,1d,29.88,"reported, not observed",api.bitopro.com/v3/trading-history
2020-05-30T00:00:00Z,BitoPro,TWD,usdt_twd,1d,29.79,"reported, not observed",api.bitopro.com/v3/trading-history
2020-05-31T00:00:00Z,BitoPro,TWD,usdt_twd,1d,29.81,"reported, not observed",api.bitopro.com/v3/trading-history
2020-06-01T00:00:00Z,BitoPro,TWD,usdt_twd,1d,29.71,"reported, not observed",api.bitopro.com/v3/trading-history
2020-06-02T00:00:00Z,BitoPro,TWD,usdt_twd,1d,29.79,"reported, not observed",api.bitopro.com/v3/trading-history
2020-06-03T00:00:00Z,BitoPro,TWD,usdt_twd,1d,29.76,"reported, not observed",api.bitopro.com/v3/trading-history
2020-06-04T00:00:00Z,BitoPro,TWD,usdt_twd,1d,29.76,"reported, not observed",api.bitopro.com/v3/trading-history
2020-06-05T00:00:00Z,BitoPro,TWD,usdt_twd,1d,29.78,"reported, not observed",api.bitopro.com/v3/trading-history
2020-06-06T00:00:00Z,BitoPro,TWD,usdt_twd,1d,29.72,"reported, not observed",api.bitopro.com/v3/trading-history
2020-06-07T00:00:00Z,BitoPro,TWD,usdt_twd,1d,29.72,"reported, not observed",api.bitopro.com/v3/trading-history
2020-06-08T00:00:00Z,BitoPro,TWD,usdt_twd,1d,29.71,"reported, not observed",api.bitopro.com/v3/trading-history
2020-06-09T00:00:00Z,BitoPro,TWD,usdt_twd,1d,29.69,"reported, not observed",api.bitopro.com/v3/trading-history
2020-06-10T00:00:00Z,BitoPro,TWD,usdt_twd,1d,29.64,"reported, not observed",api.bitopro.com/v3/trading-history
2020-06-10T16:00:00Z,BitoPro,TWD,usdt_twd,1d,29.72,"reported, not observed",api.bitopro.com/v3/trading-history
2020-06-11T00:00:00Z,BitoPro,TWD,usdt_twd,1d,29.93,"reported, not observed",api.bitopro.com/v3/trading-history
2020-06-12T00:00:00Z,BitoPro,TWD,usdt_twd,1d,29.73,"reported, not observed",api.bitopro.com/v3/trading-history
2020-06-13T00:00:00Z,BitoPro,TWD,usdt_twd,1d,29.73,"reported, not observed",api.bitopro.com/v3/trading-history
2020-06-14T00:00:00Z,BitoPro,TWD,usdt_twd,1d,29.71,"reported, not observed",api.bitopro.com/v3/trading-history
2020-06-15T00:00:00Z,BitoPro,TWD,usdt_twd,1d,29.74,"reported, not observed",api.bitopro.com/v3/trading-history
2020-06-16T00:00:00Z,BitoPro,TWD,usdt_twd,1d,29.65,"reported, not observed",api.bitopro.com/v3/trading-history
2020-06-17T00:00:00Z,BitoPro,TWD,usdt_twd,1d,29.68,"reported, not observed",api.bitopro.com/v3/trading-history
2020-06-18T00:00:00Z,BitoPro,TWD,usdt_twd,1d,29.67,"reported, not observed",api.bitopro.com/v3/trading-history
2020-06-19T00:00:00Z,BitoPro,TWD,usdt_twd,1d,29.68,"reported, not observed",api.bitopro.com/v3/trading-history
2020-06-20T00:00:00Z,BitoPro,TWD,usdt_twd,1d,29.71,"reported, not observed",api.bitopro.com/v3/trading-history
2020-06-21T00:00:00Z,BitoPro,TWD,usdt_twd,1d,29.68,"reported, not observed",api.bitopro.com/v3/trading-history
2020-06-22T00:00:00Z,BitoPro,TWD,usdt_twd,1d,29.59,"reported, not observed",api.bitopro.com/v3/trading-history
2020-06-23T00:00:00Z,BitoPro,TWD,usdt_twd,1d,29.51,"reported, not observed",api.bitopro.com/v3/trading-history
2020-06-24T00:00:00Z,BitoPro,TWD,usdt_twd,1d,29.63,"reported, not observed",api.bitopro.com/v3/trading-history
2020-06-25T00:00:00Z,BitoPro,TWD,usdt_twd,1d,29.63,"reported, not observed",api.bitopro.com/v3/trading-history
2020-06-26T00:00:00Z,BitoPro,TWD,usdt_twd,1d,29.6,"reported, not observed",api.bitopro.com/v3/trading-history
2020-06-27T00:00:00Z,BitoPro,TWD,usdt_twd,1d,29.6,"reported, not observed",api.bitopro.com/v3/trading-history
2020-06-28T00:00:00Z,BitoPro,TWD,usdt_twd,1d,29.6,"reported, not observed",api.bitopro.com/v3/trading-history
2020-06-29T00:00:00Z,BitoPro,TWD,usdt_twd,1d,29.4,"reported, not observed",api.bitopro.com/v3/trading-history
2020-06-30T00:00:00Z,BitoPro,TWD,usdt_twd,1d,29.45,"reported, not observed",api.bitopro.com/v3/trading-history
2020-07-01T00:00:00Z,BitoPro,TWD,usdt_twd,1d,29.47,"reported, not observed",api.bitopro.com/v3/trading-history
2020-07-02T00:00:00Z,BitoPro,TWD,usdt_twd,1d,29.46,"reported, not observed",api.bitopro.com/v3/trading-history
2020-07-03T00:00:00Z,BitoPro,TWD,usdt_twd,1d,29.48,"reported, not observed",api.bitopro.com/v3/trading-history
2020-07-04T00:00:00Z,BitoPro,TWD,usdt_twd,1d,29.48,"reported, not observed",api.bitopro.com/v3/trading-history
2020-07-05T00:00:00Z,BitoPro,TWD,usdt_twd,1d,29.45,"reported, not observed",api.bitopro.com/v3/trading-history
2020-07-06T00:00:00Z,BitoPro,TWD,usdt_twd,1d,29.37,"reported, not observed",api.bitopro.com/v3/trading-history
2020-07-07T00:00:00Z,BitoPro,TWD,usdt_twd,1d,29.38,"reported, not observed",api.bitopro.com/v3/trading-history
2020-07-08T00:00:00Z,BitoPro,TWD,usdt_twd,1d,29.37,"reported, not observed",api.bitopro.com/v3/trading-history
2020-07-09T00:00:00Z,BitoPro,TWD,usdt_twd,1d,29.39,"reported, not observed",api.bitopro.com/v3/trading-history
2020-07-10T00:00:00Z,BitoPro,TWD,usdt_twd,1d,29.54,"reported, not observed",api.bitopro.com/v3/trading-history
2020-07-11T00:00:00Z,BitoPro,TWD,usdt_twd,1d,29.48,"reported, not observed",api.bitopro.com/v3/trading-history
2020-07-12T00:00:00Z,BitoPro,TWD,usdt_twd,1d,29.45,"reported, not observed",api.bitopro.com/v3/trading-history
2020-07-13T00:00:00Z,BitoPro,TWD,usdt_twd,1d,29.44,"reported, not observed",api.bitopro.com/v3/trading-history
2020-07-14T00:00:00Z,BitoPro,TWD,usdt_twd,1d,29.44,"reported, not observed",api.bitopro.com/v3/trading-history
2020-07-15T00:00:00Z,BitoPro,TWD,usdt_twd,1d,29.44,"reported, not observed",api.bitopro.com/v3/trading-history
2020-07-16T00:00:00Z,BitoPro,TWD,usdt_twd,1d,29.43,"reported, not observed",api.bitopro.com/v3/trading-history
2020-07-17T00:00:00Z,BitoPro,TWD,usdt_twd,1d,29.47,"reported, not observed",api.bitopro.com/v3/trading-history
2020-07-18T00:00:00Z,BitoPro,TWD,usdt_twd,1d,29.43,"reported, not observed",api.bitopro.com/v3/trading-history
2020-07-19T00:00:00Z,BitoPro,TWD,usdt_twd,1d,29.42,"reported, not observed",api.bitopro.com/v3/trading-history
2020-07-20T00:00:00Z,BitoPro,TWD,usdt_twd,1d,29.38,"reported, not observed",api.bitopro.com/v3/trading-history
2020-07-21T00:00:00Z,BitoPro,TWD,usdt_twd,1d,29.33,"reported, not observed",api.bitopro.com/v3/trading-history
2020-07-22T00:00:00Z,BitoPro,TWD,usdt_twd,1d,29.34,"reported, not observed",api.bitopro.com/v3/trading-history
2020-07-23T00:00:00Z,BitoPro,TWD,usdt_twd,1d,29.33,"reported, not observed",api.bitopro.com/v3/trading-history
2020-07-24T00:00:00Z,BitoPro,TWD,usdt_twd,1d,29.41,"reported, not observed",api.bitopro.com/v3/trading-history
2020-07-25T00:00:00Z,BitoPro,TWD,usdt_twd,1d,29.42,"reported, not observed",api.bitopro.com/v3/trading-history
2020-07-26T00:00:00Z,BitoPro,TWD,usdt_twd,1d,29.37,"reported, not observed",api.bitopro.com/v3/trading-history
2020-07-27T00:00:00Z,BitoPro,TWD,usdt_twd,1d,29.3,"reported, not observed",api.bitopro.com/v3/trading-history
2020-07-28T00:00:00Z,BitoPro,TWD,usdt_twd,1d,29.2599,"reported, not observed",api.bitopro.com/v3/trading-history
2020-07-29T00:00:00Z,BitoPro,TWD,usdt_twd,1d,29.2224,"reported, not observed",api.bitopro.com/v3/trading-history
2020-07-30T00:00:00Z,BitoPro,TWD,usdt_twd,1d,29.2897,"reported, not observed",api.bitopro.com/v3/trading-history
2020-07-31T00:00:00Z,BitoPro,TWD,usdt_twd,1d,29.34,"reported, not observed",api.bitopro.com/v3/trading-history
2020-08-01T00:00:00Z,BitoPro,TWD,usdt_twd,1d,29.3499,"reported, not observed",api.bitopro.com/v3/trading-history
2020-08-02T00:00:00Z,BitoPro,TWD,usdt_twd,1d,29.37,"reported, not observed",api.bitopro.com/v3/trading-history
2020-08-03T00:00:00Z,BitoPro,TWD,usdt_twd,1d,29.3617,"reported, not observed",api.bitopro.com/v3/trading-history
2020-08-04T00:00:00Z,BitoPro,TWD,usdt_twd,1d,29.3504,"reported, not observed",api.bitopro.com/v3/trading-history
2020-08-05T00:00:00Z,BitoPro,TWD,usdt_twd,1d,29.2821,"reported, not observed",api.bitopro.com/v3/trading-history
2020-08-06T00:00:00Z,BitoPro,TWD,usdt_twd,1d,29.302,"reported, not observed",api.bitopro.com/v3/trading-history
2020-08-07T00:00:00Z,BitoPro,TWD,usdt_twd,1d,29.4391,"reported, not observed",api.bitopro.com/v3/trading-history
2020-08-08T00:00:00Z,BitoPro,TWD,usdt_twd,1d,29.3617,"reported, not observed",api.bitopro.com/v3/trading-history
2020-08-09T00:00:00Z,BitoPro,TWD,usdt_twd,1d,29.3811,"reported, not observed",api.bitopro.com/v3/trading-history
2020-08-10T00:00:00Z,BitoPro,TWD,usdt_twd,1d,29.3295,"reported, not observed",api.bitopro.com/v3/trading-history
2020-08-11T00:00:00Z,BitoPro,TWD,usdt_twd,1d,29.403,"reported, not observed",api.bitopro.com/v3/trading-history
2020-08-12T00:00:00Z,BitoPro,TWD,usdt_twd,1d,29.4062,"reported, not observed",api.bitopro.com/v3/trading-history
2020-08-13T00:00:00Z,BitoPro,TWD,usdt_twd,1d,29.3541,"reported, not observed",api.bitopro.com/v3/trading-history
2020-08-14T00:00:00Z,BitoPro,TWD,usdt_twd,1d,29.3854,"reported, not observed",api.bitopro.com/v3/trading-history
2020-08-15T00:00:00Z,BitoPro,TWD,usdt_twd,1d,29.3724,"reported, not observed",api.bitopro.com/v3/trading-history
2020-08-16T00:00:00Z,BitoPro,TWD,usdt_twd,1d,29.36,"reported, not observed",api.bitopro.com/v3/trading-history
2020-08-17T00:00:00Z,BitoPro,TWD,usdt_twd,1d,29.3854,"reported, not observed",api.bitopro.com/v3/trading-history
2020-08-18T00:00:00Z,BitoPro,TWD,usdt_twd,1d,29.3837,"reported, not observed",api.bitopro.com/v3/trading-history
2020-08-19T00:00:00Z,BitoPro,TWD,usdt_twd,1d,29.395,"reported, not observed",api.bitopro.com/v3/trading-history
2020-08-20T00:00:00Z,BitoPro,TWD,usdt_twd,1d,29.3561,"reported, not observed",api.bitopro.com/v3/trading-history
2020-08-21T00:00:00Z,BitoPro,TWD,usdt_twd,1d,29.3982,"reported, not observed",api.bitopro.com/v3/trading-history
2020-08-22T00:00:00Z,BitoPro,TWD,usdt_twd,1d,29.3561,"reported, not observed",api.bitopro.com/v3/trading-history
2020-08-23T00:00:00Z,BitoPro,TWD,usdt_twd,1d,29.35,"reported, not observed",api.bitopro.com/v3/trading-history
2020-08-24T00:00:00Z,BitoPro,TWD,usdt_twd,1d,29.27,"reported, not observed",api.bitopro.com/v3/trading-history
2020-08-25T00:00:00Z,BitoPro,TWD,usdt_twd,1d,29.348,"reported, not observed",api.bitopro.com/v3/trading-history
2020-08-26T00:00:00Z,BitoPro,TWD,usdt_twd,1d,29.296,"reported, not observed",api.bitopro.com/v3/trading-history
2020-08-27T00:00:00Z,BitoPro,TWD,usdt_twd,1d,29.295,"reported, not observed",api.bitopro.com/v3/trading-history
2020-08-28T00:00:00Z,BitoPro,TWD,usdt_twd,1d,29.275,"reported, not observed",api.bitopro.com/v3/trading-history
2020-08-29T00:00:00Z,BitoPro,TWD,usdt_twd,1d,29.2666,"reported, not observed",api.bitopro.com/v3/trading-history
2020-08-30T00:00:00Z,BitoPro,TWD,usdt_twd,1d,29.2218,"reported, not observed",api.bitopro.com/v3/trading-history
2020-08-31T00:00:00Z,BitoPro,TWD,usdt_twd,1d,29.25,"reported, not observed",api.bitopro.com/v3/trading-history
2020-09-01T00:00:00Z,BitoPro,TWD,usdt_twd,1d,29.121,"reported, not observed",api.bitopro.com/v3/trading-history
2020-09-02T00:00:00Z,BitoPro,TWD,usdt_twd,1d,29.27,"reported, not observed",api.bitopro.com/v3/trading-history
2020-09-03T00:00:00Z,BitoPro,TWD,usdt_twd,1d,29.5,"reported, not observed",api.bitopro.com/v3/trading-history
2020-09-04T00:00:00Z,BitoPro,TWD,usdt_twd,1d,29.4873,"reported, not observed",api.bitopro.com/v3/trading-history
2020-09-05T00:00:00Z,BitoPro,TWD,usdt_twd,1d,29.4447,"reported, not observed",api.bitopro.com/v3/trading-history
2020-09-06T00:00:00Z,BitoPro,TWD,usdt_twd,1d,29.3926,"reported, not observed",api.bitopro.com/v3/trading-history
2020-09-07T00:00:00Z,BitoPro,TWD,usdt_twd,1d,29.4242,"reported, not observed",api.bitopro.com/v3/trading-history
2020-09-08T00:00:00Z,BitoPro,TWD,usdt_twd,1d,29.4763,"reported, not observed",api.bitopro.com/v3/trading-history
2020-09-09T00:00:00Z,BitoPro,TWD,usdt_twd,1d,29.4301,"reported, not observed",api.bitopro.com/v3/trading-history
2020-09-10T00:00:00Z,BitoPro,TWD,usdt_twd,1d,29.4026,"reported, not observed",api.bitopro.com/v3/trading-history
2020-09-11T00:00:00Z,BitoPro,TWD,usdt_twd,1d,29.4392,"reported, not observed",api.bitopro.com/v3/trading-history
2020-09-12T00:00:00Z,BitoPro,TWD,usdt_twd,1d,29.4242,"reported, not observed",api.bitopro.com/v3/trading-history
2020-09-13T00:00:00Z,BitoPro,TWD,usdt_twd,1d,29.4766,"reported, not observed",api.bitopro.com/v3/trading-history
2020-09-14T00:00:00Z,BitoPro,TWD,usdt_twd,1d,29.403,"reported, not observed",api.bitopro.com/v3/trading-history
2020-09-15T00:00:00Z,BitoPro,TWD,usdt_twd,1d,29.4031,"reported, not observed",api.bitopro.com/v3/trading-history
2020-09-16T00:00:00Z,BitoPro,TWD,usdt_twd,1d,29.311,"reported, not observed",api.bitopro.com/v3/trading-history
2020-09-17T00:00:00Z,BitoPro,TWD,usdt_twd,1d,29.2601,"reported, not observed",api.bitopro.com/v3/trading-history
2020-09-18T00:00:00Z,BitoPro,TWD,usdt_twd,1d,29.2387,"reported, not observed",api.bitopro.com/v3/trading-history
2020-09-19T00:00:00Z,BitoPro,TWD,usdt_twd,1d,29.1799,"reported, not observed",api.bitopro.com/v3/trading-history
2020-09-20T00:00:00Z,BitoPro,TWD,usdt_twd,1d,29.1,"reported, not observed",api.bitopro.com/v3/trading-history
2020-09-21T00:00:00Z,BitoPro,TWD,usdt_twd,1d,29.139,"reported, not observed",api.bitopro.com/v3/trading-history
2020-09-22T00:00:00Z,BitoPro,TWD,usdt_twd,1d,29.06,"reported, not observed",api.bitopro.com/v3/trading-history
2020-09-23T00:00:00Z,BitoPro,TWD,usdt_twd,1d,29.2,"reported, not observed",api.bitopro.com/v3/trading-history
2020-09-24T00:00:00Z,BitoPro,TWD,usdt_twd,1d,29.14,"reported, not observed",api.bitopro.com/v3/trading-history
2020-09-25T00:00:00Z,BitoPro,TWD,usdt_twd,1d,29.131,"reported, not observed",api.bitopro.com/v3/trading-history
2020-09-26T00:00:00Z,BitoPro,TWD,usdt_twd,1d,29.1714,"reported, not observed",api.bitopro.com/v3/trading-history
2020-09-27T00:00:00Z,BitoPro,TWD,usdt_twd,1d,29.161,"reported, not observed",api.bitopro.com/v3/trading-history
2020-09-28T00:00:00Z,BitoPro,TWD,usdt_twd,1d,29.0687,"reported, not observed",api.bitopro.com/v3/trading-history
2020-09-29T00:00:00Z,BitoPro,TWD,usdt_twd,1d,29.0299,"reported, not observed",api.bitopro.com/v3/trading-history
2020-09-30T00:00:00Z,BitoPro,TWD,usdt_twd,1d,29.0744,"reported, not observed",api.bitopro.com/v3/trading-history
2020-10-01T00:00:00Z,BitoPro,TWD,usdt_twd,1d,29.0211,"reported, not observed",api.bitopro.com/v3/trading-history
2020-10-02T00:00:00Z,BitoPro,TWD,usdt_twd,1d,29.06,"reported, not observed",api.bitopro.com/v3/trading-history
2020-10-03T00:00:00Z,BitoPro,TWD,usdt_twd,1d,29.019,"reported, not observed",api.bitopro.com/v3/trading-history
2020-10-04T00:00:00Z,BitoPro,TWD,usdt_twd,1d,29.01,"reported, not observed",api.bitopro.com/v3/trading-history
2020-10-05T00:00:00Z,BitoPro,TWD,usdt_twd,1d,28.9697,"reported, not observed",api.bitopro.com/v3/trading-history
2020-10-06T00:00:00Z,BitoPro,TWD,usdt_twd,1d,28.873,"reported, not observed",api.bitopro.com/v3/trading-history
2020-10-07T00:00:00Z,BitoPro,TWD,usdt_twd,1d,28.8802,"reported, not observed",api.bitopro.com/v3/trading-history
2020-10-08T00:00:00Z,BitoPro,TWD,usdt_twd,1d,28.925,"reported, not observed",api.bitopro.com/v3/trading-history
2020-10-09T00:00:00Z,BitoPro,TWD,usdt_twd,1d,28.83,"reported, not observed",api.bitopro.com/v3/trading-history
2020-10-10T00:00:00Z,BitoPro,TWD,usdt_twd,1d,28.65,"reported, not observed",api.bitopro.com/v3/trading-history
2020-10-11T00:00:00Z,BitoPro,TWD,usdt_twd,1d,28.6201,"reported, not observed",api.bitopro.com/v3/trading-history
2020-10-12T00:00:00Z,BitoPro,TWD,usdt_twd,1d,28.57,"reported, not observed",api.bitopro.com/v3/trading-history
2020-10-13T00:00:00Z,BitoPro,TWD,usdt_twd,1d,28.68,"reported, not observed",api.bitopro.com/v3/trading-history
2020-10-14T00:00:00Z,BitoPro,TWD,usdt_twd,1d,28.7401,"reported, not observed",api.bitopro.com/v3/trading-history
2020-10-15T00:00:00Z,BitoPro,TWD,usdt_twd,1d,28.7321,"reported, not observed",api.bitopro.com/v3/trading-history
2020-10-16T00:00:00Z,BitoPro,TWD,usdt_twd,1d,28.7883,"reported, not observed",api.bitopro.com/v3/trading-history
2020-10-17T00:00:00Z,BitoPro,TWD,usdt_twd,1d,28.7237,"reported, not observed",api.bitopro.com/v3/trading-history
2020-10-18T00:00:00Z,BitoPro,TWD,usdt_twd,1d,28.5001,"reported, not observed",api.bitopro.com/v3/trading-history
2020-10-19T00:00:00Z,BitoPro,TWD,usdt_twd,1d,28.5006,"reported, not observed",api.bitopro.com/v3/trading-history
2020-10-20T00:00:00Z,BitoPro,TWD,usdt_twd,1d,28.5528,"reported, not observed",api.bitopro.com/v3/trading-history
2020-10-21T00:00:00Z,BitoPro,TWD,usdt_twd,1d,28.3,"reported, not observed",api.bitopro.com/v3/trading-history
2020-10-22T00:00:00Z,BitoPro,TWD,usdt_twd,1d,28.495,"reported, not observed",api.bitopro.com/v3/trading-history
2020-10-23T00:00:00Z,BitoPro,TWD,usdt_twd,1d,28.5794,"reported, not observed",api.bitopro.com/v3/trading-history
2020-10-24T00:00:00Z,BitoPro,TWD,usdt_twd,1d,28.549,"reported, not observed",api.bitopro.com/v3/trading-history
2020-10-25T00:00:00Z,BitoPro,TWD,usdt_twd,1d,28.4607,"reported, not observed",api.bitopro.com/v3/trading-history
2020-10-26T00:00:00Z,BitoPro,TWD,usdt_twd,1d,28.452,"reported, not observed",api.bitopro.com/v3/trading-history
2020-10-27T00:00:00Z,BitoPro,TWD,usdt_twd,1d,28.4004,"reported, not observed",api.bitopro.com/v3/trading-history
2020-10-28T00:00:00Z,BitoPro,TWD,usdt_twd,1d,28.56,"reported, not observed",api.bitopro.com/v3/trading-history
2020-10-29T00:00:00Z,BitoPro,TWD,usdt_twd,1d,28.4511,"reported, not observed",api.bitopro.com/v3/trading-history
2020-10-30T00:00:00Z,BitoPro,TWD,usdt_twd,1d,28.5965,"reported, not observed",api.bitopro.com/v3/trading-history
2020-10-31T00:00:00Z,BitoPro,TWD,usdt_twd,1d,28.54,"reported, not observed",api.bitopro.com/v3/trading-history
2020-11-01T00:00:00Z,BitoPro,TWD,usdt_twd,1d,28.4855,"reported, not observed",api.bitopro.com/v3/trading-history
2020-11-02T00:00:00Z,BitoPro,TWD,usdt_twd,1d,28.475,"reported, not observed",api.bitopro.com/v3/trading-history
2020-11-03T00:00:00Z,BitoPro,TWD,usdt_twd,1d,28.4599,"reported, not observed",api.bitopro.com/v3/trading-history
2020-11-04T00:00:00Z,BitoPro,TWD,usdt_twd,1d,28.429,"reported, not observed",api.bitopro.com/v3/trading-history
2020-11-05T00:00:00Z,BitoPro,TWD,usdt_twd,1d,28.479,"reported, not observed",api.bitopro.com/v3/trading-history
2020-11-06T00:00:00Z,BitoPro,TWD,usdt_twd,1d,28.4654,"reported, not observed",api.bitopro.com/v3/trading-history
2020-11-07T00:00:00Z,BitoPro,TWD,usdt_twd,1d,28.375,"reported, not observed",api.bitopro.com/v3/trading-history
2020-11-08T00:00:00Z,BitoPro,TWD,usdt_twd,1d,28.439,"reported, not observed",api.bitopro.com/v3/trading-history
2020-11-09T00:00:00Z,BitoPro,TWD,usdt_twd,1d,28.44,"reported, not observed",api.bitopro.com/v3/trading-history
2020-11-10T00:00:00Z,BitoPro,TWD,usdt_twd,1d,28.4702,"reported, not observed",api.bitopro.com/v3/trading-history
2020-11-11T00:00:00Z,BitoPro,TWD,usdt_twd,1d,28.4448,"reported, not observed",api.bitopro.com/v3/trading-history
2020-11-12T00:00:00Z,BitoPro,TWD,usdt_twd,1d,28.4699,"reported, not observed",api.bitopro.com/v3/trading-history
2020-11-13T00:00:00Z,BitoPro,TWD,usdt_twd,1d,28.499,"reported, not observed",api.bitopro.com/v3/trading-history
2020-11-14T00:00:00Z,BitoPro,TWD,usdt_twd,1d,28.49,"reported, not observed",api.bitopro.com/v3/trading-history
2020-11-15T00:00:00Z,BitoPro,TWD,usdt_twd,1d,28.5199,"reported, not observed",api.bitopro.com/v3/trading-history
2020-11-16T00:00:00Z,BitoPro,TWD,usdt_twd,1d,28.4015,"reported, not observed",api.bitopro.com/v3/trading-history
2020-11-17T00:00:00Z,BitoPro,TWD,usdt_twd,1d,28.435,"reported, not observed",api.bitopro.com/v3/trading-history
2020-11-18T00:00:00Z,BitoPro,TWD,usdt_twd,1d,28.451,"reported, not observed",api.bitopro.com/v3/trading-history
2020-11-19T00:00:00Z,BitoPro,TWD,usdt_twd,1d,28.4401,"reported, not observed",api.bitopro.com/v3/trading-history
2020-11-20T00:00:00Z,BitoPro,TWD,usdt_twd,1d,28.468,"reported, not observed",api.bitopro.com/v3/trading-history
2020-11-21T00:00:00Z,BitoPro,TWD,usdt_twd,1d,28.4,"reported, not observed",api.bitopro.com/v3/trading-history
2020-11-22T00:00:00Z,BitoPro,TWD,usdt_twd,1d,28.5082,"reported, not observed",api.bitopro.com/v3/trading-history
2020-11-23T00:00:00Z,BitoPro,TWD,usdt_twd,1d,28.4418,"reported, not observed",api.bitopro.com/v3/trading-history
2020-11-24T00:00:00Z,BitoPro,TWD,usdt_twd,1d,28.4999,"reported, not observed",api.bitopro.com/v3/trading-history
2020-11-25T00:00:00Z,BitoPro,TWD,usdt_twd,1d,28.46,"reported, not observed",api.bitopro.com/v3/trading-history
2020-11-26T00:00:00Z,BitoPro,TWD,usdt_twd,1d,28.5617,"reported, not observed",api.bitopro.com/v3/trading-history
2020-11-27T00:00:00Z,BitoPro,TWD,usdt_twd,1d,28.5216,"reported, not observed",api.bitopro.com/v3/trading-history
2020-11-28T00:00:00Z,BitoPro,TWD,usdt_twd,1d,28.551,"reported, not observed",api.bitopro.com/v3/trading-history
2020-11-29T00:00:00Z,BitoPro,TWD,usdt_twd,1d,28.545,"reported, not observed",api.bitopro.com/v3/trading-history
2020-11-30T00:00:00Z,BitoPro,TWD,usdt_twd,1d,28.4,"reported, not observed",api.bitopro.com/v3/trading-history
2020-12-01T00:00:00Z,BitoPro,TWD,usdt_twd,1d,28.495,"reported, not observed",api.bitopro.com/v3/trading-history
2020-12-02T00:00:00Z,BitoPro,TWD,usdt_twd,1d,28.465,"reported, not observed",api.bitopro.com/v3/trading-history
2020-12-03T00:00:00Z,BitoPro,TWD,usdt_twd,1d,28.3321,"reported, not observed",api.bitopro.com/v3/trading-history
2020-12-04T00:00:00Z,BitoPro,TWD,usdt_twd,1d,28.3583,"reported, not observed",api.bitopro.com/v3/trading-history
2020-12-05T00:00:00Z,BitoPro,TWD,usdt_twd,1d,28.301,"reported, not observed",api.bitopro.com/v3/trading-history
2020-12-06T00:00:00Z,BitoPro,TWD,usdt_twd,1d,28.25,"reported, not observed",api.bitopro.com/v3/trading-history
2020-12-07T00:00:00Z,BitoPro,TWD,usdt_twd,1d,28.26,"reported, not observed",api.bitopro.com/v3/trading-history
2020-12-08T00:00:00Z,BitoPro,TWD,usdt_twd,1d,28.35,"reported, not observed",api.bitopro.com/v3/trading-history
2020-12-09T00:00:00Z,BitoPro,TWD,usdt_twd,1d,28.2604,"reported, not observed",api.bitopro.com/v3/trading-history
2020-12-10T00:00:00Z,BitoPro,TWD,usdt_twd,1d,28.258,"reported, not observed",api.bitopro.com/v3/trading-history
2020-12-11T00:00:00Z,BitoPro,TWD,usdt_twd,1d,28.23,"reported, not observed",api.bitopro.com/v3/trading-history
2020-12-12T00:00:00Z,BitoPro,TWD,usdt_twd,1d,28.23,"reported, not observed",api.bitopro.com/v3/trading-history
2020-12-13T00:00:00Z,BitoPro,TWD,usdt_twd,1d,28.1833,"reported, not observed",api.bitopro.com/v3/trading-history
2020-12-14T00:00:00Z,BitoPro,TWD,usdt_twd,1d,28.12,"reported, not observed",api.bitopro.com/v3/trading-history
2020-12-15T00:00:00Z,BitoPro,TWD,usdt_twd,1d,28.1233,"reported, not observed",api.bitopro.com/v3/trading-history
2020-12-16T00:00:00Z,BitoPro,TWD,usdt_twd,1d,27.9607,"reported, not observed",api.bitopro.com/v3/trading-history
2020-12-17T00:00:00Z,BitoPro,TWD,usdt_twd,1d,27.88,"reported, not observed",api.bitopro.com/v3/trading-history
2020-12-18T00:00:00Z,BitoPro,TWD,usdt_twd,1d,28.1001,"reported, not observed",api.bitopro.com/v3/trading-history
2020-12-19T00:00:00Z,BitoPro,TWD,usdt_twd,1d,28.124,"reported, not observed",api.bitopro.com/v3/trading-history
2020-12-20T00:00:00Z,BitoPro,TWD,usdt_twd,1d,28.1046,"reported, not observed",api.bitopro.com/v3/trading-history
2020-12-21T00:00:00Z,BitoPro,TWD,usdt_twd,1d,28.15,"reported, not observed",api.bitopro.com/v3/trading-history
2020-12-22T00:00:00Z,BitoPro,TWD,usdt_twd,1d,28.0732,"reported, not observed",api.bitopro.com/v3/trading-history
2020-12-23T00:00:00Z,BitoPro,TWD,usdt_twd,1d,28.1499,"reported, not observed",api.bitopro.com/v3/trading-history
2020-12-24T00:00:00Z,BitoPro,TWD,usdt_twd,1d,28.1935,"reported, not observed",api.bitopro.com/v3/trading-history
2020-12-25T00:00:00Z,BitoPro,TWD,usdt_twd,1d,28.1085,"reported, not observed",api.bitopro.com/v3/trading-history
2020-12-26T00:00:00Z,BitoPro,TWD,usdt_twd,1d,28.1049,"reported, not observed",api.bitopro.com/v3/trading-history
2020-12-27T00:00:00Z,BitoPro,TWD,usdt_twd,1d,28.088,"reported, not observed",api.bitopro.com/v3/trading-history
2020-12-28T00:00:00Z,BitoPro,TWD,usdt_twd,1d,28.055,"reported, not observed",api.bitopro.com/v3/trading-history
2020-12-29T00:00:00Z,BitoPro,TWD,usdt_twd,1d,28.04,"reported, not observed",api.bitopro.com/v3/trading-history
2020-12-30T00:00:00Z,BitoPro,TWD,usdt_twd,1d,28.1488,"reported, not observed",api.bitopro.com/v3/trading-history
2020-12-31T00:00:00Z,BitoPro,TWD,usdt_twd,1d,28.23,"reported, not observed",api.bitopro.com/v3/trading-history
2021-01-01T00:00:00Z,BitoPro,TWD,usdt_twd,1d,28.1962,"reported, not observed",api.bitopro.com/v3/trading-history
2021-01-02T00:00:00Z,BitoPro,TWD,usdt_twd,1d,28.1715,"reported, not observed",api.bitopro.com/v3/trading-history
2021-01-03T00:00:00Z,BitoPro,TWD,usdt_twd,1d,28.2625,"reported, not observed",api.bitopro.com/v3/trading-history
2021-01-04T00:00:00Z,BitoPro,TWD,usdt_twd,1d,28.1515,"reported, not observed",api.bitopro.com/v3/trading-history
2021-01-05T00:00:00Z,BitoPro,TWD,usdt_twd,1d,28.0775,"reported, not observed",api.bitopro.com/v3/trading-history
2021-01-06T00:00:00Z,BitoPro,TWD,usdt_twd,1d,27.9315,"reported, not observed",api.bitopro.com/v3/trading-history
2021-01-07T00:00:00Z,BitoPro,TWD,usdt_twd,1d,27.9551,"reported, not observed",api.bitopro.com/v3/trading-history
2021-01-08T00:00:00Z,BitoPro,TWD,usdt_twd,1d,28.1528,"reported, not observed",api.bitopro.com/v3/trading-history
2021-01-09T00:00:00Z,BitoPro,TWD,usdt_twd,1d,28.1426,"reported, not observed",api.bitopro.com/v3/trading-history
2021-01-10T00:00:00Z,BitoPro,TWD,usdt_twd,1d,28.18,"reported, not observed",api.bitopro.com/v3/trading-history
2021-01-11T00:00:00Z,BitoPro,TWD,usdt_twd,1d,28.11,"reported, not observed",api.bitopro.com/v3/trading-history
2021-01-12T00:00:00Z,BitoPro,TWD,usdt_twd,1d,28.26,"reported, not observed",api.bitopro.com/v3/trading-history
2021-01-13T00:00:00Z,BitoPro,TWD,usdt_twd,1d,28.1444,"reported, not observed",api.bitopro.com/v3/trading-history
2021-01-14T00:00:00Z,BitoPro,TWD,usdt_twd,1d,28.01,"reported, not observed",api.bitopro.com/v3/trading-history
2021-01-15T00:00:00Z,BitoPro,TWD,usdt_twd,1d,28.1839,"reported, not observed",api.bitopro.com/v3/trading-history
2021-01-16T00:00:00Z,BitoPro,TWD,usdt_twd,1d,28.0501,"reported, not observed",api.bitopro.com/v3/trading-history
2021-01-17T00:00:00Z,BitoPro,TWD,usdt_twd,1d,28.08,"reported, not observed",api.bitopro.com/v3/trading-history
2021-01-18T00:00:00Z,BitoPro,TWD,usdt_twd,1d,28.0667,"reported, not observed",api.bitopro.com/v3/trading-history
2021-01-19T00:00:00Z,BitoPro,TWD,usdt_twd,1d,28.1,"reported, not observed",api.bitopro.com/v3/trading-history
2021-01-20T00:00:00Z,BitoPro,TWD,usdt_twd,1d,28.1066,"reported, not observed",api.bitopro.com/v3/trading-history
2021-01-21T00:00:00Z,BitoPro,TWD,usdt_twd,1d,28.23,"reported, not observed",api.bitopro.com/v3/trading-history
2021-01-22T00:00:00Z,BitoPro,TWD,usdt_twd,1d,28.242,"reported, not observed",api.bitopro.com/v3/trading-history
2021-01-23T00:00:00Z,BitoPro,TWD,usdt_twd,1d,28.35,"reported, not observed",api.bitopro.com/v3/trading-history
2021-01-24T00:00:00Z,BitoPro,TWD,usdt_twd,1d,28.1378,"reported, not observed",api.bitopro.com/v3/trading-history
2021-01-25T00:00:00Z,BitoPro,TWD,usdt_twd,1d,28.1579,"reported, not observed",api.bitopro.com/v3/trading-history
2021-01-26T00:00:00Z,BitoPro,TWD,usdt_twd,1d,28.26,"reported, not observed",api.bitopro.com/v3/trading-history
2021-01-27T00:00:00Z,BitoPro,TWD,usdt_twd,1d,28.4298,"reported, not observed",api.bitopro.com/v3/trading-history
2021-01-28T00:00:00Z,BitoPro,TWD,usdt_twd,1d,28.22,"reported, not observed",api.bitopro.com/v3/trading-history
2021-01-29T00:00:00Z,BitoPro,TWD,usdt_twd,1d,28.1285,"reported, not observed",api.bitopro.com/v3/trading-history
2021-01-30T00:00:00Z,BitoPro,TWD,usdt_twd,1d,28.1603,"reported, not observed",api.bitopro.com/v3/trading-history
2021-01-31T00:00:00Z,BitoPro,TWD,usdt_twd,1d,28.2801,"reported, not observed",api.bitopro.com/v3/trading-history
2021-02-01T00:00:00Z,BitoPro,TWD,usdt_twd,1d,28.1071,"reported, not observed",api.bitopro.com/v3/trading-history
2021-02-02T00:00:00Z,BitoPro,TWD,usdt_twd,1d,27.9355,"reported, not observed",api.bitopro.com/v3/trading-history
2021-02-03T00:00:00Z,BitoPro,TWD,usdt_twd,1d,27.954,"reported, not observed",api.bitopro.com/v3/trading-history
2021-02-04T00:00:00Z,BitoPro,TWD,usdt_twd,1d,28.1621,"reported, not observed",api.bitopro.com/v3/trading-history
2021-02-05T00:00:00Z,BitoPro,TWD,usdt_twd,1d,28.1202,"reported, not observed",api.bitopro.com/v3/trading-history
2021-02-06T00:00:00Z,BitoPro,TWD,usdt_twd,1d,28.1192,"reported, not observed",api.bitopro.com/v3/trading-history
2021-02-07T00:00:00Z,BitoPro,TWD,usdt_twd,1d,28.2234,"reported, not observed",api.bitopro.com/v3/trading-history
2021-02-08T00:00:00Z,BitoPro,TWD,usdt_twd,1d,27.9714,"reported, not observed",api.bitopro.com/v3/trading-history
2021-02-09T00:00:00Z,BitoPro,TWD,usdt_twd,1d,28.1683,"reported, not observed",api.bitopro.com/v3/trading-history
2021-02-10T00:00:00Z,BitoPro,TWD,usdt_twd,1d,28.2714,"reported, not observed",api.bitopro.com/v3/trading-history
2021-02-11T00:00:00Z,BitoPro,TWD,usdt_twd,1d,28.1286,"reported, not observed",api.bitopro.com/v3/trading-history
2021-02-12T00:00:00Z,BitoPro,TWD,usdt_twd,1d,28.1275,"reported, not observed",api.bitopro.com/v3/trading-history
2021-02-13T00:00:00Z,BitoPro,TWD,usdt_twd,1d,28.1806,"reported, not observed",api.bitopro.com/v3/trading-history
2021-02-14T00:00:00Z,BitoPro,TWD,usdt_twd,1d,28.254,"reported, not observed",api.bitopro.com/v3/trading-history
2021-02-15T00:00:00Z,BitoPro,TWD,usdt_twd,1d,28.1928,"reported, not observed",api.bitopro.com/v3/trading-history
2021-02-16T00:00:00Z,BitoPro,TWD,usdt_twd,1d,28.2112,"reported, not observed",api.bitopro.com/v3/trading-history
2021-02-17T00:00:00Z,BitoPro,TWD,usdt_twd,1d,28.0275,"reported, not observed",api.bitopro.com/v3/trading-history
2021-02-18T00:00:00Z,BitoPro,TWD,usdt_twd,1d,28.1285,"reported, not observed",api.bitopro.com/v3/trading-history
2021-02-19T00:00:00Z,BitoPro,TWD,usdt_twd,1d,28.1855,"reported, not observed",api.bitopro.com/v3/trading-history
2021-02-20T00:00:00Z,BitoPro,TWD,usdt_twd,1d,28.31,"reported, not observed",api.bitopro.com/v3/trading-history
2021-02-21T00:00:00Z,BitoPro,TWD,usdt_twd,1d,28.32,"reported, not observed",api.bitopro.com/v3/trading-history
2021-02-22T00:00:00Z,BitoPro,TWD,usdt_twd,1d,28.376,"reported, not observed",api.bitopro.com/v3/trading-history
2021-02-23T00:00:00Z,BitoPro,TWD,usdt_twd,1d,28.5428,"reported, not observed",api.bitopro.com/v3/trading-history
2021-02-24T00:00:00Z,BitoPro,TWD,usdt_twd,1d,28.59,"reported, not observed",api.bitopro.com/v3/trading-history
2021-02-25T00:00:00Z,BitoPro,TWD,usdt_twd,1d,28.6499,"reported, not observed",api.bitopro.com/v3/trading-history
2021-02-26T00:00:00Z,BitoPro,TWD,usdt_twd,1d,28.7142,"reported, not observed",api.bitopro.com/v3/trading-history
2021-02-27T00:00:00Z,BitoPro,TWD,usdt_twd,1d,28.7124,"reported, not observed",api.bitopro.com/v3/trading-history
2021-02-28T00:00:00Z,BitoPro,TWD,usdt_twd,1d,28.4001,"reported, not observed",api.bitopro.com/v3/trading-history
2021-03-01T00:00:00Z,BitoPro,TWD,usdt_twd,1d,28.1999,"reported, not observed",api.bitopro.com/v3/trading-history
2021-03-02T00:00:00Z,BitoPro,TWD,usdt_twd,1d,28.372,"reported, not observed",api.bitopro.com/v3/trading-history
2021-03-03T00:00:00Z,BitoPro,TWD,usdt_twd,1d,28.2284,"reported, not observed",api.bitopro.com/v3/trading-history
2021-03-04T00:00:00Z,BitoPro,TWD,usdt_twd,1d,28.4012,"reported, not observed",api.bitopro.com/v3/trading-history
2021-03-05T00:00:00Z,BitoPro,TWD,usdt_twd,1d,28.34,"reported, not observed",api.bitopro.com/v3/trading-history
2021-03-06T00:00:00Z,BitoPro,TWD,usdt_twd,1d,28.2428,"reported, not observed",api.bitopro.com/v3/trading-history
2021-03-07T00:00:00Z,BitoPro,TWD,usdt_twd,1d,28.157,"reported, not observed",api.bitopro.com/v3/trading-history
2021-03-08T00:00:00Z,BitoPro,TWD,usdt_twd,1d,28.2142,"reported, not observed",api.bitopro.com/v3/trading-history
2021-03-09T00:00:00Z,BitoPro,TWD,usdt_twd,1d,28.3285,"reported, not observed",api.bitopro.com/v3/trading-history
2021-03-10T00:00:00Z,BitoPro,TWD,usdt_twd,1d,28.41,"reported, not observed",api.bitopro.com/v3/trading-history
2021-03-11T00:00:00Z,BitoPro,TWD,usdt_twd,1d,28.3428,"reported, not observed",api.bitopro.com/v3/trading-history
2021-03-12T00:00:00Z,BitoPro,TWD,usdt_twd,1d,28.4571,"reported, not observed",api.bitopro.com/v3/trading-history
2021-03-13T00:00:00Z,BitoPro,TWD,usdt_twd,1d,28.2469,"reported, not observed",api.bitopro.com/v3/trading-history
2021-03-14T00:00:00Z,BitoPro,TWD,usdt_twd,1d,28.302,"reported, not observed",api.bitopro.com/v3/trading-history
2021-03-15T00:00:00Z,BitoPro,TWD,usdt_twd,1d,28.5714,"reported, not observed",api.bitopro.com/v3/trading-history
2021-03-16T00:00:00Z,BitoPro,TWD,usdt_twd,1d,28.53,"reported, not observed",api.bitopro.com/v3/trading-history
2021-03-17T00:00:00Z,BitoPro,TWD,usdt_twd,1d,28.4285,"reported, not observed",api.bitopro.com/v3/trading-history
2021-03-18T00:00:00Z,BitoPro,TWD,usdt_twd,1d,28.6,"reported, not observed",api.bitopro.com/v3/trading-history
2021-03-19T00:00:00Z,BitoPro,TWD,usdt_twd,1d,28.6101,"reported, not observed",api.bitopro.com/v3/trading-history
2021-03-20T00:00:00Z,BitoPro,TWD,usdt_twd,1d,28.68,"reported, not observed",api.bitopro.com/v3/trading-history
2021-03-21T00:00:00Z,BitoPro,TWD,usdt_twd,1d,28.7755,"reported, not observed",api.bitopro.com/v3/trading-history
2021-03-22T00:00:00Z,BitoPro,TWD,usdt_twd,1d,28.9428,"reported, not observed",api.bitopro.com/v3/trading-history
2021-03-23T00:00:00Z,BitoPro,TWD,usdt_twd,1d,28.9142,"reported, not observed",api.bitopro.com/v3/trading-history
2021-03-24T00:00:00Z,BitoPro,TWD,usdt_twd,1d,29.14,"reported, not observed",api.bitopro.com/v3/trading-history
2021-03-25T00:00:00Z,BitoPro,TWD,usdt_twd,1d,29.268,"reported, not observed",api.bitopro.com/v3/trading-history
2021-03-26T00:00:00Z,BitoPro,TWD,usdt_twd,1d,29.1883,"reported, not observed",api.bitopro.com/v3/trading-history
2021-03-27T00:00:00Z,BitoPro,TWD,usdt_twd,1d,28.915,"reported, not observed",api.bitopro.com/v3/trading-history
2021-03-28T00:00:00Z,BitoPro,TWD,usdt_twd,1d,28.9714,"reported, not observed",api.bitopro.com/v3/trading-history
2021-03-29T00:00:00Z,BitoPro,TWD,usdt_twd,1d,28.7688,"reported, not observed",api.bitopro.com/v3/trading-history
2021-03-30T00:00:00Z,BitoPro,TWD,usdt_twd,1d,28.5857,"reported, not observed",api.bitopro.com/v3/trading-history
2021-03-31T00:00:00Z,BitoPro,TWD,usdt_twd,1d,28.4857,"reported, not observed",api.bitopro.com/v3/trading-history
2021-04-01T00:00:00Z,BitoPro,TWD,usdt_twd,1d,28.6435,"reported, not observed",api.bitopro.com/v3/trading-history
2021-04-02T00:00:00Z,BitoPro,TWD,usdt_twd,1d,28.5708,"reported, not observed",api.bitopro.com/v3/trading-history
2021-04-03T00:00:00Z,BitoPro,TWD,usdt_twd,1d,28.6857,"reported, not observed",api.bitopro.com/v3/trading-history
2021-04-04T00:00:00Z,BitoPro,TWD,usdt_twd,1d,28.8194,"reported, not observed",api.bitopro.com/v3/trading-history
2021-04-05T00:00:00Z,BitoPro,TWD,usdt_twd,1d,28.5588,"reported, not observed",api.bitopro.com/v3/trading-history
2021-04-06T00:00:00Z,BitoPro,TWD,usdt_twd,1d,28.6962,"reported, not observed",api.bitopro.com/v3/trading-history
2021-04-07T00:00:00Z,BitoPro,TWD,usdt_twd,1d,29.0199,"reported, not observed",api.bitopro.com/v3/trading-history
2021-04-08T00:00:00Z,BitoPro,TWD,usdt_twd,1d,28.7714,"reported, not observed",api.bitopro.com/v3/trading-history
2021-04-09T00:00:00Z,BitoPro,TWD,usdt_twd,1d,28.83,"reported, not observed",api.bitopro.com/v3/trading-history
2021-04-10T00:00:00Z,BitoPro,TWD,usdt_twd,1d,28.6714,"reported, not observed",api.bitopro.com/v3/trading-history
2021-04-11T00:00:00Z,BitoPro,TWD,usdt_twd,1d,28.7714,"reported, not observed",api.bitopro.com/v3/trading-history
2021-04-12T00:00:00Z,BitoPro,TWD,usdt_twd,1d,28.9854,"reported, not observed",api.bitopro.com/v3/trading-history
2021-04-13T00:00:00Z,BitoPro,TWD,usdt_twd,1d,28.9572,"reported, not observed",api.bitopro.com/v3/trading-history
2021-04-14T00:00:00Z,BitoPro,TWD,usdt_twd,1d,28.9571,"reported, not observed",api.bitopro.com/v3/trading-history
2021-04-15T00:00:00Z,BitoPro,TWD,usdt_twd,1d,29.0899,"reported, not observed",api.bitopro.com/v3/trading-history
2021-04-16T00:00:00Z,BitoPro,TWD,usdt_twd,1d,29.395,"reported, not observed",api.bitopro.com/v3/trading-history
2021-04-17T00:00:00Z,BitoPro,TWD,usdt_twd,1d,29.6988,"reported, not observed",api.bitopro.com/v3/trading-history
2021-04-18T00:00:00Z,BitoPro,TWD,usdt_twd,1d,29.8597,"reported, not observed",api.bitopro.com/v3/trading-history
2021-04-19T00:00:00Z,BitoPro,TWD,usdt_twd,1d,29.6282,"reported, not observed",api.bitopro.com/v3/trading-history
2021-04-20T00:00:00Z,BitoPro,TWD,usdt_twd,1d,29.15,"reported, not observed",api.bitopro.com/v3/trading-history
2021-04-21T00:00:00Z,BitoPro,TWD,usdt_twd,1d,29.0913,"reported, not observed",api.bitopro.com/v3/trading-history
2021-04-22T00:00:00Z,BitoPro,TWD,usdt_twd,1d,28.886,"reported, not observed",api.bitopro.com/v3/trading-history
2021-04-23T00:00:00Z,BitoPro,TWD,usdt_twd,1d,28.9918,"reported, not observed",api.bitopro.com/v3/trading-history
2021-04-24T00:00:00Z,BitoPro,TWD,usdt_twd,1d,29.0,"reported, not observed",api.bitopro.com/v3/trading-history
2021-04-25T00:00:00Z,BitoPro,TWD,usdt_twd,1d,29.0327,"reported, not observed",api.bitopro.com/v3/trading-history
2021-04-26T00:00:00Z,BitoPro,TWD,usdt_twd,1d,28.6201,"reported, not observed",api.bitopro.com/v3/trading-history
2021-04-27T00:00:00Z,BitoPro,TWD,usdt_twd,1d,28.3012,"reported, not observed",api.bitopro.com/v3/trading-history
2021-04-28T00:00:00Z,BitoPro,TWD,usdt_twd,1d,28.151,"reported, not observed",api.bitopro.com/v3/trading-history
2021-04-29T00:00:00Z,BitoPro,TWD,usdt_twd,1d,28.3061,"reported, not observed",api.bitopro.com/v3/trading-history
2021-04-30T00:00:00Z,BitoPro,TWD,usdt_twd,1d,28.2331,"reported, not observed",api.bitopro.com/v3/trading-history
2021-05-01T00:00:00Z,BitoPro,TWD,usdt_twd,1d,28.3195,"reported, not observed",api.bitopro.com/v3/trading-history
2021-05-02T00:00:00Z,BitoPro,TWD,usdt_twd,1d,28.31,"reported, not observed",api.bitopro.com/v3/trading-history
2021-05-03T00:00:00Z,BitoPro,TWD,usdt_twd,1d,28.2489,"reported, not observed",api.bitopro.com/v3/trading-history
2021-05-04T00:00:00Z,BitoPro,TWD,usdt_twd,1d,28.2734,"reported, not observed",api.bitopro.com/v3/trading-history
2021-05-05T00:00:00Z,BitoPro,TWD,usdt_twd,1d,28.2001,"reported, not observed",api.bitopro.com/v3/trading-history
2021-05-06T00:00:00Z,BitoPro,TWD,usdt_twd,1d,28.2327,"reported, not observed",api.bitopro.com/v3/trading-history
2021-05-07T00:00:00Z,BitoPro,TWD,usdt_twd,1d,28.2816,"reported, not observed",api.bitopro.com/v3/trading-history
2021-05-08T00:00:00Z,BitoPro,TWD,usdt_twd,1d,28.2,"reported, not observed",api.bitopro.com/v3/trading-history
2021-05-09T00:00:00Z,BitoPro,TWD,usdt_twd,1d,28.2082,"reported, not observed",api.bitopro.com/v3/trading-history
2021-05-10T00:00:00Z,BitoPro,TWD,usdt_twd,1d,28.44,"reported, not observed",api.bitopro.com/v3/trading-history
2021-05-11T00:00:00Z,BitoPro,TWD,usdt_twd,1d,28.3005,"reported, not observed",api.bitopro.com/v3/trading-history
2021-05-12T00:00:00Z,BitoPro,TWD,usdt_twd,1d,28.7,"reported, not observed",api.bitopro.com/v3/trading-history
2021-05-13T00:00:00Z,BitoPro,TWD,usdt_twd,1d,28.6799,"reported, not observed",api.bitopro.com/v3/trading-history
2021-05-14T00:00:00Z,BitoPro,TWD,usdt_twd,1d,28.6666,"reported, not observed",api.bitopro.com/v3/trading-history
2021-05-15T00:00:00Z,BitoPro,TWD,usdt_twd,1d,28.6799,"reported, not observed",api.bitopro.com/v3/trading-history
2021-05-16T00:00:00Z,BitoPro,TWD,usdt_twd,1d,28.59,"reported, not observed",api.bitopro.com/v3/trading-history
2021-05-17T00:00:00Z,BitoPro,TWD,usdt_twd,1d,28.5975,"reported, not observed",api.bitopro.com/v3/trading-history
2021-05-18T00:00:00Z,BitoPro,TWD,usdt_twd,1d,28.401,"reported, not observed",api.bitopro.com/v3/trading-history
2021-05-19T00:00:00Z,BitoPro,TWD,usdt_twd,1d,28.7205,"reported, not observed",api.bitopro.com/v3/trading-history
2021-05-20T00:00:00Z,BitoPro,TWD,usdt_twd,1d,28.5499,"reported, not observed",api.bitopro.com/v3/trading-history
2021-05-21T00:00:00Z,BitoPro,TWD,usdt_twd,1d,28.749,"reported, not observed",api.bitopro.com/v3/trading-history
2021-05-22T00:00:00Z,BitoPro,TWD,usdt_twd,1d,28.6428,"reported, not observed",api.bitopro.com/v3/trading-history
2021-05-23T00:00:00Z,BitoPro,TWD,usdt_twd,1d,28.6283,"reported, not observed",api.bitopro.com/v3/trading-history
2021-05-24T00:00:00Z,BitoPro,TWD,usdt_twd,1d,28.2979,"reported, not observed",api.bitopro.com/v3/trading-history
2021-05-25T00:00:00Z,BitoPro,TWD,usdt_twd,1d,28.14,"reported, not observed",api.bitopro.com/v3/trading-history
2021-05-26T00:00:00Z,BitoPro,TWD,usdt_twd,1d,28.1255,"reported, not observed",api.bitopro.com/v3/trading-history
2021-05-27T00:00:00Z,BitoPro,TWD,usdt_twd,1d,28.0498,"reported, not observed",api.bitopro.com/v3/trading-history
2021-05-28T00:00:00Z,BitoPro,TWD,usdt_twd,1d,28.1519,"reported, not observed",api.bitopro.com/v3/trading-history
2021-05-29T00:00:00Z,BitoPro,TWD,usdt_twd,1d,28.1255,"reported, not observed",api.bitopro.com/v3/trading-history
2021-05-30T00:00:00Z,BitoPro,TWD,usdt_twd,1d,28.0591,"reported, not observed",api.bitopro.com/v3/trading-history
2021-05-31T00:00:00Z,BitoPro,TWD,usdt_twd,1d,27.9001,"reported, not observed",api.bitopro.com/v3/trading-history
2021-06-01T00:00:00Z,BitoPro,TWD,usdt_twd,1d,27.74,"reported, not observed",api.bitopro.com/v3/trading-history
2021-06-02T00:00:00Z,BitoPro,TWD,usdt_twd,1d,27.7848,"reported, not observed",api.bitopro.com/v3/trading-history
2021-06-03T00:00:00Z,BitoPro,TWD,usdt_twd,1d,27.76,"reported, not observed",api.bitopro.com/v3/trading-history
2021-06-04T00:00:00Z,BitoPro,TWD,usdt_twd,1d,27.8443,"reported, not observed",api.bitopro.com/v3/trading-history
2021-06-05T00:00:00Z,BitoPro,TWD,usdt_twd,1d,27.8451,"reported, not observed",api.bitopro.com/v3/trading-history
2021-06-06T00:00:00Z,BitoPro,TWD,usdt_twd,1d,27.817,"reported, not observed",api.bitopro.com/v3/trading-history
2021-06-07T00:00:00Z,BitoPro,TWD,usdt_twd,1d,27.86,"reported, not observed",api.bitopro.com/v3/trading-history
2021-06-08T00:00:00Z,BitoPro,TWD,usdt_twd,1d,27.8199,"reported, not observed",api.bitopro.com/v3/trading-history
2021-06-09T00:00:00Z,BitoPro,TWD,usdt_twd,1d,27.8,"reported, not observed",api.bitopro.com/v3/trading-history
2021-06-10T00:00:00Z,BitoPro,TWD,usdt_twd,1d,27.8,"reported, not observed",api.bitopro.com/v3/trading-history
2021-06-11T00:00:00Z,BitoPro,TWD,usdt_twd,1d,27.819,"reported, not observed",api.bitopro.com/v3/trading-history
2021-06-12T00:00:00Z,BitoPro,TWD,usdt_twd,1d,27.8325,"reported, not observed",api.bitopro.com/v3/trading-history
2021-06-13T00:00:00Z,BitoPro,TWD,usdt_twd,1d,27.7893,"reported, not observed",api.bitopro.com/v3/trading-history
2021-06-14T00:00:00Z,BitoPro,TWD,usdt_twd,1d,27.5822,"reported, not observed",api.bitopro.com/v3/trading-history
2021-06-15T00:00:00Z,BitoPro,TWD,usdt_twd,1d,27.7398,"reported, not observed",api.bitopro.com/v3/trading-history
2021-06-16T00:00:00Z,BitoPro,TWD,usdt_twd,1d,27.78,"reported, not observed",api.bitopro.com/v3/trading-history
2021-06-17T00:00:00Z,BitoPro,TWD,usdt_twd,1d,27.8743,"reported, not observed",api.bitopro.com/v3/trading-history
2021-06-18T00:00:00Z,BitoPro,TWD,usdt_twd,1d,27.9745,"reported, not observed",api.bitopro.com/v3/trading-history
2021-06-19T00:00:00Z,BitoPro,TWD,usdt_twd,1d,27.9455,"reported, not observed",api.bitopro.com/v3/trading-history
2021-06-20T00:00:00Z,BitoPro,TWD,usdt_twd,1d,27.8518,"reported, not observed",api.bitopro.com/v3/trading-history
2021-06-21T00:00:00Z,BitoPro,TWD,usdt_twd,1d,28.13,"reported, not observed",api.bitopro.com/v3/trading-history
2021-06-22T00:00:00Z,BitoPro,TWD,usdt_twd,1d,28.1761,"reported, not observed",api.bitopro.com/v3/trading-history
2021-06-23T00:00:00Z,BitoPro,TWD,usdt_twd,1d,28.08,"reported, not observed",api.bitopro.com/v3/trading-history
2021-06-24T00:00:00Z,BitoPro,TWD,usdt_twd,1d,28.0592,"reported, not observed",api.bitopro.com/v3/trading-history
2021-06-25T00:00:00Z,BitoPro,TWD,usdt_twd,1d,28.0619,"reported, not observed",api.bitopro.com/v3/trading-history
2021-06-26T00:00:00Z,BitoPro,TWD,usdt_twd,1d,28.0507,"reported, not observed",api.bitopro.com/v3/trading-history
2021-06-27T00:00:00Z,BitoPro,TWD,usdt_twd,1d,27.9999,"reported, not observed",api.bitopro.com/v3/trading-history
2021-06-28T00:00:00Z,BitoPro,TWD,usdt_twd,1d,27.95,"reported, not observed",api.bitopro.com/v3/trading-history
2021-06-29T00:00:00Z,BitoPro,TWD,usdt_twd,1d,27.94,"reported, not observed",api.bitopro.com/v3/trading-history
2021-06-30T00:00:00Z,BitoPro,TWD,usdt_twd,1d,27.979,"reported, not observed",api.bitopro.com/v3/trading-history
2021-07-01T00:00:00Z,BitoPro,TWD,usdt_twd,1d,27.97,"reported, not observed",api.bitopro.com/v3/trading-history
2021-07-02T00:00:00Z,BitoPro,TWD,usdt_twd,1d,28.07,"reported, not observed",api.bitopro.com/v3/trading-history
2021-07-03T00:00:00Z,BitoPro,TWD,usdt_twd,1d,28.0136,"reported, not observed",api.bitopro.com/v3/trading-history
2021-07-04T00:00:00Z,BitoPro,TWD,usdt_twd,1d,27.99,"reported, not observed",api.bitopro.com/v3/trading-history
2021-07-05T00:00:00Z,BitoPro,TWD,usdt_twd,1d,28.019,"reported, not observed",api.bitopro.com/v3/trading-history
2021-07-06T00:00:00Z,BitoPro,TWD,usdt_twd,1d,27.9901,"reported, not observed",api.bitopro.com/v3/trading-history
2021-07-07T00:00:00Z,BitoPro,TWD,usdt_twd,1d,28.05,"reported, not observed",api.bitopro.com/v3/trading-history
2021-07-08T00:00:00Z,BitoPro,TWD,usdt_twd,1d,28.1224,"reported, not observed",api.bitopro.com/v3/trading-history
2021-07-09T00:00:00Z,BitoPro,TWD,usdt_twd,1d,28.15,"reported, not observed",api.bitopro.com/v3/trading-history
2021-07-10T00:00:00Z,BitoPro,TWD,usdt_twd,1d,28.145,"reported, not observed",api.bitopro.com/v3/trading-history
2021-07-11T00:00:00Z,BitoPro,TWD,usdt_twd,1d,28.111,"reported, not observed",api.bitopro.com/v3/trading-history
2021-07-12T00:00:00Z,BitoPro,TWD,usdt_twd,1d,28.1332,"reported, not observed",api.bitopro.com/v3/trading-history
2021-07-13T00:00:00Z,BitoPro,TWD,usdt_twd,1d,28.1629,"reported, not observed",api.bitopro.com/v3/trading-history
2021-07-14T00:00:00Z,BitoPro,TWD,usdt_twd,1d,28.15,"reported, not observed",api.bitopro.com/v3/trading-history
2021-07-15T00:00:00Z,BitoPro,TWD,usdt_twd,1d,28.1249,"reported, not observed",api.bitopro.com/v3/trading-history
2021-07-16T00:00:00Z,BitoPro,TWD,usdt_twd,1d,28.1755,"reported, not observed",api.bitopro.com/v3/trading-history
2021-07-17T00:00:00Z,BitoPro,TWD,usdt_twd,1d,28.189,"reported, not observed",api.bitopro.com/v3/trading-history
2021-07-18T00:00:00Z,BitoPro,TWD,usdt_twd,1d,28.1501,"reported, not observed",api.bitopro.com/v3/trading-history
2021-07-19T00:00:00Z,BitoPro,TWD,usdt_twd,1d,28.165,"reported, not observed",api.bitopro.com/v3/trading-history
2021-07-20T00:00:00Z,BitoPro,TWD,usdt_twd,1d,28.17,"reported, not observed",api.bitopro.com/v3/trading-history
2021-07-21T00:00:00Z,BitoPro,TWD,usdt_twd,1d,28.1508,"reported, not observed",api.bitopro.com/v3/trading-history
2021-07-22T00:00:00Z,BitoPro,TWD,usdt_twd,1d,28.1202,"reported, not observed",api.bitopro.com/v3/trading-history
2021-07-23T00:00:00Z,BitoPro,TWD,usdt_twd,1d,28.14,"reported, not observed",api.bitopro.com/v3/trading-history
2021-07-24T00:00:00Z,BitoPro,TWD,usdt_twd,1d,28.1012,"reported, not observed",api.bitopro.com/v3/trading-history
2021-07-25T00:00:00Z,BitoPro,TWD,usdt_twd,1d,28.125,"reported, not observed",api.bitopro.com/v3/trading-history
2021-07-26T00:00:00Z,BitoPro,TWD,usdt_twd,1d,28.1484,"reported, not observed",api.bitopro.com/v3/trading-history
2021-07-27T00:00:00Z,BitoPro,TWD,usdt_twd,1d,28.16,"reported, not observed",api.bitopro.com/v3/trading-history
2021-07-28T00:00:00Z,BitoPro,TWD,usdt_twd,1d,28.1365,"reported, not observed",api.bitopro.com/v3/trading-history
2021-07-29T00:00:00Z,BitoPro,TWD,usdt_twd,1d,28.1131,"reported, not observed",api.bitopro.com/v3/trading-history
2021-07-30T00:00:00Z,BitoPro,TWD,usdt_twd,1d,28.0787,"reported, not observed",api.bitopro.com/v3/trading-history
2021-07-31T00:00:00Z,BitoPro,TWD,usdt_twd,1d,28.13,"reported, not observed",api.bitopro.com/v3/trading-history
2021-08-01T00:00:00Z,BitoPro,TWD,usdt_twd,1d,28.1183,"reported, not observed",api.bitopro.com/v3/trading-history
2021-08-02T00:00:00Z,BitoPro,TWD,usdt_twd,1d,28.032,"reported, not observed",api.bitopro.com/v3/trading-history
2021-08-03T00:00:00Z,BitoPro,TWD,usdt_twd,1d,28.0777,"reported, not observed",api.bitopro.com/v3/trading-history
2021-08-04T00:00:00Z,BitoPro,TWD,usdt_twd,1d,27.9801,"reported, not observed",api.bitopro.com/v3/trading-history
2021-08-05T00:00:00Z,BitoPro,TWD,usdt_twd,1d,27.89,"reported, not observed",api.bitopro.com/v3/trading-history
2021-08-06T00:00:00Z,BitoPro,TWD,usdt_twd,1d,27.902,"reported, not observed",api.bitopro.com/v3/trading-history
2021-08-07T00:00:00Z,BitoPro,TWD,usdt_twd,1d,27.9257,"reported, not observed",api.bitopro.com/v3/trading-history
2021-08-08T00:00:00Z,BitoPro,TWD,usdt_twd,1d,28.0392,"reported, not observed",api.bitopro.com/v3/trading-history
2021-08-09T00:00:00Z,BitoPro,TWD,usdt_twd,1d,27.9661,"reported, not observed",api.bitopro.com/v3/trading-history
2021-08-10T00:00:00Z,BitoPro,TWD,usdt_twd,1d,27.9107,"reported, not observed",api.bitopro.com/v3/trading-history
2021-08-11T00:00:00Z,BitoPro,TWD,usdt_twd,1d,27.95,"reported, not observed",api.bitopro.com/v3/trading-history
2021-08-12T00:00:00Z,BitoPro,TWD,usdt_twd,1d,28.01,"reported, not observed",api.bitopro.com/v3/trading-history
2021-08-13T00:00:00Z,BitoPro,TWD,usdt_twd,1d,27.9151,"reported, not observed",api.bitopro.com/v3/trading-history
2021-08-14T00:00:00Z,BitoPro,TWD,usdt_twd,1d,28.01,"reported, not observed",api.bitopro.com/v3/trading-history
2021-08-15T00:00:00Z,BitoPro,TWD,usdt_twd,1d,27.9311,"reported, not observed",api.bitopro.com/v3/trading-history
2021-08-16T00:00:00Z,BitoPro,TWD,usdt_twd,1d,28.0178,"reported, not observed",api.bitopro.com/v3/trading-history
2021-08-17T00:00:00Z,BitoPro,TWD,usdt_twd,1d,28.0699,"reported, not observed",api.bitopro.com/v3/trading-history
2021-08-18T00:00:00Z,BitoPro,TWD,usdt_twd,1d,28.0491,"reported, not observed",api.bitopro.com/v3/trading-history
2021-08-19T00:00:00Z,BitoPro,TWD,usdt_twd,1d,28.0035,"reported, not observed",api.bitopro.com/v3/trading-history
2021-08-20T00:00:00Z,BitoPro,TWD,usdt_twd,1d,28.0865,"reported, not observed",api.bitopro.com/v3/trading-history
2021-08-21T00:00:00Z,BitoPro,TWD,usdt_twd,1d,28.085,"reported, not observed",api.bitopro.com/v3/trading-history
2021-08-22T00:00:00Z,BitoPro,TWD,usdt_twd,1d,28.0838,"reported, not observed",api.bitopro.com/v3/trading-history
2021-08-23T00:00:00Z,BitoPro,TWD,usdt_twd,1d,28.0208,"reported, not observed",api.bitopro.com/v3/trading-history
2021-08-24T00:00:00Z,BitoPro,TWD,usdt_twd,1d,28.051,"reported, not observed",api.bitopro.com/v3/trading-history
2021-08-25T00:00:00Z,BitoPro,TWD,usdt_twd,1d,28.0714,"reported, not observed",api.bitopro.com/v3/trading-history
2021-08-26T00:00:00Z,BitoPro,TWD,usdt_twd,1d,28.0699,"reported, not observed",api.bitopro.com/v3/trading-history
2021-08-27T00:00:00Z,BitoPro,TWD,usdt_twd,1d,28.0599,"reported, not observed",api.bitopro.com/v3/trading-history
2021-08-28T00:00:00Z,BitoPro,TWD,usdt_twd,1d,28.035,"reported, not observed",api.bitopro.com/v3/trading-history
2021-08-29T00:00:00Z,BitoPro,TWD,usdt_twd,1d,28.0599,"reported, not observed",api.bitopro.com/v3/trading-history
2021-08-30T00:00:00Z,BitoPro,TWD,usdt_twd,1d,27.9287,"reported, not observed",api.bitopro.com/v3/trading-history
2021-08-31T00:00:00Z,BitoPro,TWD,usdt_twd,1d,27.85,"reported, not observed",api.bitopro.com/v3/trading-history
2021-09-01T00:00:00Z,BitoPro,TWD,usdt_twd,1d,27.7001,"reported, not observed",api.bitopro.com/v3/trading-history
2021-09-02T00:00:00Z,BitoPro,TWD,usdt_twd,1d,27.837,"reported, not observed",api.bitopro.com/v3/trading-history
2021-09-03T00:00:00Z,BitoPro,TWD,usdt_twd,1d,27.867,"reported, not observed",api.bitopro.com/v3/trading-history
2021-09-04T00:00:00Z,BitoPro,TWD,usdt_twd,1d,27.8288,"reported, not observed",api.bitopro.com/v3/trading-history
2021-09-05T00:00:00Z,BitoPro,TWD,usdt_twd,1d,27.79,"reported, not observed",api.bitopro.com/v3/trading-history
2021-09-06T00:00:00Z,BitoPro,TWD,usdt_twd,1d,27.775,"reported, not observed",api.bitopro.com/v3/trading-history
2021-09-07T00:00:00Z,BitoPro,TWD,usdt_twd,1d,28.02,"reported, not observed",api.bitopro.com/v3/trading-history
2021-09-08T00:00:00Z,BitoPro,TWD,usdt_twd,1d,28.02,"reported, not observed",api.bitopro.com/v3/trading-history
2021-09-09T00:00:00Z,BitoPro,TWD,usdt_twd,1d,27.8896,"reported, not observed",api.bitopro.com/v3/trading-history
2021-09-10T00:00:00Z,BitoPro,TWD,usdt_twd,1d,28.0,"reported, not observed",api.bitopro.com/v3/trading-history
2021-09-11T00:00:00Z,BitoPro,TWD,usdt_twd,1d,28.01,"reported, not observed",api.bitopro.com/v3/trading-history
2021-09-12T00:00:00Z,BitoPro,TWD,usdt_twd,1d,27.9542,"reported, not observed",api.bitopro.com/v3/trading-history
2021-09-13T00:00:00Z,BitoPro,TWD,usdt_twd,1d,27.95,"reported, not observed",api.bitopro.com/v3/trading-history
2021-09-14T00:00:00Z,BitoPro,TWD,usdt_twd,1d,27.88,"reported, not observed",api.bitopro.com/v3/trading-history
2021-09-15T00:00:00Z,BitoPro,TWD,usdt_twd,1d,27.851,"reported, not observed",api.bitopro.com/v3/trading-history
2021-09-16T00:00:00Z,BitoPro,TWD,usdt_twd,1d,27.85,"reported, not observed",api.bitopro.com/v3/trading-history
2021-09-17T00:00:00Z,BitoPro,TWD,usdt_twd,1d,27.95,"reported, not observed",api.bitopro.com/v3/trading-history
2021-09-18T00:00:00Z,BitoPro,TWD,usdt_twd,1d,27.9306,"reported, not observed",api.bitopro.com/v3/trading-history
2021-09-19T00:00:00Z,BitoPro,TWD,usdt_twd,1d,28.025,"reported, not observed",api.bitopro.com/v3/trading-history
2021-09-20T00:00:00Z,BitoPro,TWD,usdt_twd,1d,28.1888,"reported, not observed",api.bitopro.com/v3/trading-history
2021-09-21T00:00:00Z,BitoPro,TWD,usdt_twd,1d,28.2,"reported, not observed",api.bitopro.com/v3/trading-history
2021-09-22T00:00:00Z,BitoPro,TWD,usdt_twd,1d,28.0001,"reported, not observed",api.bitopro.com/v3/trading-history
2021-09-23T00:00:00Z,BitoPro,TWD,usdt_twd,1d,27.98,"reported, not observed",api.bitopro.com/v3/trading-history
2021-09-24T00:00:00Z,BitoPro,TWD,usdt_twd,1d,28.0589,"reported, not observed",api.bitopro.com/v3/trading-history
2021-09-25T00:00:00Z,BitoPro,TWD,usdt_twd,1d,28.0782,"reported, not observed",api.bitopro.com/v3/trading-history
2021-09-26T00:00:00Z,BitoPro,TWD,usdt_twd,1d,27.982,"reported, not observed",api.bitopro.com/v3/trading-history
2021-09-27T00:00:00Z,BitoPro,TWD,usdt_twd,1d,27.8701,"reported, not observed",api.bitopro.com/v3/trading-history
2021-09-28T00:00:00Z,BitoPro,TWD,usdt_twd,1d,27.9155,"reported, not observed",api.bitopro.com/v3/trading-history
2021-09-29T00:00:00Z,BitoPro,TWD,usdt_twd,1d,27.8988,"reported, not observed",api.bitopro.com/v3/trading-history
2021-09-30T00:00:00Z,BitoPro,TWD,usdt_twd,1d,27.915,"reported, not observed",api.bitopro.com/v3/trading-history
2021-10-01T00:00:00Z,BitoPro,TWD,usdt_twd,1d,27.8205,"reported, not observed",api.bitopro.com/v3/trading-history
2021-10-02T00:00:00Z,BitoPro,TWD,usdt_twd,1d,27.9001,"reported, not observed",api.bitopro.com/v3/trading-history
2021-10-03T00:00:00Z,BitoPro,TWD,usdt_twd,1d,27.8301,"reported, not observed",api.bitopro.com/v3/trading-history
2021-10-04T00:00:00Z,BitoPro,TWD,usdt_twd,1d,27.8604,"reported, not observed",api.bitopro.com/v3/trading-history
2021-10-05T00:00:00Z,BitoPro,TWD,usdt_twd,1d,27.9008,"reported, not observed",api.bitopro.com/v3/trading-history
2021-10-06T00:00:00Z,BitoPro,TWD,usdt_twd,1d,27.9249,"reported, not observed",api.bitopro.com/v3/trading-history
2021-10-07T00:00:00Z,BitoPro,TWD,usdt_twd,1d,27.9603,"reported, not observed",api.bitopro.com/v3/trading-history
2021-10-08T00:00:00Z,BitoPro,TWD,usdt_twd,1d,28.123,"reported, not observed",api.bitopro.com/v3/trading-history
2021-10-09T00:00:00Z,BitoPro,TWD,usdt_twd,1d,28.1004,"reported, not observed",api.bitopro.com/v3/trading-history
2021-10-10T00:00:00Z,BitoPro,TWD,usdt_twd,1d,28.0893,"reported, not observed",api.bitopro.com/v3/trading-history
2021-10-11T00:00:00Z,BitoPro,TWD,usdt_twd,1d,28.035,"reported, not observed",api.bitopro.com/v3/trading-history
2021-10-12T00:00:00Z,BitoPro,TWD,usdt_twd,1d,28.14,"reported, not observed",api.bitopro.com/v3/trading-history
2021-10-13T00:00:00Z,BitoPro,TWD,usdt_twd,1d,28.0615,"reported, not observed",api.bitopro.com/v3/trading-history
2021-10-14T00:00:00Z,BitoPro,TWD,usdt_twd,1d,27.9733,"reported, not observed",api.bitopro.com/v3/trading-history
2021-10-15T00:00:00Z,BitoPro,TWD,usdt_twd,1d,27.93,"reported, not observed",api.bitopro.com/v3/trading-history
2021-10-16T00:00:00Z,BitoPro,TWD,usdt_twd,1d,27.9894,"reported, not observed",api.bitopro.com/v3/trading-history
2021-10-17T00:00:00Z,BitoPro,TWD,usdt_twd,1d,27.9122,"reported, not observed",api.bitopro.com/v3/trading-history
2021-10-18T00:00:00Z,BitoPro,TWD,usdt_twd,1d,27.9799,"reported, not observed",api.bitopro.com/v3/trading-history
2021-10-19T00:00:00Z,BitoPro,TWD,usdt_twd,1d,27.8204,"reported, not observed",api.bitopro.com/v3/trading-history
2021-10-20T00:00:00Z,BitoPro,TWD,usdt_twd,1d,27.7996,"reported, not observed",api.bitopro.com/v3/trading-history
2021-10-21T00:00:00Z,BitoPro,TWD,usdt_twd,1d,27.9267,"reported, not observed",api.bitopro.com/v3/trading-history
2021-10-22T00:00:00Z,BitoPro,TWD,usdt_twd,1d,27.9499,"reported, not observed",api.bitopro.com/v3/trading-history
2021-10-23T00:00:00Z,BitoPro,TWD,usdt_twd,1d,27.9504,"reported, not observed",api.bitopro.com/v3/trading-history
2021-10-24T00:00:00Z,BitoPro,TWD,usdt_twd,1d,27.9302,"reported, not observed",api.bitopro.com/v3/trading-history
2021-10-25T00:00:00Z,BitoPro,TWD,usdt_twd,1d,27.87,"reported, not observed",api.bitopro.com/v3/trading-history
2021-10-26T00:00:00Z,BitoPro,TWD,usdt_twd,1d,27.93,"reported, not observed",api.bitopro.com/v3/trading-history
2021-10-27T00:00:00Z,BitoPro,TWD,usdt_twd,1d,28.0249,"reported, not observed",api.bitopro.com/v3/trading-history
2021-10-28T00:00:00Z,BitoPro,TWD,usdt_twd,1d,27.8501,"reported, not observed",api.bitopro.com/v3/trading-history
2021-10-29T00:00:00Z,BitoPro,TWD,usdt_twd,1d,27.9272,"reported, not observed",api.bitopro.com/v3/trading-history
2021-10-30T00:00:00Z,BitoPro,TWD,usdt_twd,1d,27.9315,"reported, not observed",api.bitopro.com/v3/trading-history
2021-10-31T00:00:00Z,BitoPro,TWD,usdt_twd,1d,27.9749,"reported, not observed",api.bitopro.com/v3/trading-history
2021-11-01T00:00:00Z,BitoPro,TWD,usdt_twd,1d,27.91,"reported, not observed",api.bitopro.com/v3/trading-history
2021-11-02T00:00:00Z,BitoPro,TWD,usdt_twd,1d,27.9,"reported, not observed",api.bitopro.com/v3/trading-history
2021-11-03T00:00:00Z,BitoPro,TWD,usdt_twd,1d,27.9549,"reported, not observed",api.bitopro.com/v3/trading-history
2021-11-04T00:00:00Z,BitoPro,TWD,usdt_twd,1d,27.9526,"reported, not observed",api.bitopro.com/v3/trading-history
2021-11-05T00:00:00Z,BitoPro,TWD,usdt_twd,1d,28.0359,"reported, not observed",api.bitopro.com/v3/trading-history
2021-11-06T00:00:00Z,BitoPro,TWD,usdt_twd,1d,28.015,"reported, not observed",api.bitopro.com/v3/trading-history
2021-11-07T00:00:00Z,BitoPro,TWD,usdt_twd,1d,27.9501,"reported, not observed",api.bitopro.com/v3/trading-history
2021-11-08T00:00:00Z,BitoPro,TWD,usdt_twd,1d,27.8181,"reported, not observed",api.bitopro.com/v3/trading-history
2021-11-09T00:00:00Z,BitoPro,TWD,usdt_twd,1d,27.89,"reported, not observed",api.bitopro.com/v3/trading-history
2021-11-10T00:00:00Z,BitoPro,TWD,usdt_twd,1d,27.97,"reported, not observed",api.bitopro.com/v3/trading-history
2021-11-11T00:00:00Z,BitoPro,TWD,usdt_twd,1d,28.039,"reported, not observed",api.bitopro.com/v3/trading-history
2021-11-12T00:00:00Z,BitoPro,TWD,usdt_twd,1d,28.1144,"reported, not observed",api.bitopro.com/v3/trading-history
2021-11-13T00:00:00Z,BitoPro,TWD,usdt_twd,1d,28.07,"reported, not observed",api.bitopro.com/v3/trading-history
2021-11-14T00:00:00Z,BitoPro,TWD,usdt_twd,1d,28.01,"reported, not observed",api.bitopro.com/v3/trading-history
2021-11-15T00:00:00Z,BitoPro,TWD,usdt_twd,1d,27.984,"reported, not observed",api.bitopro.com/v3/trading-history
2021-11-16T00:00:00Z,BitoPro,TWD,usdt_twd,1d,28.1188,"reported, not observed",api.bitopro.com/v3/trading-history
2021-11-17T00:00:00Z,BitoPro,TWD,usdt_twd,1d,28.0201,"reported, not observed",api.bitopro.com/v3/trading-history
2021-11-18T00:00:00Z,BitoPro,TWD,usdt_twd,1d,28.1081,"reported, not observed",api.bitopro.com/v3/trading-history
2021-11-19T00:00:00Z,BitoPro,TWD,usdt_twd,1d,28.18,"reported, not observed",api.bitopro.com/v3/trading-history
2021-11-20T00:00:00Z,BitoPro,TWD,usdt_twd,1d,28.1114,"reported, not observed",api.bitopro.com/v3/trading-history
2021-11-21T00:00:00Z,BitoPro,TWD,usdt_twd,1d,28.1496,"reported, not observed",api.bitopro.com/v3/trading-history
2021-11-22T00:00:00Z,BitoPro,TWD,usdt_twd,1d,28.1002,"reported, not observed",api.bitopro.com/v3/trading-history
2021-11-23T00:00:00Z,BitoPro,TWD,usdt_twd,1d,28.0819,"reported, not observed",api.bitopro.com/v3/trading-history
2021-11-24T00:00:00Z,BitoPro,TWD,usdt_twd,1d,28.1005,"reported, not observed",api.bitopro.com/v3/trading-history
2021-11-25T00:00:00Z,BitoPro,TWD,usdt_twd,1d,28.11,"reported, not observed",api.bitopro.com/v3/trading-history
2021-11-26T00:00:00Z,BitoPro,TWD,usdt_twd,1d,28.189,"reported, not observed",api.bitopro.com/v3/trading-history
2021-11-27T00:00:00Z,BitoPro,TWD,usdt_twd,1d,28.28,"reported, not observed",api.bitopro.com/v3/trading-history
2021-11-28T00:00:00Z,BitoPro,TWD,usdt_twd,1d,28.2501,"reported, not observed",api.bitopro.com/v3/trading-history
2021-11-29T00:00:00Z,BitoPro,TWD,usdt_twd,1d,28.053,"reported, not observed",api.bitopro.com/v3/trading-history
2021-11-30T00:00:00Z,BitoPro,TWD,usdt_twd,1d,27.8999,"reported, not observed",api.bitopro.com/v3/trading-history
2021-12-01T00:00:00Z,BitoPro,TWD,usdt_twd,1d,27.94,"reported, not observed",api.bitopro.com/v3/trading-history
2021-12-02T00:00:00Z,BitoPro,TWD,usdt_twd,1d,27.9596,"reported, not observed",api.bitopro.com/v3/trading-history
2021-12-03T00:00:00Z,BitoPro,TWD,usdt_twd,1d,28.0498,"reported, not observed",api.bitopro.com/v3/trading-history
2021-12-04T00:00:00Z,BitoPro,TWD,usdt_twd,1d,28.3469,"reported, not observed",api.bitopro.com/v3/trading-history
2021-12-05T00:00:00Z,BitoPro,TWD,usdt_twd,1d,28.319,"reported, not observed",api.bitopro.com/v3/trading-history
2021-12-06T00:00:00Z,BitoPro,TWD,usdt_twd,1d,27.95,"reported, not observed",api.bitopro.com/v3/trading-history
2021-12-07T00:00:00Z,BitoPro,TWD,usdt_twd,1d,27.9367,"reported, not observed",api.bitopro.com/v3/trading-history
2021-12-08T00:00:00Z,BitoPro,TWD,usdt_twd,1d,27.955,"reported, not observed",api.bitopro.com/v3/trading-history
2021-12-09T00:00:00Z,BitoPro,TWD,usdt_twd,1d,27.9938,"reported, not observed",api.bitopro.com/v3/trading-history
2021-12-10T00:00:00Z,BitoPro,TWD,usdt_twd,1d,28.0998,"reported, not observed",api.bitopro.com/v3/trading-history
2021-12-11T00:00:00Z,BitoPro,TWD,usdt_twd,1d,28.048,"reported, not observed",api.bitopro.com/v3/trading-history
2021-12-12T00:00:00Z,BitoPro,TWD,usdt_twd,1d,27.9611,"reported, not observed",api.bitopro.com/v3/trading-history
2021-12-13T00:00:00Z,BitoPro,TWD,usdt_twd,1d,28.0993,"reported, not observed",api.bitopro.com/v3/trading-history
2021-12-14T00:00:00Z,BitoPro,TWD,usdt_twd,1d,28.0001,"reported, not observed",api.bitopro.com/v3/trading-history
2021-12-15T00:00:00Z,BitoPro,TWD,usdt_twd,1d,27.9755,"reported, not observed",api.bitopro.com/v3/trading-history
2021-12-16T00:00:00Z,BitoPro,TWD,usdt_twd,1d,27.9974,"reported, not observed",api.bitopro.com/v3/trading-history
2021-12-17T00:00:00Z,BitoPro,TWD,usdt_twd,1d,28.0646,"reported, not observed",api.bitopro.com/v3/trading-history
2021-12-18T00:00:00Z,BitoPro,TWD,usdt_twd,1d,28.065,"reported, not observed",api.bitopro.com/v3/trading-history
2021-12-19T00:00:00Z,BitoPro,TWD,usdt_twd,1d,28.01,"reported, not observed",api.bitopro.com/v3/trading-history
2021-12-20T00:00:00Z,BitoPro,TWD,usdt_twd,1d,27.98,"reported, not observed",api.bitopro.com/v3/trading-history
2021-12-21T00:00:00Z,BitoPro,TWD,usdt_twd,1d,27.9401,"reported, not observed",api.bitopro.com/v3/trading-history
2021-12-22T00:00:00Z,BitoPro,TWD,usdt_twd,1d,27.92,"reported, not observed",api.bitopro.com/v3/trading-history
2021-12-23T00:00:00Z,BitoPro,TWD,usdt_twd,1d,27.9003,"reported, not observed",api.bitopro.com/v3/trading-history
2021-12-24T00:00:00Z,BitoPro,TWD,usdt_twd,1d,27.9405,"reported, not observed",api.bitopro.com/v3/trading-history
2021-12-25T00:00:00Z,BitoPro,TWD,usdt_twd,1d,27.91,"reported, not observed",api.bitopro.com/v3/trading-history
2021-12-26T00:00:00Z,BitoPro,TWD,usdt_twd,1d,27.8888,"reported, not observed",api.bitopro.com/v3/trading-history
2021-12-27T00:00:00Z,BitoPro,TWD,usdt_twd,1d,27.8385,"reported, not observed",api.bitopro.com/v3/trading-history
2021-12-28T00:00:00Z,BitoPro,TWD,usdt_twd,1d,27.8201,"reported, not observed",api.bitopro.com/v3/trading-history
2021-12-29T00:00:00Z,BitoPro,TWD,usdt_twd,1d,27.8409,"reported, not observed",api.bitopro.com/v3/trading-history
2021-12-30T00:00:00Z,BitoPro,TWD,usdt_twd,1d,27.8837,"reported, not observed",api.bitopro.com/v3/trading-history
2021-12-31T00:00:00Z,BitoPro,TWD,usdt_twd,1d,27.951,"reported, not observed",api.bitopro.com/v3/trading-history
2022-01-01T00:00:00Z,BitoPro,TWD,usdt_twd,1d,27.9555,"reported, not observed",api.bitopro.com/v3/trading-history
2022-01-02T00:00:00Z,BitoPro,TWD,usdt_twd,1d,27.8653,"reported, not observed",api.bitopro.com/v3/trading-history
2022-01-03T00:00:00Z,BitoPro,TWD,usdt_twd,1d,27.7986,"reported, not observed",api.bitopro.com/v3/trading-history
2022-01-04T00:00:00Z,BitoPro,TWD,usdt_twd,1d,27.7211,"reported, not observed",api.bitopro.com/v3/trading-history
2022-01-05T00:00:00Z,BitoPro,TWD,usdt_twd,1d,27.83,"reported, not observed",api.bitopro.com/v3/trading-history
2022-01-06T00:00:00Z,BitoPro,TWD,usdt_twd,1d,27.8001,"reported, not observed",api.bitopro.com/v3/trading-history
2022-01-07T00:00:00Z,BitoPro,TWD,usdt_twd,1d,27.9264,"reported, not observed",api.bitopro.com/v3/trading-history
2022-01-08T00:00:00Z,BitoPro,TWD,usdt_twd,1d,27.9997,"reported, not observed",api.bitopro.com/v3/trading-history
2022-01-09T00:00:00Z,BitoPro,TWD,usdt_twd,1d,28.0,"reported, not observed",api.bitopro.com/v3/trading-history
2022-01-10T00:00:00Z,BitoPro,TWD,usdt_twd,1d,27.9201,"reported, not observed",api.bitopro.com/v3/trading-history
2022-01-11T00:00:00Z,BitoPro,TWD,usdt_twd,1d,27.853,"reported, not observed",api.bitopro.com/v3/trading-history
2022-01-12T00:00:00Z,BitoPro,TWD,usdt_twd,1d,27.8601,"reported, not observed",api.bitopro.com/v3/trading-history
2022-01-13T00:00:00Z,BitoPro,TWD,usdt_twd,1d,27.8064,"reported, not observed",api.bitopro.com/v3/trading-history
2022-01-14T00:00:00Z,BitoPro,TWD,usdt_twd,1d,27.8529,"reported, not observed",api.bitopro.com/v3/trading-history
2022-01-15T00:00:00Z,BitoPro,TWD,usdt_twd,1d,27.835,"reported, not observed",api.bitopro.com/v3/trading-history
2022-01-16T00:00:00Z,BitoPro,TWD,usdt_twd,1d,27.8,"reported, not observed",api.bitopro.com/v3/trading-history
2022-01-17T00:00:00Z,BitoPro,TWD,usdt_twd,1d,27.81,"reported, not observed",api.bitopro.com/v3/trading-history
2022-01-18T00:00:00Z,BitoPro,TWD,usdt_twd,1d,27.7677,"reported, not observed",api.bitopro.com/v3/trading-history
2022-01-19T00:00:00Z,BitoPro,TWD,usdt_twd,1d,27.75,"reported, not observed",api.bitopro.com/v3/trading-history
2022-01-20T00:00:00Z,BitoPro,TWD,usdt_twd,1d,27.805,"reported, not observed",api.bitopro.com/v3/trading-history
2022-01-21T00:00:00Z,BitoPro,TWD,usdt_twd,1d,27.919,"reported, not observed",api.bitopro.com/v3/trading-history
2022-01-22T00:00:00Z,BitoPro,TWD,usdt_twd,1d,28.1,"reported, not observed",api.bitopro.com/v3/trading-history
2022-01-23T00:00:00Z,BitoPro,TWD,usdt_twd,1d,28.14,"reported, not observed",api.bitopro.com/v3/trading-history
2022-01-24T00:00:00Z,BitoPro,TWD,usdt_twd,1d,27.8399,"reported, not observed",api.bitopro.com/v3/trading-history
2022-01-25T00:00:00Z,BitoPro,TWD,usdt_twd,1d,27.8605,"reported, not observed",api.bitopro.com/v3/trading-history
2022-01-26T00:00:00Z,BitoPro,TWD,usdt_twd,1d,27.8902,"reported, not observed",api.bitopro.com/v3/trading-history
2022-01-27T00:00:00Z,BitoPro,TWD,usdt_twd,1d,27.9318,"reported, not observed",api.bitopro.com/v3/trading-history
2022-01-28T00:00:00Z,BitoPro,TWD,usdt_twd,1d,28.11,"reported, not observed",api.bitopro.com/v3/trading-history
2022-01-29T00:00:00Z,BitoPro,TWD,usdt_twd,1d,28.1999,"reported, not observed",api.bitopro.com/v3/trading-history
2022-01-30T00:00:00Z,BitoPro,TWD,usdt_twd,1d,28.2001,"reported, not observed",api.bitopro.com/v3/trading-history
2022-01-31T00:00:00Z,BitoPro,TWD,usdt_twd,1d,28.1603,"reported, not observed",api.bitopro.com/v3/trading-history
2022-02-01T00:00:00Z,BitoPro,TWD,usdt_twd,1d,28.1997,"reported, not observed",api.bitopro.com/v3/trading-history
2022-02-02T00:00:00Z,BitoPro,TWD,usdt_twd,1d,28.2,"reported, not observed",api.bitopro.com/v3/trading-history
2022-02-03T00:00:00Z,BitoPro,TWD,usdt_twd,1d,28.1801,"reported, not observed",api.bitopro.com/v3/trading-history
2022-02-04T00:00:00Z,BitoPro,TWD,usdt_twd,1d,28.0319,"reported, not observed",api.bitopro.com/v3/trading-history
2022-02-05T00:00:00Z,BitoPro,TWD,usdt_twd,1d,28.1899,"reported, not observed",api.bitopro.com/v3/trading-history
2022-02-06T00:00:00Z,BitoPro,TWD,usdt_twd,1d,28.1299,"reported, not observed",api.bitopro.com/v3/trading-history
2022-02-07T00:00:00Z,BitoPro,TWD,usdt_twd,1d,27.999,"reported, not observed",api.bitopro.com/v3/trading-history
2022-02-08T00:00:00Z,BitoPro,TWD,usdt_twd,1d,27.9615,"reported, not observed",api.bitopro.com/v3/trading-history
2022-02-09T00:00:00Z,BitoPro,TWD,usdt_twd,1d,27.93,"reported, not observed",api.bitopro.com/v3/trading-history
2022-02-10T00:00:00Z,BitoPro,TWD,usdt_twd,1d,27.9699,"reported, not observed",api.bitopro.com/v3/trading-history
2022-02-11T00:00:00Z,BitoPro,TWD,usdt_twd,1d,28.0249,"reported, not observed",api.bitopro.com/v3/trading-history
2022-02-12T00:00:00Z,BitoPro,TWD,usdt_twd,1d,27.9801,"reported, not observed",api.bitopro.com/v3/trading-history
2022-02-13T00:00:00Z,BitoPro,TWD,usdt_twd,1d,28.0,"reported, not observed",api.bitopro.com/v3/trading-history
2022-02-14T00:00:00Z,BitoPro,TWD,usdt_twd,1d,27.988,"reported, not observed",api.bitopro.com/v3/trading-history
2022-02-15T00:00:00Z,BitoPro,TWD,usdt_twd,1d,27.965,"reported, not observed",api.bitopro.com/v3/trading-history
2022-02-16T00:00:00Z,BitoPro,TWD,usdt_twd,1d,27.9767,"reported, not observed",api.bitopro.com/v3/trading-history
2022-02-17T00:00:00Z,BitoPro,TWD,usdt_twd,1d,27.971,"reported, not observed",api.bitopro.com/v3/trading-history
2022-02-18T00:00:00Z,BitoPro,TWD,usdt_twd,1d,28.01,"reported, not observed",api.bitopro.com/v3/trading-history
2022-02-19T00:00:00Z,BitoPro,TWD,usdt_twd,1d,28.0262,"reported, not observed",api.bitopro.com/v3/trading-history
2022-02-20T00:00:00Z,BitoPro,TWD,usdt_twd,1d,28.0489,"reported, not observed",api.bitopro.com/v3/trading-history
2022-02-21T00:00:00Z,BitoPro,TWD,usdt_twd,1d,28.1001,"reported, not observed",api.bitopro.com/v3/trading-history
2022-02-22T00:00:00Z,BitoPro,TWD,usdt_twd,1d,27.9951,"reported, not observed",api.bitopro.com/v3/trading-history
2022-02-23T00:00:00Z,BitoPro,TWD,usdt_twd,1d,27.97,"reported, not observed",api.bitopro.com/v3/trading-history
2022-02-24T00:00:00Z,BitoPro,TWD,usdt_twd,1d,28.0652,"reported, not observed",api.bitopro.com/v3/trading-history
2022-02-25T00:00:00Z,BitoPro,TWD,usdt_twd,1d,28.1968,"reported, not observed",api.bitopro.com/v3/trading-history
2022-02-26T00:00:00Z,BitoPro,TWD,usdt_twd,1d,28.1916,"reported, not observed",api.bitopro.com/v3/trading-history
2022-02-27T00:00:00Z,BitoPro,TWD,usdt_twd,1d,28.1936,"reported, not observed",api.bitopro.com/v3/trading-history
2022-02-28T00:00:00Z,BitoPro,TWD,usdt_twd,1d,27.9808,"reported, not observed",api.bitopro.com/v3/trading-history
2022-03-01T00:00:00Z,BitoPro,TWD,usdt_twd,1d,28.1,"reported, not observed",api.bitopro.com/v3/trading-history
2022-03-02T00:00:00Z,BitoPro,TWD,usdt_twd,1d,28.1009,"reported, not observed",api.bitopro.com/v3/trading-history
2022-03-03T00:00:00Z,BitoPro,TWD,usdt_twd,1d,28.1202,"reported, not observed",api.bitopro.com/v3/trading-history
2022-03-04T00:00:00Z,BitoPro,TWD,usdt_twd,1d,28.2593,"reported, not observed",api.bitopro.com/v3/trading-history
2022-03-05T00:00:00Z,BitoPro,TWD,usdt_twd,1d,28.265,"reported, not observed",api.bitopro.com/v3/trading-history
2022-03-06T00:00:00Z,BitoPro,TWD,usdt_twd,1d,28.2815,"reported, not observed",api.bitopro.com/v3/trading-history
2022-03-07T00:00:00Z,BitoPro,TWD,usdt_twd,1d,28.3884,"reported, not observed",api.bitopro.com/v3/trading-history
2022-03-08T00:00:00Z,BitoPro,TWD,usdt_twd,1d,28.4579,"reported, not observed",api.bitopro.com/v3/trading-history
2022-03-09T00:00:00Z,BitoPro,TWD,usdt_twd,1d,28.44,"reported, not observed",api.bitopro.com/v3/trading-history
2022-03-10T00:00:00Z,BitoPro,TWD,usdt_twd,1d,28.4553,"reported, not observed",api.bitopro.com/v3/trading-history
2022-03-11T00:00:00Z,BitoPro,TWD,usdt_twd,1d,28.5248,"reported, not observed",api.bitopro.com/v3/trading-history
2022-03-12T00:00:00Z,BitoPro,TWD,usdt_twd,1d,28.5244,"reported, not observed",api.bitopro.com/v3/trading-history
2022-03-13T00:00:00Z,BitoPro,TWD,usdt_twd,1d,28.5878,"reported, not observed",api.bitopro.com/v3/trading-history
2022-03-14T00:00:00Z,BitoPro,TWD,usdt_twd,1d,28.615,"reported, not observed",api.bitopro.com/v3/trading-history
2022-03-15T00:00:00Z,BitoPro,TWD,usdt_twd,1d,28.6621,"reported, not observed",api.bitopro.com/v3/trading-history
2022-03-16T00:00:00Z,BitoPro,TWD,usdt_twd,1d,28.6,"reported, not observed",api.bitopro.com/v3/trading-history
2022-03-17T00:00:00Z,BitoPro,TWD,usdt_twd,1d,28.42,"reported, not observed",api.bitopro.com/v3/trading-history
2022-03-18T00:00:00Z,BitoPro,TWD,usdt_twd,1d,28.5197,"reported, not observed",api.bitopro.com/v3/trading-history
2022-03-19T00:00:00Z,BitoPro,TWD,usdt_twd,1d,28.471,"reported, not observed",api.bitopro.com/v3/trading-history
2022-03-20T00:00:00Z,BitoPro,TWD,usdt_twd,1d,28.4103,"reported, not observed",api.bitopro.com/v3/trading-history
2022-03-21T00:00:00Z,BitoPro,TWD,usdt_twd,1d,28.5419,"reported, not observed",api.bitopro.com/v3/trading-history
2022-03-22T00:00:00Z,BitoPro,TWD,usdt_twd,1d,28.6248,"reported, not observed",api.bitopro.com/v3/trading-history
2022-03-23T00:00:00Z,BitoPro,TWD,usdt_twd,1d,28.6306,"reported, not observed",api.bitopro.com/v3/trading-history
2022-03-24T00:00:00Z,BitoPro,TWD,usdt_twd,1d,28.6002,"reported, not observed",api.bitopro.com/v3/trading-history
2022-03-25T00:00:00Z,BitoPro,TWD,usdt_twd,1d,28.7294,"reported, not observed",api.bitopro.com/v3/trading-history
2022-03-26T00:00:00Z,BitoPro,TWD,usdt_twd,1d,28.7398,"reported, not observed",api.bitopro.com/v3/trading-history
2022-03-27T00:00:00Z,BitoPro,TWD,usdt_twd,1d,28.6249,"reported, not observed",api.bitopro.com/v3/trading-history
2022-03-28T00:00:00Z,BitoPro,TWD,usdt_twd,1d,28.8152,"reported, not observed",api.bitopro.com/v3/trading-history
2022-03-29T00:00:00Z,BitoPro,TWD,usdt_twd,1d,28.8755,"reported, not observed",api.bitopro.com/v3/trading-history
2022-03-30T00:00:00Z,BitoPro,TWD,usdt_twd,1d,28.6701,"reported, not observed",api.bitopro.com/v3/trading-history
2022-03-31T00:00:00Z,BitoPro,TWD,usdt_twd,1d,28.7596,"reported, not observed",api.bitopro.com/v3/trading-history
2022-04-01T00:00:00Z,BitoPro,TWD,usdt_twd,1d,28.8702,"reported, not observed",api.bitopro.com/v3/trading-history
2022-04-02T00:00:00Z,BitoPro,TWD,usdt_twd,1d,28.8515,"reported, not observed",api.bitopro.com/v3/trading-history
2022-04-03T00:00:00Z,BitoPro,TWD,usdt_twd,1d,28.8943,"reported, not observed",api.bitopro.com/v3/trading-history
2022-04-04T00:00:00Z,BitoPro,TWD,usdt_twd,1d,28.845,"reported, not observed",api.bitopro.com/v3/trading-history
2022-04-05T00:00:00Z,BitoPro,TWD,usdt_twd,1d,28.7816,"reported, not observed",api.bitopro.com/v3/trading-history
2022-04-06T00:00:00Z,BitoPro,TWD,usdt_twd,1d,28.849,"reported, not observed",api.bitopro.com/v3/trading-history
2022-04-07T00:00:00Z,BitoPro,TWD,usdt_twd,1d,28.951,"reported, not observed",api.bitopro.com/v3/trading-history
2022-04-08T00:00:00Z,BitoPro,TWD,usdt_twd,1d,29.22,"reported, not observed",api.bitopro.com/v3/trading-history
2022-04-09T00:00:00Z,BitoPro,TWD,usdt_twd,1d,29.1895,"reported, not observed",api.bitopro.com/v3/trading-history
2022-04-10T00:00:00Z,BitoPro,TWD,usdt_twd,1d,29.13,"reported, not observed",api.bitopro.com/v3/trading-history
2022-04-11T00:00:00Z,BitoPro,TWD,usdt_twd,1d,29.2313,"reported, not observed",api.bitopro.com/v3/trading-history
2022-04-12T00:00:00Z,BitoPro,TWD,usdt_twd,1d,29.3609,"reported, not observed",api.bitopro.com/v3/trading-history
2022-04-13T00:00:00Z,BitoPro,TWD,usdt_twd,1d,29.2122,"reported, not observed",api.bitopro.com/v3/trading-history
2022-04-14T00:00:00Z,BitoPro,TWD,usdt_twd,1d,29.2602,"reported, not observed",api.bitopro.com/v3/trading-history
2022-04-15T00:00:00Z,BitoPro,TWD,usdt_twd,1d,29.4101,"reported, not observed",api.bitopro.com/v3/trading-history
2022-04-16T00:00:00Z,BitoPro,TWD,usdt_twd,1d,29.474,"reported, not observed",api.bitopro.com/v3/trading-history
2022-04-17T00:00:00Z,BitoPro,TWD,usdt_twd,1d,29.4887,"reported, not observed",api.bitopro.com/v3/trading-history
2022-04-18T00:00:00Z,BitoPro,TWD,usdt_twd,1d,29.4456,"reported, not observed",api.bitopro.com/v3/trading-history
2022-04-19T00:00:00Z,BitoPro,TWD,usdt_twd,1d,29.3997,"reported, not observed",api.bitopro.com/v3/trading-history
2022-04-20T00:00:00Z,BitoPro,TWD,usdt_twd,1d,29.4,"reported, not observed",api.bitopro.com/v3/trading-history
2022-04-21T00:00:00Z,BitoPro,TWD,usdt_twd,1d,29.4,"reported, not observed",api.bitopro.com/v3/trading-history
2022-04-22T00:00:00Z,BitoPro,TWD,usdt_twd,1d,29.4997,"reported, not observed",api.bitopro.com/v3/trading-history
2022-04-23T00:00:00Z,BitoPro,TWD,usdt_twd,1d,29.5079,"reported, not observed",api.bitopro.com/v3/trading-history
2022-04-24T00:00:00Z,BitoPro,TWD,usdt_twd,1d,29.4836,"reported, not observed",api.bitopro.com/v3/trading-history
2022-04-25T00:00:00Z,BitoPro,TWD,usdt_twd,1d,29.48,"reported, not observed",api.bitopro.com/v3/trading-history
2022-04-26T00:00:00Z,BitoPro,TWD,usdt_twd,1d,29.51,"reported, not observed",api.bitopro.com/v3/trading-history
2022-04-27T00:00:00Z,BitoPro,TWD,usdt_twd,1d,29.5533,"reported, not observed",api.bitopro.com/v3/trading-history
2022-04-28T00:00:00Z,BitoPro,TWD,usdt_twd,1d,29.6749,"reported, not observed",api.bitopro.com/v3/trading-history
2022-04-29T00:00:00Z,BitoPro,TWD,usdt_twd,1d,29.6849,"reported, not observed",api.bitopro.com/v3/trading-history
2022-04-30T00:00:00Z,BitoPro,TWD,usdt_twd,1d,29.7178,"reported, not observed",api.bitopro.com/v3/trading-history
2022-05-01T00:00:00Z,BitoPro,TWD,usdt_twd,1d,29.7499,"reported, not observed",api.bitopro.com/v3/trading-history
2022-05-02T00:00:00Z,BitoPro,TWD,usdt_twd,1d,29.6899,"reported, not observed",api.bitopro.com/v3/trading-history
2022-05-03T00:00:00Z,BitoPro,TWD,usdt_twd,1d,29.68,"reported, not observed",api.bitopro.com/v3/trading-history
2022-05-04T00:00:00Z,BitoPro,TWD,usdt_twd,1d,29.5301,"reported, not observed",api.bitopro.com/v3/trading-history
2022-05-05T00:00:00Z,BitoPro,TWD,usdt_twd,1d,29.7552,"reported, not observed",api.bitopro.com/v3/trading-history
2022-05-06T00:00:00Z,BitoPro,TWD,usdt_twd,1d,29.8936,"reported, not observed",api.bitopro.com/v3/trading-history
2022-05-07T00:00:00Z,BitoPro,TWD,usdt_twd,1d,29.9,"reported, not observed",api.bitopro.com/v3/trading-history
2022-05-08T00:00:00Z,BitoPro,TWD,usdt_twd,1d,29.9297,"reported, not observed",api.bitopro.com/v3/trading-history
2022-05-09T00:00:00Z,BitoPro,TWD,usdt_twd,1d,29.9848,"reported, not observed",api.bitopro.com/v3/trading-history
2022-05-10T00:00:00Z,BitoPro,TWD,usdt_twd,1d,29.9349,"reported, not observed",api.bitopro.com/v3/trading-history
2022-05-11T00:00:00Z,BitoPro,TWD,usdt_twd,1d,29.9707,"reported, not observed",api.bitopro.com/v3/trading-history
2022-05-12T00:00:00Z,BitoPro,TWD,usdt_twd,1d,30.0,"reported, not observed",api.bitopro.com/v3/trading-history
2022-05-13T00:00:00Z,BitoPro,TWD,usdt_twd,1d,30.0287,"reported, not observed",api.bitopro.com/v3/trading-history
2022-05-14T00:00:00Z,BitoPro,TWD,usdt_twd,1d,30.0678,"reported, not observed",api.bitopro.com/v3/trading-history
2022-05-15T00:00:00Z,BitoPro,TWD,usdt_twd,1d,30.0563,"reported, not observed",api.bitopro.com/v3/trading-history
2022-05-16T00:00:00Z,BitoPro,TWD,usdt_twd,1d,29.9899,"reported, not observed",api.bitopro.com/v3/trading-history
2022-05-17T00:00:00Z,BitoPro,TWD,usdt_twd,1d,29.8206,"reported, not observed",api.bitopro.com/v3/trading-history
2022-05-18T00:00:00Z,BitoPro,TWD,usdt_twd,1d,29.8798,"reported, not observed",api.bitopro.com/v3/trading-history
2022-05-19T00:00:00Z,BitoPro,TWD,usdt_twd,1d,29.8249,"reported, not observed",api.bitopro.com/v3/trading-history
2022-05-20T00:00:00Z,BitoPro,TWD,usdt_twd,1d,29.84,"reported, not observed",api.bitopro.com/v3/trading-history
2022-05-21T00:00:00Z,BitoPro,TWD,usdt_twd,1d,29.85,"reported, not observed",api.bitopro.com/v3/trading-history
2022-05-22T00:00:00Z,BitoPro,TWD,usdt_twd,1d,29.75,"reported, not observed",api.bitopro.com/v3/trading-history
2022-05-23T00:00:00Z,BitoPro,TWD,usdt_twd,1d,29.6893,"reported, not observed",api.bitopro.com/v3/trading-history
2022-05-24T00:00:00Z,BitoPro,TWD,usdt_twd,1d,29.7057,"reported, not observed",api.bitopro.com/v3/trading-history
2022-05-25T00:00:00Z,BitoPro,TWD,usdt_twd,1d,29.6399,"reported, not observed",api.bitopro.com/v3/trading-history
2022-05-26T00:00:00Z,BitoPro,TWD,usdt_twd,1d,29.6403,"reported, not observed",api.bitopro.com/v3/trading-history
2022-05-27T00:00:00Z,BitoPro,TWD,usdt_twd,1d,29.5,"reported, not observed",api.bitopro.com/v3/trading-history
2022-05-28T00:00:00Z,BitoPro,TWD,usdt_twd,1d,29.4821,"reported, not observed",api.bitopro.com/v3/trading-history
2022-05-29T00:00:00Z,BitoPro,TWD,usdt_twd,1d,29.495,"reported, not observed",api.bitopro.com/v3/trading-history
2022-05-30T00:00:00Z,BitoPro,TWD,usdt_twd,1d,29.3281,"reported, not observed",api.bitopro.com/v3/trading-history
2022-05-31T00:00:00Z,BitoPro,TWD,usdt_twd,1d,29.052,"reported, not observed",api.bitopro.com/v3/trading-history
2022-06-01T00:00:00Z,BitoPro,TWD,usdt_twd,1d,29.3982,"reported, not observed",api.bitopro.com/v3/trading-history
2022-06-02T00:00:00Z,BitoPro,TWD,usdt_twd,1d,29.4626,"reported, not observed",api.bitopro.com/v3/trading-history
2022-06-03T00:00:00Z,BitoPro,TWD,usdt_twd,1d,29.52,"reported, not observed",api.bitopro.com/v3/trading-history
2022-06-04T00:00:00Z,BitoPro,TWD,usdt_twd,1d,29.549,"reported, not observed",api.bitopro.com/v3/trading-history
2022-06-05T00:00:00Z,BitoPro,TWD,usdt_twd,1d,29.52,"reported, not observed",api.bitopro.com/v3/trading-history
2022-06-06T00:00:00Z,BitoPro,TWD,usdt_twd,1d,29.4765,"reported, not observed",api.bitopro.com/v3/trading-history
2022-06-07T00:00:00Z,BitoPro,TWD,usdt_twd,1d,29.5603,"reported, not observed",api.bitopro.com/v3/trading-history
2022-06-08T00:00:00Z,BitoPro,TWD,usdt_twd,1d,29.5883,"reported, not observed",api.bitopro.com/v3/trading-history
2022-06-09T00:00:00Z,BitoPro,TWD,usdt_twd,1d,29.6151,"reported, not observed",api.bitopro.com/v3/trading-history
2022-06-10T00:00:00Z,BitoPro,TWD,usdt_twd,1d,29.7348,"reported, not observed",api.bitopro.com/v3/trading-history
2022-06-11T00:00:00Z,BitoPro,TWD,usdt_twd,1d,29.7979,"reported, not observed",api.bitopro.com/v3/trading-history
2022-06-12T00:00:00Z,BitoPro,TWD,usdt_twd,1d,29.792,"reported, not observed",api.bitopro.com/v3/trading-history
2022-06-13T00:00:00Z,BitoPro,TWD,usdt_twd,1d,29.801,"reported, not observed",api.bitopro.com/v3/trading-history
2022-06-14T00:00:00Z,BitoPro,TWD,usdt_twd,1d,29.7815,"reported, not observed",api.bitopro.com/v3/trading-history
2022-06-15T00:00:00Z,BitoPro,TWD,usdt_twd,1d,29.7599,"reported, not observed",api.bitopro.com/v3/trading-history
2022-06-16T00:00:00Z,BitoPro,TWD,usdt_twd,1d,29.8446,"reported, not observed",api.bitopro.com/v3/trading-history
2022-06-17T00:00:00Z,BitoPro,TWD,usdt_twd,1d,29.86,"reported, not observed",api.bitopro.com/v3/trading-history
2022-06-18T00:00:00Z,BitoPro,TWD,usdt_twd,1d,29.8799,"reported, not observed",api.bitopro.com/v3/trading-history
2022-06-19T00:00:00Z,BitoPro,TWD,usdt_twd,1d,29.79,"reported, not observed",api.bitopro.com/v3/trading-history
2022-06-20T00:00:00Z,BitoPro,TWD,usdt_twd,1d,29.8701,"reported, not observed",api.bitopro.com/v3/trading-history
2022-06-21T00:00:00Z,BitoPro,TWD,usdt_twd,1d,29.8267,"reported, not observed",api.bitopro.com/v3/trading-history
2022-06-22T00:00:00Z,BitoPro,TWD,usdt_twd,1d,29.831,"reported, not observed",api.bitopro.com/v3/trading-history
2022-06-23T00:00:00Z,BitoPro,TWD,usdt_twd,1d,29.831,"reported, not observed",api.bitopro.com/v3/trading-history
2022-06-24T00:00:00Z,BitoPro,TWD,usdt_twd,1d,29.8477,"reported, not observed",api.bitopro.com/v3/trading-history
2022-06-25T00:00:00Z,BitoPro,TWD,usdt_twd,1d,29.8482,"reported, not observed",api.bitopro.com/v3/trading-history
2022-06-26T00:00:00Z,BitoPro,TWD,usdt_twd,1d,29.8485,"reported, not observed",api.bitopro.com/v3/trading-history
2022-06-27T00:00:00Z,BitoPro,TWD,usdt_twd,1d,29.68,"reported, not observed",api.bitopro.com/v3/trading-history
2022-06-28T00:00:00Z,BitoPro,TWD,usdt_twd,1d,29.7339,"reported, not observed",api.bitopro.com/v3/trading-history
2022-06-29T00:00:00Z,BitoPro,TWD,usdt_twd,1d,29.75,"reported, not observed",api.bitopro.com/v3/trading-history
2022-06-30T00:00:00Z,BitoPro,TWD,usdt_twd,1d,29.7999,"reported, not observed",api.bitopro.com/v3/trading-history
2022-07-01T00:00:00Z,BitoPro,TWD,usdt_twd,1d,29.8303,"reported, not observed",api.bitopro.com/v3/trading-history
2022-07-02T00:00:00Z,BitoPro,TWD,usdt_twd,1d,29.8789,"reported, not observed",api.bitopro.com/v3/trading-history
2022-07-03T00:00:00Z,BitoPro,TWD,usdt_twd,1d,29.8686,"reported, not observed",api.bitopro.com/v3/trading-history
2022-07-04T00:00:00Z,BitoPro,TWD,usdt_twd,1d,29.8403,"reported, not observed",api.bitopro.com/v3/trading-history
2022-07-05T00:00:00Z,BitoPro,TWD,usdt_twd,1d,29.8699,"reported, not observed",api.bitopro.com/v3/trading-history
2022-07-06T00:00:00Z,BitoPro,TWD,usdt_twd,1d,29.8464,"reported, not observed",api.bitopro.com/v3/trading-history
2022-07-07T00:00:00Z,BitoPro,TWD,usdt_twd,1d,29.8515,"reported, not observed",api.bitopro.com/v3/trading-history
2022-07-08T00:00:00Z,BitoPro,TWD,usdt_twd,1d,29.8962,"reported, not observed",api.bitopro.com/v3/trading-history
2022-07-09T00:00:00Z,BitoPro,TWD,usdt_twd,1d,29.8959,"reported, not observed",api.bitopro.com/v3/trading-history
2022-07-10T00:00:00Z,BitoPro,TWD,usdt_twd,1d,29.8888,"reported, not observed",api.bitopro.com/v3/trading-history
2022-07-11T00:00:00Z,BitoPro,TWD,usdt_twd,1d,29.8987,"reported, not observed",api.bitopro.com/v3/trading-history
2022-07-12T00:00:00Z,BitoPro,TWD,usdt_twd,1d,29.9598,"reported, not observed",api.bitopro.com/v3/trading-history
2022-07-13T00:00:00Z,BitoPro,TWD,usdt_twd,1d,29.968,"reported, not observed",api.bitopro.com/v3/trading-history
2022-07-14T00:00:00Z,BitoPro,TWD,usdt_twd,1d,29.9683,"reported, not observed",api.bitopro.com/v3/trading-history
2022-07-15T00:00:00Z,BitoPro,TWD,usdt_twd,1d,29.98,"reported, not observed",api.bitopro.com/v3/trading-history
2022-07-16T00:00:00Z,BitoPro,TWD,usdt_twd,1d,29.9998,"reported, not observed",api.bitopro.com/v3/trading-history
2022-07-17T00:00:00Z,BitoPro,TWD,usdt_twd,1d,29.9899,"reported, not observed",api.bitopro.com/v3/trading-history
2022-07-18T00:00:00Z,BitoPro,TWD,usdt_twd,1d,29.9728,"reported, not observed",api.bitopro.com/v3/trading-history
2022-07-19T00:00:00Z,BitoPro,TWD,usdt_twd,1d,30.0147,"reported, not observed",api.bitopro.com/v3/trading-history
2022-07-20T00:00:00Z,BitoPro,TWD,usdt_twd,1d,30.0,"reported, not observed",api.bitopro.com/v3/trading-history
2022-07-21T00:00:00Z,BitoPro,TWD,usdt_twd,1d,29.9763,"reported, not observed",api.bitopro.com/v3/trading-history
2022-07-22T00:00:00Z,BitoPro,TWD,usdt_twd,1d,30.0226,"reported, not observed",api.bitopro.com/v3/trading-history
2022-07-23T00:00:00Z,BitoPro,TWD,usdt_twd,1d,30.0,"reported, not observed",api.bitopro.com/v3/trading-history
2022-07-24T00:00:00Z,BitoPro,TWD,usdt_twd,1d,29.9993,"reported, not observed",api.bitopro.com/v3/trading-history
2022-07-25T00:00:00Z,BitoPro,TWD,usdt_twd,1d,30.0002,"reported, not observed",api.bitopro.com/v3/trading-history
2022-07-26T00:00:00Z,BitoPro,TWD,usdt_twd,1d,30.0198,"reported, not observed",api.bitopro.com/v3/trading-history
2022-07-27T00:00:00Z,BitoPro,TWD,usdt_twd,1d,29.981,"reported, not observed",api.bitopro.com/v3/trading-history
2022-07-28T00:00:00Z,BitoPro,TWD,usdt_twd,1d,29.9997,"reported, not observed",api.bitopro.com/v3/trading-history
2022-07-29T00:00:00Z,BitoPro,TWD,usdt_twd,1d,30.0392,"reported, not observed",api.bitopro.com/v3/trading-history
2022-07-30T00:00:00Z,BitoPro,TWD,usdt_twd,1d,30.0202,"reported, not observed",api.bitopro.com/v3/trading-history
2022-07-31T00:00:00Z,BitoPro,TWD,usdt_twd,1d,30.0644,"reported, not observed",api.bitopro.com/v3/trading-history
2022-08-01T00:00:00Z,BitoPro,TWD,usdt_twd,1d,30.0717,"reported, not observed",api.bitopro.com/v3/trading-history
2022-08-02T00:00:00Z,BitoPro,TWD,usdt_twd,1d,30.1096,"reported, not observed",api.bitopro.com/v3/trading-history
2022-08-03T00:00:00Z,BitoPro,TWD,usdt_twd,1d,30.0997,"reported, not observed",api.bitopro.com/v3/trading-history
2022-08-04T00:00:00Z,BitoPro,TWD,usdt_twd,1d,30.0901,"reported, not observed",api.bitopro.com/v3/trading-history
2022-08-05T00:00:00Z,BitoPro,TWD,usdt_twd,1d,30.07,"reported, not observed",api.bitopro.com/v3/trading-history
2022-08-06T00:00:00Z,BitoPro,TWD,usdt_twd,1d,30.0998,"reported, not observed",api.bitopro.com/v3/trading-history
2022-08-07T00:00:00Z,BitoPro,TWD,usdt_twd,1d,30.0999,"reported, not observed",api.bitopro.com/v3/trading-history
2022-08-08T00:00:00Z,BitoPro,TWD,usdt_twd,1d,30.0804,"reported, not observed",api.bitopro.com/v3/trading-history
2022-08-09T00:00:00Z,BitoPro,TWD,usdt_twd,1d,30.1,"reported, not observed",api.bitopro.com/v3/trading-history
2022-08-10T00:00:00Z,BitoPro,TWD,usdt_twd,1d,29.9673,"reported, not observed",api.bitopro.com/v3/trading-history
2022-08-11T00:00:00Z,BitoPro,TWD,usdt_twd,1d,30.0599,"reported, not observed",api.bitopro.com/v3/trading-history
2022-08-12T00:00:00Z,BitoPro,TWD,usdt_twd,1d,30.0699,"reported, not observed",api.bitopro.com/v3/trading-history
2022-08-13T00:00:00Z,BitoPro,TWD,usdt_twd,1d,30.0996,"reported, not observed",api.bitopro.com/v3/trading-history
2022-08-14T00:00:00Z,BitoPro,TWD,usdt_twd,1d,30.077,"reported, not observed",api.bitopro.com/v3/trading-history
2022-08-15T00:00:00Z,BitoPro,TWD,usdt_twd,1d,30.1029,"reported, not observed",api.bitopro.com/v3/trading-history
2022-08-16T00:00:00Z,BitoPro,TWD,usdt_twd,1d,30.1088,"reported, not observed",api.bitopro.com/v3/trading-history
2022-08-17T00:00:00Z,BitoPro,TWD,usdt_twd,1d,30.1,"reported, not observed",api.bitopro.com/v3/trading-history
2022-08-18T00:00:00Z,BitoPro,TWD,usdt_twd,1d,30.1087,"reported, not observed",api.bitopro.com/v3/trading-history
2022-08-19T00:00:00Z,BitoPro,TWD,usdt_twd,1d,30.1798,"reported, not observed",api.bitopro.com/v3/trading-history
2022-08-20T00:00:00Z,BitoPro,TWD,usdt_twd,1d,30.1948,"reported, not observed",api.bitopro.com/v3/trading-history
2022-08-21T00:00:00Z,BitoPro,TWD,usdt_twd,1d,30.2063,"reported, not observed",api.bitopro.com/v3/trading-history
2022-08-22T00:00:00Z,BitoPro,TWD,usdt_twd,1d,30.2,"reported, not observed",api.bitopro.com/v3/trading-history
2022-08-23T00:00:00Z,BitoPro,TWD,usdt_twd,1d,30.2099,"reported, not observed",api.bitopro.com/v3/trading-history
2022-08-24T00:00:00Z,BitoPro,TWD,usdt_twd,1d,30.35,"reported, not observed",api.bitopro.com/v3/trading-history
2022-08-25T00:00:00Z,BitoPro,TWD,usdt_twd,1d,30.308,"reported, not observed",api.bitopro.com/v3/trading-history
2022-08-26T00:00:00Z,BitoPro,TWD,usdt_twd,1d,30.3012,"reported, not observed",api.bitopro.com/v3/trading-history
2022-08-27T00:00:00Z,BitoPro,TWD,usdt_twd,1d,30.38,"reported, not observed",api.bitopro.com/v3/trading-history
2022-08-28T00:00:00Z,BitoPro,TWD,usdt_twd,1d,30.391,"reported, not observed",api.bitopro.com/v3/trading-history
2022-08-29T00:00:00Z,BitoPro,TWD,usdt_twd,1d,30.4309,"reported, not observed",api.bitopro.com/v3/trading-history
2022-08-30T00:00:00Z,BitoPro,TWD,usdt_twd,1d,30.5045,"reported, not observed",api.bitopro.com/v3/trading-history
2022-08-31T00:00:00Z,BitoPro,TWD,usdt_twd,1d,30.5105,"reported, not observed",api.bitopro.com/v3/trading-history
2022-09-01T00:00:00Z,BitoPro,TWD,usdt_twd,1d,30.67,"reported, not observed",api.bitopro.com/v3/trading-history
2022-09-02T00:00:00Z,BitoPro,TWD,usdt_twd,1d,30.6646,"reported, not observed",api.bitopro.com/v3/trading-history
2022-09-03T00:00:00Z,BitoPro,TWD,usdt_twd,1d,30.7247,"reported, not observed",api.bitopro.com/v3/trading-history
2022-09-04T00:00:00Z,BitoPro,TWD,usdt_twd,1d,30.6701,"reported, not observed",api.bitopro.com/v3/trading-history
2022-09-05T00:00:00Z,BitoPro,TWD,usdt_twd,1d,30.7771,"reported, not observed",api.bitopro.com/v3/trading-history
2022-09-06T00:00:00Z,BitoPro,TWD,usdt_twd,1d,30.8889,"reported, not observed",api.bitopro.com/v3/trading-history
2022-09-07T00:00:00Z,BitoPro,TWD,usdt_twd,1d,30.9201,"reported, not observed",api.bitopro.com/v3/trading-history
2022-09-08T00:00:00Z,BitoPro,TWD,usdt_twd,1d,31.0117,"reported, not observed",api.bitopro.com/v3/trading-history
2022-09-09T00:00:00Z,BitoPro,TWD,usdt_twd,1d,31.0137,"reported, not observed",api.bitopro.com/v3/trading-history
2022-09-10T00:00:00Z,BitoPro,TWD,usdt_twd,1d,30.9776,"reported, not observed",api.bitopro.com/v3/trading-history
2022-09-11T00:00:00Z,BitoPro,TWD,usdt_twd,1d,30.938,"reported, not observed",api.bitopro.com/v3/trading-history
2022-09-12T00:00:00Z,BitoPro,TWD,usdt_twd,1d,30.9608,"reported, not observed",api.bitopro.com/v3/trading-history
2022-09-13T00:00:00Z,BitoPro,TWD,usdt_twd,1d,31.0147,"reported, not observed",api.bitopro.com/v3/trading-history
2022-09-14T00:00:00Z,BitoPro,TWD,usdt_twd,1d,31.16,"reported, not observed",api.bitopro.com/v3/trading-history
2022-09-15T00:00:00Z,BitoPro,TWD,usdt_twd,1d,31.2692,"reported, not observed",api.bitopro.com/v3/trading-history
2022-09-16T00:00:00Z,BitoPro,TWD,usdt_twd,1d,31.44,"reported, not observed",api.bitopro.com/v3/trading-history
2022-09-17T00:00:00Z,BitoPro,TWD,usdt_twd,1d,31.4634,"reported, not observed",api.bitopro.com/v3/trading-history
2022-09-18T00:00:00Z,BitoPro,TWD,usdt_twd,1d,31.4205,"reported, not observed",api.bitopro.com/v3/trading-history
2022-09-19T00:00:00Z,BitoPro,TWD,usdt_twd,1d,31.4879,"reported, not observed",api.bitopro.com/v3/trading-history
2022-09-20T00:00:00Z,BitoPro,TWD,usdt_twd,1d,31.4959,"reported, not observed",api.bitopro.com/v3/trading-history
2022-09-21T00:00:00Z,BitoPro,TWD,usdt_twd,1d,31.6381,"reported, not observed",api.bitopro.com/v3/trading-history
2022-09-22T00:00:00Z,BitoPro,TWD,usdt_twd,1d,31.6849,"reported, not observed",api.bitopro.com/v3/trading-history
2022-09-23T00:00:00Z,BitoPro,TWD,usdt_twd,1d,31.909,"reported, not observed",api.bitopro.com/v3/trading-history
2022-09-24T00:00:00Z,BitoPro,TWD,usdt_twd,1d,31.92,"reported, not observed",api.bitopro.com/v3/trading-history
2022-09-25T00:00:00Z,BitoPro,TWD,usdt_twd,1d,31.9105,"reported, not observed",api.bitopro.com/v3/trading-history
2022-09-26T00:00:00Z,BitoPro,TWD,usdt_twd,1d,31.965,"reported, not observed",api.bitopro.com/v3/trading-history
2022-09-27T00:00:00Z,BitoPro,TWD,usdt_twd,1d,31.8312,"reported, not observed",api.bitopro.com/v3/trading-history
2022-09-28T00:00:00Z,BitoPro,TWD,usdt_twd,1d,31.9302,"reported, not observed",api.bitopro.com/v3/trading-history
2022-09-29T00:00:00Z,BitoPro,TWD,usdt_twd,1d,31.9201,"reported, not observed",api.bitopro.com/v3/trading-history
2022-09-30T00:00:00Z,BitoPro,TWD,usdt_twd,1d,31.9299,"reported, not observed",api.bitopro.com/v3/trading-history
2022-10-01T00:00:00Z,BitoPro,TWD,usdt_twd,1d,31.9591,"reported, not observed",api.bitopro.com/v3/trading-history
2022-10-02T00:00:00Z,BitoPro,TWD,usdt_twd,1d,31.9445,"reported, not observed",api.bitopro.com/v3/trading-history
2022-10-03T00:00:00Z,BitoPro,TWD,usdt_twd,1d,31.9599,"reported, not observed",api.bitopro.com/v3/trading-history
2022-10-04T00:00:00Z,BitoPro,TWD,usdt_twd,1d,31.79,"reported, not observed",api.bitopro.com/v3/trading-history
2022-10-05T00:00:00Z,BitoPro,TWD,usdt_twd,1d,31.72,"reported, not observed",api.bitopro.com/v3/trading-history
2022-10-06T00:00:00Z,BitoPro,TWD,usdt_twd,1d,31.692,"reported, not observed",api.bitopro.com/v3/trading-history
2022-10-07T00:00:00Z,BitoPro,TWD,usdt_twd,1d,31.8498,"reported, not observed",api.bitopro.com/v3/trading-history
2022-10-08T00:00:00Z,BitoPro,TWD,usdt_twd,1d,31.9,"reported, not observed",api.bitopro.com/v3/trading-history
2022-10-09T00:00:00Z,BitoPro,TWD,usdt_twd,1d,31.9297,"reported, not observed",api.bitopro.com/v3/trading-history
2022-10-10T00:00:00Z,BitoPro,TWD,usdt_twd,1d,31.873,"reported, not observed",api.bitopro.com/v3/trading-history
2022-10-11T00:00:00Z,BitoPro,TWD,usdt_twd,1d,31.9479,"reported, not observed",api.bitopro.com/v3/trading-history
2022-10-12T00:00:00Z,BitoPro,TWD,usdt_twd,1d,31.95,"reported, not observed",api.bitopro.com/v3/trading-history
2022-10-13T00:00:00Z,BitoPro,TWD,usdt_twd,1d,31.99,"reported, not observed",api.bitopro.com/v3/trading-history
2022-10-14T00:00:00Z,BitoPro,TWD,usdt_twd,1d,32.0731,"reported, not observed",api.bitopro.com/v3/trading-history
2022-10-15T00:00:00Z,BitoPro,TWD,usdt_twd,1d,32.069,"reported, not observed",api.bitopro.com/v3/trading-history
2022-10-16T00:00:00Z,BitoPro,TWD,usdt_twd,1d,32.05,"reported, not observed",api.bitopro.com/v3/trading-history
2022-10-17T00:00:00Z,BitoPro,TWD,usdt_twd,1d,32.0619,"reported, not observed",api.bitopro.com/v3/trading-history
2022-10-18T00:00:00Z,BitoPro,TWD,usdt_twd,1d,32.1,"reported, not observed",api.bitopro.com/v3/trading-history
2022-10-19T00:00:00Z,BitoPro,TWD,usdt_twd,1d,32.153,"reported, not observed",api.bitopro.com/v3/trading-history
2022-10-20T00:00:00Z,BitoPro,TWD,usdt_twd,1d,32.1988,"reported, not observed",api.bitopro.com/v3/trading-history
2022-10-21T00:00:00Z,BitoPro,TWD,usdt_twd,1d,32.2702,"reported, not observed",api.bitopro.com/v3/trading-history
2022-10-22T00:00:00Z,BitoPro,TWD,usdt_twd,1d,32.2706,"reported, not observed",api.bitopro.com/v3/trading-history
2022-10-23T00:00:00Z,BitoPro,TWD,usdt_twd,1d,32.1451,"reported, not observed",api.bitopro.com/v3/trading-history
2022-10-24T00:00:00Z,BitoPro,TWD,usdt_twd,1d,32.3698,"reported, not observed",api.bitopro.com/v3/trading-history
2022-10-25T00:00:00Z,BitoPro,TWD,usdt_twd,1d,32.2802,"reported, not observed",api.bitopro.com/v3/trading-history
2022-10-26T00:00:00Z,BitoPro,TWD,usdt_twd,1d,32.2335,"reported, not observed",api.bitopro.com/v3/trading-history
2022-10-27T00:00:00Z,BitoPro,TWD,usdt_twd,1d,32.1896,"reported, not observed",api.bitopro.com/v3/trading-history
2022-10-28T00:00:00Z,BitoPro,TWD,usdt_twd,1d,32.2099,"reported, not observed",api.bitopro.com/v3/trading-history
2022-10-29T00:00:00Z,BitoPro,TWD,usdt_twd,1d,32.193,"reported, not observed",api.bitopro.com/v3/trading-history
2022-10-30T00:00:00Z,BitoPro,TWD,usdt_twd,1d,32.295,"reported, not observed",api.bitopro.com/v3/trading-history
2022-10-31T00:00:00Z,BitoPro,TWD,usdt_twd,1d,32.315,"reported, not observed",api.bitopro.com/v3/trading-history
2022-11-01T00:00:00Z,BitoPro,TWD,usdt_twd,1d,32.315,"reported, not observed",api.bitopro.com/v3/trading-history
2022-11-02T00:00:00Z,BitoPro,TWD,usdt_twd,1d,32.2952,"reported, not observed",api.bitopro.com/v3/trading-history
2022-11-03T00:00:00Z,BitoPro,TWD,usdt_twd,1d,32.349,"reported, not observed",api.bitopro.com/v3/trading-history
2022-11-04T00:00:00Z,BitoPro,TWD,usdt_twd,1d,32.2302,"reported, not observed",api.bitopro.com/v3/trading-history
2022-11-05T00:00:00Z,BitoPro,TWD,usdt_twd,1d,32.2347,"reported, not observed",api.bitopro.com/v3/trading-history
2022-11-06T00:00:00Z,BitoPro,TWD,usdt_twd,1d,32.225,"reported, not observed",api.bitopro.com/v3/trading-history
2022-11-07T00:00:00Z,BitoPro,TWD,usdt_twd,1d,32.15,"reported, not observed",api.bitopro.com/v3/trading-history
2022-11-08T00:00:00Z,BitoPro,TWD,usdt_twd,1d,32.2726,"reported, not observed",api.bitopro.com/v3/trading-history
2022-11-09T00:00:00Z,BitoPro,TWD,usdt_twd,1d,32.3998,"reported, not observed",api.bitopro.com/v3/trading-history
2022-11-10T00:00:00Z,BitoPro,TWD,usdt_twd,1d,31.884,"reported, not observed",api.bitopro.com/v3/trading-history
2022-11-11T00:00:00Z,BitoPro,TWD,usdt_twd,1d,31.84,"reported, not observed",api.bitopro.com/v3/trading-history
2022-11-12T00:00:00Z,BitoPro,TWD,usdt_twd,1d,31.436,"reported, not observed",api.bitopro.com/v3/trading-history
2022-11-13T00:00:00Z,BitoPro,TWD,usdt_twd,1d,31.3996,"reported, not observed",api.bitopro.com/v3/trading-history
2022-11-14T00:00:00Z,BitoPro,TWD,usdt_twd,1d,31.266,"reported, not observed",api.bitopro.com/v3/trading-history
2022-11-15T00:00:00Z,BitoPro,TWD,usdt_twd,1d,31.4099,"reported, not observed",api.bitopro.com/v3/trading-history
2022-11-16T00:00:00Z,BitoPro,TWD,usdt_twd,1d,31.4202,"reported, not observed",api.bitopro.com/v3/trading-history
2022-11-17T00:00:00Z,BitoPro,TWD,usdt_twd,1d,31.5234,"reported, not observed",api.bitopro.com/v3/trading-history
2022-11-18T00:00:00Z,BitoPro,TWD,usdt_twd,1d,31.5001,"reported, not observed",api.bitopro.com/v3/trading-history
2022-11-19T00:00:00Z,BitoPro,TWD,usdt_twd,1d,31.5221,"reported, not observed",api.bitopro.com/v3/trading-history
2022-11-20T00:00:00Z,BitoPro,TWD,usdt_twd,1d,31.595,"reported, not observed",api.bitopro.com/v3/trading-history
2022-11-21T00:00:00Z,BitoPro,TWD,usdt_twd,1d,31.6997,"reported, not observed",api.bitopro.com/v3/trading-history
2022-11-22T00:00:00Z,BitoPro,TWD,usdt_twd,1d,31.64,"reported, not observed",api.bitopro.com/v3/trading-history
2022-11-23T00:00:00Z,BitoPro,TWD,usdt_twd,1d,31.7079,"reported, not observed",api.bitopro.com/v3/trading-history
2022-11-24T00:00:00Z,BitoPro,TWD,usdt_twd,1d,31.68,"reported, not observed",api.bitopro.com/v3/trading-history
2022-11-25T00:00:00Z,BitoPro,TWD,usdt_twd,1d,31.6097,"reported, not observed",api.bitopro.com/v3/trading-history
2022-11-26T00:00:00Z,BitoPro,TWD,usdt_twd,1d,31.6301,"reported, not observed",api.bitopro.com/v3/trading-history
2022-11-27T00:00:00Z,BitoPro,TWD,usdt_twd,1d,31.6397,"reported, not observed",api.bitopro.com/v3/trading-history
2022-11-28T00:00:00Z,BitoPro,TWD,usdt_twd,1d,31.5901,"reported, not observed",api.bitopro.com/v3/trading-history
2022-11-29T00:00:00Z,BitoPro,TWD,usdt_twd,1d,31.494,"reported, not observed",api.bitopro.com/v3/trading-history
2022-11-30T00:00:00Z,BitoPro,TWD,usdt_twd,1d,31.26,"reported, not observed",api.bitopro.com/v3/trading-history
2022-12-01T00:00:00Z,BitoPro,TWD,usdt_twd,1d,30.95,"reported, not observed",api.bitopro.com/v3/trading-history
2022-12-02T00:00:00Z,BitoPro,TWD,usdt_twd,1d,30.9106,"reported, not observed",api.bitopro.com/v3/trading-history
2022-12-03T00:00:00Z,BitoPro,TWD,usdt_twd,1d,30.95,"reported, not observed",api.bitopro.com/v3/trading-history
2022-12-04T00:00:00Z,BitoPro,TWD,usdt_twd,1d,30.88,"reported, not observed",api.bitopro.com/v3/trading-history
2022-12-05T00:00:00Z,BitoPro,TWD,usdt_twd,1d,30.6677,"reported, not observed",api.bitopro.com/v3/trading-history
2022-12-06T00:00:00Z,BitoPro,TWD,usdt_twd,1d,30.7305,"reported, not observed",api.bitopro.com/v3/trading-history
2022-12-07T00:00:00Z,BitoPro,TWD,usdt_twd,1d,30.8,"reported, not observed",api.bitopro.com/v3/trading-history
2022-12-08T00:00:00Z,BitoPro,TWD,usdt_twd,1d,30.8269,"reported, not observed",api.bitopro.com/v3/trading-history
2022-12-09T00:00:00Z,BitoPro,TWD,usdt_twd,1d,30.9299,"reported, not observed",api.bitopro.com/v3/trading-history
2022-12-10T00:00:00Z,BitoPro,TWD,usdt_twd,1d,30.9292,"reported, not observed",api.bitopro.com/v3/trading-history
2022-12-11T00:00:00Z,BitoPro,TWD,usdt_twd,1d,30.8501,"reported, not observed",api.bitopro.com/v3/trading-history
2022-12-12T00:00:00Z,BitoPro,TWD,usdt_twd,1d,30.8725,"reported, not observed",api.bitopro.com/v3/trading-history
2022-12-13T00:00:00Z,BitoPro,TWD,usdt_twd,1d,30.696,"reported, not observed",api.bitopro.com/v3/trading-history
2022-12-14T00:00:00Z,BitoPro,TWD,usdt_twd,1d,30.7294,"reported, not observed",api.bitopro.com/v3/trading-history
2022-12-15T00:00:00Z,BitoPro,TWD,usdt_twd,1d,30.8,"reported, not observed",api.bitopro.com/v3/trading-history
2022-12-16T00:00:00Z,BitoPro,TWD,usdt_twd,1d,30.9301,"reported, not observed",api.bitopro.com/v3/trading-history
2022-12-17T00:00:00Z,BitoPro,TWD,usdt_twd,1d,30.911,"reported, not observed",api.bitopro.com/v3/trading-history
2022-12-18T00:00:00Z,BitoPro,TWD,usdt_twd,1d,30.89,"reported, not observed",api.bitopro.com/v3/trading-history
2022-12-19T00:00:00Z,BitoPro,TWD,usdt_twd,1d,30.8999,"reported, not observed",api.bitopro.com/v3/trading-history
2022-12-20T00:00:00Z,BitoPro,TWD,usdt_twd,1d,30.8299,"reported, not observed",api.bitopro.com/v3/trading-history
2022-12-21T00:00:00Z,BitoPro,TWD,usdt_twd,1d,30.808,"reported, not observed",api.bitopro.com/v3/trading-history
2022-12-22T00:00:00Z,BitoPro,TWD,usdt_twd,1d,30.7982,"reported, not observed",api.bitopro.com/v3/trading-history
2022-12-23T00:00:00Z,BitoPro,TWD,usdt_twd,1d,30.845,"reported, not observed",api.bitopro.com/v3/trading-history
2022-12-24T00:00:00Z,BitoPro,TWD,usdt_twd,1d,30.88,"reported, not observed",api.bitopro.com/v3/trading-history
2022-12-25T00:00:00Z,BitoPro,TWD,usdt_twd,1d,30.8501,"reported, not observed",api.bitopro.com/v3/trading-history
2022-12-26T00:00:00Z,BitoPro,TWD,usdt_twd,1d,30.835,"reported, not observed",api.bitopro.com/v3/trading-history
2022-12-27T00:00:00Z,BitoPro,TWD,usdt_twd,1d,30.825,"reported, not observed",api.bitopro.com/v3/trading-history
2022-12-28T00:00:00Z,BitoPro,TWD,usdt_twd,1d,30.775,"reported, not observed",api.bitopro.com/v3/trading-history
2022-12-29T00:00:00Z,BitoPro,TWD,usdt_twd,1d,30.7975,"reported, not observed",api.bitopro.com/v3/trading-history
2022-12-30T00:00:00Z,BitoPro,TWD,usdt_twd,1d,30.8481,"reported, not observed",api.bitopro.com/v3/trading-history
2022-12-31T00:00:00Z,BitoPro,TWD,usdt_twd,1d,30.8378,"reported, not observed",api.bitopro.com/v3/trading-history
2023-01-01T00:00:00Z,BitoPro,TWD,usdt_twd,1d,30.8204,"reported, not observed",api.bitopro.com/v3/trading-history
2023-01-02T00:00:00Z,BitoPro,TWD,usdt_twd,1d,30.78,"reported, not observed",api.bitopro.com/v3/trading-history
2023-01-03T00:00:00Z,BitoPro,TWD,usdt_twd,1d,30.7815,"reported, not observed",api.bitopro.com/v3/trading-history
2023-01-04T00:00:00Z,BitoPro,TWD,usdt_twd,1d,30.78,"reported, not observed",api.bitopro.com/v3/trading-history
2023-01-05T00:00:00Z,BitoPro,TWD,usdt_twd,1d,30.7995,"reported, not observed",api.bitopro.com/v3/trading-history
2023-01-06T00:00:00Z,BitoPro,TWD,usdt_twd,1d,30.79,"reported, not observed",api.bitopro.com/v3/trading-history
2023-01-07T00:00:00Z,BitoPro,TWD,usdt_twd,1d,30.81,"reported, not observed",api.bitopro.com/v3/trading-history
2023-01-08T00:00:00Z,BitoPro,TWD,usdt_twd,1d,30.755,"reported, not observed",api.bitopro.com/v3/trading-history
2023-01-09T00:00:00Z,BitoPro,TWD,usdt_twd,1d,30.632,"reported, not observed",api.bitopro.com/v3/trading-history
2023-01-10T00:00:00Z,BitoPro,TWD,usdt_twd,1d,30.503,"reported, not observed",api.bitopro.com/v3/trading-history
2023-01-11T00:00:00Z,BitoPro,TWD,usdt_twd,1d,30.3482,"reported, not observed",api.bitopro.com/v3/trading-history
2023-01-12T00:00:00Z,BitoPro,TWD,usdt_twd,1d,30.39,"reported, not observed",api.bitopro.com/v3/trading-history
2023-01-13T00:00:00Z,BitoPro,TWD,usdt_twd,1d,30.4711,"reported, not observed",api.bitopro.com/v3/trading-history
2023-01-14T00:00:00Z,BitoPro,TWD,usdt_twd,1d,30.42,"reported, not observed",api.bitopro.com/v3/trading-history
2023-01-15T00:00:00Z,BitoPro,TWD,usdt_twd,1d,30.38,"reported, not observed",api.bitopro.com/v3/trading-history
2023-01-16T00:00:00Z,BitoPro,TWD,usdt_twd,1d,30.33,"reported, not observed",api.bitopro.com/v3/trading-history
2023-01-17T00:00:00Z,BitoPro,TWD,usdt_twd,1d,30.3986,"reported, not observed",api.bitopro.com/v3/trading-history
2023-01-18T00:00:00Z,BitoPro,TWD,usdt_twd,1d,30.38,"reported, not observed",api.bitopro.com/v3/trading-history
2023-01-19T00:00:00Z,BitoPro,TWD,usdt_twd,1d,30.516,"reported, not observed",api.bitopro.com/v3/trading-history
2023-01-20T00:00:00Z,BitoPro,TWD,usdt_twd,1d,30.3862,"reported, not observed",api.bitopro.com/v3/trading-history
2023-01-21T00:00:00Z,BitoPro,TWD,usdt_twd,1d,30.4875,"reported, not observed",api.bitopro.com/v3/trading-history
2023-01-22T00:00:00Z,BitoPro,TWD,usdt_twd,1d,30.514,"reported, not observed",api.bitopro.com/v3/trading-history
2023-01-23T00:00:00Z,BitoPro,TWD,usdt_twd,1d,30.4851,"reported, not observed",api.bitopro.com/v3/trading-history
2023-01-24T00:00:00Z,BitoPro,TWD,usdt_twd,1d,30.5399,"reported, not observed",api.bitopro.com/v3/trading-history
2023-01-25T00:00:00Z,BitoPro,TWD,usdt_twd,1d,30.5002,"reported, not observed",api.bitopro.com/v3/trading-history
2023-01-26T00:00:00Z,BitoPro,TWD,usdt_twd,1d,30.5474,"reported, not observed",api.bitopro.com/v3/trading-history
2023-01-27T00:00:00Z,BitoPro,TWD,usdt_twd,1d,30.4999,"reported, not observed",api.bitopro.com/v3/trading-history
2023-01-28T00:00:00Z,BitoPro,TWD,usdt_twd,1d,30.5334,"reported, not observed",api.bitopro.com/v3/trading-history
2023-01-29T00:00:00Z,BitoPro,TWD,usdt_twd,1d,30.37,"reported, not observed",api.bitopro.com/v3/trading-history
2023-01-30T00:00:00Z,BitoPro,TWD,usdt_twd,1d,30.2902,"reported, not observed",api.bitopro.com/v3/trading-history
2023-01-31T00:00:00Z,BitoPro,TWD,usdt_twd,1d,30.1566,"reported, not observed",api.bitopro.com/v3/trading-history
2023-02-01T00:00:00Z,BitoPro,TWD,usdt_twd,1d,29.985,"reported, not observed",api.bitopro.com/v3/trading-history
2023-02-02T00:00:00Z,BitoPro,TWD,usdt_twd,1d,29.9219,"reported, not observed",api.bitopro.com/v3/trading-history
2023-02-03T00:00:00Z,BitoPro,TWD,usdt_twd,1d,30.0,"reported, not observed",api.bitopro.com/v3/trading-history
2023-02-04T00:00:00Z,BitoPro,TWD,usdt_twd,1d,30.14,"reported, not observed",api.bitopro.com/v3/trading-history
2023-02-05T00:00:00Z,BitoPro,TWD,usdt_twd,1d,30.22,"reported, not observed",api.bitopro.com/v3/trading-history
2023-02-06T00:00:00Z,BitoPro,TWD,usdt_twd,1d,30.15,"reported, not observed",api.bitopro.com/v3/trading-history
2023-02-07T00:00:00Z,BitoPro,TWD,usdt_twd,1d,30.1879,"reported, not observed",api.bitopro.com/v3/trading-history
2023-02-08T00:00:00Z,BitoPro,TWD,usdt_twd,1d,30.2314,"reported, not observed",api.bitopro.com/v3/trading-history
2023-02-09T00:00:00Z,BitoPro,TWD,usdt_twd,1d,30.3999,"reported, not observed",api.bitopro.com/v3/trading-history
2023-02-10T00:00:00Z,BitoPro,TWD,usdt_twd,1d,30.48,"reported, not observed",api.bitopro.com/v3/trading-history
2023-02-11T00:00:00Z,BitoPro,TWD,usdt_twd,1d,30.4899,"reported, not observed",api.bitopro.com/v3/trading-history
2023-02-12T00:00:00Z,BitoPro,TWD,usdt_twd,1d,30.5035,"reported, not observed",api.bitopro.com/v3/trading-history
2023-02-13T00:00:00Z,BitoPro,TWD,usdt_twd,1d,30.5043,"reported, not observed",api.bitopro.com/v3/trading-history
2023-02-14T00:00:00Z,BitoPro,TWD,usdt_twd,1d,30.4899,"reported, not observed",api.bitopro.com/v3/trading-history
2023-02-15T00:00:00Z,BitoPro,TWD,usdt_twd,1d,30.2591,"reported, not observed",api.bitopro.com/v3/trading-history
2023-02-16T00:00:00Z,BitoPro,TWD,usdt_twd,1d,30.4979,"reported, not observed",api.bitopro.com/v3/trading-history
2023-02-17T00:00:00Z,BitoPro,TWD,usdt_twd,1d,30.5637,"reported, not observed",api.bitopro.com/v3/trading-history
2023-02-18T00:00:00Z,BitoPro,TWD,usdt_twd,1d,30.647,"reported, not observed",api.bitopro.com/v3/trading-history
2023-02-19T00:00:00Z,BitoPro,TWD,usdt_twd,1d,30.6399,"reported, not observed",api.bitopro.com/v3/trading-history
2023-02-20T00:00:00Z,BitoPro,TWD,usdt_twd,1d,30.63,"reported, not observed",api.bitopro.com/v3/trading-history
2023-02-21T00:00:00Z,BitoPro,TWD,usdt_twd,1d,30.7099,"reported, not observed",api.bitopro.com/v3/trading-history
2023-02-22T00:00:00Z,BitoPro,TWD,usdt_twd,1d,30.815,"reported, not observed",api.bitopro.com/v3/trading-history
2023-02-23T00:00:00Z,BitoPro,TWD,usdt_twd,1d,30.657,"reported, not observed",api.bitopro.com/v3/trading-history
2023-02-24T00:00:00Z,BitoPro,TWD,usdt_twd,1d,30.963,"reported, not observed",api.bitopro.com/v3/trading-history
2023-02-25T00:00:00Z,BitoPro,TWD,usdt_twd,1d,31.0129,"reported, not observed",api.bitopro.com/v3/trading-history
2023-02-26T00:00:00Z,BitoPro,TWD,usdt_twd,1d,30.9916,"reported, not observed",api.bitopro.com/v3/trading-history
2023-02-27T00:00:00Z,BitoPro,TWD,usdt_twd,1d,31.0181,"reported, not observed",api.bitopro.com/v3/trading-history
2023-02-28T00:00:00Z,BitoPro,TWD,usdt_twd,1d,30.9348,"reported, not observed",api.bitopro.com/v3/trading-history
2023-03-01T00:00:00Z,BitoPro,TWD,usdt_twd,1d,30.7824,"reported, not observed",api.bitopro.com/v3/trading-history
2023-03-02T00:00:00Z,BitoPro,TWD,usdt_twd,1d,30.8744,"reported, not observed",api.bitopro.com/v3/trading-history
2023-03-03T00:00:00Z,BitoPro,TWD,usdt_twd,1d,30.968,"reported, not observed",api.bitopro.com/v3/trading-history
2023-03-04T00:00:00Z,BitoPro,TWD,usdt_twd,1d,30.9336,"reported, not observed",api.bitopro.com/v3/trading-history
2023-03-05T00:00:00Z,BitoPro,TWD,usdt_twd,1d,30.8801,"reported, not observed",api.bitopro.com/v3/trading-history
2023-03-06T00:00:00Z,BitoPro,TWD,usdt_twd,1d,30.935,"reported, not observed",api.bitopro.com/v3/trading-history
2023-03-07T00:00:00Z,BitoPro,TWD,usdt_twd,1d,30.9551,"reported, not observed",api.bitopro.com/v3/trading-history
2023-03-08T00:00:00Z,BitoPro,TWD,usdt_twd,1d,31.0316,"reported, not observed",api.bitopro.com/v3/trading-history
2023-03-09T00:00:00Z,BitoPro,TWD,usdt_twd,1d,31.1839,"reported, not observed",api.bitopro.com/v3/trading-history
2023-03-10T00:00:00Z,BitoPro,TWD,usdt_twd,1d,31.1801,"reported, not observed",api.bitopro.com/v3/trading-history
2023-03-11T00:00:00Z,BitoPro,TWD,usdt_twd,1d,31.1926,"reported, not observed",api.bitopro.com/v3/trading-history
2023-03-12T00:00:00Z,BitoPro,TWD,usdt_twd,1d,30.9701,"reported, not observed",api.bitopro.com/v3/trading-history
2023-03-13T00:00:00Z,BitoPro,TWD,usdt_twd,1d,30.7499,"reported, not observed",api.bitopro.com/v3/trading-history
2023-03-14T00:00:00Z,BitoPro,TWD,usdt_twd,1d,30.8376,"reported, not observed",api.bitopro.com/v3/trading-history
2023-03-15T00:00:00Z,BitoPro,TWD,usdt_twd,1d,30.905,"reported, not observed",api.bitopro.com/v3/trading-history
2023-03-16T00:00:00Z,BitoPro,TWD,usdt_twd,1d,30.8797,"reported, not observed",api.bitopro.com/v3/trading-history
2023-03-17T00:00:00Z,BitoPro,TWD,usdt_twd,1d,30.8415,"reported, not observed",api.bitopro.com/v3/trading-history
2023-03-18T00:00:00Z,BitoPro,TWD,usdt_twd,1d,30.9199,"reported, not observed",api.bitopro.com/v3/trading-history
2023-03-19T00:00:00Z,BitoPro,TWD,usdt_twd,1d,30.88,"reported, not observed",api.bitopro.com/v3/trading-history
2023-03-20T00:00:00Z,BitoPro,TWD,usdt_twd,1d,30.86,"reported, not observed",api.bitopro.com/v3/trading-history
2023-03-21T00:00:00Z,BitoPro,TWD,usdt_twd,1d,30.8535,"reported, not observed",api.bitopro.com/v3/trading-history
2023-03-22T00:00:00Z,BitoPro,TWD,usdt_twd,1d,30.8199,"reported, not observed",api.bitopro.com/v3/trading-history
2023-03-23T00:00:00Z,BitoPro,TWD,usdt_twd,1d,30.7928,"reported, not observed",api.bitopro.com/v3/trading-history
2023-03-24T00:00:00Z,BitoPro,TWD,usdt_twd,1d,30.8591,"reported, not observed",api.bitopro.com/v3/trading-history
2023-03-25T00:00:00Z,BitoPro,TWD,usdt_twd,1d,30.8599,"reported, not observed",api.bitopro.com/v3/trading-history
2023-03-26T00:00:00Z,BitoPro,TWD,usdt_twd,1d,30.8518,"reported, not observed",api.bitopro.com/v3/trading-history
2023-03-27T00:00:00Z,BitoPro,TWD,usdt_twd,1d,30.84,"reported, not observed",api.bitopro.com/v3/trading-history
2023-03-28T00:00:00Z,BitoPro,TWD,usdt_twd,1d,30.7797,"reported, not observed",api.bitopro.com/v3/trading-history
2023-03-29T00:00:00Z,BitoPro,TWD,usdt_twd,1d,30.7496,"reported, not observed",api.bitopro.com/v3/trading-history
2023-03-30T00:00:00Z,BitoPro,TWD,usdt_twd,1d,30.8258,"reported, not observed",api.bitopro.com/v3/trading-history
2023-03-31T00:00:00Z,BitoPro,TWD,usdt_twd,1d,30.9,"reported, not observed",api.bitopro.com/v3/trading-history
2023-04-01T00:00:00Z,BitoPro,TWD,usdt_twd,1d,30.96,"reported, not observed",api.bitopro.com/v3/trading-history
2023-04-02T00:00:00Z,BitoPro,TWD,usdt_twd,1d,31.0,"reported, not observed",api.bitopro.com/v3/trading-history
2023-04-03T00:00:00Z,BitoPro,TWD,usdt_twd,1d,30.9101,"reported, not observed",api.bitopro.com/v3/trading-history
2023-04-04T00:00:00Z,BitoPro,TWD,usdt_twd,1d,30.9079,"reported, not observed",api.bitopro.com/v3/trading-history
2023-04-05T00:00:00Z,BitoPro,TWD,usdt_twd,1d,30.8889,"reported, not observed",api.bitopro.com/v3/trading-history
2023-04-06T00:00:00Z,BitoPro,TWD,usdt_twd,1d,30.8748,"reported, not observed",api.bitopro.com/v3/trading-history
2023-04-07T00:00:00Z,BitoPro,TWD,usdt_twd,1d,30.8874,"reported, not observed",api.bitopro.com/v3/trading-history
2023-04-08T00:00:00Z,BitoPro,TWD,usdt_twd,1d,30.9,"reported, not observed",api.bitopro.com/v3/trading-history
2023-04-09T00:00:00Z,BitoPro,TWD,usdt_twd,1d,30.8501,"reported, not observed",api.bitopro.com/v3/trading-history
2023-04-10T00:00:00Z,BitoPro,TWD,usdt_twd,1d,30.803,"reported, not observed",api.bitopro.com/v3/trading-history
2023-04-11T00:00:00Z,BitoPro,TWD,usdt_twd,1d,30.735,"reported, not observed",api.bitopro.com/v3/trading-history
2023-04-12T00:00:00Z,BitoPro,TWD,usdt_twd,1d,30.7833,"reported, not observed",api.bitopro.com/v3/trading-history
2023-04-13T00:00:00Z,BitoPro,TWD,usdt_twd,1d,30.7398,"reported, not observed",api.bitopro.com/v3/trading-history
2023-04-14T00:00:00Z,BitoPro,TWD,usdt_twd,1d,30.7944,"reported, not observed",api.bitopro.com/v3/trading-history
2023-04-15T00:00:00Z,BitoPro,TWD,usdt_twd,1d,30.8169,"reported, not observed",api.bitopro.com/v3/trading-history
2023-04-16T00:00:00Z,BitoPro,TWD,usdt_twd,1d,30.7547,"reported, not observed",api.bitopro.com/v3/trading-history
2023-04-17T00:00:00Z,BitoPro,TWD,usdt_twd,1d,30.769,"reported, not observed",api.bitopro.com/v3/trading-history
2023-04-18T00:00:00Z,BitoPro,TWD,usdt_twd,1d,30.7404,"reported, not observed",api.bitopro.com/v3/trading-history
2023-04-19T00:00:00Z,BitoPro,TWD,usdt_twd,1d,30.8,"reported, not observed",api.bitopro.com/v3/trading-history
2023-04-20T00:00:00Z,BitoPro,TWD,usdt_twd,1d,30.853,"reported, not observed",api.bitopro.com/v3/trading-history
2023-04-21T00:00:00Z,BitoPro,TWD,usdt_twd,1d,30.9,"reported, not observed",api.bitopro.com/v3/trading-history
2023-04-22T00:00:00Z,BitoPro,TWD,usdt_twd,1d,30.9264,"reported, not observed",api.bitopro.com/v3/trading-history
2023-04-23T00:00:00Z,BitoPro,TWD,usdt_twd,1d,30.9357,"reported, not observed",api.bitopro.com/v3/trading-history
2023-04-24T00:00:00Z,BitoPro,TWD,usdt_twd,1d,30.8935,"reported, not observed",api.bitopro.com/v3/trading-history
2023-04-25T00:00:00Z,BitoPro,TWD,usdt_twd,1d,30.9022,"reported, not observed",api.bitopro.com/v3/trading-history
2023-04-26T00:00:00Z,BitoPro,TWD,usdt_twd,1d,30.9129,"reported, not observed",api.bitopro.com/v3/trading-history
2023-04-27T00:00:00Z,BitoPro,TWD,usdt_twd,1d,30.9039,"reported, not observed",api.bitopro.com/v3/trading-history
2023-04-28T00:00:00Z,BitoPro,TWD,usdt_twd,1d,30.9937,"reported, not observed",api.bitopro.com/v3/trading-history
2023-04-29T00:00:00Z,BitoPro,TWD,usdt_twd,1d,30.9843,"reported, not observed",api.bitopro.com/v3/trading-history
2023-04-30T00:00:00Z,BitoPro,TWD,usdt_twd,1d,31.0136,"reported, not observed",api.bitopro.com/v3/trading-history
2023-05-01T00:00:00Z,BitoPro,TWD,usdt_twd,1d,31.033,"reported, not observed",api.bitopro.com/v3/trading-history
2023-05-02T00:00:00Z,BitoPro,TWD,usdt_twd,1d,31.0083,"reported, not observed",api.bitopro.com/v3/trading-history
2023-05-03T00:00:00Z,BitoPro,TWD,usdt_twd,1d,30.9724,"reported, not observed",api.bitopro.com/v3/trading-history
2023-05-04T00:00:00Z,BitoPro,TWD,usdt_twd,1d,30.836,"reported, not observed",api.bitopro.com/v3/trading-history
2023-05-05T00:00:00Z,BitoPro,TWD,usdt_twd,1d,30.8451,"reported, not observed",api.bitopro.com/v3/trading-history
2023-05-06T00:00:00Z,BitoPro,TWD,usdt_twd,1d,30.9145,"reported, not observed",api.bitopro.com/v3/trading-history
2023-05-07T00:00:00Z,BitoPro,TWD,usdt_twd,1d,30.9184,"reported, not observed",api.bitopro.com/v3/trading-history
2023-05-08T00:00:00Z,BitoPro,TWD,usdt_twd,1d,30.9259,"reported, not observed",api.bitopro.com/v3/trading-history
2023-05-09T00:00:00Z,BitoPro,TWD,usdt_twd,1d,30.903,"reported, not observed",api.bitopro.com/v3/trading-history
2023-05-10T00:00:00Z,BitoPro,TWD,usdt_twd,1d,30.9156,"reported, not observed",api.bitopro.com/v3/trading-history
2023-05-11T00:00:00Z,BitoPro,TWD,usdt_twd,1d,30.8837,"reported, not observed",api.bitopro.com/v3/trading-history
2023-05-12T00:00:00Z,BitoPro,TWD,usdt_twd,1d,30.9885,"reported, not observed",api.bitopro.com/v3/trading-history
2023-05-13T00:00:00Z,BitoPro,TWD,usdt_twd,1d,30.9798,"reported, not observed",api.bitopro.com/v3/trading-history
2023-05-14T00:00:00Z,BitoPro,TWD,usdt_twd,1d,30.9439,"reported, not observed",api.bitopro.com/v3/trading-history
2023-05-15T00:00:00Z,BitoPro,TWD,usdt_twd,1d,30.9576,"reported, not observed",api.bitopro.com/v3/trading-history
2023-05-16T00:00:00Z,BitoPro,TWD,usdt_twd,1d,30.9339,"reported, not observed",api.bitopro.com/v3/trading-history
2023-05-17T00:00:00Z,BitoPro,TWD,usdt_twd,1d,30.9468,"reported, not observed",api.bitopro.com/v3/trading-history
2023-05-18T00:00:00Z,BitoPro,TWD,usdt_twd,1d,30.9132,"reported, not observed",api.bitopro.com/v3/trading-history
2023-05-19T00:00:00Z,BitoPro,TWD,usdt_twd,1d,30.9353,"reported, not observed",api.bitopro.com/v3/trading-history
2023-05-20T00:00:00Z,BitoPro,TWD,usdt_twd,1d,30.9348,"reported, not observed",api.bitopro.com/v3/trading-history
2023-05-21T00:00:00Z,BitoPro,TWD,usdt_twd,1d,30.9275,"reported, not observed",api.bitopro.com/v3/trading-history
2023-05-22T00:00:00Z,BitoPro,TWD,usdt_twd,1d,30.8895,"reported, not observed",api.bitopro.com/v3/trading-history
2023-05-23T00:00:00Z,BitoPro,TWD,usdt_twd,1d,30.9072,"reported, not observed",api.bitopro.com/v3/trading-history
2023-05-24T00:00:00Z,BitoPro,TWD,usdt_twd,1d,30.9557,"reported, not observed",api.bitopro.com/v3/trading-history
2023-05-25T00:00:00Z,BitoPro,TWD,usdt_twd,1d,30.9453,"reported, not observed",api.bitopro.com/v3/trading-history
2023-05-26T00:00:00Z,BitoPro,TWD,usdt_twd,1d,30.9228,"reported, not observed",api.bitopro.com/v3/trading-history
2023-05-27T00:00:00Z,BitoPro,TWD,usdt_twd,1d,30.9312,"reported, not observed",api.bitopro.com/v3/trading-history
2023-05-28T00:00:00Z,BitoPro,TWD,usdt_twd,1d,30.876,"reported, not observed",api.bitopro.com/v3/trading-history
2023-05-29T00:00:00Z,BitoPro,TWD,usdt_twd,1d,30.8952,"reported, not observed",api.bitopro.com/v3/trading-history
2023-05-30T00:00:00Z,BitoPro,TWD,usdt_twd,1d,30.7639,"reported, not observed",api.bitopro.com/v3/trading-history
2023-05-31T00:00:00Z,BitoPro,TWD,usdt_twd,1d,30.8958,"reported, not observed",api.bitopro.com/v3/trading-history
2023-06-01T00:00:00Z,BitoPro,TWD,usdt_twd,1d,30.8983,"reported, not observed",api.bitopro.com/v3/trading-history
2023-06-02T00:00:00Z,BitoPro,TWD,usdt_twd,1d,30.8837,"reported, not observed",api.bitopro.com/v3/trading-history
2023-06-03T00:00:00Z,BitoPro,TWD,usdt_twd,1d,30.8815,"reported, not observed",api.bitopro.com/v3/trading-history
2023-06-04T00:00:00Z,BitoPro,TWD,usdt_twd,1d,30.8916,"reported, not observed",api.bitopro.com/v3/trading-history
2023-06-05T00:00:00Z,BitoPro,TWD,usdt_twd,1d,30.8953,"reported, not observed",api.bitopro.com/v3/trading-history
2023-06-06T00:00:00Z,BitoPro,TWD,usdt_twd,1d,30.876,"reported, not observed",api.bitopro.com/v3/trading-history
2023-06-07T00:00:00Z,BitoPro,TWD,usdt_twd,1d,30.888,"reported, not observed",api.bitopro.com/v3/trading-history
2023-06-08T00:00:00Z,BitoPro,TWD,usdt_twd,1d,30.9231,"reported, not observed",api.bitopro.com/v3/trading-history
2023-06-09T00:00:00Z,BitoPro,TWD,usdt_twd,1d,30.944,"reported, not observed",api.bitopro.com/v3/trading-history
2023-06-10T00:00:00Z,BitoPro,TWD,usdt_twd,1d,30.9847,"reported, not observed",api.bitopro.com/v3/trading-history
2023-06-11T00:00:00Z,BitoPro,TWD,usdt_twd,1d,30.9823,"reported, not observed",api.bitopro.com/v3/trading-history
2023-06-12T00:00:00Z,BitoPro,TWD,usdt_twd,1d,30.9656,"reported, not observed",api.bitopro.com/v3/trading-history
2023-06-13T00:00:00Z,BitoPro,TWD,usdt_twd,1d,30.8936,"reported, not observed",api.bitopro.com/v3/trading-history
2023-06-14T00:00:00Z,BitoPro,TWD,usdt_twd,1d,30.9519,"reported, not observed",api.bitopro.com/v3/trading-history
2023-06-15T00:00:00Z,BitoPro,TWD,usdt_twd,1d,30.859,"reported, not observed",api.bitopro.com/v3/trading-history
2023-06-16T00:00:00Z,BitoPro,TWD,usdt_twd,1d,30.892,"reported, not observed",api.bitopro.com/v3/trading-history
2023-06-17T00:00:00Z,BitoPro,TWD,usdt_twd,1d,30.95,"reported, not observed",api.bitopro.com/v3/trading-history
2023-06-18T00:00:00Z,BitoPro,TWD,usdt_twd,1d,30.999,"reported, not observed",api.bitopro.com/v3/trading-history
2023-06-19T00:00:00Z,BitoPro,TWD,usdt_twd,1d,31.014,"reported, not observed",api.bitopro.com/v3/trading-history
2023-06-20T00:00:00Z,BitoPro,TWD,usdt_twd,1d,30.97,"reported, not observed",api.bitopro.com/v3/trading-history
2023-06-21T00:00:00Z,BitoPro,TWD,usdt_twd,1d,31.007,"reported, not observed",api.bitopro.com/v3/trading-history
2023-06-22T00:00:00Z,BitoPro,TWD,usdt_twd,1d,31.106,"reported, not observed",api.bitopro.com/v3/trading-history
2023-06-23T00:00:00Z,BitoPro,TWD,usdt_twd,1d,31.034,"reported, not observed",api.bitopro.com/v3/trading-history
2023-06-24T00:00:00Z,BitoPro,TWD,usdt_twd,1d,31.096,"reported, not observed",api.bitopro.com/v3/trading-history
2023-06-25T00:00:00Z,BitoPro,TWD,usdt_twd,1d,31.136,"reported, not observed",api.bitopro.com/v3/trading-history
2023-06-26T00:00:00Z,BitoPro,TWD,usdt_twd,1d,31.162,"reported, not observed",api.bitopro.com/v3/trading-history
2023-06-27T00:00:00Z,BitoPro,TWD,usdt_twd,1d,31.184,"reported, not observed",api.bitopro.com/v3/trading-history
2023-06-28T00:00:00Z,BitoPro,TWD,usdt_twd,1d,31.269,"reported, not observed",api.bitopro.com/v3/trading-history
2023-06-29T00:00:00Z,BitoPro,TWD,usdt_twd,1d,31.248,"reported, not observed",api.bitopro.com/v3/trading-history
2023-06-30T00:00:00Z,BitoPro,TWD,usdt_twd,1d,31.306,"reported, not observed",api.bitopro.com/v3/trading-history
2023-07-01T00:00:00Z,BitoPro,TWD,usdt_twd,1d,31.312,"reported, not observed",api.bitopro.com/v3/trading-history
2023-07-02T00:00:00Z,BitoPro,TWD,usdt_twd,1d,31.303,"reported, not observed",api.bitopro.com/v3/trading-history
2023-07-03T00:00:00Z,BitoPro,TWD,usdt_twd,1d,31.268,"reported, not observed",api.bitopro.com/v3/trading-history
2023-07-04T00:00:00Z,BitoPro,TWD,usdt_twd,1d,31.302,"reported, not observed",api.bitopro.com/v3/trading-history
2023-07-05T00:00:00Z,BitoPro,TWD,usdt_twd,1d,31.308,"reported, not observed",api.bitopro.com/v3/trading-history
2023-07-06T00:00:00Z,BitoPro,TWD,usdt_twd,1d,31.412,"reported, not observed",api.bitopro.com/v3/trading-history
2023-07-07T00:00:00Z,BitoPro,TWD,usdt_twd,1d,31.464,"reported, not observed",api.bitopro.com/v3/trading-history
2023-07-08T00:00:00Z,BitoPro,TWD,usdt_twd,1d,31.471,"reported, not observed",api.bitopro.com/v3/trading-history
2023-07-09T00:00:00Z,BitoPro,TWD,usdt_twd,1d,31.462,"reported, not observed",api.bitopro.com/v3/trading-history
2023-07-10T00:00:00Z,BitoPro,TWD,usdt_twd,1d,31.492,"reported, not observed",api.bitopro.com/v3/trading-history
2023-07-11T00:00:00Z,BitoPro,TWD,usdt_twd,1d,31.451,"reported, not observed",api.bitopro.com/v3/trading-history
2023-07-12T00:00:00Z,BitoPro,TWD,usdt_twd,1d,31.294,"reported, not observed",api.bitopro.com/v3/trading-history
2023-07-13T00:00:00Z,BitoPro,TWD,usdt_twd,1d,30.991,"reported, not observed",api.bitopro.com/v3/trading-history
2023-07-14T00:00:00Z,BitoPro,TWD,usdt_twd,1d,31.151,"reported, not observed",api.bitopro.com/v3/trading-history
2023-07-15T00:00:00Z,BitoPro,TWD,usdt_twd,1d,31.166,"reported, not observed",api.bitopro.com/v3/trading-history
2023-07-16T00:00:00Z,BitoPro,TWD,usdt_twd,1d,31.13,"reported, not observed",api.bitopro.com/v3/trading-history
2023-07-17T00:00:00Z,BitoPro,TWD,usdt_twd,1d,31.167,"reported, not observed",api.bitopro.com/v3/trading-history
2023-07-18T00:00:00Z,BitoPro,TWD,usdt_twd,1d,31.124,"reported, not observed",api.bitopro.com/v3/trading-history
2023-07-19T00:00:00Z,BitoPro,TWD,usdt_twd,1d,31.215,"reported, not observed",api.bitopro.com/v3/trading-history
2023-07-20T00:00:00Z,BitoPro,TWD,usdt_twd,1d,31.248,"reported, not observed",api.bitopro.com/v3/trading-history
2023-07-21T00:00:00Z,BitoPro,TWD,usdt_twd,1d,31.382,"reported, not observed",api.bitopro.com/v3/trading-history
2023-07-22T00:00:00Z,BitoPro,TWD,usdt_twd,1d,31.435,"reported, not observed",api.bitopro.com/v3/trading-history
2023-07-23T00:00:00Z,BitoPro,TWD,usdt_twd,1d,31.361,"reported, not observed",api.bitopro.com/v3/trading-history
2023-07-24T00:00:00Z,BitoPro,TWD,usdt_twd,1d,31.451,"reported, not observed",api.bitopro.com/v3/trading-history
2023-07-25T00:00:00Z,BitoPro,TWD,usdt_twd,1d,31.402,"reported, not observed",api.bitopro.com/v3/trading-history
2023-07-26T00:00:00Z,BitoPro,TWD,usdt_twd,1d,31.414,"reported, not observed",api.bitopro.com/v3/trading-history
2023-07-27T00:00:00Z,BitoPro,TWD,usdt_twd,1d,31.358,"reported, not observed",api.bitopro.com/v3/trading-history
2023-07-28T00:00:00Z,BitoPro,TWD,usdt_twd,1d,31.495,"reported, not observed",api.bitopro.com/v3/trading-history
2023-07-29T00:00:00Z,BitoPro,TWD,usdt_twd,1d,31.491,"reported, not observed",api.bitopro.com/v3/trading-history
2023-07-30T00:00:00Z,BitoPro,TWD,usdt_twd,1d,31.487,"reported, not observed",api.bitopro.com/v3/trading-history
2023-07-31T00:00:00Z,BitoPro,TWD,usdt_twd,1d,31.527,"reported, not observed",api.bitopro.com/v3/trading-history
2023-08-01T00:00:00Z,BitoPro,TWD,usdt_twd,1d,31.644,"reported, not observed",api.bitopro.com/v3/trading-history
2023-08-02T00:00:00Z,BitoPro,TWD,usdt_twd,1d,31.708,"reported, not observed",api.bitopro.com/v3/trading-history
2023-08-03T00:00:00Z,BitoPro,TWD,usdt_twd,1d,31.767,"reported, not observed",api.bitopro.com/v3/trading-history
2023-08-04T00:00:00Z,BitoPro,TWD,usdt_twd,1d,31.788,"reported, not observed",api.bitopro.com/v3/trading-history
2023-08-05T00:00:00Z,BitoPro,TWD,usdt_twd,1d,31.812,"reported, not observed",api.bitopro.com/v3/trading-history
2023-08-06T00:00:00Z,BitoPro,TWD,usdt_twd,1d,31.784,"reported, not observed",api.bitopro.com/v3/trading-history
2023-08-07T00:00:00Z,BitoPro,TWD,usdt_twd,1d,31.776,"reported, not observed",api.bitopro.com/v3/trading-history
2023-08-08T00:00:00Z,BitoPro,TWD,usdt_twd,1d,31.835,"reported, not observed",api.bitopro.com/v3/trading-history
2023-08-09T00:00:00Z,BitoPro,TWD,usdt_twd,1d,31.871,"reported, not observed",api.bitopro.com/v3/trading-history
2023-08-10T00:00:00Z,BitoPro,TWD,usdt_twd,1d,31.877,"reported, not observed",api.bitopro.com/v3/trading-history
2023-08-11T00:00:00Z,BitoPro,TWD,usdt_twd,1d,31.937,"reported, not observed",api.bitopro.com/v3/trading-history
2023-08-12T00:00:00Z,BitoPro,TWD,usdt_twd,1d,31.946,"reported, not observed",api.bitopro.com/v3/trading-history
2023-08-13T00:00:00Z,BitoPro,TWD,usdt_twd,1d,31.967,"reported, not observed",api.bitopro.com/v3/trading-history
2023-08-14T00:00:00Z,BitoPro,TWD,usdt_twd,1d,31.996,"reported, not observed",api.bitopro.com/v3/trading-history
2023-08-15T00:00:00Z,BitoPro,TWD,usdt_twd,1d,32.021,"reported, not observed",api.bitopro.com/v3/trading-history
2023-08-16T00:00:00Z,BitoPro,TWD,usdt_twd,1d,32.043,"reported, not observed",api.bitopro.com/v3/trading-history
2023-08-17T00:00:00Z,BitoPro,TWD,usdt_twd,1d,32.144,"reported, not observed",api.bitopro.com/v3/trading-history
2023-08-18T00:00:00Z,BitoPro,TWD,usdt_twd,1d,32.163,"reported, not observed",api.bitopro.com/v3/trading-history
2023-08-19T00:00:00Z,BitoPro,TWD,usdt_twd,1d,32.174,"reported, not observed",api.bitopro.com/v3/trading-history
2023-08-20T00:00:00Z,BitoPro,TWD,usdt_twd,1d,32.159,"reported, not observed",api.bitopro.com/v3/trading-history
2023-08-21T00:00:00Z,BitoPro,TWD,usdt_twd,1d,32.075,"reported, not observed",api.bitopro.com/v3/trading-history
2023-08-22T00:00:00Z,BitoPro,TWD,usdt_twd,1d,32.08,"reported, not observed",api.bitopro.com/v3/trading-history
2023-08-23T00:00:00Z,BitoPro,TWD,usdt_twd,1d,32.065,"reported, not observed",api.bitopro.com/v3/trading-history
2023-08-24T00:00:00Z,BitoPro,TWD,usdt_twd,1d,31.98,"reported, not observed",api.bitopro.com/v3/trading-history
2023-08-25T00:00:00Z,BitoPro,TWD,usdt_twd,1d,32.065,"reported, not observed",api.bitopro.com/v3/trading-history
2023-08-26T00:00:00Z,BitoPro,TWD,usdt_twd,1d,32.169,"reported, not observed",api.bitopro.com/v3/trading-history
2023-08-27T00:00:00Z,BitoPro,TWD,usdt_twd,1d,32.126,"reported, not observed",api.bitopro.com/v3/trading-history
2023-08-28T00:00:00Z,BitoPro,TWD,usdt_twd,1d,31.931,"reported, not observed",api.bitopro.com/v3/trading-history
2023-08-29T00:00:00Z,BitoPro,TWD,usdt_twd,1d,31.987,"reported, not observed",api.bitopro.com/v3/trading-history
2023-08-30T00:00:00Z,BitoPro,TWD,usdt_twd,1d,31.96,"reported, not observed",api.bitopro.com/v3/trading-history
2023-08-31T00:00:00Z,BitoPro,TWD,usdt_twd,1d,32.027,"reported, not observed",api.bitopro.com/v3/trading-history
2023-09-01T00:00:00Z,BitoPro,TWD,usdt_twd,1d,32.066,"reported, not observed",api.bitopro.com/v3/trading-history
2023-09-02T00:00:00Z,BitoPro,TWD,usdt_twd,1d,32.122,"reported, not observed",api.bitopro.com/v3/trading-history
2023-09-03T00:00:00Z,BitoPro,TWD,usdt_twd,1d,32.119,"reported, not observed",api.bitopro.com/v3/trading-history
2023-09-04T00:00:00Z,BitoPro,TWD,usdt_twd,1d,32.02,"reported, not observed",api.bitopro.com/v3/trading-history
2023-09-05T00:00:00Z,BitoPro,TWD,usdt_twd,1d,32.058,"reported, not observed",api.bitopro.com/v3/trading-history
2023-09-06T00:00:00Z,BitoPro,TWD,usdt_twd,1d,32.081,"reported, not observed",api.bitopro.com/v3/trading-history
2023-09-07T00:00:00Z,BitoPro,TWD,usdt_twd,1d,32.137,"reported, not observed",api.bitopro.com/v3/trading-history
2023-09-08T00:00:00Z,BitoPro,TWD,usdt_twd,1d,32.198,"reported, not observed",api.bitopro.com/v3/trading-history
2023-09-09T00:00:00Z,BitoPro,TWD,usdt_twd,1d,32.233,"reported, not observed",api.bitopro.com/v3/trading-history
2023-09-10T00:00:00Z,BitoPro,TWD,usdt_twd,1d,32.182,"reported, not observed",api.bitopro.com/v3/trading-history
2023-09-11T00:00:00Z,BitoPro,TWD,usdt_twd,1d,32.119,"reported, not observed",api.bitopro.com/v3/trading-history
2023-09-12T00:00:00Z,BitoPro,TWD,usdt_twd,1d,32.157,"reported, not observed",api.bitopro.com/v3/trading-history
2023-09-13T00:00:00Z,BitoPro,TWD,usdt_twd,1d,32.094,"reported, not observed",api.bitopro.com/v3/trading-history
2023-09-14T00:00:00Z,BitoPro,TWD,usdt_twd,1d,32.044,"reported, not observed",api.bitopro.com/v3/trading-history
2023-09-15T00:00:00Z,BitoPro,TWD,usdt_twd,1d,32.136,"reported, not observed",api.bitopro.com/v3/trading-history
2023-09-16T00:00:00Z,BitoPro,TWD,usdt_twd,1d,32.134,"reported, not observed",api.bitopro.com/v3/trading-history
2023-09-17T00:00:00Z,BitoPro,TWD,usdt_twd,1d,32.101,"reported, not observed",api.bitopro.com/v3/trading-history
2023-09-18T00:00:00Z,BitoPro,TWD,usdt_twd,1d,32.106,"reported, not observed",api.bitopro.com/v3/trading-history
2023-09-19T00:00:00Z,BitoPro,TWD,usdt_twd,1d,32.124,"reported, not observed",api.bitopro.com/v3/trading-history
2023-09-20T00:00:00Z,BitoPro,TWD,usdt_twd,1d,32.147,"reported, not observed",api.bitopro.com/v3/trading-history
2023-09-21T00:00:00Z,BitoPro,TWD,usdt_twd,1d,32.275,"reported, not observed",api.bitopro.com/v3/trading-history
2023-09-22T00:00:00Z,BitoPro,TWD,usdt_twd,1d,32.261,"reported, not observed",api.bitopro.com/v3/trading-history
2023-09-23T00:00:00Z,BitoPro,TWD,usdt_twd,1d,32.295,"reported, not observed",api.bitopro.com/v3/trading-history
2023-09-24T00:00:00Z,BitoPro,TWD,usdt_twd,1d,32.298,"reported, not observed",api.bitopro.com/v3/trading-history
2023-09-25T00:00:00Z,BitoPro,TWD,usdt_twd,1d,32.283,"reported, not observed",api.bitopro.com/v3/trading-history
2023-09-26T00:00:00Z,BitoPro,TWD,usdt_twd,1d,32.335,"reported, not observed",api.bitopro.com/v3/trading-history
2023-09-27T00:00:00Z,BitoPro,TWD,usdt_twd,1d,32.378,"reported, not observed",api.bitopro.com/v3/trading-history
2023-09-28T00:00:00Z,BitoPro,TWD,usdt_twd,1d,32.34,"reported, not observed",api.bitopro.com/v3/trading-history
2023-09-29T00:00:00Z,BitoPro,TWD,usdt_twd,1d,32.401,"reported, not observed",api.bitopro.com/v3/trading-history
2023-09-30T00:00:00Z,BitoPro,TWD,usdt_twd,1d,32.45,"reported, not observed",api.bitopro.com/v3/trading-history
2023-10-01T00:00:00Z,BitoPro,TWD,usdt_twd,1d,32.306,"reported, not observed",api.bitopro.com/v3/trading-history
2023-10-02T00:00:00Z,BitoPro,TWD,usdt_twd,1d,32.417,"reported, not observed",api.bitopro.com/v3/trading-history
2023-10-03T00:00:00Z,BitoPro,TWD,usdt_twd,1d,32.458,"reported, not observed",api.bitopro.com/v3/trading-history
2023-10-04T00:00:00Z,BitoPro,TWD,usdt_twd,1d,32.46,"reported, not observed",api.bitopro.com/v3/trading-history
2023-10-05T00:00:00Z,BitoPro,TWD,usdt_twd,1d,32.405,"reported, not observed",api.bitopro.com/v3/trading-history
2023-10-06T00:00:00Z,BitoPro,TWD,usdt_twd,1d,32.441,"reported, not observed",api.bitopro.com/v3/trading-history
2023-10-07T00:00:00Z,BitoPro,TWD,usdt_twd,1d,32.531,"reported, not observed",api.bitopro.com/v3/trading-history
2023-10-08T00:00:00Z,BitoPro,TWD,usdt_twd,1d,32.571,"reported, not observed",api.bitopro.com/v3/trading-history
2023-10-09T00:00:00Z,BitoPro,TWD,usdt_twd,1d,32.668,"reported, not observed",api.bitopro.com/v3/trading-history
2023-10-10T00:00:00Z,BitoPro,TWD,usdt_twd,1d,32.472,"reported, not observed",api.bitopro.com/v3/trading-history
2023-10-11T00:00:00Z,BitoPro,TWD,usdt_twd,1d,32.327,"reported, not observed",api.bitopro.com/v3/trading-history
2023-10-12T00:00:00Z,BitoPro,TWD,usdt_twd,1d,32.352,"reported, not observed",api.bitopro.com/v3/trading-history
2023-10-13T00:00:00Z,BitoPro,TWD,usdt_twd,1d,32.474,"reported, not observed",api.bitopro.com/v3/trading-history
2023-10-14T00:00:00Z,BitoPro,TWD,usdt_twd,1d,32.486,"reported, not observed",api.bitopro.com/v3/trading-history
2023-10-15T00:00:00Z,BitoPro,TWD,usdt_twd,1d,32.52,"reported, not observed",api.bitopro.com/v3/trading-history
2023-10-16T00:00:00Z,BitoPro,TWD,usdt_twd,1d,32.444,"reported, not observed",api.bitopro.com/v3/trading-history
2023-10-17T00:00:00Z,BitoPro,TWD,usdt_twd,1d,32.519,"reported, not observed",api.bitopro.com/v3/trading-history
2023-10-18T00:00:00Z,BitoPro,TWD,usdt_twd,1d,32.522,"reported, not observed",api.bitopro.com/v3/trading-history
2023-10-19T00:00:00Z,BitoPro,TWD,usdt_twd,1d,32.509,"reported, not observed",api.bitopro.com/v3/trading-history
2023-10-20T00:00:00Z,BitoPro,TWD,usdt_twd,1d,32.552,"reported, not observed",api.bitopro.com/v3/trading-history
2023-10-21T00:00:00Z,BitoPro,TWD,usdt_twd,1d,32.56,"reported, not observed",api.bitopro.com/v3/trading-history
2023-10-22T00:00:00Z,BitoPro,TWD,usdt_twd,1d,32.503,"reported, not observed",api.bitopro.com/v3/trading-history
2023-10-23T00:00:00Z,BitoPro,TWD,usdt_twd,1d,32.491,"reported, not observed",api.bitopro.com/v3/trading-history
2023-10-24T00:00:00Z,BitoPro,TWD,usdt_twd,1d,32.45,"reported, not observed",api.bitopro.com/v3/trading-history
2023-10-25T00:00:00Z,BitoPro,TWD,usdt_twd,1d,32.532,"reported, not observed",api.bitopro.com/v3/trading-history
2023-10-26T00:00:00Z,BitoPro,TWD,usdt_twd,1d,32.581,"reported, not observed",api.bitopro.com/v3/trading-history
2023-10-27T00:00:00Z,BitoPro,TWD,usdt_twd,1d,32.606,"reported, not observed",api.bitopro.com/v3/trading-history
2023-10-28T00:00:00Z,BitoPro,TWD,usdt_twd,1d,32.629,"reported, not observed",api.bitopro.com/v3/trading-history
2023-10-29T00:00:00Z,BitoPro,TWD,usdt_twd,1d,32.578,"reported, not observed",api.bitopro.com/v3/trading-history
2023-10-30T00:00:00Z,BitoPro,TWD,usdt_twd,1d,32.571,"reported, not observed",api.bitopro.com/v3/trading-history
2023-10-31T00:00:00Z,BitoPro,TWD,usdt_twd,1d,32.574,"reported, not observed",api.bitopro.com/v3/trading-history
2023-11-01T00:00:00Z,BitoPro,TWD,usdt_twd,1d,32.522,"reported, not observed",api.bitopro.com/v3/trading-history
2023-11-02T00:00:00Z,BitoPro,TWD,usdt_twd,1d,32.491,"reported, not observed",api.bitopro.com/v3/trading-history
2023-11-03T00:00:00Z,BitoPro,TWD,usdt_twd,1d,32.431,"reported, not observed",api.bitopro.com/v3/trading-history
2023-11-04T00:00:00Z,BitoPro,TWD,usdt_twd,1d,32.408,"reported, not observed",api.bitopro.com/v3/trading-history
2023-11-05T00:00:00Z,BitoPro,TWD,usdt_twd,1d,32.361,"reported, not observed",api.bitopro.com/v3/trading-history
2023-11-06T00:00:00Z,BitoPro,TWD,usdt_twd,1d,32.276,"reported, not observed",api.bitopro.com/v3/trading-history
2023-11-07T00:00:00Z,BitoPro,TWD,usdt_twd,1d,32.283,"reported, not observed",api.bitopro.com/v3/trading-history
2023-11-08T00:00:00Z,BitoPro,TWD,usdt_twd,1d,32.301,"reported, not observed",api.bitopro.com/v3/trading-history
2023-11-09T00:00:00Z,BitoPro,TWD,usdt_twd,1d,32.333,"reported, not observed",api.bitopro.com/v3/trading-history
2023-11-10T00:00:00Z,BitoPro,TWD,usdt_twd,1d,32.498,"reported, not observed",api.bitopro.com/v3/trading-history
2023-11-11T00:00:00Z,BitoPro,TWD,usdt_twd,1d,32.513,"reported, not observed",api.bitopro.com/v3/trading-history
2023-11-12T00:00:00Z,BitoPro,TWD,usdt_twd,1d,32.5,"reported, not observed",api.bitopro.com/v3/trading-history
2023-11-13T00:00:00Z,BitoPro,TWD,usdt_twd,1d,32.442,"reported, not observed",api.bitopro.com/v3/trading-history
2023-11-14T00:00:00Z,BitoPro,TWD,usdt_twd,1d,32.347,"reported, not observed",api.bitopro.com/v3/trading-history
2023-11-15T00:00:00Z,BitoPro,TWD,usdt_twd,1d,32.218,"reported, not observed",api.bitopro.com/v3/trading-history
2023-11-16T00:00:00Z,BitoPro,TWD,usdt_twd,1d,32.301,"reported, not observed",api.bitopro.com/v3/trading-history
2023-11-17T00:00:00Z,BitoPro,TWD,usdt_twd,1d,32.219,"reported, not observed",api.bitopro.com/v3/trading-history
2023-11-18T00:00:00Z,BitoPro,TWD,usdt_twd,1d,32.325,"reported, not observed",api.bitopro.com/v3/trading-history
2023-11-19T00:00:00Z,BitoPro,TWD,usdt_twd,1d,32.22,"reported, not observed",api.bitopro.com/v3/trading-history
2023-11-20T00:00:00Z,BitoPro,TWD,usdt_twd,1d,31.845,"reported, not observed",api.bitopro.com/v3/trading-history
2023-11-21T00:00:00Z,BitoPro,TWD,usdt_twd,1d,31.692,"reported, not observed",api.bitopro.com/v3/trading-history
2023-11-22T00:00:00Z,BitoPro,TWD,usdt_twd,1d,31.72,"reported, not observed",api.bitopro.com/v3/trading-history
2023-11-23T00:00:00Z,BitoPro,TWD,usdt_twd,1d,31.777,"reported, not observed",api.bitopro.com/v3/trading-history
2023-11-24T00:00:00Z,BitoPro,TWD,usdt_twd,1d,31.839,"reported, not observed",api.bitopro.com/v3/trading-history
2023-11-25T00:00:00Z,BitoPro,TWD,usdt_twd,1d,31.84,"reported, not observed",api.bitopro.com/v3/trading-history
2023-11-26T00:00:00Z,BitoPro,TWD,usdt_twd,1d,31.826,"reported, not observed",api.bitopro.com/v3/trading-history
2023-11-27T00:00:00Z,BitoPro,TWD,usdt_twd,1d,31.74,"reported, not observed",api.bitopro.com/v3/trading-history
2023-11-28T00:00:00Z,BitoPro,TWD,usdt_twd,1d,31.482,"reported, not observed",api.bitopro.com/v3/trading-history
2023-11-29T00:00:00Z,BitoPro,TWD,usdt_twd,1d,31.489,"reported, not observed",api.bitopro.com/v3/trading-history
2023-11-30T00:00:00Z,BitoPro,TWD,usdt_twd,1d,31.471,"reported, not observed",api.bitopro.com/v3/trading-history
2023-12-01T00:00:00Z,BitoPro,TWD,usdt_twd,1d,31.597,"reported, not observed",api.bitopro.com/v3/trading-history
2023-12-02T00:00:00Z,BitoPro,TWD,usdt_twd,1d,31.572,"reported, not observed",api.bitopro.com/v3/trading-history
2023-12-03T00:00:00Z,BitoPro,TWD,usdt_twd,1d,31.466,"reported, not observed",api.bitopro.com/v3/trading-history
2023-12-04T00:00:00Z,BitoPro,TWD,usdt_twd,1d,31.535,"reported, not observed",api.bitopro.com/v3/trading-history
2023-12-05T00:00:00Z,BitoPro,TWD,usdt_twd,1d,31.612,"reported, not observed",api.bitopro.com/v3/trading-history
2023-12-06T00:00:00Z,BitoPro,TWD,usdt_twd,1d,31.665,"reported, not observed",api.bitopro.com/v3/trading-history
2023-12-07T00:00:00Z,BitoPro,TWD,usdt_twd,1d,31.555,"reported, not observed",api.bitopro.com/v3/trading-history
2023-12-08T00:00:00Z,BitoPro,TWD,usdt_twd,1d,31.62,"reported, not observed",api.bitopro.com/v3/trading-history
2023-12-09T00:00:00Z,BitoPro,TWD,usdt_twd,1d,31.727,"reported, not observed",api.bitopro.com/v3/trading-history
2023-12-10T00:00:00Z,BitoPro,TWD,usdt_twd,1d,31.685,"reported, not observed",api.bitopro.com/v3/trading-history
2023-12-11T00:00:00Z,BitoPro,TWD,usdt_twd,1d,31.71,"reported, not observed",api.bitopro.com/v3/trading-history
2023-12-12T00:00:00Z,BitoPro,TWD,usdt_twd,1d,31.726,"reported, not observed",api.bitopro.com/v3/trading-history
2023-12-13T00:00:00Z,BitoPro,TWD,usdt_twd,1d,31.602,"reported, not observed",api.bitopro.com/v3/trading-history
2023-12-14T00:00:00Z,BitoPro,TWD,usdt_twd,1d,31.46,"reported, not observed",api.bitopro.com/v3/trading-history
2023-12-15T00:00:00Z,BitoPro,TWD,usdt_twd,1d,31.597,"reported, not observed",api.bitopro.com/v3/trading-history
2023-12-16T00:00:00Z,BitoPro,TWD,usdt_twd,1d,31.624,"reported, not observed",api.bitopro.com/v3/trading-history
2023-12-17T00:00:00Z,BitoPro,TWD,usdt_twd,1d,31.628,"reported, not observed",api.bitopro.com/v3/trading-history
2023-12-18T00:00:00Z,BitoPro,TWD,usdt_twd,1d,31.488,"reported, not observed",api.bitopro.com/v3/trading-history
2023-12-19T00:00:00Z,BitoPro,TWD,usdt_twd,1d,31.501,"reported, not observed",api.bitopro.com/v3/trading-history
2023-12-20T00:00:00Z,BitoPro,TWD,usdt_twd,1d,31.427,"reported, not observed",api.bitopro.com/v3/trading-history
2023-12-21T00:00:00Z,BitoPro,TWD,usdt_twd,1d,31.424,"reported, not observed",api.bitopro.com/v3/trading-history
2023-12-22T00:00:00Z,BitoPro,TWD,usdt_twd,1d,31.42,"reported, not observed",api.bitopro.com/v3/trading-history
2023-12-23T00:00:00Z,BitoPro,TWD,usdt_twd,1d,31.446,"reported, not observed",api.bitopro.com/v3/trading-history
2023-12-24T00:00:00Z,BitoPro,TWD,usdt_twd,1d,31.396,"reported, not observed",api.bitopro.com/v3/trading-history
2023-12-25T00:00:00Z,BitoPro,TWD,usdt_twd,1d,31.445,"reported, not observed",api.bitopro.com/v3/trading-history
2023-12-26T00:00:00Z,BitoPro,TWD,usdt_twd,1d,31.218,"reported, not observed",api.bitopro.com/v3/trading-history
2023-12-27T00:00:00Z,BitoPro,TWD,usdt_twd,1d,31.049,"reported, not observed",api.bitopro.com/v3/trading-history
2023-12-28T00:00:00Z,BitoPro,TWD,usdt_twd,1d,30.865,"reported, not observed",api.bitopro.com/v3/trading-history
2023-12-29T00:00:00Z,BitoPro,TWD,usdt_twd,1d,31.055,"reported, not observed",api.bitopro.com/v3/trading-history
2023-12-30T00:00:00Z,BitoPro,TWD,usdt_twd,1d,31.12,"reported, not observed",api.bitopro.com/v3/trading-history
2023-12-31T00:00:00Z,BitoPro,TWD,usdt_twd,1d,31.105,"reported, not observed",api.bitopro.com/v3/trading-history
2024-01-01T00:00:00Z,BitoPro,TWD,usdt_twd,1d,30.892,"reported, not observed",api.bitopro.com/v3/trading-history
2024-01-02T00:00:00Z,BitoPro,TWD,usdt_twd,1d,31.071,"reported, not observed",api.bitopro.com/v3/trading-history
2024-01-03T00:00:00Z,BitoPro,TWD,usdt_twd,1d,31.327,"reported, not observed",api.bitopro.com/v3/trading-history
2024-01-04T00:00:00Z,BitoPro,TWD,usdt_twd,1d,31.209,"reported, not observed",api.bitopro.com/v3/trading-history
2024-01-05T00:00:00Z,BitoPro,TWD,usdt_twd,1d,31.239,"reported, not observed",api.bitopro.com/v3/trading-history
2024-01-06T00:00:00Z,BitoPro,TWD,usdt_twd,1d,31.323,"reported, not observed",api.bitopro.com/v3/trading-history
2024-01-07T00:00:00Z,BitoPro,TWD,usdt_twd,1d,31.366,"reported, not observed",api.bitopro.com/v3/trading-history
2024-01-08T00:00:00Z,BitoPro,TWD,usdt_twd,1d,31.041,"reported, not observed",api.bitopro.com/v3/trading-history
2024-01-09T00:00:00Z,BitoPro,TWD,usdt_twd,1d,31.123,"reported, not observed",api.bitopro.com/v3/trading-history
2024-01-10T00:00:00Z,BitoPro,TWD,usdt_twd,1d,31.21,"reported, not observed",api.bitopro.com/v3/trading-history
2024-01-11T00:00:00Z,BitoPro,TWD,usdt_twd,1d,31.232,"reported, not observed",api.bitopro.com/v3/trading-history
2024-01-12T00:00:00Z,BitoPro,TWD,usdt_twd,1d,31.42,"reported, not observed",api.bitopro.com/v3/trading-history
2024-01-13T00:00:00Z,BitoPro,TWD,usdt_twd,1d,31.432,"reported, not observed",api.bitopro.com/v3/trading-history
2024-01-14T00:00:00Z,BitoPro,TWD,usdt_twd,1d,31.47,"reported, not observed",api.bitopro.com/v3/trading-history
2024-01-15T00:00:00Z,BitoPro,TWD,usdt_twd,1d,31.493,"reported, not observed",api.bitopro.com/v3/trading-history
2024-01-16T00:00:00Z,BitoPro,TWD,usdt_twd,1d,31.587,"reported, not observed",api.bitopro.com/v3/trading-history
2024-01-17T00:00:00Z,BitoPro,TWD,usdt_twd,1d,31.723,"reported, not observed",api.bitopro.com/v3/trading-history
2024-01-18T00:00:00Z,BitoPro,TWD,usdt_twd,1d,31.782,"reported, not observed",api.bitopro.com/v3/trading-history
2024-01-19T00:00:00Z,BitoPro,TWD,usdt_twd,1d,31.719,"reported, not observed",api.bitopro.com/v3/trading-history
2024-01-20T00:00:00Z,BitoPro,TWD,usdt_twd,1d,31.686,"reported, not observed",api.bitopro.com/v3/trading-history
2024-01-21T00:00:00Z,BitoPro,TWD,usdt_twd,1d,31.721,"reported, not observed",api.bitopro.com/v3/trading-history
2024-01-22T00:00:00Z,BitoPro,TWD,usdt_twd,1d,31.664,"reported, not observed",api.bitopro.com/v3/trading-history
2024-01-23T00:00:00Z,BitoPro,TWD,usdt_twd,1d,31.639,"reported, not observed",api.bitopro.com/v3/trading-history
2024-01-24T00:00:00Z,BitoPro,TWD,usdt_twd,1d,31.52,"reported, not observed",api.bitopro.com/v3/trading-history
2024-01-25T00:00:00Z,BitoPro,TWD,usdt_twd,1d,31.45,"reported, not observed",api.bitopro.com/v3/trading-history
2024-01-26T00:00:00Z,BitoPro,TWD,usdt_twd,1d,31.544,"reported, not observed",api.bitopro.com/v3/trading-history
2024-01-27T00:00:00Z,BitoPro,TWD,usdt_twd,1d,31.568,"reported, not observed",api.bitopro.com/v3/trading-history
2024-01-28T00:00:00Z,BitoPro,TWD,usdt_twd,1d,31.572,"reported, not observed",api.bitopro.com/v3/trading-history
2024-01-29T00:00:00Z,BitoPro,TWD,usdt_twd,1d,31.392,"reported, not observed",api.bitopro.com/v3/trading-history
2024-01-30T00:00:00Z,BitoPro,TWD,usdt_twd,1d,31.327,"reported, not observed",api.bitopro.com/v3/trading-history
2024-01-31T00:00:00Z,BitoPro,TWD,usdt_twd,1d,31.428,"reported, not observed",api.bitopro.com/v3/trading-history
2024-02-01T00:00:00Z,BitoPro,TWD,usdt_twd,1d,31.409,"reported, not observed",api.bitopro.com/v3/trading-history
2024-02-02T00:00:00Z,BitoPro,TWD,usdt_twd,1d,31.475,"reported, not observed",api.bitopro.com/v3/trading-history
2024-02-03T00:00:00Z,BitoPro,TWD,usdt_twd,1d,31.527,"reported, not observed",api.bitopro.com/v3/trading-history
2024-02-04T00:00:00Z,BitoPro,TWD,usdt_twd,1d,31.528,"reported, not observed",api.bitopro.com/v3/trading-history
2024-02-05T00:00:00Z,BitoPro,TWD,usdt_twd,1d,31.517,"reported, not observed",api.bitopro.com/v3/trading-history
2024-02-06T00:00:00Z,BitoPro,TWD,usdt_twd,1d,31.388,"reported, not observed",api.bitopro.com/v3/trading-history
2024-02-07T00:00:00Z,BitoPro,TWD,usdt_twd,1d,31.684,"reported, not observed",api.bitopro.com/v3/trading-history
2024-02-08T00:00:00Z,BitoPro,TWD,usdt_twd,1d,31.709,"reported, not observed",api.bitopro.com/v3/trading-history
2024-02-09T00:00:00Z,BitoPro,TWD,usdt_twd,1d,31.69,"reported, not observed",api.bitopro.com/v3/trading-history
2024-02-10T00:00:00Z,BitoPro,TWD,usdt_twd,1d,31.716,"reported, not observed",api.bitopro.com/v3/trading-history
2024-02-11T00:00:00Z,BitoPro,TWD,usdt_twd,1d,31.724,"reported, not observed",api.bitopro.com/v3/trading-history
2024-02-12T00:00:00Z,BitoPro,TWD,usdt_twd,1d,31.549,"reported, not observed",api.bitopro.com/v3/trading-history
2024-02-13T00:00:00Z,BitoPro,TWD,usdt_twd,1d,31.627,"reported, not observed",api.bitopro.com/v3/trading-history
2024-02-14T00:00:00Z,BitoPro,TWD,usdt_twd,1d,31.481,"reported, not observed",api.bitopro.com/v3/trading-history
2024-02-15T00:00:00Z,BitoPro,TWD,usdt_twd,1d,31.485,"reported, not observed",api.bitopro.com/v3/trading-history
2024-02-16T00:00:00Z,BitoPro,TWD,usdt_twd,1d,31.564,"reported, not observed",api.bitopro.com/v3/trading-history
2024-02-17T00:00:00Z,BitoPro,TWD,usdt_twd,1d,31.579,"reported, not observed",api.bitopro.com/v3/trading-history
2024-02-18T00:00:00Z,BitoPro,TWD,usdt_twd,1d,31.564,"reported, not observed",api.bitopro.com/v3/trading-history
2024-02-19T00:00:00Z,BitoPro,TWD,usdt_twd,1d,31.598,"reported, not observed",api.bitopro.com/v3/trading-history
2024-02-20T00:00:00Z,BitoPro,TWD,usdt_twd,1d,31.676,"reported, not observed",api.bitopro.com/v3/trading-history
2024-02-21T00:00:00Z,BitoPro,TWD,usdt_twd,1d,31.741,"reported, not observed",api.bitopro.com/v3/trading-history
2024-02-22T00:00:00Z,BitoPro,TWD,usdt_twd,1d,31.67,"reported, not observed",api.bitopro.com/v3/trading-history
2024-02-23T00:00:00Z,BitoPro,TWD,usdt_twd,1d,31.81,"reported, not observed",api.bitopro.com/v3/trading-history
2024-02-24T00:00:00Z,BitoPro,TWD,usdt_twd,1d,31.792,"reported, not observed",api.bitopro.com/v3/trading-history
2024-02-25T00:00:00Z,BitoPro,TWD,usdt_twd,1d,31.765,"reported, not observed",api.bitopro.com/v3/trading-history
2024-02-26T00:00:00Z,BitoPro,TWD,usdt_twd,1d,31.644,"reported, not observed",api.bitopro.com/v3/trading-history
2024-02-27T00:00:00Z,BitoPro,TWD,usdt_twd,1d,31.771,"reported, not observed",api.bitopro.com/v3/trading-history
2024-02-28T00:00:00Z,BitoPro,TWD,usdt_twd,1d,31.753,"reported, not observed",api.bitopro.com/v3/trading-history
2024-02-29T00:00:00Z,BitoPro,TWD,usdt_twd,1d,31.831,"reported, not observed",api.bitopro.com/v3/trading-history
2024-03-01T00:00:00Z,BitoPro,TWD,usdt_twd,1d,31.851,"reported, not observed",api.bitopro.com/v3/trading-history
2024-03-02T00:00:00Z,BitoPro,TWD,usdt_twd,1d,31.926,"reported, not observed",api.bitopro.com/v3/trading-history
2024-03-03T00:00:00Z,BitoPro,TWD,usdt_twd,1d,31.89,"reported, not observed",api.bitopro.com/v3/trading-history
2024-03-04T00:00:00Z,BitoPro,TWD,usdt_twd,1d,31.753,"reported, not observed",api.bitopro.com/v3/trading-history
2024-03-05T00:00:00Z,BitoPro,TWD,usdt_twd,1d,31.998,"reported, not observed",api.bitopro.com/v3/trading-history
2024-03-06T00:00:00Z,BitoPro,TWD,usdt_twd,1d,31.868,"reported, not observed",api.bitopro.com/v3/trading-history
2024-03-07T00:00:00Z,BitoPro,TWD,usdt_twd,1d,31.825,"reported, not observed",api.bitopro.com/v3/trading-history
2024-03-08T00:00:00Z,BitoPro,TWD,usdt_twd,1d,31.831,"reported, not observed",api.bitopro.com/v3/trading-history
2024-03-09T00:00:00Z,BitoPro,TWD,usdt_twd,1d,31.842,"reported, not observed",api.bitopro.com/v3/trading-history
2024-03-10T00:00:00Z,BitoPro,TWD,usdt_twd,1d,31.832,"reported, not observed",api.bitopro.com/v3/trading-history
2024-03-11T00:00:00Z,BitoPro,TWD,usdt_twd,1d,31.671,"reported, not observed",api.bitopro.com/v3/trading-history
2024-03-12T00:00:00Z,BitoPro,TWD,usdt_twd,1d,31.795,"reported, not observed",api.bitopro.com/v3/trading-history
2024-03-13T00:00:00Z,BitoPro,TWD,usdt_twd,1d,31.758,"reported, not observed",api.bitopro.com/v3/trading-history
2024-03-14T00:00:00Z,BitoPro,TWD,usdt_twd,1d,31.838,"reported, not observed",api.bitopro.com/v3/trading-history
2024-03-15T00:00:00Z,BitoPro,TWD,usdt_twd,1d,32.071,"reported, not observed",api.bitopro.com/v3/trading-history
2024-03-16T00:00:00Z,BitoPro,TWD,usdt_twd,1d,32.397,"reported, not observed",api.bitopro.com/v3/trading-history
2024-03-17T00:00:00Z,BitoPro,TWD,usdt_twd,1d,32.058,"reported, not observed",api.bitopro.com/v3/trading-history
2024-03-18T00:00:00Z,BitoPro,TWD,usdt_twd,1d,32.001,"reported, not observed",api.bitopro.com/v3/trading-history
2024-03-19T00:00:00Z,BitoPro,TWD,usdt_twd,1d,32.09,"reported, not observed",api.bitopro.com/v3/trading-history
2024-03-20T00:00:00Z,BitoPro,TWD,usdt_twd,1d,32.162,"reported, not observed",api.bitopro.com/v3/trading-history
2024-03-21T00:00:00Z,BitoPro,TWD,usdt_twd,1d,32.153,"reported, not observed",api.bitopro.com/v3/trading-history
2024-03-22T00:00:00Z,BitoPro,TWD,usdt_twd,1d,32.382,"reported, not observed",api.bitopro.com/v3/trading-history
2024-03-23T00:00:00Z,BitoPro,TWD,usdt_twd,1d,32.317,"reported, not observed",api.bitopro.com/v3/trading-history
2024-03-24T00:00:00Z,BitoPro,TWD,usdt_twd,1d,32.167,"reported, not observed",api.bitopro.com/v3/trading-history
2024-03-25T00:00:00Z,BitoPro,TWD,usdt_twd,1d,32.026,"reported, not observed",api.bitopro.com/v3/trading-history
2024-03-26T00:00:00Z,BitoPro,TWD,usdt_twd,1d,32.089,"reported, not observed",api.bitopro.com/v3/trading-history
2024-03-27T00:00:00Z,BitoPro,TWD,usdt_twd,1d,32.119,"reported, not observed",api.bitopro.com/v3/trading-history
2024-03-28T00:00:00Z,BitoPro,TWD,usdt_twd,1d,32.131,"reported, not observed",api.bitopro.com/v3/trading-history
2024-03-29T00:00:00Z,BitoPro,TWD,usdt_twd,1d,32.324,"reported, not observed",api.bitopro.com/v3/trading-history
2024-03-30T00:00:00Z,BitoPro,TWD,usdt_twd,1d,32.347,"reported, not observed",api.bitopro.com/v3/trading-history
2024-03-31T00:00:00Z,BitoPro,TWD,usdt_twd,1d,32.208,"reported, not observed",api.bitopro.com/v3/trading-history
2024-04-01T00:00:00Z,BitoPro,TWD,usdt_twd,1d,32.388,"reported, not observed",api.bitopro.com/v3/trading-history
2024-04-02T00:00:00Z,BitoPro,TWD,usdt_twd,1d,32.401,"reported, not observed",api.bitopro.com/v3/trading-history
2024-04-03T00:00:00Z,BitoPro,TWD,usdt_twd,1d,32.461,"reported, not observed",api.bitopro.com/v3/trading-history
2024-04-04T00:00:00Z,BitoPro,TWD,usdt_twd,1d,32.549,"reported, not observed",api.bitopro.com/v3/trading-history
2024-04-05T00:00:00Z,BitoPro,TWD,usdt_twd,1d,32.64,"reported, not observed",api.bitopro.com/v3/trading-history
2024-04-06T00:00:00Z,BitoPro,TWD,usdt_twd,1d,32.448,"reported, not observed",api.bitopro.com/v3/trading-history
2024-04-07T00:00:00Z,BitoPro,TWD,usdt_twd,1d,32.348,"reported, not observed",api.bitopro.com/v3/trading-history
2024-04-08T00:00:00Z,BitoPro,TWD,usdt_twd,1d,32.269,"reported, not observed",api.bitopro.com/v3/trading-history
2024-04-09T00:00:00Z,BitoPro,TWD,usdt_twd,1d,32.259,"reported, not observed",api.bitopro.com/v3/trading-history
2024-04-10T00:00:00Z,BitoPro,TWD,usdt_twd,1d,32.264,"reported, not observed",api.bitopro.com/v3/trading-history
2024-04-11T00:00:00Z,BitoPro,TWD,usdt_twd,1d,32.389,"reported, not observed",api.bitopro.com/v3/trading-history
2024-04-12T00:00:00Z,BitoPro,TWD,usdt_twd,1d,32.808,"reported, not observed",api.bitopro.com/v3/trading-history
2024-04-13T00:00:00Z,BitoPro,TWD,usdt_twd,1d,33.65,"reported, not observed",api.bitopro.com/v3/trading-history
2024-04-14T00:00:00Z,BitoPro,TWD,usdt_twd,1d,33.06,"reported, not observed",api.bitopro.com/v3/trading-history
2024-04-15T00:00:00Z,BitoPro,TWD,usdt_twd,1d,32.779,"reported, not observed",api.bitopro.com/v3/trading-history
2024-04-16T00:00:00Z,BitoPro,TWD,usdt_twd,1d,32.703,"reported, not observed",api.bitopro.com/v3/trading-history
2024-04-17T00:00:00Z,BitoPro,TWD,usdt_twd,1d,32.719,"reported, not observed",api.bitopro.com/v3/trading-history
2024-04-18T00:00:00Z,BitoPro,TWD,usdt_twd,1d,32.625,"reported, not observed",api.bitopro.com/v3/trading-history
2024-04-19T00:00:00Z,BitoPro,TWD,usdt_twd,1d,32.907,"reported, not observed",api.bitopro.com/v3/trading-history
2024-04-20T00:00:00Z,BitoPro,TWD,usdt_twd,1d,32.76,"reported, not observed",api.bitopro.com/v3/trading-history
2024-04-21T00:00:00Z,BitoPro,TWD,usdt_twd,1d,32.705,"reported, not observed",api.bitopro.com/v3/trading-history
2024-04-22T00:00:00Z,BitoPro,TWD,usdt_twd,1d,32.703,"reported, not observed",api.bitopro.com/v3/trading-history
2024-04-23T00:00:00Z,BitoPro,TWD,usdt_twd,1d,32.701,"reported, not observed",api.bitopro.com/v3/trading-history
2024-04-24T00:00:00Z,BitoPro,TWD,usdt_twd,1d,32.725,"reported, not observed",api.bitopro.com/v3/trading-history
2024-04-25T00:00:00Z,BitoPro,TWD,usdt_twd,1d,32.755,"reported, not observed",api.bitopro.com/v3/trading-history
2024-04-26T00:00:00Z,BitoPro,TWD,usdt_twd,1d,32.842,"reported, not observed",api.bitopro.com/v3/trading-history
2024-04-27T00:00:00Z,BitoPro,TWD,usdt_twd,1d,32.725,"reported, not observed",api.bitopro.com/v3/trading-history
2024-04-28T00:00:00Z,BitoPro,TWD,usdt_twd,1d,32.708,"reported, not observed",api.bitopro.com/v3/trading-history
2024-04-29T00:00:00Z,BitoPro,TWD,usdt_twd,1d,32.658,"reported, not observed",api.bitopro.com/v3/trading-history
2024-04-30T00:00:00Z,BitoPro,TWD,usdt_twd,1d,32.825,"reported, not observed",api.bitopro.com/v3/trading-history
2024-05-01T00:00:00Z,BitoPro,TWD,usdt_twd,1d,32.858,"reported, not observed",api.bitopro.com/v3/trading-history
2024-05-02T00:00:00Z,BitoPro,TWD,usdt_twd,1d,32.706,"reported, not observed",api.bitopro.com/v3/trading-history
2024-05-03T00:00:00Z,BitoPro,TWD,usdt_twd,1d,32.624,"reported, not observed",api.bitopro.com/v3/trading-history
2024-05-04T00:00:00Z,BitoPro,TWD,usdt_twd,1d,32.598,"reported, not observed",api.bitopro.com/v3/trading-history
2024-05-05T00:00:00Z,BitoPro,TWD,usdt_twd,1d,32.502,"reported, not observed",api.bitopro.com/v3/trading-history
2024-05-06T00:00:00Z,BitoPro,TWD,usdt_twd,1d,32.492,"reported, not observed",api.bitopro.com/v3/trading-history
2024-05-07T00:00:00Z,BitoPro,TWD,usdt_twd,1d,32.578,"reported, not observed",api.bitopro.com/v3/trading-history
2024-05-08T00:00:00Z,BitoPro,TWD,usdt_twd,1d,32.546,"reported, not observed",api.bitopro.com/v3/trading-history
2024-05-09T00:00:00Z,BitoPro,TWD,usdt_twd,1d,32.553,"reported, not observed",api.bitopro.com/v3/trading-history
2024-05-10T00:00:00Z,BitoPro,TWD,usdt_twd,1d,32.679,"reported, not observed",api.bitopro.com/v3/trading-history
2024-05-11T00:00:00Z,BitoPro,TWD,usdt_twd,1d,32.628,"reported, not observed",api.bitopro.com/v3/trading-history
2024-05-12T00:00:00Z,BitoPro,TWD,usdt_twd,1d,32.636,"reported, not observed",api.bitopro.com/v3/trading-history
2024-05-13T00:00:00Z,BitoPro,TWD,usdt_twd,1d,32.542,"reported, not observed",api.bitopro.com/v3/trading-history
2024-05-14T00:00:00Z,BitoPro,TWD,usdt_twd,1d,32.534,"reported, not observed",api.bitopro.com/v3/trading-history
2024-05-15T00:00:00Z,BitoPro,TWD,usdt_twd,1d,32.144,"reported, not observed",api.bitopro.com/v3/trading-history
2024-05-16T00:00:00Z,BitoPro,TWD,usdt_twd,1d,32.304,"reported, not observed",api.bitopro.com/v3/trading-history
2024-05-17T00:00:00Z,BitoPro,TWD,usdt_twd,1d,32.388,"reported, not observed",api.bitopro.com/v3/trading-history
2024-05-18T00:00:00Z,BitoPro,TWD,usdt_twd,1d,32.377,"reported, not observed",api.bitopro.com/v3/trading-history
2024-05-19T00:00:00Z,BitoPro,TWD,usdt_twd,1d,32.327,"reported, not observed",api.bitopro.com/v3/trading-history
2024-05-20T00:00:00Z,BitoPro,TWD,usdt_twd,1d,31.776,"reported, not observed",api.bitopro.com/v3/trading-history
2024-05-21T00:00:00Z,BitoPro,TWD,usdt_twd,1d,32.303,"reported, not observed",api.bitopro.com/v3/trading-history
2024-05-22T00:00:00Z,BitoPro,TWD,usdt_twd,1d,32.368,"reported, not observed",api.bitopro.com/v3/trading-history
2024-05-23T00:00:00Z,BitoPro,TWD,usdt_twd,1d,32.35,"reported, not observed",api.bitopro.com/v3/trading-history
2024-05-24T00:00:00Z,BitoPro,TWD,usdt_twd,1d,32.418,"reported, not observed",api.bitopro.com/v3/trading-history
2024-05-25T00:00:00Z,BitoPro,TWD,usdt_twd,1d,32.402,"reported, not observed",api.bitopro.com/v3/trading-history
2024-05-26T00:00:00Z,BitoPro,TWD,usdt_twd,1d,32.394,"reported, not observed",api.bitopro.com/v3/trading-history
2024-05-27T00:00:00Z,BitoPro,TWD,usdt_twd,1d,32.315,"reported, not observed",api.bitopro.com/v3/trading-history
2024-05-28T00:00:00Z,BitoPro,TWD,usdt_twd,1d,32.282,"reported, not observed",api.bitopro.com/v3/trading-history
2024-05-29T00:00:00Z,BitoPro,TWD,usdt_twd,1d,32.421,"reported, not observed",api.bitopro.com/v3/trading-history
2024-05-30T00:00:00Z,BitoPro,TWD,usdt_twd,1d,32.473,"reported, not observed",api.bitopro.com/v3/trading-history
2024-05-31T00:00:00Z,BitoPro,TWD,usdt_twd,1d,32.581,"reported, not observed",api.bitopro.com/v3/trading-history
2024-06-01T00:00:00Z,BitoPro,TWD,usdt_twd,1d,32.581,"reported, not observed",api.bitopro.com/v3/trading-history
2024-06-02T00:00:00Z,BitoPro,TWD,usdt_twd,1d,32.625,"reported, not observed",api.bitopro.com/v3/trading-history
2024-06-03T00:00:00Z,BitoPro,TWD,usdt_twd,1d,32.476,"reported, not observed",api.bitopro.com/v3/trading-history
2024-06-04T00:00:00Z,BitoPro,TWD,usdt_twd,1d,32.473,"reported, not observed",api.bitopro.com/v3/trading-history
2024-06-05T00:00:00Z,BitoPro,TWD,usdt_twd,1d,32.421,"reported, not observed",api.bitopro.com/v3/trading-history
2024-06-06T00:00:00Z,BitoPro,TWD,usdt_twd,1d,32.427,"reported, not observed",api.bitopro.com/v3/trading-history
2024-06-07T00:00:00Z,BitoPro,TWD,usdt_twd,1d,32.61,"reported, not observed",api.bitopro.com/v3/trading-history
2024-06-08T00:00:00Z,BitoPro,TWD,usdt_twd,1d,32.653,"reported, not observed",api.bitopro.com/v3/trading-history
2024-06-09T00:00:00Z,BitoPro,TWD,usdt_twd,1d,32.663,"reported, not observed",api.bitopro.com/v3/trading-history
2024-06-10T00:00:00Z,BitoPro,TWD,usdt_twd,1d,32.632,"reported, not observed",api.bitopro.com/v3/trading-history
2024-06-11T00:00:00Z,BitoPro,TWD,usdt_twd,1d,32.674,"reported, not observed",api.bitopro.com/v3/trading-history
2024-06-12T00:00:00Z,BitoPro,TWD,usdt_twd,1d,32.46,"reported, not observed",api.bitopro.com/v3/trading-history
2024-06-13T00:00:00Z,BitoPro,TWD,usdt_twd,1d,32.55,"reported, not observed",api.bitopro.com/v3/trading-history
2024-06-14T00:00:00Z,BitoPro,TWD,usdt_twd,1d,32.637,"reported, not observed",api.bitopro.com/v3/trading-history
2024-06-15T00:00:00Z,BitoPro,TWD,usdt_twd,1d,32.63,"reported, not observed",api.bitopro.com/v3/trading-history
2024-06-16T00:00:00Z,BitoPro,TWD,usdt_twd,1d,32.618,"reported, not observed",api.bitopro.com/v3/trading-history
2024-06-17T00:00:00Z,BitoPro,TWD,usdt_twd,1d,32.542,"reported, not observed",api.bitopro.com/v3/trading-history
2024-06-18T00:00:00Z,BitoPro,TWD,usdt_twd,1d,32.59,"reported, not observed",api.bitopro.com/v3/trading-history
2024-06-19T00:00:00Z,BitoPro,TWD,usdt_twd,1d,32.585,"reported, not observed",api.bitopro.com/v3/trading-history
2024-06-20T00:00:00Z,BitoPro,TWD,usdt_twd,1d,32.498,"reported, not observed",api.bitopro.com/v3/trading-history
2024-06-21T00:00:00Z,BitoPro,TWD,usdt_twd,1d,32.593,"reported, not observed",api.bitopro.com/v3/trading-history
2024-06-22T00:00:00Z,BitoPro,TWD,usdt_twd,1d,32.557,"reported, not observed",api.bitopro.com/v3/trading-history
2024-06-23T00:00:00Z,BitoPro,TWD,usdt_twd,1d,32.573,"reported, not observed",api.bitopro.com/v3/trading-history
2024-06-24T00:00:00Z,BitoPro,TWD,usdt_twd,1d,32.553,"reported, not observed",api.bitopro.com/v3/trading-history
2024-06-25T00:00:00Z,BitoPro,TWD,usdt_twd,1d,32.573,"reported, not observed",api.bitopro.com/v3/trading-history
2024-06-26T00:00:00Z,BitoPro,TWD,usdt_twd,1d,32.636,"reported, not observed",api.bitopro.com/v3/trading-history
2024-06-27T00:00:00Z,BitoPro,TWD,usdt_twd,1d,32.644,"reported, not observed",api.bitopro.com/v3/trading-history
2024-06-28T00:00:00Z,BitoPro,TWD,usdt_twd,1d,32.7,"reported, not observed",api.bitopro.com/v3/trading-history
2024-06-29T00:00:00Z,BitoPro,TWD,usdt_twd,1d,32.69,"reported, not observed",api.bitopro.com/v3/trading-history
2024-06-30T00:00:00Z,BitoPro,TWD,usdt_twd,1d,32.651,"reported, not observed",api.bitopro.com/v3/trading-history
2024-07-01T00:00:00Z,BitoPro,TWD,usdt_twd,1d,32.712,"reported, not observed",api.bitopro.com/v3/trading-history
2024-07-02T00:00:00Z,BitoPro,TWD,usdt_twd,1d,32.72,"reported, not observed",api.bitopro.com/v3/trading-history
2024-07-03T00:00:00Z,BitoPro,TWD,usdt_twd,1d,32.822,"reported, not observed",api.bitopro.com/v3/trading-history
2024-07-04T00:00:00Z,BitoPro,TWD,usdt_twd,1d,32.809,"reported, not observed",api.bitopro.com/v3/trading-history
2024-07-05T00:00:00Z,BitoPro,TWD,usdt_twd,1d,32.912,"reported, not observed",api.bitopro.com/v3/trading-history
2024-07-06T00:00:00Z,BitoPro,TWD,usdt_twd,1d,32.933,"reported, not observed",api.bitopro.com/v3/trading-history
2024-07-07T00:00:00Z,BitoPro,TWD,usdt_twd,1d,32.854,"reported, not observed",api.bitopro.com/v3/trading-history
2024-07-08T00:00:00Z,BitoPro,TWD,usdt_twd,1d,32.752,"reported, not observed",api.bitopro.com/v3/trading-history
2024-07-09T00:00:00Z,BitoPro,TWD,usdt_twd,1d,32.724,"reported, not observed",api.bitopro.com/v3/trading-history
2024-07-10T00:00:00Z,BitoPro,TWD,usdt_twd,1d,32.78,"reported, not observed",api.bitopro.com/v3/trading-history
2024-07-11T00:00:00Z,BitoPro,TWD,usdt_twd,1d,32.656,"reported, not observed",api.bitopro.com/v3/trading-history
2024-07-12T00:00:00Z,BitoPro,TWD,usdt_twd,1d,32.793,"reported, not observed",api.bitopro.com/v3/trading-history
2024-07-13T00:00:00Z,BitoPro,TWD,usdt_twd,1d,32.768,"reported, not observed",api.bitopro.com/v3/trading-history
2024-07-14T00:00:00Z,BitoPro,TWD,usdt_twd,1d,32.739,"reported, not observed",api.bitopro.com/v3/trading-history
2024-07-15T00:00:00Z,BitoPro,TWD,usdt_twd,1d,32.692,"reported, not observed",api.bitopro.com/v3/trading-history
2024-07-16T00:00:00Z,BitoPro,TWD,usdt_twd,1d,32.734,"reported, not observed",api.bitopro.com/v3/trading-history
2024-07-17T00:00:00Z,BitoPro,TWD,usdt_twd,1d,32.738,"reported, not observed",api.bitopro.com/v3/trading-history
2024-07-18T00:00:00Z,BitoPro,TWD,usdt_twd,1d,32.788,"reported, not observed",api.bitopro.com/v3/trading-history
2024-07-19T00:00:00Z,BitoPro,TWD,usdt_twd,1d,32.872,"reported, not observed",api.bitopro.com/v3/trading-history
2024-07-20T00:00:00Z,BitoPro,TWD,usdt_twd,1d,32.892,"reported, not observed",api.bitopro.com/v3/trading-history
2024-07-21T00:00:00Z,BitoPro,TWD,usdt_twd,1d,32.768,"reported, not observed",api.bitopro.com/v3/trading-history
2024-07-22T00:00:00Z,BitoPro,TWD,usdt_twd,1d,32.964,"reported, not observed",api.bitopro.com/v3/trading-history
2024-07-23T00:00:00Z,BitoPro,TWD,usdt_twd,1d,32.975,"reported, not observed",api.bitopro.com/v3/trading-history
2024-07-24T00:00:00Z,BitoPro,TWD,usdt_twd,1d,33.098,"reported, not observed",api.bitopro.com/v3/trading-history
2024-07-25T00:00:00Z,BitoPro,TWD,usdt_twd,1d,33.005,"reported, not observed",api.bitopro.com/v3/trading-history
2024-07-26T00:00:00Z,BitoPro,TWD,usdt_twd,1d,33.018,"reported, not observed",api.bitopro.com/v3/trading-history
2024-07-27T00:00:00Z,BitoPro,TWD,usdt_twd,1d,33.005,"reported, not observed",api.bitopro.com/v3/trading-history
2024-07-28T00:00:00Z,BitoPro,TWD,usdt_twd,1d,32.955,"reported, not observed",api.bitopro.com/v3/trading-history
2024-07-29T00:00:00Z,BitoPro,TWD,usdt_twd,1d,33.077,"reported, not observed",api.bitopro.com/v3/trading-history
2024-07-30T00:00:00Z,BitoPro,TWD,usdt_twd,1d,33.017,"reported, not observed",api.bitopro.com/v3/trading-history
2024-07-31T00:00:00Z,BitoPro,TWD,usdt_twd,1d,32.94,"reported, not observed",api.bitopro.com/v3/trading-history
2024-08-01T00:00:00Z,BitoPro,TWD,usdt_twd,1d,32.965,"reported, not observed",api.bitopro.com/v3/trading-history
2024-08-02T00:00:00Z,BitoPro,TWD,usdt_twd,1d,33.049,"reported, not observed",api.bitopro.com/v3/trading-history
2024-08-03T00:00:00Z,BitoPro,TWD,usdt_twd,1d,33.121,"reported, not observed",api.bitopro.com/v3/trading-history
2024-08-04T00:00:00Z,BitoPro,TWD,usdt_twd,1d,33.304,"reported, not observed",api.bitopro.com/v3/trading-history
2024-08-05T00:00:00Z,BitoPro,TWD,usdt_twd,1d,33.384,"reported, not observed",api.bitopro.com/v3/trading-history
2024-08-06T00:00:00Z,BitoPro,TWD,usdt_twd,1d,33.115,"reported, not observed",api.bitopro.com/v3/trading-history
2024-08-07T00:00:00Z,BitoPro,TWD,usdt_twd,1d,32.949,"reported, not observed",api.bitopro.com/v3/trading-history
2024-08-08T00:00:00Z,BitoPro,TWD,usdt_twd,1d,32.717,"reported, not observed",api.bitopro.com/v3/trading-history
2024-08-09T00:00:00Z,BitoPro,TWD,usdt_twd,1d,32.704,"reported, not observed",api.bitopro.com/v3/trading-history
2024-08-10T00:00:00Z,BitoPro,TWD,usdt_twd,1d,32.797,"reported, not observed",api.bitopro.com/v3/trading-history
2024-08-11T00:00:00Z,BitoPro,TWD,usdt_twd,1d,32.76,"reported, not observed",api.bitopro.com/v3/trading-history
2024-08-12T00:00:00Z,BitoPro,TWD,usdt_twd,1d,32.622,"reported, not observed",api.bitopro.com/v3/trading-history
2024-08-13T00:00:00Z,BitoPro,TWD,usdt_twd,1d,32.599,"reported, not observed",api.bitopro.com/v3/trading-history
2024-08-14T00:00:00Z,BitoPro,TWD,usdt_twd,1d,32.52,"reported, not observed",api.bitopro.com/v3/trading-history
2024-08-15T00:00:00Z,BitoPro,TWD,usdt_twd,1d,32.64,"reported, not observed",api.bitopro.com/v3/trading-history
2024-08-16T00:00:00Z,BitoPro,TWD,usdt_twd,1d,32.599,"reported, not observed",api.bitopro.com/v3/trading-history
2024-08-17T00:00:00Z,BitoPro,TWD,usdt_twd,1d,32.548,"reported, not observed",api.bitopro.com/v3/trading-history
2024-08-18T00:00:00Z,BitoPro,TWD,usdt_twd,1d,32.569,"reported, not observed",api.bitopro.com/v3/trading-history
2024-08-19T00:00:00Z,BitoPro,TWD,usdt_twd,1d,32.15,"reported, not observed",api.bitopro.com/v3/trading-history
2024-08-20T00:00:00Z,BitoPro,TWD,usdt_twd,1d,32.125,"reported, not observed",api.bitopro.com/v3/trading-history
2024-08-21T00:00:00Z,BitoPro,TWD,usdt_twd,1d,32.043,"reported, not observed",api.bitopro.com/v3/trading-history
2024-08-22T00:00:00Z,BitoPro,TWD,usdt_twd,1d,32.134,"reported, not observed",api.bitopro.com/v3/trading-history
2024-08-23T00:00:00Z,BitoPro,TWD,usdt_twd,1d,32.013,"reported, not observed",api.bitopro.com/v3/trading-history
2024-08-24T00:00:00Z,BitoPro,TWD,usdt_twd,1d,32.042,"reported, not observed",api.bitopro.com/v3/trading-history
2024-08-25T00:00:00Z,BitoPro,TWD,usdt_twd,1d,31.911,"reported, not observed",api.bitopro.com/v3/trading-history
2024-08-26T00:00:00Z,BitoPro,TWD,usdt_twd,1d,31.986,"reported, not observed",api.bitopro.com/v3/trading-history
2024-08-27T00:00:00Z,BitoPro,TWD,usdt_twd,1d,32.155,"reported, not observed",api.bitopro.com/v3/trading-history
2024-08-28T00:00:00Z,BitoPro,TWD,usdt_twd,1d,32.159,"reported, not observed",api.bitopro.com/v3/trading-history
2024-08-29T00:00:00Z,BitoPro,TWD,usdt_twd,1d,32.125,"reported, not observed",api.bitopro.com/v3/trading-history
2024-08-30T00:00:00Z,BitoPro,TWD,usdt_twd,1d,32.226,"reported, not observed",api.bitopro.com/v3/trading-history
2024-08-31T00:00:00Z,BitoPro,TWD,usdt_twd,1d,32.187,"reported, not observed",api.bitopro.com/v3/trading-history
2024-09-01T00:00:00Z,BitoPro,TWD,usdt_twd,1d,32.275,"reported, not observed",api.bitopro.com/v3/trading-history
2024-09-02T00:00:00Z,BitoPro,TWD,usdt_twd,1d,32.185,"reported, not observed",api.bitopro.com/v3/trading-history
2024-09-03T00:00:00Z,BitoPro,TWD,usdt_twd,1d,32.231,"reported, not observed",api.bitopro.com/v3/trading-history
2024-09-04T00:00:00Z,BitoPro,TWD,usdt_twd,1d,32.261,"reported, not observed",api.bitopro.com/v3/trading-history
2024-09-05T00:00:00Z,BitoPro,TWD,usdt_twd,1d,32.193,"reported, not observed",api.bitopro.com/v3/trading-history
2024-09-06T00:00:00Z,BitoPro,TWD,usdt_twd,1d,32.328,"reported, not observed",api.bitopro.com/v3/trading-history
2024-09-07T00:00:00Z,BitoPro,TWD,usdt_twd,1d,32.254,"reported, not observed",api.bitopro.com/v3/trading-history
2024-09-08T00:00:00Z,BitoPro,TWD,usdt_twd,1d,32.271,"reported, not observed",api.bitopro.com/v3/trading-history
2024-09-09T00:00:00Z,BitoPro,TWD,usdt_twd,1d,32.158,"reported, not observed",api.bitopro.com/v3/trading-history
2024-09-10T00:00:00Z,BitoPro,TWD,usdt_twd,1d,32.208,"reported, not observed",api.bitopro.com/v3/trading-history
2024-09-11T00:00:00Z,BitoPro,TWD,usdt_twd,1d,32.208,"reported, not observed",api.bitopro.com/v3/trading-history
2024-09-12T00:00:00Z,BitoPro,TWD,usdt_twd,1d,32.17,"reported, not observed",api.bitopro.com/v3/trading-history
2024-09-13T00:00:00Z,BitoPro,TWD,usdt_twd,1d,32.172,"reported, not observed",api.bitopro.com/v3/trading-history
2024-09-14T00:00:00Z,BitoPro,TWD,usdt_twd,1d,32.162,"reported, not observed",api.bitopro.com/v3/trading-history
2024-09-15T00:00:00Z,BitoPro,TWD,usdt_twd,1d,32.107,"reported, not observed",api.bitopro.com/v3/trading-history
2024-09-16T00:00:00Z,BitoPro,TWD,usdt_twd,1d,32.054,"reported, not observed",api.bitopro.com/v3/trading-history
2024-09-17T00:00:00Z,BitoPro,TWD,usdt_twd,1d,31.975,"reported, not observed",api.bitopro.com/v3/trading-history
2024-09-18T00:00:00Z,BitoPro,TWD,usdt_twd,1d,32.066,"reported, not observed",api.bitopro.com/v3/trading-history
2024-09-19T00:00:00Z,BitoPro,TWD,usdt_twd,1d,32.016,"reported, not observed",api.bitopro.com/v3/trading-history
2024-09-20T00:00:00Z,BitoPro,TWD,usdt_twd,1d,32.107,"reported, not observed",api.bitopro.com/v3/trading-history
2024-09-21T00:00:00Z,BitoPro,TWD,usdt_twd,1d,32.09,"reported, not observed",api.bitopro.com/v3/trading-history
2024-09-22T00:00:00Z,BitoPro,TWD,usdt_twd,1d,32.121,"reported, not observed",api.bitopro.com/v3/trading-history
2024-09-23T00:00:00Z,BitoPro,TWD,usdt_twd,1d,32.083,"reported, not observed",api.bitopro.com/v3/trading-history
2024-09-24T00:00:00Z,BitoPro,TWD,usdt_twd,1d,31.973,"reported, not observed",api.bitopro.com/v3/trading-history
2024-09-25T00:00:00Z,BitoPro,TWD,usdt_twd,1d,32.016,"reported, not observed",api.bitopro.com/v3/trading-history
2024-09-26T00:00:00Z,BitoPro,TWD,usdt_twd,1d,31.887,"reported, not observed",api.bitopro.com/v3/trading-history
2024-09-27T00:00:00Z,BitoPro,TWD,usdt_twd,1d,31.843,"reported, not observed",api.bitopro.com/v3/trading-history
2024-09-28T00:00:00Z,BitoPro,TWD,usdt_twd,1d,31.89,"reported, not observed",api.bitopro.com/v3/trading-history
2024-09-29T00:00:00Z,BitoPro,TWD,usdt_twd,1d,31.788,"reported, not observed",api.bitopro.com/v3/trading-history
2024-09-30T00:00:00Z,BitoPro,TWD,usdt_twd,1d,31.856,"reported, not observed",api.bitopro.com/v3/trading-history
2024-10-01T00:00:00Z,BitoPro,TWD,usdt_twd,1d,32.13,"reported, not observed",api.bitopro.com/v3/trading-history
2024-10-02T00:00:00Z,BitoPro,TWD,usdt_twd,1d,32.224,"reported, not observed",api.bitopro.com/v3/trading-history
2024-10-03T00:00:00Z,BitoPro,TWD,usdt_twd,1d,32.189,"reported, not observed",api.bitopro.com/v3/trading-history
2024-10-04T00:00:00Z,BitoPro,TWD,usdt_twd,1d,32.241,"reported, not observed",api.bitopro.com/v3/trading-history
2024-10-05T00:00:00Z,BitoPro,TWD,usdt_twd,1d,32.221,"reported, not observed",api.bitopro.com/v3/trading-history
2024-10-06T00:00:00Z,BitoPro,TWD,usdt_twd,1d,32.198,"reported, not observed",api.bitopro.com/v3/trading-history
2024-10-07T00:00:00Z,BitoPro,TWD,usdt_twd,1d,32.248,"reported, not observed",api.bitopro.com/v3/trading-history
2024-10-08T00:00:00Z,BitoPro,TWD,usdt_twd,1d,32.269,"reported, not observed",api.bitopro.com/v3/trading-history
2024-10-09T00:00:00Z,BitoPro,TWD,usdt_twd,1d,32.346,"reported, not observed",api.bitopro.com/v3/trading-history
2024-10-10T00:00:00Z,BitoPro,TWD,usdt_twd,1d,32.33,"reported, not observed",api.bitopro.com/v3/trading-history
2024-10-11T00:00:00Z,BitoPro,TWD,usdt_twd,1d,32.303,"reported, not observed",api.bitopro.com/v3/trading-history
2024-10-12T00:00:00Z,BitoPro,TWD,usdt_twd,1d,32.293,"reported, not observed",api.bitopro.com/v3/trading-history
2024-10-13T00:00:00Z,BitoPro,TWD,usdt_twd,1d,32.248,"reported, not observed",api.bitopro.com/v3/trading-history
2024-10-14T00:00:00Z,BitoPro,TWD,usdt_twd,1d,32.249,"reported, not observed",api.bitopro.com/v3/trading-history
2024-10-15T00:00:00Z,BitoPro,TWD,usdt_twd,1d,32.27,"reported, not observed",api.bitopro.com/v3/trading-history
2024-10-16T00:00:00Z,BitoPro,TWD,usdt_twd,1d,32.291,"reported, not observed",api.bitopro.com/v3/trading-history
2024-10-17T00:00:00Z,BitoPro,TWD,usdt_twd,1d,32.244,"reported, not observed",api.bitopro.com/v3/trading-history
2024-10-18T00:00:00Z,BitoPro,TWD,usdt_twd,1d,32.209,"reported, not observed",api.bitopro.com/v3/trading-history
2024-10-19T00:00:00Z,BitoPro,TWD,usdt_twd,1d,32.212,"reported, not observed",api.bitopro.com/v3/trading-history
2024-10-20T00:00:00Z,BitoPro,TWD,usdt_twd,1d,32.141,"reported, not observed",api.bitopro.com/v3/trading-history
2024-10-21T00:00:00Z,BitoPro,TWD,usdt_twd,1d,32.214,"reported, not observed",api.bitopro.com/v3/trading-history
2024-10-22T00:00:00Z,BitoPro,TWD,usdt_twd,1d,32.16,"reported, not observed",api.bitopro.com/v3/trading-history
2024-10-23T00:00:00Z,BitoPro,TWD,usdt_twd,1d,32.175,"reported, not observed",api.bitopro.com/v3/trading-history
2024-10-24T00:00:00Z,BitoPro,TWD,usdt_twd,1d,32.171,"reported, not observed",api.bitopro.com/v3/trading-history
2024-10-25T00:00:00Z,BitoPro,TWD,usdt_twd,1d,32.266,"reported, not observed",api.bitopro.com/v3/trading-history
2024-10-26T00:00:00Z,BitoPro,TWD,usdt_twd,1d,32.282,"reported, not observed",api.bitopro.com/v3/trading-history
2024-10-27T00:00:00Z,BitoPro,TWD,usdt_twd,1d,32.258,"reported, not observed",api.bitopro.com/v3/trading-history
2024-10-28T00:00:00Z,BitoPro,TWD,usdt_twd,1d,32.147,"reported, not observed",api.bitopro.com/v3/trading-history
2024-10-29T00:00:00Z,BitoPro,TWD,usdt_twd,1d,32.162,"reported, not observed",api.bitopro.com/v3/trading-history
2024-10-30T00:00:00Z,BitoPro,TWD,usdt_twd,1d,32.155,"reported, not observed",api.bitopro.com/v3/trading-history
2024-10-31T00:00:00Z,BitoPro,TWD,usdt_twd,1d,32.195,"reported, not observed",api.bitopro.com/v3/trading-history
2024-11-01T00:00:00Z,BitoPro,TWD,usdt_twd,1d,32.16,"reported, not observed",api.bitopro.com/v3/trading-history
2024-11-02T00:00:00Z,BitoPro,TWD,usdt_twd,1d,32.171,"reported, not observed",api.bitopro.com/v3/trading-history
2024-11-03T00:00:00Z,BitoPro,TWD,usdt_twd,1d,32.183,"reported, not observed",api.bitopro.com/v3/trading-history
2024-11-04T00:00:00Z,BitoPro,TWD,usdt_twd,1d,32.099,"reported, not observed",api.bitopro.com/v3/trading-history
2024-11-05T00:00:00Z,BitoPro,TWD,usdt_twd,1d,32.067,"reported, not observed",api.bitopro.com/v3/trading-history
2024-11-06T00:00:00Z,BitoPro,TWD,usdt_twd,1d,32.151,"reported, not observed",api.bitopro.com/v3/trading-history
2024-11-07T00:00:00Z,BitoPro,TWD,usdt_twd,1d,32.127,"reported, not observed",api.bitopro.com/v3/trading-history
2024-11-08T00:00:00Z,BitoPro,TWD,usdt_twd,1d,32.24,"reported, not observed",api.bitopro.com/v3/trading-history
2024-11-09T00:00:00Z,BitoPro,TWD,usdt_twd,1d,32.257,"reported, not observed",api.bitopro.com/v3/trading-history
2024-11-10T00:00:00Z,BitoPro,TWD,usdt_twd,1d,32.266,"reported, not observed",api.bitopro.com/v3/trading-history
2024-11-11T00:00:00Z,BitoPro,TWD,usdt_twd,1d,32.46,"reported, not observed",api.bitopro.com/v3/trading-history
2024-11-12T00:00:00Z,BitoPro,TWD,usdt_twd,1d,32.596,"reported, not observed",api.bitopro.com/v3/trading-history
2024-11-13T00:00:00Z,BitoPro,TWD,usdt_twd,1d,32.66,"reported, not observed",api.bitopro.com/v3/trading-history
2024-11-14T00:00:00Z,BitoPro,TWD,usdt_twd,1d,32.792,"reported, not observed",api.bitopro.com/v3/trading-history
2024-11-15T00:00:00Z,BitoPro,TWD,usdt_twd,1d,32.65,"reported, not observed",api.bitopro.com/v3/trading-history
2024-11-16T00:00:00Z,BitoPro,TWD,usdt_twd,1d,32.719,"reported, not observed",api.bitopro.com/v3/trading-history
2024-11-17T00:00:00Z,BitoPro,TWD,usdt_twd,1d,32.686,"reported, not observed",api.bitopro.com/v3/trading-history
2024-11-18T00:00:00Z,BitoPro,TWD,usdt_twd,1d,32.597,"reported, not observed",api.bitopro.com/v3/trading-history
2024-11-19T00:00:00Z,BitoPro,TWD,usdt_twd,1d,32.535,"reported, not observed",api.bitopro.com/v3/trading-history
2024-11-20T00:00:00Z,BitoPro,TWD,usdt_twd,1d,32.689,"reported, not observed",api.bitopro.com/v3/trading-history
2024-11-21T00:00:00Z,BitoPro,TWD,usdt_twd,1d,32.636,"reported, not observed",api.bitopro.com/v3/trading-history
2024-11-22T00:00:00Z,BitoPro,TWD,usdt_twd,1d,32.728,"reported, not observed",api.bitopro.com/v3/trading-history
2024-11-23T00:00:00Z,BitoPro,TWD,usdt_twd,1d,32.823,"reported, not observed",api.bitopro.com/v3/trading-history
2024-11-24T00:00:00Z,BitoPro,TWD,usdt_twd,1d,32.754,"reported, not observed",api.bitopro.com/v3/trading-history
2024-11-25T00:00:00Z,BitoPro,TWD,usdt_twd,1d,32.645,"reported, not observed",api.bitopro.com/v3/trading-history
2024-11-26T00:00:00Z,BitoPro,TWD,usdt_twd,1d,32.714,"reported, not observed",api.bitopro.com/v3/trading-history
2024-11-27T00:00:00Z,BitoPro,TWD,usdt_twd,1d,32.641,"reported, not observed",api.bitopro.com/v3/trading-history
2024-11-28T00:00:00Z,BitoPro,TWD,usdt_twd,1d,32.702,"reported, not observed",api.bitopro.com/v3/trading-history
2024-11-29T00:00:00Z,BitoPro,TWD,usdt_twd,1d,32.683,"reported, not observed",api.bitopro.com/v3/trading-history
2024-11-30T00:00:00Z,BitoPro,TWD,usdt_twd,1d,32.758,"reported, not observed",api.bitopro.com/v3/trading-history
2024-12-01T00:00:00Z,BitoPro,TWD,usdt_twd,1d,32.758,"reported, not observed",api.bitopro.com/v3/trading-history
2024-12-02T00:00:00Z,BitoPro,TWD,usdt_twd,1d,32.826,"reported, not observed",api.bitopro.com/v3/trading-history
2024-12-03T00:00:00Z,BitoPro,TWD,usdt_twd,1d,32.777,"reported, not observed",api.bitopro.com/v3/trading-history
2024-12-04T00:00:00Z,BitoPro,TWD,usdt_twd,1d,32.62,"reported, not observed",api.bitopro.com/v3/trading-history
2024-12-05T00:00:00Z,BitoPro,TWD,usdt_twd,1d,32.825,"reported, not observed",api.bitopro.com/v3/trading-history
2024-12-06T00:00:00Z,BitoPro,TWD,usdt_twd,1d,32.752,"reported, not observed",api.bitopro.com/v3/trading-history
2024-12-07T00:00:00Z,BitoPro,TWD,usdt_twd,1d,32.752,"reported, not observed",api.bitopro.com/v3/trading-history
2024-12-08T00:00:00Z,BitoPro,TWD,usdt_twd,1d,32.755,"reported, not observed",api.bitopro.com/v3/trading-history
2024-12-09T00:00:00Z,BitoPro,TWD,usdt_twd,1d,33.247,"reported, not observed",api.bitopro.com/v3/trading-history
2024-12-10T00:00:00Z,BitoPro,TWD,usdt_twd,1d,32.855,"reported, not observed",api.bitopro.com/v3/trading-history
2024-12-11T00:00:00Z,BitoPro,TWD,usdt_twd,1d,32.68,"reported, not observed",api.bitopro.com/v3/trading-history
2024-12-12T00:00:00Z,BitoPro,TWD,usdt_twd,1d,32.668,"reported, not observed",api.bitopro.com/v3/trading-history
2024-12-13T00:00:00Z,BitoPro,TWD,usdt_twd,1d,32.723,"reported, not observed",api.bitopro.com/v3/trading-history
2024-12-14T00:00:00Z,BitoPro,TWD,usdt_twd,1d,32.765,"reported, not observed",api.bitopro.com/v3/trading-history
2024-12-15T00:00:00Z,BitoPro,TWD,usdt_twd,1d,32.67,"reported, not observed",api.bitopro.com/v3/trading-history
2024-12-16T00:00:00Z,BitoPro,TWD,usdt_twd,1d,32.633,"reported, not observed",api.bitopro.com/v3/trading-history
2024-12-17T00:00:00Z,BitoPro,TWD,usdt_twd,1d,32.697,"reported, not observed",api.bitopro.com/v3/trading-history
2024-12-18T00:00:00Z,BitoPro,TWD,usdt_twd,1d,32.922,"reported, not observed",api.bitopro.com/v3/trading-history
2024-12-19T00:00:00Z,BitoPro,TWD,usdt_twd,1d,33.044,"reported, not observed",api.bitopro.com/v3/trading-history
2024-12-20T00:00:00Z,BitoPro,TWD,usdt_twd,1d,33.173,"reported, not observed",api.bitopro.com/v3/trading-history
2024-12-21T00:00:00Z,BitoPro,TWD,usdt_twd,1d,33.225,"reported, not observed",api.bitopro.com/v3/trading-history
2024-12-22T00:00:00Z,BitoPro,TWD,usdt_twd,1d,33.207,"reported, not observed",api.bitopro.com/v3/trading-history
2024-12-23T00:00:00Z,BitoPro,TWD,usdt_twd,1d,32.874,"reported, not observed",api.bitopro.com/v3/trading-history
2024-12-24T00:00:00Z,BitoPro,TWD,usdt_twd,1d,32.858,"reported, not observed",api.bitopro.com/v3/trading-history
2024-12-25T00:00:00Z,BitoPro,TWD,usdt_twd,1d,32.852,"reported, not observed",api.bitopro.com/v3/trading-history
2024-12-26T00:00:00Z,BitoPro,TWD,usdt_twd,1d,32.882,"reported, not observed",api.bitopro.com/v3/trading-history
2024-12-27T00:00:00Z,BitoPro,TWD,usdt_twd,1d,32.969,"reported, not observed",api.bitopro.com/v3/trading-history
2024-12-28T00:00:00Z,BitoPro,TWD,usdt_twd,1d,32.979,"reported, not observed",api.bitopro.com/v3/trading-history
2024-12-29T00:00:00Z,BitoPro,TWD,usdt_twd,1d,32.981,"reported, not observed",api.bitopro.com/v3/trading-history
2024-12-30T00:00:00Z,BitoPro,TWD,usdt_twd,1d,32.881,"reported, not observed",api.bitopro.com/v3/trading-history
2024-12-31T00:00:00Z,BitoPro,TWD,usdt_twd,1d,32.942,"reported, not observed",api.bitopro.com/v3/trading-history
2025-01-01T00:00:00Z,BitoPro,TWD,usdt_twd,1d,32.899,"reported, not observed",api.bitopro.com/v3/trading-history
2025-01-02T00:00:00Z,BitoPro,TWD,usdt_twd,1d,33.073,"reported, not observed",api.bitopro.com/v3/trading-history
2025-01-03T00:00:00Z,BitoPro,TWD,usdt_twd,1d,33.099,"reported, not observed",api.bitopro.com/v3/trading-history
2025-01-04T00:00:00Z,BitoPro,TWD,usdt_twd,1d,33.061,"reported, not observed",api.bitopro.com/v3/trading-history
2025-01-05T00:00:00Z,BitoPro,TWD,usdt_twd,1d,33.071,"reported, not observed",api.bitopro.com/v3/trading-history
2025-01-06T00:00:00Z,BitoPro,TWD,usdt_twd,1d,32.938,"reported, not observed",api.bitopro.com/v3/trading-history
2025-01-07T00:00:00Z,BitoPro,TWD,usdt_twd,1d,32.977,"reported, not observed",api.bitopro.com/v3/trading-history
2025-01-08T00:00:00Z,BitoPro,TWD,usdt_twd,1d,33.093,"reported, not observed",api.bitopro.com/v3/trading-history
2025-01-09T00:00:00Z,BitoPro,TWD,usdt_twd,1d,33.135,"reported, not observed",api.bitopro.com/v3/trading-history
2025-01-10T00:00:00Z,BitoPro,TWD,usdt_twd,1d,33.149,"reported, not observed",api.bitopro.com/v3/trading-history
2025-01-11T00:00:00Z,BitoPro,TWD,usdt_twd,1d,33.123,"reported, not observed",api.bitopro.com/v3/trading-history
2025-01-12T00:00:00Z,BitoPro,TWD,usdt_twd,1d,33.121,"reported, not observed",api.bitopro.com/v3/trading-history
2025-01-13T00:00:00Z,BitoPro,TWD,usdt_twd,1d,33.205,"reported, not observed",api.bitopro.com/v3/trading-history
2025-01-14T00:00:00Z,BitoPro,TWD,usdt_twd,1d,33.0,"reported, not observed",api.bitopro.com/v3/trading-history
2025-01-15T00:00:00Z,BitoPro,TWD,usdt_twd,1d,32.995,"reported, not observed",api.bitopro.com/v3/trading-history
2025-01-16T00:00:00Z,BitoPro,TWD,usdt_twd,1d,33.092,"reported, not observed",api.bitopro.com/v3/trading-history
2025-01-17T00:00:00Z,BitoPro,TWD,usdt_twd,1d,33.038,"reported, not observed",api.bitopro.com/v3/trading-history
2025-01-18T00:00:00Z,BitoPro,TWD,usdt_twd,1d,33.039,"reported, not observed",api.bitopro.com/v3/trading-history
2025-01-19T00:00:00Z,BitoPro,TWD,usdt_twd,1d,33.22,"reported, not observed",api.bitopro.com/v3/trading-history
2025-01-20T00:00:00Z,BitoPro,TWD,usdt_twd,1d,32.96,"reported, not observed",api.bitopro.com/v3/trading-history
2025-01-21T00:00:00Z,BitoPro,TWD,usdt_twd,1d,32.827,"reported, not observed",api.bitopro.com/v3/trading-history
2025-01-22T00:00:00Z,BitoPro,TWD,usdt_twd,1d,32.852,"reported, not observed",api.bitopro.com/v3/trading-history
2025-01-23T00:00:00Z,BitoPro,TWD,usdt_twd,1d,32.825,"reported, not observed",api.bitopro.com/v3/trading-history
2025-01-24T00:00:00Z,BitoPro,TWD,usdt_twd,1d,33.039,"reported, not observed",api.bitopro.com/v3/trading-history
2025-01-25T00:00:00Z,BitoPro,TWD,usdt_twd,1d,33.162,"reported, not observed",api.bitopro.com/v3/trading-history
2025-01-26T00:00:00Z,BitoPro,TWD,usdt_twd,1d,33.328,"reported, not observed",api.bitopro.com/v3/trading-history
2025-01-27T00:00:00Z,BitoPro,TWD,usdt_twd,1d,33.257,"reported, not observed",api.bitopro.com/v3/trading-history
2025-01-28T00:00:00Z,BitoPro,TWD,usdt_twd,1d,33.362,"reported, not observed",api.bitopro.com/v3/trading-history
2025-01-29T00:00:00Z,BitoPro,TWD,usdt_twd,1d,33.386,"reported, not observed",api.bitopro.com/v3/trading-history
2025-01-30T00:00:00Z,BitoPro,TWD,usdt_twd,1d,33.14,"reported, not observed",api.bitopro.com/v3/trading-history
2025-01-31T00:00:00Z,BitoPro,TWD,usdt_twd,1d,33.402,"reported, not observed",api.bitopro.com/v3/trading-history
2025-02-01T00:00:00Z,BitoPro,TWD,usdt_twd,1d,33.573,"reported, not observed",api.bitopro.com/v3/trading-history
2025-02-02T00:00:00Z,BitoPro,TWD,usdt_twd,1d,33.797,"reported, not observed",api.bitopro.com/v3/trading-history
2025-02-03T00:00:00Z,BitoPro,TWD,usdt_twd,1d,33.442,"reported, not observed",api.bitopro.com/v3/trading-history
2025-02-04T00:00:00Z,BitoPro,TWD,usdt_twd,1d,33.259,"reported, not observed",api.bitopro.com/v3/trading-history
2025-02-05T00:00:00Z,BitoPro,TWD,usdt_twd,1d,33.077,"reported, not observed",api.bitopro.com/v3/trading-history
2025-02-06T00:00:00Z,BitoPro,TWD,usdt_twd,1d,33.034,"reported, not observed",api.bitopro.com/v3/trading-history
2025-02-07T00:00:00Z,BitoPro,TWD,usdt_twd,1d,32.998,"reported, not observed",api.bitopro.com/v3/trading-history
2025-02-08T00:00:00Z,BitoPro,TWD,usdt_twd,1d,32.98,"reported, not observed",api.bitopro.com/v3/trading-history
2025-02-09T00:00:00Z,BitoPro,TWD,usdt_twd,1d,32.982,"reported, not observed",api.bitopro.com/v3/trading-history
2025-02-10T00:00:00Z,BitoPro,TWD,usdt_twd,1d,32.894,"reported, not observed",api.bitopro.com/v3/trading-history
2025-02-11T00:00:00Z,BitoPro,TWD,usdt_twd,1d,32.974,"reported, not observed",api.bitopro.com/v3/trading-history
2025-02-12T00:00:00Z,BitoPro,TWD,usdt_twd,1d,32.926,"reported, not observed",api.bitopro.com/v3/trading-history
2025-02-13T00:00:00Z,BitoPro,TWD,usdt_twd,1d,32.805,"reported, not observed",api.bitopro.com/v3/trading-history
2025-02-14T00:00:00Z,BitoPro,TWD,usdt_twd,1d,32.872,"reported, not observed",api.bitopro.com/v3/trading-history
2025-02-15T00:00:00Z,BitoPro,TWD,usdt_twd,1d,32.889,"reported, not observed",api.bitopro.com/v3/trading-history
2025-02-16T00:00:00Z,BitoPro,TWD,usdt_twd,1d,32.879,"reported, not observed",api.bitopro.com/v3/trading-history
2025-02-17T00:00:00Z,BitoPro,TWD,usdt_twd,1d,32.881,"reported, not observed",api.bitopro.com/v3/trading-history
2025-02-18T00:00:00Z,BitoPro,TWD,usdt_twd,1d,32.865,"reported, not observed",api.bitopro.com/v3/trading-history
2025-02-19T00:00:00Z,BitoPro,TWD,usdt_twd,1d,32.82,"reported, not observed",api.bitopro.com/v3/trading-history
2025-02-20T00:00:00Z,BitoPro,TWD,usdt_twd,1d,32.781,"reported, not observed",api.bitopro.com/v3/trading-history
2025-02-21T00:00:00Z,BitoPro,TWD,usdt_twd,1d,32.87,"reported, not observed",api.bitopro.com/v3/trading-history
2025-02-22T00:00:00Z,BitoPro,TWD,usdt_twd,1d,32.919,"reported, not observed",api.bitopro.com/v3/trading-history
2025-02-23T00:00:00Z,BitoPro,TWD,usdt_twd,1d,32.827,"reported, not observed",api.bitopro.com/v3/trading-history
2025-02-24T00:00:00Z,BitoPro,TWD,usdt_twd,1d,32.95,"reported, not observed",api.bitopro.com/v3/trading-history
2025-02-25T00:00:00Z,BitoPro,TWD,usdt_twd,1d,32.948,"reported, not observed",api.bitopro.com/v3/trading-history
2025-02-26T00:00:00Z,BitoPro,TWD,usdt_twd,1d,32.881,"reported, not observed",api.bitopro.com/v3/trading-history
2025-02-27T00:00:00Z,BitoPro,TWD,usdt_twd,1d,32.997,"reported, not observed",api.bitopro.com/v3/trading-history
2025-02-28T00:00:00Z,BitoPro,TWD,usdt_twd,1d,33.29,"reported, not observed",api.bitopro.com/v3/trading-history
2025-03-01T00:00:00Z,BitoPro,TWD,usdt_twd,1d,33.225,"reported, not observed",api.bitopro.com/v3/trading-history
2025-03-02T00:00:00Z,BitoPro,TWD,usdt_twd,1d,32.978,"reported, not observed",api.bitopro.com/v3/trading-history
2025-03-03T00:00:00Z,BitoPro,TWD,usdt_twd,1d,33.064,"reported, not observed",api.bitopro.com/v3/trading-history
2025-03-04T00:00:00Z,BitoPro,TWD,usdt_twd,1d,33.021,"reported, not observed",api.bitopro.com/v3/trading-history
2025-03-05T00:00:00Z,BitoPro,TWD,usdt_twd,1d,32.922,"reported, not observed",api.bitopro.com/v3/trading-history
2025-03-06T00:00:00Z,BitoPro,TWD,usdt_twd,1d,32.933,"reported, not observed",api.bitopro.com/v3/trading-history
2025-03-07T00:00:00Z,BitoPro,TWD,usdt_twd,1d,33.063,"reported, not observed",api.bitopro.com/v3/trading-history
2025-03-08T00:00:00Z,BitoPro,TWD,usdt_twd,1d,33.047,"reported, not observed",api.bitopro.com/v3/trading-history
2025-03-09T00:00:00Z,BitoPro,TWD,usdt_twd,1d,33.026,"reported, not observed",api.bitopro.com/v3/trading-history
2025-03-10T00:00:00Z,BitoPro,TWD,usdt_twd,1d,33.138,"reported, not observed",api.bitopro.com/v3/trading-history
2025-03-11T00:00:00Z,BitoPro,TWD,usdt_twd,1d,33.016,"reported, not observed",api.bitopro.com/v3/trading-history
2025-03-12T00:00:00Z,BitoPro,TWD,usdt_twd,1d,33.034,"reported, not observed",api.bitopro.com/v3/trading-history
2025-03-13T00:00:00Z,BitoPro,TWD,usdt_twd,1d,33.072,"reported, not observed",api.bitopro.com/v3/trading-history
2025-03-14T00:00:00Z,BitoPro,TWD,usdt_twd,1d,33.098,"reported, not observed",api.bitopro.com/v3/trading-history
2025-03-15T00:00:00Z,BitoPro,TWD,usdt_twd,1d,33.077,"reported, not observed",api.bitopro.com/v3/trading-history
2025-03-16T00:00:00Z,BitoPro,TWD,usdt_twd,1d,33.04,"reported, not observed",api.bitopro.com/v3/trading-history
2025-03-17T00:00:00Z,BitoPro,TWD,usdt_twd,1d,33.023,"reported, not observed",api.bitopro.com/v3/trading-history
2025-03-18T00:00:00Z,BitoPro,TWD,usdt_twd,1d,33.068,"reported, not observed",api.bitopro.com/v3/trading-history
2025-03-19T00:00:00Z,BitoPro,TWD,usdt_twd,1d,33.052,"reported, not observed",api.bitopro.com/v3/trading-history
2025-03-20T00:00:00Z,BitoPro,TWD,usdt_twd,1d,33.068,"reported, not observed",api.bitopro.com/v3/trading-history
2025-03-21T00:00:00Z,BitoPro,TWD,usdt_twd,1d,33.108,"reported, not observed",api.bitopro.com/v3/trading-history
2025-03-22T00:00:00Z,BitoPro,TWD,usdt_twd,1d,33.102,"reported, not observed",api.bitopro.com/v3/trading-history
2025-03-23T00:00:00Z,BitoPro,TWD,usdt_twd,1d,33.052,"reported, not observed",api.bitopro.com/v3/trading-history
2025-03-24T00:00:00Z,BitoPro,TWD,usdt_twd,1d,33.105,"reported, not observed",api.bitopro.com/v3/trading-history
2025-03-25T00:00:00Z,BitoPro,TWD,usdt_twd,1d,33.122,"reported, not observed",api.bitopro.com/v3/trading-history
2025-03-26T00:00:00Z,BitoPro,TWD,usdt_twd,1d,33.167,"reported, not observed",api.bitopro.com/v3/trading-history
2025-03-27T00:00:00Z,BitoPro,TWD,usdt_twd,1d,33.179,"reported, not observed",api.bitopro.com/v3/trading-history
2025-03-28T00:00:00Z,BitoPro,TWD,usdt_twd,1d,33.27,"reported, not observed",api.bitopro.com/v3/trading-history
2025-03-29T00:00:00Z,BitoPro,TWD,usdt_twd,1d,33.314,"reported, not observed",api.bitopro.com/v3/trading-history
2025-03-30T00:00:00Z,BitoPro,TWD,usdt_twd,1d,33.309,"reported, not observed",api.bitopro.com/v3/trading-history
2025-03-31T00:00:00Z,BitoPro,TWD,usdt_twd,1d,33.33,"reported, not observed",api.bitopro.com/v3/trading-history
2025-04-01T00:00:00Z,BitoPro,TWD,usdt_twd,1d,33.305,"reported, not observed",api.bitopro.com/v3/trading-history
2025-04-02T00:00:00Z,BitoPro,TWD,usdt_twd,1d,33.35,"reported, not observed",api.bitopro.com/v3/trading-history
2025-04-03T00:00:00Z,BitoPro,TWD,usdt_twd,1d,33.342,"reported, not observed",api.bitopro.com/v3/trading-history
2025-04-04T00:00:00Z,BitoPro,TWD,usdt_twd,1d,33.354,"reported, not observed",api.bitopro.com/v3/trading-history
2025-04-05T00:00:00Z,BitoPro,TWD,usdt_twd,1d,33.354,"reported, not observed",api.bitopro.com/v3/trading-history
2025-04-06T00:00:00Z,BitoPro,TWD,usdt_twd,1d,33.462,"reported, not observed",api.bitopro.com/v3/trading-history
2025-04-07T00:00:00Z,BitoPro,TWD,usdt_twd,1d,33.216,"reported, not observed",api.bitopro.com/v3/trading-history
2025-04-08T00:00:00Z,BitoPro,TWD,usdt_twd,1d,33.126,"reported, not observed",api.bitopro.com/v3/trading-history
2025-04-09T00:00:00Z,BitoPro,TWD,usdt_twd,1d,32.802,"reported, not observed",api.bitopro.com/v3/trading-history
2025-04-10T00:00:00Z,BitoPro,TWD,usdt_twd,1d,32.97,"reported, not observed",api.bitopro.com/v3/trading-history
2025-04-11T00:00:00Z,BitoPro,TWD,usdt_twd,1d,32.61,"reported, not observed",api.bitopro.com/v3/trading-history
2025-04-12T00:00:00Z,BitoPro,TWD,usdt_twd,1d,32.624,"reported, not observed",api.bitopro.com/v3/trading-history
2025-04-13T00:00:00Z,BitoPro,TWD,usdt_twd,1d,32.591,"reported, not observed",api.bitopro.com/v3/trading-history
2025-04-14T00:00:00Z,BitoPro,TWD,usdt_twd,1d,32.563,"reported, not observed",api.bitopro.com/v3/trading-history
2025-04-15T00:00:00Z,BitoPro,TWD,usdt_twd,1d,32.586,"reported, not observed",api.bitopro.com/v3/trading-history
2025-04-16T00:00:00Z,BitoPro,TWD,usdt_twd,1d,32.538,"reported, not observed",api.bitopro.com/v3/trading-history
2025-04-17T00:00:00Z,BitoPro,TWD,usdt_twd,1d,32.599,"reported, not observed",api.bitopro.com/v3/trading-history
2025-04-18T00:00:00Z,BitoPro,TWD,usdt_twd,1d,32.733,"reported, not observed",api.bitopro.com/v3/trading-history
2025-04-19T00:00:00Z,BitoPro,TWD,usdt_twd,1d,32.716,"reported, not observed",api.bitopro.com/v3/trading-history
2025-04-20T00:00:00Z,BitoPro,TWD,usdt_twd,1d,32.685,"reported, not observed",api.bitopro.com/v3/trading-history
2025-04-21T00:00:00Z,BitoPro,TWD,usdt_twd,1d,32.542,"reported, not observed",api.bitopro.com/v3/trading-history
2025-04-22T00:00:00Z,BitoPro,TWD,usdt_twd,1d,32.549,"reported, not observed",api.bitopro.com/v3/trading-history
2025-04-23T00:00:00Z,BitoPro,TWD,usdt_twd,1d,32.584,"reported, not observed",api.bitopro.com/v3/trading-history
2025-04-24T00:00:00Z,BitoPro,TWD,usdt_twd,1d,32.559,"reported, not observed",api.bitopro.com/v3/trading-history
2025-04-25T00:00:00Z,BitoPro,TWD,usdt_twd,1d,32.622,"reported, not observed",api.bitopro.com/v3/trading-history
2025-04-26T00:00:00Z,BitoPro,TWD,usdt_twd,1d,32.67,"reported, not observed",api.bitopro.com/v3/trading-history
2025-04-27T00:00:00Z,BitoPro,TWD,usdt_twd,1d,32.624,"reported, not observed",api.bitopro.com/v3/trading-history
2025-04-28T00:00:00Z,BitoPro,TWD,usdt_twd,1d,32.534,"reported, not observed",api.bitopro.com/v3/trading-history
2025-04-29T00:00:00Z,BitoPro,TWD,usdt_twd,1d,32.335,"reported, not observed",api.bitopro.com/v3/trading-history
2025-04-30T00:00:00Z,BitoPro,TWD,usdt_twd,1d,32.249,"reported, not observed",api.bitopro.com/v3/trading-history
2025-05-01T00:00:00Z,BitoPro,TWD,usdt_twd,1d,32.197,"reported, not observed",api.bitopro.com/v3/trading-history
2025-05-02T00:00:00Z,BitoPro,TWD,usdt_twd,1d,31.231,"reported, not observed",api.bitopro.com/v3/trading-history
2025-05-03T00:00:00Z,BitoPro,TWD,usdt_twd,1d,31.227,"reported, not observed",api.bitopro.com/v3/trading-history
2025-05-04T00:00:00Z,BitoPro,TWD,usdt_twd,1d,31.088,"reported, not observed",api.bitopro.com/v3/trading-history
2025-05-05T00:00:00Z,BitoPro,TWD,usdt_twd,1d,29.384,"reported, not observed",api.bitopro.com/v3/trading-history
2025-05-06T00:00:00Z,BitoPro,TWD,usdt_twd,1d,30.072,"reported, not observed",api.bitopro.com/v3/trading-history
2025-05-07T00:00:00Z,BitoPro,TWD,usdt_twd,1d,30.346,"reported, not observed",api.bitopro.com/v3/trading-history
2025-05-08T00:00:00Z,BitoPro,TWD,usdt_twd,1d,30.241,"reported, not observed",api.bitopro.com/v3/trading-history
2025-05-09T00:00:00Z,BitoPro,TWD,usdt_twd,1d,30.437,"reported, not observed",api.bitopro.com/v3/trading-history
2025-05-10T00:00:00Z,BitoPro,TWD,usdt_twd,1d,30.359,"reported, not observed",api.bitopro.com/v3/trading-history
2025-05-11T00:00:00Z,BitoPro,TWD,usdt_twd,1d,30.348,"reported, not observed",api.bitopro.com/v3/trading-history
2025-05-12T00:00:00Z,BitoPro,TWD,usdt_twd,1d,30.513,"reported, not observed",api.bitopro.com/v3/trading-history
2025-05-13T00:00:00Z,BitoPro,TWD,usdt_twd,1d,30.481,"reported, not observed",api.bitopro.com/v3/trading-history
2025-05-14T00:00:00Z,BitoPro,TWD,usdt_twd,1d,30.427,"reported, not observed",api.bitopro.com/v3/trading-history
2025-05-15T00:00:00Z,BitoPro,TWD,usdt_twd,1d,30.327,"reported, not observed",api.bitopro.com/v3/trading-history
2025-05-16T00:00:00Z,BitoPro,TWD,usdt_twd,1d,30.355,"reported, not observed",api.bitopro.com/v3/trading-history
2025-05-17T00:00:00Z,BitoPro,TWD,usdt_twd,1d,30.532,"reported, not observed",api.bitopro.com/v3/trading-history
2025-05-18T00:00:00Z,BitoPro,TWD,usdt_twd,1d,30.333,"reported, not observed",api.bitopro.com/v3/trading-history
2025-05-19T00:00:00Z,BitoPro,TWD,usdt_twd,1d,30.23,"reported, not observed",api.bitopro.com/v3/trading-history
2025-05-20T00:00:00Z,BitoPro,TWD,usdt_twd,1d,30.238,"reported, not observed",api.bitopro.com/v3/trading-history
2025-05-21T00:00:00Z,BitoPro,TWD,usdt_twd,1d,30.13,"reported, not observed",api.bitopro.com/v3/trading-history
2025-05-22T00:00:00Z,BitoPro,TWD,usdt_twd,1d,30.128,"reported, not observed",api.bitopro.com/v3/trading-history
2025-05-23T00:00:00Z,BitoPro,TWD,usdt_twd,1d,30.278,"reported, not observed",api.bitopro.com/v3/trading-history
2025-05-24T00:00:00Z,BitoPro,TWD,usdt_twd,1d,30.258,"reported, not observed",api.bitopro.com/v3/trading-history
2025-05-25T00:00:00Z,BitoPro,TWD,usdt_twd,1d,30.21,"reported, not observed",api.bitopro.com/v3/trading-history
2025-05-26T00:00:00Z,BitoPro,TWD,usdt_twd,1d,30.05,"reported, not observed",api.bitopro.com/v3/trading-history
2025-05-27T00:00:00Z,BitoPro,TWD,usdt_twd,1d,29.971,"reported, not observed",api.bitopro.com/v3/trading-history
2025-05-28T00:00:00Z,BitoPro,TWD,usdt_twd,1d,30.029,"reported, not observed",api.bitopro.com/v3/trading-history
2025-05-29T00:00:00Z,BitoPro,TWD,usdt_twd,1d,30.156,"reported, not observed",api.bitopro.com/v3/trading-history
2025-05-30T00:00:00Z,BitoPro,TWD,usdt_twd,1d,30.318,"reported, not observed",api.bitopro.com/v3/trading-history
2025-05-31T00:00:00Z,BitoPro,TWD,usdt_twd,1d,30.327,"reported, not observed",api.bitopro.com/v3/trading-history
2025-06-01T00:00:00Z,BitoPro,TWD,usdt_twd,1d,30.18,"reported, not observed",api.bitopro.com/v3/trading-history
2025-06-02T00:00:00Z,BitoPro,TWD,usdt_twd,1d,30.076,"reported, not observed",api.bitopro.com/v3/trading-history
2025-06-03T00:00:00Z,BitoPro,TWD,usdt_twd,1d,30.078,"reported, not observed",api.bitopro.com/v3/trading-history
2025-06-04T00:00:00Z,BitoPro,TWD,usdt_twd,1d,30.094,"reported, not observed",api.bitopro.com/v3/trading-history
2025-06-05T00:00:00Z,BitoPro,TWD,usdt_twd,1d,30.195,"reported, not observed",api.bitopro.com/v3/trading-history
2025-06-06T00:00:00Z,BitoPro,TWD,usdt_twd,1d,30.23,"reported, not observed",api.bitopro.com/v3/trading-history
2025-06-07T00:00:00Z,BitoPro,TWD,usdt_twd,1d,30.103,"reported, not observed",api.bitopro.com/v3/trading-history
2025-06-08T00:00:00Z,BitoPro,TWD,usdt_twd,1d,30.04,"reported, not observed",api.bitopro.com/v3/trading-history
2025-06-09T00:00:00Z,BitoPro,TWD,usdt_twd,1d,29.97,"reported, not observed",api.bitopro.com/v3/trading-history
2025-06-10T00:00:00Z,BitoPro,TWD,usdt_twd,1d,29.94,"reported, not observed",api.bitopro.com/v3/trading-history
2025-06-11T00:00:00Z,BitoPro,TWD,usdt_twd,1d,29.949,"reported, not observed",api.bitopro.com/v3/trading-history
2025-06-12T00:00:00Z,BitoPro,TWD,usdt_twd,1d,29.706,"reported, not observed",api.bitopro.com/v3/trading-history
2025-06-13T00:00:00Z,BitoPro,TWD,usdt_twd,1d,29.814,"reported, not observed",api.bitopro.com/v3/trading-history
2025-06-14T00:00:00Z,BitoPro,TWD,usdt_twd,1d,29.838,"reported, not observed",api.bitopro.com/v3/trading-history
2025-06-15T00:00:00Z,BitoPro,TWD,usdt_twd,1d,29.728,"reported, not observed",api.bitopro.com/v3/trading-history
2025-06-16T00:00:00Z,BitoPro,TWD,usdt_twd,1d,29.55,"reported, not observed",api.bitopro.com/v3/trading-history
2025-06-17T00:00:00Z,BitoPro,TWD,usdt_twd,1d,29.692,"reported, not observed",api.bitopro.com/v3/trading-history
2025-06-18T00:00:00Z,BitoPro,TWD,usdt_twd,1d,29.641,"reported, not observed",api.bitopro.com/v3/trading-history
2025-06-19T00:00:00Z,BitoPro,TWD,usdt_twd,1d,29.796,"reported, not observed",api.bitopro.com/v3/trading-history
2025-06-20T00:00:00Z,BitoPro,TWD,usdt_twd,1d,29.776,"reported, not observed",api.bitopro.com/v3/trading-history
2025-06-21T00:00:00Z,BitoPro,TWD,usdt_twd,1d,29.83,"reported, not observed",api.bitopro.com/v3/trading-history
2025-06-22T00:00:00Z,BitoPro,TWD,usdt_twd,1d,29.908,"reported, not observed",api.bitopro.com/v3/trading-history
2025-06-23T00:00:00Z,BitoPro,TWD,usdt_twd,1d,29.75,"reported, not observed",api.bitopro.com/v3/trading-history
2025-06-24T00:00:00Z,BitoPro,TWD,usdt_twd,1d,29.531,"reported, not observed",api.bitopro.com/v3/trading-history
2025-06-25T00:00:00Z,BitoPro,TWD,usdt_twd,1d,29.455,"reported, not observed",api.bitopro.com/v3/trading-history
2025-06-26T00:00:00Z,BitoPro,TWD,usdt_twd,1d,29.297,"reported, not observed",api.bitopro.com/v3/trading-history
2025-06-27T00:00:00Z,BitoPro,TWD,usdt_twd,1d,29.221,"reported, not observed",api.bitopro.com/v3/trading-history
2025-06-28T00:00:00Z,BitoPro,TWD,usdt_twd,1d,29.203,"reported, not observed",api.bitopro.com/v3/trading-history
2025-06-29T00:00:00Z,BitoPro,TWD,usdt_twd,1d,29.117,"reported, not observed",api.bitopro.com/v3/trading-history
2025-06-30T00:00:00Z,BitoPro,TWD,usdt_twd,1d,29.485,"reported, not observed",api.bitopro.com/v3/trading-history
2025-07-01T00:00:00Z,BitoPro,TWD,usdt_twd,1d,29.352,"reported, not observed",api.bitopro.com/v3/trading-history
2025-07-02T00:00:00Z,BitoPro,TWD,usdt_twd,1d,29.021,"reported, not observed",api.bitopro.com/v3/trading-history
2025-07-03T00:00:00Z,BitoPro,TWD,usdt_twd,1d,29.049,"reported, not observed",api.bitopro.com/v3/trading-history
2025-07-04T00:00:00Z,BitoPro,TWD,usdt_twd,1d,29.169,"reported, not observed",api.bitopro.com/v3/trading-history
2025-07-05T00:00:00Z,BitoPro,TWD,usdt_twd,1d,29.136,"reported, not observed",api.bitopro.com/v3/trading-history
2025-07-06T00:00:00Z,BitoPro,TWD,usdt_twd,1d,29.074,"reported, not observed",api.bitopro.com/v3/trading-history
2025-07-07T00:00:00Z,BitoPro,TWD,usdt_twd,1d,29.131,"reported, not observed",api.bitopro.com/v3/trading-history
2025-07-08T00:00:00Z,BitoPro,TWD,usdt_twd,1d,29.133,"reported, not observed",api.bitopro.com/v3/trading-history
2025-07-09T00:00:00Z,BitoPro,TWD,usdt_twd,1d,29.171,"reported, not observed",api.bitopro.com/v3/trading-history
2025-07-10T00:00:00Z,BitoPro,TWD,usdt_twd,1d,29.172,"reported, not observed",api.bitopro.com/v3/trading-history
2025-07-11T00:00:00Z,BitoPro,TWD,usdt_twd,1d,29.285,"reported, not observed",api.bitopro.com/v3/trading-history
2025-07-12T00:00:00Z,BitoPro,TWD,usdt_twd,1d,29.271,"reported, not observed",api.bitopro.com/v3/trading-history
2025-07-13T00:00:00Z,BitoPro,TWD,usdt_twd,1d,29.231,"reported, not observed",api.bitopro.com/v3/trading-history
2025-07-14T00:00:00Z,BitoPro,TWD,usdt_twd,1d,29.381,"reported, not observed",api.bitopro.com/v3/trading-history
2025-07-15T00:00:00Z,BitoPro,TWD,usdt_twd,1d,29.414,"reported, not observed",api.bitopro.com/v3/trading-history
2025-07-16T00:00:00Z,BitoPro,TWD,usdt_twd,1d,29.427,"reported, not observed",api.bitopro.com/v3/trading-history
2025-07-17T00:00:00Z,BitoPro,TWD,usdt_twd,1d,29.448,"reported, not observed",api.bitopro.com/v3/trading-history
2025-07-18T00:00:00Z,BitoPro,TWD,usdt_twd,1d,29.523,"reported, not observed",api.bitopro.com/v3/trading-history
2025-07-19T00:00:00Z,BitoPro,TWD,usdt_twd,1d,29.527,"reported, not observed",api.bitopro.com/v3/trading-history
2025-07-20T00:00:00Z,BitoPro,TWD,usdt_twd,1d,29.517,"reported, not observed",api.bitopro.com/v3/trading-history
2025-07-21T00:00:00Z,BitoPro,TWD,usdt_twd,1d,29.48,"reported, not observed",api.bitopro.com/v3/trading-history
2025-07-22T00:00:00Z,BitoPro,TWD,usdt_twd,1d,29.466,"reported, not observed",api.bitopro.com/v3/trading-history
2025-07-23T00:00:00Z,BitoPro,TWD,usdt_twd,1d,29.415,"reported, not observed",api.bitopro.com/v3/trading-history
2025-07-24T00:00:00Z,BitoPro,TWD,usdt_twd,1d,29.488,"reported, not observed",api.bitopro.com/v3/trading-history
2025-07-25T00:00:00Z,BitoPro,TWD,usdt_twd,1d,29.522,"reported, not observed",api.bitopro.com/v3/trading-history
2025-07-26T00:00:00Z,BitoPro,TWD,usdt_twd,1d,29.556,"reported, not observed",api.bitopro.com/v3/trading-history
2025-07-27T00:00:00Z,BitoPro,TWD,usdt_twd,1d,29.464,"reported, not observed",api.bitopro.com/v3/trading-history
2025-07-28T00:00:00Z,BitoPro,TWD,usdt_twd,1d,29.688,"reported, not observed",api.bitopro.com/v3/trading-history
2025-07-29T00:00:00Z,BitoPro,TWD,usdt_twd,1d,29.773,"reported, not observed",api.bitopro.com/v3/trading-history
2025-07-30T00:00:00Z,BitoPro,TWD,usdt_twd,1d,29.865,"reported, not observed",api.bitopro.com/v3/trading-history
2025-07-31T00:00:00Z,BitoPro,TWD,usdt_twd,1d,30.099,"reported, not observed",api.bitopro.com/v3/trading-history
2025-08-01T00:00:00Z,BitoPro,TWD,usdt_twd,1d,30.329,"reported, not observed",api.bitopro.com/v3/trading-history
2025-08-02T00:00:00Z,BitoPro,TWD,usdt_twd,1d,30.611,"reported, not observed",api.bitopro.com/v3/trading-history
2025-08-03T00:00:00Z,BitoPro,TWD,usdt_twd,1d,30.4,"reported, not observed",api.bitopro.com/v3/trading-history
2025-08-04T00:00:00Z,BitoPro,TWD,usdt_twd,1d,30.029,"reported, not observed",api.bitopro.com/v3/trading-history
2025-08-05T00:00:00Z,BitoPro,TWD,usdt_twd,1d,30.106,"reported, not observed",api.bitopro.com/v3/trading-history
2025-08-06T00:00:00Z,BitoPro,TWD,usdt_twd,1d,29.98,"reported, not observed",api.bitopro.com/v3/trading-history
2025-08-07T00:00:00Z,BitoPro,TWD,usdt_twd,1d,29.705,"reported, not observed",api.bitopro.com/v3/trading-history
2025-08-08T00:00:00Z,BitoPro,TWD,usdt_twd,1d,29.88,"reported, not observed",api.bitopro.com/v3/trading-history
2025-08-09T00:00:00Z,BitoPro,TWD,usdt_twd,1d,29.877,"reported, not observed",api.bitopro.com/v3/trading-history
2025-08-10T00:00:00Z,BitoPro,TWD,usdt_twd,1d,29.859,"reported, not observed",api.bitopro.com/v3/trading-history
2025-08-11T00:00:00Z,BitoPro,TWD,usdt_twd,1d,30.047,"reported, not observed",api.bitopro.com/v3/trading-history
2025-08-12T00:00:00Z,BitoPro,TWD,usdt_twd,1d,29.921,"reported, not observed",api.bitopro.com/v3/trading-history
2025-08-13T00:00:00Z,BitoPro,TWD,usdt_twd,1d,29.95,"reported, not observed",api.bitopro.com/v3/trading-history
2025-08-14T00:00:00Z,BitoPro,TWD,usdt_twd,1d,30.153,"reported, not observed",api.bitopro.com/v3/trading-history
2025-08-15T00:00:00Z,BitoPro,TWD,usdt_twd,1d,30.273,"reported, not observed",api.bitopro.com/v3/trading-history
2025-08-16T00:00:00Z,BitoPro,TWD,usdt_twd,1d,30.24,"reported, not observed",api.bitopro.com/v3/trading-history
2025-08-17T00:00:00Z,BitoPro,TWD,usdt_twd,1d,30.154,"reported, not observed",api.bitopro.com/v3/trading-history
2025-08-18T00:00:00Z,BitoPro,TWD,usdt_twd,1d,30.169,"reported, not observed",api.bitopro.com/v3/trading-history
2025-08-19T00:00:00Z,BitoPro,TWD,usdt_twd,1d,30.244,"reported, not observed",api.bitopro.com/v3/trading-history
2025-08-20T00:00:00Z,BitoPro,TWD,usdt_twd,1d,30.399,"reported, not observed",api.bitopro.com/v3/trading-history
2025-08-21T00:00:00Z,BitoPro,TWD,usdt_twd,1d,30.61,"reported, not observed",api.bitopro.com/v3/trading-history
2025-08-22T00:00:00Z,BitoPro,TWD,usdt_twd,1d,30.226,"reported, not observed",api.bitopro.com/v3/trading-history
2025-08-23T00:00:00Z,BitoPro,TWD,usdt_twd,1d,30.449,"reported, not observed",api.bitopro.com/v3/trading-history
2025-08-24T00:00:00Z,BitoPro,TWD,usdt_twd,1d,30.428,"reported, not observed",api.bitopro.com/v3/trading-history
2025-08-25T00:00:00Z,BitoPro,TWD,usdt_twd,1d,30.707,"reported, not observed",api.bitopro.com/v3/trading-history
2025-08-26T00:00:00Z,BitoPro,TWD,usdt_twd,1d,30.629,"reported, not observed",api.bitopro.com/v3/trading-history
2025-08-27T00:00:00Z,BitoPro,TWD,usdt_twd,1d,30.644,"reported, not observed",api.bitopro.com/v3/trading-history
2025-08-28T00:00:00Z,BitoPro,TWD,usdt_twd,1d,30.639,"reported, not observed",api.bitopro.com/v3/trading-history
2025-08-29T00:00:00Z,BitoPro,TWD,usdt_twd,1d,30.837,"reported, not observed",api.bitopro.com/v3/trading-history
2025-08-30T00:00:00Z,BitoPro,TWD,usdt_twd,1d,30.84,"reported, not observed",api.bitopro.com/v3/trading-history
2025-08-31T00:00:00Z,BitoPro,TWD,usdt_twd,1d,30.836,"reported, not observed",api.bitopro.com/v3/trading-history
2025-09-01T00:00:00Z,BitoPro,TWD,usdt_twd,1d,31.042,"reported, not observed",api.bitopro.com/v3/trading-history
2025-09-02T00:00:00Z,BitoPro,TWD,usdt_twd,1d,30.822,"reported, not observed",api.bitopro.com/v3/trading-history
2025-09-03T00:00:00Z,BitoPro,TWD,usdt_twd,1d,30.75,"reported, not observed",api.bitopro.com/v3/trading-history
2025-09-04T00:00:00Z,BitoPro,TWD,usdt_twd,1d,30.828,"reported, not observed",api.bitopro.com/v3/trading-history
2025-09-05T00:00:00Z,BitoPro,TWD,usdt_twd,1d,30.719,"reported, not observed",api.bitopro.com/v3/trading-history
2025-09-06T00:00:00Z,BitoPro,TWD,usdt_twd,1d,30.605,"reported, not observed",api.bitopro.com/v3/trading-history
2025-09-07T00:00:00Z,BitoPro,TWD,usdt_twd,1d,30.584,"reported, not observed",api.bitopro.com/v3/trading-history
2025-09-08T00:00:00Z,BitoPro,TWD,usdt_twd,1d,30.413,"reported, not observed",api.bitopro.com/v3/trading-history
2025-09-09T00:00:00Z,BitoPro,TWD,usdt_twd,1d,30.46,"reported, not observed",api.bitopro.com/v3/trading-history
2025-09-10T00:00:00Z,BitoPro,TWD,usdt_twd,1d,30.298,"reported, not observed",api.bitopro.com/v3/trading-history
2025-09-11T00:00:00Z,BitoPro,TWD,usdt_twd,1d,30.303,"reported, not observed",api.bitopro.com/v3/trading-history
2025-09-12T00:00:00Z,BitoPro,TWD,usdt_twd,1d,30.298,"reported, not observed",api.bitopro.com/v3/trading-history
2025-09-13T00:00:00Z,BitoPro,TWD,usdt_twd,1d,30.34,"reported, not observed",api.bitopro.com/v3/trading-history
2025-09-14T00:00:00Z,BitoPro,TWD,usdt_twd,1d,30.345,"reported, not observed",api.bitopro.com/v3/trading-history
2025-09-15T00:00:00Z,BitoPro,TWD,usdt_twd,1d,30.322,"reported, not observed",api.bitopro.com/v3/trading-history
2025-09-16T00:00:00Z,BitoPro,TWD,usdt_twd,1d,30.152,"reported, not observed",api.bitopro.com/v3/trading-history
2025-09-17T00:00:00Z,BitoPro,TWD,usdt_twd,1d,30.12,"reported, not observed",api.bitopro.com/v3/trading-history
2025-09-18T00:00:00Z,BitoPro,TWD,usdt_twd,1d,30.147,"reported, not observed",api.bitopro.com/v3/trading-history
2025-09-19T00:00:00Z,BitoPro,TWD,usdt_twd,1d,30.379,"reported, not observed",api.bitopro.com/v3/trading-history
2025-09-20T00:00:00Z,BitoPro,TWD,usdt_twd,1d,30.364,"reported, not observed",api.bitopro.com/v3/trading-history
2025-09-21T00:00:00Z,BitoPro,TWD,usdt_twd,1d,30.351,"reported, not observed",api.bitopro.com/v3/trading-history
2025-09-22T00:00:00Z,BitoPro,TWD,usdt_twd,1d,30.368,"reported, not observed",api.bitopro.com/v3/trading-history
2025-09-23T00:00:00Z,BitoPro,TWD,usdt_twd,1d,30.357,"reported, not observed",api.bitopro.com/v3/trading-history
2025-09-24T00:00:00Z,BitoPro,TWD,usdt_twd,1d,30.442,"reported, not observed",api.bitopro.com/v3/trading-history
2025-09-25T00:00:00Z,BitoPro,TWD,usdt_twd,1d,30.679,"reported, not observed",api.bitopro.com/v3/trading-history
2025-09-26T00:00:00Z,BitoPro,TWD,usdt_twd,1d,30.735,"reported, not observed",api.bitopro.com/v3/trading-history
2025-09-27T00:00:00Z,BitoPro,TWD,usdt_twd,1d,30.714,"reported, not observed",api.bitopro.com/v3/trading-history
2025-09-28T00:00:00Z,BitoPro,TWD,usdt_twd,1d,30.642,"reported, not observed",api.bitopro.com/v3/trading-history
2025-09-29T00:00:00Z,BitoPro,TWD,usdt_twd,1d,30.558,"reported, not observed",api.bitopro.com/v3/trading-history
2025-09-30T00:00:00Z,BitoPro,TWD,usdt_twd,1d,30.587,"reported, not observed",api.bitopro.com/v3/trading-history
2025-10-01T00:00:00Z,BitoPro,TWD,usdt_twd,1d,30.496,"reported, not observed",api.bitopro.com/v3/trading-history
2025-10-02T00:00:00Z,BitoPro,TWD,usdt_twd,1d,30.487,"reported, not observed",api.bitopro.com/v3/trading-history
2025-10-03T00:00:00Z,BitoPro,TWD,usdt_twd,1d,30.492,"reported, not observed",api.bitopro.com/v3/trading-history
2025-10-04T00:00:00Z,BitoPro,TWD,usdt_twd,1d,30.518,"reported, not observed",api.bitopro.com/v3/trading-history
2025-10-05T00:00:00Z,BitoPro,TWD,usdt_twd,1d,30.518,"reported, not observed",api.bitopro.com/v3/trading-history
2025-10-06T00:00:00Z,BitoPro,TWD,usdt_twd,1d,30.47,"reported, not observed",api.bitopro.com/v3/trading-history
2025-10-07T00:00:00Z,BitoPro,TWD,usdt_twd,1d,30.68,"reported, not observed",api.bitopro.com/v3/trading-history
2025-10-08T00:00:00Z,BitoPro,TWD,usdt_twd,1d,30.591,"reported, not observed",api.bitopro.com/v3/trading-history
2025-10-09T00:00:00Z,BitoPro,TWD,usdt_twd,1d,30.718,"reported, not observed",api.bitopro.com/v3/trading-history
2025-10-10T00:00:00Z,BitoPro,TWD,usdt_twd,1d,31.96,"reported, not observed",api.bitopro.com/v3/trading-history
2025-10-11T00:00:00Z,BitoPro,TWD,usdt_twd,1d,31.742,"reported, not observed",api.bitopro.com/v3/trading-history
2025-10-12T00:00:00Z,BitoPro,TWD,usdt_twd,1d,31.22,"reported, not observed",api.bitopro.com/v3/trading-history
2025-10-13T00:00:00Z,BitoPro,TWD,usdt_twd,1d,31.033,"reported, not observed",api.bitopro.com/v3/trading-history
2025-10-14T00:00:00Z,BitoPro,TWD,usdt_twd,1d,30.912,"reported, not observed",api.bitopro.com/v3/trading-history
2025-10-15T00:00:00Z,BitoPro,TWD,usdt_twd,1d,30.742,"reported, not observed",api.bitopro.com/v3/trading-history
2025-10-16T00:00:00Z,BitoPro,TWD,usdt_twd,1d,30.826,"reported, not observed",api.bitopro.com/v3/trading-history
2025-10-17T00:00:00Z,BitoPro,TWD,usdt_twd,1d,30.882,"reported, not observed",api.bitopro.com/v3/trading-history
2025-10-18T00:00:00Z,BitoPro,TWD,usdt_twd,1d,30.808,"reported, not observed",api.bitopro.com/v3/trading-history
2025-10-19T00:00:00Z,BitoPro,TWD,usdt_twd,1d,30.811,"reported, not observed",api.bitopro.com/v3/trading-history
2025-10-20T00:00:00Z,BitoPro,TWD,usdt_twd,1d,30.706,"reported, not observed",api.bitopro.com/v3/trading-history
2025-10-21T00:00:00Z,BitoPro,TWD,usdt_twd,1d,30.778,"reported, not observed",api.bitopro.com/v3/trading-history
2025-10-22T00:00:00Z,BitoPro,TWD,usdt_twd,1d,30.853,"reported, not observed",api.bitopro.com/v3/trading-history
2025-10-23T00:00:00Z,BitoPro,TWD,usdt_twd,1d,30.934,"reported, not observed",api.bitopro.com/v3/trading-history
2025-10-24T00:00:00Z,BitoPro,TWD,usdt_twd,1d,30.937,"reported, not observed",api.bitopro.com/v3/trading-history
2025-10-25T00:00:00Z,BitoPro,TWD,usdt_twd,1d,30.921,"reported, not observed",api.bitopro.com/v3/trading-history
2025-10-26T00:00:00Z,BitoPro,TWD,usdt_twd,1d,30.849,"reported, not observed",api.bitopro.com/v3/trading-history
2025-10-27T00:00:00Z,BitoPro,TWD,usdt_twd,1d,30.728,"reported, not observed",api.bitopro.com/v3/trading-history
2025-10-28T00:00:00Z,BitoPro,TWD,usdt_twd,1d,30.687,"reported, not observed",api.bitopro.com/v3/trading-history
2025-10-29T00:00:00Z,BitoPro,TWD,usdt_twd,1d,30.712,"reported, not observed",api.bitopro.com/v3/trading-history
2025-10-30T00:00:00Z,BitoPro,TWD,usdt_twd,1d,30.862,"reported, not observed",api.bitopro.com/v3/trading-history
2025-10-31T00:00:00Z,BitoPro,TWD,usdt_twd,1d,30.889,"reported, not observed",api.bitopro.com/v3/trading-history
2025-11-01T00:00:00Z,BitoPro,TWD,usdt_twd,1d,30.881,"reported, not observed",api.bitopro.com/v3/trading-history
2025-11-02T00:00:00Z,BitoPro,TWD,usdt_twd,1d,30.888,"reported, not observed",api.bitopro.com/v3/trading-history
2025-11-03T00:00:00Z,BitoPro,TWD,usdt_twd,1d,31.006,"reported, not observed",api.bitopro.com/v3/trading-history
2025-11-04T00:00:00Z,BitoPro,TWD,usdt_twd,1d,31.119,"reported, not observed",api.bitopro.com/v3/trading-history
2025-11-05T00:00:00Z,BitoPro,TWD,usdt_twd,1d,31.002,"reported, not observed",api.bitopro.com/v3/trading-history
2025-11-06T00:00:00Z,BitoPro,TWD,usdt_twd,1d,31.013,"reported, not observed",api.bitopro.com/v3/trading-history
2025-11-07T00:00:00Z,BitoPro,TWD,usdt_twd,1d,31.12,"reported, not observed",api.bitopro.com/v3/trading-history
2025-11-08T00:00:00Z,BitoPro,TWD,usdt_twd,1d,31.087,"reported, not observed",api.bitopro.com/v3/trading-history
2025-11-09T00:00:00Z,BitoPro,TWD,usdt_twd,1d,31.039,"reported, not observed",api.bitopro.com/v3/trading-history
2025-11-10T00:00:00Z,BitoPro,TWD,usdt_twd,1d,31.025,"reported, not observed",api.bitopro.com/v3/trading-history
2025-11-11T00:00:00Z,BitoPro,TWD,usdt_twd,1d,31.161,"reported, not observed",api.bitopro.com/v3/trading-history
2025-11-12T00:00:00Z,BitoPro,TWD,usdt_twd,1d,31.14,"reported, not observed",api.bitopro.com/v3/trading-history
2025-11-13T00:00:00Z,BitoPro,TWD,usdt_twd,1d,31.172,"reported, not observed",api.bitopro.com/v3/trading-history
2025-11-14T00:00:00Z,BitoPro,TWD,usdt_twd,1d,31.058,"reported, not observed",api.bitopro.com/v3/trading-history
2025-11-15T00:00:00Z,BitoPro,TWD,usdt_twd,1d,30.977,"reported, not observed",api.bitopro.com/v3/trading-history
2025-11-16T00:00:00Z,BitoPro,TWD,usdt_twd,1d,30.906,"reported, not observed",api.bitopro.com/v3/trading-history
2025-11-17T00:00:00Z,BitoPro,TWD,usdt_twd,1d,31.278,"reported, not observed",api.bitopro.com/v3/trading-history
2025-11-18T00:00:00Z,BitoPro,TWD,usdt_twd,1d,31.2,"reported, not observed",api.bitopro.com/v3/trading-history
2025-11-19T00:00:00Z,BitoPro,TWD,usdt_twd,1d,31.362,"reported, not observed",api.bitopro.com/v3/trading-history
2025-11-20T00:00:00Z,BitoPro,TWD,usdt_twd,1d,31.388,"reported, not observed",api.bitopro.com/v3/trading-history
2025-11-21T00:00:00Z,BitoPro,TWD,usdt_twd,1d,31.59,"reported, not observed",api.bitopro.com/v3/trading-history
2025-11-22T00:00:00Z,BitoPro,TWD,usdt_twd,1d,31.604,"reported, not observed",api.bitopro.com/v3/trading-history
2025-11-23T00:00:00Z,BitoPro,TWD,usdt_twd,1d,31.526,"reported, not observed",api.bitopro.com/v3/trading-history
2025-11-24T00:00:00Z,BitoPro,TWD,usdt_twd,1d,31.49,"reported, not observed",api.bitopro.com/v3/trading-history
2025-11-25T00:00:00Z,BitoPro,TWD,usdt_twd,1d,31.44,"reported, not observed",api.bitopro.com/v3/trading-history
2025-11-26T00:00:00Z,BitoPro,TWD,usdt_twd,1d,31.336,"reported, not observed",api.bitopro.com/v3/trading-history
2025-11-27T00:00:00Z,BitoPro,TWD,usdt_twd,1d,31.4,"reported, not observed",api.bitopro.com/v3/trading-history
2025-11-28T00:00:00Z,BitoPro,TWD,usdt_twd,1d,31.509,"reported, not observed",api.bitopro.com/v3/trading-history
2025-11-29T00:00:00Z,BitoPro,TWD,usdt_twd,1d,31.492,"reported, not observed",api.bitopro.com/v3/trading-history
2025-11-30T00:00:00Z,BitoPro,TWD,usdt_twd,1d,31.518,"reported, not observed",api.bitopro.com/v3/trading-history
2025-12-01T00:00:00Z,BitoPro,TWD,usdt_twd,1d,31.517,"reported, not observed",api.bitopro.com/v3/trading-history
2025-12-02T00:00:00Z,BitoPro,TWD,usdt_twd,1d,31.463,"reported, not observed",api.bitopro.com/v3/trading-history
2025-12-03T00:00:00Z,BitoPro,TWD,usdt_twd,1d,31.324,"reported, not observed",api.bitopro.com/v3/trading-history
2025-12-04T00:00:00Z,BitoPro,TWD,usdt_twd,1d,31.402,"reported, not observed",api.bitopro.com/v3/trading-history
2025-12-05T00:00:00Z,BitoPro,TWD,usdt_twd,1d,31.4,"reported, not observed",api.bitopro.com/v3/trading-history
2025-12-06T00:00:00Z,BitoPro,TWD,usdt_twd,1d,31.402,"reported, not observed",api.bitopro.com/v3/trading-history
2025-12-07T00:00:00Z,BitoPro,TWD,usdt_twd,1d,31.356,"reported, not observed",api.bitopro.com/v3/trading-history
2025-12-08T00:00:00Z,BitoPro,TWD,usdt_twd,1d,31.222,"reported, not observed",api.bitopro.com/v3/trading-history
2025-12-09T00:00:00Z,BitoPro,TWD,usdt_twd,1d,31.215,"reported, not observed",api.bitopro.com/v3/trading-history
2025-12-10T00:00:00Z,BitoPro,TWD,usdt_twd,1d,31.162,"reported, not observed",api.bitopro.com/v3/trading-history
2025-12-11T00:00:00Z,BitoPro,TWD,usdt_twd,1d,31.218,"reported, not observed",api.bitopro.com/v3/trading-history
2025-12-12T00:00:00Z,BitoPro,TWD,usdt_twd,1d,31.315,"reported, not observed",api.bitopro.com/v3/trading-history
2025-12-13T00:00:00Z,BitoPro,TWD,usdt_twd,1d,31.343,"reported, not observed",api.bitopro.com/v3/trading-history
2025-12-14T00:00:00Z,BitoPro,TWD,usdt_twd,1d,31.374,"reported, not observed",api.bitopro.com/v3/trading-history
2025-12-15T00:00:00Z,BitoPro,TWD,usdt_twd,1d,31.467,"reported, not observed",api.bitopro.com/v3/trading-history
2025-12-16T00:00:00Z,BitoPro,TWD,usdt_twd,1d,31.498,"reported, not observed",api.bitopro.com/v3/trading-history
2025-12-17T00:00:00Z,BitoPro,TWD,usdt_twd,1d,31.624,"reported, not observed",api.bitopro.com/v3/trading-history
2025-12-18T00:00:00Z,BitoPro,TWD,usdt_twd,1d,31.629,"reported, not observed",api.bitopro.com/v3/trading-history
2025-12-19T00:00:00Z,BitoPro,TWD,usdt_twd,1d,31.598,"reported, not observed",api.bitopro.com/v3/trading-history
2025-12-20T00:00:00Z,BitoPro,TWD,usdt_twd,1d,31.595,"reported, not observed",api.bitopro.com/v3/trading-history
2025-12-21T00:00:00Z,BitoPro,TWD,usdt_twd,1d,31.569,"reported, not observed",api.bitopro.com/v3/trading-history
2025-12-22T00:00:00Z,BitoPro,TWD,usdt_twd,1d,31.556,"reported, not observed",api.bitopro.com/v3/trading-history
2025-12-23T00:00:00Z,BitoPro,TWD,usdt_twd,1d,31.525,"reported, not observed",api.bitopro.com/v3/trading-history
2025-12-24T00:00:00Z,BitoPro,TWD,usdt_twd,1d,31.527,"reported, not observed",api.bitopro.com/v3/trading-history
2025-12-25T00:00:00Z,BitoPro,TWD,usdt_twd,1d,31.542,"reported, not observed",api.bitopro.com/v3/trading-history
2025-12-26T00:00:00Z,BitoPro,TWD,usdt_twd,1d,31.474,"reported, not observed",api.bitopro.com/v3/trading-history
2025-12-27T00:00:00Z,BitoPro,TWD,usdt_twd,1d,31.492,"reported, not observed",api.bitopro.com/v3/trading-history
2025-12-28T00:00:00Z,BitoPro,TWD,usdt_twd,1d,31.47,"reported, not observed",api.bitopro.com/v3/trading-history
2025-12-29T00:00:00Z,BitoPro,TWD,usdt_twd,1d,31.424,"reported, not observed",api.bitopro.com/v3/trading-history
2025-12-30T00:00:00Z,BitoPro,TWD,usdt_twd,1d,31.336,"reported, not observed",api.bitopro.com/v3/trading-history
2025-12-31T00:00:00Z,BitoPro,TWD,usdt_twd,1d,31.485,"reported, not observed",api.bitopro.com/v3/trading-history
2026-01-01T00:00:00Z,BitoPro,TWD,usdt_twd,1d,31.46,"reported, not observed",api.bitopro.com/v3/trading-history
2026-01-02T00:00:00Z,BitoPro,TWD,usdt_twd,1d,31.453,"reported, not observed",api.bitopro.com/v3/trading-history
2026-01-03T00:00:00Z,BitoPro,TWD,usdt_twd,1d,31.454,"reported, not observed",api.bitopro.com/v3/trading-history
2026-01-04T00:00:00Z,BitoPro,TWD,usdt_twd,1d,31.446,"reported, not observed",api.bitopro.com/v3/trading-history
2026-01-05T00:00:00Z,BitoPro,TWD,usdt_twd,1d,31.52,"reported, not observed",api.bitopro.com/v3/trading-history
2026-01-06T00:00:00Z,BitoPro,TWD,usdt_twd,1d,31.561,"reported, not observed",api.bitopro.com/v3/trading-history
2026-01-07T00:00:00Z,BitoPro,TWD,usdt_twd,1d,31.543,"reported, not observed",api.bitopro.com/v3/trading-history
2026-01-08T00:00:00Z,BitoPro,TWD,usdt_twd,1d,31.593,"reported, not observed",api.bitopro.com/v3/trading-history
2026-01-09T00:00:00Z,BitoPro,TWD,usdt_twd,1d,31.689,"reported, not observed",api.bitopro.com/v3/trading-history
2026-01-10T00:00:00Z,BitoPro,TWD,usdt_twd,1d,31.678,"reported, not observed",api.bitopro.com/v3/trading-history
2026-01-11T00:00:00Z,BitoPro,TWD,usdt_twd,1d,31.66,"reported, not observed",api.bitopro.com/v3/trading-history
2026-01-12T00:00:00Z,BitoPro,TWD,usdt_twd,1d,31.631,"reported, not observed",api.bitopro.com/v3/trading-history
2026-01-13T00:00:00Z,BitoPro,TWD,usdt_twd,1d,31.511,"reported, not observed",api.bitopro.com/v3/trading-history
2026-01-14T00:00:00Z,BitoPro,TWD,usdt_twd,1d,31.616,"reported, not observed",api.bitopro.com/v3/trading-history
2026-01-15T00:00:00Z,BitoPro,TWD,usdt_twd,1d,31.62,"reported, not observed",api.bitopro.com/v3/trading-history
2026-01-16T00:00:00Z,BitoPro,TWD,usdt_twd,1d,31.644,"reported, not observed",api.bitopro.com/v3/trading-history
2026-01-17T00:00:00Z,BitoPro,TWD,usdt_twd,1d,31.633,"reported, not observed",api.bitopro.com/v3/trading-history
2026-01-18T00:00:00Z,BitoPro,TWD,usdt_twd,1d,31.685,"reported, not observed",api.bitopro.com/v3/trading-history
2026-01-19T00:00:00Z,BitoPro,TWD,usdt_twd,1d,31.656,"reported, not observed",api.bitopro.com/v3/trading-history
2026-01-20T00:00:00Z,BitoPro,TWD,usdt_twd,1d,31.71,"reported, not observed",api.bitopro.com/v3/trading-history
2026-01-21T00:00:00Z,BitoPro,TWD,usdt_twd,1d,31.67,"reported, not observed",api.bitopro.com/v3/trading-history
2026-01-22T00:00:00Z,BitoPro,TWD,usdt_twd,1d,31.599,"reported, not observed",api.bitopro.com/v3/trading-history
2026-01-23T00:00:00Z,BitoPro,TWD,usdt_twd,1d,31.535,"reported, not observed",api.bitopro.com/v3/trading-history
2026-01-24T00:00:00Z,BitoPro,TWD,usdt_twd,1d,31.549,"reported, not observed",api.bitopro.com/v3/trading-history
2026-01-25T00:00:00Z,BitoPro,TWD,usdt_twd,1d,31.593,"reported, not observed",api.bitopro.com/v3/trading-history
2026-01-26T00:00:00Z,BitoPro,TWD,usdt_twd,1d,31.49,"reported, not observed",api.bitopro.com/v3/trading-history
2026-01-27T00:00:00Z,BitoPro,TWD,usdt_twd,1d,31.28,"reported, not observed",api.bitopro.com/v3/trading-history
2026-01-28T00:00:00Z,BitoPro,TWD,usdt_twd,1d,31.368,"reported, not observed",api.bitopro.com/v3/trading-history
2026-01-29T00:00:00Z,BitoPro,TWD,usdt_twd,1d,31.489,"reported, not observed",api.bitopro.com/v3/trading-history
2026-01-30T00:00:00Z,BitoPro,TWD,usdt_twd,1d,31.645,"reported, not observed",api.bitopro.com/v3/trading-history
2026-01-31T00:00:00Z,BitoPro,TWD,usdt_twd,1d,32.18,"reported, not observed",api.bitopro.com/v3/trading-history
2026-02-01T00:00:00Z,BitoPro,TWD,usdt_twd,1d,31.81,"reported, not observed",api.bitopro.com/v3/trading-history
2026-02-02T00:00:00Z,BitoPro,TWD,usdt_twd,1d,31.822,"reported, not observed",api.bitopro.com/v3/trading-history
2026-02-03T00:00:00Z,BitoPro,TWD,usdt_twd,1d,31.684,"reported, not observed",api.bitopro.com/v3/trading-history
2026-02-04T00:00:00Z,BitoPro,TWD,usdt_twd,1d,31.725,"reported, not observed",api.bitopro.com/v3/trading-history
2026-02-05T00:00:00Z,BitoPro,TWD,usdt_twd,1d,31.95,"reported, not observed",api.bitopro.com/v3/trading-history
2026-02-06T00:00:00Z,BitoPro,TWD,usdt_twd,1d,31.91,"reported, not observed",api.bitopro.com/v3/trading-history
2026-02-07T00:00:00Z,BitoPro,TWD,usdt_twd,1d,31.869,"reported, not observed",api.bitopro.com/v3/trading-history
2026-02-08T00:00:00Z,BitoPro,TWD,usdt_twd,1d,31.809,"reported, not observed",api.bitopro.com/v3/trading-history
2026-02-09T00:00:00Z,BitoPro,TWD,usdt_twd,1d,31.65,"reported, not observed",api.bitopro.com/v3/trading-history
2026-02-10T00:00:00Z,BitoPro,TWD,usdt_twd,1d,31.59,"reported, not observed",api.bitopro.com/v3/trading-history
2026-02-11T00:00:00Z,BitoPro,TWD,usdt_twd,1d,31.47,"reported, not observed",api.bitopro.com/v3/trading-history
2026-02-12T00:00:00Z,BitoPro,TWD,usdt_twd,1d,31.501,"reported, not observed",api.bitopro.com/v3/trading-history
2026-02-13T00:00:00Z,BitoPro,TWD,usdt_twd,1d,31.738,"reported, not observed",api.bitopro.com/v3/trading-history
2026-02-14T00:00:00Z,BitoPro,TWD,usdt_twd,1d,31.749,"reported, not observed",api.bitopro.com/v3/trading-history
2026-02-15T00:00:00Z,BitoPro,TWD,usdt_twd,1d,31.84,"reported, not observed",api.bitopro.com/v3/trading-history
2026-02-16T00:00:00Z,BitoPro,TWD,usdt_twd,1d,31.713,"reported, not observed",api.bitopro.com/v3/trading-history
2026-02-17T00:00:00Z,BitoPro,TWD,usdt_twd,1d,31.75,"reported, not observed",api.bitopro.com/v3/trading-history
2026-02-18T00:00:00Z,BitoPro,TWD,usdt_twd,1d,31.806,"reported, not observed",api.bitopro.com/v3/trading-history
2026-02-19T00:00:00Z,BitoPro,TWD,usdt_twd,1d,31.798,"reported, not observed",api.bitopro.com/v3/trading-history
2026-02-20T00:00:00Z,BitoPro,TWD,usdt_twd,1d,31.768,"reported, not observed",api.bitopro.com/v3/trading-history
2026-02-21T00:00:00Z,BitoPro,TWD,usdt_twd,1d,31.666,"reported, not observed",api.bitopro.com/v3/trading-history
2026-02-22T00:00:00Z,BitoPro,TWD,usdt_twd,1d,31.625,"reported, not observed",api.bitopro.com/v3/trading-history
2026-02-23T00:00:00Z,BitoPro,TWD,usdt_twd,1d,31.54,"reported, not observed",api.bitopro.com/v3/trading-history
2026-02-24T00:00:00Z,BitoPro,TWD,usdt_twd,1d,31.48,"reported, not observed",api.bitopro.com/v3/trading-history
2026-02-25T00:00:00Z,BitoPro,TWD,usdt_twd,1d,31.329,"reported, not observed",api.bitopro.com/v3/trading-history
2026-02-26T00:00:00Z,BitoPro,TWD,usdt_twd,1d,31.352,"reported, not observed",api.bitopro.com/v3/trading-history
2026-02-27T00:00:00Z,BitoPro,TWD,usdt_twd,1d,31.501,"reported, not observed",api.bitopro.com/v3/trading-history
2026-02-28T00:00:00Z,BitoPro,TWD,usdt_twd,1d,31.583,"reported, not observed",api.bitopro.com/v3/trading-history
2026-03-01T00:00:00Z,BitoPro,TWD,usdt_twd,1d,31.599,"reported, not observed",api.bitopro.com/v3/trading-history
2026-03-02T00:00:00Z,BitoPro,TWD,usdt_twd,1d,31.522,"reported, not observed",api.bitopro.com/v3/trading-history
2026-03-03T00:00:00Z,BitoPro,TWD,usdt_twd,1d,31.683,"reported, not observed",api.bitopro.com/v3/trading-history
2026-03-04T00:00:00Z,BitoPro,TWD,usdt_twd,1d,31.716,"reported, not observed",api.bitopro.com/v3/trading-history
2026-03-05T00:00:00Z,BitoPro,TWD,usdt_twd,1d,31.9,"reported, not observed",api.bitopro.com/v3/trading-history
2026-03-06T00:00:00Z,BitoPro,TWD,usdt_twd,1d,31.856,"reported, not observed",api.bitopro.com/v3/trading-history
2026-03-07T00:00:00Z,BitoPro,TWD,usdt_twd,1d,31.908,"reported, not observed",api.bitopro.com/v3/trading-history
2026-03-08T00:00:00Z,BitoPro,TWD,usdt_twd,1d,31.913,"reported, not observed",api.bitopro.com/v3/trading-history
2026-03-09T00:00:00Z,BitoPro,TWD,usdt_twd,1d,31.862,"reported, not observed",api.bitopro.com/v3/trading-history
2026-03-10T00:00:00Z,BitoPro,TWD,usdt_twd,1d,31.854,"reported, not observed",api.bitopro.com/v3/trading-history
2026-03-11T00:00:00Z,BitoPro,TWD,usdt_twd,1d,31.78,"reported, not observed",api.bitopro.com/v3/trading-history
2026-03-12T00:00:00Z,BitoPro,TWD,usdt_twd,1d,31.957,"reported, not observed",api.bitopro.com/v3/trading-history
2026-03-13T00:00:00Z,BitoPro,TWD,usdt_twd,1d,32.03,"reported, not observed",api.bitopro.com/v3/trading-history
2026-03-14T00:00:00Z,BitoPro,TWD,usdt_twd,1d,32.084,"reported, not observed",api.bitopro.com/v3/trading-history
2026-03-15T00:00:00Z,BitoPro,TWD,usdt_twd,1d,32.002,"reported, not observed",api.bitopro.com/v3/trading-history
2026-03-16T00:00:00Z,BitoPro,TWD,usdt_twd,1d,32.013,"reported, not observed",api.bitopro.com/v3/trading-history
2026-03-17T00:00:00Z,BitoPro,TWD,usdt_twd,1d,31.939,"reported, not observed",api.bitopro.com/v3/trading-history
2026-03-18T00:00:00Z,BitoPro,TWD,usdt_twd,1d,32.046,"reported, not observed",api.bitopro.com/v3/trading-history
2026-03-19T00:00:00Z,BitoPro,TWD,usdt_twd,1d,31.955,"reported, not observed",api.bitopro.com/v3/trading-history
2026-03-20T00:00:00Z,BitoPro,TWD,usdt_twd,1d,32.082,"reported, not observed",api.bitopro.com/v3/trading-history
2026-03-21T00:00:00Z,BitoPro,TWD,usdt_twd,1d,32.084,"reported, not observed",api.bitopro.com/v3/trading-history
2026-03-22T00:00:00Z,BitoPro,TWD,usdt_twd,1d,32.128,"reported, not observed",api.bitopro.com/v3/trading-history
2026-03-23T00:00:00Z,BitoPro,TWD,usdt_twd,1d,31.967,"reported, not observed",api.bitopro.com/v3/trading-history
2026-03-24T00:00:00Z,BitoPro,TWD,usdt_twd,1d,32.044,"reported, not observed",api.bitopro.com/v3/trading-history
2026-03-25T00:00:00Z,BitoPro,TWD,usdt_twd,1d,31.979,"reported, not observed",api.bitopro.com/v3/trading-history
2026-03-26T00:00:00Z,BitoPro,TWD,usdt_twd,1d,31.987,"reported, not observed",api.bitopro.com/v3/trading-history
2026-03-27T00:00:00Z,BitoPro,TWD,usdt_twd,1d,32.124,"reported, not observed",api.bitopro.com/v3/trading-history
2026-03-28T00:00:00Z,BitoPro,TWD,usdt_twd,1d,32.11,"reported, not observed",api.bitopro.com/v3/trading-history
2026-03-29T00:00:00Z,BitoPro,TWD,usdt_twd,1d,32.129,"reported, not observed",api.bitopro.com/v3/trading-history
2026-03-30T00:00:00Z,BitoPro,TWD,usdt_twd,1d,32.064,"reported, not observed",api.bitopro.com/v3/trading-history
2026-03-31T00:00:00Z,BitoPro,TWD,usdt_twd,1d,32.022,"reported, not observed",api.bitopro.com/v3/trading-history
2026-04-01T00:00:00Z,BitoPro,TWD,usdt_twd,1d,32.074,"reported, not observed",api.bitopro.com/v3/trading-history
2026-04-02T00:00:00Z,BitoPro,TWD,usdt_twd,1d,32.171,"reported, not observed",api.bitopro.com/v3/trading-history
2026-04-03T00:00:00Z,BitoPro,TWD,usdt_twd,1d,32.187,"reported, not observed",api.bitopro.com/v3/trading-history
2026-04-04T00:00:00Z,BitoPro,TWD,usdt_twd,1d,32.194,"reported, not observed",api.bitopro.com/v3/trading-history
2026-04-05T00:00:00Z,BitoPro,TWD,usdt_twd,1d,32.165,"reported, not observed",api.bitopro.com/v3/trading-history
2026-04-06T00:00:00Z,BitoPro,TWD,usdt_twd,1d,32.096,"reported, not observed",api.bitopro.com/v3/trading-history
2026-04-07T00:00:00Z,BitoPro,TWD,usdt_twd,1d,31.929,"reported, not observed",api.bitopro.com/v3/trading-history
2026-04-08T00:00:00Z,BitoPro,TWD,usdt_twd,1d,31.817,"reported, not observed",api.bitopro.com/v3/trading-history
2026-04-09T00:00:00Z,BitoPro,TWD,usdt_twd,1d,31.798,"reported, not observed",api.bitopro.com/v3/trading-history
2026-04-10T00:00:00Z,BitoPro,TWD,usdt_twd,1d,31.85,"reported, not observed",api.bitopro.com/v3/trading-history
2026-04-11T00:00:00Z,BitoPro,TWD,usdt_twd,1d,31.815,"reported, not observed",api.bitopro.com/v3/trading-history
2026-04-12T00:00:00Z,BitoPro,TWD,usdt_twd,1d,31.824,"reported, not observed",api.bitopro.com/v3/trading-history
2026-04-13T00:00:00Z,BitoPro,TWD,usdt_twd,1d,31.637,"reported, not observed",api.bitopro.com/v3/trading-history
2026-04-14T00:00:00Z,BitoPro,TWD,usdt_twd,1d,31.645,"reported, not observed",api.bitopro.com/v3/trading-history
2026-04-15T00:00:00Z,BitoPro,TWD,usdt_twd,1d,31.689,"reported, not observed",api.bitopro.com/v3/trading-history
2026-04-16T00:00:00Z,BitoPro,TWD,usdt_twd,1d,31.637,"reported, not observed",api.bitopro.com/v3/trading-history
2026-04-17T00:00:00Z,BitoPro,TWD,usdt_twd,1d,31.59,"reported, not observed",api.bitopro.com/v3/trading-history
2026-04-18T00:00:00Z,BitoPro,TWD,usdt_twd,1d,31.653,"reported, not observed",api.bitopro.com/v3/trading-history
2026-04-19T00:00:00Z,BitoPro,TWD,usdt_twd,1d,31.793,"reported, not observed",api.bitopro.com/v3/trading-history
2026-04-20T00:00:00Z,BitoPro,TWD,usdt_twd,1d,31.545,"reported, not observed",api.bitopro.com/v3/trading-history
2026-04-21T00:00:00Z,BitoPro,TWD,usdt_twd,1d,31.57,"reported, not observed",api.bitopro.com/v3/trading-history
2026-04-22T00:00:00Z,BitoPro,TWD,usdt_twd,1d,31.578,"reported, not observed",api.bitopro.com/v3/trading-history
2026-04-23T00:00:00Z,BitoPro,TWD,usdt_twd,1d,31.657,"reported, not observed",api.bitopro.com/v3/trading-history
2026-04-24T00:00:00Z,BitoPro,TWD,usdt_twd,1d,31.6,"reported, not observed",api.bitopro.com/v3/trading-history
2026-04-25T00:00:00Z,BitoPro,TWD,usdt_twd,1d,31.598,"reported, not observed",api.bitopro.com/v3/trading-history
2026-04-26T00:00:00Z,BitoPro,TWD,usdt_twd,1d,31.571,"reported, not observed",api.bitopro.com/v3/trading-history
2026-04-27T00:00:00Z,BitoPro,TWD,usdt_twd,1d,31.546,"reported, not observed",api.bitopro.com/v3/trading-history
2026-04-28T00:00:00Z,BitoPro,TWD,usdt_twd,1d,31.546,"reported, not observed",api.bitopro.com/v3/trading-history
2026-04-29T00:00:00Z,BitoPro,TWD,usdt_twd,1d,31.69,"reported, not observed",api.bitopro.com/v3/trading-history
2026-04-30T00:00:00Z,BitoPro,TWD,usdt_twd,1d,31.749,"reported, not observed",api.bitopro.com/v3/trading-history
2026-05-01T00:00:00Z,BitoPro,TWD,usdt_twd,1d,31.772,"reported, not observed",api.bitopro.com/v3/trading-history
2026-05-02T00:00:00Z,BitoPro,TWD,usdt_twd,1d,31.755,"reported, not observed",api.bitopro.com/v3/trading-history
2026-05-03T00:00:00Z,BitoPro,TWD,usdt_twd,1d,31.713,"reported, not observed",api.bitopro.com/v3/trading-history
2026-05-04T00:00:00Z,BitoPro,TWD,usdt_twd,1d,31.71,"reported, not observed",api.bitopro.com/v3/trading-history
2026-05-05T00:00:00Z,BitoPro,TWD,usdt_twd,1d,31.639,"reported, not observed",api.bitopro.com/v3/trading-history
2026-05-06T00:00:00Z,BitoPro,TWD,usdt_twd,1d,31.49,"reported, not observed",api.bitopro.com/v3/trading-history
2026-05-07T00:00:00Z,BitoPro,TWD,usdt_twd,1d,31.47,"reported, not observed",api.bitopro.com/v3/trading-history
2026-05-08T00:00:00Z,BitoPro,TWD,usdt_twd,1d,31.501,"reported, not observed",api.bitopro.com/v3/trading-history
2026-05-09T00:00:00Z,BitoPro,TWD,usdt_twd,1d,31.476,"reported, not observed",api.bitopro.com/v3/trading-history
2026-05-10T00:00:00Z,BitoPro,TWD,usdt_twd,1d,31.417,"reported, not observed",api.bitopro.com/v3/trading-history
2026-05-11T00:00:00Z,BitoPro,TWD,usdt_twd,1d,31.436,"reported, not observed",api.bitopro.com/v3/trading-history
2026-05-12T00:00:00Z,BitoPro,TWD,usdt_twd,1d,31.603,"reported, not observed",api.bitopro.com/v3/trading-history
2026-05-13T00:00:00Z,BitoPro,TWD,usdt_twd,1d,31.561,"reported, not observed",api.bitopro.com/v3/trading-history
2026-05-14T00:00:00Z,BitoPro,TWD,usdt_twd,1d,31.561,"reported, not observed",api.bitopro.com/v3/trading-history
2026-05-15T00:00:00Z,BitoPro,TWD,usdt_twd,1d,31.629,"reported, not observed",api.bitopro.com/v3/trading-history
2026-05-16T00:00:00Z,BitoPro,TWD,usdt_twd,1d,31.679,"reported, not observed",api.bitopro.com/v3/trading-history
2026-05-17T00:00:00Z,BitoPro,TWD,usdt_twd,1d,31.683,"reported, not observed",api.bitopro.com/v3/trading-history
2026-05-18T00:00:00Z,BitoPro,TWD,usdt_twd,1d,31.621,"reported, not observed",api.bitopro.com/v3/trading-history
2026-05-19T00:00:00Z,BitoPro,TWD,usdt_twd,1d,31.728,"reported, not observed",api.bitopro.com/v3/trading-history
2026-05-20T00:00:00Z,BitoPro,TWD,usdt_twd,1d,31.639,"reported, not observed",api.bitopro.com/v3/trading-history
2026-05-21T00:00:00Z,BitoPro,TWD,usdt_twd,1d,31.615,"reported, not observed",api.bitopro.com/v3/trading-history
2026-05-22T00:00:00Z,BitoPro,TWD,usdt_twd,1d,31.625,"reported, not observed",api.bitopro.com/v3/trading-history
2026-05-23T00:00:00Z,BitoPro,TWD,usdt_twd,1d,31.6,"reported, not observed",api.bitopro.com/v3/trading-history
2026-05-24T00:00:00Z,BitoPro,TWD,usdt_twd,1d,31.588,"reported, not observed",api.bitopro.com/v3/trading-history
2026-05-25T00:00:00Z,BitoPro,TWD,usdt_twd,1d,31.528,"reported, not observed",api.bitopro.com/v3/trading-history
2026-05-26T00:00:00Z,BitoPro,TWD,usdt_twd,1d,31.442,"reported, not observed",api.bitopro.com/v3/trading-history
2026-05-27T00:00:00Z,BitoPro,TWD,usdt_twd,1d,31.457,"reported, not observed",api.bitopro.com/v3/trading-history
2026-05-28T00:00:00Z,BitoPro,TWD,usdt_twd,1d,31.408,"reported, not observed",api.bitopro.com/v3/trading-history
2026-05-29T00:00:00Z,BitoPro,TWD,usdt_twd,1d,31.431,"reported, not observed",api.bitopro.com/v3/trading-history
2026-05-30T00:00:00Z,BitoPro,TWD,usdt_twd,1d,31.446,"reported, not observed",api.bitopro.com/v3/trading-history
2026-05-31T00:00:00Z,BitoPro,TWD,usdt_twd,1d,31.465,"reported, not observed",api.bitopro.com/v3/trading-history
2026-06-01T00:00:00Z,BitoPro,TWD,usdt_twd,1d,31.395,"reported, not observed",api.bitopro.com/v3/trading-history
2026-06-02T00:00:00Z,BitoPro,TWD,usdt_twd,1d,31.614,"reported, not observed",api.bitopro.com/v3/trading-history
2026-06-03T00:00:00Z,BitoPro,TWD,usdt_twd,1d,31.577,"reported, not observed",api.bitopro.com/v3/trading-history
2026-06-04T00:00:00Z,BitoPro,TWD,usdt_twd,1d,31.564,"reported, not observed",api.bitopro.com/v3/trading-history
2026-06-05T00:00:00Z,BitoPro,TWD,usdt_twd,1d,31.772,"reported, not observed",api.bitopro.com/v3/trading-history
2026-06-06T00:00:00Z,BitoPro,TWD,usdt_twd,1d,31.82,"reported, not observed",api.bitopro.com/v3/trading-history
2026-06-07T00:00:00Z,BitoPro,TWD,usdt_twd,1d,31.713,"reported, not observed",api.bitopro.com/v3/trading-history
2026-06-08T00:00:00Z,BitoPro,TWD,usdt_twd,1d,31.608,"reported, not observed",api.bitopro.com/v3/trading-history
2026-06-09T00:00:00Z,BitoPro,TWD,usdt_twd,1d,31.7,"reported, not observed",api.bitopro.com/v3/trading-history
2026-06-10T00:00:00Z,BitoPro,TWD,usdt_twd,1d,31.713,"reported, not observed",api.bitopro.com/v3/trading-history
2026-06-11T00:00:00Z,BitoPro,TWD,usdt_twd,1d,31.623,"reported, not observed",api.bitopro.com/v3/trading-history
2026-06-12T00:00:00Z,BitoPro,TWD,usdt_twd,1d,31.726,"reported, not observed",api.bitopro.com/v3/trading-history
2026-06-13T00:00:00Z,BitoPro,TWD,usdt_twd,1d,31.717,"reported, not observed",api.bitopro.com/v3/trading-history
2026-06-14T00:00:00Z,BitoPro,TWD,usdt_twd,1d,31.691,"reported, not observed",api.bitopro.com/v3/trading-history
2026-06-15T00:00:00Z,BitoPro,TWD,usdt_twd,1d,31.584,"reported, not observed",api.bitopro.com/v3/trading-history
2026-06-16T00:00:00Z,BitoPro,TWD,usdt_twd,1d,31.592,"reported, not observed",api.bitopro.com/v3/trading-history
2026-06-17T00:00:00Z,BitoPro,TWD,usdt_twd,1d,31.72,"reported, not observed",api.bitopro.com/v3/trading-history
2026-06-18T00:00:00Z,BitoPro,TWD,usdt_twd,1d,31.721,"reported, not observed",api.bitopro.com/v3/trading-history
2026-06-19T00:00:00Z,BitoPro,TWD,usdt_twd,1d,31.758,"reported, not observed",api.bitopro.com/v3/trading-history
2026-06-20T00:00:00Z,BitoPro,TWD,usdt_twd,1d,31.738,"reported, not observed",api.bitopro.com/v3/trading-history
2026-06-21T00:00:00Z,BitoPro,TWD,usdt_twd,1d,31.68,"reported, not observed",api.bitopro.com/v3/trading-history
2026-06-22T00:00:00Z,BitoPro,TWD,usdt_twd,1d,31.621,"reported, not observed",api.bitopro.com/v3/trading-history
2026-06-23T00:00:00Z,BitoPro,TWD,usdt_twd,1d,31.655,"reported, not observed",api.bitopro.com/v3/trading-history
2026-06-24T00:00:00Z,BitoPro,TWD,usdt_twd,1d,31.849,"reported, not observed",api.bitopro.com/v3/trading-history
2026-06-25T00:00:00Z,BitoPro,TWD,usdt_twd,1d,31.877,"reported, not observed",api.bitopro.com/v3/trading-history
2026-06-26T00:00:00Z,BitoPro,TWD,usdt_twd,1d,31.959,"reported, not observed",api.bitopro.com/v3/trading-history
2026-06-27T00:00:00Z,BitoPro,TWD,usdt_twd,1d,31.911,"reported, not observed",api.bitopro.com/v3/trading-history
2026-06-28T00:00:00Z,BitoPro,TWD,usdt_twd,1d,31.869,"reported, not observed",api.bitopro.com/v3/trading-history
2026-06-29T00:00:00Z,BitoPro,TWD,usdt_twd,1d,31.878,"reported, not observed",api.bitopro.com/v3/trading-history
2026-06-30T00:00:00Z,BitoPro,TWD,usdt_twd,1d,31.91,"reported, not observed",api.bitopro.com/v3/trading-history
2026-07-01T00:00:00Z,BitoPro,TWD,usdt_twd,1d,31.898,"reported, not observed",api.bitopro.com/v3/trading-history
2026-07-02T00:00:00Z,BitoPro,TWD,usdt_twd,1d,31.945,"reported, not observed",api.bitopro.com/v3/trading-history
2026-07-03T00:00:00Z,BitoPro,TWD,usdt_twd,1d,32.049,"reported, not observed",api.bitopro.com/v3/trading-history
2026-07-04T00:00:00Z,BitoPro,TWD,usdt_twd,1d,32.046,"reported, not observed",api.bitopro.com/v3/trading-history
2026-07-05T00:00:00Z,BitoPro,TWD,usdt_twd,1d,32.034,"reported, not observed",api.bitopro.com/v3/trading-history
2026-07-06T00:00:00Z,BitoPro,TWD,usdt_twd,1d,32.065,"reported, not observed",api.bitopro.com/v3/trading-history
2026-07-07T00:00:00Z,BitoPro,TWD,usdt_twd,1d,32.184,"reported, not observed",api.bitopro.com/v3/trading-history
2026-07-08T00:00:00Z,BitoPro,TWD,usdt_twd,1d,32.102,"reported, not observed",api.bitopro.com/v3/trading-history
2026-07-09T00:00:00Z,BitoPro,TWD,usdt_twd,1d,32.26,"reported, not observed",api.bitopro.com/v3/trading-history
2026-07-10T00:00:00Z,BitoPro,TWD,usdt_twd,1d,32.3,"reported, not observed",api.bitopro.com/v3/trading-history
2026-07-11T00:00:00Z,BitoPro,TWD,usdt_twd,1d,32.297,"reported, not observed",api.bitopro.com/v3/trading-history
2026-07-12T00:00:00Z,BitoPro,TWD,usdt_twd,1d,32.24,"reported, not observed",api.bitopro.com/v3/trading-history
2026-07-13T00:00:00Z,BitoPro,TWD,usdt_twd,1d,32.201,"reported, not observed",api.bitopro.com/v3/trading-history
2026-07-14T00:00:00Z,BitoPro,TWD,usdt_twd,1d,32.19,"reported, not observed",api.bitopro.com/v3/trading-history
2026-07-15T00:00:00Z,BitoPro,TWD,usdt_twd,1d,32.216,"reported, not observed",api.bitopro.com/v3/trading-history
2026-07-16T00:00:00Z,BitoPro,TWD,usdt_twd,1d,32.302,"reported, not observed",api.bitopro.com/v3/trading-history
2026-07-17T00:00:00Z,BitoPro,TWD,usdt_twd,1d,32.394,"reported, not observed",api.bitopro.com/v3/trading-history
2026-07-18T00:00:00Z,BitoPro,TWD,usdt_twd,1d,32.387,"reported, not observed",api.bitopro.com/v3/trading-history
2026-07-19T00:00:00Z,BitoPro,TWD,usdt_twd,1d,32.345,"reported, not observed",api.bitopro.com/v3/trading-history
2026-07-20T00:00:00Z,BitoPro,TWD,usdt_twd,1d,32.3,"reported, not observed",api.bitopro.com/v3/trading-history
2026-07-21T00:00:00Z,BitoPro,TWD,usdt_twd,1d,32.389,"reported, not observed",api.bitopro.com/v3/trading-history
2026-07-22T00:00:00Z,BitoPro,TWD,usdt_twd,1d,32.416,"reported, not observed",api.bitopro.com/v3/trading-history
2026-07-23T00:00:00Z,BitoPro,TWD,usdt_twd,1d,32.356,"reported, not observed",api.bitopro.com/v3/trading-history
2026-07-24T00:00:00Z,BitoPro,TWD,usdt_twd,1d,32.441,"reported, not observed",api.bitopro.com/v3/trading-history
2026-07-25T00:00:00Z,BitoPro,TWD,usdt_twd,1d,32.433,"reported, not observed",api.bitopro.com/v3/trading-history
2026-07-26T00:00:00Z,BitoPro,TWD,usdt_twd,1d,32.364,"reported, not observed",api.bitopro.com/v3/trading-history
2026-07-27T00:00:00Z,BitoPro,TWD,usdt_twd,1d,32.356,"reported, not observed",api.bitopro.com/v3/trading-history
2026-07-28T00:00:00Z,BitoPro,TWD,usdt_twd,1d,32.348,"reported, not observed",api.bitopro.com/v3/trading-history
2026-07-29T00:00:00Z,BitoPro,TWD,usdt_twd,1d,32.398,"reported, not observed",api.bitopro.com/v3/trading-history
2026-07-30T00:00:00Z,BitoPro,TWD,usdt_twd,1d,32.372,"reported, not observed",api.bitopro.com/v3/trading-history
2026-07-31T00:00:00Z,BitoPro,TWD,usdt_twd,1d,32.384,"reported, not observed",api.bitopro.com/v3/trading-history
2026-08-01T00:00:00Z,BitoPro,TWD,usdt_twd,1d,32.437,"reported, not observed",api.bitopro.com/v3/trading-history
2026-08-02T00:00:00Z,BitoPro,TWD,usdt_twd,1d,32.459,"reported, not observed",api.bitopro.com/v3/trading-history
2026-08-03T00:00:00Z,BitoPro,TWD,usdt_twd,1d,32.516,"reported, not observed",api.bitopro.com/v3/trading-history
2026-08-04T00:00:00Z,BitoPro,TWD,usdt_twd,1d,32.48,"reported, not observed",api.bitopro.com/v3/trading-history
2026-08-05T00:00:00Z,BitoPro,TWD,usdt_twd,1d,32.361,"reported, not observed",api.bitopro.com/v3/trading-history
2026-08-06T00:00:00Z,BitoPro,TWD,usdt_twd,1d,32.258,"reported, not observed",api.bitopro.com/v3/trading-history
2026-08-07T00:00:00Z,BitoPro,TWD,usdt_twd,1d,32.354,"reported, not observed",api.bitopro.com/v3/trading-history
2026-08-08T00:00:00Z,BitoPro,TWD,usdt_twd,1d,32.337,"reported, not observed",api.bitopro.com/v3/trading-history
2026-08-09T00:00:00Z,BitoPro,TWD,usdt_twd,1d,32.308,"reported, not observed",api.bitopro.com/v3/trading-history
2026-08-10T00:00:00Z,BitoPro,TWD,usdt_twd,1d,32.249,"reported, not observed",api.bitopro.com/v3/trading-history
2026-08-11T00:00:00Z,BitoPro,TWD,usdt_twd,1d,32.242,"reported, not observed",api.bitopro.com/v3/trading-history
2026-08-12T00:00:00Z,BitoPro,TWD,usdt_twd,1d,32.254,"reported, not observed",api.bitopro.com/v3/trading-history
2026-08-13T00:00:00Z,BitoPro,TWD,usdt_twd,1d,32.17,"reported, not observed",api.bitopro.com/v3/trading-history
2026-08-14T00:00:00Z,BitoPro,TWD,usdt_twd,1d,32.068,"reported, not observed",api.bitopro.com/v3/trading-history
2026-08-15T00:00:00Z,BitoPro,TWD,usdt_twd,1d,32.065,"reported, not observed",api.bitopro.com/v3/trading-history
2026-08-16T00:00:00Z,BitoPro,TWD,usdt_twd,1d,32.09,"reported, not observed",api.bitopro.com/v3/trading-history
2026-08-17T00:00:00Z,BitoPro,TWD,usdt_twd,1d,31.864,"reported, not observed",api.bitopro.com/v3/trading-history
2026-08-18T00:00:00Z,BitoPro,TWD,usdt_twd,1d,31.951,"reported, not observed",api.bitopro.com/v3/trading-history
2026-08-19T00:00:00Z,BitoPro,TWD,usdt_twd,1d,31.8,"reported, not observed",api.bitopro.com/v3/trading-history
2026-08-20T00:00:00Z,BitoPro,TWD,usdt_twd,1d,31.969,"reported, not observed",api.bitopro.com/v3/trading-history
2026-08-21T00:00:00Z,BitoPro,TWD,usdt_twd,1d,31.98,"reported, not observed",api.bitopro.com/v3/trading-history
2026-08-22T00:00:00Z,BitoPro,TWD,usdt_twd,1d,31.967,"reported, not observed",api.bitopro.com/v3/trading-history
2026-08-23T00:00:00Z,BitoPro,TWD,usdt_twd,1d,31.963,"reported, not observed",api.bitopro.com/v3/trading-history
2026-08-24T00:00:00Z,BitoPro,TWD,usdt_twd,1d,31.92,"reported, not observed",api.bitopro.com/v3/trading-history
2026-08-25T00:00:00Z,BitoPro,TWD,usdt_twd,1d,31.947,"reported, not observed",api.bitopro.com/v3/trading-history
2026-08-26T00:00:00Z,BitoPro,TWD,usdt_twd,1d,31.887,"reported, not observed",api.bitopro.com/v3/trading-history
2026-08-27T00:00:00Z,BitoPro,TWD,usdt_twd,1d,31.727,"reported, not observed",api.bitopro.com/v3/trading-history
2026-08-28T00:00:00Z,BitoPro,TWD,usdt_twd,1d,31.786,"reported, not observed",api.bitopro.com/v3/trading-history
2026-08-29T00:00:00Z,BitoPro,TWD,usdt_twd,1d,31.78,"reported, not observed",api.bitopro.com/v3/trading-history
2026-08-30T00:00:00Z,BitoPro,TWD,usdt_twd,1d,31.792,"reported, not observed",api.bitopro.com/v3/trading-history
2026-08-31T00:00:00Z,BitoPro,TWD,usdt_twd,1d,31.779,"reported, not observed",api.bitopro.com/v3/trading-history
2026-09-01T00:00:00Z,BitoPro,TWD,usdt_twd,1d,31.823,"reported, not observed",api.bitopro.com/v3/trading-history
2026-09-02T00:00:00Z,BitoPro,TWD,usdt_twd,1d,31.801,"reported, not observed",api.bitopro.com/v3/trading-history
2026-09-03T00:00:00Z,BitoPro,TWD,usdt_twd,1d,31.749,"reported, not observed",api.bitopro.com/v3/trading-history
2026-09-04T00:00:00Z,BitoPro,TWD,usdt_twd,1d,31.748,"reported, not observed",api.bitopro.com/v3/trading-history
2026-09-05T00:00:00Z,BitoPro,TWD,usdt_twd,1d,31.767,"reported, not observed",api.bitopro.com/v3/trading-history
2026-09-06T00:00:00Z,BitoPro,TWD,usdt_twd,1d,31.783,"reported, not observed",api.bitopro.com/v3/trading-history
2026-09-07T00:00:00Z,BitoPro,TWD,usdt_twd,1d,31.671,"reported, not observed",api.bitopro.com/v3/trading-history
2026-09-08T00:00:00Z,BitoPro,TWD,usdt_twd,1d,31.574,"reported, not observed",api.bitopro.com/v3/trading-history
2026-09-09T00:00:00Z,BitoPro,TWD,usdt_twd,1d,31.574,"reported, not observed",api.bitopro.com/v3/trading-history
2026-09-10T00:00:00Z,BitoPro,TWD,usdt_twd,1d,31.712,"reported, not observed",api.bitopro.com/v3/trading-history
2026-09-11T00:00:00Z,BitoPro,TWD,usdt_twd,1d,31.721,"reported, not observed",api.bitopro.com/v3/trading-history
2026-09-12T00:00:00Z,BitoPro,TWD,usdt_twd,1d,31.713,"reported, not observed",api.bitopro.com/v3/trading-history
2026-09-13T00:00:00Z,BitoPro,TWD,usdt_twd,1d,31.703,"reported, not observed",api.bitopro.com/v3/trading-history
2026-09-14T00:00:00Z,BitoPro,TWD,usdt_twd,1d,31.766,"reported, not observed",api.bitopro.com/v3/trading-history
2026-09-15T00:00:00Z,BitoPro,TWD,usdt_twd,1d,32.022,"reported, not observed",api.bitopro.com/v3/trading-history
2026-09-16T00:00:00Z,BitoPro,TWD,usdt_twd,1d,31.984,"reported, not observed",api.bitopro.com/v3/trading-history
2026-09-17T00:00:00Z,BitoPro,TWD,usdt_twd,1d,31.896,"reported, not observed",api.bitopro.com/v3/trading-history
2026-09-18T00:00:00Z,BitoPro,TWD,usdt_twd,1d,31.729,"reported, not observed",api.bitopro.com/v3/trading-history
2026-09-19T00:00:00Z,BitoPro,TWD,usdt_twd,1d,31.796,"reported, not observed",api.bitopro.com/v3/trading-history
2026-09-20T00:00:00Z,BitoPro,TWD,usdt_twd,1d,31.819,"reported, not observed",api.bitopro.com/v3/trading-history
2026-09-21T00:00:00Z,BitoPro,TWD,usdt_twd,1d,31.776,"reported, not observed",api.bitopro.com/v3/trading-history
2026-09-22T00:00:00Z,BitoPro,TWD,usdt_twd,1d,31.721,"reported, not observed",api.bitopro.com/v3/trading-history
2026-09-23T00:00:00Z,BitoPro,TWD,usdt_twd,1d,31.841,"reported, not observed",api.bitopro.com/v3/trading-history
2026-09-24T00:00:00Z,BitoPro,TWD,usdt_twd,1d,31.976,"reported, not observed",api.bitopro.com/v3/trading-history
2026-09-25T00:00:00Z,BitoPro,TWD,usdt_twd,1d,31.945,"reported, not observed",api.bitopro.com/v3/trading-history
2026-09-26T00:00:00Z,BitoPro,TWD,usdt_twd,1d,31.932,"reported, not observed",api.bitopro.com/v3/trading-history
2026-09-27T00:00:00Z,BitoPro,TWD,usdt_twd,1d,31.93,"reported, not observed",api.bitopro.com/v3/trading-history
2026-09-28T00:00:00Z,BitoPro,TWD,usdt_twd,1d,31.893,"reported, not observed",api.bitopro.com/v3/trading-history
2026-09-29T00:00:00Z,BitoPro,TWD,usdt_twd,1d,31.909,"reported, not observed",api.bitopro.com/v3/trading-history
2026-09-30T00:00:00Z,BitoPro,TWD,usdt_twd,1d,31.91,"reported, not observed",api.bitopro.com/v3/trading-history
2026-10-01T00:00:00Z,BitoPro,TWD,usdt_twd,1d,31.944,"reported, not observed",api.bitopro.com/v3/trading-history
2026-10-02T00:00:00Z,BitoPro,TWD,usdt_twd,1d,31.984,"reported, not observed",api.bitopro.com/v3/trading-history
