ts_utc,venue,ccy,pair,interval,close,label,source
2021-04-07T00:00:00Z,Foxbit,BRL,usdtbrl,1d,5.82,"reported, not observed",api.foxbit.com.br/rest/v3/markets/usdtbrl/candlesticks
2021-04-08T00:00:00Z,Foxbit,BRL,usdtbrl,1d,5.82,"reported, not observed",api.foxbit.com.br/rest/v3/markets/usdtbrl/candlesticks
2021-04-09T00:00:00Z,Foxbit,BRL,usdtbrl,1d,5.78,"reported, not observed",api.foxbit.com.br/rest/v3/markets/usdtbrl/candlesticks
2021-04-10T00:00:00Z,Foxbit,BRL,usdtbrl,1d,5.77,"reported, not observed",api.foxbit.com.br/rest/v3/markets/usdtbrl/candlesticks
2021-04-11T00:00:00Z,Foxbit,BRL,usdtbrl,1d,5.69,"reported, not observed",api.foxbit.com.br/rest/v3/markets/usdtbrl/candlesticks
2021-04-12T00:00:00Z,Foxbit,BRL,usdtbrl,1d,5.82,"reported, not observed",api.foxbit.com.br/rest/v3/markets/usdtbrl/candlesticks
2021-04-13T00:00:00Z,Foxbit,BRL,usdtbrl,1d,5.753,"reported, not observed",api.foxbit.com.br/rest/v3/markets/usdtbrl/candlesticks
2021-04-14T00:00:00Z,Foxbit,BRL,usdtbrl,1d,5.78,"reported, not observed",api.foxbit.com.br/rest/v3/markets/usdtbrl/candlesticks
2021-04-15T00:00:00Z,Foxbit,BRL,usdtbrl,1d,5.839,"reported, not observed",api.foxbit.com.br/rest/v3/markets/usdtbrl/candlesticks
2021-04-16T00:00:00Z,Foxbit,BRL,usdtbrl,1d,5.75,"reported, not observed",api.foxbit.com.br/rest/v3/markets/usdtbrl/candlesticks
2021-04-17T00:00:00Z,Foxbit,BRL,usdtbrl,1d,5.749,"reported, not observed",api.foxbit.com.br/rest/v3/markets/usdtbrl/candlesticks
2021-04-18T00:00:00Z,Foxbit,BRL,usdtbrl,1d,5.661,"reported, not observed",api.foxbit.com.br/rest/v3/markets/usdtbrl/candlesticks
2021-04-19T00:00:00Z,Foxbit,BRL,usdtbrl,1d,5.7,"reported, not observed",api.foxbit.com.br/rest/v3/markets/usdtbrl/candlesticks
2021-04-20T00:00:00Z,Foxbit,BRL,usdtbrl,1d,5.585,"reported, not observed",api.foxbit.com.br/rest/v3/markets/usdtbrl/candlesticks
2021-04-21T00:00:00Z,Foxbit,BRL,usdtbrl,1d,5.565,"reported, not observed",api.foxbit.com.br/rest/v3/markets/usdtbrl/candlesticks
2021-04-22T00:00:00Z,Foxbit,BRL,usdtbrl,1d,5.416,"reported, not observed",api.foxbit.com.br/rest/v3/markets/usdtbrl/candlesticks
2021-04-23T00:00:00Z,Foxbit,BRL,usdtbrl,1d,5.497,"reported, not observed",api.foxbit.com.br/rest/v3/markets/usdtbrl/candlesticks
2021-04-24T00:00:00Z,Foxbit,BRL,usdtbrl,1d,5.6,"reported, not observed",api.foxbit.com.br/rest/v3/markets/usdtbrl/candlesticks
2021-04-25T00:00:00Z,Foxbit,BRL,usdtbrl,1d,5.5,"reported, not observed",api.foxbit.com.br/rest/v3/markets/usdtbrl/candlesticks
2021-04-26T00:00:00Z,Foxbit,BRL,usdtbrl,1d,5.547,"reported, not observed",api.foxbit.com.br/rest/v3/markets/usdtbrl/candlesticks
2021-04-27T00:00:00Z,Foxbit,BRL,usdtbrl,1d,5.45,"reported, not observed",api.foxbit.com.br/rest/v3/markets/usdtbrl/candlesticks
2021-04-28T00:00:00Z,Foxbit,BRL,usdtbrl,1d,5.36,"reported, not observed",api.foxbit.com.br/rest/v3/markets/usdtbrl/candlesticks
2021-04-29T00:00:00Z,Foxbit,BRL,usdtbrl,1d,5.385,"reported, not observed",api.foxbit.com.br/rest/v3/markets/usdtbrl/candlesticks
2021-04-30T00:00:00Z,Foxbit,BRL,usdtbrl,1d,5.6,"reported, not observed",api.foxbit.com.br/rest/v3/markets/usdtbrl/candlesticks
2021-05-01T00:00:00Z,Foxbit,BRL,usdtbrl,1d,5.645,"reported, not observed",api.foxbit.com.br/rest/v3/markets/usdtbrl/candlesticks
2021-05-02T00:00:00Z,Foxbit,BRL,usdtbrl,1d,5.618,"reported, not observed",api.foxbit.com.br/rest/v3/markets/usdtbrl/candlesticks
2021-05-03T00:00:00Z,Foxbit,BRL,usdtbrl,1d,5.353,"reported, not observed",api.foxbit.com.br/rest/v3/markets/usdtbrl/candlesticks
2021-05-04T00:00:00Z,Foxbit,BRL,usdtbrl,1d,5.436,"reported, not observed",api.foxbit.com.br/rest/v3/markets/usdtbrl/candlesticks
2021-05-05T00:00:00Z,Foxbit,BRL,usdtbrl,1d,5.425,"reported, not observed",api.foxbit.com.br/rest/v3/markets/usdtbrl/candlesticks
2021-05-06T00:00:00Z,Foxbit,BRL,usdtbrl,1d,5.339,"reported, not observed",api.foxbit.com.br/rest/v3/markets/usdtbrl/candlesticks
2021-05-07T00:00:00Z,Foxbit,BRL,usdtbrl,1d,5.337,"reported, not observed",api.foxbit.com.br/rest/v3/markets/usdtbrl/candlesticks
2021-05-08T00:00:00Z,Foxbit,BRL,usdtbrl,1d,5.241,"reported, not observed",api.foxbit.com.br/rest/v3/markets/usdtbrl/candlesticks
2021-05-09T00:00:00Z,Foxbit,BRL,usdtbrl,1d,5.338,"reported, not observed",api.foxbit.com.br/rest/v3/markets/usdtbrl/candlesticks
2021-05-10T00:00:00Z,Foxbit,BRL,usdtbrl,1d,5.34,"reported, not observed",api.foxbit.com.br/rest/v3/markets/usdtbrl/candlesticks
2021-05-11T00:00:00Z,Foxbit,BRL,usdtbrl,1d,5.221,"reported, not observed",api.foxbit.com.br/rest/v3/markets/usdtbrl/candlesticks
2021-05-12T00:00:00Z,Foxbit,BRL,usdtbrl,1d,5.29,"reported, not observed",api.foxbit.com.br/rest/v3/markets/usdtbrl/candlesticks
2021-05-13T00:00:00Z,Foxbit,BRL,usdtbrl,1d,5.264,"reported, not observed",api.foxbit.com.br/rest/v3/markets/usdtbrl/candlesticks
2021-05-14T00:00:00Z,Foxbit,BRL,usdtbrl,1d,5.227,"reported, not observed",api.foxbit.com.br/rest/v3/markets/usdtbrl/candlesticks
2021-05-15T00:00:00Z,Foxbit,BRL,usdtbrl,1d,5.32,"reported, not observed",api.foxbit.com.br/rest/v3/markets/usdtbrl/candlesticks
2021-05-16T00:00:00Z,Foxbit,BRL,usdtbrl,1d,5.168,"reported, not observed",api.foxbit.com.br/rest/v3/markets/usdtbrl/candlesticks
2021-05-17T00:00:00Z,Foxbit,BRL,usdtbrl,1d,5.15,"reported, not observed",api.foxbit.com.br/rest/v3/markets/usdtbrl/candlesticks
2021-05-18T00:00:00Z,Foxbit,BRL,usdtbrl,1d,5.238,"reported, not observed",api.foxbit.com.br/rest/v3/markets/usdtbrl/candlesticks
2021-05-19T00:00:00Z,Foxbit,BRL,usdtbrl,1d,5.108,"reported, not observed",api.foxbit.com.br/rest/v3/markets/usdtbrl/candlesticks
2021-05-20T00:00:00Z,Foxbit,BRL,usdtbrl,1d,5.24,"reported, not observed",api.foxbit.com.br/rest/v3/markets/usdtbrl/candlesticks
2021-05-21T00:00:00Z,Foxbit,BRL,usdtbrl,1d,5.053,"reported, not observed",api.foxbit.com.br/rest/v3/markets/usdtbrl/candlesticks
2021-05-22T00:00:00Z,Foxbit,BRL,usdtbrl,1d,5.1,"reported, not observed",api.foxbit.com.br/rest/v3/markets/usdtbrl/candlesticks
2021-05-23T00:00:00Z,Foxbit,BRL,usdtbrl,1d,5.005,"reported, not observed",api.foxbit.com.br/rest/v3/markets/usdtbrl/candlesticks
2021-05-24T00:00:00Z,Foxbit,BRL,usdtbrl,1d,5.121,"reported, not observed",api.foxbit.com.br/rest/v3/markets/usdtbrl/candlesticks
2021-05-25T00:00:00Z,Foxbit,BRL,usdtbrl,1d,5.104,"reported, not observed",api.foxbit.com.br/rest/v3/markets/usdtbrl/candlesticks
2021-05-26T00:00:00Z,Foxbit,BRL,usdtbrl,1d,5.106,"reported, not observed",api.foxbit.com.br/rest/v3/markets/usdtbrl/candlesticks
2021-05-27T00:00:00Z,Foxbit,BRL,usdtbrl,1d,5.179,"reported, not observed",api.foxbit.com.br/rest/v3/markets/usdtbrl/candlesticks
2021-05-28T00:00:00Z,Foxbit,BRL,usdtbrl,1d,5.148,"reported, not observed",api.foxbit.com.br/rest/v3/markets/usdtbrl/candlesticks
2021-05-29T00:00:00Z,Foxbit,BRL,usdtbrl,1d,5.116,"reported, not observed",api.foxbit.com.br/rest/v3/markets/usdtbrl/candlesticks
2021-05-30T00:00:00Z,Foxbit,BRL,usdtbrl,1d,5.131,"reported, not observed",api.foxbit.com.br/rest/v3/markets/usdtbrl/candlesticks
2021-05-31T00:00:00Z,Foxbit,BRL,usdtbrl,1d,5.233,"reported, not observed",api.foxbit.com.br/rest/v3/markets/usdtbrl/candlesticks
2021-06-01T00:00:00Z,Foxbit,BRL,usdtbrl,1d,5.145,"reported, not observed",api.foxbit.com.br/rest/v3/markets/usdtbrl/candlesticks
2021-06-02T00:00:00Z,Foxbit,BRL,usdtbrl,1d,5.02,"reported, not observed",api.foxbit.com.br/rest/v3/markets/usdtbrl/candlesticks
2021-06-03T00:00:00Z,Foxbit,BRL,usdtbrl,1d,5.001,"reported, not observed",api.foxbit.com.br/rest/v3/markets/usdtbrl/candlesticks
2021-06-04T00:00:00Z,Foxbit,BRL,usdtbrl,1d,4.989,"reported, not observed",api.foxbit.com.br/rest/v3/markets/usdtbrl/candlesticks
2021-06-05T00:00:00Z,Foxbit,BRL,usdtbrl,1d,5.0,"reported, not observed",api.foxbit.com.br/rest/v3/markets/usdtbrl/candlesticks
2021-06-06T00:00:00Z,Foxbit,BRL,usdtbrl,1d,4.98,"reported, not observed",api.foxbit.com.br/rest/v3/markets/usdtbrl/candlesticks
2021-06-07T00:00:00Z,Foxbit,BRL,usdtbrl,1d,4.901,"reported, not observed",api.foxbit.com.br/rest/v3/markets/usdtbrl/candlesticks
2021-06-08T00:00:00Z,Foxbit,BRL,usdtbrl,1d,4.919,"reported, not observed",api.foxbit.com.br/rest/v3/markets/usdtbrl/candlesticks
2021-06-09T00:00:00Z,Foxbit,BRL,usdtbrl,1d,4.864,"reported, not observed",api.foxbit.com.br/rest/v3/markets/usdtbrl/candlesticks
2021-06-10T00:00:00Z,Foxbit,BRL,usdtbrl,1d,4.983,"reported, not observed",api.foxbit.com.br/rest/v3/markets/usdtbrl/candlesticks
2021-06-11T00:00:00Z,Foxbit,BRL,usdtbrl,1d,5.049,"reported, not observed",api.foxbit.com.br/rest/v3/markets/usdtbrl/candlesticks
2021-06-12T00:00:00Z,Foxbit,BRL,usdtbrl,1d,5.045,"reported, not observed",api.foxbit.com.br/rest/v3/markets/usdtbrl/candlesticks
2021-06-13T00:00:00Z,Foxbit,BRL,usdtbrl,1d,5.009,"reported, not observed",api.foxbit.com.br/rest/v3/markets/usdtbrl/candlesticks
2021-06-14T00:00:00Z,Foxbit,BRL,usdtbrl,1d,5.0,"reported, not observed",api.foxbit.com.br/rest/v3/markets/usdtbrl/candlesticks
2021-06-15T00:00:00Z,Foxbit,BRL,usdtbrl,1d,5.001,"reported, not observed",api.foxbit.com.br/rest/v3/markets/usdtbrl/candlesticks
2021-06-16T00:00:00Z,Foxbit,BRL,usdtbrl,1d,5.061,"reported, not observed",api.foxbit.com.br/rest/v3/markets/usdtbrl/candlesticks
2021-06-17T00:00:00Z,Foxbit,BRL,usdtbrl,1d,4.996,"reported, not observed",api.foxbit.com.br/rest/v3/markets/usdtbrl/candlesticks
2021-06-18T00:00:00Z,Foxbit,BRL,usdtbrl,1d,4.942,"reported, not observed",api.foxbit.com.br/rest/v3/markets/usdtbrl/candlesticks
2021-06-19T00:00:00Z,Foxbit,BRL,usdtbrl,1d,4.941,"reported, not observed",api.foxbit.com.br/rest/v3/markets/usdtbrl/candlesticks
2021-06-20T00:00:00Z,Foxbit,BRL,usdtbrl,1d,5.054,"reported, not observed",api.foxbit.com.br/rest/v3/markets/usdtbrl/candlesticks
2021-06-21T00:00:00Z,Foxbit,BRL,usdtbrl,1d,4.963,"reported, not observed",api.foxbit.com.br/rest/v3/markets/usdtbrl/candlesticks
2021-06-22T00:00:00Z,Foxbit,BRL,usdtbrl,1d,4.955,"reported, not observed",api.foxbit.com.br/rest/v3/markets/usdtbrl/candlesticks
2021-06-23T00:00:00Z,Foxbit,BRL,usdtbrl,1d,4.984,"reported, not observed",api.foxbit.com.br/rest/v3/markets/usdtbrl/candlesticks
2021-06-24T00:00:00Z,Foxbit,BRL,usdtbrl,1d,4.853,"reported, not observed",api.foxbit.com.br/rest/v3/markets/usdtbrl/candlesticks
2021-06-25T00:00:00Z,Foxbit,BRL,usdtbrl,1d,4.966,"reported, not observed",api.foxbit.com.br/rest/v3/markets/usdtbrl/candlesticks
2021-06-26T00:00:00Z,Foxbit,BRL,usdtbrl,1d,4.931,"reported, not observed",api.foxbit.com.br/rest/v3/markets/usdtbrl/candlesticks
2021-06-27T00:00:00Z,Foxbit,BRL,usdtbrl,1d,4.889,"reported, not observed",api.foxbit.com.br/rest/v3/markets/usdtbrl/candlesticks
2021-06-28T00:00:00Z,Foxbit,BRL,usdtbrl,1d,4.89,"reported, not observed",api.foxbit.com.br/rest/v3/markets/usdtbrl/candlesticks
2021-06-29T00:00:00Z,Foxbit,BRL,usdtbrl,1d,4.906,"reported, not observed",api.foxbit.com.br/rest/v3/markets/usdtbrl/candlesticks
2021-06-30T00:00:00Z,Foxbit,BRL,usdtbrl,1d,4.889,"reported, not observed",api.foxbit.com.br/rest/v3/markets/usdtbrl/candlesticks
2021-07-01T00:00:00Z,Foxbit,BRL,usdtbrl,1d,5.031,"reported, not observed",api.foxbit.com.br/rest/v3/markets/usdtbrl/candlesticks
2021-07-02T00:00:00Z,Foxbit,BRL,usdtbrl,1d,5.032,"reported, not observed",api.foxbit.com.br/rest/v3/markets/usdtbrl/candlesticks
2021-07-03T00:00:00Z,Foxbit,BRL,usdtbrl,1d,5.077,"reported, not observed",api.foxbit.com.br/rest/v3/markets/usdtbrl/candlesticks
2021-07-04T00:00:00Z,Foxbit,BRL,usdtbrl,1d,5.03,"reported, not observed",api.foxbit.com.br/rest/v3/markets/usdtbrl/candlesticks
2021-07-05T00:00:00Z,Foxbit,BRL,usdtbrl,1d,4.999,"reported, not observed",api.foxbit.com.br/rest/v3/markets/usdtbrl/candlesticks
2021-07-06T00:00:00Z,Foxbit,BRL,usdtbrl,1d,5.018,"reported, not observed",api.foxbit.com.br/rest/v3/markets/usdtbrl/candlesticks
2021-07-07T00:00:00Z,Foxbit,BRL,usdtbrl,1d,5.09,"reported, not observed",api.foxbit.com.br/rest/v3/markets/usdtbrl/candlesticks
2021-07-08T00:00:00Z,Foxbit,BRL,usdtbrl,1d,5.14,"reported, not observed",api.foxbit.com.br/rest/v3/markets/usdtbrl/candlesticks
2021-07-09T00:00:00Z,Foxbit,BRL,usdtbrl,1d,5.198,"reported, not observed",api.foxbit.com.br/rest/v3/markets/usdtbrl/candlesticks
2021-07-10T00:00:00Z,Foxbit,BRL,usdtbrl,1d,5.191,"reported, not observed",api.foxbit.com.br/rest/v3/markets/usdtbrl/candlesticks
2021-07-11T00:00:00Z,Foxbit,BRL,usdtbrl,1d,5.199,"reported, not observed",api.foxbit.com.br/rest/v3/markets/usdtbrl/candlesticks
2021-07-12T00:00:00Z,Foxbit,BRL,usdtbrl,1d,5.199,"reported, not observed",api.foxbit.com.br/rest/v3/markets/usdtbrl/candlesticks
2021-07-13T00:00:00Z,Foxbit,BRL,usdtbrl,1d,5.17,"reported, not observed",api.foxbit.com.br/rest/v3/markets/usdtbrl/candlesticks
2021-07-14T00:00:00Z,Foxbit,BRL,usdtbrl,1d,5.11,"reported, not observed",api.foxbit.com.br/rest/v3/markets/usdtbrl/candlesticks
2021-07-15T00:00:00Z,Foxbit,BRL,usdtbrl,1d,5.103,"reported, not observed",api.foxbit.com.br/rest/v3/markets/usdtbrl/candlesticks
2021-07-16T00:00:00Z,Foxbit,BRL,usdtbrl,1d,5.12,"reported, not observed",api.foxbit.com.br/rest/v3/markets/usdtbrl/candlesticks
2021-07-17T00:00:00Z,Foxbit,BRL,usdtbrl,1d,5.16,"reported, not observed",api.foxbit.com.br/rest/v3/markets/usdtbrl/candlesticks
2021-07-18T00:00:00Z,Foxbit,BRL,usdtbrl,1d,4.933,"reported, not observed",api.foxbit.com.br/rest/v3/markets/usdtbrl/candlesticks
2021-07-19T00:00:00Z,Foxbit,BRL,usdtbrl,1d,5.201,"reported, not observed",api.foxbit.com.br/rest/v3/markets/usdtbrl/candlesticks
2021-07-20T00:00:00Z,Foxbit,BRL,usdtbrl,1d,5.229,"reported, not observed",api.foxbit.com.br/rest/v3/markets/usdtbrl/candlesticks
2021-07-21T00:00:00Z,Foxbit,BRL,usdtbrl,1d,5.216,"reported, not observed",api.foxbit.com.br/rest/v3/markets/usdtbrl/candlesticks
2021-07-22T00:00:00Z,Foxbit,BRL,usdtbrl,1d,5.132,"reported, not observed",api.foxbit.com.br/rest/v3/markets/usdtbrl/candlesticks
2021-07-23T00:00:00Z,Foxbit,BRL,usdtbrl,1d,5.153,"reported, not observed",api.foxbit.com.br/rest/v3/markets/usdtbrl/candlesticks
2021-07-24T00:00:00Z,Foxbit,BRL,usdtbrl,1d,5.032,"reported, not observed",api.foxbit.com.br/rest/v3/markets/usdtbrl/candlesticks
2021-07-25T00:00:00Z,Foxbit,BRL,usdtbrl,1d,5.0,"reported, not observed",api.foxbit.com.br/rest/v3/markets/usdtbrl/candlesticks
2021-07-26T00:00:00Z,Foxbit,BRL,usdtbrl,1d,5.115,"reported, not observed",api.foxbit.com.br/rest/v3/markets/usdtbrl/candlesticks
2021-07-27T00:00:00Z,Foxbit,BRL,usdtbrl,1d,5.158,"reported, not observed",api.foxbit.com.br/rest/v3/markets/usdtbrl/candlesticks
2021-07-28T00:00:00Z,Foxbit,BRL,usdtbrl,1d,5.14,"reported, not observed",api.foxbit.com.br/rest/v3/markets/usdtbrl/candlesticks
2021-07-29T00:00:00Z,Foxbit,BRL,usdtbrl,1d,5.063,"reported, not observed",api.foxbit.com.br/rest/v3/markets/usdtbrl/candlesticks
2021-07-30T00:00:00Z,Foxbit,BRL,usdtbrl,1d,5.199,"reported, not observed",api.foxbit.com.br/rest/v3/markets/usdtbrl/candlesticks
2021-07-31T00:00:00Z,Foxbit,BRL,usdtbrl,1d,5.226,"reported, not observed",api.foxbit.com.br/rest/v3/markets/usdtbrl/candlesticks
2021-08-01T00:00:00Z,Foxbit,BRL,usdtbrl,1d,5.209,"reported, not observed",api.foxbit.com.br/rest/v3/markets/usdtbrl/candlesticks
2021-08-02T00:00:00Z,Foxbit,BRL,usdtbrl,1d,5.01,"reported, not observed",api.foxbit.com.br/rest/v3/markets/usdtbrl/candlesticks
2021-08-03T00:00:00Z,Foxbit,BRL,usdtbrl,1d,5.154,"reported, not observed",api.foxbit.com.br/rest/v3/markets/usdtbrl/candlesticks
2021-08-04T00:00:00Z,Foxbit,BRL,usdtbrl,1d,5.09,"reported, not observed",api.foxbit.com.br/rest/v3/markets/usdtbrl/candlesticks
2021-08-05T00:00:00Z,Foxbit,BRL,usdtbrl,1d,5.249,"reported, not observed",api.foxbit.com.br/rest/v3/markets/usdtbrl/candlesticks
2021-08-06T00:00:00Z,Foxbit,BRL,usdtbrl,1d,5.106,"reported, not observed",api.foxbit.com.br/rest/v3/markets/usdtbrl/candlesticks
2021-08-07T00:00:00Z,Foxbit,BRL,usdtbrl,1d,5.176,"reported, not observed",api.foxbit.com.br/rest/v3/markets/usdtbrl/candlesticks
2021-08-08T00:00:00Z,Foxbit,BRL,usdtbrl,1d,5.087,"reported, not observed",api.foxbit.com.br/rest/v3/markets/usdtbrl/candlesticks
2021-08-09T00:00:00Z,Foxbit,BRL,usdtbrl,1d,5.184,"reported, not observed",api.foxbit.com.br/rest/v3/markets/usdtbrl/candlesticks
2021-08-10T00:00:00Z,Foxbit,BRL,usdtbrl,1d,5.231,"reported, not observed",api.foxbit.com.br/rest/v3/markets/usdtbrl/candlesticks
2021-08-11T00:00:00Z,Foxbit,BRL,usdtbrl,1d,5.149,"reported, not observed",api.foxbit.com.br/rest/v3/markets/usdtbrl/candlesticks
2021-08-12T00:00:00Z,Foxbit,BRL,usdtbrl,1d,5.152,"reported, not observed",api.foxbit.com.br/rest/v3/markets/usdtbrl/candlesticks
2021-08-13T00:00:00Z,Foxbit,BRL,usdtbrl,1d,5.182,"reported, not observed",api.foxbit.com.br/rest/v3/markets/usdtbrl/candlesticks
2021-08-14T00:00:00Z,Foxbit,BRL,usdtbrl,1d,5.293,"reported, not observed",api.foxbit.com.br/rest/v3/markets/usdtbrl/candlesticks
2021-08-15T00:00:00Z,Foxbit,BRL,usdtbrl,1d,5.24,"reported, not observed",api.foxbit.com.br/rest/v3/markets/usdtbrl/candlesticks
2021-08-16T00:00:00Z,Foxbit,BRL,usdtbrl,1d,5.348,"reported, not observed",api.foxbit.com.br/rest/v3/markets/usdtbrl/candlesticks
2021-08-17T00:00:00Z,Foxbit,BRL,usdtbrl,1d,5.203,"reported, not observed",api.foxbit.com.br/rest/v3/markets/usdtbrl/candlesticks
2021-08-18T00:00:00Z,Foxbit,BRL,usdtbrl,1d,5.275,"reported, not observed",api.foxbit.com.br/rest/v3/markets/usdtbrl/candlesticks
2021-08-19T00:00:00Z,Foxbit,BRL,usdtbrl,1d,5.287,"reported, not observed",api.foxbit.com.br/rest/v3/markets/usdtbrl/candlesticks
2021-08-20T00:00:00Z,Foxbit,BRL,usdtbrl,1d,5.409,"reported, not observed",api.foxbit.com.br/rest/v3/markets/usdtbrl/candlesticks
2021-08-21T00:00:00Z,Foxbit,BRL,usdtbrl,1d,5.408,"reported, not observed",api.foxbit.com.br/rest/v3/markets/usdtbrl/candlesticks
2021-08-22T00:00:00Z,Foxbit,BRL,usdtbrl,1d,5.383,"reported, not observed",api.foxbit.com.br/rest/v3/markets/usdtbrl/candlesticks
2021-08-23T00:00:00Z,Foxbit,BRL,usdtbrl,1d,5.43,"reported, not observed",api.foxbit.com.br/rest/v3/markets/usdtbrl/candlesticks
2021-08-24T00:00:00Z,Foxbit,BRL,usdtbrl,1d,5.3,"reported, not observed",api.foxbit.com.br/rest/v3/markets/usdtbrl/candlesticks
2021-08-25T00:00:00Z,Foxbit,BRL,usdtbrl,1d,5.371,"reported, not observed",api.foxbit.com.br/rest/v3/markets/usdtbrl/candlesticks
2021-08-26T00:00:00Z,Foxbit,BRL,usdtbrl,1d,5.243,"reported, not observed",api.foxbit.com.br/rest/v3/markets/usdtbrl/candlesticks
2021-08-27T00:00:00Z,Foxbit,BRL,usdtbrl,1d,5.243,"reported, not observed",api.foxbit.com.br/rest/v3/markets/usdtbrl/candlesticks
2021-08-28T00:00:00Z,Foxbit,BRL,usdtbrl,1d,5.294,"reported, not observed",api.foxbit.com.br/rest/v3/markets/usdtbrl/candlesticks
2021-08-29T00:00:00Z,Foxbit,BRL,usdtbrl,1d,5.247,"reported, not observed",api.foxbit.com.br/rest/v3/markets/usdtbrl/candlesticks
2021-08-30T00:00:00Z,Foxbit,BRL,usdtbrl,1d,5.331,"reported, not observed",api.foxbit.com.br/rest/v3/markets/usdtbrl/candlesticks
2021-08-31T00:00:00Z,Foxbit,BRL,usdtbrl,1d,5.185,"reported, not observed",api.foxbit.com.br/rest/v3/markets/usdtbrl/candlesticks
2021-09-01T00:00:00Z,Foxbit,BRL,usdtbrl,1d,5.208,"reported, not observed",api.foxbit.com.br/rest/v3/markets/usdtbrl/candlesticks
2021-09-02T00:00:00Z,Foxbit,BRL,usdtbrl,1d,5.361,"reported, not observed",api.foxbit.com.br/rest/v3/markets/usdtbrl/candlesticks
2021-09-03T00:00:00Z,Foxbit,BRL,usdtbrl,1d,5.231,"reported, not observed",api.foxbit.com.br/rest/v3/markets/usdtbrl/candlesticks
2021-09-04T00:00:00Z,Foxbit,BRL,usdtbrl,1d,5.328,"reported, not observed",api.foxbit.com.br/rest/v3/markets/usdtbrl/candlesticks
2021-09-05T00:00:00Z,Foxbit,BRL,usdtbrl,1d,5.221,"reported, not observed",api.foxbit.com.br/rest/v3/markets/usdtbrl/candlesticks
2021-09-06T00:00:00Z,Foxbit,BRL,usdtbrl,1d,5.252,"reported, not observed",api.foxbit.com.br/rest/v3/markets/usdtbrl/candlesticks
2021-09-07T00:00:00Z,Foxbit,BRL,usdtbrl,1d,5.203,"reported, not observed",api.foxbit.com.br/rest/v3/markets/usdtbrl/candlesticks
2021-09-08T00:00:00Z,Foxbit,BRL,usdtbrl,1d,5.268,"reported, not observed",api.foxbit.com.br/rest/v3/markets/usdtbrl/candlesticks
2021-09-09T00:00:00Z,Foxbit,BRL,usdtbrl,1d,5.269,"reported, not observed",api.foxbit.com.br/rest/v3/markets/usdtbrl/candlesticks
2021-09-10T00:00:00Z,Foxbit,BRL,usdtbrl,1d,5.347,"reported, not observed",api.foxbit.com.br/rest/v3/markets/usdtbrl/candlesticks
2021-09-11T00:00:00Z,Foxbit,BRL,usdtbrl,1d,5.227,"reported, not observed",api.foxbit.com.br/rest/v3/markets/usdtbrl/candlesticks
2021-09-12T00:00:00Z,Foxbit,BRL,usdtbrl,1d,5.379,"reported, not observed",api.foxbit.com.br/rest/v3/markets/usdtbrl/candlesticks
2021-09-13T00:00:00Z,Foxbit,BRL,usdtbrl,1d,5.382,"reported, not observed",api.foxbit.com.br/rest/v3/markets/usdtbrl/candlesticks
2021-09-14T00:00:00Z,Foxbit,BRL,usdtbrl,1d,5.216,"reported, not observed",api.foxbit.com.br/rest/v3/markets/usdtbrl/candlesticks
2021-09-15T00:00:00Z,Foxbit,BRL,usdtbrl,1d,5.258,"reported, not observed",api.foxbit.com.br/rest/v3/markets/usdtbrl/candlesticks
2021-09-16T00:00:00Z,Foxbit,BRL,usdtbrl,1d,5.265,"reported, not observed",api.foxbit.com.br/rest/v3/markets/usdtbrl/candlesticks
2021-09-17T00:00:00Z,Foxbit,BRL,usdtbrl,1d,5.22,"reported, not observed",api.foxbit.com.br/rest/v3/markets/usdtbrl/candlesticks
2021-09-18T00:00:00Z,Foxbit,BRL,usdtbrl,1d,5.281,"reported, not observed",api.foxbit.com.br/rest/v3/markets/usdtbrl/candlesticks
2021-09-19T00:00:00Z,Foxbit,BRL,usdtbrl,1d,5.243,"reported, not observed",api.foxbit.com.br/rest/v3/markets/usdtbrl/candlesticks
2021-09-20T00:00:00Z,Foxbit,BRL,usdtbrl,1d,5.219,"reported, not observed",api.foxbit.com.br/rest/v3/markets/usdtbrl/candlesticks
2021-09-21T00:00:00Z,Foxbit,BRL,usdtbrl,1d,5.229,"reported, not observed",api.foxbit.com.br/rest/v3/markets/usdtbrl/candlesticks
2021-09-22T00:00:00Z,Foxbit,BRL,usdtbrl,1d,5.235,"reported, not observed",api.foxbit.com.br/rest/v3/markets/usdtbrl/candlesticks
2021-09-23T00:00:00Z,Foxbit,BRL,usdtbrl,1d,5.346,"reported, not observed",api.foxbit.com.br/rest/v3/markets/usdtbrl/candlesticks
2021-09-24T00:00:00Z,Foxbit,BRL,usdtbrl,1d,5.377,"reported, not observed",api.foxbit.com.br/rest/v3/markets/usdtbrl/candlesticks
2021-09-25T00:00:00Z,Foxbit,BRL,usdtbrl,1d,5.375,"reported, not observed",api.foxbit.com.br/rest/v3/markets/usdtbrl/candlesticks
2021-09-26T00:00:00Z,Foxbit,BRL,usdtbrl,1d,5.411,"reported, not observed",api.foxbit.com.br/rest/v3/markets/usdtbrl/candlesticks
2021-09-27T00:00:00Z,Foxbit,BRL,usdtbrl,1d,5.297,"reported, not observed",api.foxbit.com.br/rest/v3/markets/usdtbrl/candlesticks
2021-09-28T00:00:00Z,Foxbit,BRL,usdtbrl,1d,5.54,"reported, not observed",api.foxbit.com.br/rest/v3/markets/usdtbrl/candlesticks
2021-09-29T00:00:00Z,Foxbit,BRL,usdtbrl,1d,5.536,"reported, not observed",api.foxbit.com.br/rest/v3/markets/usdtbrl/candlesticks
2021-09-30T00:00:00Z,Foxbit,BRL,usdtbrl,1d,5.4,"reported, not observed",api.foxbit.com.br/rest/v3/markets/usdtbrl/candlesticks
2021-10-01T00:00:00Z,Foxbit,BRL,usdtbrl,1d,5.27,"reported, not observed",api.foxbit.com.br/rest/v3/markets/usdtbrl/candlesticks
2021-10-02T00:00:00Z,Foxbit,BRL,usdtbrl,1d,5.32,"reported, not observed",api.foxbit.com.br/rest/v3/markets/usdtbrl/candlesticks
2021-10-03T00:00:00Z,Foxbit,BRL,usdtbrl,1d,5.359,"reported, not observed",api.foxbit.com.br/rest/v3/markets/usdtbrl/candlesticks
2021-10-04T00:00:00Z,Foxbit,BRL,usdtbrl,1d,5.35,"reported, not observed",api.foxbit.com.br/rest/v3/markets/usdtbrl/candlesticks
2021-10-05T00:00:00Z,Foxbit,BRL,usdtbrl,1d,5.407,"reported, not observed",api.foxbit.com.br/rest/v3/markets/usdtbrl/candlesticks
2021-10-06T00:00:00Z,Foxbit,BRL,usdtbrl,1d,5.451,"reported, not observed",api.foxbit.com.br/rest/v3/markets/usdtbrl/candlesticks
2021-10-07T00:00:00Z,Foxbit,BRL,usdtbrl,1d,5.421,"reported, not observed",api.foxbit.com.br/rest/v3/markets/usdtbrl/candlesticks
2021-10-08T00:00:00Z,Foxbit,BRL,usdtbrl,1d,5.468,"reported, not observed",api.foxbit.com.br/rest/v3/markets/usdtbrl/candlesticks
2021-10-09T00:00:00Z,Foxbit,BRL,usdtbrl,1d,5.454,"reported, not observed",api.foxbit.com.br/rest/v3/markets/usdtbrl/candlesticks
2021-10-10T00:00:00Z,Foxbit,BRL,usdtbrl,1d,5.45,"reported, not observed",api.foxbit.com.br/rest/v3/markets/usdtbrl/candlesticks
2021-10-11T00:00:00Z,Foxbit,BRL,usdtbrl,1d,5.509,"reported, not observed",api.foxbit.com.br/rest/v3/markets/usdtbrl/candlesticks
2021-10-12T00:00:00Z,Foxbit,BRL,usdtbrl,1d,5.588,"reported, not observed",api.foxbit.com.br/rest/v3/markets/usdtbrl/candlesticks
2021-10-13T00:00:00Z,Foxbit,BRL,usdtbrl,1d,5.531,"reported, not observed",api.foxbit.com.br/rest/v3/markets/usdtbrl/candlesticks
2021-10-14T00:00:00Z,Foxbit,BRL,usdtbrl,1d,5.449,"reported, not observed",api.foxbit.com.br/rest/v3/markets/usdtbrl/candlesticks
2021-10-15T00:00:00Z,Foxbit,BRL,usdtbrl,1d,5.46,"reported, not observed",api.foxbit.com.br/rest/v3/markets/usdtbrl/candlesticks
2021-10-16T00:00:00Z,Foxbit,BRL,usdtbrl,1d,5.478,"reported, not observed",api.foxbit.com.br/rest/v3/markets/usdtbrl/candlesticks
2021-10-17T00:00:00Z,Foxbit,BRL,usdtbrl,1d,5.466,"reported, not observed",api.foxbit.com.br/rest/v3/markets/usdtbrl/candlesticks
2021-10-18T00:00:00Z,Foxbit,BRL,usdtbrl,1d,5.493,"reported, not observed",api.foxbit.com.br/rest/v3/markets/usdtbrl/candlesticks
2021-10-19T00:00:00Z,Foxbit,BRL,usdtbrl,1d,5.734,"reported, not observed",api.foxbit.com.br/rest/v3/markets/usdtbrl/candlesticks
2021-10-20T00:00:00Z,Foxbit,BRL,usdtbrl,1d,5.496,"reported, not observed",api.foxbit.com.br/rest/v3/markets/usdtbrl/candlesticks
2021-10-21T00:00:00Z,Foxbit,BRL,usdtbrl,1d,5.51,"reported, not observed",api.foxbit.com.br/rest/v3/markets/usdtbrl/candlesticks
2021-10-22T00:00:00Z,Foxbit,BRL,usdtbrl,1d,5.571,"reported, not observed",api.foxbit.com.br/rest/v3/markets/usdtbrl/candlesticks
2021-10-23T00:00:00Z,Foxbit,BRL,usdtbrl,1d,5.518,"reported, not observed",api.foxbit.com.br/rest/v3/markets/usdtbrl/candlesticks
2021-10-24T00:00:00Z,Foxbit,BRL,usdtbrl,1d,5.547,"reported, not observed",api.foxbit.com.br/rest/v3/markets/usdtbrl/candlesticks
2021-10-25T00:00:00Z,Foxbit,BRL,usdtbrl,1d,5.782,"reported, not observed",api.foxbit.com.br/rest/v3/markets/usdtbrl/candlesticks
2021-10-26T00:00:00Z,Foxbit,BRL,usdtbrl,1d,5.622,"reported, not observed",api.foxbit.com.br/rest/v3/markets/usdtbrl/candlesticks
2021-10-27T00:00:00Z,Foxbit,BRL,usdtbrl,1d,5.647,"reported, not observed",api.foxbit.com.br/rest/v3/markets/usdtbrl/candlesticks
2021-10-28T00:00:00Z,Foxbit,BRL,usdtbrl,1d,5.723,"reported, not observed",api.foxbit.com.br/rest/v3/markets/usdtbrl/candlesticks
2021-10-29T00:00:00Z,Foxbit,BRL,usdtbrl,1d,5.706,"reported, not observed",api.foxbit.com.br/rest/v3/markets/usdtbrl/candlesticks
2021-10-30T00:00:00Z,Foxbit,BRL,usdtbrl,1d,5.643,"reported, not observed",api.foxbit.com.br/rest/v3/markets/usdtbrl/candlesticks
2021-10-31T00:00:00Z,Foxbit,BRL,usdtbrl,1d,5.664,"reported, not observed",api.foxbit.com.br/rest/v3/markets/usdtbrl/candlesticks
2021-11-01T00:00:00Z,Foxbit,BRL,usdtbrl,1d,5.728,"reported, not observed",api.foxbit.com.br/rest/v3/markets/usdtbrl/candlesticks
2021-11-02T00:00:00Z,Foxbit,BRL,usdtbrl,1d,5.652,"reported, not observed",api.foxbit.com.br/rest/v3/markets/usdtbrl/candlesticks
2021-11-03T00:00:00Z,Foxbit,BRL,usdtbrl,1d,5.65,"reported, not observed",api.foxbit.com.br/rest/v3/markets/usdtbrl/candlesticks
2021-11-04T00:00:00Z,Foxbit,BRL,usdtbrl,1d,5.692,"reported, not observed",api.foxbit.com.br/rest/v3/markets/usdtbrl/candlesticks
2021-11-05T00:00:00Z,Foxbit,BRL,usdtbrl,1d,5.657,"reported, not observed",api.foxbit.com.br/rest/v3/markets/usdtbrl/candlesticks
2021-11-06T00:00:00Z,Foxbit,BRL,usdtbrl,1d,5.633,"reported, not observed",api.foxbit.com.br/rest/v3/markets/usdtbrl/candlesticks
2021-11-07T00:00:00Z,Foxbit,BRL,usdtbrl,1d,5.582,"reported, not observed",api.foxbit.com.br/rest/v3/markets/usdtbrl/candlesticks
2021-11-08T00:00:00Z,Foxbit,BRL,usdtbrl,1d,5.691,"reported, not observed",api.foxbit.com.br/rest/v3/markets/usdtbrl/candlesticks
2021-11-09T00:00:00Z,Foxbit,BRL,usdtbrl,1d,5.572,"reported, not observed",api.foxbit.com.br/rest/v3/markets/usdtbrl/candlesticks
2021-11-10T00:00:00Z,Foxbit,BRL,usdtbrl,1d,5.637,"reported, not observed",api.foxbit.com.br/rest/v3/markets/usdtbrl/candlesticks
2021-11-11T00:00:00Z,Foxbit,BRL,usdtbrl,1d,5.393,"reported, not observed",api.foxbit.com.br/rest/v3/markets/usdtbrl/candlesticks
2021-11-12T00:00:00Z,Foxbit,BRL,usdtbrl,1d,5.38,"reported, not observed",api.foxbit.com.br/rest/v3/markets/usdtbrl/candlesticks
2021-11-13T00:00:00Z,Foxbit,BRL,usdtbrl,1d,5.566,"reported, not observed",api.foxbit.com.br/rest/v3/markets/usdtbrl/candlesticks
2021-11-14T00:00:00Z,Foxbit,BRL,usdtbrl,1d,5.506,"reported, not observed",api.foxbit.com.br/rest/v3/markets/usdtbrl/candlesticks
2021-11-15T00:00:00Z,Foxbit,BRL,usdtbrl,1d,5.524,"reported, not observed",api.foxbit.com.br/rest/v3/markets/usdtbrl/candlesticks
2021-11-16T00:00:00Z,Foxbit,BRL,usdtbrl,1d,5.5,"reported, not observed",api.foxbit.com.br/rest/v3/markets/usdtbrl/candlesticks
2021-11-17T00:00:00Z,Foxbit,BRL,usdtbrl,1d,5.47,"reported, not observed",api.foxbit.com.br/rest/v3/markets/usdtbrl/candlesticks
2021-11-18T00:00:00Z,Foxbit,BRL,usdtbrl,1d,5.503,"reported, not observed",api.foxbit.com.br/rest/v3/markets/usdtbrl/candlesticks
2021-11-19T00:00:00Z,Foxbit,BRL,usdtbrl,1d,5.624,"reported, not observed",api.foxbit.com.br/rest/v3/markets/usdtbrl/candlesticks
2021-11-20T00:00:00Z,Foxbit,BRL,usdtbrl,1d,5.632,"reported, not observed",api.foxbit.com.br/rest/v3/markets/usdtbrl/candlesticks
2021-11-21T00:00:00Z,Foxbit,BRL,usdtbrl,1d,5.663,"reported, not observed",api.foxbit.com.br/rest/v3/markets/usdtbrl/candlesticks
2021-11-22T00:00:00Z,Foxbit,BRL,usdtbrl,1d,5.551,"reported, not observed",api.foxbit.com.br/rest/v3/markets/usdtbrl/candlesticks
2021-11-23T00:00:00Z,Foxbit,BRL,usdtbrl,1d,5.568,"reported, not observed",api.foxbit.com.br/rest/v3/markets/usdtbrl/candlesticks
2021-11-24T00:00:00Z,Foxbit,BRL,usdtbrl,1d,5.522,"reported, not observed",api.foxbit.com.br/rest/v3/markets/usdtbrl/candlesticks
2021-11-25T00:00:00Z,Foxbit,BRL,usdtbrl,1d,5.647,"reported, not observed",api.foxbit.com.br/rest/v3/markets/usdtbrl/candlesticks
2021-11-26T00:00:00Z,Foxbit,BRL,usdtbrl,1d,5.405,"reported, not observed",api.foxbit.com.br/rest/v3/markets/usdtbrl/candlesticks
2021-11-27T00:00:00Z,Foxbit,BRL,usdtbrl,1d,5.649,"reported, not observed",api.foxbit.com.br/rest/v3/markets/usdtbrl/candlesticks
2021-11-28T00:00:00Z,Foxbit,BRL,usdtbrl,1d,5.698,"reported, not observed",api.foxbit.com.br/rest/v3/markets/usdtbrl/candlesticks
2021-11-29T00:00:00Z,Foxbit,BRL,usdtbrl,1d,5.699,"reported, not observed",api.foxbit.com.br/rest/v3/markets/usdtbrl/candlesticks
2021-11-30T00:00:00Z,Foxbit,BRL,usdtbrl,1d,5.689,"reported, not observed",api.foxbit.com.br/rest/v3/markets/usdtbrl/candlesticks
2021-12-01T00:00:00Z,Foxbit,BRL,usdtbrl,1d,5.6,"reported, not observed",api.foxbit.com.br/rest/v3/markets/usdtbrl/candlesticks
2021-12-02T00:00:00Z,Foxbit,BRL,usdtbrl,1d,5.613,"reported, not observed",api.foxbit.com.br/rest/v3/markets/usdtbrl/candlesticks
2021-12-03T00:00:00Z,Foxbit,BRL,usdtbrl,1d,5.511,"reported, not observed",api.foxbit.com.br/rest/v3/markets/usdtbrl/candlesticks
2021-12-04T00:00:00Z,Foxbit,BRL,usdtbrl,1d,5.631,"reported, not observed",api.foxbit.com.br/rest/v3/markets/usdtbrl/candlesticks
2021-12-05T00:00:00Z,Foxbit,BRL,usdtbrl,1d,5.65,"reported, not observed",api.foxbit.com.br/rest/v3/markets/usdtbrl/candlesticks
2021-12-06T00:00:00Z,Foxbit,BRL,usdtbrl,1d,5.666,"reported, not observed",api.foxbit.com.br/rest/v3/markets/usdtbrl/candlesticks
2021-12-07T00:00:00Z,Foxbit,BRL,usdtbrl,1d,5.66,"reported, not observed",api.foxbit.com.br/rest/v3/markets/usdtbrl/candlesticks
2021-12-08T00:00:00Z,Foxbit,BRL,usdtbrl,1d,5.515,"reported, not observed",api.foxbit.com.br/rest/v3/markets/usdtbrl/candlesticks
2021-12-09T00:00:00Z,Foxbit,BRL,usdtbrl,1d,5.648,"reported, not observed",api.foxbit.com.br/rest/v3/markets/usdtbrl/candlesticks
2021-12-10T00:00:00Z,Foxbit,BRL,usdtbrl,1d,5.699,"reported, not observed",api.foxbit.com.br/rest/v3/markets/usdtbrl/candlesticks
2021-12-11T00:00:00Z,Foxbit,BRL,usdtbrl,1d,5.688,"reported, not observed",api.foxbit.com.br/rest/v3/markets/usdtbrl/candlesticks
2021-12-12T00:00:00Z,Foxbit,BRL,usdtbrl,1d,5.577,"reported, not observed",api.foxbit.com.br/rest/v3/markets/usdtbrl/candlesticks
2021-12-13T00:00:00Z,Foxbit,BRL,usdtbrl,1d,5.699,"reported, not observed",api.foxbit.com.br/rest/v3/markets/usdtbrl/candlesticks
2021-12-14T00:00:00Z,Foxbit,BRL,usdtbrl,1d,5.638,"reported, not observed",api.foxbit.com.br/rest/v3/markets/usdtbrl/candlesticks
2021-12-15T00:00:00Z,Foxbit,BRL,usdtbrl,1d,5.679,"reported, not observed",api.foxbit.com.br/rest/v3/markets/usdtbrl/candlesticks
2021-12-16T00:00:00Z,Foxbit,BRL,usdtbrl,1d,5.75,"reported, not observed",api.foxbit.com.br/rest/v3/markets/usdtbrl/candlesticks
2021-12-17T00:00:00Z,Foxbit,BRL,usdtbrl,1d,5.635,"reported, not observed",api.foxbit.com.br/rest/v3/markets/usdtbrl/candlesticks
2021-12-18T00:00:00Z,Foxbit,BRL,usdtbrl,1d,5.622,"reported, not observed",api.foxbit.com.br/rest/v3/markets/usdtbrl/candlesticks
2021-12-19T00:00:00Z,Foxbit,BRL,usdtbrl,1d,5.73,"reported, not observed",api.foxbit.com.br/rest/v3/markets/usdtbrl/candlesticks
2021-12-20T00:00:00Z,Foxbit,BRL,usdtbrl,1d,5.638,"reported, not observed",api.foxbit.com.br/rest/v3/markets/usdtbrl/candlesticks
2021-12-21T00:00:00Z,Foxbit,BRL,usdtbrl,1d,5.729,"reported, not observed",api.foxbit.com.br/rest/v3/markets/usdtbrl/candlesticks
2021-12-22T00:00:00Z,Foxbit,BRL,usdtbrl,1d,5.739,"reported, not observed",api.foxbit.com.br/rest/v3/markets/usdtbrl/candlesticks
2021-12-23T00:00:00Z,Foxbit,BRL,usdtbrl,1d,5.7079,"reported, not observed",api.foxbit.com.br/rest/v3/markets/usdtbrl/candlesticks
2021-12-24T00:00:00Z,Foxbit,BRL,usdtbrl,1d,5.707,"reported, not observed",api.foxbit.com.br/rest/v3/markets/usdtbrl/candlesticks
2021-12-25T00:00:00Z,Foxbit,BRL,usdtbrl,1d,5.649,"reported, not observed",api.foxbit.com.br/rest/v3/markets/usdtbrl/candlesticks
2021-12-26T00:00:00Z,Foxbit,BRL,usdtbrl,1d,5.705,"reported, not observed",api.foxbit.com.br/rest/v3/markets/usdtbrl/candlesticks
2021-12-27T00:00:00Z,Foxbit,BRL,usdtbrl,1d,5.621,"reported, not observed",api.foxbit.com.br/rest/v3/markets/usdtbrl/candlesticks
2021-12-28T00:00:00Z,Foxbit,BRL,usdtbrl,1d,5.67,"reported, not observed",api.foxbit.com.br/rest/v3/markets/usdtbrl/candlesticks
2021-12-29T00:00:00Z,Foxbit,BRL,usdtbrl,1d,5.503,"reported, not observed",api.foxbit.com.br/rest/v3/markets/usdtbrl/candlesticks
2021-12-30T00:00:00Z,Foxbit,BRL,usdtbrl,1d,5.57,"reported, not observed",api.foxbit.com.br/rest/v3/markets/usdtbrl/candlesticks
2021-12-31T00:00:00Z,Foxbit,BRL,usdtbrl,1d,5.597,"reported, not observed",api.foxbit.com.br/rest/v3/markets/usdtbrl/candlesticks
2022-01-01T00:00:00Z,Foxbit,BRL,usdtbrl,1d,5.569,"reported, not observed",api.foxbit.com.br/rest/v3/markets/usdtbrl/candlesticks
2022-01-02T00:00:00Z,Foxbit,BRL,usdtbrl,1d,5.567,"reported, not observed",api.foxbit.com.br/rest/v3/markets/usdtbrl/candlesticks
2022-01-03T00:00:00Z,Foxbit,BRL,usdtbrl,1d,5.724,"reported, not observed",api.foxbit.com.br/rest/v3/markets/usdtbrl/candlesticks
2022-01-04T00:00:00Z,Foxbit,BRL,usdtbrl,1d,5.7,"reported, not observed",api.foxbit.com.br/rest/v3/markets/usdtbrl/candlesticks
2022-01-05T00:00:00Z,Foxbit,BRL,usdtbrl,1d,5.53,"reported, not observed",api.foxbit.com.br/rest/v3/markets/usdtbrl/candlesticks
2022-01-06T00:00:00Z,Foxbit,BRL,usdtbrl,1d,5.655,"reported, not observed",api.foxbit.com.br/rest/v3/markets/usdtbrl/candlesticks
2022-01-07T00:00:00Z,Foxbit,BRL,usdtbrl,1d,5.549,"reported, not observed",api.foxbit.com.br/rest/v3/markets/usdtbrl/candlesticks
2022-01-08T00:00:00Z,Foxbit,BRL,usdtbrl,1d,5.494,"reported, not observed",api.foxbit.com.br/rest/v3/markets/usdtbrl/candlesticks
2022-01-09T00:00:00Z,Foxbit,BRL,usdtbrl,1d,5.65,"reported, not observed",api.foxbit.com.br/rest/v3/markets/usdtbrl/candlesticks
2022-01-10T00:00:00Z,Foxbit,BRL,usdtbrl,1d,5.674,"reported, not observed",api.foxbit.com.br/rest/v3/markets/usdtbrl/candlesticks
2022-01-11T00:00:00Z,Foxbit,BRL,usdtbrl,1d,5.585,"reported, not observed",api.foxbit.com.br/rest/v3/markets/usdtbrl/candlesticks
2022-01-12T00:00:00Z,Foxbit,BRL,usdtbrl,1d,5.57,"reported, not observed",api.foxbit.com.br/rest/v3/markets/usdtbrl/candlesticks
2022-01-13T00:00:00Z,Foxbit,BRL,usdtbrl,1d,5.525,"reported, not observed",api.foxbit.com.br/rest/v3/markets/usdtbrl/candlesticks
2022-01-14T00:00:00Z,Foxbit,BRL,usdtbrl,1d,5.56,"reported, not observed",api.foxbit.com.br/rest/v3/markets/usdtbrl/candlesticks
2022-01-15T00:00:00Z,Foxbit,BRL,usdtbrl,1d,5.5141,"reported, not observed",api.foxbit.com.br/rest/v3/markets/usdtbrl/candlesticks
2022-01-16T00:00:00Z,Foxbit,BRL,usdtbrl,1d,5.519,"reported, not observed",api.foxbit.com.br/rest/v3/markets/usdtbrl/candlesticks
2022-01-17T00:00:00Z,Foxbit,BRL,usdtbrl,1d,5.519,"reported, not observed",api.foxbit.com.br/rest/v3/markets/usdtbrl/candlesticks
2022-01-18T00:00:00Z,Foxbit,BRL,usdtbrl,1d,5.55,"reported, not observed",api.foxbit.com.br/rest/v3/markets/usdtbrl/candlesticks
2022-01-19T00:00:00Z,Foxbit,BRL,usdtbrl,1d,5.5379,"reported, not observed",api.foxbit.com.br/rest/v3/markets/usdtbrl/candlesticks
2022-01-20T00:00:00Z,Foxbit,BRL,usdtbrl,1d,5.4691,"reported, not observed",api.foxbit.com.br/rest/v3/markets/usdtbrl/candlesticks
2022-01-21T00:00:00Z,Foxbit,BRL,usdtbrl,1d,5.514,"reported, not observed",api.foxbit.com.br/rest/v3/markets/usdtbrl/candlesticks
2022-01-22T00:00:00Z,Foxbit,BRL,usdtbrl,1d,5.529,"reported, not observed",api.foxbit.com.br/rest/v3/markets/usdtbrl/candlesticks
2022-01-23T00:00:00Z,Foxbit,BRL,usdtbrl,1d,5.5299,"reported, not observed",api.foxbit.com.br/rest/v3/markets/usdtbrl/candlesticks
2022-01-24T00:00:00Z,Foxbit,BRL,usdtbrl,1d,5.5519,"reported, not observed",api.foxbit.com.br/rest/v3/markets/usdtbrl/candlesticks
2022-01-25T00:00:00Z,Foxbit,BRL,usdtbrl,1d,5.5197,"reported, not observed",api.foxbit.com.br/rest/v3/markets/usdtbrl/candlesticks
2022-01-26T00:00:00Z,Foxbit,BRL,usdtbrl,1d,5.4282,"reported, not observed",api.foxbit.com.br/rest/v3/markets/usdtbrl/candlesticks
2022-01-27T00:00:00Z,Foxbit,BRL,usdtbrl,1d,5.3821,"reported, not observed",api.foxbit.com.br/rest/v3/markets/usdtbrl/candlesticks
2022-01-28T00:00:00Z,Foxbit,BRL,usdtbrl,1d,5.323,"reported, not observed",api.foxbit.com.br/rest/v3/markets/usdtbrl/candlesticks
2022-01-29T00:00:00Z,Foxbit,BRL,usdtbrl,1d,5.409,"reported, not observed",api.foxbit.com.br/rest/v3/markets/usdtbrl/candlesticks
2022-01-30T00:00:00Z,Foxbit,BRL,usdtbrl,1d,5.41,"reported, not observed",api.foxbit.com.br/rest/v3/markets/usdtbrl/candlesticks
2022-01-31T00:00:00Z,Foxbit,BRL,usdtbrl,1d,5.3,"reported, not observed",api.foxbit.com.br/rest/v3/markets/usdtbrl/candlesticks
2022-02-01T00:00:00Z,Foxbit,BRL,usdtbrl,1d,5.2331,"reported, not observed",api.foxbit.com.br/rest/v3/markets/usdtbrl/candlesticks
2022-02-02T00:00:00Z,Foxbit,BRL,usdtbrl,1d,5.2401,"reported, not observed",api.foxbit.com.br/rest/v3/markets/usdtbrl/candlesticks
2022-02-03T00:00:00Z,Foxbit,BRL,usdtbrl,1d,5.2989,"reported, not observed",api.foxbit.com.br/rest/v3/markets/usdtbrl/candlesticks
2022-02-04T00:00:00Z,Foxbit,BRL,usdtbrl,1d,5.3342,"reported, not observed",api.foxbit.com.br/rest/v3/markets/usdtbrl/candlesticks
2022-02-05T00:00:00Z,Foxbit,BRL,usdtbrl,1d,5.3401,"reported, not observed",api.foxbit.com.br/rest/v3/markets/usdtbrl/candlesticks
2022-02-06T00:00:00Z,Foxbit,BRL,usdtbrl,1d,5.3995,"reported, not observed",api.foxbit.com.br/rest/v3/markets/usdtbrl/candlesticks
2022-02-07T00:00:00Z,Foxbit,BRL,usdtbrl,1d,5.2411,"reported, not observed",api.foxbit.com.br/rest/v3/markets/usdtbrl/candlesticks
2022-02-08T00:00:00Z,Foxbit,BRL,usdtbrl,1d,5.307,"reported, not observed",api.foxbit.com.br/rest/v3/markets/usdtbrl/candlesticks
2022-02-09T00:00:00Z,Foxbit,BRL,usdtbrl,1d,5.1532,"reported, not observed",api.foxbit.com.br/rest/v3/markets/usdtbrl/candlesticks
2022-02-10T00:00:00Z,Foxbit,BRL,usdtbrl,1d,5.208,"reported, not observed",api.foxbit.com.br/rest/v3/markets/usdtbrl/candlesticks
2022-02-11T00:00:00Z,Foxbit,BRL,usdtbrl,1d,5.26,"reported, not observed",api.foxbit.com.br/rest/v3/markets/usdtbrl/candlesticks
2022-02-12T00:00:00Z,Foxbit,BRL,usdtbrl,1d,5.2052,"reported, not observed",api.foxbit.com.br/rest/v3/markets/usdtbrl/candlesticks
2022-02-13T00:00:00Z,Foxbit,BRL,usdtbrl,1d,5.269,"reported, not observed",api.foxbit.com.br/rest/v3/markets/usdtbrl/candlesticks
2022-02-14T00:00:00Z,Foxbit,BRL,usdtbrl,1d,5.18,"reported, not observed",api.foxbit.com.br/rest/v3/markets/usdtbrl/candlesticks
2022-02-15T00:00:00Z,Foxbit,BRL,usdtbrl,1d,5.17,"reported, not observed",api.foxbit.com.br/rest/v3/markets/usdtbrl/candlesticks
2022-02-16T00:00:00Z,Foxbit,BRL,usdtbrl,1d,5.1551,"reported, not observed",api.foxbit.com.br/rest/v3/markets/usdtbrl/candlesticks
2022-02-17T00:00:00Z,Foxbit,BRL,usdtbrl,1d,5.1895,"reported, not observed",api.foxbit.com.br/rest/v3/markets/usdtbrl/candlesticks
2022-02-18T00:00:00Z,Foxbit,BRL,usdtbrl,1d,5.179,"reported, not observed",api.foxbit.com.br/rest/v3/markets/usdtbrl/candlesticks
2022-02-19T00:00:00Z,Foxbit,BRL,usdtbrl,1d,5.1341,"reported, not observed",api.foxbit.com.br/rest/v3/markets/usdtbrl/candlesticks
2022-02-20T00:00:00Z,Foxbit,BRL,usdtbrl,1d,5.113,"reported, not observed",api.foxbit.com.br/rest/v3/markets/usdtbrl/candlesticks
2022-02-21T00:00:00Z,Foxbit,BRL,usdtbrl,1d,5.11,"reported, not observed",api.foxbit.com.br/rest/v3/markets/usdtbrl/candlesticks
2022-02-22T00:00:00Z,Foxbit,BRL,usdtbrl,1d,5.054,"reported, not observed",api.foxbit.com.br/rest/v3/markets/usdtbrl/candlesticks
2022-02-23T00:00:00Z,Foxbit,BRL,usdtbrl,1d,5.05,"reported, not observed",api.foxbit.com.br/rest/v3/markets/usdtbrl/candlesticks
2022-02-24T00:00:00Z,Foxbit,BRL,usdtbrl,1d,5.1093,"reported, not observed",api.foxbit.com.br/rest/v3/markets/usdtbrl/candlesticks
2022-02-25T00:00:00Z,Foxbit,BRL,usdtbrl,1d,5.204,"reported, not observed",api.foxbit.com.br/rest/v3/markets/usdtbrl/candlesticks
2022-02-26T00:00:00Z,Foxbit,BRL,usdtbrl,1d,5.2439,"reported, not observed",api.foxbit.com.br/rest/v3/markets/usdtbrl/candlesticks
2022-02-27T00:00:00Z,Foxbit,BRL,usdtbrl,1d,5.2285,"reported, not observed",api.foxbit.com.br/rest/v3/markets/usdtbrl/candlesticks
2022-02-28T00:00:00Z,Foxbit,BRL,usdtbrl,1d,5.1739,"reported, not observed",api.foxbit.com.br/rest/v3/markets/usdtbrl/candlesticks
2022-03-01T00:00:00Z,Foxbit,BRL,usdtbrl,1d,5.1587,"reported, not observed",api.foxbit.com.br/rest/v3/markets/usdtbrl/candlesticks
2022-03-02T00:00:00Z,Foxbit,BRL,usdtbrl,1d,5.1218,"reported, not observed",api.foxbit.com.br/rest/v3/markets/usdtbrl/candlesticks
2022-03-03T00:00:00Z,Foxbit,BRL,usdtbrl,1d,5.0521,"reported, not observed",api.foxbit.com.br/rest/v3/markets/usdtbrl/candlesticks
2022-03-04T00:00:00Z,Foxbit,BRL,usdtbrl,1d,5.1199,"reported, not observed",api.foxbit.com.br/rest/v3/markets/usdtbrl/candlesticks
2022-03-05T00:00:00Z,Foxbit,BRL,usdtbrl,1d,5.1258,"reported, not observed",api.foxbit.com.br/rest/v3/markets/usdtbrl/candlesticks
2022-03-06T00:00:00Z,Foxbit,BRL,usdtbrl,1d,5.1339,"reported, not observed",api.foxbit.com.br/rest/v3/markets/usdtbrl/candlesticks
2022-03-07T00:00:00Z,Foxbit,BRL,usdtbrl,1d,5.1479,"reported, not observed",api.foxbit.com.br/rest/v3/markets/usdtbrl/candlesticks
2022-03-08T00:00:00Z,Foxbit,BRL,usdtbrl,1d,5.148,"reported, not observed",api.foxbit.com.br/rest/v3/markets/usdtbrl/candlesticks
2022-03-09T00:00:00Z,Foxbit,BRL,usdtbrl,1d,5.166,"reported, not observed",api.foxbit.com.br/rest/v3/markets/usdtbrl/candlesticks
2022-03-10T00:00:00Z,Foxbit,BRL,usdtbrl,1d,5.001,"reported, not observed",api.foxbit.com.br/rest/v3/markets/usdtbrl/candlesticks
2022-03-11T00:00:00Z,Foxbit,BRL,usdtbrl,1d,5.046,"reported, not observed",api.foxbit.com.br/rest/v3/markets/usdtbrl/candlesticks
2022-03-12T00:00:00Z,Foxbit,BRL,usdtbrl,1d,5.0301,"reported, not observed",api.foxbit.com.br/rest/v3/markets/usdtbrl/candlesticks
2022-03-13T00:00:00Z,Foxbit,BRL,usdtbrl,1d,5.09,"reported, not observed",api.foxbit.com.br/rest/v3/markets/usdtbrl/candlesticks
2022-03-14T00:00:00Z,Foxbit,BRL,usdtbrl,1d,5.13,"reported, not observed",api.foxbit.com.br/rest/v3/markets/usdtbrl/candlesticks
2022-03-15T00:00:00Z,Foxbit,BRL,usdtbrl,1d,5.101,"reported, not observed",api.foxbit.com.br/rest/v3/markets/usdtbrl/candlesticks
2022-03-16T00:00:00Z,Foxbit,BRL,usdtbrl,1d,5.134,"reported, not observed",api.foxbit.com.br/rest/v3/markets/usdtbrl/candlesticks
2022-03-17T00:00:00Z,Foxbit,BRL,usdtbrl,1d,5.065,"reported, not observed",api.foxbit.com.br/rest/v3/markets/usdtbrl/candlesticks
2022-03-18T00:00:00Z,Foxbit,BRL,usdtbrl,1d,5.012,"reported, not observed",api.foxbit.com.br/rest/v3/markets/usdtbrl/candlesticks
2022-03-19T00:00:00Z,Foxbit,BRL,usdtbrl,1d,5.033,"reported, not observed",api.foxbit.com.br/rest/v3/markets/usdtbrl/candlesticks
2022-03-20T00:00:00Z,Foxbit,BRL,usdtbrl,1d,5.09,"reported, not observed",api.foxbit.com.br/rest/v3/markets/usdtbrl/candlesticks
2022-03-21T00:00:00Z,Foxbit,BRL,usdtbrl,1d,5.027,"reported, not observed",api.foxbit.com.br/rest/v3/markets/usdtbrl/candlesticks
2022-03-22T00:00:00Z,Foxbit,BRL,usdtbrl,1d,4.923,"reported, not observed",api.foxbit.com.br/rest/v3/markets/usdtbrl/candlesticks
2022-03-23T00:00:00Z,Foxbit,BRL,usdtbrl,1d,4.88,"reported, not observed",api.foxbit.com.br/rest/v3/markets/usdtbrl/candlesticks
2022-03-24T00:00:00Z,Foxbit,BRL,usdtbrl,1d,4.8651,"reported, not observed",api.foxbit.com.br/rest/v3/markets/usdtbrl/candlesticks
2022-03-25T00:00:00Z,Foxbit,BRL,usdtbrl,1d,4.7621,"reported, not observed",api.foxbit.com.br/rest/v3/markets/usdtbrl/candlesticks
2022-03-26T00:00:00Z,Foxbit,BRL,usdtbrl,1d,4.777,"reported, not observed",api.foxbit.com.br/rest/v3/markets/usdtbrl/candlesticks
2022-03-27T00:00:00Z,Foxbit,BRL,usdtbrl,1d,4.723,"reported, not observed",api.foxbit.com.br/rest/v3/markets/usdtbrl/candlesticks
2022-03-28T00:00:00Z,Foxbit,BRL,usdtbrl,1d,4.7979,"reported, not observed",api.foxbit.com.br/rest/v3/markets/usdtbrl/candlesticks
2022-03-29T00:00:00Z,Foxbit,BRL,usdtbrl,1d,4.7721,"reported, not observed",api.foxbit.com.br/rest/v3/markets/usdtbrl/candlesticks
2022-03-30T00:00:00Z,Foxbit,BRL,usdtbrl,1d,4.8167,"reported, not observed",api.foxbit.com.br/rest/v3/markets/usdtbrl/candlesticks
2022-03-31T00:00:00Z,Foxbit,BRL,usdtbrl,1d,4.7451,"reported, not observed",api.foxbit.com.br/rest/v3/markets/usdtbrl/candlesticks
2022-04-01T00:00:00Z,Foxbit,BRL,usdtbrl,1d,4.712,"reported, not observed",api.foxbit.com.br/rest/v3/markets/usdtbrl/candlesticks
2022-04-02T00:00:00Z,Foxbit,BRL,usdtbrl,1d,4.7,"reported, not observed",api.foxbit.com.br/rest/v3/markets/usdtbrl/candlesticks
2022-04-03T00:00:00Z,Foxbit,BRL,usdtbrl,1d,4.6411,"reported, not observed",api.foxbit.com.br/rest/v3/markets/usdtbrl/candlesticks
2022-04-04T00:00:00Z,Foxbit,BRL,usdtbrl,1d,4.67,"reported, not observed",api.foxbit.com.br/rest/v3/markets/usdtbrl/candlesticks
2022-04-05T00:00:00Z,Foxbit,BRL,usdtbrl,1d,4.66,"reported, not observed",api.foxbit.com.br/rest/v3/markets/usdtbrl/candlesticks
2022-04-06T00:00:00Z,Foxbit,BRL,usdtbrl,1d,4.609,"reported, not observed",api.foxbit.com.br/rest/v3/markets/usdtbrl/candlesticks
2022-04-07T00:00:00Z,Foxbit,BRL,usdtbrl,1d,4.7618,"reported, not observed",api.foxbit.com.br/rest/v3/markets/usdtbrl/candlesticks
2022-04-08T00:00:00Z,Foxbit,BRL,usdtbrl,1d,4.7589,"reported, not observed",api.foxbit.com.br/rest/v3/markets/usdtbrl/candlesticks
2022-04-09T00:00:00Z,Foxbit,BRL,usdtbrl,1d,4.7519,"reported, not observed",api.foxbit.com.br/rest/v3/markets/usdtbrl/candlesticks
2022-04-10T00:00:00Z,Foxbit,BRL,usdtbrl,1d,4.7697,"reported, not observed",api.foxbit.com.br/rest/v3/markets/usdtbrl/candlesticks
2022-04-11T00:00:00Z,Foxbit,BRL,usdtbrl,1d,4.74,"reported, not observed",api.foxbit.com.br/rest/v3/markets/usdtbrl/candlesticks
2022-04-12T00:00:00Z,Foxbit,BRL,usdtbrl,1d,4.7359,"reported, not observed",api.foxbit.com.br/rest/v3/markets/usdtbrl/candlesticks
2022-04-13T00:00:00Z,Foxbit,BRL,usdtbrl,1d,4.7489,"reported, not observed",api.foxbit.com.br/rest/v3/markets/usdtbrl/candlesticks
2022-04-14T00:00:00Z,Foxbit,BRL,usdtbrl,1d,4.7449,"reported, not observed",api.foxbit.com.br/rest/v3/markets/usdtbrl/candlesticks
2022-04-15T00:00:00Z,Foxbit,BRL,usdtbrl,1d,4.75,"reported, not observed",api.foxbit.com.br/rest/v3/markets/usdtbrl/candlesticks
2022-04-16T00:00:00Z,Foxbit,BRL,usdtbrl,1d,4.7141,"reported, not observed",api.foxbit.com.br/rest/v3/markets/usdtbrl/candlesticks
2022-04-17T00:00:00Z,Foxbit,BRL,usdtbrl,1d,4.7401,"reported, not observed",api.foxbit.com.br/rest/v3/markets/usdtbrl/candlesticks
2022-04-18T00:00:00Z,Foxbit,BRL,usdtbrl,1d,4.6839,"reported, not observed",api.foxbit.com.br/rest/v3/markets/usdtbrl/candlesticks
2022-04-19T00:00:00Z,Foxbit,BRL,usdtbrl,1d,4.7121,"reported, not observed",api.foxbit.com.br/rest/v3/markets/usdtbrl/candlesticks
2022-04-20T00:00:00Z,Foxbit,BRL,usdtbrl,1d,4.6431,"reported, not observed",api.foxbit.com.br/rest/v3/markets/usdtbrl/candlesticks
2022-04-21T00:00:00Z,Foxbit,BRL,usdtbrl,1d,4.8379,"reported, not observed",api.foxbit.com.br/rest/v3/markets/usdtbrl/candlesticks
2022-04-22T00:00:00Z,Foxbit,BRL,usdtbrl,1d,4.691,"reported, not observed",api.foxbit.com.br/rest/v3/markets/usdtbrl/candlesticks
2022-04-23T00:00:00Z,Foxbit,BRL,usdtbrl,1d,4.7751,"reported, not observed",api.foxbit.com.br/rest/v3/markets/usdtbrl/candlesticks
2022-04-24T00:00:00Z,Foxbit,BRL,usdtbrl,1d,4.8758,"reported, not observed",api.foxbit.com.br/rest/v3/markets/usdtbrl/candlesticks
2022-04-25T00:00:00Z,Foxbit,BRL,usdtbrl,1d,4.8471,"reported, not observed",api.foxbit.com.br/rest/v3/markets/usdtbrl/candlesticks
2022-04-26T00:00:00Z,Foxbit,BRL,usdtbrl,1d,5.0297,"reported, not observed",api.foxbit.com.br/rest/v3/markets/usdtbrl/candlesticks
2022-04-27T00:00:00Z,Foxbit,BRL,usdtbrl,1d,5.0,"reported, not observed",api.foxbit.com.br/rest/v3/markets/usdtbrl/candlesticks
2022-04-28T00:00:00Z,Foxbit,BRL,usdtbrl,1d,4.992,"reported, not observed",api.foxbit.com.br/rest/v3/markets/usdtbrl/candlesticks
2022-04-29T00:00:00Z,Foxbit,BRL,usdtbrl,1d,5.115,"reported, not observed",api.foxbit.com.br/rest/v3/markets/usdtbrl/candlesticks
2022-04-30T00:00:00Z,Foxbit,BRL,usdtbrl,1d,5.0192,"reported, not observed",api.foxbit.com.br/rest/v3/markets/usdtbrl/candlesticks
2022-05-01T00:00:00Z,Foxbit,BRL,usdtbrl,1d,5.0209,"reported, not observed",api.foxbit.com.br/rest/v3/markets/usdtbrl/candlesticks
2022-05-02T00:00:00Z,Foxbit,BRL,usdtbrl,1d,5.07,"reported, not observed",api.foxbit.com.br/rest/v3/markets/usdtbrl/candlesticks
2022-05-03T00:00:00Z,Foxbit,BRL,usdtbrl,1d,4.8601,"reported, not observed",api.foxbit.com.br/rest/v3/markets/usdtbrl/candlesticks
2022-05-04T00:00:00Z,Foxbit,BRL,usdtbrl,1d,4.949,"reported, not observed",api.foxbit.com.br/rest/v3/markets/usdtbrl/candlesticks
2022-05-05T00:00:00Z,Foxbit,BRL,usdtbrl,1d,4.867,"reported, not observed",api.foxbit.com.br/rest/v3/markets/usdtbrl/candlesticks
2022-05-06T00:00:00Z,Foxbit,BRL,usdtbrl,1d,5.064,"reported, not observed",api.foxbit.com.br/rest/v3/markets/usdtbrl/candlesticks
2022-05-07T00:00:00Z,Foxbit,BRL,usdtbrl,1d,4.892,"reported, not observed",api.foxbit.com.br/rest/v3/markets/usdtbrl/candlesticks
2022-05-08T00:00:00Z,Foxbit,BRL,usdtbrl,1d,5.077,"reported, not observed",api.foxbit.com.br/rest/v3/markets/usdtbrl/candlesticks
2022-05-09T00:00:00Z,Foxbit,BRL,usdtbrl,1d,5.125,"reported, not observed",api.foxbit.com.br/rest/v3/markets/usdtbrl/candlesticks
2022-05-10T00:00:00Z,Foxbit,BRL,usdtbrl,1d,5.16,"reported, not observed",api.foxbit.com.br/rest/v3/markets/usdtbrl/candlesticks
2022-05-11T00:00:00Z,Foxbit,BRL,usdtbrl,1d,5.133,"reported, not observed",api.foxbit.com.br/rest/v3/markets/usdtbrl/candlesticks
2022-05-12T00:00:00Z,Foxbit,BRL,usdtbrl,1d,5.0721,"reported, not observed",api.foxbit.com.br/rest/v3/markets/usdtbrl/candlesticks
2022-05-13T00:00:00Z,Foxbit,BRL,usdtbrl,1d,5.1069,"reported, not observed",api.foxbit.com.br/rest/v3/markets/usdtbrl/candlesticks
2022-05-14T00:00:00Z,Foxbit,BRL,usdtbrl,1d,5.0366,"reported, not observed",api.foxbit.com.br/rest/v3/markets/usdtbrl/candlesticks
2022-05-15T00:00:00Z,Foxbit,BRL,usdtbrl,1d,4.992,"reported, not observed",api.foxbit.com.br/rest/v3/markets/usdtbrl/candlesticks
2022-05-16T00:00:00Z,Foxbit,BRL,usdtbrl,1d,5.0929,"reported, not observed",api.foxbit.com.br/rest/v3/markets/usdtbrl/candlesticks
2022-05-17T00:00:00Z,Foxbit,BRL,usdtbrl,1d,4.9896,"reported, not observed",api.foxbit.com.br/rest/v3/markets/usdtbrl/candlesticks
2022-05-18T00:00:00Z,Foxbit,BRL,usdtbrl,1d,5.0729,"reported, not observed",api.foxbit.com.br/rest/v3/markets/usdtbrl/candlesticks
2022-05-19T00:00:00Z,Foxbit,BRL,usdtbrl,1d,4.959,"reported, not observed",api.foxbit.com.br/rest/v3/markets/usdtbrl/candlesticks
2022-05-20T00:00:00Z,Foxbit,BRL,usdtbrl,1d,4.9469,"reported, not observed",api.foxbit.com.br/rest/v3/markets/usdtbrl/candlesticks
2022-05-21T00:00:00Z,Foxbit,BRL,usdtbrl,1d,4.909,"reported, not observed",api.foxbit.com.br/rest/v3/markets/usdtbrl/candlesticks
2022-05-22T00:00:00Z,Foxbit,BRL,usdtbrl,1d,4.877,"reported, not observed",api.foxbit.com.br/rest/v3/markets/usdtbrl/candlesticks
2022-05-23T00:00:00Z,Foxbit,BRL,usdtbrl,1d,4.802,"reported, not observed",api.foxbit.com.br/rest/v3/markets/usdtbrl/candlesticks
2022-05-24T00:00:00Z,Foxbit,BRL,usdtbrl,1d,4.8054,"reported, not observed",api.foxbit.com.br/rest/v3/markets/usdtbrl/candlesticks
2022-05-25T00:00:00Z,Foxbit,BRL,usdtbrl,1d,4.848,"reported, not observed",api.foxbit.com.br/rest/v3/markets/usdtbrl/candlesticks
2022-05-26T00:00:00Z,Foxbit,BRL,usdtbrl,1d,4.778,"reported, not observed",api.foxbit.com.br/rest/v3/markets/usdtbrl/candlesticks
2022-05-27T00:00:00Z,Foxbit,BRL,usdtbrl,1d,4.7362,"reported, not observed",api.foxbit.com.br/rest/v3/markets/usdtbrl/candlesticks
2022-05-28T00:00:00Z,Foxbit,BRL,usdtbrl,1d,4.7988,"reported, not observed",api.foxbit.com.br/rest/v3/markets/usdtbrl/candlesticks
2022-05-29T00:00:00Z,Foxbit,BRL,usdtbrl,1d,4.7816,"reported, not observed",api.foxbit.com.br/rest/v3/markets/usdtbrl/candlesticks
2022-05-30T00:00:00Z,Foxbit,BRL,usdtbrl,1d,4.8148,"reported, not observed",api.foxbit.com.br/rest/v3/markets/usdtbrl/candlesticks
2022-05-31T00:00:00Z,Foxbit,BRL,usdtbrl,1d,4.7739,"reported, not observed",api.foxbit.com.br/rest/v3/markets/usdtbrl/candlesticks
2022-06-01T00:00:00Z,Foxbit,BRL,usdtbrl,1d,4.84,"reported, not observed",api.foxbit.com.br/rest/v3/markets/usdtbrl/candlesticks
2022-06-02T00:00:00Z,Foxbit,BRL,usdtbrl,1d,4.8359,"reported, not observed",api.foxbit.com.br/rest/v3/markets/usdtbrl/candlesticks
2022-06-03T00:00:00Z,Foxbit,BRL,usdtbrl,1d,4.7722,"reported, not observed",api.foxbit.com.br/rest/v3/markets/usdtbrl/candlesticks
2022-06-04T00:00:00Z,Foxbit,BRL,usdtbrl,1d,4.8439,"reported, not observed",api.foxbit.com.br/rest/v3/markets/usdtbrl/candlesticks
2022-06-05T00:00:00Z,Foxbit,BRL,usdtbrl,1d,4.7815,"reported, not observed",api.foxbit.com.br/rest/v3/markets/usdtbrl/candlesticks
2022-06-06T00:00:00Z,Foxbit,BRL,usdtbrl,1d,4.802,"reported, not observed",api.foxbit.com.br/rest/v3/markets/usdtbrl/candlesticks
2022-06-07T00:00:00Z,Foxbit,BRL,usdtbrl,1d,4.879,"reported, not observed",api.foxbit.com.br/rest/v3/markets/usdtbrl/candlesticks
2022-06-08T00:00:00Z,Foxbit,BRL,usdtbrl,1d,4.9241,"reported, not observed",api.foxbit.com.br/rest/v3/markets/usdtbrl/candlesticks
2022-06-09T00:00:00Z,Foxbit,BRL,usdtbrl,1d,4.9297,"reported, not observed",api.foxbit.com.br/rest/v3/markets/usdtbrl/candlesticks
2022-06-10T00:00:00Z,Foxbit,BRL,usdtbrl,1d,5.0,"reported, not observed",api.foxbit.com.br/rest/v3/markets/usdtbrl/candlesticks
2022-06-11T00:00:00Z,Foxbit,BRL,usdtbrl,1d,5.0431,"reported, not observed",api.foxbit.com.br/rest/v3/markets/usdtbrl/candlesticks
2022-06-12T00:00:00Z,Foxbit,BRL,usdtbrl,1d,4.982,"reported, not observed",api.foxbit.com.br/rest/v3/markets/usdtbrl/candlesticks
2022-06-13T00:00:00Z,Foxbit,BRL,usdtbrl,1d,5.12,"reported, not observed",api.foxbit.com.br/rest/v3/markets/usdtbrl/candlesticks
2022-06-14T00:00:00Z,Foxbit,BRL,usdtbrl,1d,5.1577,"reported, not observed",api.foxbit.com.br/rest/v3/markets/usdtbrl/candlesticks
2022-06-15T00:00:00Z,Foxbit,BRL,usdtbrl,1d,5.0946,"reported, not observed",api.foxbit.com.br/rest/v3/markets/usdtbrl/candlesticks
2022-06-16T00:00:00Z,Foxbit,BRL,usdtbrl,1d,5.058,"reported, not observed",api.foxbit.com.br/rest/v3/markets/usdtbrl/candlesticks
2022-06-17T00:00:00Z,Foxbit,BRL,usdtbrl,1d,5.2089,"reported, not observed",api.foxbit.com.br/rest/v3/markets/usdtbrl/candlesticks
2022-06-18T00:00:00Z,Foxbit,BRL,usdtbrl,1d,5.2177,"reported, not observed",api.foxbit.com.br/rest/v3/markets/usdtbrl/candlesticks
2022-06-19T00:00:00Z,Foxbit,BRL,usdtbrl,1d,5.1947,"reported, not observed",api.foxbit.com.br/rest/v3/markets/usdtbrl/candlesticks
2022-06-20T00:00:00Z,Foxbit,BRL,usdtbrl,1d,5.1936,"reported, not observed",api.foxbit.com.br/rest/v3/markets/usdtbrl/candlesticks
2022-06-21T00:00:00Z,Foxbit,BRL,usdtbrl,1d,5.2337,"reported, not observed",api.foxbit.com.br/rest/v3/markets/usdtbrl/candlesticks
2022-06-22T00:00:00Z,Foxbit,BRL,usdtbrl,1d,5.2519,"reported, not observed",api.foxbit.com.br/rest/v3/markets/usdtbrl/candlesticks
2022-06-23T00:00:00Z,Foxbit,BRL,usdtbrl,1d,5.2888,"reported, not observed",api.foxbit.com.br/rest/v3/markets/usdtbrl/candlesticks
2022-06-24T00:00:00Z,Foxbit,BRL,usdtbrl,1d,5.332,"reported, not observed",api.foxbit.com.br/rest/v3/markets/usdtbrl/candlesticks
2022-06-25T00:00:00Z,Foxbit,BRL,usdtbrl,1d,5.239,"reported, not observed",api.foxbit.com.br/rest/v3/markets/usdtbrl/candlesticks
2022-06-26T00:00:00Z,Foxbit,BRL,usdtbrl,1d,5.2989,"reported, not observed",api.foxbit.com.br/rest/v3/markets/usdtbrl/candlesticks
2022-06-27T00:00:00Z,Foxbit,BRL,usdtbrl,1d,5.2809,"reported, not observed",api.foxbit.com.br/rest/v3/markets/usdtbrl/candlesticks
2022-06-28T00:00:00Z,Foxbit,BRL,usdtbrl,1d,5.308,"reported, not observed",api.foxbit.com.br/rest/v3/markets/usdtbrl/candlesticks
2022-06-29T00:00:00Z,Foxbit,BRL,usdtbrl,1d,5.2189,"reported, not observed",api.foxbit.com.br/rest/v3/markets/usdtbrl/candlesticks
2022-06-30T00:00:00Z,Foxbit,BRL,usdtbrl,1d,5.2292,"reported, not observed",api.foxbit.com.br/rest/v3/markets/usdtbrl/candlesticks
2022-07-01T00:00:00Z,Foxbit,BRL,usdtbrl,1d,5.344,"reported, not observed",api.foxbit.com.br/rest/v3/markets/usdtbrl/candlesticks
2022-07-02T00:00:00Z,Foxbit,BRL,usdtbrl,1d,5.3359,"reported, not observed",api.foxbit.com.br/rest/v3/markets/usdtbrl/candlesticks
2022-07-03T00:00:00Z,Foxbit,BRL,usdtbrl,1d,5.341,"reported, not observed",api.foxbit.com.br/rest/v3/markets/usdtbrl/candlesticks
2022-07-04T00:00:00Z,Foxbit,BRL,usdtbrl,1d,5.183,"reported, not observed",api.foxbit.com.br/rest/v3/markets/usdtbrl/candlesticks
2022-07-05T00:00:00Z,Foxbit,BRL,usdtbrl,1d,5.3934,"reported, not observed",api.foxbit.com.br/rest/v3/markets/usdtbrl/candlesticks
2022-07-06T00:00:00Z,Foxbit,BRL,usdtbrl,1d,5.4419,"reported, not observed",api.foxbit.com.br/rest/v3/markets/usdtbrl/candlesticks
2022-07-07T00:00:00Z,Foxbit,BRL,usdtbrl,1d,5.348,"reported, not observed",api.foxbit.com.br/rest/v3/markets/usdtbrl/candlesticks
2022-07-08T00:00:00Z,Foxbit,BRL,usdtbrl,1d,5.3,"reported, not observed",api.foxbit.com.br/rest/v3/markets/usdtbrl/candlesticks
2022-07-09T00:00:00Z,Foxbit,BRL,usdtbrl,1d,5.275,"reported, not observed",api.foxbit.com.br/rest/v3/markets/usdtbrl/candlesticks
2022-07-10T00:00:00Z,Foxbit,BRL,usdtbrl,1d,5.3079,"reported, not observed",api.foxbit.com.br/rest/v3/markets/usdtbrl/candlesticks
2022-07-11T00:00:00Z,Foxbit,BRL,usdtbrl,1d,5.339,"reported, not observed",api.foxbit.com.br/rest/v3/markets/usdtbrl/candlesticks
2022-07-12T00:00:00Z,Foxbit,BRL,usdtbrl,1d,5.4759,"reported, not observed",api.foxbit.com.br/rest/v3/markets/usdtbrl/candlesticks
2022-07-13T00:00:00Z,Foxbit,BRL,usdtbrl,1d,5.4097,"reported, not observed",api.foxbit.com.br/rest/v3/markets/usdtbrl/candlesticks
2022-07-14T00:00:00Z,Foxbit,BRL,usdtbrl,1d,5.4426,"reported, not observed",api.foxbit.com.br/rest/v3/markets/usdtbrl/candlesticks
2022-07-15T00:00:00Z,Foxbit,BRL,usdtbrl,1d,5.4105,"reported, not observed",api.foxbit.com.br/rest/v3/markets/usdtbrl/candlesticks
2022-07-16T00:00:00Z,Foxbit,BRL,usdtbrl,1d,5.407,"reported, not observed",api.foxbit.com.br/rest/v3/markets/usdtbrl/candlesticks
2022-07-17T00:00:00Z,Foxbit,BRL,usdtbrl,1d,5.4134,"reported, not observed",api.foxbit.com.br/rest/v3/markets/usdtbrl/candlesticks
2022-07-18T00:00:00Z,Foxbit,BRL,usdtbrl,1d,5.45,"reported, not observed",api.foxbit.com.br/rest/v3/markets/usdtbrl/candlesticks
2022-07-19T00:00:00Z,Foxbit,BRL,usdtbrl,1d,5.4441,"reported, not observed",api.foxbit.com.br/rest/v3/markets/usdtbrl/candlesticks
2022-07-20T00:00:00Z,Foxbit,BRL,usdtbrl,1d,5.4887,"reported, not observed",api.foxbit.com.br/rest/v3/markets/usdtbrl/candlesticks
2022-07-21T00:00:00Z,Foxbit,BRL,usdtbrl,1d,5.5386,"reported, not observed",api.foxbit.com.br/rest/v3/markets/usdtbrl/candlesticks
2022-07-22T00:00:00Z,Foxbit,BRL,usdtbrl,1d,5.5364,"reported, not observed",api.foxbit.com.br/rest/v3/markets/usdtbrl/candlesticks
2022-07-23T00:00:00Z,Foxbit,BRL,usdtbrl,1d,5.5519,"reported, not observed",api.foxbit.com.br/rest/v3/markets/usdtbrl/candlesticks
2022-07-24T00:00:00Z,Foxbit,BRL,usdtbrl,1d,5.4918,"reported, not observed",api.foxbit.com.br/rest/v3/markets/usdtbrl/candlesticks
2022-07-25T00:00:00Z,Foxbit,BRL,usdtbrl,1d,5.4266,"reported, not observed",api.foxbit.com.br/rest/v3/markets/usdtbrl/candlesticks
2022-07-26T00:00:00Z,Foxbit,BRL,usdtbrl,1d,5.3937,"reported, not observed",api.foxbit.com.br/rest/v3/markets/usdtbrl/candlesticks
2022-07-27T00:00:00Z,Foxbit,BRL,usdtbrl,1d,5.2929,"reported, not observed",api.foxbit.com.br/rest/v3/markets/usdtbrl/candlesticks
2022-07-28T00:00:00Z,Foxbit,BRL,usdtbrl,1d,5.2206,"reported, not observed",api.foxbit.com.br/rest/v3/markets/usdtbrl/candlesticks
2022-07-29T00:00:00Z,Foxbit,BRL,usdtbrl,1d,5.1971,"reported, not observed",api.foxbit.com.br/rest/v3/markets/usdtbrl/candlesticks
2022-07-30T00:00:00Z,Foxbit,BRL,usdtbrl,1d,5.27,"reported, not observed",api.foxbit.com.br/rest/v3/markets/usdtbrl/candlesticks
2022-07-31T00:00:00Z,Foxbit,BRL,usdtbrl,1d,5.227,"reported, not observed",api.foxbit.com.br/rest/v3/markets/usdtbrl/candlesticks
2022-08-01T00:00:00Z,Foxbit,BRL,usdtbrl,1d,5.22,"reported, not observed",api.foxbit.com.br/rest/v3/markets/usdtbrl/candlesticks
2022-08-02T00:00:00Z,Foxbit,BRL,usdtbrl,1d,5.311,"reported, not observed",api.foxbit.com.br/rest/v3/markets/usdtbrl/candlesticks
2022-08-03T00:00:00Z,Foxbit,BRL,usdtbrl,1d,5.3252,"reported, not observed",api.foxbit.com.br/rest/v3/markets/usdtbrl/candlesticks
2022-08-04T00:00:00Z,Foxbit,BRL,usdtbrl,1d,5.2751,"reported, not observed",api.foxbit.com.br/rest/v3/markets/usdtbrl/candlesticks
2022-08-05T00:00:00Z,Foxbit,BRL,usdtbrl,1d,5.219,"reported, not observed",api.foxbit.com.br/rest/v3/markets/usdtbrl/candlesticks
2022-08-06T00:00:00Z,Foxbit,BRL,usdtbrl,1d,5.2256,"reported, not observed",api.foxbit.com.br/rest/v3/markets/usdtbrl/candlesticks
2022-08-07T00:00:00Z,Foxbit,BRL,usdtbrl,1d,5.2264,"reported, not observed",api.foxbit.com.br/rest/v3/markets/usdtbrl/candlesticks
2022-08-08T00:00:00Z,Foxbit,BRL,usdtbrl,1d,5.1608,"reported, not observed",api.foxbit.com.br/rest/v3/markets/usdtbrl/candlesticks
2022-08-09T00:00:00Z,Foxbit,BRL,usdtbrl,1d,5.1712,"reported, not observed",api.foxbit.com.br/rest/v3/markets/usdtbrl/candlesticks
2022-08-10T00:00:00Z,Foxbit,BRL,usdtbrl,1d,5.1018,"reported, not observed",api.foxbit.com.br/rest/v3/markets/usdtbrl/candlesticks
2022-08-11T00:00:00Z,Foxbit,BRL,usdtbrl,1d,5.1923,"reported, not observed",api.foxbit.com.br/rest/v3/markets/usdtbrl/candlesticks
2022-08-12T00:00:00Z,Foxbit,BRL,usdtbrl,1d,5.1234,"reported, not observed",api.foxbit.com.br/rest/v3/markets/usdtbrl/candlesticks
2022-08-13T00:00:00Z,Foxbit,BRL,usdtbrl,1d,5.152,"reported, not observed",api.foxbit.com.br/rest/v3/markets/usdtbrl/candlesticks
2022-08-14T00:00:00Z,Foxbit,BRL,usdtbrl,1d,5.1455,"reported, not observed",api.foxbit.com.br/rest/v3/markets/usdtbrl/candlesticks
2022-08-15T00:00:00Z,Foxbit,BRL,usdtbrl,1d,5.1249,"reported, not observed",api.foxbit.com.br/rest/v3/markets/usdtbrl/candlesticks
2022-08-16T00:00:00Z,Foxbit,BRL,usdtbrl,1d,5.1372,"reported, not observed",api.foxbit.com.br/rest/v3/markets/usdtbrl/candlesticks
2022-08-17T00:00:00Z,Foxbit,BRL,usdtbrl,1d,5.221,"reported, not observed",api.foxbit.com.br/rest/v3/markets/usdtbrl/candlesticks
2022-08-18T00:00:00Z,Foxbit,BRL,usdtbrl,1d,5.2163,"reported, not observed",api.foxbit.com.br/rest/v3/markets/usdtbrl/candlesticks
2022-08-19T00:00:00Z,Foxbit,BRL,usdtbrl,1d,5.2509,"reported, not observed",api.foxbit.com.br/rest/v3/markets/usdtbrl/candlesticks
2022-08-20T00:00:00Z,Foxbit,BRL,usdtbrl,1d,5.2584,"reported, not observed",api.foxbit.com.br/rest/v3/markets/usdtbrl/candlesticks
2022-08-21T00:00:00Z,Foxbit,BRL,usdtbrl,1d,5.2454,"reported, not observed",api.foxbit.com.br/rest/v3/markets/usdtbrl/candlesticks
2022-08-22T00:00:00Z,Foxbit,BRL,usdtbrl,1d,5.2049,"reported, not observed",api.foxbit.com.br/rest/v3/markets/usdtbrl/candlesticks
2022-08-23T00:00:00Z,Foxbit,BRL,usdtbrl,1d,5.127,"reported, not observed",api.foxbit.com.br/rest/v3/markets/usdtbrl/candlesticks
2022-08-24T00:00:00Z,Foxbit,BRL,usdtbrl,1d,5.216,"reported, not observed",api.foxbit.com.br/rest/v3/markets/usdtbrl/candlesticks
2022-08-25T00:00:00Z,Foxbit,BRL,usdtbrl,1d,5.1499,"reported, not observed",api.foxbit.com.br/rest/v3/markets/usdtbrl/candlesticks
2022-08-26T00:00:00Z,Foxbit,BRL,usdtbrl,1d,5.0851,"reported, not observed",api.foxbit.com.br/rest/v3/markets/usdtbrl/candlesticks
2022-08-27T00:00:00Z,Foxbit,BRL,usdtbrl,1d,5.1041,"reported, not observed",api.foxbit.com.br/rest/v3/markets/usdtbrl/candlesticks
2022-08-28T00:00:00Z,Foxbit,BRL,usdtbrl,1d,5.085,"reported, not observed",api.foxbit.com.br/rest/v3/markets/usdtbrl/candlesticks
2022-08-29T00:00:00Z,Foxbit,BRL,usdtbrl,1d,5.0314,"reported, not observed",api.foxbit.com.br/rest/v3/markets/usdtbrl/candlesticks
2022-08-30T00:00:00Z,Foxbit,BRL,usdtbrl,1d,5.1118,"reported, not observed",api.foxbit.com.br/rest/v3/markets/usdtbrl/candlesticks
2022-08-31T00:00:00Z,Foxbit,BRL,usdtbrl,1d,5.13,"reported, not observed",api.foxbit.com.br/rest/v3/markets/usdtbrl/candlesticks
2022-09-01T00:00:00Z,Foxbit,BRL,usdtbrl,1d,5.254,"reported, not observed",api.foxbit.com.br/rest/v3/markets/usdtbrl/candlesticks
2022-09-02T00:00:00Z,Foxbit,BRL,usdtbrl,1d,5.2,"reported, not observed",api.foxbit.com.br/rest/v3/markets/usdtbrl/candlesticks
2022-09-03T00:00:00Z,Foxbit,BRL,usdtbrl,1d,5.2199,"reported, not observed",api.foxbit.com.br/rest/v3/markets/usdtbrl/candlesticks
2022-09-04T00:00:00Z,Foxbit,BRL,usdtbrl,1d,5.2173,"reported, not observed",api.foxbit.com.br/rest/v3/markets/usdtbrl/candlesticks
2022-09-05T00:00:00Z,Foxbit,BRL,usdtbrl,1d,5.185,"reported, not observed",api.foxbit.com.br/rest/v3/markets/usdtbrl/candlesticks
2022-09-06T00:00:00Z,Foxbit,BRL,usdtbrl,1d,5.2719,"reported, not observed",api.foxbit.com.br/rest/v3/markets/usdtbrl/candlesticks
2022-09-07T00:00:00Z,Foxbit,BRL,usdtbrl,1d,5.344,"reported, not observed",api.foxbit.com.br/rest/v3/markets/usdtbrl/candlesticks
2022-09-08T00:00:00Z,Foxbit,BRL,usdtbrl,1d,5.2071,"reported, not observed",api.foxbit.com.br/rest/v3/markets/usdtbrl/candlesticks
2022-09-09T00:00:00Z,Foxbit,BRL,usdtbrl,1d,5.229,"reported, not observed",api.foxbit.com.br/rest/v3/markets/usdtbrl/candlesticks
2022-09-10T00:00:00Z,Foxbit,BRL,usdtbrl,1d,5.1681,"reported, not observed",api.foxbit.com.br/rest/v3/markets/usdtbrl/candlesticks
2022-09-11T00:00:00Z,Foxbit,BRL,usdtbrl,1d,5.228,"reported, not observed",api.foxbit.com.br/rest/v3/markets/usdtbrl/candlesticks
2022-09-12T00:00:00Z,Foxbit,BRL,usdtbrl,1d,5.154,"reported, not observed",api.foxbit.com.br/rest/v3/markets/usdtbrl/candlesticks
2022-09-13T00:00:00Z,Foxbit,BRL,usdtbrl,1d,5.2349,"reported, not observed",api.foxbit.com.br/rest/v3/markets/usdtbrl/candlesticks
2022-09-14T00:00:00Z,Foxbit,BRL,usdtbrl,1d,5.2328,"reported, not observed",api.foxbit.com.br/rest/v3/markets/usdtbrl/candlesticks
2022-09-15T00:00:00Z,Foxbit,BRL,usdtbrl,1d,5.2972,"reported, not observed",api.foxbit.com.br/rest/v3/markets/usdtbrl/candlesticks
2022-09-16T00:00:00Z,Foxbit,BRL,usdtbrl,1d,5.256,"reported, not observed",api.foxbit.com.br/rest/v3/markets/usdtbrl/candlesticks
2022-09-17T00:00:00Z,Foxbit,BRL,usdtbrl,1d,5.27,"reported, not observed",api.foxbit.com.br/rest/v3/markets/usdtbrl/candlesticks
2022-09-18T00:00:00Z,Foxbit,BRL,usdtbrl,1d,5.3,"reported, not observed",api.foxbit.com.br/rest/v3/markets/usdtbrl/candlesticks
2022-09-19T00:00:00Z,Foxbit,BRL,usdtbrl,1d,5.2278,"reported, not observed",api.foxbit.com.br/rest/v3/markets/usdtbrl/candlesticks
2022-09-20T00:00:00Z,Foxbit,BRL,usdtbrl,1d,5.2121,"reported, not observed",api.foxbit.com.br/rest/v3/markets/usdtbrl/candlesticks
2022-09-21T00:00:00Z,Foxbit,BRL,usdtbrl,1d,5.309,"reported, not observed",api.foxbit.com.br/rest/v3/markets/usdtbrl/candlesticks
2022-09-22T00:00:00Z,Foxbit,BRL,usdtbrl,1d,5.1709,"reported, not observed",api.foxbit.com.br/rest/v3/markets/usdtbrl/candlesticks
2022-09-23T00:00:00Z,Foxbit,BRL,usdtbrl,1d,5.2905,"reported, not observed",api.foxbit.com.br/rest/v3/markets/usdtbrl/candlesticks
2022-09-24T00:00:00Z,Foxbit,BRL,usdtbrl,1d,5.2919,"reported, not observed",api.foxbit.com.br/rest/v3/markets/usdtbrl/candlesticks
2022-09-25T00:00:00Z,Foxbit,BRL,usdtbrl,1d,5.2917,"reported, not observed",api.foxbit.com.br/rest/v3/markets/usdtbrl/candlesticks
2022-09-26T00:00:00Z,Foxbit,BRL,usdtbrl,1d,5.3775,"reported, not observed",api.foxbit.com.br/rest/v3/markets/usdtbrl/candlesticks
2022-09-27T00:00:00Z,Foxbit,BRL,usdtbrl,1d,5.343,"reported, not observed",api.foxbit.com.br/rest/v3/markets/usdtbrl/candlesticks
2022-09-28T00:00:00Z,Foxbit,BRL,usdtbrl,1d,5.402,"reported, not observed",api.foxbit.com.br/rest/v3/markets/usdtbrl/candlesticks
2022-09-29T00:00:00Z,Foxbit,BRL,usdtbrl,1d,5.419,"reported, not observed",api.foxbit.com.br/rest/v3/markets/usdtbrl/candlesticks
2022-09-30T00:00:00Z,Foxbit,BRL,usdtbrl,1d,5.42,"reported, not observed",api.foxbit.com.br/rest/v3/markets/usdtbrl/candlesticks
2022-10-01T00:00:00Z,Foxbit,BRL,usdtbrl,1d,5.416,"reported, not observed",api.foxbit.com.br/rest/v3/markets/usdtbrl/candlesticks
2022-10-02T00:00:00Z,Foxbit,BRL,usdtbrl,1d,5.42,"reported, not observed",api.foxbit.com.br/rest/v3/markets/usdtbrl/candlesticks
2022-10-03T00:00:00Z,Foxbit,BRL,usdtbrl,1d,5.21,"reported, not observed",api.foxbit.com.br/rest/v3/markets/usdtbrl/candlesticks
2022-10-04T00:00:00Z,Foxbit,BRL,usdtbrl,1d,5.215,"reported, not observed",api.foxbit.com.br/rest/v3/markets/usdtbrl/candlesticks
2022-10-05T00:00:00Z,Foxbit,BRL,usdtbrl,1d,5.253,"reported, not observed",api.foxbit.com.br/rest/v3/markets/usdtbrl/candlesticks
2022-10-06T00:00:00Z,Foxbit,BRL,usdtbrl,1d,5.25,"reported, not observed",api.foxbit.com.br/rest/v3/markets/usdtbrl/candlesticks
2022-10-07T00:00:00Z,Foxbit,BRL,usdtbrl,1d,5.2279,"reported, not observed",api.foxbit.com.br/rest/v3/markets/usdtbrl/candlesticks
2022-10-08T00:00:00Z,Foxbit,BRL,usdtbrl,1d,5.2816,"reported, not observed",api.foxbit.com.br/rest/v3/markets/usdtbrl/candlesticks
2022-10-09T00:00:00Z,Foxbit,BRL,usdtbrl,1d,5.281,"reported, not observed",api.foxbit.com.br/rest/v3/markets/usdtbrl/candlesticks
2022-10-10T00:00:00Z,Foxbit,BRL,usdtbrl,1d,5.199,"reported, not observed",api.foxbit.com.br/rest/v3/markets/usdtbrl/candlesticks
2022-10-11T00:00:00Z,Foxbit,BRL,usdtbrl,1d,5.31,"reported, not observed",api.foxbit.com.br/rest/v3/markets/usdtbrl/candlesticks
2022-10-12T00:00:00Z,Foxbit,BRL,usdtbrl,1d,5.2811,"reported, not observed",api.foxbit.com.br/rest/v3/markets/usdtbrl/candlesticks
2022-10-13T00:00:00Z,Foxbit,BRL,usdtbrl,1d,5.336,"reported, not observed",api.foxbit.com.br/rest/v3/markets/usdtbrl/candlesticks
2022-10-14T00:00:00Z,Foxbit,BRL,usdtbrl,1d,5.34,"reported, not observed",api.foxbit.com.br/rest/v3/markets/usdtbrl/candlesticks
2022-10-15T00:00:00Z,Foxbit,BRL,usdtbrl,1d,5.228,"reported, not observed",api.foxbit.com.br/rest/v3/markets/usdtbrl/candlesticks
2022-10-16T00:00:00Z,Foxbit,BRL,usdtbrl,1d,5.349,"reported, not observed",api.foxbit.com.br/rest/v3/markets/usdtbrl/candlesticks
2022-10-17T00:00:00Z,Foxbit,BRL,usdtbrl,1d,5.217,"reported, not observed",api.foxbit.com.br/rest/v3/markets/usdtbrl/candlesticks
2022-10-18T00:00:00Z,Foxbit,BRL,usdtbrl,1d,5.31,"reported, not observed",api.foxbit.com.br/rest/v3/markets/usdtbrl/candlesticks
2022-10-19T00:00:00Z,Foxbit,BRL,usdtbrl,1d,5.2997,"reported, not observed",api.foxbit.com.br/rest/v3/markets/usdtbrl/candlesticks
2022-10-20T00:00:00Z,Foxbit,BRL,usdtbrl,1d,5.316,"reported, not observed",api.foxbit.com.br/rest/v3/markets/usdtbrl/candlesticks
2022-10-21T00:00:00Z,Foxbit,BRL,usdtbrl,1d,5.272,"reported, not observed",api.foxbit.com.br/rest/v3/markets/usdtbrl/candlesticks
2022-10-22T00:00:00Z,Foxbit,BRL,usdtbrl,1d,5.191,"reported, not observed",api.foxbit.com.br/rest/v3/markets/usdtbrl/candlesticks
2022-10-23T00:00:00Z,Foxbit,BRL,usdtbrl,1d,5.225,"reported, not observed",api.foxbit.com.br/rest/v3/markets/usdtbrl/candlesticks
2022-10-24T00:00:00Z,Foxbit,BRL,usdtbrl,1d,5.308,"reported, not observed",api.foxbit.com.br/rest/v3/markets/usdtbrl/candlesticks
2022-10-25T00:00:00Z,Foxbit,BRL,usdtbrl,1d,5.333,"reported, not observed",api.foxbit.com.br/rest/v3/markets/usdtbrl/candlesticks
2022-10-26T00:00:00Z,Foxbit,BRL,usdtbrl,1d,5.39,"reported, not observed",api.foxbit.com.br/rest/v3/markets/usdtbrl/candlesticks
2022-10-27T00:00:00Z,Foxbit,BRL,usdtbrl,1d,5.31,"reported, not observed",api.foxbit.com.br/rest/v3/markets/usdtbrl/candlesticks
2022-10-28T00:00:00Z,Foxbit,BRL,usdtbrl,1d,5.369,"reported, not observed",api.foxbit.com.br/rest/v3/markets/usdtbrl/candlesticks
2022-10-29T00:00:00Z,Foxbit,BRL,usdtbrl,1d,5.359,"reported, not observed",api.foxbit.com.br/rest/v3/markets/usdtbrl/candlesticks
2022-10-30T00:00:00Z,Foxbit,BRL,usdtbrl,1d,5.3491,"reported, not observed",api.foxbit.com.br/rest/v3/markets/usdtbrl/candlesticks
2022-10-31T00:00:00Z,Foxbit,BRL,usdtbrl,1d,5.23,"reported, not observed",api.foxbit.com.br/rest/v3/markets/usdtbrl/candlesticks
2022-11-01T00:00:00Z,Foxbit,BRL,usdtbrl,1d,5.1998,"reported, not observed",api.foxbit.com.br/rest/v3/markets/usdtbrl/candlesticks
2022-11-02T00:00:00Z,Foxbit,BRL,usdtbrl,1d,5.207,"reported, not observed",api.foxbit.com.br/rest/v3/markets/usdtbrl/candlesticks
2022-11-03T00:00:00Z,Foxbit,BRL,usdtbrl,1d,5.1779,"reported, not observed",api.foxbit.com.br/rest/v3/markets/usdtbrl/candlesticks
2022-11-04T00:00:00Z,Foxbit,BRL,usdtbrl,1d,5.122,"reported, not observed",api.foxbit.com.br/rest/v3/markets/usdtbrl/candlesticks
2022-11-05T00:00:00Z,Foxbit,BRL,usdtbrl,1d,5.2298,"reported, not observed",api.foxbit.com.br/rest/v3/markets/usdtbrl/candlesticks
2022-11-06T00:00:00Z,Foxbit,BRL,usdtbrl,1d,5.1779,"reported, not observed",api.foxbit.com.br/rest/v3/markets/usdtbrl/candlesticks
2022-11-07T00:00:00Z,Foxbit,BRL,usdtbrl,1d,5.1571,"reported, not observed",api.foxbit.com.br/rest/v3/markets/usdtbrl/candlesticks
2022-11-08T00:00:00Z,Foxbit,BRL,usdtbrl,1d,5.1663,"reported, not observed",api.foxbit.com.br/rest/v3/markets/usdtbrl/candlesticks
2022-11-09T00:00:00Z,Foxbit,BRL,usdtbrl,1d,5.2262,"reported, not observed",api.foxbit.com.br/rest/v3/markets/usdtbrl/candlesticks
2022-11-10T00:00:00Z,Foxbit,BRL,usdtbrl,1d,5.3969,"reported, not observed",api.foxbit.com.br/rest/v3/markets/usdtbrl/candlesticks
2022-11-11T00:00:00Z,Foxbit,BRL,usdtbrl,1d,5.2518,"reported, not observed",api.foxbit.com.br/rest/v3/markets/usdtbrl/candlesticks
2022-11-12T00:00:00Z,Foxbit,BRL,usdtbrl,1d,5.312,"reported, not observed",api.foxbit.com.br/rest/v3/markets/usdtbrl/candlesticks
2022-11-13T00:00:00Z,Foxbit,BRL,usdtbrl,1d,5.293,"reported, not observed",api.foxbit.com.br/rest/v3/markets/usdtbrl/candlesticks
2022-11-14T00:00:00Z,Foxbit,BRL,usdtbrl,1d,5.3049,"reported, not observed",api.foxbit.com.br/rest/v3/markets/usdtbrl/candlesticks
2022-11-15T00:00:00Z,Foxbit,BRL,usdtbrl,1d,5.238,"reported, not observed",api.foxbit.com.br/rest/v3/markets/usdtbrl/candlesticks
2022-11-16T00:00:00Z,Foxbit,BRL,usdtbrl,1d,5.364,"reported, not observed",api.foxbit.com.br/rest/v3/markets/usdtbrl/candlesticks
2022-11-17T00:00:00Z,Foxbit,BRL,usdtbrl,1d,5.3939,"reported, not observed",api.foxbit.com.br/rest/v3/markets/usdtbrl/candlesticks
2022-11-18T00:00:00Z,Foxbit,BRL,usdtbrl,1d,5.3988,"reported, not observed",api.foxbit.com.br/rest/v3/markets/usdtbrl/candlesticks
2022-11-19T00:00:00Z,Foxbit,BRL,usdtbrl,1d,5.4348,"reported, not observed",api.foxbit.com.br/rest/v3/markets/usdtbrl/candlesticks
2022-11-20T00:00:00Z,Foxbit,BRL,usdtbrl,1d,5.357,"reported, not observed",api.foxbit.com.br/rest/v3/markets/usdtbrl/candlesticks
2022-11-21T00:00:00Z,Foxbit,BRL,usdtbrl,1d,5.4,"reported, not observed",api.foxbit.com.br/rest/v3/markets/usdtbrl/candlesticks
2022-11-22T00:00:00Z,Foxbit,BRL,usdtbrl,1d,5.4085,"reported, not observed",api.foxbit.com.br/rest/v3/markets/usdtbrl/candlesticks
2022-11-23T00:00:00Z,Foxbit,BRL,usdtbrl,1d,5.465,"reported, not observed",api.foxbit.com.br/rest/v3/markets/usdtbrl/candlesticks
2022-11-24T00:00:00Z,Foxbit,BRL,usdtbrl,1d,5.3799,"reported, not observed",api.foxbit.com.br/rest/v3/markets/usdtbrl/candlesticks
2022-11-25T00:00:00Z,Foxbit,BRL,usdtbrl,1d,5.4,"reported, not observed",api.foxbit.com.br/rest/v3/markets/usdtbrl/candlesticks
2022-11-26T00:00:00Z,Foxbit,BRL,usdtbrl,1d,5.385,"reported, not observed",api.foxbit.com.br/rest/v3/markets/usdtbrl/candlesticks
2022-11-27T00:00:00Z,Foxbit,BRL,usdtbrl,1d,5.26,"reported, not observed",api.foxbit.com.br/rest/v3/markets/usdtbrl/candlesticks
2022-11-28T00:00:00Z,Foxbit,BRL,usdtbrl,1d,5.4045,"reported, not observed",api.foxbit.com.br/rest/v3/markets/usdtbrl/candlesticks
2022-11-29T00:00:00Z,Foxbit,BRL,usdtbrl,1d,5.3369,"reported, not observed",api.foxbit.com.br/rest/v3/markets/usdtbrl/candlesticks
2022-11-30T00:00:00Z,Foxbit,BRL,usdtbrl,1d,5.231,"reported, not observed",api.foxbit.com.br/rest/v3/markets/usdtbrl/candlesticks
2022-12-01T00:00:00Z,Foxbit,BRL,usdtbrl,1d,5.23,"reported, not observed",api.foxbit.com.br/rest/v3/markets/usdtbrl/candlesticks
2022-12-02T00:00:00Z,Foxbit,BRL,usdtbrl,1d,5.278,"reported, not observed",api.foxbit.com.br/rest/v3/markets/usdtbrl/candlesticks
2022-12-03T00:00:00Z,Foxbit,BRL,usdtbrl,1d,5.2599,"reported, not observed",api.foxbit.com.br/rest/v3/markets/usdtbrl/candlesticks
2022-12-04T00:00:00Z,Foxbit,BRL,usdtbrl,1d,5.2114,"reported, not observed",api.foxbit.com.br/rest/v3/markets/usdtbrl/candlesticks
2022-12-05T00:00:00Z,Foxbit,BRL,usdtbrl,1d,5.2501,"reported, not observed",api.foxbit.com.br/rest/v3/markets/usdtbrl/candlesticks
2022-12-06T00:00:00Z,Foxbit,BRL,usdtbrl,1d,5.299,"reported, not observed",api.foxbit.com.br/rest/v3/markets/usdtbrl/candlesticks
2022-12-07T00:00:00Z,Foxbit,BRL,usdtbrl,1d,5.243,"reported, not observed",api.foxbit.com.br/rest/v3/markets/usdtbrl/candlesticks
2022-12-08T00:00:00Z,Foxbit,BRL,usdtbrl,1d,5.279,"reported, not observed",api.foxbit.com.br/rest/v3/markets/usdtbrl/candlesticks
2022-12-09T00:00:00Z,Foxbit,BRL,usdtbrl,1d,5.2744,"reported, not observed",api.foxbit.com.br/rest/v3/markets/usdtbrl/candlesticks
2022-12-10T00:00:00Z,Foxbit,BRL,usdtbrl,1d,5.25,"reported, not observed",api.foxbit.com.br/rest/v3/markets/usdtbrl/candlesticks
2022-12-11T00:00:00Z,Foxbit,BRL,usdtbrl,1d,5.265,"reported, not observed",api.foxbit.com.br/rest/v3/markets/usdtbrl/candlesticks
2022-12-12T00:00:00Z,Foxbit,BRL,usdtbrl,1d,5.2995,"reported, not observed",api.foxbit.com.br/rest/v3/markets/usdtbrl/candlesticks
2022-12-13T00:00:00Z,Foxbit,BRL,usdtbrl,1d,5.2609,"reported, not observed",api.foxbit.com.br/rest/v3/markets/usdtbrl/candlesticks
2022-12-14T00:00:00Z,Foxbit,BRL,usdtbrl,1d,5.26,"reported, not observed",api.foxbit.com.br/rest/v3/markets/usdtbrl/candlesticks
2022-12-15T00:00:00Z,Foxbit,BRL,usdtbrl,1d,5.358,"reported, not observed",api.foxbit.com.br/rest/v3/markets/usdtbrl/candlesticks
2022-12-16T00:00:00Z,Foxbit,BRL,usdtbrl,1d,5.33,"reported, not observed",api.foxbit.com.br/rest/v3/markets/usdtbrl/candlesticks
2022-12-17T00:00:00Z,Foxbit,BRL,usdtbrl,1d,5.313,"reported, not observed",api.foxbit.com.br/rest/v3/markets/usdtbrl/candlesticks
2022-12-18T00:00:00Z,Foxbit,BRL,usdtbrl,1d,5.305,"reported, not observed",api.foxbit.com.br/rest/v3/markets/usdtbrl/candlesticks
2022-12-19T00:00:00Z,Foxbit,BRL,usdtbrl,1d,5.32,"reported, not observed",api.foxbit.com.br/rest/v3/markets/usdtbrl/candlesticks
2022-12-20T00:00:00Z,Foxbit,BRL,usdtbrl,1d,5.314,"reported, not observed",api.foxbit.com.br/rest/v3/markets/usdtbrl/candlesticks
2022-12-21T00:00:00Z,Foxbit,BRL,usdtbrl,1d,5.2619,"reported, not observed",api.foxbit.com.br/rest/v3/markets/usdtbrl/candlesticks
2022-12-22T00:00:00Z,Foxbit,BRL,usdtbrl,1d,5.226,"reported, not observed",api.foxbit.com.br/rest/v3/markets/usdtbrl/candlesticks
2022-12-23T00:00:00Z,Foxbit,BRL,usdtbrl,1d,5.234,"reported, not observed",api.foxbit.com.br/rest/v3/markets/usdtbrl/candlesticks
2022-12-24T00:00:00Z,Foxbit,BRL,usdtbrl,1d,5.204,"reported, not observed",api.foxbit.com.br/rest/v3/markets/usdtbrl/candlesticks
2022-12-25T00:00:00Z,Foxbit,BRL,usdtbrl,1d,5.189,"reported, not observed",api.foxbit.com.br/rest/v3/markets/usdtbrl/candlesticks
2022-12-26T00:00:00Z,Foxbit,BRL,usdtbrl,1d,5.188,"reported, not observed",api.foxbit.com.br/rest/v3/markets/usdtbrl/candlesticks
2022-12-27T00:00:00Z,Foxbit,BRL,usdtbrl,1d,5.328,"reported, not observed",api.foxbit.com.br/rest/v3/markets/usdtbrl/candlesticks
2022-12-28T00:00:00Z,Foxbit,BRL,usdtbrl,1d,5.32,"reported, not observed",api.foxbit.com.br/rest/v3/markets/usdtbrl/candlesticks
2022-12-29T00:00:00Z,Foxbit,BRL,usdtbrl,1d,5.333,"reported, not observed",api.foxbit.com.br/rest/v3/markets/usdtbrl/candlesticks
2022-12-30T00:00:00Z,Foxbit,BRL,usdtbrl,1d,5.168,"reported, not observed",api.foxbit.com.br/rest/v3/markets/usdtbrl/candlesticks
2022-12-31T00:00:00Z,Foxbit,BRL,usdtbrl,1d,5.279,"reported, not observed",api.foxbit.com.br/rest/v3/markets/usdtbrl/candlesticks
2023-01-01T00:00:00Z,Foxbit,BRL,usdtbrl,1d,5.25,"reported, not observed",api.foxbit.com.br/rest/v3/markets/usdtbrl/candlesticks
2023-01-02T00:00:00Z,Foxbit,BRL,usdtbrl,1d,5.263,"reported, not observed",api.foxbit.com.br/rest/v3/markets/usdtbrl/candlesticks
2023-01-03T00:00:00Z,Foxbit,BRL,usdtbrl,1d,5.454,"reported, not observed",api.foxbit.com.br/rest/v3/markets/usdtbrl/candlesticks
2023-01-04T00:00:00Z,Foxbit,BRL,usdtbrl,1d,5.4329,"reported, not observed",api.foxbit.com.br/rest/v3/markets/usdtbrl/candlesticks
2023-01-05T00:00:00Z,Foxbit,BRL,usdtbrl,1d,5.418,"reported, not observed",api.foxbit.com.br/rest/v3/markets/usdtbrl/candlesticks
2023-01-06T00:00:00Z,Foxbit,BRL,usdtbrl,1d,5.3124,"reported, not observed",api.foxbit.com.br/rest/v3/markets/usdtbrl/candlesticks
2023-01-07T00:00:00Z,Foxbit,BRL,usdtbrl,1d,5.356,"reported, not observed",api.foxbit.com.br/rest/v3/markets/usdtbrl/candlesticks
2023-01-08T00:00:00Z,Foxbit,BRL,usdtbrl,1d,5.406,"reported, not observed",api.foxbit.com.br/rest/v3/markets/usdtbrl/candlesticks
2023-01-09T00:00:00Z,Foxbit,BRL,usdtbrl,1d,5.259,"reported, not observed",api.foxbit.com.br/rest/v3/markets/usdtbrl/candlesticks
2023-01-10T00:00:00Z,Foxbit,BRL,usdtbrl,1d,5.2201,"reported, not observed",api.foxbit.com.br/rest/v3/markets/usdtbrl/candlesticks
2023-01-11T00:00:00Z,Foxbit,BRL,usdtbrl,1d,5.16,"reported, not observed",api.foxbit.com.br/rest/v3/markets/usdtbrl/candlesticks
2023-01-12T00:00:00Z,Foxbit,BRL,usdtbrl,1d,5.207,"reported, not observed",api.foxbit.com.br/rest/v3/markets/usdtbrl/candlesticks
2023-01-13T00:00:00Z,Foxbit,BRL,usdtbrl,1d,5.15,"reported, not observed",api.foxbit.com.br/rest/v3/markets/usdtbrl/candlesticks
2023-01-14T00:00:00Z,Foxbit,BRL,usdtbrl,1d,5.1022,"reported, not observed",api.foxbit.com.br/rest/v3/markets/usdtbrl/candlesticks
2023-01-15T00:00:00Z,Foxbit,BRL,usdtbrl,1d,5.13,"reported, not observed",api.foxbit.com.br/rest/v3/markets/usdtbrl/candlesticks
2023-01-16T00:00:00Z,Foxbit,BRL,usdtbrl,1d,5.153,"reported, not observed",api.foxbit.com.br/rest/v3/markets/usdtbrl/candlesticks
2023-01-17T00:00:00Z,Foxbit,BRL,usdtbrl,1d,5.158,"reported, not observed",api.foxbit.com.br/rest/v3/markets/usdtbrl/candlesticks
2023-01-18T00:00:00Z,Foxbit,BRL,usdtbrl,1d,5.2129,"reported, not observed",api.foxbit.com.br/rest/v3/markets/usdtbrl/candlesticks
2023-01-19T00:00:00Z,Foxbit,BRL,usdtbrl,1d,5.2055,"reported, not observed",api.foxbit.com.br/rest/v3/markets/usdtbrl/candlesticks
2023-01-20T00:00:00Z,Foxbit,BRL,usdtbrl,1d,5.2214,"reported, not observed",api.foxbit.com.br/rest/v3/markets/usdtbrl/candlesticks
2023-01-21T00:00:00Z,Foxbit,BRL,usdtbrl,1d,5.1751,"reported, not observed",api.foxbit.com.br/rest/v3/markets/usdtbrl/candlesticks
2023-01-22T00:00:00Z,Foxbit,BRL,usdtbrl,1d,5.18,"reported, not observed",api.foxbit.com.br/rest/v3/markets/usdtbrl/candlesticks
2023-01-23T00:00:00Z,Foxbit,BRL,usdtbrl,1d,5.222,"reported, not observed",api.foxbit.com.br/rest/v3/markets/usdtbrl/candlesticks
2023-01-24T00:00:00Z,Foxbit,BRL,usdtbrl,1d,5.192,"reported, not observed",api.foxbit.com.br/rest/v3/markets/usdtbrl/candlesticks
2023-01-25T00:00:00Z,Foxbit,BRL,usdtbrl,1d,5.1364,"reported, not observed",api.foxbit.com.br/rest/v3/markets/usdtbrl/candlesticks
2023-01-26T00:00:00Z,Foxbit,BRL,usdtbrl,1d,5.14,"reported, not observed",api.foxbit.com.br/rest/v3/markets/usdtbrl/candlesticks
2023-01-27T00:00:00Z,Foxbit,BRL,usdtbrl,1d,5.168,"reported, not observed",api.foxbit.com.br/rest/v3/markets/usdtbrl/candlesticks
2023-01-28T00:00:00Z,Foxbit,BRL,usdtbrl,1d,5.12,"reported, not observed",api.foxbit.com.br/rest/v3/markets/usdtbrl/candlesticks
2023-01-29T00:00:00Z,Foxbit,BRL,usdtbrl,1d,5.149,"reported, not observed",api.foxbit.com.br/rest/v3/markets/usdtbrl/candlesticks
2023-01-30T00:00:00Z,Foxbit,BRL,usdtbrl,1d,5.1471,"reported, not observed",api.foxbit.com.br/rest/v3/markets/usdtbrl/candlesticks
2023-01-31T00:00:00Z,Foxbit,BRL,usdtbrl,1d,5.123,"reported, not observed",api.foxbit.com.br/rest/v3/markets/usdtbrl/candlesticks
2023-02-01T00:00:00Z,Foxbit,BRL,usdtbrl,1d,5.0932,"reported, not observed",api.foxbit.com.br/rest/v3/markets/usdtbrl/candlesticks
2023-02-02T00:00:00Z,Foxbit,BRL,usdtbrl,1d,5.0729,"reported, not observed",api.foxbit.com.br/rest/v3/markets/usdtbrl/candlesticks
2023-02-03T00:00:00Z,Foxbit,BRL,usdtbrl,1d,5.138,"reported, not observed",api.foxbit.com.br/rest/v3/markets/usdtbrl/candlesticks
2023-02-04T00:00:00Z,Foxbit,BRL,usdtbrl,1d,5.1582,"reported, not observed",api.foxbit.com.br/rest/v3/markets/usdtbrl/candlesticks
2023-02-05T00:00:00Z,Foxbit,BRL,usdtbrl,1d,5.2047,"reported, not observed",api.foxbit.com.br/rest/v3/markets/usdtbrl/candlesticks
2023-02-06T00:00:00Z,Foxbit,BRL,usdtbrl,1d,5.1944,"reported, not observed",api.foxbit.com.br/rest/v3/markets/usdtbrl/candlesticks
2023-02-07T00:00:00Z,Foxbit,BRL,usdtbrl,1d,5.1951,"reported, not observed",api.foxbit.com.br/rest/v3/markets/usdtbrl/candlesticks
2023-02-08T00:00:00Z,Foxbit,BRL,usdtbrl,1d,5.2264,"reported, not observed",api.foxbit.com.br/rest/v3/markets/usdtbrl/candlesticks
2023-02-09T00:00:00Z,Foxbit,BRL,usdtbrl,1d,5.3059,"reported, not observed",api.foxbit.com.br/rest/v3/markets/usdtbrl/candlesticks
2023-02-10T00:00:00Z,Foxbit,BRL,usdtbrl,1d,5.2376,"reported, not observed",api.foxbit.com.br/rest/v3/markets/usdtbrl/candlesticks
2023-02-11T00:00:00Z,Foxbit,BRL,usdtbrl,1d,5.265,"reported, not observed",api.foxbit.com.br/rest/v3/markets/usdtbrl/candlesticks
2023-02-12T00:00:00Z,Foxbit,BRL,usdtbrl,1d,5.265,"reported, not observed",api.foxbit.com.br/rest/v3/markets/usdtbrl/candlesticks
2023-02-13T00:00:00Z,Foxbit,BRL,usdtbrl,1d,5.1927,"reported, not observed",api.foxbit.com.br/rest/v3/markets/usdtbrl/candlesticks
2023-02-14T00:00:00Z,Foxbit,BRL,usdtbrl,1d,5.2245,"reported, not observed",api.foxbit.com.br/rest/v3/markets/usdtbrl/candlesticks
2023-02-15T00:00:00Z,Foxbit,BRL,usdtbrl,1d,5.2054,"reported, not observed",api.foxbit.com.br/rest/v3/markets/usdtbrl/candlesticks
2023-02-16T00:00:00Z,Foxbit,BRL,usdtbrl,1d,5.2166,"reported, not observed",api.foxbit.com.br/rest/v3/markets/usdtbrl/candlesticks
2023-02-17T00:00:00Z,Foxbit,BRL,usdtbrl,1d,5.2125,"reported, not observed",api.foxbit.com.br/rest/v3/markets/usdtbrl/candlesticks
2023-02-18T00:00:00Z,Foxbit,BRL,usdtbrl,1d,5.2165,"reported, not observed",api.foxbit.com.br/rest/v3/markets/usdtbrl/candlesticks
2023-02-19T00:00:00Z,Foxbit,BRL,usdtbrl,1d,5.224,"reported, not observed",api.foxbit.com.br/rest/v3/markets/usdtbrl/candlesticks
2023-02-20T00:00:00Z,Foxbit,BRL,usdtbrl,1d,5.2094,"reported, not observed",api.foxbit.com.br/rest/v3/markets/usdtbrl/candlesticks
2023-02-21T00:00:00Z,Foxbit,BRL,usdtbrl,1d,5.2239,"reported, not observed",api.foxbit.com.br/rest/v3/markets/usdtbrl/candlesticks
2023-02-22T00:00:00Z,Foxbit,BRL,usdtbrl,1d,5.19,"reported, not observed",api.foxbit.com.br/rest/v3/markets/usdtbrl/candlesticks
2023-02-23T00:00:00Z,Foxbit,BRL,usdtbrl,1d,5.172,"reported, not observed",api.foxbit.com.br/rest/v3/markets/usdtbrl/candlesticks
2023-02-24T00:00:00Z,Foxbit,BRL,usdtbrl,1d,5.2347,"reported, not observed",api.foxbit.com.br/rest/v3/markets/usdtbrl/candlesticks
2023-02-25T00:00:00Z,Foxbit,BRL,usdtbrl,1d,5.2272,"reported, not observed",api.foxbit.com.br/rest/v3/markets/usdtbrl/candlesticks
2023-02-26T00:00:00Z,Foxbit,BRL,usdtbrl,1d,5.2256,"reported, not observed",api.foxbit.com.br/rest/v3/markets/usdtbrl/candlesticks
2023-02-27T00:00:00Z,Foxbit,BRL,usdtbrl,1d,5.2298,"reported, not observed",api.foxbit.com.br/rest/v3/markets/usdtbrl/candlesticks
2023-02-28T00:00:00Z,Foxbit,BRL,usdtbrl,1d,5.2317,"reported, not observed",api.foxbit.com.br/rest/v3/markets/usdtbrl/candlesticks
2023-03-01T00:00:00Z,Foxbit,BRL,usdtbrl,1d,5.2193,"reported, not observed",api.foxbit.com.br/rest/v3/markets/usdtbrl/candlesticks
2023-03-02T00:00:00Z,Foxbit,BRL,usdtbrl,1d,5.2275,"reported, not observed",api.foxbit.com.br/rest/v3/markets/usdtbrl/candlesticks
2023-03-03T00:00:00Z,Foxbit,BRL,usdtbrl,1d,5.247,"reported, not observed",api.foxbit.com.br/rest/v3/markets/usdtbrl/candlesticks
2023-03-04T00:00:00Z,Foxbit,BRL,usdtbrl,1d,5.2299,"reported, not observed",api.foxbit.com.br/rest/v3/markets/usdtbrl/candlesticks
2023-03-05T00:00:00Z,Foxbit,BRL,usdtbrl,1d,5.2016,"reported, not observed",api.foxbit.com.br/rest/v3/markets/usdtbrl/candlesticks
2023-03-06T00:00:00Z,Foxbit,BRL,usdtbrl,1d,5.2013,"reported, not observed",api.foxbit.com.br/rest/v3/markets/usdtbrl/candlesticks
2023-03-07T00:00:00Z,Foxbit,BRL,usdtbrl,1d,5.2286,"reported, not observed",api.foxbit.com.br/rest/v3/markets/usdtbrl/candlesticks
2023-03-08T00:00:00Z,Foxbit,BRL,usdtbrl,1d,5.1721,"reported, not observed",api.foxbit.com.br/rest/v3/markets/usdtbrl/candlesticks
2023-03-09T00:00:00Z,Foxbit,BRL,usdtbrl,1d,5.2073,"reported, not observed",api.foxbit.com.br/rest/v3/markets/usdtbrl/candlesticks
2023-03-10T00:00:00Z,Foxbit,BRL,usdtbrl,1d,5.2585,"reported, not observed",api.foxbit.com.br/rest/v3/markets/usdtbrl/candlesticks
2023-03-11T00:00:00Z,Foxbit,BRL,usdtbrl,1d,5.1847,"reported, not observed",api.foxbit.com.br/rest/v3/markets/usdtbrl/candlesticks
2023-03-12T00:00:00Z,Foxbit,BRL,usdtbrl,1d,5.1297,"reported, not observed",api.foxbit.com.br/rest/v3/markets/usdtbrl/candlesticks
2023-03-13T00:00:00Z,Foxbit,BRL,usdtbrl,1d,5.2553,"reported, not observed",api.foxbit.com.br/rest/v3/markets/usdtbrl/candlesticks
2023-03-14T00:00:00Z,Foxbit,BRL,usdtbrl,1d,5.2694,"reported, not observed",api.foxbit.com.br/rest/v3/markets/usdtbrl/candlesticks
2023-03-15T00:00:00Z,Foxbit,BRL,usdtbrl,1d,5.2894,"reported, not observed",api.foxbit.com.br/rest/v3/markets/usdtbrl/candlesticks
2023-03-16T00:00:00Z,Foxbit,BRL,usdtbrl,1d,5.2536,"reported, not observed",api.foxbit.com.br/rest/v3/markets/usdtbrl/candlesticks
2023-03-17T00:00:00Z,Foxbit,BRL,usdtbrl,1d,5.3208,"reported, not observed",api.foxbit.com.br/rest/v3/markets/usdtbrl/candlesticks
2023-03-18T00:00:00Z,Foxbit,BRL,usdtbrl,1d,5.2931,"reported, not observed",api.foxbit.com.br/rest/v3/markets/usdtbrl/candlesticks
2023-03-19T00:00:00Z,Foxbit,BRL,usdtbrl,1d,5.2999,"reported, not observed",api.foxbit.com.br/rest/v3/markets/usdtbrl/candlesticks
2023-03-20T00:00:00Z,Foxbit,BRL,usdtbrl,1d,5.3055,"reported, not observed",api.foxbit.com.br/rest/v3/markets/usdtbrl/candlesticks
2023-03-21T00:00:00Z,Foxbit,BRL,usdtbrl,1d,5.2981,"reported, not observed",api.foxbit.com.br/rest/v3/markets/usdtbrl/candlesticks
2023-03-22T00:00:00Z,Foxbit,BRL,usdtbrl,1d,5.3112,"reported, not observed",api.foxbit.com.br/rest/v3/markets/usdtbrl/candlesticks
2023-03-23T00:00:00Z,Foxbit,BRL,usdtbrl,1d,5.3099,"reported, not observed",api.foxbit.com.br/rest/v3/markets/usdtbrl/candlesticks
2023-03-24T00:00:00Z,Foxbit,BRL,usdtbrl,1d,5.3048,"reported, not observed",api.foxbit.com.br/rest/v3/markets/usdtbrl/candlesticks
2023-03-25T00:00:00Z,Foxbit,BRL,usdtbrl,1d,5.3099,"reported, not observed",api.foxbit.com.br/rest/v3/markets/usdtbrl/candlesticks
2023-03-26T00:00:00Z,Foxbit,BRL,usdtbrl,1d,5.3038,"reported, not observed",api.foxbit.com.br/rest/v3/markets/usdtbrl/candlesticks
2023-03-27T00:00:00Z,Foxbit,BRL,usdtbrl,1d,5.2765,"reported, not observed",api.foxbit.com.br/rest/v3/markets/usdtbrl/candlesticks
2023-03-28T00:00:00Z,Foxbit,BRL,usdtbrl,1d,5.2122,"reported, not observed",api.foxbit.com.br/rest/v3/markets/usdtbrl/candlesticks
2023-03-29T00:00:00Z,Foxbit,BRL,usdtbrl,1d,5.1598,"reported, not observed",api.foxbit.com.br/rest/v3/markets/usdtbrl/candlesticks
2023-03-30T00:00:00Z,Foxbit,BRL,usdtbrl,1d,5.1571,"reported, not observed",api.foxbit.com.br/rest/v3/markets/usdtbrl/candlesticks
2023-03-31T00:00:00Z,Foxbit,BRL,usdtbrl,1d,5.1084,"reported, not observed",api.foxbit.com.br/rest/v3/markets/usdtbrl/candlesticks
2023-04-01T00:00:00Z,Foxbit,BRL,usdtbrl,1d,5.1103,"reported, not observed",api.foxbit.com.br/rest/v3/markets/usdtbrl/candlesticks
2023-04-02T00:00:00Z,Foxbit,BRL,usdtbrl,1d,5.1382,"reported, not observed",api.foxbit.com.br/rest/v3/markets/usdtbrl/candlesticks
2023-04-03T00:00:00Z,Foxbit,BRL,usdtbrl,1d,5.1112,"reported, not observed",api.foxbit.com.br/rest/v3/markets/usdtbrl/candlesticks
2023-04-04T00:00:00Z,Foxbit,BRL,usdtbrl,1d,5.114,"reported, not observed",api.foxbit.com.br/rest/v3/markets/usdtbrl/candlesticks
2023-04-05T00:00:00Z,Foxbit,BRL,usdtbrl,1d,5.0701,"reported, not observed",api.foxbit.com.br/rest/v3/markets/usdtbrl/candlesticks
2023-04-06T00:00:00Z,Foxbit,BRL,usdtbrl,1d,5.0849,"reported, not observed",api.foxbit.com.br/rest/v3/markets/usdtbrl/candlesticks
2023-04-07T00:00:00Z,Foxbit,BRL,usdtbrl,1d,5.1032,"reported, not observed",api.foxbit.com.br/rest/v3/markets/usdtbrl/candlesticks
2023-04-08T00:00:00Z,Foxbit,BRL,usdtbrl,1d,5.1052,"reported, not observed",api.foxbit.com.br/rest/v3/markets/usdtbrl/candlesticks
2023-04-09T00:00:00Z,Foxbit,BRL,usdtbrl,1d,5.0962,"reported, not observed",api.foxbit.com.br/rest/v3/markets/usdtbrl/candlesticks
2023-04-10T00:00:00Z,Foxbit,BRL,usdtbrl,1d,5.087,"reported, not observed",api.foxbit.com.br/rest/v3/markets/usdtbrl/candlesticks
2023-04-11T00:00:00Z,Foxbit,BRL,usdtbrl,1d,5.037,"reported, not observed",api.foxbit.com.br/rest/v3/markets/usdtbrl/candlesticks
2023-04-12T00:00:00Z,Foxbit,BRL,usdtbrl,1d,4.9531,"reported, not observed",api.foxbit.com.br/rest/v3/markets/usdtbrl/candlesticks
2023-04-13T00:00:00Z,Foxbit,BRL,usdtbrl,1d,4.9492,"reported, not observed",api.foxbit.com.br/rest/v3/markets/usdtbrl/candlesticks
2023-04-14T00:00:00Z,Foxbit,BRL,usdtbrl,1d,4.956,"reported, not observed",api.foxbit.com.br/rest/v3/markets/usdtbrl/candlesticks
2023-04-15T00:00:00Z,Foxbit,BRL,usdtbrl,1d,4.9743,"reported, not observed",api.foxbit.com.br/rest/v3/markets/usdtbrl/candlesticks
2023-04-16T00:00:00Z,Foxbit,BRL,usdtbrl,1d,4.99,"reported, not observed",api.foxbit.com.br/rest/v3/markets/usdtbrl/candlesticks
2023-04-17T00:00:00Z,Foxbit,BRL,usdtbrl,1d,4.982,"reported, not observed",api.foxbit.com.br/rest/v3/markets/usdtbrl/candlesticks
2023-04-18T00:00:00Z,Foxbit,BRL,usdtbrl,1d,5.0111,"reported, not observed",api.foxbit.com.br/rest/v3/markets/usdtbrl/candlesticks
2023-04-19T00:00:00Z,Foxbit,BRL,usdtbrl,1d,5.1209,"reported, not observed",api.foxbit.com.br/rest/v3/markets/usdtbrl/candlesticks
2023-04-20T00:00:00Z,Foxbit,BRL,usdtbrl,1d,5.094,"reported, not observed",api.foxbit.com.br/rest/v3/markets/usdtbrl/candlesticks
2023-04-21T00:00:00Z,Foxbit,BRL,usdtbrl,1d,5.1348,"reported, not observed",api.foxbit.com.br/rest/v3/markets/usdtbrl/candlesticks
2023-04-22T00:00:00Z,Foxbit,BRL,usdtbrl,1d,5.1389,"reported, not observed",api.foxbit.com.br/rest/v3/markets/usdtbrl/candlesticks
2023-04-23T00:00:00Z,Foxbit,BRL,usdtbrl,1d,5.1359,"reported, not observed",api.foxbit.com.br/rest/v3/markets/usdtbrl/candlesticks
2023-04-24T00:00:00Z,Foxbit,BRL,usdtbrl,1d,5.0624,"reported, not observed",api.foxbit.com.br/rest/v3/markets/usdtbrl/candlesticks
2023-04-25T00:00:00Z,Foxbit,BRL,usdtbrl,1d,5.0996,"reported, not observed",api.foxbit.com.br/rest/v3/markets/usdtbrl/candlesticks
2023-04-26T00:00:00Z,Foxbit,BRL,usdtbrl,1d,5.106,"reported, not observed",api.foxbit.com.br/rest/v3/markets/usdtbrl/candlesticks
2023-04-27T00:00:00Z,Foxbit,BRL,usdtbrl,1d,4.9947,"reported, not observed",api.foxbit.com.br/rest/v3/markets/usdtbrl/candlesticks
2023-04-28T00:00:00Z,Foxbit,BRL,usdtbrl,1d,5.032,"reported, not observed",api.foxbit.com.br/rest/v3/markets/usdtbrl/candlesticks
2023-04-29T00:00:00Z,Foxbit,BRL,usdtbrl,1d,5.043,"reported, not observed",api.foxbit.com.br/rest/v3/markets/usdtbrl/candlesticks
2023-04-30T00:00:00Z,Foxbit,BRL,usdtbrl,1d,5.0431,"reported, not observed",api.foxbit.com.br/rest/v3/markets/usdtbrl/candlesticks
2023-05-01T00:00:00Z,Foxbit,BRL,usdtbrl,1d,5.0426,"reported, not observed",api.foxbit.com.br/rest/v3/markets/usdtbrl/candlesticks
2023-05-02T00:00:00Z,Foxbit,BRL,usdtbrl,1d,5.0741,"reported, not observed",api.foxbit.com.br/rest/v3/markets/usdtbrl/candlesticks
2023-05-03T00:00:00Z,Foxbit,BRL,usdtbrl,1d,5.028,"reported, not observed",api.foxbit.com.br/rest/v3/markets/usdtbrl/candlesticks
2023-05-04T00:00:00Z,Foxbit,BRL,usdtbrl,1d,5.0111,"reported, not observed",api.foxbit.com.br/rest/v3/markets/usdtbrl/candlesticks
2023-05-05T00:00:00Z,Foxbit,BRL,usdtbrl,1d,4.9885,"reported, not observed",api.foxbit.com.br/rest/v3/markets/usdtbrl/candlesticks
2023-05-06T00:00:00Z,Foxbit,BRL,usdtbrl,1d,5.025,"reported, not observed",api.foxbit.com.br/rest/v3/markets/usdtbrl/candlesticks
2023-05-07T00:00:00Z,Foxbit,BRL,usdtbrl,1d,5.0256,"reported, not observed",api.foxbit.com.br/rest/v3/markets/usdtbrl/candlesticks
2023-05-08T00:00:00Z,Foxbit,BRL,usdtbrl,1d,5.0571,"reported, not observed",api.foxbit.com.br/rest/v3/markets/usdtbrl/candlesticks
2023-05-09T00:00:00Z,Foxbit,BRL,usdtbrl,1d,5.0268,"reported, not observed",api.foxbit.com.br/rest/v3/markets/usdtbrl/candlesticks
2023-05-10T00:00:00Z,Foxbit,BRL,usdtbrl,1d,5.012,"reported, not observed",api.foxbit.com.br/rest/v3/markets/usdtbrl/candlesticks
2023-05-11T00:00:00Z,Foxbit,BRL,usdtbrl,1d,4.982,"reported, not observed",api.foxbit.com.br/rest/v3/markets/usdtbrl/candlesticks
2023-05-12T00:00:00Z,Foxbit,BRL,usdtbrl,1d,4.979,"reported, not observed",api.foxbit.com.br/rest/v3/markets/usdtbrl/candlesticks
2023-05-13T00:00:00Z,Foxbit,BRL,usdtbrl,1d,4.966,"reported, not observed",api.foxbit.com.br/rest/v3/markets/usdtbrl/candlesticks
2023-05-14T00:00:00Z,Foxbit,BRL,usdtbrl,1d,4.9791,"reported, not observed",api.foxbit.com.br/rest/v3/markets/usdtbrl/candlesticks
2023-05-15T00:00:00Z,Foxbit,BRL,usdtbrl,1d,4.928,"reported, not observed",api.foxbit.com.br/rest/v3/markets/usdtbrl/candlesticks
2023-05-16T00:00:00Z,Foxbit,BRL,usdtbrl,1d,4.9311,"reported, not observed",api.foxbit.com.br/rest/v3/markets/usdtbrl/candlesticks
2023-05-17T00:00:00Z,Foxbit,BRL,usdtbrl,1d,4.9729,"reported, not observed",api.foxbit.com.br/rest/v3/markets/usdtbrl/candlesticks
2023-05-18T00:00:00Z,Foxbit,BRL,usdtbrl,1d,4.99,"reported, not observed",api.foxbit.com.br/rest/v3/markets/usdtbrl/candlesticks
2023-05-19T00:00:00Z,Foxbit,BRL,usdtbrl,1d,4.9991,"reported, not observed",api.foxbit.com.br/rest/v3/markets/usdtbrl/candlesticks
2023-05-20T00:00:00Z,Foxbit,BRL,usdtbrl,1d,4.9962,"reported, not observed",api.foxbit.com.br/rest/v3/markets/usdtbrl/candlesticks
2023-05-21T00:00:00Z,Foxbit,BRL,usdtbrl,1d,5.0279,"reported, not observed",api.foxbit.com.br/rest/v3/markets/usdtbrl/candlesticks
2023-05-22T00:00:00Z,Foxbit,BRL,usdtbrl,1d,5.004,"reported, not observed",api.foxbit.com.br/rest/v3/markets/usdtbrl/candlesticks
2023-05-23T00:00:00Z,Foxbit,BRL,usdtbrl,1d,5.0039,"reported, not observed",api.foxbit.com.br/rest/v3/markets/usdtbrl/candlesticks
2023-05-24T00:00:00Z,Foxbit,BRL,usdtbrl,1d,4.9959,"reported, not observed",api.foxbit.com.br/rest/v3/markets/usdtbrl/candlesticks
2023-05-25T00:00:00Z,Foxbit,BRL,usdtbrl,1d,5.0411,"reported, not observed",api.foxbit.com.br/rest/v3/markets/usdtbrl/candlesticks
2023-05-26T00:00:00Z,Foxbit,BRL,usdtbrl,1d,5.025,"reported, not observed",api.foxbit.com.br/rest/v3/markets/usdtbrl/candlesticks
2023-05-27T00:00:00Z,Foxbit,BRL,usdtbrl,1d,5.036,"reported, not observed",api.foxbit.com.br/rest/v3/markets/usdtbrl/candlesticks
2023-05-28T00:00:00Z,Foxbit,BRL,usdtbrl,1d,5.008,"reported, not observed",api.foxbit.com.br/rest/v3/markets/usdtbrl/candlesticks
2023-05-29T00:00:00Z,Foxbit,BRL,usdtbrl,1d,5.076,"reported, not observed",api.foxbit.com.br/rest/v3/markets/usdtbrl/candlesticks
2023-05-30T00:00:00Z,Foxbit,BRL,usdtbrl,1d,5.0395,"reported, not observed",api.foxbit.com.br/rest/v3/markets/usdtbrl/candlesticks
2023-05-31T00:00:00Z,Foxbit,BRL,usdtbrl,1d,5.0916,"reported, not observed",api.foxbit.com.br/rest/v3/markets/usdtbrl/candlesticks
2023-06-01T00:00:00Z,Foxbit,BRL,usdtbrl,1d,5.0526,"reported, not observed",api.foxbit.com.br/rest/v3/markets/usdtbrl/candlesticks
2023-06-02T00:00:00Z,Foxbit,BRL,usdtbrl,1d,4.9977,"reported, not observed",api.foxbit.com.br/rest/v3/markets/usdtbrl/candlesticks
2023-06-03T00:00:00Z,Foxbit,BRL,usdtbrl,1d,4.9921,"reported, not observed",api.foxbit.com.br/rest/v3/markets/usdtbrl/candlesticks
2023-06-04T00:00:00Z,Foxbit,BRL,usdtbrl,1d,5.0256,"reported, not observed",api.foxbit.com.br/rest/v3/markets/usdtbrl/candlesticks
2023-06-05T00:00:00Z,Foxbit,BRL,usdtbrl,1d,4.9937,"reported, not observed",api.foxbit.com.br/rest/v3/markets/usdtbrl/candlesticks
2023-06-06T00:00:00Z,Foxbit,BRL,usdtbrl,1d,4.96,"reported, not observed",api.foxbit.com.br/rest/v3/markets/usdtbrl/candlesticks
2023-06-07T00:00:00Z,Foxbit,BRL,usdtbrl,1d,4.965,"reported, not observed",api.foxbit.com.br/rest/v3/markets/usdtbrl/candlesticks
2023-06-08T00:00:00Z,Foxbit,BRL,usdtbrl,1d,4.9791,"reported, not observed",api.foxbit.com.br/rest/v3/markets/usdtbrl/candlesticks
2023-06-09T00:00:00Z,Foxbit,BRL,usdtbrl,1d,4.9149,"reported, not observed",api.foxbit.com.br/rest/v3/markets/usdtbrl/candlesticks
2023-06-10T00:00:00Z,Foxbit,BRL,usdtbrl,1d,4.9261,"reported, not observed",api.foxbit.com.br/rest/v3/markets/usdtbrl/candlesticks
2023-06-11T00:00:00Z,Foxbit,BRL,usdtbrl,1d,4.971,"reported, not observed",api.foxbit.com.br/rest/v3/markets/usdtbrl/candlesticks
2023-06-12T00:00:00Z,Foxbit,BRL,usdtbrl,1d,4.8959,"reported, not observed",api.foxbit.com.br/rest/v3/markets/usdtbrl/candlesticks
2023-06-13T00:00:00Z,Foxbit,BRL,usdtbrl,1d,4.8701,"reported, not observed",api.foxbit.com.br/rest/v3/markets/usdtbrl/candlesticks
2023-06-14T00:00:00Z,Foxbit,BRL,usdtbrl,1d,4.862,"reported, not observed",api.foxbit.com.br/rest/v3/markets/usdtbrl/candlesticks
2023-06-15T00:00:00Z,Foxbit,BRL,usdtbrl,1d,4.8538,"reported, not observed",api.foxbit.com.br/rest/v3/markets/usdtbrl/candlesticks
2023-06-16T00:00:00Z,Foxbit,BRL,usdtbrl,1d,4.858,"reported, not observed",api.foxbit.com.br/rest/v3/markets/usdtbrl/candlesticks
2023-06-17T00:00:00Z,Foxbit,BRL,usdtbrl,1d,4.8818,"reported, not observed",api.foxbit.com.br/rest/v3/markets/usdtbrl/candlesticks
2023-06-18T00:00:00Z,Foxbit,BRL,usdtbrl,1d,4.8899,"reported, not observed",api.foxbit.com.br/rest/v3/markets/usdtbrl/candlesticks
2023-06-19T00:00:00Z,Foxbit,BRL,usdtbrl,1d,4.7916,"reported, not observed",api.foxbit.com.br/rest/v3/markets/usdtbrl/candlesticks
2023-06-20T00:00:00Z,Foxbit,BRL,usdtbrl,1d,4.8169,"reported, not observed",api.foxbit.com.br/rest/v3/markets/usdtbrl/candlesticks
2023-06-21T00:00:00Z,Foxbit,BRL,usdtbrl,1d,4.769,"reported, not observed",api.foxbit.com.br/rest/v3/markets/usdtbrl/candlesticks
2023-06-22T00:00:00Z,Foxbit,BRL,usdtbrl,1d,4.7909,"reported, not observed",api.foxbit.com.br/rest/v3/markets/usdtbrl/candlesticks
2023-06-23T00:00:00Z,Foxbit,BRL,usdtbrl,1d,4.8249,"reported, not observed",api.foxbit.com.br/rest/v3/markets/usdtbrl/candlesticks
2023-06-24T00:00:00Z,Foxbit,BRL,usdtbrl,1d,4.8129,"reported, not observed",api.foxbit.com.br/rest/v3/markets/usdtbrl/candlesticks
2023-06-25T00:00:00Z,Foxbit,BRL,usdtbrl,1d,4.8339,"reported, not observed",api.foxbit.com.br/rest/v3/markets/usdtbrl/candlesticks
2023-06-26T00:00:00Z,Foxbit,BRL,usdtbrl,1d,4.8058,"reported, not observed",api.foxbit.com.br/rest/v3/markets/usdtbrl/candlesticks
2023-06-27T00:00:00Z,Foxbit,BRL,usdtbrl,1d,4.836,"reported, not observed",api.foxbit.com.br/rest/v3/markets/usdtbrl/candlesticks
2023-06-28T00:00:00Z,Foxbit,BRL,usdtbrl,1d,4.8897,"reported, not observed",api.foxbit.com.br/rest/v3/markets/usdtbrl/candlesticks
2023-06-29T00:00:00Z,Foxbit,BRL,usdtbrl,1d,4.8807,"reported, not observed",api.foxbit.com.br/rest/v3/markets/usdtbrl/candlesticks
2023-06-30T00:00:00Z,Foxbit,BRL,usdtbrl,1d,4.8249,"reported, not observed",api.foxbit.com.br/rest/v3/markets/usdtbrl/candlesticks
2023-07-01T00:00:00Z,Foxbit,BRL,usdtbrl,1d,4.829,"reported, not observed",api.foxbit.com.br/rest/v3/markets/usdtbrl/candlesticks
2023-07-02T00:00:00Z,Foxbit,BRL,usdtbrl,1d,4.83,"reported, not observed",api.foxbit.com.br/rest/v3/markets/usdtbrl/candlesticks
2023-07-03T00:00:00Z,Foxbit,BRL,usdtbrl,1d,4.8149,"reported, not observed",api.foxbit.com.br/rest/v3/markets/usdtbrl/candlesticks
2023-07-04T00:00:00Z,Foxbit,BRL,usdtbrl,1d,4.8601,"reported, not observed",api.foxbit.com.br/rest/v3/markets/usdtbrl/candlesticks
2023-07-05T00:00:00Z,Foxbit,BRL,usdtbrl,1d,4.8649,"reported, not observed",api.foxbit.com.br/rest/v3/markets/usdtbrl/candlesticks
2023-07-06T00:00:00Z,Foxbit,BRL,usdtbrl,1d,4.929,"reported, not observed",api.foxbit.com.br/rest/v3/markets/usdtbrl/candlesticks
2023-07-07T00:00:00Z,Foxbit,BRL,usdtbrl,1d,4.8978,"reported, not observed",api.foxbit.com.br/rest/v3/markets/usdtbrl/candlesticks
2023-07-08T00:00:00Z,Foxbit,BRL,usdtbrl,1d,4.927,"reported, not observed",api.foxbit.com.br/rest/v3/markets/usdtbrl/candlesticks
2023-07-09T00:00:00Z,Foxbit,BRL,usdtbrl,1d,4.9251,"reported, not observed",api.foxbit.com.br/rest/v3/markets/usdtbrl/candlesticks
2023-07-10T00:00:00Z,Foxbit,BRL,usdtbrl,1d,4.8957,"reported, not observed",api.foxbit.com.br/rest/v3/markets/usdtbrl/candlesticks
2023-07-11T00:00:00Z,Foxbit,BRL,usdtbrl,1d,4.8928,"reported, not observed",api.foxbit.com.br/rest/v3/markets/usdtbrl/candlesticks
2023-07-12T00:00:00Z,Foxbit,BRL,usdtbrl,1d,4.8461,"reported, not observed",api.foxbit.com.br/rest/v3/markets/usdtbrl/candlesticks
2023-07-13T00:00:00Z,Foxbit,BRL,usdtbrl,1d,4.8088,"reported, not observed",api.foxbit.com.br/rest/v3/markets/usdtbrl/candlesticks
2023-07-14T00:00:00Z,Foxbit,BRL,usdtbrl,1d,4.838,"reported, not observed",api.foxbit.com.br/rest/v3/markets/usdtbrl/candlesticks
2023-07-15T00:00:00Z,Foxbit,BRL,usdtbrl,1d,4.8482,"reported, not observed",api.foxbit.com.br/rest/v3/markets/usdtbrl/candlesticks
2023-07-16T00:00:00Z,Foxbit,BRL,usdtbrl,1d,4.8422,"reported, not observed",api.foxbit.com.br/rest/v3/markets/usdtbrl/candlesticks
2023-07-17T00:00:00Z,Foxbit,BRL,usdtbrl,1d,4.8432,"reported, not observed",api.foxbit.com.br/rest/v3/markets/usdtbrl/candlesticks
2023-07-18T00:00:00Z,Foxbit,BRL,usdtbrl,1d,4.8216,"reported, not observed",api.foxbit.com.br/rest/v3/markets/usdtbrl/candlesticks
2023-07-19T00:00:00Z,Foxbit,BRL,usdtbrl,1d,4.8287,"reported, not observed",api.foxbit.com.br/rest/v3/markets/usdtbrl/candlesticks
2023-07-20T00:00:00Z,Foxbit,BRL,usdtbrl,1d,4.8278,"reported, not observed",api.foxbit.com.br/rest/v3/markets/usdtbrl/candlesticks
2023-07-21T00:00:00Z,Foxbit,BRL,usdtbrl,1d,4.8199,"reported, not observed",api.foxbit.com.br/rest/v3/markets/usdtbrl/candlesticks
2023-07-22T00:00:00Z,Foxbit,BRL,usdtbrl,1d,4.8336,"reported, not observed",api.foxbit.com.br/rest/v3/markets/usdtbrl/candlesticks
2023-07-23T00:00:00Z,Foxbit,BRL,usdtbrl,1d,4.8316,"reported, not observed",api.foxbit.com.br/rest/v3/markets/usdtbrl/candlesticks
2023-07-24T00:00:00Z,Foxbit,BRL,usdtbrl,1d,4.7785,"reported, not observed",api.foxbit.com.br/rest/v3/markets/usdtbrl/candlesticks
2023-07-25T00:00:00Z,Foxbit,BRL,usdtbrl,1d,4.7854,"reported, not observed",api.foxbit.com.br/rest/v3/markets/usdtbrl/candlesticks
2023-07-26T00:00:00Z,Foxbit,BRL,usdtbrl,1d,4.7793,"reported, not observed",api.foxbit.com.br/rest/v3/markets/usdtbrl/candlesticks
2023-07-27T00:00:00Z,Foxbit,BRL,usdtbrl,1d,4.7787,"reported, not observed",api.foxbit.com.br/rest/v3/markets/usdtbrl/candlesticks
2023-07-28T00:00:00Z,Foxbit,BRL,usdtbrl,1d,4.7828,"reported, not observed",api.foxbit.com.br/rest/v3/markets/usdtbrl/candlesticks
2023-07-29T00:00:00Z,Foxbit,BRL,usdtbrl,1d,4.7817,"reported, not observed",api.foxbit.com.br/rest/v3/markets/usdtbrl/candlesticks
2023-07-30T00:00:00Z,Foxbit,BRL,usdtbrl,1d,4.7897,"reported, not observed",api.foxbit.com.br/rest/v3/markets/usdtbrl/candlesticks
2023-07-31T00:00:00Z,Foxbit,BRL,usdtbrl,1d,4.7683,"reported, not observed",api.foxbit.com.br/rest/v3/markets/usdtbrl/candlesticks
2023-08-01T00:00:00Z,Foxbit,BRL,usdtbrl,1d,4.8016,"reported, not observed",api.foxbit.com.br/rest/v3/markets/usdtbrl/candlesticks
2023-08-02T00:00:00Z,Foxbit,BRL,usdtbrl,1d,4.8499,"reported, not observed",api.foxbit.com.br/rest/v3/markets/usdtbrl/candlesticks
2023-08-03T00:00:00Z,Foxbit,BRL,usdtbrl,1d,4.964,"reported, not observed",api.foxbit.com.br/rest/v3/markets/usdtbrl/candlesticks
2023-08-04T00:00:00Z,Foxbit,BRL,usdtbrl,1d,4.912,"reported, not observed",api.foxbit.com.br/rest/v3/markets/usdtbrl/candlesticks
2023-08-05T00:00:00Z,Foxbit,BRL,usdtbrl,1d,4.907,"reported, not observed",api.foxbit.com.br/rest/v3/markets/usdtbrl/candlesticks
2023-08-06T00:00:00Z,Foxbit,BRL,usdtbrl,1d,4.9049,"reported, not observed",api.foxbit.com.br/rest/v3/markets/usdtbrl/candlesticks
2023-08-07T00:00:00Z,Foxbit,BRL,usdtbrl,1d,4.9149,"reported, not observed",api.foxbit.com.br/rest/v3/markets/usdtbrl/candlesticks
2023-08-08T00:00:00Z,Foxbit,BRL,usdtbrl,1d,4.916,"reported, not observed",api.foxbit.com.br/rest/v3/markets/usdtbrl/candlesticks
2023-08-09T00:00:00Z,Foxbit,BRL,usdtbrl,1d,4.9349,"reported, not observed",api.foxbit.com.br/rest/v3/markets/usdtbrl/candlesticks
2023-08-10T00:00:00Z,Foxbit,BRL,usdtbrl,1d,4.901,"reported, not observed",api.foxbit.com.br/rest/v3/markets/usdtbrl/candlesticks
2023-08-11T00:00:00Z,Foxbit,BRL,usdtbrl,1d,4.926,"reported, not observed",api.foxbit.com.br/rest/v3/markets/usdtbrl/candlesticks
2023-08-12T00:00:00Z,Foxbit,BRL,usdtbrl,1d,4.9261,"reported, not observed",api.foxbit.com.br/rest/v3/markets/usdtbrl/candlesticks
2023-08-13T00:00:00Z,Foxbit,BRL,usdtbrl,1d,4.947,"reported, not observed",api.foxbit.com.br/rest/v3/markets/usdtbrl/candlesticks
2023-08-14T00:00:00Z,Foxbit,BRL,usdtbrl,1d,4.9709,"reported, not observed",api.foxbit.com.br/rest/v3/markets/usdtbrl/candlesticks
2023-08-15T00:00:00Z,Foxbit,BRL,usdtbrl,1d,5.0089,"reported, not observed",api.foxbit.com.br/rest/v3/markets/usdtbrl/candlesticks
2023-08-16T00:00:00Z,Foxbit,BRL,usdtbrl,1d,5.0149,"reported, not observed",api.foxbit.com.br/rest/v3/markets/usdtbrl/candlesticks
2023-08-17T00:00:00Z,Foxbit,BRL,usdtbrl,1d,5.054,"reported, not observed",api.foxbit.com.br/rest/v3/markets/usdtbrl/candlesticks
2023-08-18T00:00:00Z,Foxbit,BRL,usdtbrl,1d,5.025,"reported, not observed",api.foxbit.com.br/rest/v3/markets/usdtbrl/candlesticks
2023-08-19T00:00:00Z,Foxbit,BRL,usdtbrl,1d,5.037,"reported, not observed",api.foxbit.com.br/rest/v3/markets/usdtbrl/candlesticks
2023-08-20T00:00:00Z,Foxbit,BRL,usdtbrl,1d,5.039,"reported, not observed",api.foxbit.com.br/rest/v3/markets/usdtbrl/candlesticks
2023-08-21T00:00:00Z,Foxbit,BRL,usdtbrl,1d,5.0091,"reported, not observed",api.foxbit.com.br/rest/v3/markets/usdtbrl/candlesticks
2023-08-22T00:00:00Z,Foxbit,BRL,usdtbrl,1d,4.9711,"reported, not observed",api.foxbit.com.br/rest/v3/markets/usdtbrl/candlesticks
2023-08-23T00:00:00Z,Foxbit,BRL,usdtbrl,1d,4.9048,"reported, not observed",api.foxbit.com.br/rest/v3/markets/usdtbrl/candlesticks
2023-08-24T00:00:00Z,Foxbit,BRL,usdtbrl,1d,4.909,"reported, not observed",api.foxbit.com.br/rest/v3/markets/usdtbrl/candlesticks
2023-08-25T00:00:00Z,Foxbit,BRL,usdtbrl,1d,4.9028,"reported, not observed",api.foxbit.com.br/rest/v3/markets/usdtbrl/candlesticks
2023-08-26T00:00:00Z,Foxbit,BRL,usdtbrl,1d,4.9218,"reported, not observed",api.foxbit.com.br/rest/v3/markets/usdtbrl/candlesticks
2023-08-27T00:00:00Z,Foxbit,BRL,usdtbrl,1d,4.9198,"reported, not observed",api.foxbit.com.br/rest/v3/markets/usdtbrl/candlesticks
2023-08-28T00:00:00Z,Foxbit,BRL,usdtbrl,1d,4.9038,"reported, not observed",api.foxbit.com.br/rest/v3/markets/usdtbrl/candlesticks
2023-08-29T00:00:00Z,Foxbit,BRL,usdtbrl,1d,4.8888,"reported, not observed",api.foxbit.com.br/rest/v3/markets/usdtbrl/candlesticks
2023-08-30T00:00:00Z,Foxbit,BRL,usdtbrl,1d,4.91,"reported, not observed",api.foxbit.com.br/rest/v3/markets/usdtbrl/candlesticks
2023-08-31T00:00:00Z,Foxbit,BRL,usdtbrl,1d,4.9869,"reported, not observed",api.foxbit.com.br/rest/v3/markets/usdtbrl/candlesticks
2023-09-01T00:00:00Z,Foxbit,BRL,usdtbrl,1d,4.9652,"reported, not observed",api.foxbit.com.br/rest/v3/markets/usdtbrl/candlesticks
2023-09-02T00:00:00Z,Foxbit,BRL,usdtbrl,1d,4.9771,"reported, not observed",api.foxbit.com.br/rest/v3/markets/usdtbrl/candlesticks
2023-09-03T00:00:00Z,Foxbit,BRL,usdtbrl,1d,4.9943,"reported, not observed",api.foxbit.com.br/rest/v3/markets/usdtbrl/candlesticks
2023-09-04T00:00:00Z,Foxbit,BRL,usdtbrl,1d,4.9649,"reported, not observed",api.foxbit.com.br/rest/v3/markets/usdtbrl/candlesticks
2023-09-05T00:00:00Z,Foxbit,BRL,usdtbrl,1d,4.9909,"reported, not observed",api.foxbit.com.br/rest/v3/markets/usdtbrl/candlesticks
2023-09-06T00:00:00Z,Foxbit,BRL,usdtbrl,1d,4.996,"reported, not observed",api.foxbit.com.br/rest/v3/markets/usdtbrl/candlesticks
2023-09-07T00:00:00Z,Foxbit,BRL,usdtbrl,1d,5.0089,"reported, not observed",api.foxbit.com.br/rest/v3/markets/usdtbrl/candlesticks
2023-09-08T00:00:00Z,Foxbit,BRL,usdtbrl,1d,5.0049,"reported, not observed",api.foxbit.com.br/rest/v3/markets/usdtbrl/candlesticks
2023-09-09T00:00:00Z,Foxbit,BRL,usdtbrl,1d,5.025,"reported, not observed",api.foxbit.com.br/rest/v3/markets/usdtbrl/candlesticks
2023-09-10T00:00:00Z,Foxbit,BRL,usdtbrl,1d,5.0129,"reported, not observed",api.foxbit.com.br/rest/v3/markets/usdtbrl/candlesticks
2023-09-11T00:00:00Z,Foxbit,BRL,usdtbrl,1d,4.9589,"reported, not observed",api.foxbit.com.br/rest/v3/markets/usdtbrl/candlesticks
2023-09-12T00:00:00Z,Foxbit,BRL,usdtbrl,1d,4.9794,"reported, not observed",api.foxbit.com.br/rest/v3/markets/usdtbrl/candlesticks
2023-09-13T00:00:00Z,Foxbit,BRL,usdtbrl,1d,4.9555,"reported, not observed",api.foxbit.com.br/rest/v3/markets/usdtbrl/candlesticks
2023-09-14T00:00:00Z,Foxbit,BRL,usdtbrl,1d,4.9269,"reported, not observed",api.foxbit.com.br/rest/v3/markets/usdtbrl/candlesticks
2023-09-15T00:00:00Z,Foxbit,BRL,usdtbrl,1d,4.8857,"reported, not observed",api.foxbit.com.br/rest/v3/markets/usdtbrl/candlesticks
2023-09-16T00:00:00Z,Foxbit,BRL,usdtbrl,1d,4.9189,"reported, not observed",api.foxbit.com.br/rest/v3/markets/usdtbrl/candlesticks
2023-09-17T00:00:00Z,Foxbit,BRL,usdtbrl,1d,4.908,"reported, not observed",api.foxbit.com.br/rest/v3/markets/usdtbrl/candlesticks
2023-09-18T00:00:00Z,Foxbit,BRL,usdtbrl,1d,4.8873,"reported, not observed",api.foxbit.com.br/rest/v3/markets/usdtbrl/candlesticks
2023-09-19T00:00:00Z,Foxbit,BRL,usdtbrl,1d,4.9033,"reported, not observed",api.foxbit.com.br/rest/v3/markets/usdtbrl/candlesticks
2023-09-20T00:00:00Z,Foxbit,BRL,usdtbrl,1d,4.901,"reported, not observed",api.foxbit.com.br/rest/v3/markets/usdtbrl/candlesticks
2023-09-21T00:00:00Z,Foxbit,BRL,usdtbrl,1d,4.968,"reported, not observed",api.foxbit.com.br/rest/v3/markets/usdtbrl/candlesticks
2023-09-22T00:00:00Z,Foxbit,BRL,usdtbrl,1d,4.966,"reported, not observed",api.foxbit.com.br/rest/v3/markets/usdtbrl/candlesticks
2023-09-23T00:00:00Z,Foxbit,BRL,usdtbrl,1d,4.9612,"reported, not observed",api.foxbit.com.br/rest/v3/markets/usdtbrl/candlesticks
2023-09-24T00:00:00Z,Foxbit,BRL,usdtbrl,1d,4.9616,"reported, not observed",api.foxbit.com.br/rest/v3/markets/usdtbrl/candlesticks
2023-09-25T00:00:00Z,Foxbit,BRL,usdtbrl,1d,4.9935,"reported, not observed",api.foxbit.com.br/rest/v3/markets/usdtbrl/candlesticks
2023-09-26T00:00:00Z,Foxbit,BRL,usdtbrl,1d,5.0042,"reported, not observed",api.foxbit.com.br/rest/v3/markets/usdtbrl/candlesticks
2023-09-27T00:00:00Z,Foxbit,BRL,usdtbrl,1d,5.0538,"reported, not observed",api.foxbit.com.br/rest/v3/markets/usdtbrl/candlesticks
2023-09-28T00:00:00Z,Foxbit,BRL,usdtbrl,1d,5.0548,"reported, not observed",api.foxbit.com.br/rest/v3/markets/usdtbrl/candlesticks
2023-09-29T00:00:00Z,Foxbit,BRL,usdtbrl,1d,5.0427,"reported, not observed",api.foxbit.com.br/rest/v3/markets/usdtbrl/candlesticks
2023-09-30T00:00:00Z,Foxbit,BRL,usdtbrl,1d,5.0438,"reported, not observed",api.foxbit.com.br/rest/v3/markets/usdtbrl/candlesticks
2023-10-01T00:00:00Z,Foxbit,BRL,usdtbrl,1d,5.0321,"reported, not observed",api.foxbit.com.br/rest/v3/markets/usdtbrl/candlesticks
2023-10-02T00:00:00Z,Foxbit,BRL,usdtbrl,1d,5.07,"reported, not observed",api.foxbit.com.br/rest/v3/markets/usdtbrl/candlesticks
2023-10-03T00:00:00Z,Foxbit,BRL,usdtbrl,1d,5.1571,"reported, not observed",api.foxbit.com.br/rest/v3/markets/usdtbrl/candlesticks
2023-10-04T00:00:00Z,Foxbit,BRL,usdtbrl,1d,5.1673,"reported, not observed",api.foxbit.com.br/rest/v3/markets/usdtbrl/candlesticks
2023-10-05T00:00:00Z,Foxbit,BRL,usdtbrl,1d,5.1919,"reported, not observed",api.foxbit.com.br/rest/v3/markets/usdtbrl/candlesticks
2023-10-06T00:00:00Z,Foxbit,BRL,usdtbrl,1d,5.1901,"reported, not observed",api.foxbit.com.br/rest/v3/markets/usdtbrl/candlesticks
2023-10-07T00:00:00Z,Foxbit,BRL,usdtbrl,1d,5.1839,"reported, not observed",api.foxbit.com.br/rest/v3/markets/usdtbrl/candlesticks
2023-10-08T00:00:00Z,Foxbit,BRL,usdtbrl,1d,5.2081,"reported, not observed",api.foxbit.com.br/rest/v3/markets/usdtbrl/candlesticks
2023-10-09T00:00:00Z,Foxbit,BRL,usdtbrl,1d,5.1742,"reported, not observed",api.foxbit.com.br/rest/v3/markets/usdtbrl/candlesticks
2023-10-10T00:00:00Z,Foxbit,BRL,usdtbrl,1d,5.0937,"reported, not observed",api.foxbit.com.br/rest/v3/markets/usdtbrl/candlesticks
2023-10-11T00:00:00Z,Foxbit,BRL,usdtbrl,1d,5.0918,"reported, not observed",api.foxbit.com.br/rest/v3/markets/usdtbrl/candlesticks
2023-10-12T00:00:00Z,Foxbit,BRL,usdtbrl,1d,5.0985,"reported, not observed",api.foxbit.com.br/rest/v3/markets/usdtbrl/candlesticks
2023-10-13T00:00:00Z,Foxbit,BRL,usdtbrl,1d,5.1251,"reported, not observed",api.foxbit.com.br/rest/v3/markets/usdtbrl/candlesticks
2023-10-14T00:00:00Z,Foxbit,BRL,usdtbrl,1d,5.1159,"reported, not observed",api.foxbit.com.br/rest/v3/markets/usdtbrl/candlesticks
2023-10-15T00:00:00Z,Foxbit,BRL,usdtbrl,1d,5.1197,"reported, not observed",api.foxbit.com.br/rest/v3/markets/usdtbrl/candlesticks
2023-10-16T00:00:00Z,Foxbit,BRL,usdtbrl,1d,5.0591,"reported, not observed",api.foxbit.com.br/rest/v3/markets/usdtbrl/candlesticks
2023-10-17T00:00:00Z,Foxbit,BRL,usdtbrl,1d,5.0589,"reported, not observed",api.foxbit.com.br/rest/v3/markets/usdtbrl/candlesticks
2023-10-18T00:00:00Z,Foxbit,BRL,usdtbrl,1d,5.0805,"reported, not observed",api.foxbit.com.br/rest/v3/markets/usdtbrl/candlesticks
2023-10-19T00:00:00Z,Foxbit,BRL,usdtbrl,1d,5.0831,"reported, not observed",api.foxbit.com.br/rest/v3/markets/usdtbrl/candlesticks
2023-10-20T00:00:00Z,Foxbit,BRL,usdtbrl,1d,5.0691,"reported, not observed",api.foxbit.com.br/rest/v3/markets/usdtbrl/candlesticks
2023-10-21T00:00:00Z,Foxbit,BRL,usdtbrl,1d,5.0798,"reported, not observed",api.foxbit.com.br/rest/v3/markets/usdtbrl/candlesticks
2023-10-22T00:00:00Z,Foxbit,BRL,usdtbrl,1d,5.0798,"reported, not observed",api.foxbit.com.br/rest/v3/markets/usdtbrl/candlesticks
2023-10-23T00:00:00Z,Foxbit,BRL,usdtbrl,1d,5.045,"reported, not observed",api.foxbit.com.br/rest/v3/markets/usdtbrl/candlesticks
2023-10-24T00:00:00Z,Foxbit,BRL,usdtbrl,1d,5.03,"reported, not observed",api.foxbit.com.br/rest/v3/markets/usdtbrl/candlesticks
2023-10-25T00:00:00Z,Foxbit,BRL,usdtbrl,1d,5.048,"reported, not observed",api.foxbit.com.br/rest/v3/markets/usdtbrl/candlesticks
2023-10-26T00:00:00Z,Foxbit,BRL,usdtbrl,1d,5.0351,"reported, not observed",api.foxbit.com.br/rest/v3/markets/usdtbrl/candlesticks
2023-10-27T00:00:00Z,Foxbit,BRL,usdtbrl,1d,5.0532,"reported, not observed",api.foxbit.com.br/rest/v3/markets/usdtbrl/candlesticks
2023-10-28T00:00:00Z,Foxbit,BRL,usdtbrl,1d,5.0544,"reported, not observed",api.foxbit.com.br/rest/v3/markets/usdtbrl/candlesticks
2023-10-29T00:00:00Z,Foxbit,BRL,usdtbrl,1d,5.0426,"reported, not observed",api.foxbit.com.br/rest/v3/markets/usdtbrl/candlesticks
2023-10-30T00:00:00Z,Foxbit,BRL,usdtbrl,1d,5.0751,"reported, not observed",api.foxbit.com.br/rest/v3/markets/usdtbrl/candlesticks
2023-10-31T00:00:00Z,Foxbit,BRL,usdtbrl,1d,5.066,"reported, not observed",api.foxbit.com.br/rest/v3/markets/usdtbrl/candlesticks
2023-11-01T00:00:00Z,Foxbit,BRL,usdtbrl,1d,5.0039,"reported, not observed",api.foxbit.com.br/rest/v3/markets/usdtbrl/candlesticks
2023-11-02T00:00:00Z,Foxbit,BRL,usdtbrl,1d,5.0071,"reported, not observed",api.foxbit.com.br/rest/v3/markets/usdtbrl/candlesticks
2023-11-03T00:00:00Z,Foxbit,BRL,usdtbrl,1d,4.9406,"reported, not observed",api.foxbit.com.br/rest/v3/markets/usdtbrl/candlesticks
2023-11-04T00:00:00Z,Foxbit,BRL,usdtbrl,1d,4.956,"reported, not observed",api.foxbit.com.br/rest/v3/markets/usdtbrl/candlesticks
2023-11-05T00:00:00Z,Foxbit,BRL,usdtbrl,1d,4.956,"reported, not observed",api.foxbit.com.br/rest/v3/markets/usdtbrl/candlesticks
2023-11-06T00:00:00Z,Foxbit,BRL,usdtbrl,1d,4.9162,"reported, not observed",api.foxbit.com.br/rest/v3/markets/usdtbrl/candlesticks
2023-11-07T00:00:00Z,Foxbit,BRL,usdtbrl,1d,4.9114,"reported, not observed",api.foxbit.com.br/rest/v3/markets/usdtbrl/candlesticks
2023-11-08T00:00:00Z,Foxbit,BRL,usdtbrl,1d,4.9451,"reported, not observed",api.foxbit.com.br/rest/v3/markets/usdtbrl/candlesticks
2023-11-09T00:00:00Z,Foxbit,BRL,usdtbrl,1d,4.9807,"reported, not observed",api.foxbit.com.br/rest/v3/markets/usdtbrl/candlesticks
2023-11-10T00:00:00Z,Foxbit,BRL,usdtbrl,1d,4.9526,"reported, not observed",api.foxbit.com.br/rest/v3/markets/usdtbrl/candlesticks
2023-11-11T00:00:00Z,Foxbit,BRL,usdtbrl,1d,4.962,"reported, not observed",api.foxbit.com.br/rest/v3/markets/usdtbrl/candlesticks
2023-11-12T00:00:00Z,Foxbit,BRL,usdtbrl,1d,4.9636,"reported, not observed",api.foxbit.com.br/rest/v3/markets/usdtbrl/candlesticks
2023-11-13T00:00:00Z,Foxbit,BRL,usdtbrl,1d,4.95,"reported, not observed",api.foxbit.com.br/rest/v3/markets/usdtbrl/candlesticks
2023-11-14T00:00:00Z,Foxbit,BRL,usdtbrl,1d,4.9217,"reported, not observed",api.foxbit.com.br/rest/v3/markets/usdtbrl/candlesticks
2023-11-15T00:00:00Z,Foxbit,BRL,usdtbrl,1d,4.9062,"reported, not observed",api.foxbit.com.br/rest/v3/markets/usdtbrl/candlesticks
2023-11-16T00:00:00Z,Foxbit,BRL,usdtbrl,1d,4.9131,"reported, not observed",api.foxbit.com.br/rest/v3/markets/usdtbrl/candlesticks
2023-11-17T00:00:00Z,Foxbit,BRL,usdtbrl,1d,4.94,"reported, not observed",api.foxbit.com.br/rest/v3/markets/usdtbrl/candlesticks
2023-11-18T00:00:00Z,Foxbit,BRL,usdtbrl,1d,4.955,"reported, not observed",api.foxbit.com.br/rest/v3/markets/usdtbrl/candlesticks
2023-11-19T00:00:00Z,Foxbit,BRL,usdtbrl,1d,4.9417,"reported, not observed",api.foxbit.com.br/rest/v3/markets/usdtbrl/candlesticks
2023-11-20T00:00:00Z,Foxbit,BRL,usdtbrl,1d,4.889,"reported, not observed",api.foxbit.com.br/rest/v3/markets/usdtbrl/candlesticks
2023-11-21T00:00:00Z,Foxbit,BRL,usdtbrl,1d,4.939,"reported, not observed",api.foxbit.com.br/rest/v3/markets/usdtbrl/candlesticks
2023-11-22T00:00:00Z,Foxbit,BRL,usdtbrl,1d,4.931,"reported, not observed",api.foxbit.com.br/rest/v3/markets/usdtbrl/candlesticks
2023-11-23T00:00:00Z,Foxbit,BRL,usdtbrl,1d,4.947,"reported, not observed",api.foxbit.com.br/rest/v3/markets/usdtbrl/candlesticks
2023-11-24T00:00:00Z,Foxbit,BRL,usdtbrl,1d,4.944,"reported, not observed",api.foxbit.com.br/rest/v3/markets/usdtbrl/candlesticks
2023-11-25T00:00:00Z,Foxbit,BRL,usdtbrl,1d,4.9321,"reported, not observed",api.foxbit.com.br/rest/v3/markets/usdtbrl/candlesticks
2023-11-26T00:00:00Z,Foxbit,BRL,usdtbrl,1d,4.9413,"reported, not observed",api.foxbit.com.br/rest/v3/markets/usdtbrl/candlesticks
2023-11-27T00:00:00Z,Foxbit,BRL,usdtbrl,1d,4.9389,"reported, not observed",api.foxbit.com.br/rest/v3/markets/usdtbrl/candlesticks
2023-11-28T00:00:00Z,Foxbit,BRL,usdtbrl,1d,4.9039,"reported, not observed",api.foxbit.com.br/rest/v3/markets/usdtbrl/candlesticks
2023-11-29T00:00:00Z,Foxbit,BRL,usdtbrl,1d,4.9201,"reported, not observed",api.foxbit.com.br/rest/v3/markets/usdtbrl/candlesticks
2023-11-30T00:00:00Z,Foxbit,BRL,usdtbrl,1d,4.9411,"reported, not observed",api.foxbit.com.br/rest/v3/markets/usdtbrl/candlesticks
2023-12-01T00:00:00Z,Foxbit,BRL,usdtbrl,1d,4.907,"reported, not observed",api.foxbit.com.br/rest/v3/markets/usdtbrl/candlesticks
2023-12-02T00:00:00Z,Foxbit,BRL,usdtbrl,1d,4.9157,"reported, not observed",api.foxbit.com.br/rest/v3/markets/usdtbrl/candlesticks
2023-12-03T00:00:00Z,Foxbit,BRL,usdtbrl,1d,4.9239,"reported, not observed",api.foxbit.com.br/rest/v3/markets/usdtbrl/candlesticks
2023-12-04T00:00:00Z,Foxbit,BRL,usdtbrl,1d,4.9668,"reported, not observed",api.foxbit.com.br/rest/v3/markets/usdtbrl/candlesticks
2023-12-05T00:00:00Z,Foxbit,BRL,usdtbrl,1d,4.9595,"reported, not observed",api.foxbit.com.br/rest/v3/markets/usdtbrl/candlesticks
2023-12-06T00:00:00Z,Foxbit,BRL,usdtbrl,1d,4.9301,"reported, not observed",api.foxbit.com.br/rest/v3/markets/usdtbrl/candlesticks
2023-12-07T00:00:00Z,Foxbit,BRL,usdtbrl,1d,4.9408,"reported, not observed",api.foxbit.com.br/rest/v3/markets/usdtbrl/candlesticks
2023-12-08T00:00:00Z,Foxbit,BRL,usdtbrl,1d,4.9526,"reported, not observed",api.foxbit.com.br/rest/v3/markets/usdtbrl/candlesticks
2023-12-09T00:00:00Z,Foxbit,BRL,usdtbrl,1d,4.9675,"reported, not observed",api.foxbit.com.br/rest/v3/markets/usdtbrl/candlesticks
2023-12-10T00:00:00Z,Foxbit,BRL,usdtbrl,1d,4.972,"reported, not observed",api.foxbit.com.br/rest/v3/markets/usdtbrl/candlesticks
2023-12-11T00:00:00Z,Foxbit,BRL,usdtbrl,1d,4.9874,"reported, not observed",api.foxbit.com.br/rest/v3/markets/usdtbrl/candlesticks
2023-12-12T00:00:00Z,Foxbit,BRL,usdtbrl,1d,5.0059,"reported, not observed",api.foxbit.com.br/rest/v3/markets/usdtbrl/candlesticks
2023-12-13T00:00:00Z,Foxbit,BRL,usdtbrl,1d,4.9661,"reported, not observed",api.foxbit.com.br/rest/v3/markets/usdtbrl/candlesticks
2023-12-14T00:00:00Z,Foxbit,BRL,usdtbrl,1d,4.9434,"reported, not observed",api.foxbit.com.br/rest/v3/markets/usdtbrl/candlesticks
2023-12-15T00:00:00Z,Foxbit,BRL,usdtbrl,1d,4.9864,"reported, not observed",api.foxbit.com.br/rest/v3/markets/usdtbrl/candlesticks
2023-12-16T00:00:00Z,Foxbit,BRL,usdtbrl,1d,4.9824,"reported, not observed",api.foxbit.com.br/rest/v3/markets/usdtbrl/candlesticks
2023-12-17T00:00:00Z,Foxbit,BRL,usdtbrl,1d,4.998,"reported, not observed",api.foxbit.com.br/rest/v3/markets/usdtbrl/candlesticks
2023-12-18T00:00:00Z,Foxbit,BRL,usdtbrl,1d,4.9379,"reported, not observed",api.foxbit.com.br/rest/v3/markets/usdtbrl/candlesticks
2023-12-19T00:00:00Z,Foxbit,BRL,usdtbrl,1d,4.8987,"reported, not observed",api.foxbit.com.br/rest/v3/markets/usdtbrl/candlesticks
2023-12-20T00:00:00Z,Foxbit,BRL,usdtbrl,1d,4.962,"reported, not observed",api.foxbit.com.br/rest/v3/markets/usdtbrl/candlesticks
2023-12-21T00:00:00Z,Foxbit,BRL,usdtbrl,1d,4.9147,"reported, not observed",api.foxbit.com.br/rest/v3/markets/usdtbrl/candlesticks
2023-12-22T00:00:00Z,Foxbit,BRL,usdtbrl,1d,4.8872,"reported, not observed",api.foxbit.com.br/rest/v3/markets/usdtbrl/candlesticks
2023-12-23T00:00:00Z,Foxbit,BRL,usdtbrl,1d,4.9084,"reported, not observed",api.foxbit.com.br/rest/v3/markets/usdtbrl/candlesticks
2023-12-24T00:00:00Z,Foxbit,BRL,usdtbrl,1d,4.9181,"reported, not observed",api.foxbit.com.br/rest/v3/markets/usdtbrl/candlesticks
2023-12-25T00:00:00Z,Foxbit,BRL,usdtbrl,1d,4.9413,"reported, not observed",api.foxbit.com.br/rest/v3/markets/usdtbrl/candlesticks
2023-12-26T00:00:00Z,Foxbit,BRL,usdtbrl,1d,4.8593,"reported, not observed",api.foxbit.com.br/rest/v3/markets/usdtbrl/candlesticks
2023-12-27T00:00:00Z,Foxbit,BRL,usdtbrl,1d,4.8733,"reported, not observed",api.foxbit.com.br/rest/v3/markets/usdtbrl/candlesticks
2023-12-28T00:00:00Z,Foxbit,BRL,usdtbrl,1d,4.897,"reported, not observed",api.foxbit.com.br/rest/v3/markets/usdtbrl/candlesticks
2023-12-29T00:00:00Z,Foxbit,BRL,usdtbrl,1d,4.9404,"reported, not observed",api.foxbit.com.br/rest/v3/markets/usdtbrl/candlesticks
2023-12-30T00:00:00Z,Foxbit,BRL,usdtbrl,1d,4.96,"reported, not observed",api.foxbit.com.br/rest/v3/markets/usdtbrl/candlesticks
2023-12-31T00:00:00Z,Foxbit,BRL,usdtbrl,1d,4.9699,"reported, not observed",api.foxbit.com.br/rest/v3/markets/usdtbrl/candlesticks
2024-01-01T00:00:00Z,Foxbit,BRL,usdtbrl,1d,4.94,"reported, not observed",api.foxbit.com.br/rest/v3/markets/usdtbrl/candlesticks
2024-01-02T00:00:00Z,Foxbit,BRL,usdtbrl,1d,4.94,"reported, not observed",api.foxbit.com.br/rest/v3/markets/usdtbrl/candlesticks
2024-01-03T00:00:00Z,Foxbit,BRL,usdtbrl,1d,4.9672,"reported, not observed",api.foxbit.com.br/rest/v3/markets/usdtbrl/candlesticks
2024-01-04T00:00:00Z,Foxbit,BRL,usdtbrl,1d,4.9469,"reported, not observed",api.foxbit.com.br/rest/v3/markets/usdtbrl/candlesticks
2024-01-05T00:00:00Z,Foxbit,BRL,usdtbrl,1d,4.9221,"reported, not observed",api.foxbit.com.br/rest/v3/markets/usdtbrl/candlesticks
2024-01-06T00:00:00Z,Foxbit,BRL,usdtbrl,1d,4.9076,"reported, not observed",api.foxbit.com.br/rest/v3/markets/usdtbrl/candlesticks
2024-01-07T00:00:00Z,Foxbit,BRL,usdtbrl,1d,4.932,"reported, not observed",api.foxbit.com.br/rest/v3/markets/usdtbrl/candlesticks
2024-01-08T00:00:00Z,Foxbit,BRL,usdtbrl,1d,4.9084,"reported, not observed",api.foxbit.com.br/rest/v3/markets/usdtbrl/candlesticks
2024-01-09T00:00:00Z,Foxbit,BRL,usdtbrl,1d,4.9321,"reported, not observed",api.foxbit.com.br/rest/v3/markets/usdtbrl/candlesticks
2024-01-10T00:00:00Z,Foxbit,BRL,usdtbrl,1d,4.9398,"reported, not observed",api.foxbit.com.br/rest/v3/markets/usdtbrl/candlesticks
2024-01-11T00:00:00Z,Foxbit,BRL,usdtbrl,1d,4.914,"reported, not observed",api.foxbit.com.br/rest/v3/markets/usdtbrl/candlesticks
2024-01-12T00:00:00Z,Foxbit,BRL,usdtbrl,1d,4.884,"reported, not observed",api.foxbit.com.br/rest/v3/markets/usdtbrl/candlesticks
2024-01-13T00:00:00Z,Foxbit,BRL,usdtbrl,1d,4.9082,"reported, not observed",api.foxbit.com.br/rest/v3/markets/usdtbrl/candlesticks
2024-01-14T00:00:00Z,Foxbit,BRL,usdtbrl,1d,4.884,"reported, not observed",api.foxbit.com.br/rest/v3/markets/usdtbrl/candlesticks
2024-01-15T00:00:00Z,Foxbit,BRL,usdtbrl,1d,4.924,"reported, not observed",api.foxbit.com.br/rest/v3/markets/usdtbrl/candlesticks
2024-01-16T00:00:00Z,Foxbit,BRL,usdtbrl,1d,4.952,"reported, not observed",api.foxbit.com.br/rest/v3/markets/usdtbrl/candlesticks
2024-01-17T00:00:00Z,Foxbit,BRL,usdtbrl,1d,4.9571,"reported, not observed",api.foxbit.com.br/rest/v3/markets/usdtbrl/candlesticks
2024-01-18T00:00:00Z,Foxbit,BRL,usdtbrl,1d,4.97,"reported, not observed",api.foxbit.com.br/rest/v3/markets/usdtbrl/candlesticks
2024-01-19T00:00:00Z,Foxbit,BRL,usdtbrl,1d,4.969,"reported, not observed",api.foxbit.com.br/rest/v3/markets/usdtbrl/candlesticks
2024-01-20T00:00:00Z,Foxbit,BRL,usdtbrl,1d,4.975,"reported, not observed",api.foxbit.com.br/rest/v3/markets/usdtbrl/candlesticks
2024-01-21T00:00:00Z,Foxbit,BRL,usdtbrl,1d,4.974,"reported, not observed",api.foxbit.com.br/rest/v3/markets/usdtbrl/candlesticks
2024-01-22T00:00:00Z,Foxbit,BRL,usdtbrl,1d,5.0241,"reported, not observed",api.foxbit.com.br/rest/v3/markets/usdtbrl/candlesticks
2024-01-23T00:00:00Z,Foxbit,BRL,usdtbrl,1d,5.0029,"reported, not observed",api.foxbit.com.br/rest/v3/markets/usdtbrl/candlesticks
2024-01-24T00:00:00Z,Foxbit,BRL,usdtbrl,1d,4.9735,"reported, not observed",api.foxbit.com.br/rest/v3/markets/usdtbrl/candlesticks
2024-01-25T00:00:00Z,Foxbit,BRL,usdtbrl,1d,4.9587,"reported, not observed",api.foxbit.com.br/rest/v3/markets/usdtbrl/candlesticks
2024-01-26T00:00:00Z,Foxbit,BRL,usdtbrl,1d,4.94,"reported, not observed",api.foxbit.com.br/rest/v3/markets/usdtbrl/candlesticks
2024-01-27T00:00:00Z,Foxbit,BRL,usdtbrl,1d,4.963,"reported, not observed",api.foxbit.com.br/rest/v3/markets/usdtbrl/candlesticks
2024-01-28T00:00:00Z,Foxbit,BRL,usdtbrl,1d,4.9665,"reported, not observed",api.foxbit.com.br/rest/v3/markets/usdtbrl/candlesticks
2024-01-29T00:00:00Z,Foxbit,BRL,usdtbrl,1d,4.9799,"reported, not observed",api.foxbit.com.br/rest/v3/markets/usdtbrl/candlesticks
2024-01-30T00:00:00Z,Foxbit,BRL,usdtbrl,1d,4.9781,"reported, not observed",api.foxbit.com.br/rest/v3/markets/usdtbrl/candlesticks
2024-01-31T00:00:00Z,Foxbit,BRL,usdtbrl,1d,4.986,"reported, not observed",api.foxbit.com.br/rest/v3/markets/usdtbrl/candlesticks
2024-02-01T00:00:00Z,Foxbit,BRL,usdtbrl,1d,4.9415,"reported, not observed",api.foxbit.com.br/rest/v3/markets/usdtbrl/candlesticks
2024-02-02T00:00:00Z,Foxbit,BRL,usdtbrl,1d,4.9946,"reported, not observed",api.foxbit.com.br/rest/v3/markets/usdtbrl/candlesticks
2024-02-03T00:00:00Z,Foxbit,BRL,usdtbrl,1d,4.9895,"reported, not observed",api.foxbit.com.br/rest/v3/markets/usdtbrl/candlesticks
2024-02-04T00:00:00Z,Foxbit,BRL,usdtbrl,1d,5.0025,"reported, not observed",api.foxbit.com.br/rest/v3/markets/usdtbrl/candlesticks
2024-02-05T00:00:00Z,Foxbit,BRL,usdtbrl,1d,5.0155,"reported, not observed",api.foxbit.com.br/rest/v3/markets/usdtbrl/candlesticks
2024-02-06T00:00:00Z,Foxbit,BRL,usdtbrl,1d,4.9964,"reported, not observed",api.foxbit.com.br/rest/v3/markets/usdtbrl/candlesticks
2024-02-07T00:00:00Z,Foxbit,BRL,usdtbrl,1d,4.991,"reported, not observed",api.foxbit.com.br/rest/v3/markets/usdtbrl/candlesticks
2024-02-08T00:00:00Z,Foxbit,BRL,usdtbrl,1d,5.02,"reported, not observed",api.foxbit.com.br/rest/v3/markets/usdtbrl/candlesticks
2024-02-09T00:00:00Z,Foxbit,BRL,usdtbrl,1d,5.0016,"reported, not observed",api.foxbit.com.br/rest/v3/markets/usdtbrl/candlesticks
2024-02-10T00:00:00Z,Foxbit,BRL,usdtbrl,1d,4.9978,"reported, not observed",api.foxbit.com.br/rest/v3/markets/usdtbrl/candlesticks
2024-02-11T00:00:00Z,Foxbit,BRL,usdtbrl,1d,5.0017,"reported, not observed",api.foxbit.com.br/rest/v3/markets/usdtbrl/candlesticks
2024-02-12T00:00:00Z,Foxbit,BRL,usdtbrl,1d,5.0,"reported, not observed",api.foxbit.com.br/rest/v3/markets/usdtbrl/candlesticks
2024-02-13T00:00:00Z,Foxbit,BRL,usdtbrl,1d,5.0089,"reported, not observed",api.foxbit.com.br/rest/v3/markets/usdtbrl/candlesticks
2024-02-14T00:00:00Z,Foxbit,BRL,usdtbrl,1d,5.0099,"reported, not observed",api.foxbit.com.br/rest/v3/markets/usdtbrl/candlesticks
2024-02-15T00:00:00Z,Foxbit,BRL,usdtbrl,1d,5.0232,"reported, not observed",api.foxbit.com.br/rest/v3/markets/usdtbrl/candlesticks
2024-02-16T00:00:00Z,Foxbit,BRL,usdtbrl,1d,5.0056,"reported, not observed",api.foxbit.com.br/rest/v3/markets/usdtbrl/candlesticks
2024-02-17T00:00:00Z,Foxbit,BRL,usdtbrl,1d,5.022,"reported, not observed",api.foxbit.com.br/rest/v3/markets/usdtbrl/candlesticks
2024-02-18T00:00:00Z,Foxbit,BRL,usdtbrl,1d,5.0061,"reported, not observed",api.foxbit.com.br/rest/v3/markets/usdtbrl/candlesticks
2024-02-19T00:00:00Z,Foxbit,BRL,usdtbrl,1d,5.0217,"reported, not observed",api.foxbit.com.br/rest/v3/markets/usdtbrl/candlesticks
2024-02-20T00:00:00Z,Foxbit,BRL,usdtbrl,1d,4.975,"reported, not observed",api.foxbit.com.br/rest/v3/markets/usdtbrl/candlesticks
2024-02-21T00:00:00Z,Foxbit,BRL,usdtbrl,1d,4.9816,"reported, not observed",api.foxbit.com.br/rest/v3/markets/usdtbrl/candlesticks
2024-02-22T00:00:00Z,Foxbit,BRL,usdtbrl,1d,5.0034,"reported, not observed",api.foxbit.com.br/rest/v3/markets/usdtbrl/candlesticks
2024-02-23T00:00:00Z,Foxbit,BRL,usdtbrl,1d,5.0378,"reported, not observed",api.foxbit.com.br/rest/v3/markets/usdtbrl/candlesticks
2024-02-24T00:00:00Z,Foxbit,BRL,usdtbrl,1d,5.037,"reported, not observed",api.foxbit.com.br/rest/v3/markets/usdtbrl/candlesticks
2024-02-25T00:00:00Z,Foxbit,BRL,usdtbrl,1d,5.0419,"reported, not observed",api.foxbit.com.br/rest/v3/markets/usdtbrl/candlesticks
2024-02-26T00:00:00Z,Foxbit,BRL,usdtbrl,1d,5.0021,"reported, not observed",api.foxbit.com.br/rest/v3/markets/usdtbrl/candlesticks
2024-02-27T00:00:00Z,Foxbit,BRL,usdtbrl,1d,4.977,"reported, not observed",api.foxbit.com.br/rest/v3/markets/usdtbrl/candlesticks
2024-02-28T00:00:00Z,Foxbit,BRL,usdtbrl,1d,5.005,"reported, not observed",api.foxbit.com.br/rest/v3/markets/usdtbrl/candlesticks
2024-02-29T00:00:00Z,Foxbit,BRL,usdtbrl,1d,5.0195,"reported, not observed",api.foxbit.com.br/rest/v3/markets/usdtbrl/candlesticks
2024-03-01T00:00:00Z,Foxbit,BRL,usdtbrl,1d,5.0036,"reported, not observed",api.foxbit.com.br/rest/v3/markets/usdtbrl/candlesticks
2024-03-02T00:00:00Z,Foxbit,BRL,usdtbrl,1d,5.0036,"reported, not observed",api.foxbit.com.br/rest/v3/markets/usdtbrl/candlesticks
2024-03-03T00:00:00Z,Foxbit,BRL,usdtbrl,1d,5.019,"reported, not observed",api.foxbit.com.br/rest/v3/markets/usdtbrl/candlesticks
2024-03-04T00:00:00Z,Foxbit,BRL,usdtbrl,1d,4.9876,"reported, not observed",api.foxbit.com.br/rest/v3/markets/usdtbrl/candlesticks
2024-03-05T00:00:00Z,Foxbit,BRL,usdtbrl,1d,5.0154,"reported, not observed",api.foxbit.com.br/rest/v3/markets/usdtbrl/candlesticks
2024-03-06T00:00:00Z,Foxbit,BRL,usdtbrl,1d,4.9869,"reported, not observed",api.foxbit.com.br/rest/v3/markets/usdtbrl/candlesticks
2024-03-07T00:00:00Z,Foxbit,BRL,usdtbrl,1d,4.9848,"reported, not observed",api.foxbit.com.br/rest/v3/markets/usdtbrl/candlesticks
2024-03-08T00:00:00Z,Foxbit,BRL,usdtbrl,1d,5.038,"reported, not observed",api.foxbit.com.br/rest/v3/markets/usdtbrl/candlesticks
2024-03-09T00:00:00Z,Foxbit,BRL,usdtbrl,1d,5.04,"reported, not observed",api.foxbit.com.br/rest/v3/markets/usdtbrl/candlesticks
2024-03-10T00:00:00Z,Foxbit,BRL,usdtbrl,1d,5.035,"reported, not observed",api.foxbit.com.br/rest/v3/markets/usdtbrl/candlesticks
2024-03-11T00:00:00Z,Foxbit,BRL,usdtbrl,1d,5.0064,"reported, not observed",api.foxbit.com.br/rest/v3/markets/usdtbrl/candlesticks
2024-03-12T00:00:00Z,Foxbit,BRL,usdtbrl,1d,5.0114,"reported, not observed",api.foxbit.com.br/rest/v3/markets/usdtbrl/candlesticks
2024-03-13T00:00:00Z,Foxbit,BRL,usdtbrl,1d,5.0144,"reported, not observed",api.foxbit.com.br/rest/v3/markets/usdtbrl/candlesticks
2024-03-14T00:00:00Z,Foxbit,BRL,usdtbrl,1d,5.039,"reported, not observed",api.foxbit.com.br/rest/v3/markets/usdtbrl/candlesticks
2024-03-15T00:00:00Z,Foxbit,BRL,usdtbrl,1d,5.0384,"reported, not observed",api.foxbit.com.br/rest/v3/markets/usdtbrl/candlesticks
2024-03-16T00:00:00Z,Foxbit,BRL,usdtbrl,1d,5.0362,"reported, not observed",api.foxbit.com.br/rest/v3/markets/usdtbrl/candlesticks
2024-03-17T00:00:00Z,Foxbit,BRL,usdtbrl,1d,5.0393,"reported, not observed",api.foxbit.com.br/rest/v3/markets/usdtbrl/candlesticks
2024-03-18T00:00:00Z,Foxbit,BRL,usdtbrl,1d,5.0651,"reported, not observed",api.foxbit.com.br/rest/v3/markets/usdtbrl/candlesticks
2024-03-19T00:00:00Z,Foxbit,BRL,usdtbrl,1d,5.077,"reported, not observed",api.foxbit.com.br/rest/v3/markets/usdtbrl/candlesticks
2024-03-20T00:00:00Z,Foxbit,BRL,usdtbrl,1d,5.0207,"reported, not observed",api.foxbit.com.br/rest/v3/markets/usdtbrl/candlesticks
2024-03-21T00:00:00Z,Foxbit,BRL,usdtbrl,1d,5.0209,"reported, not observed",api.foxbit.com.br/rest/v3/markets/usdtbrl/candlesticks
2024-03-22T00:00:00Z,Foxbit,BRL,usdtbrl,1d,5.04,"reported, not observed",api.foxbit.com.br/rest/v3/markets/usdtbrl/candlesticks
2024-03-23T00:00:00Z,Foxbit,BRL,usdtbrl,1d,5.044,"reported, not observed",api.foxbit.com.br/rest/v3/markets/usdtbrl/candlesticks
2024-03-24T00:00:00Z,Foxbit,BRL,usdtbrl,1d,5.033,"reported, not observed",api.foxbit.com.br/rest/v3/markets/usdtbrl/candlesticks
2024-03-25T00:00:00Z,Foxbit,BRL,usdtbrl,1d,5.008,"reported, not observed",api.foxbit.com.br/rest/v3/markets/usdtbrl/candlesticks
2024-03-26T00:00:00Z,Foxbit,BRL,usdtbrl,1d,5.0193,"reported, not observed",api.foxbit.com.br/rest/v3/markets/usdtbrl/candlesticks
2024-03-27T00:00:00Z,Foxbit,BRL,usdtbrl,1d,5.0099,"reported, not observed",api.foxbit.com.br/rest/v3/markets/usdtbrl/candlesticks
2024-03-28T00:00:00Z,Foxbit,BRL,usdtbrl,1d,5.0349,"reported, not observed",api.foxbit.com.br/rest/v3/markets/usdtbrl/candlesticks
2024-03-29T00:00:00Z,Foxbit,BRL,usdtbrl,1d,5.0618,"reported, not observed",api.foxbit.com.br/rest/v3/markets/usdtbrl/candlesticks
2024-03-30T00:00:00Z,Foxbit,BRL,usdtbrl,1d,5.0612,"reported, not observed",api.foxbit.com.br/rest/v3/markets/usdtbrl/candlesticks
2024-03-31T00:00:00Z,Foxbit,BRL,usdtbrl,1d,5.0526,"reported, not observed",api.foxbit.com.br/rest/v3/markets/usdtbrl/candlesticks
2024-04-01T00:00:00Z,Foxbit,BRL,usdtbrl,1d,5.0989,"reported, not observed",api.foxbit.com.br/rest/v3/markets/usdtbrl/candlesticks
2024-04-02T00:00:00Z,Foxbit,BRL,usdtbrl,1d,5.0999,"reported, not observed",api.foxbit.com.br/rest/v3/markets/usdtbrl/candlesticks
2024-04-03T00:00:00Z,Foxbit,BRL,usdtbrl,1d,5.0974,"reported, not observed",api.foxbit.com.br/rest/v3/markets/usdtbrl/candlesticks
2024-04-04T00:00:00Z,Foxbit,BRL,usdtbrl,1d,5.0855,"reported, not observed",api.foxbit.com.br/rest/v3/markets/usdtbrl/candlesticks
2024-04-05T00:00:00Z,Foxbit,BRL,usdtbrl,1d,5.1056,"reported, not observed",api.foxbit.com.br/rest/v3/markets/usdtbrl/candlesticks
2024-04-06T00:00:00Z,Foxbit,BRL,usdtbrl,1d,5.1058,"reported, not observed",api.foxbit.com.br/rest/v3/markets/usdtbrl/candlesticks
2024-04-07T00:00:00Z,Foxbit,BRL,usdtbrl,1d,5.1089,"reported, not observed",api.foxbit.com.br/rest/v3/markets/usdtbrl/candlesticks
2024-04-08T00:00:00Z,Foxbit,BRL,usdtbrl,1d,5.063,"reported, not observed",api.foxbit.com.br/rest/v3/markets/usdtbrl/candlesticks
2024-04-09T00:00:00Z,Foxbit,BRL,usdtbrl,1d,5.0505,"reported, not observed",api.foxbit.com.br/rest/v3/markets/usdtbrl/candlesticks
2024-04-10T00:00:00Z,Foxbit,BRL,usdtbrl,1d,5.0807,"reported, not observed",api.foxbit.com.br/rest/v3/markets/usdtbrl/candlesticks
2024-04-11T00:00:00Z,Foxbit,BRL,usdtbrl,1d,5.1079,"reported, not observed",api.foxbit.com.br/rest/v3/markets/usdtbrl/candlesticks
2024-04-12T00:00:00Z,Foxbit,BRL,usdtbrl,1d,5.1768,"reported, not observed",api.foxbit.com.br/rest/v3/markets/usdtbrl/candlesticks
2024-04-13T00:00:00Z,Foxbit,BRL,usdtbrl,1d,5.294,"reported, not observed",api.foxbit.com.br/rest/v3/markets/usdtbrl/candlesticks
2024-04-14T00:00:00Z,Foxbit,BRL,usdtbrl,1d,5.302,"reported, not observed",api.foxbit.com.br/rest/v3/markets/usdtbrl/candlesticks
2024-04-15T00:00:00Z,Foxbit,BRL,usdtbrl,1d,5.2363,"reported, not observed",api.foxbit.com.br/rest/v3/markets/usdtbrl/candlesticks
2024-04-16T00:00:00Z,Foxbit,BRL,usdtbrl,1d,5.3027,"reported, not observed",api.foxbit.com.br/rest/v3/markets/usdtbrl/candlesticks
2024-04-17T00:00:00Z,Foxbit,BRL,usdtbrl,1d,5.2807,"reported, not observed",api.foxbit.com.br/rest/v3/markets/usdtbrl/candlesticks
2024-04-18T00:00:00Z,Foxbit,BRL,usdtbrl,1d,5.2948,"reported, not observed",api.foxbit.com.br/rest/v3/markets/usdtbrl/candlesticks
2024-04-19T00:00:00Z,Foxbit,BRL,usdtbrl,1d,5.26,"reported, not observed",api.foxbit.com.br/rest/v3/markets/usdtbrl/candlesticks
2024-04-20T00:00:00Z,Foxbit,BRL,usdtbrl,1d,5.2632,"reported, not observed",api.foxbit.com.br/rest/v3/markets/usdtbrl/candlesticks
2024-04-21T00:00:00Z,Foxbit,BRL,usdtbrl,1d,5.2472,"reported, not observed",api.foxbit.com.br/rest/v3/markets/usdtbrl/candlesticks
2024-04-22T00:00:00Z,Foxbit,BRL,usdtbrl,1d,5.1933,"reported, not observed",api.foxbit.com.br/rest/v3/markets/usdtbrl/candlesticks
2024-04-23T00:00:00Z,Foxbit,BRL,usdtbrl,1d,5.1702,"reported, not observed",api.foxbit.com.br/rest/v3/markets/usdtbrl/candlesticks
2024-04-24T00:00:00Z,Foxbit,BRL,usdtbrl,1d,5.1836,"reported, not observed",api.foxbit.com.br/rest/v3/markets/usdtbrl/candlesticks
2024-04-25T00:00:00Z,Foxbit,BRL,usdtbrl,1d,5.2013,"reported, not observed",api.foxbit.com.br/rest/v3/markets/usdtbrl/candlesticks
2024-04-26T00:00:00Z,Foxbit,BRL,usdtbrl,1d,5.1603,"reported, not observed",api.foxbit.com.br/rest/v3/markets/usdtbrl/candlesticks
2024-04-27T00:00:00Z,Foxbit,BRL,usdtbrl,1d,5.1557,"reported, not observed",api.foxbit.com.br/rest/v3/markets/usdtbrl/candlesticks
2024-04-28T00:00:00Z,Foxbit,BRL,usdtbrl,1d,5.1523,"reported, not observed",api.foxbit.com.br/rest/v3/markets/usdtbrl/candlesticks
2024-04-29T00:00:00Z,Foxbit,BRL,usdtbrl,1d,5.1347,"reported, not observed",api.foxbit.com.br/rest/v3/markets/usdtbrl/candlesticks
2024-04-30T00:00:00Z,Foxbit,BRL,usdtbrl,1d,5.2303,"reported, not observed",api.foxbit.com.br/rest/v3/markets/usdtbrl/candlesticks
2024-05-01T00:00:00Z,Foxbit,BRL,usdtbrl,1d,5.2184,"reported, not observed",api.foxbit.com.br/rest/v3/markets/usdtbrl/candlesticks
2024-05-02T00:00:00Z,Foxbit,BRL,usdtbrl,1d,5.1401,"reported, not observed",api.foxbit.com.br/rest/v3/markets/usdtbrl/candlesticks
2024-05-03T00:00:00Z,Foxbit,BRL,usdtbrl,1d,5.1119,"reported, not observed",api.foxbit.com.br/rest/v3/markets/usdtbrl/candlesticks
2024-05-04T00:00:00Z,Foxbit,BRL,usdtbrl,1d,5.1111,"reported, not observed",api.foxbit.com.br/rest/v3/markets/usdtbrl/candlesticks
2024-05-05T00:00:00Z,Foxbit,BRL,usdtbrl,1d,5.1106,"reported, not observed",api.foxbit.com.br/rest/v3/markets/usdtbrl/candlesticks
2024-05-06T00:00:00Z,Foxbit,BRL,usdtbrl,1d,5.0846,"reported, not observed",api.foxbit.com.br/rest/v3/markets/usdtbrl/candlesticks
2024-05-07T00:00:00Z,Foxbit,BRL,usdtbrl,1d,5.0964,"reported, not observed",api.foxbit.com.br/rest/v3/markets/usdtbrl/candlesticks
2024-05-08T00:00:00Z,Foxbit,BRL,usdtbrl,1d,5.1225,"reported, not observed",api.foxbit.com.br/rest/v3/markets/usdtbrl/candlesticks
2024-05-09T00:00:00Z,Foxbit,BRL,usdtbrl,1d,5.142,"reported, not observed",api.foxbit.com.br/rest/v3/markets/usdtbrl/candlesticks
2024-05-10T00:00:00Z,Foxbit,BRL,usdtbrl,1d,5.2004,"reported, not observed",api.foxbit.com.br/rest/v3/markets/usdtbrl/candlesticks
2024-05-11T00:00:00Z,Foxbit,BRL,usdtbrl,1d,5.1954,"reported, not observed",api.foxbit.com.br/rest/v3/markets/usdtbrl/candlesticks
2024-05-12T00:00:00Z,Foxbit,BRL,usdtbrl,1d,5.1944,"reported, not observed",api.foxbit.com.br/rest/v3/markets/usdtbrl/candlesticks
2024-05-13T00:00:00Z,Foxbit,BRL,usdtbrl,1d,5.1902,"reported, not observed",api.foxbit.com.br/rest/v3/markets/usdtbrl/candlesticks
2024-05-14T00:00:00Z,Foxbit,BRL,usdtbrl,1d,5.162,"reported, not observed",api.foxbit.com.br/rest/v3/markets/usdtbrl/candlesticks
2024-05-15T00:00:00Z,Foxbit,BRL,usdtbrl,1d,5.1386,"reported, not observed",api.foxbit.com.br/rest/v3/markets/usdtbrl/candlesticks
2024-05-16T00:00:00Z,Foxbit,BRL,usdtbrl,1d,5.1569,"reported, not observed",api.foxbit.com.br/rest/v3/markets/usdtbrl/candlesticks
2024-05-17T00:00:00Z,Foxbit,BRL,usdtbrl,1d,5.12,"reported, not observed",api.foxbit.com.br/rest/v3/markets/usdtbrl/candlesticks
2024-05-18T00:00:00Z,Foxbit,BRL,usdtbrl,1d,5.1394,"reported, not observed",api.foxbit.com.br/rest/v3/markets/usdtbrl/candlesticks
2024-05-19T00:00:00Z,Foxbit,BRL,usdtbrl,1d,5.1364,"reported, not observed",api.foxbit.com.br/rest/v3/markets/usdtbrl/candlesticks
2024-05-20T00:00:00Z,Foxbit,BRL,usdtbrl,1d,5.0671,"reported, not observed",api.foxbit.com.br/rest/v3/markets/usdtbrl/candlesticks
2024-05-21T00:00:00Z,Foxbit,BRL,usdtbrl,1d,5.129,"reported, not observed",api.foxbit.com.br/rest/v3/markets/usdtbrl/candlesticks
2024-05-22T00:00:00Z,Foxbit,BRL,usdtbrl,1d,5.1789,"reported, not observed",api.foxbit.com.br/rest/v3/markets/usdtbrl/candlesticks
2024-05-23T00:00:00Z,Foxbit,BRL,usdtbrl,1d,5.1809,"reported, not observed",api.foxbit.com.br/rest/v3/markets/usdtbrl/candlesticks
2024-05-24T00:00:00Z,Foxbit,BRL,usdtbrl,1d,5.2025,"reported, not observed",api.foxbit.com.br/rest/v3/markets/usdtbrl/candlesticks
2024-05-25T00:00:00Z,Foxbit,BRL,usdtbrl,1d,5.1941,"reported, not observed",api.foxbit.com.br/rest/v3/markets/usdtbrl/candlesticks
2024-05-26T00:00:00Z,Foxbit,BRL,usdtbrl,1d,5.1986,"reported, not observed",api.foxbit.com.br/rest/v3/markets/usdtbrl/candlesticks
2024-05-27T00:00:00Z,Foxbit,BRL,usdtbrl,1d,5.1916,"reported, not observed",api.foxbit.com.br/rest/v3/markets/usdtbrl/candlesticks
2024-05-28T00:00:00Z,Foxbit,BRL,usdtbrl,1d,5.1969,"reported, not observed",api.foxbit.com.br/rest/v3/markets/usdtbrl/candlesticks
2024-05-29T00:00:00Z,Foxbit,BRL,usdtbrl,1d,5.2393,"reported, not observed",api.foxbit.com.br/rest/v3/markets/usdtbrl/candlesticks
2024-05-30T00:00:00Z,Foxbit,BRL,usdtbrl,1d,5.2348,"reported, not observed",api.foxbit.com.br/rest/v3/markets/usdtbrl/candlesticks
2024-05-31T00:00:00Z,Foxbit,BRL,usdtbrl,1d,5.2839,"reported, not observed",api.foxbit.com.br/rest/v3/markets/usdtbrl/candlesticks
2024-06-01T00:00:00Z,Foxbit,BRL,usdtbrl,1d,5.2835,"reported, not observed",api.foxbit.com.br/rest/v3/markets/usdtbrl/candlesticks
2024-06-02T00:00:00Z,Foxbit,BRL,usdtbrl,1d,5.2874,"reported, not observed",api.foxbit.com.br/rest/v3/markets/usdtbrl/candlesticks
2024-06-03T00:00:00Z,Foxbit,BRL,usdtbrl,1d,5.2491,"reported, not observed",api.foxbit.com.br/rest/v3/markets/usdtbrl/candlesticks
2024-06-04T00:00:00Z,Foxbit,BRL,usdtbrl,1d,5.283,"reported, not observed",api.foxbit.com.br/rest/v3/markets/usdtbrl/candlesticks
2024-06-05T00:00:00Z,Foxbit,BRL,usdtbrl,1d,5.2999,"reported, not observed",api.foxbit.com.br/rest/v3/markets/usdtbrl/candlesticks
2024-06-06T00:00:00Z,Foxbit,BRL,usdtbrl,1d,5.2858,"reported, not observed",api.foxbit.com.br/rest/v3/markets/usdtbrl/candlesticks
2024-06-07T00:00:00Z,Foxbit,BRL,usdtbrl,1d,5.3855,"reported, not observed",api.foxbit.com.br/rest/v3/markets/usdtbrl/candlesticks
2024-06-08T00:00:00Z,Foxbit,BRL,usdtbrl,1d,5.3851,"reported, not observed",api.foxbit.com.br/rest/v3/markets/usdtbrl/candlesticks
2024-06-09T00:00:00Z,Foxbit,BRL,usdtbrl,1d,5.3928,"reported, not observed",api.foxbit.com.br/rest/v3/markets/usdtbrl/candlesticks
2024-06-10T00:00:00Z,Foxbit,BRL,usdtbrl,1d,5.3851,"reported, not observed",api.foxbit.com.br/rest/v3/markets/usdtbrl/candlesticks
2024-06-11T00:00:00Z,Foxbit,BRL,usdtbrl,1d,5.4051,"reported, not observed",api.foxbit.com.br/rest/v3/markets/usdtbrl/candlesticks
2024-06-12T00:00:00Z,Foxbit,BRL,usdtbrl,1d,5.4282,"reported, not observed",api.foxbit.com.br/rest/v3/markets/usdtbrl/candlesticks
2024-06-13T00:00:00Z,Foxbit,BRL,usdtbrl,1d,5.4147,"reported, not observed",api.foxbit.com.br/rest/v3/markets/usdtbrl/candlesticks
2024-06-14T00:00:00Z,Foxbit,BRL,usdtbrl,1d,5.421,"reported, not observed",api.foxbit.com.br/rest/v3/markets/usdtbrl/candlesticks
2024-06-15T00:00:00Z,Foxbit,BRL,usdtbrl,1d,5.4201,"reported, not observed",api.foxbit.com.br/rest/v3/markets/usdtbrl/candlesticks
2024-06-16T00:00:00Z,Foxbit,BRL,usdtbrl,1d,5.4167,"reported, not observed",api.foxbit.com.br/rest/v3/markets/usdtbrl/candlesticks
2024-06-17T00:00:00Z,Foxbit,BRL,usdtbrl,1d,5.4489,"reported, not observed",api.foxbit.com.br/rest/v3/markets/usdtbrl/candlesticks
2024-06-18T00:00:00Z,Foxbit,BRL,usdtbrl,1d,5.4784,"reported, not observed",api.foxbit.com.br/rest/v3/markets/usdtbrl/candlesticks
2024-06-19T00:00:00Z,Foxbit,BRL,usdtbrl,1d,5.4645,"reported, not observed",api.foxbit.com.br/rest/v3/markets/usdtbrl/candlesticks
2024-06-20T00:00:00Z,Foxbit,BRL,usdtbrl,1d,5.4859,"reported, not observed",api.foxbit.com.br/rest/v3/markets/usdtbrl/candlesticks
2024-06-21T00:00:00Z,Foxbit,BRL,usdtbrl,1d,5.4789,"reported, not observed",api.foxbit.com.br/rest/v3/markets/usdtbrl/candlesticks
2024-06-22T00:00:00Z,Foxbit,BRL,usdtbrl,1d,5.4777,"reported, not observed",api.foxbit.com.br/rest/v3/markets/usdtbrl/candlesticks
2024-06-23T00:00:00Z,Foxbit,BRL,usdtbrl,1d,5.4838,"reported, not observed",api.foxbit.com.br/rest/v3/markets/usdtbrl/candlesticks
2024-06-24T00:00:00Z,Foxbit,BRL,usdtbrl,1d,5.4436,"reported, not observed",api.foxbit.com.br/rest/v3/markets/usdtbrl/candlesticks
2024-06-25T00:00:00Z,Foxbit,BRL,usdtbrl,1d,5.4872,"reported, not observed",api.foxbit.com.br/rest/v3/markets/usdtbrl/candlesticks
2024-06-26T00:00:00Z,Foxbit,BRL,usdtbrl,1d,5.525,"reported, not observed",api.foxbit.com.br/rest/v3/markets/usdtbrl/candlesticks
2024-06-27T00:00:00Z,Foxbit,BRL,usdtbrl,1d,5.5145,"reported, not observed",api.foxbit.com.br/rest/v3/markets/usdtbrl/candlesticks
2024-06-28T00:00:00Z,Foxbit,BRL,usdtbrl,1d,5.6123,"reported, not observed",api.foxbit.com.br/rest/v3/markets/usdtbrl/candlesticks
2024-06-29T00:00:00Z,Foxbit,BRL,usdtbrl,1d,5.6228,"reported, not observed",api.foxbit.com.br/rest/v3/markets/usdtbrl/candlesticks
2024-06-30T00:00:00Z,Foxbit,BRL,usdtbrl,1d,5.6181,"reported, not observed",api.foxbit.com.br/rest/v3/markets/usdtbrl/candlesticks
2024-07-01T00:00:00Z,Foxbit,BRL,usdtbrl,1d,5.6281,"reported, not observed",api.foxbit.com.br/rest/v3/markets/usdtbrl/candlesticks
2024-07-02T00:00:00Z,Foxbit,BRL,usdtbrl,1d,5.6929,"reported, not observed",api.foxbit.com.br/rest/v3/markets/usdtbrl/candlesticks
2024-07-03T00:00:00Z,Foxbit,BRL,usdtbrl,1d,5.5982,"reported, not observed",api.foxbit.com.br/rest/v3/markets/usdtbrl/candlesticks
2024-07-04T00:00:00Z,Foxbit,BRL,usdtbrl,1d,5.5502,"reported, not observed",api.foxbit.com.br/rest/v3/markets/usdtbrl/candlesticks
2024-07-05T00:00:00Z,Foxbit,BRL,usdtbrl,1d,5.5158,"reported, not observed",api.foxbit.com.br/rest/v3/markets/usdtbrl/candlesticks
2024-07-06T00:00:00Z,Foxbit,BRL,usdtbrl,1d,5.5215,"reported, not observed",api.foxbit.com.br/rest/v3/markets/usdtbrl/candlesticks
2024-07-07T00:00:00Z,Foxbit,BRL,usdtbrl,1d,5.5154,"reported, not observed",api.foxbit.com.br/rest/v3/markets/usdtbrl/candlesticks
2024-07-08T00:00:00Z,Foxbit,BRL,usdtbrl,1d,5.5118,"reported, not observed",api.foxbit.com.br/rest/v3/markets/usdtbrl/candlesticks
2024-07-09T00:00:00Z,Foxbit,BRL,usdtbrl,1d,5.4646,"reported, not observed",api.foxbit.com.br/rest/v3/markets/usdtbrl/candlesticks
2024-07-10T00:00:00Z,Foxbit,BRL,usdtbrl,1d,5.4547,"reported, not observed",api.foxbit.com.br/rest/v3/markets/usdtbrl/candlesticks
2024-07-11T00:00:00Z,Foxbit,BRL,usdtbrl,1d,5.4795,"reported, not observed",api.foxbit.com.br/rest/v3/markets/usdtbrl/candlesticks
2024-07-12T00:00:00Z,Foxbit,BRL,usdtbrl,1d,5.4585,"reported, not observed",api.foxbit.com.br/rest/v3/markets/usdtbrl/candlesticks
2024-07-13T00:00:00Z,Foxbit,BRL,usdtbrl,1d,5.4759,"reported, not observed",api.foxbit.com.br/rest/v3/markets/usdtbrl/candlesticks
2024-07-14T00:00:00Z,Foxbit,BRL,usdtbrl,1d,5.4757,"reported, not observed",api.foxbit.com.br/rest/v3/markets/usdtbrl/candlesticks
2024-07-15T00:00:00Z,Foxbit,BRL,usdtbrl,1d,5.4699,"reported, not observed",api.foxbit.com.br/rest/v3/markets/usdtbrl/candlesticks
2024-07-16T00:00:00Z,Foxbit,BRL,usdtbrl,1d,5.4508,"reported, not observed",api.foxbit.com.br/rest/v3/markets/usdtbrl/candlesticks
2024-07-17T00:00:00Z,Foxbit,BRL,usdtbrl,1d,5.4976,"reported, not observed",api.foxbit.com.br/rest/v3/markets/usdtbrl/candlesticks
2024-07-18T00:00:00Z,Foxbit,BRL,usdtbrl,1d,5.5611,"reported, not observed",api.foxbit.com.br/rest/v3/markets/usdtbrl/candlesticks
2024-07-19T00:00:00Z,Foxbit,BRL,usdtbrl,1d,5.5693,"reported, not observed",api.foxbit.com.br/rest/v3/markets/usdtbrl/candlesticks
2024-07-20T00:00:00Z,Foxbit,BRL,usdtbrl,1d,5.6109,"reported, not observed",api.foxbit.com.br/rest/v3/markets/usdtbrl/candlesticks
2024-07-21T00:00:00Z,Foxbit,BRL,usdtbrl,1d,5.6019,"reported, not observed",api.foxbit.com.br/rest/v3/markets/usdtbrl/candlesticks
2024-07-22T00:00:00Z,Foxbit,BRL,usdtbrl,1d,5.5777,"reported, not observed",api.foxbit.com.br/rest/v3/markets/usdtbrl/candlesticks
2024-07-23T00:00:00Z,Foxbit,BRL,usdtbrl,1d,5.6051,"reported, not observed",api.foxbit.com.br/rest/v3/markets/usdtbrl/candlesticks
2024-07-24T00:00:00Z,Foxbit,BRL,usdtbrl,1d,5.6794,"reported, not observed",api.foxbit.com.br/rest/v3/markets/usdtbrl/candlesticks
2024-07-25T00:00:00Z,Foxbit,BRL,usdtbrl,1d,5.6744,"reported, not observed",api.foxbit.com.br/rest/v3/markets/usdtbrl/candlesticks
2024-07-26T00:00:00Z,Foxbit,BRL,usdtbrl,1d,5.682,"reported, not observed",api.foxbit.com.br/rest/v3/markets/usdtbrl/candlesticks
2024-07-27T00:00:00Z,Foxbit,BRL,usdtbrl,1d,5.6899,"reported, not observed",api.foxbit.com.br/rest/v3/markets/usdtbrl/candlesticks
2024-07-28T00:00:00Z,Foxbit,BRL,usdtbrl,1d,5.7008,"reported, not observed",api.foxbit.com.br/rest/v3/markets/usdtbrl/candlesticks
2024-07-29T00:00:00Z,Foxbit,BRL,usdtbrl,1d,5.6565,"reported, not observed",api.foxbit.com.br/rest/v3/markets/usdtbrl/candlesticks
2024-07-30T00:00:00Z,Foxbit,BRL,usdtbrl,1d,5.6565,"reported, not observed",api.foxbit.com.br/rest/v3/markets/usdtbrl/candlesticks
2024-07-31T00:00:00Z,Foxbit,BRL,usdtbrl,1d,5.697,"reported, not observed",api.foxbit.com.br/rest/v3/markets/usdtbrl/candlesticks
2024-08-01T00:00:00Z,Foxbit,BRL,usdtbrl,1d,5.7617,"reported, not observed",api.foxbit.com.br/rest/v3/markets/usdtbrl/candlesticks
2024-08-02T00:00:00Z,Foxbit,BRL,usdtbrl,1d,5.7757,"reported, not observed",api.foxbit.com.br/rest/v3/markets/usdtbrl/candlesticks
2024-08-03T00:00:00Z,Foxbit,BRL,usdtbrl,1d,5.7803,"reported, not observed",api.foxbit.com.br/rest/v3/markets/usdtbrl/candlesticks
2024-08-04T00:00:00Z,Foxbit,BRL,usdtbrl,1d,5.8259,"reported, not observed",api.foxbit.com.br/rest/v3/markets/usdtbrl/candlesticks
2024-08-05T00:00:00Z,Foxbit,BRL,usdtbrl,1d,5.7871,"reported, not observed",api.foxbit.com.br/rest/v3/markets/usdtbrl/candlesticks
2024-08-06T00:00:00Z,Foxbit,BRL,usdtbrl,1d,5.707,"reported, not observed",api.foxbit.com.br/rest/v3/markets/usdtbrl/candlesticks
2024-08-07T00:00:00Z,Foxbit,BRL,usdtbrl,1d,5.675,"reported, not observed",api.foxbit.com.br/rest/v3/markets/usdtbrl/candlesticks
2024-08-08T00:00:00Z,Foxbit,BRL,usdtbrl,1d,5.576,"reported, not observed",api.foxbit.com.br/rest/v3/markets/usdtbrl/candlesticks
2024-08-09T00:00:00Z,Foxbit,BRL,usdtbrl,1d,5.556,"reported, not observed",api.foxbit.com.br/rest/v3/markets/usdtbrl/candlesticks
2024-08-10T00:00:00Z,Foxbit,BRL,usdtbrl,1d,5.5655,"reported, not observed",api.foxbit.com.br/rest/v3/markets/usdtbrl/candlesticks
2024-08-11T00:00:00Z,Foxbit,BRL,usdtbrl,1d,5.5663,"reported, not observed",api.foxbit.com.br/rest/v3/markets/usdtbrl/candlesticks
2024-08-12T00:00:00Z,Foxbit,BRL,usdtbrl,1d,5.5221,"reported, not observed",api.foxbit.com.br/rest/v3/markets/usdtbrl/candlesticks
2024-08-13T00:00:00Z,Foxbit,BRL,usdtbrl,1d,5.4757,"reported, not observed",api.foxbit.com.br/rest/v3/markets/usdtbrl/candlesticks
2024-08-14T00:00:00Z,Foxbit,BRL,usdtbrl,1d,5.4936,"reported, not observed",api.foxbit.com.br/rest/v3/markets/usdtbrl/candlesticks
2024-08-15T00:00:00Z,Foxbit,BRL,usdtbrl,1d,5.5216,"reported, not observed",api.foxbit.com.br/rest/v3/markets/usdtbrl/candlesticks
2024-08-16T00:00:00Z,Foxbit,BRL,usdtbrl,1d,5.5002,"reported, not observed",api.foxbit.com.br/rest/v3/markets/usdtbrl/candlesticks
2024-08-17T00:00:00Z,Foxbit,BRL,usdtbrl,1d,5.5086,"reported, not observed",api.foxbit.com.br/rest/v3/markets/usdtbrl/candlesticks
2024-08-18T00:00:00Z,Foxbit,BRL,usdtbrl,1d,5.5055,"reported, not observed",api.foxbit.com.br/rest/v3/markets/usdtbrl/candlesticks
2024-08-19T00:00:00Z,Foxbit,BRL,usdtbrl,1d,5.4213,"reported, not observed",api.foxbit.com.br/rest/v3/markets/usdtbrl/candlesticks
2024-08-20T00:00:00Z,Foxbit,BRL,usdtbrl,1d,5.4825,"reported, not observed",api.foxbit.com.br/rest/v3/markets/usdtbrl/candlesticks
2024-08-21T00:00:00Z,Foxbit,BRL,usdtbrl,1d,5.4916,"reported, not observed",api.foxbit.com.br/rest/v3/markets/usdtbrl/candlesticks
2024-08-22T00:00:00Z,Foxbit,BRL,usdtbrl,1d,5.5913,"reported, not observed",api.foxbit.com.br/rest/v3/markets/usdtbrl/candlesticks
2024-08-23T00:00:00Z,Foxbit,BRL,usdtbrl,1d,5.5003,"reported, not observed",api.foxbit.com.br/rest/v3/markets/usdtbrl/candlesticks
2024-08-24T00:00:00Z,Foxbit,BRL,usdtbrl,1d,5.5293,"reported, not observed",api.foxbit.com.br/rest/v3/markets/usdtbrl/candlesticks
2024-08-25T00:00:00Z,Foxbit,BRL,usdtbrl,1d,5.5311,"reported, not observed",api.foxbit.com.br/rest/v3/markets/usdtbrl/candlesticks
2024-08-26T00:00:00Z,Foxbit,BRL,usdtbrl,1d,5.5146,"reported, not observed",api.foxbit.com.br/rest/v3/markets/usdtbrl/candlesticks
2024-08-27T00:00:00Z,Foxbit,BRL,usdtbrl,1d,5.5552,"reported, not observed",api.foxbit.com.br/rest/v3/markets/usdtbrl/candlesticks
2024-08-28T00:00:00Z,Foxbit,BRL,usdtbrl,1d,5.5946,"reported, not observed",api.foxbit.com.br/rest/v3/markets/usdtbrl/candlesticks
2024-08-29T00:00:00Z,Foxbit,BRL,usdtbrl,1d,5.6535,"reported, not observed",api.foxbit.com.br/rest/v3/markets/usdtbrl/candlesticks
2024-08-30T00:00:00Z,Foxbit,BRL,usdtbrl,1d,5.6648,"reported, not observed",api.foxbit.com.br/rest/v3/markets/usdtbrl/candlesticks
2024-08-31T00:00:00Z,Foxbit,BRL,usdtbrl,1d,5.6585,"reported, not observed",api.foxbit.com.br/rest/v3/markets/usdtbrl/candlesticks
2024-09-01T00:00:00Z,Foxbit,BRL,usdtbrl,1d,5.6917,"reported, not observed",api.foxbit.com.br/rest/v3/markets/usdtbrl/candlesticks
2024-09-02T00:00:00Z,Foxbit,BRL,usdtbrl,1d,5.652,"reported, not observed",api.foxbit.com.br/rest/v3/markets/usdtbrl/candlesticks
2024-09-03T00:00:00Z,Foxbit,BRL,usdtbrl,1d,5.6693,"reported, not observed",api.foxbit.com.br/rest/v3/markets/usdtbrl/candlesticks
2024-09-04T00:00:00Z,Foxbit,BRL,usdtbrl,1d,5.6675,"reported, not observed",api.foxbit.com.br/rest/v3/markets/usdtbrl/candlesticks
2024-09-05T00:00:00Z,Foxbit,BRL,usdtbrl,1d,5.6117,"reported, not observed",api.foxbit.com.br/rest/v3/markets/usdtbrl/candlesticks
2024-09-06T00:00:00Z,Foxbit,BRL,usdtbrl,1d,5.6606,"reported, not observed",api.foxbit.com.br/rest/v3/markets/usdtbrl/candlesticks
2024-09-07T00:00:00Z,Foxbit,BRL,usdtbrl,1d,5.66,"reported, not observed",api.foxbit.com.br/rest/v3/markets/usdtbrl/candlesticks
2024-09-08T00:00:00Z,Foxbit,BRL,usdtbrl,1d,5.657,"reported, not observed",api.foxbit.com.br/rest/v3/markets/usdtbrl/candlesticks
2024-09-09T00:00:00Z,Foxbit,BRL,usdtbrl,1d,5.6034,"reported, not observed",api.foxbit.com.br/rest/v3/markets/usdtbrl/candlesticks
2024-09-10T00:00:00Z,Foxbit,BRL,usdtbrl,1d,5.6782,"reported, not observed",api.foxbit.com.br/rest/v3/markets/usdtbrl/candlesticks
2024-09-11T00:00:00Z,Foxbit,BRL,usdtbrl,1d,5.6735,"reported, not observed",api.foxbit.com.br/rest/v3/markets/usdtbrl/candlesticks
2024-09-12T00:00:00Z,Foxbit,BRL,usdtbrl,1d,5.6589,"reported, not observed",api.foxbit.com.br/rest/v3/markets/usdtbrl/candlesticks
2024-09-13T00:00:00Z,Foxbit,BRL,usdtbrl,1d,5.5902,"reported, not observed",api.foxbit.com.br/rest/v3/markets/usdtbrl/candlesticks
2024-09-14T00:00:00Z,Foxbit,BRL,usdtbrl,1d,5.5966,"reported, not observed",api.foxbit.com.br/rest/v3/markets/usdtbrl/candlesticks
2024-09-15T00:00:00Z,Foxbit,BRL,usdtbrl,1d,5.6017,"reported, not observed",api.foxbit.com.br/rest/v3/markets/usdtbrl/candlesticks
2024-09-16T00:00:00Z,Foxbit,BRL,usdtbrl,1d,5.551,"reported, not observed",api.foxbit.com.br/rest/v3/markets/usdtbrl/candlesticks
2024-09-17T00:00:00Z,Foxbit,BRL,usdtbrl,1d,5.5048,"reported, not observed",api.foxbit.com.br/rest/v3/markets/usdtbrl/candlesticks
2024-09-18T00:00:00Z,Foxbit,BRL,usdtbrl,1d,5.4901,"reported, not observed",api.foxbit.com.br/rest/v3/markets/usdtbrl/candlesticks
2024-09-19T00:00:00Z,Foxbit,BRL,usdtbrl,1d,5.4337,"reported, not observed",api.foxbit.com.br/rest/v3/markets/usdtbrl/candlesticks
2024-09-20T00:00:00Z,Foxbit,BRL,usdtbrl,1d,5.478,"reported, not observed",api.foxbit.com.br/rest/v3/markets/usdtbrl/candlesticks
2024-09-21T00:00:00Z,Foxbit,BRL,usdtbrl,1d,5.5184,"reported, not observed",api.foxbit.com.br/rest/v3/markets/usdtbrl/candlesticks
2024-09-22T00:00:00Z,Foxbit,BRL,usdtbrl,1d,5.5335,"reported, not observed",api.foxbit.com.br/rest/v3/markets/usdtbrl/candlesticks
2024-09-23T00:00:00Z,Foxbit,BRL,usdtbrl,1d,5.5319,"reported, not observed",api.foxbit.com.br/rest/v3/markets/usdtbrl/candlesticks
2024-09-24T00:00:00Z,Foxbit,BRL,usdtbrl,1d,5.4572,"reported, not observed",api.foxbit.com.br/rest/v3/markets/usdtbrl/candlesticks
2024-09-25T00:00:00Z,Foxbit,BRL,usdtbrl,1d,5.5052,"reported, not observed",api.foxbit.com.br/rest/v3/markets/usdtbrl/candlesticks
2024-09-26T00:00:00Z,Foxbit,BRL,usdtbrl,1d,5.4446,"reported, not observed",api.foxbit.com.br/rest/v3/markets/usdtbrl/candlesticks
2024-09-27T00:00:00Z,Foxbit,BRL,usdtbrl,1d,5.4535,"reported, not observed",api.foxbit.com.br/rest/v3/markets/usdtbrl/candlesticks
2024-09-28T00:00:00Z,Foxbit,BRL,usdtbrl,1d,5.4705,"reported, not observed",api.foxbit.com.br/rest/v3/markets/usdtbrl/candlesticks
2024-09-29T00:00:00Z,Foxbit,BRL,usdtbrl,1d,5.4677,"reported, not observed",api.foxbit.com.br/rest/v3/markets/usdtbrl/candlesticks
2024-09-30T00:00:00Z,Foxbit,BRL,usdtbrl,1d,5.46,"reported, not observed",api.foxbit.com.br/rest/v3/markets/usdtbrl/candlesticks
2024-10-01T00:00:00Z,Foxbit,BRL,usdtbrl,1d,5.4567,"reported, not observed",api.foxbit.com.br/rest/v3/markets/usdtbrl/candlesticks
2024-10-02T00:00:00Z,Foxbit,BRL,usdtbrl,1d,5.4764,"reported, not observed",api.foxbit.com.br/rest/v3/markets/usdtbrl/candlesticks
2024-10-03T00:00:00Z,Foxbit,BRL,usdtbrl,1d,5.4967,"reported, not observed",api.foxbit.com.br/rest/v3/markets/usdtbrl/candlesticks
2024-10-04T00:00:00Z,Foxbit,BRL,usdtbrl,1d,5.4884,"reported, not observed",api.foxbit.com.br/rest/v3/markets/usdtbrl/candlesticks
2024-10-05T00:00:00Z,Foxbit,BRL,usdtbrl,1d,5.4999,"reported, not observed",api.foxbit.com.br/rest/v3/markets/usdtbrl/candlesticks
2024-10-06T00:00:00Z,Foxbit,BRL,usdtbrl,1d,5.5093,"reported, not observed",api.foxbit.com.br/rest/v3/markets/usdtbrl/candlesticks
2024-10-07T00:00:00Z,Foxbit,BRL,usdtbrl,1d,5.5113,"reported, not observed",api.foxbit.com.br/rest/v3/markets/usdtbrl/candlesticks
2024-10-08T00:00:00Z,Foxbit,BRL,usdtbrl,1d,5.5392,"reported, not observed",api.foxbit.com.br/rest/v3/markets/usdtbrl/candlesticks
2024-10-09T00:00:00Z,Foxbit,BRL,usdtbrl,1d,5.6284,"reported, not observed",api.foxbit.com.br/rest/v3/markets/usdtbrl/candlesticks
2024-10-10T00:00:00Z,Foxbit,BRL,usdtbrl,1d,5.6085,"reported, not observed",api.foxbit.com.br/rest/v3/markets/usdtbrl/candlesticks
2024-10-11T00:00:00Z,Foxbit,BRL,usdtbrl,1d,5.6091,"reported, not observed",api.foxbit.com.br/rest/v3/markets/usdtbrl/candlesticks
2024-10-12T00:00:00Z,Foxbit,BRL,usdtbrl,1d,5.6439,"reported, not observed",api.foxbit.com.br/rest/v3/markets/usdtbrl/candlesticks
2024-10-13T00:00:00Z,Foxbit,BRL,usdtbrl,1d,5.6538,"reported, not observed",api.foxbit.com.br/rest/v3/markets/usdtbrl/candlesticks
2024-10-14T00:00:00Z,Foxbit,BRL,usdtbrl,1d,5.6057,"reported, not observed",api.foxbit.com.br/rest/v3/markets/usdtbrl/candlesticks
2024-10-15T00:00:00Z,Foxbit,BRL,usdtbrl,1d,5.6554,"reported, not observed",api.foxbit.com.br/rest/v3/markets/usdtbrl/candlesticks
2024-10-16T00:00:00Z,Foxbit,BRL,usdtbrl,1d,5.6744,"reported, not observed",api.foxbit.com.br/rest/v3/markets/usdtbrl/candlesticks
2024-10-17T00:00:00Z,Foxbit,BRL,usdtbrl,1d,5.6811,"reported, not observed",api.foxbit.com.br/rest/v3/markets/usdtbrl/candlesticks
2024-10-18T00:00:00Z,Foxbit,BRL,usdtbrl,1d,5.7176,"reported, not observed",api.foxbit.com.br/rest/v3/markets/usdtbrl/candlesticks
2024-10-19T00:00:00Z,Foxbit,BRL,usdtbrl,1d,5.7307,"reported, not observed",api.foxbit.com.br/rest/v3/markets/usdtbrl/candlesticks
2024-10-20T00:00:00Z,Foxbit,BRL,usdtbrl,1d,5.7237,"reported, not observed",api.foxbit.com.br/rest/v3/markets/usdtbrl/candlesticks
2024-10-21T00:00:00Z,Foxbit,BRL,usdtbrl,1d,5.7226,"reported, not observed",api.foxbit.com.br/rest/v3/markets/usdtbrl/candlesticks
2024-10-22T00:00:00Z,Foxbit,BRL,usdtbrl,1d,5.71,"reported, not observed",api.foxbit.com.br/rest/v3/markets/usdtbrl/candlesticks
2024-10-23T00:00:00Z,Foxbit,BRL,usdtbrl,1d,5.7182,"reported, not observed",api.foxbit.com.br/rest/v3/markets/usdtbrl/candlesticks
2024-10-24T00:00:00Z,Foxbit,BRL,usdtbrl,1d,5.6997,"reported, not observed",api.foxbit.com.br/rest/v3/markets/usdtbrl/candlesticks
2024-10-25T00:00:00Z,Foxbit,BRL,usdtbrl,1d,5.7535,"reported, not observed",api.foxbit.com.br/rest/v3/markets/usdtbrl/candlesticks
2024-10-26T00:00:00Z,Foxbit,BRL,usdtbrl,1d,5.7662,"reported, not observed",api.foxbit.com.br/rest/v3/markets/usdtbrl/candlesticks
2024-10-27T00:00:00Z,Foxbit,BRL,usdtbrl,1d,5.7549,"reported, not observed",api.foxbit.com.br/rest/v3/markets/usdtbrl/candlesticks
2024-10-28T00:00:00Z,Foxbit,BRL,usdtbrl,1d,5.6938,"reported, not observed",api.foxbit.com.br/rest/v3/markets/usdtbrl/candlesticks
2024-10-29T00:00:00Z,Foxbit,BRL,usdtbrl,1d,5.7089,"reported, not observed",api.foxbit.com.br/rest/v3/markets/usdtbrl/candlesticks
2024-10-30T00:00:00Z,Foxbit,BRL,usdtbrl,1d,5.7655,"reported, not observed",api.foxbit.com.br/rest/v3/markets/usdtbrl/candlesticks
2024-10-31T00:00:00Z,Foxbit,BRL,usdtbrl,1d,5.8274,"reported, not observed",api.foxbit.com.br/rest/v3/markets/usdtbrl/candlesticks
2024-11-01T00:00:00Z,Foxbit,BRL,usdtbrl,1d,5.888,"reported, not observed",api.foxbit.com.br/rest/v3/markets/usdtbrl/candlesticks
2024-11-02T00:00:00Z,Foxbit,BRL,usdtbrl,1d,5.9225,"reported, not observed",api.foxbit.com.br/rest/v3/markets/usdtbrl/candlesticks
2024-11-03T00:00:00Z,Foxbit,BRL,usdtbrl,1d,5.9293,"reported, not observed",api.foxbit.com.br/rest/v3/markets/usdtbrl/candlesticks
2024-11-04T00:00:00Z,Foxbit,BRL,usdtbrl,1d,5.8404,"reported, not observed",api.foxbit.com.br/rest/v3/markets/usdtbrl/candlesticks
2024-11-05T00:00:00Z,Foxbit,BRL,usdtbrl,1d,5.7915,"reported, not observed",api.foxbit.com.br/rest/v3/markets/usdtbrl/candlesticks
2024-11-06T00:00:00Z,Foxbit,BRL,usdtbrl,1d,5.661,"reported, not observed",api.foxbit.com.br/rest/v3/markets/usdtbrl/candlesticks
2024-11-07T00:00:00Z,Foxbit,BRL,usdtbrl,1d,5.7,"reported, not observed",api.foxbit.com.br/rest/v3/markets/usdtbrl/candlesticks
2024-11-08T00:00:00Z,Foxbit,BRL,usdtbrl,1d,5.7672,"reported, not observed",api.foxbit.com.br/rest/v3/markets/usdtbrl/candlesticks
2024-11-09T00:00:00Z,Foxbit,BRL,usdtbrl,1d,5.7665,"reported, not observed",api.foxbit.com.br/rest/v3/markets/usdtbrl/candlesticks
2024-11-10T00:00:00Z,Foxbit,BRL,usdtbrl,1d,5.792,"reported, not observed",api.foxbit.com.br/rest/v3/markets/usdtbrl/candlesticks
2024-11-11T00:00:00Z,Foxbit,BRL,usdtbrl,1d,5.7708,"reported, not observed",api.foxbit.com.br/rest/v3/markets/usdtbrl/candlesticks
2024-11-12T00:00:00Z,Foxbit,BRL,usdtbrl,1d,5.7897,"reported, not observed",api.foxbit.com.br/rest/v3/markets/usdtbrl/candlesticks
2024-11-13T00:00:00Z,Foxbit,BRL,usdtbrl,1d,5.8474,"reported, not observed",api.foxbit.com.br/rest/v3/markets/usdtbrl/candlesticks
2024-11-14T00:00:00Z,Foxbit,BRL,usdtbrl,1d,5.8357,"reported, not observed",api.foxbit.com.br/rest/v3/markets/usdtbrl/candlesticks
2024-11-15T00:00:00Z,Foxbit,BRL,usdtbrl,1d,5.8271,"reported, not observed",api.foxbit.com.br/rest/v3/markets/usdtbrl/candlesticks
2024-11-16T00:00:00Z,Foxbit,BRL,usdtbrl,1d,5.8474,"reported, not observed",api.foxbit.com.br/rest/v3/markets/usdtbrl/candlesticks
2024-11-17T00:00:00Z,Foxbit,BRL,usdtbrl,1d,5.8539,"reported, not observed",api.foxbit.com.br/rest/v3/markets/usdtbrl/candlesticks
2024-11-18T00:00:00Z,Foxbit,BRL,usdtbrl,1d,5.7878,"reported, not observed",api.foxbit.com.br/rest/v3/markets/usdtbrl/candlesticks
2024-11-19T00:00:00Z,Foxbit,BRL,usdtbrl,1d,5.8241,"reported, not observed",api.foxbit.com.br/rest/v3/markets/usdtbrl/candlesticks
2024-11-20T00:00:00Z,Foxbit,BRL,usdtbrl,1d,5.8083,"reported, not observed",api.foxbit.com.br/rest/v3/markets/usdtbrl/candlesticks
2024-11-21T00:00:00Z,Foxbit,BRL,usdtbrl,1d,5.8247,"reported, not observed",api.foxbit.com.br/rest/v3/markets/usdtbrl/candlesticks
2024-11-22T00:00:00Z,Foxbit,BRL,usdtbrl,1d,5.8438,"reported, not observed",api.foxbit.com.br/rest/v3/markets/usdtbrl/candlesticks
2024-11-23T00:00:00Z,Foxbit,BRL,usdtbrl,1d,5.8525,"reported, not observed",api.foxbit.com.br/rest/v3/markets/usdtbrl/candlesticks
2024-11-24T00:00:00Z,Foxbit,BRL,usdtbrl,1d,5.8473,"reported, not observed",api.foxbit.com.br/rest/v3/markets/usdtbrl/candlesticks
2024-11-25T00:00:00Z,Foxbit,BRL,usdtbrl,1d,5.8337,"reported, not observed",api.foxbit.com.br/rest/v3/markets/usdtbrl/candlesticks
2024-11-26T00:00:00Z,Foxbit,BRL,usdtbrl,1d,5.8313,"reported, not observed",api.foxbit.com.br/rest/v3/markets/usdtbrl/candlesticks
2024-11-27T00:00:00Z,Foxbit,BRL,usdtbrl,1d,5.9058,"reported, not observed",api.foxbit.com.br/rest/v3/markets/usdtbrl/candlesticks
2024-11-28T00:00:00Z,Foxbit,BRL,usdtbrl,1d,5.9661,"reported, not observed",api.foxbit.com.br/rest/v3/markets/usdtbrl/candlesticks
2024-11-29T00:00:00Z,Foxbit,BRL,usdtbrl,1d,5.9891,"reported, not observed",api.foxbit.com.br/rest/v3/markets/usdtbrl/candlesticks
2024-11-30T00:00:00Z,Foxbit,BRL,usdtbrl,1d,6.0267,"reported, not observed",api.foxbit.com.br/rest/v3/markets/usdtbrl/candlesticks
2024-12-01T00:00:00Z,Foxbit,BRL,usdtbrl,1d,6.0149,"reported, not observed",api.foxbit.com.br/rest/v3/markets/usdtbrl/candlesticks
2024-12-02T00:00:00Z,Foxbit,BRL,usdtbrl,1d,6.0864,"reported, not observed",api.foxbit.com.br/rest/v3/markets/usdtbrl/candlesticks
2024-12-03T00:00:00Z,Foxbit,BRL,usdtbrl,1d,6.0727,"reported, not observed",api.foxbit.com.br/rest/v3/markets/usdtbrl/candlesticks
2024-12-04T00:00:00Z,Foxbit,BRL,usdtbrl,1d,6.0396,"reported, not observed",api.foxbit.com.br/rest/v3/markets/usdtbrl/candlesticks
2024-12-05T00:00:00Z,Foxbit,BRL,usdtbrl,1d,6.0553,"reported, not observed",api.foxbit.com.br/rest/v3/markets/usdtbrl/candlesticks
2024-12-06T00:00:00Z,Foxbit,BRL,usdtbrl,1d,6.1117,"reported, not observed",api.foxbit.com.br/rest/v3/markets/usdtbrl/candlesticks
2024-12-07T00:00:00Z,Foxbit,BRL,usdtbrl,1d,6.1447,"reported, not observed",api.foxbit.com.br/rest/v3/markets/usdtbrl/candlesticks
2024-12-08T00:00:00Z,Foxbit,BRL,usdtbrl,1d,6.13,"reported, not observed",api.foxbit.com.br/rest/v3/markets/usdtbrl/candlesticks
2024-12-09T00:00:00Z,Foxbit,BRL,usdtbrl,1d,6.1452,"reported, not observed",api.foxbit.com.br/rest/v3/markets/usdtbrl/candlesticks
2024-12-10T00:00:00Z,Foxbit,BRL,usdtbrl,1d,6.096,"reported, not observed",api.foxbit.com.br/rest/v3/markets/usdtbrl/candlesticks
2024-12-11T00:00:00Z,Foxbit,BRL,usdtbrl,1d,5.9906,"reported, not observed",api.foxbit.com.br/rest/v3/markets/usdtbrl/candlesticks
2024-12-12T00:00:00Z,Foxbit,BRL,usdtbrl,1d,6.0308,"reported, not observed",api.foxbit.com.br/rest/v3/markets/usdtbrl/candlesticks
2024-12-13T00:00:00Z,Foxbit,BRL,usdtbrl,1d,6.0594,"reported, not observed",api.foxbit.com.br/rest/v3/markets/usdtbrl/candlesticks
2024-12-14T00:00:00Z,Foxbit,BRL,usdtbrl,1d,6.0923,"reported, not observed",api.foxbit.com.br/rest/v3/markets/usdtbrl/candlesticks
2024-12-15T00:00:00Z,Foxbit,BRL,usdtbrl,1d,6.0745,"reported, not observed",api.foxbit.com.br/rest/v3/markets/usdtbrl/candlesticks
2024-12-16T00:00:00Z,Foxbit,BRL,usdtbrl,1d,6.123,"reported, not observed",api.foxbit.com.br/rest/v3/markets/usdtbrl/candlesticks
2024-12-17T00:00:00Z,Foxbit,BRL,usdtbrl,1d,6.144,"reported, not observed",api.foxbit.com.br/rest/v3/markets/usdtbrl/candlesticks
2024-12-18T00:00:00Z,Foxbit,BRL,usdtbrl,1d,6.318,"reported, not observed",api.foxbit.com.br/rest/v3/markets/usdtbrl/candlesticks
2024-12-19T00:00:00Z,Foxbit,BRL,usdtbrl,1d,6.1938,"reported, not observed",api.foxbit.com.br/rest/v3/markets/usdtbrl/candlesticks
2024-12-20T00:00:00Z,Foxbit,BRL,usdtbrl,1d,6.1481,"reported, not observed",api.foxbit.com.br/rest/v3/markets/usdtbrl/candlesticks
2024-12-21T00:00:00Z,Foxbit,BRL,usdtbrl,1d,6.1472,"reported, not observed",api.foxbit.com.br/rest/v3/markets/usdtbrl/candlesticks
2024-12-22T00:00:00Z,Foxbit,BRL,usdtbrl,1d,6.1506,"reported, not observed",api.foxbit.com.br/rest/v3/markets/usdtbrl/candlesticks
2024-12-23T00:00:00Z,Foxbit,BRL,usdtbrl,1d,6.2305,"reported, not observed",api.foxbit.com.br/rest/v3/markets/usdtbrl/candlesticks
2024-12-24T00:00:00Z,Foxbit,BRL,usdtbrl,1d,6.2244,"reported, not observed",api.foxbit.com.br/rest/v3/markets/usdtbrl/candlesticks
2024-12-25T00:00:00Z,Foxbit,BRL,usdtbrl,1d,6.2501,"reported, not observed",api.foxbit.com.br/rest/v3/markets/usdtbrl/candlesticks
2024-12-26T00:00:00Z,Foxbit,BRL,usdtbrl,1d,6.2084,"reported, not observed",api.foxbit.com.br/rest/v3/markets/usdtbrl/candlesticks
2024-12-27T00:00:00Z,Foxbit,BRL,usdtbrl,1d,6.2386,"reported, not observed",api.foxbit.com.br/rest/v3/markets/usdtbrl/candlesticks
2024-12-28T00:00:00Z,Foxbit,BRL,usdtbrl,1d,6.2391,"reported, not observed",api.foxbit.com.br/rest/v3/markets/usdtbrl/candlesticks
2024-12-29T00:00:00Z,Foxbit,BRL,usdtbrl,1d,6.2311,"reported, not observed",api.foxbit.com.br/rest/v3/markets/usdtbrl/candlesticks
2024-12-30T00:00:00Z,Foxbit,BRL,usdtbrl,1d,6.2131,"reported, not observed",api.foxbit.com.br/rest/v3/markets/usdtbrl/candlesticks
2024-12-31T00:00:00Z,Foxbit,BRL,usdtbrl,1d,6.2274,"reported, not observed",api.foxbit.com.br/rest/v3/markets/usdtbrl/candlesticks
2025-01-01T00:00:00Z,Foxbit,BRL,usdtbrl,1d,6.223,"reported, not observed",api.foxbit.com.br/rest/v3/markets/usdtbrl/candlesticks
2025-01-02T00:00:00Z,Foxbit,BRL,usdtbrl,1d,6.1743,"reported, not observed",api.foxbit.com.br/rest/v3/markets/usdtbrl/candlesticks
2025-01-03T00:00:00Z,Foxbit,BRL,usdtbrl,1d,6.1919,"reported, not observed",api.foxbit.com.br/rest/v3/markets/usdtbrl/candlesticks
2025-01-04T00:00:00Z,Foxbit,BRL,usdtbrl,1d,6.213,"reported, not observed",api.foxbit.com.br/rest/v3/markets/usdtbrl/candlesticks
2025-01-05T00:00:00Z,Foxbit,BRL,usdtbrl,1d,6.2106,"reported, not observed",api.foxbit.com.br/rest/v3/markets/usdtbrl/candlesticks
2025-01-06T00:00:00Z,Foxbit,BRL,usdtbrl,1d,6.109,"reported, not observed",api.foxbit.com.br/rest/v3/markets/usdtbrl/candlesticks
2025-01-07T00:00:00Z,Foxbit,BRL,usdtbrl,1d,6.1496,"reported, not observed",api.foxbit.com.br/rest/v3/markets/usdtbrl/candlesticks
2025-01-08T00:00:00Z,Foxbit,BRL,usdtbrl,1d,6.1482,"reported, not observed",api.foxbit.com.br/rest/v3/markets/usdtbrl/candlesticks
2025-01-09T00:00:00Z,Foxbit,BRL,usdtbrl,1d,6.0833,"reported, not observed",api.foxbit.com.br/rest/v3/markets/usdtbrl/candlesticks
2025-01-10T00:00:00Z,Foxbit,BRL,usdtbrl,1d,6.14,"reported, not observed",api.foxbit.com.br/rest/v3/markets/usdtbrl/candlesticks
2025-01-11T00:00:00Z,Foxbit,BRL,usdtbrl,1d,6.1463,"reported, not observed",api.foxbit.com.br/rest/v3/markets/usdtbrl/candlesticks
2025-01-12T00:00:00Z,Foxbit,BRL,usdtbrl,1d,6.1152,"reported, not observed",api.foxbit.com.br/rest/v3/markets/usdtbrl/candlesticks
2025-01-13T00:00:00Z,Foxbit,BRL,usdtbrl,1d,6.1115,"reported, not observed",api.foxbit.com.br/rest/v3/markets/usdtbrl/candlesticks
2025-01-14T00:00:00Z,Foxbit,BRL,usdtbrl,1d,6.0606,"reported, not observed",api.foxbit.com.br/rest/v3/markets/usdtbrl/candlesticks
2025-01-15T00:00:00Z,Foxbit,BRL,usdtbrl,1d,5.9863,"reported, not observed",api.foxbit.com.br/rest/v3/markets/usdtbrl/candlesticks
2025-01-16T00:00:00Z,Foxbit,BRL,usdtbrl,1d,6.0309,"reported, not observed",api.foxbit.com.br/rest/v3/markets/usdtbrl/candlesticks
2025-01-17T00:00:00Z,Foxbit,BRL,usdtbrl,1d,6.0552,"reported, not observed",api.foxbit.com.br/rest/v3/markets/usdtbrl/candlesticks
2025-01-18T00:00:00Z,Foxbit,BRL,usdtbrl,1d,6.1123,"reported, not observed",api.foxbit.com.br/rest/v3/markets/usdtbrl/candlesticks
2025-01-19T00:00:00Z,Foxbit,BRL,usdtbrl,1d,6.1305,"reported, not observed",api.foxbit.com.br/rest/v3/markets/usdtbrl/candlesticks
2025-01-20T00:00:00Z,Foxbit,BRL,usdtbrl,1d,6.0479,"reported, not observed",api.foxbit.com.br/rest/v3/markets/usdtbrl/candlesticks
2025-01-21T00:00:00Z,Foxbit,BRL,usdtbrl,1d,6.0462,"reported, not observed",api.foxbit.com.br/rest/v3/markets/usdtbrl/candlesticks
2025-01-22T00:00:00Z,Foxbit,BRL,usdtbrl,1d,5.9714,"reported, not observed",api.foxbit.com.br/rest/v3/markets/usdtbrl/candlesticks
2025-01-23T00:00:00Z,Foxbit,BRL,usdtbrl,1d,5.9445,"reported, not observed",api.foxbit.com.br/rest/v3/markets/usdtbrl/candlesticks
2025-01-24T00:00:00Z,Foxbit,BRL,usdtbrl,1d,5.9275,"reported, not observed",api.foxbit.com.br/rest/v3/markets/usdtbrl/candlesticks
2025-01-25T00:00:00Z,Foxbit,BRL,usdtbrl,1d,5.9312,"reported, not observed",api.foxbit.com.br/rest/v3/markets/usdtbrl/candlesticks
2025-01-26T00:00:00Z,Foxbit,BRL,usdtbrl,1d,5.9507,"reported, not observed",api.foxbit.com.br/rest/v3/markets/usdtbrl/candlesticks
2025-01-27T00:00:00Z,Foxbit,BRL,usdtbrl,1d,5.9116,"reported, not observed",api.foxbit.com.br/rest/v3/markets/usdtbrl/candlesticks
2025-01-28T00:00:00Z,Foxbit,BRL,usdtbrl,1d,5.8738,"reported, not observed",api.foxbit.com.br/rest/v3/markets/usdtbrl/candlesticks
2025-01-29T00:00:00Z,Foxbit,BRL,usdtbrl,1d,5.8281,"reported, not observed",api.foxbit.com.br/rest/v3/markets/usdtbrl/candlesticks
2025-01-30T00:00:00Z,Foxbit,BRL,usdtbrl,1d,5.8523,"reported, not observed",api.foxbit.com.br/rest/v3/markets/usdtbrl/candlesticks
2025-01-31T00:00:00Z,Foxbit,BRL,usdtbrl,1d,5.8484,"reported, not observed",api.foxbit.com.br/rest/v3/markets/usdtbrl/candlesticks
2025-02-01T00:00:00Z,Foxbit,BRL,usdtbrl,1d,5.8864,"reported, not observed",api.foxbit.com.br/rest/v3/markets/usdtbrl/candlesticks
2025-02-02T00:00:00Z,Foxbit,BRL,usdtbrl,1d,5.901,"reported, not observed",api.foxbit.com.br/rest/v3/markets/usdtbrl/candlesticks
2025-02-03T00:00:00Z,Foxbit,BRL,usdtbrl,1d,5.8231,"reported, not observed",api.foxbit.com.br/rest/v3/markets/usdtbrl/candlesticks
2025-02-04T00:00:00Z,Foxbit,BRL,usdtbrl,1d,5.7868,"reported, not observed",api.foxbit.com.br/rest/v3/markets/usdtbrl/candlesticks
2025-02-05T00:00:00Z,Foxbit,BRL,usdtbrl,1d,5.817,"reported, not observed",api.foxbit.com.br/rest/v3/markets/usdtbrl/candlesticks
2025-02-06T00:00:00Z,Foxbit,BRL,usdtbrl,1d,5.7841,"reported, not observed",api.foxbit.com.br/rest/v3/markets/usdtbrl/candlesticks
2025-02-07T00:00:00Z,Foxbit,BRL,usdtbrl,1d,5.8419,"reported, not observed",api.foxbit.com.br/rest/v3/markets/usdtbrl/candlesticks
2025-02-08T00:00:00Z,Foxbit,BRL,usdtbrl,1d,5.859,"reported, not observed",api.foxbit.com.br/rest/v3/markets/usdtbrl/candlesticks
2025-02-09T00:00:00Z,Foxbit,BRL,usdtbrl,1d,5.8525,"reported, not observed",api.foxbit.com.br/rest/v3/markets/usdtbrl/candlesticks
2025-02-10T00:00:00Z,Foxbit,BRL,usdtbrl,1d,5.7992,"reported, not observed",api.foxbit.com.br/rest/v3/markets/usdtbrl/candlesticks
2025-02-11T00:00:00Z,Foxbit,BRL,usdtbrl,1d,5.767,"reported, not observed",api.foxbit.com.br/rest/v3/markets/usdtbrl/candlesticks
2025-02-12T00:00:00Z,Foxbit,BRL,usdtbrl,1d,5.7619,"reported, not observed",api.foxbit.com.br/rest/v3/markets/usdtbrl/candlesticks
2025-02-13T00:00:00Z,Foxbit,BRL,usdtbrl,1d,5.7682,"reported, not observed",api.foxbit.com.br/rest/v3/markets/usdtbrl/candlesticks
2025-02-14T00:00:00Z,Foxbit,BRL,usdtbrl,1d,5.7158,"reported, not observed",api.foxbit.com.br/rest/v3/markets/usdtbrl/candlesticks
2025-02-15T00:00:00Z,Foxbit,BRL,usdtbrl,1d,5.7454,"reported, not observed",api.foxbit.com.br/rest/v3/markets/usdtbrl/candlesticks
2025-02-16T00:00:00Z,Foxbit,BRL,usdtbrl,1d,5.7445,"reported, not observed",api.foxbit.com.br/rest/v3/markets/usdtbrl/candlesticks
2025-02-17T00:00:00Z,Foxbit,BRL,usdtbrl,1d,5.7622,"reported, not observed",api.foxbit.com.br/rest/v3/markets/usdtbrl/candlesticks
2025-02-18T00:00:00Z,Foxbit,BRL,usdtbrl,1d,5.7117,"reported, not observed",api.foxbit.com.br/rest/v3/markets/usdtbrl/candlesticks
2025-02-19T00:00:00Z,Foxbit,BRL,usdtbrl,1d,5.7249,"reported, not observed",api.foxbit.com.br/rest/v3/markets/usdtbrl/candlesticks
2025-02-20T00:00:00Z,Foxbit,BRL,usdtbrl,1d,5.7146,"reported, not observed",api.foxbit.com.br/rest/v3/markets/usdtbrl/candlesticks
2025-02-21T00:00:00Z,Foxbit,BRL,usdtbrl,1d,5.7498,"reported, not observed",api.foxbit.com.br/rest/v3/markets/usdtbrl/candlesticks
2025-02-22T00:00:00Z,Foxbit,BRL,usdtbrl,1d,5.7592,"reported, not observed",api.foxbit.com.br/rest/v3/markets/usdtbrl/candlesticks
2025-02-23T00:00:00Z,Foxbit,BRL,usdtbrl,1d,5.7506,"reported, not observed",api.foxbit.com.br/rest/v3/markets/usdtbrl/candlesticks
2025-02-24T00:00:00Z,Foxbit,BRL,usdtbrl,1d,5.8,"reported, not observed",api.foxbit.com.br/rest/v3/markets/usdtbrl/candlesticks
2025-02-25T00:00:00Z,Foxbit,BRL,usdtbrl,1d,5.7747,"reported, not observed",api.foxbit.com.br/rest/v3/markets/usdtbrl/candlesticks
2025-02-26T00:00:00Z,Foxbit,BRL,usdtbrl,1d,5.8317,"reported, not observed",api.foxbit.com.br/rest/v3/markets/usdtbrl/candlesticks
2025-02-27T00:00:00Z,Foxbit,BRL,usdtbrl,1d,5.8491,"reported, not observed",api.foxbit.com.br/rest/v3/markets/usdtbrl/candlesticks
2025-02-28T00:00:00Z,Foxbit,BRL,usdtbrl,1d,5.9245,"reported, not observed",api.foxbit.com.br/rest/v3/markets/usdtbrl/candlesticks
2025-03-01T00:00:00Z,Foxbit,BRL,usdtbrl,1d,5.9135,"reported, not observed",api.foxbit.com.br/rest/v3/markets/usdtbrl/candlesticks
2025-03-02T00:00:00Z,Foxbit,BRL,usdtbrl,1d,5.9173,"reported, not observed",api.foxbit.com.br/rest/v3/markets/usdtbrl/candlesticks
2025-03-03T00:00:00Z,Foxbit,BRL,usdtbrl,1d,5.9342,"reported, not observed",api.foxbit.com.br/rest/v3/markets/usdtbrl/candlesticks
2025-03-04T00:00:00Z,Foxbit,BRL,usdtbrl,1d,5.8971,"reported, not observed",api.foxbit.com.br/rest/v3/markets/usdtbrl/candlesticks
2025-03-05T00:00:00Z,Foxbit,BRL,usdtbrl,1d,5.7787,"reported, not observed",api.foxbit.com.br/rest/v3/markets/usdtbrl/candlesticks
2025-03-06T00:00:00Z,Foxbit,BRL,usdtbrl,1d,5.7969,"reported, not observed",api.foxbit.com.br/rest/v3/markets/usdtbrl/candlesticks
2025-03-07T00:00:00Z,Foxbit,BRL,usdtbrl,1d,5.8256,"reported, not observed",api.foxbit.com.br/rest/v3/markets/usdtbrl/candlesticks
2025-03-08T00:00:00Z,Foxbit,BRL,usdtbrl,1d,5.8353,"reported, not observed",api.foxbit.com.br/rest/v3/markets/usdtbrl/candlesticks
2025-03-09T00:00:00Z,Foxbit,BRL,usdtbrl,1d,5.8479,"reported, not observed",api.foxbit.com.br/rest/v3/markets/usdtbrl/candlesticks
2025-03-10T00:00:00Z,Foxbit,BRL,usdtbrl,1d,5.8918,"reported, not observed",api.foxbit.com.br/rest/v3/markets/usdtbrl/candlesticks
2025-03-11T00:00:00Z,Foxbit,BRL,usdtbrl,1d,5.8348,"reported, not observed",api.foxbit.com.br/rest/v3/markets/usdtbrl/candlesticks
2025-03-12T00:00:00Z,Foxbit,BRL,usdtbrl,1d,5.8197,"reported, not observed",api.foxbit.com.br/rest/v3/markets/usdtbrl/candlesticks
2025-03-13T00:00:00Z,Foxbit,BRL,usdtbrl,1d,5.8151,"reported, not observed",api.foxbit.com.br/rest/v3/markets/usdtbrl/candlesticks
2025-03-14T00:00:00Z,Foxbit,BRL,usdtbrl,1d,5.7713,"reported, not observed",api.foxbit.com.br/rest/v3/markets/usdtbrl/candlesticks
2025-03-15T00:00:00Z,Foxbit,BRL,usdtbrl,1d,5.7743,"reported, not observed",api.foxbit.com.br/rest/v3/markets/usdtbrl/candlesticks
2025-03-16T00:00:00Z,Foxbit,BRL,usdtbrl,1d,5.782,"reported, not observed",api.foxbit.com.br/rest/v3/markets/usdtbrl/candlesticks
2025-03-17T00:00:00Z,Foxbit,BRL,usdtbrl,1d,5.703,"reported, not observed",api.foxbit.com.br/rest/v3/markets/usdtbrl/candlesticks
2025-03-18T00:00:00Z,Foxbit,BRL,usdtbrl,1d,5.6952,"reported, not observed",api.foxbit.com.br/rest/v3/markets/usdtbrl/candlesticks
2025-03-19T00:00:00Z,Foxbit,BRL,usdtbrl,1d,5.6594,"reported, not observed",api.foxbit.com.br/rest/v3/markets/usdtbrl/candlesticks
2025-03-20T00:00:00Z,Foxbit,BRL,usdtbrl,1d,5.6876,"reported, not observed",api.foxbit.com.br/rest/v3/markets/usdtbrl/candlesticks
2025-03-21T00:00:00Z,Foxbit,BRL,usdtbrl,1d,5.7658,"reported, not observed",api.foxbit.com.br/rest/v3/markets/usdtbrl/candlesticks
2025-03-22T00:00:00Z,Foxbit,BRL,usdtbrl,1d,5.7681,"reported, not observed",api.foxbit.com.br/rest/v3/markets/usdtbrl/candlesticks
2025-03-23T00:00:00Z,Foxbit,BRL,usdtbrl,1d,5.7533,"reported, not observed",api.foxbit.com.br/rest/v3/markets/usdtbrl/candlesticks
2025-03-24T00:00:00Z,Foxbit,BRL,usdtbrl,1d,5.7649,"reported, not observed",api.foxbit.com.br/rest/v3/markets/usdtbrl/candlesticks
2025-03-25T00:00:00Z,Foxbit,BRL,usdtbrl,1d,5.7152,"reported, not observed",api.foxbit.com.br/rest/v3/markets/usdtbrl/candlesticks
2025-03-26T00:00:00Z,Foxbit,BRL,usdtbrl,1d,5.7539,"reported, not observed",api.foxbit.com.br/rest/v3/markets/usdtbrl/candlesticks
2025-03-27T00:00:00Z,Foxbit,BRL,usdtbrl,1d,5.7565,"reported, not observed",api.foxbit.com.br/rest/v3/markets/usdtbrl/candlesticks
2025-03-28T00:00:00Z,Foxbit,BRL,usdtbrl,1d,5.7939,"reported, not observed",api.foxbit.com.br/rest/v3/markets/usdtbrl/candlesticks
2025-03-29T00:00:00Z,Foxbit,BRL,usdtbrl,1d,5.8072,"reported, not observed",api.foxbit.com.br/rest/v3/markets/usdtbrl/candlesticks
2025-03-30T00:00:00Z,Foxbit,BRL,usdtbrl,1d,5.8107,"reported, not observed",api.foxbit.com.br/rest/v3/markets/usdtbrl/candlesticks
2025-03-31T00:00:00Z,Foxbit,BRL,usdtbrl,1d,5.7319,"reported, not observed",api.foxbit.com.br/rest/v3/markets/usdtbrl/candlesticks
2025-04-01T00:00:00Z,Foxbit,BRL,usdtbrl,1d,5.6968,"reported, not observed",api.foxbit.com.br/rest/v3/markets/usdtbrl/candlesticks
2025-04-02T00:00:00Z,Foxbit,BRL,usdtbrl,1d,5.7011,"reported, not observed",api.foxbit.com.br/rest/v3/markets/usdtbrl/candlesticks
2025-04-03T00:00:00Z,Foxbit,BRL,usdtbrl,1d,5.6573,"reported, not observed",api.foxbit.com.br/rest/v3/markets/usdtbrl/candlesticks
2025-04-04T00:00:00Z,Foxbit,BRL,usdtbrl,1d,5.849,"reported, not observed",api.foxbit.com.br/rest/v3/markets/usdtbrl/candlesticks
2025-04-05T00:00:00Z,Foxbit,BRL,usdtbrl,1d,5.8786,"reported, not observed",api.foxbit.com.br/rest/v3/markets/usdtbrl/candlesticks
2025-04-06T00:00:00Z,Foxbit,BRL,usdtbrl,1d,5.8929,"reported, not observed",api.foxbit.com.br/rest/v3/markets/usdtbrl/candlesticks
2025-04-07T00:00:00Z,Foxbit,BRL,usdtbrl,1d,5.9435,"reported, not observed",api.foxbit.com.br/rest/v3/markets/usdtbrl/candlesticks
2025-04-08T00:00:00Z,Foxbit,BRL,usdtbrl,1d,6.0336,"reported, not observed",api.foxbit.com.br/rest/v3/markets/usdtbrl/candlesticks
2025-04-09T00:00:00Z,Foxbit,BRL,usdtbrl,1d,5.8438,"reported, not observed",api.foxbit.com.br/rest/v3/markets/usdtbrl/candlesticks
2025-04-10T00:00:00Z,Foxbit,BRL,usdtbrl,1d,5.9106,"reported, not observed",api.foxbit.com.br/rest/v3/markets/usdtbrl/candlesticks
2025-04-11T00:00:00Z,Foxbit,BRL,usdtbrl,1d,5.8863,"reported, not observed",api.foxbit.com.br/rest/v3/markets/usdtbrl/candlesticks
2025-04-12T00:00:00Z,Foxbit,BRL,usdtbrl,1d,5.8898,"reported, not observed",api.foxbit.com.br/rest/v3/markets/usdtbrl/candlesticks
2025-04-13T00:00:00Z,Foxbit,BRL,usdtbrl,1d,5.9016,"reported, not observed",api.foxbit.com.br/rest/v3/markets/usdtbrl/candlesticks
2025-04-14T00:00:00Z,Foxbit,BRL,usdtbrl,1d,5.8784,"reported, not observed",api.foxbit.com.br/rest/v3/markets/usdtbrl/candlesticks
2025-04-15T00:00:00Z,Foxbit,BRL,usdtbrl,1d,5.9017,"reported, not observed",api.foxbit.com.br/rest/v3/markets/usdtbrl/candlesticks
2025-04-16T00:00:00Z,Foxbit,BRL,usdtbrl,1d,5.8826,"reported, not observed",api.foxbit.com.br/rest/v3/markets/usdtbrl/candlesticks
2025-04-17T00:00:00Z,Foxbit,BRL,usdtbrl,1d,5.8299,"reported, not observed",api.foxbit.com.br/rest/v3/markets/usdtbrl/candlesticks
2025-04-18T00:00:00Z,Foxbit,BRL,usdtbrl,1d,5.8649,"reported, not observed",api.foxbit.com.br/rest/v3/markets/usdtbrl/candlesticks
2025-04-19T00:00:00Z,Foxbit,BRL,usdtbrl,1d,5.8758,"reported, not observed",api.foxbit.com.br/rest/v3/markets/usdtbrl/candlesticks
2025-04-20T00:00:00Z,Foxbit,BRL,usdtbrl,1d,5.8638,"reported, not observed",api.foxbit.com.br/rest/v3/markets/usdtbrl/candlesticks
2025-04-21T00:00:00Z,Foxbit,BRL,usdtbrl,1d,5.8384,"reported, not observed",api.foxbit.com.br/rest/v3/markets/usdtbrl/candlesticks
2025-04-22T00:00:00Z,Foxbit,BRL,usdtbrl,1d,5.7413,"reported, not observed",api.foxbit.com.br/rest/v3/markets/usdtbrl/candlesticks
2025-04-23T00:00:00Z,Foxbit,BRL,usdtbrl,1d,5.7462,"reported, not observed",api.foxbit.com.br/rest/v3/markets/usdtbrl/candlesticks
2025-04-24T00:00:00Z,Foxbit,BRL,usdtbrl,1d,5.7054,"reported, not observed",api.foxbit.com.br/rest/v3/markets/usdtbrl/candlesticks
2025-04-25T00:00:00Z,Foxbit,BRL,usdtbrl,1d,5.7252,"reported, not observed",api.foxbit.com.br/rest/v3/markets/usdtbrl/candlesticks
2025-04-26T00:00:00Z,Foxbit,BRL,usdtbrl,1d,5.7268,"reported, not observed",api.foxbit.com.br/rest/v3/markets/usdtbrl/candlesticks
2025-04-27T00:00:00Z,Foxbit,BRL,usdtbrl,1d,5.7263,"reported, not observed",api.foxbit.com.br/rest/v3/markets/usdtbrl/candlesticks
2025-04-28T00:00:00Z,Foxbit,BRL,usdtbrl,1d,5.6837,"reported, not observed",api.foxbit.com.br/rest/v3/markets/usdtbrl/candlesticks
2025-04-29T00:00:00Z,Foxbit,BRL,usdtbrl,1d,5.6519,"reported, not observed",api.foxbit.com.br/rest/v3/markets/usdtbrl/candlesticks
2025-04-30T00:00:00Z,Foxbit,BRL,usdtbrl,1d,5.699,"reported, not observed",api.foxbit.com.br/rest/v3/markets/usdtbrl/candlesticks
2025-05-01T00:00:00Z,Foxbit,BRL,usdtbrl,1d,5.6994,"reported, not observed",api.foxbit.com.br/rest/v3/markets/usdtbrl/candlesticks
2025-05-02T00:00:00Z,Foxbit,BRL,usdtbrl,1d,5.6875,"reported, not observed",api.foxbit.com.br/rest/v3/markets/usdtbrl/candlesticks
2025-05-03T00:00:00Z,Foxbit,BRL,usdtbrl,1d,5.6941,"reported, not observed",api.foxbit.com.br/rest/v3/markets/usdtbrl/candlesticks
2025-05-04T00:00:00Z,Foxbit,BRL,usdtbrl,1d,5.695,"reported, not observed",api.foxbit.com.br/rest/v3/markets/usdtbrl/candlesticks
2025-05-05T00:00:00Z,Foxbit,BRL,usdtbrl,1d,5.6938,"reported, not observed",api.foxbit.com.br/rest/v3/markets/usdtbrl/candlesticks
2025-05-06T00:00:00Z,Foxbit,BRL,usdtbrl,1d,5.7208,"reported, not observed",api.foxbit.com.br/rest/v3/markets/usdtbrl/candlesticks
2025-05-07T00:00:00Z,Foxbit,BRL,usdtbrl,1d,5.7643,"reported, not observed",api.foxbit.com.br/rest/v3/markets/usdtbrl/candlesticks
2025-05-08T00:00:00Z,Foxbit,BRL,usdtbrl,1d,5.6867,"reported, not observed",api.foxbit.com.br/rest/v3/markets/usdtbrl/candlesticks
2025-05-09T00:00:00Z,Foxbit,BRL,usdtbrl,1d,5.6815,"reported, not observed",api.foxbit.com.br/rest/v3/markets/usdtbrl/candlesticks
2025-05-10T00:00:00Z,Foxbit,BRL,usdtbrl,1d,5.6965,"reported, not observed",api.foxbit.com.br/rest/v3/markets/usdtbrl/candlesticks
2025-05-11T00:00:00Z,Foxbit,BRL,usdtbrl,1d,5.6955,"reported, not observed",api.foxbit.com.br/rest/v3/markets/usdtbrl/candlesticks
2025-05-12T00:00:00Z,Foxbit,BRL,usdtbrl,1d,5.6945,"reported, not observed",api.foxbit.com.br/rest/v3/markets/usdtbrl/candlesticks
2025-05-13T00:00:00Z,Foxbit,BRL,usdtbrl,1d,5.6267,"reported, not observed",api.foxbit.com.br/rest/v3/markets/usdtbrl/candlesticks
2025-05-14T00:00:00Z,Foxbit,BRL,usdtbrl,1d,5.6565,"reported, not observed",api.foxbit.com.br/rest/v3/markets/usdtbrl/candlesticks
2025-05-15T00:00:00Z,Foxbit,BRL,usdtbrl,1d,5.6959,"reported, not observed",api.foxbit.com.br/rest/v3/markets/usdtbrl/candlesticks
2025-05-16T00:00:00Z,Foxbit,BRL,usdtbrl,1d,5.6943,"reported, not observed",api.foxbit.com.br/rest/v3/markets/usdtbrl/candlesticks
2025-05-17T00:00:00Z,Foxbit,BRL,usdtbrl,1d,5.709,"reported, not observed",api.foxbit.com.br/rest/v3/markets/usdtbrl/candlesticks
2025-05-18T00:00:00Z,Foxbit,BRL,usdtbrl,1d,5.6814,"reported, not observed",api.foxbit.com.br/rest/v3/markets/usdtbrl/candlesticks
2025-05-19T00:00:00Z,Foxbit,BRL,usdtbrl,1d,5.6647,"reported, not observed",api.foxbit.com.br/rest/v3/markets/usdtbrl/candlesticks
2025-05-20T00:00:00Z,Foxbit,BRL,usdtbrl,1d,5.6721,"reported, not observed",api.foxbit.com.br/rest/v3/markets/usdtbrl/candlesticks
2025-05-21T00:00:00Z,Foxbit,BRL,usdtbrl,1d,5.6592,"reported, not observed",api.foxbit.com.br/rest/v3/markets/usdtbrl/candlesticks
2025-05-22T00:00:00Z,Foxbit,BRL,usdtbrl,1d,5.6963,"reported, not observed",api.foxbit.com.br/rest/v3/markets/usdtbrl/candlesticks
2025-05-23T00:00:00Z,Foxbit,BRL,usdtbrl,1d,5.6913,"reported, not observed",api.foxbit.com.br/rest/v3/markets/usdtbrl/candlesticks
2025-05-24T00:00:00Z,Foxbit,BRL,usdtbrl,1d,5.6869,"reported, not observed",api.foxbit.com.br/rest/v3/markets/usdtbrl/candlesticks
2025-05-25T00:00:00Z,Foxbit,BRL,usdtbrl,1d,5.6948,"reported, not observed",api.foxbit.com.br/rest/v3/markets/usdtbrl/candlesticks
2025-05-26T00:00:00Z,Foxbit,BRL,usdtbrl,1d,5.7166,"reported, not observed",api.foxbit.com.br/rest/v3/markets/usdtbrl/candlesticks
2025-05-27T00:00:00Z,Foxbit,BRL,usdtbrl,1d,5.6812,"reported, not observed",api.foxbit.com.br/rest/v3/markets/usdtbrl/candlesticks
2025-05-28T00:00:00Z,Foxbit,BRL,usdtbrl,1d,5.7089,"reported, not observed",api.foxbit.com.br/rest/v3/markets/usdtbrl/candlesticks
2025-05-29T00:00:00Z,Foxbit,BRL,usdtbrl,1d,5.7019,"reported, not observed",api.foxbit.com.br/rest/v3/markets/usdtbrl/candlesticks
2025-05-30T00:00:00Z,Foxbit,BRL,usdtbrl,1d,5.7754,"reported, not observed",api.foxbit.com.br/rest/v3/markets/usdtbrl/candlesticks
2025-05-31T00:00:00Z,Foxbit,BRL,usdtbrl,1d,5.7649,"reported, not observed",api.foxbit.com.br/rest/v3/markets/usdtbrl/candlesticks
2025-06-01T00:00:00Z,Foxbit,BRL,usdtbrl,1d,5.7505,"reported, not observed",api.foxbit.com.br/rest/v3/markets/usdtbrl/candlesticks
2025-06-02T00:00:00Z,Foxbit,BRL,usdtbrl,1d,5.6993,"reported, not observed",api.foxbit.com.br/rest/v3/markets/usdtbrl/candlesticks
2025-06-03T00:00:00Z,Foxbit,BRL,usdtbrl,1d,5.6672,"reported, not observed",api.foxbit.com.br/rest/v3/markets/usdtbrl/candlesticks
2025-06-04T00:00:00Z,Foxbit,BRL,usdtbrl,1d,5.6604,"reported, not observed",api.foxbit.com.br/rest/v3/markets/usdtbrl/candlesticks
2025-06-05T00:00:00Z,Foxbit,BRL,usdtbrl,1d,5.6274,"reported, not observed",api.foxbit.com.br/rest/v3/markets/usdtbrl/candlesticks
2025-06-06T00:00:00Z,Foxbit,BRL,usdtbrl,1d,5.6252,"reported, not observed",api.foxbit.com.br/rest/v3/markets/usdtbrl/candlesticks
2025-06-07T00:00:00Z,Foxbit,BRL,usdtbrl,1d,5.6276,"reported, not observed",api.foxbit.com.br/rest/v3/markets/usdtbrl/candlesticks
2025-06-08T00:00:00Z,Foxbit,BRL,usdtbrl,1d,5.6312,"reported, not observed",api.foxbit.com.br/rest/v3/markets/usdtbrl/candlesticks
2025-06-09T00:00:00Z,Foxbit,BRL,usdtbrl,1d,5.5832,"reported, not observed",api.foxbit.com.br/rest/v3/markets/usdtbrl/candlesticks
2025-06-10T00:00:00Z,Foxbit,BRL,usdtbrl,1d,5.5781,"reported, not observed",api.foxbit.com.br/rest/v3/markets/usdtbrl/candlesticks
2025-06-11T00:00:00Z,Foxbit,BRL,usdtbrl,1d,5.5656,"reported, not observed",api.foxbit.com.br/rest/v3/markets/usdtbrl/candlesticks
2025-06-12T00:00:00Z,Foxbit,BRL,usdtbrl,1d,5.5695,"reported, not observed",api.foxbit.com.br/rest/v3/markets/usdtbrl/candlesticks
2025-06-13T00:00:00Z,Foxbit,BRL,usdtbrl,1d,5.5859,"reported, not observed",api.foxbit.com.br/rest/v3/markets/usdtbrl/candlesticks
2025-06-14T00:00:00Z,Foxbit,BRL,usdtbrl,1d,5.5809,"reported, not observed",api.foxbit.com.br/rest/v3/markets/usdtbrl/candlesticks
2025-06-15T00:00:00Z,Foxbit,BRL,usdtbrl,1d,5.5761,"reported, not observed",api.foxbit.com.br/rest/v3/markets/usdtbrl/candlesticks
2025-06-16T00:00:00Z,Foxbit,BRL,usdtbrl,1d,5.5247,"reported, not observed",api.foxbit.com.br/rest/v3/markets/usdtbrl/candlesticks
2025-06-17T00:00:00Z,Foxbit,BRL,usdtbrl,1d,5.5247,"reported, not observed",api.foxbit.com.br/rest/v3/markets/usdtbrl/candlesticks
2025-06-18T00:00:00Z,Foxbit,BRL,usdtbrl,1d,5.5161,"reported, not observed",api.foxbit.com.br/rest/v3/markets/usdtbrl/candlesticks
2025-06-19T00:00:00Z,Foxbit,BRL,usdtbrl,1d,5.5303,"reported, not observed",api.foxbit.com.br/rest/v3/markets/usdtbrl/candlesticks
2025-06-20T00:00:00Z,Foxbit,BRL,usdtbrl,1d,5.5595,"reported, not observed",api.foxbit.com.br/rest/v3/markets/usdtbrl/candlesticks
2025-06-21T00:00:00Z,Foxbit,BRL,usdtbrl,1d,5.5547,"reported, not observed",api.foxbit.com.br/rest/v3/markets/usdtbrl/candlesticks
2025-06-22T00:00:00Z,Foxbit,BRL,usdtbrl,1d,5.5599,"reported, not observed",api.foxbit.com.br/rest/v3/markets/usdtbrl/candlesticks
2025-06-23T00:00:00Z,Foxbit,BRL,usdtbrl,1d,5.5115,"reported, not observed",api.foxbit.com.br/rest/v3/markets/usdtbrl/candlesticks
2025-06-24T00:00:00Z,Foxbit,BRL,usdtbrl,1d,5.5255,"reported, not observed",api.foxbit.com.br/rest/v3/markets/usdtbrl/candlesticks
2025-06-25T00:00:00Z,Foxbit,BRL,usdtbrl,1d,5.5799,"reported, not observed",api.foxbit.com.br/rest/v3/markets/usdtbrl/candlesticks
2025-06-26T00:00:00Z,Foxbit,BRL,usdtbrl,1d,5.518,"reported, not observed",api.foxbit.com.br/rest/v3/markets/usdtbrl/candlesticks
2025-06-27T00:00:00Z,Foxbit,BRL,usdtbrl,1d,5.5214,"reported, not observed",api.foxbit.com.br/rest/v3/markets/usdtbrl/candlesticks
2025-06-28T00:00:00Z,Foxbit,BRL,usdtbrl,1d,5.5192,"reported, not observed",api.foxbit.com.br/rest/v3/markets/usdtbrl/candlesticks
2025-06-29T00:00:00Z,Foxbit,BRL,usdtbrl,1d,5.5136,"reported, not observed",api.foxbit.com.br/rest/v3/markets/usdtbrl/candlesticks
2025-06-30T00:00:00Z,Foxbit,BRL,usdtbrl,1d,5.4695,"reported, not observed",api.foxbit.com.br/rest/v3/markets/usdtbrl/candlesticks
2025-07-01T00:00:00Z,Foxbit,BRL,usdtbrl,1d,5.4799,"reported, not observed",api.foxbit.com.br/rest/v3/markets/usdtbrl/candlesticks
2025-07-02T00:00:00Z,Foxbit,BRL,usdtbrl,1d,5.4459,"reported, not observed",api.foxbit.com.br/rest/v3/markets/usdtbrl/candlesticks
2025-07-03T00:00:00Z,Foxbit,BRL,usdtbrl,1d,5.4345,"reported, not observed",api.foxbit.com.br/rest/v3/markets/usdtbrl/candlesticks
2025-07-04T00:00:00Z,Foxbit,BRL,usdtbrl,1d,5.4636,"reported, not observed",api.foxbit.com.br/rest/v3/markets/usdtbrl/candlesticks
2025-07-05T00:00:00Z,Foxbit,BRL,usdtbrl,1d,5.4633,"reported, not observed",api.foxbit.com.br/rest/v3/markets/usdtbrl/candlesticks
2025-07-06T00:00:00Z,Foxbit,BRL,usdtbrl,1d,5.467,"reported, not observed",api.foxbit.com.br/rest/v3/markets/usdtbrl/candlesticks
2025-07-07T00:00:00Z,Foxbit,BRL,usdtbrl,1d,5.4833,"reported, not observed",api.foxbit.com.br/rest/v3/markets/usdtbrl/candlesticks
2025-07-08T00:00:00Z,Foxbit,BRL,usdtbrl,1d,5.4663,"reported, not observed",api.foxbit.com.br/rest/v3/markets/usdtbrl/candlesticks
2025-07-09T00:00:00Z,Foxbit,BRL,usdtbrl,1d,5.5286,"reported, not observed",api.foxbit.com.br/rest/v3/markets/usdtbrl/candlesticks
2025-07-10T00:00:00Z,Foxbit,BRL,usdtbrl,1d,5.4901,"reported, not observed",api.foxbit.com.br/rest/v3/markets/usdtbrl/candlesticks
2025-07-11T00:00:00Z,Foxbit,BRL,usdtbrl,1d,5.5675,"reported, not observed",api.foxbit.com.br/rest/v3/markets/usdtbrl/candlesticks
2025-07-12T00:00:00Z,Foxbit,BRL,usdtbrl,1d,5.562,"reported, not observed",api.foxbit.com.br/rest/v3/markets/usdtbrl/candlesticks
2025-07-13T00:00:00Z,Foxbit,BRL,usdtbrl,1d,5.569,"reported, not observed",api.foxbit.com.br/rest/v3/markets/usdtbrl/candlesticks
2025-07-14T00:00:00Z,Foxbit,BRL,usdtbrl,1d,5.5896,"reported, not observed",api.foxbit.com.br/rest/v3/markets/usdtbrl/candlesticks
2025-07-15T00:00:00Z,Foxbit,BRL,usdtbrl,1d,5.5758,"reported, not observed",api.foxbit.com.br/rest/v3/markets/usdtbrl/candlesticks
2025-07-16T00:00:00Z,Foxbit,BRL,usdtbrl,1d,5.586,"reported, not observed",api.foxbit.com.br/rest/v3/markets/usdtbrl/candlesticks
2025-07-17T00:00:00Z,Foxbit,BRL,usdtbrl,1d,5.5507,"reported, not observed",api.foxbit.com.br/rest/v3/markets/usdtbrl/candlesticks
2025-07-18T00:00:00Z,Foxbit,BRL,usdtbrl,1d,5.6003,"reported, not observed",api.foxbit.com.br/rest/v3/markets/usdtbrl/candlesticks
2025-07-19T00:00:00Z,Foxbit,BRL,usdtbrl,1d,5.6084,"reported, not observed",api.foxbit.com.br/rest/v3/markets/usdtbrl/candlesticks
2025-07-20T00:00:00Z,Foxbit,BRL,usdtbrl,1d,5.6266,"reported, not observed",api.foxbit.com.br/rest/v3/markets/usdtbrl/candlesticks
2025-07-21T00:00:00Z,Foxbit,BRL,usdtbrl,1d,5.5855,"reported, not observed",api.foxbit.com.br/rest/v3/markets/usdtbrl/candlesticks
2025-07-22T00:00:00Z,Foxbit,BRL,usdtbrl,1d,5.5701,"reported, not observed",api.foxbit.com.br/rest/v3/markets/usdtbrl/candlesticks
2025-07-23T00:00:00Z,Foxbit,BRL,usdtbrl,1d,5.5392,"reported, not observed",api.foxbit.com.br/rest/v3/markets/usdtbrl/candlesticks
2025-07-24T00:00:00Z,Foxbit,BRL,usdtbrl,1d,5.5389,"reported, not observed",api.foxbit.com.br/rest/v3/markets/usdtbrl/candlesticks
2025-07-25T00:00:00Z,Foxbit,BRL,usdtbrl,1d,5.5838,"reported, not observed",api.foxbit.com.br/rest/v3/markets/usdtbrl/candlesticks
2025-07-26T00:00:00Z,Foxbit,BRL,usdtbrl,1d,5.5956,"reported, not observed",api.foxbit.com.br/rest/v3/markets/usdtbrl/candlesticks
2025-07-27T00:00:00Z,Foxbit,BRL,usdtbrl,1d,5.5872,"reported, not observed",api.foxbit.com.br/rest/v3/markets/usdtbrl/candlesticks
2025-07-28T00:00:00Z,Foxbit,BRL,usdtbrl,1d,5.6036,"reported, not observed",api.foxbit.com.br/rest/v3/markets/usdtbrl/candlesticks
2025-07-29T00:00:00Z,Foxbit,BRL,usdtbrl,1d,5.5924,"reported, not observed",api.foxbit.com.br/rest/v3/markets/usdtbrl/candlesticks
2025-07-30T00:00:00Z,Foxbit,BRL,usdtbrl,1d,5.5931,"reported, not observed",api.foxbit.com.br/rest/v3/markets/usdtbrl/candlesticks
2025-07-31T00:00:00Z,Foxbit,BRL,usdtbrl,1d,5.6282,"reported, not observed",api.foxbit.com.br/rest/v3/markets/usdtbrl/candlesticks
2025-08-01T00:00:00Z,Foxbit,BRL,usdtbrl,1d,5.5702,"reported, not observed",api.foxbit.com.br/rest/v3/markets/usdtbrl/candlesticks
2025-08-02T00:00:00Z,Foxbit,BRL,usdtbrl,1d,5.5766,"reported, not observed",api.foxbit.com.br/rest/v3/markets/usdtbrl/candlesticks
2025-08-03T00:00:00Z,Foxbit,BRL,usdtbrl,1d,5.5756,"reported, not observed",api.foxbit.com.br/rest/v3/markets/usdtbrl/candlesticks
2025-08-04T00:00:00Z,Foxbit,BRL,usdtbrl,1d,5.5162,"reported, not observed",api.foxbit.com.br/rest/v3/markets/usdtbrl/candlesticks
2025-08-05T00:00:00Z,Foxbit,BRL,usdtbrl,1d,5.5179,"reported, not observed",api.foxbit.com.br/rest/v3/markets/usdtbrl/candlesticks
2025-08-06T00:00:00Z,Foxbit,BRL,usdtbrl,1d,5.4836,"reported, not observed",api.foxbit.com.br/rest/v3/markets/usdtbrl/candlesticks
2025-08-07T00:00:00Z,Foxbit,BRL,usdtbrl,1d,5.442,"reported, not observed",api.foxbit.com.br/rest/v3/markets/usdtbrl/candlesticks
2025-08-08T00:00:00Z,Foxbit,BRL,usdtbrl,1d,5.4632,"reported, not observed",api.foxbit.com.br/rest/v3/markets/usdtbrl/candlesticks
2025-08-09T00:00:00Z,Foxbit,BRL,usdtbrl,1d,5.4697,"reported, not observed",api.foxbit.com.br/rest/v3/markets/usdtbrl/candlesticks
2025-08-10T00:00:00Z,Foxbit,BRL,usdtbrl,1d,5.4673,"reported, not observed",api.foxbit.com.br/rest/v3/markets/usdtbrl/candlesticks
2025-08-11T00:00:00Z,Foxbit,BRL,usdtbrl,1d,5.454,"reported, not observed",api.foxbit.com.br/rest/v3/markets/usdtbrl/candlesticks
2025-08-12T00:00:00Z,Foxbit,BRL,usdtbrl,1d,5.4174,"reported, not observed",api.foxbit.com.br/rest/v3/markets/usdtbrl/candlesticks
2025-08-13T00:00:00Z,Foxbit,BRL,usdtbrl,1d,5.4022,"reported, not observed",api.foxbit.com.br/rest/v3/markets/usdtbrl/candlesticks
2025-08-14T00:00:00Z,Foxbit,BRL,usdtbrl,1d,5.4409,"reported, not observed",api.foxbit.com.br/rest/v3/markets/usdtbrl/candlesticks
2025-08-15T00:00:00Z,Foxbit,BRL,usdtbrl,1d,5.4294,"reported, not observed",api.foxbit.com.br/rest/v3/markets/usdtbrl/candlesticks
2025-08-16T00:00:00Z,Foxbit,BRL,usdtbrl,1d,5.4331,"reported, not observed",api.foxbit.com.br/rest/v3/markets/usdtbrl/candlesticks
2025-08-17T00:00:00Z,Foxbit,BRL,usdtbrl,1d,5.4301,"reported, not observed",api.foxbit.com.br/rest/v3/markets/usdtbrl/candlesticks
2025-08-18T00:00:00Z,Foxbit,BRL,usdtbrl,1d,5.4489,"reported, not observed",api.foxbit.com.br/rest/v3/markets/usdtbrl/candlesticks
2025-08-19T00:00:00Z,Foxbit,BRL,usdtbrl,1d,5.5196,"reported, not observed",api.foxbit.com.br/rest/v3/markets/usdtbrl/candlesticks
2025-08-20T00:00:00Z,Foxbit,BRL,usdtbrl,1d,5.4979,"reported, not observed",api.foxbit.com.br/rest/v3/markets/usdtbrl/candlesticks
2025-08-21T00:00:00Z,Foxbit,BRL,usdtbrl,1d,5.4845,"reported, not observed",api.foxbit.com.br/rest/v3/markets/usdtbrl/candlesticks
2025-08-22T00:00:00Z,Foxbit,BRL,usdtbrl,1d,5.4286,"reported, not observed",api.foxbit.com.br/rest/v3/markets/usdtbrl/candlesticks
2025-08-23T00:00:00Z,Foxbit,BRL,usdtbrl,1d,5.445,"reported, not observed",api.foxbit.com.br/rest/v3/markets/usdtbrl/candlesticks
2025-08-24T00:00:00Z,Foxbit,BRL,usdtbrl,1d,5.4531,"reported, not observed",api.foxbit.com.br/rest/v3/markets/usdtbrl/candlesticks
2025-08-25T00:00:00Z,Foxbit,BRL,usdtbrl,1d,5.4345,"reported, not observed",api.foxbit.com.br/rest/v3/markets/usdtbrl/candlesticks
2025-08-26T00:00:00Z,Foxbit,BRL,usdtbrl,1d,5.4441,"reported, not observed",api.foxbit.com.br/rest/v3/markets/usdtbrl/candlesticks
2025-08-27T00:00:00Z,Foxbit,BRL,usdtbrl,1d,5.4318,"reported, not observed",api.foxbit.com.br/rest/v3/markets/usdtbrl/candlesticks
2025-08-28T00:00:00Z,Foxbit,BRL,usdtbrl,1d,5.4291,"reported, not observed",api.foxbit.com.br/rest/v3/markets/usdtbrl/candlesticks
2025-08-29T00:00:00Z,Foxbit,BRL,usdtbrl,1d,5.4643,"reported, not observed",api.foxbit.com.br/rest/v3/markets/usdtbrl/candlesticks
2025-08-30T00:00:00Z,Foxbit,BRL,usdtbrl,1d,5.4681,"reported, not observed",api.foxbit.com.br/rest/v3/markets/usdtbrl/candlesticks
2025-08-31T00:00:00Z,Foxbit,BRL,usdtbrl,1d,5.4652,"reported, not observed",api.foxbit.com.br/rest/v3/markets/usdtbrl/candlesticks
2025-09-01T00:00:00Z,Foxbit,BRL,usdtbrl,1d,5.4624,"reported, not observed",api.foxbit.com.br/rest/v3/markets/usdtbrl/candlesticks
2025-09-02T00:00:00Z,Foxbit,BRL,usdtbrl,1d,5.4812,"reported, not observed",api.foxbit.com.br/rest/v3/markets/usdtbrl/candlesticks
2025-09-03T00:00:00Z,Foxbit,BRL,usdtbrl,1d,5.4669,"reported, not observed",api.foxbit.com.br/rest/v3/markets/usdtbrl/candlesticks
2025-09-04T00:00:00Z,Foxbit,BRL,usdtbrl,1d,5.4634,"reported, not observed",api.foxbit.com.br/rest/v3/markets/usdtbrl/candlesticks
2025-09-05T00:00:00Z,Foxbit,BRL,usdtbrl,1d,5.4451,"reported, not observed",api.foxbit.com.br/rest/v3/markets/usdtbrl/candlesticks
2025-09-06T00:00:00Z,Foxbit,BRL,usdtbrl,1d,5.4502,"reported, not observed",api.foxbit.com.br/rest/v3/markets/usdtbrl/candlesticks
2025-09-07T00:00:00Z,Foxbit,BRL,usdtbrl,1d,5.4424,"reported, not observed",api.foxbit.com.br/rest/v3/markets/usdtbrl/candlesticks
2025-09-08T00:00:00Z,Foxbit,BRL,usdtbrl,1d,5.4388,"reported, not observed",api.foxbit.com.br/rest/v3/markets/usdtbrl/candlesticks
2025-09-09T00:00:00Z,Foxbit,BRL,usdtbrl,1d,5.4476,"reported, not observed",api.foxbit.com.br/rest/v3/markets/usdtbrl/candlesticks
2025-09-10T00:00:00Z,Foxbit,BRL,usdtbrl,1d,5.4154,"reported, not observed",api.foxbit.com.br/rest/v3/markets/usdtbrl/candlesticks
2025-09-11T00:00:00Z,Foxbit,BRL,usdtbrl,1d,5.4007,"reported, not observed",api.foxbit.com.br/rest/v3/markets/usdtbrl/candlesticks
2025-09-12T00:00:00Z,Foxbit,BRL,usdtbrl,1d,5.3745,"reported, not observed",api.foxbit.com.br/rest/v3/markets/usdtbrl/candlesticks
2025-09-13T00:00:00Z,Foxbit,BRL,usdtbrl,1d,5.3777,"reported, not observed",api.foxbit.com.br/rest/v3/markets/usdtbrl/candlesticks
2025-09-14T00:00:00Z,Foxbit,BRL,usdtbrl,1d,5.3768,"reported, not observed",api.foxbit.com.br/rest/v3/markets/usdtbrl/candlesticks
2025-09-15T00:00:00Z,Foxbit,BRL,usdtbrl,1d,5.3318,"reported, not observed",api.foxbit.com.br/rest/v3/markets/usdtbrl/candlesticks
2025-09-16T00:00:00Z,Foxbit,BRL,usdtbrl,1d,5.3063,"reported, not observed",api.foxbit.com.br/rest/v3/markets/usdtbrl/candlesticks
2025-09-17T00:00:00Z,Foxbit,BRL,usdtbrl,1d,5.3156,"reported, not observed",api.foxbit.com.br/rest/v3/markets/usdtbrl/candlesticks
2025-09-18T00:00:00Z,Foxbit,BRL,usdtbrl,1d,5.3203,"reported, not observed",api.foxbit.com.br/rest/v3/markets/usdtbrl/candlesticks
2025-09-19T00:00:00Z,Foxbit,BRL,usdtbrl,1d,5.3506,"reported, not observed",api.foxbit.com.br/rest/v3/markets/usdtbrl/candlesticks
2025-09-20T00:00:00Z,Foxbit,BRL,usdtbrl,1d,5.3467,"reported, not observed",api.foxbit.com.br/rest/v3/markets/usdtbrl/candlesticks
2025-09-21T00:00:00Z,Foxbit,BRL,usdtbrl,1d,5.3399,"reported, not observed",api.foxbit.com.br/rest/v3/markets/usdtbrl/candlesticks
2025-09-22T00:00:00Z,Foxbit,BRL,usdtbrl,1d,5.3506,"reported, not observed",api.foxbit.com.br/rest/v3/markets/usdtbrl/candlesticks
2025-09-23T00:00:00Z,Foxbit,BRL,usdtbrl,1d,5.2958,"reported, not observed",api.foxbit.com.br/rest/v3/markets/usdtbrl/candlesticks
2025-09-24T00:00:00Z,Foxbit,BRL,usdtbrl,1d,5.3261,"reported, not observed",api.foxbit.com.br/rest/v3/markets/usdtbrl/candlesticks
2025-09-25T00:00:00Z,Foxbit,BRL,usdtbrl,1d,5.3783,"reported, not observed",api.foxbit.com.br/rest/v3/markets/usdtbrl/candlesticks
2025-09-26T00:00:00Z,Foxbit,BRL,usdtbrl,1d,5.3736,"reported, not observed",api.foxbit.com.br/rest/v3/markets/usdtbrl/candlesticks
2025-09-27T00:00:00Z,Foxbit,BRL,usdtbrl,1d,5.3711,"reported, not observed",api.foxbit.com.br/rest/v3/markets/usdtbrl/candlesticks
2025-09-28T00:00:00Z,Foxbit,BRL,usdtbrl,1d,5.3677,"reported, not observed",api.foxbit.com.br/rest/v3/markets/usdtbrl/candlesticks
2025-09-29T00:00:00Z,Foxbit,BRL,usdtbrl,1d,5.3228,"reported, not observed",api.foxbit.com.br/rest/v3/markets/usdtbrl/candlesticks
2025-09-30T00:00:00Z,Foxbit,BRL,usdtbrl,1d,5.3297,"reported, not observed",api.foxbit.com.br/rest/v3/markets/usdtbrl/candlesticks
2025-10-01T00:00:00Z,Foxbit,BRL,usdtbrl,1d,5.329,"reported, not observed",api.foxbit.com.br/rest/v3/markets/usdtbrl/candlesticks
2025-10-02T00:00:00Z,Foxbit,BRL,usdtbrl,1d,5.3494,"reported, not observed",api.foxbit.com.br/rest/v3/markets/usdtbrl/candlesticks
2025-10-03T00:00:00Z,Foxbit,BRL,usdtbrl,1d,5.3573,"reported, not observed",api.foxbit.com.br/rest/v3/markets/usdtbrl/candlesticks
2025-10-04T00:00:00Z,Foxbit,BRL,usdtbrl,1d,5.3547,"reported, not observed",api.foxbit.com.br/rest/v3/markets/usdtbrl/candlesticks
2025-10-05T00:00:00Z,Foxbit,BRL,usdtbrl,1d,5.347,"reported, not observed",api.foxbit.com.br/rest/v3/markets/usdtbrl/candlesticks
2025-10-06T00:00:00Z,Foxbit,BRL,usdtbrl,1d,5.3156,"reported, not observed",api.foxbit.com.br/rest/v3/markets/usdtbrl/candlesticks
2025-10-07T00:00:00Z,Foxbit,BRL,usdtbrl,1d,5.354,"reported, not observed",api.foxbit.com.br/rest/v3/markets/usdtbrl/candlesticks
2025-10-08T00:00:00Z,Foxbit,BRL,usdtbrl,1d,5.3522,"reported, not observed",api.foxbit.com.br/rest/v3/markets/usdtbrl/candlesticks
2025-10-09T00:00:00Z,Foxbit,BRL,usdtbrl,1d,5.3849,"reported, not observed",api.foxbit.com.br/rest/v3/markets/usdtbrl/candlesticks
2025-10-10T00:00:00Z,Foxbit,BRL,usdtbrl,1d,5.6149,"reported, not observed",api.foxbit.com.br/rest/v3/markets/usdtbrl/candlesticks
2025-10-11T00:00:00Z,Foxbit,BRL,usdtbrl,1d,5.646,"reported, not observed",api.foxbit.com.br/rest/v3/markets/usdtbrl/candlesticks
2025-10-12T00:00:00Z,Foxbit,BRL,usdtbrl,1d,5.5815,"reported, not observed",api.foxbit.com.br/rest/v3/markets/usdtbrl/candlesticks
2025-10-13T00:00:00Z,Foxbit,BRL,usdtbrl,1d,5.4963,"reported, not observed",api.foxbit.com.br/rest/v3/markets/usdtbrl/candlesticks
2025-10-14T00:00:00Z,Foxbit,BRL,usdtbrl,1d,5.5014,"reported, not observed",api.foxbit.com.br/rest/v3/markets/usdtbrl/candlesticks
2025-10-15T00:00:00Z,Foxbit,BRL,usdtbrl,1d,5.4628,"reported, not observed",api.foxbit.com.br/rest/v3/markets/usdtbrl/candlesticks
2025-10-16T00:00:00Z,Foxbit,BRL,usdtbrl,1d,5.4582,"reported, not observed",api.foxbit.com.br/rest/v3/markets/usdtbrl/candlesticks
2025-10-17T00:00:00Z,Foxbit,BRL,usdtbrl,1d,5.4324,"reported, not observed",api.foxbit.com.br/rest/v3/markets/usdtbrl/candlesticks
2025-10-18T00:00:00Z,Foxbit,BRL,usdtbrl,1d,5.4307,"reported, not observed",api.foxbit.com.br/rest/v3/markets/usdtbrl/candlesticks
2025-10-19T00:00:00Z,Foxbit,BRL,usdtbrl,1d,5.428,"reported, not observed",api.foxbit.com.br/rest/v3/markets/usdtbrl/candlesticks
2025-10-20T00:00:00Z,Foxbit,BRL,usdtbrl,1d,5.3889,"reported, not observed",api.foxbit.com.br/rest/v3/markets/usdtbrl/candlesticks
2025-10-21T00:00:00Z,Foxbit,BRL,usdtbrl,1d,5.4001,"reported, not observed",api.foxbit.com.br/rest/v3/markets/usdtbrl/candlesticks
2025-10-22T00:00:00Z,Foxbit,BRL,usdtbrl,1d,5.4129,"reported, not observed",api.foxbit.com.br/rest/v3/markets/usdtbrl/candlesticks
2025-10-23T00:00:00Z,Foxbit,BRL,usdtbrl,1d,5.3954,"reported, not observed",api.foxbit.com.br/rest/v3/markets/usdtbrl/candlesticks
2025-10-24T00:00:00Z,Foxbit,BRL,usdtbrl,1d,5.4081,"reported, not observed",api.foxbit.com.br/rest/v3/markets/usdtbrl/candlesticks
2025-10-25T00:00:00Z,Foxbit,BRL,usdtbrl,1d,5.4019,"reported, not observed",api.foxbit.com.br/rest/v3/markets/usdtbrl/candlesticks
2025-10-26T00:00:00Z,Foxbit,BRL,usdtbrl,1d,5.3877,"reported, not observed",api.foxbit.com.br/rest/v3/markets/usdtbrl/candlesticks
2025-10-27T00:00:00Z,Foxbit,BRL,usdtbrl,1d,5.3761,"reported, not observed",api.foxbit.com.br/rest/v3/markets/usdtbrl/candlesticks
2025-10-28T00:00:00Z,Foxbit,BRL,usdtbrl,1d,5.3699,"reported, not observed",api.foxbit.com.br/rest/v3/markets/usdtbrl/candlesticks
2025-10-29T00:00:00Z,Foxbit,BRL,usdtbrl,1d,5.3665,"reported, not observed",api.foxbit.com.br/rest/v3/markets/usdtbrl/candlesticks
2025-10-30T00:00:00Z,Foxbit,BRL,usdtbrl,1d,5.4007,"reported, not observed",api.foxbit.com.br/rest/v3/markets/usdtbrl/candlesticks
2025-10-31T00:00:00Z,Foxbit,BRL,usdtbrl,1d,5.3862,"reported, not observed",api.foxbit.com.br/rest/v3/markets/usdtbrl/candlesticks
2025-11-01T00:00:00Z,Foxbit,BRL,usdtbrl,1d,5.3768,"reported, not observed",api.foxbit.com.br/rest/v3/markets/usdtbrl/candlesticks
2025-11-02T00:00:00Z,Foxbit,BRL,usdtbrl,1d,5.3729,"reported, not observed",api.foxbit.com.br/rest/v3/markets/usdtbrl/candlesticks
2025-11-03T00:00:00Z,Foxbit,BRL,usdtbrl,1d,5.3665,"reported, not observed",api.foxbit.com.br/rest/v3/markets/usdtbrl/candlesticks
2025-11-04T00:00:00Z,Foxbit,BRL,usdtbrl,1d,5.4148,"reported, not observed",api.foxbit.com.br/rest/v3/markets/usdtbrl/candlesticks
2025-11-05T00:00:00Z,Foxbit,BRL,usdtbrl,1d,5.363,"reported, not observed",api.foxbit.com.br/rest/v3/markets/usdtbrl/candlesticks
2025-11-06T00:00:00Z,Foxbit,BRL,usdtbrl,1d,5.3632,"reported, not observed",api.foxbit.com.br/rest/v3/markets/usdtbrl/candlesticks
2025-11-07T00:00:00Z,Foxbit,BRL,usdtbrl,1d,5.3462,"reported, not observed",api.foxbit.com.br/rest/v3/markets/usdtbrl/candlesticks
2025-11-08T00:00:00Z,Foxbit,BRL,usdtbrl,1d,5.3546,"reported, not observed",api.foxbit.com.br/rest/v3/markets/usdtbrl/candlesticks
2025-11-09T00:00:00Z,Foxbit,BRL,usdtbrl,1d,5.3586,"reported, not observed",api.foxbit.com.br/rest/v3/markets/usdtbrl/candlesticks
2025-11-10T00:00:00Z,Foxbit,BRL,usdtbrl,1d,5.3069,"reported, not observed",api.foxbit.com.br/rest/v3/markets/usdtbrl/candlesticks
2025-11-11T00:00:00Z,Foxbit,BRL,usdtbrl,1d,5.2919,"reported, not observed",api.foxbit.com.br/rest/v3/markets/usdtbrl/candlesticks
2025-11-12T00:00:00Z,Foxbit,BRL,usdtbrl,1d,5.2998,"reported, not observed",api.foxbit.com.br/rest/v3/markets/usdtbrl/candlesticks
2025-11-13T00:00:00Z,Foxbit,BRL,usdtbrl,1d,5.3063,"reported, not observed",api.foxbit.com.br/rest/v3/markets/usdtbrl/candlesticks
2025-11-14T00:00:00Z,Foxbit,BRL,usdtbrl,1d,5.3154,"reported, not observed",api.foxbit.com.br/rest/v3/markets/usdtbrl/candlesticks
2025-11-15T00:00:00Z,Foxbit,BRL,usdtbrl,1d,5.3164,"reported, not observed",api.foxbit.com.br/rest/v3/markets/usdtbrl/candlesticks
2025-11-16T00:00:00Z,Foxbit,BRL,usdtbrl,1d,5.32,"reported, not observed",api.foxbit.com.br/rest/v3/markets/usdtbrl/candlesticks
2025-11-17T00:00:00Z,Foxbit,BRL,usdtbrl,1d,5.3318,"reported, not observed",api.foxbit.com.br/rest/v3/markets/usdtbrl/candlesticks
2025-11-18T00:00:00Z,Foxbit,BRL,usdtbrl,1d,5.3336,"reported, not observed",api.foxbit.com.br/rest/v3/markets/usdtbrl/candlesticks
2025-11-19T00:00:00Z,Foxbit,BRL,usdtbrl,1d,5.3421,"reported, not observed",api.foxbit.com.br/rest/v3/markets/usdtbrl/candlesticks
2025-11-20T00:00:00Z,Foxbit,BRL,usdtbrl,1d,5.3488,"reported, not observed",api.foxbit.com.br/rest/v3/markets/usdtbrl/candlesticks
2025-11-21T00:00:00Z,Foxbit,BRL,usdtbrl,1d,5.4222,"reported, not observed",api.foxbit.com.br/rest/v3/markets/usdtbrl/candlesticks
2025-11-22T00:00:00Z,Foxbit,BRL,usdtbrl,1d,5.4271,"reported, not observed",api.foxbit.com.br/rest/v3/markets/usdtbrl/candlesticks
2025-11-23T00:00:00Z,Foxbit,BRL,usdtbrl,1d,5.4281,"reported, not observed",api.foxbit.com.br/rest/v3/markets/usdtbrl/candlesticks
2025-11-24T00:00:00Z,Foxbit,BRL,usdtbrl,1d,5.4016,"reported, not observed",api.foxbit.com.br/rest/v3/markets/usdtbrl/candlesticks
2025-11-25T00:00:00Z,Foxbit,BRL,usdtbrl,1d,5.3906,"reported, not observed",api.foxbit.com.br/rest/v3/markets/usdtbrl/candlesticks
2025-11-26T00:00:00Z,Foxbit,BRL,usdtbrl,1d,5.3498,"reported, not observed",api.foxbit.com.br/rest/v3/markets/usdtbrl/candlesticks
2025-11-27T00:00:00Z,Foxbit,BRL,usdtbrl,1d,5.3672,"reported, not observed",api.foxbit.com.br/rest/v3/markets/usdtbrl/candlesticks
2025-11-28T00:00:00Z,Foxbit,BRL,usdtbrl,1d,5.3548,"reported, not observed",api.foxbit.com.br/rest/v3/markets/usdtbrl/candlesticks
2025-11-29T00:00:00Z,Foxbit,BRL,usdtbrl,1d,5.3688,"reported, not observed",api.foxbit.com.br/rest/v3/markets/usdtbrl/candlesticks
2025-11-30T00:00:00Z,Foxbit,BRL,usdtbrl,1d,5.3699,"reported, not observed",api.foxbit.com.br/rest/v3/markets/usdtbrl/candlesticks
2025-12-01T00:00:00Z,Foxbit,BRL,usdtbrl,1d,5.3642,"reported, not observed",api.foxbit.com.br/rest/v3/markets/usdtbrl/candlesticks
2025-12-02T00:00:00Z,Foxbit,BRL,usdtbrl,1d,5.3356,"reported, not observed",api.foxbit.com.br/rest/v3/markets/usdtbrl/candlesticks
2025-12-03T00:00:00Z,Foxbit,BRL,usdtbrl,1d,5.3146,"reported, not observed",api.foxbit.com.br/rest/v3/markets/usdtbrl/candlesticks
2025-12-04T00:00:00Z,Foxbit,BRL,usdtbrl,1d,5.3212,"reported, not observed",api.foxbit.com.br/rest/v3/markets/usdtbrl/candlesticks
2025-12-05T00:00:00Z,Foxbit,BRL,usdtbrl,1d,5.4701,"reported, not observed",api.foxbit.com.br/rest/v3/markets/usdtbrl/candlesticks
2025-12-06T00:00:00Z,Foxbit,BRL,usdtbrl,1d,5.492,"reported, not observed",api.foxbit.com.br/rest/v3/markets/usdtbrl/candlesticks
2025-12-07T00:00:00Z,Foxbit,BRL,usdtbrl,1d,5.4862,"reported, not observed",api.foxbit.com.br/rest/v3/markets/usdtbrl/candlesticks
2025-12-08T00:00:00Z,Foxbit,BRL,usdtbrl,1d,5.4399,"reported, not observed",api.foxbit.com.br/rest/v3/markets/usdtbrl/candlesticks
2025-12-09T00:00:00Z,Foxbit,BRL,usdtbrl,1d,5.4402,"reported, not observed",api.foxbit.com.br/rest/v3/markets/usdtbrl/candlesticks
2025-12-10T00:00:00Z,Foxbit,BRL,usdtbrl,1d,5.4855,"reported, not observed",api.foxbit.com.br/rest/v3/markets/usdtbrl/candlesticks
2025-12-11T00:00:00Z,Foxbit,BRL,usdtbrl,1d,5.4086,"reported, not observed",api.foxbit.com.br/rest/v3/markets/usdtbrl/candlesticks
2025-12-12T00:00:00Z,Foxbit,BRL,usdtbrl,1d,5.4337,"reported, not observed",api.foxbit.com.br/rest/v3/markets/usdtbrl/candlesticks
2025-12-13T00:00:00Z,Foxbit,BRL,usdtbrl,1d,5.4392,"reported, not observed",api.foxbit.com.br/rest/v3/markets/usdtbrl/candlesticks
2025-12-14T00:00:00Z,Foxbit,BRL,usdtbrl,1d,5.4382,"reported, not observed",api.foxbit.com.br/rest/v3/markets/usdtbrl/candlesticks
2025-12-15T00:00:00Z,Foxbit,BRL,usdtbrl,1d,5.4277,"reported, not observed",api.foxbit.com.br/rest/v3/markets/usdtbrl/candlesticks
2025-12-16T00:00:00Z,Foxbit,BRL,usdtbrl,1d,5.4815,"reported, not observed",api.foxbit.com.br/rest/v3/markets/usdtbrl/candlesticks
2025-12-17T00:00:00Z,Foxbit,BRL,usdtbrl,1d,5.5326,"reported, not observed",api.foxbit.com.br/rest/v3/markets/usdtbrl/candlesticks
2025-12-18T00:00:00Z,Foxbit,BRL,usdtbrl,1d,5.531,"reported, not observed",api.foxbit.com.br/rest/v3/markets/usdtbrl/candlesticks
2025-12-19T00:00:00Z,Foxbit,BRL,usdtbrl,1d,5.5662,"reported, not observed",api.foxbit.com.br/rest/v3/markets/usdtbrl/candlesticks
2025-12-20T00:00:00Z,Foxbit,BRL,usdtbrl,1d,5.5671,"reported, not observed",api.foxbit.com.br/rest/v3/markets/usdtbrl/candlesticks
2025-12-21T00:00:00Z,Foxbit,BRL,usdtbrl,1d,5.5485,"reported, not observed",api.foxbit.com.br/rest/v3/markets/usdtbrl/candlesticks
2025-12-22T00:00:00Z,Foxbit,BRL,usdtbrl,1d,5.5968,"reported, not observed",api.foxbit.com.br/rest/v3/markets/usdtbrl/candlesticks
2025-12-23T00:00:00Z,Foxbit,BRL,usdtbrl,1d,5.5384,"reported, not observed",api.foxbit.com.br/rest/v3/markets/usdtbrl/candlesticks
2025-12-24T00:00:00Z,Foxbit,BRL,usdtbrl,1d,5.5402,"reported, not observed",api.foxbit.com.br/rest/v3/markets/usdtbrl/candlesticks
2025-12-25T00:00:00Z,Foxbit,BRL,usdtbrl,1d,5.5409,"reported, not observed",api.foxbit.com.br/rest/v3/markets/usdtbrl/candlesticks
2025-12-26T00:00:00Z,Foxbit,BRL,usdtbrl,1d,5.5542,"reported, not observed",api.foxbit.com.br/rest/v3/markets/usdtbrl/candlesticks
2025-12-27T00:00:00Z,Foxbit,BRL,usdtbrl,1d,5.5498,"reported, not observed",api.foxbit.com.br/rest/v3/markets/usdtbrl/candlesticks
2025-12-28T00:00:00Z,Foxbit,BRL,usdtbrl,1d,5.5435,"reported, not observed",api.foxbit.com.br/rest/v3/markets/usdtbrl/candlesticks
2025-12-29T00:00:00Z,Foxbit,BRL,usdtbrl,1d,5.5759,"reported, not observed",api.foxbit.com.br/rest/v3/markets/usdtbrl/candlesticks
2025-12-30T00:00:00Z,Foxbit,BRL,usdtbrl,1d,5.5002,"reported, not observed",api.foxbit.com.br/rest/v3/markets/usdtbrl/candlesticks
2025-12-31T00:00:00Z,Foxbit,BRL,usdtbrl,1d,5.5002,"reported, not observed",api.foxbit.com.br/rest/v3/markets/usdtbrl/candlesticks
2026-01-01T00:00:00Z,Foxbit,BRL,usdtbrl,1d,5.5052,"reported, not observed",api.foxbit.com.br/rest/v3/markets/usdtbrl/candlesticks
2026-01-02T00:00:00Z,Foxbit,BRL,usdtbrl,1d,5.4397,"reported, not observed",api.foxbit.com.br/rest/v3/markets/usdtbrl/candlesticks
2026-01-03T00:00:00Z,Foxbit,BRL,usdtbrl,1d,5.4374,"reported, not observed",api.foxbit.com.br/rest/v3/markets/usdtbrl/candlesticks
2026-01-04T00:00:00Z,Foxbit,BRL,usdtbrl,1d,5.4406,"reported, not observed",api.foxbit.com.br/rest/v3/markets/usdtbrl/candlesticks
2026-01-05T00:00:00Z,Foxbit,BRL,usdtbrl,1d,5.4128,"reported, not observed",api.foxbit.com.br/rest/v3/markets/usdtbrl/candlesticks
2026-01-06T00:00:00Z,Foxbit,BRL,usdtbrl,1d,5.383,"reported, not observed",api.foxbit.com.br/rest/v3/markets/usdtbrl/candlesticks
2026-01-07T00:00:00Z,Foxbit,BRL,usdtbrl,1d,5.3967,"reported, not observed",api.foxbit.com.br/rest/v3/markets/usdtbrl/candlesticks
2026-01-08T00:00:00Z,Foxbit,BRL,usdtbrl,1d,5.3922,"reported, not observed",api.foxbit.com.br/rest/v3/markets/usdtbrl/candlesticks
2026-01-09T00:00:00Z,Foxbit,BRL,usdtbrl,1d,5.3884,"reported, not observed",api.foxbit.com.br/rest/v3/markets/usdtbrl/candlesticks
2026-01-10T00:00:00Z,Foxbit,BRL,usdtbrl,1d,5.382,"reported, not observed",api.foxbit.com.br/rest/v3/markets/usdtbrl/candlesticks
2026-01-11T00:00:00Z,Foxbit,BRL,usdtbrl,1d,5.382,"reported, not observed",api.foxbit.com.br/rest/v3/markets/usdtbrl/candlesticks
2026-01-12T00:00:00Z,Foxbit,BRL,usdtbrl,1d,5.3782,"reported, not observed",api.foxbit.com.br/rest/v3/markets/usdtbrl/candlesticks
2026-01-13T00:00:00Z,Foxbit,BRL,usdtbrl,1d,5.3808,"reported, not observed",api.foxbit.com.br/rest/v3/markets/usdtbrl/candlesticks
2026-01-14T00:00:00Z,Foxbit,BRL,usdtbrl,1d,5.397,"reported, not observed",api.foxbit.com.br/rest/v3/markets/usdtbrl/candlesticks
2026-01-15T00:00:00Z,Foxbit,BRL,usdtbrl,1d,5.3726,"reported, not observed",api.foxbit.com.br/rest/v3/markets/usdtbrl/candlesticks
2026-01-16T00:00:00Z,Foxbit,BRL,usdtbrl,1d,5.3887,"reported, not observed",api.foxbit.com.br/rest/v3/markets/usdtbrl/candlesticks
2026-01-17T00:00:00Z,Foxbit,BRL,usdtbrl,1d,5.3873,"reported, not observed",api.foxbit.com.br/rest/v3/markets/usdtbrl/candlesticks
2026-01-18T00:00:00Z,Foxbit,BRL,usdtbrl,1d,5.3837,"reported, not observed",api.foxbit.com.br/rest/v3/markets/usdtbrl/candlesticks
2026-01-19T00:00:00Z,Foxbit,BRL,usdtbrl,1d,5.3793,"reported, not observed",api.foxbit.com.br/rest/v3/markets/usdtbrl/candlesticks
2026-01-20T00:00:00Z,Foxbit,BRL,usdtbrl,1d,5.386,"reported, not observed",api.foxbit.com.br/rest/v3/markets/usdtbrl/candlesticks
2026-01-21T00:00:00Z,Foxbit,BRL,usdtbrl,1d,5.3232,"reported, not observed",api.foxbit.com.br/rest/v3/markets/usdtbrl/candlesticks
2026-01-22T00:00:00Z,Foxbit,BRL,usdtbrl,1d,5.2911,"reported, not observed",api.foxbit.com.br/rest/v3/markets/usdtbrl/candlesticks
2026-01-23T00:00:00Z,Foxbit,BRL,usdtbrl,1d,5.2994,"reported, not observed",api.foxbit.com.br/rest/v3/markets/usdtbrl/candlesticks
2026-01-24T00:00:00Z,Foxbit,BRL,usdtbrl,1d,5.2989,"reported, not observed",api.foxbit.com.br/rest/v3/markets/usdtbrl/candlesticks
2026-01-25T00:00:00Z,Foxbit,BRL,usdtbrl,1d,5.3017,"reported, not observed",api.foxbit.com.br/rest/v3/markets/usdtbrl/candlesticks
2026-01-26T00:00:00Z,Foxbit,BRL,usdtbrl,1d,5.2821,"reported, not observed",api.foxbit.com.br/rest/v3/markets/usdtbrl/candlesticks
2026-01-27T00:00:00Z,Foxbit,BRL,usdtbrl,1d,5.1831,"reported, not observed",api.foxbit.com.br/rest/v3/markets/usdtbrl/candlesticks
2026-01-28T00:00:00Z,Foxbit,BRL,usdtbrl,1d,5.1985,"reported, not observed",api.foxbit.com.br/rest/v3/markets/usdtbrl/candlesticks
2026-01-29T00:00:00Z,Foxbit,BRL,usdtbrl,1d,5.201,"reported, not observed",api.foxbit.com.br/rest/v3/markets/usdtbrl/candlesticks
2026-01-30T00:00:00Z,Foxbit,BRL,usdtbrl,1d,5.2719,"reported, not observed",api.foxbit.com.br/rest/v3/markets/usdtbrl/candlesticks
2026-01-31T00:00:00Z,Foxbit,BRL,usdtbrl,1d,5.28,"reported, not observed",api.foxbit.com.br/rest/v3/markets/usdtbrl/candlesticks
2026-02-01T00:00:00Z,Foxbit,BRL,usdtbrl,1d,5.2876,"reported, not observed",api.foxbit.com.br/rest/v3/markets/usdtbrl/candlesticks
2026-02-02T00:00:00Z,Foxbit,BRL,usdtbrl,1d,5.27,"reported, not observed",api.foxbit.com.br/rest/v3/markets/usdtbrl/candlesticks
2026-02-03T00:00:00Z,Foxbit,BRL,usdtbrl,1d,5.2418,"reported, not observed",api.foxbit.com.br/rest/v3/markets/usdtbrl/candlesticks
2026-02-04T00:00:00Z,Foxbit,BRL,usdtbrl,1d,5.2433,"reported, not observed",api.foxbit.com.br/rest/v3/markets/usdtbrl/candlesticks
2026-02-05T00:00:00Z,Foxbit,BRL,usdtbrl,1d,5.2858,"reported, not observed",api.foxbit.com.br/rest/v3/markets/usdtbrl/candlesticks
2026-02-06T00:00:00Z,Foxbit,BRL,usdtbrl,1d,5.241,"reported, not observed",api.foxbit.com.br/rest/v3/markets/usdtbrl/candlesticks
2026-02-07T00:00:00Z,Foxbit,BRL,usdtbrl,1d,5.2461,"reported, not observed",api.foxbit.com.br/rest/v3/markets/usdtbrl/candlesticks
2026-02-08T00:00:00Z,Foxbit,BRL,usdtbrl,1d,5.2496,"reported, not observed",api.foxbit.com.br/rest/v3/markets/usdtbrl/candlesticks
2026-02-09T00:00:00Z,Foxbit,BRL,usdtbrl,1d,5.1995,"reported, not observed",api.foxbit.com.br/rest/v3/markets/usdtbrl/candlesticks
2026-02-10T00:00:00Z,Foxbit,BRL,usdtbrl,1d,5.2014,"reported, not observed",api.foxbit.com.br/rest/v3/markets/usdtbrl/candlesticks
2026-02-11T00:00:00Z,Foxbit,BRL,usdtbrl,1d,5.1917,"reported, not observed",api.foxbit.com.br/rest/v3/markets/usdtbrl/candlesticks
2026-02-12T00:00:00Z,Foxbit,BRL,usdtbrl,1d,5.2154,"reported, not observed",api.foxbit.com.br/rest/v3/markets/usdtbrl/candlesticks
2026-02-13T00:00:00Z,Foxbit,BRL,usdtbrl,1d,5.2359,"reported, not observed",api.foxbit.com.br/rest/v3/markets/usdtbrl/candlesticks
2026-02-14T00:00:00Z,Foxbit,BRL,usdtbrl,1d,5.2378,"reported, not observed",api.foxbit.com.br/rest/v3/markets/usdtbrl/candlesticks
2026-02-15T00:00:00Z,Foxbit,BRL,usdtbrl,1d,5.2326,"reported, not observed",api.foxbit.com.br/rest/v3/markets/usdtbrl/candlesticks
2026-02-16T00:00:00Z,Foxbit,BRL,usdtbrl,1d,5.2309,"reported, not observed",api.foxbit.com.br/rest/v3/markets/usdtbrl/candlesticks
2026-02-17T00:00:00Z,Foxbit,BRL,usdtbrl,1d,5.2465,"reported, not observed",api.foxbit.com.br/rest/v3/markets/usdtbrl/candlesticks
2026-02-18T00:00:00Z,Foxbit,BRL,usdtbrl,1d,5.2431,"reported, not observed",api.foxbit.com.br/rest/v3/markets/usdtbrl/candlesticks
2026-02-19T00:00:00Z,Foxbit,BRL,usdtbrl,1d,5.2172,"reported, not observed",api.foxbit.com.br/rest/v3/markets/usdtbrl/candlesticks
2026-02-20T00:00:00Z,Foxbit,BRL,usdtbrl,1d,5.1923,"reported, not observed",api.foxbit.com.br/rest/v3/markets/usdtbrl/candlesticks
2026-02-21T00:00:00Z,Foxbit,BRL,usdtbrl,1d,5.1915,"reported, not observed",api.foxbit.com.br/rest/v3/markets/usdtbrl/candlesticks
2026-02-22T00:00:00Z,Foxbit,BRL,usdtbrl,1d,5.1798,"reported, not observed",api.foxbit.com.br/rest/v3/markets/usdtbrl/candlesticks
2026-02-23T00:00:00Z,Foxbit,BRL,usdtbrl,1d,5.1757,"reported, not observed",api.foxbit.com.br/rest/v3/markets/usdtbrl/candlesticks
2026-02-24T00:00:00Z,Foxbit,BRL,usdtbrl,1d,5.1626,"reported, not observed",api.foxbit.com.br/rest/v3/markets/usdtbrl/candlesticks
2026-02-25T00:00:00Z,Foxbit,BRL,usdtbrl,1d,5.1324,"reported, not observed",api.foxbit.com.br/rest/v3/markets/usdtbrl/candlesticks
2026-02-26T00:00:00Z,Foxbit,BRL,usdtbrl,1d,5.1379,"reported, not observed",api.foxbit.com.br/rest/v3/markets/usdtbrl/candlesticks
2026-02-27T00:00:00Z,Foxbit,BRL,usdtbrl,1d,5.1504,"reported, not observed",api.foxbit.com.br/rest/v3/markets/usdtbrl/candlesticks
2026-02-28T00:00:00Z,Foxbit,BRL,usdtbrl,1d,5.1485,"reported, not observed",api.foxbit.com.br/rest/v3/markets/usdtbrl/candlesticks
2026-03-01T00:00:00Z,Foxbit,BRL,usdtbrl,1d,5.1484,"reported, not observed",api.foxbit.com.br/rest/v3/markets/usdtbrl/candlesticks
2026-03-02T00:00:00Z,Foxbit,BRL,usdtbrl,1d,5.1763,"reported, not observed",api.foxbit.com.br/rest/v3/markets/usdtbrl/candlesticks
2026-03-03T00:00:00Z,Foxbit,BRL,usdtbrl,1d,5.285,"reported, not observed",api.foxbit.com.br/rest/v3/markets/usdtbrl/candlesticks
2026-03-04T00:00:00Z,Foxbit,BRL,usdtbrl,1d,5.2387,"reported, not observed",api.foxbit.com.br/rest/v3/markets/usdtbrl/candlesticks
2026-03-05T00:00:00Z,Foxbit,BRL,usdtbrl,1d,5.2794,"reported, not observed",api.foxbit.com.br/rest/v3/markets/usdtbrl/candlesticks
2026-03-06T00:00:00Z,Foxbit,BRL,usdtbrl,1d,5.2749,"reported, not observed",api.foxbit.com.br/rest/v3/markets/usdtbrl/candlesticks
2026-03-07T00:00:00Z,Foxbit,BRL,usdtbrl,1d,5.2825,"reported, not observed",api.foxbit.com.br/rest/v3/markets/usdtbrl/candlesticks
2026-03-08T00:00:00Z,Foxbit,BRL,usdtbrl,1d,5.2899,"reported, not observed",api.foxbit.com.br/rest/v3/markets/usdtbrl/candlesticks
2026-03-09T00:00:00Z,Foxbit,BRL,usdtbrl,1d,5.1823,"reported, not observed",api.foxbit.com.br/rest/v3/markets/usdtbrl/candlesticks
2026-03-10T00:00:00Z,Foxbit,BRL,usdtbrl,1d,5.1706,"reported, not observed",api.foxbit.com.br/rest/v3/markets/usdtbrl/candlesticks
2026-03-11T00:00:00Z,Foxbit,BRL,usdtbrl,1d,5.1752,"reported, not observed",api.foxbit.com.br/rest/v3/markets/usdtbrl/candlesticks
2026-03-12T00:00:00Z,Foxbit,BRL,usdtbrl,1d,5.2526,"reported, not observed",api.foxbit.com.br/rest/v3/markets/usdtbrl/candlesticks
2026-03-13T00:00:00Z,Foxbit,BRL,usdtbrl,1d,5.34,"reported, not observed",api.foxbit.com.br/rest/v3/markets/usdtbrl/candlesticks
2026-03-14T00:00:00Z,Foxbit,BRL,usdtbrl,1d,5.3436,"reported, not observed",api.foxbit.com.br/rest/v3/markets/usdtbrl/candlesticks
2026-03-15T00:00:00Z,Foxbit,BRL,usdtbrl,1d,5.3192,"reported, not observed",api.foxbit.com.br/rest/v3/markets/usdtbrl/candlesticks
2026-03-16T00:00:00Z,Foxbit,BRL,usdtbrl,1d,5.2377,"reported, not observed",api.foxbit.com.br/rest/v3/markets/usdtbrl/candlesticks
2026-03-17T00:00:00Z,Foxbit,BRL,usdtbrl,1d,5.2011,"reported, not observed",api.foxbit.com.br/rest/v3/markets/usdtbrl/candlesticks
2026-03-18T00:00:00Z,Foxbit,BRL,usdtbrl,1d,5.258,"reported, not observed",api.foxbit.com.br/rest/v3/markets/usdtbrl/candlesticks
2026-03-19T00:00:00Z,Foxbit,BRL,usdtbrl,1d,5.2263,"reported, not observed",api.foxbit.com.br/rest/v3/markets/usdtbrl/candlesticks
2026-03-20T00:00:00Z,Foxbit,BRL,usdtbrl,1d,5.3104,"reported, not observed",api.foxbit.com.br/rest/v3/markets/usdtbrl/candlesticks
2026-03-21T00:00:00Z,Foxbit,BRL,usdtbrl,1d,5.3166,"reported, not observed",api.foxbit.com.br/rest/v3/markets/usdtbrl/candlesticks
2026-03-22T00:00:00Z,Foxbit,BRL,usdtbrl,1d,5.3169,"reported, not observed",api.foxbit.com.br/rest/v3/markets/usdtbrl/candlesticks
2026-03-23T00:00:00Z,Foxbit,BRL,usdtbrl,1d,5.2418,"reported, not observed",api.foxbit.com.br/rest/v3/markets/usdtbrl/candlesticks
2026-03-24T00:00:00Z,Foxbit,BRL,usdtbrl,1d,5.2385,"reported, not observed",api.foxbit.com.br/rest/v3/markets/usdtbrl/candlesticks
2026-03-25T00:00:00Z,Foxbit,BRL,usdtbrl,1d,5.231,"reported, not observed",api.foxbit.com.br/rest/v3/markets/usdtbrl/candlesticks
2026-03-26T00:00:00Z,Foxbit,BRL,usdtbrl,1d,5.2457,"reported, not observed",api.foxbit.com.br/rest/v3/markets/usdtbrl/candlesticks
2026-03-27T00:00:00Z,Foxbit,BRL,usdtbrl,1d,5.2526,"reported, not observed",api.foxbit.com.br/rest/v3/markets/usdtbrl/candlesticks
2026-03-28T00:00:00Z,Foxbit,BRL,usdtbrl,1d,5.2545,"reported, not observed",api.foxbit.com.br/rest/v3/markets/usdtbrl/candlesticks
2026-03-29T00:00:00Z,Foxbit,BRL,usdtbrl,1d,5.2476,"reported, not observed",api.foxbit.com.br/rest/v3/markets/usdtbrl/candlesticks
2026-03-30T00:00:00Z,Foxbit,BRL,usdtbrl,1d,5.2563,"reported, not observed",api.foxbit.com.br/rest/v3/markets/usdtbrl/candlesticks
2026-03-31T00:00:00Z,Foxbit,BRL,usdtbrl,1d,5.1807,"reported, not observed",api.foxbit.com.br/rest/v3/markets/usdtbrl/candlesticks
2026-04-01T00:00:00Z,Foxbit,BRL,usdtbrl,1d,5.1624,"reported, not observed",api.foxbit.com.br/rest/v3/markets/usdtbrl/candlesticks
2026-04-02T00:00:00Z,Foxbit,BRL,usdtbrl,1d,5.1742,"reported, not observed",api.foxbit.com.br/rest/v3/markets/usdtbrl/candlesticks
2026-04-03T00:00:00Z,Foxbit,BRL,usdtbrl,1d,5.1781,"reported, not observed",api.foxbit.com.br/rest/v3/markets/usdtbrl/candlesticks
2026-04-04T00:00:00Z,Foxbit,BRL,usdtbrl,1d,5.1769,"reported, not observed",api.foxbit.com.br/rest/v3/markets/usdtbrl/candlesticks
2026-04-05T00:00:00Z,Foxbit,BRL,usdtbrl,1d,5.1676,"reported, not observed",api.foxbit.com.br/rest/v3/markets/usdtbrl/candlesticks
2026-04-06T00:00:00Z,Foxbit,BRL,usdtbrl,1d,5.149,"reported, not observed",api.foxbit.com.br/rest/v3/markets/usdtbrl/candlesticks
2026-04-07T00:00:00Z,Foxbit,BRL,usdtbrl,1d,5.1382,"reported, not observed",api.foxbit.com.br/rest/v3/markets/usdtbrl/candlesticks
2026-04-08T00:00:00Z,Foxbit,BRL,usdtbrl,1d,5.1072,"reported, not observed",api.foxbit.com.br/rest/v3/markets/usdtbrl/candlesticks
2026-04-09T00:00:00Z,Foxbit,BRL,usdtbrl,1d,5.0701,"reported, not observed",api.foxbit.com.br/rest/v3/markets/usdtbrl/candlesticks
2026-04-10T00:00:00Z,Foxbit,BRL,usdtbrl,1d,5.0288,"reported, not observed",api.foxbit.com.br/rest/v3/markets/usdtbrl/candlesticks
2026-04-11T00:00:00Z,Foxbit,BRL,usdtbrl,1d,5.0272,"reported, not observed",api.foxbit.com.br/rest/v3/markets/usdtbrl/candlesticks
2026-04-12T00:00:00Z,Foxbit,BRL,usdtbrl,1d,5.0387,"reported, not observed",api.foxbit.com.br/rest/v3/markets/usdtbrl/candlesticks
2026-04-13T00:00:00Z,Foxbit,BRL,usdtbrl,1d,5.0013,"reported, not observed",api.foxbit.com.br/rest/v3/markets/usdtbrl/candlesticks
2026-04-14T00:00:00Z,Foxbit,BRL,usdtbrl,1d,4.9951,"reported, not observed",api.foxbit.com.br/rest/v3/markets/usdtbrl/candlesticks
2026-04-15T00:00:00Z,Foxbit,BRL,usdtbrl,1d,5.0015,"reported, not observed",api.foxbit.com.br/rest/v3/markets/usdtbrl/candlesticks
2026-04-16T00:00:00Z,Foxbit,BRL,usdtbrl,1d,5.0017,"reported, not observed",api.foxbit.com.br/rest/v3/markets/usdtbrl/candlesticks
2026-04-17T00:00:00Z,Foxbit,BRL,usdtbrl,1d,4.9959,"reported, not observed",api.foxbit.com.br/rest/v3/markets/usdtbrl/candlesticks
2026-04-18T00:00:00Z,Foxbit,BRL,usdtbrl,1d,4.9978,"reported, not observed",api.foxbit.com.br/rest/v3/markets/usdtbrl/candlesticks
2026-04-19T00:00:00Z,Foxbit,BRL,usdtbrl,1d,4.9933,"reported, not observed",api.foxbit.com.br/rest/v3/markets/usdtbrl/candlesticks
2026-04-20T00:00:00Z,Foxbit,BRL,usdtbrl,1d,4.9703,"reported, not observed",api.foxbit.com.br/rest/v3/markets/usdtbrl/candlesticks
2026-04-21T00:00:00Z,Foxbit,BRL,usdtbrl,1d,4.9912,"reported, not observed",api.foxbit.com.br/rest/v3/markets/usdtbrl/candlesticks
2026-04-22T00:00:00Z,Foxbit,BRL,usdtbrl,1d,4.9721,"reported, not observed",api.foxbit.com.br/rest/v3/markets/usdtbrl/candlesticks
2026-04-23T00:00:00Z,Foxbit,BRL,usdtbrl,1d,5.0303,"reported, not observed",api.foxbit.com.br/rest/v3/markets/usdtbrl/candlesticks
2026-04-24T00:00:00Z,Foxbit,BRL,usdtbrl,1d,5.0045,"reported, not observed",api.foxbit.com.br/rest/v3/markets/usdtbrl/candlesticks
2026-04-25T00:00:00Z,Foxbit,BRL,usdtbrl,1d,5.0078,"reported, not observed",api.foxbit.com.br/rest/v3/markets/usdtbrl/candlesticks
2026-04-26T00:00:00Z,Foxbit,BRL,usdtbrl,1d,5.0039,"reported, not observed",api.foxbit.com.br/rest/v3/markets/usdtbrl/candlesticks
2026-04-27T00:00:00Z,Foxbit,BRL,usdtbrl,1d,4.9858,"reported, not observed",api.foxbit.com.br/rest/v3/markets/usdtbrl/candlesticks
2026-04-28T00:00:00Z,Foxbit,BRL,usdtbrl,1d,4.9804,"reported, not observed",api.foxbit.com.br/rest/v3/markets/usdtbrl/candlesticks
2026-04-29T00:00:00Z,Foxbit,BRL,usdtbrl,1d,5.0066,"reported, not observed",api.foxbit.com.br/rest/v3/markets/usdtbrl/candlesticks
2026-04-30T00:00:00Z,Foxbit,BRL,usdtbrl,1d,4.9645,"reported, not observed",api.foxbit.com.br/rest/v3/markets/usdtbrl/candlesticks
2026-05-01T00:00:00Z,Foxbit,BRL,usdtbrl,1d,4.9655,"reported, not observed",api.foxbit.com.br/rest/v3/markets/usdtbrl/candlesticks
2026-05-02T00:00:00Z,Foxbit,BRL,usdtbrl,1d,4.9637,"reported, not observed",api.foxbit.com.br/rest/v3/markets/usdtbrl/candlesticks
2026-05-03T00:00:00Z,Foxbit,BRL,usdtbrl,1d,4.9609,"reported, not observed",api.foxbit.com.br/rest/v3/markets/usdtbrl/candlesticks
2026-05-04T00:00:00Z,Foxbit,BRL,usdtbrl,1d,4.9735,"reported, not observed",api.foxbit.com.br/rest/v3/markets/usdtbrl/candlesticks
2026-05-05T00:00:00Z,Foxbit,BRL,usdtbrl,1d,4.9157,"reported, not observed",api.foxbit.com.br/rest/v3/markets/usdtbrl/candlesticks
2026-05-06T00:00:00Z,Foxbit,BRL,usdtbrl,1d,4.9291,"reported, not observed",api.foxbit.com.br/rest/v3/markets/usdtbrl/candlesticks
2026-05-07T00:00:00Z,Foxbit,BRL,usdtbrl,1d,4.939,"reported, not observed",api.foxbit.com.br/rest/v3/markets/usdtbrl/candlesticks
2026-05-08T00:00:00Z,Foxbit,BRL,usdtbrl,1d,4.9062,"reported, not observed",api.foxbit.com.br/rest/v3/markets/usdtbrl/candlesticks
2026-05-09T00:00:00Z,Foxbit,BRL,usdtbrl,1d,4.9066,"reported, not observed",api.foxbit.com.br/rest/v3/markets/usdtbrl/candlesticks
2026-05-10T00:00:00Z,Foxbit,BRL,usdtbrl,1d,4.9117,"reported, not observed",api.foxbit.com.br/rest/v3/markets/usdtbrl/candlesticks
2026-05-11T00:00:00Z,Foxbit,BRL,usdtbrl,1d,4.9001,"reported, not observed",api.foxbit.com.br/rest/v3/markets/usdtbrl/candlesticks
2026-05-12T00:00:00Z,Foxbit,BRL,usdtbrl,1d,4.9046,"reported, not observed",api.foxbit.com.br/rest/v3/markets/usdtbrl/candlesticks
2026-05-13T00:00:00Z,Foxbit,BRL,usdtbrl,1d,5.0147,"reported, not observed",api.foxbit.com.br/rest/v3/markets/usdtbrl/candlesticks
2026-05-14T00:00:00Z,Foxbit,BRL,usdtbrl,1d,4.9983,"reported, not observed",api.foxbit.com.br/rest/v3/markets/usdtbrl/candlesticks
2026-05-15T00:00:00Z,Foxbit,BRL,usdtbrl,1d,5.0718,"reported, not observed",api.foxbit.com.br/rest/v3/markets/usdtbrl/candlesticks
2026-05-16T00:00:00Z,Foxbit,BRL,usdtbrl,1d,5.0701,"reported, not observed",api.foxbit.com.br/rest/v3/markets/usdtbrl/candlesticks
2026-05-17T00:00:00Z,Foxbit,BRL,usdtbrl,1d,5.0685,"reported, not observed",api.foxbit.com.br/rest/v3/markets/usdtbrl/candlesticks
2026-05-18T00:00:00Z,Foxbit,BRL,usdtbrl,1d,5.0065,"reported, not observed",api.foxbit.com.br/rest/v3/markets/usdtbrl/candlesticks
2026-05-19T00:00:00Z,Foxbit,BRL,usdtbrl,1d,5.0528,"reported, not observed",api.foxbit.com.br/rest/v3/markets/usdtbrl/candlesticks
2026-05-20T00:00:00Z,Foxbit,BRL,usdtbrl,1d,5.0042,"reported, not observed",api.foxbit.com.br/rest/v3/markets/usdtbrl/candlesticks
2026-05-21T00:00:00Z,Foxbit,BRL,usdtbrl,1d,5.0055,"reported, not observed",api.foxbit.com.br/rest/v3/markets/usdtbrl/candlesticks
2026-05-22T00:00:00Z,Foxbit,BRL,usdtbrl,1d,5.0559,"reported, not observed",api.foxbit.com.br/rest/v3/markets/usdtbrl/candlesticks
2026-05-23T00:00:00Z,Foxbit,BRL,usdtbrl,1d,5.0535,"reported, not observed",api.foxbit.com.br/rest/v3/markets/usdtbrl/candlesticks
2026-05-24T00:00:00Z,Foxbit,BRL,usdtbrl,1d,5.0227,"reported, not observed",api.foxbit.com.br/rest/v3/markets/usdtbrl/candlesticks
2026-05-25T00:00:00Z,Foxbit,BRL,usdtbrl,1d,5.0398,"reported, not observed",api.foxbit.com.br/rest/v3/markets/usdtbrl/candlesticks
2026-05-26T00:00:00Z,Foxbit,BRL,usdtbrl,1d,5.0459,"reported, not observed",api.foxbit.com.br/rest/v3/markets/usdtbrl/candlesticks
2026-05-27T00:00:00Z,Foxbit,BRL,usdtbrl,1d,5.064,"reported, not observed",api.foxbit.com.br/rest/v3/markets/usdtbrl/candlesticks
2026-05-28T00:00:00Z,Foxbit,BRL,usdtbrl,1d,5.0519,"reported, not observed",api.foxbit.com.br/rest/v3/markets/usdtbrl/candlesticks
2026-05-29T00:00:00Z,Foxbit,BRL,usdtbrl,1d,5.0495,"reported, not observed",api.foxbit.com.br/rest/v3/markets/usdtbrl/candlesticks
2026-05-30T00:00:00Z,Foxbit,BRL,usdtbrl,1d,5.057,"reported, not observed",api.foxbit.com.br/rest/v3/markets/usdtbrl/candlesticks
2026-05-31T00:00:00Z,Foxbit,BRL,usdtbrl,1d,5.0606,"reported, not observed",api.foxbit.com.br/rest/v3/markets/usdtbrl/candlesticks
2026-06-01T00:00:00Z,Foxbit,BRL,usdtbrl,1d,5.0281,"reported, not observed",api.foxbit.com.br/rest/v3/markets/usdtbrl/candlesticks
2026-06-02T00:00:00Z,Foxbit,BRL,usdtbrl,1d,5.0167,"reported, not observed",api.foxbit.com.br/rest/v3/markets/usdtbrl/candlesticks
2026-06-03T00:00:00Z,Foxbit,BRL,usdtbrl,1d,5.0743,"reported, not observed",api.foxbit.com.br/rest/v3/markets/usdtbrl/candlesticks
2026-06-04T00:00:00Z,Foxbit,BRL,usdtbrl,1d,5.0745,"reported, not observed",api.foxbit.com.br/rest/v3/markets/usdtbrl/candlesticks
2026-06-05T00:00:00Z,Foxbit,BRL,usdtbrl,1d,5.1938,"reported, not observed",api.foxbit.com.br/rest/v3/markets/usdtbrl/candlesticks
2026-06-06T00:00:00Z,Foxbit,BRL,usdtbrl,1d,5.2027,"reported, not observed",api.foxbit.com.br/rest/v3/markets/usdtbrl/candlesticks
2026-06-07T00:00:00Z,Foxbit,BRL,usdtbrl,1d,5.1978,"reported, not observed",api.foxbit.com.br/rest/v3/markets/usdtbrl/candlesticks
2026-06-08T00:00:00Z,Foxbit,BRL,usdtbrl,1d,5.1948,"reported, not observed",api.foxbit.com.br/rest/v3/markets/usdtbrl/candlesticks
2026-06-09T00:00:00Z,Foxbit,BRL,usdtbrl,1d,5.1842,"reported, not observed",api.foxbit.com.br/rest/v3/markets/usdtbrl/candlesticks
2026-06-10T00:00:00Z,Foxbit,BRL,usdtbrl,1d,5.1919,"reported, not observed",api.foxbit.com.br/rest/v3/markets/usdtbrl/candlesticks
2026-06-11T00:00:00Z,Foxbit,BRL,usdtbrl,1d,5.108,"reported, not observed",api.foxbit.com.br/rest/v3/markets/usdtbrl/candlesticks
2026-06-12T00:00:00Z,Foxbit,BRL,usdtbrl,1d,5.0828,"reported, not observed",api.foxbit.com.br/rest/v3/markets/usdtbrl/candlesticks
2026-06-13T00:00:00Z,Foxbit,BRL,usdtbrl,1d,5.0766,"reported, not observed",api.foxbit.com.br/rest/v3/markets/usdtbrl/candlesticks
2026-06-14T00:00:00Z,Foxbit,BRL,usdtbrl,1d,5.06,"reported, not observed",api.foxbit.com.br/rest/v3/markets/usdtbrl/candlesticks
2026-06-15T00:00:00Z,Foxbit,BRL,usdtbrl,1d,5.0694,"reported, not observed",api.foxbit.com.br/rest/v3/markets/usdtbrl/candlesticks
2026-06-16T00:00:00Z,Foxbit,BRL,usdtbrl,1d,5.0952,"reported, not observed",api.foxbit.com.br/rest/v3/markets/usdtbrl/candlesticks
2026-06-17T00:00:00Z,Foxbit,BRL,usdtbrl,1d,5.1181,"reported, not observed",api.foxbit.com.br/rest/v3/markets/usdtbrl/candlesticks
2026-06-18T00:00:00Z,Foxbit,BRL,usdtbrl,1d,5.1722,"reported, not observed",api.foxbit.com.br/rest/v3/markets/usdtbrl/candlesticks
2026-06-19T00:00:00Z,Foxbit,BRL,usdtbrl,1d,5.1656,"reported, not observed",api.foxbit.com.br/rest/v3/markets/usdtbrl/candlesticks
2026-06-20T00:00:00Z,Foxbit,BRL,usdtbrl,1d,5.1674,"reported, not observed",api.foxbit.com.br/rest/v3/markets/usdtbrl/candlesticks
2026-06-21T00:00:00Z,Foxbit,BRL,usdtbrl,1d,5.1663,"reported, not observed",api.foxbit.com.br/rest/v3/markets/usdtbrl/candlesticks
2026-06-22T00:00:00Z,Foxbit,BRL,usdtbrl,1d,5.1534,"reported, not observed",api.foxbit.com.br/rest/v3/markets/usdtbrl/candlesticks
2026-06-23T00:00:00Z,Foxbit,BRL,usdtbrl,1d,5.2115,"reported, not observed",api.foxbit.com.br/rest/v3/markets/usdtbrl/candlesticks
2026-06-24T00:00:00Z,Foxbit,BRL,usdtbrl,1d,5.2777,"reported, not observed",api.foxbit.com.br/rest/v3/markets/usdtbrl/candlesticks
2026-06-25T00:00:00Z,Foxbit,BRL,usdtbrl,1d,5.2391,"reported, not observed",api.foxbit.com.br/rest/v3/markets/usdtbrl/candlesticks
2026-06-26T00:00:00Z,Foxbit,BRL,usdtbrl,1d,5.2513,"reported, not observed",api.foxbit.com.br/rest/v3/markets/usdtbrl/candlesticks
2026-06-27T00:00:00Z,Foxbit,BRL,usdtbrl,1d,5.2494,"reported, not observed",api.foxbit.com.br/rest/v3/markets/usdtbrl/candlesticks
2026-06-28T00:00:00Z,Foxbit,BRL,usdtbrl,1d,5.2312,"reported, not observed",api.foxbit.com.br/rest/v3/markets/usdtbrl/candlesticks
2026-06-29T00:00:00Z,Foxbit,BRL,usdtbrl,1d,5.2269,"reported, not observed",api.foxbit.com.br/rest/v3/markets/usdtbrl/candlesticks
2026-06-30T00:00:00Z,Foxbit,BRL,usdtbrl,1d,5.2499,"reported, not observed",api.foxbit.com.br/rest/v3/markets/usdtbrl/candlesticks
2026-07-01T00:00:00Z,Foxbit,BRL,usdtbrl,1d,5.2645,"reported, not observed",api.foxbit.com.br/rest/v3/markets/usdtbrl/candlesticks
2026-07-02T00:00:00Z,Foxbit,BRL,usdtbrl,1d,5.2596,"reported, not observed",api.foxbit.com.br/rest/v3/markets/usdtbrl/candlesticks
2026-07-03T00:00:00Z,Foxbit,BRL,usdtbrl,1d,5.2879,"reported, not observed",api.foxbit.com.br/rest/v3/markets/usdtbrl/candlesticks
2026-07-04T00:00:00Z,Foxbit,BRL,usdtbrl,1d,5.2697,"reported, not observed",api.foxbit.com.br/rest/v3/markets/usdtbrl/candlesticks
2026-07-05T00:00:00Z,Foxbit,BRL,usdtbrl,1d,5.2709,"reported, not observed",api.foxbit.com.br/rest/v3/markets/usdtbrl/candlesticks
2026-07-06T00:00:00Z,Foxbit,BRL,usdtbrl,1d,5.2232,"reported, not observed",api.foxbit.com.br/rest/v3/markets/usdtbrl/candlesticks
2026-07-07T00:00:00Z,Foxbit,BRL,usdtbrl,1d,5.2366,"reported, not observed",api.foxbit.com.br/rest/v3/markets/usdtbrl/candlesticks
2026-07-08T00:00:00Z,Foxbit,BRL,usdtbrl,1d,5.2079,"reported, not observed",api.foxbit.com.br/rest/v3/markets/usdtbrl/candlesticks
2026-07-09T00:00:00Z,Foxbit,BRL,usdtbrl,1d,5.1574,"reported, not observed",api.foxbit.com.br/rest/v3/markets/usdtbrl/candlesticks
2026-07-10T00:00:00Z,Foxbit,BRL,usdtbrl,1d,5.1536,"reported, not observed",api.foxbit.com.br/rest/v3/markets/usdtbrl/candlesticks
2026-07-11T00:00:00Z,Foxbit,BRL,usdtbrl,1d,5.162,"reported, not observed",api.foxbit.com.br/rest/v3/markets/usdtbrl/candlesticks
2026-07-12T00:00:00Z,Foxbit,BRL,usdtbrl,1d,5.15,"reported, not observed",api.foxbit.com.br/rest/v3/markets/usdtbrl/candlesticks
2026-07-13T00:00:00Z,Foxbit,BRL,usdtbrl,1d,5.1732,"reported, not observed",api.foxbit.com.br/rest/v3/markets/usdtbrl/candlesticks
2026-07-14T00:00:00Z,Foxbit,BRL,usdtbrl,1d,5.1106,"reported, not observed",api.foxbit.com.br/rest/v3/markets/usdtbrl/candlesticks
2026-07-15T00:00:00Z,Foxbit,BRL,usdtbrl,1d,5.1097,"reported, not observed",api.foxbit.com.br/rest/v3/markets/usdtbrl/candlesticks
2026-07-16T00:00:00Z,Foxbit,BRL,usdtbrl,1d,5.1337,"reported, not observed",api.foxbit.com.br/rest/v3/markets/usdtbrl/candlesticks
2026-07-17T00:00:00Z,Foxbit,BRL,usdtbrl,1d,5.1483,"reported, not observed",api.foxbit.com.br/rest/v3/markets/usdtbrl/candlesticks
2026-07-18T00:00:00Z,Foxbit,BRL,usdtbrl,1d,5.1532,"reported, not observed",api.foxbit.com.br/rest/v3/markets/usdtbrl/candlesticks
2026-07-19T00:00:00Z,Foxbit,BRL,usdtbrl,1d,5.1444,"reported, not observed",api.foxbit.com.br/rest/v3/markets/usdtbrl/candlesticks
2026-07-20T00:00:00Z,Foxbit,BRL,usdtbrl,1d,5.1243,"reported, not observed",api.foxbit.com.br/rest/v3/markets/usdtbrl/candlesticks
2026-07-21T00:00:00Z,Foxbit,BRL,usdtbrl,1d,5.1015,"reported, not observed",api.foxbit.com.br/rest/v3/markets/usdtbrl/candlesticks
2026-07-22T00:00:00Z,Foxbit,BRL,usdtbrl,1d,5.0873,"reported, not observed",api.foxbit.com.br/rest/v3/markets/usdtbrl/candlesticks
2026-07-23T00:00:00Z,Foxbit,BRL,usdtbrl,1d,5.1085,"reported, not observed",api.foxbit.com.br/rest/v3/markets/usdtbrl/candlesticks
2026-07-24T00:00:00Z,Foxbit,BRL,usdtbrl,1d,5.112,"reported, not observed",api.foxbit.com.br/rest/v3/markets/usdtbrl/candlesticks
2026-07-25T00:00:00Z,Foxbit,BRL,usdtbrl,1d,5.1087,"reported, not observed",api.foxbit.com.br/rest/v3/markets/usdtbrl/candlesticks
2026-07-26T00:00:00Z,Foxbit,BRL,usdtbrl,1d,5.104,"reported, not observed",api.foxbit.com.br/rest/v3/markets/usdtbrl/candlesticks
2026-07-27T00:00:00Z,Foxbit,BRL,usdtbrl,1d,5.1288,"reported, not observed",api.foxbit.com.br/rest/v3/markets/usdtbrl/candlesticks
2026-07-28T00:00:00Z,Foxbit,BRL,usdtbrl,1d,5.1384,"reported, not observed",api.foxbit.com.br/rest/v3/markets/usdtbrl/candlesticks
2026-07-29T00:00:00Z,Foxbit,BRL,usdtbrl,1d,5.1324,"reported, not observed",api.foxbit.com.br/rest/v3/markets/usdtbrl/candlesticks
2026-07-30T00:00:00Z,Foxbit,BRL,usdtbrl,1d,5.091,"reported, not observed",api.foxbit.com.br/rest/v3/markets/usdtbrl/candlesticks
2026-07-31T00:00:00Z,Foxbit,BRL,usdtbrl,1d,5.1043,"reported, not observed",api.foxbit.com.br/rest/v3/markets/usdtbrl/candlesticks
2026-08-01T00:00:00Z,Foxbit,BRL,usdtbrl,1d,5.106,"reported, not observed",api.foxbit.com.br/rest/v3/markets/usdtbrl/candlesticks
2026-08-02T00:00:00Z,Foxbit,BRL,usdtbrl,1d,5.0965,"reported, not observed",api.foxbit.com.br/rest/v3/markets/usdtbrl/candlesticks
2026-08-03T00:00:00Z,Foxbit,BRL,usdtbrl,1d,5.1016,"reported, not observed",api.foxbit.com.br/rest/v3/markets/usdtbrl/candlesticks
2026-08-04T00:00:00Z,Foxbit,BRL,usdtbrl,1d,5.1498,"reported, not observed",api.foxbit.com.br/rest/v3/markets/usdtbrl/candlesticks
2026-08-05T00:00:00Z,Foxbit,BRL,usdtbrl,1d,5.139,"reported, not observed",api.foxbit.com.br/rest/v3/markets/usdtbrl/candlesticks
2026-08-06T00:00:00Z,Foxbit,BRL,usdtbrl,1d,5.1267,"reported, not observed",api.foxbit.com.br/rest/v3/markets/usdtbrl/candlesticks
2026-08-07T00:00:00Z,Foxbit,BRL,usdtbrl,1d,5.1045,"reported, not observed",api.foxbit.com.br/rest/v3/markets/usdtbrl/candlesticks
2026-08-08T00:00:00Z,Foxbit,BRL,usdtbrl,1d,5.1083,"reported, not observed",api.foxbit.com.br/rest/v3/markets/usdtbrl/candlesticks
2026-08-09T00:00:00Z,Foxbit,BRL,usdtbrl,1d,5.1076,"reported, not observed",api.foxbit.com.br/rest/v3/markets/usdtbrl/candlesticks
2026-08-10T00:00:00Z,Foxbit,BRL,usdtbrl,1d,5.1309,"reported, not observed",api.foxbit.com.br/rest/v3/markets/usdtbrl/candlesticks
2026-08-11T00:00:00Z,Foxbit,BRL,usdtbrl,1d,5.1741,"reported, not observed",api.foxbit.com.br/rest/v3/markets/usdtbrl/candlesticks
2026-08-12T00:00:00Z,Foxbit,BRL,usdtbrl,1d,5.2039,"reported, not observed",api.foxbit.com.br/rest/v3/markets/usdtbrl/candlesticks
2026-08-13T00:00:00Z,Foxbit,BRL,usdtbrl,1d,5.2038,"reported, not observed",api.foxbit.com.br/rest/v3/markets/usdtbrl/candlesticks
2026-08-14T00:00:00Z,Foxbit,BRL,usdtbrl,1d,5.2357,"reported, not observed",api.foxbit.com.br/rest/v3/markets/usdtbrl/candlesticks
2026-08-15T00:00:00Z,Foxbit,BRL,usdtbrl,1d,5.2436,"reported, not observed",api.foxbit.com.br/rest/v3/markets/usdtbrl/candlesticks
2026-08-16T00:00:00Z,Foxbit,BRL,usdtbrl,1d,5.2428,"reported, not observed",api.foxbit.com.br/rest/v3/markets/usdtbrl/candlesticks
2026-08-17T00:00:00Z,Foxbit,BRL,usdtbrl,1d,5.2228,"reported, not observed",api.foxbit.com.br/rest/v3/markets/usdtbrl/candlesticks
2026-08-18T00:00:00Z,Foxbit,BRL,usdtbrl,1d,5.2394,"reported, not observed",api.foxbit.com.br/rest/v3/markets/usdtbrl/candlesticks
2026-08-19T00:00:00Z,Foxbit,BRL,usdtbrl,1d,5.1884,"reported, not observed",api.foxbit.com.br/rest/v3/markets/usdtbrl/candlesticks
2026-08-20T00:00:00Z,Foxbit,BRL,usdtbrl,1d,5.2108,"reported, not observed",api.foxbit.com.br/rest/v3/markets/usdtbrl/candlesticks
2026-08-21T00:00:00Z,Foxbit,BRL,usdtbrl,1d,5.168,"reported, not observed",api.foxbit.com.br/rest/v3/markets/usdtbrl/candlesticks
2026-08-22T00:00:00Z,Foxbit,BRL,usdtbrl,1d,5.1587,"reported, not observed",api.foxbit.com.br/rest/v3/markets/usdtbrl/candlesticks
2026-08-23T00:00:00Z,Foxbit,BRL,usdtbrl,1d,5.1607,"reported, not observed",api.foxbit.com.br/rest/v3/markets/usdtbrl/candlesticks
2026-08-24T00:00:00Z,Foxbit,BRL,usdtbrl,1d,5.1762,"reported, not observed",api.foxbit.com.br/rest/v3/markets/usdtbrl/candlesticks
2026-08-25T00:00:00Z,Foxbit,BRL,usdtbrl,1d,5.1656,"reported, not observed",api.foxbit.com.br/rest/v3/markets/usdtbrl/candlesticks
2026-08-26T00:00:00Z,Foxbit,BRL,usdtbrl,1d,5.1667,"reported, not observed",api.foxbit.com.br/rest/v3/markets/usdtbrl/candlesticks
2026-08-27T00:00:00Z,Foxbit,BRL,usdtbrl,1d,5.1825,"reported, not observed",api.foxbit.com.br/rest/v3/markets/usdtbrl/candlesticks
2026-08-28T00:00:00Z,Foxbit,BRL,usdtbrl,1d,5.2146,"reported, not observed",api.foxbit.com.br/rest/v3/markets/usdtbrl/candlesticks
2026-08-29T00:00:00Z,Foxbit,BRL,usdtbrl,1d,5.2107,"reported, not observed",api.foxbit.com.br/rest/v3/markets/usdtbrl/candlesticks
2026-08-30T00:00:00Z,Foxbit,BRL,usdtbrl,1d,5.2165,"reported, not observed",api.foxbit.com.br/rest/v3/markets/usdtbrl/candlesticks
2026-08-31T00:00:00Z,Foxbit,BRL,usdtbrl,1d,5.203,"reported, not observed",api.foxbit.com.br/rest/v3/markets/usdtbrl/candlesticks
2026-09-01T00:00:00Z,Foxbit,BRL,usdtbrl,1d,5.1654,"reported, not observed",api.foxbit.com.br/rest/v3/markets/usdtbrl/candlesticks
2026-09-02T00:00:00Z,Foxbit,BRL,usdtbrl,1d,5.1179,"reported, not observed",api.foxbit.com.br/rest/v3/markets/usdtbrl/candlesticks
2026-09-03T00:00:00Z,Foxbit,BRL,usdtbrl,1d,5.1261,"reported, not observed",api.foxbit.com.br/rest/v3/markets/usdtbrl/candlesticks
2026-09-04T00:00:00Z,Foxbit,BRL,usdtbrl,1d,5.1534,"reported, not observed",api.foxbit.com.br/rest/v3/markets/usdtbrl/candlesticks
2026-09-05T00:00:00Z,Foxbit,BRL,usdtbrl,1d,5.1627,"reported, not observed",api.foxbit.com.br/rest/v3/markets/usdtbrl/candlesticks
2026-09-06T00:00:00Z,Foxbit,BRL,usdtbrl,1d,5.1747,"reported, not observed",api.foxbit.com.br/rest/v3/markets/usdtbrl/candlesticks
2026-09-07T00:00:00Z,Foxbit,BRL,usdtbrl,1d,5.1854,"reported, not observed",api.foxbit.com.br/rest/v3/markets/usdtbrl/candlesticks
2026-09-08T00:00:00Z,Foxbit,BRL,usdtbrl,1d,5.1125,"reported, not observed",api.foxbit.com.br/rest/v3/markets/usdtbrl/candlesticks
2026-09-09T00:00:00Z,Foxbit,BRL,usdtbrl,1d,5.1282,"reported, not observed",api.foxbit.com.br/rest/v3/markets/usdtbrl/candlesticks
2026-09-10T00:00:00Z,Foxbit,BRL,usdtbrl,1d,5.1279,"reported, not observed",api.foxbit.com.br/rest/v3/markets/usdtbrl/candlesticks
2026-09-11T00:00:00Z,Foxbit,BRL,usdtbrl,1d,5.1591,"reported, not observed",api.foxbit.com.br/rest/v3/markets/usdtbrl/candlesticks
2026-09-12T00:00:00Z,Foxbit,BRL,usdtbrl,1d,5.1458,"reported, not observed",api.foxbit.com.br/rest/v3/markets/usdtbrl/candlesticks
2026-09-13T00:00:00Z,Foxbit,BRL,usdtbrl,1d,5.1453,"reported, not observed",api.foxbit.com.br/rest/v3/markets/usdtbrl/candlesticks
2026-09-14T00:00:00Z,Foxbit,BRL,usdtbrl,1d,5.1638,"reported, not observed",api.foxbit.com.br/rest/v3/markets/usdtbrl/candlesticks
2026-09-15T00:00:00Z,Foxbit,BRL,usdtbrl,1d,5.1719,"reported, not observed",api.foxbit.com.br/rest/v3/markets/usdtbrl/candlesticks
2026-09-16T00:00:00Z,Foxbit,BRL,usdtbrl,1d,5.1687,"reported, not observed",api.foxbit.com.br/rest/v3/markets/usdtbrl/candlesticks
2026-09-17T00:00:00Z,Foxbit,BRL,usdtbrl,1d,5.1481,"reported, not observed",api.foxbit.com.br/rest/v3/markets/usdtbrl/candlesticks
2026-09-18T00:00:00Z,Foxbit,BRL,usdtbrl,1d,5.1661,"reported, not observed",api.foxbit.com.br/rest/v3/markets/usdtbrl/candlesticks
2026-09-19T00:00:00Z,Foxbit,BRL,usdtbrl,1d,5.1642,"reported, not observed",api.foxbit.com.br/rest/v3/markets/usdtbrl/candlesticks
2026-09-20T00:00:00Z,Foxbit,BRL,usdtbrl,1d,5.1596,"reported, not observed",api.foxbit.com.br/rest/v3/markets/usdtbrl/candlesticks
2026-09-21T00:00:00Z,Foxbit,BRL,usdtbrl,1d,5.1278,"reported, not observed",api.foxbit.com.br/rest/v3/markets/usdtbrl/candlesticks
2026-09-22T00:00:00Z,Foxbit,BRL,usdtbrl,1d,5.1223,"reported, not observed",api.foxbit.com.br/rest/v3/markets/usdtbrl/candlesticks
2026-09-23T00:00:00Z,Foxbit,BRL,usdtbrl,1d,5.1823,"reported, not observed",api.foxbit.com.br/rest/v3/markets/usdtbrl/candlesticks
2026-09-24T00:00:00Z,Foxbit,BRL,usdtbrl,1d,5.2064,"reported, not observed",api.foxbit.com.br/rest/v3/markets/usdtbrl/candlesticks
2026-09-25T00:00:00Z,Foxbit,BRL,usdtbrl,1d,5.1967,"reported, not observed",api.foxbit.com.br/rest/v3/markets/usdtbrl/candlesticks
2026-09-26T00:00:00Z,Foxbit,BRL,usdtbrl,1d,5.197,"reported, not observed",api.foxbit.com.br/rest/v3/markets/usdtbrl/candlesticks
2026-09-27T00:00:00Z,Foxbit,BRL,usdtbrl,1d,5.2038,"reported, not observed",api.foxbit.com.br/rest/v3/markets/usdtbrl/candlesticks
2026-09-28T00:00:00Z,Foxbit,BRL,usdtbrl,1d,5.2325,"reported, not observed",api.foxbit.com.br/rest/v3/markets/usdtbrl/candlesticks
2026-09-29T00:00:00Z,Foxbit,BRL,usdtbrl,1d,5.2179,"reported, not observed",api.foxbit.com.br/rest/v3/markets/usdtbrl/candlesticks
2026-09-30T00:00:00Z,Foxbit,BRL,usdtbrl,1d,5.1957,"reported, not observed",api.foxbit.com.br/rest/v3/markets/usdtbrl/candlesticks
2026-10-01T00:00:00Z,Foxbit,BRL,usdtbrl,1d,5.2263,"reported, not observed",api.foxbit.com.br/rest/v3/markets/usdtbrl/candlesticks
2026-10-02T00:00:00Z,Foxbit,BRL,usdtbrl,1d,5.2432,"reported, not observed",api.foxbit.com.br/rest/v3/markets/usdtbrl/candlesticks
2026-10-03T00:00:00Z,Foxbit,BRL,usdtbrl,1d,5.25,"reported, not observed",api.foxbit.com.br/rest/v3/markets/usdtbrl/candlesticks
