ts_utc,venue,ccy,pair,interval,close,label,source
2026-03-21T02:00:00Z,Bitso,MXN,usdt_mxn,1h,17.915,"reported, not observed",api.bitso.com/api/v3/ohlc
2026-03-21T03:00:00Z,Bitso,MXN,usdt_mxn,1h,17.917,"reported, not observed",api.bitso.com/api/v3/ohlc
2026-03-21T04:00:00Z,Bitso,MXN,usdt_mxn,1h,17.921,"reported, not observed",api.bitso.com/api/v3/ohlc
2026-03-21T05:00:00Z,Bitso,MXN,usdt_mxn,1h,17.902,"reported, not observed",api.bitso.com/api/v3/ohlc
2026-03-21T06:00:00Z,Bitso,MXN,usdt_mxn,1h,17.907,"reported, not observed",api.bitso.com/api/v3/ohlc
2026-03-21T07:00:00Z,Bitso,MXN,usdt_mxn,1h,17.908,"reported, not observed",api.bitso.com/api/v3/ohlc
2026-03-21T08:00:00Z,Bitso,MXN,usdt_mxn,1h,17.894,"reported, not observed",api.bitso.com/api/v3/ohlc
2026-03-21T09:00:00Z,Bitso,MXN,usdt_mxn,1h,17.884,"reported, not observed",api.bitso.com/api/v3/ohlc
2026-03-21T10:00:00Z,Bitso,MXN,usdt_mxn,1h,17.886,"reported, not observed",api.bitso.com/api/v3/ohlc
2026-03-21T11:00:00Z,Bitso,MXN,usdt_mxn,1h,17.889,"reported, not observed",api.bitso.com/api/v3/ohlc
2026-03-21T12:00:00Z,Bitso,MXN,usdt_mxn,1h,17.889,"reported, not observed",api.bitso.com/api/v3/ohlc
2026-03-21T13:00:00Z,Bitso,MXN,usdt_mxn,1h,17.885,"reported, not observed",api.bitso.com/api/v3/ohlc
2026-03-21T14:00:00Z,Bitso,MXN,usdt_mxn,1h,17.888,"reported, not observed",api.bitso.com/api/v3/ohlc
2026-03-21T15:00:00Z,Bitso,MXN,usdt_mxn,1h,17.87,"reported, not observed",api.bitso.com/api/v3/ohlc
2026-03-21T16:00:00Z,Bitso,MXN,usdt_mxn,1h,17.879,"reported, not observed",api.bitso.com/api/v3/ohlc
2026-03-21T17:00:00Z,Bitso,MXN,usdt_mxn,1h,17.884,"reported, not observed",api.bitso.com/api/v3/ohlc
2026-03-21T18:00:00Z,Bitso,MXN,usdt_mxn,1h,17.886,"reported, not observed",api.bitso.com/api/v3/ohlc
2026-03-21T19:00:00Z,Bitso,MXN,usdt_mxn,1h,17.886,"reported, not observed",api.bitso.com/api/v3/ohlc
2026-03-21T20:00:00Z,Bitso,MXN,usdt_mxn,1h,17.888,"reported, not observed",api.bitso.com/api/v3/ohlc
2026-03-21T21:00:00Z,Bitso,MXN,usdt_mxn,1h,17.882,"reported, not observed",api.bitso.com/api/v3/ohlc
2026-03-21T22:00:00Z,Bitso,MXN,usdt_mxn,1h,17.883,"reported, not observed",api.bitso.com/api/v3/ohlc
2026-03-21T23:00:00Z,Bitso,MXN,usdt_mxn,1h,17.894,"reported, not observed",api.bitso.com/api/v3/ohlc
2026-03-22T00:00:00Z,Bitso,MXN,usdt_mxn,1h,17.891,"reported, not observed",api.bitso.com/api/v3/ohlc
2026-03-22T01:00:00Z,Bitso,MXN,usdt_mxn,1h,17.888,"reported, not observed",api.bitso.com/api/v3/ohlc
2026-03-22T02:00:00Z,Bitso,MXN,usdt_mxn,1h,17.894,"reported, not observed",api.bitso.com/api/v3/ohlc
2026-03-22T03:00:00Z,Bitso,MXN,usdt_mxn,1h,17.891,"reported, not observed",api.bitso.com/api/v3/ohlc
2026-03-22T04:00:00Z,Bitso,MXN,usdt_mxn,1h,17.891,"reported, not observed",api.bitso.com/api/v3/ohlc
2026-03-22T05:00:00Z,Bitso,MXN,usdt_mxn,1h,17.892,"reported, not observed",api.bitso.com/api/v3/ohlc
2026-03-22T06:00:00Z,Bitso,MXN,usdt_mxn,1h,17.896,"reported, not observed",api.bitso.com/api/v3/ohlc
2026-03-22T07:00:00Z,Bitso,MXN,usdt_mxn,1h,17.896,"reported, not observed",api.bitso.com/api/v3/ohlc
2026-03-22T08:00:00Z,Bitso,MXN,usdt_mxn,1h,17.902,"reported, not observed",api.bitso.com/api/v3/ohlc
2026-03-22T09:00:00Z,Bitso,MXN,usdt_mxn,1h,17.899,"reported, not observed",api.bitso.com/api/v3/ohlc
2026-03-22T10:00:00Z,Bitso,MXN,usdt_mxn,1h,17.895,"reported, not observed",api.bitso.com/api/v3/ohlc
2026-03-22T11:00:00Z,Bitso,MXN,usdt_mxn,1h,17.909,"reported, not observed",api.bitso.com/api/v3/ohlc
2026-03-22T12:00:00Z,Bitso,MXN,usdt_mxn,1h,17.897,"reported, not observed",api.bitso.com/api/v3/ohlc
2026-03-22T13:00:00Z,Bitso,MXN,usdt_mxn,1h,17.898,"reported, not observed",api.bitso.com/api/v3/ohlc
2026-03-22T14:00:00Z,Bitso,MXN,usdt_mxn,1h,17.899,"reported, not observed",api.bitso.com/api/v3/ohlc
2026-03-22T15:00:00Z,Bitso,MXN,usdt_mxn,1h,17.902,"reported, not observed",api.bitso.com/api/v3/ohlc
2026-03-22T16:00:00Z,Bitso,MXN,usdt_mxn,1h,17.905,"reported, not observed",api.bitso.com/api/v3/ohlc
2026-03-22T17:00:00Z,Bitso,MXN,usdt_mxn,1h,17.905,"reported, not observed",api.bitso.com/api/v3/ohlc
2026-03-22T18:00:00Z,Bitso,MXN,usdt_mxn,1h,17.903,"reported, not observed",api.bitso.com/api/v3/ohlc
2026-03-22T19:00:00Z,Bitso,MXN,usdt_mxn,1h,17.903,"reported, not observed",api.bitso.com/api/v3/ohlc
2026-03-22T20:00:00Z,Bitso,MXN,usdt_mxn,1h,17.907,"reported, not observed",api.bitso.com/api/v3/ohlc
2026-03-22T21:00:00Z,Bitso,MXN,usdt_mxn,1h,17.953,"reported, not observed",api.bitso.com/api/v3/ohlc
2026-03-22T22:00:00Z,Bitso,MXN,usdt_mxn,1h,17.947,"reported, not observed",api.bitso.com/api/v3/ohlc
2026-03-22T23:00:00Z,Bitso,MXN,usdt_mxn,1h,17.938,"reported, not observed",api.bitso.com/api/v3/ohlc
2026-03-23T00:00:00Z,Bitso,MXN,usdt_mxn,1h,17.969,"reported, not observed",api.bitso.com/api/v3/ohlc
2026-03-23T01:00:00Z,Bitso,MXN,usdt_mxn,1h,17.953,"reported, not observed",api.bitso.com/api/v3/ohlc
2026-03-23T02:00:00Z,Bitso,MXN,usdt_mxn,1h,17.969,"reported, not observed",api.bitso.com/api/v3/ohlc
2026-03-23T03:00:00Z,Bitso,MXN,usdt_mxn,1h,17.97,"reported, not observed",api.bitso.com/api/v3/ohlc
2026-03-23T04:00:00Z,Bitso,MXN,usdt_mxn,1h,17.968,"reported, not observed",api.bitso.com/api/v3/ohlc
2026-03-23T05:00:00Z,Bitso,MXN,usdt_mxn,1h,17.974,"reported, not observed",api.bitso.com/api/v3/ohlc
2026-03-23T06:00:00Z,Bitso,MXN,usdt_mxn,1h,17.994,"reported, not observed",api.bitso.com/api/v3/ohlc
2026-03-23T07:00:00Z,Bitso,MXN,usdt_mxn,1h,17.994,"reported, not observed",api.bitso.com/api/v3/ohlc
2026-03-23T08:00:00Z,Bitso,MXN,usdt_mxn,1h,17.992,"reported, not observed",api.bitso.com/api/v3/ohlc
2026-03-23T09:00:00Z,Bitso,MXN,usdt_mxn,1h,18.041,"reported, not observed",api.bitso.com/api/v3/ohlc
2026-03-23T10:00:00Z,Bitso,MXN,usdt_mxn,1h,18.059,"reported, not observed",api.bitso.com/api/v3/ohlc
2026-03-23T11:00:00Z,Bitso,MXN,usdt_mxn,1h,17.854,"reported, not observed",api.bitso.com/api/v3/ohlc
2026-03-23T12:00:00Z,Bitso,MXN,usdt_mxn,1h,17.756,"reported, not observed",api.bitso.com/api/v3/ohlc
2026-03-23T13:00:00Z,Bitso,MXN,usdt_mxn,1h,17.767,"reported, not observed",api.bitso.com/api/v3/ohlc
2026-03-23T14:00:00Z,Bitso,MXN,usdt_mxn,1h,17.718,"reported, not observed",api.bitso.com/api/v3/ohlc
2026-03-23T15:00:00Z,Bitso,MXN,usdt_mxn,1h,17.808,"reported, not observed",api.bitso.com/api/v3/ohlc
2026-03-23T16:00:00Z,Bitso,MXN,usdt_mxn,1h,17.798,"reported, not observed",api.bitso.com/api/v3/ohlc
2026-03-23T17:00:00Z,Bitso,MXN,usdt_mxn,1h,17.773,"reported, not observed",api.bitso.com/api/v3/ohlc
2026-03-23T18:00:00Z,Bitso,MXN,usdt_mxn,1h,17.753,"reported, not observed",api.bitso.com/api/v3/ohlc
2026-03-23T19:00:00Z,Bitso,MXN,usdt_mxn,1h,17.782,"reported, not observed",api.bitso.com/api/v3/ohlc
2026-03-23T20:00:00Z,Bitso,MXN,usdt_mxn,1h,17.786,"reported, not observed",api.bitso.com/api/v3/ohlc
2026-03-23T21:00:00Z,Bitso,MXN,usdt_mxn,1h,17.787,"reported, not observed",api.bitso.com/api/v3/ohlc
2026-03-23T22:00:00Z,Bitso,MXN,usdt_mxn,1h,17.777,"reported, not observed",api.bitso.com/api/v3/ohlc
2026-03-23T23:00:00Z,Bitso,MXN,usdt_mxn,1h,17.794,"reported, not observed",api.bitso.com/api/v3/ohlc
2026-03-24T00:00:00Z,Bitso,MXN,usdt_mxn,1h,17.848,"reported, not observed",api.bitso.com/api/v3/ohlc
2026-03-24T01:00:00Z,Bitso,MXN,usdt_mxn,1h,17.876,"reported, not observed",api.bitso.com/api/v3/ohlc
2026-03-24T02:00:00Z,Bitso,MXN,usdt_mxn,1h,17.857,"reported, not observed",api.bitso.com/api/v3/ohlc
2026-03-24T03:00:00Z,Bitso,MXN,usdt_mxn,1h,17.849,"reported, not observed",api.bitso.com/api/v3/ohlc
2026-03-24T04:00:00Z,Bitso,MXN,usdt_mxn,1h,17.858,"reported, not observed",api.bitso.com/api/v3/ohlc
2026-03-24T05:00:00Z,Bitso,MXN,usdt_mxn,1h,17.849,"reported, not observed",api.bitso.com/api/v3/ohlc
2026-03-24T06:00:00Z,Bitso,MXN,usdt_mxn,1h,17.826,"reported, not observed",api.bitso.com/api/v3/ohlc
2026-03-24T07:00:00Z,Bitso,MXN,usdt_mxn,1h,17.798,"reported, not observed",api.bitso.com/api/v3/ohlc
2026-03-24T08:00:00Z,Bitso,MXN,usdt_mxn,1h,17.84,"reported, not observed",api.bitso.com/api/v3/ohlc
2026-03-24T09:00:00Z,Bitso,MXN,usdt_mxn,1h,17.839,"reported, not observed",api.bitso.com/api/v3/ohlc
2026-03-24T10:00:00Z,Bitso,MXN,usdt_mxn,1h,17.822,"reported, not observed",api.bitso.com/api/v3/ohlc
2026-03-24T11:00:00Z,Bitso,MXN,usdt_mxn,1h,17.824,"reported, not observed",api.bitso.com/api/v3/ohlc
2026-03-24T12:00:00Z,Bitso,MXN,usdt_mxn,1h,17.853,"reported, not observed",api.bitso.com/api/v3/ohlc
2026-03-24T13:00:00Z,Bitso,MXN,usdt_mxn,1h,17.857,"reported, not observed",api.bitso.com/api/v3/ohlc
2026-03-24T14:00:00Z,Bitso,MXN,usdt_mxn,1h,17.822,"reported, not observed",api.bitso.com/api/v3/ohlc
2026-03-24T15:00:00Z,Bitso,MXN,usdt_mxn,1h,17.806,"reported, not observed",api.bitso.com/api/v3/ohlc
2026-03-24T16:00:00Z,Bitso,MXN,usdt_mxn,1h,17.792,"reported, not observed",api.bitso.com/api/v3/ohlc
2026-03-24T17:00:00Z,Bitso,MXN,usdt_mxn,1h,17.815,"reported, not observed",api.bitso.com/api/v3/ohlc
2026-03-24T18:00:00Z,Bitso,MXN,usdt_mxn,1h,17.788,"reported, not observed",api.bitso.com/api/v3/ohlc
2026-03-24T19:00:00Z,Bitso,MXN,usdt_mxn,1h,17.79,"reported, not observed",api.bitso.com/api/v3/ohlc
2026-03-24T20:00:00Z,Bitso,MXN,usdt_mxn,1h,17.737,"reported, not observed",api.bitso.com/api/v3/ohlc
2026-03-24T21:00:00Z,Bitso,MXN,usdt_mxn,1h,17.759,"reported, not observed",api.bitso.com/api/v3/ohlc
2026-03-24T22:00:00Z,Bitso,MXN,usdt_mxn,1h,17.745,"reported, not observed",api.bitso.com/api/v3/ohlc
2026-03-24T23:00:00Z,Bitso,MXN,usdt_mxn,1h,17.741,"reported, not observed",api.bitso.com/api/v3/ohlc
2026-03-25T00:00:00Z,Bitso,MXN,usdt_mxn,1h,17.724,"reported, not observed",api.bitso.com/api/v3/ohlc
2026-03-25T01:00:00Z,Bitso,MXN,usdt_mxn,1h,17.739,"reported, not observed",api.bitso.com/api/v3/ohlc
2026-03-25T02:00:00Z,Bitso,MXN,usdt_mxn,1h,17.757,"reported, not observed",api.bitso.com/api/v3/ohlc
2026-03-25T03:00:00Z,Bitso,MXN,usdt_mxn,1h,17.753,"reported, not observed",api.bitso.com/api/v3/ohlc
2026-03-25T04:00:00Z,Bitso,MXN,usdt_mxn,1h,17.741,"reported, not observed",api.bitso.com/api/v3/ohlc
2026-03-25T05:00:00Z,Bitso,MXN,usdt_mxn,1h,17.742,"reported, not observed",api.bitso.com/api/v3/ohlc
2026-03-25T06:00:00Z,Bitso,MXN,usdt_mxn,1h,17.731,"reported, not observed",api.bitso.com/api/v3/ohlc
2026-03-25T07:00:00Z,Bitso,MXN,usdt_mxn,1h,17.742,"reported, not observed",api.bitso.com/api/v3/ohlc
2026-03-25T08:00:00Z,Bitso,MXN,usdt_mxn,1h,17.718,"reported, not observed",api.bitso.com/api/v3/ohlc
2026-03-25T09:00:00Z,Bitso,MXN,usdt_mxn,1h,17.72,"reported, not observed",api.bitso.com/api/v3/ohlc
2026-03-25T10:00:00Z,Bitso,MXN,usdt_mxn,1h,17.713,"reported, not observed",api.bitso.com/api/v3/ohlc
2026-03-25T11:00:00Z,Bitso,MXN,usdt_mxn,1h,17.725,"reported, not observed",api.bitso.com/api/v3/ohlc
2026-03-25T12:00:00Z,Bitso,MXN,usdt_mxn,1h,17.759,"reported, not observed",api.bitso.com/api/v3/ohlc
2026-03-25T13:00:00Z,Bitso,MXN,usdt_mxn,1h,17.782,"reported, not observed",api.bitso.com/api/v3/ohlc
2026-03-25T14:00:00Z,Bitso,MXN,usdt_mxn,1h,17.729,"reported, not observed",api.bitso.com/api/v3/ohlc
2026-03-25T15:00:00Z,Bitso,MXN,usdt_mxn,1h,17.744,"reported, not observed",api.bitso.com/api/v3/ohlc
2026-03-25T16:00:00Z,Bitso,MXN,usdt_mxn,1h,17.736,"reported, not observed",api.bitso.com/api/v3/ohlc
2026-03-25T17:00:00Z,Bitso,MXN,usdt_mxn,1h,17.733,"reported, not observed",api.bitso.com/api/v3/ohlc
2026-03-25T18:00:00Z,Bitso,MXN,usdt_mxn,1h,17.758,"reported, not observed",api.bitso.com/api/v3/ohlc
2026-03-25T19:00:00Z,Bitso,MXN,usdt_mxn,1h,17.768,"reported, not observed",api.bitso.com/api/v3/ohlc
2026-03-25T20:00:00Z,Bitso,MXN,usdt_mxn,1h,17.769,"reported, not observed",api.bitso.com/api/v3/ohlc
2026-03-25T21:00:00Z,Bitso,MXN,usdt_mxn,1h,17.772,"reported, not observed",api.bitso.com/api/v3/ohlc
2026-03-25T22:00:00Z,Bitso,MXN,usdt_mxn,1h,17.776,"reported, not observed",api.bitso.com/api/v3/ohlc
2026-03-25T23:00:00Z,Bitso,MXN,usdt_mxn,1h,17.781,"reported, not observed",api.bitso.com/api/v3/ohlc
2026-03-26T00:00:00Z,Bitso,MXN,usdt_mxn,1h,17.776,"reported, not observed",api.bitso.com/api/v3/ohlc
2026-03-26T01:00:00Z,Bitso,MXN,usdt_mxn,1h,17.772,"reported, not observed",api.bitso.com/api/v3/ohlc
2026-03-26T02:00:00Z,Bitso,MXN,usdt_mxn,1h,17.786,"reported, not observed",api.bitso.com/api/v3/ohlc
2026-03-26T03:00:00Z,Bitso,MXN,usdt_mxn,1h,17.774,"reported, not observed",api.bitso.com/api/v3/ohlc
2026-03-26T04:00:00Z,Bitso,MXN,usdt_mxn,1h,17.772,"reported, not observed",api.bitso.com/api/v3/ohlc
2026-03-26T05:00:00Z,Bitso,MXN,usdt_mxn,1h,17.78,"reported, not observed",api.bitso.com/api/v3/ohlc
2026-03-26T06:00:00Z,Bitso,MXN,usdt_mxn,1h,17.781,"reported, not observed",api.bitso.com/api/v3/ohlc
2026-03-26T07:00:00Z,Bitso,MXN,usdt_mxn,1h,17.796,"reported, not observed",api.bitso.com/api/v3/ohlc
2026-03-26T08:00:00Z,Bitso,MXN,usdt_mxn,1h,17.797,"reported, not observed",api.bitso.com/api/v3/ohlc
2026-03-26T09:00:00Z,Bitso,MXN,usdt_mxn,1h,17.807,"reported, not observed",api.bitso.com/api/v3/ohlc
2026-03-26T10:00:00Z,Bitso,MXN,usdt_mxn,1h,17.803,"reported, not observed",api.bitso.com/api/v3/ohlc
2026-03-26T11:00:00Z,Bitso,MXN,usdt_mxn,1h,17.836,"reported, not observed",api.bitso.com/api/v3/ohlc
2026-03-26T12:00:00Z,Bitso,MXN,usdt_mxn,1h,17.818,"reported, not observed",api.bitso.com/api/v3/ohlc
2026-03-26T13:00:00Z,Bitso,MXN,usdt_mxn,1h,17.788,"reported, not observed",api.bitso.com/api/v3/ohlc
2026-03-26T14:00:00Z,Bitso,MXN,usdt_mxn,1h,17.76,"reported, not observed",api.bitso.com/api/v3/ohlc
2026-03-26T15:00:00Z,Bitso,MXN,usdt_mxn,1h,17.764,"reported, not observed",api.bitso.com/api/v3/ohlc
2026-03-26T16:00:00Z,Bitso,MXN,usdt_mxn,1h,17.783,"reported, not observed",api.bitso.com/api/v3/ohlc
2026-03-26T17:00:00Z,Bitso,MXN,usdt_mxn,1h,17.825,"reported, not observed",api.bitso.com/api/v3/ohlc
2026-03-26T18:00:00Z,Bitso,MXN,usdt_mxn,1h,17.818,"reported, not observed",api.bitso.com/api/v3/ohlc
2026-03-26T19:00:00Z,Bitso,MXN,usdt_mxn,1h,17.929,"reported, not observed",api.bitso.com/api/v3/ohlc
2026-03-26T20:00:00Z,Bitso,MXN,usdt_mxn,1h,17.929,"reported, not observed",api.bitso.com/api/v3/ohlc
2026-03-26T21:00:00Z,Bitso,MXN,usdt_mxn,1h,17.912,"reported, not observed",api.bitso.com/api/v3/ohlc
2026-03-26T22:00:00Z,Bitso,MXN,usdt_mxn,1h,17.904,"reported, not observed",api.bitso.com/api/v3/ohlc
2026-03-26T23:00:00Z,Bitso,MXN,usdt_mxn,1h,17.903,"reported, not observed",api.bitso.com/api/v3/ohlc
2026-03-27T00:00:00Z,Bitso,MXN,usdt_mxn,1h,17.908,"reported, not observed",api.bitso.com/api/v3/ohlc
2026-03-27T01:00:00Z,Bitso,MXN,usdt_mxn,1h,17.899,"reported, not observed",api.bitso.com/api/v3/ohlc
2026-03-27T02:00:00Z,Bitso,MXN,usdt_mxn,1h,17.899,"reported, not observed",api.bitso.com/api/v3/ohlc
2026-03-27T03:00:00Z,Bitso,MXN,usdt_mxn,1h,17.897,"reported, not observed",api.bitso.com/api/v3/ohlc
2026-03-27T04:00:00Z,Bitso,MXN,usdt_mxn,1h,17.889,"reported, not observed",api.bitso.com/api/v3/ohlc
2026-03-27T05:00:00Z,Bitso,MXN,usdt_mxn,1h,17.896,"reported, not observed",api.bitso.com/api/v3/ohlc
2026-03-27T06:00:00Z,Bitso,MXN,usdt_mxn,1h,17.917,"reported, not observed",api.bitso.com/api/v3/ohlc
2026-03-27T07:00:00Z,Bitso,MXN,usdt_mxn,1h,17.95,"reported, not observed",api.bitso.com/api/v3/ohlc
2026-03-27T08:00:00Z,Bitso,MXN,usdt_mxn,1h,17.988,"reported, not observed",api.bitso.com/api/v3/ohlc
2026-03-27T09:00:00Z,Bitso,MXN,usdt_mxn,1h,17.993,"reported, not observed",api.bitso.com/api/v3/ohlc
2026-03-27T10:00:00Z,Bitso,MXN,usdt_mxn,1h,18.008,"reported, not observed",api.bitso.com/api/v3/ohlc
2026-03-27T11:00:00Z,Bitso,MXN,usdt_mxn,1h,17.995,"reported, not observed",api.bitso.com/api/v3/ohlc
2026-03-27T12:00:00Z,Bitso,MXN,usdt_mxn,1h,18.007,"reported, not observed",api.bitso.com/api/v3/ohlc
2026-03-27T13:00:00Z,Bitso,MXN,usdt_mxn,1h,18.074,"reported, not observed",api.bitso.com/api/v3/ohlc
2026-03-27T14:00:00Z,Bitso,MXN,usdt_mxn,1h,18.031,"reported, not observed",api.bitso.com/api/v3/ohlc
2026-03-27T15:00:00Z,Bitso,MXN,usdt_mxn,1h,18.004,"reported, not observed",api.bitso.com/api/v3/ohlc
2026-03-27T16:00:00Z,Bitso,MXN,usdt_mxn,1h,18.031,"reported, not observed",api.bitso.com/api/v3/ohlc
2026-03-27T17:00:00Z,Bitso,MXN,usdt_mxn,1h,18.083,"reported, not observed",api.bitso.com/api/v3/ohlc
2026-03-27T18:00:00Z,Bitso,MXN,usdt_mxn,1h,18.114,"reported, not observed",api.bitso.com/api/v3/ohlc
2026-03-27T19:00:00Z,Bitso,MXN,usdt_mxn,1h,18.112,"reported, not observed",api.bitso.com/api/v3/ohlc
2026-03-27T20:00:00Z,Bitso,MXN,usdt_mxn,1h,18.11,"reported, not observed",api.bitso.com/api/v3/ohlc
2026-03-27T21:00:00Z,Bitso,MXN,usdt_mxn,1h,18.163,"reported, not observed",api.bitso.com/api/v3/ohlc
2026-03-27T22:00:00Z,Bitso,MXN,usdt_mxn,1h,18.186,"reported, not observed",api.bitso.com/api/v3/ohlc
2026-03-27T23:00:00Z,Bitso,MXN,usdt_mxn,1h,18.134,"reported, not observed",api.bitso.com/api/v3/ohlc
2026-03-28T00:00:00Z,Bitso,MXN,usdt_mxn,1h,18.201,"reported, not observed",api.bitso.com/api/v3/ohlc
2026-03-28T01:00:00Z,Bitso,MXN,usdt_mxn,1h,18.174,"reported, not observed",api.bitso.com/api/v3/ohlc
2026-03-28T02:00:00Z,Bitso,MXN,usdt_mxn,1h,18.141,"reported, not observed",api.bitso.com/api/v3/ohlc
2026-03-28T03:00:00Z,Bitso,MXN,usdt_mxn,1h,18.122,"reported, not observed",api.bitso.com/api/v3/ohlc
2026-03-28T04:00:00Z,Bitso,MXN,usdt_mxn,1h,18.118,"reported, not observed",api.bitso.com/api/v3/ohlc
2026-03-28T05:00:00Z,Bitso,MXN,usdt_mxn,1h,18.116,"reported, not observed",api.bitso.com/api/v3/ohlc
2026-03-28T06:00:00Z,Bitso,MXN,usdt_mxn,1h,18.118,"reported, not observed",api.bitso.com/api/v3/ohlc
2026-03-28T07:00:00Z,Bitso,MXN,usdt_mxn,1h,18.116,"reported, not observed",api.bitso.com/api/v3/ohlc
2026-03-28T08:00:00Z,Bitso,MXN,usdt_mxn,1h,18.121,"reported, not observed",api.bitso.com/api/v3/ohlc
2026-03-28T09:00:00Z,Bitso,MXN,usdt_mxn,1h,18.122,"reported, not observed",api.bitso.com/api/v3/ohlc
2026-03-28T10:00:00Z,Bitso,MXN,usdt_mxn,1h,18.12,"reported, not observed",api.bitso.com/api/v3/ohlc
2026-03-28T11:00:00Z,Bitso,MXN,usdt_mxn,1h,18.117,"reported, not observed",api.bitso.com/api/v3/ohlc
2026-03-28T12:00:00Z,Bitso,MXN,usdt_mxn,1h,18.127,"reported, not observed",api.bitso.com/api/v3/ohlc
2026-03-28T13:00:00Z,Bitso,MXN,usdt_mxn,1h,18.121,"reported, not observed",api.bitso.com/api/v3/ohlc
2026-03-28T14:00:00Z,Bitso,MXN,usdt_mxn,1h,18.12,"reported, not observed",api.bitso.com/api/v3/ohlc
2026-03-28T15:00:00Z,Bitso,MXN,usdt_mxn,1h,18.122,"reported, not observed",api.bitso.com/api/v3/ohlc
2026-03-28T16:00:00Z,Bitso,MXN,usdt_mxn,1h,18.119,"reported, not observed",api.bitso.com/api/v3/ohlc
2026-03-28T17:00:00Z,Bitso,MXN,usdt_mxn,1h,18.126,"reported, not observed",api.bitso.com/api/v3/ohlc
2026-03-28T18:00:00Z,Bitso,MXN,usdt_mxn,1h,18.128,"reported, not observed",api.bitso.com/api/v3/ohlc
2026-03-28T19:00:00Z,Bitso,MXN,usdt_mxn,1h,18.169,"reported, not observed",api.bitso.com/api/v3/ohlc
2026-03-28T20:00:00Z,Bitso,MXN,usdt_mxn,1h,18.134,"reported, not observed",api.bitso.com/api/v3/ohlc
2026-03-28T21:00:00Z,Bitso,MXN,usdt_mxn,1h,18.143,"reported, not observed",api.bitso.com/api/v3/ohlc
2026-03-28T22:00:00Z,Bitso,MXN,usdt_mxn,1h,18.156,"reported, not observed",api.bitso.com/api/v3/ohlc
2026-03-28T23:00:00Z,Bitso,MXN,usdt_mxn,1h,18.167,"reported, not observed",api.bitso.com/api/v3/ohlc
2026-03-29T00:00:00Z,Bitso,MXN,usdt_mxn,1h,18.193,"reported, not observed",api.bitso.com/api/v3/ohlc
2026-03-29T01:00:00Z,Bitso,MXN,usdt_mxn,1h,18.203,"reported, not observed",api.bitso.com/api/v3/ohlc
2026-03-29T02:00:00Z,Bitso,MXN,usdt_mxn,1h,18.147,"reported, not observed",api.bitso.com/api/v3/ohlc
2026-03-29T03:00:00Z,Bitso,MXN,usdt_mxn,1h,18.153,"reported, not observed",api.bitso.com/api/v3/ohlc
2026-03-29T04:00:00Z,Bitso,MXN,usdt_mxn,1h,18.133,"reported, not observed",api.bitso.com/api/v3/ohlc
2026-03-29T05:00:00Z,Bitso,MXN,usdt_mxn,1h,18.127,"reported, not observed",api.bitso.com/api/v3/ohlc
2026-03-29T06:00:00Z,Bitso,MXN,usdt_mxn,1h,18.127,"reported, not observed",api.bitso.com/api/v3/ohlc
2026-03-29T07:00:00Z,Bitso,MXN,usdt_mxn,1h,18.133,"reported, not observed",api.bitso.com/api/v3/ohlc
2026-03-29T08:00:00Z,Bitso,MXN,usdt_mxn,1h,18.131,"reported, not observed",api.bitso.com/api/v3/ohlc
2026-03-29T09:00:00Z,Bitso,MXN,usdt_mxn,1h,18.131,"reported, not observed",api.bitso.com/api/v3/ohlc
2026-03-29T10:00:00Z,Bitso,MXN,usdt_mxn,1h,18.131,"reported, not observed",api.bitso.com/api/v3/ohlc
2026-03-29T11:00:00Z,Bitso,MXN,usdt_mxn,1h,18.128,"reported, not observed",api.bitso.com/api/v3/ohlc
2026-03-29T12:00:00Z,Bitso,MXN,usdt_mxn,1h,18.123,"reported, not observed",api.bitso.com/api/v3/ohlc
2026-03-29T13:00:00Z,Bitso,MXN,usdt_mxn,1h,18.122,"reported, not observed",api.bitso.com/api/v3/ohlc
2026-03-29T14:00:00Z,Bitso,MXN,usdt_mxn,1h,18.12,"reported, not observed",api.bitso.com/api/v3/ohlc
2026-03-29T15:00:00Z,Bitso,MXN,usdt_mxn,1h,18.119,"reported, not observed",api.bitso.com/api/v3/ohlc
2026-03-29T16:00:00Z,Bitso,MXN,usdt_mxn,1h,18.13,"reported, not observed",api.bitso.com/api/v3/ohlc
2026-03-29T17:00:00Z,Bitso,MXN,usdt_mxn,1h,18.133,"reported, not observed",api.bitso.com/api/v3/ohlc
2026-03-29T18:00:00Z,Bitso,MXN,usdt_mxn,1h,18.134,"reported, not observed",api.bitso.com/api/v3/ohlc
2026-03-29T19:00:00Z,Bitso,MXN,usdt_mxn,1h,18.149,"reported, not observed",api.bitso.com/api/v3/ohlc
2026-03-29T20:00:00Z,Bitso,MXN,usdt_mxn,1h,18.109,"reported, not observed",api.bitso.com/api/v3/ohlc
2026-03-29T21:00:00Z,Bitso,MXN,usdt_mxn,1h,18.073,"reported, not observed",api.bitso.com/api/v3/ohlc
2026-03-29T22:00:00Z,Bitso,MXN,usdt_mxn,1h,18.124,"reported, not observed",api.bitso.com/api/v3/ohlc
2026-03-29T23:00:00Z,Bitso,MXN,usdt_mxn,1h,18.141,"reported, not observed",api.bitso.com/api/v3/ohlc
2026-03-30T00:00:00Z,Bitso,MXN,usdt_mxn,1h,18.127,"reported, not observed",api.bitso.com/api/v3/ohlc
2026-03-30T01:00:00Z,Bitso,MXN,usdt_mxn,1h,18.118,"reported, not observed",api.bitso.com/api/v3/ohlc
2026-03-30T02:00:00Z,Bitso,MXN,usdt_mxn,1h,18.108,"reported, not observed",api.bitso.com/api/v3/ohlc
2026-03-30T03:00:00Z,Bitso,MXN,usdt_mxn,1h,18.084,"reported, not observed",api.bitso.com/api/v3/ohlc
2026-03-30T04:00:00Z,Bitso,MXN,usdt_mxn,1h,18.077,"reported, not observed",api.bitso.com/api/v3/ohlc
2026-03-30T05:00:00Z,Bitso,MXN,usdt_mxn,1h,18.074,"reported, not observed",api.bitso.com/api/v3/ohlc
2026-03-30T06:00:00Z,Bitso,MXN,usdt_mxn,1h,18.045,"reported, not observed",api.bitso.com/api/v3/ohlc
2026-03-30T07:00:00Z,Bitso,MXN,usdt_mxn,1h,18.064,"reported, not observed",api.bitso.com/api/v3/ohlc
2026-03-30T08:00:00Z,Bitso,MXN,usdt_mxn,1h,18.06,"reported, not observed",api.bitso.com/api/v3/ohlc
2026-03-30T09:00:00Z,Bitso,MXN,usdt_mxn,1h,18.061,"reported, not observed",api.bitso.com/api/v3/ohlc
2026-03-30T10:00:00Z,Bitso,MXN,usdt_mxn,1h,18.058,"reported, not observed",api.bitso.com/api/v3/ohlc
2026-03-30T11:00:00Z,Bitso,MXN,usdt_mxn,1h,18.059,"reported, not observed",api.bitso.com/api/v3/ohlc
2026-03-30T12:00:00Z,Bitso,MXN,usdt_mxn,1h,18.05,"reported, not observed",api.bitso.com/api/v3/ohlc
2026-03-30T13:00:00Z,Bitso,MXN,usdt_mxn,1h,18.104,"reported, not observed",api.bitso.com/api/v3/ohlc
2026-03-30T14:00:00Z,Bitso,MXN,usdt_mxn,1h,18.089,"reported, not observed",api.bitso.com/api/v3/ohlc
2026-03-30T15:00:00Z,Bitso,MXN,usdt_mxn,1h,18.08,"reported, not observed",api.bitso.com/api/v3/ohlc
2026-03-30T16:00:00Z,Bitso,MXN,usdt_mxn,1h,18.09,"reported, not observed",api.bitso.com/api/v3/ohlc
2026-03-30T17:00:00Z,Bitso,MXN,usdt_mxn,1h,18.093,"reported, not observed",api.bitso.com/api/v3/ohlc
2026-03-30T18:00:00Z,Bitso,MXN,usdt_mxn,1h,18.101,"reported, not observed",api.bitso.com/api/v3/ohlc
2026-03-30T19:00:00Z,Bitso,MXN,usdt_mxn,1h,18.113,"reported, not observed",api.bitso.com/api/v3/ohlc
2026-03-30T20:00:00Z,Bitso,MXN,usdt_mxn,1h,18.113,"reported, not observed",api.bitso.com/api/v3/ohlc
2026-03-30T21:00:00Z,Bitso,MXN,usdt_mxn,1h,18.109,"reported, not observed",api.bitso.com/api/v3/ohlc
2026-03-30T22:00:00Z,Bitso,MXN,usdt_mxn,1h,18.11,"reported, not observed",api.bitso.com/api/v3/ohlc
2026-03-30T23:00:00Z,Bitso,MXN,usdt_mxn,1h,18.13,"reported, not observed",api.bitso.com/api/v3/ohlc
2026-03-31T00:00:00Z,Bitso,MXN,usdt_mxn,1h,18.105,"reported, not observed",api.bitso.com/api/v3/ohlc
2026-03-31T01:00:00Z,Bitso,MXN,usdt_mxn,1h,18.073,"reported, not observed",api.bitso.com/api/v3/ohlc
2026-03-31T02:00:00Z,Bitso,MXN,usdt_mxn,1h,18.074,"reported, not observed",api.bitso.com/api/v3/ohlc
2026-03-31T03:00:00Z,Bitso,MXN,usdt_mxn,1h,18.101,"reported, not observed",api.bitso.com/api/v3/ohlc
2026-03-31T04:00:00Z,Bitso,MXN,usdt_mxn,1h,18.101,"reported, not observed",api.bitso.com/api/v3/ohlc
2026-03-31T05:00:00Z,Bitso,MXN,usdt_mxn,1h,18.077,"reported, not observed",api.bitso.com/api/v3/ohlc
2026-03-31T06:00:00Z,Bitso,MXN,usdt_mxn,1h,18.072,"reported, not observed",api.bitso.com/api/v3/ohlc
2026-03-31T07:00:00Z,Bitso,MXN,usdt_mxn,1h,18.057,"reported, not observed",api.bitso.com/api/v3/ohlc
2026-03-31T08:00:00Z,Bitso,MXN,usdt_mxn,1h,18.067,"reported, not observed",api.bitso.com/api/v3/ohlc
2026-03-31T09:00:00Z,Bitso,MXN,usdt_mxn,1h,18.07,"reported, not observed",api.bitso.com/api/v3/ohlc
2026-03-31T10:00:00Z,Bitso,MXN,usdt_mxn,1h,18.071,"reported, not observed",api.bitso.com/api/v3/ohlc
2026-03-31T11:00:00Z,Bitso,MXN,usdt_mxn,1h,18.026,"reported, not observed",api.bitso.com/api/v3/ohlc
2026-03-31T12:00:00Z,Bitso,MXN,usdt_mxn,1h,17.989,"reported, not observed",api.bitso.com/api/v3/ohlc
2026-03-31T13:00:00Z,Bitso,MXN,usdt_mxn,1h,17.925,"reported, not observed",api.bitso.com/api/v3/ohlc
2026-03-31T14:00:00Z,Bitso,MXN,usdt_mxn,1h,18.006,"reported, not observed",api.bitso.com/api/v3/ohlc
2026-03-31T15:00:00Z,Bitso,MXN,usdt_mxn,1h,18.011,"reported, not observed",api.bitso.com/api/v3/ohlc
2026-03-31T16:00:00Z,Bitso,MXN,usdt_mxn,1h,17.953,"reported, not observed",api.bitso.com/api/v3/ohlc
2026-03-31T17:00:00Z,Bitso,MXN,usdt_mxn,1h,17.945,"reported, not observed",api.bitso.com/api/v3/ohlc
2026-03-31T18:00:00Z,Bitso,MXN,usdt_mxn,1h,17.935,"reported, not observed",api.bitso.com/api/v3/ohlc
2026-03-31T19:00:00Z,Bitso,MXN,usdt_mxn,1h,17.916,"reported, not observed",api.bitso.com/api/v3/ohlc
2026-03-31T20:00:00Z,Bitso,MXN,usdt_mxn,1h,17.919,"reported, not observed",api.bitso.com/api/v3/ohlc
2026-03-31T21:00:00Z,Bitso,MXN,usdt_mxn,1h,17.913,"reported, not observed",api.bitso.com/api/v3/ohlc
2026-03-31T22:00:00Z,Bitso,MXN,usdt_mxn,1h,17.906,"reported, not observed",api.bitso.com/api/v3/ohlc
2026-03-31T23:00:00Z,Bitso,MXN,usdt_mxn,1h,17.882,"reported, not observed",api.bitso.com/api/v3/ohlc
2026-04-01T00:00:00Z,Bitso,MXN,usdt_mxn,1h,17.878,"reported, not observed",api.bitso.com/api/v3/ohlc
2026-04-01T01:00:00Z,Bitso,MXN,usdt_mxn,1h,17.892,"reported, not observed",api.bitso.com/api/v3/ohlc
2026-04-01T02:00:00Z,Bitso,MXN,usdt_mxn,1h,17.884,"reported, not observed",api.bitso.com/api/v3/ohlc
2026-04-01T03:00:00Z,Bitso,MXN,usdt_mxn,1h,17.902,"reported, not observed",api.bitso.com/api/v3/ohlc
2026-04-01T04:00:00Z,Bitso,MXN,usdt_mxn,1h,17.892,"reported, not observed",api.bitso.com/api/v3/ohlc
2026-04-01T05:00:00Z,Bitso,MXN,usdt_mxn,1h,17.881,"reported, not observed",api.bitso.com/api/v3/ohlc
2026-04-01T06:00:00Z,Bitso,MXN,usdt_mxn,1h,17.829,"reported, not observed",api.bitso.com/api/v3/ohlc
2026-04-01T07:00:00Z,Bitso,MXN,usdt_mxn,1h,17.861,"reported, not observed",api.bitso.com/api/v3/ohlc
2026-04-01T08:00:00Z,Bitso,MXN,usdt_mxn,1h,17.822,"reported, not observed",api.bitso.com/api/v3/ohlc
2026-04-01T09:00:00Z,Bitso,MXN,usdt_mxn,1h,17.835,"reported, not observed",api.bitso.com/api/v3/ohlc
2026-04-01T10:00:00Z,Bitso,MXN,usdt_mxn,1h,17.832,"reported, not observed",api.bitso.com/api/v3/ohlc
2026-04-01T11:00:00Z,Bitso,MXN,usdt_mxn,1h,17.84,"reported, not observed",api.bitso.com/api/v3/ohlc
2026-04-01T12:00:00Z,Bitso,MXN,usdt_mxn,1h,17.842,"reported, not observed",api.bitso.com/api/v3/ohlc
2026-04-01T13:00:00Z,Bitso,MXN,usdt_mxn,1h,17.825,"reported, not observed",api.bitso.com/api/v3/ohlc
2026-04-01T14:00:00Z,Bitso,MXN,usdt_mxn,1h,17.814,"reported, not observed",api.bitso.com/api/v3/ohlc
2026-04-01T15:00:00Z,Bitso,MXN,usdt_mxn,1h,17.794,"reported, not observed",api.bitso.com/api/v3/ohlc
2026-04-01T16:00:00Z,Bitso,MXN,usdt_mxn,1h,17.796,"reported, not observed",api.bitso.com/api/v3/ohlc
2026-04-01T17:00:00Z,Bitso,MXN,usdt_mxn,1h,17.82,"reported, not observed",api.bitso.com/api/v3/ohlc
2026-04-01T18:00:00Z,Bitso,MXN,usdt_mxn,1h,17.841,"reported, not observed",api.bitso.com/api/v3/ohlc
2026-04-01T19:00:00Z,Bitso,MXN,usdt_mxn,1h,17.833,"reported, not observed",api.bitso.com/api/v3/ohlc
2026-04-01T20:00:00Z,Bitso,MXN,usdt_mxn,1h,17.83,"reported, not observed",api.bitso.com/api/v3/ohlc
2026-04-01T21:00:00Z,Bitso,MXN,usdt_mxn,1h,17.836,"reported, not observed",api.bitso.com/api/v3/ohlc
2026-04-01T22:00:00Z,Bitso,MXN,usdt_mxn,1h,17.833,"reported, not observed",api.bitso.com/api/v3/ohlc
2026-04-01T23:00:00Z,Bitso,MXN,usdt_mxn,1h,17.845,"reported, not observed",api.bitso.com/api/v3/ohlc
2026-04-02T00:00:00Z,Bitso,MXN,usdt_mxn,1h,17.83,"reported, not observed",api.bitso.com/api/v3/ohlc
2026-04-02T01:00:00Z,Bitso,MXN,usdt_mxn,1h,17.928,"reported, not observed",api.bitso.com/api/v3/ohlc
2026-04-02T02:00:00Z,Bitso,MXN,usdt_mxn,1h,17.904,"reported, not observed",api.bitso.com/api/v3/ohlc
2026-04-02T03:00:00Z,Bitso,MXN,usdt_mxn,1h,17.92,"reported, not observed",api.bitso.com/api/v3/ohlc
2026-04-02T04:00:00Z,Bitso,MXN,usdt_mxn,1h,17.936,"reported, not observed",api.bitso.com/api/v3/ohlc
2026-04-02T05:00:00Z,Bitso,MXN,usdt_mxn,1h,17.947,"reported, not observed",api.bitso.com/api/v3/ohlc
2026-04-02T06:00:00Z,Bitso,MXN,usdt_mxn,1h,17.933,"reported, not observed",api.bitso.com/api/v3/ohlc
2026-04-02T07:00:00Z,Bitso,MXN,usdt_mxn,1h,17.924,"reported, not observed",api.bitso.com/api/v3/ohlc
2026-04-02T08:00:00Z,Bitso,MXN,usdt_mxn,1h,17.935,"reported, not observed",api.bitso.com/api/v3/ohlc
2026-04-02T09:00:00Z,Bitso,MXN,usdt_mxn,1h,17.934,"reported, not observed",api.bitso.com/api/v3/ohlc
2026-04-02T10:00:00Z,Bitso,MXN,usdt_mxn,1h,17.944,"reported, not observed",api.bitso.com/api/v3/ohlc
2026-04-02T11:00:00Z,Bitso,MXN,usdt_mxn,1h,17.945,"reported, not observed",api.bitso.com/api/v3/ohlc
2026-04-02T12:00:00Z,Bitso,MXN,usdt_mxn,1h,17.937,"reported, not observed",api.bitso.com/api/v3/ohlc
2026-04-02T13:00:00Z,Bitso,MXN,usdt_mxn,1h,17.905,"reported, not observed",api.bitso.com/api/v3/ohlc
2026-04-02T14:00:00Z,Bitso,MXN,usdt_mxn,1h,17.859,"reported, not observed",api.bitso.com/api/v3/ohlc
2026-04-02T15:00:00Z,Bitso,MXN,usdt_mxn,1h,17.861,"reported, not observed",api.bitso.com/api/v3/ohlc
2026-04-02T16:00:00Z,Bitso,MXN,usdt_mxn,1h,17.861,"reported, not observed",api.bitso.com/api/v3/ohlc
2026-04-02T17:00:00Z,Bitso,MXN,usdt_mxn,1h,17.872,"reported, not observed",api.bitso.com/api/v3/ohlc
2026-04-02T18:00:00Z,Bitso,MXN,usdt_mxn,1h,17.859,"reported, not observed",api.bitso.com/api/v3/ohlc
2026-04-02T19:00:00Z,Bitso,MXN,usdt_mxn,1h,17.867,"reported, not observed",api.bitso.com/api/v3/ohlc
2026-04-02T20:00:00Z,Bitso,MXN,usdt_mxn,1h,17.866,"reported, not observed",api.bitso.com/api/v3/ohlc
2026-04-02T21:00:00Z,Bitso,MXN,usdt_mxn,1h,17.868,"reported, not observed",api.bitso.com/api/v3/ohlc
2026-04-02T22:00:00Z,Bitso,MXN,usdt_mxn,1h,17.864,"reported, not observed",api.bitso.com/api/v3/ohlc
2026-04-02T23:00:00Z,Bitso,MXN,usdt_mxn,1h,17.857,"reported, not observed",api.bitso.com/api/v3/ohlc
2026-04-03T00:00:00Z,Bitso,MXN,usdt_mxn,1h,17.856,"reported, not observed",api.bitso.com/api/v3/ohlc
2026-04-03T01:00:00Z,Bitso,MXN,usdt_mxn,1h,17.866,"reported, not observed",api.bitso.com/api/v3/ohlc
2026-04-03T02:00:00Z,Bitso,MXN,usdt_mxn,1h,17.861,"reported, not observed",api.bitso.com/api/v3/ohlc
2026-04-03T03:00:00Z,Bitso,MXN,usdt_mxn,1h,17.863,"reported, not observed",api.bitso.com/api/v3/ohlc
2026-04-03T04:00:00Z,Bitso,MXN,usdt_mxn,1h,17.858,"reported, not observed",api.bitso.com/api/v3/ohlc
2026-04-03T05:00:00Z,Bitso,MXN,usdt_mxn,1h,17.858,"reported, not observed",api.bitso.com/api/v3/ohlc
2026-04-03T06:00:00Z,Bitso,MXN,usdt_mxn,1h,17.854,"reported, not observed",api.bitso.com/api/v3/ohlc
2026-04-03T07:00:00Z,Bitso,MXN,usdt_mxn,1h,17.848,"reported, not observed",api.bitso.com/api/v3/ohlc
2026-04-03T08:00:00Z,Bitso,MXN,usdt_mxn,1h,17.85,"reported, not observed",api.bitso.com/api/v3/ohlc
2026-04-03T09:00:00Z,Bitso,MXN,usdt_mxn,1h,17.854,"reported, not observed",api.bitso.com/api/v3/ohlc
2026-04-03T10:00:00Z,Bitso,MXN,usdt_mxn,1h,17.851,"reported, not observed",api.bitso.com/api/v3/ohlc
2026-04-03T11:00:00Z,Bitso,MXN,usdt_mxn,1h,17.867,"reported, not observed",api.bitso.com/api/v3/ohlc
2026-04-03T12:00:00Z,Bitso,MXN,usdt_mxn,1h,17.851,"reported, not observed",api.bitso.com/api/v3/ohlc
2026-04-03T13:00:00Z,Bitso,MXN,usdt_mxn,1h,17.853,"reported, not observed",api.bitso.com/api/v3/ohlc
2026-04-03T14:00:00Z,Bitso,MXN,usdt_mxn,1h,17.87,"reported, not observed",api.bitso.com/api/v3/ohlc
2026-04-03T15:00:00Z,Bitso,MXN,usdt_mxn,1h,17.869,"reported, not observed",api.bitso.com/api/v3/ohlc
2026-04-03T16:00:00Z,Bitso,MXN,usdt_mxn,1h,17.881,"reported, not observed",api.bitso.com/api/v3/ohlc
2026-04-03T17:00:00Z,Bitso,MXN,usdt_mxn,1h,17.893,"reported, not observed",api.bitso.com/api/v3/ohlc
2026-04-03T18:00:00Z,Bitso,MXN,usdt_mxn,1h,17.876,"reported, not observed",api.bitso.com/api/v3/ohlc
2026-04-03T19:00:00Z,Bitso,MXN,usdt_mxn,1h,17.866,"reported, not observed",api.bitso.com/api/v3/ohlc
2026-04-03T20:00:00Z,Bitso,MXN,usdt_mxn,1h,17.883,"reported, not observed",api.bitso.com/api/v3/ohlc
2026-04-03T21:00:00Z,Bitso,MXN,usdt_mxn,1h,17.885,"reported, not observed",api.bitso.com/api/v3/ohlc
2026-04-03T22:00:00Z,Bitso,MXN,usdt_mxn,1h,17.864,"reported, not observed",api.bitso.com/api/v3/ohlc
2026-04-03T23:00:00Z,Bitso,MXN,usdt_mxn,1h,17.853,"reported, not observed",api.bitso.com/api/v3/ohlc
2026-04-04T00:00:00Z,Bitso,MXN,usdt_mxn,1h,17.877,"reported, not observed",api.bitso.com/api/v3/ohlc
2026-04-04T01:00:00Z,Bitso,MXN,usdt_mxn,1h,17.875,"reported, not observed",api.bitso.com/api/v3/ohlc
2026-04-04T02:00:00Z,Bitso,MXN,usdt_mxn,1h,17.871,"reported, not observed",api.bitso.com/api/v3/ohlc
2026-04-04T03:00:00Z,Bitso,MXN,usdt_mxn,1h,17.874,"reported, not observed",api.bitso.com/api/v3/ohlc
2026-04-04T04:00:00Z,Bitso,MXN,usdt_mxn,1h,17.874,"reported, not observed",api.bitso.com/api/v3/ohlc
2026-04-04T05:00:00Z,Bitso,MXN,usdt_mxn,1h,17.859,"reported, not observed",api.bitso.com/api/v3/ohlc
2026-04-04T06:00:00Z,Bitso,MXN,usdt_mxn,1h,17.862,"reported, not observed",api.bitso.com/api/v3/ohlc
2026-04-04T07:00:00Z,Bitso,MXN,usdt_mxn,1h,17.859,"reported, not observed",api.bitso.com/api/v3/ohlc
2026-04-04T08:00:00Z,Bitso,MXN,usdt_mxn,1h,17.876,"reported, not observed",api.bitso.com/api/v3/ohlc
2026-04-04T09:00:00Z,Bitso,MXN,usdt_mxn,1h,17.856,"reported, not observed",api.bitso.com/api/v3/ohlc
2026-04-04T10:00:00Z,Bitso,MXN,usdt_mxn,1h,17.867,"reported, not observed",api.bitso.com/api/v3/ohlc
2026-04-04T11:00:00Z,Bitso,MXN,usdt_mxn,1h,17.856,"reported, not observed",api.bitso.com/api/v3/ohlc
2026-04-04T12:00:00Z,Bitso,MXN,usdt_mxn,1h,17.844,"reported, not observed",api.bitso.com/api/v3/ohlc
2026-04-04T13:00:00Z,Bitso,MXN,usdt_mxn,1h,17.852,"reported, not observed",api.bitso.com/api/v3/ohlc
2026-04-04T14:00:00Z,Bitso,MXN,usdt_mxn,1h,17.869,"reported, not observed",api.bitso.com/api/v3/ohlc
2026-04-04T15:00:00Z,Bitso,MXN,usdt_mxn,1h,17.878,"reported, not observed",api.bitso.com/api/v3/ohlc
2026-04-04T16:00:00Z,Bitso,MXN,usdt_mxn,1h,17.878,"reported, not observed",api.bitso.com/api/v3/ohlc
2026-04-04T17:00:00Z,Bitso,MXN,usdt_mxn,1h,17.874,"reported, not observed",api.bitso.com/api/v3/ohlc
2026-04-04T18:00:00Z,Bitso,MXN,usdt_mxn,1h,17.875,"reported, not observed",api.bitso.com/api/v3/ohlc
2026-04-04T19:00:00Z,Bitso,MXN,usdt_mxn,1h,17.875,"reported, not observed",api.bitso.com/api/v3/ohlc
2026-04-04T20:00:00Z,Bitso,MXN,usdt_mxn,1h,17.872,"reported, not observed",api.bitso.com/api/v3/ohlc
2026-04-04T21:00:00Z,Bitso,MXN,usdt_mxn,1h,17.86,"reported, not observed",api.bitso.com/api/v3/ohlc
2026-04-04T22:00:00Z,Bitso,MXN,usdt_mxn,1h,17.875,"reported, not observed",api.bitso.com/api/v3/ohlc
2026-04-04T23:00:00Z,Bitso,MXN,usdt_mxn,1h,17.86,"reported, not observed",api.bitso.com/api/v3/ohlc
2026-04-05T00:00:00Z,Bitso,MXN,usdt_mxn,1h,17.868,"reported, not observed",api.bitso.com/api/v3/ohlc
2026-04-05T01:00:00Z,Bitso,MXN,usdt_mxn,1h,17.88,"reported, not observed",api.bitso.com/api/v3/ohlc
2026-04-05T02:00:00Z,Bitso,MXN,usdt_mxn,1h,17.875,"reported, not observed",api.bitso.com/api/v3/ohlc
2026-04-05T03:00:00Z,Bitso,MXN,usdt_mxn,1h,17.86,"reported, not observed",api.bitso.com/api/v3/ohlc
2026-04-05T04:00:00Z,Bitso,MXN,usdt_mxn,1h,17.876,"reported, not observed",api.bitso.com/api/v3/ohlc
2026-04-05T05:00:00Z,Bitso,MXN,usdt_mxn,1h,17.882,"reported, not observed",api.bitso.com/api/v3/ohlc
2026-04-05T06:00:00Z,Bitso,MXN,usdt_mxn,1h,17.875,"reported, not observed",api.bitso.com/api/v3/ohlc
2026-04-05T07:00:00Z,Bitso,MXN,usdt_mxn,1h,17.873,"reported, not observed",api.bitso.com/api/v3/ohlc
2026-04-05T08:00:00Z,Bitso,MXN,usdt_mxn,1h,17.854,"reported, not observed",api.bitso.com/api/v3/ohlc
2026-04-05T09:00:00Z,Bitso,MXN,usdt_mxn,1h,17.871,"reported, not observed",api.bitso.com/api/v3/ohlc
2026-04-05T10:00:00Z,Bitso,MXN,usdt_mxn,1h,17.85,"reported, not observed",api.bitso.com/api/v3/ohlc
2026-04-05T11:00:00Z,Bitso,MXN,usdt_mxn,1h,17.85,"reported, not observed",api.bitso.com/api/v3/ohlc
2026-04-05T12:00:00Z,Bitso,MXN,usdt_mxn,1h,17.852,"reported, not observed",api.bitso.com/api/v3/ohlc
2026-04-05T13:00:00Z,Bitso,MXN,usdt_mxn,1h,17.855,"reported, not observed",api.bitso.com/api/v3/ohlc
2026-04-05T14:00:00Z,Bitso,MXN,usdt_mxn,1h,17.845,"reported, not observed",api.bitso.com/api/v3/ohlc
2026-04-05T15:00:00Z,Bitso,MXN,usdt_mxn,1h,17.849,"reported, not observed",api.bitso.com/api/v3/ohlc
2026-04-05T16:00:00Z,Bitso,MXN,usdt_mxn,1h,17.857,"reported, not observed",api.bitso.com/api/v3/ohlc
2026-04-05T17:00:00Z,Bitso,MXN,usdt_mxn,1h,17.852,"reported, not observed",api.bitso.com/api/v3/ohlc
2026-04-05T18:00:00Z,Bitso,MXN,usdt_mxn,1h,17.861,"reported, not observed",api.bitso.com/api/v3/ohlc
2026-04-05T19:00:00Z,Bitso,MXN,usdt_mxn,1h,17.856,"reported, not observed",api.bitso.com/api/v3/ohlc
2026-04-05T20:00:00Z,Bitso,MXN,usdt_mxn,1h,17.886,"reported, not observed",api.bitso.com/api/v3/ohlc
2026-04-05T21:00:00Z,Bitso,MXN,usdt_mxn,1h,17.882,"reported, not observed",api.bitso.com/api/v3/ohlc
2026-04-05T22:00:00Z,Bitso,MXN,usdt_mxn,1h,17.882,"reported, not observed",api.bitso.com/api/v3/ohlc
2026-04-05T23:00:00Z,Bitso,MXN,usdt_mxn,1h,17.885,"reported, not observed",api.bitso.com/api/v3/ohlc
2026-04-06T00:00:00Z,Bitso,MXN,usdt_mxn,1h,17.85,"reported, not observed",api.bitso.com/api/v3/ohlc
2026-04-06T01:00:00Z,Bitso,MXN,usdt_mxn,1h,17.857,"reported, not observed",api.bitso.com/api/v3/ohlc
2026-04-06T02:00:00Z,Bitso,MXN,usdt_mxn,1h,17.832,"reported, not observed",api.bitso.com/api/v3/ohlc
2026-04-06T03:00:00Z,Bitso,MXN,usdt_mxn,1h,17.834,"reported, not observed",api.bitso.com/api/v3/ohlc
2026-04-06T04:00:00Z,Bitso,MXN,usdt_mxn,1h,17.829,"reported, not observed",api.bitso.com/api/v3/ohlc
2026-04-06T05:00:00Z,Bitso,MXN,usdt_mxn,1h,17.833,"reported, not observed",api.bitso.com/api/v3/ohlc
2026-04-06T06:00:00Z,Bitso,MXN,usdt_mxn,1h,17.828,"reported, not observed",api.bitso.com/api/v3/ohlc
2026-04-06T07:00:00Z,Bitso,MXN,usdt_mxn,1h,17.794,"reported, not observed",api.bitso.com/api/v3/ohlc
2026-04-06T08:00:00Z,Bitso,MXN,usdt_mxn,1h,17.784,"reported, not observed",api.bitso.com/api/v3/ohlc
2026-04-06T09:00:00Z,Bitso,MXN,usdt_mxn,1h,17.781,"reported, not observed",api.bitso.com/api/v3/ohlc
2026-04-06T10:00:00Z,Bitso,MXN,usdt_mxn,1h,17.773,"reported, not observed",api.bitso.com/api/v3/ohlc
2026-04-06T11:00:00Z,Bitso,MXN,usdt_mxn,1h,17.784,"reported, not observed",api.bitso.com/api/v3/ohlc
2026-04-06T12:00:00Z,Bitso,MXN,usdt_mxn,1h,17.768,"reported, not observed",api.bitso.com/api/v3/ohlc
2026-04-06T13:00:00Z,Bitso,MXN,usdt_mxn,1h,17.743,"reported, not observed",api.bitso.com/api/v3/ohlc
2026-04-06T14:00:00Z,Bitso,MXN,usdt_mxn,1h,17.762,"reported, not observed",api.bitso.com/api/v3/ohlc
2026-04-06T15:00:00Z,Bitso,MXN,usdt_mxn,1h,17.782,"reported, not observed",api.bitso.com/api/v3/ohlc
2026-04-06T16:00:00Z,Bitso,MXN,usdt_mxn,1h,17.794,"reported, not observed",api.bitso.com/api/v3/ohlc
2026-04-06T17:00:00Z,Bitso,MXN,usdt_mxn,1h,17.803,"reported, not observed",api.bitso.com/api/v3/ohlc
2026-04-06T18:00:00Z,Bitso,MXN,usdt_mxn,1h,17.787,"reported, not observed",api.bitso.com/api/v3/ohlc
2026-04-06T19:00:00Z,Bitso,MXN,usdt_mxn,1h,17.777,"reported, not observed",api.bitso.com/api/v3/ohlc
2026-04-06T20:00:00Z,Bitso,MXN,usdt_mxn,1h,17.771,"reported, not observed",api.bitso.com/api/v3/ohlc
2026-04-06T21:00:00Z,Bitso,MXN,usdt_mxn,1h,17.783,"reported, not observed",api.bitso.com/api/v3/ohlc
2026-04-06T22:00:00Z,Bitso,MXN,usdt_mxn,1h,17.781,"reported, not observed",api.bitso.com/api/v3/ohlc
2026-04-06T23:00:00Z,Bitso,MXN,usdt_mxn,1h,17.78,"reported, not observed",api.bitso.com/api/v3/ohlc
2026-04-07T00:00:00Z,Bitso,MXN,usdt_mxn,1h,17.782,"reported, not observed",api.bitso.com/api/v3/ohlc
2026-04-07T01:00:00Z,Bitso,MXN,usdt_mxn,1h,17.795,"reported, not observed",api.bitso.com/api/v3/ohlc
2026-04-07T02:00:00Z,Bitso,MXN,usdt_mxn,1h,17.797,"reported, not observed",api.bitso.com/api/v3/ohlc
2026-04-07T03:00:00Z,Bitso,MXN,usdt_mxn,1h,17.788,"reported, not observed",api.bitso.com/api/v3/ohlc
2026-04-07T04:00:00Z,Bitso,MXN,usdt_mxn,1h,17.777,"reported, not observed",api.bitso.com/api/v3/ohlc
2026-04-07T05:00:00Z,Bitso,MXN,usdt_mxn,1h,17.785,"reported, not observed",api.bitso.com/api/v3/ohlc
2026-04-07T06:00:00Z,Bitso,MXN,usdt_mxn,1h,17.785,"reported, not observed",api.bitso.com/api/v3/ohlc
2026-04-07T07:00:00Z,Bitso,MXN,usdt_mxn,1h,17.789,"reported, not observed",api.bitso.com/api/v3/ohlc
2026-04-07T08:00:00Z,Bitso,MXN,usdt_mxn,1h,17.727,"reported, not observed",api.bitso.com/api/v3/ohlc
2026-04-07T09:00:00Z,Bitso,MXN,usdt_mxn,1h,17.723,"reported, not observed",api.bitso.com/api/v3/ohlc
2026-04-07T10:00:00Z,Bitso,MXN,usdt_mxn,1h,17.745,"reported, not observed",api.bitso.com/api/v3/ohlc
2026-04-07T11:00:00Z,Bitso,MXN,usdt_mxn,1h,17.744,"reported, not observed",api.bitso.com/api/v3/ohlc
2026-04-07T12:00:00Z,Bitso,MXN,usdt_mxn,1h,17.732,"reported, not observed",api.bitso.com/api/v3/ohlc
2026-04-07T13:00:00Z,Bitso,MXN,usdt_mxn,1h,17.733,"reported, not observed",api.bitso.com/api/v3/ohlc
2026-04-07T14:00:00Z,Bitso,MXN,usdt_mxn,1h,17.744,"reported, not observed",api.bitso.com/api/v3/ohlc
2026-04-07T15:00:00Z,Bitso,MXN,usdt_mxn,1h,17.755,"reported, not observed",api.bitso.com/api/v3/ohlc
2026-04-07T16:00:00Z,Bitso,MXN,usdt_mxn,1h,17.75,"reported, not observed",api.bitso.com/api/v3/ohlc
2026-04-07T17:00:00Z,Bitso,MXN,usdt_mxn,1h,17.736,"reported, not observed",api.bitso.com/api/v3/ohlc
2026-04-07T18:00:00Z,Bitso,MXN,usdt_mxn,1h,17.731,"reported, not observed",api.bitso.com/api/v3/ohlc
2026-04-07T19:00:00Z,Bitso,MXN,usdt_mxn,1h,17.694,"reported, not observed",api.bitso.com/api/v3/ohlc
2026-04-07T20:00:00Z,Bitso,MXN,usdt_mxn,1h,17.698,"reported, not observed",api.bitso.com/api/v3/ohlc
2026-04-07T21:00:00Z,Bitso,MXN,usdt_mxn,1h,17.708,"reported, not observed",api.bitso.com/api/v3/ohlc
2026-04-07T22:00:00Z,Bitso,MXN,usdt_mxn,1h,17.602,"reported, not observed",api.bitso.com/api/v3/ohlc
2026-04-07T23:00:00Z,Bitso,MXN,usdt_mxn,1h,17.52,"reported, not observed",api.bitso.com/api/v3/ohlc
2026-04-08T00:00:00Z,Bitso,MXN,usdt_mxn,1h,17.538,"reported, not observed",api.bitso.com/api/v3/ohlc
2026-04-08T01:00:00Z,Bitso,MXN,usdt_mxn,1h,17.535,"reported, not observed",api.bitso.com/api/v3/ohlc
2026-04-08T02:00:00Z,Bitso,MXN,usdt_mxn,1h,17.53,"reported, not observed",api.bitso.com/api/v3/ohlc
2026-04-08T03:00:00Z,Bitso,MXN,usdt_mxn,1h,17.529,"reported, not observed",api.bitso.com/api/v3/ohlc
2026-04-08T04:00:00Z,Bitso,MXN,usdt_mxn,1h,17.515,"reported, not observed",api.bitso.com/api/v3/ohlc
2026-04-08T05:00:00Z,Bitso,MXN,usdt_mxn,1h,17.49,"reported, not observed",api.bitso.com/api/v3/ohlc
2026-04-08T06:00:00Z,Bitso,MXN,usdt_mxn,1h,17.487,"reported, not observed",api.bitso.com/api/v3/ohlc
2026-04-08T07:00:00Z,Bitso,MXN,usdt_mxn,1h,17.462,"reported, not observed",api.bitso.com/api/v3/ohlc
2026-04-08T08:00:00Z,Bitso,MXN,usdt_mxn,1h,17.475,"reported, not observed",api.bitso.com/api/v3/ohlc
2026-04-08T09:00:00Z,Bitso,MXN,usdt_mxn,1h,17.454,"reported, not observed",api.bitso.com/api/v3/ohlc
2026-04-08T10:00:00Z,Bitso,MXN,usdt_mxn,1h,17.456,"reported, not observed",api.bitso.com/api/v3/ohlc
2026-04-08T11:00:00Z,Bitso,MXN,usdt_mxn,1h,17.427,"reported, not observed",api.bitso.com/api/v3/ohlc
2026-04-08T12:00:00Z,Bitso,MXN,usdt_mxn,1h,17.378,"reported, not observed",api.bitso.com/api/v3/ohlc
2026-04-08T13:00:00Z,Bitso,MXN,usdt_mxn,1h,17.408,"reported, not observed",api.bitso.com/api/v3/ohlc
2026-04-08T14:00:00Z,Bitso,MXN,usdt_mxn,1h,17.431,"reported, not observed",api.bitso.com/api/v3/ohlc
2026-04-08T15:00:00Z,Bitso,MXN,usdt_mxn,1h,17.417,"reported, not observed",api.bitso.com/api/v3/ohlc
2026-04-08T16:00:00Z,Bitso,MXN,usdt_mxn,1h,17.419,"reported, not observed",api.bitso.com/api/v3/ohlc
2026-04-08T17:00:00Z,Bitso,MXN,usdt_mxn,1h,17.417,"reported, not observed",api.bitso.com/api/v3/ohlc
2026-04-08T18:00:00Z,Bitso,MXN,usdt_mxn,1h,17.472,"reported, not observed",api.bitso.com/api/v3/ohlc
2026-04-08T19:00:00Z,Bitso,MXN,usdt_mxn,1h,17.438,"reported, not observed",api.bitso.com/api/v3/ohlc
2026-04-08T20:00:00Z,Bitso,MXN,usdt_mxn,1h,17.457,"reported, not observed",api.bitso.com/api/v3/ohlc
2026-04-08T21:00:00Z,Bitso,MXN,usdt_mxn,1h,17.443,"reported, not observed",api.bitso.com/api/v3/ohlc
2026-04-08T22:00:00Z,Bitso,MXN,usdt_mxn,1h,17.451,"reported, not observed",api.bitso.com/api/v3/ohlc
2026-04-08T23:00:00Z,Bitso,MXN,usdt_mxn,1h,17.451,"reported, not observed",api.bitso.com/api/v3/ohlc
2026-04-09T00:00:00Z,Bitso,MXN,usdt_mxn,1h,17.46,"reported, not observed",api.bitso.com/api/v3/ohlc
2026-04-09T01:00:00Z,Bitso,MXN,usdt_mxn,1h,17.454,"reported, not observed",api.bitso.com/api/v3/ohlc
2026-04-09T02:00:00Z,Bitso,MXN,usdt_mxn,1h,17.457,"reported, not observed",api.bitso.com/api/v3/ohlc
2026-04-09T03:00:00Z,Bitso,MXN,usdt_mxn,1h,17.464,"reported, not observed",api.bitso.com/api/v3/ohlc
2026-04-09T04:00:00Z,Bitso,MXN,usdt_mxn,1h,17.451,"reported, not observed",api.bitso.com/api/v3/ohlc
2026-04-09T05:00:00Z,Bitso,MXN,usdt_mxn,1h,17.457,"reported, not observed",api.bitso.com/api/v3/ohlc
2026-04-09T06:00:00Z,Bitso,MXN,usdt_mxn,1h,17.459,"reported, not observed",api.bitso.com/api/v3/ohlc
2026-04-09T07:00:00Z,Bitso,MXN,usdt_mxn,1h,17.471,"reported, not observed",api.bitso.com/api/v3/ohlc
2026-04-09T08:00:00Z,Bitso,MXN,usdt_mxn,1h,17.455,"reported, not observed",api.bitso.com/api/v3/ohlc
2026-04-09T09:00:00Z,Bitso,MXN,usdt_mxn,1h,17.435,"reported, not observed",api.bitso.com/api/v3/ohlc
2026-04-09T10:00:00Z,Bitso,MXN,usdt_mxn,1h,17.436,"reported, not observed",api.bitso.com/api/v3/ohlc
2026-04-09T11:00:00Z,Bitso,MXN,usdt_mxn,1h,17.426,"reported, not observed",api.bitso.com/api/v3/ohlc
2026-04-09T12:00:00Z,Bitso,MXN,usdt_mxn,1h,17.417,"reported, not observed",api.bitso.com/api/v3/ohlc
2026-04-09T13:00:00Z,Bitso,MXN,usdt_mxn,1h,17.401,"reported, not observed",api.bitso.com/api/v3/ohlc
2026-04-09T14:00:00Z,Bitso,MXN,usdt_mxn,1h,17.397,"reported, not observed",api.bitso.com/api/v3/ohlc
2026-04-09T15:00:00Z,Bitso,MXN,usdt_mxn,1h,17.356,"reported, not observed",api.bitso.com/api/v3/ohlc
2026-04-09T16:00:00Z,Bitso,MXN,usdt_mxn,1h,17.343,"reported, not observed",api.bitso.com/api/v3/ohlc
2026-04-09T17:00:00Z,Bitso,MXN,usdt_mxn,1h,17.344,"reported, not observed",api.bitso.com/api/v3/ohlc
2026-04-09T18:00:00Z,Bitso,MXN,usdt_mxn,1h,17.374,"reported, not observed",api.bitso.com/api/v3/ohlc
2026-04-09T19:00:00Z,Bitso,MXN,usdt_mxn,1h,17.369,"reported, not observed",api.bitso.com/api/v3/ohlc
2026-04-09T20:00:00Z,Bitso,MXN,usdt_mxn,1h,17.375,"reported, not observed",api.bitso.com/api/v3/ohlc
2026-04-09T21:00:00Z,Bitso,MXN,usdt_mxn,1h,17.374,"reported, not observed",api.bitso.com/api/v3/ohlc
2026-04-09T22:00:00Z,Bitso,MXN,usdt_mxn,1h,17.373,"reported, not observed",api.bitso.com/api/v3/ohlc
2026-04-09T23:00:00Z,Bitso,MXN,usdt_mxn,1h,17.382,"reported, not observed",api.bitso.com/api/v3/ohlc
2026-04-10T00:00:00Z,Bitso,MXN,usdt_mxn,1h,17.381,"reported, not observed",api.bitso.com/api/v3/ohlc
2026-04-10T01:00:00Z,Bitso,MXN,usdt_mxn,1h,17.379,"reported, not observed",api.bitso.com/api/v3/ohlc
2026-04-10T02:00:00Z,Bitso,MXN,usdt_mxn,1h,17.387,"reported, not observed",api.bitso.com/api/v3/ohlc
2026-04-10T03:00:00Z,Bitso,MXN,usdt_mxn,1h,17.384,"reported, not observed",api.bitso.com/api/v3/ohlc
2026-04-10T04:00:00Z,Bitso,MXN,usdt_mxn,1h,17.386,"reported, not observed",api.bitso.com/api/v3/ohlc
2026-04-10T05:00:00Z,Bitso,MXN,usdt_mxn,1h,17.389,"reported, not observed",api.bitso.com/api/v3/ohlc
2026-04-10T06:00:00Z,Bitso,MXN,usdt_mxn,1h,17.397,"reported, not observed",api.bitso.com/api/v3/ohlc
2026-04-10T07:00:00Z,Bitso,MXN,usdt_mxn,1h,17.407,"reported, not observed",api.bitso.com/api/v3/ohlc
2026-04-10T08:00:00Z,Bitso,MXN,usdt_mxn,1h,17.408,"reported, not observed",api.bitso.com/api/v3/ohlc
2026-04-10T09:00:00Z,Bitso,MXN,usdt_mxn,1h,17.369,"reported, not observed",api.bitso.com/api/v3/ohlc
2026-04-10T10:00:00Z,Bitso,MXN,usdt_mxn,1h,17.355,"reported, not observed",api.bitso.com/api/v3/ohlc
2026-04-10T11:00:00Z,Bitso,MXN,usdt_mxn,1h,17.348,"reported, not observed",api.bitso.com/api/v3/ohlc
2026-04-10T12:00:00Z,Bitso,MXN,usdt_mxn,1h,17.331,"reported, not observed",api.bitso.com/api/v3/ohlc
2026-04-10T13:00:00Z,Bitso,MXN,usdt_mxn,1h,17.283,"reported, not observed",api.bitso.com/api/v3/ohlc
2026-04-10T14:00:00Z,Bitso,MXN,usdt_mxn,1h,17.277,"reported, not observed",api.bitso.com/api/v3/ohlc
2026-04-10T15:00:00Z,Bitso,MXN,usdt_mxn,1h,17.293,"reported, not observed",api.bitso.com/api/v3/ohlc
2026-04-10T16:00:00Z,Bitso,MXN,usdt_mxn,1h,17.296,"reported, not observed",api.bitso.com/api/v3/ohlc
2026-04-10T17:00:00Z,Bitso,MXN,usdt_mxn,1h,17.309,"reported, not observed",api.bitso.com/api/v3/ohlc
2026-04-10T18:00:00Z,Bitso,MXN,usdt_mxn,1h,17.31,"reported, not observed",api.bitso.com/api/v3/ohlc
2026-04-10T19:00:00Z,Bitso,MXN,usdt_mxn,1h,17.329,"reported, not observed",api.bitso.com/api/v3/ohlc
2026-04-10T20:00:00Z,Bitso,MXN,usdt_mxn,1h,17.308,"reported, not observed",api.bitso.com/api/v3/ohlc
2026-04-10T21:00:00Z,Bitso,MXN,usdt_mxn,1h,17.304,"reported, not observed",api.bitso.com/api/v3/ohlc
2026-04-10T22:00:00Z,Bitso,MXN,usdt_mxn,1h,17.308,"reported, not observed",api.bitso.com/api/v3/ohlc
2026-04-10T23:00:00Z,Bitso,MXN,usdt_mxn,1h,17.329,"reported, not observed",api.bitso.com/api/v3/ohlc
2026-04-11T00:00:00Z,Bitso,MXN,usdt_mxn,1h,17.342,"reported, not observed",api.bitso.com/api/v3/ohlc
2026-04-11T01:00:00Z,Bitso,MXN,usdt_mxn,1h,17.33,"reported, not observed",api.bitso.com/api/v3/ohlc
2026-04-11T02:00:00Z,Bitso,MXN,usdt_mxn,1h,17.347,"reported, not observed",api.bitso.com/api/v3/ohlc
2026-04-11T03:00:00Z,Bitso,MXN,usdt_mxn,1h,17.34,"reported, not observed",api.bitso.com/api/v3/ohlc
2026-04-11T04:00:00Z,Bitso,MXN,usdt_mxn,1h,17.325,"reported, not observed",api.bitso.com/api/v3/ohlc
2026-04-11T05:00:00Z,Bitso,MXN,usdt_mxn,1h,17.326,"reported, not observed",api.bitso.com/api/v3/ohlc
2026-04-11T06:00:00Z,Bitso,MXN,usdt_mxn,1h,17.334,"reported, not observed",api.bitso.com/api/v3/ohlc
2026-04-11T07:00:00Z,Bitso,MXN,usdt_mxn,1h,17.351,"reported, not observed",api.bitso.com/api/v3/ohlc
2026-04-11T08:00:00Z,Bitso,MXN,usdt_mxn,1h,17.325,"reported, not observed",api.bitso.com/api/v3/ohlc
2026-04-11T09:00:00Z,Bitso,MXN,usdt_mxn,1h,17.338,"reported, not observed",api.bitso.com/api/v3/ohlc
2026-04-11T10:00:00Z,Bitso,MXN,usdt_mxn,1h,17.338,"reported, not observed",api.bitso.com/api/v3/ohlc
2026-04-11T11:00:00Z,Bitso,MXN,usdt_mxn,1h,17.322,"reported, not observed",api.bitso.com/api/v3/ohlc
2026-04-11T12:00:00Z,Bitso,MXN,usdt_mxn,1h,17.332,"reported, not observed",api.bitso.com/api/v3/ohlc
2026-04-11T13:00:00Z,Bitso,MXN,usdt_mxn,1h,17.319,"reported, not observed",api.bitso.com/api/v3/ohlc
2026-04-11T14:00:00Z,Bitso,MXN,usdt_mxn,1h,17.323,"reported, not observed",api.bitso.com/api/v3/ohlc
2026-04-11T15:00:00Z,Bitso,MXN,usdt_mxn,1h,17.327,"reported, not observed",api.bitso.com/api/v3/ohlc
2026-04-11T16:00:00Z,Bitso,MXN,usdt_mxn,1h,17.321,"reported, not observed",api.bitso.com/api/v3/ohlc
2026-04-11T17:00:00Z,Bitso,MXN,usdt_mxn,1h,17.334,"reported, not observed",api.bitso.com/api/v3/ohlc
2026-04-11T18:00:00Z,Bitso,MXN,usdt_mxn,1h,17.323,"reported, not observed",api.bitso.com/api/v3/ohlc
2026-04-11T19:00:00Z,Bitso,MXN,usdt_mxn,1h,17.351,"reported, not observed",api.bitso.com/api/v3/ohlc
2026-04-11T20:00:00Z,Bitso,MXN,usdt_mxn,1h,17.341,"reported, not observed",api.bitso.com/api/v3/ohlc
2026-04-11T21:00:00Z,Bitso,MXN,usdt_mxn,1h,17.325,"reported, not observed",api.bitso.com/api/v3/ohlc
2026-04-11T22:00:00Z,Bitso,MXN,usdt_mxn,1h,17.319,"reported, not observed",api.bitso.com/api/v3/ohlc
2026-04-11T23:00:00Z,Bitso,MXN,usdt_mxn,1h,17.319,"reported, not observed",api.bitso.com/api/v3/ohlc
2026-04-12T00:00:00Z,Bitso,MXN,usdt_mxn,1h,17.33,"reported, not observed",api.bitso.com/api/v3/ohlc
2026-04-12T01:00:00Z,Bitso,MXN,usdt_mxn,1h,17.327,"reported, not observed",api.bitso.com/api/v3/ohlc
2026-04-12T02:00:00Z,Bitso,MXN,usdt_mxn,1h,17.33,"reported, not observed",api.bitso.com/api/v3/ohlc
2026-04-12T03:00:00Z,Bitso,MXN,usdt_mxn,1h,17.322,"reported, not observed",api.bitso.com/api/v3/ohlc
2026-04-12T04:00:00Z,Bitso,MXN,usdt_mxn,1h,17.333,"reported, not observed",api.bitso.com/api/v3/ohlc
2026-04-12T05:00:00Z,Bitso,MXN,usdt_mxn,1h,17.327,"reported, not observed",api.bitso.com/api/v3/ohlc
2026-04-12T06:00:00Z,Bitso,MXN,usdt_mxn,1h,17.332,"reported, not observed",api.bitso.com/api/v3/ohlc
2026-04-12T07:00:00Z,Bitso,MXN,usdt_mxn,1h,17.324,"reported, not observed",api.bitso.com/api/v3/ohlc
2026-04-12T08:00:00Z,Bitso,MXN,usdt_mxn,1h,17.331,"reported, not observed",api.bitso.com/api/v3/ohlc
2026-04-12T09:00:00Z,Bitso,MXN,usdt_mxn,1h,17.322,"reported, not observed",api.bitso.com/api/v3/ohlc
2026-04-12T10:00:00Z,Bitso,MXN,usdt_mxn,1h,17.331,"reported, not observed",api.bitso.com/api/v3/ohlc
2026-04-12T11:00:00Z,Bitso,MXN,usdt_mxn,1h,17.336,"reported, not observed",api.bitso.com/api/v3/ohlc
2026-04-12T12:00:00Z,Bitso,MXN,usdt_mxn,1h,17.327,"reported, not observed",api.bitso.com/api/v3/ohlc
2026-04-12T13:00:00Z,Bitso,MXN,usdt_mxn,1h,17.338,"reported, not observed",api.bitso.com/api/v3/ohlc
2026-04-12T14:00:00Z,Bitso,MXN,usdt_mxn,1h,17.333,"reported, not observed",api.bitso.com/api/v3/ohlc
2026-04-12T15:00:00Z,Bitso,MXN,usdt_mxn,1h,17.331,"reported, not observed",api.bitso.com/api/v3/ohlc
2026-04-12T16:00:00Z,Bitso,MXN,usdt_mxn,1h,17.321,"reported, not observed",api.bitso.com/api/v3/ohlc
2026-04-12T17:00:00Z,Bitso,MXN,usdt_mxn,1h,17.347,"reported, not observed",api.bitso.com/api/v3/ohlc
2026-04-12T18:00:00Z,Bitso,MXN,usdt_mxn,1h,17.332,"reported, not observed",api.bitso.com/api/v3/ohlc
2026-04-12T19:00:00Z,Bitso,MXN,usdt_mxn,1h,17.326,"reported, not observed",api.bitso.com/api/v3/ohlc
2026-04-12T20:00:00Z,Bitso,MXN,usdt_mxn,1h,17.333,"reported, not observed",api.bitso.com/api/v3/ohlc
2026-04-12T21:00:00Z,Bitso,MXN,usdt_mxn,1h,17.398,"reported, not observed",api.bitso.com/api/v3/ohlc
2026-04-12T22:00:00Z,Bitso,MXN,usdt_mxn,1h,17.422,"reported, not observed",api.bitso.com/api/v3/ohlc
2026-04-12T23:00:00Z,Bitso,MXN,usdt_mxn,1h,17.439,"reported, not observed",api.bitso.com/api/v3/ohlc
2026-04-13T00:00:00Z,Bitso,MXN,usdt_mxn,1h,17.41,"reported, not observed",api.bitso.com/api/v3/ohlc
2026-04-13T01:00:00Z,Bitso,MXN,usdt_mxn,1h,17.413,"reported, not observed",api.bitso.com/api/v3/ohlc
2026-04-13T02:00:00Z,Bitso,MXN,usdt_mxn,1h,17.41,"reported, not observed",api.bitso.com/api/v3/ohlc
2026-04-13T03:00:00Z,Bitso,MXN,usdt_mxn,1h,17.411,"reported, not observed",api.bitso.com/api/v3/ohlc
2026-04-13T04:00:00Z,Bitso,MXN,usdt_mxn,1h,17.411,"reported, not observed",api.bitso.com/api/v3/ohlc
2026-04-13T05:00:00Z,Bitso,MXN,usdt_mxn,1h,17.402,"reported, not observed",api.bitso.com/api/v3/ohlc
2026-04-13T06:00:00Z,Bitso,MXN,usdt_mxn,1h,17.41,"reported, not observed",api.bitso.com/api/v3/ohlc
2026-04-13T07:00:00Z,Bitso,MXN,usdt_mxn,1h,17.392,"reported, not observed",api.bitso.com/api/v3/ohlc
2026-04-13T08:00:00Z,Bitso,MXN,usdt_mxn,1h,17.39,"reported, not observed",api.bitso.com/api/v3/ohlc
2026-04-13T09:00:00Z,Bitso,MXN,usdt_mxn,1h,17.372,"reported, not observed",api.bitso.com/api/v3/ohlc
2026-04-13T10:00:00Z,Bitso,MXN,usdt_mxn,1h,17.358,"reported, not observed",api.bitso.com/api/v3/ohlc
2026-04-13T11:00:00Z,Bitso,MXN,usdt_mxn,1h,17.377,"reported, not observed",api.bitso.com/api/v3/ohlc
2026-04-13T12:00:00Z,Bitso,MXN,usdt_mxn,1h,17.35,"reported, not observed",api.bitso.com/api/v3/ohlc
2026-04-13T13:00:00Z,Bitso,MXN,usdt_mxn,1h,17.341,"reported, not observed",api.bitso.com/api/v3/ohlc
2026-04-13T14:00:00Z,Bitso,MXN,usdt_mxn,1h,17.35,"reported, not observed",api.bitso.com/api/v3/ohlc
2026-04-13T15:00:00Z,Bitso,MXN,usdt_mxn,1h,17.359,"reported, not observed",api.bitso.com/api/v3/ohlc
2026-04-13T16:00:00Z,Bitso,MXN,usdt_mxn,1h,17.332,"reported, not observed",api.bitso.com/api/v3/ohlc
2026-04-13T17:00:00Z,Bitso,MXN,usdt_mxn,1h,17.315,"reported, not observed",api.bitso.com/api/v3/ohlc
2026-04-13T18:00:00Z,Bitso,MXN,usdt_mxn,1h,17.301,"reported, not observed",api.bitso.com/api/v3/ohlc
2026-04-13T19:00:00Z,Bitso,MXN,usdt_mxn,1h,17.301,"reported, not observed",api.bitso.com/api/v3/ohlc
2026-04-13T20:00:00Z,Bitso,MXN,usdt_mxn,1h,17.307,"reported, not observed",api.bitso.com/api/v3/ohlc
2026-04-13T21:00:00Z,Bitso,MXN,usdt_mxn,1h,17.322,"reported, not observed",api.bitso.com/api/v3/ohlc
2026-04-13T22:00:00Z,Bitso,MXN,usdt_mxn,1h,17.301,"reported, not observed",api.bitso.com/api/v3/ohlc
2026-04-13T23:00:00Z,Bitso,MXN,usdt_mxn,1h,17.301,"reported, not observed",api.bitso.com/api/v3/ohlc
2026-04-14T00:00:00Z,Bitso,MXN,usdt_mxn,1h,17.312,"reported, not observed",api.bitso.com/api/v3/ohlc
2026-04-14T01:00:00Z,Bitso,MXN,usdt_mxn,1h,17.31,"reported, not observed",api.bitso.com/api/v3/ohlc
2026-04-14T02:00:00Z,Bitso,MXN,usdt_mxn,1h,17.311,"reported, not observed",api.bitso.com/api/v3/ohlc
2026-04-14T03:00:00Z,Bitso,MXN,usdt_mxn,1h,17.302,"reported, not observed",api.bitso.com/api/v3/ohlc
2026-04-14T04:00:00Z,Bitso,MXN,usdt_mxn,1h,17.309,"reported, not observed",api.bitso.com/api/v3/ohlc
2026-04-14T05:00:00Z,Bitso,MXN,usdt_mxn,1h,17.308,"reported, not observed",api.bitso.com/api/v3/ohlc
2026-04-14T06:00:00Z,Bitso,MXN,usdt_mxn,1h,17.293,"reported, not observed",api.bitso.com/api/v3/ohlc
2026-04-14T07:00:00Z,Bitso,MXN,usdt_mxn,1h,17.287,"reported, not observed",api.bitso.com/api/v3/ohlc
2026-04-14T08:00:00Z,Bitso,MXN,usdt_mxn,1h,17.265,"reported, not observed",api.bitso.com/api/v3/ohlc
2026-04-14T09:00:00Z,Bitso,MXN,usdt_mxn,1h,17.267,"reported, not observed",api.bitso.com/api/v3/ohlc
2026-04-14T10:00:00Z,Bitso,MXN,usdt_mxn,1h,17.256,"reported, not observed",api.bitso.com/api/v3/ohlc
2026-04-14T11:00:00Z,Bitso,MXN,usdt_mxn,1h,17.203,"reported, not observed",api.bitso.com/api/v3/ohlc
2026-04-14T12:00:00Z,Bitso,MXN,usdt_mxn,1h,17.221,"reported, not observed",api.bitso.com/api/v3/ohlc
2026-04-14T13:00:00Z,Bitso,MXN,usdt_mxn,1h,17.245,"reported, not observed",api.bitso.com/api/v3/ohlc
2026-04-14T14:00:00Z,Bitso,MXN,usdt_mxn,1h,17.242,"reported, not observed",api.bitso.com/api/v3/ohlc
2026-04-14T15:00:00Z,Bitso,MXN,usdt_mxn,1h,17.265,"reported, not observed",api.bitso.com/api/v3/ohlc
2026-04-14T16:00:00Z,Bitso,MXN,usdt_mxn,1h,17.267,"reported, not observed",api.bitso.com/api/v3/ohlc
2026-04-14T17:00:00Z,Bitso,MXN,usdt_mxn,1h,17.275,"reported, not observed",api.bitso.com/api/v3/ohlc
2026-04-14T18:00:00Z,Bitso,MXN,usdt_mxn,1h,17.279,"reported, not observed",api.bitso.com/api/v3/ohlc
2026-04-14T19:00:00Z,Bitso,MXN,usdt_mxn,1h,17.279,"reported, not observed",api.bitso.com/api/v3/ohlc
2026-04-14T20:00:00Z,Bitso,MXN,usdt_mxn,1h,17.277,"reported, not observed",api.bitso.com/api/v3/ohlc
2026-04-14T21:00:00Z,Bitso,MXN,usdt_mxn,1h,17.303,"reported, not observed",api.bitso.com/api/v3/ohlc
2026-04-14T22:00:00Z,Bitso,MXN,usdt_mxn,1h,17.277,"reported, not observed",api.bitso.com/api/v3/ohlc
2026-04-14T23:00:00Z,Bitso,MXN,usdt_mxn,1h,17.265,"reported, not observed",api.bitso.com/api/v3/ohlc
2026-04-15T00:00:00Z,Bitso,MXN,usdt_mxn,1h,17.267,"reported, not observed",api.bitso.com/api/v3/ohlc
2026-04-15T01:00:00Z,Bitso,MXN,usdt_mxn,1h,17.261,"reported, not observed",api.bitso.com/api/v3/ohlc
2026-04-15T02:00:00Z,Bitso,MXN,usdt_mxn,1h,17.27,"reported, not observed",api.bitso.com/api/v3/ohlc
2026-04-15T03:00:00Z,Bitso,MXN,usdt_mxn,1h,17.263,"reported, not observed",api.bitso.com/api/v3/ohlc
2026-04-15T04:00:00Z,Bitso,MXN,usdt_mxn,1h,17.265,"reported, not observed",api.bitso.com/api/v3/ohlc
2026-04-15T05:00:00Z,Bitso,MXN,usdt_mxn,1h,17.269,"reported, not observed",api.bitso.com/api/v3/ohlc
2026-04-15T06:00:00Z,Bitso,MXN,usdt_mxn,1h,17.271,"reported, not observed",api.bitso.com/api/v3/ohlc
2026-04-15T07:00:00Z,Bitso,MXN,usdt_mxn,1h,17.281,"reported, not observed",api.bitso.com/api/v3/ohlc
2026-04-15T08:00:00Z,Bitso,MXN,usdt_mxn,1h,17.267,"reported, not observed",api.bitso.com/api/v3/ohlc
2026-04-15T09:00:00Z,Bitso,MXN,usdt_mxn,1h,17.279,"reported, not observed",api.bitso.com/api/v3/ohlc
2026-04-15T10:00:00Z,Bitso,MXN,usdt_mxn,1h,17.292,"reported, not observed",api.bitso.com/api/v3/ohlc
2026-04-15T11:00:00Z,Bitso,MXN,usdt_mxn,1h,17.289,"reported, not observed",api.bitso.com/api/v3/ohlc
2026-04-15T12:00:00Z,Bitso,MXN,usdt_mxn,1h,17.272,"reported, not observed",api.bitso.com/api/v3/ohlc
2026-04-15T13:00:00Z,Bitso,MXN,usdt_mxn,1h,17.276,"reported, not observed",api.bitso.com/api/v3/ohlc
2026-04-15T14:00:00Z,Bitso,MXN,usdt_mxn,1h,17.261,"reported, not observed",api.bitso.com/api/v3/ohlc
2026-04-15T15:00:00Z,Bitso,MXN,usdt_mxn,1h,17.279,"reported, not observed",api.bitso.com/api/v3/ohlc
2026-04-15T16:00:00Z,Bitso,MXN,usdt_mxn,1h,17.258,"reported, not observed",api.bitso.com/api/v3/ohlc
2026-04-15T17:00:00Z,Bitso,MXN,usdt_mxn,1h,17.271,"reported, not observed",api.bitso.com/api/v3/ohlc
2026-04-15T18:00:00Z,Bitso,MXN,usdt_mxn,1h,17.264,"reported, not observed",api.bitso.com/api/v3/ohlc
2026-04-15T19:00:00Z,Bitso,MXN,usdt_mxn,1h,17.266,"reported, not observed",api.bitso.com/api/v3/ohlc
2026-04-15T20:00:00Z,Bitso,MXN,usdt_mxn,1h,17.258,"reported, not observed",api.bitso.com/api/v3/ohlc
2026-04-15T21:00:00Z,Bitso,MXN,usdt_mxn,1h,17.263,"reported, not observed",api.bitso.com/api/v3/ohlc
2026-04-15T22:00:00Z,Bitso,MXN,usdt_mxn,1h,17.263,"reported, not observed",api.bitso.com/api/v3/ohlc
2026-04-15T23:00:00Z,Bitso,MXN,usdt_mxn,1h,17.264,"reported, not observed",api.bitso.com/api/v3/ohlc
2026-04-16T00:00:00Z,Bitso,MXN,usdt_mxn,1h,17.256,"reported, not observed",api.bitso.com/api/v3/ohlc
2026-04-16T01:00:00Z,Bitso,MXN,usdt_mxn,1h,17.254,"reported, not observed",api.bitso.com/api/v3/ohlc
2026-04-16T02:00:00Z,Bitso,MXN,usdt_mxn,1h,17.24,"reported, not observed",api.bitso.com/api/v3/ohlc
2026-04-16T03:00:00Z,Bitso,MXN,usdt_mxn,1h,17.234,"reported, not observed",api.bitso.com/api/v3/ohlc
2026-04-16T04:00:00Z,Bitso,MXN,usdt_mxn,1h,17.239,"reported, not observed",api.bitso.com/api/v3/ohlc
2026-04-16T05:00:00Z,Bitso,MXN,usdt_mxn,1h,17.245,"reported, not observed",api.bitso.com/api/v3/ohlc
2026-04-16T06:00:00Z,Bitso,MXN,usdt_mxn,1h,17.248,"reported, not observed",api.bitso.com/api/v3/ohlc
2026-04-16T07:00:00Z,Bitso,MXN,usdt_mxn,1h,17.257,"reported, not observed",api.bitso.com/api/v3/ohlc
2026-04-16T08:00:00Z,Bitso,MXN,usdt_mxn,1h,17.272,"reported, not observed",api.bitso.com/api/v3/ohlc
2026-04-16T09:00:00Z,Bitso,MXN,usdt_mxn,1h,17.274,"reported, not observed",api.bitso.com/api/v3/ohlc
2026-04-16T10:00:00Z,Bitso,MXN,usdt_mxn,1h,17.273,"reported, not observed",api.bitso.com/api/v3/ohlc
2026-04-16T11:00:00Z,Bitso,MXN,usdt_mxn,1h,17.257,"reported, not observed",api.bitso.com/api/v3/ohlc
2026-04-16T12:00:00Z,Bitso,MXN,usdt_mxn,1h,17.263,"reported, not observed",api.bitso.com/api/v3/ohlc
2026-04-16T13:00:00Z,Bitso,MXN,usdt_mxn,1h,17.292,"reported, not observed",api.bitso.com/api/v3/ohlc
2026-04-16T14:00:00Z,Bitso,MXN,usdt_mxn,1h,17.28,"reported, not observed",api.bitso.com/api/v3/ohlc
2026-04-16T15:00:00Z,Bitso,MXN,usdt_mxn,1h,17.272,"reported, not observed",api.bitso.com/api/v3/ohlc
2026-04-16T16:00:00Z,Bitso,MXN,usdt_mxn,1h,17.269,"reported, not observed",api.bitso.com/api/v3/ohlc
2026-04-16T17:00:00Z,Bitso,MXN,usdt_mxn,1h,17.28,"reported, not observed",api.bitso.com/api/v3/ohlc
2026-04-16T18:00:00Z,Bitso,MXN,usdt_mxn,1h,17.263,"reported, not observed",api.bitso.com/api/v3/ohlc
2026-04-16T19:00:00Z,Bitso,MXN,usdt_mxn,1h,17.251,"reported, not observed",api.bitso.com/api/v3/ohlc
2026-04-16T20:00:00Z,Bitso,MXN,usdt_mxn,1h,17.252,"reported, not observed",api.bitso.com/api/v3/ohlc
2026-04-16T21:00:00Z,Bitso,MXN,usdt_mxn,1h,17.259,"reported, not observed",api.bitso.com/api/v3/ohlc
2026-04-16T22:00:00Z,Bitso,MXN,usdt_mxn,1h,17.252,"reported, not observed",api.bitso.com/api/v3/ohlc
2026-04-16T23:00:00Z,Bitso,MXN,usdt_mxn,1h,17.251,"reported, not observed",api.bitso.com/api/v3/ohlc
2026-04-17T00:00:00Z,Bitso,MXN,usdt_mxn,1h,17.257,"reported, not observed",api.bitso.com/api/v3/ohlc
2026-04-17T01:00:00Z,Bitso,MXN,usdt_mxn,1h,17.256,"reported, not observed",api.bitso.com/api/v3/ohlc
2026-04-17T02:00:00Z,Bitso,MXN,usdt_mxn,1h,17.254,"reported, not observed",api.bitso.com/api/v3/ohlc
2026-04-17T03:00:00Z,Bitso,MXN,usdt_mxn,1h,17.25,"reported, not observed",api.bitso.com/api/v3/ohlc
2026-04-17T04:00:00Z,Bitso,MXN,usdt_mxn,1h,17.24,"reported, not observed",api.bitso.com/api/v3/ohlc
2026-04-17T05:00:00Z,Bitso,MXN,usdt_mxn,1h,17.24,"reported, not observed",api.bitso.com/api/v3/ohlc
2026-04-17T06:00:00Z,Bitso,MXN,usdt_mxn,1h,17.253,"reported, not observed",api.bitso.com/api/v3/ohlc
2026-04-17T07:00:00Z,Bitso,MXN,usdt_mxn,1h,17.24,"reported, not observed",api.bitso.com/api/v3/ohlc
2026-04-17T08:00:00Z,Bitso,MXN,usdt_mxn,1h,17.237,"reported, not observed",api.bitso.com/api/v3/ohlc
2026-04-17T09:00:00Z,Bitso,MXN,usdt_mxn,1h,17.24,"reported, not observed",api.bitso.com/api/v3/ohlc
2026-04-17T10:00:00Z,Bitso,MXN,usdt_mxn,1h,17.236,"reported, not observed",api.bitso.com/api/v3/ohlc
2026-04-17T11:00:00Z,Bitso,MXN,usdt_mxn,1h,17.234,"reported, not observed",api.bitso.com/api/v3/ohlc
2026-04-17T12:00:00Z,Bitso,MXN,usdt_mxn,1h,17.169,"reported, not observed",api.bitso.com/api/v3/ohlc
2026-04-17T13:00:00Z,Bitso,MXN,usdt_mxn,1h,17.17,"reported, not observed",api.bitso.com/api/v3/ohlc
2026-04-17T14:00:00Z,Bitso,MXN,usdt_mxn,1h,17.18,"reported, not observed",api.bitso.com/api/v3/ohlc
2026-04-17T15:00:00Z,Bitso,MXN,usdt_mxn,1h,17.245,"reported, not observed",api.bitso.com/api/v3/ohlc
2026-04-17T16:00:00Z,Bitso,MXN,usdt_mxn,1h,17.252,"reported, not observed",api.bitso.com/api/v3/ohlc
2026-04-17T17:00:00Z,Bitso,MXN,usdt_mxn,1h,17.287,"reported, not observed",api.bitso.com/api/v3/ohlc
2026-04-17T18:00:00Z,Bitso,MXN,usdt_mxn,1h,17.315,"reported, not observed",api.bitso.com/api/v3/ohlc
2026-04-17T19:00:00Z,Bitso,MXN,usdt_mxn,1h,17.327,"reported, not observed",api.bitso.com/api/v3/ohlc
2026-04-17T20:00:00Z,Bitso,MXN,usdt_mxn,1h,17.33,"reported, not observed",api.bitso.com/api/v3/ohlc
2026-04-17T21:00:00Z,Bitso,MXN,usdt_mxn,1h,17.338,"reported, not observed",api.bitso.com/api/v3/ohlc
2026-04-17T22:00:00Z,Bitso,MXN,usdt_mxn,1h,17.333,"reported, not observed",api.bitso.com/api/v3/ohlc
2026-04-17T23:00:00Z,Bitso,MXN,usdt_mxn,1h,17.333,"reported, not observed",api.bitso.com/api/v3/ohlc
2026-04-18T00:00:00Z,Bitso,MXN,usdt_mxn,1h,17.333,"reported, not observed",api.bitso.com/api/v3/ohlc
2026-04-18T01:00:00Z,Bitso,MXN,usdt_mxn,1h,17.343,"reported, not observed",api.bitso.com/api/v3/ohlc
2026-04-18T02:00:00Z,Bitso,MXN,usdt_mxn,1h,17.35,"reported, not observed",api.bitso.com/api/v3/ohlc
2026-04-18T03:00:00Z,Bitso,MXN,usdt_mxn,1h,17.334,"reported, not observed",api.bitso.com/api/v3/ohlc
2026-04-18T04:00:00Z,Bitso,MXN,usdt_mxn,1h,17.33,"reported, not observed",api.bitso.com/api/v3/ohlc
2026-04-18T05:00:00Z,Bitso,MXN,usdt_mxn,1h,17.331,"reported, not observed",api.bitso.com/api/v3/ohlc
2026-04-18T06:00:00Z,Bitso,MXN,usdt_mxn,1h,17.335,"reported, not observed",api.bitso.com/api/v3/ohlc
2026-04-18T07:00:00Z,Bitso,MXN,usdt_mxn,1h,17.332,"reported, not observed",api.bitso.com/api/v3/ohlc
2026-04-18T08:00:00Z,Bitso,MXN,usdt_mxn,1h,17.334,"reported, not observed",api.bitso.com/api/v3/ohlc
2026-04-18T09:00:00Z,Bitso,MXN,usdt_mxn,1h,17.328,"reported, not observed",api.bitso.com/api/v3/ohlc
2026-04-18T10:00:00Z,Bitso,MXN,usdt_mxn,1h,17.337,"reported, not observed",api.bitso.com/api/v3/ohlc
2026-04-18T11:00:00Z,Bitso,MXN,usdt_mxn,1h,17.33,"reported, not observed",api.bitso.com/api/v3/ohlc
2026-04-18T12:00:00Z,Bitso,MXN,usdt_mxn,1h,17.329,"reported, not observed",api.bitso.com/api/v3/ohlc
2026-04-18T13:00:00Z,Bitso,MXN,usdt_mxn,1h,17.33,"reported, not observed",api.bitso.com/api/v3/ohlc
2026-04-18T14:00:00Z,Bitso,MXN,usdt_mxn,1h,17.339,"reported, not observed",api.bitso.com/api/v3/ohlc
2026-04-18T15:00:00Z,Bitso,MXN,usdt_mxn,1h,17.352,"reported, not observed",api.bitso.com/api/v3/ohlc
2026-04-18T16:00:00Z,Bitso,MXN,usdt_mxn,1h,17.367,"reported, not observed",api.bitso.com/api/v3/ohlc
2026-04-18T17:00:00Z,Bitso,MXN,usdt_mxn,1h,17.346,"reported, not observed",api.bitso.com/api/v3/ohlc
2026-04-18T18:00:00Z,Bitso,MXN,usdt_mxn,1h,17.331,"reported, not observed",api.bitso.com/api/v3/ohlc
2026-04-18T19:00:00Z,Bitso,MXN,usdt_mxn,1h,17.333,"reported, not observed",api.bitso.com/api/v3/ohlc
2026-04-18T20:00:00Z,Bitso,MXN,usdt_mxn,1h,17.33,"reported, not observed",api.bitso.com/api/v3/ohlc
2026-04-18T21:00:00Z,Bitso,MXN,usdt_mxn,1h,17.335,"reported, not observed",api.bitso.com/api/v3/ohlc
2026-04-18T22:00:00Z,Bitso,MXN,usdt_mxn,1h,17.334,"reported, not observed",api.bitso.com/api/v3/ohlc
2026-04-18T23:00:00Z,Bitso,MXN,usdt_mxn,1h,17.337,"reported, not observed",api.bitso.com/api/v3/ohlc
2026-04-19T00:00:00Z,Bitso,MXN,usdt_mxn,1h,17.335,"reported, not observed",api.bitso.com/api/v3/ohlc
2026-04-19T01:00:00Z,Bitso,MXN,usdt_mxn,1h,17.339,"reported, not observed",api.bitso.com/api/v3/ohlc
2026-04-19T02:00:00Z,Bitso,MXN,usdt_mxn,1h,17.341,"reported, not observed",api.bitso.com/api/v3/ohlc
2026-04-19T03:00:00Z,Bitso,MXN,usdt_mxn,1h,17.331,"reported, not observed",api.bitso.com/api/v3/ohlc
2026-04-19T04:00:00Z,Bitso,MXN,usdt_mxn,1h,17.338,"reported, not observed",api.bitso.com/api/v3/ohlc
2026-04-19T05:00:00Z,Bitso,MXN,usdt_mxn,1h,17.338,"reported, not observed",api.bitso.com/api/v3/ohlc
2026-04-19T06:00:00Z,Bitso,MXN,usdt_mxn,1h,17.337,"reported, not observed",api.bitso.com/api/v3/ohlc
2026-04-19T07:00:00Z,Bitso,MXN,usdt_mxn,1h,17.331,"reported, not observed",api.bitso.com/api/v3/ohlc
2026-04-19T08:00:00Z,Bitso,MXN,usdt_mxn,1h,17.338,"reported, not observed",api.bitso.com/api/v3/ohlc
2026-04-19T09:00:00Z,Bitso,MXN,usdt_mxn,1h,17.33,"reported, not observed",api.bitso.com/api/v3/ohlc
2026-04-19T10:00:00Z,Bitso,MXN,usdt_mxn,1h,17.336,"reported, not observed",api.bitso.com/api/v3/ohlc
2026-04-19T11:00:00Z,Bitso,MXN,usdt_mxn,1h,17.335,"reported, not observed",api.bitso.com/api/v3/ohlc
2026-04-19T12:00:00Z,Bitso,MXN,usdt_mxn,1h,17.336,"reported, not observed",api.bitso.com/api/v3/ohlc
2026-04-19T13:00:00Z,Bitso,MXN,usdt_mxn,1h,17.337,"reported, not observed",api.bitso.com/api/v3/ohlc
2026-04-19T14:00:00Z,Bitso,MXN,usdt_mxn,1h,17.333,"reported, not observed",api.bitso.com/api/v3/ohlc
2026-04-19T15:00:00Z,Bitso,MXN,usdt_mxn,1h,17.333,"reported, not observed",api.bitso.com/api/v3/ohlc
2026-04-19T16:00:00Z,Bitso,MXN,usdt_mxn,1h,17.342,"reported, not observed",api.bitso.com/api/v3/ohlc
2026-04-19T17:00:00Z,Bitso,MXN,usdt_mxn,1h,17.373,"reported, not observed",api.bitso.com/api/v3/ohlc
2026-04-19T18:00:00Z,Bitso,MXN,usdt_mxn,1h,17.367,"reported, not observed",api.bitso.com/api/v3/ohlc
2026-04-19T19:00:00Z,Bitso,MXN,usdt_mxn,1h,17.362,"reported, not observed",api.bitso.com/api/v3/ohlc
2026-04-19T20:00:00Z,Bitso,MXN,usdt_mxn,1h,17.383,"reported, not observed",api.bitso.com/api/v3/ohlc
2026-04-19T21:00:00Z,Bitso,MXN,usdt_mxn,1h,17.367,"reported, not observed",api.bitso.com/api/v3/ohlc
2026-04-19T22:00:00Z,Bitso,MXN,usdt_mxn,1h,17.383,"reported, not observed",api.bitso.com/api/v3/ohlc
2026-04-19T23:00:00Z,Bitso,MXN,usdt_mxn,1h,17.394,"reported, not observed",api.bitso.com/api/v3/ohlc
2026-04-20T00:00:00Z,Bitso,MXN,usdt_mxn,1h,17.365,"reported, not observed",api.bitso.com/api/v3/ohlc
2026-04-20T01:00:00Z,Bitso,MXN,usdt_mxn,1h,17.353,"reported, not observed",api.bitso.com/api/v3/ohlc
2026-04-20T02:00:00Z,Bitso,MXN,usdt_mxn,1h,17.356,"reported, not observed",api.bitso.com/api/v3/ohlc
2026-04-20T03:00:00Z,Bitso,MXN,usdt_mxn,1h,17.355,"reported, not observed",api.bitso.com/api/v3/ohlc
2026-04-20T04:00:00Z,Bitso,MXN,usdt_mxn,1h,17.36,"reported, not observed",api.bitso.com/api/v3/ohlc
2026-04-20T05:00:00Z,Bitso,MXN,usdt_mxn,1h,17.368,"reported, not observed",api.bitso.com/api/v3/ohlc
2026-04-20T06:00:00Z,Bitso,MXN,usdt_mxn,1h,17.358,"reported, not observed",api.bitso.com/api/v3/ohlc
2026-04-20T07:00:00Z,Bitso,MXN,usdt_mxn,1h,17.371,"reported, not observed",api.bitso.com/api/v3/ohlc
2026-04-20T08:00:00Z,Bitso,MXN,usdt_mxn,1h,17.361,"reported, not observed",api.bitso.com/api/v3/ohlc
2026-04-20T09:00:00Z,Bitso,MXN,usdt_mxn,1h,17.352,"reported, not observed",api.bitso.com/api/v3/ohlc
2026-04-20T10:00:00Z,Bitso,MXN,usdt_mxn,1h,17.356,"reported, not observed",api.bitso.com/api/v3/ohlc
2026-04-20T11:00:00Z,Bitso,MXN,usdt_mxn,1h,17.347,"reported, not observed",api.bitso.com/api/v3/ohlc
2026-04-20T12:00:00Z,Bitso,MXN,usdt_mxn,1h,17.338,"reported, not observed",api.bitso.com/api/v3/ohlc
2026-04-20T13:00:00Z,Bitso,MXN,usdt_mxn,1h,17.339,"reported, not observed",api.bitso.com/api/v3/ohlc
2026-04-20T14:00:00Z,Bitso,MXN,usdt_mxn,1h,17.36,"reported, not observed",api.bitso.com/api/v3/ohlc
2026-04-20T15:00:00Z,Bitso,MXN,usdt_mxn,1h,17.32,"reported, not observed",api.bitso.com/api/v3/ohlc
2026-04-20T16:00:00Z,Bitso,MXN,usdt_mxn,1h,17.324,"reported, not observed",api.bitso.com/api/v3/ohlc
2026-04-20T17:00:00Z,Bitso,MXN,usdt_mxn,1h,17.331,"reported, not observed",api.bitso.com/api/v3/ohlc
2026-04-20T18:00:00Z,Bitso,MXN,usdt_mxn,1h,17.313,"reported, not observed",api.bitso.com/api/v3/ohlc
2026-04-20T19:00:00Z,Bitso,MXN,usdt_mxn,1h,17.305,"reported, not observed",api.bitso.com/api/v3/ohlc
2026-04-20T20:00:00Z,Bitso,MXN,usdt_mxn,1h,17.303,"reported, not observed",api.bitso.com/api/v3/ohlc
2026-04-20T21:00:00Z,Bitso,MXN,usdt_mxn,1h,17.323,"reported, not observed",api.bitso.com/api/v3/ohlc
2026-04-20T22:00:00Z,Bitso,MXN,usdt_mxn,1h,17.316,"reported, not observed",api.bitso.com/api/v3/ohlc
2026-04-20T23:00:00Z,Bitso,MXN,usdt_mxn,1h,17.324,"reported, not observed",api.bitso.com/api/v3/ohlc
2026-04-21T00:00:00Z,Bitso,MXN,usdt_mxn,1h,17.319,"reported, not observed",api.bitso.com/api/v3/ohlc
2026-04-21T01:00:00Z,Bitso,MXN,usdt_mxn,1h,17.321,"reported, not observed",api.bitso.com/api/v3/ohlc
2026-04-21T02:00:00Z,Bitso,MXN,usdt_mxn,1h,17.315,"reported, not observed",api.bitso.com/api/v3/ohlc
2026-04-21T03:00:00Z,Bitso,MXN,usdt_mxn,1h,17.319,"reported, not observed",api.bitso.com/api/v3/ohlc
2026-04-21T04:00:00Z,Bitso,MXN,usdt_mxn,1h,17.321,"reported, not observed",api.bitso.com/api/v3/ohlc
2026-04-21T05:00:00Z,Bitso,MXN,usdt_mxn,1h,17.31,"reported, not observed",api.bitso.com/api/v3/ohlc
2026-04-21T06:00:00Z,Bitso,MXN,usdt_mxn,1h,17.31,"reported, not observed",api.bitso.com/api/v3/ohlc
2026-04-21T07:00:00Z,Bitso,MXN,usdt_mxn,1h,17.328,"reported, not observed",api.bitso.com/api/v3/ohlc
2026-04-21T08:00:00Z,Bitso,MXN,usdt_mxn,1h,17.332,"reported, not observed",api.bitso.com/api/v3/ohlc
2026-04-21T09:00:00Z,Bitso,MXN,usdt_mxn,1h,17.325,"reported, not observed",api.bitso.com/api/v3/ohlc
2026-04-21T10:00:00Z,Bitso,MXN,usdt_mxn,1h,17.322,"reported, not observed",api.bitso.com/api/v3/ohlc
2026-04-21T11:00:00Z,Bitso,MXN,usdt_mxn,1h,17.311,"reported, not observed",api.bitso.com/api/v3/ohlc
2026-04-21T12:00:00Z,Bitso,MXN,usdt_mxn,1h,17.313,"reported, not observed",api.bitso.com/api/v3/ohlc
2026-04-21T13:00:00Z,Bitso,MXN,usdt_mxn,1h,17.303,"reported, not observed",api.bitso.com/api/v3/ohlc
2026-04-21T14:00:00Z,Bitso,MXN,usdt_mxn,1h,17.321,"reported, not observed",api.bitso.com/api/v3/ohlc
2026-04-21T15:00:00Z,Bitso,MXN,usdt_mxn,1h,17.334,"reported, not observed",api.bitso.com/api/v3/ohlc
2026-04-21T16:00:00Z,Bitso,MXN,usdt_mxn,1h,17.368,"reported, not observed",api.bitso.com/api/v3/ohlc
2026-04-21T17:00:00Z,Bitso,MXN,usdt_mxn,1h,17.356,"reported, not observed",api.bitso.com/api/v3/ohlc
2026-04-21T18:00:00Z,Bitso,MXN,usdt_mxn,1h,17.336,"reported, not observed",api.bitso.com/api/v3/ohlc
2026-04-21T19:00:00Z,Bitso,MXN,usdt_mxn,1h,17.365,"reported, not observed",api.bitso.com/api/v3/ohlc
2026-04-21T20:00:00Z,Bitso,MXN,usdt_mxn,1h,17.326,"reported, not observed",api.bitso.com/api/v3/ohlc
2026-04-21T21:00:00Z,Bitso,MXN,usdt_mxn,1h,17.325,"reported, not observed",api.bitso.com/api/v3/ohlc
2026-04-21T22:00:00Z,Bitso,MXN,usdt_mxn,1h,17.338,"reported, not observed",api.bitso.com/api/v3/ohlc
2026-04-21T23:00:00Z,Bitso,MXN,usdt_mxn,1h,17.329,"reported, not observed",api.bitso.com/api/v3/ohlc
2026-04-22T00:00:00Z,Bitso,MXN,usdt_mxn,1h,17.311,"reported, not observed",api.bitso.com/api/v3/ohlc
2026-04-22T01:00:00Z,Bitso,MXN,usdt_mxn,1h,17.316,"reported, not observed",api.bitso.com/api/v3/ohlc
2026-04-22T02:00:00Z,Bitso,MXN,usdt_mxn,1h,17.317,"reported, not observed",api.bitso.com/api/v3/ohlc
2026-04-22T03:00:00Z,Bitso,MXN,usdt_mxn,1h,17.317,"reported, not observed",api.bitso.com/api/v3/ohlc
2026-04-22T04:00:00Z,Bitso,MXN,usdt_mxn,1h,17.318,"reported, not observed",api.bitso.com/api/v3/ohlc
2026-04-22T05:00:00Z,Bitso,MXN,usdt_mxn,1h,17.289,"reported, not observed",api.bitso.com/api/v3/ohlc
2026-04-22T06:00:00Z,Bitso,MXN,usdt_mxn,1h,17.286,"reported, not observed",api.bitso.com/api/v3/ohlc
2026-04-22T07:00:00Z,Bitso,MXN,usdt_mxn,1h,17.286,"reported, not observed",api.bitso.com/api/v3/ohlc
2026-04-22T08:00:00Z,Bitso,MXN,usdt_mxn,1h,17.294,"reported, not observed",api.bitso.com/api/v3/ohlc
2026-04-22T09:00:00Z,Bitso,MXN,usdt_mxn,1h,17.297,"reported, not observed",api.bitso.com/api/v3/ohlc
2026-04-22T10:00:00Z,Bitso,MXN,usdt_mxn,1h,17.298,"reported, not observed",api.bitso.com/api/v3/ohlc
2026-04-22T11:00:00Z,Bitso,MXN,usdt_mxn,1h,17.311,"reported, not observed",api.bitso.com/api/v3/ohlc
2026-04-22T12:00:00Z,Bitso,MXN,usdt_mxn,1h,17.338,"reported, not observed",api.bitso.com/api/v3/ohlc
2026-04-22T13:00:00Z,Bitso,MXN,usdt_mxn,1h,17.311,"reported, not observed",api.bitso.com/api/v3/ohlc
2026-04-22T14:00:00Z,Bitso,MXN,usdt_mxn,1h,17.314,"reported, not observed",api.bitso.com/api/v3/ohlc
2026-04-22T15:00:00Z,Bitso,MXN,usdt_mxn,1h,17.338,"reported, not observed",api.bitso.com/api/v3/ohlc
2026-04-22T16:00:00Z,Bitso,MXN,usdt_mxn,1h,17.338,"reported, not observed",api.bitso.com/api/v3/ohlc
2026-04-22T17:00:00Z,Bitso,MXN,usdt_mxn,1h,17.348,"reported, not observed",api.bitso.com/api/v3/ohlc
2026-04-22T18:00:00Z,Bitso,MXN,usdt_mxn,1h,17.343,"reported, not observed",api.bitso.com/api/v3/ohlc
2026-04-22T19:00:00Z,Bitso,MXN,usdt_mxn,1h,17.337,"reported, not observed",api.bitso.com/api/v3/ohlc
2026-04-22T20:00:00Z,Bitso,MXN,usdt_mxn,1h,17.326,"reported, not observed",api.bitso.com/api/v3/ohlc
2026-04-22T21:00:00Z,Bitso,MXN,usdt_mxn,1h,17.334,"reported, not observed",api.bitso.com/api/v3/ohlc
2026-04-22T22:00:00Z,Bitso,MXN,usdt_mxn,1h,17.341,"reported, not observed",api.bitso.com/api/v3/ohlc
2026-04-22T23:00:00Z,Bitso,MXN,usdt_mxn,1h,17.334,"reported, not observed",api.bitso.com/api/v3/ohlc
2026-04-23T00:00:00Z,Bitso,MXN,usdt_mxn,1h,17.334,"reported, not observed",api.bitso.com/api/v3/ohlc
2026-04-23T01:00:00Z,Bitso,MXN,usdt_mxn,1h,17.348,"reported, not observed",api.bitso.com/api/v3/ohlc
2026-04-23T02:00:00Z,Bitso,MXN,usdt_mxn,1h,17.35,"reported, not observed",api.bitso.com/api/v3/ohlc
2026-04-23T03:00:00Z,Bitso,MXN,usdt_mxn,1h,17.358,"reported, not observed",api.bitso.com/api/v3/ohlc
2026-04-23T04:00:00Z,Bitso,MXN,usdt_mxn,1h,17.36,"reported, not observed",api.bitso.com/api/v3/ohlc
2026-04-23T05:00:00Z,Bitso,MXN,usdt_mxn,1h,17.346,"reported, not observed",api.bitso.com/api/v3/ohlc
2026-04-23T06:00:00Z,Bitso,MXN,usdt_mxn,1h,17.358,"reported, not observed",api.bitso.com/api/v3/ohlc
2026-04-23T07:00:00Z,Bitso,MXN,usdt_mxn,1h,17.372,"reported, not observed",api.bitso.com/api/v3/ohlc
2026-04-23T08:00:00Z,Bitso,MXN,usdt_mxn,1h,17.375,"reported, not observed",api.bitso.com/api/v3/ohlc
2026-04-23T09:00:00Z,Bitso,MXN,usdt_mxn,1h,17.383,"reported, not observed",api.bitso.com/api/v3/ohlc
2026-04-23T10:00:00Z,Bitso,MXN,usdt_mxn,1h,17.394,"reported, not observed",api.bitso.com/api/v3/ohlc
2026-04-23T11:00:00Z,Bitso,MXN,usdt_mxn,1h,17.364,"reported, not observed",api.bitso.com/api/v3/ohlc
2026-04-23T12:00:00Z,Bitso,MXN,usdt_mxn,1h,17.363,"reported, not observed",api.bitso.com/api/v3/ohlc
2026-04-23T13:00:00Z,Bitso,MXN,usdt_mxn,1h,17.358,"reported, not observed",api.bitso.com/api/v3/ohlc
2026-04-23T14:00:00Z,Bitso,MXN,usdt_mxn,1h,17.35,"reported, not observed",api.bitso.com/api/v3/ohlc
2026-04-23T15:00:00Z,Bitso,MXN,usdt_mxn,1h,17.36,"reported, not observed",api.bitso.com/api/v3/ohlc
2026-04-23T16:00:00Z,Bitso,MXN,usdt_mxn,1h,17.361,"reported, not observed",api.bitso.com/api/v3/ohlc
2026-04-23T17:00:00Z,Bitso,MXN,usdt_mxn,1h,17.418,"reported, not observed",api.bitso.com/api/v3/ohlc
2026-04-23T18:00:00Z,Bitso,MXN,usdt_mxn,1h,17.397,"reported, not observed",api.bitso.com/api/v3/ohlc
2026-04-23T19:00:00Z,Bitso,MXN,usdt_mxn,1h,17.423,"reported, not observed",api.bitso.com/api/v3/ohlc
2026-04-23T20:00:00Z,Bitso,MXN,usdt_mxn,1h,17.423,"reported, not observed",api.bitso.com/api/v3/ohlc
2026-04-23T21:00:00Z,Bitso,MXN,usdt_mxn,1h,17.416,"reported, not observed",api.bitso.com/api/v3/ohlc
2026-04-23T22:00:00Z,Bitso,MXN,usdt_mxn,1h,17.427,"reported, not observed",api.bitso.com/api/v3/ohlc
2026-04-23T23:00:00Z,Bitso,MXN,usdt_mxn,1h,17.422,"reported, not observed",api.bitso.com/api/v3/ohlc
2026-04-24T00:00:00Z,Bitso,MXN,usdt_mxn,1h,17.424,"reported, not observed",api.bitso.com/api/v3/ohlc
2026-04-24T01:00:00Z,Bitso,MXN,usdt_mxn,1h,17.426,"reported, not observed",api.bitso.com/api/v3/ohlc
2026-04-24T02:00:00Z,Bitso,MXN,usdt_mxn,1h,17.441,"reported, not observed",api.bitso.com/api/v3/ohlc
2026-04-24T03:00:00Z,Bitso,MXN,usdt_mxn,1h,17.449,"reported, not observed",api.bitso.com/api/v3/ohlc
2026-04-24T04:00:00Z,Bitso,MXN,usdt_mxn,1h,17.436,"reported, not observed",api.bitso.com/api/v3/ohlc
2026-04-24T05:00:00Z,Bitso,MXN,usdt_mxn,1h,17.432,"reported, not observed",api.bitso.com/api/v3/ohlc
2026-04-24T06:00:00Z,Bitso,MXN,usdt_mxn,1h,17.435,"reported, not observed",api.bitso.com/api/v3/ohlc
2026-04-24T07:00:00Z,Bitso,MXN,usdt_mxn,1h,17.43,"reported, not observed",api.bitso.com/api/v3/ohlc
2026-04-24T08:00:00Z,Bitso,MXN,usdt_mxn,1h,17.429,"reported, not observed",api.bitso.com/api/v3/ohlc
2026-04-24T09:00:00Z,Bitso,MXN,usdt_mxn,1h,17.436,"reported, not observed",api.bitso.com/api/v3/ohlc
2026-04-24T10:00:00Z,Bitso,MXN,usdt_mxn,1h,17.423,"reported, not observed",api.bitso.com/api/v3/ohlc
2026-04-24T11:00:00Z,Bitso,MXN,usdt_mxn,1h,17.381,"reported, not observed",api.bitso.com/api/v3/ohlc
2026-04-24T12:00:00Z,Bitso,MXN,usdt_mxn,1h,17.407,"reported, not observed",api.bitso.com/api/v3/ohlc
2026-04-24T13:00:00Z,Bitso,MXN,usdt_mxn,1h,17.406,"reported, not observed",api.bitso.com/api/v3/ohlc
2026-04-24T14:00:00Z,Bitso,MXN,usdt_mxn,1h,17.41,"reported, not observed",api.bitso.com/api/v3/ohlc
2026-04-24T15:00:00Z,Bitso,MXN,usdt_mxn,1h,17.395,"reported, not observed",api.bitso.com/api/v3/ohlc
2026-04-24T16:00:00Z,Bitso,MXN,usdt_mxn,1h,17.394,"reported, not observed",api.bitso.com/api/v3/ohlc
2026-04-24T17:00:00Z,Bitso,MXN,usdt_mxn,1h,17.4,"reported, not observed",api.bitso.com/api/v3/ohlc
2026-04-24T18:00:00Z,Bitso,MXN,usdt_mxn,1h,17.407,"reported, not observed",api.bitso.com/api/v3/ohlc
2026-04-24T19:00:00Z,Bitso,MXN,usdt_mxn,1h,17.412,"reported, not observed",api.bitso.com/api/v3/ohlc
2026-04-24T20:00:00Z,Bitso,MXN,usdt_mxn,1h,17.389,"reported, not observed",api.bitso.com/api/v3/ohlc
2026-04-24T21:00:00Z,Bitso,MXN,usdt_mxn,1h,17.392,"reported, not observed",api.bitso.com/api/v3/ohlc
2026-04-24T22:00:00Z,Bitso,MXN,usdt_mxn,1h,17.412,"reported, not observed",api.bitso.com/api/v3/ohlc
2026-04-24T23:00:00Z,Bitso,MXN,usdt_mxn,1h,17.418,"reported, not observed",api.bitso.com/api/v3/ohlc
2026-04-25T00:00:00Z,Bitso,MXN,usdt_mxn,1h,17.408,"reported, not observed",api.bitso.com/api/v3/ohlc
2026-04-25T01:00:00Z,Bitso,MXN,usdt_mxn,1h,17.399,"reported, not observed",api.bitso.com/api/v3/ohlc
2026-04-25T02:00:00Z,Bitso,MXN,usdt_mxn,1h,17.409,"reported, not observed",api.bitso.com/api/v3/ohlc
2026-04-25T03:00:00Z,Bitso,MXN,usdt_mxn,1h,17.417,"reported, not observed",api.bitso.com/api/v3/ohlc
2026-04-25T04:00:00Z,Bitso,MXN,usdt_mxn,1h,17.406,"reported, not observed",api.bitso.com/api/v3/ohlc
2026-04-25T05:00:00Z,Bitso,MXN,usdt_mxn,1h,17.42,"reported, not observed",api.bitso.com/api/v3/ohlc
2026-04-25T06:00:00Z,Bitso,MXN,usdt_mxn,1h,17.425,"reported, not observed",api.bitso.com/api/v3/ohlc
2026-04-25T07:00:00Z,Bitso,MXN,usdt_mxn,1h,17.406,"reported, not observed",api.bitso.com/api/v3/ohlc
2026-04-25T08:00:00Z,Bitso,MXN,usdt_mxn,1h,17.395,"reported, not observed",api.bitso.com/api/v3/ohlc
2026-04-25T09:00:00Z,Bitso,MXN,usdt_mxn,1h,17.4,"reported, not observed",api.bitso.com/api/v3/ohlc
2026-04-25T10:00:00Z,Bitso,MXN,usdt_mxn,1h,17.393,"reported, not observed",api.bitso.com/api/v3/ohlc
2026-04-25T11:00:00Z,Bitso,MXN,usdt_mxn,1h,17.392,"reported, not observed",api.bitso.com/api/v3/ohlc
2026-04-25T12:00:00Z,Bitso,MXN,usdt_mxn,1h,17.408,"reported, not observed",api.bitso.com/api/v3/ohlc
2026-04-25T13:00:00Z,Bitso,MXN,usdt_mxn,1h,17.403,"reported, not observed",api.bitso.com/api/v3/ohlc
2026-04-25T14:00:00Z,Bitso,MXN,usdt_mxn,1h,17.413,"reported, not observed",api.bitso.com/api/v3/ohlc
2026-04-25T15:00:00Z,Bitso,MXN,usdt_mxn,1h,17.414,"reported, not observed",api.bitso.com/api/v3/ohlc
2026-04-25T16:00:00Z,Bitso,MXN,usdt_mxn,1h,17.421,"reported, not observed",api.bitso.com/api/v3/ohlc
2026-04-25T17:00:00Z,Bitso,MXN,usdt_mxn,1h,17.407,"reported, not observed",api.bitso.com/api/v3/ohlc
2026-04-25T18:00:00Z,Bitso,MXN,usdt_mxn,1h,17.404,"reported, not observed",api.bitso.com/api/v3/ohlc
2026-04-25T19:00:00Z,Bitso,MXN,usdt_mxn,1h,17.403,"reported, not observed",api.bitso.com/api/v3/ohlc
2026-04-25T20:00:00Z,Bitso,MXN,usdt_mxn,1h,17.412,"reported, not observed",api.bitso.com/api/v3/ohlc
2026-04-25T21:00:00Z,Bitso,MXN,usdt_mxn,1h,17.415,"reported, not observed",api.bitso.com/api/v3/ohlc
2026-04-25T22:00:00Z,Bitso,MXN,usdt_mxn,1h,17.423,"reported, not observed",api.bitso.com/api/v3/ohlc
2026-04-25T23:00:00Z,Bitso,MXN,usdt_mxn,1h,17.42,"reported, not observed",api.bitso.com/api/v3/ohlc
2026-04-26T00:00:00Z,Bitso,MXN,usdt_mxn,1h,17.431,"reported, not observed",api.bitso.com/api/v3/ohlc
2026-04-26T01:00:00Z,Bitso,MXN,usdt_mxn,1h,17.424,"reported, not observed",api.bitso.com/api/v3/ohlc
2026-04-26T02:00:00Z,Bitso,MXN,usdt_mxn,1h,17.418,"reported, not observed",api.bitso.com/api/v3/ohlc
2026-04-26T03:00:00Z,Bitso,MXN,usdt_mxn,1h,17.413,"reported, not observed",api.bitso.com/api/v3/ohlc
2026-04-26T04:00:00Z,Bitso,MXN,usdt_mxn,1h,17.407,"reported, not observed",api.bitso.com/api/v3/ohlc
2026-04-26T05:00:00Z,Bitso,MXN,usdt_mxn,1h,17.427,"reported, not observed",api.bitso.com/api/v3/ohlc
2026-04-26T06:00:00Z,Bitso,MXN,usdt_mxn,1h,17.422,"reported, not observed",api.bitso.com/api/v3/ohlc
2026-04-26T07:00:00Z,Bitso,MXN,usdt_mxn,1h,17.412,"reported, not observed",api.bitso.com/api/v3/ohlc
2026-04-26T08:00:00Z,Bitso,MXN,usdt_mxn,1h,17.404,"reported, not observed",api.bitso.com/api/v3/ohlc
2026-04-26T09:00:00Z,Bitso,MXN,usdt_mxn,1h,17.403,"reported, not observed",api.bitso.com/api/v3/ohlc
2026-04-26T10:00:00Z,Bitso,MXN,usdt_mxn,1h,17.403,"reported, not observed",api.bitso.com/api/v3/ohlc
2026-04-26T11:00:00Z,Bitso,MXN,usdt_mxn,1h,17.416,"reported, not observed",api.bitso.com/api/v3/ohlc
2026-04-26T12:00:00Z,Bitso,MXN,usdt_mxn,1h,17.413,"reported, not observed",api.bitso.com/api/v3/ohlc
2026-04-26T13:00:00Z,Bitso,MXN,usdt_mxn,1h,17.421,"reported, not observed",api.bitso.com/api/v3/ohlc
2026-04-26T14:00:00Z,Bitso,MXN,usdt_mxn,1h,17.42,"reported, not observed",api.bitso.com/api/v3/ohlc
2026-04-26T15:00:00Z,Bitso,MXN,usdt_mxn,1h,17.42,"reported, not observed",api.bitso.com/api/v3/ohlc
2026-04-26T16:00:00Z,Bitso,MXN,usdt_mxn,1h,17.403,"reported, not observed",api.bitso.com/api/v3/ohlc
2026-04-26T17:00:00Z,Bitso,MXN,usdt_mxn,1h,17.401,"reported, not observed",api.bitso.com/api/v3/ohlc
2026-04-26T18:00:00Z,Bitso,MXN,usdt_mxn,1h,17.414,"reported, not observed",api.bitso.com/api/v3/ohlc
2026-04-26T19:00:00Z,Bitso,MXN,usdt_mxn,1h,17.421,"reported, not observed",api.bitso.com/api/v3/ohlc
2026-04-26T20:00:00Z,Bitso,MXN,usdt_mxn,1h,17.401,"reported, not observed",api.bitso.com/api/v3/ohlc
2026-04-26T21:00:00Z,Bitso,MXN,usdt_mxn,1h,17.411,"reported, not observed",api.bitso.com/api/v3/ohlc
2026-04-26T22:00:00Z,Bitso,MXN,usdt_mxn,1h,17.397,"reported, not observed",api.bitso.com/api/v3/ohlc
2026-04-26T23:00:00Z,Bitso,MXN,usdt_mxn,1h,17.412,"reported, not observed",api.bitso.com/api/v3/ohlc
2026-04-27T00:00:00Z,Bitso,MXN,usdt_mxn,1h,17.395,"reported, not observed",api.bitso.com/api/v3/ohlc
2026-04-27T01:00:00Z,Bitso,MXN,usdt_mxn,1h,17.381,"reported, not observed",api.bitso.com/api/v3/ohlc
2026-04-27T02:00:00Z,Bitso,MXN,usdt_mxn,1h,17.373,"reported, not observed",api.bitso.com/api/v3/ohlc
2026-04-27T03:00:00Z,Bitso,MXN,usdt_mxn,1h,17.378,"reported, not observed",api.bitso.com/api/v3/ohlc
2026-04-27T04:00:00Z,Bitso,MXN,usdt_mxn,1h,17.38,"reported, not observed",api.bitso.com/api/v3/ohlc
2026-04-27T05:00:00Z,Bitso,MXN,usdt_mxn,1h,17.395,"reported, not observed",api.bitso.com/api/v3/ohlc
2026-04-27T06:00:00Z,Bitso,MXN,usdt_mxn,1h,17.385,"reported, not observed",api.bitso.com/api/v3/ohlc
2026-04-27T07:00:00Z,Bitso,MXN,usdt_mxn,1h,17.384,"reported, not observed",api.bitso.com/api/v3/ohlc
2026-04-27T08:00:00Z,Bitso,MXN,usdt_mxn,1h,17.366,"reported, not observed",api.bitso.com/api/v3/ohlc
2026-04-27T09:00:00Z,Bitso,MXN,usdt_mxn,1h,17.365,"reported, not observed",api.bitso.com/api/v3/ohlc
2026-04-27T10:00:00Z,Bitso,MXN,usdt_mxn,1h,17.349,"reported, not observed",api.bitso.com/api/v3/ohlc
2026-04-27T11:00:00Z,Bitso,MXN,usdt_mxn,1h,17.361,"reported, not observed",api.bitso.com/api/v3/ohlc
2026-04-27T12:00:00Z,Bitso,MXN,usdt_mxn,1h,17.365,"reported, not observed",api.bitso.com/api/v3/ohlc
2026-04-27T13:00:00Z,Bitso,MXN,usdt_mxn,1h,17.37,"reported, not observed",api.bitso.com/api/v3/ohlc
2026-04-27T14:00:00Z,Bitso,MXN,usdt_mxn,1h,17.367,"reported, not observed",api.bitso.com/api/v3/ohlc
2026-04-27T15:00:00Z,Bitso,MXN,usdt_mxn,1h,17.389,"reported, not observed",api.bitso.com/api/v3/ohlc
2026-04-27T16:00:00Z,Bitso,MXN,usdt_mxn,1h,17.382,"reported, not observed",api.bitso.com/api/v3/ohlc
2026-04-27T17:00:00Z,Bitso,MXN,usdt_mxn,1h,17.381,"reported, not observed",api.bitso.com/api/v3/ohlc
2026-04-27T18:00:00Z,Bitso,MXN,usdt_mxn,1h,17.395,"reported, not observed",api.bitso.com/api/v3/ohlc
2026-04-27T19:00:00Z,Bitso,MXN,usdt_mxn,1h,17.387,"reported, not observed",api.bitso.com/api/v3/ohlc
2026-04-27T20:00:00Z,Bitso,MXN,usdt_mxn,1h,17.394,"reported, not observed",api.bitso.com/api/v3/ohlc
2026-04-27T21:00:00Z,Bitso,MXN,usdt_mxn,1h,17.387,"reported, not observed",api.bitso.com/api/v3/ohlc
2026-04-27T22:00:00Z,Bitso,MXN,usdt_mxn,1h,17.386,"reported, not observed",api.bitso.com/api/v3/ohlc
2026-04-27T23:00:00Z,Bitso,MXN,usdt_mxn,1h,17.382,"reported, not observed",api.bitso.com/api/v3/ohlc
2026-04-28T00:00:00Z,Bitso,MXN,usdt_mxn,1h,17.389,"reported, not observed",api.bitso.com/api/v3/ohlc
2026-04-28T01:00:00Z,Bitso,MXN,usdt_mxn,1h,17.404,"reported, not observed",api.bitso.com/api/v3/ohlc
2026-04-28T02:00:00Z,Bitso,MXN,usdt_mxn,1h,17.411,"reported, not observed",api.bitso.com/api/v3/ohlc
2026-04-28T03:00:00Z,Bitso,MXN,usdt_mxn,1h,17.395,"reported, not observed",api.bitso.com/api/v3/ohlc
2026-04-28T04:00:00Z,Bitso,MXN,usdt_mxn,1h,17.384,"reported, not observed",api.bitso.com/api/v3/ohlc
2026-04-28T05:00:00Z,Bitso,MXN,usdt_mxn,1h,17.407,"reported, not observed",api.bitso.com/api/v3/ohlc
2026-04-28T06:00:00Z,Bitso,MXN,usdt_mxn,1h,17.442,"reported, not observed",api.bitso.com/api/v3/ohlc
2026-04-28T07:00:00Z,Bitso,MXN,usdt_mxn,1h,17.427,"reported, not observed",api.bitso.com/api/v3/ohlc
2026-04-28T08:00:00Z,Bitso,MXN,usdt_mxn,1h,17.429,"reported, not observed",api.bitso.com/api/v3/ohlc
2026-04-28T09:00:00Z,Bitso,MXN,usdt_mxn,1h,17.427,"reported, not observed",api.bitso.com/api/v3/ohlc
2026-04-28T10:00:00Z,Bitso,MXN,usdt_mxn,1h,17.407,"reported, not observed",api.bitso.com/api/v3/ohlc
2026-04-28T11:00:00Z,Bitso,MXN,usdt_mxn,1h,17.438,"reported, not observed",api.bitso.com/api/v3/ohlc
2026-04-28T12:00:00Z,Bitso,MXN,usdt_mxn,1h,17.414,"reported, not observed",api.bitso.com/api/v3/ohlc
2026-04-28T13:00:00Z,Bitso,MXN,usdt_mxn,1h,17.415,"reported, not observed",api.bitso.com/api/v3/ohlc
2026-04-28T14:00:00Z,Bitso,MXN,usdt_mxn,1h,17.413,"reported, not observed",api.bitso.com/api/v3/ohlc
2026-04-28T15:00:00Z,Bitso,MXN,usdt_mxn,1h,17.366,"reported, not observed",api.bitso.com/api/v3/ohlc
2026-04-28T16:00:00Z,Bitso,MXN,usdt_mxn,1h,17.389,"reported, not observed",api.bitso.com/api/v3/ohlc
2026-04-28T17:00:00Z,Bitso,MXN,usdt_mxn,1h,17.383,"reported, not observed",api.bitso.com/api/v3/ohlc
2026-04-28T18:00:00Z,Bitso,MXN,usdt_mxn,1h,17.384,"reported, not observed",api.bitso.com/api/v3/ohlc
2026-04-28T19:00:00Z,Bitso,MXN,usdt_mxn,1h,17.382,"reported, not observed",api.bitso.com/api/v3/ohlc
2026-04-28T20:00:00Z,Bitso,MXN,usdt_mxn,1h,17.394,"reported, not observed",api.bitso.com/api/v3/ohlc
2026-04-28T21:00:00Z,Bitso,MXN,usdt_mxn,1h,17.402,"reported, not observed",api.bitso.com/api/v3/ohlc
2026-04-28T22:00:00Z,Bitso,MXN,usdt_mxn,1h,17.4,"reported, not observed",api.bitso.com/api/v3/ohlc
2026-04-28T23:00:00Z,Bitso,MXN,usdt_mxn,1h,17.39,"reported, not observed",api.bitso.com/api/v3/ohlc
2026-04-29T00:00:00Z,Bitso,MXN,usdt_mxn,1h,17.39,"reported, not observed",api.bitso.com/api/v3/ohlc
2026-04-29T01:00:00Z,Bitso,MXN,usdt_mxn,1h,17.393,"reported, not observed",api.bitso.com/api/v3/ohlc
2026-04-29T02:00:00Z,Bitso,MXN,usdt_mxn,1h,17.4,"reported, not observed",api.bitso.com/api/v3/ohlc
2026-04-29T03:00:00Z,Bitso,MXN,usdt_mxn,1h,17.395,"reported, not observed",api.bitso.com/api/v3/ohlc
2026-04-29T04:00:00Z,Bitso,MXN,usdt_mxn,1h,17.397,"reported, not observed",api.bitso.com/api/v3/ohlc
2026-04-29T05:00:00Z,Bitso,MXN,usdt_mxn,1h,17.399,"reported, not observed",api.bitso.com/api/v3/ohlc
2026-04-29T06:00:00Z,Bitso,MXN,usdt_mxn,1h,17.392,"reported, not observed",api.bitso.com/api/v3/ohlc
2026-04-29T07:00:00Z,Bitso,MXN,usdt_mxn,1h,17.395,"reported, not observed",api.bitso.com/api/v3/ohlc
2026-04-29T08:00:00Z,Bitso,MXN,usdt_mxn,1h,17.413,"reported, not observed",api.bitso.com/api/v3/ohlc
2026-04-29T09:00:00Z,Bitso,MXN,usdt_mxn,1h,17.411,"reported, not observed",api.bitso.com/api/v3/ohlc
2026-04-29T10:00:00Z,Bitso,MXN,usdt_mxn,1h,17.385,"reported, not observed",api.bitso.com/api/v3/ohlc
2026-04-29T11:00:00Z,Bitso,MXN,usdt_mxn,1h,17.378,"reported, not observed",api.bitso.com/api/v3/ohlc
2026-04-29T12:00:00Z,Bitso,MXN,usdt_mxn,1h,17.424,"reported, not observed",api.bitso.com/api/v3/ohlc
2026-04-29T13:00:00Z,Bitso,MXN,usdt_mxn,1h,17.458,"reported, not observed",api.bitso.com/api/v3/ohlc
2026-04-29T14:00:00Z,Bitso,MXN,usdt_mxn,1h,17.457,"reported, not observed",api.bitso.com/api/v3/ohlc
2026-04-29T15:00:00Z,Bitso,MXN,usdt_mxn,1h,17.48,"reported, not observed",api.bitso.com/api/v3/ohlc
2026-04-29T16:00:00Z,Bitso,MXN,usdt_mxn,1h,17.496,"reported, not observed",api.bitso.com/api/v3/ohlc
2026-04-29T17:00:00Z,Bitso,MXN,usdt_mxn,1h,17.49,"reported, not observed",api.bitso.com/api/v3/ohlc
2026-04-29T18:00:00Z,Bitso,MXN,usdt_mxn,1h,17.543,"reported, not observed",api.bitso.com/api/v3/ohlc
2026-04-29T19:00:00Z,Bitso,MXN,usdt_mxn,1h,17.527,"reported, not observed",api.bitso.com/api/v3/ohlc
2026-04-29T20:00:00Z,Bitso,MXN,usdt_mxn,1h,17.541,"reported, not observed",api.bitso.com/api/v3/ohlc
2026-04-29T21:00:00Z,Bitso,MXN,usdt_mxn,1h,17.534,"reported, not observed",api.bitso.com/api/v3/ohlc
2026-04-29T22:00:00Z,Bitso,MXN,usdt_mxn,1h,17.537,"reported, not observed",api.bitso.com/api/v3/ohlc
2026-04-29T23:00:00Z,Bitso,MXN,usdt_mxn,1h,17.529,"reported, not observed",api.bitso.com/api/v3/ohlc
2026-04-30T00:00:00Z,Bitso,MXN,usdt_mxn,1h,17.528,"reported, not observed",api.bitso.com/api/v3/ohlc
2026-04-30T01:00:00Z,Bitso,MXN,usdt_mxn,1h,17.534,"reported, not observed",api.bitso.com/api/v3/ohlc
2026-04-30T02:00:00Z,Bitso,MXN,usdt_mxn,1h,17.55,"reported, not observed",api.bitso.com/api/v3/ohlc
2026-04-30T03:00:00Z,Bitso,MXN,usdt_mxn,1h,17.556,"reported, not observed",api.bitso.com/api/v3/ohlc
2026-04-30T04:00:00Z,Bitso,MXN,usdt_mxn,1h,17.565,"reported, not observed",api.bitso.com/api/v3/ohlc
2026-04-30T05:00:00Z,Bitso,MXN,usdt_mxn,1h,17.565,"reported, not observed",api.bitso.com/api/v3/ohlc
2026-04-30T06:00:00Z,Bitso,MXN,usdt_mxn,1h,17.557,"reported, not observed",api.bitso.com/api/v3/ohlc
2026-04-30T07:00:00Z,Bitso,MXN,usdt_mxn,1h,17.539,"reported, not observed",api.bitso.com/api/v3/ohlc
2026-04-30T08:00:00Z,Bitso,MXN,usdt_mxn,1h,17.534,"reported, not observed",api.bitso.com/api/v3/ohlc
2026-04-30T09:00:00Z,Bitso,MXN,usdt_mxn,1h,17.52,"reported, not observed",api.bitso.com/api/v3/ohlc
2026-04-30T10:00:00Z,Bitso,MXN,usdt_mxn,1h,17.508,"reported, not observed",api.bitso.com/api/v3/ohlc
2026-04-30T11:00:00Z,Bitso,MXN,usdt_mxn,1h,17.507,"reported, not observed",api.bitso.com/api/v3/ohlc
2026-04-30T12:00:00Z,Bitso,MXN,usdt_mxn,1h,17.536,"reported, not observed",api.bitso.com/api/v3/ohlc
2026-04-30T13:00:00Z,Bitso,MXN,usdt_mxn,1h,17.551,"reported, not observed",api.bitso.com/api/v3/ohlc
2026-04-30T14:00:00Z,Bitso,MXN,usdt_mxn,1h,17.498,"reported, not observed",api.bitso.com/api/v3/ohlc
2026-04-30T15:00:00Z,Bitso,MXN,usdt_mxn,1h,17.511,"reported, not observed",api.bitso.com/api/v3/ohlc
2026-04-30T16:00:00Z,Bitso,MXN,usdt_mxn,1h,17.499,"reported, not observed",api.bitso.com/api/v3/ohlc
2026-04-30T17:00:00Z,Bitso,MXN,usdt_mxn,1h,17.48,"reported, not observed",api.bitso.com/api/v3/ohlc
2026-04-30T18:00:00Z,Bitso,MXN,usdt_mxn,1h,17.46,"reported, not observed",api.bitso.com/api/v3/ohlc
2026-04-30T19:00:00Z,Bitso,MXN,usdt_mxn,1h,17.461,"reported, not observed",api.bitso.com/api/v3/ohlc
2026-04-30T20:00:00Z,Bitso,MXN,usdt_mxn,1h,17.458,"reported, not observed",api.bitso.com/api/v3/ohlc
2026-04-30T21:00:00Z,Bitso,MXN,usdt_mxn,1h,17.463,"reported, not observed",api.bitso.com/api/v3/ohlc
2026-04-30T22:00:00Z,Bitso,MXN,usdt_mxn,1h,17.465,"reported, not observed",api.bitso.com/api/v3/ohlc
2026-04-30T23:00:00Z,Bitso,MXN,usdt_mxn,1h,17.461,"reported, not observed",api.bitso.com/api/v3/ohlc
2026-05-01T00:00:00Z,Bitso,MXN,usdt_mxn,1h,17.454,"reported, not observed",api.bitso.com/api/v3/ohlc
2026-05-01T01:00:00Z,Bitso,MXN,usdt_mxn,1h,17.451,"reported, not observed",api.bitso.com/api/v3/ohlc
2026-05-01T02:00:00Z,Bitso,MXN,usdt_mxn,1h,17.465,"reported, not observed",api.bitso.com/api/v3/ohlc
2026-05-01T03:00:00Z,Bitso,MXN,usdt_mxn,1h,17.467,"reported, not observed",api.bitso.com/api/v3/ohlc
2026-05-01T04:00:00Z,Bitso,MXN,usdt_mxn,1h,17.469,"reported, not observed",api.bitso.com/api/v3/ohlc
2026-05-01T05:00:00Z,Bitso,MXN,usdt_mxn,1h,17.474,"reported, not observed",api.bitso.com/api/v3/ohlc
2026-05-01T06:00:00Z,Bitso,MXN,usdt_mxn,1h,17.478,"reported, not observed",api.bitso.com/api/v3/ohlc
2026-05-01T07:00:00Z,Bitso,MXN,usdt_mxn,1h,17.47,"reported, not observed",api.bitso.com/api/v3/ohlc
2026-05-01T08:00:00Z,Bitso,MXN,usdt_mxn,1h,17.452,"reported, not observed",api.bitso.com/api/v3/ohlc
2026-05-01T09:00:00Z,Bitso,MXN,usdt_mxn,1h,17.478,"reported, not observed",api.bitso.com/api/v3/ohlc
2026-05-01T10:00:00Z,Bitso,MXN,usdt_mxn,1h,17.461,"reported, not observed",api.bitso.com/api/v3/ohlc
2026-05-01T11:00:00Z,Bitso,MXN,usdt_mxn,1h,17.45,"reported, not observed",api.bitso.com/api/v3/ohlc
2026-05-01T12:00:00Z,Bitso,MXN,usdt_mxn,1h,17.437,"reported, not observed",api.bitso.com/api/v3/ohlc
2026-05-01T13:00:00Z,Bitso,MXN,usdt_mxn,1h,17.419,"reported, not observed",api.bitso.com/api/v3/ohlc
2026-05-01T14:00:00Z,Bitso,MXN,usdt_mxn,1h,17.402,"reported, not observed",api.bitso.com/api/v3/ohlc
2026-05-01T15:00:00Z,Bitso,MXN,usdt_mxn,1h,17.398,"reported, not observed",api.bitso.com/api/v3/ohlc
2026-05-01T16:00:00Z,Bitso,MXN,usdt_mxn,1h,17.417,"reported, not observed",api.bitso.com/api/v3/ohlc
2026-05-01T17:00:00Z,Bitso,MXN,usdt_mxn,1h,17.453,"reported, not observed",api.bitso.com/api/v3/ohlc
2026-05-01T18:00:00Z,Bitso,MXN,usdt_mxn,1h,17.442,"reported, not observed",api.bitso.com/api/v3/ohlc
2026-05-01T19:00:00Z,Bitso,MXN,usdt_mxn,1h,17.447,"reported, not observed",api.bitso.com/api/v3/ohlc
2026-05-01T20:00:00Z,Bitso,MXN,usdt_mxn,1h,17.468,"reported, not observed",api.bitso.com/api/v3/ohlc
2026-05-01T21:00:00Z,Bitso,MXN,usdt_mxn,1h,17.468,"reported, not observed",api.bitso.com/api/v3/ohlc
2026-05-01T22:00:00Z,Bitso,MXN,usdt_mxn,1h,17.468,"reported, not observed",api.bitso.com/api/v3/ohlc
2026-05-01T23:00:00Z,Bitso,MXN,usdt_mxn,1h,17.469,"reported, not observed",api.bitso.com/api/v3/ohlc
2026-05-02T00:00:00Z,Bitso,MXN,usdt_mxn,1h,17.469,"reported, not observed",api.bitso.com/api/v3/ohlc
2026-05-02T01:00:00Z,Bitso,MXN,usdt_mxn,1h,17.464,"reported, not observed",api.bitso.com/api/v3/ohlc
2026-05-02T02:00:00Z,Bitso,MXN,usdt_mxn,1h,17.475,"reported, not observed",api.bitso.com/api/v3/ohlc
2026-05-02T03:00:00Z,Bitso,MXN,usdt_mxn,1h,17.473,"reported, not observed",api.bitso.com/api/v3/ohlc
2026-05-02T04:00:00Z,Bitso,MXN,usdt_mxn,1h,17.474,"reported, not observed",api.bitso.com/api/v3/ohlc
2026-05-02T05:00:00Z,Bitso,MXN,usdt_mxn,1h,17.475,"reported, not observed",api.bitso.com/api/v3/ohlc
2026-05-02T06:00:00Z,Bitso,MXN,usdt_mxn,1h,17.475,"reported, not observed",api.bitso.com/api/v3/ohlc
2026-05-02T07:00:00Z,Bitso,MXN,usdt_mxn,1h,17.475,"reported, not observed",api.bitso.com/api/v3/ohlc
2026-05-02T08:00:00Z,Bitso,MXN,usdt_mxn,1h,17.473,"reported, not observed",api.bitso.com/api/v3/ohlc
2026-05-02T09:00:00Z,Bitso,MXN,usdt_mxn,1h,17.474,"reported, not observed",api.bitso.com/api/v3/ohlc
2026-05-02T10:00:00Z,Bitso,MXN,usdt_mxn,1h,17.474,"reported, not observed",api.bitso.com/api/v3/ohlc
2026-05-02T11:00:00Z,Bitso,MXN,usdt_mxn,1h,17.474,"reported, not observed",api.bitso.com/api/v3/ohlc
2026-05-02T12:00:00Z,Bitso,MXN,usdt_mxn,1h,17.475,"reported, not observed",api.bitso.com/api/v3/ohlc
2026-05-02T13:00:00Z,Bitso,MXN,usdt_mxn,1h,17.475,"reported, not observed",api.bitso.com/api/v3/ohlc
2026-05-02T14:00:00Z,Bitso,MXN,usdt_mxn,1h,17.474,"reported, not observed",api.bitso.com/api/v3/ohlc
2026-05-02T15:00:00Z,Bitso,MXN,usdt_mxn,1h,17.476,"reported, not observed",api.bitso.com/api/v3/ohlc
2026-05-02T16:00:00Z,Bitso,MXN,usdt_mxn,1h,17.47,"reported, not observed",api.bitso.com/api/v3/ohlc
2026-05-02T17:00:00Z,Bitso,MXN,usdt_mxn,1h,17.474,"reported, not observed",api.bitso.com/api/v3/ohlc
2026-05-02T18:00:00Z,Bitso,MXN,usdt_mxn,1h,17.473,"reported, not observed",api.bitso.com/api/v3/ohlc
2026-05-02T19:00:00Z,Bitso,MXN,usdt_mxn,1h,17.474,"reported, not observed",api.bitso.com/api/v3/ohlc
2026-05-02T20:00:00Z,Bitso,MXN,usdt_mxn,1h,17.47,"reported, not observed",api.bitso.com/api/v3/ohlc
2026-05-02T21:00:00Z,Bitso,MXN,usdt_mxn,1h,17.47,"reported, not observed",api.bitso.com/api/v3/ohlc
2026-05-02T22:00:00Z,Bitso,MXN,usdt_mxn,1h,17.473,"reported, not observed",api.bitso.com/api/v3/ohlc
2026-05-02T23:00:00Z,Bitso,MXN,usdt_mxn,1h,17.472,"reported, not observed",api.bitso.com/api/v3/ohlc
2026-05-03T00:00:00Z,Bitso,MXN,usdt_mxn,1h,17.47,"reported, not observed",api.bitso.com/api/v3/ohlc
2026-05-03T01:00:00Z,Bitso,MXN,usdt_mxn,1h,17.472,"reported, not observed",api.bitso.com/api/v3/ohlc
2026-05-03T02:00:00Z,Bitso,MXN,usdt_mxn,1h,17.467,"reported, not observed",api.bitso.com/api/v3/ohlc
2026-05-03T03:00:00Z,Bitso,MXN,usdt_mxn,1h,17.469,"reported, not observed",api.bitso.com/api/v3/ohlc
2026-05-03T04:00:00Z,Bitso,MXN,usdt_mxn,1h,17.466,"reported, not observed",api.bitso.com/api/v3/ohlc
2026-05-03T05:00:00Z,Bitso,MXN,usdt_mxn,1h,17.464,"reported, not observed",api.bitso.com/api/v3/ohlc
2026-05-03T06:00:00Z,Bitso,MXN,usdt_mxn,1h,17.472,"reported, not observed",api.bitso.com/api/v3/ohlc
2026-05-03T07:00:00Z,Bitso,MXN,usdt_mxn,1h,17.471,"reported, not observed",api.bitso.com/api/v3/ohlc
2026-05-03T08:00:00Z,Bitso,MXN,usdt_mxn,1h,17.466,"reported, not observed",api.bitso.com/api/v3/ohlc
2026-05-03T09:00:00Z,Bitso,MXN,usdt_mxn,1h,17.471,"reported, not observed",api.bitso.com/api/v3/ohlc
2026-05-03T10:00:00Z,Bitso,MXN,usdt_mxn,1h,17.472,"reported, not observed",api.bitso.com/api/v3/ohlc
2026-05-03T11:00:00Z,Bitso,MXN,usdt_mxn,1h,17.471,"reported, not observed",api.bitso.com/api/v3/ohlc
2026-05-03T12:00:00Z,Bitso,MXN,usdt_mxn,1h,17.471,"reported, not observed",api.bitso.com/api/v3/ohlc
2026-05-03T13:00:00Z,Bitso,MXN,usdt_mxn,1h,17.472,"reported, not observed",api.bitso.com/api/v3/ohlc
2026-05-03T14:00:00Z,Bitso,MXN,usdt_mxn,1h,17.462,"reported, not observed",api.bitso.com/api/v3/ohlc
2026-05-03T15:00:00Z,Bitso,MXN,usdt_mxn,1h,17.463,"reported, not observed",api.bitso.com/api/v3/ohlc
2026-05-03T16:00:00Z,Bitso,MXN,usdt_mxn,1h,17.463,"reported, not observed",api.bitso.com/api/v3/ohlc
2026-05-03T17:00:00Z,Bitso,MXN,usdt_mxn,1h,17.458,"reported, not observed",api.bitso.com/api/v3/ohlc
2026-05-03T18:00:00Z,Bitso,MXN,usdt_mxn,1h,17.456,"reported, not observed",api.bitso.com/api/v3/ohlc
2026-05-03T19:00:00Z,Bitso,MXN,usdt_mxn,1h,17.457,"reported, not observed",api.bitso.com/api/v3/ohlc
2026-05-03T20:00:00Z,Bitso,MXN,usdt_mxn,1h,17.462,"reported, not observed",api.bitso.com/api/v3/ohlc
2026-05-03T21:00:00Z,Bitso,MXN,usdt_mxn,1h,17.433,"reported, not observed",api.bitso.com/api/v3/ohlc
2026-05-03T22:00:00Z,Bitso,MXN,usdt_mxn,1h,17.444,"reported, not observed",api.bitso.com/api/v3/ohlc
2026-05-03T23:00:00Z,Bitso,MXN,usdt_mxn,1h,17.447,"reported, not observed",api.bitso.com/api/v3/ohlc
2026-05-04T00:00:00Z,Bitso,MXN,usdt_mxn,1h,17.437,"reported, not observed",api.bitso.com/api/v3/ohlc
2026-05-04T01:00:00Z,Bitso,MXN,usdt_mxn,1h,17.438,"reported, not observed",api.bitso.com/api/v3/ohlc
2026-05-04T02:00:00Z,Bitso,MXN,usdt_mxn,1h,17.434,"reported, not observed",api.bitso.com/api/v3/ohlc
2026-05-04T03:00:00Z,Bitso,MXN,usdt_mxn,1h,17.415,"reported, not observed",api.bitso.com/api/v3/ohlc
2026-05-04T04:00:00Z,Bitso,MXN,usdt_mxn,1h,17.428,"reported, not observed",api.bitso.com/api/v3/ohlc
2026-05-04T05:00:00Z,Bitso,MXN,usdt_mxn,1h,17.43,"reported, not observed",api.bitso.com/api/v3/ohlc
2026-05-04T06:00:00Z,Bitso,MXN,usdt_mxn,1h,17.44,"reported, not observed",api.bitso.com/api/v3/ohlc
2026-05-04T07:00:00Z,Bitso,MXN,usdt_mxn,1h,17.458,"reported, not observed",api.bitso.com/api/v3/ohlc
2026-05-04T08:00:00Z,Bitso,MXN,usdt_mxn,1h,17.464,"reported, not observed",api.bitso.com/api/v3/ohlc
2026-05-04T09:00:00Z,Bitso,MXN,usdt_mxn,1h,17.454,"reported, not observed",api.bitso.com/api/v3/ohlc
2026-05-04T10:00:00Z,Bitso,MXN,usdt_mxn,1h,17.466,"reported, not observed",api.bitso.com/api/v3/ohlc
2026-05-04T11:00:00Z,Bitso,MXN,usdt_mxn,1h,17.485,"reported, not observed",api.bitso.com/api/v3/ohlc
2026-05-04T12:00:00Z,Bitso,MXN,usdt_mxn,1h,17.436,"reported, not observed",api.bitso.com/api/v3/ohlc
2026-05-04T13:00:00Z,Bitso,MXN,usdt_mxn,1h,17.429,"reported, not observed",api.bitso.com/api/v3/ohlc
2026-05-04T14:00:00Z,Bitso,MXN,usdt_mxn,1h,17.457,"reported, not observed",api.bitso.com/api/v3/ohlc
2026-05-04T15:00:00Z,Bitso,MXN,usdt_mxn,1h,17.497,"reported, not observed",api.bitso.com/api/v3/ohlc
2026-05-04T16:00:00Z,Bitso,MXN,usdt_mxn,1h,17.533,"reported, not observed",api.bitso.com/api/v3/ohlc
2026-05-04T17:00:00Z,Bitso,MXN,usdt_mxn,1h,17.517,"reported, not observed",api.bitso.com/api/v3/ohlc
2026-05-04T18:00:00Z,Bitso,MXN,usdt_mxn,1h,17.515,"reported, not observed",api.bitso.com/api/v3/ohlc
2026-05-04T19:00:00Z,Bitso,MXN,usdt_mxn,1h,17.522,"reported, not observed",api.bitso.com/api/v3/ohlc
2026-05-04T20:00:00Z,Bitso,MXN,usdt_mxn,1h,17.503,"reported, not observed",api.bitso.com/api/v3/ohlc
2026-05-04T21:00:00Z,Bitso,MXN,usdt_mxn,1h,17.519,"reported, not observed",api.bitso.com/api/v3/ohlc
2026-05-04T22:00:00Z,Bitso,MXN,usdt_mxn,1h,17.526,"reported, not observed",api.bitso.com/api/v3/ohlc
2026-05-04T23:00:00Z,Bitso,MXN,usdt_mxn,1h,17.533,"reported, not observed",api.bitso.com/api/v3/ohlc
2026-05-05T00:00:00Z,Bitso,MXN,usdt_mxn,1h,17.53,"reported, not observed",api.bitso.com/api/v3/ohlc
2026-05-05T01:00:00Z,Bitso,MXN,usdt_mxn,1h,17.53,"reported, not observed",api.bitso.com/api/v3/ohlc
2026-05-05T02:00:00Z,Bitso,MXN,usdt_mxn,1h,17.518,"reported, not observed",api.bitso.com/api/v3/ohlc
2026-05-05T03:00:00Z,Bitso,MXN,usdt_mxn,1h,17.519,"reported, not observed",api.bitso.com/api/v3/ohlc
2026-05-05T04:00:00Z,Bitso,MXN,usdt_mxn,1h,17.527,"reported, not observed",api.bitso.com/api/v3/ohlc
2026-05-05T05:00:00Z,Bitso,MXN,usdt_mxn,1h,17.513,"reported, not observed",api.bitso.com/api/v3/ohlc
2026-05-05T06:00:00Z,Bitso,MXN,usdt_mxn,1h,17.497,"reported, not observed",api.bitso.com/api/v3/ohlc
2026-05-05T07:00:00Z,Bitso,MXN,usdt_mxn,1h,17.486,"reported, not observed",api.bitso.com/api/v3/ohlc
2026-05-05T08:00:00Z,Bitso,MXN,usdt_mxn,1h,17.486,"reported, not observed",api.bitso.com/api/v3/ohlc
2026-05-05T09:00:00Z,Bitso,MXN,usdt_mxn,1h,17.481,"reported, not observed",api.bitso.com/api/v3/ohlc
2026-05-05T10:00:00Z,Bitso,MXN,usdt_mxn,1h,17.463,"reported, not observed",api.bitso.com/api/v3/ohlc
2026-05-05T11:00:00Z,Bitso,MXN,usdt_mxn,1h,17.434,"reported, not observed",api.bitso.com/api/v3/ohlc
2026-05-05T12:00:00Z,Bitso,MXN,usdt_mxn,1h,17.427,"reported, not observed",api.bitso.com/api/v3/ohlc
2026-05-05T13:00:00Z,Bitso,MXN,usdt_mxn,1h,17.403,"reported, not observed",api.bitso.com/api/v3/ohlc
2026-05-05T14:00:00Z,Bitso,MXN,usdt_mxn,1h,17.389,"reported, not observed",api.bitso.com/api/v3/ohlc
2026-05-05T15:00:00Z,Bitso,MXN,usdt_mxn,1h,17.373,"reported, not observed",api.bitso.com/api/v3/ohlc
2026-05-05T16:00:00Z,Bitso,MXN,usdt_mxn,1h,17.364,"reported, not observed",api.bitso.com/api/v3/ohlc
2026-05-05T17:00:00Z,Bitso,MXN,usdt_mxn,1h,17.373,"reported, not observed",api.bitso.com/api/v3/ohlc
2026-05-05T18:00:00Z,Bitso,MXN,usdt_mxn,1h,17.373,"reported, not observed",api.bitso.com/api/v3/ohlc
2026-05-05T19:00:00Z,Bitso,MXN,usdt_mxn,1h,17.381,"reported, not observed",api.bitso.com/api/v3/ohlc
2026-05-05T20:00:00Z,Bitso,MXN,usdt_mxn,1h,17.382,"reported, not observed",api.bitso.com/api/v3/ohlc
2026-05-05T21:00:00Z,Bitso,MXN,usdt_mxn,1h,17.387,"reported, not observed",api.bitso.com/api/v3/ohlc
2026-05-05T22:00:00Z,Bitso,MXN,usdt_mxn,1h,17.372,"reported, not observed",api.bitso.com/api/v3/ohlc
2026-05-05T23:00:00Z,Bitso,MXN,usdt_mxn,1h,17.357,"reported, not observed",api.bitso.com/api/v3/ohlc
2026-05-06T00:00:00Z,Bitso,MXN,usdt_mxn,1h,17.335,"reported, not observed",api.bitso.com/api/v3/ohlc
2026-05-06T01:00:00Z,Bitso,MXN,usdt_mxn,1h,17.329,"reported, not observed",api.bitso.com/api/v3/ohlc
2026-05-06T02:00:00Z,Bitso,MXN,usdt_mxn,1h,17.33,"reported, not observed",api.bitso.com/api/v3/ohlc
2026-05-06T03:00:00Z,Bitso,MXN,usdt_mxn,1h,17.333,"reported, not observed",api.bitso.com/api/v3/ohlc
2026-05-06T04:00:00Z,Bitso,MXN,usdt_mxn,1h,17.322,"reported, not observed",api.bitso.com/api/v3/ohlc
2026-05-06T05:00:00Z,Bitso,MXN,usdt_mxn,1h,17.317,"reported, not observed",api.bitso.com/api/v3/ohlc
2026-05-06T06:00:00Z,Bitso,MXN,usdt_mxn,1h,17.309,"reported, not observed",api.bitso.com/api/v3/ohlc
2026-05-06T07:00:00Z,Bitso,MXN,usdt_mxn,1h,17.308,"reported, not observed",api.bitso.com/api/v3/ohlc
2026-05-06T08:00:00Z,Bitso,MXN,usdt_mxn,1h,17.26,"reported, not observed",api.bitso.com/api/v3/ohlc
2026-05-06T09:00:00Z,Bitso,MXN,usdt_mxn,1h,17.24,"reported, not observed",api.bitso.com/api/v3/ohlc
2026-05-06T10:00:00Z,Bitso,MXN,usdt_mxn,1h,17.2,"reported, not observed",api.bitso.com/api/v3/ohlc
2026-05-06T11:00:00Z,Bitso,MXN,usdt_mxn,1h,17.242,"reported, not observed",api.bitso.com/api/v3/ohlc
2026-05-06T12:00:00Z,Bitso,MXN,usdt_mxn,1h,17.269,"reported, not observed",api.bitso.com/api/v3/ohlc
2026-05-06T13:00:00Z,Bitso,MXN,usdt_mxn,1h,17.255,"reported, not observed",api.bitso.com/api/v3/ohlc
2026-05-06T14:00:00Z,Bitso,MXN,usdt_mxn,1h,17.236,"reported, not observed",api.bitso.com/api/v3/ohlc
2026-05-06T15:00:00Z,Bitso,MXN,usdt_mxn,1h,17.247,"reported, not observed",api.bitso.com/api/v3/ohlc
2026-05-06T16:00:00Z,Bitso,MXN,usdt_mxn,1h,17.262,"reported, not observed",api.bitso.com/api/v3/ohlc
2026-05-06T17:00:00Z,Bitso,MXN,usdt_mxn,1h,17.26,"reported, not observed",api.bitso.com/api/v3/ohlc
2026-05-06T18:00:00Z,Bitso,MXN,usdt_mxn,1h,17.25,"reported, not observed",api.bitso.com/api/v3/ohlc
2026-05-06T19:00:00Z,Bitso,MXN,usdt_mxn,1h,17.241,"reported, not observed",api.bitso.com/api/v3/ohlc
2026-05-06T20:00:00Z,Bitso,MXN,usdt_mxn,1h,17.252,"reported, not observed",api.bitso.com/api/v3/ohlc
2026-05-06T21:00:00Z,Bitso,MXN,usdt_mxn,1h,17.263,"reported, not observed",api.bitso.com/api/v3/ohlc
2026-05-06T22:00:00Z,Bitso,MXN,usdt_mxn,1h,17.27,"reported, not observed",api.bitso.com/api/v3/ohlc
2026-05-06T23:00:00Z,Bitso,MXN,usdt_mxn,1h,17.267,"reported, not observed",api.bitso.com/api/v3/ohlc
2026-05-07T00:00:00Z,Bitso,MXN,usdt_mxn,1h,17.263,"reported, not observed",api.bitso.com/api/v3/ohlc
2026-05-07T01:00:00Z,Bitso,MXN,usdt_mxn,1h,17.243,"reported, not observed",api.bitso.com/api/v3/ohlc
2026-05-07T02:00:00Z,Bitso,MXN,usdt_mxn,1h,17.245,"reported, not observed",api.bitso.com/api/v3/ohlc
2026-05-07T03:00:00Z,Bitso,MXN,usdt_mxn,1h,17.246,"reported, not observed",api.bitso.com/api/v3/ohlc
2026-05-07T04:00:00Z,Bitso,MXN,usdt_mxn,1h,17.25,"reported, not observed",api.bitso.com/api/v3/ohlc
2026-05-07T05:00:00Z,Bitso,MXN,usdt_mxn,1h,17.249,"reported, not observed",api.bitso.com/api/v3/ohlc
2026-05-07T06:00:00Z,Bitso,MXN,usdt_mxn,1h,17.247,"reported, not observed",api.bitso.com/api/v3/ohlc
2026-05-07T07:00:00Z,Bitso,MXN,usdt_mxn,1h,17.229,"reported, not observed",api.bitso.com/api/v3/ohlc
2026-05-07T08:00:00Z,Bitso,MXN,usdt_mxn,1h,17.217,"reported, not observed",api.bitso.com/api/v3/ohlc
2026-05-07T09:00:00Z,Bitso,MXN,usdt_mxn,1h,17.211,"reported, not observed",api.bitso.com/api/v3/ohlc
2026-05-07T10:00:00Z,Bitso,MXN,usdt_mxn,1h,17.204,"reported, not observed",api.bitso.com/api/v3/ohlc
2026-05-07T11:00:00Z,Bitso,MXN,usdt_mxn,1h,17.198,"reported, not observed",api.bitso.com/api/v3/ohlc
2026-05-07T12:00:00Z,Bitso,MXN,usdt_mxn,1h,17.19,"reported, not observed",api.bitso.com/api/v3/ohlc
2026-05-07T13:00:00Z,Bitso,MXN,usdt_mxn,1h,17.205,"reported, not observed",api.bitso.com/api/v3/ohlc
2026-05-07T14:00:00Z,Bitso,MXN,usdt_mxn,1h,17.203,"reported, not observed",api.bitso.com/api/v3/ohlc
2026-05-07T15:00:00Z,Bitso,MXN,usdt_mxn,1h,17.238,"reported, not observed",api.bitso.com/api/v3/ohlc
2026-05-07T16:00:00Z,Bitso,MXN,usdt_mxn,1h,17.236,"reported, not observed",api.bitso.com/api/v3/ohlc
2026-05-07T17:00:00Z,Bitso,MXN,usdt_mxn,1h,17.259,"reported, not observed",api.bitso.com/api/v3/ohlc
2026-05-07T18:00:00Z,Bitso,MXN,usdt_mxn,1h,17.257,"reported, not observed",api.bitso.com/api/v3/ohlc
2026-05-07T19:00:00Z,Bitso,MXN,usdt_mxn,1h,17.275,"reported, not observed",api.bitso.com/api/v3/ohlc
2026-05-07T20:00:00Z,Bitso,MXN,usdt_mxn,1h,17.307,"reported, not observed",api.bitso.com/api/v3/ohlc
2026-05-07T21:00:00Z,Bitso,MXN,usdt_mxn,1h,17.315,"reported, not observed",api.bitso.com/api/v3/ohlc
2026-05-07T22:00:00Z,Bitso,MXN,usdt_mxn,1h,17.314,"reported, not observed",api.bitso.com/api/v3/ohlc
2026-05-07T23:00:00Z,Bitso,MXN,usdt_mxn,1h,17.299,"reported, not observed",api.bitso.com/api/v3/ohlc
2026-05-08T00:00:00Z,Bitso,MXN,usdt_mxn,1h,17.293,"reported, not observed",api.bitso.com/api/v3/ohlc
2026-05-08T01:00:00Z,Bitso,MXN,usdt_mxn,1h,17.294,"reported, not observed",api.bitso.com/api/v3/ohlc
2026-05-08T02:00:00Z,Bitso,MXN,usdt_mxn,1h,17.292,"reported, not observed",api.bitso.com/api/v3/ohlc
2026-05-08T03:00:00Z,Bitso,MXN,usdt_mxn,1h,17.288,"reported, not observed",api.bitso.com/api/v3/ohlc
2026-05-08T04:00:00Z,Bitso,MXN,usdt_mxn,1h,17.277,"reported, not observed",api.bitso.com/api/v3/ohlc
2026-05-08T05:00:00Z,Bitso,MXN,usdt_mxn,1h,17.282,"reported, not observed",api.bitso.com/api/v3/ohlc
2026-05-08T06:00:00Z,Bitso,MXN,usdt_mxn,1h,17.27,"reported, not observed",api.bitso.com/api/v3/ohlc
2026-05-08T07:00:00Z,Bitso,MXN,usdt_mxn,1h,17.265,"reported, not observed",api.bitso.com/api/v3/ohlc
2026-05-08T08:00:00Z,Bitso,MXN,usdt_mxn,1h,17.24,"reported, not observed",api.bitso.com/api/v3/ohlc
2026-05-08T09:00:00Z,Bitso,MXN,usdt_mxn,1h,17.225,"reported, not observed",api.bitso.com/api/v3/ohlc
2026-05-08T10:00:00Z,Bitso,MXN,usdt_mxn,1h,17.211,"reported, not observed",api.bitso.com/api/v3/ohlc
2026-05-08T11:00:00Z,Bitso,MXN,usdt_mxn,1h,17.22,"reported, not observed",api.bitso.com/api/v3/ohlc
2026-05-08T12:00:00Z,Bitso,MXN,usdt_mxn,1h,17.203,"reported, not observed",api.bitso.com/api/v3/ohlc
2026-05-08T13:00:00Z,Bitso,MXN,usdt_mxn,1h,17.197,"reported, not observed",api.bitso.com/api/v3/ohlc
2026-05-08T14:00:00Z,Bitso,MXN,usdt_mxn,1h,17.201,"reported, not observed",api.bitso.com/api/v3/ohlc
2026-05-08T15:00:00Z,Bitso,MXN,usdt_mxn,1h,17.208,"reported, not observed",api.bitso.com/api/v3/ohlc
2026-05-08T16:00:00Z,Bitso,MXN,usdt_mxn,1h,17.212,"reported, not observed",api.bitso.com/api/v3/ohlc
2026-05-08T17:00:00Z,Bitso,MXN,usdt_mxn,1h,17.208,"reported, not observed",api.bitso.com/api/v3/ohlc
2026-05-08T18:00:00Z,Bitso,MXN,usdt_mxn,1h,17.196,"reported, not observed",api.bitso.com/api/v3/ohlc
2026-05-08T19:00:00Z,Bitso,MXN,usdt_mxn,1h,17.2,"reported, not observed",api.bitso.com/api/v3/ohlc
2026-05-08T20:00:00Z,Bitso,MXN,usdt_mxn,1h,17.189,"reported, not observed",api.bitso.com/api/v3/ohlc
2026-05-08T21:00:00Z,Bitso,MXN,usdt_mxn,1h,17.195,"reported, not observed",api.bitso.com/api/v3/ohlc
2026-05-08T22:00:00Z,Bitso,MXN,usdt_mxn,1h,17.19,"reported, not observed",api.bitso.com/api/v3/ohlc
2026-05-08T23:00:00Z,Bitso,MXN,usdt_mxn,1h,17.193,"reported, not observed",api.bitso.com/api/v3/ohlc
2026-05-09T00:00:00Z,Bitso,MXN,usdt_mxn,1h,17.195,"reported, not observed",api.bitso.com/api/v3/ohlc
2026-05-09T01:00:00Z,Bitso,MXN,usdt_mxn,1h,17.201,"reported, not observed",api.bitso.com/api/v3/ohlc
2026-05-09T02:00:00Z,Bitso,MXN,usdt_mxn,1h,17.199,"reported, not observed",api.bitso.com/api/v3/ohlc
2026-05-09T03:00:00Z,Bitso,MXN,usdt_mxn,1h,17.193,"reported, not observed",api.bitso.com/api/v3/ohlc
2026-05-09T04:00:00Z,Bitso,MXN,usdt_mxn,1h,17.193,"reported, not observed",api.bitso.com/api/v3/ohlc
2026-05-09T05:00:00Z,Bitso,MXN,usdt_mxn,1h,17.196,"reported, not observed",api.bitso.com/api/v3/ohlc
2026-05-09T06:00:00Z,Bitso,MXN,usdt_mxn,1h,17.204,"reported, not observed",api.bitso.com/api/v3/ohlc
2026-05-09T07:00:00Z,Bitso,MXN,usdt_mxn,1h,17.219,"reported, not observed",api.bitso.com/api/v3/ohlc
2026-05-09T08:00:00Z,Bitso,MXN,usdt_mxn,1h,17.199,"reported, not observed",api.bitso.com/api/v3/ohlc
2026-05-09T09:00:00Z,Bitso,MXN,usdt_mxn,1h,17.207,"reported, not observed",api.bitso.com/api/v3/ohlc
2026-05-09T10:00:00Z,Bitso,MXN,usdt_mxn,1h,17.198,"reported, not observed",api.bitso.com/api/v3/ohlc
2026-05-09T11:00:00Z,Bitso,MXN,usdt_mxn,1h,17.2,"reported, not observed",api.bitso.com/api/v3/ohlc
2026-05-09T12:00:00Z,Bitso,MXN,usdt_mxn,1h,17.206,"reported, not observed",api.bitso.com/api/v3/ohlc
2026-05-09T13:00:00Z,Bitso,MXN,usdt_mxn,1h,17.198,"reported, not observed",api.bitso.com/api/v3/ohlc
2026-05-09T14:00:00Z,Bitso,MXN,usdt_mxn,1h,17.207,"reported, not observed",api.bitso.com/api/v3/ohlc
2026-05-09T15:00:00Z,Bitso,MXN,usdt_mxn,1h,17.203,"reported, not observed",api.bitso.com/api/v3/ohlc
2026-05-09T16:00:00Z,Bitso,MXN,usdt_mxn,1h,17.203,"reported, not observed",api.bitso.com/api/v3/ohlc
2026-05-09T17:00:00Z,Bitso,MXN,usdt_mxn,1h,17.193,"reported, not observed",api.bitso.com/api/v3/ohlc
2026-05-09T18:00:00Z,Bitso,MXN,usdt_mxn,1h,17.194,"reported, not observed",api.bitso.com/api/v3/ohlc
2026-05-09T19:00:00Z,Bitso,MXN,usdt_mxn,1h,17.193,"reported, not observed",api.bitso.com/api/v3/ohlc
2026-05-09T20:00:00Z,Bitso,MXN,usdt_mxn,1h,17.193,"reported, not observed",api.bitso.com/api/v3/ohlc
2026-05-09T21:00:00Z,Bitso,MXN,usdt_mxn,1h,17.195,"reported, not observed",api.bitso.com/api/v3/ohlc
2026-05-09T22:00:00Z,Bitso,MXN,usdt_mxn,1h,17.197,"reported, not observed",api.bitso.com/api/v3/ohlc
2026-05-09T23:00:00Z,Bitso,MXN,usdt_mxn,1h,17.19,"reported, not observed",api.bitso.com/api/v3/ohlc
2026-05-10T00:00:00Z,Bitso,MXN,usdt_mxn,1h,17.196,"reported, not observed",api.bitso.com/api/v3/ohlc
2026-05-10T01:00:00Z,Bitso,MXN,usdt_mxn,1h,17.196,"reported, not observed",api.bitso.com/api/v3/ohlc
2026-05-10T02:00:00Z,Bitso,MXN,usdt_mxn,1h,17.191,"reported, not observed",api.bitso.com/api/v3/ohlc
2026-05-10T03:00:00Z,Bitso,MXN,usdt_mxn,1h,17.194,"reported, not observed",api.bitso.com/api/v3/ohlc
2026-05-10T04:00:00Z,Bitso,MXN,usdt_mxn,1h,17.192,"reported, not observed",api.bitso.com/api/v3/ohlc
2026-05-10T05:00:00Z,Bitso,MXN,usdt_mxn,1h,17.196,"reported, not observed",api.bitso.com/api/v3/ohlc
2026-05-10T06:00:00Z,Bitso,MXN,usdt_mxn,1h,17.193,"reported, not observed",api.bitso.com/api/v3/ohlc
2026-05-10T07:00:00Z,Bitso,MXN,usdt_mxn,1h,17.192,"reported, not observed",api.bitso.com/api/v3/ohlc
2026-05-10T08:00:00Z,Bitso,MXN,usdt_mxn,1h,17.196,"reported, not observed",api.bitso.com/api/v3/ohlc
2026-05-10T09:00:00Z,Bitso,MXN,usdt_mxn,1h,17.194,"reported, not observed",api.bitso.com/api/v3/ohlc
2026-05-10T10:00:00Z,Bitso,MXN,usdt_mxn,1h,17.191,"reported, not observed",api.bitso.com/api/v3/ohlc
2026-05-10T11:00:00Z,Bitso,MXN,usdt_mxn,1h,17.195,"reported, not observed",api.bitso.com/api/v3/ohlc
2026-05-10T12:00:00Z,Bitso,MXN,usdt_mxn,1h,17.187,"reported, not observed",api.bitso.com/api/v3/ohlc
2026-05-10T13:00:00Z,Bitso,MXN,usdt_mxn,1h,17.193,"reported, not observed",api.bitso.com/api/v3/ohlc
2026-05-10T14:00:00Z,Bitso,MXN,usdt_mxn,1h,17.192,"reported, not observed",api.bitso.com/api/v3/ohlc
2026-05-10T15:00:00Z,Bitso,MXN,usdt_mxn,1h,17.19,"reported, not observed",api.bitso.com/api/v3/ohlc
2026-05-10T16:00:00Z,Bitso,MXN,usdt_mxn,1h,17.189,"reported, not observed",api.bitso.com/api/v3/ohlc
2026-05-10T17:00:00Z,Bitso,MXN,usdt_mxn,1h,17.184,"reported, not observed",api.bitso.com/api/v3/ohlc
2026-05-10T18:00:00Z,Bitso,MXN,usdt_mxn,1h,17.187,"reported, not observed",api.bitso.com/api/v3/ohlc
2026-05-10T19:00:00Z,Bitso,MXN,usdt_mxn,1h,17.185,"reported, not observed",api.bitso.com/api/v3/ohlc
2026-05-10T20:00:00Z,Bitso,MXN,usdt_mxn,1h,17.192,"reported, not observed",api.bitso.com/api/v3/ohlc
2026-05-10T21:00:00Z,Bitso,MXN,usdt_mxn,1h,17.214,"reported, not observed",api.bitso.com/api/v3/ohlc
2026-05-10T22:00:00Z,Bitso,MXN,usdt_mxn,1h,17.214,"reported, not observed",api.bitso.com/api/v3/ohlc
2026-05-10T23:00:00Z,Bitso,MXN,usdt_mxn,1h,17.217,"reported, not observed",api.bitso.com/api/v3/ohlc
2026-05-11T00:00:00Z,Bitso,MXN,usdt_mxn,1h,17.213,"reported, not observed",api.bitso.com/api/v3/ohlc
2026-05-11T01:00:00Z,Bitso,MXN,usdt_mxn,1h,17.212,"reported, not observed",api.bitso.com/api/v3/ohlc
2026-05-11T02:00:00Z,Bitso,MXN,usdt_mxn,1h,17.215,"reported, not observed",api.bitso.com/api/v3/ohlc
2026-05-11T03:00:00Z,Bitso,MXN,usdt_mxn,1h,17.221,"reported, not observed",api.bitso.com/api/v3/ohlc
2026-05-11T04:00:00Z,Bitso,MXN,usdt_mxn,1h,17.223,"reported, not observed",api.bitso.com/api/v3/ohlc
2026-05-11T05:00:00Z,Bitso,MXN,usdt_mxn,1h,17.227,"reported, not observed",api.bitso.com/api/v3/ohlc
2026-05-11T06:00:00Z,Bitso,MXN,usdt_mxn,1h,17.215,"reported, not observed",api.bitso.com/api/v3/ohlc
2026-05-11T07:00:00Z,Bitso,MXN,usdt_mxn,1h,17.205,"reported, not observed",api.bitso.com/api/v3/ohlc
2026-05-11T08:00:00Z,Bitso,MXN,usdt_mxn,1h,17.203,"reported, not observed",api.bitso.com/api/v3/ohlc
2026-05-11T09:00:00Z,Bitso,MXN,usdt_mxn,1h,17.206,"reported, not observed",api.bitso.com/api/v3/ohlc
2026-05-11T10:00:00Z,Bitso,MXN,usdt_mxn,1h,17.195,"reported, not observed",api.bitso.com/api/v3/ohlc
2026-05-11T11:00:00Z,Bitso,MXN,usdt_mxn,1h,17.194,"reported, not observed",api.bitso.com/api/v3/ohlc
2026-05-11T12:00:00Z,Bitso,MXN,usdt_mxn,1h,17.213,"reported, not observed",api.bitso.com/api/v3/ohlc
2026-05-11T13:00:00Z,Bitso,MXN,usdt_mxn,1h,17.16,"reported, not observed",api.bitso.com/api/v3/ohlc
2026-05-11T14:00:00Z,Bitso,MXN,usdt_mxn,1h,17.168,"reported, not observed",api.bitso.com/api/v3/ohlc
2026-05-11T15:00:00Z,Bitso,MXN,usdt_mxn,1h,17.177,"reported, not observed",api.bitso.com/api/v3/ohlc
2026-05-11T16:00:00Z,Bitso,MXN,usdt_mxn,1h,17.197,"reported, not observed",api.bitso.com/api/v3/ohlc
2026-05-11T17:00:00Z,Bitso,MXN,usdt_mxn,1h,17.193,"reported, not observed",api.bitso.com/api/v3/ohlc
2026-05-11T18:00:00Z,Bitso,MXN,usdt_mxn,1h,17.184,"reported, not observed",api.bitso.com/api/v3/ohlc
2026-05-11T19:00:00Z,Bitso,MXN,usdt_mxn,1h,17.195,"reported, not observed",api.bitso.com/api/v3/ohlc
2026-05-11T20:00:00Z,Bitso,MXN,usdt_mxn,1h,17.196,"reported, not observed",api.bitso.com/api/v3/ohlc
2026-05-11T21:00:00Z,Bitso,MXN,usdt_mxn,1h,17.196,"reported, not observed",api.bitso.com/api/v3/ohlc
2026-05-11T22:00:00Z,Bitso,MXN,usdt_mxn,1h,17.196,"reported, not observed",api.bitso.com/api/v3/ohlc
2026-05-11T23:00:00Z,Bitso,MXN,usdt_mxn,1h,17.195,"reported, not observed",api.bitso.com/api/v3/ohlc
2026-05-12T00:00:00Z,Bitso,MXN,usdt_mxn,1h,17.208,"reported, not observed",api.bitso.com/api/v3/ohlc
2026-05-12T01:00:00Z,Bitso,MXN,usdt_mxn,1h,17.219,"reported, not observed",api.bitso.com/api/v3/ohlc
2026-05-12T02:00:00Z,Bitso,MXN,usdt_mxn,1h,17.209,"reported, not observed",api.bitso.com/api/v3/ohlc
2026-05-12T03:00:00Z,Bitso,MXN,usdt_mxn,1h,17.207,"reported, not observed",api.bitso.com/api/v3/ohlc
2026-05-12T04:00:00Z,Bitso,MXN,usdt_mxn,1h,17.211,"reported, not observed",api.bitso.com/api/v3/ohlc
2026-05-12T05:00:00Z,Bitso,MXN,usdt_mxn,1h,17.208,"reported, not observed",api.bitso.com/api/v3/ohlc
2026-05-12T06:00:00Z,Bitso,MXN,usdt_mxn,1h,17.242,"reported, not observed",api.bitso.com/api/v3/ohlc
2026-05-12T07:00:00Z,Bitso,MXN,usdt_mxn,1h,17.246,"reported, not observed",api.bitso.com/api/v3/ohlc
2026-05-12T08:00:00Z,Bitso,MXN,usdt_mxn,1h,17.25,"reported, not observed",api.bitso.com/api/v3/ohlc
2026-05-12T09:00:00Z,Bitso,MXN,usdt_mxn,1h,17.238,"reported, not observed",api.bitso.com/api/v3/ohlc
2026-05-12T10:00:00Z,Bitso,MXN,usdt_mxn,1h,17.236,"reported, not observed",api.bitso.com/api/v3/ohlc
2026-05-12T11:00:00Z,Bitso,MXN,usdt_mxn,1h,17.227,"reported, not observed",api.bitso.com/api/v3/ohlc
2026-05-12T12:00:00Z,Bitso,MXN,usdt_mxn,1h,17.212,"reported, not observed",api.bitso.com/api/v3/ohlc
2026-05-12T13:00:00Z,Bitso,MXN,usdt_mxn,1h,17.259,"reported, not observed",api.bitso.com/api/v3/ohlc
2026-05-12T14:00:00Z,Bitso,MXN,usdt_mxn,1h,17.259,"reported, not observed",api.bitso.com/api/v3/ohlc
2026-05-12T15:00:00Z,Bitso,MXN,usdt_mxn,1h,17.255,"reported, not observed",api.bitso.com/api/v3/ohlc
2026-05-12T16:00:00Z,Bitso,MXN,usdt_mxn,1h,17.259,"reported, not observed",api.bitso.com/api/v3/ohlc
2026-05-12T17:00:00Z,Bitso,MXN,usdt_mxn,1h,17.248,"reported, not observed",api.bitso.com/api/v3/ohlc
2026-05-12T18:00:00Z,Bitso,MXN,usdt_mxn,1h,17.236,"reported, not observed",api.bitso.com/api/v3/ohlc
2026-05-12T19:00:00Z,Bitso,MXN,usdt_mxn,1h,17.23,"reported, not observed",api.bitso.com/api/v3/ohlc
2026-05-12T20:00:00Z,Bitso,MXN,usdt_mxn,1h,17.229,"reported, not observed",api.bitso.com/api/v3/ohlc
2026-05-12T21:00:00Z,Bitso,MXN,usdt_mxn,1h,17.238,"reported, not observed",api.bitso.com/api/v3/ohlc
2026-05-12T22:00:00Z,Bitso,MXN,usdt_mxn,1h,17.237,"reported, not observed",api.bitso.com/api/v3/ohlc
2026-05-12T23:00:00Z,Bitso,MXN,usdt_mxn,1h,17.232,"reported, not observed",api.bitso.com/api/v3/ohlc
2026-05-13T00:00:00Z,Bitso,MXN,usdt_mxn,1h,17.236,"reported, not observed",api.bitso.com/api/v3/ohlc
2026-05-13T01:00:00Z,Bitso,MXN,usdt_mxn,1h,17.232,"reported, not observed",api.bitso.com/api/v3/ohlc
2026-05-13T02:00:00Z,Bitso,MXN,usdt_mxn,1h,17.227,"reported, not observed",api.bitso.com/api/v3/ohlc
2026-05-13T03:00:00Z,Bitso,MXN,usdt_mxn,1h,17.222,"reported, not observed",api.bitso.com/api/v3/ohlc
2026-05-13T04:00:00Z,Bitso,MXN,usdt_mxn,1h,17.221,"reported, not observed",api.bitso.com/api/v3/ohlc
2026-05-13T05:00:00Z,Bitso,MXN,usdt_mxn,1h,17.216,"reported, not observed",api.bitso.com/api/v3/ohlc
2026-05-13T06:00:00Z,Bitso,MXN,usdt_mxn,1h,17.218,"reported, not observed",api.bitso.com/api/v3/ohlc
2026-05-13T07:00:00Z,Bitso,MXN,usdt_mxn,1h,17.231,"reported, not observed",api.bitso.com/api/v3/ohlc
2026-05-13T08:00:00Z,Bitso,MXN,usdt_mxn,1h,17.234,"reported, not observed",api.bitso.com/api/v3/ohlc
2026-05-13T09:00:00Z,Bitso,MXN,usdt_mxn,1h,17.227,"reported, not observed",api.bitso.com/api/v3/ohlc
2026-05-13T10:00:00Z,Bitso,MXN,usdt_mxn,1h,17.223,"reported, not observed",api.bitso.com/api/v3/ohlc
2026-05-13T11:00:00Z,Bitso,MXN,usdt_mxn,1h,17.209,"reported, not observed",api.bitso.com/api/v3/ohlc
2026-05-13T12:00:00Z,Bitso,MXN,usdt_mxn,1h,17.231,"reported, not observed",api.bitso.com/api/v3/ohlc
2026-05-13T13:00:00Z,Bitso,MXN,usdt_mxn,1h,17.21,"reported, not observed",api.bitso.com/api/v3/ohlc
2026-05-13T14:00:00Z,Bitso,MXN,usdt_mxn,1h,17.203,"reported, not observed",api.bitso.com/api/v3/ohlc
2026-05-13T15:00:00Z,Bitso,MXN,usdt_mxn,1h,17.186,"reported, not observed",api.bitso.com/api/v3/ohlc
2026-05-13T16:00:00Z,Bitso,MXN,usdt_mxn,1h,17.173,"reported, not observed",api.bitso.com/api/v3/ohlc
2026-05-13T17:00:00Z,Bitso,MXN,usdt_mxn,1h,17.184,"reported, not observed",api.bitso.com/api/v3/ohlc
2026-05-13T18:00:00Z,Bitso,MXN,usdt_mxn,1h,17.19,"reported, not observed",api.bitso.com/api/v3/ohlc
2026-05-13T19:00:00Z,Bitso,MXN,usdt_mxn,1h,17.181,"reported, not observed",api.bitso.com/api/v3/ohlc
2026-05-13T20:00:00Z,Bitso,MXN,usdt_mxn,1h,17.178,"reported, not observed",api.bitso.com/api/v3/ohlc
2026-05-13T21:00:00Z,Bitso,MXN,usdt_mxn,1h,17.187,"reported, not observed",api.bitso.com/api/v3/ohlc
2026-05-13T22:00:00Z,Bitso,MXN,usdt_mxn,1h,17.175,"reported, not observed",api.bitso.com/api/v3/ohlc
2026-05-13T23:00:00Z,Bitso,MXN,usdt_mxn,1h,17.174,"reported, not observed",api.bitso.com/api/v3/ohlc
2026-05-14T00:00:00Z,Bitso,MXN,usdt_mxn,1h,17.169,"reported, not observed",api.bitso.com/api/v3/ohlc
2026-05-14T01:00:00Z,Bitso,MXN,usdt_mxn,1h,17.17,"reported, not observed",api.bitso.com/api/v3/ohlc
2026-05-14T02:00:00Z,Bitso,MXN,usdt_mxn,1h,17.174,"reported, not observed",api.bitso.com/api/v3/ohlc
2026-05-14T03:00:00Z,Bitso,MXN,usdt_mxn,1h,17.171,"reported, not observed",api.bitso.com/api/v3/ohlc
2026-05-14T04:00:00Z,Bitso,MXN,usdt_mxn,1h,17.166,"reported, not observed",api.bitso.com/api/v3/ohlc
2026-05-14T05:00:00Z,Bitso,MXN,usdt_mxn,1h,17.173,"reported, not observed",api.bitso.com/api/v3/ohlc
2026-05-14T06:00:00Z,Bitso,MXN,usdt_mxn,1h,17.161,"reported, not observed",api.bitso.com/api/v3/ohlc
2026-05-14T07:00:00Z,Bitso,MXN,usdt_mxn,1h,17.19,"reported, not observed",api.bitso.com/api/v3/ohlc
2026-05-14T08:00:00Z,Bitso,MXN,usdt_mxn,1h,17.178,"reported, not observed",api.bitso.com/api/v3/ohlc
2026-05-14T09:00:00Z,Bitso,MXN,usdt_mxn,1h,17.178,"reported, not observed",api.bitso.com/api/v3/ohlc
2026-05-14T10:00:00Z,Bitso,MXN,usdt_mxn,1h,17.172,"reported, not observed",api.bitso.com/api/v3/ohlc
2026-05-14T11:00:00Z,Bitso,MXN,usdt_mxn,1h,17.186,"reported, not observed",api.bitso.com/api/v3/ohlc
2026-05-14T12:00:00Z,Bitso,MXN,usdt_mxn,1h,17.19,"reported, not observed",api.bitso.com/api/v3/ohlc
2026-05-14T13:00:00Z,Bitso,MXN,usdt_mxn,1h,17.22,"reported, not observed",api.bitso.com/api/v3/ohlc
2026-05-14T14:00:00Z,Bitso,MXN,usdt_mxn,1h,17.203,"reported, not observed",api.bitso.com/api/v3/ohlc
2026-05-14T15:00:00Z,Bitso,MXN,usdt_mxn,1h,17.205,"reported, not observed",api.bitso.com/api/v3/ohlc
2026-05-14T16:00:00Z,Bitso,MXN,usdt_mxn,1h,17.224,"reported, not observed",api.bitso.com/api/v3/ohlc
2026-05-14T17:00:00Z,Bitso,MXN,usdt_mxn,1h,17.219,"reported, not observed",api.bitso.com/api/v3/ohlc
2026-05-14T18:00:00Z,Bitso,MXN,usdt_mxn,1h,17.214,"reported, not observed",api.bitso.com/api/v3/ohlc
2026-05-14T19:00:00Z,Bitso,MXN,usdt_mxn,1h,17.229,"reported, not observed",api.bitso.com/api/v3/ohlc
2026-05-14T20:00:00Z,Bitso,MXN,usdt_mxn,1h,17.231,"reported, not observed",api.bitso.com/api/v3/ohlc
2026-05-14T21:00:00Z,Bitso,MXN,usdt_mxn,1h,17.229,"reported, not observed",api.bitso.com/api/v3/ohlc
2026-05-14T22:00:00Z,Bitso,MXN,usdt_mxn,1h,17.227,"reported, not observed",api.bitso.com/api/v3/ohlc
2026-05-14T23:00:00Z,Bitso,MXN,usdt_mxn,1h,17.236,"reported, not observed",api.bitso.com/api/v3/ohlc
2026-05-15T00:00:00Z,Bitso,MXN,usdt_mxn,1h,17.244,"reported, not observed",api.bitso.com/api/v3/ohlc
2026-05-15T01:00:00Z,Bitso,MXN,usdt_mxn,1h,17.276,"reported, not observed",api.bitso.com/api/v3/ohlc
2026-05-15T02:00:00Z,Bitso,MXN,usdt_mxn,1h,17.259,"reported, not observed",api.bitso.com/api/v3/ohlc
2026-05-15T03:00:00Z,Bitso,MXN,usdt_mxn,1h,17.266,"reported, not observed",api.bitso.com/api/v3/ohlc
2026-05-15T04:00:00Z,Bitso,MXN,usdt_mxn,1h,17.286,"reported, not observed",api.bitso.com/api/v3/ohlc
2026-05-15T05:00:00Z,Bitso,MXN,usdt_mxn,1h,17.327,"reported, not observed",api.bitso.com/api/v3/ohlc
2026-05-15T06:00:00Z,Bitso,MXN,usdt_mxn,1h,17.361,"reported, not observed",api.bitso.com/api/v3/ohlc
2026-05-15T07:00:00Z,Bitso,MXN,usdt_mxn,1h,17.325,"reported, not observed",api.bitso.com/api/v3/ohlc
2026-05-15T08:00:00Z,Bitso,MXN,usdt_mxn,1h,17.358,"reported, not observed",api.bitso.com/api/v3/ohlc
2026-05-15T09:00:00Z,Bitso,MXN,usdt_mxn,1h,17.374,"reported, not observed",api.bitso.com/api/v3/ohlc
2026-05-15T10:00:00Z,Bitso,MXN,usdt_mxn,1h,17.301,"reported, not observed",api.bitso.com/api/v3/ohlc
2026-05-15T11:00:00Z,Bitso,MXN,usdt_mxn,1h,17.348,"reported, not observed",api.bitso.com/api/v3/ohlc
2026-05-15T12:00:00Z,Bitso,MXN,usdt_mxn,1h,17.344,"reported, not observed",api.bitso.com/api/v3/ohlc
2026-05-15T13:00:00Z,Bitso,MXN,usdt_mxn,1h,17.349,"reported, not observed",api.bitso.com/api/v3/ohlc
2026-05-15T14:00:00Z,Bitso,MXN,usdt_mxn,1h,17.34,"reported, not observed",api.bitso.com/api/v3/ohlc
2026-05-15T15:00:00Z,Bitso,MXN,usdt_mxn,1h,17.351,"reported, not observed",api.bitso.com/api/v3/ohlc
2026-05-15T16:00:00Z,Bitso,MXN,usdt_mxn,1h,17.343,"reported, not observed",api.bitso.com/api/v3/ohlc
2026-05-15T17:00:00Z,Bitso,MXN,usdt_mxn,1h,17.335,"reported, not observed",api.bitso.com/api/v3/ohlc
2026-05-15T18:00:00Z,Bitso,MXN,usdt_mxn,1h,17.344,"reported, not observed",api.bitso.com/api/v3/ohlc
2026-05-15T19:00:00Z,Bitso,MXN,usdt_mxn,1h,17.337,"reported, not observed",api.bitso.com/api/v3/ohlc
2026-05-15T20:00:00Z,Bitso,MXN,usdt_mxn,1h,17.333,"reported, not observed",api.bitso.com/api/v3/ohlc
2026-05-15T21:00:00Z,Bitso,MXN,usdt_mxn,1h,17.341,"reported, not observed",api.bitso.com/api/v3/ohlc
2026-05-15T22:00:00Z,Bitso,MXN,usdt_mxn,1h,17.348,"reported, not observed",api.bitso.com/api/v3/ohlc
2026-05-15T23:00:00Z,Bitso,MXN,usdt_mxn,1h,17.351,"reported, not observed",api.bitso.com/api/v3/ohlc
2026-05-16T00:00:00Z,Bitso,MXN,usdt_mxn,1h,17.355,"reported, not observed",api.bitso.com/api/v3/ohlc
2026-05-16T01:00:00Z,Bitso,MXN,usdt_mxn,1h,17.349,"reported, not observed",api.bitso.com/api/v3/ohlc
2026-05-16T02:00:00Z,Bitso,MXN,usdt_mxn,1h,17.356,"reported, not observed",api.bitso.com/api/v3/ohlc
2026-05-16T03:00:00Z,Bitso,MXN,usdt_mxn,1h,17.358,"reported, not observed",api.bitso.com/api/v3/ohlc
2026-05-16T04:00:00Z,Bitso,MXN,usdt_mxn,1h,17.36,"reported, not observed",api.bitso.com/api/v3/ohlc
2026-05-16T05:00:00Z,Bitso,MXN,usdt_mxn,1h,17.36,"reported, not observed",api.bitso.com/api/v3/ohlc
2026-05-16T06:00:00Z,Bitso,MXN,usdt_mxn,1h,17.362,"reported, not observed",api.bitso.com/api/v3/ohlc
2026-05-16T07:00:00Z,Bitso,MXN,usdt_mxn,1h,17.363,"reported, not observed",api.bitso.com/api/v3/ohlc
2026-05-16T08:00:00Z,Bitso,MXN,usdt_mxn,1h,17.364,"reported, not observed",api.bitso.com/api/v3/ohlc
2026-05-16T09:00:00Z,Bitso,MXN,usdt_mxn,1h,17.374,"reported, not observed",api.bitso.com/api/v3/ohlc
2026-05-16T10:00:00Z,Bitso,MXN,usdt_mxn,1h,17.375,"reported, not observed",api.bitso.com/api/v3/ohlc
2026-05-16T11:00:00Z,Bitso,MXN,usdt_mxn,1h,17.379,"reported, not observed",api.bitso.com/api/v3/ohlc
2026-05-16T12:00:00Z,Bitso,MXN,usdt_mxn,1h,17.374,"reported, not observed",api.bitso.com/api/v3/ohlc
2026-05-16T13:00:00Z,Bitso,MXN,usdt_mxn,1h,17.367,"reported, not observed",api.bitso.com/api/v3/ohlc
2026-05-16T14:00:00Z,Bitso,MXN,usdt_mxn,1h,17.363,"reported, not observed",api.bitso.com/api/v3/ohlc
2026-05-16T15:00:00Z,Bitso,MXN,usdt_mxn,1h,17.367,"reported, not observed",api.bitso.com/api/v3/ohlc
2026-05-16T16:00:00Z,Bitso,MXN,usdt_mxn,1h,17.37,"reported, not observed",api.bitso.com/api/v3/ohlc
2026-05-16T17:00:00Z,Bitso,MXN,usdt_mxn,1h,17.369,"reported, not observed",api.bitso.com/api/v3/ohlc
2026-05-16T18:00:00Z,Bitso,MXN,usdt_mxn,1h,17.366,"reported, not observed",api.bitso.com/api/v3/ohlc
2026-05-16T19:00:00Z,Bitso,MXN,usdt_mxn,1h,17.36,"reported, not observed",api.bitso.com/api/v3/ohlc
2026-05-16T20:00:00Z,Bitso,MXN,usdt_mxn,1h,17.373,"reported, not observed",api.bitso.com/api/v3/ohlc
2026-05-16T21:00:00Z,Bitso,MXN,usdt_mxn,1h,17.372,"reported, not observed",api.bitso.com/api/v3/ohlc
2026-05-16T22:00:00Z,Bitso,MXN,usdt_mxn,1h,17.381,"reported, not observed",api.bitso.com/api/v3/ohlc
2026-05-16T23:00:00Z,Bitso,MXN,usdt_mxn,1h,17.392,"reported, not observed",api.bitso.com/api/v3/ohlc
2026-05-17T00:00:00Z,Bitso,MXN,usdt_mxn,1h,17.406,"reported, not observed",api.bitso.com/api/v3/ohlc
2026-05-17T01:00:00Z,Bitso,MXN,usdt_mxn,1h,17.398,"reported, not observed",api.bitso.com/api/v3/ohlc
2026-05-17T02:00:00Z,Bitso,MXN,usdt_mxn,1h,17.377,"reported, not observed",api.bitso.com/api/v3/ohlc
2026-05-17T03:00:00Z,Bitso,MXN,usdt_mxn,1h,17.371,"reported, not observed",api.bitso.com/api/v3/ohlc
2026-05-17T04:00:00Z,Bitso,MXN,usdt_mxn,1h,17.379,"reported, not observed",api.bitso.com/api/v3/ohlc
2026-05-17T05:00:00Z,Bitso,MXN,usdt_mxn,1h,17.377,"reported, not observed",api.bitso.com/api/v3/ohlc
2026-05-17T06:00:00Z,Bitso,MXN,usdt_mxn,1h,17.362,"reported, not observed",api.bitso.com/api/v3/ohlc
2026-05-17T07:00:00Z,Bitso,MXN,usdt_mxn,1h,17.357,"reported, not observed",api.bitso.com/api/v3/ohlc
2026-05-17T08:00:00Z,Bitso,MXN,usdt_mxn,1h,17.363,"reported, not observed",api.bitso.com/api/v3/ohlc
2026-05-17T09:00:00Z,Bitso,MXN,usdt_mxn,1h,17.363,"reported, not observed",api.bitso.com/api/v3/ohlc
2026-05-17T10:00:00Z,Bitso,MXN,usdt_mxn,1h,17.36,"reported, not observed",api.bitso.com/api/v3/ohlc
2026-05-17T11:00:00Z,Bitso,MXN,usdt_mxn,1h,17.362,"reported, not observed",api.bitso.com/api/v3/ohlc
2026-05-17T12:00:00Z,Bitso,MXN,usdt_mxn,1h,17.363,"reported, not observed",api.bitso.com/api/v3/ohlc
2026-05-17T13:00:00Z,Bitso,MXN,usdt_mxn,1h,17.376,"reported, not observed",api.bitso.com/api/v3/ohlc
2026-05-17T14:00:00Z,Bitso,MXN,usdt_mxn,1h,17.376,"reported, not observed",api.bitso.com/api/v3/ohlc
2026-05-17T15:00:00Z,Bitso,MXN,usdt_mxn,1h,17.366,"reported, not observed",api.bitso.com/api/v3/ohlc
2026-05-17T16:00:00Z,Bitso,MXN,usdt_mxn,1h,17.366,"reported, not observed",api.bitso.com/api/v3/ohlc
2026-05-17T17:00:00Z,Bitso,MXN,usdt_mxn,1h,17.342,"reported, not observed",api.bitso.com/api/v3/ohlc
2026-05-17T18:00:00Z,Bitso,MXN,usdt_mxn,1h,17.348,"reported, not observed",api.bitso.com/api/v3/ohlc
2026-05-17T19:00:00Z,Bitso,MXN,usdt_mxn,1h,17.339,"reported, not observed",api.bitso.com/api/v3/ohlc
2026-05-17T20:00:00Z,Bitso,MXN,usdt_mxn,1h,17.34,"reported, not observed",api.bitso.com/api/v3/ohlc
2026-05-17T21:00:00Z,Bitso,MXN,usdt_mxn,1h,17.338,"reported, not observed",api.bitso.com/api/v3/ohlc
2026-05-17T22:00:00Z,Bitso,MXN,usdt_mxn,1h,17.338,"reported, not observed",api.bitso.com/api/v3/ohlc
2026-05-17T23:00:00Z,Bitso,MXN,usdt_mxn,1h,17.361,"reported, not observed",api.bitso.com/api/v3/ohlc
2026-05-18T00:00:00Z,Bitso,MXN,usdt_mxn,1h,17.369,"reported, not observed",api.bitso.com/api/v3/ohlc
2026-05-18T01:00:00Z,Bitso,MXN,usdt_mxn,1h,17.347,"reported, not observed",api.bitso.com/api/v3/ohlc
2026-05-18T02:00:00Z,Bitso,MXN,usdt_mxn,1h,17.346,"reported, not observed",api.bitso.com/api/v3/ohlc
2026-05-18T03:00:00Z,Bitso,MXN,usdt_mxn,1h,17.338,"reported, not observed",api.bitso.com/api/v3/ohlc
2026-05-18T04:00:00Z,Bitso,MXN,usdt_mxn,1h,17.343,"reported, not observed",api.bitso.com/api/v3/ohlc
2026-05-18T05:00:00Z,Bitso,MXN,usdt_mxn,1h,17.343,"reported, not observed",api.bitso.com/api/v3/ohlc
2026-05-18T06:00:00Z,Bitso,MXN,usdt_mxn,1h,17.327,"reported, not observed",api.bitso.com/api/v3/ohlc
2026-05-18T07:00:00Z,Bitso,MXN,usdt_mxn,1h,17.316,"reported, not observed",api.bitso.com/api/v3/ohlc
2026-05-18T08:00:00Z,Bitso,MXN,usdt_mxn,1h,17.297,"reported, not observed",api.bitso.com/api/v3/ohlc
2026-05-18T09:00:00Z,Bitso,MXN,usdt_mxn,1h,17.295,"reported, not observed",api.bitso.com/api/v3/ohlc
2026-05-18T10:00:00Z,Bitso,MXN,usdt_mxn,1h,17.304,"reported, not observed",api.bitso.com/api/v3/ohlc
2026-05-18T11:00:00Z,Bitso,MXN,usdt_mxn,1h,17.292,"reported, not observed",api.bitso.com/api/v3/ohlc
2026-05-18T12:00:00Z,Bitso,MXN,usdt_mxn,1h,17.251,"reported, not observed",api.bitso.com/api/v3/ohlc
2026-05-18T13:00:00Z,Bitso,MXN,usdt_mxn,1h,17.273,"reported, not observed",api.bitso.com/api/v3/ohlc
2026-05-18T14:00:00Z,Bitso,MXN,usdt_mxn,1h,17.292,"reported, not observed",api.bitso.com/api/v3/ohlc
2026-05-18T15:00:00Z,Bitso,MXN,usdt_mxn,1h,17.282,"reported, not observed",api.bitso.com/api/v3/ohlc
2026-05-18T16:00:00Z,Bitso,MXN,usdt_mxn,1h,17.264,"reported, not observed",api.bitso.com/api/v3/ohlc
2026-05-18T17:00:00Z,Bitso,MXN,usdt_mxn,1h,17.275,"reported, not observed",api.bitso.com/api/v3/ohlc
2026-05-18T18:00:00Z,Bitso,MXN,usdt_mxn,1h,17.292,"reported, not observed",api.bitso.com/api/v3/ohlc
2026-05-18T19:00:00Z,Bitso,MXN,usdt_mxn,1h,17.267,"reported, not observed",api.bitso.com/api/v3/ohlc
2026-05-18T20:00:00Z,Bitso,MXN,usdt_mxn,1h,17.262,"reported, not observed",api.bitso.com/api/v3/ohlc
2026-05-18T21:00:00Z,Bitso,MXN,usdt_mxn,1h,17.271,"reported, not observed",api.bitso.com/api/v3/ohlc
2026-05-18T22:00:00Z,Bitso,MXN,usdt_mxn,1h,17.268,"reported, not observed",api.bitso.com/api/v3/ohlc
2026-05-18T23:00:00Z,Bitso,MXN,usdt_mxn,1h,17.271,"reported, not observed",api.bitso.com/api/v3/ohlc
2026-05-19T00:00:00Z,Bitso,MXN,usdt_mxn,1h,17.283,"reported, not observed",api.bitso.com/api/v3/ohlc
2026-05-19T01:00:00Z,Bitso,MXN,usdt_mxn,1h,17.291,"reported, not observed",api.bitso.com/api/v3/ohlc
2026-05-19T02:00:00Z,Bitso,MXN,usdt_mxn,1h,17.292,"reported, not observed",api.bitso.com/api/v3/ohlc
2026-05-19T03:00:00Z,Bitso,MXN,usdt_mxn,1h,17.296,"reported, not observed",api.bitso.com/api/v3/ohlc
2026-05-19T04:00:00Z,Bitso,MXN,usdt_mxn,1h,17.298,"reported, not observed",api.bitso.com/api/v3/ohlc
2026-05-19T05:00:00Z,Bitso,MXN,usdt_mxn,1h,17.295,"reported, not observed",api.bitso.com/api/v3/ohlc
2026-05-19T06:00:00Z,Bitso,MXN,usdt_mxn,1h,17.287,"reported, not observed",api.bitso.com/api/v3/ohlc
2026-05-19T07:00:00Z,Bitso,MXN,usdt_mxn,1h,17.292,"reported, not observed",api.bitso.com/api/v3/ohlc
2026-05-19T08:00:00Z,Bitso,MXN,usdt_mxn,1h,17.303,"reported, not observed",api.bitso.com/api/v3/ohlc
2026-05-19T09:00:00Z,Bitso,MXN,usdt_mxn,1h,17.322,"reported, not observed",api.bitso.com/api/v3/ohlc
2026-05-19T10:00:00Z,Bitso,MXN,usdt_mxn,1h,17.312,"reported, not observed",api.bitso.com/api/v3/ohlc
2026-05-19T11:00:00Z,Bitso,MXN,usdt_mxn,1h,17.324,"reported, not observed",api.bitso.com/api/v3/ohlc
2026-05-19T12:00:00Z,Bitso,MXN,usdt_mxn,1h,17.32,"reported, not observed",api.bitso.com/api/v3/ohlc
2026-05-19T13:00:00Z,Bitso,MXN,usdt_mxn,1h,17.346,"reported, not observed",api.bitso.com/api/v3/ohlc
2026-05-19T14:00:00Z,Bitso,MXN,usdt_mxn,1h,17.39,"reported, not observed",api.bitso.com/api/v3/ohlc
2026-05-19T15:00:00Z,Bitso,MXN,usdt_mxn,1h,17.379,"reported, not observed",api.bitso.com/api/v3/ohlc
2026-05-19T16:00:00Z,Bitso,MXN,usdt_mxn,1h,17.374,"reported, not observed",api.bitso.com/api/v3/ohlc
2026-05-19T17:00:00Z,Bitso,MXN,usdt_mxn,1h,17.38,"reported, not observed",api.bitso.com/api/v3/ohlc
2026-05-19T18:00:00Z,Bitso,MXN,usdt_mxn,1h,17.386,"reported, not observed",api.bitso.com/api/v3/ohlc
2026-05-19T19:00:00Z,Bitso,MXN,usdt_mxn,1h,17.394,"reported, not observed",api.bitso.com/api/v3/ohlc
2026-05-19T20:00:00Z,Bitso,MXN,usdt_mxn,1h,17.402,"reported, not observed",api.bitso.com/api/v3/ohlc
2026-05-19T21:00:00Z,Bitso,MXN,usdt_mxn,1h,17.392,"reported, not observed",api.bitso.com/api/v3/ohlc
2026-05-19T22:00:00Z,Bitso,MXN,usdt_mxn,1h,17.401,"reported, not observed",api.bitso.com/api/v3/ohlc
2026-05-19T23:00:00Z,Bitso,MXN,usdt_mxn,1h,17.39,"reported, not observed",api.bitso.com/api/v3/ohlc
2026-05-20T00:00:00Z,Bitso,MXN,usdt_mxn,1h,17.402,"reported, not observed",api.bitso.com/api/v3/ohlc
2026-05-20T01:00:00Z,Bitso,MXN,usdt_mxn,1h,17.412,"reported, not observed",api.bitso.com/api/v3/ohlc
2026-05-20T02:00:00Z,Bitso,MXN,usdt_mxn,1h,17.415,"reported, not observed",api.bitso.com/api/v3/ohlc
2026-05-20T03:00:00Z,Bitso,MXN,usdt_mxn,1h,17.408,"reported, not observed",api.bitso.com/api/v3/ohlc
2026-05-20T04:00:00Z,Bitso,MXN,usdt_mxn,1h,17.411,"reported, not observed",api.bitso.com/api/v3/ohlc
2026-05-20T05:00:00Z,Bitso,MXN,usdt_mxn,1h,17.405,"reported, not observed",api.bitso.com/api/v3/ohlc
2026-05-20T06:00:00Z,Bitso,MXN,usdt_mxn,1h,17.399,"reported, not observed",api.bitso.com/api/v3/ohlc
2026-05-20T07:00:00Z,Bitso,MXN,usdt_mxn,1h,17.382,"reported, not observed",api.bitso.com/api/v3/ohlc
2026-05-20T08:00:00Z,Bitso,MXN,usdt_mxn,1h,17.378,"reported, not observed",api.bitso.com/api/v3/ohlc
2026-05-20T09:00:00Z,Bitso,MXN,usdt_mxn,1h,17.368,"reported, not observed",api.bitso.com/api/v3/ohlc
2026-05-20T10:00:00Z,Bitso,MXN,usdt_mxn,1h,17.354,"reported, not observed",api.bitso.com/api/v3/ohlc
2026-05-20T11:00:00Z,Bitso,MXN,usdt_mxn,1h,17.361,"reported, not observed",api.bitso.com/api/v3/ohlc
2026-05-20T12:00:00Z,Bitso,MXN,usdt_mxn,1h,17.359,"reported, not observed",api.bitso.com/api/v3/ohlc
2026-05-20T13:00:00Z,Bitso,MXN,usdt_mxn,1h,17.368,"reported, not observed",api.bitso.com/api/v3/ohlc
2026-05-20T14:00:00Z,Bitso,MXN,usdt_mxn,1h,17.288,"reported, not observed",api.bitso.com/api/v3/ohlc
2026-05-20T15:00:00Z,Bitso,MXN,usdt_mxn,1h,17.286,"reported, not observed",api.bitso.com/api/v3/ohlc
2026-05-20T16:00:00Z,Bitso,MXN,usdt_mxn,1h,17.281,"reported, not observed",api.bitso.com/api/v3/ohlc
2026-05-20T17:00:00Z,Bitso,MXN,usdt_mxn,1h,17.291,"reported, not observed",api.bitso.com/api/v3/ohlc
2026-05-20T18:00:00Z,Bitso,MXN,usdt_mxn,1h,17.278,"reported, not observed",api.bitso.com/api/v3/ohlc
2026-05-20T19:00:00Z,Bitso,MXN,usdt_mxn,1h,17.276,"reported, not observed",api.bitso.com/api/v3/ohlc
2026-05-20T20:00:00Z,Bitso,MXN,usdt_mxn,1h,17.295,"reported, not observed",api.bitso.com/api/v3/ohlc
2026-05-20T21:00:00Z,Bitso,MXN,usdt_mxn,1h,17.304,"reported, not observed",api.bitso.com/api/v3/ohlc
2026-05-20T22:00:00Z,Bitso,MXN,usdt_mxn,1h,17.312,"reported, not observed",api.bitso.com/api/v3/ohlc
2026-05-20T23:00:00Z,Bitso,MXN,usdt_mxn,1h,17.313,"reported, not observed",api.bitso.com/api/v3/ohlc
2026-05-21T00:00:00Z,Bitso,MXN,usdt_mxn,1h,17.307,"reported, not observed",api.bitso.com/api/v3/ohlc
2026-05-21T01:00:00Z,Bitso,MXN,usdt_mxn,1h,17.312,"reported, not observed",api.bitso.com/api/v3/ohlc
2026-05-21T02:00:00Z,Bitso,MXN,usdt_mxn,1h,17.32,"reported, not observed",api.bitso.com/api/v3/ohlc
2026-05-21T03:00:00Z,Bitso,MXN,usdt_mxn,1h,17.32,"reported, not observed",api.bitso.com/api/v3/ohlc
2026-05-21T04:00:00Z,Bitso,MXN,usdt_mxn,1h,17.314,"reported, not observed",api.bitso.com/api/v3/ohlc
2026-05-21T05:00:00Z,Bitso,MXN,usdt_mxn,1h,17.32,"reported, not observed",api.bitso.com/api/v3/ohlc
2026-05-21T06:00:00Z,Bitso,MXN,usdt_mxn,1h,17.344,"reported, not observed",api.bitso.com/api/v3/ohlc
2026-05-21T07:00:00Z,Bitso,MXN,usdt_mxn,1h,17.345,"reported, not observed",api.bitso.com/api/v3/ohlc
2026-05-21T08:00:00Z,Bitso,MXN,usdt_mxn,1h,17.306,"reported, not observed",api.bitso.com/api/v3/ohlc
2026-05-21T09:00:00Z,Bitso,MXN,usdt_mxn,1h,17.286,"reported, not observed",api.bitso.com/api/v3/ohlc
2026-05-21T10:00:00Z,Bitso,MXN,usdt_mxn,1h,17.339,"reported, not observed",api.bitso.com/api/v3/ohlc
2026-05-21T11:00:00Z,Bitso,MXN,usdt_mxn,1h,17.327,"reported, not observed",api.bitso.com/api/v3/ohlc
2026-05-21T12:00:00Z,Bitso,MXN,usdt_mxn,1h,17.335,"reported, not observed",api.bitso.com/api/v3/ohlc
2026-05-21T13:00:00Z,Bitso,MXN,usdt_mxn,1h,17.332,"reported, not observed",api.bitso.com/api/v3/ohlc
2026-05-21T14:00:00Z,Bitso,MXN,usdt_mxn,1h,17.344,"reported, not observed",api.bitso.com/api/v3/ohlc
2026-05-21T15:00:00Z,Bitso,MXN,usdt_mxn,1h,17.338,"reported, not observed",api.bitso.com/api/v3/ohlc
2026-05-21T16:00:00Z,Bitso,MXN,usdt_mxn,1h,17.336,"reported, not observed",api.bitso.com/api/v3/ohlc
2026-05-21T17:00:00Z,Bitso,MXN,usdt_mxn,1h,17.266,"reported, not observed",api.bitso.com/api/v3/ohlc
2026-05-21T18:00:00Z,Bitso,MXN,usdt_mxn,1h,17.276,"reported, not observed",api.bitso.com/api/v3/ohlc
2026-05-21T19:00:00Z,Bitso,MXN,usdt_mxn,1h,17.282,"reported, not observed",api.bitso.com/api/v3/ohlc
2026-05-21T20:00:00Z,Bitso,MXN,usdt_mxn,1h,17.292,"reported, not observed",api.bitso.com/api/v3/ohlc
2026-05-21T21:00:00Z,Bitso,MXN,usdt_mxn,1h,17.298,"reported, not observed",api.bitso.com/api/v3/ohlc
2026-05-21T22:00:00Z,Bitso,MXN,usdt_mxn,1h,17.287,"reported, not observed",api.bitso.com/api/v3/ohlc
2026-05-21T23:00:00Z,Bitso,MXN,usdt_mxn,1h,17.289,"reported, not observed",api.bitso.com/api/v3/ohlc
2026-05-22T00:00:00Z,Bitso,MXN,usdt_mxn,1h,17.293,"reported, not observed",api.bitso.com/api/v3/ohlc
2026-05-22T01:00:00Z,Bitso,MXN,usdt_mxn,1h,17.295,"reported, not observed",api.bitso.com/api/v3/ohlc
2026-05-22T02:00:00Z,Bitso,MXN,usdt_mxn,1h,17.296,"reported, not observed",api.bitso.com/api/v3/ohlc
2026-05-22T03:00:00Z,Bitso,MXN,usdt_mxn,1h,17.298,"reported, not observed",api.bitso.com/api/v3/ohlc
2026-05-22T04:00:00Z,Bitso,MXN,usdt_mxn,1h,17.295,"reported, not observed",api.bitso.com/api/v3/ohlc
2026-05-22T05:00:00Z,Bitso,MXN,usdt_mxn,1h,17.297,"reported, not observed",api.bitso.com/api/v3/ohlc
2026-05-22T06:00:00Z,Bitso,MXN,usdt_mxn,1h,17.299,"reported, not observed",api.bitso.com/api/v3/ohlc
2026-05-22T07:00:00Z,Bitso,MXN,usdt_mxn,1h,17.312,"reported, not observed",api.bitso.com/api/v3/ohlc
2026-05-22T08:00:00Z,Bitso,MXN,usdt_mxn,1h,17.314,"reported, not observed",api.bitso.com/api/v3/ohlc
2026-05-22T09:00:00Z,Bitso,MXN,usdt_mxn,1h,17.316,"reported, not observed",api.bitso.com/api/v3/ohlc
2026-05-22T10:00:00Z,Bitso,MXN,usdt_mxn,1h,17.314,"reported, not observed",api.bitso.com/api/v3/ohlc
2026-05-22T11:00:00Z,Bitso,MXN,usdt_mxn,1h,17.314,"reported, not observed",api.bitso.com/api/v3/ohlc
2026-05-22T12:00:00Z,Bitso,MXN,usdt_mxn,1h,17.29,"reported, not observed",api.bitso.com/api/v3/ohlc
2026-05-22T13:00:00Z,Bitso,MXN,usdt_mxn,1h,17.3,"reported, not observed",api.bitso.com/api/v3/ohlc
2026-05-22T14:00:00Z,Bitso,MXN,usdt_mxn,1h,17.32,"reported, not observed",api.bitso.com/api/v3/ohlc
2026-05-22T15:00:00Z,Bitso,MXN,usdt_mxn,1h,17.311,"reported, not observed",api.bitso.com/api/v3/ohlc
2026-05-22T16:00:00Z,Bitso,MXN,usdt_mxn,1h,17.295,"reported, not observed",api.bitso.com/api/v3/ohlc
2026-05-22T17:00:00Z,Bitso,MXN,usdt_mxn,1h,17.286,"reported, not observed",api.bitso.com/api/v3/ohlc
2026-05-22T18:00:00Z,Bitso,MXN,usdt_mxn,1h,17.294,"reported, not observed",api.bitso.com/api/v3/ohlc
2026-05-22T19:00:00Z,Bitso,MXN,usdt_mxn,1h,17.304,"reported, not observed",api.bitso.com/api/v3/ohlc
2026-05-22T20:00:00Z,Bitso,MXN,usdt_mxn,1h,17.314,"reported, not observed",api.bitso.com/api/v3/ohlc
2026-05-22T21:00:00Z,Bitso,MXN,usdt_mxn,1h,17.332,"reported, not observed",api.bitso.com/api/v3/ohlc
2026-05-22T22:00:00Z,Bitso,MXN,usdt_mxn,1h,17.336,"reported, not observed",api.bitso.com/api/v3/ohlc
2026-05-22T23:00:00Z,Bitso,MXN,usdt_mxn,1h,17.35,"reported, not observed",api.bitso.com/api/v3/ohlc
2026-05-23T00:00:00Z,Bitso,MXN,usdt_mxn,1h,17.328,"reported, not observed",api.bitso.com/api/v3/ohlc
2026-05-23T01:00:00Z,Bitso,MXN,usdt_mxn,1h,17.328,"reported, not observed",api.bitso.com/api/v3/ohlc
2026-05-23T02:00:00Z,Bitso,MXN,usdt_mxn,1h,17.328,"reported, not observed",api.bitso.com/api/v3/ohlc
2026-05-23T03:00:00Z,Bitso,MXN,usdt_mxn,1h,17.33,"reported, not observed",api.bitso.com/api/v3/ohlc
2026-05-23T04:00:00Z,Bitso,MXN,usdt_mxn,1h,17.327,"reported, not observed",api.bitso.com/api/v3/ohlc
2026-05-23T05:00:00Z,Bitso,MXN,usdt_mxn,1h,17.33,"reported, not observed",api.bitso.com/api/v3/ohlc
2026-05-23T06:00:00Z,Bitso,MXN,usdt_mxn,1h,17.329,"reported, not observed",api.bitso.com/api/v3/ohlc
2026-05-23T07:00:00Z,Bitso,MXN,usdt_mxn,1h,17.342,"reported, not observed",api.bitso.com/api/v3/ohlc
2026-05-23T08:00:00Z,Bitso,MXN,usdt_mxn,1h,17.343,"reported, not observed",api.bitso.com/api/v3/ohlc
2026-05-23T09:00:00Z,Bitso,MXN,usdt_mxn,1h,17.342,"reported, not observed",api.bitso.com/api/v3/ohlc
2026-05-23T10:00:00Z,Bitso,MXN,usdt_mxn,1h,17.339,"reported, not observed",api.bitso.com/api/v3/ohlc
2026-05-23T11:00:00Z,Bitso,MXN,usdt_mxn,1h,17.332,"reported, not observed",api.bitso.com/api/v3/ohlc
2026-05-23T12:00:00Z,Bitso,MXN,usdt_mxn,1h,17.343,"reported, not observed",api.bitso.com/api/v3/ohlc
2026-05-23T13:00:00Z,Bitso,MXN,usdt_mxn,1h,17.339,"reported, not observed",api.bitso.com/api/v3/ohlc
2026-05-23T14:00:00Z,Bitso,MXN,usdt_mxn,1h,17.339,"reported, not observed",api.bitso.com/api/v3/ohlc
2026-05-23T15:00:00Z,Bitso,MXN,usdt_mxn,1h,17.333,"reported, not observed",api.bitso.com/api/v3/ohlc
2026-05-23T16:00:00Z,Bitso,MXN,usdt_mxn,1h,17.332,"reported, not observed",api.bitso.com/api/v3/ohlc
2026-05-23T17:00:00Z,Bitso,MXN,usdt_mxn,1h,17.336,"reported, not observed",api.bitso.com/api/v3/ohlc
2026-05-23T18:00:00Z,Bitso,MXN,usdt_mxn,1h,17.34,"reported, not observed",api.bitso.com/api/v3/ohlc
2026-05-23T19:00:00Z,Bitso,MXN,usdt_mxn,1h,17.343,"reported, not observed",api.bitso.com/api/v3/ohlc
2026-05-23T20:00:00Z,Bitso,MXN,usdt_mxn,1h,17.34,"reported, not observed",api.bitso.com/api/v3/ohlc
2026-05-23T21:00:00Z,Bitso,MXN,usdt_mxn,1h,17.333,"reported, not observed",api.bitso.com/api/v3/ohlc
2026-05-23T22:00:00Z,Bitso,MXN,usdt_mxn,1h,17.329,"reported, not observed",api.bitso.com/api/v3/ohlc
2026-05-23T23:00:00Z,Bitso,MXN,usdt_mxn,1h,17.329,"reported, not observed",api.bitso.com/api/v3/ohlc
2026-05-24T00:00:00Z,Bitso,MXN,usdt_mxn,1h,17.341,"reported, not observed",api.bitso.com/api/v3/ohlc
2026-05-24T01:00:00Z,Bitso,MXN,usdt_mxn,1h,17.337,"reported, not observed",api.bitso.com/api/v3/ohlc
2026-05-24T02:00:00Z,Bitso,MXN,usdt_mxn,1h,17.332,"reported, not observed",api.bitso.com/api/v3/ohlc
2026-05-24T03:00:00Z,Bitso,MXN,usdt_mxn,1h,17.332,"reported, not observed",api.bitso.com/api/v3/ohlc
2026-05-24T04:00:00Z,Bitso,MXN,usdt_mxn,1h,17.339,"reported, not observed",api.bitso.com/api/v3/ohlc
2026-05-24T05:00:00Z,Bitso,MXN,usdt_mxn,1h,17.335,"reported, not observed",api.bitso.com/api/v3/ohlc
2026-05-24T06:00:00Z,Bitso,MXN,usdt_mxn,1h,17.332,"reported, not observed",api.bitso.com/api/v3/ohlc
2026-05-24T07:00:00Z,Bitso,MXN,usdt_mxn,1h,17.338,"reported, not observed",api.bitso.com/api/v3/ohlc
2026-05-24T08:00:00Z,Bitso,MXN,usdt_mxn,1h,17.332,"reported, not observed",api.bitso.com/api/v3/ohlc
2026-05-24T09:00:00Z,Bitso,MXN,usdt_mxn,1h,17.332,"reported, not observed",api.bitso.com/api/v3/ohlc
2026-05-24T10:00:00Z,Bitso,MXN,usdt_mxn,1h,17.331,"reported, not observed",api.bitso.com/api/v3/ohlc
2026-05-24T11:00:00Z,Bitso,MXN,usdt_mxn,1h,17.33,"reported, not observed",api.bitso.com/api/v3/ohlc
2026-05-24T12:00:00Z,Bitso,MXN,usdt_mxn,1h,17.33,"reported, not observed",api.bitso.com/api/v3/ohlc
2026-05-24T13:00:00Z,Bitso,MXN,usdt_mxn,1h,17.331,"reported, not observed",api.bitso.com/api/v3/ohlc
2026-05-24T14:00:00Z,Bitso,MXN,usdt_mxn,1h,17.334,"reported, not observed",api.bitso.com/api/v3/ohlc
2026-05-24T15:00:00Z,Bitso,MXN,usdt_mxn,1h,17.338,"reported, not observed",api.bitso.com/api/v3/ohlc
2026-05-24T16:00:00Z,Bitso,MXN,usdt_mxn,1h,17.341,"reported, not observed",api.bitso.com/api/v3/ohlc
2026-05-24T17:00:00Z,Bitso,MXN,usdt_mxn,1h,17.335,"reported, not observed",api.bitso.com/api/v3/ohlc
2026-05-24T18:00:00Z,Bitso,MXN,usdt_mxn,1h,17.338,"reported, not observed",api.bitso.com/api/v3/ohlc
2026-05-24T19:00:00Z,Bitso,MXN,usdt_mxn,1h,17.337,"reported, not observed",api.bitso.com/api/v3/ohlc
2026-05-24T20:00:00Z,Bitso,MXN,usdt_mxn,1h,17.337,"reported, not observed",api.bitso.com/api/v3/ohlc
2026-05-24T21:00:00Z,Bitso,MXN,usdt_mxn,1h,17.304,"reported, not observed",api.bitso.com/api/v3/ohlc
2026-05-24T22:00:00Z,Bitso,MXN,usdt_mxn,1h,17.26,"reported, not observed",api.bitso.com/api/v3/ohlc
2026-05-24T23:00:00Z,Bitso,MXN,usdt_mxn,1h,17.261,"reported, not observed",api.bitso.com/api/v3/ohlc
2026-05-25T00:00:00Z,Bitso,MXN,usdt_mxn,1h,17.259,"reported, not observed",api.bitso.com/api/v3/ohlc
2026-05-25T01:00:00Z,Bitso,MXN,usdt_mxn,1h,17.257,"reported, not observed",api.bitso.com/api/v3/ohlc
2026-05-25T02:00:00Z,Bitso,MXN,usdt_mxn,1h,17.264,"reported, not observed",api.bitso.com/api/v3/ohlc
2026-05-25T03:00:00Z,Bitso,MXN,usdt_mxn,1h,17.268,"reported, not observed",api.bitso.com/api/v3/ohlc
2026-05-25T04:00:00Z,Bitso,MXN,usdt_mxn,1h,17.26,"reported, not observed",api.bitso.com/api/v3/ohlc
2026-05-25T05:00:00Z,Bitso,MXN,usdt_mxn,1h,17.262,"reported, not observed",api.bitso.com/api/v3/ohlc
2026-05-25T06:00:00Z,Bitso,MXN,usdt_mxn,1h,17.268,"reported, not observed",api.bitso.com/api/v3/ohlc
2026-05-25T07:00:00Z,Bitso,MXN,usdt_mxn,1h,17.291,"reported, not observed",api.bitso.com/api/v3/ohlc
2026-05-25T08:00:00Z,Bitso,MXN,usdt_mxn,1h,17.287,"reported, not observed",api.bitso.com/api/v3/ohlc
2026-05-25T09:00:00Z,Bitso,MXN,usdt_mxn,1h,17.274,"reported, not observed",api.bitso.com/api/v3/ohlc
2026-05-25T10:00:00Z,Bitso,MXN,usdt_mxn,1h,17.26,"reported, not observed",api.bitso.com/api/v3/ohlc
2026-05-25T11:00:00Z,Bitso,MXN,usdt_mxn,1h,17.24,"reported, not observed",api.bitso.com/api/v3/ohlc
2026-05-25T12:00:00Z,Bitso,MXN,usdt_mxn,1h,17.242,"reported, not observed",api.bitso.com/api/v3/ohlc
2026-05-25T13:00:00Z,Bitso,MXN,usdt_mxn,1h,17.237,"reported, not observed",api.bitso.com/api/v3/ohlc
2026-05-25T14:00:00Z,Bitso,MXN,usdt_mxn,1h,17.232,"reported, not observed",api.bitso.com/api/v3/ohlc
2026-05-25T15:00:00Z,Bitso,MXN,usdt_mxn,1h,17.244,"reported, not observed",api.bitso.com/api/v3/ohlc
2026-05-25T16:00:00Z,Bitso,MXN,usdt_mxn,1h,17.27,"reported, not observed",api.bitso.com/api/v3/ohlc
2026-05-25T17:00:00Z,Bitso,MXN,usdt_mxn,1h,17.266,"reported, not observed",api.bitso.com/api/v3/ohlc
2026-05-25T18:00:00Z,Bitso,MXN,usdt_mxn,1h,17.269,"reported, not observed",api.bitso.com/api/v3/ohlc
2026-05-25T19:00:00Z,Bitso,MXN,usdt_mxn,1h,17.277,"reported, not observed",api.bitso.com/api/v3/ohlc
2026-05-25T20:00:00Z,Bitso,MXN,usdt_mxn,1h,17.273,"reported, not observed",api.bitso.com/api/v3/ohlc
2026-05-25T21:00:00Z,Bitso,MXN,usdt_mxn,1h,17.283,"reported, not observed",api.bitso.com/api/v3/ohlc
2026-05-25T22:00:00Z,Bitso,MXN,usdt_mxn,1h,17.282,"reported, not observed",api.bitso.com/api/v3/ohlc
2026-05-25T23:00:00Z,Bitso,MXN,usdt_mxn,1h,17.287,"reported, not observed",api.bitso.com/api/v3/ohlc
2026-05-26T00:00:00Z,Bitso,MXN,usdt_mxn,1h,17.289,"reported, not observed",api.bitso.com/api/v3/ohlc
2026-05-26T01:00:00Z,Bitso,MXN,usdt_mxn,1h,17.291,"reported, not observed",api.bitso.com/api/v3/ohlc
2026-05-26T02:00:00Z,Bitso,MXN,usdt_mxn,1h,17.287,"reported, not observed",api.bitso.com/api/v3/ohlc
2026-05-26T03:00:00Z,Bitso,MXN,usdt_mxn,1h,17.28,"reported, not observed",api.bitso.com/api/v3/ohlc
2026-05-26T04:00:00Z,Bitso,MXN,usdt_mxn,1h,17.276,"reported, not observed",api.bitso.com/api/v3/ohlc
2026-05-26T05:00:00Z,Bitso,MXN,usdt_mxn,1h,17.285,"reported, not observed",api.bitso.com/api/v3/ohlc
2026-05-26T06:00:00Z,Bitso,MXN,usdt_mxn,1h,17.283,"reported, not observed",api.bitso.com/api/v3/ohlc
2026-05-26T07:00:00Z,Bitso,MXN,usdt_mxn,1h,17.289,"reported, not observed",api.bitso.com/api/v3/ohlc
2026-05-26T08:00:00Z,Bitso,MXN,usdt_mxn,1h,17.303,"reported, not observed",api.bitso.com/api/v3/ohlc
2026-05-26T09:00:00Z,Bitso,MXN,usdt_mxn,1h,17.28,"reported, not observed",api.bitso.com/api/v3/ohlc
2026-05-26T10:00:00Z,Bitso,MXN,usdt_mxn,1h,17.27,"reported, not observed",api.bitso.com/api/v3/ohlc
2026-05-26T11:00:00Z,Bitso,MXN,usdt_mxn,1h,17.272,"reported, not observed",api.bitso.com/api/v3/ohlc
2026-05-26T12:00:00Z,Bitso,MXN,usdt_mxn,1h,17.268,"reported, not observed",api.bitso.com/api/v3/ohlc
2026-05-26T13:00:00Z,Bitso,MXN,usdt_mxn,1h,17.301,"reported, not observed",api.bitso.com/api/v3/ohlc
2026-05-26T14:00:00Z,Bitso,MXN,usdt_mxn,1h,17.313,"reported, not observed",api.bitso.com/api/v3/ohlc
2026-05-26T15:00:00Z,Bitso,MXN,usdt_mxn,1h,17.314,"reported, not observed",api.bitso.com/api/v3/ohlc
2026-05-26T16:00:00Z,Bitso,MXN,usdt_mxn,1h,17.297,"reported, not observed",api.bitso.com/api/v3/ohlc
2026-05-26T17:00:00Z,Bitso,MXN,usdt_mxn,1h,17.298,"reported, not observed",api.bitso.com/api/v3/ohlc
2026-05-26T18:00:00Z,Bitso,MXN,usdt_mxn,1h,17.289,"reported, not observed",api.bitso.com/api/v3/ohlc
2026-05-26T19:00:00Z,Bitso,MXN,usdt_mxn,1h,17.281,"reported, not observed",api.bitso.com/api/v3/ohlc
2026-05-26T20:00:00Z,Bitso,MXN,usdt_mxn,1h,17.291,"reported, not observed",api.bitso.com/api/v3/ohlc
2026-05-26T21:00:00Z,Bitso,MXN,usdt_mxn,1h,17.289,"reported, not observed",api.bitso.com/api/v3/ohlc
2026-05-26T22:00:00Z,Bitso,MXN,usdt_mxn,1h,17.294,"reported, not observed",api.bitso.com/api/v3/ohlc
2026-05-26T23:00:00Z,Bitso,MXN,usdt_mxn,1h,17.289,"reported, not observed",api.bitso.com/api/v3/ohlc
2026-05-27T00:00:00Z,Bitso,MXN,usdt_mxn,1h,17.28,"reported, not observed",api.bitso.com/api/v3/ohlc
2026-05-27T01:00:00Z,Bitso,MXN,usdt_mxn,1h,17.28,"reported, not observed",api.bitso.com/api/v3/ohlc
2026-05-27T02:00:00Z,Bitso,MXN,usdt_mxn,1h,17.277,"reported, not observed",api.bitso.com/api/v3/ohlc
2026-05-27T03:00:00Z,Bitso,MXN,usdt_mxn,1h,17.281,"reported, not observed",api.bitso.com/api/v3/ohlc
2026-05-27T04:00:00Z,Bitso,MXN,usdt_mxn,1h,17.278,"reported, not observed",api.bitso.com/api/v3/ohlc
2026-05-27T05:00:00Z,Bitso,MXN,usdt_mxn,1h,17.283,"reported, not observed",api.bitso.com/api/v3/ohlc
2026-05-27T06:00:00Z,Bitso,MXN,usdt_mxn,1h,17.29,"reported, not observed",api.bitso.com/api/v3/ohlc
2026-05-27T07:00:00Z,Bitso,MXN,usdt_mxn,1h,17.291,"reported, not observed",api.bitso.com/api/v3/ohlc
2026-05-27T08:00:00Z,Bitso,MXN,usdt_mxn,1h,17.293,"reported, not observed",api.bitso.com/api/v3/ohlc
2026-05-27T09:00:00Z,Bitso,MXN,usdt_mxn,1h,17.276,"reported, not observed",api.bitso.com/api/v3/ohlc
2026-05-27T10:00:00Z,Bitso,MXN,usdt_mxn,1h,17.277,"reported, not observed",api.bitso.com/api/v3/ohlc
2026-05-27T11:00:00Z,Bitso,MXN,usdt_mxn,1h,17.291,"reported, not observed",api.bitso.com/api/v3/ohlc
2026-05-27T12:00:00Z,Bitso,MXN,usdt_mxn,1h,17.295,"reported, not observed",api.bitso.com/api/v3/ohlc
2026-05-27T13:00:00Z,Bitso,MXN,usdt_mxn,1h,17.321,"reported, not observed",api.bitso.com/api/v3/ohlc
2026-05-27T14:00:00Z,Bitso,MXN,usdt_mxn,1h,17.355,"reported, not observed",api.bitso.com/api/v3/ohlc
2026-05-27T15:00:00Z,Bitso,MXN,usdt_mxn,1h,17.345,"reported, not observed",api.bitso.com/api/v3/ohlc
2026-05-27T16:00:00Z,Bitso,MXN,usdt_mxn,1h,17.336,"reported, not observed",api.bitso.com/api/v3/ohlc
2026-05-27T17:00:00Z,Bitso,MXN,usdt_mxn,1h,17.337,"reported, not observed",api.bitso.com/api/v3/ohlc
2026-05-27T18:00:00Z,Bitso,MXN,usdt_mxn,1h,17.332,"reported, not observed",api.bitso.com/api/v3/ohlc
2026-05-27T19:00:00Z,Bitso,MXN,usdt_mxn,1h,17.331,"reported, not observed",api.bitso.com/api/v3/ohlc
2026-05-27T20:00:00Z,Bitso,MXN,usdt_mxn,1h,17.333,"reported, not observed",api.bitso.com/api/v3/ohlc
2026-05-27T21:00:00Z,Bitso,MXN,usdt_mxn,1h,17.358,"reported, not observed",api.bitso.com/api/v3/ohlc
2026-05-27T22:00:00Z,Bitso,MXN,usdt_mxn,1h,17.353,"reported, not observed",api.bitso.com/api/v3/ohlc
2026-05-27T23:00:00Z,Bitso,MXN,usdt_mxn,1h,17.358,"reported, not observed",api.bitso.com/api/v3/ohlc
2026-05-28T00:00:00Z,Bitso,MXN,usdt_mxn,1h,17.36,"reported, not observed",api.bitso.com/api/v3/ohlc
2026-05-28T01:00:00Z,Bitso,MXN,usdt_mxn,1h,17.369,"reported, not observed",api.bitso.com/api/v3/ohlc
2026-05-28T02:00:00Z,Bitso,MXN,usdt_mxn,1h,17.378,"reported, not observed",api.bitso.com/api/v3/ohlc
2026-05-28T03:00:00Z,Bitso,MXN,usdt_mxn,1h,17.419,"reported, not observed",api.bitso.com/api/v3/ohlc
2026-05-28T04:00:00Z,Bitso,MXN,usdt_mxn,1h,17.422,"reported, not observed",api.bitso.com/api/v3/ohlc
2026-05-28T05:00:00Z,Bitso,MXN,usdt_mxn,1h,17.397,"reported, not observed",api.bitso.com/api/v3/ohlc
2026-05-28T06:00:00Z,Bitso,MXN,usdt_mxn,1h,17.389,"reported, not observed",api.bitso.com/api/v3/ohlc
2026-05-28T07:00:00Z,Bitso,MXN,usdt_mxn,1h,17.385,"reported, not observed",api.bitso.com/api/v3/ohlc
2026-05-28T08:00:00Z,Bitso,MXN,usdt_mxn,1h,17.389,"reported, not observed",api.bitso.com/api/v3/ohlc
2026-05-28T09:00:00Z,Bitso,MXN,usdt_mxn,1h,17.383,"reported, not observed",api.bitso.com/api/v3/ohlc
2026-05-28T10:00:00Z,Bitso,MXN,usdt_mxn,1h,17.384,"reported, not observed",api.bitso.com/api/v3/ohlc
2026-05-28T11:00:00Z,Bitso,MXN,usdt_mxn,1h,17.38,"reported, not observed",api.bitso.com/api/v3/ohlc
2026-05-28T12:00:00Z,Bitso,MXN,usdt_mxn,1h,17.351,"reported, not observed",api.bitso.com/api/v3/ohlc
2026-05-28T13:00:00Z,Bitso,MXN,usdt_mxn,1h,17.354,"reported, not observed",api.bitso.com/api/v3/ohlc
2026-05-28T14:00:00Z,Bitso,MXN,usdt_mxn,1h,17.321,"reported, not observed",api.bitso.com/api/v3/ohlc
2026-05-28T15:00:00Z,Bitso,MXN,usdt_mxn,1h,17.315,"reported, not observed",api.bitso.com/api/v3/ohlc
2026-05-28T16:00:00Z,Bitso,MXN,usdt_mxn,1h,17.276,"reported, not observed",api.bitso.com/api/v3/ohlc
2026-05-28T17:00:00Z,Bitso,MXN,usdt_mxn,1h,17.29,"reported, not observed",api.bitso.com/api/v3/ohlc
2026-05-28T18:00:00Z,Bitso,MXN,usdt_mxn,1h,17.289,"reported, not observed",api.bitso.com/api/v3/ohlc
2026-05-28T19:00:00Z,Bitso,MXN,usdt_mxn,1h,17.284,"reported, not observed",api.bitso.com/api/v3/ohlc
2026-05-28T20:00:00Z,Bitso,MXN,usdt_mxn,1h,17.3,"reported, not observed",api.bitso.com/api/v3/ohlc
2026-05-28T21:00:00Z,Bitso,MXN,usdt_mxn,1h,17.294,"reported, not observed",api.bitso.com/api/v3/ohlc
2026-05-28T22:00:00Z,Bitso,MXN,usdt_mxn,1h,17.3,"reported, not observed",api.bitso.com/api/v3/ohlc
2026-05-28T23:00:00Z,Bitso,MXN,usdt_mxn,1h,17.293,"reported, not observed",api.bitso.com/api/v3/ohlc
2026-05-29T00:00:00Z,Bitso,MXN,usdt_mxn,1h,17.303,"reported, not observed",api.bitso.com/api/v3/ohlc
2026-05-29T01:00:00Z,Bitso,MXN,usdt_mxn,1h,17.305,"reported, not observed",api.bitso.com/api/v3/ohlc
2026-05-29T02:00:00Z,Bitso,MXN,usdt_mxn,1h,17.307,"reported, not observed",api.bitso.com/api/v3/ohlc
2026-05-29T03:00:00Z,Bitso,MXN,usdt_mxn,1h,17.31,"reported, not observed",api.bitso.com/api/v3/ohlc
2026-05-29T04:00:00Z,Bitso,MXN,usdt_mxn,1h,17.304,"reported, not observed",api.bitso.com/api/v3/ohlc
2026-05-29T05:00:00Z,Bitso,MXN,usdt_mxn,1h,17.31,"reported, not observed",api.bitso.com/api/v3/ohlc
2026-05-29T06:00:00Z,Bitso,MXN,usdt_mxn,1h,17.308,"reported, not observed",api.bitso.com/api/v3/ohlc
2026-05-29T07:00:00Z,Bitso,MXN,usdt_mxn,1h,17.322,"reported, not observed",api.bitso.com/api/v3/ohlc
2026-05-29T08:00:00Z,Bitso,MXN,usdt_mxn,1h,17.325,"reported, not observed",api.bitso.com/api/v3/ohlc
2026-05-29T09:00:00Z,Bitso,MXN,usdt_mxn,1h,17.311,"reported, not observed",api.bitso.com/api/v3/ohlc
2026-05-29T10:00:00Z,Bitso,MXN,usdt_mxn,1h,17.313,"reported, not observed",api.bitso.com/api/v3/ohlc
2026-05-29T11:00:00Z,Bitso,MXN,usdt_mxn,1h,17.318,"reported, not observed",api.bitso.com/api/v3/ohlc
2026-05-29T12:00:00Z,Bitso,MXN,usdt_mxn,1h,17.32,"reported, not observed",api.bitso.com/api/v3/ohlc
2026-05-29T13:00:00Z,Bitso,MXN,usdt_mxn,1h,17.334,"reported, not observed",api.bitso.com/api/v3/ohlc
2026-05-29T14:00:00Z,Bitso,MXN,usdt_mxn,1h,17.323,"reported, not observed",api.bitso.com/api/v3/ohlc
2026-05-29T15:00:00Z,Bitso,MXN,usdt_mxn,1h,17.335,"reported, not observed",api.bitso.com/api/v3/ohlc
2026-05-29T16:00:00Z,Bitso,MXN,usdt_mxn,1h,17.308,"reported, not observed",api.bitso.com/api/v3/ohlc
2026-05-29T17:00:00Z,Bitso,MXN,usdt_mxn,1h,17.314,"reported, not observed",api.bitso.com/api/v3/ohlc
2026-05-29T18:00:00Z,Bitso,MXN,usdt_mxn,1h,17.32,"reported, not observed",api.bitso.com/api/v3/ohlc
2026-05-29T19:00:00Z,Bitso,MXN,usdt_mxn,1h,17.313,"reported, not observed",api.bitso.com/api/v3/ohlc
2026-05-29T20:00:00Z,Bitso,MXN,usdt_mxn,1h,17.341,"reported, not observed",api.bitso.com/api/v3/ohlc
2026-05-29T21:00:00Z,Bitso,MXN,usdt_mxn,1h,17.347,"reported, not observed",api.bitso.com/api/v3/ohlc
2026-05-29T22:00:00Z,Bitso,MXN,usdt_mxn,1h,17.356,"reported, not observed",api.bitso.com/api/v3/ohlc
2026-05-29T23:00:00Z,Bitso,MXN,usdt_mxn,1h,17.361,"reported, not observed",api.bitso.com/api/v3/ohlc
2026-05-30T00:00:00Z,Bitso,MXN,usdt_mxn,1h,17.354,"reported, not observed",api.bitso.com/api/v3/ohlc
2026-05-30T01:00:00Z,Bitso,MXN,usdt_mxn,1h,17.354,"reported, not observed",api.bitso.com/api/v3/ohlc
2026-05-30T02:00:00Z,Bitso,MXN,usdt_mxn,1h,17.353,"reported, not observed",api.bitso.com/api/v3/ohlc
2026-05-30T03:00:00Z,Bitso,MXN,usdt_mxn,1h,17.357,"reported, not observed",api.bitso.com/api/v3/ohlc
2026-05-30T04:00:00Z,Bitso,MXN,usdt_mxn,1h,17.358,"reported, not observed",api.bitso.com/api/v3/ohlc
2026-05-30T05:00:00Z,Bitso,MXN,usdt_mxn,1h,17.362,"reported, not observed",api.bitso.com/api/v3/ohlc
2026-05-30T06:00:00Z,Bitso,MXN,usdt_mxn,1h,17.355,"reported, not observed",api.bitso.com/api/v3/ohlc
2026-05-30T07:00:00Z,Bitso,MXN,usdt_mxn,1h,17.356,"reported, not observed",api.bitso.com/api/v3/ohlc
2026-05-30T08:00:00Z,Bitso,MXN,usdt_mxn,1h,17.357,"reported, not observed",api.bitso.com/api/v3/ohlc
2026-05-30T09:00:00Z,Bitso,MXN,usdt_mxn,1h,17.353,"reported, not observed",api.bitso.com/api/v3/ohlc
2026-05-30T10:00:00Z,Bitso,MXN,usdt_mxn,1h,17.354,"reported, not observed",api.bitso.com/api/v3/ohlc
2026-05-30T11:00:00Z,Bitso,MXN,usdt_mxn,1h,17.356,"reported, not observed",api.bitso.com/api/v3/ohlc
2026-05-30T12:00:00Z,Bitso,MXN,usdt_mxn,1h,17.357,"reported, not observed",api.bitso.com/api/v3/ohlc
2026-05-30T13:00:00Z,Bitso,MXN,usdt_mxn,1h,17.356,"reported, not observed",api.bitso.com/api/v3/ohlc
2026-05-30T14:00:00Z,Bitso,MXN,usdt_mxn,1h,17.356,"reported, not observed",api.bitso.com/api/v3/ohlc
2026-05-30T15:00:00Z,Bitso,MXN,usdt_mxn,1h,17.353,"reported, not observed",api.bitso.com/api/v3/ohlc
2026-05-30T16:00:00Z,Bitso,MXN,usdt_mxn,1h,17.355,"reported, not observed",api.bitso.com/api/v3/ohlc
2026-05-30T17:00:00Z,Bitso,MXN,usdt_mxn,1h,17.36,"reported, not observed",api.bitso.com/api/v3/ohlc
2026-05-30T18:00:00Z,Bitso,MXN,usdt_mxn,1h,17.357,"reported, not observed",api.bitso.com/api/v3/ohlc
2026-05-30T19:00:00Z,Bitso,MXN,usdt_mxn,1h,17.355,"reported, not observed",api.bitso.com/api/v3/ohlc
2026-05-30T20:00:00Z,Bitso,MXN,usdt_mxn,1h,17.358,"reported, not observed",api.bitso.com/api/v3/ohlc
2026-05-30T21:00:00Z,Bitso,MXN,usdt_mxn,1h,17.359,"reported, not observed",api.bitso.com/api/v3/ohlc
2026-05-30T22:00:00Z,Bitso,MXN,usdt_mxn,1h,17.353,"reported, not observed",api.bitso.com/api/v3/ohlc
2026-05-30T23:00:00Z,Bitso,MXN,usdt_mxn,1h,17.353,"reported, not observed",api.bitso.com/api/v3/ohlc
2026-05-31T00:00:00Z,Bitso,MXN,usdt_mxn,1h,17.353,"reported, not observed",api.bitso.com/api/v3/ohlc
2026-05-31T01:00:00Z,Bitso,MXN,usdt_mxn,1h,17.353,"reported, not observed",api.bitso.com/api/v3/ohlc
2026-05-31T02:00:00Z,Bitso,MXN,usdt_mxn,1h,17.351,"reported, not observed",api.bitso.com/api/v3/ohlc
2026-05-31T03:00:00Z,Bitso,MXN,usdt_mxn,1h,17.356,"reported, not observed",api.bitso.com/api/v3/ohlc
2026-05-31T04:00:00Z,Bitso,MXN,usdt_mxn,1h,17.354,"reported, not observed",api.bitso.com/api/v3/ohlc
2026-05-31T05:00:00Z,Bitso,MXN,usdt_mxn,1h,17.357,"reported, not observed",api.bitso.com/api/v3/ohlc
2026-05-31T06:00:00Z,Bitso,MXN,usdt_mxn,1h,17.357,"reported, not observed",api.bitso.com/api/v3/ohlc
2026-05-31T07:00:00Z,Bitso,MXN,usdt_mxn,1h,17.356,"reported, not observed",api.bitso.com/api/v3/ohlc
2026-05-31T08:00:00Z,Bitso,MXN,usdt_mxn,1h,17.359,"reported, not observed",api.bitso.com/api/v3/ohlc
2026-05-31T09:00:00Z,Bitso,MXN,usdt_mxn,1h,17.357,"reported, not observed",api.bitso.com/api/v3/ohlc
2026-05-31T10:00:00Z,Bitso,MXN,usdt_mxn,1h,17.355,"reported, not observed",api.bitso.com/api/v3/ohlc
2026-05-31T11:00:00Z,Bitso,MXN,usdt_mxn,1h,17.356,"reported, not observed",api.bitso.com/api/v3/ohlc
2026-05-31T12:00:00Z,Bitso,MXN,usdt_mxn,1h,17.354,"reported, not observed",api.bitso.com/api/v3/ohlc
2026-05-31T13:00:00Z,Bitso,MXN,usdt_mxn,1h,17.356,"reported, not observed",api.bitso.com/api/v3/ohlc
2026-05-31T14:00:00Z,Bitso,MXN,usdt_mxn,1h,17.357,"reported, not observed",api.bitso.com/api/v3/ohlc
2026-05-31T15:00:00Z,Bitso,MXN,usdt_mxn,1h,17.354,"reported, not observed",api.bitso.com/api/v3/ohlc
2026-05-31T16:00:00Z,Bitso,MXN,usdt_mxn,1h,17.353,"reported, not observed",api.bitso.com/api/v3/ohlc
2026-05-31T17:00:00Z,Bitso,MXN,usdt_mxn,1h,17.354,"reported, not observed",api.bitso.com/api/v3/ohlc
2026-05-31T18:00:00Z,Bitso,MXN,usdt_mxn,1h,17.353,"reported, not observed",api.bitso.com/api/v3/ohlc
2026-05-31T19:00:00Z,Bitso,MXN,usdt_mxn,1h,17.354,"reported, not observed",api.bitso.com/api/v3/ohlc
2026-05-31T20:00:00Z,Bitso,MXN,usdt_mxn,1h,17.354,"reported, not observed",api.bitso.com/api/v3/ohlc
2026-05-31T21:00:00Z,Bitso,MXN,usdt_mxn,1h,17.353,"reported, not observed",api.bitso.com/api/v3/ohlc
2026-05-31T22:00:00Z,Bitso,MXN,usdt_mxn,1h,17.347,"reported, not observed",api.bitso.com/api/v3/ohlc
2026-05-31T23:00:00Z,Bitso,MXN,usdt_mxn,1h,17.34,"reported, not observed",api.bitso.com/api/v3/ohlc
2026-06-01T00:00:00Z,Bitso,MXN,usdt_mxn,1h,17.336,"reported, not observed",api.bitso.com/api/v3/ohlc
2026-06-01T01:00:00Z,Bitso,MXN,usdt_mxn,1h,17.33,"reported, not observed",api.bitso.com/api/v3/ohlc
2026-06-01T02:00:00Z,Bitso,MXN,usdt_mxn,1h,17.323,"reported, not observed",api.bitso.com/api/v3/ohlc
2026-06-01T03:00:00Z,Bitso,MXN,usdt_mxn,1h,17.329,"reported, not observed",api.bitso.com/api/v3/ohlc
2026-06-01T04:00:00Z,Bitso,MXN,usdt_mxn,1h,17.324,"reported, not observed",api.bitso.com/api/v3/ohlc
2026-06-01T05:00:00Z,Bitso,MXN,usdt_mxn,1h,17.327,"reported, not observed",api.bitso.com/api/v3/ohlc
2026-06-01T06:00:00Z,Bitso,MXN,usdt_mxn,1h,17.329,"reported, not observed",api.bitso.com/api/v3/ohlc
2026-06-01T07:00:00Z,Bitso,MXN,usdt_mxn,1h,17.33,"reported, not observed",api.bitso.com/api/v3/ohlc
2026-06-01T08:00:00Z,Bitso,MXN,usdt_mxn,1h,17.318,"reported, not observed",api.bitso.com/api/v3/ohlc
2026-06-01T09:00:00Z,Bitso,MXN,usdt_mxn,1h,17.315,"reported, not observed",api.bitso.com/api/v3/ohlc
2026-06-01T10:00:00Z,Bitso,MXN,usdt_mxn,1h,17.32,"reported, not observed",api.bitso.com/api/v3/ohlc
2026-06-01T11:00:00Z,Bitso,MXN,usdt_mxn,1h,17.327,"reported, not observed",api.bitso.com/api/v3/ohlc
2026-06-01T12:00:00Z,Bitso,MXN,usdt_mxn,1h,17.31,"reported, not observed",api.bitso.com/api/v3/ohlc
2026-06-01T13:00:00Z,Bitso,MXN,usdt_mxn,1h,17.372,"reported, not observed",api.bitso.com/api/v3/ohlc
2026-06-01T14:00:00Z,Bitso,MXN,usdt_mxn,1h,17.365,"reported, not observed",api.bitso.com/api/v3/ohlc
2026-06-01T15:00:00Z,Bitso,MXN,usdt_mxn,1h,17.359,"reported, not observed",api.bitso.com/api/v3/ohlc
2026-06-01T16:00:00Z,Bitso,MXN,usdt_mxn,1h,17.357,"reported, not observed",api.bitso.com/api/v3/ohlc
2026-06-01T17:00:00Z,Bitso,MXN,usdt_mxn,1h,17.346,"reported, not observed",api.bitso.com/api/v3/ohlc
2026-06-01T18:00:00Z,Bitso,MXN,usdt_mxn,1h,17.337,"reported, not observed",api.bitso.com/api/v3/ohlc
2026-06-01T19:00:00Z,Bitso,MXN,usdt_mxn,1h,17.349,"reported, not observed",api.bitso.com/api/v3/ohlc
2026-06-01T20:00:00Z,Bitso,MXN,usdt_mxn,1h,17.355,"reported, not observed",api.bitso.com/api/v3/ohlc
2026-06-01T21:00:00Z,Bitso,MXN,usdt_mxn,1h,17.346,"reported, not observed",api.bitso.com/api/v3/ohlc
2026-06-01T22:00:00Z,Bitso,MXN,usdt_mxn,1h,17.356,"reported, not observed",api.bitso.com/api/v3/ohlc
2026-06-01T23:00:00Z,Bitso,MXN,usdt_mxn,1h,17.353,"reported, not observed",api.bitso.com/api/v3/ohlc
2026-06-02T00:00:00Z,Bitso,MXN,usdt_mxn,1h,17.353,"reported, not observed",api.bitso.com/api/v3/ohlc
2026-06-02T01:00:00Z,Bitso,MXN,usdt_mxn,1h,17.349,"reported, not observed",api.bitso.com/api/v3/ohlc
2026-06-02T02:00:00Z,Bitso,MXN,usdt_mxn,1h,17.348,"reported, not observed",api.bitso.com/api/v3/ohlc
2026-06-02T03:00:00Z,Bitso,MXN,usdt_mxn,1h,17.344,"reported, not observed",api.bitso.com/api/v3/ohlc
2026-06-02T04:00:00Z,Bitso,MXN,usdt_mxn,1h,17.334,"reported, not observed",api.bitso.com/api/v3/ohlc
2026-06-02T05:00:00Z,Bitso,MXN,usdt_mxn,1h,17.334,"reported, not observed",api.bitso.com/api/v3/ohlc
2026-06-02T06:00:00Z,Bitso,MXN,usdt_mxn,1h,17.32,"reported, not observed",api.bitso.com/api/v3/ohlc
2026-06-02T07:00:00Z,Bitso,MXN,usdt_mxn,1h,17.31,"reported, not observed",api.bitso.com/api/v3/ohlc
2026-06-02T08:00:00Z,Bitso,MXN,usdt_mxn,1h,17.302,"reported, not observed",api.bitso.com/api/v3/ohlc
2026-06-02T09:00:00Z,Bitso,MXN,usdt_mxn,1h,17.293,"reported, not observed",api.bitso.com/api/v3/ohlc
2026-06-02T10:00:00Z,Bitso,MXN,usdt_mxn,1h,17.28,"reported, not observed",api.bitso.com/api/v3/ohlc
2026-06-02T11:00:00Z,Bitso,MXN,usdt_mxn,1h,17.279,"reported, not observed",api.bitso.com/api/v3/ohlc
2026-06-02T12:00:00Z,Bitso,MXN,usdt_mxn,1h,17.271,"reported, not observed",api.bitso.com/api/v3/ohlc
2026-06-02T13:00:00Z,Bitso,MXN,usdt_mxn,1h,17.264,"reported, not observed",api.bitso.com/api/v3/ohlc
2026-06-02T14:00:00Z,Bitso,MXN,usdt_mxn,1h,17.261,"reported, not observed",api.bitso.com/api/v3/ohlc
2026-06-02T15:00:00Z,Bitso,MXN,usdt_mxn,1h,17.273,"reported, not observed",api.bitso.com/api/v3/ohlc
2026-06-02T16:00:00Z,Bitso,MXN,usdt_mxn,1h,17.315,"reported, not observed",api.bitso.com/api/v3/ohlc
2026-06-02T17:00:00Z,Bitso,MXN,usdt_mxn,1h,17.297,"reported, not observed",api.bitso.com/api/v3/ohlc
2026-06-02T18:00:00Z,Bitso,MXN,usdt_mxn,1h,17.287,"reported, not observed",api.bitso.com/api/v3/ohlc
2026-06-02T19:00:00Z,Bitso,MXN,usdt_mxn,1h,17.286,"reported, not observed",api.bitso.com/api/v3/ohlc
2026-06-02T20:00:00Z,Bitso,MXN,usdt_mxn,1h,17.284,"reported, not observed",api.bitso.com/api/v3/ohlc
2026-06-02T21:00:00Z,Bitso,MXN,usdt_mxn,1h,17.295,"reported, not observed",api.bitso.com/api/v3/ohlc
2026-06-02T22:00:00Z,Bitso,MXN,usdt_mxn,1h,17.296,"reported, not observed",api.bitso.com/api/v3/ohlc
2026-06-02T23:00:00Z,Bitso,MXN,usdt_mxn,1h,17.303,"reported, not observed",api.bitso.com/api/v3/ohlc
2026-06-03T00:00:00Z,Bitso,MXN,usdt_mxn,1h,17.288,"reported, not observed",api.bitso.com/api/v3/ohlc
2026-06-03T01:00:00Z,Bitso,MXN,usdt_mxn,1h,17.287,"reported, not observed",api.bitso.com/api/v3/ohlc
2026-06-03T02:00:00Z,Bitso,MXN,usdt_mxn,1h,17.291,"reported, not observed",api.bitso.com/api/v3/ohlc
2026-06-03T03:00:00Z,Bitso,MXN,usdt_mxn,1h,17.294,"reported, not observed",api.bitso.com/api/v3/ohlc
2026-06-03T04:00:00Z,Bitso,MXN,usdt_mxn,1h,17.29,"reported, not observed",api.bitso.com/api/v3/ohlc
2026-06-03T05:00:00Z,Bitso,MXN,usdt_mxn,1h,17.283,"reported, not observed",api.bitso.com/api/v3/ohlc
2026-06-03T06:00:00Z,Bitso,MXN,usdt_mxn,1h,17.294,"reported, not observed",api.bitso.com/api/v3/ohlc
2026-06-03T07:00:00Z,Bitso,MXN,usdt_mxn,1h,17.287,"reported, not observed",api.bitso.com/api/v3/ohlc
2026-06-03T08:00:00Z,Bitso,MXN,usdt_mxn,1h,17.296,"reported, not observed",api.bitso.com/api/v3/ohlc
2026-06-03T09:00:00Z,Bitso,MXN,usdt_mxn,1h,17.278,"reported, not observed",api.bitso.com/api/v3/ohlc
2026-06-03T10:00:00Z,Bitso,MXN,usdt_mxn,1h,17.273,"reported, not observed",api.bitso.com/api/v3/ohlc
2026-06-03T11:00:00Z,Bitso,MXN,usdt_mxn,1h,17.267,"reported, not observed",api.bitso.com/api/v3/ohlc
2026-06-03T12:00:00Z,Bitso,MXN,usdt_mxn,1h,17.291,"reported, not observed",api.bitso.com/api/v3/ohlc
2026-06-03T13:00:00Z,Bitso,MXN,usdt_mxn,1h,17.311,"reported, not observed",api.bitso.com/api/v3/ohlc
2026-06-03T14:00:00Z,Bitso,MXN,usdt_mxn,1h,17.303,"reported, not observed",api.bitso.com/api/v3/ohlc
2026-06-03T15:00:00Z,Bitso,MXN,usdt_mxn,1h,17.309,"reported, not observed",api.bitso.com/api/v3/ohlc
2026-06-03T16:00:00Z,Bitso,MXN,usdt_mxn,1h,17.323,"reported, not observed",api.bitso.com/api/v3/ohlc
2026-06-03T17:00:00Z,Bitso,MXN,usdt_mxn,1h,17.34,"reported, not observed",api.bitso.com/api/v3/ohlc
2026-06-03T18:00:00Z,Bitso,MXN,usdt_mxn,1h,17.343,"reported, not observed",api.bitso.com/api/v3/ohlc
2026-06-03T19:00:00Z,Bitso,MXN,usdt_mxn,1h,17.336,"reported, not observed",api.bitso.com/api/v3/ohlc
2026-06-03T20:00:00Z,Bitso,MXN,usdt_mxn,1h,17.34,"reported, not observed",api.bitso.com/api/v3/ohlc
2026-06-03T21:00:00Z,Bitso,MXN,usdt_mxn,1h,17.34,"reported, not observed",api.bitso.com/api/v3/ohlc
2026-06-03T22:00:00Z,Bitso,MXN,usdt_mxn,1h,17.337,"reported, not observed",api.bitso.com/api/v3/ohlc
2026-06-03T23:00:00Z,Bitso,MXN,usdt_mxn,1h,17.331,"reported, not observed",api.bitso.com/api/v3/ohlc
2026-06-04T00:00:00Z,Bitso,MXN,usdt_mxn,1h,17.332,"reported, not observed",api.bitso.com/api/v3/ohlc
2026-06-04T01:00:00Z,Bitso,MXN,usdt_mxn,1h,17.334,"reported, not observed",api.bitso.com/api/v3/ohlc
2026-06-04T02:00:00Z,Bitso,MXN,usdt_mxn,1h,17.336,"reported, not observed",api.bitso.com/api/v3/ohlc
2026-06-04T03:00:00Z,Bitso,MXN,usdt_mxn,1h,17.328,"reported, not observed",api.bitso.com/api/v3/ohlc
2026-06-04T04:00:00Z,Bitso,MXN,usdt_mxn,1h,17.33,"reported, not observed",api.bitso.com/api/v3/ohlc
2026-06-04T05:00:00Z,Bitso,MXN,usdt_mxn,1h,17.33,"reported, not observed",api.bitso.com/api/v3/ohlc
2026-06-04T06:00:00Z,Bitso,MXN,usdt_mxn,1h,17.309,"reported, not observed",api.bitso.com/api/v3/ohlc
2026-06-04T07:00:00Z,Bitso,MXN,usdt_mxn,1h,17.321,"reported, not observed",api.bitso.com/api/v3/ohlc
2026-06-04T08:00:00Z,Bitso,MXN,usdt_mxn,1h,17.303,"reported, not observed",api.bitso.com/api/v3/ohlc
2026-06-04T09:00:00Z,Bitso,MXN,usdt_mxn,1h,17.283,"reported, not observed",api.bitso.com/api/v3/ohlc
2026-06-04T10:00:00Z,Bitso,MXN,usdt_mxn,1h,17.282,"reported, not observed",api.bitso.com/api/v3/ohlc
2026-06-04T11:00:00Z,Bitso,MXN,usdt_mxn,1h,17.262,"reported, not observed",api.bitso.com/api/v3/ohlc
2026-06-04T12:00:00Z,Bitso,MXN,usdt_mxn,1h,17.266,"reported, not observed",api.bitso.com/api/v3/ohlc
2026-06-04T13:00:00Z,Bitso,MXN,usdt_mxn,1h,17.282,"reported, not observed",api.bitso.com/api/v3/ohlc
2026-06-04T14:00:00Z,Bitso,MXN,usdt_mxn,1h,17.284,"reported, not observed",api.bitso.com/api/v3/ohlc
2026-06-04T15:00:00Z,Bitso,MXN,usdt_mxn,1h,17.287,"reported, not observed",api.bitso.com/api/v3/ohlc
2026-06-04T16:00:00Z,Bitso,MXN,usdt_mxn,1h,17.287,"reported, not observed",api.bitso.com/api/v3/ohlc
2026-06-04T17:00:00Z,Bitso,MXN,usdt_mxn,1h,17.283,"reported, not observed",api.bitso.com/api/v3/ohlc
2026-06-04T18:00:00Z,Bitso,MXN,usdt_mxn,1h,17.274,"reported, not observed",api.bitso.com/api/v3/ohlc
2026-06-04T19:00:00Z,Bitso,MXN,usdt_mxn,1h,17.284,"reported, not observed",api.bitso.com/api/v3/ohlc
2026-06-04T20:00:00Z,Bitso,MXN,usdt_mxn,1h,17.284,"reported, not observed",api.bitso.com/api/v3/ohlc
2026-06-04T21:00:00Z,Bitso,MXN,usdt_mxn,1h,17.295,"reported, not observed",api.bitso.com/api/v3/ohlc
2026-06-04T22:00:00Z,Bitso,MXN,usdt_mxn,1h,17.283,"reported, not observed",api.bitso.com/api/v3/ohlc
2026-06-04T23:00:00Z,Bitso,MXN,usdt_mxn,1h,17.286,"reported, not observed",api.bitso.com/api/v3/ohlc
2026-06-05T00:00:00Z,Bitso,MXN,usdt_mxn,1h,17.283,"reported, not observed",api.bitso.com/api/v3/ohlc
2026-06-05T01:00:00Z,Bitso,MXN,usdt_mxn,1h,17.277,"reported, not observed",api.bitso.com/api/v3/ohlc
2026-06-05T02:00:00Z,Bitso,MXN,usdt_mxn,1h,17.278,"reported, not observed",api.bitso.com/api/v3/ohlc
2026-06-05T03:00:00Z,Bitso,MXN,usdt_mxn,1h,17.283,"reported, not observed",api.bitso.com/api/v3/ohlc
2026-06-05T04:00:00Z,Bitso,MXN,usdt_mxn,1h,17.283,"reported, not observed",api.bitso.com/api/v3/ohlc
2026-06-05T05:00:00Z,Bitso,MXN,usdt_mxn,1h,17.282,"reported, not observed",api.bitso.com/api/v3/ohlc
2026-06-05T06:00:00Z,Bitso,MXN,usdt_mxn,1h,17.288,"reported, not observed",api.bitso.com/api/v3/ohlc
2026-06-05T07:00:00Z,Bitso,MXN,usdt_mxn,1h,17.287,"reported, not observed",api.bitso.com/api/v3/ohlc
2026-06-05T08:00:00Z,Bitso,MXN,usdt_mxn,1h,17.3,"reported, not observed",api.bitso.com/api/v3/ohlc
2026-06-05T09:00:00Z,Bitso,MXN,usdt_mxn,1h,17.273,"reported, not observed",api.bitso.com/api/v3/ohlc
2026-06-05T10:00:00Z,Bitso,MXN,usdt_mxn,1h,17.262,"reported, not observed",api.bitso.com/api/v3/ohlc
2026-06-05T11:00:00Z,Bitso,MXN,usdt_mxn,1h,17.262,"reported, not observed",api.bitso.com/api/v3/ohlc
2026-06-05T12:00:00Z,Bitso,MXN,usdt_mxn,1h,17.316,"reported, not observed",api.bitso.com/api/v3/ohlc
2026-06-05T13:00:00Z,Bitso,MXN,usdt_mxn,1h,17.367,"reported, not observed",api.bitso.com/api/v3/ohlc
2026-06-05T14:00:00Z,Bitso,MXN,usdt_mxn,1h,17.402,"reported, not observed",api.bitso.com/api/v3/ohlc
2026-06-05T15:00:00Z,Bitso,MXN,usdt_mxn,1h,17.494,"reported, not observed",api.bitso.com/api/v3/ohlc
2026-06-05T16:00:00Z,Bitso,MXN,usdt_mxn,1h,17.47,"reported, not observed",api.bitso.com/api/v3/ohlc
2026-06-05T17:00:00Z,Bitso,MXN,usdt_mxn,1h,17.472,"reported, not observed",api.bitso.com/api/v3/ohlc
2026-06-05T18:00:00Z,Bitso,MXN,usdt_mxn,1h,17.502,"reported, not observed",api.bitso.com/api/v3/ohlc
2026-06-05T19:00:00Z,Bitso,MXN,usdt_mxn,1h,17.49,"reported, not observed",api.bitso.com/api/v3/ohlc
2026-06-05T20:00:00Z,Bitso,MXN,usdt_mxn,1h,17.491,"reported, not observed",api.bitso.com/api/v3/ohlc
2026-06-05T21:00:00Z,Bitso,MXN,usdt_mxn,1h,17.513,"reported, not observed",api.bitso.com/api/v3/ohlc
2026-06-05T22:00:00Z,Bitso,MXN,usdt_mxn,1h,17.565,"reported, not observed",api.bitso.com/api/v3/ohlc
2026-06-05T23:00:00Z,Bitso,MXN,usdt_mxn,1h,17.556,"reported, not observed",api.bitso.com/api/v3/ohlc
2026-06-06T00:00:00Z,Bitso,MXN,usdt_mxn,1h,17.553,"reported, not observed",api.bitso.com/api/v3/ohlc
2026-06-06T01:00:00Z,Bitso,MXN,usdt_mxn,1h,17.527,"reported, not observed",api.bitso.com/api/v3/ohlc
2026-06-06T02:00:00Z,Bitso,MXN,usdt_mxn,1h,17.511,"reported, not observed",api.bitso.com/api/v3/ohlc
2026-06-06T03:00:00Z,Bitso,MXN,usdt_mxn,1h,17.542,"reported, not observed",api.bitso.com/api/v3/ohlc
2026-06-06T04:00:00Z,Bitso,MXN,usdt_mxn,1h,17.535,"reported, not observed",api.bitso.com/api/v3/ohlc
2026-06-06T05:00:00Z,Bitso,MXN,usdt_mxn,1h,17.543,"reported, not observed",api.bitso.com/api/v3/ohlc
2026-06-06T06:00:00Z,Bitso,MXN,usdt_mxn,1h,17.538,"reported, not observed",api.bitso.com/api/v3/ohlc
2026-06-06T07:00:00Z,Bitso,MXN,usdt_mxn,1h,17.526,"reported, not observed",api.bitso.com/api/v3/ohlc
2026-06-06T08:00:00Z,Bitso,MXN,usdt_mxn,1h,17.537,"reported, not observed",api.bitso.com/api/v3/ohlc
2026-06-06T09:00:00Z,Bitso,MXN,usdt_mxn,1h,17.505,"reported, not observed",api.bitso.com/api/v3/ohlc
2026-06-06T10:00:00Z,Bitso,MXN,usdt_mxn,1h,17.522,"reported, not observed",api.bitso.com/api/v3/ohlc
2026-06-06T11:00:00Z,Bitso,MXN,usdt_mxn,1h,17.51,"reported, not observed",api.bitso.com/api/v3/ohlc
2026-06-06T12:00:00Z,Bitso,MXN,usdt_mxn,1h,17.526,"reported, not observed",api.bitso.com/api/v3/ohlc
2026-06-06T13:00:00Z,Bitso,MXN,usdt_mxn,1h,17.527,"reported, not observed",api.bitso.com/api/v3/ohlc
2026-06-06T14:00:00Z,Bitso,MXN,usdt_mxn,1h,17.534,"reported, not observed",api.bitso.com/api/v3/ohlc
2026-06-06T15:00:00Z,Bitso,MXN,usdt_mxn,1h,17.546,"reported, not observed",api.bitso.com/api/v3/ohlc
2026-06-06T16:00:00Z,Bitso,MXN,usdt_mxn,1h,17.545,"reported, not observed",api.bitso.com/api/v3/ohlc
2026-06-06T17:00:00Z,Bitso,MXN,usdt_mxn,1h,17.511,"reported, not observed",api.bitso.com/api/v3/ohlc
2026-06-06T18:00:00Z,Bitso,MXN,usdt_mxn,1h,17.55,"reported, not observed",api.bitso.com/api/v3/ohlc
2026-06-06T19:00:00Z,Bitso,MXN,usdt_mxn,1h,17.493,"reported, not observed",api.bitso.com/api/v3/ohlc
2026-06-06T20:00:00Z,Bitso,MXN,usdt_mxn,1h,17.497,"reported, not observed",api.bitso.com/api/v3/ohlc
2026-06-06T21:00:00Z,Bitso,MXN,usdt_mxn,1h,17.505,"reported, not observed",api.bitso.com/api/v3/ohlc
2026-06-06T22:00:00Z,Bitso,MXN,usdt_mxn,1h,17.537,"reported, not observed",api.bitso.com/api/v3/ohlc
2026-06-06T23:00:00Z,Bitso,MXN,usdt_mxn,1h,17.523,"reported, not observed",api.bitso.com/api/v3/ohlc
2026-06-07T00:00:00Z,Bitso,MXN,usdt_mxn,1h,17.54,"reported, not observed",api.bitso.com/api/v3/ohlc
2026-06-07T01:00:00Z,Bitso,MXN,usdt_mxn,1h,17.55,"reported, not observed",api.bitso.com/api/v3/ohlc
2026-06-07T02:00:00Z,Bitso,MXN,usdt_mxn,1h,17.538,"reported, not observed",api.bitso.com/api/v3/ohlc
2026-06-07T03:00:00Z,Bitso,MXN,usdt_mxn,1h,17.541,"reported, not observed",api.bitso.com/api/v3/ohlc
2026-06-07T04:00:00Z,Bitso,MXN,usdt_mxn,1h,17.537,"reported, not observed",api.bitso.com/api/v3/ohlc
2026-06-07T05:00:00Z,Bitso,MXN,usdt_mxn,1h,17.548,"reported, not observed",api.bitso.com/api/v3/ohlc
2026-06-07T06:00:00Z,Bitso,MXN,usdt_mxn,1h,17.562,"reported, not observed",api.bitso.com/api/v3/ohlc
2026-06-07T07:00:00Z,Bitso,MXN,usdt_mxn,1h,17.559,"reported, not observed",api.bitso.com/api/v3/ohlc
2026-06-07T08:00:00Z,Bitso,MXN,usdt_mxn,1h,17.555,"reported, not observed",api.bitso.com/api/v3/ohlc
2026-06-07T09:00:00Z,Bitso,MXN,usdt_mxn,1h,17.555,"reported, not observed",api.bitso.com/api/v3/ohlc
2026-06-07T10:00:00Z,Bitso,MXN,usdt_mxn,1h,17.567,"reported, not observed",api.bitso.com/api/v3/ohlc
2026-06-07T11:00:00Z,Bitso,MXN,usdt_mxn,1h,17.559,"reported, not observed",api.bitso.com/api/v3/ohlc
2026-06-07T12:00:00Z,Bitso,MXN,usdt_mxn,1h,17.578,"reported, not observed",api.bitso.com/api/v3/ohlc
2026-06-07T13:00:00Z,Bitso,MXN,usdt_mxn,1h,17.548,"reported, not observed",api.bitso.com/api/v3/ohlc
2026-06-07T14:00:00Z,Bitso,MXN,usdt_mxn,1h,17.523,"reported, not observed",api.bitso.com/api/v3/ohlc
2026-06-07T15:00:00Z,Bitso,MXN,usdt_mxn,1h,17.514,"reported, not observed",api.bitso.com/api/v3/ohlc
2026-06-07T16:00:00Z,Bitso,MXN,usdt_mxn,1h,17.527,"reported, not observed",api.bitso.com/api/v3/ohlc
2026-06-07T17:00:00Z,Bitso,MXN,usdt_mxn,1h,17.525,"reported, not observed",api.bitso.com/api/v3/ohlc
2026-06-07T18:00:00Z,Bitso,MXN,usdt_mxn,1h,17.519,"reported, not observed",api.bitso.com/api/v3/ohlc
2026-06-07T19:00:00Z,Bitso,MXN,usdt_mxn,1h,17.563,"reported, not observed",api.bitso.com/api/v3/ohlc
2026-06-07T20:00:00Z,Bitso,MXN,usdt_mxn,1h,17.55,"reported, not observed",api.bitso.com/api/v3/ohlc
2026-06-07T21:00:00Z,Bitso,MXN,usdt_mxn,1h,17.521,"reported, not observed",api.bitso.com/api/v3/ohlc
2026-06-07T22:00:00Z,Bitso,MXN,usdt_mxn,1h,17.509,"reported, not observed",api.bitso.com/api/v3/ohlc
2026-06-07T23:00:00Z,Bitso,MXN,usdt_mxn,1h,17.487,"reported, not observed",api.bitso.com/api/v3/ohlc
2026-06-08T00:00:00Z,Bitso,MXN,usdt_mxn,1h,17.455,"reported, not observed",api.bitso.com/api/v3/ohlc
2026-06-08T01:00:00Z,Bitso,MXN,usdt_mxn,1h,17.472,"reported, not observed",api.bitso.com/api/v3/ohlc
2026-06-08T02:00:00Z,Bitso,MXN,usdt_mxn,1h,17.468,"reported, not observed",api.bitso.com/api/v3/ohlc
2026-06-08T03:00:00Z,Bitso,MXN,usdt_mxn,1h,17.472,"reported, not observed",api.bitso.com/api/v3/ohlc
2026-06-08T04:00:00Z,Bitso,MXN,usdt_mxn,1h,17.471,"reported, not observed",api.bitso.com/api/v3/ohlc
2026-06-08T05:00:00Z,Bitso,MXN,usdt_mxn,1h,17.484,"reported, not observed",api.bitso.com/api/v3/ohlc
2026-06-08T06:00:00Z,Bitso,MXN,usdt_mxn,1h,17.503,"reported, not observed",api.bitso.com/api/v3/ohlc
2026-06-08T07:00:00Z,Bitso,MXN,usdt_mxn,1h,17.482,"reported, not observed",api.bitso.com/api/v3/ohlc
2026-06-08T08:00:00Z,Bitso,MXN,usdt_mxn,1h,17.477,"reported, not observed",api.bitso.com/api/v3/ohlc
2026-06-08T09:00:00Z,Bitso,MXN,usdt_mxn,1h,17.469,"reported, not observed",api.bitso.com/api/v3/ohlc
2026-06-08T10:00:00Z,Bitso,MXN,usdt_mxn,1h,17.435,"reported, not observed",api.bitso.com/api/v3/ohlc
2026-06-08T11:00:00Z,Bitso,MXN,usdt_mxn,1h,17.41,"reported, not observed",api.bitso.com/api/v3/ohlc
2026-06-08T12:00:00Z,Bitso,MXN,usdt_mxn,1h,17.419,"reported, not observed",api.bitso.com/api/v3/ohlc
2026-06-08T13:00:00Z,Bitso,MXN,usdt_mxn,1h,17.43,"reported, not observed",api.bitso.com/api/v3/ohlc
2026-06-08T14:00:00Z,Bitso,MXN,usdt_mxn,1h,17.436,"reported, not observed",api.bitso.com/api/v3/ohlc
2026-06-08T15:00:00Z,Bitso,MXN,usdt_mxn,1h,17.439,"reported, not observed",api.bitso.com/api/v3/ohlc
2026-06-08T16:00:00Z,Bitso,MXN,usdt_mxn,1h,17.457,"reported, not observed",api.bitso.com/api/v3/ohlc
2026-06-08T17:00:00Z,Bitso,MXN,usdt_mxn,1h,17.455,"reported, not observed",api.bitso.com/api/v3/ohlc
2026-06-08T18:00:00Z,Bitso,MXN,usdt_mxn,1h,17.47,"reported, not observed",api.bitso.com/api/v3/ohlc
2026-06-08T19:00:00Z,Bitso,MXN,usdt_mxn,1h,17.47,"reported, not observed",api.bitso.com/api/v3/ohlc
2026-06-08T20:00:00Z,Bitso,MXN,usdt_mxn,1h,17.473,"reported, not observed",api.bitso.com/api/v3/ohlc
2026-06-08T21:00:00Z,Bitso,MXN,usdt_mxn,1h,17.452,"reported, not observed",api.bitso.com/api/v3/ohlc
2026-06-08T22:00:00Z,Bitso,MXN,usdt_mxn,1h,17.473,"reported, not observed",api.bitso.com/api/v3/ohlc
2026-06-08T23:00:00Z,Bitso,MXN,usdt_mxn,1h,17.478,"reported, not observed",api.bitso.com/api/v3/ohlc
2026-06-09T00:00:00Z,Bitso,MXN,usdt_mxn,1h,17.474,"reported, not observed",api.bitso.com/api/v3/ohlc
2026-06-09T01:00:00Z,Bitso,MXN,usdt_mxn,1h,17.453,"reported, not observed",api.bitso.com/api/v3/ohlc
2026-06-09T02:00:00Z,Bitso,MXN,usdt_mxn,1h,17.458,"reported, not observed",api.bitso.com/api/v3/ohlc
2026-06-09T03:00:00Z,Bitso,MXN,usdt_mxn,1h,17.454,"reported, not observed",api.bitso.com/api/v3/ohlc
2026-06-09T04:00:00Z,Bitso,MXN,usdt_mxn,1h,17.444,"reported, not observed",api.bitso.com/api/v3/ohlc
2026-06-09T05:00:00Z,Bitso,MXN,usdt_mxn,1h,17.433,"reported, not observed",api.bitso.com/api/v3/ohlc
2026-06-09T06:00:00Z,Bitso,MXN,usdt_mxn,1h,17.43,"reported, not observed",api.bitso.com/api/v3/ohlc
2026-06-09T07:00:00Z,Bitso,MXN,usdt_mxn,1h,17.422,"reported, not observed",api.bitso.com/api/v3/ohlc
2026-06-09T08:00:00Z,Bitso,MXN,usdt_mxn,1h,17.409,"reported, not observed",api.bitso.com/api/v3/ohlc
2026-06-09T09:00:00Z,Bitso,MXN,usdt_mxn,1h,17.394,"reported, not observed",api.bitso.com/api/v3/ohlc
2026-06-09T10:00:00Z,Bitso,MXN,usdt_mxn,1h,17.381,"reported, not observed",api.bitso.com/api/v3/ohlc
2026-06-09T11:00:00Z,Bitso,MXN,usdt_mxn,1h,17.382,"reported, not observed",api.bitso.com/api/v3/ohlc
2026-06-09T12:00:00Z,Bitso,MXN,usdt_mxn,1h,17.38,"reported, not observed",api.bitso.com/api/v3/ohlc
2026-06-09T13:00:00Z,Bitso,MXN,usdt_mxn,1h,17.384,"reported, not observed",api.bitso.com/api/v3/ohlc
2026-06-09T14:00:00Z,Bitso,MXN,usdt_mxn,1h,17.403,"reported, not observed",api.bitso.com/api/v3/ohlc
2026-06-09T15:00:00Z,Bitso,MXN,usdt_mxn,1h,17.409,"reported, not observed",api.bitso.com/api/v3/ohlc
2026-06-09T16:00:00Z,Bitso,MXN,usdt_mxn,1h,17.432,"reported, not observed",api.bitso.com/api/v3/ohlc
2026-06-09T17:00:00Z,Bitso,MXN,usdt_mxn,1h,17.41,"reported, not observed",api.bitso.com/api/v3/ohlc
2026-06-09T18:00:00Z,Bitso,MXN,usdt_mxn,1h,17.413,"reported, not observed",api.bitso.com/api/v3/ohlc
2026-06-09T19:00:00Z,Bitso,MXN,usdt_mxn,1h,17.423,"reported, not observed",api.bitso.com/api/v3/ohlc
2026-06-09T20:00:00Z,Bitso,MXN,usdt_mxn,1h,17.424,"reported, not observed",api.bitso.com/api/v3/ohlc
2026-06-09T21:00:00Z,Bitso,MXN,usdt_mxn,1h,17.437,"reported, not observed",api.bitso.com/api/v3/ohlc
2026-06-09T22:00:00Z,Bitso,MXN,usdt_mxn,1h,17.445,"reported, not observed",api.bitso.com/api/v3/ohlc
2026-06-09T23:00:00Z,Bitso,MXN,usdt_mxn,1h,17.451,"reported, not observed",api.bitso.com/api/v3/ohlc
2026-06-10T00:00:00Z,Bitso,MXN,usdt_mxn,1h,17.435,"reported, not observed",api.bitso.com/api/v3/ohlc
2026-06-10T01:00:00Z,Bitso,MXN,usdt_mxn,1h,17.443,"reported, not observed",api.bitso.com/api/v3/ohlc
2026-06-10T02:00:00Z,Bitso,MXN,usdt_mxn,1h,17.444,"reported, not observed",api.bitso.com/api/v3/ohlc
2026-06-10T03:00:00Z,Bitso,MXN,usdt_mxn,1h,17.433,"reported, not observed",api.bitso.com/api/v3/ohlc
2026-06-10T04:00:00Z,Bitso,MXN,usdt_mxn,1h,17.445,"reported, not observed",api.bitso.com/api/v3/ohlc
2026-06-10T05:00:00Z,Bitso,MXN,usdt_mxn,1h,17.431,"reported, not observed",api.bitso.com/api/v3/ohlc
2026-06-10T06:00:00Z,Bitso,MXN,usdt_mxn,1h,17.426,"reported, not observed",api.bitso.com/api/v3/ohlc
2026-06-10T07:00:00Z,Bitso,MXN,usdt_mxn,1h,17.416,"reported, not observed",api.bitso.com/api/v3/ohlc
2026-06-10T08:00:00Z,Bitso,MXN,usdt_mxn,1h,17.437,"reported, not observed",api.bitso.com/api/v3/ohlc
2026-06-10T09:00:00Z,Bitso,MXN,usdt_mxn,1h,17.426,"reported, not observed",api.bitso.com/api/v3/ohlc
2026-06-10T10:00:00Z,Bitso,MXN,usdt_mxn,1h,17.426,"reported, not observed",api.bitso.com/api/v3/ohlc
2026-06-10T11:00:00Z,Bitso,MXN,usdt_mxn,1h,17.464,"reported, not observed",api.bitso.com/api/v3/ohlc
2026-06-10T12:00:00Z,Bitso,MXN,usdt_mxn,1h,17.407,"reported, not observed",api.bitso.com/api/v3/ohlc
2026-06-10T13:00:00Z,Bitso,MXN,usdt_mxn,1h,17.376,"reported, not observed",api.bitso.com/api/v3/ohlc
2026-06-10T14:00:00Z,Bitso,MXN,usdt_mxn,1h,17.371,"reported, not observed",api.bitso.com/api/v3/ohlc
2026-06-10T15:00:00Z,Bitso,MXN,usdt_mxn,1h,17.391,"reported, not observed",api.bitso.com/api/v3/ohlc
2026-06-10T16:00:00Z,Bitso,MXN,usdt_mxn,1h,17.376,"reported, not observed",api.bitso.com/api/v3/ohlc
2026-06-10T17:00:00Z,Bitso,MXN,usdt_mxn,1h,17.37,"reported, not observed",api.bitso.com/api/v3/ohlc
2026-06-10T18:00:00Z,Bitso,MXN,usdt_mxn,1h,17.38,"reported, not observed",api.bitso.com/api/v3/ohlc
2026-06-10T19:00:00Z,Bitso,MXN,usdt_mxn,1h,17.383,"reported, not observed",api.bitso.com/api/v3/ohlc
2026-06-10T20:00:00Z,Bitso,MXN,usdt_mxn,1h,17.409,"reported, not observed",api.bitso.com/api/v3/ohlc
2026-06-10T21:00:00Z,Bitso,MXN,usdt_mxn,1h,17.421,"reported, not observed",api.bitso.com/api/v3/ohlc
2026-06-10T22:00:00Z,Bitso,MXN,usdt_mxn,1h,17.422,"reported, not observed",api.bitso.com/api/v3/ohlc
2026-06-10T23:00:00Z,Bitso,MXN,usdt_mxn,1h,17.414,"reported, not observed",api.bitso.com/api/v3/ohlc
2026-06-11T00:00:00Z,Bitso,MXN,usdt_mxn,1h,17.394,"reported, not observed",api.bitso.com/api/v3/ohlc
2026-06-11T01:00:00Z,Bitso,MXN,usdt_mxn,1h,17.372,"reported, not observed",api.bitso.com/api/v3/ohlc
2026-06-11T02:00:00Z,Bitso,MXN,usdt_mxn,1h,17.379,"reported, not observed",api.bitso.com/api/v3/ohlc
2026-06-11T03:00:00Z,Bitso,MXN,usdt_mxn,1h,17.379,"reported, not observed",api.bitso.com/api/v3/ohlc
2026-06-11T04:00:00Z,Bitso,MXN,usdt_mxn,1h,17.371,"reported, not observed",api.bitso.com/api/v3/ohlc
2026-06-11T05:00:00Z,Bitso,MXN,usdt_mxn,1h,17.375,"reported, not observed",api.bitso.com/api/v3/ohlc
2026-06-11T06:00:00Z,Bitso,MXN,usdt_mxn,1h,17.387,"reported, not observed",api.bitso.com/api/v3/ohlc
2026-06-11T07:00:00Z,Bitso,MXN,usdt_mxn,1h,17.378,"reported, not observed",api.bitso.com/api/v3/ohlc
2026-06-11T08:00:00Z,Bitso,MXN,usdt_mxn,1h,17.395,"reported, not observed",api.bitso.com/api/v3/ohlc
2026-06-11T09:00:00Z,Bitso,MXN,usdt_mxn,1h,17.384,"reported, not observed",api.bitso.com/api/v3/ohlc
2026-06-11T10:00:00Z,Bitso,MXN,usdt_mxn,1h,17.386,"reported, not observed",api.bitso.com/api/v3/ohlc
2026-06-11T11:00:00Z,Bitso,MXN,usdt_mxn,1h,17.379,"reported, not observed",api.bitso.com/api/v3/ohlc
2026-06-11T12:00:00Z,Bitso,MXN,usdt_mxn,1h,17.392,"reported, not observed",api.bitso.com/api/v3/ohlc
2026-06-11T13:00:00Z,Bitso,MXN,usdt_mxn,1h,17.383,"reported, not observed",api.bitso.com/api/v3/ohlc
2026-06-11T14:00:00Z,Bitso,MXN,usdt_mxn,1h,17.377,"reported, not observed",api.bitso.com/api/v3/ohlc
2026-06-11T15:00:00Z,Bitso,MXN,usdt_mxn,1h,17.359,"reported, not observed",api.bitso.com/api/v3/ohlc
2026-06-11T16:00:00Z,Bitso,MXN,usdt_mxn,1h,17.356,"reported, not observed",api.bitso.com/api/v3/ohlc
2026-06-11T17:00:00Z,Bitso,MXN,usdt_mxn,1h,17.289,"reported, not observed",api.bitso.com/api/v3/ohlc
2026-06-11T18:00:00Z,Bitso,MXN,usdt_mxn,1h,17.282,"reported, not observed",api.bitso.com/api/v3/ohlc
2026-06-11T19:00:00Z,Bitso,MXN,usdt_mxn,1h,17.222,"reported, not observed",api.bitso.com/api/v3/ohlc
2026-06-11T20:00:00Z,Bitso,MXN,usdt_mxn,1h,17.234,"reported, not observed",api.bitso.com/api/v3/ohlc
2026-06-11T21:00:00Z,Bitso,MXN,usdt_mxn,1h,17.233,"reported, not observed",api.bitso.com/api/v3/ohlc
2026-06-11T22:00:00Z,Bitso,MXN,usdt_mxn,1h,17.23,"reported, not observed",api.bitso.com/api/v3/ohlc
2026-06-11T23:00:00Z,Bitso,MXN,usdt_mxn,1h,17.239,"reported, not observed",api.bitso.com/api/v3/ohlc
2026-06-12T00:00:00Z,Bitso,MXN,usdt_mxn,1h,17.239,"reported, not observed",api.bitso.com/api/v3/ohlc
2026-06-12T01:00:00Z,Bitso,MXN,usdt_mxn,1h,17.239,"reported, not observed",api.bitso.com/api/v3/ohlc
2026-06-12T02:00:00Z,Bitso,MXN,usdt_mxn,1h,17.239,"reported, not observed",api.bitso.com/api/v3/ohlc
2026-06-12T03:00:00Z,Bitso,MXN,usdt_mxn,1h,17.23,"reported, not observed",api.bitso.com/api/v3/ohlc
2026-06-12T04:00:00Z,Bitso,MXN,usdt_mxn,1h,17.232,"reported, not observed",api.bitso.com/api/v3/ohlc
2026-06-12T05:00:00Z,Bitso,MXN,usdt_mxn,1h,17.249,"reported, not observed",api.bitso.com/api/v3/ohlc
2026-06-12T06:00:00Z,Bitso,MXN,usdt_mxn,1h,17.242,"reported, not observed",api.bitso.com/api/v3/ohlc
2026-06-12T07:00:00Z,Bitso,MXN,usdt_mxn,1h,17.243,"reported, not observed",api.bitso.com/api/v3/ohlc
2026-06-12T08:00:00Z,Bitso,MXN,usdt_mxn,1h,17.202,"reported, not observed",api.bitso.com/api/v3/ohlc
2026-06-12T09:00:00Z,Bitso,MXN,usdt_mxn,1h,17.17,"reported, not observed",api.bitso.com/api/v3/ohlc
2026-06-12T10:00:00Z,Bitso,MXN,usdt_mxn,1h,17.184,"reported, not observed",api.bitso.com/api/v3/ohlc
2026-06-12T11:00:00Z,Bitso,MXN,usdt_mxn,1h,17.18,"reported, not observed",api.bitso.com/api/v3/ohlc
2026-06-12T12:00:00Z,Bitso,MXN,usdt_mxn,1h,17.195,"reported, not observed",api.bitso.com/api/v3/ohlc
2026-06-12T13:00:00Z,Bitso,MXN,usdt_mxn,1h,17.181,"reported, not observed",api.bitso.com/api/v3/ohlc
2026-06-12T14:00:00Z,Bitso,MXN,usdt_mxn,1h,17.172,"reported, not observed",api.bitso.com/api/v3/ohlc
2026-06-12T15:00:00Z,Bitso,MXN,usdt_mxn,1h,17.199,"reported, not observed",api.bitso.com/api/v3/ohlc
2026-06-12T16:00:00Z,Bitso,MXN,usdt_mxn,1h,17.197,"reported, not observed",api.bitso.com/api/v3/ohlc
2026-06-12T17:00:00Z,Bitso,MXN,usdt_mxn,1h,17.207,"reported, not observed",api.bitso.com/api/v3/ohlc
2026-06-12T18:00:00Z,Bitso,MXN,usdt_mxn,1h,17.217,"reported, not observed",api.bitso.com/api/v3/ohlc
2026-06-12T19:00:00Z,Bitso,MXN,usdt_mxn,1h,17.227,"reported, not observed",api.bitso.com/api/v3/ohlc
2026-06-12T20:00:00Z,Bitso,MXN,usdt_mxn,1h,17.235,"reported, not observed",api.bitso.com/api/v3/ohlc
2026-06-12T21:00:00Z,Bitso,MXN,usdt_mxn,1h,17.236,"reported, not observed",api.bitso.com/api/v3/ohlc
2026-06-12T22:00:00Z,Bitso,MXN,usdt_mxn,1h,17.249,"reported, not observed",api.bitso.com/api/v3/ohlc
2026-06-12T23:00:00Z,Bitso,MXN,usdt_mxn,1h,17.256,"reported, not observed",api.bitso.com/api/v3/ohlc
2026-06-13T00:00:00Z,Bitso,MXN,usdt_mxn,1h,17.257,"reported, not observed",api.bitso.com/api/v3/ohlc
2026-06-13T01:00:00Z,Bitso,MXN,usdt_mxn,1h,17.251,"reported, not observed",api.bitso.com/api/v3/ohlc
2026-06-13T02:00:00Z,Bitso,MXN,usdt_mxn,1h,17.247,"reported, not observed",api.bitso.com/api/v3/ohlc
2026-06-13T03:00:00Z,Bitso,MXN,usdt_mxn,1h,17.263,"reported, not observed",api.bitso.com/api/v3/ohlc
2026-06-13T04:00:00Z,Bitso,MXN,usdt_mxn,1h,17.268,"reported, not observed",api.bitso.com/api/v3/ohlc
2026-06-13T05:00:00Z,Bitso,MXN,usdt_mxn,1h,17.288,"reported, not observed",api.bitso.com/api/v3/ohlc
2026-06-13T06:00:00Z,Bitso,MXN,usdt_mxn,1h,17.286,"reported, not observed",api.bitso.com/api/v3/ohlc
2026-06-13T07:00:00Z,Bitso,MXN,usdt_mxn,1h,17.291,"reported, not observed",api.bitso.com/api/v3/ohlc
2026-06-13T08:00:00Z,Bitso,MXN,usdt_mxn,1h,17.282,"reported, not observed",api.bitso.com/api/v3/ohlc
2026-06-13T09:00:00Z,Bitso,MXN,usdt_mxn,1h,17.29,"reported, not observed",api.bitso.com/api/v3/ohlc
2026-06-13T10:00:00Z,Bitso,MXN,usdt_mxn,1h,17.269,"reported, not observed",api.bitso.com/api/v3/ohlc
2026-06-13T11:00:00Z,Bitso,MXN,usdt_mxn,1h,17.267,"reported, not observed",api.bitso.com/api/v3/ohlc
2026-06-13T12:00:00Z,Bitso,MXN,usdt_mxn,1h,17.25,"reported, not observed",api.bitso.com/api/v3/ohlc
2026-06-13T13:00:00Z,Bitso,MXN,usdt_mxn,1h,17.251,"reported, not observed",api.bitso.com/api/v3/ohlc
2026-06-13T14:00:00Z,Bitso,MXN,usdt_mxn,1h,17.25,"reported, not observed",api.bitso.com/api/v3/ohlc
2026-06-13T15:00:00Z,Bitso,MXN,usdt_mxn,1h,17.253,"reported, not observed",api.bitso.com/api/v3/ohlc
2026-06-13T16:00:00Z,Bitso,MXN,usdt_mxn,1h,17.253,"reported, not observed",api.bitso.com/api/v3/ohlc
2026-06-13T17:00:00Z,Bitso,MXN,usdt_mxn,1h,17.254,"reported, not observed",api.bitso.com/api/v3/ohlc
2026-06-13T18:00:00Z,Bitso,MXN,usdt_mxn,1h,17.247,"reported, not observed",api.bitso.com/api/v3/ohlc
2026-06-13T19:00:00Z,Bitso,MXN,usdt_mxn,1h,17.262,"reported, not observed",api.bitso.com/api/v3/ohlc
2026-06-13T20:00:00Z,Bitso,MXN,usdt_mxn,1h,17.264,"reported, not observed",api.bitso.com/api/v3/ohlc
2026-06-13T21:00:00Z,Bitso,MXN,usdt_mxn,1h,17.265,"reported, not observed",api.bitso.com/api/v3/ohlc
2026-06-13T22:00:00Z,Bitso,MXN,usdt_mxn,1h,17.295,"reported, not observed",api.bitso.com/api/v3/ohlc
2026-06-13T23:00:00Z,Bitso,MXN,usdt_mxn,1h,17.285,"reported, not observed",api.bitso.com/api/v3/ohlc
2026-06-14T00:00:00Z,Bitso,MXN,usdt_mxn,1h,17.27,"reported, not observed",api.bitso.com/api/v3/ohlc
2026-06-14T01:00:00Z,Bitso,MXN,usdt_mxn,1h,17.288,"reported, not observed",api.bitso.com/api/v3/ohlc
2026-06-14T02:00:00Z,Bitso,MXN,usdt_mxn,1h,17.297,"reported, not observed",api.bitso.com/api/v3/ohlc
2026-06-14T03:00:00Z,Bitso,MXN,usdt_mxn,1h,17.285,"reported, not observed",api.bitso.com/api/v3/ohlc
2026-06-14T04:00:00Z,Bitso,MXN,usdt_mxn,1h,17.311,"reported, not observed",api.bitso.com/api/v3/ohlc
2026-06-14T05:00:00Z,Bitso,MXN,usdt_mxn,1h,17.294,"reported, not observed",api.bitso.com/api/v3/ohlc
2026-06-14T06:00:00Z,Bitso,MXN,usdt_mxn,1h,17.249,"reported, not observed",api.bitso.com/api/v3/ohlc
2026-06-14T07:00:00Z,Bitso,MXN,usdt_mxn,1h,17.252,"reported, not observed",api.bitso.com/api/v3/ohlc
2026-06-14T08:00:00Z,Bitso,MXN,usdt_mxn,1h,17.251,"reported, not observed",api.bitso.com/api/v3/ohlc
2026-06-14T09:00:00Z,Bitso,MXN,usdt_mxn,1h,17.248,"reported, not observed",api.bitso.com/api/v3/ohlc
2026-06-14T10:00:00Z,Bitso,MXN,usdt_mxn,1h,17.248,"reported, not observed",api.bitso.com/api/v3/ohlc
2026-06-14T11:00:00Z,Bitso,MXN,usdt_mxn,1h,17.249,"reported, not observed",api.bitso.com/api/v3/ohlc
2026-06-14T12:00:00Z,Bitso,MXN,usdt_mxn,1h,17.25,"reported, not observed",api.bitso.com/api/v3/ohlc
2026-06-14T13:00:00Z,Bitso,MXN,usdt_mxn,1h,17.262,"reported, not observed",api.bitso.com/api/v3/ohlc
2026-06-14T14:00:00Z,Bitso,MXN,usdt_mxn,1h,17.265,"reported, not observed",api.bitso.com/api/v3/ohlc
2026-06-14T15:00:00Z,Bitso,MXN,usdt_mxn,1h,17.273,"reported, not observed",api.bitso.com/api/v3/ohlc
2026-06-14T16:00:00Z,Bitso,MXN,usdt_mxn,1h,17.277,"reported, not observed",api.bitso.com/api/v3/ohlc
2026-06-14T17:00:00Z,Bitso,MXN,usdt_mxn,1h,17.291,"reported, not observed",api.bitso.com/api/v3/ohlc
2026-06-14T18:00:00Z,Bitso,MXN,usdt_mxn,1h,17.284,"reported, not observed",api.bitso.com/api/v3/ohlc
2026-06-14T19:00:00Z,Bitso,MXN,usdt_mxn,1h,17.291,"reported, not observed",api.bitso.com/api/v3/ohlc
2026-06-14T20:00:00Z,Bitso,MXN,usdt_mxn,1h,17.291,"reported, not observed",api.bitso.com/api/v3/ohlc
2026-06-14T21:00:00Z,Bitso,MXN,usdt_mxn,1h,17.207,"reported, not observed",api.bitso.com/api/v3/ohlc
2026-06-14T22:00:00Z,Bitso,MXN,usdt_mxn,1h,17.181,"reported, not observed",api.bitso.com/api/v3/ohlc
2026-06-14T23:00:00Z,Bitso,MXN,usdt_mxn,1h,17.178,"reported, not observed",api.bitso.com/api/v3/ohlc
2026-06-15T00:00:00Z,Bitso,MXN,usdt_mxn,1h,17.188,"reported, not observed",api.bitso.com/api/v3/ohlc
2026-06-15T01:00:00Z,Bitso,MXN,usdt_mxn,1h,17.188,"reported, not observed",api.bitso.com/api/v3/ohlc
2026-06-15T02:00:00Z,Bitso,MXN,usdt_mxn,1h,17.177,"reported, not observed",api.bitso.com/api/v3/ohlc
2026-06-15T03:00:00Z,Bitso,MXN,usdt_mxn,1h,17.176,"reported, not observed",api.bitso.com/api/v3/ohlc
2026-06-15T04:00:00Z,Bitso,MXN,usdt_mxn,1h,17.174,"reported, not observed",api.bitso.com/api/v3/ohlc
2026-06-15T05:00:00Z,Bitso,MXN,usdt_mxn,1h,17.171,"reported, not observed",api.bitso.com/api/v3/ohlc
2026-06-15T06:00:00Z,Bitso,MXN,usdt_mxn,1h,17.176,"reported, not observed",api.bitso.com/api/v3/ohlc
2026-06-15T07:00:00Z,Bitso,MXN,usdt_mxn,1h,17.195,"reported, not observed",api.bitso.com/api/v3/ohlc
2026-06-15T08:00:00Z,Bitso,MXN,usdt_mxn,1h,17.2,"reported, not observed",api.bitso.com/api/v3/ohlc
2026-06-15T09:00:00Z,Bitso,MXN,usdt_mxn,1h,17.193,"reported, not observed",api.bitso.com/api/v3/ohlc
2026-06-15T10:00:00Z,Bitso,MXN,usdt_mxn,1h,17.178,"reported, not observed",api.bitso.com/api/v3/ohlc
2026-06-15T11:00:00Z,Bitso,MXN,usdt_mxn,1h,17.186,"reported, not observed",api.bitso.com/api/v3/ohlc
2026-06-15T12:00:00Z,Bitso,MXN,usdt_mxn,1h,17.192,"reported, not observed",api.bitso.com/api/v3/ohlc
2026-06-15T13:00:00Z,Bitso,MXN,usdt_mxn,1h,17.183,"reported, not observed",api.bitso.com/api/v3/ohlc
2026-06-15T14:00:00Z,Bitso,MXN,usdt_mxn,1h,17.193,"reported, not observed",api.bitso.com/api/v3/ohlc
2026-06-15T15:00:00Z,Bitso,MXN,usdt_mxn,1h,17.193,"reported, not observed",api.bitso.com/api/v3/ohlc
2026-06-15T16:00:00Z,Bitso,MXN,usdt_mxn,1h,17.197,"reported, not observed",api.bitso.com/api/v3/ohlc
2026-06-15T17:00:00Z,Bitso,MXN,usdt_mxn,1h,17.199,"reported, not observed",api.bitso.com/api/v3/ohlc
2026-06-15T18:00:00Z,Bitso,MXN,usdt_mxn,1h,17.203,"reported, not observed",api.bitso.com/api/v3/ohlc
2026-06-15T19:00:00Z,Bitso,MXN,usdt_mxn,1h,17.215,"reported, not observed",api.bitso.com/api/v3/ohlc
2026-06-15T20:00:00Z,Bitso,MXN,usdt_mxn,1h,17.22,"reported, not observed",api.bitso.com/api/v3/ohlc
2026-06-15T21:00:00Z,Bitso,MXN,usdt_mxn,1h,17.222,"reported, not observed",api.bitso.com/api/v3/ohlc
2026-06-15T22:00:00Z,Bitso,MXN,usdt_mxn,1h,17.226,"reported, not observed",api.bitso.com/api/v3/ohlc
2026-06-15T23:00:00Z,Bitso,MXN,usdt_mxn,1h,17.215,"reported, not observed",api.bitso.com/api/v3/ohlc
2026-06-16T00:00:00Z,Bitso,MXN,usdt_mxn,1h,17.212,"reported, not observed",api.bitso.com/api/v3/ohlc
2026-06-16T01:00:00Z,Bitso,MXN,usdt_mxn,1h,17.222,"reported, not observed",api.bitso.com/api/v3/ohlc
2026-06-16T02:00:00Z,Bitso,MXN,usdt_mxn,1h,17.221,"reported, not observed",api.bitso.com/api/v3/ohlc
2026-06-16T03:00:00Z,Bitso,MXN,usdt_mxn,1h,17.219,"reported, not observed",api.bitso.com/api/v3/ohlc
2026-06-16T04:00:00Z,Bitso,MXN,usdt_mxn,1h,17.222,"reported, not observed",api.bitso.com/api/v3/ohlc
2026-06-16T05:00:00Z,Bitso,MXN,usdt_mxn,1h,17.228,"reported, not observed",api.bitso.com/api/v3/ohlc
2026-06-16T06:00:00Z,Bitso,MXN,usdt_mxn,1h,17.217,"reported, not observed",api.bitso.com/api/v3/ohlc
2026-06-16T07:00:00Z,Bitso,MXN,usdt_mxn,1h,17.219,"reported, not observed",api.bitso.com/api/v3/ohlc
2026-06-16T08:00:00Z,Bitso,MXN,usdt_mxn,1h,17.194,"reported, not observed",api.bitso.com/api/v3/ohlc
2026-06-16T09:00:00Z,Bitso,MXN,usdt_mxn,1h,17.192,"reported, not observed",api.bitso.com/api/v3/ohlc
2026-06-16T10:00:00Z,Bitso,MXN,usdt_mxn,1h,17.178,"reported, not observed",api.bitso.com/api/v3/ohlc
2026-06-16T11:00:00Z,Bitso,MXN,usdt_mxn,1h,17.187,"reported, not observed",api.bitso.com/api/v3/ohlc
2026-06-16T12:00:00Z,Bitso,MXN,usdt_mxn,1h,17.183,"reported, not observed",api.bitso.com/api/v3/ohlc
2026-06-16T13:00:00Z,Bitso,MXN,usdt_mxn,1h,17.182,"reported, not observed",api.bitso.com/api/v3/ohlc
2026-06-16T14:00:00Z,Bitso,MXN,usdt_mxn,1h,17.195,"reported, not observed",api.bitso.com/api/v3/ohlc
2026-06-16T15:00:00Z,Bitso,MXN,usdt_mxn,1h,17.184,"reported, not observed",api.bitso.com/api/v3/ohlc
2026-06-16T16:00:00Z,Bitso,MXN,usdt_mxn,1h,17.187,"reported, not observed",api.bitso.com/api/v3/ohlc
2026-06-16T17:00:00Z,Bitso,MXN,usdt_mxn,1h,17.199,"reported, not observed",api.bitso.com/api/v3/ohlc
2026-06-16T18:00:00Z,Bitso,MXN,usdt_mxn,1h,17.206,"reported, not observed",api.bitso.com/api/v3/ohlc
2026-06-16T19:00:00Z,Bitso,MXN,usdt_mxn,1h,17.209,"reported, not observed",api.bitso.com/api/v3/ohlc
2026-06-16T20:00:00Z,Bitso,MXN,usdt_mxn,1h,17.196,"reported, not observed",api.bitso.com/api/v3/ohlc
2026-06-16T21:00:00Z,Bitso,MXN,usdt_mxn,1h,17.203,"reported, not observed",api.bitso.com/api/v3/ohlc
2026-06-16T22:00:00Z,Bitso,MXN,usdt_mxn,1h,17.208,"reported, not observed",api.bitso.com/api/v3/ohlc
2026-06-16T23:00:00Z,Bitso,MXN,usdt_mxn,1h,17.208,"reported, not observed",api.bitso.com/api/v3/ohlc
2026-06-17T00:00:00Z,Bitso,MXN,usdt_mxn,1h,17.196,"reported, not observed",api.bitso.com/api/v3/ohlc
2026-06-17T01:00:00Z,Bitso,MXN,usdt_mxn,1h,17.197,"reported, not observed",api.bitso.com/api/v3/ohlc
2026-06-17T02:00:00Z,Bitso,MXN,usdt_mxn,1h,17.201,"reported, not observed",api.bitso.com/api/v3/ohlc
2026-06-17T03:00:00Z,Bitso,MXN,usdt_mxn,1h,17.205,"reported, not observed",api.bitso.com/api/v3/ohlc
2026-06-17T04:00:00Z,Bitso,MXN,usdt_mxn,1h,17.203,"reported, not observed",api.bitso.com/api/v3/ohlc
2026-06-17T05:00:00Z,Bitso,MXN,usdt_mxn,1h,17.207,"reported, not observed",api.bitso.com/api/v3/ohlc
2026-06-17T06:00:00Z,Bitso,MXN,usdt_mxn,1h,17.215,"reported, not observed",api.bitso.com/api/v3/ohlc
2026-06-17T07:00:00Z,Bitso,MXN,usdt_mxn,1h,17.227,"reported, not observed",api.bitso.com/api/v3/ohlc
2026-06-17T08:00:00Z,Bitso,MXN,usdt_mxn,1h,17.232,"reported, not observed",api.bitso.com/api/v3/ohlc
2026-06-17T09:00:00Z,Bitso,MXN,usdt_mxn,1h,17.207,"reported, not observed",api.bitso.com/api/v3/ohlc
2026-06-17T10:00:00Z,Bitso,MXN,usdt_mxn,1h,17.2,"reported, not observed",api.bitso.com/api/v3/ohlc
2026-06-17T11:00:00Z,Bitso,MXN,usdt_mxn,1h,17.198,"reported, not observed",api.bitso.com/api/v3/ohlc
2026-06-17T12:00:00Z,Bitso,MXN,usdt_mxn,1h,17.185,"reported, not observed",api.bitso.com/api/v3/ohlc
2026-06-17T13:00:00Z,Bitso,MXN,usdt_mxn,1h,17.185,"reported, not observed",api.bitso.com/api/v3/ohlc
2026-06-17T14:00:00Z,Bitso,MXN,usdt_mxn,1h,17.178,"reported, not observed",api.bitso.com/api/v3/ohlc
2026-06-17T15:00:00Z,Bitso,MXN,usdt_mxn,1h,17.173,"reported, not observed",api.bitso.com/api/v3/ohlc
2026-06-17T16:00:00Z,Bitso,MXN,usdt_mxn,1h,17.177,"reported, not observed",api.bitso.com/api/v3/ohlc
2026-06-17T17:00:00Z,Bitso,MXN,usdt_mxn,1h,17.183,"reported, not observed",api.bitso.com/api/v3/ohlc
2026-06-17T18:00:00Z,Bitso,MXN,usdt_mxn,1h,17.238,"reported, not observed",api.bitso.com/api/v3/ohlc
2026-06-17T19:00:00Z,Bitso,MXN,usdt_mxn,1h,17.316,"reported, not observed",api.bitso.com/api/v3/ohlc
2026-06-17T20:00:00Z,Bitso,MXN,usdt_mxn,1h,17.287,"reported, not observed",api.bitso.com/api/v3/ohlc
2026-06-17T21:00:00Z,Bitso,MXN,usdt_mxn,1h,17.289,"reported, not observed",api.bitso.com/api/v3/ohlc
2026-06-17T22:00:00Z,Bitso,MXN,usdt_mxn,1h,17.297,"reported, not observed",api.bitso.com/api/v3/ohlc
2026-06-17T23:00:00Z,Bitso,MXN,usdt_mxn,1h,17.289,"reported, not observed",api.bitso.com/api/v3/ohlc
2026-06-18T00:00:00Z,Bitso,MXN,usdt_mxn,1h,17.275,"reported, not observed",api.bitso.com/api/v3/ohlc
2026-06-18T01:00:00Z,Bitso,MXN,usdt_mxn,1h,17.262,"reported, not observed",api.bitso.com/api/v3/ohlc
2026-06-18T02:00:00Z,Bitso,MXN,usdt_mxn,1h,17.259,"reported, not observed",api.bitso.com/api/v3/ohlc
2026-06-18T03:00:00Z,Bitso,MXN,usdt_mxn,1h,17.252,"reported, not observed",api.bitso.com/api/v3/ohlc
2026-06-18T04:00:00Z,Bitso,MXN,usdt_mxn,1h,17.252,"reported, not observed",api.bitso.com/api/v3/ohlc
2026-06-18T05:00:00Z,Bitso,MXN,usdt_mxn,1h,17.264,"reported, not observed",api.bitso.com/api/v3/ohlc
2026-06-18T06:00:00Z,Bitso,MXN,usdt_mxn,1h,17.253,"reported, not observed",api.bitso.com/api/v3/ohlc
2026-06-18T07:00:00Z,Bitso,MXN,usdt_mxn,1h,17.265,"reported, not observed",api.bitso.com/api/v3/ohlc
2026-06-18T08:00:00Z,Bitso,MXN,usdt_mxn,1h,17.314,"reported, not observed",api.bitso.com/api/v3/ohlc
2026-06-18T09:00:00Z,Bitso,MXN,usdt_mxn,1h,17.311,"reported, not observed",api.bitso.com/api/v3/ohlc
2026-06-18T10:00:00Z,Bitso,MXN,usdt_mxn,1h,17.328,"reported, not observed",api.bitso.com/api/v3/ohlc
2026-06-18T11:00:00Z,Bitso,MXN,usdt_mxn,1h,17.361,"reported, not observed",api.bitso.com/api/v3/ohlc
2026-06-18T12:00:00Z,Bitso,MXN,usdt_mxn,1h,17.326,"reported, not observed",api.bitso.com/api/v3/ohlc
2026-06-18T13:00:00Z,Bitso,MXN,usdt_mxn,1h,17.318,"reported, not observed",api.bitso.com/api/v3/ohlc
2026-06-18T14:00:00Z,Bitso,MXN,usdt_mxn,1h,17.325,"reported, not observed",api.bitso.com/api/v3/ohlc
2026-06-18T15:00:00Z,Bitso,MXN,usdt_mxn,1h,17.356,"reported, not observed",api.bitso.com/api/v3/ohlc
2026-06-18T16:00:00Z,Bitso,MXN,usdt_mxn,1h,17.342,"reported, not observed",api.bitso.com/api/v3/ohlc
2026-06-18T17:00:00Z,Bitso,MXN,usdt_mxn,1h,17.346,"reported, not observed",api.bitso.com/api/v3/ohlc
2026-06-18T18:00:00Z,Bitso,MXN,usdt_mxn,1h,17.349,"reported, not observed",api.bitso.com/api/v3/ohlc
2026-06-18T19:00:00Z,Bitso,MXN,usdt_mxn,1h,17.344,"reported, not observed",api.bitso.com/api/v3/ohlc
2026-06-18T20:00:00Z,Bitso,MXN,usdt_mxn,1h,17.343,"reported, not observed",api.bitso.com/api/v3/ohlc
2026-06-18T21:00:00Z,Bitso,MXN,usdt_mxn,1h,17.344,"reported, not observed",api.bitso.com/api/v3/ohlc
2026-06-18T22:00:00Z,Bitso,MXN,usdt_mxn,1h,17.341,"reported, not observed",api.bitso.com/api/v3/ohlc
2026-06-18T23:00:00Z,Bitso,MXN,usdt_mxn,1h,17.349,"reported, not observed",api.bitso.com/api/v3/ohlc
2026-06-19T00:00:00Z,Bitso,MXN,usdt_mxn,1h,17.336,"reported, not observed",api.bitso.com/api/v3/ohlc
2026-06-19T01:00:00Z,Bitso,MXN,usdt_mxn,1h,17.344,"reported, not observed",api.bitso.com/api/v3/ohlc
2026-06-19T02:00:00Z,Bitso,MXN,usdt_mxn,1h,17.342,"reported, not observed",api.bitso.com/api/v3/ohlc
2026-06-19T03:00:00Z,Bitso,MXN,usdt_mxn,1h,17.36,"reported, not observed",api.bitso.com/api/v3/ohlc
2026-06-19T04:00:00Z,Bitso,MXN,usdt_mxn,1h,17.373,"reported, not observed",api.bitso.com/api/v3/ohlc
2026-06-19T05:00:00Z,Bitso,MXN,usdt_mxn,1h,17.37,"reported, not observed",api.bitso.com/api/v3/ohlc
2026-06-19T06:00:00Z,Bitso,MXN,usdt_mxn,1h,17.361,"reported, not observed",api.bitso.com/api/v3/ohlc
2026-06-19T07:00:00Z,Bitso,MXN,usdt_mxn,1h,17.351,"reported, not observed",api.bitso.com/api/v3/ohlc
2026-06-19T08:00:00Z,Bitso,MXN,usdt_mxn,1h,17.332,"reported, not observed",api.bitso.com/api/v3/ohlc
2026-06-19T09:00:00Z,Bitso,MXN,usdt_mxn,1h,17.323,"reported, not observed",api.bitso.com/api/v3/ohlc
2026-06-19T10:00:00Z,Bitso,MXN,usdt_mxn,1h,17.333,"reported, not observed",api.bitso.com/api/v3/ohlc
2026-06-19T11:00:00Z,Bitso,MXN,usdt_mxn,1h,17.326,"reported, not observed",api.bitso.com/api/v3/ohlc
2026-06-19T12:00:00Z,Bitso,MXN,usdt_mxn,1h,17.3,"reported, not observed",api.bitso.com/api/v3/ohlc
2026-06-19T13:00:00Z,Bitso,MXN,usdt_mxn,1h,17.306,"reported, not observed",api.bitso.com/api/v3/ohlc
2026-06-19T14:00:00Z,Bitso,MXN,usdt_mxn,1h,17.302,"reported, not observed",api.bitso.com/api/v3/ohlc
2026-06-19T15:00:00Z,Bitso,MXN,usdt_mxn,1h,17.293,"reported, not observed",api.bitso.com/api/v3/ohlc
2026-06-19T16:00:00Z,Bitso,MXN,usdt_mxn,1h,17.31,"reported, not observed",api.bitso.com/api/v3/ohlc
2026-06-19T17:00:00Z,Bitso,MXN,usdt_mxn,1h,17.304,"reported, not observed",api.bitso.com/api/v3/ohlc
2026-06-19T18:00:00Z,Bitso,MXN,usdt_mxn,1h,17.301,"reported, not observed",api.bitso.com/api/v3/ohlc
2026-06-19T19:00:00Z,Bitso,MXN,usdt_mxn,1h,17.316,"reported, not observed",api.bitso.com/api/v3/ohlc
2026-06-19T20:00:00Z,Bitso,MXN,usdt_mxn,1h,17.338,"reported, not observed",api.bitso.com/api/v3/ohlc
2026-06-19T21:00:00Z,Bitso,MXN,usdt_mxn,1h,17.341,"reported, not observed",api.bitso.com/api/v3/ohlc
2026-06-19T22:00:00Z,Bitso,MXN,usdt_mxn,1h,17.351,"reported, not observed",api.bitso.com/api/v3/ohlc
2026-06-19T23:00:00Z,Bitso,MXN,usdt_mxn,1h,17.354,"reported, not observed",api.bitso.com/api/v3/ohlc
2026-06-20T00:00:00Z,Bitso,MXN,usdt_mxn,1h,17.355,"reported, not observed",api.bitso.com/api/v3/ohlc
2026-06-20T01:00:00Z,Bitso,MXN,usdt_mxn,1h,17.353,"reported, not observed",api.bitso.com/api/v3/ohlc
2026-06-20T02:00:00Z,Bitso,MXN,usdt_mxn,1h,17.351,"reported, not observed",api.bitso.com/api/v3/ohlc
2026-06-20T03:00:00Z,Bitso,MXN,usdt_mxn,1h,17.353,"reported, not observed",api.bitso.com/api/v3/ohlc
2026-06-20T04:00:00Z,Bitso,MXN,usdt_mxn,1h,17.354,"reported, not observed",api.bitso.com/api/v3/ohlc
2026-06-20T05:00:00Z,Bitso,MXN,usdt_mxn,1h,17.351,"reported, not observed",api.bitso.com/api/v3/ohlc
2026-06-20T06:00:00Z,Bitso,MXN,usdt_mxn,1h,17.353,"reported, not observed",api.bitso.com/api/v3/ohlc
2026-06-20T07:00:00Z,Bitso,MXN,usdt_mxn,1h,17.354,"reported, not observed",api.bitso.com/api/v3/ohlc
2026-06-20T08:00:00Z,Bitso,MXN,usdt_mxn,1h,17.355,"reported, not observed",api.bitso.com/api/v3/ohlc
2026-06-20T09:00:00Z,Bitso,MXN,usdt_mxn,1h,17.353,"reported, not observed",api.bitso.com/api/v3/ohlc
2026-06-20T10:00:00Z,Bitso,MXN,usdt_mxn,1h,17.354,"reported, not observed",api.bitso.com/api/v3/ohlc
2026-06-20T11:00:00Z,Bitso,MXN,usdt_mxn,1h,17.353,"reported, not observed",api.bitso.com/api/v3/ohlc
2026-06-20T12:00:00Z,Bitso,MXN,usdt_mxn,1h,17.349,"reported, not observed",api.bitso.com/api/v3/ohlc
2026-06-20T13:00:00Z,Bitso,MXN,usdt_mxn,1h,17.35,"reported, not observed",api.bitso.com/api/v3/ohlc
2026-06-20T14:00:00Z,Bitso,MXN,usdt_mxn,1h,17.346,"reported, not observed",api.bitso.com/api/v3/ohlc
2026-06-20T15:00:00Z,Bitso,MXN,usdt_mxn,1h,17.344,"reported, not observed",api.bitso.com/api/v3/ohlc
2026-06-20T16:00:00Z,Bitso,MXN,usdt_mxn,1h,17.353,"reported, not observed",api.bitso.com/api/v3/ohlc
2026-06-20T17:00:00Z,Bitso,MXN,usdt_mxn,1h,17.349,"reported, not observed",api.bitso.com/api/v3/ohlc
2026-06-20T18:00:00Z,Bitso,MXN,usdt_mxn,1h,17.346,"reported, not observed",api.bitso.com/api/v3/ohlc
2026-06-20T19:00:00Z,Bitso,MXN,usdt_mxn,1h,17.336,"reported, not observed",api.bitso.com/api/v3/ohlc
2026-06-20T20:00:00Z,Bitso,MXN,usdt_mxn,1h,17.334,"reported, not observed",api.bitso.com/api/v3/ohlc
2026-06-20T21:00:00Z,Bitso,MXN,usdt_mxn,1h,17.331,"reported, not observed",api.bitso.com/api/v3/ohlc
2026-06-20T22:00:00Z,Bitso,MXN,usdt_mxn,1h,17.32,"reported, not observed",api.bitso.com/api/v3/ohlc
2026-06-20T23:00:00Z,Bitso,MXN,usdt_mxn,1h,17.311,"reported, not observed",api.bitso.com/api/v3/ohlc
2026-06-21T00:00:00Z,Bitso,MXN,usdt_mxn,1h,17.319,"reported, not observed",api.bitso.com/api/v3/ohlc
2026-06-21T01:00:00Z,Bitso,MXN,usdt_mxn,1h,17.311,"reported, not observed",api.bitso.com/api/v3/ohlc
2026-06-21T02:00:00Z,Bitso,MXN,usdt_mxn,1h,17.317,"reported, not observed",api.bitso.com/api/v3/ohlc
2026-06-21T03:00:00Z,Bitso,MXN,usdt_mxn,1h,17.318,"reported, not observed",api.bitso.com/api/v3/ohlc
2026-06-21T04:00:00Z,Bitso,MXN,usdt_mxn,1h,17.309,"reported, not observed",api.bitso.com/api/v3/ohlc
2026-06-21T05:00:00Z,Bitso,MXN,usdt_mxn,1h,17.32,"reported, not observed",api.bitso.com/api/v3/ohlc
2026-06-21T06:00:00Z,Bitso,MXN,usdt_mxn,1h,17.32,"reported, not observed",api.bitso.com/api/v3/ohlc
2026-06-21T07:00:00Z,Bitso,MXN,usdt_mxn,1h,17.321,"reported, not observed",api.bitso.com/api/v3/ohlc
2026-06-21T08:00:00Z,Bitso,MXN,usdt_mxn,1h,17.323,"reported, not observed",api.bitso.com/api/v3/ohlc
2026-06-21T09:00:00Z,Bitso,MXN,usdt_mxn,1h,17.323,"reported, not observed",api.bitso.com/api/v3/ohlc
2026-06-21T10:00:00Z,Bitso,MXN,usdt_mxn,1h,17.319,"reported, not observed",api.bitso.com/api/v3/ohlc
2026-06-21T11:00:00Z,Bitso,MXN,usdt_mxn,1h,17.322,"reported, not observed",api.bitso.com/api/v3/ohlc
2026-06-21T12:00:00Z,Bitso,MXN,usdt_mxn,1h,17.319,"reported, not observed",api.bitso.com/api/v3/ohlc
2026-06-21T13:00:00Z,Bitso,MXN,usdt_mxn,1h,17.321,"reported, not observed",api.bitso.com/api/v3/ohlc
2026-06-21T14:00:00Z,Bitso,MXN,usdt_mxn,1h,17.321,"reported, not observed",api.bitso.com/api/v3/ohlc
2026-06-21T15:00:00Z,Bitso,MXN,usdt_mxn,1h,17.325,"reported, not observed",api.bitso.com/api/v3/ohlc
2026-06-21T16:00:00Z,Bitso,MXN,usdt_mxn,1h,17.322,"reported, not observed",api.bitso.com/api/v3/ohlc
2026-06-21T17:00:00Z,Bitso,MXN,usdt_mxn,1h,17.328,"reported, not observed",api.bitso.com/api/v3/ohlc
2026-06-21T18:00:00Z,Bitso,MXN,usdt_mxn,1h,17.318,"reported, not observed",api.bitso.com/api/v3/ohlc
2026-06-21T19:00:00Z,Bitso,MXN,usdt_mxn,1h,17.321,"reported, not observed",api.bitso.com/api/v3/ohlc
2026-06-21T20:00:00Z,Bitso,MXN,usdt_mxn,1h,17.321,"reported, not observed",api.bitso.com/api/v3/ohlc
2026-06-21T21:00:00Z,Bitso,MXN,usdt_mxn,1h,17.321,"reported, not observed",api.bitso.com/api/v3/ohlc
2026-06-21T22:00:00Z,Bitso,MXN,usdt_mxn,1h,17.33,"reported, not observed",api.bitso.com/api/v3/ohlc
2026-06-21T23:00:00Z,Bitso,MXN,usdt_mxn,1h,17.332,"reported, not observed",api.bitso.com/api/v3/ohlc
2026-06-22T00:00:00Z,Bitso,MXN,usdt_mxn,1h,17.312,"reported, not observed",api.bitso.com/api/v3/ohlc
2026-06-22T01:00:00Z,Bitso,MXN,usdt_mxn,1h,17.316,"reported, not observed",api.bitso.com/api/v3/ohlc
2026-06-22T02:00:00Z,Bitso,MXN,usdt_mxn,1h,17.317,"reported, not observed",api.bitso.com/api/v3/ohlc
2026-06-22T03:00:00Z,Bitso,MXN,usdt_mxn,1h,17.322,"reported, not observed",api.bitso.com/api/v3/ohlc
2026-06-22T04:00:00Z,Bitso,MXN,usdt_mxn,1h,17.323,"reported, not observed",api.bitso.com/api/v3/ohlc
2026-06-22T05:00:00Z,Bitso,MXN,usdt_mxn,1h,17.32,"reported, not observed",api.bitso.com/api/v3/ohlc
2026-06-22T06:00:00Z,Bitso,MXN,usdt_mxn,1h,17.318,"reported, not observed",api.bitso.com/api/v3/ohlc
2026-06-22T07:00:00Z,Bitso,MXN,usdt_mxn,1h,17.332,"reported, not observed",api.bitso.com/api/v3/ohlc
2026-06-22T08:00:00Z,Bitso,MXN,usdt_mxn,1h,17.345,"reported, not observed",api.bitso.com/api/v3/ohlc
2026-06-22T09:00:00Z,Bitso,MXN,usdt_mxn,1h,17.32,"reported, not observed",api.bitso.com/api/v3/ohlc
2026-06-22T10:00:00Z,Bitso,MXN,usdt_mxn,1h,17.319,"reported, not observed",api.bitso.com/api/v3/ohlc
2026-06-22T11:00:00Z,Bitso,MXN,usdt_mxn,1h,17.316,"reported, not observed",api.bitso.com/api/v3/ohlc
2026-06-22T12:00:00Z,Bitso,MXN,usdt_mxn,1h,17.315,"reported, not observed",api.bitso.com/api/v3/ohlc
2026-06-22T13:00:00Z,Bitso,MXN,usdt_mxn,1h,17.316,"reported, not observed",api.bitso.com/api/v3/ohlc
2026-06-22T14:00:00Z,Bitso,MXN,usdt_mxn,1h,17.301,"reported, not observed",api.bitso.com/api/v3/ohlc
2026-06-22T15:00:00Z,Bitso,MXN,usdt_mxn,1h,17.311,"reported, not observed",api.bitso.com/api/v3/ohlc
2026-06-22T16:00:00Z,Bitso,MXN,usdt_mxn,1h,17.326,"reported, not observed",api.bitso.com/api/v3/ohlc
2026-06-22T17:00:00Z,Bitso,MXN,usdt_mxn,1h,17.341,"reported, not observed",api.bitso.com/api/v3/ohlc
2026-06-22T18:00:00Z,Bitso,MXN,usdt_mxn,1h,17.347,"reported, not observed",api.bitso.com/api/v3/ohlc
2026-06-22T19:00:00Z,Bitso,MXN,usdt_mxn,1h,17.355,"reported, not observed",api.bitso.com/api/v3/ohlc
2026-06-22T20:00:00Z,Bitso,MXN,usdt_mxn,1h,17.344,"reported, not observed",api.bitso.com/api/v3/ohlc
2026-06-22T21:00:00Z,Bitso,MXN,usdt_mxn,1h,17.356,"reported, not observed",api.bitso.com/api/v3/ohlc
2026-06-22T22:00:00Z,Bitso,MXN,usdt_mxn,1h,17.351,"reported, not observed",api.bitso.com/api/v3/ohlc
2026-06-22T23:00:00Z,Bitso,MXN,usdt_mxn,1h,17.353,"reported, not observed",api.bitso.com/api/v3/ohlc
2026-06-23T00:00:00Z,Bitso,MXN,usdt_mxn,1h,17.353,"reported, not observed",api.bitso.com/api/v3/ohlc
2026-06-23T01:00:00Z,Bitso,MXN,usdt_mxn,1h,17.362,"reported, not observed",api.bitso.com/api/v3/ohlc
2026-06-23T02:00:00Z,Bitso,MXN,usdt_mxn,1h,17.359,"reported, not observed",api.bitso.com/api/v3/ohlc
2026-06-23T03:00:00Z,Bitso,MXN,usdt_mxn,1h,17.361,"reported, not observed",api.bitso.com/api/v3/ohlc
2026-06-23T04:00:00Z,Bitso,MXN,usdt_mxn,1h,17.375,"reported, not observed",api.bitso.com/api/v3/ohlc
2026-06-23T05:00:00Z,Bitso,MXN,usdt_mxn,1h,17.383,"reported, not observed",api.bitso.com/api/v3/ohlc
2026-06-23T06:00:00Z,Bitso,MXN,usdt_mxn,1h,17.4,"reported, not observed",api.bitso.com/api/v3/ohlc
2026-06-23T07:00:00Z,Bitso,MXN,usdt_mxn,1h,17.43,"reported, not observed",api.bitso.com/api/v3/ohlc
2026-06-23T08:00:00Z,Bitso,MXN,usdt_mxn,1h,17.454,"reported, not observed",api.bitso.com/api/v3/ohlc
2026-06-23T09:00:00Z,Bitso,MXN,usdt_mxn,1h,17.449,"reported, not observed",api.bitso.com/api/v3/ohlc
2026-06-23T10:00:00Z,Bitso,MXN,usdt_mxn,1h,17.467,"reported, not observed",api.bitso.com/api/v3/ohlc
2026-06-23T11:00:00Z,Bitso,MXN,usdt_mxn,1h,17.475,"reported, not observed",api.bitso.com/api/v3/ohlc
2026-06-23T12:00:00Z,Bitso,MXN,usdt_mxn,1h,17.457,"reported, not observed",api.bitso.com/api/v3/ohlc
2026-06-23T13:00:00Z,Bitso,MXN,usdt_mxn,1h,17.471,"reported, not observed",api.bitso.com/api/v3/ohlc
2026-06-23T14:00:00Z,Bitso,MXN,usdt_mxn,1h,17.508,"reported, not observed",api.bitso.com/api/v3/ohlc
2026-06-23T15:00:00Z,Bitso,MXN,usdt_mxn,1h,17.536,"reported, not observed",api.bitso.com/api/v3/ohlc
2026-06-23T16:00:00Z,Bitso,MXN,usdt_mxn,1h,17.528,"reported, not observed",api.bitso.com/api/v3/ohlc
2026-06-23T17:00:00Z,Bitso,MXN,usdt_mxn,1h,17.544,"reported, not observed",api.bitso.com/api/v3/ohlc
2026-06-23T18:00:00Z,Bitso,MXN,usdt_mxn,1h,17.574,"reported, not observed",api.bitso.com/api/v3/ohlc
2026-06-23T19:00:00Z,Bitso,MXN,usdt_mxn,1h,17.538,"reported, not observed",api.bitso.com/api/v3/ohlc
2026-06-23T20:00:00Z,Bitso,MXN,usdt_mxn,1h,17.447,"reported, not observed",api.bitso.com/api/v3/ohlc
2026-06-23T21:00:00Z,Bitso,MXN,usdt_mxn,1h,17.545,"reported, not observed",api.bitso.com/api/v3/ohlc
2026-06-23T22:00:00Z,Bitso,MXN,usdt_mxn,1h,17.533,"reported, not observed",api.bitso.com/api/v3/ohlc
2026-06-23T23:00:00Z,Bitso,MXN,usdt_mxn,1h,17.53,"reported, not observed",api.bitso.com/api/v3/ohlc
2026-06-24T00:00:00Z,Bitso,MXN,usdt_mxn,1h,17.524,"reported, not observed",api.bitso.com/api/v3/ohlc
2026-06-24T01:00:00Z,Bitso,MXN,usdt_mxn,1h,17.525,"reported, not observed",api.bitso.com/api/v3/ohlc
2026-06-24T02:00:00Z,Bitso,MXN,usdt_mxn,1h,17.537,"reported, not observed",api.bitso.com/api/v3/ohlc
2026-06-24T03:00:00Z,Bitso,MXN,usdt_mxn,1h,17.538,"reported, not observed",api.bitso.com/api/v3/ohlc
2026-06-24T04:00:00Z,Bitso,MXN,usdt_mxn,1h,17.545,"reported, not observed",api.bitso.com/api/v3/ohlc
2026-06-24T05:00:00Z,Bitso,MXN,usdt_mxn,1h,17.533,"reported, not observed",api.bitso.com/api/v3/ohlc
2026-06-24T06:00:00Z,Bitso,MXN,usdt_mxn,1h,17.537,"reported, not observed",api.bitso.com/api/v3/ohlc
2026-06-24T07:00:00Z,Bitso,MXN,usdt_mxn,1h,17.56,"reported, not observed",api.bitso.com/api/v3/ohlc
2026-06-24T08:00:00Z,Bitso,MXN,usdt_mxn,1h,17.565,"reported, not observed",api.bitso.com/api/v3/ohlc
2026-06-24T09:00:00Z,Bitso,MXN,usdt_mxn,1h,17.591,"reported, not observed",api.bitso.com/api/v3/ohlc
2026-06-24T10:00:00Z,Bitso,MXN,usdt_mxn,1h,17.605,"reported, not observed",api.bitso.com/api/v3/ohlc
2026-06-24T11:00:00Z,Bitso,MXN,usdt_mxn,1h,17.586,"reported, not observed",api.bitso.com/api/v3/ohlc
2026-06-24T12:00:00Z,Bitso,MXN,usdt_mxn,1h,17.632,"reported, not observed",api.bitso.com/api/v3/ohlc
2026-06-24T13:00:00Z,Bitso,MXN,usdt_mxn,1h,17.618,"reported, not observed",api.bitso.com/api/v3/ohlc
2026-06-24T14:00:00Z,Bitso,MXN,usdt_mxn,1h,17.62,"reported, not observed",api.bitso.com/api/v3/ohlc
2026-06-24T15:00:00Z,Bitso,MXN,usdt_mxn,1h,17.594,"reported, not observed",api.bitso.com/api/v3/ohlc
2026-06-24T16:00:00Z,Bitso,MXN,usdt_mxn,1h,17.565,"reported, not observed",api.bitso.com/api/v3/ohlc
2026-06-24T17:00:00Z,Bitso,MXN,usdt_mxn,1h,17.604,"reported, not observed",api.bitso.com/api/v3/ohlc
2026-06-24T18:00:00Z,Bitso,MXN,usdt_mxn,1h,17.609,"reported, not observed",api.bitso.com/api/v3/ohlc
2026-06-24T19:00:00Z,Bitso,MXN,usdt_mxn,1h,17.604,"reported, not observed",api.bitso.com/api/v3/ohlc
2026-06-24T20:00:00Z,Bitso,MXN,usdt_mxn,1h,17.591,"reported, not observed",api.bitso.com/api/v3/ohlc
2026-06-24T21:00:00Z,Bitso,MXN,usdt_mxn,1h,17.594,"reported, not observed",api.bitso.com/api/v3/ohlc
2026-06-24T22:00:00Z,Bitso,MXN,usdt_mxn,1h,17.604,"reported, not observed",api.bitso.com/api/v3/ohlc
2026-06-24T23:00:00Z,Bitso,MXN,usdt_mxn,1h,17.6,"reported, not observed",api.bitso.com/api/v3/ohlc
2026-06-25T00:00:00Z,Bitso,MXN,usdt_mxn,1h,17.602,"reported, not observed",api.bitso.com/api/v3/ohlc
2026-06-25T01:00:00Z,Bitso,MXN,usdt_mxn,1h,17.6,"reported, not observed",api.bitso.com/api/v3/ohlc
2026-06-25T02:00:00Z,Bitso,MXN,usdt_mxn,1h,17.593,"reported, not observed",api.bitso.com/api/v3/ohlc
2026-06-25T03:00:00Z,Bitso,MXN,usdt_mxn,1h,17.587,"reported, not observed",api.bitso.com/api/v3/ohlc
2026-06-25T04:00:00Z,Bitso,MXN,usdt_mxn,1h,17.581,"reported, not observed",api.bitso.com/api/v3/ohlc
2026-06-25T05:00:00Z,Bitso,MXN,usdt_mxn,1h,17.585,"reported, not observed",api.bitso.com/api/v3/ohlc
2026-06-25T06:00:00Z,Bitso,MXN,usdt_mxn,1h,17.59,"reported, not observed",api.bitso.com/api/v3/ohlc
2026-06-25T07:00:00Z,Bitso,MXN,usdt_mxn,1h,17.589,"reported, not observed",api.bitso.com/api/v3/ohlc
2026-06-25T08:00:00Z,Bitso,MXN,usdt_mxn,1h,17.577,"reported, not observed",api.bitso.com/api/v3/ohlc
2026-06-25T09:00:00Z,Bitso,MXN,usdt_mxn,1h,17.581,"reported, not observed",api.bitso.com/api/v3/ohlc
2026-06-25T10:00:00Z,Bitso,MXN,usdt_mxn,1h,17.603,"reported, not observed",api.bitso.com/api/v3/ohlc
2026-06-25T11:00:00Z,Bitso,MXN,usdt_mxn,1h,17.617,"reported, not observed",api.bitso.com/api/v3/ohlc
2026-06-25T12:00:00Z,Bitso,MXN,usdt_mxn,1h,17.583,"reported, not observed",api.bitso.com/api/v3/ohlc
2026-06-25T13:00:00Z,Bitso,MXN,usdt_mxn,1h,17.588,"reported, not observed",api.bitso.com/api/v3/ohlc
2026-06-25T14:00:00Z,Bitso,MXN,usdt_mxn,1h,17.544,"reported, not observed",api.bitso.com/api/v3/ohlc
2026-06-25T15:00:00Z,Bitso,MXN,usdt_mxn,1h,17.514,"reported, not observed",api.bitso.com/api/v3/ohlc
2026-06-25T16:00:00Z,Bitso,MXN,usdt_mxn,1h,17.499,"reported, not observed",api.bitso.com/api/v3/ohlc
2026-06-25T17:00:00Z,Bitso,MXN,usdt_mxn,1h,17.469,"reported, not observed",api.bitso.com/api/v3/ohlc
2026-06-25T18:00:00Z,Bitso,MXN,usdt_mxn,1h,17.472,"reported, not observed",api.bitso.com/api/v3/ohlc
2026-06-25T19:00:00Z,Bitso,MXN,usdt_mxn,1h,17.448,"reported, not observed",api.bitso.com/api/v3/ohlc
2026-06-25T20:00:00Z,Bitso,MXN,usdt_mxn,1h,17.466,"reported, not observed",api.bitso.com/api/v3/ohlc
2026-06-25T21:00:00Z,Bitso,MXN,usdt_mxn,1h,17.484,"reported, not observed",api.bitso.com/api/v3/ohlc
2026-06-25T22:00:00Z,Bitso,MXN,usdt_mxn,1h,17.478,"reported, not observed",api.bitso.com/api/v3/ohlc
2026-06-25T23:00:00Z,Bitso,MXN,usdt_mxn,1h,17.488,"reported, not observed",api.bitso.com/api/v3/ohlc
2026-06-26T00:00:00Z,Bitso,MXN,usdt_mxn,1h,17.489,"reported, not observed",api.bitso.com/api/v3/ohlc
2026-06-26T01:00:00Z,Bitso,MXN,usdt_mxn,1h,17.514,"reported, not observed",api.bitso.com/api/v3/ohlc
2026-06-26T02:00:00Z,Bitso,MXN,usdt_mxn,1h,17.529,"reported, not observed",api.bitso.com/api/v3/ohlc
2026-06-26T03:00:00Z,Bitso,MXN,usdt_mxn,1h,17.514,"reported, not observed",api.bitso.com/api/v3/ohlc
2026-06-26T04:00:00Z,Bitso,MXN,usdt_mxn,1h,17.516,"reported, not observed",api.bitso.com/api/v3/ohlc
2026-06-26T05:00:00Z,Bitso,MXN,usdt_mxn,1h,17.508,"reported, not observed",api.bitso.com/api/v3/ohlc
2026-06-26T06:00:00Z,Bitso,MXN,usdt_mxn,1h,17.509,"reported, not observed",api.bitso.com/api/v3/ohlc
2026-06-26T07:00:00Z,Bitso,MXN,usdt_mxn,1h,17.529,"reported, not observed",api.bitso.com/api/v3/ohlc
2026-06-26T08:00:00Z,Bitso,MXN,usdt_mxn,1h,17.518,"reported, not observed",api.bitso.com/api/v3/ohlc
2026-06-26T09:00:00Z,Bitso,MXN,usdt_mxn,1h,17.508,"reported, not observed",api.bitso.com/api/v3/ohlc
2026-06-26T10:00:00Z,Bitso,MXN,usdt_mxn,1h,17.487,"reported, not observed",api.bitso.com/api/v3/ohlc
2026-06-26T11:00:00Z,Bitso,MXN,usdt_mxn,1h,17.481,"reported, not observed",api.bitso.com/api/v3/ohlc
2026-06-26T12:00:00Z,Bitso,MXN,usdt_mxn,1h,17.466,"reported, not observed",api.bitso.com/api/v3/ohlc
2026-06-26T13:00:00Z,Bitso,MXN,usdt_mxn,1h,17.439,"reported, not observed",api.bitso.com/api/v3/ohlc
2026-06-26T14:00:00Z,Bitso,MXN,usdt_mxn,1h,17.428,"reported, not observed",api.bitso.com/api/v3/ohlc
2026-06-26T15:00:00Z,Bitso,MXN,usdt_mxn,1h,17.426,"reported, not observed",api.bitso.com/api/v3/ohlc
2026-06-26T16:00:00Z,Bitso,MXN,usdt_mxn,1h,17.441,"reported, not observed",api.bitso.com/api/v3/ohlc
2026-06-26T17:00:00Z,Bitso,MXN,usdt_mxn,1h,17.461,"reported, not observed",api.bitso.com/api/v3/ohlc
2026-06-26T18:00:00Z,Bitso,MXN,usdt_mxn,1h,17.463,"reported, not observed",api.bitso.com/api/v3/ohlc
2026-06-26T19:00:00Z,Bitso,MXN,usdt_mxn,1h,17.439,"reported, not observed",api.bitso.com/api/v3/ohlc
2026-06-26T20:00:00Z,Bitso,MXN,usdt_mxn,1h,17.482,"reported, not observed",api.bitso.com/api/v3/ohlc
2026-06-26T21:00:00Z,Bitso,MXN,usdt_mxn,1h,17.483,"reported, not observed",api.bitso.com/api/v3/ohlc
2026-06-26T22:00:00Z,Bitso,MXN,usdt_mxn,1h,17.486,"reported, not observed",api.bitso.com/api/v3/ohlc
2026-06-26T23:00:00Z,Bitso,MXN,usdt_mxn,1h,17.501,"reported, not observed",api.bitso.com/api/v3/ohlc
2026-06-27T00:00:00Z,Bitso,MXN,usdt_mxn,1h,17.504,"reported, not observed",api.bitso.com/api/v3/ohlc
2026-06-27T01:00:00Z,Bitso,MXN,usdt_mxn,1h,17.503,"reported, not observed",api.bitso.com/api/v3/ohlc
2026-06-27T02:00:00Z,Bitso,MXN,usdt_mxn,1h,17.502,"reported, not observed",api.bitso.com/api/v3/ohlc
2026-06-27T03:00:00Z,Bitso,MXN,usdt_mxn,1h,17.504,"reported, not observed",api.bitso.com/api/v3/ohlc
2026-06-27T04:00:00Z,Bitso,MXN,usdt_mxn,1h,17.509,"reported, not observed",api.bitso.com/api/v3/ohlc
2026-06-27T05:00:00Z,Bitso,MXN,usdt_mxn,1h,17.507,"reported, not observed",api.bitso.com/api/v3/ohlc
2026-06-27T06:00:00Z,Bitso,MXN,usdt_mxn,1h,17.506,"reported, not observed",api.bitso.com/api/v3/ohlc
2026-06-27T07:00:00Z,Bitso,MXN,usdt_mxn,1h,17.506,"reported, not observed",api.bitso.com/api/v3/ohlc
2026-06-27T08:00:00Z,Bitso,MXN,usdt_mxn,1h,17.506,"reported, not observed",api.bitso.com/api/v3/ohlc
2026-06-27T09:00:00Z,Bitso,MXN,usdt_mxn,1h,17.507,"reported, not observed",api.bitso.com/api/v3/ohlc
2026-06-27T10:00:00Z,Bitso,MXN,usdt_mxn,1h,17.507,"reported, not observed",api.bitso.com/api/v3/ohlc
2026-06-27T11:00:00Z,Bitso,MXN,usdt_mxn,1h,17.506,"reported, not observed",api.bitso.com/api/v3/ohlc
2026-06-27T12:00:00Z,Bitso,MXN,usdt_mxn,1h,17.506,"reported, not observed",api.bitso.com/api/v3/ohlc
2026-06-27T13:00:00Z,Bitso,MXN,usdt_mxn,1h,17.506,"reported, not observed",api.bitso.com/api/v3/ohlc
2026-06-27T14:00:00Z,Bitso,MXN,usdt_mxn,1h,17.513,"reported, not observed",api.bitso.com/api/v3/ohlc
2026-06-27T15:00:00Z,Bitso,MXN,usdt_mxn,1h,17.51,"reported, not observed",api.bitso.com/api/v3/ohlc
2026-06-27T16:00:00Z,Bitso,MXN,usdt_mxn,1h,17.514,"reported, not observed",api.bitso.com/api/v3/ohlc
2026-06-27T17:00:00Z,Bitso,MXN,usdt_mxn,1h,17.516,"reported, not observed",api.bitso.com/api/v3/ohlc
2026-06-27T18:00:00Z,Bitso,MXN,usdt_mxn,1h,17.509,"reported, not observed",api.bitso.com/api/v3/ohlc
2026-06-27T19:00:00Z,Bitso,MXN,usdt_mxn,1h,17.516,"reported, not observed",api.bitso.com/api/v3/ohlc
2026-06-27T20:00:00Z,Bitso,MXN,usdt_mxn,1h,17.51,"reported, not observed",api.bitso.com/api/v3/ohlc
2026-06-27T21:00:00Z,Bitso,MXN,usdt_mxn,1h,17.51,"reported, not observed",api.bitso.com/api/v3/ohlc
2026-06-27T22:00:00Z,Bitso,MXN,usdt_mxn,1h,17.518,"reported, not observed",api.bitso.com/api/v3/ohlc
2026-06-27T23:00:00Z,Bitso,MXN,usdt_mxn,1h,17.514,"reported, not observed",api.bitso.com/api/v3/ohlc
2026-06-28T00:00:00Z,Bitso,MXN,usdt_mxn,1h,17.511,"reported, not observed",api.bitso.com/api/v3/ohlc
2026-06-28T01:00:00Z,Bitso,MXN,usdt_mxn,1h,17.513,"reported, not observed",api.bitso.com/api/v3/ohlc
2026-06-28T02:00:00Z,Bitso,MXN,usdt_mxn,1h,17.511,"reported, not observed",api.bitso.com/api/v3/ohlc
2026-06-28T03:00:00Z,Bitso,MXN,usdt_mxn,1h,17.509,"reported, not observed",api.bitso.com/api/v3/ohlc
2026-06-28T04:00:00Z,Bitso,MXN,usdt_mxn,1h,17.511,"reported, not observed",api.bitso.com/api/v3/ohlc
2026-06-28T05:00:00Z,Bitso,MXN,usdt_mxn,1h,17.516,"reported, not observed",api.bitso.com/api/v3/ohlc
2026-06-28T06:00:00Z,Bitso,MXN,usdt_mxn,1h,17.518,"reported, not observed",api.bitso.com/api/v3/ohlc
2026-06-28T07:00:00Z,Bitso,MXN,usdt_mxn,1h,17.516,"reported, not observed",api.bitso.com/api/v3/ohlc
2026-06-28T08:00:00Z,Bitso,MXN,usdt_mxn,1h,17.518,"reported, not observed",api.bitso.com/api/v3/ohlc
2026-06-28T09:00:00Z,Bitso,MXN,usdt_mxn,1h,17.516,"reported, not observed",api.bitso.com/api/v3/ohlc
2026-06-28T10:00:00Z,Bitso,MXN,usdt_mxn,1h,17.514,"reported, not observed",api.bitso.com/api/v3/ohlc
2026-06-28T11:00:00Z,Bitso,MXN,usdt_mxn,1h,17.516,"reported, not observed",api.bitso.com/api/v3/ohlc
2026-06-28T12:00:00Z,Bitso,MXN,usdt_mxn,1h,17.507,"reported, not observed",api.bitso.com/api/v3/ohlc
2026-06-28T13:00:00Z,Bitso,MXN,usdt_mxn,1h,17.511,"reported, not observed",api.bitso.com/api/v3/ohlc
2026-06-28T14:00:00Z,Bitso,MXN,usdt_mxn,1h,17.51,"reported, not observed",api.bitso.com/api/v3/ohlc
2026-06-28T15:00:00Z,Bitso,MXN,usdt_mxn,1h,17.517,"reported, not observed",api.bitso.com/api/v3/ohlc
2026-06-28T16:00:00Z,Bitso,MXN,usdt_mxn,1h,17.519,"reported, not observed",api.bitso.com/api/v3/ohlc
2026-06-28T17:00:00Z,Bitso,MXN,usdt_mxn,1h,17.516,"reported, not observed",api.bitso.com/api/v3/ohlc
2026-06-28T18:00:00Z,Bitso,MXN,usdt_mxn,1h,17.516,"reported, not observed",api.bitso.com/api/v3/ohlc
2026-06-28T19:00:00Z,Bitso,MXN,usdt_mxn,1h,17.514,"reported, not observed",api.bitso.com/api/v3/ohlc
2026-06-28T20:00:00Z,Bitso,MXN,usdt_mxn,1h,17.509,"reported, not observed",api.bitso.com/api/v3/ohlc
2026-06-28T21:00:00Z,Bitso,MXN,usdt_mxn,1h,17.517,"reported, not observed",api.bitso.com/api/v3/ohlc
2026-06-28T22:00:00Z,Bitso,MXN,usdt_mxn,1h,17.491,"reported, not observed",api.bitso.com/api/v3/ohlc
2026-06-28T23:00:00Z,Bitso,MXN,usdt_mxn,1h,17.487,"reported, not observed",api.bitso.com/api/v3/ohlc
2026-06-29T00:00:00Z,Bitso,MXN,usdt_mxn,1h,17.491,"reported, not observed",api.bitso.com/api/v3/ohlc
2026-06-29T01:00:00Z,Bitso,MXN,usdt_mxn,1h,17.491,"reported, not observed",api.bitso.com/api/v3/ohlc
2026-06-29T02:00:00Z,Bitso,MXN,usdt_mxn,1h,17.483,"reported, not observed",api.bitso.com/api/v3/ohlc
2026-06-29T03:00:00Z,Bitso,MXN,usdt_mxn,1h,17.482,"reported, not observed",api.bitso.com/api/v3/ohlc
2026-06-29T04:00:00Z,Bitso,MXN,usdt_mxn,1h,17.483,"reported, not observed",api.bitso.com/api/v3/ohlc
2026-06-29T05:00:00Z,Bitso,MXN,usdt_mxn,1h,17.468,"reported, not observed",api.bitso.com/api/v3/ohlc
2026-06-29T06:00:00Z,Bitso,MXN,usdt_mxn,1h,17.459,"reported, not observed",api.bitso.com/api/v3/ohlc
2026-06-29T07:00:00Z,Bitso,MXN,usdt_mxn,1h,17.465,"reported, not observed",api.bitso.com/api/v3/ohlc
2026-06-29T08:00:00Z,Bitso,MXN,usdt_mxn,1h,17.476,"reported, not observed",api.bitso.com/api/v3/ohlc
2026-06-29T09:00:00Z,Bitso,MXN,usdt_mxn,1h,17.473,"reported, not observed",api.bitso.com/api/v3/ohlc
2026-06-29T10:00:00Z,Bitso,MXN,usdt_mxn,1h,17.454,"reported, not observed",api.bitso.com/api/v3/ohlc
2026-06-29T11:00:00Z,Bitso,MXN,usdt_mxn,1h,17.444,"reported, not observed",api.bitso.com/api/v3/ohlc
2026-06-29T12:00:00Z,Bitso,MXN,usdt_mxn,1h,17.464,"reported, not observed",api.bitso.com/api/v3/ohlc
2026-06-29T13:00:00Z,Bitso,MXN,usdt_mxn,1h,17.487,"reported, not observed",api.bitso.com/api/v3/ohlc
2026-06-29T14:00:00Z,Bitso,MXN,usdt_mxn,1h,17.503,"reported, not observed",api.bitso.com/api/v3/ohlc
2026-06-29T15:00:00Z,Bitso,MXN,usdt_mxn,1h,17.485,"reported, not observed",api.bitso.com/api/v3/ohlc
2026-06-29T16:00:00Z,Bitso,MXN,usdt_mxn,1h,17.474,"reported, not observed",api.bitso.com/api/v3/ohlc
2026-06-29T17:00:00Z,Bitso,MXN,usdt_mxn,1h,17.468,"reported, not observed",api.bitso.com/api/v3/ohlc
2026-06-29T18:00:00Z,Bitso,MXN,usdt_mxn,1h,17.427,"reported, not observed",api.bitso.com/api/v3/ohlc
2026-06-29T19:00:00Z,Bitso,MXN,usdt_mxn,1h,17.417,"reported, not observed",api.bitso.com/api/v3/ohlc
2026-06-29T20:00:00Z,Bitso,MXN,usdt_mxn,1h,17.426,"reported, not observed",api.bitso.com/api/v3/ohlc
2026-06-29T21:00:00Z,Bitso,MXN,usdt_mxn,1h,17.419,"reported, not observed",api.bitso.com/api/v3/ohlc
2026-06-29T22:00:00Z,Bitso,MXN,usdt_mxn,1h,17.446,"reported, not observed",api.bitso.com/api/v3/ohlc
2026-06-29T23:00:00Z,Bitso,MXN,usdt_mxn,1h,17.446,"reported, not observed",api.bitso.com/api/v3/ohlc
2026-06-30T00:00:00Z,Bitso,MXN,usdt_mxn,1h,17.462,"reported, not observed",api.bitso.com/api/v3/ohlc
2026-06-30T01:00:00Z,Bitso,MXN,usdt_mxn,1h,17.473,"reported, not observed",api.bitso.com/api/v3/ohlc
2026-06-30T02:00:00Z,Bitso,MXN,usdt_mxn,1h,17.477,"reported, not observed",api.bitso.com/api/v3/ohlc
2026-06-30T03:00:00Z,Bitso,MXN,usdt_mxn,1h,17.47,"reported, not observed",api.bitso.com/api/v3/ohlc
2026-06-30T04:00:00Z,Bitso,MXN,usdt_mxn,1h,17.467,"reported, not observed",api.bitso.com/api/v3/ohlc
2026-06-30T05:00:00Z,Bitso,MXN,usdt_mxn,1h,17.45,"reported, not observed",api.bitso.com/api/v3/ohlc
2026-06-30T06:00:00Z,Bitso,MXN,usdt_mxn,1h,17.446,"reported, not observed",api.bitso.com/api/v3/ohlc
2026-06-30T07:00:00Z,Bitso,MXN,usdt_mxn,1h,17.442,"reported, not observed",api.bitso.com/api/v3/ohlc
2026-06-30T08:00:00Z,Bitso,MXN,usdt_mxn,1h,17.445,"reported, not observed",api.bitso.com/api/v3/ohlc
2026-06-30T09:00:00Z,Bitso,MXN,usdt_mxn,1h,17.436,"reported, not observed",api.bitso.com/api/v3/ohlc
2026-06-30T10:00:00Z,Bitso,MXN,usdt_mxn,1h,17.43,"reported, not observed",api.bitso.com/api/v3/ohlc
2026-06-30T11:00:00Z,Bitso,MXN,usdt_mxn,1h,17.433,"reported, not observed",api.bitso.com/api/v3/ohlc
2026-06-30T12:00:00Z,Bitso,MXN,usdt_mxn,1h,17.454,"reported, not observed",api.bitso.com/api/v3/ohlc
2026-06-30T13:00:00Z,Bitso,MXN,usdt_mxn,1h,17.431,"reported, not observed",api.bitso.com/api/v3/ohlc
2026-06-30T14:00:00Z,Bitso,MXN,usdt_mxn,1h,17.432,"reported, not observed",api.bitso.com/api/v3/ohlc
2026-06-30T15:00:00Z,Bitso,MXN,usdt_mxn,1h,17.436,"reported, not observed",api.bitso.com/api/v3/ohlc
2026-06-30T16:00:00Z,Bitso,MXN,usdt_mxn,1h,17.422,"reported, not observed",api.bitso.com/api/v3/ohlc
2026-06-30T17:00:00Z,Bitso,MXN,usdt_mxn,1h,17.436,"reported, not observed",api.bitso.com/api/v3/ohlc
2026-06-30T18:00:00Z,Bitso,MXN,usdt_mxn,1h,17.444,"reported, not observed",api.bitso.com/api/v3/ohlc
2026-06-30T19:00:00Z,Bitso,MXN,usdt_mxn,1h,17.445,"reported, not observed",api.bitso.com/api/v3/ohlc
2026-06-30T20:00:00Z,Bitso,MXN,usdt_mxn,1h,17.455,"reported, not observed",api.bitso.com/api/v3/ohlc
2026-06-30T21:00:00Z,Bitso,MXN,usdt_mxn,1h,17.467,"reported, not observed",api.bitso.com/api/v3/ohlc
2026-06-30T22:00:00Z,Bitso,MXN,usdt_mxn,1h,17.467,"reported, not observed",api.bitso.com/api/v3/ohlc
2026-06-30T23:00:00Z,Bitso,MXN,usdt_mxn,1h,17.471,"reported, not observed",api.bitso.com/api/v3/ohlc
2026-07-01T00:00:00Z,Bitso,MXN,usdt_mxn,1h,17.491,"reported, not observed",api.bitso.com/api/v3/ohlc
2026-07-01T01:00:00Z,Bitso,MXN,usdt_mxn,1h,17.498,"reported, not observed",api.bitso.com/api/v3/ohlc
2026-07-01T02:00:00Z,Bitso,MXN,usdt_mxn,1h,17.506,"reported, not observed",api.bitso.com/api/v3/ohlc
2026-07-01T03:00:00Z,Bitso,MXN,usdt_mxn,1h,17.505,"reported, not observed",api.bitso.com/api/v3/ohlc
2026-07-01T04:00:00Z,Bitso,MXN,usdt_mxn,1h,17.497,"reported, not observed",api.bitso.com/api/v3/ohlc
2026-07-01T05:00:00Z,Bitso,MXN,usdt_mxn,1h,17.497,"reported, not observed",api.bitso.com/api/v3/ohlc
2026-07-01T06:00:00Z,Bitso,MXN,usdt_mxn,1h,17.505,"reported, not observed",api.bitso.com/api/v3/ohlc
2026-07-01T07:00:00Z,Bitso,MXN,usdt_mxn,1h,17.516,"reported, not observed",api.bitso.com/api/v3/ohlc
2026-07-01T08:00:00Z,Bitso,MXN,usdt_mxn,1h,17.508,"reported, not observed",api.bitso.com/api/v3/ohlc
2026-07-01T09:00:00Z,Bitso,MXN,usdt_mxn,1h,17.507,"reported, not observed",api.bitso.com/api/v3/ohlc
2026-07-01T10:00:00Z,Bitso,MXN,usdt_mxn,1h,17.5,"reported, not observed",api.bitso.com/api/v3/ohlc
2026-07-01T11:00:00Z,Bitso,MXN,usdt_mxn,1h,17.5,"reported, not observed",api.bitso.com/api/v3/ohlc
2026-07-01T12:00:00Z,Bitso,MXN,usdt_mxn,1h,17.512,"reported, not observed",api.bitso.com/api/v3/ohlc
2026-07-01T13:00:00Z,Bitso,MXN,usdt_mxn,1h,17.483,"reported, not observed",api.bitso.com/api/v3/ohlc
2026-07-01T14:00:00Z,Bitso,MXN,usdt_mxn,1h,17.504,"reported, not observed",api.bitso.com/api/v3/ohlc
2026-07-01T15:00:00Z,Bitso,MXN,usdt_mxn,1h,17.51,"reported, not observed",api.bitso.com/api/v3/ohlc
2026-07-01T16:00:00Z,Bitso,MXN,usdt_mxn,1h,17.508,"reported, not observed",api.bitso.com/api/v3/ohlc
2026-07-01T17:00:00Z,Bitso,MXN,usdt_mxn,1h,17.513,"reported, not observed",api.bitso.com/api/v3/ohlc
2026-07-01T18:00:00Z,Bitso,MXN,usdt_mxn,1h,17.523,"reported, not observed",api.bitso.com/api/v3/ohlc
2026-07-01T19:00:00Z,Bitso,MXN,usdt_mxn,1h,17.518,"reported, not observed",api.bitso.com/api/v3/ohlc
2026-07-01T20:00:00Z,Bitso,MXN,usdt_mxn,1h,17.523,"reported, not observed",api.bitso.com/api/v3/ohlc
2026-07-01T21:00:00Z,Bitso,MXN,usdt_mxn,1h,17.467,"reported, not observed",api.bitso.com/api/v3/ohlc
2026-07-01T22:00:00Z,Bitso,MXN,usdt_mxn,1h,17.489,"reported, not observed",api.bitso.com/api/v3/ohlc
2026-07-01T23:00:00Z,Bitso,MXN,usdt_mxn,1h,17.494,"reported, not observed",api.bitso.com/api/v3/ohlc
2026-07-02T00:00:00Z,Bitso,MXN,usdt_mxn,1h,17.517,"reported, not observed",api.bitso.com/api/v3/ohlc
2026-07-02T01:00:00Z,Bitso,MXN,usdt_mxn,1h,17.505,"reported, not observed",api.bitso.com/api/v3/ohlc
2026-07-02T02:00:00Z,Bitso,MXN,usdt_mxn,1h,17.506,"reported, not observed",api.bitso.com/api/v3/ohlc
2026-07-02T03:00:00Z,Bitso,MXN,usdt_mxn,1h,17.512,"reported, not observed",api.bitso.com/api/v3/ohlc
2026-07-02T04:00:00Z,Bitso,MXN,usdt_mxn,1h,17.513,"reported, not observed",api.bitso.com/api/v3/ohlc
2026-07-02T05:00:00Z,Bitso,MXN,usdt_mxn,1h,17.517,"reported, not observed",api.bitso.com/api/v3/ohlc
2026-07-02T06:00:00Z,Bitso,MXN,usdt_mxn,1h,17.527,"reported, not observed",api.bitso.com/api/v3/ohlc
2026-07-02T07:00:00Z,Bitso,MXN,usdt_mxn,1h,17.535,"reported, not observed",api.bitso.com/api/v3/ohlc
2026-07-02T08:00:00Z,Bitso,MXN,usdt_mxn,1h,17.513,"reported, not observed",api.bitso.com/api/v3/ohlc
2026-07-02T09:00:00Z,Bitso,MXN,usdt_mxn,1h,17.509,"reported, not observed",api.bitso.com/api/v3/ohlc
2026-07-02T10:00:00Z,Bitso,MXN,usdt_mxn,1h,17.513,"reported, not observed",api.bitso.com/api/v3/ohlc
2026-07-02T11:00:00Z,Bitso,MXN,usdt_mxn,1h,17.518,"reported, not observed",api.bitso.com/api/v3/ohlc
2026-07-02T12:00:00Z,Bitso,MXN,usdt_mxn,1h,17.443,"reported, not observed",api.bitso.com/api/v3/ohlc
2026-07-02T13:00:00Z,Bitso,MXN,usdt_mxn,1h,17.429,"reported, not observed",api.bitso.com/api/v3/ohlc
2026-07-02T14:00:00Z,Bitso,MXN,usdt_mxn,1h,17.444,"reported, not observed",api.bitso.com/api/v3/ohlc
2026-07-02T15:00:00Z,Bitso,MXN,usdt_mxn,1h,17.435,"reported, not observed",api.bitso.com/api/v3/ohlc
2026-07-02T16:00:00Z,Bitso,MXN,usdt_mxn,1h,17.443,"reported, not observed",api.bitso.com/api/v3/ohlc
2026-07-02T17:00:00Z,Bitso,MXN,usdt_mxn,1h,17.455,"reported, not observed",api.bitso.com/api/v3/ohlc
2026-07-02T18:00:00Z,Bitso,MXN,usdt_mxn,1h,17.453,"reported, not observed",api.bitso.com/api/v3/ohlc
2026-07-02T19:00:00Z,Bitso,MXN,usdt_mxn,1h,17.456,"reported, not observed",api.bitso.com/api/v3/ohlc
2026-07-02T20:00:00Z,Bitso,MXN,usdt_mxn,1h,17.45,"reported, not observed",api.bitso.com/api/v3/ohlc
2026-07-02T21:00:00Z,Bitso,MXN,usdt_mxn,1h,17.457,"reported, not observed",api.bitso.com/api/v3/ohlc
2026-07-02T22:00:00Z,Bitso,MXN,usdt_mxn,1h,17.454,"reported, not observed",api.bitso.com/api/v3/ohlc
2026-07-02T23:00:00Z,Bitso,MXN,usdt_mxn,1h,17.456,"reported, not observed",api.bitso.com/api/v3/ohlc
2026-07-03T00:00:00Z,Bitso,MXN,usdt_mxn,1h,17.449,"reported, not observed",api.bitso.com/api/v3/ohlc
2026-07-03T01:00:00Z,Bitso,MXN,usdt_mxn,1h,17.433,"reported, not observed",api.bitso.com/api/v3/ohlc
2026-07-03T02:00:00Z,Bitso,MXN,usdt_mxn,1h,17.418,"reported, not observed",api.bitso.com/api/v3/ohlc
2026-07-03T03:00:00Z,Bitso,MXN,usdt_mxn,1h,17.419,"reported, not observed",api.bitso.com/api/v3/ohlc
2026-07-03T04:00:00Z,Bitso,MXN,usdt_mxn,1h,17.409,"reported, not observed",api.bitso.com/api/v3/ohlc
2026-07-03T05:00:00Z,Bitso,MXN,usdt_mxn,1h,17.401,"reported, not observed",api.bitso.com/api/v3/ohlc
2026-07-03T06:00:00Z,Bitso,MXN,usdt_mxn,1h,17.394,"reported, not observed",api.bitso.com/api/v3/ohlc
2026-07-03T07:00:00Z,Bitso,MXN,usdt_mxn,1h,17.409,"reported, not observed",api.bitso.com/api/v3/ohlc
2026-07-03T08:00:00Z,Bitso,MXN,usdt_mxn,1h,17.423,"reported, not observed",api.bitso.com/api/v3/ohlc
2026-07-03T09:00:00Z,Bitso,MXN,usdt_mxn,1h,17.415,"reported, not observed",api.bitso.com/api/v3/ohlc
2026-07-03T10:00:00Z,Bitso,MXN,usdt_mxn,1h,17.402,"reported, not observed",api.bitso.com/api/v3/ohlc
2026-07-03T11:00:00Z,Bitso,MXN,usdt_mxn,1h,17.409,"reported, not observed",api.bitso.com/api/v3/ohlc
2026-07-03T12:00:00Z,Bitso,MXN,usdt_mxn,1h,17.415,"reported, not observed",api.bitso.com/api/v3/ohlc
2026-07-03T13:00:00Z,Bitso,MXN,usdt_mxn,1h,17.425,"reported, not observed",api.bitso.com/api/v3/ohlc
2026-07-03T14:00:00Z,Bitso,MXN,usdt_mxn,1h,17.438,"reported, not observed",api.bitso.com/api/v3/ohlc
2026-07-03T15:00:00Z,Bitso,MXN,usdt_mxn,1h,17.447,"reported, not observed",api.bitso.com/api/v3/ohlc
2026-07-03T16:00:00Z,Bitso,MXN,usdt_mxn,1h,17.447,"reported, not observed",api.bitso.com/api/v3/ohlc
2026-07-03T17:00:00Z,Bitso,MXN,usdt_mxn,1h,17.452,"reported, not observed",api.bitso.com/api/v3/ohlc
2026-07-03T18:00:00Z,Bitso,MXN,usdt_mxn,1h,17.459,"reported, not observed",api.bitso.com/api/v3/ohlc
2026-07-03T19:00:00Z,Bitso,MXN,usdt_mxn,1h,17.461,"reported, not observed",api.bitso.com/api/v3/ohlc
2026-07-03T20:00:00Z,Bitso,MXN,usdt_mxn,1h,17.458,"reported, not observed",api.bitso.com/api/v3/ohlc
2026-07-03T21:00:00Z,Bitso,MXN,usdt_mxn,1h,17.46,"reported, not observed",api.bitso.com/api/v3/ohlc
2026-07-03T22:00:00Z,Bitso,MXN,usdt_mxn,1h,17.459,"reported, not observed",api.bitso.com/api/v3/ohlc
2026-07-03T23:00:00Z,Bitso,MXN,usdt_mxn,1h,17.456,"reported, not observed",api.bitso.com/api/v3/ohlc
2026-07-04T00:00:00Z,Bitso,MXN,usdt_mxn,1h,17.46,"reported, not observed",api.bitso.com/api/v3/ohlc
2026-07-04T01:00:00Z,Bitso,MXN,usdt_mxn,1h,17.464,"reported, not observed",api.bitso.com/api/v3/ohlc
2026-07-04T02:00:00Z,Bitso,MXN,usdt_mxn,1h,17.468,"reported, not observed",api.bitso.com/api/v3/ohlc
2026-07-04T03:00:00Z,Bitso,MXN,usdt_mxn,1h,17.467,"reported, not observed",api.bitso.com/api/v3/ohlc
2026-07-04T04:00:00Z,Bitso,MXN,usdt_mxn,1h,17.458,"reported, not observed",api.bitso.com/api/v3/ohlc
2026-07-04T05:00:00Z,Bitso,MXN,usdt_mxn,1h,17.463,"reported, not observed",api.bitso.com/api/v3/ohlc
2026-07-04T06:00:00Z,Bitso,MXN,usdt_mxn,1h,17.462,"reported, not observed",api.bitso.com/api/v3/ohlc
2026-07-04T07:00:00Z,Bitso,MXN,usdt_mxn,1h,17.463,"reported, not observed",api.bitso.com/api/v3/ohlc
2026-07-04T08:00:00Z,Bitso,MXN,usdt_mxn,1h,17.466,"reported, not observed",api.bitso.com/api/v3/ohlc
2026-07-04T09:00:00Z,Bitso,MXN,usdt_mxn,1h,17.464,"reported, not observed",api.bitso.com/api/v3/ohlc
2026-07-04T10:00:00Z,Bitso,MXN,usdt_mxn,1h,17.466,"reported, not observed",api.bitso.com/api/v3/ohlc
2026-07-04T11:00:00Z,Bitso,MXN,usdt_mxn,1h,17.467,"reported, not observed",api.bitso.com/api/v3/ohlc
2026-07-04T12:00:00Z,Bitso,MXN,usdt_mxn,1h,17.463,"reported, not observed",api.bitso.com/api/v3/ohlc
2026-07-04T13:00:00Z,Bitso,MXN,usdt_mxn,1h,17.463,"reported, not observed",api.bitso.com/api/v3/ohlc
2026-07-04T14:00:00Z,Bitso,MXN,usdt_mxn,1h,17.466,"reported, not observed",api.bitso.com/api/v3/ohlc
2026-07-04T15:00:00Z,Bitso,MXN,usdt_mxn,1h,17.465,"reported, not observed",api.bitso.com/api/v3/ohlc
2026-07-04T16:00:00Z,Bitso,MXN,usdt_mxn,1h,17.462,"reported, not observed",api.bitso.com/api/v3/ohlc
2026-07-04T17:00:00Z,Bitso,MXN,usdt_mxn,1h,17.468,"reported, not observed",api.bitso.com/api/v3/ohlc
2026-07-04T18:00:00Z,Bitso,MXN,usdt_mxn,1h,17.467,"reported, not observed",api.bitso.com/api/v3/ohlc
2026-07-04T19:00:00Z,Bitso,MXN,usdt_mxn,1h,17.462,"reported, not observed",api.bitso.com/api/v3/ohlc
2026-07-04T20:00:00Z,Bitso,MXN,usdt_mxn,1h,17.471,"reported, not observed",api.bitso.com/api/v3/ohlc
2026-07-04T21:00:00Z,Bitso,MXN,usdt_mxn,1h,17.469,"reported, not observed",api.bitso.com/api/v3/ohlc
2026-07-04T22:00:00Z,Bitso,MXN,usdt_mxn,1h,17.463,"reported, not observed",api.bitso.com/api/v3/ohlc
2026-07-04T23:00:00Z,Bitso,MXN,usdt_mxn,1h,17.466,"reported, not observed",api.bitso.com/api/v3/ohlc
2026-07-05T00:00:00Z,Bitso,MXN,usdt_mxn,1h,17.465,"reported, not observed",api.bitso.com/api/v3/ohlc
2026-07-05T01:00:00Z,Bitso,MXN,usdt_mxn,1h,17.47,"reported, not observed",api.bitso.com/api/v3/ohlc
2026-07-05T02:00:00Z,Bitso,MXN,usdt_mxn,1h,17.466,"reported, not observed",api.bitso.com/api/v3/ohlc
2026-07-05T03:00:00Z,Bitso,MXN,usdt_mxn,1h,17.464,"reported, not observed",api.bitso.com/api/v3/ohlc
2026-07-05T04:00:00Z,Bitso,MXN,usdt_mxn,1h,17.466,"reported, not observed",api.bitso.com/api/v3/ohlc
2026-07-05T05:00:00Z,Bitso,MXN,usdt_mxn,1h,17.461,"reported, not observed",api.bitso.com/api/v3/ohlc
2026-07-05T06:00:00Z,Bitso,MXN,usdt_mxn,1h,17.464,"reported, not observed",api.bitso.com/api/v3/ohlc
2026-07-05T07:00:00Z,Bitso,MXN,usdt_mxn,1h,17.464,"reported, not observed",api.bitso.com/api/v3/ohlc
2026-07-05T08:00:00Z,Bitso,MXN,usdt_mxn,1h,17.46,"reported, not observed",api.bitso.com/api/v3/ohlc
2026-07-05T09:00:00Z,Bitso,MXN,usdt_mxn,1h,17.463,"reported, not observed",api.bitso.com/api/v3/ohlc
2026-07-05T10:00:00Z,Bitso,MXN,usdt_mxn,1h,17.465,"reported, not observed",api.bitso.com/api/v3/ohlc
2026-07-05T11:00:00Z,Bitso,MXN,usdt_mxn,1h,17.464,"reported, not observed",api.bitso.com/api/v3/ohlc
2026-07-05T12:00:00Z,Bitso,MXN,usdt_mxn,1h,17.465,"reported, not observed",api.bitso.com/api/v3/ohlc
2026-07-05T13:00:00Z,Bitso,MXN,usdt_mxn,1h,17.465,"reported, not observed",api.bitso.com/api/v3/ohlc
2026-07-05T14:00:00Z,Bitso,MXN,usdt_mxn,1h,17.46,"reported, not observed",api.bitso.com/api/v3/ohlc
2026-07-05T15:00:00Z,Bitso,MXN,usdt_mxn,1h,17.469,"reported, not observed",api.bitso.com/api/v3/ohlc
2026-07-05T16:00:00Z,Bitso,MXN,usdt_mxn,1h,17.471,"reported, not observed",api.bitso.com/api/v3/ohlc
2026-07-05T17:00:00Z,Bitso,MXN,usdt_mxn,1h,17.465,"reported, not observed",api.bitso.com/api/v3/ohlc
2026-07-05T18:00:00Z,Bitso,MXN,usdt_mxn,1h,17.462,"reported, not observed",api.bitso.com/api/v3/ohlc
2026-07-05T19:00:00Z,Bitso,MXN,usdt_mxn,1h,17.461,"reported, not observed",api.bitso.com/api/v3/ohlc
2026-07-05T20:00:00Z,Bitso,MXN,usdt_mxn,1h,17.461,"reported, not observed",api.bitso.com/api/v3/ohlc
2026-07-05T21:00:00Z,Bitso,MXN,usdt_mxn,1h,17.468,"reported, not observed",api.bitso.com/api/v3/ohlc
2026-07-05T22:00:00Z,Bitso,MXN,usdt_mxn,1h,17.467,"reported, not observed",api.bitso.com/api/v3/ohlc
2026-07-05T23:00:00Z,Bitso,MXN,usdt_mxn,1h,17.465,"reported, not observed",api.bitso.com/api/v3/ohlc
2026-07-06T00:00:00Z,Bitso,MXN,usdt_mxn,1h,17.459,"reported, not observed",api.bitso.com/api/v3/ohlc
2026-07-06T01:00:00Z,Bitso,MXN,usdt_mxn,1h,17.463,"reported, not observed",api.bitso.com/api/v3/ohlc
2026-07-06T02:00:00Z,Bitso,MXN,usdt_mxn,1h,17.464,"reported, not observed",api.bitso.com/api/v3/ohlc
2026-07-06T03:00:00Z,Bitso,MXN,usdt_mxn,1h,17.467,"reported, not observed",api.bitso.com/api/v3/ohlc
2026-07-06T04:00:00Z,Bitso,MXN,usdt_mxn,1h,17.453,"reported, not observed",api.bitso.com/api/v3/ohlc
2026-07-06T05:00:00Z,Bitso,MXN,usdt_mxn,1h,17.455,"reported, not observed",api.bitso.com/api/v3/ohlc
2026-07-06T06:00:00Z,Bitso,MXN,usdt_mxn,1h,17.458,"reported, not observed",api.bitso.com/api/v3/ohlc
2026-07-06T07:00:00Z,Bitso,MXN,usdt_mxn,1h,17.454,"reported, not observed",api.bitso.com/api/v3/ohlc
2026-07-06T08:00:00Z,Bitso,MXN,usdt_mxn,1h,17.453,"reported, not observed",api.bitso.com/api/v3/ohlc
2026-07-06T09:00:00Z,Bitso,MXN,usdt_mxn,1h,17.454,"reported, not observed",api.bitso.com/api/v3/ohlc
2026-07-06T10:00:00Z,Bitso,MXN,usdt_mxn,1h,17.457,"reported, not observed",api.bitso.com/api/v3/ohlc
2026-07-06T11:00:00Z,Bitso,MXN,usdt_mxn,1h,17.46,"reported, not observed",api.bitso.com/api/v3/ohlc
2026-07-06T12:00:00Z,Bitso,MXN,usdt_mxn,1h,17.474,"reported, not observed",api.bitso.com/api/v3/ohlc
2026-07-06T13:00:00Z,Bitso,MXN,usdt_mxn,1h,17.454,"reported, not observed",api.bitso.com/api/v3/ohlc
2026-07-06T14:00:00Z,Bitso,MXN,usdt_mxn,1h,17.445,"reported, not observed",api.bitso.com/api/v3/ohlc
2026-07-06T15:00:00Z,Bitso,MXN,usdt_mxn,1h,17.436,"reported, not observed",api.bitso.com/api/v3/ohlc
2026-07-06T16:00:00Z,Bitso,MXN,usdt_mxn,1h,17.407,"reported, not observed",api.bitso.com/api/v3/ohlc
2026-07-06T17:00:00Z,Bitso,MXN,usdt_mxn,1h,17.382,"reported, not observed",api.bitso.com/api/v3/ohlc
2026-07-06T18:00:00Z,Bitso,MXN,usdt_mxn,1h,17.372,"reported, not observed",api.bitso.com/api/v3/ohlc
2026-07-06T19:00:00Z,Bitso,MXN,usdt_mxn,1h,17.375,"reported, not observed",api.bitso.com/api/v3/ohlc
2026-07-06T20:00:00Z,Bitso,MXN,usdt_mxn,1h,17.378,"reported, not observed",api.bitso.com/api/v3/ohlc
2026-07-06T21:00:00Z,Bitso,MXN,usdt_mxn,1h,17.375,"reported, not observed",api.bitso.com/api/v3/ohlc
2026-07-06T22:00:00Z,Bitso,MXN,usdt_mxn,1h,17.378,"reported, not observed",api.bitso.com/api/v3/ohlc
2026-07-06T23:00:00Z,Bitso,MXN,usdt_mxn,1h,17.376,"reported, not observed",api.bitso.com/api/v3/ohlc
2026-07-07T00:00:00Z,Bitso,MXN,usdt_mxn,1h,17.377,"reported, not observed",api.bitso.com/api/v3/ohlc
2026-07-07T01:00:00Z,Bitso,MXN,usdt_mxn,1h,17.376,"reported, not observed",api.bitso.com/api/v3/ohlc
2026-07-07T02:00:00Z,Bitso,MXN,usdt_mxn,1h,17.387,"reported, not observed",api.bitso.com/api/v3/ohlc
2026-07-07T03:00:00Z,Bitso,MXN,usdt_mxn,1h,17.384,"reported, not observed",api.bitso.com/api/v3/ohlc
2026-07-07T04:00:00Z,Bitso,MXN,usdt_mxn,1h,17.38,"reported, not observed",api.bitso.com/api/v3/ohlc
2026-07-07T05:00:00Z,Bitso,MXN,usdt_mxn,1h,17.385,"reported, not observed",api.bitso.com/api/v3/ohlc
2026-07-07T06:00:00Z,Bitso,MXN,usdt_mxn,1h,17.383,"reported, not observed",api.bitso.com/api/v3/ohlc
2026-07-07T07:00:00Z,Bitso,MXN,usdt_mxn,1h,17.401,"reported, not observed",api.bitso.com/api/v3/ohlc
2026-07-07T08:00:00Z,Bitso,MXN,usdt_mxn,1h,17.404,"reported, not observed",api.bitso.com/api/v3/ohlc
2026-07-07T09:00:00Z,Bitso,MXN,usdt_mxn,1h,17.402,"reported, not observed",api.bitso.com/api/v3/ohlc
2026-07-07T10:00:00Z,Bitso,MXN,usdt_mxn,1h,17.391,"reported, not observed",api.bitso.com/api/v3/ohlc
2026-07-07T11:00:00Z,Bitso,MXN,usdt_mxn,1h,17.393,"reported, not observed",api.bitso.com/api/v3/ohlc
2026-07-07T12:00:00Z,Bitso,MXN,usdt_mxn,1h,17.425,"reported, not observed",api.bitso.com/api/v3/ohlc
2026-07-07T13:00:00Z,Bitso,MXN,usdt_mxn,1h,17.434,"reported, not observed",api.bitso.com/api/v3/ohlc
2026-07-07T14:00:00Z,Bitso,MXN,usdt_mxn,1h,17.458,"reported, not observed",api.bitso.com/api/v3/ohlc
2026-07-07T15:00:00Z,Bitso,MXN,usdt_mxn,1h,17.483,"reported, not observed",api.bitso.com/api/v3/ohlc
2026-07-07T16:00:00Z,Bitso,MXN,usdt_mxn,1h,17.482,"reported, not observed",api.bitso.com/api/v3/ohlc
2026-07-07T17:00:00Z,Bitso,MXN,usdt_mxn,1h,17.479,"reported, not observed",api.bitso.com/api/v3/ohlc
2026-07-07T18:00:00Z,Bitso,MXN,usdt_mxn,1h,17.489,"reported, not observed",api.bitso.com/api/v3/ohlc
2026-07-07T19:00:00Z,Bitso,MXN,usdt_mxn,1h,17.504,"reported, not observed",api.bitso.com/api/v3/ohlc
2026-07-07T20:00:00Z,Bitso,MXN,usdt_mxn,1h,17.5,"reported, not observed",api.bitso.com/api/v3/ohlc
2026-07-07T21:00:00Z,Bitso,MXN,usdt_mxn,1h,17.511,"reported, not observed",api.bitso.com/api/v3/ohlc
2026-07-07T22:00:00Z,Bitso,MXN,usdt_mxn,1h,17.515,"reported, not observed",api.bitso.com/api/v3/ohlc
2026-07-07T23:00:00Z,Bitso,MXN,usdt_mxn,1h,17.517,"reported, not observed",api.bitso.com/api/v3/ohlc
2026-07-08T00:00:00Z,Bitso,MXN,usdt_mxn,1h,17.507,"reported, not observed",api.bitso.com/api/v3/ohlc
2026-07-08T01:00:00Z,Bitso,MXN,usdt_mxn,1h,17.494,"reported, not observed",api.bitso.com/api/v3/ohlc
2026-07-08T02:00:00Z,Bitso,MXN,usdt_mxn,1h,17.496,"reported, not observed",api.bitso.com/api/v3/ohlc
2026-07-08T03:00:00Z,Bitso,MXN,usdt_mxn,1h,17.495,"reported, not observed",api.bitso.com/api/v3/ohlc
2026-07-08T04:00:00Z,Bitso,MXN,usdt_mxn,1h,17.492,"reported, not observed",api.bitso.com/api/v3/ohlc
2026-07-08T05:00:00Z,Bitso,MXN,usdt_mxn,1h,17.489,"reported, not observed",api.bitso.com/api/v3/ohlc
2026-07-08T06:00:00Z,Bitso,MXN,usdt_mxn,1h,17.501,"reported, not observed",api.bitso.com/api/v3/ohlc
2026-07-08T07:00:00Z,Bitso,MXN,usdt_mxn,1h,17.5,"reported, not observed",api.bitso.com/api/v3/ohlc
2026-07-08T08:00:00Z,Bitso,MXN,usdt_mxn,1h,17.562,"reported, not observed",api.bitso.com/api/v3/ohlc
2026-07-08T09:00:00Z,Bitso,MXN,usdt_mxn,1h,17.587,"reported, not observed",api.bitso.com/api/v3/ohlc
2026-07-08T10:00:00Z,Bitso,MXN,usdt_mxn,1h,17.558,"reported, not observed",api.bitso.com/api/v3/ohlc
2026-07-08T11:00:00Z,Bitso,MXN,usdt_mxn,1h,17.572,"reported, not observed",api.bitso.com/api/v3/ohlc
2026-07-08T12:00:00Z,Bitso,MXN,usdt_mxn,1h,17.566,"reported, not observed",api.bitso.com/api/v3/ohlc
2026-07-08T13:00:00Z,Bitso,MXN,usdt_mxn,1h,17.565,"reported, not observed",api.bitso.com/api/v3/ohlc
2026-07-08T14:00:00Z,Bitso,MXN,usdt_mxn,1h,17.588,"reported, not observed",api.bitso.com/api/v3/ohlc
2026-07-08T15:00:00Z,Bitso,MXN,usdt_mxn,1h,17.605,"reported, not observed",api.bitso.com/api/v3/ohlc
2026-07-08T16:00:00Z,Bitso,MXN,usdt_mxn,1h,17.565,"reported, not observed",api.bitso.com/api/v3/ohlc
2026-07-08T17:00:00Z,Bitso,MXN,usdt_mxn,1h,17.56,"reported, not observed",api.bitso.com/api/v3/ohlc
2026-07-08T18:00:00Z,Bitso,MXN,usdt_mxn,1h,17.547,"reported, not observed",api.bitso.com/api/v3/ohlc
2026-07-08T19:00:00Z,Bitso,MXN,usdt_mxn,1h,17.541,"reported, not observed",api.bitso.com/api/v3/ohlc
2026-07-08T20:00:00Z,Bitso,MXN,usdt_mxn,1h,17.556,"reported, not observed",api.bitso.com/api/v3/ohlc
2026-07-08T21:00:00Z,Bitso,MXN,usdt_mxn,1h,17.56,"reported, not observed",api.bitso.com/api/v3/ohlc
2026-07-08T22:00:00Z,Bitso,MXN,usdt_mxn,1h,17.557,"reported, not observed",api.bitso.com/api/v3/ohlc
2026-07-08T23:00:00Z,Bitso,MXN,usdt_mxn,1h,17.556,"reported, not observed",api.bitso.com/api/v3/ohlc
2026-07-09T00:00:00Z,Bitso,MXN,usdt_mxn,1h,17.547,"reported, not observed",api.bitso.com/api/v3/ohlc
2026-07-09T01:00:00Z,Bitso,MXN,usdt_mxn,1h,17.547,"reported, not observed",api.bitso.com/api/v3/ohlc
2026-07-09T02:00:00Z,Bitso,MXN,usdt_mxn,1h,17.556,"reported, not observed",api.bitso.com/api/v3/ohlc
2026-07-09T03:00:00Z,Bitso,MXN,usdt_mxn,1h,17.545,"reported, not observed",api.bitso.com/api/v3/ohlc
2026-07-09T04:00:00Z,Bitso,MXN,usdt_mxn,1h,17.541,"reported, not observed",api.bitso.com/api/v3/ohlc
2026-07-09T05:00:00Z,Bitso,MXN,usdt_mxn,1h,17.531,"reported, not observed",api.bitso.com/api/v3/ohlc
2026-07-09T06:00:00Z,Bitso,MXN,usdt_mxn,1h,17.532,"reported, not observed",api.bitso.com/api/v3/ohlc
2026-07-09T07:00:00Z,Bitso,MXN,usdt_mxn,1h,17.528,"reported, not observed",api.bitso.com/api/v3/ohlc
2026-07-09T08:00:00Z,Bitso,MXN,usdt_mxn,1h,17.531,"reported, not observed",api.bitso.com/api/v3/ohlc
2026-07-09T09:00:00Z,Bitso,MXN,usdt_mxn,1h,17.527,"reported, not observed",api.bitso.com/api/v3/ohlc
2026-07-09T10:00:00Z,Bitso,MXN,usdt_mxn,1h,17.551,"reported, not observed",api.bitso.com/api/v3/ohlc
2026-07-09T11:00:00Z,Bitso,MXN,usdt_mxn,1h,17.541,"reported, not observed",api.bitso.com/api/v3/ohlc
2026-07-09T12:00:00Z,Bitso,MXN,usdt_mxn,1h,17.549,"reported, not observed",api.bitso.com/api/v3/ohlc
2026-07-09T13:00:00Z,Bitso,MXN,usdt_mxn,1h,17.525,"reported, not observed",api.bitso.com/api/v3/ohlc
2026-07-09T14:00:00Z,Bitso,MXN,usdt_mxn,1h,17.515,"reported, not observed",api.bitso.com/api/v3/ohlc
2026-07-09T15:00:00Z,Bitso,MXN,usdt_mxn,1h,17.509,"reported, not observed",api.bitso.com/api/v3/ohlc
2026-07-09T16:00:00Z,Bitso,MXN,usdt_mxn,1h,17.513,"reported, not observed",api.bitso.com/api/v3/ohlc
2026-07-09T17:00:00Z,Bitso,MXN,usdt_mxn,1h,17.516,"reported, not observed",api.bitso.com/api/v3/ohlc
2026-07-09T18:00:00Z,Bitso,MXN,usdt_mxn,1h,17.506,"reported, not observed",api.bitso.com/api/v3/ohlc
2026-07-09T19:00:00Z,Bitso,MXN,usdt_mxn,1h,17.522,"reported, not observed",api.bitso.com/api/v3/ohlc
2026-07-09T20:00:00Z,Bitso,MXN,usdt_mxn,1h,17.52,"reported, not observed",api.bitso.com/api/v3/ohlc
2026-07-09T21:00:00Z,Bitso,MXN,usdt_mxn,1h,17.517,"reported, not observed",api.bitso.com/api/v3/ohlc
2026-07-09T22:00:00Z,Bitso,MXN,usdt_mxn,1h,17.521,"reported, not observed",api.bitso.com/api/v3/ohlc
2026-07-09T23:00:00Z,Bitso,MXN,usdt_mxn,1h,17.525,"reported, not observed",api.bitso.com/api/v3/ohlc
2026-07-10T00:00:00Z,Bitso,MXN,usdt_mxn,1h,17.512,"reported, not observed",api.bitso.com/api/v3/ohlc
2026-07-10T01:00:00Z,Bitso,MXN,usdt_mxn,1h,17.507,"reported, not observed",api.bitso.com/api/v3/ohlc
2026-07-10T02:00:00Z,Bitso,MXN,usdt_mxn,1h,17.491,"reported, not observed",api.bitso.com/api/v3/ohlc
2026-07-10T03:00:00Z,Bitso,MXN,usdt_mxn,1h,17.491,"reported, not observed",api.bitso.com/api/v3/ohlc
2026-07-10T04:00:00Z,Bitso,MXN,usdt_mxn,1h,17.499,"reported, not observed",api.bitso.com/api/v3/ohlc
2026-07-10T05:00:00Z,Bitso,MXN,usdt_mxn,1h,17.502,"reported, not observed",api.bitso.com/api/v3/ohlc
2026-07-10T06:00:00Z,Bitso,MXN,usdt_mxn,1h,17.492,"reported, not observed",api.bitso.com/api/v3/ohlc
2026-07-10T07:00:00Z,Bitso,MXN,usdt_mxn,1h,17.498,"reported, not observed",api.bitso.com/api/v3/ohlc
2026-07-10T08:00:00Z,Bitso,MXN,usdt_mxn,1h,17.501,"reported, not observed",api.bitso.com/api/v3/ohlc
2026-07-10T09:00:00Z,Bitso,MXN,usdt_mxn,1h,17.496,"reported, not observed",api.bitso.com/api/v3/ohlc
2026-07-10T10:00:00Z,Bitso,MXN,usdt_mxn,1h,17.491,"reported, not observed",api.bitso.com/api/v3/ohlc
2026-07-10T11:00:00Z,Bitso,MXN,usdt_mxn,1h,17.494,"reported, not observed",api.bitso.com/api/v3/ohlc
2026-07-10T12:00:00Z,Bitso,MXN,usdt_mxn,1h,17.486,"reported, not observed",api.bitso.com/api/v3/ohlc
2026-07-10T13:00:00Z,Bitso,MXN,usdt_mxn,1h,17.501,"reported, not observed",api.bitso.com/api/v3/ohlc
2026-07-10T14:00:00Z,Bitso,MXN,usdt_mxn,1h,17.49,"reported, not observed",api.bitso.com/api/v3/ohlc
2026-07-10T15:00:00Z,Bitso,MXN,usdt_mxn,1h,17.484,"reported, not observed",api.bitso.com/api/v3/ohlc
2026-07-10T16:00:00Z,Bitso,MXN,usdt_mxn,1h,17.461,"reported, not observed",api.bitso.com/api/v3/ohlc
2026-07-10T17:00:00Z,Bitso,MXN,usdt_mxn,1h,17.455,"reported, not observed",api.bitso.com/api/v3/ohlc
2026-07-10T18:00:00Z,Bitso,MXN,usdt_mxn,1h,17.46,"reported, not observed",api.bitso.com/api/v3/ohlc
2026-07-10T19:00:00Z,Bitso,MXN,usdt_mxn,1h,17.449,"reported, not observed",api.bitso.com/api/v3/ohlc
2026-07-10T20:00:00Z,Bitso,MXN,usdt_mxn,1h,17.438,"reported, not observed",api.bitso.com/api/v3/ohlc
2026-07-10T21:00:00Z,Bitso,MXN,usdt_mxn,1h,17.434,"reported, not observed",api.bitso.com/api/v3/ohlc
2026-07-10T22:00:00Z,Bitso,MXN,usdt_mxn,1h,17.433,"reported, not observed",api.bitso.com/api/v3/ohlc
2026-07-10T23:00:00Z,Bitso,MXN,usdt_mxn,1h,17.464,"reported, not observed",api.bitso.com/api/v3/ohlc
2026-07-11T00:00:00Z,Bitso,MXN,usdt_mxn,1h,17.459,"reported, not observed",api.bitso.com/api/v3/ohlc
2026-07-11T01:00:00Z,Bitso,MXN,usdt_mxn,1h,17.452,"reported, not observed",api.bitso.com/api/v3/ohlc
2026-07-11T02:00:00Z,Bitso,MXN,usdt_mxn,1h,17.454,"reported, not observed",api.bitso.com/api/v3/ohlc
2026-07-11T03:00:00Z,Bitso,MXN,usdt_mxn,1h,17.459,"reported, not observed",api.bitso.com/api/v3/ohlc
2026-07-11T04:00:00Z,Bitso,MXN,usdt_mxn,1h,17.457,"reported, not observed",api.bitso.com/api/v3/ohlc
2026-07-11T05:00:00Z,Bitso,MXN,usdt_mxn,1h,17.454,"reported, not observed",api.bitso.com/api/v3/ohlc
2026-07-11T06:00:00Z,Bitso,MXN,usdt_mxn,1h,17.453,"reported, not observed",api.bitso.com/api/v3/ohlc
2026-07-11T07:00:00Z,Bitso,MXN,usdt_mxn,1h,17.455,"reported, not observed",api.bitso.com/api/v3/ohlc
2026-07-11T08:00:00Z,Bitso,MXN,usdt_mxn,1h,17.455,"reported, not observed",api.bitso.com/api/v3/ohlc
2026-07-11T09:00:00Z,Bitso,MXN,usdt_mxn,1h,17.457,"reported, not observed",api.bitso.com/api/v3/ohlc
2026-07-11T10:00:00Z,Bitso,MXN,usdt_mxn,1h,17.459,"reported, not observed",api.bitso.com/api/v3/ohlc
2026-07-11T11:00:00Z,Bitso,MXN,usdt_mxn,1h,17.459,"reported, not observed",api.bitso.com/api/v3/ohlc
2026-07-11T12:00:00Z,Bitso,MXN,usdt_mxn,1h,17.456,"reported, not observed",api.bitso.com/api/v3/ohlc
2026-07-11T13:00:00Z,Bitso,MXN,usdt_mxn,1h,17.453,"reported, not observed",api.bitso.com/api/v3/ohlc
2026-07-11T14:00:00Z,Bitso,MXN,usdt_mxn,1h,17.456,"reported, not observed",api.bitso.com/api/v3/ohlc
2026-07-11T15:00:00Z,Bitso,MXN,usdt_mxn,1h,17.461,"reported, not observed",api.bitso.com/api/v3/ohlc
2026-07-11T16:00:00Z,Bitso,MXN,usdt_mxn,1h,17.456,"reported, not observed",api.bitso.com/api/v3/ohlc
2026-07-11T17:00:00Z,Bitso,MXN,usdt_mxn,1h,17.459,"reported, not observed",api.bitso.com/api/v3/ohlc
2026-07-11T18:00:00Z,Bitso,MXN,usdt_mxn,1h,17.447,"reported, not observed",api.bitso.com/api/v3/ohlc
2026-07-11T19:00:00Z,Bitso,MXN,usdt_mxn,1h,17.447,"reported, not observed",api.bitso.com/api/v3/ohlc
2026-07-11T20:00:00Z,Bitso,MXN,usdt_mxn,1h,17.454,"reported, not observed",api.bitso.com/api/v3/ohlc
2026-07-11T21:00:00Z,Bitso,MXN,usdt_mxn,1h,17.456,"reported, not observed",api.bitso.com/api/v3/ohlc
2026-07-11T22:00:00Z,Bitso,MXN,usdt_mxn,1h,17.455,"reported, not observed",api.bitso.com/api/v3/ohlc
2026-07-11T23:00:00Z,Bitso,MXN,usdt_mxn,1h,17.455,"reported, not observed",api.bitso.com/api/v3/ohlc
2026-07-12T00:00:00Z,Bitso,MXN,usdt_mxn,1h,17.457,"reported, not observed",api.bitso.com/api/v3/ohlc
2026-07-12T01:00:00Z,Bitso,MXN,usdt_mxn,1h,17.459,"reported, not observed",api.bitso.com/api/v3/ohlc
2026-07-12T02:00:00Z,Bitso,MXN,usdt_mxn,1h,17.461,"reported, not observed",api.bitso.com/api/v3/ohlc
2026-07-12T03:00:00Z,Bitso,MXN,usdt_mxn,1h,17.459,"reported, not observed",api.bitso.com/api/v3/ohlc
2026-07-12T04:00:00Z,Bitso,MXN,usdt_mxn,1h,17.458,"reported, not observed",api.bitso.com/api/v3/ohlc
2026-07-12T05:00:00Z,Bitso,MXN,usdt_mxn,1h,17.458,"reported, not observed",api.bitso.com/api/v3/ohlc
2026-07-12T06:00:00Z,Bitso,MXN,usdt_mxn,1h,17.461,"reported, not observed",api.bitso.com/api/v3/ohlc
2026-07-12T07:00:00Z,Bitso,MXN,usdt_mxn,1h,17.461,"reported, not observed",api.bitso.com/api/v3/ohlc
2026-07-12T08:00:00Z,Bitso,MXN,usdt_mxn,1h,17.459,"reported, not observed",api.bitso.com/api/v3/ohlc
2026-07-12T09:00:00Z,Bitso,MXN,usdt_mxn,1h,17.459,"reported, not observed",api.bitso.com/api/v3/ohlc
2026-07-12T10:00:00Z,Bitso,MXN,usdt_mxn,1h,17.46,"reported, not observed",api.bitso.com/api/v3/ohlc
2026-07-12T11:00:00Z,Bitso,MXN,usdt_mxn,1h,17.459,"reported, not observed",api.bitso.com/api/v3/ohlc
2026-07-12T12:00:00Z,Bitso,MXN,usdt_mxn,1h,17.461,"reported, not observed",api.bitso.com/api/v3/ohlc
2026-07-12T13:00:00Z,Bitso,MXN,usdt_mxn,1h,17.462,"reported, not observed",api.bitso.com/api/v3/ohlc
2026-07-12T14:00:00Z,Bitso,MXN,usdt_mxn,1h,17.458,"reported, not observed",api.bitso.com/api/v3/ohlc
2026-07-12T15:00:00Z,Bitso,MXN,usdt_mxn,1h,17.462,"reported, not observed",api.bitso.com/api/v3/ohlc
2026-07-12T16:00:00Z,Bitso,MXN,usdt_mxn,1h,17.455,"reported, not observed",api.bitso.com/api/v3/ohlc
2026-07-12T17:00:00Z,Bitso,MXN,usdt_mxn,1h,17.452,"reported, not observed",api.bitso.com/api/v3/ohlc
2026-07-12T18:00:00Z,Bitso,MXN,usdt_mxn,1h,17.457,"reported, not observed",api.bitso.com/api/v3/ohlc
2026-07-12T19:00:00Z,Bitso,MXN,usdt_mxn,1h,17.458,"reported, not observed",api.bitso.com/api/v3/ohlc
2026-07-12T20:00:00Z,Bitso,MXN,usdt_mxn,1h,17.461,"reported, not observed",api.bitso.com/api/v3/ohlc
2026-07-12T21:00:00Z,Bitso,MXN,usdt_mxn,1h,17.48,"reported, not observed",api.bitso.com/api/v3/ohlc
2026-07-12T22:00:00Z,Bitso,MXN,usdt_mxn,1h,17.493,"reported, not observed",api.bitso.com/api/v3/ohlc
2026-07-12T23:00:00Z,Bitso,MXN,usdt_mxn,1h,17.483,"reported, not observed",api.bitso.com/api/v3/ohlc
2026-07-13T00:00:00Z,Bitso,MXN,usdt_mxn,1h,17.497,"reported, not observed",api.bitso.com/api/v3/ohlc
2026-07-13T01:00:00Z,Bitso,MXN,usdt_mxn,1h,17.502,"reported, not observed",api.bitso.com/api/v3/ohlc
2026-07-13T02:00:00Z,Bitso,MXN,usdt_mxn,1h,17.5,"reported, not observed",api.bitso.com/api/v3/ohlc
2026-07-13T03:00:00Z,Bitso,MXN,usdt_mxn,1h,17.51,"reported, not observed",api.bitso.com/api/v3/ohlc
2026-07-13T04:00:00Z,Bitso,MXN,usdt_mxn,1h,17.509,"reported, not observed",api.bitso.com/api/v3/ohlc
2026-07-13T05:00:00Z,Bitso,MXN,usdt_mxn,1h,17.514,"reported, not observed",api.bitso.com/api/v3/ohlc
2026-07-13T06:00:00Z,Bitso,MXN,usdt_mxn,1h,17.514,"reported, not observed",api.bitso.com/api/v3/ohlc
2026-07-13T07:00:00Z,Bitso,MXN,usdt_mxn,1h,17.482,"reported, not observed",api.bitso.com/api/v3/ohlc
2026-07-13T08:00:00Z,Bitso,MXN,usdt_mxn,1h,17.467,"reported, not observed",api.bitso.com/api/v3/ohlc
2026-07-13T09:00:00Z,Bitso,MXN,usdt_mxn,1h,17.469,"reported, not observed",api.bitso.com/api/v3/ohlc
2026-07-13T10:00:00Z,Bitso,MXN,usdt_mxn,1h,17.462,"reported, not observed",api.bitso.com/api/v3/ohlc
2026-07-13T11:00:00Z,Bitso,MXN,usdt_mxn,1h,17.46,"reported, not observed",api.bitso.com/api/v3/ohlc
2026-07-13T12:00:00Z,Bitso,MXN,usdt_mxn,1h,17.458,"reported, not observed",api.bitso.com/api/v3/ohlc
2026-07-13T13:00:00Z,Bitso,MXN,usdt_mxn,1h,17.458,"reported, not observed",api.bitso.com/api/v3/ohlc
2026-07-13T14:00:00Z,Bitso,MXN,usdt_mxn,1h,17.482,"reported, not observed",api.bitso.com/api/v3/ohlc
2026-07-13T15:00:00Z,Bitso,MXN,usdt_mxn,1h,17.48,"reported, not observed",api.bitso.com/api/v3/ohlc
2026-07-13T16:00:00Z,Bitso,MXN,usdt_mxn,1h,17.498,"reported, not observed",api.bitso.com/api/v3/ohlc
2026-07-13T17:00:00Z,Bitso,MXN,usdt_mxn,1h,17.503,"reported, not observed",api.bitso.com/api/v3/ohlc
2026-07-13T18:00:00Z,Bitso,MXN,usdt_mxn,1h,17.502,"reported, not observed",api.bitso.com/api/v3/ohlc
2026-07-13T19:00:00Z,Bitso,MXN,usdt_mxn,1h,17.512,"reported, not observed",api.bitso.com/api/v3/ohlc
2026-07-13T20:00:00Z,Bitso,MXN,usdt_mxn,1h,17.516,"reported, not observed",api.bitso.com/api/v3/ohlc
2026-07-13T21:00:00Z,Bitso,MXN,usdt_mxn,1h,17.526,"reported, not observed",api.bitso.com/api/v3/ohlc
2026-07-13T22:00:00Z,Bitso,MXN,usdt_mxn,1h,17.508,"reported, not observed",api.bitso.com/api/v3/ohlc
2026-07-13T23:00:00Z,Bitso,MXN,usdt_mxn,1h,17.496,"reported, not observed",api.bitso.com/api/v3/ohlc
2026-07-14T00:00:00Z,Bitso,MXN,usdt_mxn,1h,17.491,"reported, not observed",api.bitso.com/api/v3/ohlc
2026-07-14T01:00:00Z,Bitso,MXN,usdt_mxn,1h,17.491,"reported, not observed",api.bitso.com/api/v3/ohlc
2026-07-14T02:00:00Z,Bitso,MXN,usdt_mxn,1h,17.487,"reported, not observed",api.bitso.com/api/v3/ohlc
2026-07-14T03:00:00Z,Bitso,MXN,usdt_mxn,1h,17.486,"reported, not observed",api.bitso.com/api/v3/ohlc
2026-07-14T04:00:00Z,Bitso,MXN,usdt_mxn,1h,17.482,"reported, not observed",api.bitso.com/api/v3/ohlc
2026-07-14T05:00:00Z,Bitso,MXN,usdt_mxn,1h,17.473,"reported, not observed",api.bitso.com/api/v3/ohlc
2026-07-14T06:00:00Z,Bitso,MXN,usdt_mxn,1h,17.485,"reported, not observed",api.bitso.com/api/v3/ohlc
2026-07-14T07:00:00Z,Bitso,MXN,usdt_mxn,1h,17.478,"reported, not observed",api.bitso.com/api/v3/ohlc
2026-07-14T08:00:00Z,Bitso,MXN,usdt_mxn,1h,17.49,"reported, not observed",api.bitso.com/api/v3/ohlc
2026-07-14T09:00:00Z,Bitso,MXN,usdt_mxn,1h,17.487,"reported, not observed",api.bitso.com/api/v3/ohlc
2026-07-14T10:00:00Z,Bitso,MXN,usdt_mxn,1h,17.502,"reported, not observed",api.bitso.com/api/v3/ohlc
2026-07-14T11:00:00Z,Bitso,MXN,usdt_mxn,1h,17.479,"reported, not observed",api.bitso.com/api/v3/ohlc
2026-07-14T12:00:00Z,Bitso,MXN,usdt_mxn,1h,17.418,"reported, not observed",api.bitso.com/api/v3/ohlc
2026-07-14T13:00:00Z,Bitso,MXN,usdt_mxn,1h,17.38,"reported, not observed",api.bitso.com/api/v3/ohlc
2026-07-14T14:00:00Z,Bitso,MXN,usdt_mxn,1h,17.385,"reported, not observed",api.bitso.com/api/v3/ohlc
2026-07-14T15:00:00Z,Bitso,MXN,usdt_mxn,1h,17.424,"reported, not observed",api.bitso.com/api/v3/ohlc
2026-07-14T16:00:00Z,Bitso,MXN,usdt_mxn,1h,17.415,"reported, not observed",api.bitso.com/api/v3/ohlc
2026-07-14T17:00:00Z,Bitso,MXN,usdt_mxn,1h,17.434,"reported, not observed",api.bitso.com/api/v3/ohlc
2026-07-14T18:00:00Z,Bitso,MXN,usdt_mxn,1h,17.425,"reported, not observed",api.bitso.com/api/v3/ohlc
2026-07-14T19:00:00Z,Bitso,MXN,usdt_mxn,1h,17.423,"reported, not observed",api.bitso.com/api/v3/ohlc
2026-07-14T20:00:00Z,Bitso,MXN,usdt_mxn,1h,17.415,"reported, not observed",api.bitso.com/api/v3/ohlc
2026-07-14T21:00:00Z,Bitso,MXN,usdt_mxn,1h,17.406,"reported, not observed",api.bitso.com/api/v3/ohlc
2026-07-14T22:00:00Z,Bitso,MXN,usdt_mxn,1h,17.41,"reported, not observed",api.bitso.com/api/v3/ohlc
2026-07-14T23:00:00Z,Bitso,MXN,usdt_mxn,1h,17.408,"reported, not observed",api.bitso.com/api/v3/ohlc
2026-07-15T00:00:00Z,Bitso,MXN,usdt_mxn,1h,17.406,"reported, not observed",api.bitso.com/api/v3/ohlc
2026-07-15T01:00:00Z,Bitso,MXN,usdt_mxn,1h,17.41,"reported, not observed",api.bitso.com/api/v3/ohlc
2026-07-15T02:00:00Z,Bitso,MXN,usdt_mxn,1h,17.407,"reported, not observed",api.bitso.com/api/v3/ohlc
2026-07-15T03:00:00Z,Bitso,MXN,usdt_mxn,1h,17.404,"reported, not observed",api.bitso.com/api/v3/ohlc
2026-07-15T04:00:00Z,Bitso,MXN,usdt_mxn,1h,17.402,"reported, not observed",api.bitso.com/api/v3/ohlc
2026-07-15T05:00:00Z,Bitso,MXN,usdt_mxn,1h,17.4,"reported, not observed",api.bitso.com/api/v3/ohlc
2026-07-15T06:00:00Z,Bitso,MXN,usdt_mxn,1h,17.392,"reported, not observed",api.bitso.com/api/v3/ohlc
2026-07-15T07:00:00Z,Bitso,MXN,usdt_mxn,1h,17.41,"reported, not observed",api.bitso.com/api/v3/ohlc
2026-07-15T08:00:00Z,Bitso,MXN,usdt_mxn,1h,17.401,"reported, not observed",api.bitso.com/api/v3/ohlc
2026-07-15T09:00:00Z,Bitso,MXN,usdt_mxn,1h,17.404,"reported, not observed",api.bitso.com/api/v3/ohlc
2026-07-15T10:00:00Z,Bitso,MXN,usdt_mxn,1h,17.411,"reported, not observed",api.bitso.com/api/v3/ohlc
2026-07-15T11:00:00Z,Bitso,MXN,usdt_mxn,1h,17.405,"reported, not observed",api.bitso.com/api/v3/ohlc
2026-07-15T12:00:00Z,Bitso,MXN,usdt_mxn,1h,17.373,"reported, not observed",api.bitso.com/api/v3/ohlc
2026-07-15T13:00:00Z,Bitso,MXN,usdt_mxn,1h,17.372,"reported, not observed",api.bitso.com/api/v3/ohlc
2026-07-15T14:00:00Z,Bitso,MXN,usdt_mxn,1h,17.371,"reported, not observed",api.bitso.com/api/v3/ohlc
2026-07-15T15:00:00Z,Bitso,MXN,usdt_mxn,1h,17.377,"reported, not observed",api.bitso.com/api/v3/ohlc
2026-07-15T16:00:00Z,Bitso,MXN,usdt_mxn,1h,17.374,"reported, not observed",api.bitso.com/api/v3/ohlc
2026-07-15T17:00:00Z,Bitso,MXN,usdt_mxn,1h,17.363,"reported, not observed",api.bitso.com/api/v3/ohlc
2026-07-15T18:00:00Z,Bitso,MXN,usdt_mxn,1h,17.351,"reported, not observed",api.bitso.com/api/v3/ohlc
2026-07-15T19:00:00Z,Bitso,MXN,usdt_mxn,1h,17.37,"reported, not observed",api.bitso.com/api/v3/ohlc
2026-07-15T20:00:00Z,Bitso,MXN,usdt_mxn,1h,17.372,"reported, not observed",api.bitso.com/api/v3/ohlc
2026-07-15T21:00:00Z,Bitso,MXN,usdt_mxn,1h,17.374,"reported, not observed",api.bitso.com/api/v3/ohlc
2026-07-15T22:00:00Z,Bitso,MXN,usdt_mxn,1h,17.382,"reported, not observed",api.bitso.com/api/v3/ohlc
2026-07-15T23:00:00Z,Bitso,MXN,usdt_mxn,1h,17.378,"reported, not observed",api.bitso.com/api/v3/ohlc
2026-07-16T00:00:00Z,Bitso,MXN,usdt_mxn,1h,17.381,"reported, not observed",api.bitso.com/api/v3/ohlc
2026-07-16T01:00:00Z,Bitso,MXN,usdt_mxn,1h,17.396,"reported, not observed",api.bitso.com/api/v3/ohlc
2026-07-16T02:00:00Z,Bitso,MXN,usdt_mxn,1h,17.387,"reported, not observed",api.bitso.com/api/v3/ohlc
2026-07-16T03:00:00Z,Bitso,MXN,usdt_mxn,1h,17.377,"reported, not observed",api.bitso.com/api/v3/ohlc
2026-07-16T04:00:00Z,Bitso,MXN,usdt_mxn,1h,17.376,"reported, not observed",api.bitso.com/api/v3/ohlc
2026-07-16T05:00:00Z,Bitso,MXN,usdt_mxn,1h,17.38,"reported, not observed",api.bitso.com/api/v3/ohlc
2026-07-16T06:00:00Z,Bitso,MXN,usdt_mxn,1h,17.385,"reported, not observed",api.bitso.com/api/v3/ohlc
2026-07-16T07:00:00Z,Bitso,MXN,usdt_mxn,1h,17.394,"reported, not observed",api.bitso.com/api/v3/ohlc
2026-07-16T08:00:00Z,Bitso,MXN,usdt_mxn,1h,17.397,"reported, not observed",api.bitso.com/api/v3/ohlc
2026-07-16T09:00:00Z,Bitso,MXN,usdt_mxn,1h,17.395,"reported, not observed",api.bitso.com/api/v3/ohlc
2026-07-16T10:00:00Z,Bitso,MXN,usdt_mxn,1h,17.393,"reported, not observed",api.bitso.com/api/v3/ohlc
2026-07-16T11:00:00Z,Bitso,MXN,usdt_mxn,1h,17.404,"reported, not observed",api.bitso.com/api/v3/ohlc
2026-07-16T12:00:00Z,Bitso,MXN,usdt_mxn,1h,17.42,"reported, not observed",api.bitso.com/api/v3/ohlc
2026-07-16T13:00:00Z,Bitso,MXN,usdt_mxn,1h,17.416,"reported, not observed",api.bitso.com/api/v3/ohlc
2026-07-16T14:00:00Z,Bitso,MXN,usdt_mxn,1h,17.412,"reported, not observed",api.bitso.com/api/v3/ohlc
2026-07-16T15:00:00Z,Bitso,MXN,usdt_mxn,1h,17.412,"reported, not observed",api.bitso.com/api/v3/ohlc
2026-07-16T16:00:00Z,Bitso,MXN,usdt_mxn,1h,17.417,"reported, not observed",api.bitso.com/api/v3/ohlc
2026-07-16T17:00:00Z,Bitso,MXN,usdt_mxn,1h,17.421,"reported, not observed",api.bitso.com/api/v3/ohlc
2026-07-16T18:00:00Z,Bitso,MXN,usdt_mxn,1h,17.42,"reported, not observed",api.bitso.com/api/v3/ohlc
2026-07-16T19:00:00Z,Bitso,MXN,usdt_mxn,1h,17.414,"reported, not observed",api.bitso.com/api/v3/ohlc
2026-07-16T20:00:00Z,Bitso,MXN,usdt_mxn,1h,17.402,"reported, not observed",api.bitso.com/api/v3/ohlc
2026-07-16T21:00:00Z,Bitso,MXN,usdt_mxn,1h,17.426,"reported, not observed",api.bitso.com/api/v3/ohlc
2026-07-16T22:00:00Z,Bitso,MXN,usdt_mxn,1h,17.415,"reported, not observed",api.bitso.com/api/v3/ohlc
2026-07-16T23:00:00Z,Bitso,MXN,usdt_mxn,1h,17.412,"reported, not observed",api.bitso.com/api/v3/ohlc
2026-07-17T00:00:00Z,Bitso,MXN,usdt_mxn,1h,17.405,"reported, not observed",api.bitso.com/api/v3/ohlc
2026-07-17T01:00:00Z,Bitso,MXN,usdt_mxn,1h,17.42,"reported, not observed",api.bitso.com/api/v3/ohlc
2026-07-17T02:00:00Z,Bitso,MXN,usdt_mxn,1h,17.423,"reported, not observed",api.bitso.com/api/v3/ohlc
2026-07-17T03:00:00Z,Bitso,MXN,usdt_mxn,1h,17.42,"reported, not observed",api.bitso.com/api/v3/ohlc
2026-07-17T04:00:00Z,Bitso,MXN,usdt_mxn,1h,17.423,"reported, not observed",api.bitso.com/api/v3/ohlc
2026-07-17T05:00:00Z,Bitso,MXN,usdt_mxn,1h,17.427,"reported, not observed",api.bitso.com/api/v3/ohlc
2026-07-17T06:00:00Z,Bitso,MXN,usdt_mxn,1h,17.419,"reported, not observed",api.bitso.com/api/v3/ohlc
2026-07-17T07:00:00Z,Bitso,MXN,usdt_mxn,1h,17.428,"reported, not observed",api.bitso.com/api/v3/ohlc
2026-07-17T08:00:00Z,Bitso,MXN,usdt_mxn,1h,17.442,"reported, not observed",api.bitso.com/api/v3/ohlc
2026-07-17T09:00:00Z,Bitso,MXN,usdt_mxn,1h,17.443,"reported, not observed",api.bitso.com/api/v3/ohlc
2026-07-17T10:00:00Z,Bitso,MXN,usdt_mxn,1h,17.448,"reported, not observed",api.bitso.com/api/v3/ohlc
2026-07-17T11:00:00Z,Bitso,MXN,usdt_mxn,1h,17.44,"reported, not observed",api.bitso.com/api/v3/ohlc
2026-07-17T12:00:00Z,Bitso,MXN,usdt_mxn,1h,17.482,"reported, not observed",api.bitso.com/api/v3/ohlc
2026-07-17T13:00:00Z,Bitso,MXN,usdt_mxn,1h,17.497,"reported, not observed",api.bitso.com/api/v3/ohlc
2026-07-17T14:00:00Z,Bitso,MXN,usdt_mxn,1h,17.495,"reported, not observed",api.bitso.com/api/v3/ohlc
2026-07-17T15:00:00Z,Bitso,MXN,usdt_mxn,1h,17.489,"reported, not observed",api.bitso.com/api/v3/ohlc
2026-07-17T16:00:00Z,Bitso,MXN,usdt_mxn,1h,17.503,"reported, not observed",api.bitso.com/api/v3/ohlc
2026-07-17T17:00:00Z,Bitso,MXN,usdt_mxn,1h,17.515,"reported, not observed",api.bitso.com/api/v3/ohlc
2026-07-17T18:00:00Z,Bitso,MXN,usdt_mxn,1h,17.518,"reported, not observed",api.bitso.com/api/v3/ohlc
2026-07-17T19:00:00Z,Bitso,MXN,usdt_mxn,1h,17.502,"reported, not observed",api.bitso.com/api/v3/ohlc
2026-07-17T20:00:00Z,Bitso,MXN,usdt_mxn,1h,17.53,"reported, not observed",api.bitso.com/api/v3/ohlc
2026-07-17T21:00:00Z,Bitso,MXN,usdt_mxn,1h,17.535,"reported, not observed",api.bitso.com/api/v3/ohlc
2026-07-17T22:00:00Z,Bitso,MXN,usdt_mxn,1h,17.56,"reported, not observed",api.bitso.com/api/v3/ohlc
2026-07-17T23:00:00Z,Bitso,MXN,usdt_mxn,1h,17.56,"reported, not observed",api.bitso.com/api/v3/ohlc
2026-07-18T00:00:00Z,Bitso,MXN,usdt_mxn,1h,17.563,"reported, not observed",api.bitso.com/api/v3/ohlc
2026-07-18T01:00:00Z,Bitso,MXN,usdt_mxn,1h,17.559,"reported, not observed",api.bitso.com/api/v3/ohlc
2026-07-18T02:00:00Z,Bitso,MXN,usdt_mxn,1h,17.565,"reported, not observed",api.bitso.com/api/v3/ohlc
2026-07-18T03:00:00Z,Bitso,MXN,usdt_mxn,1h,17.564,"reported, not observed",api.bitso.com/api/v3/ohlc
2026-07-18T04:00:00Z,Bitso,MXN,usdt_mxn,1h,17.561,"reported, not observed",api.bitso.com/api/v3/ohlc
2026-07-18T05:00:00Z,Bitso,MXN,usdt_mxn,1h,17.556,"reported, not observed",api.bitso.com/api/v3/ohlc
2026-07-18T06:00:00Z,Bitso,MXN,usdt_mxn,1h,17.557,"reported, not observed",api.bitso.com/api/v3/ohlc
2026-07-18T07:00:00Z,Bitso,MXN,usdt_mxn,1h,17.558,"reported, not observed",api.bitso.com/api/v3/ohlc
2026-07-18T08:00:00Z,Bitso,MXN,usdt_mxn,1h,17.558,"reported, not observed",api.bitso.com/api/v3/ohlc
2026-07-18T09:00:00Z,Bitso,MXN,usdt_mxn,1h,17.558,"reported, not observed",api.bitso.com/api/v3/ohlc
2026-07-18T10:00:00Z,Bitso,MXN,usdt_mxn,1h,17.558,"reported, not observed",api.bitso.com/api/v3/ohlc
2026-07-18T11:00:00Z,Bitso,MXN,usdt_mxn,1h,17.559,"reported, not observed",api.bitso.com/api/v3/ohlc
2026-07-18T12:00:00Z,Bitso,MXN,usdt_mxn,1h,17.559,"reported, not observed",api.bitso.com/api/v3/ohlc
2026-07-18T13:00:00Z,Bitso,MXN,usdt_mxn,1h,17.567,"reported, not observed",api.bitso.com/api/v3/ohlc
2026-07-18T14:00:00Z,Bitso,MXN,usdt_mxn,1h,17.571,"reported, not observed",api.bitso.com/api/v3/ohlc
2026-07-18T15:00:00Z,Bitso,MXN,usdt_mxn,1h,17.567,"reported, not observed",api.bitso.com/api/v3/ohlc
2026-07-18T16:00:00Z,Bitso,MXN,usdt_mxn,1h,17.571,"reported, not observed",api.bitso.com/api/v3/ohlc
2026-07-18T17:00:00Z,Bitso,MXN,usdt_mxn,1h,17.572,"reported, not observed",api.bitso.com/api/v3/ohlc
2026-07-18T18:00:00Z,Bitso,MXN,usdt_mxn,1h,17.605,"reported, not observed",api.bitso.com/api/v3/ohlc
2026-07-18T19:00:00Z,Bitso,MXN,usdt_mxn,1h,17.6,"reported, not observed",api.bitso.com/api/v3/ohlc
2026-07-18T20:00:00Z,Bitso,MXN,usdt_mxn,1h,17.575,"reported, not observed",api.bitso.com/api/v3/ohlc
2026-07-18T21:00:00Z,Bitso,MXN,usdt_mxn,1h,17.575,"reported, not observed",api.bitso.com/api/v3/ohlc
2026-07-18T22:00:00Z,Bitso,MXN,usdt_mxn,1h,17.569,"reported, not observed",api.bitso.com/api/v3/ohlc
2026-07-18T23:00:00Z,Bitso,MXN,usdt_mxn,1h,17.568,"reported, not observed",api.bitso.com/api/v3/ohlc
2026-07-19T00:00:00Z,Bitso,MXN,usdt_mxn,1h,17.57,"reported, not observed",api.bitso.com/api/v3/ohlc
2026-07-19T01:00:00Z,Bitso,MXN,usdt_mxn,1h,17.567,"reported, not observed",api.bitso.com/api/v3/ohlc
2026-07-19T02:00:00Z,Bitso,MXN,usdt_mxn,1h,17.576,"reported, not observed",api.bitso.com/api/v3/ohlc
2026-07-19T03:00:00Z,Bitso,MXN,usdt_mxn,1h,17.569,"reported, not observed",api.bitso.com/api/v3/ohlc
2026-07-19T04:00:00Z,Bitso,MXN,usdt_mxn,1h,17.568,"reported, not observed",api.bitso.com/api/v3/ohlc
2026-07-19T05:00:00Z,Bitso,MXN,usdt_mxn,1h,17.567,"reported, not observed",api.bitso.com/api/v3/ohlc
2026-07-19T06:00:00Z,Bitso,MXN,usdt_mxn,1h,17.565,"reported, not observed",api.bitso.com/api/v3/ohlc
2026-07-19T07:00:00Z,Bitso,MXN,usdt_mxn,1h,17.562,"reported, not observed",api.bitso.com/api/v3/ohlc
2026-07-19T08:00:00Z,Bitso,MXN,usdt_mxn,1h,17.564,"reported, not observed",api.bitso.com/api/v3/ohlc
2026-07-19T09:00:00Z,Bitso,MXN,usdt_mxn,1h,17.565,"reported, not observed",api.bitso.com/api/v3/ohlc
2026-07-19T10:00:00Z,Bitso,MXN,usdt_mxn,1h,17.565,"reported, not observed",api.bitso.com/api/v3/ohlc
2026-07-19T11:00:00Z,Bitso,MXN,usdt_mxn,1h,17.565,"reported, not observed",api.bitso.com/api/v3/ohlc
2026-07-19T12:00:00Z,Bitso,MXN,usdt_mxn,1h,17.566,"reported, not observed",api.bitso.com/api/v3/ohlc
2026-07-19T13:00:00Z,Bitso,MXN,usdt_mxn,1h,17.566,"reported, not observed",api.bitso.com/api/v3/ohlc
2026-07-19T14:00:00Z,Bitso,MXN,usdt_mxn,1h,17.564,"reported, not observed",api.bitso.com/api/v3/ohlc
2026-07-19T15:00:00Z,Bitso,MXN,usdt_mxn,1h,17.56,"reported, not observed",api.bitso.com/api/v3/ohlc
2026-07-19T16:00:00Z,Bitso,MXN,usdt_mxn,1h,17.559,"reported, not observed",api.bitso.com/api/v3/ohlc
2026-07-19T17:00:00Z,Bitso,MXN,usdt_mxn,1h,17.557,"reported, not observed",api.bitso.com/api/v3/ohlc
2026-07-19T18:00:00Z,Bitso,MXN,usdt_mxn,1h,17.558,"reported, not observed",api.bitso.com/api/v3/ohlc
2026-07-19T19:00:00Z,Bitso,MXN,usdt_mxn,1h,17.567,"reported, not observed",api.bitso.com/api/v3/ohlc
2026-07-19T20:00:00Z,Bitso,MXN,usdt_mxn,1h,17.573,"reported, not observed",api.bitso.com/api/v3/ohlc
2026-07-19T21:00:00Z,Bitso,MXN,usdt_mxn,1h,17.571,"reported, not observed",api.bitso.com/api/v3/ohlc
2026-07-19T22:00:00Z,Bitso,MXN,usdt_mxn,1h,17.556,"reported, not observed",api.bitso.com/api/v3/ohlc
2026-07-19T23:00:00Z,Bitso,MXN,usdt_mxn,1h,17.556,"reported, not observed",api.bitso.com/api/v3/ohlc
2026-07-20T00:00:00Z,Bitso,MXN,usdt_mxn,1h,17.531,"reported, not observed",api.bitso.com/api/v3/ohlc
2026-07-20T01:00:00Z,Bitso,MXN,usdt_mxn,1h,17.529,"reported, not observed",api.bitso.com/api/v3/ohlc
2026-07-20T02:00:00Z,Bitso,MXN,usdt_mxn,1h,17.522,"reported, not observed",api.bitso.com/api/v3/ohlc
2026-07-20T03:00:00Z,Bitso,MXN,usdt_mxn,1h,17.515,"reported, not observed",api.bitso.com/api/v3/ohlc
2026-07-20T04:00:00Z,Bitso,MXN,usdt_mxn,1h,17.509,"reported, not observed",api.bitso.com/api/v3/ohlc
2026-07-20T05:00:00Z,Bitso,MXN,usdt_mxn,1h,17.514,"reported, not observed",api.bitso.com/api/v3/ohlc
2026-07-20T06:00:00Z,Bitso,MXN,usdt_mxn,1h,17.523,"reported, not observed",api.bitso.com/api/v3/ohlc
2026-07-20T07:00:00Z,Bitso,MXN,usdt_mxn,1h,17.491,"reported, not observed",api.bitso.com/api/v3/ohlc
2026-07-20T08:00:00Z,Bitso,MXN,usdt_mxn,1h,17.498,"reported, not observed",api.bitso.com/api/v3/ohlc
2026-07-20T09:00:00Z,Bitso,MXN,usdt_mxn,1h,17.487,"reported, not observed",api.bitso.com/api/v3/ohlc
2026-07-20T10:00:00Z,Bitso,MXN,usdt_mxn,1h,17.469,"reported, not observed",api.bitso.com/api/v3/ohlc
2026-07-20T11:00:00Z,Bitso,MXN,usdt_mxn,1h,17.456,"reported, not observed",api.bitso.com/api/v3/ohlc
2026-07-20T12:00:00Z,Bitso,MXN,usdt_mxn,1h,17.474,"reported, not observed",api.bitso.com/api/v3/ohlc
2026-07-20T13:00:00Z,Bitso,MXN,usdt_mxn,1h,17.465,"reported, not observed",api.bitso.com/api/v3/ohlc
2026-07-20T14:00:00Z,Bitso,MXN,usdt_mxn,1h,17.445,"reported, not observed",api.bitso.com/api/v3/ohlc
2026-07-20T15:00:00Z,Bitso,MXN,usdt_mxn,1h,17.434,"reported, not observed",api.bitso.com/api/v3/ohlc
2026-07-20T16:00:00Z,Bitso,MXN,usdt_mxn,1h,17.389,"reported, not observed",api.bitso.com/api/v3/ohlc
2026-07-20T17:00:00Z,Bitso,MXN,usdt_mxn,1h,17.383,"reported, not observed",api.bitso.com/api/v3/ohlc
2026-07-20T18:00:00Z,Bitso,MXN,usdt_mxn,1h,17.392,"reported, not observed",api.bitso.com/api/v3/ohlc
2026-07-20T19:00:00Z,Bitso,MXN,usdt_mxn,1h,17.403,"reported, not observed",api.bitso.com/api/v3/ohlc
2026-07-20T20:00:00Z,Bitso,MXN,usdt_mxn,1h,17.414,"reported, not observed",api.bitso.com/api/v3/ohlc
2026-07-20T21:00:00Z,Bitso,MXN,usdt_mxn,1h,17.422,"reported, not observed",api.bitso.com/api/v3/ohlc
2026-07-20T22:00:00Z,Bitso,MXN,usdt_mxn,1h,17.404,"reported, not observed",api.bitso.com/api/v3/ohlc
2026-07-20T23:00:00Z,Bitso,MXN,usdt_mxn,1h,17.406,"reported, not observed",api.bitso.com/api/v3/ohlc
2026-07-21T00:00:00Z,Bitso,MXN,usdt_mxn,1h,17.405,"reported, not observed",api.bitso.com/api/v3/ohlc
2026-07-21T01:00:00Z,Bitso,MXN,usdt_mxn,1h,17.401,"reported, not observed",api.bitso.com/api/v3/ohlc
2026-07-21T02:00:00Z,Bitso,MXN,usdt_mxn,1h,17.398,"reported, not observed",api.bitso.com/api/v3/ohlc
2026-07-21T03:00:00Z,Bitso,MXN,usdt_mxn,1h,17.392,"reported, not observed",api.bitso.com/api/v3/ohlc
2026-07-21T04:00:00Z,Bitso,MXN,usdt_mxn,1h,17.392,"reported, not observed",api.bitso.com/api/v3/ohlc
2026-07-21T05:00:00Z,Bitso,MXN,usdt_mxn,1h,17.384,"reported, not observed",api.bitso.com/api/v3/ohlc
2026-07-21T06:00:00Z,Bitso,MXN,usdt_mxn,1h,17.382,"reported, not observed",api.bitso.com/api/v3/ohlc
2026-07-21T07:00:00Z,Bitso,MXN,usdt_mxn,1h,17.384,"reported, not observed",api.bitso.com/api/v3/ohlc
2026-07-21T08:00:00Z,Bitso,MXN,usdt_mxn,1h,17.382,"reported, not observed",api.bitso.com/api/v3/ohlc
2026-07-21T09:00:00Z,Bitso,MXN,usdt_mxn,1h,17.368,"reported, not observed",api.bitso.com/api/v3/ohlc
2026-07-21T10:00:00Z,Bitso,MXN,usdt_mxn,1h,17.363,"reported, not observed",api.bitso.com/api/v3/ohlc
2026-07-21T11:00:00Z,Bitso,MXN,usdt_mxn,1h,17.37,"reported, not observed",api.bitso.com/api/v3/ohlc
2026-07-21T12:00:00Z,Bitso,MXN,usdt_mxn,1h,17.372,"reported, not observed",api.bitso.com/api/v3/ohlc
2026-07-21T13:00:00Z,Bitso,MXN,usdt_mxn,1h,17.392,"reported, not observed",api.bitso.com/api/v3/ohlc
2026-07-21T14:00:00Z,Bitso,MXN,usdt_mxn,1h,17.393,"reported, not observed",api.bitso.com/api/v3/ohlc
2026-07-21T15:00:00Z,Bitso,MXN,usdt_mxn,1h,17.38,"reported, not observed",api.bitso.com/api/v3/ohlc
2026-07-21T16:00:00Z,Bitso,MXN,usdt_mxn,1h,17.371,"reported, not observed",api.bitso.com/api/v3/ohlc
2026-07-21T17:00:00Z,Bitso,MXN,usdt_mxn,1h,17.372,"reported, not observed",api.bitso.com/api/v3/ohlc
2026-07-21T18:00:00Z,Bitso,MXN,usdt_mxn,1h,17.371,"reported, not observed",api.bitso.com/api/v3/ohlc
2026-07-21T19:00:00Z,Bitso,MXN,usdt_mxn,1h,17.385,"reported, not observed",api.bitso.com/api/v3/ohlc
2026-07-21T20:00:00Z,Bitso,MXN,usdt_mxn,1h,17.391,"reported, not observed",api.bitso.com/api/v3/ohlc
2026-07-21T21:00:00Z,Bitso,MXN,usdt_mxn,1h,17.411,"reported, not observed",api.bitso.com/api/v3/ohlc
2026-07-21T22:00:00Z,Bitso,MXN,usdt_mxn,1h,17.397,"reported, not observed",api.bitso.com/api/v3/ohlc
2026-07-21T23:00:00Z,Bitso,MXN,usdt_mxn,1h,17.394,"reported, not observed",api.bitso.com/api/v3/ohlc
2026-07-22T00:00:00Z,Bitso,MXN,usdt_mxn,1h,17.393,"reported, not observed",api.bitso.com/api/v3/ohlc
2026-07-22T01:00:00Z,Bitso,MXN,usdt_mxn,1h,17.391,"reported, not observed",api.bitso.com/api/v3/ohlc
2026-07-22T02:00:00Z,Bitso,MXN,usdt_mxn,1h,17.386,"reported, not observed",api.bitso.com/api/v3/ohlc
2026-07-22T03:00:00Z,Bitso,MXN,usdt_mxn,1h,17.385,"reported, not observed",api.bitso.com/api/v3/ohlc
2026-07-22T04:00:00Z,Bitso,MXN,usdt_mxn,1h,17.38,"reported, not observed",api.bitso.com/api/v3/ohlc
2026-07-22T05:00:00Z,Bitso,MXN,usdt_mxn,1h,17.384,"reported, not observed",api.bitso.com/api/v3/ohlc
2026-07-22T06:00:00Z,Bitso,MXN,usdt_mxn,1h,17.394,"reported, not observed",api.bitso.com/api/v3/ohlc
2026-07-22T07:00:00Z,Bitso,MXN,usdt_mxn,1h,17.406,"reported, not observed",api.bitso.com/api/v3/ohlc
2026-07-22T08:00:00Z,Bitso,MXN,usdt_mxn,1h,17.407,"reported, not observed",api.bitso.com/api/v3/ohlc
2026-07-22T09:00:00Z,Bitso,MXN,usdt_mxn,1h,17.409,"reported, not observed",api.bitso.com/api/v3/ohlc
2026-07-22T10:00:00Z,Bitso,MXN,usdt_mxn,1h,17.406,"reported, not observed",api.bitso.com/api/v3/ohlc
2026-07-22T11:00:00Z,Bitso,MXN,usdt_mxn,1h,17.408,"reported, not observed",api.bitso.com/api/v3/ohlc
2026-07-22T12:00:00Z,Bitso,MXN,usdt_mxn,1h,17.406,"reported, not observed",api.bitso.com/api/v3/ohlc
2026-07-22T13:00:00Z,Bitso,MXN,usdt_mxn,1h,17.375,"reported, not observed",api.bitso.com/api/v3/ohlc
2026-07-22T14:00:00Z,Bitso,MXN,usdt_mxn,1h,17.386,"reported, not observed",api.bitso.com/api/v3/ohlc
2026-07-22T15:00:00Z,Bitso,MXN,usdt_mxn,1h,17.374,"reported, not observed",api.bitso.com/api/v3/ohlc
2026-07-22T16:00:00Z,Bitso,MXN,usdt_mxn,1h,17.37,"reported, not observed",api.bitso.com/api/v3/ohlc
2026-07-22T17:00:00Z,Bitso,MXN,usdt_mxn,1h,17.386,"reported, not observed",api.bitso.com/api/v3/ohlc
2026-07-22T18:00:00Z,Bitso,MXN,usdt_mxn,1h,17.379,"reported, not observed",api.bitso.com/api/v3/ohlc
2026-07-22T19:00:00Z,Bitso,MXN,usdt_mxn,1h,17.382,"reported, not observed",api.bitso.com/api/v3/ohlc
2026-07-22T20:00:00Z,Bitso,MXN,usdt_mxn,1h,17.379,"reported, not observed",api.bitso.com/api/v3/ohlc
2026-07-22T21:00:00Z,Bitso,MXN,usdt_mxn,1h,17.391,"reported, not observed",api.bitso.com/api/v3/ohlc
2026-07-22T22:00:00Z,Bitso,MXN,usdt_mxn,1h,17.398,"reported, not observed",api.bitso.com/api/v3/ohlc
2026-07-22T23:00:00Z,Bitso,MXN,usdt_mxn,1h,17.394,"reported, not observed",api.bitso.com/api/v3/ohlc
2026-07-23T00:00:00Z,Bitso,MXN,usdt_mxn,1h,17.384,"reported, not observed",api.bitso.com/api/v3/ohlc
2026-07-23T01:00:00Z,Bitso,MXN,usdt_mxn,1h,17.381,"reported, not observed",api.bitso.com/api/v3/ohlc
2026-07-23T02:00:00Z,Bitso,MXN,usdt_mxn,1h,17.381,"reported, not observed",api.bitso.com/api/v3/ohlc
2026-07-23T03:00:00Z,Bitso,MXN,usdt_mxn,1h,17.379,"reported, not observed",api.bitso.com/api/v3/ohlc
2026-07-23T04:00:00Z,Bitso,MXN,usdt_mxn,1h,17.375,"reported, not observed",api.bitso.com/api/v3/ohlc
2026-07-23T05:00:00Z,Bitso,MXN,usdt_mxn,1h,17.378,"reported, not observed",api.bitso.com/api/v3/ohlc
2026-07-23T06:00:00Z,Bitso,MXN,usdt_mxn,1h,17.385,"reported, not observed",api.bitso.com/api/v3/ohlc
2026-07-23T07:00:00Z,Bitso,MXN,usdt_mxn,1h,17.416,"reported, not observed",api.bitso.com/api/v3/ohlc
2026-07-23T08:00:00Z,Bitso,MXN,usdt_mxn,1h,17.42,"reported, not observed",api.bitso.com/api/v3/ohlc
2026-07-23T09:00:00Z,Bitso,MXN,usdt_mxn,1h,17.43,"reported, not observed",api.bitso.com/api/v3/ohlc
2026-07-23T10:00:00Z,Bitso,MXN,usdt_mxn,1h,17.427,"reported, not observed",api.bitso.com/api/v3/ohlc
2026-07-23T11:00:00Z,Bitso,MXN,usdt_mxn,1h,17.438,"reported, not observed",api.bitso.com/api/v3/ohlc
2026-07-23T12:00:00Z,Bitso,MXN,usdt_mxn,1h,17.468,"reported, not observed",api.bitso.com/api/v3/ohlc
2026-07-23T13:00:00Z,Bitso,MXN,usdt_mxn,1h,17.508,"reported, not observed",api.bitso.com/api/v3/ohlc
2026-07-23T14:00:00Z,Bitso,MXN,usdt_mxn,1h,17.498,"reported, not observed",api.bitso.com/api/v3/ohlc
2026-07-23T15:00:00Z,Bitso,MXN,usdt_mxn,1h,17.503,"reported, not observed",api.bitso.com/api/v3/ohlc
2026-07-23T16:00:00Z,Bitso,MXN,usdt_mxn,1h,17.474,"reported, not observed",api.bitso.com/api/v3/ohlc
2026-07-23T17:00:00Z,Bitso,MXN,usdt_mxn,1h,17.49,"reported, not observed",api.bitso.com/api/v3/ohlc
2026-07-23T18:00:00Z,Bitso,MXN,usdt_mxn,1h,17.503,"reported, not observed",api.bitso.com/api/v3/ohlc
2026-07-23T19:00:00Z,Bitso,MXN,usdt_mxn,1h,17.496,"reported, not observed",api.bitso.com/api/v3/ohlc
2026-07-23T20:00:00Z,Bitso,MXN,usdt_mxn,1h,17.503,"reported, not observed",api.bitso.com/api/v3/ohlc
2026-07-23T21:00:00Z,Bitso,MXN,usdt_mxn,1h,17.497,"reported, not observed",api.bitso.com/api/v3/ohlc
2026-07-23T22:00:00Z,Bitso,MXN,usdt_mxn,1h,17.496,"reported, not observed",api.bitso.com/api/v3/ohlc
2026-07-23T23:00:00Z,Bitso,MXN,usdt_mxn,1h,17.497,"reported, not observed",api.bitso.com/api/v3/ohlc
2026-07-24T00:00:00Z,Bitso,MXN,usdt_mxn,1h,17.498,"reported, not observed",api.bitso.com/api/v3/ohlc
2026-07-24T01:00:00Z,Bitso,MXN,usdt_mxn,1h,17.495,"reported, not observed",api.bitso.com/api/v3/ohlc
2026-07-24T02:00:00Z,Bitso,MXN,usdt_mxn,1h,17.506,"reported, not observed",api.bitso.com/api/v3/ohlc
2026-07-24T03:00:00Z,Bitso,MXN,usdt_mxn,1h,17.493,"reported, not observed",api.bitso.com/api/v3/ohlc
2026-07-24T04:00:00Z,Bitso,MXN,usdt_mxn,1h,17.497,"reported, not observed",api.bitso.com/api/v3/ohlc
2026-07-24T05:00:00Z,Bitso,MXN,usdt_mxn,1h,17.493,"reported, not observed",api.bitso.com/api/v3/ohlc
2026-07-24T06:00:00Z,Bitso,MXN,usdt_mxn,1h,17.482,"reported, not observed",api.bitso.com/api/v3/ohlc
2026-07-24T07:00:00Z,Bitso,MXN,usdt_mxn,1h,17.475,"reported, not observed",api.bitso.com/api/v3/ohlc
2026-07-24T08:00:00Z,Bitso,MXN,usdt_mxn,1h,17.476,"reported, not observed",api.bitso.com/api/v3/ohlc
2026-07-24T09:00:00Z,Bitso,MXN,usdt_mxn,1h,17.455,"reported, not observed",api.bitso.com/api/v3/ohlc
2026-07-24T10:00:00Z,Bitso,MXN,usdt_mxn,1h,17.447,"reported, not observed",api.bitso.com/api/v3/ohlc
2026-07-24T11:00:00Z,Bitso,MXN,usdt_mxn,1h,17.457,"reported, not observed",api.bitso.com/api/v3/ohlc
2026-07-24T12:00:00Z,Bitso,MXN,usdt_mxn,1h,17.461,"reported, not observed",api.bitso.com/api/v3/ohlc
2026-07-24T13:00:00Z,Bitso,MXN,usdt_mxn,1h,17.479,"reported, not observed",api.bitso.com/api/v3/ohlc
2026-07-24T14:00:00Z,Bitso,MXN,usdt_mxn,1h,17.437,"reported, not observed",api.bitso.com/api/v3/ohlc
2026-07-24T15:00:00Z,Bitso,MXN,usdt_mxn,1h,17.441,"reported, not observed",api.bitso.com/api/v3/ohlc
2026-07-24T16:00:00Z,Bitso,MXN,usdt_mxn,1h,17.43,"reported, not observed",api.bitso.com/api/v3/ohlc
2026-07-24T17:00:00Z,Bitso,MXN,usdt_mxn,1h,17.443,"reported, not observed",api.bitso.com/api/v3/ohlc
2026-07-24T18:00:00Z,Bitso,MXN,usdt_mxn,1h,17.451,"reported, not observed",api.bitso.com/api/v3/ohlc
2026-07-24T19:00:00Z,Bitso,MXN,usdt_mxn,1h,17.454,"reported, not observed",api.bitso.com/api/v3/ohlc
2026-07-24T20:00:00Z,Bitso,MXN,usdt_mxn,1h,17.455,"reported, not observed",api.bitso.com/api/v3/ohlc
2026-07-24T21:00:00Z,Bitso,MXN,usdt_mxn,1h,17.476,"reported, not observed",api.bitso.com/api/v3/ohlc
2026-07-24T22:00:00Z,Bitso,MXN,usdt_mxn,1h,17.469,"reported, not observed",api.bitso.com/api/v3/ohlc
2026-07-24T23:00:00Z,Bitso,MXN,usdt_mxn,1h,17.467,"reported, not observed",api.bitso.com/api/v3/ohlc
2026-07-25T00:00:00Z,Bitso,MXN,usdt_mxn,1h,17.47,"reported, not observed",api.bitso.com/api/v3/ohlc
2026-07-25T01:00:00Z,Bitso,MXN,usdt_mxn,1h,17.472,"reported, not observed",api.bitso.com/api/v3/ohlc
2026-07-25T02:00:00Z,Bitso,MXN,usdt_mxn,1h,17.473,"reported, not observed",api.bitso.com/api/v3/ohlc
2026-07-25T03:00:00Z,Bitso,MXN,usdt_mxn,1h,17.468,"reported, not observed",api.bitso.com/api/v3/ohlc
2026-07-25T04:00:00Z,Bitso,MXN,usdt_mxn,1h,17.463,"reported, not observed",api.bitso.com/api/v3/ohlc
2026-07-25T05:00:00Z,Bitso,MXN,usdt_mxn,1h,17.466,"reported, not observed",api.bitso.com/api/v3/ohlc
2026-07-25T06:00:00Z,Bitso,MXN,usdt_mxn,1h,17.465,"reported, not observed",api.bitso.com/api/v3/ohlc
2026-07-25T07:00:00Z,Bitso,MXN,usdt_mxn,1h,17.464,"reported, not observed",api.bitso.com/api/v3/ohlc
2026-07-25T08:00:00Z,Bitso,MXN,usdt_mxn,1h,17.467,"reported, not observed",api.bitso.com/api/v3/ohlc
2026-07-25T09:00:00Z,Bitso,MXN,usdt_mxn,1h,17.467,"reported, not observed",api.bitso.com/api/v3/ohlc
2026-07-25T10:00:00Z,Bitso,MXN,usdt_mxn,1h,17.466,"reported, not observed",api.bitso.com/api/v3/ohlc
2026-07-25T11:00:00Z,Bitso,MXN,usdt_mxn,1h,17.468,"reported, not observed",api.bitso.com/api/v3/ohlc
2026-07-25T12:00:00Z,Bitso,MXN,usdt_mxn,1h,17.465,"reported, not observed",api.bitso.com/api/v3/ohlc
2026-07-25T13:00:00Z,Bitso,MXN,usdt_mxn,1h,17.467,"reported, not observed",api.bitso.com/api/v3/ohlc
2026-07-25T14:00:00Z,Bitso,MXN,usdt_mxn,1h,17.467,"reported, not observed",api.bitso.com/api/v3/ohlc
2026-07-25T15:00:00Z,Bitso,MXN,usdt_mxn,1h,17.473,"reported, not observed",api.bitso.com/api/v3/ohlc
2026-07-25T16:00:00Z,Bitso,MXN,usdt_mxn,1h,17.47,"reported, not observed",api.bitso.com/api/v3/ohlc
2026-07-25T17:00:00Z,Bitso,MXN,usdt_mxn,1h,17.471,"reported, not observed",api.bitso.com/api/v3/ohlc
2026-07-25T18:00:00Z,Bitso,MXN,usdt_mxn,1h,17.471,"reported, not observed",api.bitso.com/api/v3/ohlc
2026-07-25T19:00:00Z,Bitso,MXN,usdt_mxn,1h,17.469,"reported, not observed",api.bitso.com/api/v3/ohlc
2026-07-25T20:00:00Z,Bitso,MXN,usdt_mxn,1h,17.468,"reported, not observed",api.bitso.com/api/v3/ohlc
2026-07-25T21:00:00Z,Bitso,MXN,usdt_mxn,1h,17.471,"reported, not observed",api.bitso.com/api/v3/ohlc
2026-07-25T22:00:00Z,Bitso,MXN,usdt_mxn,1h,17.471,"reported, not observed",api.bitso.com/api/v3/ohlc
2026-07-25T23:00:00Z,Bitso,MXN,usdt_mxn,1h,17.473,"reported, not observed",api.bitso.com/api/v3/ohlc
2026-07-26T00:00:00Z,Bitso,MXN,usdt_mxn,1h,17.472,"reported, not observed",api.bitso.com/api/v3/ohlc
2026-07-26T01:00:00Z,Bitso,MXN,usdt_mxn,1h,17.473,"reported, not observed",api.bitso.com/api/v3/ohlc
2026-07-26T02:00:00Z,Bitso,MXN,usdt_mxn,1h,17.476,"reported, not observed",api.bitso.com/api/v3/ohlc
2026-07-26T03:00:00Z,Bitso,MXN,usdt_mxn,1h,17.476,"reported, not observed",api.bitso.com/api/v3/ohlc
2026-07-26T04:00:00Z,Bitso,MXN,usdt_mxn,1h,17.473,"reported, not observed",api.bitso.com/api/v3/ohlc
2026-07-26T05:00:00Z,Bitso,MXN,usdt_mxn,1h,17.475,"reported, not observed",api.bitso.com/api/v3/ohlc
2026-07-26T06:00:00Z,Bitso,MXN,usdt_mxn,1h,17.473,"reported, not observed",api.bitso.com/api/v3/ohlc
2026-07-26T07:00:00Z,Bitso,MXN,usdt_mxn,1h,17.472,"reported, not observed",api.bitso.com/api/v3/ohlc
2026-07-26T08:00:00Z,Bitso,MXN,usdt_mxn,1h,17.471,"reported, not observed",api.bitso.com/api/v3/ohlc
2026-07-26T09:00:00Z,Bitso,MXN,usdt_mxn,1h,17.47,"reported, not observed",api.bitso.com/api/v3/ohlc
2026-07-26T10:00:00Z,Bitso,MXN,usdt_mxn,1h,17.47,"reported, not observed",api.bitso.com/api/v3/ohlc
2026-07-26T11:00:00Z,Bitso,MXN,usdt_mxn,1h,17.469,"reported, not observed",api.bitso.com/api/v3/ohlc
2026-07-26T12:00:00Z,Bitso,MXN,usdt_mxn,1h,17.471,"reported, not observed",api.bitso.com/api/v3/ohlc
2026-07-26T13:00:00Z,Bitso,MXN,usdt_mxn,1h,17.469,"reported, not observed",api.bitso.com/api/v3/ohlc
2026-07-26T14:00:00Z,Bitso,MXN,usdt_mxn,1h,17.473,"reported, not observed",api.bitso.com/api/v3/ohlc
2026-07-26T15:00:00Z,Bitso,MXN,usdt_mxn,1h,17.467,"reported, not observed",api.bitso.com/api/v3/ohlc
2026-07-26T16:00:00Z,Bitso,MXN,usdt_mxn,1h,17.469,"reported, not observed",api.bitso.com/api/v3/ohlc
2026-07-26T17:00:00Z,Bitso,MXN,usdt_mxn,1h,17.472,"reported, not observed",api.bitso.com/api/v3/ohlc
2026-07-26T18:00:00Z,Bitso,MXN,usdt_mxn,1h,17.469,"reported, not observed",api.bitso.com/api/v3/ohlc
2026-07-26T19:00:00Z,Bitso,MXN,usdt_mxn,1h,17.472,"reported, not observed",api.bitso.com/api/v3/ohlc
2026-07-26T20:00:00Z,Bitso,MXN,usdt_mxn,1h,17.47,"reported, not observed",api.bitso.com/api/v3/ohlc
2026-07-26T21:00:00Z,Bitso,MXN,usdt_mxn,1h,17.468,"reported, not observed",api.bitso.com/api/v3/ohlc
2026-07-26T22:00:00Z,Bitso,MXN,usdt_mxn,1h,17.441,"reported, not observed",api.bitso.com/api/v3/ohlc
2026-07-26T23:00:00Z,Bitso,MXN,usdt_mxn,1h,17.422,"reported, not observed",api.bitso.com/api/v3/ohlc
2026-07-27T00:00:00Z,Bitso,MXN,usdt_mxn,1h,17.422,"reported, not observed",api.bitso.com/api/v3/ohlc
2026-07-27T01:00:00Z,Bitso,MXN,usdt_mxn,1h,17.411,"reported, not observed",api.bitso.com/api/v3/ohlc
2026-07-27T02:00:00Z,Bitso,MXN,usdt_mxn,1h,17.416,"reported, not observed",api.bitso.com/api/v3/ohlc
2026-07-27T03:00:00Z,Bitso,MXN,usdt_mxn,1h,17.417,"reported, not observed",api.bitso.com/api/v3/ohlc
2026-07-27T04:00:00Z,Bitso,MXN,usdt_mxn,1h,17.42,"reported, not observed",api.bitso.com/api/v3/ohlc
2026-07-27T05:00:00Z,Bitso,MXN,usdt_mxn,1h,17.412,"reported, not observed",api.bitso.com/api/v3/ohlc
2026-07-27T06:00:00Z,Bitso,MXN,usdt_mxn,1h,17.402,"reported, not observed",api.bitso.com/api/v3/ohlc
2026-07-27T07:00:00Z,Bitso,MXN,usdt_mxn,1h,17.417,"reported, not observed",api.bitso.com/api/v3/ohlc
2026-07-27T08:00:00Z,Bitso,MXN,usdt_mxn,1h,17.427,"reported, not observed",api.bitso.com/api/v3/ohlc
2026-07-27T09:00:00Z,Bitso,MXN,usdt_mxn,1h,17.42,"reported, not observed",api.bitso.com/api/v3/ohlc
2026-07-27T10:00:00Z,Bitso,MXN,usdt_mxn,1h,17.418,"reported, not observed",api.bitso.com/api/v3/ohlc
2026-07-27T11:00:00Z,Bitso,MXN,usdt_mxn,1h,17.429,"reported, not observed",api.bitso.com/api/v3/ohlc
2026-07-27T12:00:00Z,Bitso,MXN,usdt_mxn,1h,17.438,"reported, not observed",api.bitso.com/api/v3/ohlc
2026-07-27T13:00:00Z,Bitso,MXN,usdt_mxn,1h,17.451,"reported, not observed",api.bitso.com/api/v3/ohlc
2026-07-27T14:00:00Z,Bitso,MXN,usdt_mxn,1h,17.44,"reported, not observed",api.bitso.com/api/v3/ohlc
2026-07-27T15:00:00Z,Bitso,MXN,usdt_mxn,1h,17.423,"reported, not observed",api.bitso.com/api/v3/ohlc
2026-07-27T16:00:00Z,Bitso,MXN,usdt_mxn,1h,17.399,"reported, not observed",api.bitso.com/api/v3/ohlc
2026-07-27T17:00:00Z,Bitso,MXN,usdt_mxn,1h,17.416,"reported, not observed",api.bitso.com/api/v3/ohlc
2026-07-27T18:00:00Z,Bitso,MXN,usdt_mxn,1h,17.424,"reported, not observed",api.bitso.com/api/v3/ohlc
2026-07-27T19:00:00Z,Bitso,MXN,usdt_mxn,1h,17.418,"reported, not observed",api.bitso.com/api/v3/ohlc
2026-07-27T20:00:00Z,Bitso,MXN,usdt_mxn,1h,17.435,"reported, not observed",api.bitso.com/api/v3/ohlc
2026-07-27T21:00:00Z,Bitso,MXN,usdt_mxn,1h,17.436,"reported, not observed",api.bitso.com/api/v3/ohlc
2026-07-27T22:00:00Z,Bitso,MXN,usdt_mxn,1h,17.443,"reported, not observed",api.bitso.com/api/v3/ohlc
2026-07-27T23:00:00Z,Bitso,MXN,usdt_mxn,1h,17.438,"reported, not observed",api.bitso.com/api/v3/ohlc
2026-07-28T00:00:00Z,Bitso,MXN,usdt_mxn,1h,17.45,"reported, not observed",api.bitso.com/api/v3/ohlc
2026-07-28T01:00:00Z,Bitso,MXN,usdt_mxn,1h,17.456,"reported, not observed",api.bitso.com/api/v3/ohlc
2026-07-28T02:00:00Z,Bitso,MXN,usdt_mxn,1h,17.44,"reported, not observed",api.bitso.com/api/v3/ohlc
2026-07-28T03:00:00Z,Bitso,MXN,usdt_mxn,1h,17.44,"reported, not observed",api.bitso.com/api/v3/ohlc
2026-07-28T04:00:00Z,Bitso,MXN,usdt_mxn,1h,17.444,"reported, not observed",api.bitso.com/api/v3/ohlc
2026-07-28T05:00:00Z,Bitso,MXN,usdt_mxn,1h,17.454,"reported, not observed",api.bitso.com/api/v3/ohlc
2026-07-28T06:00:00Z,Bitso,MXN,usdt_mxn,1h,17.452,"reported, not observed",api.bitso.com/api/v3/ohlc
2026-07-28T07:00:00Z,Bitso,MXN,usdt_mxn,1h,17.453,"reported, not observed",api.bitso.com/api/v3/ohlc
2026-07-28T08:00:00Z,Bitso,MXN,usdt_mxn,1h,17.442,"reported, not observed",api.bitso.com/api/v3/ohlc
2026-07-28T09:00:00Z,Bitso,MXN,usdt_mxn,1h,17.457,"reported, not observed",api.bitso.com/api/v3/ohlc
2026-07-28T10:00:00Z,Bitso,MXN,usdt_mxn,1h,17.457,"reported, not observed",api.bitso.com/api/v3/ohlc
2026-07-28T11:00:00Z,Bitso,MXN,usdt_mxn,1h,17.465,"reported, not observed",api.bitso.com/api/v3/ohlc
2026-07-28T12:00:00Z,Bitso,MXN,usdt_mxn,1h,17.438,"reported, not observed",api.bitso.com/api/v3/ohlc
2026-07-28T13:00:00Z,Bitso,MXN,usdt_mxn,1h,17.447,"reported, not observed",api.bitso.com/api/v3/ohlc
2026-07-28T14:00:00Z,Bitso,MXN,usdt_mxn,1h,17.428,"reported, not observed",api.bitso.com/api/v3/ohlc
2026-07-28T15:00:00Z,Bitso,MXN,usdt_mxn,1h,17.403,"reported, not observed",api.bitso.com/api/v3/ohlc
2026-07-28T16:00:00Z,Bitso,MXN,usdt_mxn,1h,17.406,"reported, not observed",api.bitso.com/api/v3/ohlc
2026-07-28T17:00:00Z,Bitso,MXN,usdt_mxn,1h,17.405,"reported, not observed",api.bitso.com/api/v3/ohlc
2026-07-28T18:00:00Z,Bitso,MXN,usdt_mxn,1h,17.399,"reported, not observed",api.bitso.com/api/v3/ohlc
2026-07-28T19:00:00Z,Bitso,MXN,usdt_mxn,1h,17.404,"reported, not observed",api.bitso.com/api/v3/ohlc
2026-07-28T20:00:00Z,Bitso,MXN,usdt_mxn,1h,17.41,"reported, not observed",api.bitso.com/api/v3/ohlc
2026-07-28T21:00:00Z,Bitso,MXN,usdt_mxn,1h,17.415,"reported, not observed",api.bitso.com/api/v3/ohlc
2026-07-28T22:00:00Z,Bitso,MXN,usdt_mxn,1h,17.423,"reported, not observed",api.bitso.com/api/v3/ohlc
2026-07-28T23:00:00Z,Bitso,MXN,usdt_mxn,1h,17.426,"reported, not observed",api.bitso.com/api/v3/ohlc
2026-07-29T00:00:00Z,Bitso,MXN,usdt_mxn,1h,17.42,"reported, not observed",api.bitso.com/api/v3/ohlc
2026-07-29T01:00:00Z,Bitso,MXN,usdt_mxn,1h,17.438,"reported, not observed",api.bitso.com/api/v3/ohlc
2026-07-29T02:00:00Z,Bitso,MXN,usdt_mxn,1h,17.431,"reported, not observed",api.bitso.com/api/v3/ohlc
2026-07-29T03:00:00Z,Bitso,MXN,usdt_mxn,1h,17.431,"reported, not observed",api.bitso.com/api/v3/ohlc
2026-07-29T04:00:00Z,Bitso,MXN,usdt_mxn,1h,17.418,"reported, not observed",api.bitso.com/api/v3/ohlc
2026-07-29T05:00:00Z,Bitso,MXN,usdt_mxn,1h,17.416,"reported, not observed",api.bitso.com/api/v3/ohlc
2026-07-29T06:00:00Z,Bitso,MXN,usdt_mxn,1h,17.415,"reported, not observed",api.bitso.com/api/v3/ohlc
2026-07-29T07:00:00Z,Bitso,MXN,usdt_mxn,1h,17.417,"reported, not observed",api.bitso.com/api/v3/ohlc
2026-07-29T08:00:00Z,Bitso,MXN,usdt_mxn,1h,17.423,"reported, not observed",api.bitso.com/api/v3/ohlc
2026-07-29T09:00:00Z,Bitso,MXN,usdt_mxn,1h,17.428,"reported, not observed",api.bitso.com/api/v3/ohlc
2026-07-29T10:00:00Z,Bitso,MXN,usdt_mxn,1h,17.437,"reported, not observed",api.bitso.com/api/v3/ohlc
2026-07-29T11:00:00Z,Bitso,MXN,usdt_mxn,1h,17.442,"reported, not observed",api.bitso.com/api/v3/ohlc
2026-07-29T12:00:00Z,Bitso,MXN,usdt_mxn,1h,17.461,"reported, not observed",api.bitso.com/api/v3/ohlc
2026-07-29T13:00:00Z,Bitso,MXN,usdt_mxn,1h,17.453,"reported, not observed",api.bitso.com/api/v3/ohlc
2026-07-29T14:00:00Z,Bitso,MXN,usdt_mxn,1h,17.495,"reported, not observed",api.bitso.com/api/v3/ohlc
2026-07-29T15:00:00Z,Bitso,MXN,usdt_mxn,1h,17.495,"reported, not observed",api.bitso.com/api/v3/ohlc
2026-07-29T16:00:00Z,Bitso,MXN,usdt_mxn,1h,17.486,"reported, not observed",api.bitso.com/api/v3/ohlc
2026-07-29T17:00:00Z,Bitso,MXN,usdt_mxn,1h,17.489,"reported, not observed",api.bitso.com/api/v3/ohlc
2026-07-29T18:00:00Z,Bitso,MXN,usdt_mxn,1h,17.397,"reported, not observed",api.bitso.com/api/v3/ohlc
2026-07-29T19:00:00Z,Bitso,MXN,usdt_mxn,1h,17.453,"reported, not observed",api.bitso.com/api/v3/ohlc
2026-07-29T20:00:00Z,Bitso,MXN,usdt_mxn,1h,17.425,"reported, not observed",api.bitso.com/api/v3/ohlc
2026-07-29T21:00:00Z,Bitso,MXN,usdt_mxn,1h,17.438,"reported, not observed",api.bitso.com/api/v3/ohlc
2026-07-29T22:00:00Z,Bitso,MXN,usdt_mxn,1h,17.427,"reported, not observed",api.bitso.com/api/v3/ohlc
2026-07-29T23:00:00Z,Bitso,MXN,usdt_mxn,1h,17.431,"reported, not observed",api.bitso.com/api/v3/ohlc
2026-07-30T00:00:00Z,Bitso,MXN,usdt_mxn,1h,17.434,"reported, not observed",api.bitso.com/api/v3/ohlc
2026-07-30T01:00:00Z,Bitso,MXN,usdt_mxn,1h,17.422,"reported, not observed",api.bitso.com/api/v3/ohlc
2026-07-30T02:00:00Z,Bitso,MXN,usdt_mxn,1h,17.422,"reported, not observed",api.bitso.com/api/v3/ohlc
2026-07-30T03:00:00Z,Bitso,MXN,usdt_mxn,1h,17.436,"reported, not observed",api.bitso.com/api/v3/ohlc
2026-07-30T04:00:00Z,Bitso,MXN,usdt_mxn,1h,17.445,"reported, not observed",api.bitso.com/api/v3/ohlc
2026-07-30T05:00:00Z,Bitso,MXN,usdt_mxn,1h,17.442,"reported, not observed",api.bitso.com/api/v3/ohlc
2026-07-30T06:00:00Z,Bitso,MXN,usdt_mxn,1h,17.441,"reported, not observed",api.bitso.com/api/v3/ohlc
2026-07-30T07:00:00Z,Bitso,MXN,usdt_mxn,1h,17.433,"reported, not observed",api.bitso.com/api/v3/ohlc
2026-07-30T08:00:00Z,Bitso,MXN,usdt_mxn,1h,17.416,"reported, not observed",api.bitso.com/api/v3/ohlc
2026-07-30T09:00:00Z,Bitso,MXN,usdt_mxn,1h,17.377,"reported, not observed",api.bitso.com/api/v3/ohlc
2026-07-30T10:00:00Z,Bitso,MXN,usdt_mxn,1h,17.367,"reported, not observed",api.bitso.com/api/v3/ohlc
2026-07-30T11:00:00Z,Bitso,MXN,usdt_mxn,1h,17.375,"reported, not observed",api.bitso.com/api/v3/ohlc
2026-07-30T12:00:00Z,Bitso,MXN,usdt_mxn,1h,17.38,"reported, not observed",api.bitso.com/api/v3/ohlc
2026-07-30T13:00:00Z,Bitso,MXN,usdt_mxn,1h,17.301,"reported, not observed",api.bitso.com/api/v3/ohlc
2026-07-30T14:00:00Z,Bitso,MXN,usdt_mxn,1h,17.333,"reported, not observed",api.bitso.com/api/v3/ohlc
2026-07-30T15:00:00Z,Bitso,MXN,usdt_mxn,1h,17.321,"reported, not observed",api.bitso.com/api/v3/ohlc
2026-07-30T16:00:00Z,Bitso,MXN,usdt_mxn,1h,17.325,"reported, not observed",api.bitso.com/api/v3/ohlc
2026-07-30T17:00:00Z,Bitso,MXN,usdt_mxn,1h,17.324,"reported, not observed",api.bitso.com/api/v3/ohlc
2026-07-30T18:00:00Z,Bitso,MXN,usdt_mxn,1h,17.327,"reported, not observed",api.bitso.com/api/v3/ohlc
2026-07-30T19:00:00Z,Bitso,MXN,usdt_mxn,1h,17.299,"reported, not observed",api.bitso.com/api/v3/ohlc
2026-07-30T20:00:00Z,Bitso,MXN,usdt_mxn,1h,17.321,"reported, not observed",api.bitso.com/api/v3/ohlc
2026-07-30T21:00:00Z,Bitso,MXN,usdt_mxn,1h,17.337,"reported, not observed",api.bitso.com/api/v3/ohlc
2026-07-30T22:00:00Z,Bitso,MXN,usdt_mxn,1h,17.374,"reported, not observed",api.bitso.com/api/v3/ohlc
2026-07-30T23:00:00Z,Bitso,MXN,usdt_mxn,1h,17.351,"reported, not observed",api.bitso.com/api/v3/ohlc
2026-07-31T00:00:00Z,Bitso,MXN,usdt_mxn,1h,17.323,"reported, not observed",api.bitso.com/api/v3/ohlc
2026-07-31T01:00:00Z,Bitso,MXN,usdt_mxn,1h,17.331,"reported, not observed",api.bitso.com/api/v3/ohlc
2026-07-31T02:00:00Z,Bitso,MXN,usdt_mxn,1h,17.331,"reported, not observed",api.bitso.com/api/v3/ohlc
2026-07-31T03:00:00Z,Bitso,MXN,usdt_mxn,1h,17.325,"reported, not observed",api.bitso.com/api/v3/ohlc
2026-07-31T04:00:00Z,Bitso,MXN,usdt_mxn,1h,17.326,"reported, not observed",api.bitso.com/api/v3/ohlc
2026-07-31T05:00:00Z,Bitso,MXN,usdt_mxn,1h,17.318,"reported, not observed",api.bitso.com/api/v3/ohlc
2026-07-31T06:00:00Z,Bitso,MXN,usdt_mxn,1h,17.317,"reported, not observed",api.bitso.com/api/v3/ohlc
2026-07-31T07:00:00Z,Bitso,MXN,usdt_mxn,1h,17.323,"reported, not observed",api.bitso.com/api/v3/ohlc
2026-07-31T08:00:00Z,Bitso,MXN,usdt_mxn,1h,17.312,"reported, not observed",api.bitso.com/api/v3/ohlc
2026-07-31T09:00:00Z,Bitso,MXN,usdt_mxn,1h,17.306,"reported, not observed",api.bitso.com/api/v3/ohlc
2026-07-31T10:00:00Z,Bitso,MXN,usdt_mxn,1h,17.299,"reported, not observed",api.bitso.com/api/v3/ohlc
2026-07-31T11:00:00Z,Bitso,MXN,usdt_mxn,1h,17.338,"reported, not observed",api.bitso.com/api/v3/ohlc
2026-07-31T12:00:00Z,Bitso,MXN,usdt_mxn,1h,17.329,"reported, not observed",api.bitso.com/api/v3/ohlc
2026-07-31T13:00:00Z,Bitso,MXN,usdt_mxn,1h,17.351,"reported, not observed",api.bitso.com/api/v3/ohlc
2026-07-31T14:00:00Z,Bitso,MXN,usdt_mxn,1h,17.322,"reported, not observed",api.bitso.com/api/v3/ohlc
2026-07-31T15:00:00Z,Bitso,MXN,usdt_mxn,1h,17.298,"reported, not observed",api.bitso.com/api/v3/ohlc
2026-07-31T16:00:00Z,Bitso,MXN,usdt_mxn,1h,17.307,"reported, not observed",api.bitso.com/api/v3/ohlc
2026-07-31T17:00:00Z,Bitso,MXN,usdt_mxn,1h,17.288,"reported, not observed",api.bitso.com/api/v3/ohlc
2026-07-31T18:00:00Z,Bitso,MXN,usdt_mxn,1h,17.288,"reported, not observed",api.bitso.com/api/v3/ohlc
2026-07-31T19:00:00Z,Bitso,MXN,usdt_mxn,1h,17.28,"reported, not observed",api.bitso.com/api/v3/ohlc
2026-07-31T20:00:00Z,Bitso,MXN,usdt_mxn,1h,17.282,"reported, not observed",api.bitso.com/api/v3/ohlc
2026-07-31T21:00:00Z,Bitso,MXN,usdt_mxn,1h,17.309,"reported, not observed",api.bitso.com/api/v3/ohlc
2026-07-31T22:00:00Z,Bitso,MXN,usdt_mxn,1h,17.319,"reported, not observed",api.bitso.com/api/v3/ohlc
2026-07-31T23:00:00Z,Bitso,MXN,usdt_mxn,1h,17.337,"reported, not observed",api.bitso.com/api/v3/ohlc
2026-08-01T00:00:00Z,Bitso,MXN,usdt_mxn,1h,17.343,"reported, not observed",api.bitso.com/api/v3/ohlc
2026-08-01T01:00:00Z,Bitso,MXN,usdt_mxn,1h,17.338,"reported, not observed",api.bitso.com/api/v3/ohlc
2026-08-01T02:00:00Z,Bitso,MXN,usdt_mxn,1h,17.343,"reported, not observed",api.bitso.com/api/v3/ohlc
2026-08-01T03:00:00Z,Bitso,MXN,usdt_mxn,1h,17.339,"reported, not observed",api.bitso.com/api/v3/ohlc
2026-08-01T04:00:00Z,Bitso,MXN,usdt_mxn,1h,17.338,"reported, not observed",api.bitso.com/api/v3/ohlc
2026-08-01T05:00:00Z,Bitso,MXN,usdt_mxn,1h,17.331,"reported, not observed",api.bitso.com/api/v3/ohlc
2026-08-01T06:00:00Z,Bitso,MXN,usdt_mxn,1h,17.332,"reported, not observed",api.bitso.com/api/v3/ohlc
2026-08-01T07:00:00Z,Bitso,MXN,usdt_mxn,1h,17.329,"reported, not observed",api.bitso.com/api/v3/ohlc
2026-08-01T08:00:00Z,Bitso,MXN,usdt_mxn,1h,17.324,"reported, not observed",api.bitso.com/api/v3/ohlc
2026-08-01T09:00:00Z,Bitso,MXN,usdt_mxn,1h,17.321,"reported, not observed",api.bitso.com/api/v3/ohlc
2026-08-01T10:00:00Z,Bitso,MXN,usdt_mxn,1h,17.321,"reported, not observed",api.bitso.com/api/v3/ohlc
2026-08-01T11:00:00Z,Bitso,MXN,usdt_mxn,1h,17.32,"reported, not observed",api.bitso.com/api/v3/ohlc
2026-08-01T12:00:00Z,Bitso,MXN,usdt_mxn,1h,17.313,"reported, not observed",api.bitso.com/api/v3/ohlc
2026-08-01T13:00:00Z,Bitso,MXN,usdt_mxn,1h,17.315,"reported, not observed",api.bitso.com/api/v3/ohlc
2026-08-01T14:00:00Z,Bitso,MXN,usdt_mxn,1h,17.323,"reported, not observed",api.bitso.com/api/v3/ohlc
2026-08-01T15:00:00Z,Bitso,MXN,usdt_mxn,1h,17.33,"reported, not observed",api.bitso.com/api/v3/ohlc
2026-08-01T16:00:00Z,Bitso,MXN,usdt_mxn,1h,17.33,"reported, not observed",api.bitso.com/api/v3/ohlc
2026-08-01T17:00:00Z,Bitso,MXN,usdt_mxn,1h,17.328,"reported, not observed",api.bitso.com/api/v3/ohlc
2026-08-01T18:00:00Z,Bitso,MXN,usdt_mxn,1h,17.334,"reported, not observed",api.bitso.com/api/v3/ohlc
2026-08-01T19:00:00Z,Bitso,MXN,usdt_mxn,1h,17.33,"reported, not observed",api.bitso.com/api/v3/ohlc
2026-08-01T20:00:00Z,Bitso,MXN,usdt_mxn,1h,17.329,"reported, not observed",api.bitso.com/api/v3/ohlc
2026-08-01T21:00:00Z,Bitso,MXN,usdt_mxn,1h,17.317,"reported, not observed",api.bitso.com/api/v3/ohlc
2026-08-01T22:00:00Z,Bitso,MXN,usdt_mxn,1h,17.32,"reported, not observed",api.bitso.com/api/v3/ohlc
2026-08-01T23:00:00Z,Bitso,MXN,usdt_mxn,1h,17.319,"reported, not observed",api.bitso.com/api/v3/ohlc
2026-08-02T00:00:00Z,Bitso,MXN,usdt_mxn,1h,17.309,"reported, not observed",api.bitso.com/api/v3/ohlc
2026-08-02T01:00:00Z,Bitso,MXN,usdt_mxn,1h,17.314,"reported, not observed",api.bitso.com/api/v3/ohlc
2026-08-02T02:00:00Z,Bitso,MXN,usdt_mxn,1h,17.313,"reported, not observed",api.bitso.com/api/v3/ohlc
2026-08-02T03:00:00Z,Bitso,MXN,usdt_mxn,1h,17.327,"reported, not observed",api.bitso.com/api/v3/ohlc
2026-08-02T04:00:00Z,Bitso,MXN,usdt_mxn,1h,17.331,"reported, not observed",api.bitso.com/api/v3/ohlc
2026-08-02T05:00:00Z,Bitso,MXN,usdt_mxn,1h,17.323,"reported, not observed",api.bitso.com/api/v3/ohlc
2026-08-02T06:00:00Z,Bitso,MXN,usdt_mxn,1h,17.317,"reported, not observed",api.bitso.com/api/v3/ohlc
2026-08-02T07:00:00Z,Bitso,MXN,usdt_mxn,1h,17.317,"reported, not observed",api.bitso.com/api/v3/ohlc
2026-08-02T08:00:00Z,Bitso,MXN,usdt_mxn,1h,17.317,"reported, not observed",api.bitso.com/api/v3/ohlc
2026-08-02T09:00:00Z,Bitso,MXN,usdt_mxn,1h,17.317,"reported, not observed",api.bitso.com/api/v3/ohlc
2026-08-02T10:00:00Z,Bitso,MXN,usdt_mxn,1h,17.315,"reported, not observed",api.bitso.com/api/v3/ohlc
2026-08-02T11:00:00Z,Bitso,MXN,usdt_mxn,1h,17.315,"reported, not observed",api.bitso.com/api/v3/ohlc
2026-08-02T12:00:00Z,Bitso,MXN,usdt_mxn,1h,17.315,"reported, not observed",api.bitso.com/api/v3/ohlc
2026-08-02T13:00:00Z,Bitso,MXN,usdt_mxn,1h,17.317,"reported, not observed",api.bitso.com/api/v3/ohlc
2026-08-02T14:00:00Z,Bitso,MXN,usdt_mxn,1h,17.316,"reported, not observed",api.bitso.com/api/v3/ohlc
2026-08-02T15:00:00Z,Bitso,MXN,usdt_mxn,1h,17.315,"reported, not observed",api.bitso.com/api/v3/ohlc
2026-08-02T16:00:00Z,Bitso,MXN,usdt_mxn,1h,17.315,"reported, not observed",api.bitso.com/api/v3/ohlc
2026-08-02T17:00:00Z,Bitso,MXN,usdt_mxn,1h,17.313,"reported, not observed",api.bitso.com/api/v3/ohlc
2026-08-02T18:00:00Z,Bitso,MXN,usdt_mxn,1h,17.315,"reported, not observed",api.bitso.com/api/v3/ohlc
2026-08-02T19:00:00Z,Bitso,MXN,usdt_mxn,1h,17.32,"reported, not observed",api.bitso.com/api/v3/ohlc
2026-08-02T20:00:00Z,Bitso,MXN,usdt_mxn,1h,17.32,"reported, not observed",api.bitso.com/api/v3/ohlc
2026-08-02T21:00:00Z,Bitso,MXN,usdt_mxn,1h,17.307,"reported, not observed",api.bitso.com/api/v3/ohlc
2026-08-02T22:00:00Z,Bitso,MXN,usdt_mxn,1h,17.291,"reported, not observed",api.bitso.com/api/v3/ohlc
2026-08-02T23:00:00Z,Bitso,MXN,usdt_mxn,1h,17.291,"reported, not observed",api.bitso.com/api/v3/ohlc
2026-08-03T00:00:00Z,Bitso,MXN,usdt_mxn,1h,17.309,"reported, not observed",api.bitso.com/api/v3/ohlc
2026-08-03T01:00:00Z,Bitso,MXN,usdt_mxn,1h,17.309,"reported, not observed",api.bitso.com/api/v3/ohlc
2026-08-03T02:00:00Z,Bitso,MXN,usdt_mxn,1h,17.299,"reported, not observed",api.bitso.com/api/v3/ohlc
2026-08-03T03:00:00Z,Bitso,MXN,usdt_mxn,1h,17.298,"reported, not observed",api.bitso.com/api/v3/ohlc
2026-08-03T04:00:00Z,Bitso,MXN,usdt_mxn,1h,17.291,"reported, not observed",api.bitso.com/api/v3/ohlc
2026-08-03T05:00:00Z,Bitso,MXN,usdt_mxn,1h,17.281,"reported, not observed",api.bitso.com/api/v3/ohlc
2026-08-03T06:00:00Z,Bitso,MXN,usdt_mxn,1h,17.295,"reported, not observed",api.bitso.com/api/v3/ohlc
2026-08-03T07:00:00Z,Bitso,MXN,usdt_mxn,1h,17.308,"reported, not observed",api.bitso.com/api/v3/ohlc
2026-08-03T08:00:00Z,Bitso,MXN,usdt_mxn,1h,17.316,"reported, not observed",api.bitso.com/api/v3/ohlc
2026-08-03T09:00:00Z,Bitso,MXN,usdt_mxn,1h,17.299,"reported, not observed",api.bitso.com/api/v3/ohlc
2026-08-03T10:00:00Z,Bitso,MXN,usdt_mxn,1h,17.306,"reported, not observed",api.bitso.com/api/v3/ohlc
2026-08-03T11:00:00Z,Bitso,MXN,usdt_mxn,1h,17.303,"reported, not observed",api.bitso.com/api/v3/ohlc
2026-08-03T12:00:00Z,Bitso,MXN,usdt_mxn,1h,17.285,"reported, not observed",api.bitso.com/api/v3/ohlc
2026-08-03T13:00:00Z,Bitso,MXN,usdt_mxn,1h,17.271,"reported, not observed",api.bitso.com/api/v3/ohlc
2026-08-03T14:00:00Z,Bitso,MXN,usdt_mxn,1h,17.296,"reported, not observed",api.bitso.com/api/v3/ohlc
2026-08-03T15:00:00Z,Bitso,MXN,usdt_mxn,1h,17.293,"reported, not observed",api.bitso.com/api/v3/ohlc
2026-08-03T16:00:00Z,Bitso,MXN,usdt_mxn,1h,17.306,"reported, not observed",api.bitso.com/api/v3/ohlc
2026-08-03T17:00:00Z,Bitso,MXN,usdt_mxn,1h,17.326,"reported, not observed",api.bitso.com/api/v3/ohlc
2026-08-03T18:00:00Z,Bitso,MXN,usdt_mxn,1h,17.311,"reported, not observed",api.bitso.com/api/v3/ohlc
2026-08-03T19:00:00Z,Bitso,MXN,usdt_mxn,1h,17.308,"reported, not observed",api.bitso.com/api/v3/ohlc
2026-08-03T20:00:00Z,Bitso,MXN,usdt_mxn,1h,17.315,"reported, not observed",api.bitso.com/api/v3/ohlc
2026-08-03T21:00:00Z,Bitso,MXN,usdt_mxn,1h,17.321,"reported, not observed",api.bitso.com/api/v3/ohlc
2026-08-03T22:00:00Z,Bitso,MXN,usdt_mxn,1h,17.317,"reported, not observed",api.bitso.com/api/v3/ohlc
2026-08-03T23:00:00Z,Bitso,MXN,usdt_mxn,1h,17.31,"reported, not observed",api.bitso.com/api/v3/ohlc
2026-08-04T00:00:00Z,Bitso,MXN,usdt_mxn,1h,17.315,"reported, not observed",api.bitso.com/api/v3/ohlc
2026-08-04T01:00:00Z,Bitso,MXN,usdt_mxn,1h,17.292,"reported, not observed",api.bitso.com/api/v3/ohlc
2026-08-04T02:00:00Z,Bitso,MXN,usdt_mxn,1h,17.292,"reported, not observed",api.bitso.com/api/v3/ohlc
2026-08-04T03:00:00Z,Bitso,MXN,usdt_mxn,1h,17.291,"reported, not observed",api.bitso.com/api/v3/ohlc
2026-08-04T04:00:00Z,Bitso,MXN,usdt_mxn,1h,17.289,"reported, not observed",api.bitso.com/api/v3/ohlc
2026-08-04T05:00:00Z,Bitso,MXN,usdt_mxn,1h,17.285,"reported, not observed",api.bitso.com/api/v3/ohlc
2026-08-04T06:00:00Z,Bitso,MXN,usdt_mxn,1h,17.297,"reported, not observed",api.bitso.com/api/v3/ohlc
2026-08-04T07:00:00Z,Bitso,MXN,usdt_mxn,1h,17.295,"reported, not observed",api.bitso.com/api/v3/ohlc
2026-08-04T08:00:00Z,Bitso,MXN,usdt_mxn,1h,17.292,"reported, not observed",api.bitso.com/api/v3/ohlc
2026-08-04T09:00:00Z,Bitso,MXN,usdt_mxn,1h,17.277,"reported, not observed",api.bitso.com/api/v3/ohlc
2026-08-04T10:00:00Z,Bitso,MXN,usdt_mxn,1h,17.267,"reported, not observed",api.bitso.com/api/v3/ohlc
2026-08-04T11:00:00Z,Bitso,MXN,usdt_mxn,1h,17.266,"reported, not observed",api.bitso.com/api/v3/ohlc
2026-08-04T12:00:00Z,Bitso,MXN,usdt_mxn,1h,17.257,"reported, not observed",api.bitso.com/api/v3/ohlc
2026-08-04T13:00:00Z,Bitso,MXN,usdt_mxn,1h,17.262,"reported, not observed",api.bitso.com/api/v3/ohlc
2026-08-04T14:00:00Z,Bitso,MXN,usdt_mxn,1h,17.242,"reported, not observed",api.bitso.com/api/v3/ohlc
2026-08-04T15:00:00Z,Bitso,MXN,usdt_mxn,1h,17.246,"reported, not observed",api.bitso.com/api/v3/ohlc
2026-08-04T16:00:00Z,Bitso,MXN,usdt_mxn,1h,17.245,"reported, not observed",api.bitso.com/api/v3/ohlc
2026-08-04T17:00:00Z,Bitso,MXN,usdt_mxn,1h,17.251,"reported, not observed",api.bitso.com/api/v3/ohlc
2026-08-04T18:00:00Z,Bitso,MXN,usdt_mxn,1h,17.235,"reported, not observed",api.bitso.com/api/v3/ohlc
2026-08-04T19:00:00Z,Bitso,MXN,usdt_mxn,1h,17.236,"reported, not observed",api.bitso.com/api/v3/ohlc
2026-08-04T20:00:00Z,Bitso,MXN,usdt_mxn,1h,17.245,"reported, not observed",api.bitso.com/api/v3/ohlc
2026-08-04T21:00:00Z,Bitso,MXN,usdt_mxn,1h,17.261,"reported, not observed",api.bitso.com/api/v3/ohlc
2026-08-04T22:00:00Z,Bitso,MXN,usdt_mxn,1h,17.249,"reported, not observed",api.bitso.com/api/v3/ohlc
2026-08-04T23:00:00Z,Bitso,MXN,usdt_mxn,1h,17.242,"reported, not observed",api.bitso.com/api/v3/ohlc
2026-08-05T00:00:00Z,Bitso,MXN,usdt_mxn,1h,17.239,"reported, not observed",api.bitso.com/api/v3/ohlc
2026-08-05T01:00:00Z,Bitso,MXN,usdt_mxn,1h,17.234,"reported, not observed",api.bitso.com/api/v3/ohlc
2026-08-05T02:00:00Z,Bitso,MXN,usdt_mxn,1h,17.231,"reported, not observed",api.bitso.com/api/v3/ohlc
2026-08-05T03:00:00Z,Bitso,MXN,usdt_mxn,1h,17.226,"reported, not observed",api.bitso.com/api/v3/ohlc
2026-08-05T04:00:00Z,Bitso,MXN,usdt_mxn,1h,17.226,"reported, not observed",api.bitso.com/api/v3/ohlc
2026-08-05T05:00:00Z,Bitso,MXN,usdt_mxn,1h,17.229,"reported, not observed",api.bitso.com/api/v3/ohlc
2026-08-05T06:00:00Z,Bitso,MXN,usdt_mxn,1h,17.226,"reported, not observed",api.bitso.com/api/v3/ohlc
2026-08-05T07:00:00Z,Bitso,MXN,usdt_mxn,1h,17.233,"reported, not observed",api.bitso.com/api/v3/ohlc
2026-08-05T08:00:00Z,Bitso,MXN,usdt_mxn,1h,17.233,"reported, not observed",api.bitso.com/api/v3/ohlc
2026-08-05T09:00:00Z,Bitso,MXN,usdt_mxn,1h,17.203,"reported, not observed",api.bitso.com/api/v3/ohlc
2026-08-05T10:00:00Z,Bitso,MXN,usdt_mxn,1h,17.208,"reported, not observed",api.bitso.com/api/v3/ohlc
2026-08-05T11:00:00Z,Bitso,MXN,usdt_mxn,1h,17.201,"reported, not observed",api.bitso.com/api/v3/ohlc
2026-08-05T12:00:00Z,Bitso,MXN,usdt_mxn,1h,17.204,"reported, not observed",api.bitso.com/api/v3/ohlc
2026-08-05T13:00:00Z,Bitso,MXN,usdt_mxn,1h,17.182,"reported, not observed",api.bitso.com/api/v3/ohlc
2026-08-05T14:00:00Z,Bitso,MXN,usdt_mxn,1h,17.184,"reported, not observed",api.bitso.com/api/v3/ohlc
2026-08-05T15:00:00Z,Bitso,MXN,usdt_mxn,1h,17.214,"reported, not observed",api.bitso.com/api/v3/ohlc
2026-08-05T16:00:00Z,Bitso,MXN,usdt_mxn,1h,17.214,"reported, not observed",api.bitso.com/api/v3/ohlc
2026-08-05T17:00:00Z,Bitso,MXN,usdt_mxn,1h,17.224,"reported, not observed",api.bitso.com/api/v3/ohlc
2026-08-05T18:00:00Z,Bitso,MXN,usdt_mxn,1h,17.226,"reported, not observed",api.bitso.com/api/v3/ohlc
2026-08-05T19:00:00Z,Bitso,MXN,usdt_mxn,1h,17.23,"reported, not observed",api.bitso.com/api/v3/ohlc
2026-08-05T20:00:00Z,Bitso,MXN,usdt_mxn,1h,17.222,"reported, not observed",api.bitso.com/api/v3/ohlc
2026-08-05T21:00:00Z,Bitso,MXN,usdt_mxn,1h,17.233,"reported, not observed",api.bitso.com/api/v3/ohlc
2026-08-05T22:00:00Z,Bitso,MXN,usdt_mxn,1h,17.224,"reported, not observed",api.bitso.com/api/v3/ohlc
2026-08-05T23:00:00Z,Bitso,MXN,usdt_mxn,1h,17.223,"reported, not observed",api.bitso.com/api/v3/ohlc
2026-08-06T00:00:00Z,Bitso,MXN,usdt_mxn,1h,17.22,"reported, not observed",api.bitso.com/api/v3/ohlc
2026-08-06T01:00:00Z,Bitso,MXN,usdt_mxn,1h,17.222,"reported, not observed",api.bitso.com/api/v3/ohlc
2026-08-06T02:00:00Z,Bitso,MXN,usdt_mxn,1h,17.22,"reported, not observed",api.bitso.com/api/v3/ohlc
2026-08-06T03:00:00Z,Bitso,MXN,usdt_mxn,1h,17.225,"reported, not observed",api.bitso.com/api/v3/ohlc
2026-08-06T04:00:00Z,Bitso,MXN,usdt_mxn,1h,17.229,"reported, not observed",api.bitso.com/api/v3/ohlc
2026-08-06T05:00:00Z,Bitso,MXN,usdt_mxn,1h,17.225,"reported, not observed",api.bitso.com/api/v3/ohlc
2026-08-06T06:00:00Z,Bitso,MXN,usdt_mxn,1h,17.234,"reported, not observed",api.bitso.com/api/v3/ohlc
2026-08-06T07:00:00Z,Bitso,MXN,usdt_mxn,1h,17.24,"reported, not observed",api.bitso.com/api/v3/ohlc
2026-08-06T08:00:00Z,Bitso,MXN,usdt_mxn,1h,17.233,"reported, not observed",api.bitso.com/api/v3/ohlc
2026-08-06T09:00:00Z,Bitso,MXN,usdt_mxn,1h,17.234,"reported, not observed",api.bitso.com/api/v3/ohlc
2026-08-06T10:00:00Z,Bitso,MXN,usdt_mxn,1h,17.225,"reported, not observed",api.bitso.com/api/v3/ohlc
2026-08-06T11:00:00Z,Bitso,MXN,usdt_mxn,1h,17.222,"reported, not observed",api.bitso.com/api/v3/ohlc
2026-08-06T12:00:00Z,Bitso,MXN,usdt_mxn,1h,17.218,"reported, not observed",api.bitso.com/api/v3/ohlc
2026-08-06T13:00:00Z,Bitso,MXN,usdt_mxn,1h,17.194,"reported, not observed",api.bitso.com/api/v3/ohlc
2026-08-06T14:00:00Z,Bitso,MXN,usdt_mxn,1h,17.185,"reported, not observed",api.bitso.com/api/v3/ohlc
2026-08-06T15:00:00Z,Bitso,MXN,usdt_mxn,1h,17.213,"reported, not observed",api.bitso.com/api/v3/ohlc
2026-08-06T16:00:00Z,Bitso,MXN,usdt_mxn,1h,17.205,"reported, not observed",api.bitso.com/api/v3/ohlc
2026-08-06T17:00:00Z,Bitso,MXN,usdt_mxn,1h,17.185,"reported, not observed",api.bitso.com/api/v3/ohlc
2026-08-06T18:00:00Z,Bitso,MXN,usdt_mxn,1h,17.183,"reported, not observed",api.bitso.com/api/v3/ohlc
2026-08-06T19:00:00Z,Bitso,MXN,usdt_mxn,1h,17.185,"reported, not observed",api.bitso.com/api/v3/ohlc
2026-08-06T20:00:00Z,Bitso,MXN,usdt_mxn,1h,17.191,"reported, not observed",api.bitso.com/api/v3/ohlc
2026-08-06T21:00:00Z,Bitso,MXN,usdt_mxn,1h,17.205,"reported, not observed",api.bitso.com/api/v3/ohlc
2026-08-06T22:00:00Z,Bitso,MXN,usdt_mxn,1h,17.202,"reported, not observed",api.bitso.com/api/v3/ohlc
2026-08-06T23:00:00Z,Bitso,MXN,usdt_mxn,1h,17.196,"reported, not observed",api.bitso.com/api/v3/ohlc
2026-08-07T00:00:00Z,Bitso,MXN,usdt_mxn,1h,17.197,"reported, not observed",api.bitso.com/api/v3/ohlc
2026-08-07T01:00:00Z,Bitso,MXN,usdt_mxn,1h,17.196,"reported, not observed",api.bitso.com/api/v3/ohlc
2026-08-07T02:00:00Z,Bitso,MXN,usdt_mxn,1h,17.196,"reported, not observed",api.bitso.com/api/v3/ohlc
2026-08-07T03:00:00Z,Bitso,MXN,usdt_mxn,1h,17.194,"reported, not observed",api.bitso.com/api/v3/ohlc
2026-08-07T04:00:00Z,Bitso,MXN,usdt_mxn,1h,17.191,"reported, not observed",api.bitso.com/api/v3/ohlc
2026-08-07T05:00:00Z,Bitso,MXN,usdt_mxn,1h,17.18,"reported, not observed",api.bitso.com/api/v3/ohlc
2026-08-07T06:00:00Z,Bitso,MXN,usdt_mxn,1h,17.18,"reported, not observed",api.bitso.com/api/v3/ohlc
2026-08-07T07:00:00Z,Bitso,MXN,usdt_mxn,1h,17.172,"reported, not observed",api.bitso.com/api/v3/ohlc
2026-08-07T08:00:00Z,Bitso,MXN,usdt_mxn,1h,17.165,"reported, not observed",api.bitso.com/api/v3/ohlc
2026-08-07T09:00:00Z,Bitso,MXN,usdt_mxn,1h,17.145,"reported, not observed",api.bitso.com/api/v3/ohlc
2026-08-07T10:00:00Z,Bitso,MXN,usdt_mxn,1h,17.141,"reported, not observed",api.bitso.com/api/v3/ohlc
2026-08-07T11:00:00Z,Bitso,MXN,usdt_mxn,1h,17.142,"reported, not observed",api.bitso.com/api/v3/ohlc
2026-08-07T12:00:00Z,Bitso,MXN,usdt_mxn,1h,17.088,"reported, not observed",api.bitso.com/api/v3/ohlc
2026-08-07T13:00:00Z,Bitso,MXN,usdt_mxn,1h,17.126,"reported, not observed",api.bitso.com/api/v3/ohlc
2026-08-07T14:00:00Z,Bitso,MXN,usdt_mxn,1h,17.125,"reported, not observed",api.bitso.com/api/v3/ohlc
2026-08-07T15:00:00Z,Bitso,MXN,usdt_mxn,1h,17.128,"reported, not observed",api.bitso.com/api/v3/ohlc
2026-08-07T16:00:00Z,Bitso,MXN,usdt_mxn,1h,17.126,"reported, not observed",api.bitso.com/api/v3/ohlc
2026-08-07T17:00:00Z,Bitso,MXN,usdt_mxn,1h,17.124,"reported, not observed",api.bitso.com/api/v3/ohlc
2026-08-07T18:00:00Z,Bitso,MXN,usdt_mxn,1h,17.128,"reported, not observed",api.bitso.com/api/v3/ohlc
2026-08-07T19:00:00Z,Bitso,MXN,usdt_mxn,1h,17.127,"reported, not observed",api.bitso.com/api/v3/ohlc
2026-08-07T20:00:00Z,Bitso,MXN,usdt_mxn,1h,17.131,"reported, not observed",api.bitso.com/api/v3/ohlc
2026-08-07T21:00:00Z,Bitso,MXN,usdt_mxn,1h,17.153,"reported, not observed",api.bitso.com/api/v3/ohlc
2026-08-07T22:00:00Z,Bitso,MXN,usdt_mxn,1h,17.167,"reported, not observed",api.bitso.com/api/v3/ohlc
2026-08-07T23:00:00Z,Bitso,MXN,usdt_mxn,1h,17.162,"reported, not observed",api.bitso.com/api/v3/ohlc
2026-08-08T00:00:00Z,Bitso,MXN,usdt_mxn,1h,17.157,"reported, not observed",api.bitso.com/api/v3/ohlc
2026-08-08T01:00:00Z,Bitso,MXN,usdt_mxn,1h,17.158,"reported, not observed",api.bitso.com/api/v3/ohlc
2026-08-08T02:00:00Z,Bitso,MXN,usdt_mxn,1h,17.161,"reported, not observed",api.bitso.com/api/v3/ohlc
2026-08-08T03:00:00Z,Bitso,MXN,usdt_mxn,1h,17.153,"reported, not observed",api.bitso.com/api/v3/ohlc
2026-08-08T04:00:00Z,Bitso,MXN,usdt_mxn,1h,17.155,"reported, not observed",api.bitso.com/api/v3/ohlc
2026-08-08T05:00:00Z,Bitso,MXN,usdt_mxn,1h,17.158,"reported, not observed",api.bitso.com/api/v3/ohlc
2026-08-08T06:00:00Z,Bitso,MXN,usdt_mxn,1h,17.16,"reported, not observed",api.bitso.com/api/v3/ohlc
2026-08-08T07:00:00Z,Bitso,MXN,usdt_mxn,1h,17.158,"reported, not observed",api.bitso.com/api/v3/ohlc
2026-08-08T08:00:00Z,Bitso,MXN,usdt_mxn,1h,17.159,"reported, not observed",api.bitso.com/api/v3/ohlc
2026-08-08T09:00:00Z,Bitso,MXN,usdt_mxn,1h,17.157,"reported, not observed",api.bitso.com/api/v3/ohlc
2026-08-08T10:00:00Z,Bitso,MXN,usdt_mxn,1h,17.147,"reported, not observed",api.bitso.com/api/v3/ohlc
2026-08-08T11:00:00Z,Bitso,MXN,usdt_mxn,1h,17.143,"reported, not observed",api.bitso.com/api/v3/ohlc
2026-08-08T12:00:00Z,Bitso,MXN,usdt_mxn,1h,17.143,"reported, not observed",api.bitso.com/api/v3/ohlc
2026-08-08T13:00:00Z,Bitso,MXN,usdt_mxn,1h,17.141,"reported, not observed",api.bitso.com/api/v3/ohlc
2026-08-08T14:00:00Z,Bitso,MXN,usdt_mxn,1h,17.147,"reported, not observed",api.bitso.com/api/v3/ohlc
2026-08-08T15:00:00Z,Bitso,MXN,usdt_mxn,1h,17.164,"reported, not observed",api.bitso.com/api/v3/ohlc
2026-08-08T16:00:00Z,Bitso,MXN,usdt_mxn,1h,17.163,"reported, not observed",api.bitso.com/api/v3/ohlc
2026-08-08T17:00:00Z,Bitso,MXN,usdt_mxn,1h,17.169,"reported, not observed",api.bitso.com/api/v3/ohlc
2026-08-08T18:00:00Z,Bitso,MXN,usdt_mxn,1h,17.17,"reported, not observed",api.bitso.com/api/v3/ohlc
2026-08-08T19:00:00Z,Bitso,MXN,usdt_mxn,1h,17.175,"reported, not observed",api.bitso.com/api/v3/ohlc
2026-08-08T20:00:00Z,Bitso,MXN,usdt_mxn,1h,17.172,"reported, not observed",api.bitso.com/api/v3/ohlc
2026-08-08T21:00:00Z,Bitso,MXN,usdt_mxn,1h,17.175,"reported, not observed",api.bitso.com/api/v3/ohlc
2026-08-08T22:00:00Z,Bitso,MXN,usdt_mxn,1h,17.162,"reported, not observed",api.bitso.com/api/v3/ohlc
2026-08-08T23:00:00Z,Bitso,MXN,usdt_mxn,1h,17.164,"reported, not observed",api.bitso.com/api/v3/ohlc
2026-08-09T00:00:00Z,Bitso,MXN,usdt_mxn,1h,17.166,"reported, not observed",api.bitso.com/api/v3/ohlc
2026-08-09T01:00:00Z,Bitso,MXN,usdt_mxn,1h,17.161,"reported, not observed",api.bitso.com/api/v3/ohlc
2026-08-09T02:00:00Z,Bitso,MXN,usdt_mxn,1h,17.166,"reported, not observed",api.bitso.com/api/v3/ohlc
2026-08-09T03:00:00Z,Bitso,MXN,usdt_mxn,1h,17.165,"reported, not observed",api.bitso.com/api/v3/ohlc
2026-08-09T04:00:00Z,Bitso,MXN,usdt_mxn,1h,17.167,"reported, not observed",api.bitso.com/api/v3/ohlc
2026-08-09T05:00:00Z,Bitso,MXN,usdt_mxn,1h,17.165,"reported, not observed",api.bitso.com/api/v3/ohlc
2026-08-09T06:00:00Z,Bitso,MXN,usdt_mxn,1h,17.166,"reported, not observed",api.bitso.com/api/v3/ohlc
2026-08-09T07:00:00Z,Bitso,MXN,usdt_mxn,1h,17.166,"reported, not observed",api.bitso.com/api/v3/ohlc
2026-08-09T08:00:00Z,Bitso,MXN,usdt_mxn,1h,17.165,"reported, not observed",api.bitso.com/api/v3/ohlc
2026-08-09T09:00:00Z,Bitso,MXN,usdt_mxn,1h,17.165,"reported, not observed",api.bitso.com/api/v3/ohlc
2026-08-09T10:00:00Z,Bitso,MXN,usdt_mxn,1h,17.166,"reported, not observed",api.bitso.com/api/v3/ohlc
2026-08-09T11:00:00Z,Bitso,MXN,usdt_mxn,1h,17.17,"reported, not observed",api.bitso.com/api/v3/ohlc
2026-08-09T12:00:00Z,Bitso,MXN,usdt_mxn,1h,17.171,"reported, not observed",api.bitso.com/api/v3/ohlc
2026-08-09T13:00:00Z,Bitso,MXN,usdt_mxn,1h,17.166,"reported, not observed",api.bitso.com/api/v3/ohlc
2026-08-09T14:00:00Z,Bitso,MXN,usdt_mxn,1h,17.164,"reported, not observed",api.bitso.com/api/v3/ohlc
2026-08-09T15:00:00Z,Bitso,MXN,usdt_mxn,1h,17.157,"reported, not observed",api.bitso.com/api/v3/ohlc
2026-08-09T16:00:00Z,Bitso,MXN,usdt_mxn,1h,17.156,"reported, not observed",api.bitso.com/api/v3/ohlc
2026-08-09T17:00:00Z,Bitso,MXN,usdt_mxn,1h,17.162,"reported, not observed",api.bitso.com/api/v3/ohlc
2026-08-09T18:00:00Z,Bitso,MXN,usdt_mxn,1h,17.16,"reported, not observed",api.bitso.com/api/v3/ohlc
2026-08-09T19:00:00Z,Bitso,MXN,usdt_mxn,1h,17.161,"reported, not observed",api.bitso.com/api/v3/ohlc
2026-08-09T20:00:00Z,Bitso,MXN,usdt_mxn,1h,17.157,"reported, not observed",api.bitso.com/api/v3/ohlc
2026-08-09T21:00:00Z,Bitso,MXN,usdt_mxn,1h,17.167,"reported, not observed",api.bitso.com/api/v3/ohlc
2026-08-09T22:00:00Z,Bitso,MXN,usdt_mxn,1h,17.142,"reported, not observed",api.bitso.com/api/v3/ohlc
2026-08-09T23:00:00Z,Bitso,MXN,usdt_mxn,1h,17.141,"reported, not observed",api.bitso.com/api/v3/ohlc
2026-08-10T00:00:00Z,Bitso,MXN,usdt_mxn,1h,17.143,"reported, not observed",api.bitso.com/api/v3/ohlc
2026-08-10T01:00:00Z,Bitso,MXN,usdt_mxn,1h,17.142,"reported, not observed",api.bitso.com/api/v3/ohlc
2026-08-10T02:00:00Z,Bitso,MXN,usdt_mxn,1h,17.144,"reported, not observed",api.bitso.com/api/v3/ohlc
2026-08-10T03:00:00Z,Bitso,MXN,usdt_mxn,1h,17.148,"reported, not observed",api.bitso.com/api/v3/ohlc
2026-08-10T04:00:00Z,Bitso,MXN,usdt_mxn,1h,17.151,"reported, not observed",api.bitso.com/api/v3/ohlc
2026-08-10T05:00:00Z,Bitso,MXN,usdt_mxn,1h,17.153,"reported, not observed",api.bitso.com/api/v3/ohlc
2026-08-10T06:00:00Z,Bitso,MXN,usdt_mxn,1h,17.152,"reported, not observed",api.bitso.com/api/v3/ohlc
2026-08-10T07:00:00Z,Bitso,MXN,usdt_mxn,1h,17.142,"reported, not observed",api.bitso.com/api/v3/ohlc
2026-08-10T08:00:00Z,Bitso,MXN,usdt_mxn,1h,17.144,"reported, not observed",api.bitso.com/api/v3/ohlc
2026-08-10T09:00:00Z,Bitso,MXN,usdt_mxn,1h,17.142,"reported, not observed",api.bitso.com/api/v3/ohlc
2026-08-10T10:00:00Z,Bitso,MXN,usdt_mxn,1h,17.135,"reported, not observed",api.bitso.com/api/v3/ohlc
2026-08-10T11:00:00Z,Bitso,MXN,usdt_mxn,1h,17.132,"reported, not observed",api.bitso.com/api/v3/ohlc
2026-08-10T12:00:00Z,Bitso,MXN,usdt_mxn,1h,17.137,"reported, not observed",api.bitso.com/api/v3/ohlc
2026-08-10T13:00:00Z,Bitso,MXN,usdt_mxn,1h,17.142,"reported, not observed",api.bitso.com/api/v3/ohlc
2026-08-10T14:00:00Z,Bitso,MXN,usdt_mxn,1h,17.136,"reported, not observed",api.bitso.com/api/v3/ohlc
2026-08-10T15:00:00Z,Bitso,MXN,usdt_mxn,1h,17.121,"reported, not observed",api.bitso.com/api/v3/ohlc
2026-08-10T16:00:00Z,Bitso,MXN,usdt_mxn,1h,17.128,"reported, not observed",api.bitso.com/api/v3/ohlc
2026-08-10T17:00:00Z,Bitso,MXN,usdt_mxn,1h,17.138,"reported, not observed",api.bitso.com/api/v3/ohlc
2026-08-10T18:00:00Z,Bitso,MXN,usdt_mxn,1h,17.133,"reported, not observed",api.bitso.com/api/v3/ohlc
2026-08-10T19:00:00Z,Bitso,MXN,usdt_mxn,1h,17.125,"reported, not observed",api.bitso.com/api/v3/ohlc
2026-08-10T20:00:00Z,Bitso,MXN,usdt_mxn,1h,17.133,"reported, not observed",api.bitso.com/api/v3/ohlc
2026-08-10T21:00:00Z,Bitso,MXN,usdt_mxn,1h,17.145,"reported, not observed",api.bitso.com/api/v3/ohlc
2026-08-10T22:00:00Z,Bitso,MXN,usdt_mxn,1h,17.126,"reported, not observed",api.bitso.com/api/v3/ohlc
2026-08-10T23:00:00Z,Bitso,MXN,usdt_mxn,1h,17.131,"reported, not observed",api.bitso.com/api/v3/ohlc
2026-08-11T00:00:00Z,Bitso,MXN,usdt_mxn,1h,17.129,"reported, not observed",api.bitso.com/api/v3/ohlc
2026-08-11T01:00:00Z,Bitso,MXN,usdt_mxn,1h,17.123,"reported, not observed",api.bitso.com/api/v3/ohlc
2026-08-11T02:00:00Z,Bitso,MXN,usdt_mxn,1h,17.139,"reported, not observed",api.bitso.com/api/v3/ohlc
2026-08-11T03:00:00Z,Bitso,MXN,usdt_mxn,1h,17.134,"reported, not observed",api.bitso.com/api/v3/ohlc
2026-08-11T04:00:00Z,Bitso,MXN,usdt_mxn,1h,17.136,"reported, not observed",api.bitso.com/api/v3/ohlc
2026-08-11T05:00:00Z,Bitso,MXN,usdt_mxn,1h,17.135,"reported, not observed",api.bitso.com/api/v3/ohlc
2026-08-11T06:00:00Z,Bitso,MXN,usdt_mxn,1h,17.145,"reported, not observed",api.bitso.com/api/v3/ohlc
2026-08-11T07:00:00Z,Bitso,MXN,usdt_mxn,1h,17.145,"reported, not observed",api.bitso.com/api/v3/ohlc
2026-08-11T08:00:00Z,Bitso,MXN,usdt_mxn,1h,17.14,"reported, not observed",api.bitso.com/api/v3/ohlc
2026-08-11T09:00:00Z,Bitso,MXN,usdt_mxn,1h,17.133,"reported, not observed",api.bitso.com/api/v3/ohlc
2026-08-11T10:00:00Z,Bitso,MXN,usdt_mxn,1h,17.116,"reported, not observed",api.bitso.com/api/v3/ohlc
2026-08-11T11:00:00Z,Bitso,MXN,usdt_mxn,1h,17.11,"reported, not observed",api.bitso.com/api/v3/ohlc
2026-08-11T12:00:00Z,Bitso,MXN,usdt_mxn,1h,17.1,"reported, not observed",api.bitso.com/api/v3/ohlc
2026-08-11T13:00:00Z,Bitso,MXN,usdt_mxn,1h,17.094,"reported, not observed",api.bitso.com/api/v3/ohlc
2026-08-11T14:00:00Z,Bitso,MXN,usdt_mxn,1h,17.095,"reported, not observed",api.bitso.com/api/v3/ohlc
2026-08-11T15:00:00Z,Bitso,MXN,usdt_mxn,1h,17.102,"reported, not observed",api.bitso.com/api/v3/ohlc
2026-08-11T16:00:00Z,Bitso,MXN,usdt_mxn,1h,17.101,"reported, not observed",api.bitso.com/api/v3/ohlc
2026-08-11T17:00:00Z,Bitso,MXN,usdt_mxn,1h,17.095,"reported, not observed",api.bitso.com/api/v3/ohlc
2026-08-11T18:00:00Z,Bitso,MXN,usdt_mxn,1h,17.086,"reported, not observed",api.bitso.com/api/v3/ohlc
2026-08-11T19:00:00Z,Bitso,MXN,usdt_mxn,1h,17.078,"reported, not observed",api.bitso.com/api/v3/ohlc
2026-08-11T20:00:00Z,Bitso,MXN,usdt_mxn,1h,17.076,"reported, not observed",api.bitso.com/api/v3/ohlc
2026-08-11T21:00:00Z,Bitso,MXN,usdt_mxn,1h,17.063,"reported, not observed",api.bitso.com/api/v3/ohlc
2026-08-11T22:00:00Z,Bitso,MXN,usdt_mxn,1h,17.068,"reported, not observed",api.bitso.com/api/v3/ohlc
2026-08-11T23:00:00Z,Bitso,MXN,usdt_mxn,1h,17.066,"reported, not observed",api.bitso.com/api/v3/ohlc
2026-08-12T00:00:00Z,Bitso,MXN,usdt_mxn,1h,17.066,"reported, not observed",api.bitso.com/api/v3/ohlc
2026-08-12T01:00:00Z,Bitso,MXN,usdt_mxn,1h,17.063,"reported, not observed",api.bitso.com/api/v3/ohlc
2026-08-12T02:00:00Z,Bitso,MXN,usdt_mxn,1h,17.063,"reported, not observed",api.bitso.com/api/v3/ohlc
2026-08-12T03:00:00Z,Bitso,MXN,usdt_mxn,1h,17.061,"reported, not observed",api.bitso.com/api/v3/ohlc
2026-08-12T04:00:00Z,Bitso,MXN,usdt_mxn,1h,17.058,"reported, not observed",api.bitso.com/api/v3/ohlc
2026-08-12T05:00:00Z,Bitso,MXN,usdt_mxn,1h,17.06,"reported, not observed",api.bitso.com/api/v3/ohlc
2026-08-12T06:00:00Z,Bitso,MXN,usdt_mxn,1h,17.059,"reported, not observed",api.bitso.com/api/v3/ohlc
2026-08-12T07:00:00Z,Bitso,MXN,usdt_mxn,1h,17.059,"reported, not observed",api.bitso.com/api/v3/ohlc
2026-08-12T08:00:00Z,Bitso,MXN,usdt_mxn,1h,17.059,"reported, not observed",api.bitso.com/api/v3/ohlc
2026-08-12T09:00:00Z,Bitso,MXN,usdt_mxn,1h,17.04,"reported, not observed",api.bitso.com/api/v3/ohlc
2026-08-12T10:00:00Z,Bitso,MXN,usdt_mxn,1h,17.037,"reported, not observed",api.bitso.com/api/v3/ohlc
2026-08-12T11:00:00Z,Bitso,MXN,usdt_mxn,1h,17.034,"reported, not observed",api.bitso.com/api/v3/ohlc
2026-08-12T12:00:00Z,Bitso,MXN,usdt_mxn,1h,17.013,"reported, not observed",api.bitso.com/api/v3/ohlc
2026-08-12T13:00:00Z,Bitso,MXN,usdt_mxn,1h,17.016,"reported, not observed",api.bitso.com/api/v3/ohlc
2026-08-12T14:00:00Z,Bitso,MXN,usdt_mxn,1h,17.046,"reported, not observed",api.bitso.com/api/v3/ohlc
2026-08-12T15:00:00Z,Bitso,MXN,usdt_mxn,1h,17.043,"reported, not observed",api.bitso.com/api/v3/ohlc
2026-08-12T16:00:00Z,Bitso,MXN,usdt_mxn,1h,17.053,"reported, not observed",api.bitso.com/api/v3/ohlc
2026-08-12T17:00:00Z,Bitso,MXN,usdt_mxn,1h,17.054,"reported, not observed",api.bitso.com/api/v3/ohlc
2026-08-12T18:00:00Z,Bitso,MXN,usdt_mxn,1h,17.051,"reported, not observed",api.bitso.com/api/v3/ohlc
2026-08-12T19:00:00Z,Bitso,MXN,usdt_mxn,1h,17.056,"reported, not observed",api.bitso.com/api/v3/ohlc
2026-08-12T20:00:00Z,Bitso,MXN,usdt_mxn,1h,17.048,"reported, not observed",api.bitso.com/api/v3/ohlc
2026-08-12T21:00:00Z,Bitso,MXN,usdt_mxn,1h,17.052,"reported, not observed",api.bitso.com/api/v3/ohlc
2026-08-12T22:00:00Z,Bitso,MXN,usdt_mxn,1h,17.054,"reported, not observed",api.bitso.com/api/v3/ohlc
2026-08-12T23:00:00Z,Bitso,MXN,usdt_mxn,1h,17.049,"reported, not observed",api.bitso.com/api/v3/ohlc
2026-08-13T00:00:00Z,Bitso,MXN,usdt_mxn,1h,17.044,"reported, not observed",api.bitso.com/api/v3/ohlc
2026-08-13T01:00:00Z,Bitso,MXN,usdt_mxn,1h,17.046,"reported, not observed",api.bitso.com/api/v3/ohlc
2026-08-13T02:00:00Z,Bitso,MXN,usdt_mxn,1h,17.045,"reported, not observed",api.bitso.com/api/v3/ohlc
2026-08-13T03:00:00Z,Bitso,MXN,usdt_mxn,1h,17.045,"reported, not observed",api.bitso.com/api/v3/ohlc
2026-08-13T04:00:00Z,Bitso,MXN,usdt_mxn,1h,17.044,"reported, not observed",api.bitso.com/api/v3/ohlc
2026-08-13T05:00:00Z,Bitso,MXN,usdt_mxn,1h,17.043,"reported, not observed",api.bitso.com/api/v3/ohlc
2026-08-13T06:00:00Z,Bitso,MXN,usdt_mxn,1h,17.057,"reported, not observed",api.bitso.com/api/v3/ohlc
2026-08-13T07:00:00Z,Bitso,MXN,usdt_mxn,1h,17.054,"reported, not observed",api.bitso.com/api/v3/ohlc
2026-08-13T08:00:00Z,Bitso,MXN,usdt_mxn,1h,17.06,"reported, not observed",api.bitso.com/api/v3/ohlc
2026-08-13T09:00:00Z,Bitso,MXN,usdt_mxn,1h,17.055,"reported, not observed",api.bitso.com/api/v3/ohlc
2026-08-13T10:00:00Z,Bitso,MXN,usdt_mxn,1h,17.043,"reported, not observed",api.bitso.com/api/v3/ohlc
2026-08-13T11:00:00Z,Bitso,MXN,usdt_mxn,1h,17.034,"reported, not observed",api.bitso.com/api/v3/ohlc
2026-08-13T12:00:00Z,Bitso,MXN,usdt_mxn,1h,17.024,"reported, not observed",api.bitso.com/api/v3/ohlc
2026-08-13T13:00:00Z,Bitso,MXN,usdt_mxn,1h,17.029,"reported, not observed",api.bitso.com/api/v3/ohlc
2026-08-13T14:00:00Z,Bitso,MXN,usdt_mxn,1h,17.037,"reported, not observed",api.bitso.com/api/v3/ohlc
2026-08-13T15:00:00Z,Bitso,MXN,usdt_mxn,1h,17.046,"reported, not observed",api.bitso.com/api/v3/ohlc
2026-08-13T16:00:00Z,Bitso,MXN,usdt_mxn,1h,17.043,"reported, not observed",api.bitso.com/api/v3/ohlc
2026-08-13T17:00:00Z,Bitso,MXN,usdt_mxn,1h,17.034,"reported, not observed",api.bitso.com/api/v3/ohlc
2026-08-13T18:00:00Z,Bitso,MXN,usdt_mxn,1h,17.035,"reported, not observed",api.bitso.com/api/v3/ohlc
2026-08-13T19:00:00Z,Bitso,MXN,usdt_mxn,1h,17.03,"reported, not observed",api.bitso.com/api/v3/ohlc
2026-08-13T20:00:00Z,Bitso,MXN,usdt_mxn,1h,17.009,"reported, not observed",api.bitso.com/api/v3/ohlc
2026-08-13T21:00:00Z,Bitso,MXN,usdt_mxn,1h,17.021,"reported, not observed",api.bitso.com/api/v3/ohlc
2026-08-13T22:00:00Z,Bitso,MXN,usdt_mxn,1h,17.019,"reported, not observed",api.bitso.com/api/v3/ohlc
2026-08-13T23:00:00Z,Bitso,MXN,usdt_mxn,1h,17.019,"reported, not observed",api.bitso.com/api/v3/ohlc
2026-08-14T00:00:00Z,Bitso,MXN,usdt_mxn,1h,17.015,"reported, not observed",api.bitso.com/api/v3/ohlc
2026-08-14T01:00:00Z,Bitso,MXN,usdt_mxn,1h,17.023,"reported, not observed",api.bitso.com/api/v3/ohlc
2026-08-14T02:00:00Z,Bitso,MXN,usdt_mxn,1h,17.03,"reported, not observed",api.bitso.com/api/v3/ohlc
2026-08-14T03:00:00Z,Bitso,MXN,usdt_mxn,1h,17.027,"reported, not observed",api.bitso.com/api/v3/ohlc
2026-08-14T04:00:00Z,Bitso,MXN,usdt_mxn,1h,17.027,"reported, not observed",api.bitso.com/api/v3/ohlc
2026-08-14T05:00:00Z,Bitso,MXN,usdt_mxn,1h,17.026,"reported, not observed",api.bitso.com/api/v3/ohlc
2026-08-14T06:00:00Z,Bitso,MXN,usdt_mxn,1h,17.023,"reported, not observed",api.bitso.com/api/v3/ohlc
2026-08-14T07:00:00Z,Bitso,MXN,usdt_mxn,1h,17.015,"reported, not observed",api.bitso.com/api/v3/ohlc
2026-08-14T08:00:00Z,Bitso,MXN,usdt_mxn,1h,17.014,"reported, not observed",api.bitso.com/api/v3/ohlc
2026-08-14T09:00:00Z,Bitso,MXN,usdt_mxn,1h,16.985,"reported, not observed",api.bitso.com/api/v3/ohlc
2026-08-14T10:00:00Z,Bitso,MXN,usdt_mxn,1h,16.977,"reported, not observed",api.bitso.com/api/v3/ohlc
2026-08-14T11:00:00Z,Bitso,MXN,usdt_mxn,1h,16.971,"reported, not observed",api.bitso.com/api/v3/ohlc
2026-08-14T12:00:00Z,Bitso,MXN,usdt_mxn,1h,16.978,"reported, not observed",api.bitso.com/api/v3/ohlc
2026-08-14T13:00:00Z,Bitso,MXN,usdt_mxn,1h,16.957,"reported, not observed",api.bitso.com/api/v3/ohlc
2026-08-14T14:00:00Z,Bitso,MXN,usdt_mxn,1h,16.975,"reported, not observed",api.bitso.com/api/v3/ohlc
2026-08-14T15:00:00Z,Bitso,MXN,usdt_mxn,1h,16.992,"reported, not observed",api.bitso.com/api/v3/ohlc
2026-08-14T16:00:00Z,Bitso,MXN,usdt_mxn,1h,17.009,"reported, not observed",api.bitso.com/api/v3/ohlc
2026-08-14T17:00:00Z,Bitso,MXN,usdt_mxn,1h,17.017,"reported, not observed",api.bitso.com/api/v3/ohlc
2026-08-14T18:00:00Z,Bitso,MXN,usdt_mxn,1h,17.005,"reported, not observed",api.bitso.com/api/v3/ohlc
2026-08-14T19:00:00Z,Bitso,MXN,usdt_mxn,1h,17.002,"reported, not observed",api.bitso.com/api/v3/ohlc
2026-08-14T20:00:00Z,Bitso,MXN,usdt_mxn,1h,17.005,"reported, not observed",api.bitso.com/api/v3/ohlc
2026-08-14T21:00:00Z,Bitso,MXN,usdt_mxn,1h,17.008,"reported, not observed",api.bitso.com/api/v3/ohlc
2026-08-14T22:00:00Z,Bitso,MXN,usdt_mxn,1h,17.023,"reported, not observed",api.bitso.com/api/v3/ohlc
2026-08-14T23:00:00Z,Bitso,MXN,usdt_mxn,1h,17.033,"reported, not observed",api.bitso.com/api/v3/ohlc
2026-08-15T00:00:00Z,Bitso,MXN,usdt_mxn,1h,17.026,"reported, not observed",api.bitso.com/api/v3/ohlc
2026-08-15T01:00:00Z,Bitso,MXN,usdt_mxn,1h,17.026,"reported, not observed",api.bitso.com/api/v3/ohlc
2026-08-15T02:00:00Z,Bitso,MXN,usdt_mxn,1h,17.03,"reported, not observed",api.bitso.com/api/v3/ohlc
2026-08-15T03:00:00Z,Bitso,MXN,usdt_mxn,1h,17.036,"reported, not observed",api.bitso.com/api/v3/ohlc
2026-08-15T04:00:00Z,Bitso,MXN,usdt_mxn,1h,17.029,"reported, not observed",api.bitso.com/api/v3/ohlc
2026-08-15T05:00:00Z,Bitso,MXN,usdt_mxn,1h,17.034,"reported, not observed",api.bitso.com/api/v3/ohlc
2026-08-15T06:00:00Z,Bitso,MXN,usdt_mxn,1h,17.035,"reported, not observed",api.bitso.com/api/v3/ohlc
2026-08-15T07:00:00Z,Bitso,MXN,usdt_mxn,1h,17.034,"reported, not observed",api.bitso.com/api/v3/ohlc
2026-08-15T08:00:00Z,Bitso,MXN,usdt_mxn,1h,17.043,"reported, not observed",api.bitso.com/api/v3/ohlc
2026-08-15T09:00:00Z,Bitso,MXN,usdt_mxn,1h,17.044,"reported, not observed",api.bitso.com/api/v3/ohlc
2026-08-15T10:00:00Z,Bitso,MXN,usdt_mxn,1h,17.048,"reported, not observed",api.bitso.com/api/v3/ohlc
2026-08-15T11:00:00Z,Bitso,MXN,usdt_mxn,1h,17.044,"reported, not observed",api.bitso.com/api/v3/ohlc
2026-08-15T12:00:00Z,Bitso,MXN,usdt_mxn,1h,17.052,"reported, not observed",api.bitso.com/api/v3/ohlc
2026-08-15T13:00:00Z,Bitso,MXN,usdt_mxn,1h,17.056,"reported, not observed",api.bitso.com/api/v3/ohlc
2026-08-15T14:00:00Z,Bitso,MXN,usdt_mxn,1h,17.06,"reported, not observed",api.bitso.com/api/v3/ohlc
2026-08-15T15:00:00Z,Bitso,MXN,usdt_mxn,1h,17.067,"reported, not observed",api.bitso.com/api/v3/ohlc
2026-08-15T16:00:00Z,Bitso,MXN,usdt_mxn,1h,17.053,"reported, not observed",api.bitso.com/api/v3/ohlc
2026-08-15T17:00:00Z,Bitso,MXN,usdt_mxn,1h,17.056,"reported, not observed",api.bitso.com/api/v3/ohlc
2026-08-15T18:00:00Z,Bitso,MXN,usdt_mxn,1h,17.054,"reported, not observed",api.bitso.com/api/v3/ohlc
2026-08-15T19:00:00Z,Bitso,MXN,usdt_mxn,1h,17.047,"reported, not observed",api.bitso.com/api/v3/ohlc
2026-08-15T20:00:00Z,Bitso,MXN,usdt_mxn,1h,17.05,"reported, not observed",api.bitso.com/api/v3/ohlc
2026-08-15T21:00:00Z,Bitso,MXN,usdt_mxn,1h,17.054,"reported, not observed",api.bitso.com/api/v3/ohlc
2026-08-15T22:00:00Z,Bitso,MXN,usdt_mxn,1h,17.065,"reported, not observed",api.bitso.com/api/v3/ohlc
2026-08-15T23:00:00Z,Bitso,MXN,usdt_mxn,1h,17.065,"reported, not observed",api.bitso.com/api/v3/ohlc
2026-08-16T00:00:00Z,Bitso,MXN,usdt_mxn,1h,17.082,"reported, not observed",api.bitso.com/api/v3/ohlc
2026-08-16T01:00:00Z,Bitso,MXN,usdt_mxn,1h,17.08,"reported, not observed",api.bitso.com/api/v3/ohlc
2026-08-16T02:00:00Z,Bitso,MXN,usdt_mxn,1h,17.078,"reported, not observed",api.bitso.com/api/v3/ohlc
2026-08-16T03:00:00Z,Bitso,MXN,usdt_mxn,1h,17.079,"reported, not observed",api.bitso.com/api/v3/ohlc
2026-08-16T04:00:00Z,Bitso,MXN,usdt_mxn,1h,17.074,"reported, not observed",api.bitso.com/api/v3/ohlc
2026-08-16T05:00:00Z,Bitso,MXN,usdt_mxn,1h,17.075,"reported, not observed",api.bitso.com/api/v3/ohlc
2026-08-16T06:00:00Z,Bitso,MXN,usdt_mxn,1h,17.06,"reported, not observed",api.bitso.com/api/v3/ohlc
2026-08-16T07:00:00Z,Bitso,MXN,usdt_mxn,1h,17.06,"reported, not observed",api.bitso.com/api/v3/ohlc
2026-08-16T08:00:00Z,Bitso,MXN,usdt_mxn,1h,17.057,"reported, not observed",api.bitso.com/api/v3/ohlc
2026-08-16T09:00:00Z,Bitso,MXN,usdt_mxn,1h,17.057,"reported, not observed",api.bitso.com/api/v3/ohlc
2026-08-16T10:00:00Z,Bitso,MXN,usdt_mxn,1h,17.057,"reported, not observed",api.bitso.com/api/v3/ohlc
2026-08-16T11:00:00Z,Bitso,MXN,usdt_mxn,1h,17.061,"reported, not observed",api.bitso.com/api/v3/ohlc
2026-08-16T12:00:00Z,Bitso,MXN,usdt_mxn,1h,17.061,"reported, not observed",api.bitso.com/api/v3/ohlc
2026-08-16T13:00:00Z,Bitso,MXN,usdt_mxn,1h,17.072,"reported, not observed",api.bitso.com/api/v3/ohlc
2026-08-16T14:00:00Z,Bitso,MXN,usdt_mxn,1h,17.071,"reported, not observed",api.bitso.com/api/v3/ohlc
2026-08-16T15:00:00Z,Bitso,MXN,usdt_mxn,1h,17.059,"reported, not observed",api.bitso.com/api/v3/ohlc
2026-08-16T16:00:00Z,Bitso,MXN,usdt_mxn,1h,17.064,"reported, not observed",api.bitso.com/api/v3/ohlc
2026-08-16T17:00:00Z,Bitso,MXN,usdt_mxn,1h,17.058,"reported, not observed",api.bitso.com/api/v3/ohlc
2026-08-16T18:00:00Z,Bitso,MXN,usdt_mxn,1h,17.053,"reported, not observed",api.bitso.com/api/v3/ohlc
2026-08-16T19:00:00Z,Bitso,MXN,usdt_mxn,1h,17.051,"reported, not observed",api.bitso.com/api/v3/ohlc
2026-08-16T20:00:00Z,Bitso,MXN,usdt_mxn,1h,17.051,"reported, not observed",api.bitso.com/api/v3/ohlc
2026-08-16T21:00:00Z,Bitso,MXN,usdt_mxn,1h,17.016,"reported, not observed",api.bitso.com/api/v3/ohlc
2026-08-16T22:00:00Z,Bitso,MXN,usdt_mxn,1h,17.007,"reported, not observed",api.bitso.com/api/v3/ohlc
2026-08-16T23:00:00Z,Bitso,MXN,usdt_mxn,1h,17.02,"reported, not observed",api.bitso.com/api/v3/ohlc
2026-08-17T00:00:00Z,Bitso,MXN,usdt_mxn,1h,17.008,"reported, not observed",api.bitso.com/api/v3/ohlc
2026-08-17T01:00:00Z,Bitso,MXN,usdt_mxn,1h,17.004,"reported, not observed",api.bitso.com/api/v3/ohlc
2026-08-17T02:00:00Z,Bitso,MXN,usdt_mxn,1h,17.007,"reported, not observed",api.bitso.com/api/v3/ohlc
2026-08-17T03:00:00Z,Bitso,MXN,usdt_mxn,1h,17.003,"reported, not observed",api.bitso.com/api/v3/ohlc
2026-08-17T04:00:00Z,Bitso,MXN,usdt_mxn,1h,17.004,"reported, not observed",api.bitso.com/api/v3/ohlc
2026-08-17T05:00:00Z,Bitso,MXN,usdt_mxn,1h,16.998,"reported, not observed",api.bitso.com/api/v3/ohlc
2026-08-17T06:00:00Z,Bitso,MXN,usdt_mxn,1h,16.995,"reported, not observed",api.bitso.com/api/v3/ohlc
2026-08-17T07:00:00Z,Bitso,MXN,usdt_mxn,1h,17.002,"reported, not observed",api.bitso.com/api/v3/ohlc
2026-08-17T08:00:00Z,Bitso,MXN,usdt_mxn,1h,17.001,"reported, not observed",api.bitso.com/api/v3/ohlc
2026-08-17T09:00:00Z,Bitso,MXN,usdt_mxn,1h,16.994,"reported, not observed",api.bitso.com/api/v3/ohlc
2026-08-17T10:00:00Z,Bitso,MXN,usdt_mxn,1h,16.988,"reported, not observed",api.bitso.com/api/v3/ohlc
2026-08-17T11:00:00Z,Bitso,MXN,usdt_mxn,1h,16.995,"reported, not observed",api.bitso.com/api/v3/ohlc
2026-08-17T12:00:00Z,Bitso,MXN,usdt_mxn,1h,17.004,"reported, not observed",api.bitso.com/api/v3/ohlc
2026-08-17T13:00:00Z,Bitso,MXN,usdt_mxn,1h,17.015,"reported, not observed",api.bitso.com/api/v3/ohlc
2026-08-17T14:00:00Z,Bitso,MXN,usdt_mxn,1h,17.012,"reported, not observed",api.bitso.com/api/v3/ohlc
2026-08-17T15:00:00Z,Bitso,MXN,usdt_mxn,1h,17.004,"reported, not observed",api.bitso.com/api/v3/ohlc
2026-08-17T16:00:00Z,Bitso,MXN,usdt_mxn,1h,17.004,"reported, not observed",api.bitso.com/api/v3/ohlc
2026-08-17T17:00:00Z,Bitso,MXN,usdt_mxn,1h,17.027,"reported, not observed",api.bitso.com/api/v3/ohlc
2026-08-17T18:00:00Z,Bitso,MXN,usdt_mxn,1h,17.035,"reported, not observed",api.bitso.com/api/v3/ohlc
2026-08-17T19:00:00Z,Bitso,MXN,usdt_mxn,1h,17.026,"reported, not observed",api.bitso.com/api/v3/ohlc
2026-08-17T20:00:00Z,Bitso,MXN,usdt_mxn,1h,17.027,"reported, not observed",api.bitso.com/api/v3/ohlc
2026-08-17T21:00:00Z,Bitso,MXN,usdt_mxn,1h,17.036,"reported, not observed",api.bitso.com/api/v3/ohlc
2026-08-17T22:00:00Z,Bitso,MXN,usdt_mxn,1h,17.032,"reported, not observed",api.bitso.com/api/v3/ohlc
2026-08-17T23:00:00Z,Bitso,MXN,usdt_mxn,1h,17.029,"reported, not observed",api.bitso.com/api/v3/ohlc
2026-08-18T00:00:00Z,Bitso,MXN,usdt_mxn,1h,17.031,"reported, not observed",api.bitso.com/api/v3/ohlc
2026-08-18T01:00:00Z,Bitso,MXN,usdt_mxn,1h,17.036,"reported, not observed",api.bitso.com/api/v3/ohlc
2026-08-18T02:00:00Z,Bitso,MXN,usdt_mxn,1h,17.034,"reported, not observed",api.bitso.com/api/v3/ohlc
2026-08-18T03:00:00Z,Bitso,MXN,usdt_mxn,1h,17.03,"reported, not observed",api.bitso.com/api/v3/ohlc
2026-08-18T04:00:00Z,Bitso,MXN,usdt_mxn,1h,17.035,"reported, not observed",api.bitso.com/api/v3/ohlc
2026-08-18T05:00:00Z,Bitso,MXN,usdt_mxn,1h,17.04,"reported, not observed",api.bitso.com/api/v3/ohlc
2026-08-18T06:00:00Z,Bitso,MXN,usdt_mxn,1h,17.042,"reported, not observed",api.bitso.com/api/v3/ohlc
2026-08-18T07:00:00Z,Bitso,MXN,usdt_mxn,1h,17.048,"reported, not observed",api.bitso.com/api/v3/ohlc
2026-08-18T08:00:00Z,Bitso,MXN,usdt_mxn,1h,17.049,"reported, not observed",api.bitso.com/api/v3/ohlc
2026-08-18T09:00:00Z,Bitso,MXN,usdt_mxn,1h,17.034,"reported, not observed",api.bitso.com/api/v3/ohlc
2026-08-18T10:00:00Z,Bitso,MXN,usdt_mxn,1h,17.029,"reported, not observed",api.bitso.com/api/v3/ohlc
2026-08-18T11:00:00Z,Bitso,MXN,usdt_mxn,1h,17.036,"reported, not observed",api.bitso.com/api/v3/ohlc
2026-08-18T12:00:00Z,Bitso,MXN,usdt_mxn,1h,17.023,"reported, not observed",api.bitso.com/api/v3/ohlc
2026-08-18T13:00:00Z,Bitso,MXN,usdt_mxn,1h,17.026,"reported, not observed",api.bitso.com/api/v3/ohlc
2026-08-18T14:00:00Z,Bitso,MXN,usdt_mxn,1h,17.035,"reported, not observed",api.bitso.com/api/v3/ohlc
2026-08-18T15:00:00Z,Bitso,MXN,usdt_mxn,1h,17.042,"reported, not observed",api.bitso.com/api/v3/ohlc
2026-08-18T16:00:00Z,Bitso,MXN,usdt_mxn,1h,17.046,"reported, not observed",api.bitso.com/api/v3/ohlc
2026-08-18T17:00:00Z,Bitso,MXN,usdt_mxn,1h,17.065,"reported, not observed",api.bitso.com/api/v3/ohlc
2026-08-18T18:00:00Z,Bitso,MXN,usdt_mxn,1h,17.057,"reported, not observed",api.bitso.com/api/v3/ohlc
2026-08-18T19:00:00Z,Bitso,MXN,usdt_mxn,1h,17.054,"reported, not observed",api.bitso.com/api/v3/ohlc
2026-08-18T20:00:00Z,Bitso,MXN,usdt_mxn,1h,17.061,"reported, not observed",api.bitso.com/api/v3/ohlc
2026-08-18T21:00:00Z,Bitso,MXN,usdt_mxn,1h,17.064,"reported, not observed",api.bitso.com/api/v3/ohlc
2026-08-18T22:00:00Z,Bitso,MXN,usdt_mxn,1h,17.065,"reported, not observed",api.bitso.com/api/v3/ohlc
2026-08-18T23:00:00Z,Bitso,MXN,usdt_mxn,1h,17.063,"reported, not observed",api.bitso.com/api/v3/ohlc
2026-08-19T00:00:00Z,Bitso,MXN,usdt_mxn,1h,17.065,"reported, not observed",api.bitso.com/api/v3/ohlc
2026-08-19T01:00:00Z,Bitso,MXN,usdt_mxn,1h,17.061,"reported, not observed",api.bitso.com/api/v3/ohlc
2026-08-19T02:00:00Z,Bitso,MXN,usdt_mxn,1h,17.051,"reported, not observed",api.bitso.com/api/v3/ohlc
2026-08-19T03:00:00Z,Bitso,MXN,usdt_mxn,1h,17.051,"reported, not observed",api.bitso.com/api/v3/ohlc
2026-08-19T04:00:00Z,Bitso,MXN,usdt_mxn,1h,17.051,"reported, not observed",api.bitso.com/api/v3/ohlc
2026-08-19T05:00:00Z,Bitso,MXN,usdt_mxn,1h,17.047,"reported, not observed",api.bitso.com/api/v3/ohlc
2026-08-19T06:00:00Z,Bitso,MXN,usdt_mxn,1h,17.037,"reported, not observed",api.bitso.com/api/v3/ohlc
2026-08-19T07:00:00Z,Bitso,MXN,usdt_mxn,1h,17.03,"reported, not observed",api.bitso.com/api/v3/ohlc
2026-08-19T08:00:00Z,Bitso,MXN,usdt_mxn,1h,17.026,"reported, not observed",api.bitso.com/api/v3/ohlc
2026-08-19T09:00:00Z,Bitso,MXN,usdt_mxn,1h,17.017,"reported, not observed",api.bitso.com/api/v3/ohlc
2026-08-19T10:00:00Z,Bitso,MXN,usdt_mxn,1h,17.014,"reported, not observed",api.bitso.com/api/v3/ohlc
2026-08-19T11:00:00Z,Bitso,MXN,usdt_mxn,1h,17.017,"reported, not observed",api.bitso.com/api/v3/ohlc
2026-08-19T12:00:00Z,Bitso,MXN,usdt_mxn,1h,16.952,"reported, not observed",api.bitso.com/api/v3/ohlc
2026-08-19T13:00:00Z,Bitso,MXN,usdt_mxn,1h,16.954,"reported, not observed",api.bitso.com/api/v3/ohlc
2026-08-19T14:00:00Z,Bitso,MXN,usdt_mxn,1h,16.939,"reported, not observed",api.bitso.com/api/v3/ohlc
2026-08-19T15:00:00Z,Bitso,MXN,usdt_mxn,1h,16.954,"reported, not observed",api.bitso.com/api/v3/ohlc
2026-08-19T16:00:00Z,Bitso,MXN,usdt_mxn,1h,16.94,"reported, not observed",api.bitso.com/api/v3/ohlc
2026-08-19T17:00:00Z,Bitso,MXN,usdt_mxn,1h,16.953,"reported, not observed",api.bitso.com/api/v3/ohlc
2026-08-19T18:00:00Z,Bitso,MXN,usdt_mxn,1h,16.943,"reported, not observed",api.bitso.com/api/v3/ohlc
2026-08-19T19:00:00Z,Bitso,MXN,usdt_mxn,1h,16.947,"reported, not observed",api.bitso.com/api/v3/ohlc
2026-08-19T20:00:00Z,Bitso,MXN,usdt_mxn,1h,16.94,"reported, not observed",api.bitso.com/api/v3/ohlc
2026-08-19T21:00:00Z,Bitso,MXN,usdt_mxn,1h,16.944,"reported, not observed",api.bitso.com/api/v3/ohlc
2026-08-19T22:00:00Z,Bitso,MXN,usdt_mxn,1h,16.946,"reported, not observed",api.bitso.com/api/v3/ohlc
2026-08-19T23:00:00Z,Bitso,MXN,usdt_mxn,1h,16.947,"reported, not observed",api.bitso.com/api/v3/ohlc
2026-08-20T00:00:00Z,Bitso,MXN,usdt_mxn,1h,16.944,"reported, not observed",api.bitso.com/api/v3/ohlc
2026-08-20T01:00:00Z,Bitso,MXN,usdt_mxn,1h,16.946,"reported, not observed",api.bitso.com/api/v3/ohlc
2026-08-20T02:00:00Z,Bitso,MXN,usdt_mxn,1h,16.947,"reported, not observed",api.bitso.com/api/v3/ohlc
2026-08-20T03:00:00Z,Bitso,MXN,usdt_mxn,1h,16.942,"reported, not observed",api.bitso.com/api/v3/ohlc
2026-08-20T04:00:00Z,Bitso,MXN,usdt_mxn,1h,16.949,"reported, not observed",api.bitso.com/api/v3/ohlc
2026-08-20T05:00:00Z,Bitso,MXN,usdt_mxn,1h,16.951,"reported, not observed",api.bitso.com/api/v3/ohlc
2026-08-20T06:00:00Z,Bitso,MXN,usdt_mxn,1h,16.932,"reported, not observed",api.bitso.com/api/v3/ohlc
2026-08-20T07:00:00Z,Bitso,MXN,usdt_mxn,1h,16.944,"reported, not observed",api.bitso.com/api/v3/ohlc
2026-08-20T08:00:00Z,Bitso,MXN,usdt_mxn,1h,16.949,"reported, not observed",api.bitso.com/api/v3/ohlc
2026-08-20T09:00:00Z,Bitso,MXN,usdt_mxn,1h,16.937,"reported, not observed",api.bitso.com/api/v3/ohlc
2026-08-20T10:00:00Z,Bitso,MXN,usdt_mxn,1h,16.943,"reported, not observed",api.bitso.com/api/v3/ohlc
2026-08-20T11:00:00Z,Bitso,MXN,usdt_mxn,1h,16.966,"reported, not observed",api.bitso.com/api/v3/ohlc
2026-08-20T12:00:00Z,Bitso,MXN,usdt_mxn,1h,16.952,"reported, not observed",api.bitso.com/api/v3/ohlc
2026-08-20T13:00:00Z,Bitso,MXN,usdt_mxn,1h,16.955,"reported, not observed",api.bitso.com/api/v3/ohlc
2026-08-20T14:00:00Z,Bitso,MXN,usdt_mxn,1h,16.934,"reported, not observed",api.bitso.com/api/v3/ohlc
2026-08-20T15:00:00Z,Bitso,MXN,usdt_mxn,1h,16.947,"reported, not observed",api.bitso.com/api/v3/ohlc
2026-08-20T16:00:00Z,Bitso,MXN,usdt_mxn,1h,16.954,"reported, not observed",api.bitso.com/api/v3/ohlc
2026-08-20T17:00:00Z,Bitso,MXN,usdt_mxn,1h,16.956,"reported, not observed",api.bitso.com/api/v3/ohlc
2026-08-20T18:00:00Z,Bitso,MXN,usdt_mxn,1h,16.95,"reported, not observed",api.bitso.com/api/v3/ohlc
2026-08-20T19:00:00Z,Bitso,MXN,usdt_mxn,1h,16.953,"reported, not observed",api.bitso.com/api/v3/ohlc
2026-08-20T20:00:00Z,Bitso,MXN,usdt_mxn,1h,16.954,"reported, not observed",api.bitso.com/api/v3/ohlc
2026-08-20T21:00:00Z,Bitso,MXN,usdt_mxn,1h,16.922,"reported, not observed",api.bitso.com/api/v3/ohlc
2026-08-20T22:00:00Z,Bitso,MXN,usdt_mxn,1h,16.93,"reported, not observed",api.bitso.com/api/v3/ohlc
2026-08-20T23:00:00Z,Bitso,MXN,usdt_mxn,1h,16.916,"reported, not observed",api.bitso.com/api/v3/ohlc
2026-08-21T00:00:00Z,Bitso,MXN,usdt_mxn,1h,16.932,"reported, not observed",api.bitso.com/api/v3/ohlc
2026-08-21T01:00:00Z,Bitso,MXN,usdt_mxn,1h,16.931,"reported, not observed",api.bitso.com/api/v3/ohlc
2026-08-21T02:00:00Z,Bitso,MXN,usdt_mxn,1h,16.926,"reported, not observed",api.bitso.com/api/v3/ohlc
2026-08-21T03:00:00Z,Bitso,MXN,usdt_mxn,1h,16.933,"reported, not observed",api.bitso.com/api/v3/ohlc
2026-08-21T04:00:00Z,Bitso,MXN,usdt_mxn,1h,16.931,"reported, not observed",api.bitso.com/api/v3/ohlc
2026-08-21T05:00:00Z,Bitso,MXN,usdt_mxn,1h,16.923,"reported, not observed",api.bitso.com/api/v3/ohlc
2026-08-21T06:00:00Z,Bitso,MXN,usdt_mxn,1h,16.914,"reported, not observed",api.bitso.com/api/v3/ohlc
2026-08-21T07:00:00Z,Bitso,MXN,usdt_mxn,1h,16.907,"reported, not observed",api.bitso.com/api/v3/ohlc
2026-08-21T08:00:00Z,Bitso,MXN,usdt_mxn,1h,16.886,"reported, not observed",api.bitso.com/api/v3/ohlc
2026-08-21T09:00:00Z,Bitso,MXN,usdt_mxn,1h,16.876,"reported, not observed",api.bitso.com/api/v3/ohlc
2026-08-21T10:00:00Z,Bitso,MXN,usdt_mxn,1h,16.876,"reported, not observed",api.bitso.com/api/v3/ohlc
2026-08-21T11:00:00Z,Bitso,MXN,usdt_mxn,1h,16.881,"reported, not observed",api.bitso.com/api/v3/ohlc
2026-08-21T12:00:00Z,Bitso,MXN,usdt_mxn,1h,16.893,"reported, not observed",api.bitso.com/api/v3/ohlc
2026-08-21T13:00:00Z,Bitso,MXN,usdt_mxn,1h,16.896,"reported, not observed",api.bitso.com/api/v3/ohlc
2026-08-21T14:00:00Z,Bitso,MXN,usdt_mxn,1h,16.896,"reported, not observed",api.bitso.com/api/v3/ohlc
2026-08-21T15:00:00Z,Bitso,MXN,usdt_mxn,1h,16.885,"reported, not observed",api.bitso.com/api/v3/ohlc
2026-08-21T16:00:00Z,Bitso,MXN,usdt_mxn,1h,16.88,"reported, not observed",api.bitso.com/api/v3/ohlc
2026-08-21T17:00:00Z,Bitso,MXN,usdt_mxn,1h,16.901,"reported, not observed",api.bitso.com/api/v3/ohlc
2026-08-21T18:00:00Z,Bitso,MXN,usdt_mxn,1h,16.893,"reported, not observed",api.bitso.com/api/v3/ohlc
2026-08-21T19:00:00Z,Bitso,MXN,usdt_mxn,1h,16.918,"reported, not observed",api.bitso.com/api/v3/ohlc
2026-08-21T20:00:00Z,Bitso,MXN,usdt_mxn,1h,16.918,"reported, not observed",api.bitso.com/api/v3/ohlc
2026-08-21T21:00:00Z,Bitso,MXN,usdt_mxn,1h,16.934,"reported, not observed",api.bitso.com/api/v3/ohlc
2026-08-21T22:00:00Z,Bitso,MXN,usdt_mxn,1h,16.937,"reported, not observed",api.bitso.com/api/v3/ohlc
2026-08-21T23:00:00Z,Bitso,MXN,usdt_mxn,1h,16.94,"reported, not observed",api.bitso.com/api/v3/ohlc
2026-08-22T00:00:00Z,Bitso,MXN,usdt_mxn,1h,16.935,"reported, not observed",api.bitso.com/api/v3/ohlc
2026-08-22T01:00:00Z,Bitso,MXN,usdt_mxn,1h,16.943,"reported, not observed",api.bitso.com/api/v3/ohlc
2026-08-22T02:00:00Z,Bitso,MXN,usdt_mxn,1h,16.935,"reported, not observed",api.bitso.com/api/v3/ohlc
2026-08-22T03:00:00Z,Bitso,MXN,usdt_mxn,1h,16.934,"reported, not observed",api.bitso.com/api/v3/ohlc
2026-08-22T04:00:00Z,Bitso,MXN,usdt_mxn,1h,16.928,"reported, not observed",api.bitso.com/api/v3/ohlc
2026-08-22T05:00:00Z,Bitso,MXN,usdt_mxn,1h,16.916,"reported, not observed",api.bitso.com/api/v3/ohlc
2026-08-22T06:00:00Z,Bitso,MXN,usdt_mxn,1h,16.916,"reported, not observed",api.bitso.com/api/v3/ohlc
2026-08-22T07:00:00Z,Bitso,MXN,usdt_mxn,1h,16.914,"reported, not observed",api.bitso.com/api/v3/ohlc
2026-08-22T08:00:00Z,Bitso,MXN,usdt_mxn,1h,16.903,"reported, not observed",api.bitso.com/api/v3/ohlc
2026-08-22T09:00:00Z,Bitso,MXN,usdt_mxn,1h,16.895,"reported, not observed",api.bitso.com/api/v3/ohlc
2026-08-22T10:00:00Z,Bitso,MXN,usdt_mxn,1h,16.896,"reported, not observed",api.bitso.com/api/v3/ohlc
2026-08-22T11:00:00Z,Bitso,MXN,usdt_mxn,1h,16.893,"reported, not observed",api.bitso.com/api/v3/ohlc
2026-08-22T12:00:00Z,Bitso,MXN,usdt_mxn,1h,16.896,"reported, not observed",api.bitso.com/api/v3/ohlc
2026-08-22T13:00:00Z,Bitso,MXN,usdt_mxn,1h,16.893,"reported, not observed",api.bitso.com/api/v3/ohlc
2026-08-22T14:00:00Z,Bitso,MXN,usdt_mxn,1h,16.899,"reported, not observed",api.bitso.com/api/v3/ohlc
2026-08-22T15:00:00Z,Bitso,MXN,usdt_mxn,1h,16.896,"reported, not observed",api.bitso.com/api/v3/ohlc
2026-08-22T16:00:00Z,Bitso,MXN,usdt_mxn,1h,16.904,"reported, not observed",api.bitso.com/api/v3/ohlc
2026-08-22T17:00:00Z,Bitso,MXN,usdt_mxn,1h,16.921,"reported, not observed",api.bitso.com/api/v3/ohlc
2026-08-22T18:00:00Z,Bitso,MXN,usdt_mxn,1h,16.934,"reported, not observed",api.bitso.com/api/v3/ohlc
2026-08-22T19:00:00Z,Bitso,MXN,usdt_mxn,1h,16.928,"reported, not observed",api.bitso.com/api/v3/ohlc
2026-08-22T20:00:00Z,Bitso,MXN,usdt_mxn,1h,16.927,"reported, not observed",api.bitso.com/api/v3/ohlc
2026-08-22T21:00:00Z,Bitso,MXN,usdt_mxn,1h,16.925,"reported, not observed",api.bitso.com/api/v3/ohlc
2026-08-22T22:00:00Z,Bitso,MXN,usdt_mxn,1h,16.928,"reported, not observed",api.bitso.com/api/v3/ohlc
2026-08-22T23:00:00Z,Bitso,MXN,usdt_mxn,1h,16.925,"reported, not observed",api.bitso.com/api/v3/ohlc
2026-08-23T00:00:00Z,Bitso,MXN,usdt_mxn,1h,16.927,"reported, not observed",api.bitso.com/api/v3/ohlc
2026-08-23T01:00:00Z,Bitso,MXN,usdt_mxn,1h,16.93,"reported, not observed",api.bitso.com/api/v3/ohlc
2026-08-23T02:00:00Z,Bitso,MXN,usdt_mxn,1h,16.927,"reported, not observed",api.bitso.com/api/v3/ohlc
2026-08-23T03:00:00Z,Bitso,MXN,usdt_mxn,1h,16.931,"reported, not observed",api.bitso.com/api/v3/ohlc
2026-08-23T04:00:00Z,Bitso,MXN,usdt_mxn,1h,16.932,"reported, not observed",api.bitso.com/api/v3/ohlc
2026-08-23T05:00:00Z,Bitso,MXN,usdt_mxn,1h,16.932,"reported, not observed",api.bitso.com/api/v3/ohlc
2026-08-23T06:00:00Z,Bitso,MXN,usdt_mxn,1h,16.93,"reported, not observed",api.bitso.com/api/v3/ohlc
2026-08-23T07:00:00Z,Bitso,MXN,usdt_mxn,1h,16.928,"reported, not observed",api.bitso.com/api/v3/ohlc
2026-08-23T08:00:00Z,Bitso,MXN,usdt_mxn,1h,16.929,"reported, not observed",api.bitso.com/api/v3/ohlc
2026-08-23T09:00:00Z,Bitso,MXN,usdt_mxn,1h,16.93,"reported, not observed",api.bitso.com/api/v3/ohlc
2026-08-23T10:00:00Z,Bitso,MXN,usdt_mxn,1h,16.931,"reported, not observed",api.bitso.com/api/v3/ohlc
2026-08-23T11:00:00Z,Bitso,MXN,usdt_mxn,1h,16.93,"reported, not observed",api.bitso.com/api/v3/ohlc
2026-08-23T12:00:00Z,Bitso,MXN,usdt_mxn,1h,16.931,"reported, not observed",api.bitso.com/api/v3/ohlc
2026-08-23T13:00:00Z,Bitso,MXN,usdt_mxn,1h,16.933,"reported, not observed",api.bitso.com/api/v3/ohlc
2026-08-23T14:00:00Z,Bitso,MXN,usdt_mxn,1h,16.933,"reported, not observed",api.bitso.com/api/v3/ohlc
2026-08-23T15:00:00Z,Bitso,MXN,usdt_mxn,1h,16.934,"reported, not observed",api.bitso.com/api/v3/ohlc
2026-08-23T16:00:00Z,Bitso,MXN,usdt_mxn,1h,16.944,"reported, not observed",api.bitso.com/api/v3/ohlc
2026-08-23T17:00:00Z,Bitso,MXN,usdt_mxn,1h,16.946,"reported, not observed",api.bitso.com/api/v3/ohlc
2026-08-23T18:00:00Z,Bitso,MXN,usdt_mxn,1h,16.951,"reported, not observed",api.bitso.com/api/v3/ohlc
2026-08-23T19:00:00Z,Bitso,MXN,usdt_mxn,1h,16.948,"reported, not observed",api.bitso.com/api/v3/ohlc
2026-08-23T20:00:00Z,Bitso,MXN,usdt_mxn,1h,16.953,"reported, not observed",api.bitso.com/api/v3/ohlc
2026-08-23T21:00:00Z,Bitso,MXN,usdt_mxn,1h,16.928,"reported, not observed",api.bitso.com/api/v3/ohlc
2026-08-23T22:00:00Z,Bitso,MXN,usdt_mxn,1h,16.945,"reported, not observed",api.bitso.com/api/v3/ohlc
2026-08-23T23:00:00Z,Bitso,MXN,usdt_mxn,1h,16.931,"reported, not observed",api.bitso.com/api/v3/ohlc
2026-08-24T00:00:00Z,Bitso,MXN,usdt_mxn,1h,16.929,"reported, not observed",api.bitso.com/api/v3/ohlc
2026-08-24T01:00:00Z,Bitso,MXN,usdt_mxn,1h,16.936,"reported, not observed",api.bitso.com/api/v3/ohlc
2026-08-24T02:00:00Z,Bitso,MXN,usdt_mxn,1h,16.931,"reported, not observed",api.bitso.com/api/v3/ohlc
2026-08-24T03:00:00Z,Bitso,MXN,usdt_mxn,1h,16.932,"reported, not observed",api.bitso.com/api/v3/ohlc
2026-08-24T04:00:00Z,Bitso,MXN,usdt_mxn,1h,16.94,"reported, not observed",api.bitso.com/api/v3/ohlc
2026-08-24T05:00:00Z,Bitso,MXN,usdt_mxn,1h,16.949,"reported, not observed",api.bitso.com/api/v3/ohlc
2026-08-24T06:00:00Z,Bitso,MXN,usdt_mxn,1h,16.942,"reported, not observed",api.bitso.com/api/v3/ohlc
2026-08-24T07:00:00Z,Bitso,MXN,usdt_mxn,1h,16.944,"reported, not observed",api.bitso.com/api/v3/ohlc
2026-08-24T08:00:00Z,Bitso,MXN,usdt_mxn,1h,16.937,"reported, not observed",api.bitso.com/api/v3/ohlc
2026-08-24T09:00:00Z,Bitso,MXN,usdt_mxn,1h,16.926,"reported, not observed",api.bitso.com/api/v3/ohlc
2026-08-24T10:00:00Z,Bitso,MXN,usdt_mxn,1h,16.921,"reported, not observed",api.bitso.com/api/v3/ohlc
2026-08-24T11:00:00Z,Bitso,MXN,usdt_mxn,1h,16.909,"reported, not observed",api.bitso.com/api/v3/ohlc
2026-08-24T12:00:00Z,Bitso,MXN,usdt_mxn,1h,16.924,"reported, not observed",api.bitso.com/api/v3/ohlc
2026-08-24T13:00:00Z,Bitso,MXN,usdt_mxn,1h,16.947,"reported, not observed",api.bitso.com/api/v3/ohlc
2026-08-24T14:00:00Z,Bitso,MXN,usdt_mxn,1h,16.955,"reported, not observed",api.bitso.com/api/v3/ohlc
2026-08-24T15:00:00Z,Bitso,MXN,usdt_mxn,1h,16.96,"reported, not observed",api.bitso.com/api/v3/ohlc
2026-08-24T16:00:00Z,Bitso,MXN,usdt_mxn,1h,16.965,"reported, not observed",api.bitso.com/api/v3/ohlc
2026-08-24T17:00:00Z,Bitso,MXN,usdt_mxn,1h,16.964,"reported, not observed",api.bitso.com/api/v3/ohlc
2026-08-24T18:00:00Z,Bitso,MXN,usdt_mxn,1h,16.966,"reported, not observed",api.bitso.com/api/v3/ohlc
2026-08-24T19:00:00Z,Bitso,MXN,usdt_mxn,1h,16.962,"reported, not observed",api.bitso.com/api/v3/ohlc
2026-08-24T20:00:00Z,Bitso,MXN,usdt_mxn,1h,16.952,"reported, not observed",api.bitso.com/api/v3/ohlc
2026-08-24T21:00:00Z,Bitso,MXN,usdt_mxn,1h,16.953,"reported, not observed",api.bitso.com/api/v3/ohlc
2026-08-24T22:00:00Z,Bitso,MXN,usdt_mxn,1h,16.962,"reported, not observed",api.bitso.com/api/v3/ohlc
2026-08-24T23:00:00Z,Bitso,MXN,usdt_mxn,1h,16.952,"reported, not observed",api.bitso.com/api/v3/ohlc
2026-08-25T00:00:00Z,Bitso,MXN,usdt_mxn,1h,16.945,"reported, not observed",api.bitso.com/api/v3/ohlc
2026-08-25T01:00:00Z,Bitso,MXN,usdt_mxn,1h,16.951,"reported, not observed",api.bitso.com/api/v3/ohlc
2026-08-25T02:00:00Z,Bitso,MXN,usdt_mxn,1h,16.951,"reported, not observed",api.bitso.com/api/v3/ohlc
2026-08-25T03:00:00Z,Bitso,MXN,usdt_mxn,1h,16.954,"reported, not observed",api.bitso.com/api/v3/ohlc
2026-08-25T04:00:00Z,Bitso,MXN,usdt_mxn,1h,16.959,"reported, not observed",api.bitso.com/api/v3/ohlc
2026-08-25T05:00:00Z,Bitso,MXN,usdt_mxn,1h,16.954,"reported, not observed",api.bitso.com/api/v3/ohlc
2026-08-25T06:00:00Z,Bitso,MXN,usdt_mxn,1h,16.965,"reported, not observed",api.bitso.com/api/v3/ohlc
2026-08-25T07:00:00Z,Bitso,MXN,usdt_mxn,1h,16.966,"reported, not observed",api.bitso.com/api/v3/ohlc
2026-08-25T08:00:00Z,Bitso,MXN,usdt_mxn,1h,16.959,"reported, not observed",api.bitso.com/api/v3/ohlc
2026-08-25T09:00:00Z,Bitso,MXN,usdt_mxn,1h,16.94,"reported, not observed",api.bitso.com/api/v3/ohlc
2026-08-25T10:00:00Z,Bitso,MXN,usdt_mxn,1h,16.94,"reported, not observed",api.bitso.com/api/v3/ohlc
2026-08-25T11:00:00Z,Bitso,MXN,usdt_mxn,1h,16.939,"reported, not observed",api.bitso.com/api/v3/ohlc
2026-08-25T12:00:00Z,Bitso,MXN,usdt_mxn,1h,16.932,"reported, not observed",api.bitso.com/api/v3/ohlc
2026-08-25T13:00:00Z,Bitso,MXN,usdt_mxn,1h,16.943,"reported, not observed",api.bitso.com/api/v3/ohlc
2026-08-25T14:00:00Z,Bitso,MXN,usdt_mxn,1h,16.945,"reported, not observed",api.bitso.com/api/v3/ohlc
2026-08-25T15:00:00Z,Bitso,MXN,usdt_mxn,1h,16.936,"reported, not observed",api.bitso.com/api/v3/ohlc
2026-08-25T16:00:00Z,Bitso,MXN,usdt_mxn,1h,16.957,"reported, not observed",api.bitso.com/api/v3/ohlc
2026-08-25T17:00:00Z,Bitso,MXN,usdt_mxn,1h,16.949,"reported, not observed",api.bitso.com/api/v3/ohlc
2026-08-25T18:00:00Z,Bitso,MXN,usdt_mxn,1h,16.949,"reported, not observed",api.bitso.com/api/v3/ohlc
2026-08-25T19:00:00Z,Bitso,MXN,usdt_mxn,1h,16.952,"reported, not observed",api.bitso.com/api/v3/ohlc
2026-08-25T20:00:00Z,Bitso,MXN,usdt_mxn,1h,16.947,"reported, not observed",api.bitso.com/api/v3/ohlc
2026-08-25T21:00:00Z,Bitso,MXN,usdt_mxn,1h,16.956,"reported, not observed",api.bitso.com/api/v3/ohlc
2026-08-25T22:00:00Z,Bitso,MXN,usdt_mxn,1h,16.953,"reported, not observed",api.bitso.com/api/v3/ohlc
2026-08-25T23:00:00Z,Bitso,MXN,usdt_mxn,1h,16.956,"reported, not observed",api.bitso.com/api/v3/ohlc
2026-08-26T00:00:00Z,Bitso,MXN,usdt_mxn,1h,16.955,"reported, not observed",api.bitso.com/api/v3/ohlc
2026-08-26T01:00:00Z,Bitso,MXN,usdt_mxn,1h,16.956,"reported, not observed",api.bitso.com/api/v3/ohlc
2026-08-26T02:00:00Z,Bitso,MXN,usdt_mxn,1h,16.953,"reported, not observed",api.bitso.com/api/v3/ohlc
2026-08-26T03:00:00Z,Bitso,MXN,usdt_mxn,1h,16.954,"reported, not observed",api.bitso.com/api/v3/ohlc
2026-08-26T04:00:00Z,Bitso,MXN,usdt_mxn,1h,16.96,"reported, not observed",api.bitso.com/api/v3/ohlc
2026-08-26T05:00:00Z,Bitso,MXN,usdt_mxn,1h,16.961,"reported, not observed",api.bitso.com/api/v3/ohlc
2026-08-26T06:00:00Z,Bitso,MXN,usdt_mxn,1h,16.961,"reported, not observed",api.bitso.com/api/v3/ohlc
2026-08-26T07:00:00Z,Bitso,MXN,usdt_mxn,1h,16.95,"reported, not observed",api.bitso.com/api/v3/ohlc
2026-08-26T08:00:00Z,Bitso,MXN,usdt_mxn,1h,16.937,"reported, not observed",api.bitso.com/api/v3/ohlc
2026-08-26T09:00:00Z,Bitso,MXN,usdt_mxn,1h,16.922,"reported, not observed",api.bitso.com/api/v3/ohlc
2026-08-26T10:00:00Z,Bitso,MXN,usdt_mxn,1h,16.929,"reported, not observed",api.bitso.com/api/v3/ohlc
2026-08-26T11:00:00Z,Bitso,MXN,usdt_mxn,1h,16.927,"reported, not observed",api.bitso.com/api/v3/ohlc
2026-08-26T12:00:00Z,Bitso,MXN,usdt_mxn,1h,16.945,"reported, not observed",api.bitso.com/api/v3/ohlc
2026-08-26T13:00:00Z,Bitso,MXN,usdt_mxn,1h,16.955,"reported, not observed",api.bitso.com/api/v3/ohlc
2026-08-26T14:00:00Z,Bitso,MXN,usdt_mxn,1h,16.964,"reported, not observed",api.bitso.com/api/v3/ohlc
2026-08-26T15:00:00Z,Bitso,MXN,usdt_mxn,1h,16.966,"reported, not observed",api.bitso.com/api/v3/ohlc
2026-08-26T16:00:00Z,Bitso,MXN,usdt_mxn,1h,16.958,"reported, not observed",api.bitso.com/api/v3/ohlc
2026-08-26T17:00:00Z,Bitso,MXN,usdt_mxn,1h,16.952,"reported, not observed",api.bitso.com/api/v3/ohlc
2026-08-26T18:00:00Z,Bitso,MXN,usdt_mxn,1h,16.95,"reported, not observed",api.bitso.com/api/v3/ohlc
2026-08-26T19:00:00Z,Bitso,MXN,usdt_mxn,1h,16.955,"reported, not observed",api.bitso.com/api/v3/ohlc
2026-08-26T20:00:00Z,Bitso,MXN,usdt_mxn,1h,16.948,"reported, not observed",api.bitso.com/api/v3/ohlc
2026-08-26T21:00:00Z,Bitso,MXN,usdt_mxn,1h,16.954,"reported, not observed",api.bitso.com/api/v3/ohlc
2026-08-26T22:00:00Z,Bitso,MXN,usdt_mxn,1h,16.943,"reported, not observed",api.bitso.com/api/v3/ohlc
2026-08-26T23:00:00Z,Bitso,MXN,usdt_mxn,1h,16.944,"reported, not observed",api.bitso.com/api/v3/ohlc
2026-08-27T00:00:00Z,Bitso,MXN,usdt_mxn,1h,16.951,"reported, not observed",api.bitso.com/api/v3/ohlc
2026-08-27T01:00:00Z,Bitso,MXN,usdt_mxn,1h,16.944,"reported, not observed",api.bitso.com/api/v3/ohlc
2026-08-27T02:00:00Z,Bitso,MXN,usdt_mxn,1h,16.954,"reported, not observed",api.bitso.com/api/v3/ohlc
2026-08-27T03:00:00Z,Bitso,MXN,usdt_mxn,1h,16.951,"reported, not observed",api.bitso.com/api/v3/ohlc
2026-08-27T04:00:00Z,Bitso,MXN,usdt_mxn,1h,16.956,"reported, not observed",api.bitso.com/api/v3/ohlc
2026-08-27T05:00:00Z,Bitso,MXN,usdt_mxn,1h,16.956,"reported, not observed",api.bitso.com/api/v3/ohlc
2026-08-27T06:00:00Z,Bitso,MXN,usdt_mxn,1h,16.963,"reported, not observed",api.bitso.com/api/v3/ohlc
2026-08-27T07:00:00Z,Bitso,MXN,usdt_mxn,1h,16.968,"reported, not observed",api.bitso.com/api/v3/ohlc
2026-08-27T08:00:00Z,Bitso,MXN,usdt_mxn,1h,16.966,"reported, not observed",api.bitso.com/api/v3/ohlc
2026-08-27T09:00:00Z,Bitso,MXN,usdt_mxn,1h,16.98,"reported, not observed",api.bitso.com/api/v3/ohlc
2026-08-27T10:00:00Z,Bitso,MXN,usdt_mxn,1h,16.977,"reported, not observed",api.bitso.com/api/v3/ohlc
2026-08-27T11:00:00Z,Bitso,MXN,usdt_mxn,1h,16.976,"reported, not observed",api.bitso.com/api/v3/ohlc
2026-08-27T12:00:00Z,Bitso,MXN,usdt_mxn,1h,16.966,"reported, not observed",api.bitso.com/api/v3/ohlc
2026-08-27T13:00:00Z,Bitso,MXN,usdt_mxn,1h,16.951,"reported, not observed",api.bitso.com/api/v3/ohlc
2026-08-27T14:00:00Z,Bitso,MXN,usdt_mxn,1h,16.964,"reported, not observed",api.bitso.com/api/v3/ohlc
2026-08-27T15:00:00Z,Bitso,MXN,usdt_mxn,1h,16.958,"reported, not observed",api.bitso.com/api/v3/ohlc
2026-08-27T16:00:00Z,Bitso,MXN,usdt_mxn,1h,16.964,"reported, not observed",api.bitso.com/api/v3/ohlc
2026-08-27T17:00:00Z,Bitso,MXN,usdt_mxn,1h,16.965,"reported, not observed",api.bitso.com/api/v3/ohlc
2026-08-27T18:00:00Z,Bitso,MXN,usdt_mxn,1h,16.962,"reported, not observed",api.bitso.com/api/v3/ohlc
2026-08-27T19:00:00Z,Bitso,MXN,usdt_mxn,1h,16.969,"reported, not observed",api.bitso.com/api/v3/ohlc
2026-08-27T20:00:00Z,Bitso,MXN,usdt_mxn,1h,16.968,"reported, not observed",api.bitso.com/api/v3/ohlc
2026-08-27T21:00:00Z,Bitso,MXN,usdt_mxn,1h,16.973,"reported, not observed",api.bitso.com/api/v3/ohlc
2026-08-27T22:00:00Z,Bitso,MXN,usdt_mxn,1h,16.966,"reported, not observed",api.bitso.com/api/v3/ohlc
2026-08-27T23:00:00Z,Bitso,MXN,usdt_mxn,1h,16.962,"reported, not observed",api.bitso.com/api/v3/ohlc
2026-08-28T00:00:00Z,Bitso,MXN,usdt_mxn,1h,16.96,"reported, not observed",api.bitso.com/api/v3/ohlc
2026-08-28T01:00:00Z,Bitso,MXN,usdt_mxn,1h,16.964,"reported, not observed",api.bitso.com/api/v3/ohlc
2026-08-28T02:00:00Z,Bitso,MXN,usdt_mxn,1h,16.966,"reported, not observed",api.bitso.com/api/v3/ohlc
2026-08-28T03:00:00Z,Bitso,MXN,usdt_mxn,1h,16.968,"reported, not observed",api.bitso.com/api/v3/ohlc
2026-08-28T04:00:00Z,Bitso,MXN,usdt_mxn,1h,16.975,"reported, not observed",api.bitso.com/api/v3/ohlc
2026-08-28T05:00:00Z,Bitso,MXN,usdt_mxn,1h,16.98,"reported, not observed",api.bitso.com/api/v3/ohlc
2026-08-28T06:00:00Z,Bitso,MXN,usdt_mxn,1h,16.974,"reported, not observed",api.bitso.com/api/v3/ohlc
2026-08-28T07:00:00Z,Bitso,MXN,usdt_mxn,1h,16.968,"reported, not observed",api.bitso.com/api/v3/ohlc
2026-08-28T08:00:00Z,Bitso,MXN,usdt_mxn,1h,16.97,"reported, not observed",api.bitso.com/api/v3/ohlc
2026-08-28T09:00:00Z,Bitso,MXN,usdt_mxn,1h,16.948,"reported, not observed",api.bitso.com/api/v3/ohlc
2026-08-28T10:00:00Z,Bitso,MXN,usdt_mxn,1h,16.947,"reported, not observed",api.bitso.com/api/v3/ohlc
2026-08-28T11:00:00Z,Bitso,MXN,usdt_mxn,1h,16.945,"reported, not observed",api.bitso.com/api/v3/ohlc
2026-08-28T12:00:00Z,Bitso,MXN,usdt_mxn,1h,16.95,"reported, not observed",api.bitso.com/api/v3/ohlc
2026-08-28T13:00:00Z,Bitso,MXN,usdt_mxn,1h,16.961,"reported, not observed",api.bitso.com/api/v3/ohlc
2026-08-28T14:00:00Z,Bitso,MXN,usdt_mxn,1h,17.011,"reported, not observed",api.bitso.com/api/v3/ohlc
2026-08-28T15:00:00Z,Bitso,MXN,usdt_mxn,1h,17.024,"reported, not observed",api.bitso.com/api/v3/ohlc
2026-08-28T16:00:00Z,Bitso,MXN,usdt_mxn,1h,17.027,"reported, not observed",api.bitso.com/api/v3/ohlc
2026-08-28T17:00:00Z,Bitso,MXN,usdt_mxn,1h,17.028,"reported, not observed",api.bitso.com/api/v3/ohlc
2026-08-28T18:00:00Z,Bitso,MXN,usdt_mxn,1h,17.017,"reported, not observed",api.bitso.com/api/v3/ohlc
2026-08-28T19:00:00Z,Bitso,MXN,usdt_mxn,1h,16.999,"reported, not observed",api.bitso.com/api/v3/ohlc
2026-08-28T20:00:00Z,Bitso,MXN,usdt_mxn,1h,16.994,"reported, not observed",api.bitso.com/api/v3/ohlc
2026-08-28T21:00:00Z,Bitso,MXN,usdt_mxn,1h,17.023,"reported, not observed",api.bitso.com/api/v3/ohlc
2026-08-28T22:00:00Z,Bitso,MXN,usdt_mxn,1h,17.032,"reported, not observed",api.bitso.com/api/v3/ohlc
2026-08-28T23:00:00Z,Bitso,MXN,usdt_mxn,1h,17.033,"reported, not observed",api.bitso.com/api/v3/ohlc
2026-08-29T00:00:00Z,Bitso,MXN,usdt_mxn,1h,17.036,"reported, not observed",api.bitso.com/api/v3/ohlc
2026-08-29T01:00:00Z,Bitso,MXN,usdt_mxn,1h,17.04,"reported, not observed",api.bitso.com/api/v3/ohlc
2026-08-29T02:00:00Z,Bitso,MXN,usdt_mxn,1h,17.041,"reported, not observed",api.bitso.com/api/v3/ohlc
2026-08-29T03:00:00Z,Bitso,MXN,usdt_mxn,1h,17.041,"reported, not observed",api.bitso.com/api/v3/ohlc
2026-08-29T04:00:00Z,Bitso,MXN,usdt_mxn,1h,17.037,"reported, not observed",api.bitso.com/api/v3/ohlc
2026-08-29T05:00:00Z,Bitso,MXN,usdt_mxn,1h,17.04,"reported, not observed",api.bitso.com/api/v3/ohlc
2026-08-29T06:00:00Z,Bitso,MXN,usdt_mxn,1h,17.04,"reported, not observed",api.bitso.com/api/v3/ohlc
2026-08-29T07:00:00Z,Bitso,MXN,usdt_mxn,1h,17.04,"reported, not observed",api.bitso.com/api/v3/ohlc
2026-08-29T08:00:00Z,Bitso,MXN,usdt_mxn,1h,17.042,"reported, not observed",api.bitso.com/api/v3/ohlc
2026-08-29T09:00:00Z,Bitso,MXN,usdt_mxn,1h,17.041,"reported, not observed",api.bitso.com/api/v3/ohlc
2026-08-29T10:00:00Z,Bitso,MXN,usdt_mxn,1h,17.041,"reported, not observed",api.bitso.com/api/v3/ohlc
2026-08-29T11:00:00Z,Bitso,MXN,usdt_mxn,1h,17.041,"reported, not observed",api.bitso.com/api/v3/ohlc
2026-08-29T12:00:00Z,Bitso,MXN,usdt_mxn,1h,17.04,"reported, not observed",api.bitso.com/api/v3/ohlc
2026-08-29T13:00:00Z,Bitso,MXN,usdt_mxn,1h,17.041,"reported, not observed",api.bitso.com/api/v3/ohlc
2026-08-29T14:00:00Z,Bitso,MXN,usdt_mxn,1h,17.038,"reported, not observed",api.bitso.com/api/v3/ohlc
2026-08-29T15:00:00Z,Bitso,MXN,usdt_mxn,1h,17.037,"reported, not observed",api.bitso.com/api/v3/ohlc
2026-08-29T16:00:00Z,Bitso,MXN,usdt_mxn,1h,17.032,"reported, not observed",api.bitso.com/api/v3/ohlc
2026-08-29T17:00:00Z,Bitso,MXN,usdt_mxn,1h,17.028,"reported, not observed",api.bitso.com/api/v3/ohlc
2026-08-29T18:00:00Z,Bitso,MXN,usdt_mxn,1h,17.029,"reported, not observed",api.bitso.com/api/v3/ohlc
2026-08-29T19:00:00Z,Bitso,MXN,usdt_mxn,1h,17.029,"reported, not observed",api.bitso.com/api/v3/ohlc
2026-08-29T20:00:00Z,Bitso,MXN,usdt_mxn,1h,17.032,"reported, not observed",api.bitso.com/api/v3/ohlc
2026-08-29T21:00:00Z,Bitso,MXN,usdt_mxn,1h,17.032,"reported, not observed",api.bitso.com/api/v3/ohlc
2026-08-29T22:00:00Z,Bitso,MXN,usdt_mxn,1h,17.033,"reported, not observed",api.bitso.com/api/v3/ohlc
2026-08-29T23:00:00Z,Bitso,MXN,usdt_mxn,1h,17.035,"reported, not observed",api.bitso.com/api/v3/ohlc
2026-08-30T00:00:00Z,Bitso,MXN,usdt_mxn,1h,17.038,"reported, not observed",api.bitso.com/api/v3/ohlc
2026-08-30T01:00:00Z,Bitso,MXN,usdt_mxn,1h,17.035,"reported, not observed",api.bitso.com/api/v3/ohlc
2026-08-30T02:00:00Z,Bitso,MXN,usdt_mxn,1h,17.036,"reported, not observed",api.bitso.com/api/v3/ohlc
2026-08-30T03:00:00Z,Bitso,MXN,usdt_mxn,1h,17.035,"reported, not observed",api.bitso.com/api/v3/ohlc
2026-08-30T04:00:00Z,Bitso,MXN,usdt_mxn,1h,17.036,"reported, not observed",api.bitso.com/api/v3/ohlc
2026-08-30T05:00:00Z,Bitso,MXN,usdt_mxn,1h,17.037,"reported, not observed",api.bitso.com/api/v3/ohlc
2026-08-30T06:00:00Z,Bitso,MXN,usdt_mxn,1h,17.032,"reported, not observed",api.bitso.com/api/v3/ohlc
2026-08-30T07:00:00Z,Bitso,MXN,usdt_mxn,1h,17.031,"reported, not observed",api.bitso.com/api/v3/ohlc
2026-08-30T08:00:00Z,Bitso,MXN,usdt_mxn,1h,17.032,"reported, not observed",api.bitso.com/api/v3/ohlc
2026-08-30T09:00:00Z,Bitso,MXN,usdt_mxn,1h,17.034,"reported, not observed",api.bitso.com/api/v3/ohlc
2026-08-30T10:00:00Z,Bitso,MXN,usdt_mxn,1h,17.033,"reported, not observed",api.bitso.com/api/v3/ohlc
2026-08-30T11:00:00Z,Bitso,MXN,usdt_mxn,1h,17.034,"reported, not observed",api.bitso.com/api/v3/ohlc
2026-08-30T12:00:00Z,Bitso,MXN,usdt_mxn,1h,17.035,"reported, not observed",api.bitso.com/api/v3/ohlc
2026-08-30T13:00:00Z,Bitso,MXN,usdt_mxn,1h,17.035,"reported, not observed",api.bitso.com/api/v3/ohlc
2026-08-30T14:00:00Z,Bitso,MXN,usdt_mxn,1h,17.04,"reported, not observed",api.bitso.com/api/v3/ohlc
2026-08-30T15:00:00Z,Bitso,MXN,usdt_mxn,1h,17.045,"reported, not observed",api.bitso.com/api/v3/ohlc
2026-08-30T16:00:00Z,Bitso,MXN,usdt_mxn,1h,17.046,"reported, not observed",api.bitso.com/api/v3/ohlc
2026-08-30T17:00:00Z,Bitso,MXN,usdt_mxn,1h,17.047,"reported, not observed",api.bitso.com/api/v3/ohlc
2026-08-30T18:00:00Z,Bitso,MXN,usdt_mxn,1h,17.046,"reported, not observed",api.bitso.com/api/v3/ohlc
2026-08-30T19:00:00Z,Bitso,MXN,usdt_mxn,1h,17.031,"reported, not observed",api.bitso.com/api/v3/ohlc
2026-08-30T20:00:00Z,Bitso,MXN,usdt_mxn,1h,17.029,"reported, not observed",api.bitso.com/api/v3/ohlc
2026-08-30T21:00:00Z,Bitso,MXN,usdt_mxn,1h,17.033,"reported, not observed",api.bitso.com/api/v3/ohlc
2026-08-30T22:00:00Z,Bitso,MXN,usdt_mxn,1h,17.039,"reported, not observed",api.bitso.com/api/v3/ohlc
2026-08-30T23:00:00Z,Bitso,MXN,usdt_mxn,1h,17.046,"reported, not observed",api.bitso.com/api/v3/ohlc
2026-08-31T00:00:00Z,Bitso,MXN,usdt_mxn,1h,17.035,"reported, not observed",api.bitso.com/api/v3/ohlc
2026-08-31T01:00:00Z,Bitso,MXN,usdt_mxn,1h,17.032,"reported, not observed",api.bitso.com/api/v3/ohlc
2026-08-31T02:00:00Z,Bitso,MXN,usdt_mxn,1h,17.034,"reported, not observed",api.bitso.com/api/v3/ohlc
2026-08-31T03:00:00Z,Bitso,MXN,usdt_mxn,1h,17.036,"reported, not observed",api.bitso.com/api/v3/ohlc
2026-08-31T04:00:00Z,Bitso,MXN,usdt_mxn,1h,17.033,"reported, not observed",api.bitso.com/api/v3/ohlc
2026-08-31T05:00:00Z,Bitso,MXN,usdt_mxn,1h,17.031,"reported, not observed",api.bitso.com/api/v3/ohlc
2026-08-31T06:00:00Z,Bitso,MXN,usdt_mxn,1h,17.035,"reported, not observed",api.bitso.com/api/v3/ohlc
2026-08-31T07:00:00Z,Bitso,MXN,usdt_mxn,1h,17.026,"reported, not observed",api.bitso.com/api/v3/ohlc
2026-08-31T08:00:00Z,Bitso,MXN,usdt_mxn,1h,17.02,"reported, not observed",api.bitso.com/api/v3/ohlc
2026-08-31T09:00:00Z,Bitso,MXN,usdt_mxn,1h,17.011,"reported, not observed",api.bitso.com/api/v3/ohlc
2026-08-31T10:00:00Z,Bitso,MXN,usdt_mxn,1h,17.01,"reported, not observed",api.bitso.com/api/v3/ohlc
2026-08-31T11:00:00Z,Bitso,MXN,usdt_mxn,1h,17.006,"reported, not observed",api.bitso.com/api/v3/ohlc
2026-08-31T12:00:00Z,Bitso,MXN,usdt_mxn,1h,17.008,"reported, not observed",api.bitso.com/api/v3/ohlc
2026-08-31T13:00:00Z,Bitso,MXN,usdt_mxn,1h,17.022,"reported, not observed",api.bitso.com/api/v3/ohlc
2026-08-31T14:00:00Z,Bitso,MXN,usdt_mxn,1h,17.027,"reported, not observed",api.bitso.com/api/v3/ohlc
2026-08-31T15:00:00Z,Bitso,MXN,usdt_mxn,1h,17.006,"reported, not observed",api.bitso.com/api/v3/ohlc
2026-08-31T16:00:00Z,Bitso,MXN,usdt_mxn,1h,16.992,"reported, not observed",api.bitso.com/api/v3/ohlc
2026-08-31T17:00:00Z,Bitso,MXN,usdt_mxn,1h,16.983,"reported, not observed",api.bitso.com/api/v3/ohlc
2026-08-31T18:00:00Z,Bitso,MXN,usdt_mxn,1h,16.996,"reported, not observed",api.bitso.com/api/v3/ohlc
2026-08-31T19:00:00Z,Bitso,MXN,usdt_mxn,1h,16.983,"reported, not observed",api.bitso.com/api/v3/ohlc
2026-08-31T20:00:00Z,Bitso,MXN,usdt_mxn,1h,16.991,"reported, not observed",api.bitso.com/api/v3/ohlc
2026-08-31T21:00:00Z,Bitso,MXN,usdt_mxn,1h,16.996,"reported, not observed",api.bitso.com/api/v3/ohlc
2026-08-31T22:00:00Z,Bitso,MXN,usdt_mxn,1h,16.996,"reported, not observed",api.bitso.com/api/v3/ohlc
2026-08-31T23:00:00Z,Bitso,MXN,usdt_mxn,1h,16.998,"reported, not observed",api.bitso.com/api/v3/ohlc
2026-09-01T00:00:00Z,Bitso,MXN,usdt_mxn,1h,17.0,"reported, not observed",api.bitso.com/api/v3/ohlc
2026-09-01T01:00:00Z,Bitso,MXN,usdt_mxn,1h,16.997,"reported, not observed",api.bitso.com/api/v3/ohlc
2026-09-01T02:00:00Z,Bitso,MXN,usdt_mxn,1h,16.996,"reported, not observed",api.bitso.com/api/v3/ohlc
2026-09-01T03:00:00Z,Bitso,MXN,usdt_mxn,1h,16.999,"reported, not observed",api.bitso.com/api/v3/ohlc
2026-09-01T04:00:00Z,Bitso,MXN,usdt_mxn,1h,16.999,"reported, not observed",api.bitso.com/api/v3/ohlc
2026-09-01T05:00:00Z,Bitso,MXN,usdt_mxn,1h,16.995,"reported, not observed",api.bitso.com/api/v3/ohlc
2026-09-01T06:00:00Z,Bitso,MXN,usdt_mxn,1h,16.998,"reported, not observed",api.bitso.com/api/v3/ohlc
2026-09-01T07:00:00Z,Bitso,MXN,usdt_mxn,1h,17.007,"reported, not observed",api.bitso.com/api/v3/ohlc
2026-09-01T08:00:00Z,Bitso,MXN,usdt_mxn,1h,17.015,"reported, not observed",api.bitso.com/api/v3/ohlc
2026-09-01T09:00:00Z,Bitso,MXN,usdt_mxn,1h,17.003,"reported, not observed",api.bitso.com/api/v3/ohlc
2026-09-01T10:00:00Z,Bitso,MXN,usdt_mxn,1h,16.989,"reported, not observed",api.bitso.com/api/v3/ohlc
2026-09-01T11:00:00Z,Bitso,MXN,usdt_mxn,1h,16.985,"reported, not observed",api.bitso.com/api/v3/ohlc
2026-09-01T12:00:00Z,Bitso,MXN,usdt_mxn,1h,16.972,"reported, not observed",api.bitso.com/api/v3/ohlc
2026-09-01T13:00:00Z,Bitso,MXN,usdt_mxn,1h,16.952,"reported, not observed",api.bitso.com/api/v3/ohlc
2026-09-01T14:00:00Z,Bitso,MXN,usdt_mxn,1h,16.95,"reported, not observed",api.bitso.com/api/v3/ohlc
2026-09-01T15:00:00Z,Bitso,MXN,usdt_mxn,1h,16.958,"reported, not observed",api.bitso.com/api/v3/ohlc
2026-09-01T16:00:00Z,Bitso,MXN,usdt_mxn,1h,16.963,"reported, not observed",api.bitso.com/api/v3/ohlc
2026-09-01T17:00:00Z,Bitso,MXN,usdt_mxn,1h,16.974,"reported, not observed",api.bitso.com/api/v3/ohlc
2026-09-01T18:00:00Z,Bitso,MXN,usdt_mxn,1h,16.973,"reported, not observed",api.bitso.com/api/v3/ohlc
2026-09-01T19:00:00Z,Bitso,MXN,usdt_mxn,1h,16.98,"reported, not observed",api.bitso.com/api/v3/ohlc
2026-09-01T20:00:00Z,Bitso,MXN,usdt_mxn,1h,16.98,"reported, not observed",api.bitso.com/api/v3/ohlc
2026-09-01T21:00:00Z,Bitso,MXN,usdt_mxn,1h,16.97,"reported, not observed",api.bitso.com/api/v3/ohlc
2026-09-01T22:00:00Z,Bitso,MXN,usdt_mxn,1h,16.965,"reported, not observed",api.bitso.com/api/v3/ohlc
2026-09-01T23:00:00Z,Bitso,MXN,usdt_mxn,1h,16.97,"reported, not observed",api.bitso.com/api/v3/ohlc
2026-09-02T00:00:00Z,Bitso,MXN,usdt_mxn,1h,16.991,"reported, not observed",api.bitso.com/api/v3/ohlc
2026-09-02T01:00:00Z,Bitso,MXN,usdt_mxn,1h,16.996,"reported, not observed",api.bitso.com/api/v3/ohlc
2026-09-02T02:00:00Z,Bitso,MXN,usdt_mxn,1h,16.991,"reported, not observed",api.bitso.com/api/v3/ohlc
2026-09-02T03:00:00Z,Bitso,MXN,usdt_mxn,1h,16.998,"reported, not observed",api.bitso.com/api/v3/ohlc
2026-09-02T04:00:00Z,Bitso,MXN,usdt_mxn,1h,17.002,"reported, not observed",api.bitso.com/api/v3/ohlc
2026-09-02T05:00:00Z,Bitso,MXN,usdt_mxn,1h,16.989,"reported, not observed",api.bitso.com/api/v3/ohlc
2026-09-02T06:00:00Z,Bitso,MXN,usdt_mxn,1h,16.995,"reported, not observed",api.bitso.com/api/v3/ohlc
2026-09-02T07:00:00Z,Bitso,MXN,usdt_mxn,1h,16.983,"reported, not observed",api.bitso.com/api/v3/ohlc
2026-09-02T08:00:00Z,Bitso,MXN,usdt_mxn,1h,17.007,"reported, not observed",api.bitso.com/api/v3/ohlc
2026-09-02T09:00:00Z,Bitso,MXN,usdt_mxn,1h,17.004,"reported, not observed",api.bitso.com/api/v3/ohlc
2026-09-02T10:00:00Z,Bitso,MXN,usdt_mxn,1h,17.0,"reported, not observed",api.bitso.com/api/v3/ohlc
2026-09-02T11:00:00Z,Bitso,MXN,usdt_mxn,1h,16.981,"reported, not observed",api.bitso.com/api/v3/ohlc
2026-09-02T12:00:00Z,Bitso,MXN,usdt_mxn,1h,16.994,"reported, not observed",api.bitso.com/api/v3/ohlc
2026-09-02T13:00:00Z,Bitso,MXN,usdt_mxn,1h,16.963,"reported, not observed",api.bitso.com/api/v3/ohlc
2026-09-02T14:00:00Z,Bitso,MXN,usdt_mxn,1h,16.97,"reported, not observed",api.bitso.com/api/v3/ohlc
2026-09-02T15:00:00Z,Bitso,MXN,usdt_mxn,1h,16.968,"reported, not observed",api.bitso.com/api/v3/ohlc
2026-09-02T16:00:00Z,Bitso,MXN,usdt_mxn,1h,16.973,"reported, not observed",api.bitso.com/api/v3/ohlc
2026-09-02T17:00:00Z,Bitso,MXN,usdt_mxn,1h,16.955,"reported, not observed",api.bitso.com/api/v3/ohlc
2026-09-02T18:00:00Z,Bitso,MXN,usdt_mxn,1h,16.961,"reported, not observed",api.bitso.com/api/v3/ohlc
2026-09-02T19:00:00Z,Bitso,MXN,usdt_mxn,1h,16.973,"reported, not observed",api.bitso.com/api/v3/ohlc
2026-09-02T20:00:00Z,Bitso,MXN,usdt_mxn,1h,16.953,"reported, not observed",api.bitso.com/api/v3/ohlc
2026-09-02T21:00:00Z,Bitso,MXN,usdt_mxn,1h,16.982,"reported, not observed",api.bitso.com/api/v3/ohlc
2026-09-02T22:00:00Z,Bitso,MXN,usdt_mxn,1h,16.982,"reported, not observed",api.bitso.com/api/v3/ohlc
2026-09-02T23:00:00Z,Bitso,MXN,usdt_mxn,1h,16.985,"reported, not observed",api.bitso.com/api/v3/ohlc
2026-09-03T00:00:00Z,Bitso,MXN,usdt_mxn,1h,16.97,"reported, not observed",api.bitso.com/api/v3/ohlc
2026-09-03T01:00:00Z,Bitso,MXN,usdt_mxn,1h,16.978,"reported, not observed",api.bitso.com/api/v3/ohlc
2026-09-03T02:00:00Z,Bitso,MXN,usdt_mxn,1h,16.975,"reported, not observed",api.bitso.com/api/v3/ohlc
2026-09-03T03:00:00Z,Bitso,MXN,usdt_mxn,1h,16.972,"reported, not observed",api.bitso.com/api/v3/ohlc
2026-09-03T04:00:00Z,Bitso,MXN,usdt_mxn,1h,16.967,"reported, not observed",api.bitso.com/api/v3/ohlc
2026-09-03T05:00:00Z,Bitso,MXN,usdt_mxn,1h,16.971,"reported, not observed",api.bitso.com/api/v3/ohlc
2026-09-03T06:00:00Z,Bitso,MXN,usdt_mxn,1h,16.991,"reported, not observed",api.bitso.com/api/v3/ohlc
2026-09-03T07:00:00Z,Bitso,MXN,usdt_mxn,1h,17.021,"reported, not observed",api.bitso.com/api/v3/ohlc
2026-09-03T08:00:00Z,Bitso,MXN,usdt_mxn,1h,17.013,"reported, not observed",api.bitso.com/api/v3/ohlc
2026-09-03T09:00:00Z,Bitso,MXN,usdt_mxn,1h,17.002,"reported, not observed",api.bitso.com/api/v3/ohlc
2026-09-03T10:00:00Z,Bitso,MXN,usdt_mxn,1h,17.0,"reported, not observed",api.bitso.com/api/v3/ohlc
2026-09-03T11:00:00Z,Bitso,MXN,usdt_mxn,1h,16.988,"reported, not observed",api.bitso.com/api/v3/ohlc
2026-09-03T12:00:00Z,Bitso,MXN,usdt_mxn,1h,16.984,"reported, not observed",api.bitso.com/api/v3/ohlc
2026-09-03T13:00:00Z,Bitso,MXN,usdt_mxn,1h,16.96,"reported, not observed",api.bitso.com/api/v3/ohlc
2026-09-03T14:00:00Z,Bitso,MXN,usdt_mxn,1h,16.955,"reported, not observed",api.bitso.com/api/v3/ohlc
2026-09-03T15:00:00Z,Bitso,MXN,usdt_mxn,1h,16.959,"reported, not observed",api.bitso.com/api/v3/ohlc
2026-09-03T16:00:00Z,Bitso,MXN,usdt_mxn,1h,16.95,"reported, not observed",api.bitso.com/api/v3/ohlc
2026-09-03T17:00:00Z,Bitso,MXN,usdt_mxn,1h,16.935,"reported, not observed",api.bitso.com/api/v3/ohlc
2026-09-03T18:00:00Z,Bitso,MXN,usdt_mxn,1h,16.92,"reported, not observed",api.bitso.com/api/v3/ohlc
2026-09-03T19:00:00Z,Bitso,MXN,usdt_mxn,1h,16.921,"reported, not observed",api.bitso.com/api/v3/ohlc
2026-09-03T20:00:00Z,Bitso,MXN,usdt_mxn,1h,16.921,"reported, not observed",api.bitso.com/api/v3/ohlc
2026-09-03T21:00:00Z,Bitso,MXN,usdt_mxn,1h,16.921,"reported, not observed",api.bitso.com/api/v3/ohlc
2026-09-03T22:00:00Z,Bitso,MXN,usdt_mxn,1h,16.902,"reported, not observed",api.bitso.com/api/v3/ohlc
2026-09-03T23:00:00Z,Bitso,MXN,usdt_mxn,1h,16.892,"reported, not observed",api.bitso.com/api/v3/ohlc
2026-09-04T00:00:00Z,Bitso,MXN,usdt_mxn,1h,16.886,"reported, not observed",api.bitso.com/api/v3/ohlc
2026-09-04T01:00:00Z,Bitso,MXN,usdt_mxn,1h,16.885,"reported, not observed",api.bitso.com/api/v3/ohlc
2026-09-04T02:00:00Z,Bitso,MXN,usdt_mxn,1h,16.895,"reported, not observed",api.bitso.com/api/v3/ohlc
2026-09-04T03:00:00Z,Bitso,MXN,usdt_mxn,1h,16.893,"reported, not observed",api.bitso.com/api/v3/ohlc
2026-09-04T04:00:00Z,Bitso,MXN,usdt_mxn,1h,16.893,"reported, not observed",api.bitso.com/api/v3/ohlc
2026-09-04T05:00:00Z,Bitso,MXN,usdt_mxn,1h,16.89,"reported, not observed",api.bitso.com/api/v3/ohlc
2026-09-04T06:00:00Z,Bitso,MXN,usdt_mxn,1h,16.897,"reported, not observed",api.bitso.com/api/v3/ohlc
2026-09-04T07:00:00Z,Bitso,MXN,usdt_mxn,1h,16.894,"reported, not observed",api.bitso.com/api/v3/ohlc
2026-09-04T08:00:00Z,Bitso,MXN,usdt_mxn,1h,16.897,"reported, not observed",api.bitso.com/api/v3/ohlc
2026-09-04T09:00:00Z,Bitso,MXN,usdt_mxn,1h,16.892,"reported, not observed",api.bitso.com/api/v3/ohlc
2026-09-04T10:00:00Z,Bitso,MXN,usdt_mxn,1h,16.891,"reported, not observed",api.bitso.com/api/v3/ohlc
2026-09-04T11:00:00Z,Bitso,MXN,usdt_mxn,1h,16.89,"reported, not observed",api.bitso.com/api/v3/ohlc
2026-09-04T12:00:00Z,Bitso,MXN,usdt_mxn,1h,16.897,"reported, not observed",api.bitso.com/api/v3/ohlc
2026-09-04T13:00:00Z,Bitso,MXN,usdt_mxn,1h,16.894,"reported, not observed",api.bitso.com/api/v3/ohlc
2026-09-04T14:00:00Z,Bitso,MXN,usdt_mxn,1h,16.873,"reported, not observed",api.bitso.com/api/v3/ohlc
2026-09-04T15:00:00Z,Bitso,MXN,usdt_mxn,1h,16.866,"reported, not observed",api.bitso.com/api/v3/ohlc
2026-09-04T16:00:00Z,Bitso,MXN,usdt_mxn,1h,16.857,"reported, not observed",api.bitso.com/api/v3/ohlc
2026-09-04T17:00:00Z,Bitso,MXN,usdt_mxn,1h,16.891,"reported, not observed",api.bitso.com/api/v3/ohlc
2026-09-04T18:00:00Z,Bitso,MXN,usdt_mxn,1h,16.899,"reported, not observed",api.bitso.com/api/v3/ohlc
2026-09-04T19:00:00Z,Bitso,MXN,usdt_mxn,1h,16.884,"reported, not observed",api.bitso.com/api/v3/ohlc
2026-09-04T20:00:00Z,Bitso,MXN,usdt_mxn,1h,16.893,"reported, not observed",api.bitso.com/api/v3/ohlc
2026-09-04T21:00:00Z,Bitso,MXN,usdt_mxn,1h,16.897,"reported, not observed",api.bitso.com/api/v3/ohlc
2026-09-04T22:00:00Z,Bitso,MXN,usdt_mxn,1h,16.894,"reported, not observed",api.bitso.com/api/v3/ohlc
2026-09-04T23:00:00Z,Bitso,MXN,usdt_mxn,1h,16.893,"reported, not observed",api.bitso.com/api/v3/ohlc
2026-09-05T00:00:00Z,Bitso,MXN,usdt_mxn,1h,16.891,"reported, not observed",api.bitso.com/api/v3/ohlc
2026-09-05T01:00:00Z,Bitso,MXN,usdt_mxn,1h,16.89,"reported, not observed",api.bitso.com/api/v3/ohlc
2026-09-05T02:00:00Z,Bitso,MXN,usdt_mxn,1h,16.891,"reported, not observed",api.bitso.com/api/v3/ohlc
2026-09-05T03:00:00Z,Bitso,MXN,usdt_mxn,1h,16.891,"reported, not observed",api.bitso.com/api/v3/ohlc
2026-09-05T04:00:00Z,Bitso,MXN,usdt_mxn,1h,16.891,"reported, not observed",api.bitso.com/api/v3/ohlc
2026-09-05T05:00:00Z,Bitso,MXN,usdt_mxn,1h,16.891,"reported, not observed",api.bitso.com/api/v3/ohlc
2026-09-05T06:00:00Z,Bitso,MXN,usdt_mxn,1h,16.891,"reported, not observed",api.bitso.com/api/v3/ohlc
2026-09-05T07:00:00Z,Bitso,MXN,usdt_mxn,1h,16.892,"reported, not observed",api.bitso.com/api/v3/ohlc
2026-09-05T08:00:00Z,Bitso,MXN,usdt_mxn,1h,16.89,"reported, not observed",api.bitso.com/api/v3/ohlc
2026-09-05T09:00:00Z,Bitso,MXN,usdt_mxn,1h,16.889,"reported, not observed",api.bitso.com/api/v3/ohlc
2026-09-05T10:00:00Z,Bitso,MXN,usdt_mxn,1h,16.885,"reported, not observed",api.bitso.com/api/v3/ohlc
2026-09-05T11:00:00Z,Bitso,MXN,usdt_mxn,1h,16.882,"reported, not observed",api.bitso.com/api/v3/ohlc
2026-09-05T12:00:00Z,Bitso,MXN,usdt_mxn,1h,16.885,"reported, not observed",api.bitso.com/api/v3/ohlc
2026-09-05T13:00:00Z,Bitso,MXN,usdt_mxn,1h,16.886,"reported, not observed",api.bitso.com/api/v3/ohlc
2026-09-05T14:00:00Z,Bitso,MXN,usdt_mxn,1h,16.888,"reported, not observed",api.bitso.com/api/v3/ohlc
2026-09-05T15:00:00Z,Bitso,MXN,usdt_mxn,1h,16.888,"reported, not observed",api.bitso.com/api/v3/ohlc
2026-09-05T16:00:00Z,Bitso,MXN,usdt_mxn,1h,16.899,"reported, not observed",api.bitso.com/api/v3/ohlc
2026-09-05T17:00:00Z,Bitso,MXN,usdt_mxn,1h,16.894,"reported, not observed",api.bitso.com/api/v3/ohlc
2026-09-05T18:00:00Z,Bitso,MXN,usdt_mxn,1h,16.893,"reported, not observed",api.bitso.com/api/v3/ohlc
2026-09-05T19:00:00Z,Bitso,MXN,usdt_mxn,1h,16.892,"reported, not observed",api.bitso.com/api/v3/ohlc
2026-09-05T20:00:00Z,Bitso,MXN,usdt_mxn,1h,16.895,"reported, not observed",api.bitso.com/api/v3/ohlc
2026-09-05T21:00:00Z,Bitso,MXN,usdt_mxn,1h,16.894,"reported, not observed",api.bitso.com/api/v3/ohlc
2026-09-05T22:00:00Z,Bitso,MXN,usdt_mxn,1h,16.895,"reported, not observed",api.bitso.com/api/v3/ohlc
2026-09-05T23:00:00Z,Bitso,MXN,usdt_mxn,1h,16.901,"reported, not observed",api.bitso.com/api/v3/ohlc
2026-09-06T00:00:00Z,Bitso,MXN,usdt_mxn,1h,16.896,"reported, not observed",api.bitso.com/api/v3/ohlc
2026-09-06T01:00:00Z,Bitso,MXN,usdt_mxn,1h,16.895,"reported, not observed",api.bitso.com/api/v3/ohlc
2026-09-06T02:00:00Z,Bitso,MXN,usdt_mxn,1h,16.895,"reported, not observed",api.bitso.com/api/v3/ohlc
2026-09-06T03:00:00Z,Bitso,MXN,usdt_mxn,1h,16.891,"reported, not observed",api.bitso.com/api/v3/ohlc
2026-09-06T04:00:00Z,Bitso,MXN,usdt_mxn,1h,16.89,"reported, not observed",api.bitso.com/api/v3/ohlc
2026-09-06T05:00:00Z,Bitso,MXN,usdt_mxn,1h,16.897,"reported, not observed",api.bitso.com/api/v3/ohlc
2026-09-06T06:00:00Z,Bitso,MXN,usdt_mxn,1h,16.895,"reported, not observed",api.bitso.com/api/v3/ohlc
2026-09-06T07:00:00Z,Bitso,MXN,usdt_mxn,1h,16.894,"reported, not observed",api.bitso.com/api/v3/ohlc
2026-09-06T08:00:00Z,Bitso,MXN,usdt_mxn,1h,16.895,"reported, not observed",api.bitso.com/api/v3/ohlc
2026-09-06T09:00:00Z,Bitso,MXN,usdt_mxn,1h,16.895,"reported, not observed",api.bitso.com/api/v3/ohlc
2026-09-06T10:00:00Z,Bitso,MXN,usdt_mxn,1h,16.894,"reported, not observed",api.bitso.com/api/v3/ohlc
2026-09-06T11:00:00Z,Bitso,MXN,usdt_mxn,1h,16.894,"reported, not observed",api.bitso.com/api/v3/ohlc
2026-09-06T12:00:00Z,Bitso,MXN,usdt_mxn,1h,16.894,"reported, not observed",api.bitso.com/api/v3/ohlc
2026-09-06T13:00:00Z,Bitso,MXN,usdt_mxn,1h,16.894,"reported, not observed",api.bitso.com/api/v3/ohlc
2026-09-06T14:00:00Z,Bitso,MXN,usdt_mxn,1h,16.895,"reported, not observed",api.bitso.com/api/v3/ohlc
2026-09-06T15:00:00Z,Bitso,MXN,usdt_mxn,1h,16.894,"reported, not observed",api.bitso.com/api/v3/ohlc
2026-09-06T16:00:00Z,Bitso,MXN,usdt_mxn,1h,16.89,"reported, not observed",api.bitso.com/api/v3/ohlc
2026-09-06T17:00:00Z,Bitso,MXN,usdt_mxn,1h,16.893,"reported, not observed",api.bitso.com/api/v3/ohlc
2026-09-06T18:00:00Z,Bitso,MXN,usdt_mxn,1h,16.898,"reported, not observed",api.bitso.com/api/v3/ohlc
2026-09-06T19:00:00Z,Bitso,MXN,usdt_mxn,1h,16.892,"reported, not observed",api.bitso.com/api/v3/ohlc
2026-09-06T20:00:00Z,Bitso,MXN,usdt_mxn,1h,16.892,"reported, not observed",api.bitso.com/api/v3/ohlc
2026-09-06T21:00:00Z,Bitso,MXN,usdt_mxn,1h,16.895,"reported, not observed",api.bitso.com/api/v3/ohlc
2026-09-06T22:00:00Z,Bitso,MXN,usdt_mxn,1h,16.89,"reported, not observed",api.bitso.com/api/v3/ohlc
2026-09-06T23:00:00Z,Bitso,MXN,usdt_mxn,1h,16.892,"reported, not observed",api.bitso.com/api/v3/ohlc
2026-09-07T00:00:00Z,Bitso,MXN,usdt_mxn,1h,16.898,"reported, not observed",api.bitso.com/api/v3/ohlc
2026-09-07T01:00:00Z,Bitso,MXN,usdt_mxn,1h,16.902,"reported, not observed",api.bitso.com/api/v3/ohlc
2026-09-07T02:00:00Z,Bitso,MXN,usdt_mxn,1h,16.904,"reported, not observed",api.bitso.com/api/v3/ohlc
2026-09-07T03:00:00Z,Bitso,MXN,usdt_mxn,1h,16.907,"reported, not observed",api.bitso.com/api/v3/ohlc
2026-09-07T04:00:00Z,Bitso,MXN,usdt_mxn,1h,16.906,"reported, not observed",api.bitso.com/api/v3/ohlc
2026-09-07T05:00:00Z,Bitso,MXN,usdt_mxn,1h,16.907,"reported, not observed",api.bitso.com/api/v3/ohlc
2026-09-07T06:00:00Z,Bitso,MXN,usdt_mxn,1h,16.906,"reported, not observed",api.bitso.com/api/v3/ohlc
2026-09-07T07:00:00Z,Bitso,MXN,usdt_mxn,1h,16.905,"reported, not observed",api.bitso.com/api/v3/ohlc
2026-09-07T08:00:00Z,Bitso,MXN,usdt_mxn,1h,16.922,"reported, not observed",api.bitso.com/api/v3/ohlc
2026-09-07T09:00:00Z,Bitso,MXN,usdt_mxn,1h,16.899,"reported, not observed",api.bitso.com/api/v3/ohlc
2026-09-07T10:00:00Z,Bitso,MXN,usdt_mxn,1h,16.893,"reported, not observed",api.bitso.com/api/v3/ohlc
2026-09-07T11:00:00Z,Bitso,MXN,usdt_mxn,1h,16.895,"reported, not observed",api.bitso.com/api/v3/ohlc
2026-09-07T12:00:00Z,Bitso,MXN,usdt_mxn,1h,16.869,"reported, not observed",api.bitso.com/api/v3/ohlc
2026-09-07T13:00:00Z,Bitso,MXN,usdt_mxn,1h,16.882,"reported, not observed",api.bitso.com/api/v3/ohlc
2026-09-07T14:00:00Z,Bitso,MXN,usdt_mxn,1h,16.9,"reported, not observed",api.bitso.com/api/v3/ohlc
2026-09-07T15:00:00Z,Bitso,MXN,usdt_mxn,1h,16.924,"reported, not observed",api.bitso.com/api/v3/ohlc
2026-09-07T16:00:00Z,Bitso,MXN,usdt_mxn,1h,16.923,"reported, not observed",api.bitso.com/api/v3/ohlc
2026-09-07T17:00:00Z,Bitso,MXN,usdt_mxn,1h,16.932,"reported, not observed",api.bitso.com/api/v3/ohlc
2026-09-07T18:00:00Z,Bitso,MXN,usdt_mxn,1h,16.936,"reported, not observed",api.bitso.com/api/v3/ohlc
2026-09-07T19:00:00Z,Bitso,MXN,usdt_mxn,1h,16.937,"reported, not observed",api.bitso.com/api/v3/ohlc
2026-09-07T20:00:00Z,Bitso,MXN,usdt_mxn,1h,16.926,"reported, not observed",api.bitso.com/api/v3/ohlc
2026-09-07T21:00:00Z,Bitso,MXN,usdt_mxn,1h,16.915,"reported, not observed",api.bitso.com/api/v3/ohlc
2026-09-07T22:00:00Z,Bitso,MXN,usdt_mxn,1h,16.936,"reported, not observed",api.bitso.com/api/v3/ohlc
2026-09-07T23:00:00Z,Bitso,MXN,usdt_mxn,1h,16.949,"reported, not observed",api.bitso.com/api/v3/ohlc
2026-09-08T00:00:00Z,Bitso,MXN,usdt_mxn,1h,16.941,"reported, not observed",api.bitso.com/api/v3/ohlc
2026-09-08T01:00:00Z,Bitso,MXN,usdt_mxn,1h,16.949,"reported, not observed",api.bitso.com/api/v3/ohlc
2026-09-08T02:00:00Z,Bitso,MXN,usdt_mxn,1h,16.979,"reported, not observed",api.bitso.com/api/v3/ohlc
2026-09-08T03:00:00Z,Bitso,MXN,usdt_mxn,1h,16.962,"reported, not observed",api.bitso.com/api/v3/ohlc
2026-09-08T04:00:00Z,Bitso,MXN,usdt_mxn,1h,16.959,"reported, not observed",api.bitso.com/api/v3/ohlc
2026-09-08T05:00:00Z,Bitso,MXN,usdt_mxn,1h,16.964,"reported, not observed",api.bitso.com/api/v3/ohlc
2026-09-08T06:00:00Z,Bitso,MXN,usdt_mxn,1h,16.97,"reported, not observed",api.bitso.com/api/v3/ohlc
2026-09-08T07:00:00Z,Bitso,MXN,usdt_mxn,1h,16.982,"reported, not observed",api.bitso.com/api/v3/ohlc
2026-09-08T08:00:00Z,Bitso,MXN,usdt_mxn,1h,16.978,"reported, not observed",api.bitso.com/api/v3/ohlc
2026-09-08T09:00:00Z,Bitso,MXN,usdt_mxn,1h,16.973,"reported, not observed",api.bitso.com/api/v3/ohlc
2026-09-08T10:00:00Z,Bitso,MXN,usdt_mxn,1h,16.959,"reported, not observed",api.bitso.com/api/v3/ohlc
2026-09-08T11:00:00Z,Bitso,MXN,usdt_mxn,1h,16.947,"reported, not observed",api.bitso.com/api/v3/ohlc
2026-09-08T12:00:00Z,Bitso,MXN,usdt_mxn,1h,16.943,"reported, not observed",api.bitso.com/api/v3/ohlc
2026-09-08T13:00:00Z,Bitso,MXN,usdt_mxn,1h,16.934,"reported, not observed",api.bitso.com/api/v3/ohlc
2026-09-08T14:00:00Z,Bitso,MXN,usdt_mxn,1h,16.915,"reported, not observed",api.bitso.com/api/v3/ohlc
2026-09-08T15:00:00Z,Bitso,MXN,usdt_mxn,1h,16.916,"reported, not observed",api.bitso.com/api/v3/ohlc
2026-09-08T16:00:00Z,Bitso,MXN,usdt_mxn,1h,16.925,"reported, not observed",api.bitso.com/api/v3/ohlc
2026-09-08T17:00:00Z,Bitso,MXN,usdt_mxn,1h,16.921,"reported, not observed",api.bitso.com/api/v3/ohlc
2026-09-08T18:00:00Z,Bitso,MXN,usdt_mxn,1h,16.911,"reported, not observed",api.bitso.com/api/v3/ohlc
2026-09-08T19:00:00Z,Bitso,MXN,usdt_mxn,1h,16.916,"reported, not observed",api.bitso.com/api/v3/ohlc
2026-09-08T20:00:00Z,Bitso,MXN,usdt_mxn,1h,16.92,"reported, not observed",api.bitso.com/api/v3/ohlc
2026-09-08T21:00:00Z,Bitso,MXN,usdt_mxn,1h,16.926,"reported, not observed",api.bitso.com/api/v3/ohlc
2026-09-08T22:00:00Z,Bitso,MXN,usdt_mxn,1h,16.92,"reported, not observed",api.bitso.com/api/v3/ohlc
2026-09-08T23:00:00Z,Bitso,MXN,usdt_mxn,1h,16.922,"reported, not observed",api.bitso.com/api/v3/ohlc
2026-09-09T00:00:00Z,Bitso,MXN,usdt_mxn,1h,16.922,"reported, not observed",api.bitso.com/api/v3/ohlc
2026-09-09T01:00:00Z,Bitso,MXN,usdt_mxn,1h,16.926,"reported, not observed",api.bitso.com/api/v3/ohlc
2026-09-09T02:00:00Z,Bitso,MXN,usdt_mxn,1h,16.926,"reported, not observed",api.bitso.com/api/v3/ohlc
2026-09-09T03:00:00Z,Bitso,MXN,usdt_mxn,1h,16.925,"reported, not observed",api.bitso.com/api/v3/ohlc
2026-09-09T04:00:00Z,Bitso,MXN,usdt_mxn,1h,16.925,"reported, not observed",api.bitso.com/api/v3/ohlc
2026-09-09T05:00:00Z,Bitso,MXN,usdt_mxn,1h,16.925,"reported, not observed",api.bitso.com/api/v3/ohlc
2026-09-09T06:00:00Z,Bitso,MXN,usdt_mxn,1h,16.921,"reported, not observed",api.bitso.com/api/v3/ohlc
2026-09-09T07:00:00Z,Bitso,MXN,usdt_mxn,1h,16.911,"reported, not observed",api.bitso.com/api/v3/ohlc
2026-09-09T08:00:00Z,Bitso,MXN,usdt_mxn,1h,16.908,"reported, not observed",api.bitso.com/api/v3/ohlc
2026-09-09T09:00:00Z,Bitso,MXN,usdt_mxn,1h,16.911,"reported, not observed",api.bitso.com/api/v3/ohlc
2026-09-09T10:00:00Z,Bitso,MXN,usdt_mxn,1h,16.901,"reported, not observed",api.bitso.com/api/v3/ohlc
2026-09-09T11:00:00Z,Bitso,MXN,usdt_mxn,1h,16.896,"reported, not observed",api.bitso.com/api/v3/ohlc
2026-09-09T12:00:00Z,Bitso,MXN,usdt_mxn,1h,16.888,"reported, not observed",api.bitso.com/api/v3/ohlc
2026-09-09T13:00:00Z,Bitso,MXN,usdt_mxn,1h,16.888,"reported, not observed",api.bitso.com/api/v3/ohlc
2026-09-09T14:00:00Z,Bitso,MXN,usdt_mxn,1h,16.887,"reported, not observed",api.bitso.com/api/v3/ohlc
2026-09-09T15:00:00Z,Bitso,MXN,usdt_mxn,1h,16.893,"reported, not observed",api.bitso.com/api/v3/ohlc
2026-09-09T16:00:00Z,Bitso,MXN,usdt_mxn,1h,16.879,"reported, not observed",api.bitso.com/api/v3/ohlc
2026-09-09T17:00:00Z,Bitso,MXN,usdt_mxn,1h,16.887,"reported, not observed",api.bitso.com/api/v3/ohlc
2026-09-09T18:00:00Z,Bitso,MXN,usdt_mxn,1h,16.906,"reported, not observed",api.bitso.com/api/v3/ohlc
2026-09-09T19:00:00Z,Bitso,MXN,usdt_mxn,1h,16.901,"reported, not observed",api.bitso.com/api/v3/ohlc
2026-09-09T20:00:00Z,Bitso,MXN,usdt_mxn,1h,16.903,"reported, not observed",api.bitso.com/api/v3/ohlc
2026-09-09T21:00:00Z,Bitso,MXN,usdt_mxn,1h,16.902,"reported, not observed",api.bitso.com/api/v3/ohlc
2026-09-09T22:00:00Z,Bitso,MXN,usdt_mxn,1h,16.903,"reported, not observed",api.bitso.com/api/v3/ohlc
2026-09-09T23:00:00Z,Bitso,MXN,usdt_mxn,1h,16.893,"reported, not observed",api.bitso.com/api/v3/ohlc
2026-09-10T00:00:00Z,Bitso,MXN,usdt_mxn,1h,16.893,"reported, not observed",api.bitso.com/api/v3/ohlc
2026-09-10T01:00:00Z,Bitso,MXN,usdt_mxn,1h,16.895,"reported, not observed",api.bitso.com/api/v3/ohlc
2026-09-10T02:00:00Z,Bitso,MXN,usdt_mxn,1h,16.894,"reported, not observed",api.bitso.com/api/v3/ohlc
2026-09-10T03:00:00Z,Bitso,MXN,usdt_mxn,1h,16.892,"reported, not observed",api.bitso.com/api/v3/ohlc
2026-09-10T04:00:00Z,Bitso,MXN,usdt_mxn,1h,16.889,"reported, not observed",api.bitso.com/api/v3/ohlc
2026-09-10T05:00:00Z,Bitso,MXN,usdt_mxn,1h,16.885,"reported, not observed",api.bitso.com/api/v3/ohlc
2026-09-10T06:00:00Z,Bitso,MXN,usdt_mxn,1h,16.892,"reported, not observed",api.bitso.com/api/v3/ohlc
2026-09-10T07:00:00Z,Bitso,MXN,usdt_mxn,1h,16.9,"reported, not observed",api.bitso.com/api/v3/ohlc
2026-09-10T08:00:00Z,Bitso,MXN,usdt_mxn,1h,16.908,"reported, not observed",api.bitso.com/api/v3/ohlc
2026-09-10T09:00:00Z,Bitso,MXN,usdt_mxn,1h,16.899,"reported, not observed",api.bitso.com/api/v3/ohlc
2026-09-10T10:00:00Z,Bitso,MXN,usdt_mxn,1h,16.901,"reported, not observed",api.bitso.com/api/v3/ohlc
2026-09-10T11:00:00Z,Bitso,MXN,usdt_mxn,1h,16.917,"reported, not observed",api.bitso.com/api/v3/ohlc
2026-09-10T12:00:00Z,Bitso,MXN,usdt_mxn,1h,16.977,"reported, not observed",api.bitso.com/api/v3/ohlc
2026-09-10T13:00:00Z,Bitso,MXN,usdt_mxn,1h,16.996,"reported, not observed",api.bitso.com/api/v3/ohlc
2026-09-10T14:00:00Z,Bitso,MXN,usdt_mxn,1h,16.965,"reported, not observed",api.bitso.com/api/v3/ohlc
2026-09-10T15:00:00Z,Bitso,MXN,usdt_mxn,1h,16.957,"reported, not observed",api.bitso.com/api/v3/ohlc
2026-09-10T16:00:00Z,Bitso,MXN,usdt_mxn,1h,16.945,"reported, not observed",api.bitso.com/api/v3/ohlc
2026-09-10T17:00:00Z,Bitso,MXN,usdt_mxn,1h,16.949,"reported, not observed",api.bitso.com/api/v3/ohlc
2026-09-10T18:00:00Z,Bitso,MXN,usdt_mxn,1h,16.953,"reported, not observed",api.bitso.com/api/v3/ohlc
2026-09-10T19:00:00Z,Bitso,MXN,usdt_mxn,1h,16.979,"reported, not observed",api.bitso.com/api/v3/ohlc
2026-09-10T20:00:00Z,Bitso,MXN,usdt_mxn,1h,16.981,"reported, not observed",api.bitso.com/api/v3/ohlc
2026-09-10T21:00:00Z,Bitso,MXN,usdt_mxn,1h,16.971,"reported, not observed",api.bitso.com/api/v3/ohlc
2026-09-10T22:00:00Z,Bitso,MXN,usdt_mxn,1h,16.977,"reported, not observed",api.bitso.com/api/v3/ohlc
2026-09-10T23:00:00Z,Bitso,MXN,usdt_mxn,1h,16.984,"reported, not observed",api.bitso.com/api/v3/ohlc
2026-09-11T00:00:00Z,Bitso,MXN,usdt_mxn,1h,16.977,"reported, not observed",api.bitso.com/api/v3/ohlc
2026-09-11T01:00:00Z,Bitso,MXN,usdt_mxn,1h,16.98,"reported, not observed",api.bitso.com/api/v3/ohlc
2026-09-11T02:00:00Z,Bitso,MXN,usdt_mxn,1h,16.992,"reported, not observed",api.bitso.com/api/v3/ohlc
2026-09-11T03:00:00Z,Bitso,MXN,usdt_mxn,1h,16.996,"reported, not observed",api.bitso.com/api/v3/ohlc
2026-09-11T04:00:00Z,Bitso,MXN,usdt_mxn,1h,16.985,"reported, not observed",api.bitso.com/api/v3/ohlc
2026-09-11T05:00:00Z,Bitso,MXN,usdt_mxn,1h,16.967,"reported, not observed",api.bitso.com/api/v3/ohlc
2026-09-11T06:00:00Z,Bitso,MXN,usdt_mxn,1h,16.961,"reported, not observed",api.bitso.com/api/v3/ohlc
2026-09-11T07:00:00Z,Bitso,MXN,usdt_mxn,1h,16.95,"reported, not observed",api.bitso.com/api/v3/ohlc
2026-09-11T08:00:00Z,Bitso,MXN,usdt_mxn,1h,16.956,"reported, not observed",api.bitso.com/api/v3/ohlc
2026-09-11T09:00:00Z,Bitso,MXN,usdt_mxn,1h,16.949,"reported, not observed",api.bitso.com/api/v3/ohlc
2026-09-11T10:00:00Z,Bitso,MXN,usdt_mxn,1h,16.959,"reported, not observed",api.bitso.com/api/v3/ohlc
2026-09-11T11:00:00Z,Bitso,MXN,usdt_mxn,1h,16.957,"reported, not observed",api.bitso.com/api/v3/ohlc
2026-09-11T12:00:00Z,Bitso,MXN,usdt_mxn,1h,16.918,"reported, not observed",api.bitso.com/api/v3/ohlc
2026-09-11T13:00:00Z,Bitso,MXN,usdt_mxn,1h,16.935,"reported, not observed",api.bitso.com/api/v3/ohlc
2026-09-11T14:00:00Z,Bitso,MXN,usdt_mxn,1h,16.961,"reported, not observed",api.bitso.com/api/v3/ohlc
2026-09-11T15:00:00Z,Bitso,MXN,usdt_mxn,1h,16.964,"reported, not observed",api.bitso.com/api/v3/ohlc
2026-09-11T16:00:00Z,Bitso,MXN,usdt_mxn,1h,16.964,"reported, not observed",api.bitso.com/api/v3/ohlc
2026-09-11T17:00:00Z,Bitso,MXN,usdt_mxn,1h,16.96,"reported, not observed",api.bitso.com/api/v3/ohlc
2026-09-11T18:00:00Z,Bitso,MXN,usdt_mxn,1h,16.958,"reported, not observed",api.bitso.com/api/v3/ohlc
2026-09-11T19:00:00Z,Bitso,MXN,usdt_mxn,1h,16.97,"reported, not observed",api.bitso.com/api/v3/ohlc
2026-09-11T20:00:00Z,Bitso,MXN,usdt_mxn,1h,16.976,"reported, not observed",api.bitso.com/api/v3/ohlc
2026-09-11T21:00:00Z,Bitso,MXN,usdt_mxn,1h,16.976,"reported, not observed",api.bitso.com/api/v3/ohlc
2026-09-11T22:00:00Z,Bitso,MXN,usdt_mxn,1h,16.972,"reported, not observed",api.bitso.com/api/v3/ohlc
2026-09-11T23:00:00Z,Bitso,MXN,usdt_mxn,1h,16.971,"reported, not observed",api.bitso.com/api/v3/ohlc
2026-09-12T00:00:00Z,Bitso,MXN,usdt_mxn,1h,16.976,"reported, not observed",api.bitso.com/api/v3/ohlc
2026-09-12T01:00:00Z,Bitso,MXN,usdt_mxn,1h,16.975,"reported, not observed",api.bitso.com/api/v3/ohlc
2026-09-12T02:00:00Z,Bitso,MXN,usdt_mxn,1h,16.978,"reported, not observed",api.bitso.com/api/v3/ohlc
2026-09-12T03:00:00Z,Bitso,MXN,usdt_mxn,1h,16.979,"reported, not observed",api.bitso.com/api/v3/ohlc
2026-09-12T04:00:00Z,Bitso,MXN,usdt_mxn,1h,16.978,"reported, not observed",api.bitso.com/api/v3/ohlc
2026-09-12T05:00:00Z,Bitso,MXN,usdt_mxn,1h,16.974,"reported, not observed",api.bitso.com/api/v3/ohlc
2026-09-12T06:00:00Z,Bitso,MXN,usdt_mxn,1h,16.974,"reported, not observed",api.bitso.com/api/v3/ohlc
2026-09-12T07:00:00Z,Bitso,MXN,usdt_mxn,1h,16.975,"reported, not observed",api.bitso.com/api/v3/ohlc
2026-09-12T08:00:00Z,Bitso,MXN,usdt_mxn,1h,16.975,"reported, not observed",api.bitso.com/api/v3/ohlc
2026-09-12T09:00:00Z,Bitso,MXN,usdt_mxn,1h,16.975,"reported, not observed",api.bitso.com/api/v3/ohlc
2026-09-12T10:00:00Z,Bitso,MXN,usdt_mxn,1h,16.975,"reported, not observed",api.bitso.com/api/v3/ohlc
2026-09-12T11:00:00Z,Bitso,MXN,usdt_mxn,1h,16.975,"reported, not observed",api.bitso.com/api/v3/ohlc
2026-09-12T12:00:00Z,Bitso,MXN,usdt_mxn,1h,16.973,"reported, not observed",api.bitso.com/api/v3/ohlc
2026-09-12T13:00:00Z,Bitso,MXN,usdt_mxn,1h,16.974,"reported, not observed",api.bitso.com/api/v3/ohlc
2026-09-12T14:00:00Z,Bitso,MXN,usdt_mxn,1h,16.974,"reported, not observed",api.bitso.com/api/v3/ohlc
2026-09-12T15:00:00Z,Bitso,MXN,usdt_mxn,1h,16.982,"reported, not observed",api.bitso.com/api/v3/ohlc
2026-09-12T16:00:00Z,Bitso,MXN,usdt_mxn,1h,16.976,"reported, not observed",api.bitso.com/api/v3/ohlc
2026-09-12T17:00:00Z,Bitso,MXN,usdt_mxn,1h,16.974,"reported, not observed",api.bitso.com/api/v3/ohlc
2026-09-12T18:00:00Z,Bitso,MXN,usdt_mxn,1h,16.973,"reported, not observed",api.bitso.com/api/v3/ohlc
2026-09-12T19:00:00Z,Bitso,MXN,usdt_mxn,1h,16.982,"reported, not observed",api.bitso.com/api/v3/ohlc
2026-09-12T20:00:00Z,Bitso,MXN,usdt_mxn,1h,16.977,"reported, not observed",api.bitso.com/api/v3/ohlc
2026-09-12T21:00:00Z,Bitso,MXN,usdt_mxn,1h,16.975,"reported, not observed",api.bitso.com/api/v3/ohlc
2026-09-12T22:00:00Z,Bitso,MXN,usdt_mxn,1h,16.974,"reported, not observed",api.bitso.com/api/v3/ohlc
2026-09-12T23:00:00Z,Bitso,MXN,usdt_mxn,1h,16.974,"reported, not observed",api.bitso.com/api/v3/ohlc
2026-09-13T00:00:00Z,Bitso,MXN,usdt_mxn,1h,16.974,"reported, not observed",api.bitso.com/api/v3/ohlc
2026-09-13T01:00:00Z,Bitso,MXN,usdt_mxn,1h,16.979,"reported, not observed",api.bitso.com/api/v3/ohlc
2026-09-13T02:00:00Z,Bitso,MXN,usdt_mxn,1h,16.972,"reported, not observed",api.bitso.com/api/v3/ohlc
2026-09-13T03:00:00Z,Bitso,MXN,usdt_mxn,1h,16.972,"reported, not observed",api.bitso.com/api/v3/ohlc
2026-09-13T04:00:00Z,Bitso,MXN,usdt_mxn,1h,16.973,"reported, not observed",api.bitso.com/api/v3/ohlc
2026-09-13T05:00:00Z,Bitso,MXN,usdt_mxn,1h,16.973,"reported, not observed",api.bitso.com/api/v3/ohlc
2026-09-13T06:00:00Z,Bitso,MXN,usdt_mxn,1h,16.974,"reported, not observed",api.bitso.com/api/v3/ohlc
2026-09-13T07:00:00Z,Bitso,MXN,usdt_mxn,1h,16.974,"reported, not observed",api.bitso.com/api/v3/ohlc
2026-09-13T08:00:00Z,Bitso,MXN,usdt_mxn,1h,16.974,"reported, not observed",api.bitso.com/api/v3/ohlc
2026-09-13T09:00:00Z,Bitso,MXN,usdt_mxn,1h,16.974,"reported, not observed",api.bitso.com/api/v3/ohlc
2026-09-13T10:00:00Z,Bitso,MXN,usdt_mxn,1h,16.974,"reported, not observed",api.bitso.com/api/v3/ohlc
2026-09-13T11:00:00Z,Bitso,MXN,usdt_mxn,1h,16.974,"reported, not observed",api.bitso.com/api/v3/ohlc
2026-09-13T12:00:00Z,Bitso,MXN,usdt_mxn,1h,16.975,"reported, not observed",api.bitso.com/api/v3/ohlc
2026-09-13T13:00:00Z,Bitso,MXN,usdt_mxn,1h,16.975,"reported, not observed",api.bitso.com/api/v3/ohlc
2026-09-13T14:00:00Z,Bitso,MXN,usdt_mxn,1h,16.987,"reported, not observed",api.bitso.com/api/v3/ohlc
2026-09-13T15:00:00Z,Bitso,MXN,usdt_mxn,1h,16.988,"reported, not observed",api.bitso.com/api/v3/ohlc
2026-09-13T16:00:00Z,Bitso,MXN,usdt_mxn,1h,16.983,"reported, not observed",api.bitso.com/api/v3/ohlc
2026-09-13T17:00:00Z,Bitso,MXN,usdt_mxn,1h,16.98,"reported, not observed",api.bitso.com/api/v3/ohlc
2026-09-13T18:00:00Z,Bitso,MXN,usdt_mxn,1h,16.988,"reported, not observed",api.bitso.com/api/v3/ohlc
2026-09-13T19:00:00Z,Bitso,MXN,usdt_mxn,1h,16.97,"reported, not observed",api.bitso.com/api/v3/ohlc
2026-09-13T20:00:00Z,Bitso,MXN,usdt_mxn,1h,16.968,"reported, not observed",api.bitso.com/api/v3/ohlc
2026-09-13T21:00:00Z,Bitso,MXN,usdt_mxn,1h,16.975,"reported, not observed",api.bitso.com/api/v3/ohlc
2026-09-13T22:00:00Z,Bitso,MXN,usdt_mxn,1h,16.989,"reported, not observed",api.bitso.com/api/v3/ohlc
2026-09-13T23:00:00Z,Bitso,MXN,usdt_mxn,1h,16.999,"reported, not observed",api.bitso.com/api/v3/ohlc
2026-09-14T00:00:00Z,Bitso,MXN,usdt_mxn,1h,17.0,"reported, not observed",api.bitso.com/api/v3/ohlc
2026-09-14T01:00:00Z,Bitso,MXN,usdt_mxn,1h,17.0,"reported, not observed",api.bitso.com/api/v3/ohlc
2026-09-14T02:00:00Z,Bitso,MXN,usdt_mxn,1h,16.99,"reported, not observed",api.bitso.com/api/v3/ohlc
2026-09-14T03:00:00Z,Bitso,MXN,usdt_mxn,1h,16.995,"reported, not observed",api.bitso.com/api/v3/ohlc
2026-09-14T04:00:00Z,Bitso,MXN,usdt_mxn,1h,17.002,"reported, not observed",api.bitso.com/api/v3/ohlc
2026-09-14T05:00:00Z,Bitso,MXN,usdt_mxn,1h,17.0,"reported, not observed",api.bitso.com/api/v3/ohlc
2026-09-14T06:00:00Z,Bitso,MXN,usdt_mxn,1h,17.011,"reported, not observed",api.bitso.com/api/v3/ohlc
2026-09-14T07:00:00Z,Bitso,MXN,usdt_mxn,1h,17.022,"reported, not observed",api.bitso.com/api/v3/ohlc
2026-09-14T08:00:00Z,Bitso,MXN,usdt_mxn,1h,17.056,"reported, not observed",api.bitso.com/api/v3/ohlc
2026-09-14T09:00:00Z,Bitso,MXN,usdt_mxn,1h,17.079,"reported, not observed",api.bitso.com/api/v3/ohlc
2026-09-14T10:00:00Z,Bitso,MXN,usdt_mxn,1h,17.067,"reported, not observed",api.bitso.com/api/v3/ohlc
2026-09-14T11:00:00Z,Bitso,MXN,usdt_mxn,1h,17.061,"reported, not observed",api.bitso.com/api/v3/ohlc
2026-09-14T12:00:00Z,Bitso,MXN,usdt_mxn,1h,17.126,"reported, not observed",api.bitso.com/api/v3/ohlc
2026-09-14T13:00:00Z,Bitso,MXN,usdt_mxn,1h,17.172,"reported, not observed",api.bitso.com/api/v3/ohlc
2026-09-14T14:00:00Z,Bitso,MXN,usdt_mxn,1h,17.132,"reported, not observed",api.bitso.com/api/v3/ohlc
2026-09-14T15:00:00Z,Bitso,MXN,usdt_mxn,1h,17.105,"reported, not observed",api.bitso.com/api/v3/ohlc
2026-09-14T16:00:00Z,Bitso,MXN,usdt_mxn,1h,17.105,"reported, not observed",api.bitso.com/api/v3/ohlc
2026-09-14T17:00:00Z,Bitso,MXN,usdt_mxn,1h,17.128,"reported, not observed",api.bitso.com/api/v3/ohlc
2026-09-14T18:00:00Z,Bitso,MXN,usdt_mxn,1h,17.122,"reported, not observed",api.bitso.com/api/v3/ohlc
2026-09-14T19:00:00Z,Bitso,MXN,usdt_mxn,1h,17.129,"reported, not observed",api.bitso.com/api/v3/ohlc
2026-09-14T20:00:00Z,Bitso,MXN,usdt_mxn,1h,17.132,"reported, not observed",api.bitso.com/api/v3/ohlc
2026-09-14T21:00:00Z,Bitso,MXN,usdt_mxn,1h,17.137,"reported, not observed",api.bitso.com/api/v3/ohlc
2026-09-14T22:00:00Z,Bitso,MXN,usdt_mxn,1h,17.138,"reported, not observed",api.bitso.com/api/v3/ohlc
2026-09-14T23:00:00Z,Bitso,MXN,usdt_mxn,1h,17.14,"reported, not observed",api.bitso.com/api/v3/ohlc
2026-09-15T00:00:00Z,Bitso,MXN,usdt_mxn,1h,17.147,"reported, not observed",api.bitso.com/api/v3/ohlc
2026-09-15T01:00:00Z,Bitso,MXN,usdt_mxn,1h,17.151,"reported, not observed",api.bitso.com/api/v3/ohlc
2026-09-15T02:00:00Z,Bitso,MXN,usdt_mxn,1h,17.148,"reported, not observed",api.bitso.com/api/v3/ohlc
2026-09-15T03:00:00Z,Bitso,MXN,usdt_mxn,1h,17.155,"reported, not observed",api.bitso.com/api/v3/ohlc
2026-09-15T04:00:00Z,Bitso,MXN,usdt_mxn,1h,17.167,"reported, not observed",api.bitso.com/api/v3/ohlc
2026-09-15T05:00:00Z,Bitso,MXN,usdt_mxn,1h,17.164,"reported, not observed",api.bitso.com/api/v3/ohlc
2026-09-15T06:00:00Z,Bitso,MXN,usdt_mxn,1h,17.17,"reported, not observed",api.bitso.com/api/v3/ohlc
2026-09-15T07:00:00Z,Bitso,MXN,usdt_mxn,1h,17.162,"reported, not observed",api.bitso.com/api/v3/ohlc
2026-09-15T08:00:00Z,Bitso,MXN,usdt_mxn,1h,17.186,"reported, not observed",api.bitso.com/api/v3/ohlc
2026-09-15T09:00:00Z,Bitso,MXN,usdt_mxn,1h,17.161,"reported, not observed",api.bitso.com/api/v3/ohlc
2026-09-15T10:00:00Z,Bitso,MXN,usdt_mxn,1h,17.141,"reported, not observed",api.bitso.com/api/v3/ohlc
2026-09-15T11:00:00Z,Bitso,MXN,usdt_mxn,1h,17.129,"reported, not observed",api.bitso.com/api/v3/ohlc
2026-09-15T12:00:00Z,Bitso,MXN,usdt_mxn,1h,17.111,"reported, not observed",api.bitso.com/api/v3/ohlc
2026-09-15T13:00:00Z,Bitso,MXN,usdt_mxn,1h,17.117,"reported, not observed",api.bitso.com/api/v3/ohlc
2026-09-15T14:00:00Z,Bitso,MXN,usdt_mxn,1h,17.131,"reported, not observed",api.bitso.com/api/v3/ohlc
2026-09-15T15:00:00Z,Bitso,MXN,usdt_mxn,1h,17.124,"reported, not observed",api.bitso.com/api/v3/ohlc
2026-09-15T16:00:00Z,Bitso,MXN,usdt_mxn,1h,17.123,"reported, not observed",api.bitso.com/api/v3/ohlc
2026-09-15T17:00:00Z,Bitso,MXN,usdt_mxn,1h,17.152,"reported, not observed",api.bitso.com/api/v3/ohlc
2026-09-15T18:00:00Z,Bitso,MXN,usdt_mxn,1h,17.143,"reported, not observed",api.bitso.com/api/v3/ohlc
2026-09-15T19:00:00Z,Bitso,MXN,usdt_mxn,1h,17.145,"reported, not observed",api.bitso.com/api/v3/ohlc
2026-09-15T20:00:00Z,Bitso,MXN,usdt_mxn,1h,17.142,"reported, not observed",api.bitso.com/api/v3/ohlc
2026-09-15T21:00:00Z,Bitso,MXN,usdt_mxn,1h,17.139,"reported, not observed",api.bitso.com/api/v3/ohlc
2026-09-15T22:00:00Z,Bitso,MXN,usdt_mxn,1h,17.136,"reported, not observed",api.bitso.com/api/v3/ohlc
2026-09-15T23:00:00Z,Bitso,MXN,usdt_mxn,1h,17.144,"reported, not observed",api.bitso.com/api/v3/ohlc
2026-09-16T00:00:00Z,Bitso,MXN,usdt_mxn,1h,17.145,"reported, not observed",api.bitso.com/api/v3/ohlc
2026-09-16T01:00:00Z,Bitso,MXN,usdt_mxn,1h,17.147,"reported, not observed",api.bitso.com/api/v3/ohlc
2026-09-16T02:00:00Z,Bitso,MXN,usdt_mxn,1h,17.135,"reported, not observed",api.bitso.com/api/v3/ohlc
2026-09-16T03:00:00Z,Bitso,MXN,usdt_mxn,1h,17.122,"reported, not observed",api.bitso.com/api/v3/ohlc
2026-09-16T04:00:00Z,Bitso,MXN,usdt_mxn,1h,17.122,"reported, not observed",api.bitso.com/api/v3/ohlc
2026-09-16T05:00:00Z,Bitso,MXN,usdt_mxn,1h,17.122,"reported, not observed",api.bitso.com/api/v3/ohlc
2026-09-16T06:00:00Z,Bitso,MXN,usdt_mxn,1h,17.121,"reported, not observed",api.bitso.com/api/v3/ohlc
2026-09-16T07:00:00Z,Bitso,MXN,usdt_mxn,1h,17.112,"reported, not observed",api.bitso.com/api/v3/ohlc
2026-09-16T08:00:00Z,Bitso,MXN,usdt_mxn,1h,17.126,"reported, not observed",api.bitso.com/api/v3/ohlc
2026-09-16T09:00:00Z,Bitso,MXN,usdt_mxn,1h,17.128,"reported, not observed",api.bitso.com/api/v3/ohlc
2026-09-16T10:00:00Z,Bitso,MXN,usdt_mxn,1h,17.128,"reported, not observed",api.bitso.com/api/v3/ohlc
2026-09-16T11:00:00Z,Bitso,MXN,usdt_mxn,1h,17.125,"reported, not observed",api.bitso.com/api/v3/ohlc
2026-09-16T12:00:00Z,Bitso,MXN,usdt_mxn,1h,17.125,"reported, not observed",api.bitso.com/api/v3/ohlc
2026-09-16T13:00:00Z,Bitso,MXN,usdt_mxn,1h,17.148,"reported, not observed",api.bitso.com/api/v3/ohlc
2026-09-16T14:00:00Z,Bitso,MXN,usdt_mxn,1h,17.128,"reported, not observed",api.bitso.com/api/v3/ohlc
2026-09-16T15:00:00Z,Bitso,MXN,usdt_mxn,1h,17.127,"reported, not observed",api.bitso.com/api/v3/ohlc
2026-09-16T16:00:00Z,Bitso,MXN,usdt_mxn,1h,17.134,"reported, not observed",api.bitso.com/api/v3/ohlc
2026-09-16T17:00:00Z,Bitso,MXN,usdt_mxn,1h,17.14,"reported, not observed",api.bitso.com/api/v3/ohlc
2026-09-16T18:00:00Z,Bitso,MXN,usdt_mxn,1h,17.233,"reported, not observed",api.bitso.com/api/v3/ohlc
2026-09-16T19:00:00Z,Bitso,MXN,usdt_mxn,1h,17.238,"reported, not observed",api.bitso.com/api/v3/ohlc
2026-09-16T20:00:00Z,Bitso,MXN,usdt_mxn,1h,17.249,"reported, not observed",api.bitso.com/api/v3/ohlc
2026-09-16T21:00:00Z,Bitso,MXN,usdt_mxn,1h,17.242,"reported, not observed",api.bitso.com/api/v3/ohlc
2026-09-16T22:00:00Z,Bitso,MXN,usdt_mxn,1h,17.239,"reported, not observed",api.bitso.com/api/v3/ohlc
2026-09-16T23:00:00Z,Bitso,MXN,usdt_mxn,1h,17.234,"reported, not observed",api.bitso.com/api/v3/ohlc
2026-09-17T00:00:00Z,Bitso,MXN,usdt_mxn,1h,17.234,"reported, not observed",api.bitso.com/api/v3/ohlc
2026-09-17T01:00:00Z,Bitso,MXN,usdt_mxn,1h,17.265,"reported, not observed",api.bitso.com/api/v3/ohlc
2026-09-17T02:00:00Z,Bitso,MXN,usdt_mxn,1h,17.25,"reported, not observed",api.bitso.com/api/v3/ohlc
2026-09-17T03:00:00Z,Bitso,MXN,usdt_mxn,1h,17.24,"reported, not observed",api.bitso.com/api/v3/ohlc
2026-09-17T04:00:00Z,Bitso,MXN,usdt_mxn,1h,17.23,"reported, not observed",api.bitso.com/api/v3/ohlc
2026-09-17T05:00:00Z,Bitso,MXN,usdt_mxn,1h,17.225,"reported, not observed",api.bitso.com/api/v3/ohlc
2026-09-17T06:00:00Z,Bitso,MXN,usdt_mxn,1h,17.196,"reported, not observed",api.bitso.com/api/v3/ohlc
2026-09-17T07:00:00Z,Bitso,MXN,usdt_mxn,1h,17.2,"reported, not observed",api.bitso.com/api/v3/ohlc
2026-09-17T08:00:00Z,Bitso,MXN,usdt_mxn,1h,17.221,"reported, not observed",api.bitso.com/api/v3/ohlc
2026-09-17T09:00:00Z,Bitso,MXN,usdt_mxn,1h,17.222,"reported, not observed",api.bitso.com/api/v3/ohlc
2026-09-17T10:00:00Z,Bitso,MXN,usdt_mxn,1h,17.198,"reported, not observed",api.bitso.com/api/v3/ohlc
2026-09-17T11:00:00Z,Bitso,MXN,usdt_mxn,1h,17.203,"reported, not observed",api.bitso.com/api/v3/ohlc
2026-09-17T12:00:00Z,Bitso,MXN,usdt_mxn,1h,17.147,"reported, not observed",api.bitso.com/api/v3/ohlc
2026-09-17T13:00:00Z,Bitso,MXN,usdt_mxn,1h,17.167,"reported, not observed",api.bitso.com/api/v3/ohlc
2026-09-17T14:00:00Z,Bitso,MXN,usdt_mxn,1h,17.172,"reported, not observed",api.bitso.com/api/v3/ohlc
2026-09-17T15:00:00Z,Bitso,MXN,usdt_mxn,1h,17.175,"reported, not observed",api.bitso.com/api/v3/ohlc
2026-09-17T16:00:00Z,Bitso,MXN,usdt_mxn,1h,17.168,"reported, not observed",api.bitso.com/api/v3/ohlc
2026-09-17T17:00:00Z,Bitso,MXN,usdt_mxn,1h,17.168,"reported, not observed",api.bitso.com/api/v3/ohlc
2026-09-17T18:00:00Z,Bitso,MXN,usdt_mxn,1h,17.15,"reported, not observed",api.bitso.com/api/v3/ohlc
2026-09-17T19:00:00Z,Bitso,MXN,usdt_mxn,1h,17.147,"reported, not observed",api.bitso.com/api/v3/ohlc
2026-09-17T20:00:00Z,Bitso,MXN,usdt_mxn,1h,17.149,"reported, not observed",api.bitso.com/api/v3/ohlc
2026-09-17T21:00:00Z,Bitso,MXN,usdt_mxn,1h,17.145,"reported, not observed",api.bitso.com/api/v3/ohlc
2026-09-17T22:00:00Z,Bitso,MXN,usdt_mxn,1h,17.158,"reported, not observed",api.bitso.com/api/v3/ohlc
2026-09-17T23:00:00Z,Bitso,MXN,usdt_mxn,1h,17.151,"reported, not observed",api.bitso.com/api/v3/ohlc
2026-09-18T00:00:00Z,Bitso,MXN,usdt_mxn,1h,17.152,"reported, not observed",api.bitso.com/api/v3/ohlc
2026-09-18T01:00:00Z,Bitso,MXN,usdt_mxn,1h,17.145,"reported, not observed",api.bitso.com/api/v3/ohlc
2026-09-18T02:00:00Z,Bitso,MXN,usdt_mxn,1h,17.145,"reported, not observed",api.bitso.com/api/v3/ohlc
2026-09-18T03:00:00Z,Bitso,MXN,usdt_mxn,1h,17.126,"reported, not observed",api.bitso.com/api/v3/ohlc
2026-09-18T04:00:00Z,Bitso,MXN,usdt_mxn,1h,17.129,"reported, not observed",api.bitso.com/api/v3/ohlc
2026-09-18T05:00:00Z,Bitso,MXN,usdt_mxn,1h,17.13,"reported, not observed",api.bitso.com/api/v3/ohlc
2026-09-18T06:00:00Z,Bitso,MXN,usdt_mxn,1h,17.132,"reported, not observed",api.bitso.com/api/v3/ohlc
2026-09-18T07:00:00Z,Bitso,MXN,usdt_mxn,1h,17.134,"reported, not observed",api.bitso.com/api/v3/ohlc
2026-09-18T08:00:00Z,Bitso,MXN,usdt_mxn,1h,17.137,"reported, not observed",api.bitso.com/api/v3/ohlc
2026-09-18T09:00:00Z,Bitso,MXN,usdt_mxn,1h,17.131,"reported, not observed",api.bitso.com/api/v3/ohlc
2026-09-18T10:00:00Z,Bitso,MXN,usdt_mxn,1h,17.138,"reported, not observed",api.bitso.com/api/v3/ohlc
2026-09-18T11:00:00Z,Bitso,MXN,usdt_mxn,1h,17.14,"reported, not observed",api.bitso.com/api/v3/ohlc
2026-09-18T12:00:00Z,Bitso,MXN,usdt_mxn,1h,17.155,"reported, not observed",api.bitso.com/api/v3/ohlc
2026-09-18T13:00:00Z,Bitso,MXN,usdt_mxn,1h,17.175,"reported, not observed",api.bitso.com/api/v3/ohlc
2026-09-18T14:00:00Z,Bitso,MXN,usdt_mxn,1h,17.22,"reported, not observed",api.bitso.com/api/v3/ohlc
2026-09-18T15:00:00Z,Bitso,MXN,usdt_mxn,1h,17.234,"reported, not observed",api.bitso.com/api/v3/ohlc
2026-09-18T16:00:00Z,Bitso,MXN,usdt_mxn,1h,17.217,"reported, not observed",api.bitso.com/api/v3/ohlc
2026-09-18T17:00:00Z,Bitso,MXN,usdt_mxn,1h,17.229,"reported, not observed",api.bitso.com/api/v3/ohlc
2026-09-18T18:00:00Z,Bitso,MXN,usdt_mxn,1h,17.224,"reported, not observed",api.bitso.com/api/v3/ohlc
2026-09-18T19:00:00Z,Bitso,MXN,usdt_mxn,1h,17.225,"reported, not observed",api.bitso.com/api/v3/ohlc
2026-09-18T20:00:00Z,Bitso,MXN,usdt_mxn,1h,17.231,"reported, not observed",api.bitso.com/api/v3/ohlc
2026-09-18T21:00:00Z,Bitso,MXN,usdt_mxn,1h,17.227,"reported, not observed",api.bitso.com/api/v3/ohlc
2026-09-18T22:00:00Z,Bitso,MXN,usdt_mxn,1h,17.237,"reported, not observed",api.bitso.com/api/v3/ohlc
2026-09-18T23:00:00Z,Bitso,MXN,usdt_mxn,1h,17.222,"reported, not observed",api.bitso.com/api/v3/ohlc
2026-09-19T00:00:00Z,Bitso,MXN,usdt_mxn,1h,17.221,"reported, not observed",api.bitso.com/api/v3/ohlc
2026-09-19T01:00:00Z,Bitso,MXN,usdt_mxn,1h,17.227,"reported, not observed",api.bitso.com/api/v3/ohlc
2026-09-19T02:00:00Z,Bitso,MXN,usdt_mxn,1h,17.231,"reported, not observed",api.bitso.com/api/v3/ohlc
2026-09-19T03:00:00Z,Bitso,MXN,usdt_mxn,1h,17.225,"reported, not observed",api.bitso.com/api/v3/ohlc
2026-09-19T04:00:00Z,Bitso,MXN,usdt_mxn,1h,17.222,"reported, not observed",api.bitso.com/api/v3/ohlc
2026-09-19T05:00:00Z,Bitso,MXN,usdt_mxn,1h,17.213,"reported, not observed",api.bitso.com/api/v3/ohlc
2026-09-19T06:00:00Z,Bitso,MXN,usdt_mxn,1h,17.211,"reported, not observed",api.bitso.com/api/v3/ohlc
2026-09-19T07:00:00Z,Bitso,MXN,usdt_mxn,1h,17.211,"reported, not observed",api.bitso.com/api/v3/ohlc
2026-09-19T08:00:00Z,Bitso,MXN,usdt_mxn,1h,17.214,"reported, not observed",api.bitso.com/api/v3/ohlc
2026-09-19T09:00:00Z,Bitso,MXN,usdt_mxn,1h,17.219,"reported, not observed",api.bitso.com/api/v3/ohlc
2026-09-19T10:00:00Z,Bitso,MXN,usdt_mxn,1h,17.22,"reported, not observed",api.bitso.com/api/v3/ohlc
2026-09-19T11:00:00Z,Bitso,MXN,usdt_mxn,1h,17.22,"reported, not observed",api.bitso.com/api/v3/ohlc
2026-09-19T12:00:00Z,Bitso,MXN,usdt_mxn,1h,17.22,"reported, not observed",api.bitso.com/api/v3/ohlc
2026-09-19T13:00:00Z,Bitso,MXN,usdt_mxn,1h,17.217,"reported, not observed",api.bitso.com/api/v3/ohlc
2026-09-19T14:00:00Z,Bitso,MXN,usdt_mxn,1h,17.221,"reported, not observed",api.bitso.com/api/v3/ohlc
2026-09-19T15:00:00Z,Bitso,MXN,usdt_mxn,1h,17.225,"reported, not observed",api.bitso.com/api/v3/ohlc
2026-09-19T16:00:00Z,Bitso,MXN,usdt_mxn,1h,17.225,"reported, not observed",api.bitso.com/api/v3/ohlc
2026-09-19T17:00:00Z,Bitso,MXN,usdt_mxn,1h,17.229,"reported, not observed",api.bitso.com/api/v3/ohlc
2026-09-19T18:00:00Z,Bitso,MXN,usdt_mxn,1h,17.232,"reported, not observed",api.bitso.com/api/v3/ohlc
2026-09-19T19:00:00Z,Bitso,MXN,usdt_mxn,1h,17.234,"reported, not observed",api.bitso.com/api/v3/ohlc
2026-09-19T20:00:00Z,Bitso,MXN,usdt_mxn,1h,17.235,"reported, not observed",api.bitso.com/api/v3/ohlc
2026-09-19T21:00:00Z,Bitso,MXN,usdt_mxn,1h,17.229,"reported, not observed",api.bitso.com/api/v3/ohlc
2026-09-19T22:00:00Z,Bitso,MXN,usdt_mxn,1h,17.229,"reported, not observed",api.bitso.com/api/v3/ohlc
2026-09-19T23:00:00Z,Bitso,MXN,usdt_mxn,1h,17.226,"reported, not observed",api.bitso.com/api/v3/ohlc
2026-09-20T00:00:00Z,Bitso,MXN,usdt_mxn,1h,17.231,"reported, not observed",api.bitso.com/api/v3/ohlc
2026-09-20T01:00:00Z,Bitso,MXN,usdt_mxn,1h,17.233,"reported, not observed",api.bitso.com/api/v3/ohlc
2026-09-20T02:00:00Z,Bitso,MXN,usdt_mxn,1h,17.234,"reported, not observed",api.bitso.com/api/v3/ohlc
2026-09-20T03:00:00Z,Bitso,MXN,usdt_mxn,1h,17.233,"reported, not observed",api.bitso.com/api/v3/ohlc
2026-09-20T04:00:00Z,Bitso,MXN,usdt_mxn,1h,17.233,"reported, not observed",api.bitso.com/api/v3/ohlc
2026-09-20T05:00:00Z,Bitso,MXN,usdt_mxn,1h,17.229,"reported, not observed",api.bitso.com/api/v3/ohlc
2026-09-20T06:00:00Z,Bitso,MXN,usdt_mxn,1h,17.231,"reported, not observed",api.bitso.com/api/v3/ohlc
2026-09-20T07:00:00Z,Bitso,MXN,usdt_mxn,1h,17.23,"reported, not observed",api.bitso.com/api/v3/ohlc
2026-09-20T08:00:00Z,Bitso,MXN,usdt_mxn,1h,17.23,"reported, not observed",api.bitso.com/api/v3/ohlc
2026-09-20T09:00:00Z,Bitso,MXN,usdt_mxn,1h,17.229,"reported, not observed",api.bitso.com/api/v3/ohlc
2026-09-20T10:00:00Z,Bitso,MXN,usdt_mxn,1h,17.231,"reported, not observed",api.bitso.com/api/v3/ohlc
2026-09-20T11:00:00Z,Bitso,MXN,usdt_mxn,1h,17.229,"reported, not observed",api.bitso.com/api/v3/ohlc
2026-09-20T12:00:00Z,Bitso,MXN,usdt_mxn,1h,17.229,"reported, not observed",api.bitso.com/api/v3/ohlc
2026-09-20T13:00:00Z,Bitso,MXN,usdt_mxn,1h,17.229,"reported, not observed",api.bitso.com/api/v3/ohlc
2026-09-20T14:00:00Z,Bitso,MXN,usdt_mxn,1h,17.227,"reported, not observed",api.bitso.com/api/v3/ohlc
2026-09-20T15:00:00Z,Bitso,MXN,usdt_mxn,1h,17.234,"reported, not observed",api.bitso.com/api/v3/ohlc
2026-09-20T16:00:00Z,Bitso,MXN,usdt_mxn,1h,17.233,"reported, not observed",api.bitso.com/api/v3/ohlc
2026-09-20T17:00:00Z,Bitso,MXN,usdt_mxn,1h,17.233,"reported, not observed",api.bitso.com/api/v3/ohlc
2026-09-20T18:00:00Z,Bitso,MXN,usdt_mxn,1h,17.23,"reported, not observed",api.bitso.com/api/v3/ohlc
2026-09-20T19:00:00Z,Bitso,MXN,usdt_mxn,1h,17.222,"reported, not observed",api.bitso.com/api/v3/ohlc
2026-09-20T20:00:00Z,Bitso,MXN,usdt_mxn,1h,17.22,"reported, not observed",api.bitso.com/api/v3/ohlc
2026-09-20T21:00:00Z,Bitso,MXN,usdt_mxn,1h,17.217,"reported, not observed",api.bitso.com/api/v3/ohlc
2026-09-20T22:00:00Z,Bitso,MXN,usdt_mxn,1h,17.221,"reported, not observed",api.bitso.com/api/v3/ohlc
2026-09-20T23:00:00Z,Bitso,MXN,usdt_mxn,1h,17.223,"reported, not observed",api.bitso.com/api/v3/ohlc
2026-09-21T00:00:00Z,Bitso,MXN,usdt_mxn,1h,17.222,"reported, not observed",api.bitso.com/api/v3/ohlc
2026-09-21T01:00:00Z,Bitso,MXN,usdt_mxn,1h,17.214,"reported, not observed",api.bitso.com/api/v3/ohlc
2026-09-21T02:00:00Z,Bitso,MXN,usdt_mxn,1h,17.215,"reported, not observed",api.bitso.com/api/v3/ohlc
2026-09-21T03:00:00Z,Bitso,MXN,usdt_mxn,1h,17.213,"reported, not observed",api.bitso.com/api/v3/ohlc
2026-09-21T04:00:00Z,Bitso,MXN,usdt_mxn,1h,17.214,"reported, not observed",api.bitso.com/api/v3/ohlc
2026-09-21T05:00:00Z,Bitso,MXN,usdt_mxn,1h,17.213,"reported, not observed",api.bitso.com/api/v3/ohlc
2026-09-21T06:00:00Z,Bitso,MXN,usdt_mxn,1h,17.212,"reported, not observed",api.bitso.com/api/v3/ohlc
2026-09-21T07:00:00Z,Bitso,MXN,usdt_mxn,1h,17.219,"reported, not observed",api.bitso.com/api/v3/ohlc
2026-09-21T08:00:00Z,Bitso,MXN,usdt_mxn,1h,17.2,"reported, not observed",api.bitso.com/api/v3/ohlc
2026-09-21T09:00:00Z,Bitso,MXN,usdt_mxn,1h,17.196,"reported, not observed",api.bitso.com/api/v3/ohlc
2026-09-21T10:00:00Z,Bitso,MXN,usdt_mxn,1h,17.192,"reported, not observed",api.bitso.com/api/v3/ohlc
2026-09-21T11:00:00Z,Bitso,MXN,usdt_mxn,1h,17.188,"reported, not observed",api.bitso.com/api/v3/ohlc
2026-09-21T12:00:00Z,Bitso,MXN,usdt_mxn,1h,17.182,"reported, not observed",api.bitso.com/api/v3/ohlc
2026-09-21T13:00:00Z,Bitso,MXN,usdt_mxn,1h,17.2,"reported, not observed",api.bitso.com/api/v3/ohlc
2026-09-21T14:00:00Z,Bitso,MXN,usdt_mxn,1h,17.215,"reported, not observed",api.bitso.com/api/v3/ohlc
2026-09-21T15:00:00Z,Bitso,MXN,usdt_mxn,1h,17.222,"reported, not observed",api.bitso.com/api/v3/ohlc
2026-09-21T16:00:00Z,Bitso,MXN,usdt_mxn,1h,17.223,"reported, not observed",api.bitso.com/api/v3/ohlc
2026-09-21T17:00:00Z,Bitso,MXN,usdt_mxn,1h,17.23,"reported, not observed",api.bitso.com/api/v3/ohlc
2026-09-21T18:00:00Z,Bitso,MXN,usdt_mxn,1h,17.218,"reported, not observed",api.bitso.com/api/v3/ohlc
2026-09-21T19:00:00Z,Bitso,MXN,usdt_mxn,1h,17.204,"reported, not observed",api.bitso.com/api/v3/ohlc
2026-09-21T20:00:00Z,Bitso,MXN,usdt_mxn,1h,17.204,"reported, not observed",api.bitso.com/api/v3/ohlc
2026-09-21T21:00:00Z,Bitso,MXN,usdt_mxn,1h,17.207,"reported, not observed",api.bitso.com/api/v3/ohlc
2026-09-21T22:00:00Z,Bitso,MXN,usdt_mxn,1h,17.214,"reported, not observed",api.bitso.com/api/v3/ohlc
2026-09-21T23:00:00Z,Bitso,MXN,usdt_mxn,1h,17.214,"reported, not observed",api.bitso.com/api/v3/ohlc
2026-09-22T00:00:00Z,Bitso,MXN,usdt_mxn,1h,17.207,"reported, not observed",api.bitso.com/api/v3/ohlc
2026-09-22T01:00:00Z,Bitso,MXN,usdt_mxn,1h,17.227,"reported, not observed",api.bitso.com/api/v3/ohlc
2026-09-22T02:00:00Z,Bitso,MXN,usdt_mxn,1h,17.213,"reported, not observed",api.bitso.com/api/v3/ohlc
2026-09-22T03:00:00Z,Bitso,MXN,usdt_mxn,1h,17.204,"reported, not observed",api.bitso.com/api/v3/ohlc
2026-09-22T04:00:00Z,Bitso,MXN,usdt_mxn,1h,17.207,"reported, not observed",api.bitso.com/api/v3/ohlc
2026-09-22T05:00:00Z,Bitso,MXN,usdt_mxn,1h,17.213,"reported, not observed",api.bitso.com/api/v3/ohlc
2026-09-22T06:00:00Z,Bitso,MXN,usdt_mxn,1h,17.223,"reported, not observed",api.bitso.com/api/v3/ohlc
2026-09-22T07:00:00Z,Bitso,MXN,usdt_mxn,1h,17.249,"reported, not observed",api.bitso.com/api/v3/ohlc
2026-09-22T08:00:00Z,Bitso,MXN,usdt_mxn,1h,17.23,"reported, not observed",api.bitso.com/api/v3/ohlc
2026-09-22T09:00:00Z,Bitso,MXN,usdt_mxn,1h,17.233,"reported, not observed",api.bitso.com/api/v3/ohlc
2026-09-22T10:00:00Z,Bitso,MXN,usdt_mxn,1h,17.215,"reported, not observed",api.bitso.com/api/v3/ohlc
2026-09-22T11:00:00Z,Bitso,MXN,usdt_mxn,1h,17.23,"reported, not observed",api.bitso.com/api/v3/ohlc
2026-09-22T12:00:00Z,Bitso,MXN,usdt_mxn,1h,17.232,"reported, not observed",api.bitso.com/api/v3/ohlc
2026-09-22T13:00:00Z,Bitso,MXN,usdt_mxn,1h,17.235,"reported, not observed",api.bitso.com/api/v3/ohlc
2026-09-22T14:00:00Z,Bitso,MXN,usdt_mxn,1h,17.281,"reported, not observed",api.bitso.com/api/v3/ohlc
2026-09-22T15:00:00Z,Bitso,MXN,usdt_mxn,1h,17.304,"reported, not observed",api.bitso.com/api/v3/ohlc
2026-09-22T16:00:00Z,Bitso,MXN,usdt_mxn,1h,17.291,"reported, not observed",api.bitso.com/api/v3/ohlc
2026-09-22T17:00:00Z,Bitso,MXN,usdt_mxn,1h,17.299,"reported, not observed",api.bitso.com/api/v3/ohlc
2026-09-22T18:00:00Z,Bitso,MXN,usdt_mxn,1h,17.312,"reported, not observed",api.bitso.com/api/v3/ohlc
2026-09-22T19:00:00Z,Bitso,MXN,usdt_mxn,1h,17.292,"reported, not observed",api.bitso.com/api/v3/ohlc
2026-09-22T20:00:00Z,Bitso,MXN,usdt_mxn,1h,17.296,"reported, not observed",api.bitso.com/api/v3/ohlc
2026-09-22T21:00:00Z,Bitso,MXN,usdt_mxn,1h,17.296,"reported, not observed",api.bitso.com/api/v3/ohlc
2026-09-22T22:00:00Z,Bitso,MXN,usdt_mxn,1h,17.296,"reported, not observed",api.bitso.com/api/v3/ohlc
2026-09-22T23:00:00Z,Bitso,MXN,usdt_mxn,1h,17.293,"reported, not observed",api.bitso.com/api/v3/ohlc
2026-09-23T00:00:00Z,Bitso,MXN,usdt_mxn,1h,17.299,"reported, not observed",api.bitso.com/api/v3/ohlc
2026-09-23T01:00:00Z,Bitso,MXN,usdt_mxn,1h,17.314,"reported, not observed",api.bitso.com/api/v3/ohlc
2026-09-23T02:00:00Z,Bitso,MXN,usdt_mxn,1h,17.326,"reported, not observed",api.bitso.com/api/v3/ohlc
2026-09-23T03:00:00Z,Bitso,MXN,usdt_mxn,1h,17.324,"reported, not observed",api.bitso.com/api/v3/ohlc
2026-09-23T04:00:00Z,Bitso,MXN,usdt_mxn,1h,17.319,"reported, not observed",api.bitso.com/api/v3/ohlc
2026-09-23T05:00:00Z,Bitso,MXN,usdt_mxn,1h,17.325,"reported, not observed",api.bitso.com/api/v3/ohlc
2026-09-23T06:00:00Z,Bitso,MXN,usdt_mxn,1h,17.33,"reported, not observed",api.bitso.com/api/v3/ohlc
2026-09-23T07:00:00Z,Bitso,MXN,usdt_mxn,1h,17.352,"reported, not observed",api.bitso.com/api/v3/ohlc
2026-09-23T08:00:00Z,Bitso,MXN,usdt_mxn,1h,17.369,"reported, not observed",api.bitso.com/api/v3/ohlc
2026-09-23T09:00:00Z,Bitso,MXN,usdt_mxn,1h,17.387,"reported, not observed",api.bitso.com/api/v3/ohlc
2026-09-23T10:00:00Z,Bitso,MXN,usdt_mxn,1h,17.402,"reported, not observed",api.bitso.com/api/v3/ohlc
2026-09-23T11:00:00Z,Bitso,MXN,usdt_mxn,1h,17.41,"reported, not observed",api.bitso.com/api/v3/ohlc
2026-09-23T12:00:00Z,Bitso,MXN,usdt_mxn,1h,17.439,"reported, not observed",api.bitso.com/api/v3/ohlc
2026-09-23T13:00:00Z,Bitso,MXN,usdt_mxn,1h,17.454,"reported, not observed",api.bitso.com/api/v3/ohlc
2026-09-23T14:00:00Z,Bitso,MXN,usdt_mxn,1h,17.462,"reported, not observed",api.bitso.com/api/v3/ohlc
2026-09-23T15:00:00Z,Bitso,MXN,usdt_mxn,1h,17.477,"reported, not observed",api.bitso.com/api/v3/ohlc
2026-09-23T16:00:00Z,Bitso,MXN,usdt_mxn,1h,17.516,"reported, not observed",api.bitso.com/api/v3/ohlc
2026-09-23T17:00:00Z,Bitso,MXN,usdt_mxn,1h,17.467,"reported, not observed",api.bitso.com/api/v3/ohlc
2026-09-23T18:00:00Z,Bitso,MXN,usdt_mxn,1h,17.487,"reported, not observed",api.bitso.com/api/v3/ohlc
2026-09-23T19:00:00Z,Bitso,MXN,usdt_mxn,1h,17.493,"reported, not observed",api.bitso.com/api/v3/ohlc
2026-09-23T20:00:00Z,Bitso,MXN,usdt_mxn,1h,17.524,"reported, not observed",api.bitso.com/api/v3/ohlc
2026-09-23T21:00:00Z,Bitso,MXN,usdt_mxn,1h,17.513,"reported, not observed",api.bitso.com/api/v3/ohlc
2026-09-23T22:00:00Z,Bitso,MXN,usdt_mxn,1h,17.528,"reported, not observed",api.bitso.com/api/v3/ohlc
2026-09-23T23:00:00Z,Bitso,MXN,usdt_mxn,1h,17.535,"reported, not observed",api.bitso.com/api/v3/ohlc
2026-09-24T00:00:00Z,Bitso,MXN,usdt_mxn,1h,17.557,"reported, not observed",api.bitso.com/api/v3/ohlc
2026-09-24T01:00:00Z,Bitso,MXN,usdt_mxn,1h,17.547,"reported, not observed",api.bitso.com/api/v3/ohlc
2026-09-24T02:00:00Z,Bitso,MXN,usdt_mxn,1h,17.531,"reported, not observed",api.bitso.com/api/v3/ohlc
2026-09-24T03:00:00Z,Bitso,MXN,usdt_mxn,1h,17.543,"reported, not observed",api.bitso.com/api/v3/ohlc
2026-09-24T04:00:00Z,Bitso,MXN,usdt_mxn,1h,17.529,"reported, not observed",api.bitso.com/api/v3/ohlc
2026-09-24T05:00:00Z,Bitso,MXN,usdt_mxn,1h,17.544,"reported, not observed",api.bitso.com/api/v3/ohlc
2026-09-24T06:00:00Z,Bitso,MXN,usdt_mxn,1h,17.521,"reported, not observed",api.bitso.com/api/v3/ohlc
2026-09-24T07:00:00Z,Bitso,MXN,usdt_mxn,1h,17.503,"reported, not observed",api.bitso.com/api/v3/ohlc
2026-09-24T08:00:00Z,Bitso,MXN,usdt_mxn,1h,17.554,"reported, not observed",api.bitso.com/api/v3/ohlc
2026-09-24T09:00:00Z,Bitso,MXN,usdt_mxn,1h,17.55,"reported, not observed",api.bitso.com/api/v3/ohlc
2026-09-24T10:00:00Z,Bitso,MXN,usdt_mxn,1h,17.577,"reported, not observed",api.bitso.com/api/v3/ohlc
2026-09-24T11:00:00Z,Bitso,MXN,usdt_mxn,1h,17.563,"reported, not observed",api.bitso.com/api/v3/ohlc
2026-09-24T12:00:00Z,Bitso,MXN,usdt_mxn,1h,17.55,"reported, not observed",api.bitso.com/api/v3/ohlc
2026-09-24T13:00:00Z,Bitso,MXN,usdt_mxn,1h,17.534,"reported, not observed",api.bitso.com/api/v3/ohlc
2026-09-24T14:00:00Z,Bitso,MXN,usdt_mxn,1h,17.6,"reported, not observed",api.bitso.com/api/v3/ohlc
2026-09-24T15:00:00Z,Bitso,MXN,usdt_mxn,1h,17.665,"reported, not observed",api.bitso.com/api/v3/ohlc
2026-09-24T16:00:00Z,Bitso,MXN,usdt_mxn,1h,17.626,"reported, not observed",api.bitso.com/api/v3/ohlc
2026-09-24T17:00:00Z,Bitso,MXN,usdt_mxn,1h,17.685,"reported, not observed",api.bitso.com/api/v3/ohlc
2026-09-24T18:00:00Z,Bitso,MXN,usdt_mxn,1h,17.661,"reported, not observed",api.bitso.com/api/v3/ohlc
2026-09-24T19:00:00Z,Bitso,MXN,usdt_mxn,1h,17.698,"reported, not observed",api.bitso.com/api/v3/ohlc
2026-09-24T20:00:00Z,Bitso,MXN,usdt_mxn,1h,17.7,"reported, not observed",api.bitso.com/api/v3/ohlc
2026-09-24T21:00:00Z,Bitso,MXN,usdt_mxn,1h,17.726,"reported, not observed",api.bitso.com/api/v3/ohlc
2026-09-24T22:00:00Z,Bitso,MXN,usdt_mxn,1h,17.722,"reported, not observed",api.bitso.com/api/v3/ohlc
2026-09-24T23:00:00Z,Bitso,MXN,usdt_mxn,1h,17.735,"reported, not observed",api.bitso.com/api/v3/ohlc
2026-09-25T00:00:00Z,Bitso,MXN,usdt_mxn,1h,17.746,"reported, not observed",api.bitso.com/api/v3/ohlc
2026-09-25T01:00:00Z,Bitso,MXN,usdt_mxn,1h,17.729,"reported, not observed",api.bitso.com/api/v3/ohlc
2026-09-25T02:00:00Z,Bitso,MXN,usdt_mxn,1h,17.74,"reported, not observed",api.bitso.com/api/v3/ohlc
2026-09-25T03:00:00Z,Bitso,MXN,usdt_mxn,1h,17.723,"reported, not observed",api.bitso.com/api/v3/ohlc
2026-09-25T04:00:00Z,Bitso,MXN,usdt_mxn,1h,17.72,"reported, not observed",api.bitso.com/api/v3/ohlc
2026-09-25T05:00:00Z,Bitso,MXN,usdt_mxn,1h,17.704,"reported, not observed",api.bitso.com/api/v3/ohlc
2026-09-25T06:00:00Z,Bitso,MXN,usdt_mxn,1h,17.684,"reported, not observed",api.bitso.com/api/v3/ohlc
2026-09-25T07:00:00Z,Bitso,MXN,usdt_mxn,1h,17.674,"reported, not observed",api.bitso.com/api/v3/ohlc
2026-09-25T08:00:00Z,Bitso,MXN,usdt_mxn,1h,17.657,"reported, not observed",api.bitso.com/api/v3/ohlc
2026-09-25T09:00:00Z,Bitso,MXN,usdt_mxn,1h,17.658,"reported, not observed",api.bitso.com/api/v3/ohlc
2026-09-25T10:00:00Z,Bitso,MXN,usdt_mxn,1h,17.659,"reported, not observed",api.bitso.com/api/v3/ohlc
2026-09-25T11:00:00Z,Bitso,MXN,usdt_mxn,1h,17.665,"reported, not observed",api.bitso.com/api/v3/ohlc
2026-09-25T12:00:00Z,Bitso,MXN,usdt_mxn,1h,17.697,"reported, not observed",api.bitso.com/api/v3/ohlc
2026-09-25T13:00:00Z,Bitso,MXN,usdt_mxn,1h,17.705,"reported, not observed",api.bitso.com/api/v3/ohlc
2026-09-25T14:00:00Z,Bitso,MXN,usdt_mxn,1h,17.715,"reported, not observed",api.bitso.com/api/v3/ohlc
2026-09-25T15:00:00Z,Bitso,MXN,usdt_mxn,1h,17.68,"reported, not observed",api.bitso.com/api/v3/ohlc
2026-09-25T16:00:00Z,Bitso,MXN,usdt_mxn,1h,17.684,"reported, not observed",api.bitso.com/api/v3/ohlc
2026-09-25T17:00:00Z,Bitso,MXN,usdt_mxn,1h,17.699,"reported, not observed",api.bitso.com/api/v3/ohlc
2026-09-25T18:00:00Z,Bitso,MXN,usdt_mxn,1h,17.677,"reported, not observed",api.bitso.com/api/v3/ohlc
2026-09-25T19:00:00Z,Bitso,MXN,usdt_mxn,1h,17.7,"reported, not observed",api.bitso.com/api/v3/ohlc
2026-09-25T20:00:00Z,Bitso,MXN,usdt_mxn,1h,17.678,"reported, not observed",api.bitso.com/api/v3/ohlc
2026-09-25T21:00:00Z,Bitso,MXN,usdt_mxn,1h,17.68,"reported, not observed",api.bitso.com/api/v3/ohlc
2026-09-25T22:00:00Z,Bitso,MXN,usdt_mxn,1h,17.673,"reported, not observed",api.bitso.com/api/v3/ohlc
2026-09-25T23:00:00Z,Bitso,MXN,usdt_mxn,1h,17.674,"reported, not observed",api.bitso.com/api/v3/ohlc
2026-09-26T00:00:00Z,Bitso,MXN,usdt_mxn,1h,17.676,"reported, not observed",api.bitso.com/api/v3/ohlc
2026-09-26T01:00:00Z,Bitso,MXN,usdt_mxn,1h,17.675,"reported, not observed",api.bitso.com/api/v3/ohlc
2026-09-26T02:00:00Z,Bitso,MXN,usdt_mxn,1h,17.674,"reported, not observed",api.bitso.com/api/v3/ohlc
2026-09-26T03:00:00Z,Bitso,MXN,usdt_mxn,1h,17.672,"reported, not observed",api.bitso.com/api/v3/ohlc
2026-09-26T04:00:00Z,Bitso,MXN,usdt_mxn,1h,17.674,"reported, not observed",api.bitso.com/api/v3/ohlc
2026-09-26T05:00:00Z,Bitso,MXN,usdt_mxn,1h,17.679,"reported, not observed",api.bitso.com/api/v3/ohlc
2026-09-26T06:00:00Z,Bitso,MXN,usdt_mxn,1h,17.68,"reported, not observed",api.bitso.com/api/v3/ohlc
2026-09-26T07:00:00Z,Bitso,MXN,usdt_mxn,1h,17.676,"reported, not observed",api.bitso.com/api/v3/ohlc
2026-09-26T08:00:00Z,Bitso,MXN,usdt_mxn,1h,17.676,"reported, not observed",api.bitso.com/api/v3/ohlc
2026-09-26T09:00:00Z,Bitso,MXN,usdt_mxn,1h,17.676,"reported, not observed",api.bitso.com/api/v3/ohlc
2026-09-26T10:00:00Z,Bitso,MXN,usdt_mxn,1h,17.675,"reported, not observed",api.bitso.com/api/v3/ohlc
2026-09-26T11:00:00Z,Bitso,MXN,usdt_mxn,1h,17.675,"reported, not observed",api.bitso.com/api/v3/ohlc
2026-09-26T12:00:00Z,Bitso,MXN,usdt_mxn,1h,17.672,"reported, not observed",api.bitso.com/api/v3/ohlc
2026-09-26T13:00:00Z,Bitso,MXN,usdt_mxn,1h,17.673,"reported, not observed",api.bitso.com/api/v3/ohlc
2026-09-26T14:00:00Z,Bitso,MXN,usdt_mxn,1h,17.674,"reported, not observed",api.bitso.com/api/v3/ohlc
2026-09-26T15:00:00Z,Bitso,MXN,usdt_mxn,1h,17.677,"reported, not observed",api.bitso.com/api/v3/ohlc
2026-09-26T16:00:00Z,Bitso,MXN,usdt_mxn,1h,17.675,"reported, not observed",api.bitso.com/api/v3/ohlc
2026-09-26T17:00:00Z,Bitso,MXN,usdt_mxn,1h,17.674,"reported, not observed",api.bitso.com/api/v3/ohlc
2026-09-26T18:00:00Z,Bitso,MXN,usdt_mxn,1h,17.682,"reported, not observed",api.bitso.com/api/v3/ohlc
2026-09-26T19:00:00Z,Bitso,MXN,usdt_mxn,1h,17.68,"reported, not observed",api.bitso.com/api/v3/ohlc
2026-09-26T20:00:00Z,Bitso,MXN,usdt_mxn,1h,17.67,"reported, not observed",api.bitso.com/api/v3/ohlc
2026-09-26T21:00:00Z,Bitso,MXN,usdt_mxn,1h,17.662,"reported, not observed",api.bitso.com/api/v3/ohlc
2026-09-26T22:00:00Z,Bitso,MXN,usdt_mxn,1h,17.662,"reported, not observed",api.bitso.com/api/v3/ohlc
2026-09-26T23:00:00Z,Bitso,MXN,usdt_mxn,1h,17.662,"reported, not observed",api.bitso.com/api/v3/ohlc
2026-09-27T00:00:00Z,Bitso,MXN,usdt_mxn,1h,17.667,"reported, not observed",api.bitso.com/api/v3/ohlc
2026-09-27T01:00:00Z,Bitso,MXN,usdt_mxn,1h,17.671,"reported, not observed",api.bitso.com/api/v3/ohlc
2026-09-27T02:00:00Z,Bitso,MXN,usdt_mxn,1h,17.677,"reported, not observed",api.bitso.com/api/v3/ohlc
2026-09-27T03:00:00Z,Bitso,MXN,usdt_mxn,1h,17.675,"reported, not observed",api.bitso.com/api/v3/ohlc
2026-09-27T04:00:00Z,Bitso,MXN,usdt_mxn,1h,17.673,"reported, not observed",api.bitso.com/api/v3/ohlc
2026-09-27T05:00:00Z,Bitso,MXN,usdt_mxn,1h,17.674,"reported, not observed",api.bitso.com/api/v3/ohlc
2026-09-27T06:00:00Z,Bitso,MXN,usdt_mxn,1h,17.676,"reported, not observed",api.bitso.com/api/v3/ohlc
2026-09-27T07:00:00Z,Bitso,MXN,usdt_mxn,1h,17.676,"reported, not observed",api.bitso.com/api/v3/ohlc
2026-09-27T08:00:00Z,Bitso,MXN,usdt_mxn,1h,17.678,"reported, not observed",api.bitso.com/api/v3/ohlc
2026-09-27T09:00:00Z,Bitso,MXN,usdt_mxn,1h,17.678,"reported, not observed",api.bitso.com/api/v3/ohlc
2026-09-27T10:00:00Z,Bitso,MXN,usdt_mxn,1h,17.678,"reported, not observed",api.bitso.com/api/v3/ohlc
2026-09-27T11:00:00Z,Bitso,MXN,usdt_mxn,1h,17.678,"reported, not observed",api.bitso.com/api/v3/ohlc
2026-09-27T12:00:00Z,Bitso,MXN,usdt_mxn,1h,17.678,"reported, not observed",api.bitso.com/api/v3/ohlc
2026-09-27T13:00:00Z,Bitso,MXN,usdt_mxn,1h,17.679,"reported, not observed",api.bitso.com/api/v3/ohlc
2026-09-27T14:00:00Z,Bitso,MXN,usdt_mxn,1h,17.679,"reported, not observed",api.bitso.com/api/v3/ohlc
2026-09-27T15:00:00Z,Bitso,MXN,usdt_mxn,1h,17.679,"reported, not observed",api.bitso.com/api/v3/ohlc
2026-09-27T16:00:00Z,Bitso,MXN,usdt_mxn,1h,17.679,"reported, not observed",api.bitso.com/api/v3/ohlc
2026-09-27T17:00:00Z,Bitso,MXN,usdt_mxn,1h,17.682,"reported, not observed",api.bitso.com/api/v3/ohlc
2026-09-27T18:00:00Z,Bitso,MXN,usdt_mxn,1h,17.681,"reported, not observed",api.bitso.com/api/v3/ohlc
2026-09-27T19:00:00Z,Bitso,MXN,usdt_mxn,1h,17.68,"reported, not observed",api.bitso.com/api/v3/ohlc
2026-09-27T20:00:00Z,Bitso,MXN,usdt_mxn,1h,17.692,"reported, not observed",api.bitso.com/api/v3/ohlc
2026-09-27T21:00:00Z,Bitso,MXN,usdt_mxn,1h,17.685,"reported, not observed",api.bitso.com/api/v3/ohlc
2026-09-27T22:00:00Z,Bitso,MXN,usdt_mxn,1h,17.735,"reported, not observed",api.bitso.com/api/v3/ohlc
2026-09-27T23:00:00Z,Bitso,MXN,usdt_mxn,1h,17.739,"reported, not observed",api.bitso.com/api/v3/ohlc
2026-09-28T00:00:00Z,Bitso,MXN,usdt_mxn,1h,17.728,"reported, not observed",api.bitso.com/api/v3/ohlc
2026-09-28T01:00:00Z,Bitso,MXN,usdt_mxn,1h,17.733,"reported, not observed",api.bitso.com/api/v3/ohlc
2026-09-28T02:00:00Z,Bitso,MXN,usdt_mxn,1h,17.729,"reported, not observed",api.bitso.com/api/v3/ohlc
2026-09-28T03:00:00Z,Bitso,MXN,usdt_mxn,1h,17.729,"reported, not observed",api.bitso.com/api/v3/ohlc
2026-09-28T04:00:00Z,Bitso,MXN,usdt_mxn,1h,17.735,"reported, not observed",api.bitso.com/api/v3/ohlc
2026-09-28T05:00:00Z,Bitso,MXN,usdt_mxn,1h,17.75,"reported, not observed",api.bitso.com/api/v3/ohlc
2026-09-28T06:00:00Z,Bitso,MXN,usdt_mxn,1h,17.766,"reported, not observed",api.bitso.com/api/v3/ohlc
2026-09-28T07:00:00Z,Bitso,MXN,usdt_mxn,1h,17.766,"reported, not observed",api.bitso.com/api/v3/ohlc
2026-09-28T08:00:00Z,Bitso,MXN,usdt_mxn,1h,17.784,"reported, not observed",api.bitso.com/api/v3/ohlc
2026-09-28T09:00:00Z,Bitso,MXN,usdt_mxn,1h,17.789,"reported, not observed",api.bitso.com/api/v3/ohlc
2026-09-28T10:00:00Z,Bitso,MXN,usdt_mxn,1h,17.769,"reported, not observed",api.bitso.com/api/v3/ohlc
2026-09-28T11:00:00Z,Bitso,MXN,usdt_mxn,1h,17.764,"reported, not observed",api.bitso.com/api/v3/ohlc
2026-09-28T12:00:00Z,Bitso,MXN,usdt_mxn,1h,17.779,"reported, not observed",api.bitso.com/api/v3/ohlc
2026-09-28T13:00:00Z,Bitso,MXN,usdt_mxn,1h,17.813,"reported, not observed",api.bitso.com/api/v3/ohlc
2026-09-28T14:00:00Z,Bitso,MXN,usdt_mxn,1h,17.855,"reported, not observed",api.bitso.com/api/v3/ohlc
2026-09-28T15:00:00Z,Bitso,MXN,usdt_mxn,1h,17.824,"reported, not observed",api.bitso.com/api/v3/ohlc
2026-09-28T16:00:00Z,Bitso,MXN,usdt_mxn,1h,17.842,"reported, not observed",api.bitso.com/api/v3/ohlc
2026-09-28T17:00:00Z,Bitso,MXN,usdt_mxn,1h,17.838,"reported, not observed",api.bitso.com/api/v3/ohlc
2026-09-28T18:00:00Z,Bitso,MXN,usdt_mxn,1h,17.886,"reported, not observed",api.bitso.com/api/v3/ohlc
2026-09-28T19:00:00Z,Bitso,MXN,usdt_mxn,1h,17.92,"reported, not observed",api.bitso.com/api/v3/ohlc
2026-09-28T20:00:00Z,Bitso,MXN,usdt_mxn,1h,17.972,"reported, not observed",api.bitso.com/api/v3/ohlc
2026-09-28T21:00:00Z,Bitso,MXN,usdt_mxn,1h,17.975,"reported, not observed",api.bitso.com/api/v3/ohlc
2026-09-28T22:00:00Z,Bitso,MXN,usdt_mxn,1h,17.961,"reported, not observed",api.bitso.com/api/v3/ohlc
2026-09-28T23:00:00Z,Bitso,MXN,usdt_mxn,1h,17.97,"reported, not observed",api.bitso.com/api/v3/ohlc
2026-09-29T00:00:00Z,Bitso,MXN,usdt_mxn,1h,17.984,"reported, not observed",api.bitso.com/api/v3/ohlc
2026-09-29T01:00:00Z,Bitso,MXN,usdt_mxn,1h,17.976,"reported, not observed",api.bitso.com/api/v3/ohlc
2026-09-29T02:00:00Z,Bitso,MXN,usdt_mxn,1h,17.976,"reported, not observed",api.bitso.com/api/v3/ohlc
2026-09-29T03:00:00Z,Bitso,MXN,usdt_mxn,1h,17.99,"reported, not observed",api.bitso.com/api/v3/ohlc
2026-09-29T04:00:00Z,Bitso,MXN,usdt_mxn,1h,18.004,"reported, not observed",api.bitso.com/api/v3/ohlc
2026-09-29T05:00:00Z,Bitso,MXN,usdt_mxn,1h,18.006,"reported, not observed",api.bitso.com/api/v3/ohlc
2026-09-29T06:00:00Z,Bitso,MXN,usdt_mxn,1h,17.961,"reported, not observed",api.bitso.com/api/v3/ohlc
2026-09-29T07:00:00Z,Bitso,MXN,usdt_mxn,1h,17.989,"reported, not observed",api.bitso.com/api/v3/ohlc
2026-09-29T08:00:00Z,Bitso,MXN,usdt_mxn,1h,17.95,"reported, not observed",api.bitso.com/api/v3/ohlc
2026-09-29T09:00:00Z,Bitso,MXN,usdt_mxn,1h,17.967,"reported, not observed",api.bitso.com/api/v3/ohlc
2026-09-29T10:00:00Z,Bitso,MXN,usdt_mxn,1h,17.92,"reported, not observed",api.bitso.com/api/v3/ohlc
2026-09-29T11:00:00Z,Bitso,MXN,usdt_mxn,1h,17.882,"reported, not observed",api.bitso.com/api/v3/ohlc
2026-09-29T12:00:00Z,Bitso,MXN,usdt_mxn,1h,17.938,"reported, not observed",api.bitso.com/api/v3/ohlc
2026-09-29T13:00:00Z,Bitso,MXN,usdt_mxn,1h,17.932,"reported, not observed",api.bitso.com/api/v3/ohlc
2026-09-29T14:00:00Z,Bitso,MXN,usdt_mxn,1h,17.987,"reported, not observed",api.bitso.com/api/v3/ohlc
2026-09-29T15:00:00Z,Bitso,MXN,usdt_mxn,1h,18.045,"reported, not observed",api.bitso.com/api/v3/ohlc
2026-09-29T16:00:00Z,Bitso,MXN,usdt_mxn,1h,18.107,"reported, not observed",api.bitso.com/api/v3/ohlc
2026-09-29T17:00:00Z,Bitso,MXN,usdt_mxn,1h,18.112,"reported, not observed",api.bitso.com/api/v3/ohlc
2026-09-29T18:00:00Z,Bitso,MXN,usdt_mxn,1h,18.058,"reported, not observed",api.bitso.com/api/v3/ohlc
2026-09-29T19:00:00Z,Bitso,MXN,usdt_mxn,1h,18.055,"reported, not observed",api.bitso.com/api/v3/ohlc
2026-09-29T20:00:00Z,Bitso,MXN,usdt_mxn,1h,18.033,"reported, not observed",api.bitso.com/api/v3/ohlc
2026-09-29T21:00:00Z,Bitso,MXN,usdt_mxn,1h,18.019,"reported, not observed",api.bitso.com/api/v3/ohlc
2026-09-29T22:00:00Z,Bitso,MXN,usdt_mxn,1h,18.046,"reported, not observed",api.bitso.com/api/v3/ohlc
2026-09-29T23:00:00Z,Bitso,MXN,usdt_mxn,1h,18.032,"reported, not observed",api.bitso.com/api/v3/ohlc
2026-09-30T00:00:00Z,Bitso,MXN,usdt_mxn,1h,18.038,"reported, not observed",api.bitso.com/api/v3/ohlc
2026-09-30T01:00:00Z,Bitso,MXN,usdt_mxn,1h,18.082,"reported, not observed",api.bitso.com/api/v3/ohlc
2026-09-30T02:00:00Z,Bitso,MXN,usdt_mxn,1h,18.061,"reported, not observed",api.bitso.com/api/v3/ohlc
2026-09-30T03:00:00Z,Bitso,MXN,usdt_mxn,1h,18.074,"reported, not observed",api.bitso.com/api/v3/ohlc
2026-09-30T04:00:00Z,Bitso,MXN,usdt_mxn,1h,18.066,"reported, not observed",api.bitso.com/api/v3/ohlc
2026-09-30T05:00:00Z,Bitso,MXN,usdt_mxn,1h,18.052,"reported, not observed",api.bitso.com/api/v3/ohlc
2026-09-30T06:00:00Z,Bitso,MXN,usdt_mxn,1h,18.038,"reported, not observed",api.bitso.com/api/v3/ohlc
2026-09-30T07:00:00Z,Bitso,MXN,usdt_mxn,1h,18.03,"reported, not observed",api.bitso.com/api/v3/ohlc
2026-09-30T08:00:00Z,Bitso,MXN,usdt_mxn,1h,18.043,"reported, not observed",api.bitso.com/api/v3/ohlc
2026-09-30T09:00:00Z,Bitso,MXN,usdt_mxn,1h,18.07,"reported, not observed",api.bitso.com/api/v3/ohlc
2026-09-30T10:00:00Z,Bitso,MXN,usdt_mxn,1h,18.053,"reported, not observed",api.bitso.com/api/v3/ohlc
2026-09-30T11:00:00Z,Bitso,MXN,usdt_mxn,1h,18.121,"reported, not observed",api.bitso.com/api/v3/ohlc
2026-09-30T12:00:00Z,Bitso,MXN,usdt_mxn,1h,17.972,"reported, not observed",api.bitso.com/api/v3/ohlc
2026-09-30T13:00:00Z,Bitso,MXN,usdt_mxn,1h,17.943,"reported, not observed",api.bitso.com/api/v3/ohlc
2026-09-30T14:00:00Z,Bitso,MXN,usdt_mxn,1h,17.971,"reported, not observed",api.bitso.com/api/v3/ohlc
2026-09-30T15:00:00Z,Bitso,MXN,usdt_mxn,1h,18.042,"reported, not observed",api.bitso.com/api/v3/ohlc
2026-09-30T16:00:00Z,Bitso,MXN,usdt_mxn,1h,18.042,"reported, not observed",api.bitso.com/api/v3/ohlc
2026-09-30T17:00:00Z,Bitso,MXN,usdt_mxn,1h,18.054,"reported, not observed",api.bitso.com/api/v3/ohlc
2026-09-30T18:00:00Z,Bitso,MXN,usdt_mxn,1h,18.043,"reported, not observed",api.bitso.com/api/v3/ohlc
2026-09-30T19:00:00Z,Bitso,MXN,usdt_mxn,1h,18.055,"reported, not observed",api.bitso.com/api/v3/ohlc
2026-09-30T20:00:00Z,Bitso,MXN,usdt_mxn,1h,18.052,"reported, not observed",api.bitso.com/api/v3/ohlc
2026-09-30T21:00:00Z,Bitso,MXN,usdt_mxn,1h,18.038,"reported, not observed",api.bitso.com/api/v3/ohlc
2026-09-30T22:00:00Z,Bitso,MXN,usdt_mxn,1h,18.068,"reported, not observed",api.bitso.com/api/v3/ohlc
2026-09-30T23:00:00Z,Bitso,MXN,usdt_mxn,1h,18.06,"reported, not observed",api.bitso.com/api/v3/ohlc
2026-10-01T00:00:00Z,Bitso,MXN,usdt_mxn,1h,18.081,"reported, not observed",api.bitso.com/api/v3/ohlc
2026-10-01T01:00:00Z,Bitso,MXN,usdt_mxn,1h,18.086,"reported, not observed",api.bitso.com/api/v3/ohlc
2026-10-01T02:00:00Z,Bitso,MXN,usdt_mxn,1h,18.073,"reported, not observed",api.bitso.com/api/v3/ohlc
2026-10-01T03:00:00Z,Bitso,MXN,usdt_mxn,1h,18.071,"reported, not observed",api.bitso.com/api/v3/ohlc
2026-10-01T04:00:00Z,Bitso,MXN,usdt_mxn,1h,18.066,"reported, not observed",api.bitso.com/api/v3/ohlc
2026-10-01T05:00:00Z,Bitso,MXN,usdt_mxn,1h,18.068,"reported, not observed",api.bitso.com/api/v3/ohlc
2026-10-01T06:00:00Z,Bitso,MXN,usdt_mxn,1h,18.098,"reported, not observed",api.bitso.com/api/v3/ohlc
2026-10-01T07:00:00Z,Bitso,MXN,usdt_mxn,1h,18.224,"reported, not observed",api.bitso.com/api/v3/ohlc
2026-10-01T08:00:00Z,Bitso,MXN,usdt_mxn,1h,18.228,"reported, not observed",api.bitso.com/api/v3/ohlc
2026-10-01T09:00:00Z,Bitso,MXN,usdt_mxn,1h,18.235,"reported, not observed",api.bitso.com/api/v3/ohlc
2026-10-01T10:00:00Z,Bitso,MXN,usdt_mxn,1h,18.176,"reported, not observed",api.bitso.com/api/v3/ohlc
2026-10-01T11:00:00Z,Bitso,MXN,usdt_mxn,1h,18.137,"reported, not observed",api.bitso.com/api/v3/ohlc
2026-10-01T12:00:00Z,Bitso,MXN,usdt_mxn,1h,18.171,"reported, not observed",api.bitso.com/api/v3/ohlc
2026-10-01T13:00:00Z,Bitso,MXN,usdt_mxn,1h,18.141,"reported, not observed",api.bitso.com/api/v3/ohlc
2026-10-01T14:00:00Z,Bitso,MXN,usdt_mxn,1h,18.262,"reported, not observed",api.bitso.com/api/v3/ohlc
2026-10-01T15:00:00Z,Bitso,MXN,usdt_mxn,1h,18.379,"reported, not observed",api.bitso.com/api/v3/ohlc
2026-10-01T16:00:00Z,Bitso,MXN,usdt_mxn,1h,18.37,"reported, not observed",api.bitso.com/api/v3/ohlc
2026-10-01T17:00:00Z,Bitso,MXN,usdt_mxn,1h,18.368,"reported, not observed",api.bitso.com/api/v3/ohlc
2026-10-01T18:00:00Z,Bitso,MXN,usdt_mxn,1h,18.334,"reported, not observed",api.bitso.com/api/v3/ohlc
2026-10-01T19:00:00Z,Bitso,MXN,usdt_mxn,1h,18.282,"reported, not observed",api.bitso.com/api/v3/ohlc
2026-10-01T20:00:00Z,Bitso,MXN,usdt_mxn,1h,18.295,"reported, not observed",api.bitso.com/api/v3/ohlc
2026-10-01T21:00:00Z,Bitso,MXN,usdt_mxn,1h,18.297,"reported, not observed",api.bitso.com/api/v3/ohlc
2026-10-01T22:00:00Z,Bitso,MXN,usdt_mxn,1h,18.293,"reported, not observed",api.bitso.com/api/v3/ohlc
2026-10-01T23:00:00Z,Bitso,MXN,usdt_mxn,1h,18.304,"reported, not observed",api.bitso.com/api/v3/ohlc
2026-10-02T00:00:00Z,Bitso,MXN,usdt_mxn,1h,18.319,"reported, not observed",api.bitso.com/api/v3/ohlc
2026-10-02T01:00:00Z,Bitso,MXN,usdt_mxn,1h,18.299,"reported, not observed",api.bitso.com/api/v3/ohlc
2026-10-02T02:00:00Z,Bitso,MXN,usdt_mxn,1h,18.278,"reported, not observed",api.bitso.com/api/v3/ohlc
2026-10-02T03:00:00Z,Bitso,MXN,usdt_mxn,1h,18.262,"reported, not observed",api.bitso.com/api/v3/ohlc
2026-10-02T04:00:00Z,Bitso,MXN,usdt_mxn,1h,18.262,"reported, not observed",api.bitso.com/api/v3/ohlc
2026-10-02T05:00:00Z,Bitso,MXN,usdt_mxn,1h,18.265,"reported, not observed",api.bitso.com/api/v3/ohlc
2026-10-02T06:00:00Z,Bitso,MXN,usdt_mxn,1h,18.23,"reported, not observed",api.bitso.com/api/v3/ohlc
2026-10-02T07:00:00Z,Bitso,MXN,usdt_mxn,1h,18.219,"reported, not observed",api.bitso.com/api/v3/ohlc
2026-10-02T08:00:00Z,Bitso,MXN,usdt_mxn,1h,18.221,"reported, not observed",api.bitso.com/api/v3/ohlc
2026-10-02T09:00:00Z,Bitso,MXN,usdt_mxn,1h,18.215,"reported, not observed",api.bitso.com/api/v3/ohlc
2026-10-02T10:00:00Z,Bitso,MXN,usdt_mxn,1h,18.253,"reported, not observed",api.bitso.com/api/v3/ohlc
2026-10-02T11:00:00Z,Bitso,MXN,usdt_mxn,1h,18.277,"reported, not observed",api.bitso.com/api/v3/ohlc
2026-10-02T12:00:00Z,Bitso,MXN,usdt_mxn,1h,18.155,"reported, not observed",api.bitso.com/api/v3/ohlc
2026-10-02T13:00:00Z,Bitso,MXN,usdt_mxn,1h,18.103,"reported, not observed",api.bitso.com/api/v3/ohlc
2026-10-02T14:00:00Z,Bitso,MXN,usdt_mxn,1h,18.128,"reported, not observed",api.bitso.com/api/v3/ohlc
2026-10-02T15:00:00Z,Bitso,MXN,usdt_mxn,1h,18.171,"reported, not observed",api.bitso.com/api/v3/ohlc
2026-10-02T16:00:00Z,Bitso,MXN,usdt_mxn,1h,18.185,"reported, not observed",api.bitso.com/api/v3/ohlc
2026-10-02T17:00:00Z,Bitso,MXN,usdt_mxn,1h,18.184,"reported, not observed",api.bitso.com/api/v3/ohlc
2026-10-02T18:00:00Z,Bitso,MXN,usdt_mxn,1h,18.198,"reported, not observed",api.bitso.com/api/v3/ohlc
2026-10-02T19:00:00Z,Bitso,MXN,usdt_mxn,1h,18.153,"reported, not observed",api.bitso.com/api/v3/ohlc
2026-10-02T20:00:00Z,Bitso,MXN,usdt_mxn,1h,18.156,"reported, not observed",api.bitso.com/api/v3/ohlc
2026-10-02T21:00:00Z,Bitso,MXN,usdt_mxn,1h,18.156,"reported, not observed",api.bitso.com/api/v3/ohlc
2026-10-02T22:00:00Z,Bitso,MXN,usdt_mxn,1h,18.154,"reported, not observed",api.bitso.com/api/v3/ohlc
2026-10-02T23:00:00Z,Bitso,MXN,usdt_mxn,1h,18.178,"reported, not observed",api.bitso.com/api/v3/ohlc
2026-10-03T00:00:00Z,Bitso,MXN,usdt_mxn,1h,18.169,"reported, not observed",api.bitso.com/api/v3/ohlc
2026-10-03T01:00:00Z,Bitso,MXN,usdt_mxn,1h,18.168,"reported, not observed",api.bitso.com/api/v3/ohlc
