ts_utc,venue,ccy,pair,interval,close,label,source
2023-12-06T15:00:00Z,Bithumb,KRW,KRW-USDT,1d,1367.0,"reported, not observed",api.bithumb.com/v1/candles
2023-12-07T15:00:00Z,Bithumb,KRW,KRW-USDT,1d,1363.0,"reported, not observed",api.bithumb.com/v1/candles
2023-12-08T15:00:00Z,Bithumb,KRW,KRW-USDT,1d,1368.0,"reported, not observed",api.bithumb.com/v1/candles
2023-12-09T15:00:00Z,Bithumb,KRW,KRW-USDT,1d,1366.0,"reported, not observed",api.bithumb.com/v1/candles
2023-12-10T15:00:00Z,Bithumb,KRW,KRW-USDT,1d,1372.0,"reported, not observed",api.bithumb.com/v1/candles
2023-12-11T15:00:00Z,Bithumb,KRW,KRW-USDT,1d,1377.0,"reported, not observed",api.bithumb.com/v1/candles
2023-12-12T15:00:00Z,Bithumb,KRW,KRW-USDT,1d,1386.0,"reported, not observed",api.bithumb.com/v1/candles
2023-12-13T15:00:00Z,Bithumb,KRW,KRW-USDT,1d,1367.0,"reported, not observed",api.bithumb.com/v1/candles
2023-12-14T15:00:00Z,Bithumb,KRW,KRW-USDT,1d,1373.0,"reported, not observed",api.bithumb.com/v1/candles
2023-12-15T15:00:00Z,Bithumb,KRW,KRW-USDT,1d,1367.0,"reported, not observed",api.bithumb.com/v1/candles
2023-12-16T15:00:00Z,Bithumb,KRW,KRW-USDT,1d,1367.0,"reported, not observed",api.bithumb.com/v1/candles
2023-12-17T15:00:00Z,Bithumb,KRW,KRW-USDT,1d,1362.0,"reported, not observed",api.bithumb.com/v1/candles
2023-12-18T15:00:00Z,Bithumb,KRW,KRW-USDT,1d,1359.0,"reported, not observed",api.bithumb.com/v1/candles
2023-12-19T15:00:00Z,Bithumb,KRW,KRW-USDT,1d,1353.0,"reported, not observed",api.bithumb.com/v1/candles
2023-12-20T15:00:00Z,Bithumb,KRW,KRW-USDT,1d,1355.0,"reported, not observed",api.bithumb.com/v1/candles
2023-12-21T15:00:00Z,Bithumb,KRW,KRW-USDT,1d,1356.0,"reported, not observed",api.bithumb.com/v1/candles
2023-12-22T15:00:00Z,Bithumb,KRW,KRW-USDT,1d,1360.0,"reported, not observed",api.bithumb.com/v1/candles
2023-12-23T15:00:00Z,Bithumb,KRW,KRW-USDT,1d,1352.0,"reported, not observed",api.bithumb.com/v1/candles
2023-12-24T15:00:00Z,Bithumb,KRW,KRW-USDT,1d,1333.0,"reported, not observed",api.bithumb.com/v1/candles
2023-12-25T15:00:00Z,Bithumb,KRW,KRW-USDT,1d,1338.0,"reported, not observed",api.bithumb.com/v1/candles
2023-12-26T15:00:00Z,Bithumb,KRW,KRW-USDT,1d,1333.0,"reported, not observed",api.bithumb.com/v1/candles
2023-12-27T15:00:00Z,Bithumb,KRW,KRW-USDT,1d,1336.0,"reported, not observed",api.bithumb.com/v1/candles
2023-12-28T15:00:00Z,Bithumb,KRW,KRW-USDT,1d,1329.0,"reported, not observed",api.bithumb.com/v1/candles
2023-12-29T15:00:00Z,Bithumb,KRW,KRW-USDT,1d,1343.0,"reported, not observed",api.bithumb.com/v1/candles
2023-12-30T15:00:00Z,Bithumb,KRW,KRW-USDT,1d,1339.0,"reported, not observed",api.bithumb.com/v1/candles
2023-12-31T15:00:00Z,Bithumb,KRW,KRW-USDT,1d,1342.0,"reported, not observed",api.bithumb.com/v1/candles
2024-01-01T15:00:00Z,Bithumb,KRW,KRW-USDT,1d,1339.0,"reported, not observed",api.bithumb.com/v1/candles
2024-01-02T15:00:00Z,Bithumb,KRW,KRW-USDT,1d,1353.0,"reported, not observed",api.bithumb.com/v1/candles
2024-01-03T15:00:00Z,Bithumb,KRW,KRW-USDT,1d,1343.0,"reported, not observed",api.bithumb.com/v1/candles
2024-01-04T15:00:00Z,Bithumb,KRW,KRW-USDT,1d,1353.0,"reported, not observed",api.bithumb.com/v1/candles
2024-01-05T15:00:00Z,Bithumb,KRW,KRW-USDT,1d,1348.0,"reported, not observed",api.bithumb.com/v1/candles
2024-01-06T15:00:00Z,Bithumb,KRW,KRW-USDT,1d,1345.0,"reported, not observed",api.bithumb.com/v1/candles
2024-01-07T15:00:00Z,Bithumb,KRW,KRW-USDT,1d,1346.0,"reported, not observed",api.bithumb.com/v1/candles
2024-01-08T15:00:00Z,Bithumb,KRW,KRW-USDT,1d,1347.0,"reported, not observed",api.bithumb.com/v1/candles
2024-01-09T15:00:00Z,Bithumb,KRW,KRW-USDT,1d,1348.0,"reported, not observed",api.bithumb.com/v1/candles
2024-01-10T15:00:00Z,Bithumb,KRW,KRW-USDT,1d,1358.0,"reported, not observed",api.bithumb.com/v1/candles
2024-01-11T15:00:00Z,Bithumb,KRW,KRW-USDT,1d,1368.0,"reported, not observed",api.bithumb.com/v1/candles
2024-01-12T15:00:00Z,Bithumb,KRW,KRW-USDT,1d,1374.0,"reported, not observed",api.bithumb.com/v1/candles
2024-01-13T15:00:00Z,Bithumb,KRW,KRW-USDT,1d,1370.0,"reported, not observed",api.bithumb.com/v1/candles
2024-01-14T15:00:00Z,Bithumb,KRW,KRW-USDT,1d,1374.0,"reported, not observed",api.bithumb.com/v1/candles
2024-01-15T15:00:00Z,Bithumb,KRW,KRW-USDT,1d,1375.0,"reported, not observed",api.bithumb.com/v1/candles
2024-01-16T15:00:00Z,Bithumb,KRW,KRW-USDT,1d,1374.0,"reported, not observed",api.bithumb.com/v1/candles
2024-01-17T15:00:00Z,Bithumb,KRW,KRW-USDT,1d,1372.0,"reported, not observed",api.bithumb.com/v1/candles
2024-01-18T15:00:00Z,Bithumb,KRW,KRW-USDT,1d,1376.0,"reported, not observed",api.bithumb.com/v1/candles
2024-01-19T15:00:00Z,Bithumb,KRW,KRW-USDT,1d,1382.0,"reported, not observed",api.bithumb.com/v1/candles
2024-01-20T15:00:00Z,Bithumb,KRW,KRW-USDT,1d,1381.0,"reported, not observed",api.bithumb.com/v1/candles
2024-01-21T15:00:00Z,Bithumb,KRW,KRW-USDT,1d,1380.0,"reported, not observed",api.bithumb.com/v1/candles
2024-01-22T15:00:00Z,Bithumb,KRW,KRW-USDT,1d,1379.0,"reported, not observed",api.bithumb.com/v1/candles
2024-01-23T15:00:00Z,Bithumb,KRW,KRW-USDT,1d,1376.0,"reported, not observed",api.bithumb.com/v1/candles
2024-01-24T15:00:00Z,Bithumb,KRW,KRW-USDT,1d,1377.0,"reported, not observed",api.bithumb.com/v1/candles
2024-01-25T15:00:00Z,Bithumb,KRW,KRW-USDT,1d,1377.0,"reported, not observed",api.bithumb.com/v1/candles
2024-01-26T15:00:00Z,Bithumb,KRW,KRW-USDT,1d,1377.0,"reported, not observed",api.bithumb.com/v1/candles
2024-01-27T15:00:00Z,Bithumb,KRW,KRW-USDT,1d,1377.0,"reported, not observed",api.bithumb.com/v1/candles
2024-01-28T15:00:00Z,Bithumb,KRW,KRW-USDT,1d,1374.0,"reported, not observed",api.bithumb.com/v1/candles
2024-01-29T15:00:00Z,Bithumb,KRW,KRW-USDT,1d,1364.0,"reported, not observed",api.bithumb.com/v1/candles
2024-01-30T15:00:00Z,Bithumb,KRW,KRW-USDT,1d,1374.0,"reported, not observed",api.bithumb.com/v1/candles
2024-01-31T15:00:00Z,Bithumb,KRW,KRW-USDT,1d,1374.0,"reported, not observed",api.bithumb.com/v1/candles
2024-02-01T15:00:00Z,Bithumb,KRW,KRW-USDT,1d,1373.0,"reported, not observed",api.bithumb.com/v1/candles
2024-02-02T15:00:00Z,Bithumb,KRW,KRW-USDT,1d,1375.0,"reported, not observed",api.bithumb.com/v1/candles
2024-02-03T15:00:00Z,Bithumb,KRW,KRW-USDT,1d,1377.0,"reported, not observed",api.bithumb.com/v1/candles
2024-02-04T15:00:00Z,Bithumb,KRW,KRW-USDT,1d,1372.0,"reported, not observed",api.bithumb.com/v1/candles
2024-02-05T15:00:00Z,Bithumb,KRW,KRW-USDT,1d,1373.0,"reported, not observed",api.bithumb.com/v1/candles
2024-02-06T15:00:00Z,Bithumb,KRW,KRW-USDT,1d,1369.0,"reported, not observed",api.bithumb.com/v1/candles
2024-02-07T15:00:00Z,Bithumb,KRW,KRW-USDT,1d,1362.0,"reported, not observed",api.bithumb.com/v1/candles
2024-02-08T15:00:00Z,Bithumb,KRW,KRW-USDT,1d,1354.0,"reported, not observed",api.bithumb.com/v1/candles
2024-02-09T15:00:00Z,Bithumb,KRW,KRW-USDT,1d,1355.0,"reported, not observed",api.bithumb.com/v1/candles
2024-02-10T15:00:00Z,Bithumb,KRW,KRW-USDT,1d,1350.0,"reported, not observed",api.bithumb.com/v1/candles
2024-02-11T15:00:00Z,Bithumb,KRW,KRW-USDT,1d,1352.0,"reported, not observed",api.bithumb.com/v1/candles
2024-02-12T15:00:00Z,Bithumb,KRW,KRW-USDT,1d,1356.0,"reported, not observed",api.bithumb.com/v1/candles
2024-02-13T15:00:00Z,Bithumb,KRW,KRW-USDT,1d,1351.0,"reported, not observed",api.bithumb.com/v1/candles
2024-02-14T15:00:00Z,Bithumb,KRW,KRW-USDT,1d,1368.0,"reported, not observed",api.bithumb.com/v1/candles
2024-02-15T15:00:00Z,Bithumb,KRW,KRW-USDT,1d,1387.0,"reported, not observed",api.bithumb.com/v1/candles
2024-02-16T15:00:00Z,Bithumb,KRW,KRW-USDT,1d,1381.0,"reported, not observed",api.bithumb.com/v1/candles
2024-02-17T15:00:00Z,Bithumb,KRW,KRW-USDT,1d,1377.0,"reported, not observed",api.bithumb.com/v1/candles
2024-02-18T15:00:00Z,Bithumb,KRW,KRW-USDT,1d,1381.0,"reported, not observed",api.bithumb.com/v1/candles
2024-02-19T15:00:00Z,Bithumb,KRW,KRW-USDT,1d,1384.0,"reported, not observed",api.bithumb.com/v1/candles
2024-02-20T15:00:00Z,Bithumb,KRW,KRW-USDT,1d,1395.0,"reported, not observed",api.bithumb.com/v1/candles
2024-02-21T15:00:00Z,Bithumb,KRW,KRW-USDT,1d,1391.0,"reported, not observed",api.bithumb.com/v1/candles
2024-02-22T15:00:00Z,Bithumb,KRW,KRW-USDT,1d,1394.0,"reported, not observed",api.bithumb.com/v1/candles
2024-02-23T15:00:00Z,Bithumb,KRW,KRW-USDT,1d,1385.0,"reported, not observed",api.bithumb.com/v1/candles
2024-02-24T15:00:00Z,Bithumb,KRW,KRW-USDT,1d,1376.0,"reported, not observed",api.bithumb.com/v1/candles
2024-02-25T15:00:00Z,Bithumb,KRW,KRW-USDT,1d,1378.0,"reported, not observed",api.bithumb.com/v1/candles
2024-02-26T15:00:00Z,Bithumb,KRW,KRW-USDT,1d,1380.0,"reported, not observed",api.bithumb.com/v1/candles
2024-02-27T15:00:00Z,Bithumb,KRW,KRW-USDT,1d,1384.0,"reported, not observed",api.bithumb.com/v1/candles
2024-02-28T15:00:00Z,Bithumb,KRW,KRW-USDT,1d,1396.0,"reported, not observed",api.bithumb.com/v1/candles
2024-02-29T15:00:00Z,Bithumb,KRW,KRW-USDT,1d,1405.0,"reported, not observed",api.bithumb.com/v1/candles
2024-03-01T15:00:00Z,Bithumb,KRW,KRW-USDT,1d,1401.0,"reported, not observed",api.bithumb.com/v1/candles
2024-03-02T15:00:00Z,Bithumb,KRW,KRW-USDT,1d,1396.0,"reported, not observed",api.bithumb.com/v1/candles
2024-03-03T15:00:00Z,Bithumb,KRW,KRW-USDT,1d,1393.0,"reported, not observed",api.bithumb.com/v1/candles
2024-03-04T15:00:00Z,Bithumb,KRW,KRW-USDT,1d,1402.0,"reported, not observed",api.bithumb.com/v1/candles
2024-03-05T15:00:00Z,Bithumb,KRW,KRW-USDT,1d,1401.0,"reported, not observed",api.bithumb.com/v1/candles
2024-03-06T15:00:00Z,Bithumb,KRW,KRW-USDT,1d,1403.0,"reported, not observed",api.bithumb.com/v1/candles
2024-03-07T15:00:00Z,Bithumb,KRW,KRW-USDT,1d,1402.0,"reported, not observed",api.bithumb.com/v1/candles
2024-03-08T15:00:00Z,Bithumb,KRW,KRW-USDT,1d,1401.0,"reported, not observed",api.bithumb.com/v1/candles
2024-03-09T15:00:00Z,Bithumb,KRW,KRW-USDT,1d,1409.0,"reported, not observed",api.bithumb.com/v1/candles
2024-03-10T15:00:00Z,Bithumb,KRW,KRW-USDT,1d,1401.0,"reported, not observed",api.bithumb.com/v1/candles
2024-03-11T15:00:00Z,Bithumb,KRW,KRW-USDT,1d,1404.0,"reported, not observed",api.bithumb.com/v1/candles
2024-03-12T15:00:00Z,Bithumb,KRW,KRW-USDT,1d,1417.0,"reported, not observed",api.bithumb.com/v1/candles
2024-03-13T15:00:00Z,Bithumb,KRW,KRW-USDT,1d,1414.0,"reported, not observed",api.bithumb.com/v1/candles
2024-03-14T15:00:00Z,Bithumb,KRW,KRW-USDT,1d,1434.0,"reported, not observed",api.bithumb.com/v1/candles
2024-03-15T15:00:00Z,Bithumb,KRW,KRW-USDT,1d,1453.0,"reported, not observed",api.bithumb.com/v1/candles
2024-03-16T15:00:00Z,Bithumb,KRW,KRW-USDT,1d,1444.0,"reported, not observed",api.bithumb.com/v1/candles
2024-03-17T15:00:00Z,Bithumb,KRW,KRW-USDT,1d,1468.0,"reported, not observed",api.bithumb.com/v1/candles
2024-03-18T15:00:00Z,Bithumb,KRW,KRW-USDT,1d,1473.0,"reported, not observed",api.bithumb.com/v1/candles
2024-03-19T15:00:00Z,Bithumb,KRW,KRW-USDT,1d,1465.0,"reported, not observed",api.bithumb.com/v1/candles
2024-03-20T15:00:00Z,Bithumb,KRW,KRW-USDT,1d,1447.0,"reported, not observed",api.bithumb.com/v1/candles
2024-03-21T15:00:00Z,Bithumb,KRW,KRW-USDT,1d,1458.0,"reported, not observed",api.bithumb.com/v1/candles
2024-03-22T15:00:00Z,Bithumb,KRW,KRW-USDT,1d,1445.0,"reported, not observed",api.bithumb.com/v1/candles
2024-03-23T15:00:00Z,Bithumb,KRW,KRW-USDT,1d,1444.0,"reported, not observed",api.bithumb.com/v1/candles
2024-03-24T15:00:00Z,Bithumb,KRW,KRW-USDT,1d,1423.0,"reported, not observed",api.bithumb.com/v1/candles
2024-03-25T15:00:00Z,Bithumb,KRW,KRW-USDT,1d,1420.0,"reported, not observed",api.bithumb.com/v1/candles
2024-03-26T15:00:00Z,Bithumb,KRW,KRW-USDT,1d,1425.0,"reported, not observed",api.bithumb.com/v1/candles
2024-03-27T15:00:00Z,Bithumb,KRW,KRW-USDT,1d,1422.0,"reported, not observed",api.bithumb.com/v1/candles
2024-03-28T15:00:00Z,Bithumb,KRW,KRW-USDT,1d,1421.0,"reported, not observed",api.bithumb.com/v1/candles
2024-03-29T15:00:00Z,Bithumb,KRW,KRW-USDT,1d,1425.0,"reported, not observed",api.bithumb.com/v1/candles
2024-03-30T15:00:00Z,Bithumb,KRW,KRW-USDT,1d,1423.0,"reported, not observed",api.bithumb.com/v1/candles
2024-03-31T15:00:00Z,Bithumb,KRW,KRW-USDT,1d,1436.0,"reported, not observed",api.bithumb.com/v1/candles
2024-04-01T15:00:00Z,Bithumb,KRW,KRW-USDT,1d,1453.0,"reported, not observed",api.bithumb.com/v1/candles
2024-04-02T15:00:00Z,Bithumb,KRW,KRW-USDT,1d,1450.0,"reported, not observed",api.bithumb.com/v1/candles
2024-04-03T15:00:00Z,Bithumb,KRW,KRW-USDT,1d,1449.0,"reported, not observed",api.bithumb.com/v1/candles
2024-04-04T15:00:00Z,Bithumb,KRW,KRW-USDT,1d,1449.0,"reported, not observed",api.bithumb.com/v1/candles
2024-04-05T15:00:00Z,Bithumb,KRW,KRW-USDT,1d,1444.0,"reported, not observed",api.bithumb.com/v1/candles
2024-04-06T15:00:00Z,Bithumb,KRW,KRW-USDT,1d,1431.0,"reported, not observed",api.bithumb.com/v1/candles
2024-04-07T15:00:00Z,Bithumb,KRW,KRW-USDT,1d,1419.0,"reported, not observed",api.bithumb.com/v1/candles
2024-04-08T15:00:00Z,Bithumb,KRW,KRW-USDT,1d,1429.0,"reported, not observed",api.bithumb.com/v1/candles
2024-04-09T15:00:00Z,Bithumb,KRW,KRW-USDT,1d,1437.0,"reported, not observed",api.bithumb.com/v1/candles
2024-04-10T15:00:00Z,Bithumb,KRW,KRW-USDT,1d,1431.0,"reported, not observed",api.bithumb.com/v1/candles
2024-04-11T15:00:00Z,Bithumb,KRW,KRW-USDT,1d,1440.0,"reported, not observed",api.bithumb.com/v1/candles
2024-04-12T15:00:00Z,Bithumb,KRW,KRW-USDT,1d,1469.0,"reported, not observed",api.bithumb.com/v1/candles
2024-04-13T15:00:00Z,Bithumb,KRW,KRW-USDT,1d,1504.0,"reported, not observed",api.bithumb.com/v1/candles
2024-04-14T15:00:00Z,Bithumb,KRW,KRW-USDT,1d,1494.0,"reported, not observed",api.bithumb.com/v1/candles
2024-04-15T15:00:00Z,Bithumb,KRW,KRW-USDT,1d,1504.0,"reported, not observed",api.bithumb.com/v1/candles
2024-04-16T15:00:00Z,Bithumb,KRW,KRW-USDT,1d,1492.0,"reported, not observed",api.bithumb.com/v1/candles
2024-04-17T15:00:00Z,Bithumb,KRW,KRW-USDT,1d,1471.0,"reported, not observed",api.bithumb.com/v1/candles
2024-04-18T15:00:00Z,Bithumb,KRW,KRW-USDT,1d,1460.0,"reported, not observed",api.bithumb.com/v1/candles
2024-04-19T15:00:00Z,Bithumb,KRW,KRW-USDT,1d,1466.0,"reported, not observed",api.bithumb.com/v1/candles
2024-04-20T15:00:00Z,Bithumb,KRW,KRW-USDT,1d,1458.0,"reported, not observed",api.bithumb.com/v1/candles
2024-04-21T15:00:00Z,Bithumb,KRW,KRW-USDT,1d,1452.0,"reported, not observed",api.bithumb.com/v1/candles
2024-04-22T15:00:00Z,Bithumb,KRW,KRW-USDT,1d,1443.0,"reported, not observed",api.bithumb.com/v1/candles
2024-04-23T15:00:00Z,Bithumb,KRW,KRW-USDT,1d,1443.0,"reported, not observed",api.bithumb.com/v1/candles
2024-04-24T15:00:00Z,Bithumb,KRW,KRW-USDT,1d,1443.0,"reported, not observed",api.bithumb.com/v1/candles
2024-04-25T15:00:00Z,Bithumb,KRW,KRW-USDT,1d,1438.0,"reported, not observed",api.bithumb.com/v1/candles
2024-04-26T15:00:00Z,Bithumb,KRW,KRW-USDT,1d,1440.0,"reported, not observed",api.bithumb.com/v1/candles
2024-04-27T15:00:00Z,Bithumb,KRW,KRW-USDT,1d,1431.0,"reported, not observed",api.bithumb.com/v1/candles
2024-04-28T15:00:00Z,Bithumb,KRW,KRW-USDT,1d,1425.0,"reported, not observed",api.bithumb.com/v1/candles
2024-04-29T15:00:00Z,Bithumb,KRW,KRW-USDT,1d,1432.0,"reported, not observed",api.bithumb.com/v1/candles
2024-04-30T15:00:00Z,Bithumb,KRW,KRW-USDT,1d,1421.0,"reported, not observed",api.bithumb.com/v1/candles
2024-05-01T15:00:00Z,Bithumb,KRW,KRW-USDT,1d,1410.0,"reported, not observed",api.bithumb.com/v1/candles
2024-05-02T15:00:00Z,Bithumb,KRW,KRW-USDT,1d,1413.0,"reported, not observed",api.bithumb.com/v1/candles
2024-05-03T15:00:00Z,Bithumb,KRW,KRW-USDT,1d,1414.0,"reported, not observed",api.bithumb.com/v1/candles
2024-05-04T15:00:00Z,Bithumb,KRW,KRW-USDT,1d,1408.0,"reported, not observed",api.bithumb.com/v1/candles
2024-05-05T15:00:00Z,Bithumb,KRW,KRW-USDT,1d,1405.0,"reported, not observed",api.bithumb.com/v1/candles
2024-05-06T15:00:00Z,Bithumb,KRW,KRW-USDT,1d,1400.0,"reported, not observed",api.bithumb.com/v1/candles
2024-05-07T15:00:00Z,Bithumb,KRW,KRW-USDT,1d,1403.0,"reported, not observed",api.bithumb.com/v1/candles
2024-05-08T15:00:00Z,Bithumb,KRW,KRW-USDT,1d,1397.0,"reported, not observed",api.bithumb.com/v1/candles
2024-05-09T15:00:00Z,Bithumb,KRW,KRW-USDT,1d,1402.0,"reported, not observed",api.bithumb.com/v1/candles
2024-05-10T15:00:00Z,Bithumb,KRW,KRW-USDT,1d,1408.0,"reported, not observed",api.bithumb.com/v1/candles
2024-05-11T15:00:00Z,Bithumb,KRW,KRW-USDT,1d,1408.0,"reported, not observed",api.bithumb.com/v1/candles
2024-05-12T15:00:00Z,Bithumb,KRW,KRW-USDT,1d,1398.0,"reported, not observed",api.bithumb.com/v1/candles
2024-05-13T15:00:00Z,Bithumb,KRW,KRW-USDT,1d,1401.0,"reported, not observed",api.bithumb.com/v1/candles
2024-05-14T15:00:00Z,Bithumb,KRW,KRW-USDT,1d,1402.0,"reported, not observed",api.bithumb.com/v1/candles
2024-05-15T15:00:00Z,Bithumb,KRW,KRW-USDT,1d,1392.0,"reported, not observed",api.bithumb.com/v1/candles
2024-05-16T15:00:00Z,Bithumb,KRW,KRW-USDT,1d,1383.0,"reported, not observed",api.bithumb.com/v1/candles
2024-05-17T15:00:00Z,Bithumb,KRW,KRW-USDT,1d,1389.0,"reported, not observed",api.bithumb.com/v1/candles
2024-05-18T15:00:00Z,Bithumb,KRW,KRW-USDT,1d,1387.0,"reported, not observed",api.bithumb.com/v1/candles
2024-05-19T15:00:00Z,Bithumb,KRW,KRW-USDT,1d,1384.0,"reported, not observed",api.bithumb.com/v1/candles
2024-05-20T15:00:00Z,Bithumb,KRW,KRW-USDT,1d,1375.0,"reported, not observed",api.bithumb.com/v1/candles
2024-05-21T15:00:00Z,Bithumb,KRW,KRW-USDT,1d,1376.0,"reported, not observed",api.bithumb.com/v1/candles
2024-05-22T15:00:00Z,Bithumb,KRW,KRW-USDT,1d,1388.0,"reported, not observed",api.bithumb.com/v1/candles
2024-05-23T15:00:00Z,Bithumb,KRW,KRW-USDT,1d,1394.0,"reported, not observed",api.bithumb.com/v1/candles
2024-05-24T15:00:00Z,Bithumb,KRW,KRW-USDT,1d,1392.0,"reported, not observed",api.bithumb.com/v1/candles
2024-05-25T15:00:00Z,Bithumb,KRW,KRW-USDT,1d,1390.0,"reported, not observed",api.bithumb.com/v1/candles
2024-05-26T15:00:00Z,Bithumb,KRW,KRW-USDT,1d,1387.0,"reported, not observed",api.bithumb.com/v1/candles
2024-05-27T15:00:00Z,Bithumb,KRW,KRW-USDT,1d,1387.0,"reported, not observed",api.bithumb.com/v1/candles
2024-05-28T15:00:00Z,Bithumb,KRW,KRW-USDT,1d,1387.0,"reported, not observed",api.bithumb.com/v1/candles
2024-05-29T15:00:00Z,Bithumb,KRW,KRW-USDT,1d,1389.0,"reported, not observed",api.bithumb.com/v1/candles
2024-05-30T15:00:00Z,Bithumb,KRW,KRW-USDT,1d,1394.0,"reported, not observed",api.bithumb.com/v1/candles
2024-05-31T15:00:00Z,Bithumb,KRW,KRW-USDT,1d,1398.0,"reported, not observed",api.bithumb.com/v1/candles
2024-06-01T15:00:00Z,Bithumb,KRW,KRW-USDT,1d,1397.0,"reported, not observed",api.bithumb.com/v1/candles
2024-06-02T15:00:00Z,Bithumb,KRW,KRW-USDT,1d,1394.0,"reported, not observed",api.bithumb.com/v1/candles
2024-06-03T15:00:00Z,Bithumb,KRW,KRW-USDT,1d,1388.0,"reported, not observed",api.bithumb.com/v1/candles
2024-06-04T15:00:00Z,Bithumb,KRW,KRW-USDT,1d,1384.0,"reported, not observed",api.bithumb.com/v1/candles
2024-06-05T15:00:00Z,Bithumb,KRW,KRW-USDT,1d,1386.0,"reported, not observed",api.bithumb.com/v1/candles
2024-06-06T15:00:00Z,Bithumb,KRW,KRW-USDT,1d,1389.0,"reported, not observed",api.bithumb.com/v1/candles
2024-06-07T15:00:00Z,Bithumb,KRW,KRW-USDT,1d,1411.0,"reported, not observed",api.bithumb.com/v1/candles
2024-06-08T15:00:00Z,Bithumb,KRW,KRW-USDT,1d,1409.0,"reported, not observed",api.bithumb.com/v1/candles
2024-06-09T15:00:00Z,Bithumb,KRW,KRW-USDT,1d,1396.0,"reported, not observed",api.bithumb.com/v1/candles
2024-06-10T15:00:00Z,Bithumb,KRW,KRW-USDT,1d,1407.0,"reported, not observed",api.bithumb.com/v1/candles
2024-06-11T15:00:00Z,Bithumb,KRW,KRW-USDT,1d,1401.0,"reported, not observed",api.bithumb.com/v1/candles
2024-06-12T15:00:00Z,Bithumb,KRW,KRW-USDT,1d,1408.0,"reported, not observed",api.bithumb.com/v1/candles
2024-06-13T15:00:00Z,Bithumb,KRW,KRW-USDT,1d,1416.0,"reported, not observed",api.bithumb.com/v1/candles
2024-06-14T15:00:00Z,Bithumb,KRW,KRW-USDT,1d,1415.0,"reported, not observed",api.bithumb.com/v1/candles
2024-06-15T15:00:00Z,Bithumb,KRW,KRW-USDT,1d,1416.0,"reported, not observed",api.bithumb.com/v1/candles
2024-06-16T15:00:00Z,Bithumb,KRW,KRW-USDT,1d,1405.0,"reported, not observed",api.bithumb.com/v1/candles
2024-06-17T15:00:00Z,Bithumb,KRW,KRW-USDT,1d,1410.0,"reported, not observed",api.bithumb.com/v1/candles
2024-06-18T15:00:00Z,Bithumb,KRW,KRW-USDT,1d,1410.0,"reported, not observed",api.bithumb.com/v1/candles
2024-06-19T15:00:00Z,Bithumb,KRW,KRW-USDT,1d,1412.0,"reported, not observed",api.bithumb.com/v1/candles
2024-06-20T15:00:00Z,Bithumb,KRW,KRW-USDT,1d,1410.0,"reported, not observed",api.bithumb.com/v1/candles
2024-06-21T15:00:00Z,Bithumb,KRW,KRW-USDT,1d,1412.0,"reported, not observed",api.bithumb.com/v1/candles
2024-06-22T15:00:00Z,Bithumb,KRW,KRW-USDT,1d,1410.0,"reported, not observed",api.bithumb.com/v1/candles
2024-06-23T15:00:00Z,Bithumb,KRW,KRW-USDT,1d,1410.0,"reported, not observed",api.bithumb.com/v1/candles
2024-06-24T15:00:00Z,Bithumb,KRW,KRW-USDT,1d,1410.0,"reported, not observed",api.bithumb.com/v1/candles
2024-06-25T15:00:00Z,Bithumb,KRW,KRW-USDT,1d,1410.0,"reported, not observed",api.bithumb.com/v1/candles
2024-06-26T15:00:00Z,Bithumb,KRW,KRW-USDT,1d,1407.0,"reported, not observed",api.bithumb.com/v1/candles
2024-06-27T15:00:00Z,Bithumb,KRW,KRW-USDT,1d,1405.0,"reported, not observed",api.bithumb.com/v1/candles
2024-06-28T15:00:00Z,Bithumb,KRW,KRW-USDT,1d,1405.0,"reported, not observed",api.bithumb.com/v1/candles
2024-06-29T15:00:00Z,Bithumb,KRW,KRW-USDT,1d,1406.0,"reported, not observed",api.bithumb.com/v1/candles
2024-06-30T15:00:00Z,Bithumb,KRW,KRW-USDT,1d,1404.0,"reported, not observed",api.bithumb.com/v1/candles
2024-07-01T15:00:00Z,Bithumb,KRW,KRW-USDT,1d,1404.0,"reported, not observed",api.bithumb.com/v1/candles
2024-07-02T15:00:00Z,Bithumb,KRW,KRW-USDT,1d,1411.0,"reported, not observed",api.bithumb.com/v1/candles
2024-07-03T15:00:00Z,Bithumb,KRW,KRW-USDT,1d,1422.0,"reported, not observed",api.bithumb.com/v1/candles
2024-07-04T15:00:00Z,Bithumb,KRW,KRW-USDT,1d,1432.0,"reported, not observed",api.bithumb.com/v1/candles
2024-07-05T15:00:00Z,Bithumb,KRW,KRW-USDT,1d,1425.0,"reported, not observed",api.bithumb.com/v1/candles
2024-07-06T15:00:00Z,Bithumb,KRW,KRW-USDT,1d,1423.0,"reported, not observed",api.bithumb.com/v1/candles
2024-07-07T15:00:00Z,Bithumb,KRW,KRW-USDT,1d,1421.0,"reported, not observed",api.bithumb.com/v1/candles
2024-07-08T15:00:00Z,Bithumb,KRW,KRW-USDT,1d,1415.0,"reported, not observed",api.bithumb.com/v1/candles
2024-07-09T15:00:00Z,Bithumb,KRW,KRW-USDT,1d,1415.0,"reported, not observed",api.bithumb.com/v1/candles
2024-07-10T15:00:00Z,Bithumb,KRW,KRW-USDT,1d,1410.0,"reported, not observed",api.bithumb.com/v1/candles
2024-07-11T15:00:00Z,Bithumb,KRW,KRW-USDT,1d,1410.0,"reported, not observed",api.bithumb.com/v1/candles
2024-07-12T15:00:00Z,Bithumb,KRW,KRW-USDT,1d,1406.0,"reported, not observed",api.bithumb.com/v1/candles
2024-07-13T15:00:00Z,Bithumb,KRW,KRW-USDT,1d,1404.0,"reported, not observed",api.bithumb.com/v1/candles
2024-07-14T15:00:00Z,Bithumb,KRW,KRW-USDT,1d,1402.0,"reported, not observed",api.bithumb.com/v1/candles
2024-07-15T15:00:00Z,Bithumb,KRW,KRW-USDT,1d,1400.0,"reported, not observed",api.bithumb.com/v1/candles
2024-07-16T15:00:00Z,Bithumb,KRW,KRW-USDT,1d,1398.0,"reported, not observed",api.bithumb.com/v1/candles
2024-07-17T15:00:00Z,Bithumb,KRW,KRW-USDT,1d,1403.0,"reported, not observed",api.bithumb.com/v1/candles
2024-07-18T15:00:00Z,Bithumb,KRW,KRW-USDT,1d,1399.0,"reported, not observed",api.bithumb.com/v1/candles
2024-07-19T15:00:00Z,Bithumb,KRW,KRW-USDT,1d,1403.0,"reported, not observed",api.bithumb.com/v1/candles
2024-07-20T15:00:00Z,Bithumb,KRW,KRW-USDT,1d,1402.0,"reported, not observed",api.bithumb.com/v1/candles
2024-07-21T15:00:00Z,Bithumb,KRW,KRW-USDT,1d,1398.0,"reported, not observed",api.bithumb.com/v1/candles
2024-07-22T15:00:00Z,Bithumb,KRW,KRW-USDT,1d,1397.0,"reported, not observed",api.bithumb.com/v1/candles
2024-07-23T15:00:00Z,Bithumb,KRW,KRW-USDT,1d,1396.0,"reported, not observed",api.bithumb.com/v1/candles
2024-07-24T15:00:00Z,Bithumb,KRW,KRW-USDT,1d,1401.0,"reported, not observed",api.bithumb.com/v1/candles
2024-07-25T15:00:00Z,Bithumb,KRW,KRW-USDT,1d,1399.0,"reported, not observed",api.bithumb.com/v1/candles
2024-07-26T15:00:00Z,Bithumb,KRW,KRW-USDT,1d,1395.0,"reported, not observed",api.bithumb.com/v1/candles
2024-07-27T15:00:00Z,Bithumb,KRW,KRW-USDT,1d,1396.0,"reported, not observed",api.bithumb.com/v1/candles
2024-07-28T15:00:00Z,Bithumb,KRW,KRW-USDT,1d,1394.0,"reported, not observed",api.bithumb.com/v1/candles
2024-07-29T15:00:00Z,Bithumb,KRW,KRW-USDT,1d,1400.0,"reported, not observed",api.bithumb.com/v1/candles
2024-07-30T15:00:00Z,Bithumb,KRW,KRW-USDT,1d,1395.0,"reported, not observed",api.bithumb.com/v1/candles
2024-07-31T15:00:00Z,Bithumb,KRW,KRW-USDT,1d,1404.0,"reported, not observed",api.bithumb.com/v1/candles
2024-08-01T15:00:00Z,Bithumb,KRW,KRW-USDT,1d,1406.0,"reported, not observed",api.bithumb.com/v1/candles
2024-08-02T15:00:00Z,Bithumb,KRW,KRW-USDT,1d,1405.0,"reported, not observed",api.bithumb.com/v1/candles
2024-08-03T15:00:00Z,Bithumb,KRW,KRW-USDT,1d,1412.0,"reported, not observed",api.bithumb.com/v1/candles
2024-08-04T15:00:00Z,Bithumb,KRW,KRW-USDT,1d,1437.0,"reported, not observed",api.bithumb.com/v1/candles
2024-08-05T15:00:00Z,Bithumb,KRW,KRW-USDT,1d,1422.0,"reported, not observed",api.bithumb.com/v1/candles
2024-08-06T15:00:00Z,Bithumb,KRW,KRW-USDT,1d,1426.0,"reported, not observed",api.bithumb.com/v1/candles
2024-08-07T15:00:00Z,Bithumb,KRW,KRW-USDT,1d,1406.0,"reported, not observed",api.bithumb.com/v1/candles
2024-08-08T15:00:00Z,Bithumb,KRW,KRW-USDT,1d,1405.0,"reported, not observed",api.bithumb.com/v1/candles
2024-08-09T15:00:00Z,Bithumb,KRW,KRW-USDT,1d,1405.0,"reported, not observed",api.bithumb.com/v1/candles
2024-08-10T15:00:00Z,Bithumb,KRW,KRW-USDT,1d,1404.0,"reported, not observed",api.bithumb.com/v1/candles
2024-08-11T15:00:00Z,Bithumb,KRW,KRW-USDT,1d,1400.0,"reported, not observed",api.bithumb.com/v1/candles
2024-08-12T15:00:00Z,Bithumb,KRW,KRW-USDT,1d,1400.0,"reported, not observed",api.bithumb.com/v1/candles
2024-08-13T15:00:00Z,Bithumb,KRW,KRW-USDT,1d,1398.0,"reported, not observed",api.bithumb.com/v1/candles
2024-08-14T15:00:00Z,Bithumb,KRW,KRW-USDT,1d,1398.0,"reported, not observed",api.bithumb.com/v1/candles
2024-08-15T15:00:00Z,Bithumb,KRW,KRW-USDT,1d,1400.0,"reported, not observed",api.bithumb.com/v1/candles
2024-08-16T15:00:00Z,Bithumb,KRW,KRW-USDT,1d,1392.0,"reported, not observed",api.bithumb.com/v1/candles
2024-08-17T15:00:00Z,Bithumb,KRW,KRW-USDT,1d,1390.0,"reported, not observed",api.bithumb.com/v1/candles
2024-08-18T15:00:00Z,Bithumb,KRW,KRW-USDT,1d,1379.0,"reported, not observed",api.bithumb.com/v1/candles
2024-08-19T15:00:00Z,Bithumb,KRW,KRW-USDT,1d,1365.0,"reported, not observed",api.bithumb.com/v1/candles
2024-08-20T15:00:00Z,Bithumb,KRW,KRW-USDT,1d,1365.0,"reported, not observed",api.bithumb.com/v1/candles
2024-08-21T15:00:00Z,Bithumb,KRW,KRW-USDT,1d,1357.0,"reported, not observed",api.bithumb.com/v1/candles
2024-08-22T15:00:00Z,Bithumb,KRW,KRW-USDT,1d,1355.0,"reported, not observed",api.bithumb.com/v1/candles
2024-08-23T15:00:00Z,Bithumb,KRW,KRW-USDT,1d,1337.0,"reported, not observed",api.bithumb.com/v1/candles
2024-08-24T15:00:00Z,Bithumb,KRW,KRW-USDT,1d,1340.0,"reported, not observed",api.bithumb.com/v1/candles
2024-08-25T15:00:00Z,Bithumb,KRW,KRW-USDT,1d,1339.0,"reported, not observed",api.bithumb.com/v1/candles
2024-08-26T15:00:00Z,Bithumb,KRW,KRW-USDT,1d,1347.0,"reported, not observed",api.bithumb.com/v1/candles
2024-08-27T15:00:00Z,Bithumb,KRW,KRW-USDT,1d,1357.0,"reported, not observed",api.bithumb.com/v1/candles
2024-08-28T15:00:00Z,Bithumb,KRW,KRW-USDT,1d,1354.0,"reported, not observed",api.bithumb.com/v1/candles
2024-08-29T15:00:00Z,Bithumb,KRW,KRW-USDT,1d,1364.0,"reported, not observed",api.bithumb.com/v1/candles
2024-08-30T15:00:00Z,Bithumb,KRW,KRW-USDT,1d,1357.0,"reported, not observed",api.bithumb.com/v1/candles
2024-08-31T15:00:00Z,Bithumb,KRW,KRW-USDT,1d,1364.0,"reported, not observed",api.bithumb.com/v1/candles
2024-09-01T15:00:00Z,Bithumb,KRW,KRW-USDT,1d,1359.0,"reported, not observed",api.bithumb.com/v1/candles
2024-09-02T15:00:00Z,Bithumb,KRW,KRW-USDT,1d,1362.0,"reported, not observed",api.bithumb.com/v1/candles
2024-09-03T15:00:00Z,Bithumb,KRW,KRW-USDT,1d,1357.0,"reported, not observed",api.bithumb.com/v1/candles
2024-09-04T15:00:00Z,Bithumb,KRW,KRW-USDT,1d,1358.0,"reported, not observed",api.bithumb.com/v1/candles
2024-09-05T15:00:00Z,Bithumb,KRW,KRW-USDT,1d,1354.0,"reported, not observed",api.bithumb.com/v1/candles
2024-09-06T15:00:00Z,Bithumb,KRW,KRW-USDT,1d,1361.0,"reported, not observed",api.bithumb.com/v1/candles
2024-09-07T15:00:00Z,Bithumb,KRW,KRW-USDT,1d,1358.0,"reported, not observed",api.bithumb.com/v1/candles
2024-09-08T15:00:00Z,Bithumb,KRW,KRW-USDT,1d,1361.0,"reported, not observed",api.bithumb.com/v1/candles
2024-09-09T15:00:00Z,Bithumb,KRW,KRW-USDT,1d,1356.0,"reported, not observed",api.bithumb.com/v1/candles
2024-09-10T15:00:00Z,Bithumb,KRW,KRW-USDT,1d,1355.0,"reported, not observed",api.bithumb.com/v1/candles
2024-09-11T15:00:00Z,Bithumb,KRW,KRW-USDT,1d,1350.0,"reported, not observed",api.bithumb.com/v1/candles
2024-09-12T15:00:00Z,Bithumb,KRW,KRW-USDT,1d,1345.0,"reported, not observed",api.bithumb.com/v1/candles
2024-09-13T15:00:00Z,Bithumb,KRW,KRW-USDT,1d,1344.0,"reported, not observed",api.bithumb.com/v1/candles
2024-09-14T15:00:00Z,Bithumb,KRW,KRW-USDT,1d,1343.0,"reported, not observed",api.bithumb.com/v1/candles
2024-09-15T15:00:00Z,Bithumb,KRW,KRW-USDT,1d,1350.0,"reported, not observed",api.bithumb.com/v1/candles
2024-09-16T15:00:00Z,Bithumb,KRW,KRW-USDT,1d,1343.0,"reported, not observed",api.bithumb.com/v1/candles
2024-09-17T15:00:00Z,Bithumb,KRW,KRW-USDT,1d,1349.0,"reported, not observed",api.bithumb.com/v1/candles
2024-09-18T15:00:00Z,Bithumb,KRW,KRW-USDT,1d,1338.0,"reported, not observed",api.bithumb.com/v1/candles
2024-09-19T15:00:00Z,Bithumb,KRW,KRW-USDT,1d,1338.0,"reported, not observed",api.bithumb.com/v1/candles
2024-09-20T15:00:00Z,Bithumb,KRW,KRW-USDT,1d,1337.0,"reported, not observed",api.bithumb.com/v1/candles
2024-09-21T15:00:00Z,Bithumb,KRW,KRW-USDT,1d,1337.0,"reported, not observed",api.bithumb.com/v1/candles
2024-09-22T15:00:00Z,Bithumb,KRW,KRW-USDT,1d,1339.0,"reported, not observed",api.bithumb.com/v1/candles
2024-09-23T15:00:00Z,Bithumb,KRW,KRW-USDT,1d,1337.0,"reported, not observed",api.bithumb.com/v1/candles
2024-09-24T15:00:00Z,Bithumb,KRW,KRW-USDT,1d,1333.0,"reported, not observed",api.bithumb.com/v1/candles
2024-09-25T15:00:00Z,Bithumb,KRW,KRW-USDT,1d,1324.0,"reported, not observed",api.bithumb.com/v1/candles
2024-09-26T15:00:00Z,Bithumb,KRW,KRW-USDT,1d,1316.0,"reported, not observed",api.bithumb.com/v1/candles
2024-09-27T15:00:00Z,Bithumb,KRW,KRW-USDT,1d,1316.0,"reported, not observed",api.bithumb.com/v1/candles
2024-09-28T15:00:00Z,Bithumb,KRW,KRW-USDT,1d,1315.0,"reported, not observed",api.bithumb.com/v1/candles
2024-09-29T15:00:00Z,Bithumb,KRW,KRW-USDT,1d,1315.0,"reported, not observed",api.bithumb.com/v1/candles
2024-09-30T15:00:00Z,Bithumb,KRW,KRW-USDT,1d,1328.0,"reported, not observed",api.bithumb.com/v1/candles
2024-10-01T15:00:00Z,Bithumb,KRW,KRW-USDT,1d,1338.0,"reported, not observed",api.bithumb.com/v1/candles
2024-10-02T15:00:00Z,Bithumb,KRW,KRW-USDT,1d,1358.0,"reported, not observed",api.bithumb.com/v1/candles
2024-10-03T15:00:00Z,Bithumb,KRW,KRW-USDT,1d,1356.0,"reported, not observed",api.bithumb.com/v1/candles
2024-10-04T15:00:00Z,Bithumb,KRW,KRW-USDT,1d,1352.0,"reported, not observed",api.bithumb.com/v1/candles
2024-10-05T15:00:00Z,Bithumb,KRW,KRW-USDT,1d,1347.0,"reported, not observed",api.bithumb.com/v1/candles
2024-10-06T15:00:00Z,Bithumb,KRW,KRW-USDT,1d,1340.0,"reported, not observed",api.bithumb.com/v1/candles
2024-10-07T15:00:00Z,Bithumb,KRW,KRW-USDT,1d,1352.0,"reported, not observed",api.bithumb.com/v1/candles
2024-10-08T15:00:00Z,Bithumb,KRW,KRW-USDT,1d,1354.0,"reported, not observed",api.bithumb.com/v1/candles
2024-10-09T15:00:00Z,Bithumb,KRW,KRW-USDT,1d,1358.0,"reported, not observed",api.bithumb.com/v1/candles
2024-10-10T15:00:00Z,Bithumb,KRW,KRW-USDT,1d,1354.0,"reported, not observed",api.bithumb.com/v1/candles
2024-10-11T15:00:00Z,Bithumb,KRW,KRW-USDT,1d,1345.0,"reported, not observed",api.bithumb.com/v1/candles
2024-10-12T15:00:00Z,Bithumb,KRW,KRW-USDT,1d,1351.0,"reported, not observed",api.bithumb.com/v1/candles
2024-10-13T15:00:00Z,Bithumb,KRW,KRW-USDT,1d,1341.0,"reported, not observed",api.bithumb.com/v1/candles
2024-10-14T15:00:00Z,Bithumb,KRW,KRW-USDT,1d,1355.0,"reported, not observed",api.bithumb.com/v1/candles
2024-10-15T15:00:00Z,Bithumb,KRW,KRW-USDT,1d,1354.0,"reported, not observed",api.bithumb.com/v1/candles
2024-10-16T15:00:00Z,Bithumb,KRW,KRW-USDT,1d,1365.0,"reported, not observed",api.bithumb.com/v1/candles
2024-10-17T15:00:00Z,Bithumb,KRW,KRW-USDT,1d,1361.0,"reported, not observed",api.bithumb.com/v1/candles
2024-10-18T15:00:00Z,Bithumb,KRW,KRW-USDT,1d,1363.0,"reported, not observed",api.bithumb.com/v1/candles
2024-10-19T15:00:00Z,Bithumb,KRW,KRW-USDT,1d,1364.0,"reported, not observed",api.bithumb.com/v1/candles
2024-10-20T15:00:00Z,Bithumb,KRW,KRW-USDT,1d,1367.0,"reported, not observed",api.bithumb.com/v1/candles
2024-10-21T15:00:00Z,Bithumb,KRW,KRW-USDT,1d,1373.0,"reported, not observed",api.bithumb.com/v1/candles
2024-10-22T15:00:00Z,Bithumb,KRW,KRW-USDT,1d,1383.0,"reported, not observed",api.bithumb.com/v1/candles
2024-10-23T15:00:00Z,Bithumb,KRW,KRW-USDT,1d,1382.0,"reported, not observed",api.bithumb.com/v1/candles
2024-10-24T15:00:00Z,Bithumb,KRW,KRW-USDT,1d,1386.0,"reported, not observed",api.bithumb.com/v1/candles
2024-10-25T15:00:00Z,Bithumb,KRW,KRW-USDT,1d,1403.0,"reported, not observed",api.bithumb.com/v1/candles
2024-10-26T15:00:00Z,Bithumb,KRW,KRW-USDT,1d,1398.0,"reported, not observed",api.bithumb.com/v1/candles
2024-10-27T15:00:00Z,Bithumb,KRW,KRW-USDT,1d,1395.0,"reported, not observed",api.bithumb.com/v1/candles
2024-10-28T15:00:00Z,Bithumb,KRW,KRW-USDT,1d,1391.0,"reported, not observed",api.bithumb.com/v1/candles
2024-10-29T15:00:00Z,Bithumb,KRW,KRW-USDT,1d,1388.0,"reported, not observed",api.bithumb.com/v1/candles
2024-10-30T15:00:00Z,Bithumb,KRW,KRW-USDT,1d,1394.0,"reported, not observed",api.bithumb.com/v1/candles
2024-10-31T15:00:00Z,Bithumb,KRW,KRW-USDT,1d,1392.0,"reported, not observed",api.bithumb.com/v1/candles
2024-11-01T15:00:00Z,Bithumb,KRW,KRW-USDT,1d,1402.0,"reported, not observed",api.bithumb.com/v1/candles
2024-11-02T15:00:00Z,Bithumb,KRW,KRW-USDT,1d,1395.0,"reported, not observed",api.bithumb.com/v1/candles
2024-11-03T15:00:00Z,Bithumb,KRW,KRW-USDT,1d,1390.0,"reported, not observed",api.bithumb.com/v1/candles
2024-11-04T15:00:00Z,Bithumb,KRW,KRW-USDT,1d,1391.0,"reported, not observed",api.bithumb.com/v1/candles
2024-11-05T15:00:00Z,Bithumb,KRW,KRW-USDT,1d,1383.0,"reported, not observed",api.bithumb.com/v1/candles
2024-11-06T15:00:00Z,Bithumb,KRW,KRW-USDT,1d,1378.0,"reported, not observed",api.bithumb.com/v1/candles
2024-11-07T15:00:00Z,Bithumb,KRW,KRW-USDT,1d,1390.0,"reported, not observed",api.bithumb.com/v1/candles
2024-11-08T15:00:00Z,Bithumb,KRW,KRW-USDT,1d,1396.0,"reported, not observed",api.bithumb.com/v1/candles
2024-11-09T15:00:00Z,Bithumb,KRW,KRW-USDT,1d,1380.0,"reported, not observed",api.bithumb.com/v1/candles
2024-11-10T15:00:00Z,Bithumb,KRW,KRW-USDT,1d,1400.0,"reported, not observed",api.bithumb.com/v1/candles
2024-11-11T15:00:00Z,Bithumb,KRW,KRW-USDT,1d,1422.0,"reported, not observed",api.bithumb.com/v1/candles
2024-11-12T15:00:00Z,Bithumb,KRW,KRW-USDT,1d,1410.0,"reported, not observed",api.bithumb.com/v1/candles
2024-11-13T15:00:00Z,Bithumb,KRW,KRW-USDT,1d,1428.0,"reported, not observed",api.bithumb.com/v1/candles
2024-11-14T15:00:00Z,Bithumb,KRW,KRW-USDT,1d,1416.0,"reported, not observed",api.bithumb.com/v1/candles
2024-11-15T15:00:00Z,Bithumb,KRW,KRW-USDT,1d,1397.0,"reported, not observed",api.bithumb.com/v1/candles
2024-11-16T15:00:00Z,Bithumb,KRW,KRW-USDT,1d,1404.0,"reported, not observed",api.bithumb.com/v1/candles
2024-11-17T15:00:00Z,Bithumb,KRW,KRW-USDT,1d,1404.0,"reported, not observed",api.bithumb.com/v1/candles
2024-11-18T15:00:00Z,Bithumb,KRW,KRW-USDT,1d,1404.0,"reported, not observed",api.bithumb.com/v1/candles
2024-11-19T15:00:00Z,Bithumb,KRW,KRW-USDT,1d,1400.0,"reported, not observed",api.bithumb.com/v1/candles
2024-11-20T15:00:00Z,Bithumb,KRW,KRW-USDT,1d,1401.0,"reported, not observed",api.bithumb.com/v1/candles
2024-11-21T15:00:00Z,Bithumb,KRW,KRW-USDT,1d,1393.0,"reported, not observed",api.bithumb.com/v1/candles
2024-11-22T15:00:00Z,Bithumb,KRW,KRW-USDT,1d,1377.0,"reported, not observed",api.bithumb.com/v1/candles
2024-11-23T15:00:00Z,Bithumb,KRW,KRW-USDT,1d,1383.0,"reported, not observed",api.bithumb.com/v1/candles
2024-11-24T15:00:00Z,Bithumb,KRW,KRW-USDT,1d,1391.0,"reported, not observed",api.bithumb.com/v1/candles
2024-11-25T15:00:00Z,Bithumb,KRW,KRW-USDT,1d,1396.0,"reported, not observed",api.bithumb.com/v1/candles
2024-11-26T15:00:00Z,Bithumb,KRW,KRW-USDT,1d,1389.0,"reported, not observed",api.bithumb.com/v1/candles
2024-11-27T15:00:00Z,Bithumb,KRW,KRW-USDT,1d,1398.0,"reported, not observed",api.bithumb.com/v1/candles
2024-11-28T15:00:00Z,Bithumb,KRW,KRW-USDT,1d,1386.0,"reported, not observed",api.bithumb.com/v1/candles
2024-11-29T15:00:00Z,Bithumb,KRW,KRW-USDT,1d,1389.0,"reported, not observed",api.bithumb.com/v1/candles
2024-11-30T15:00:00Z,Bithumb,KRW,KRW-USDT,1d,1390.0,"reported, not observed",api.bithumb.com/v1/candles
2024-12-01T15:00:00Z,Bithumb,KRW,KRW-USDT,1d,1395.0,"reported, not observed",api.bithumb.com/v1/candles
2024-12-02T15:00:00Z,Bithumb,KRW,KRW-USDT,1d,1386.0,"reported, not observed",api.bithumb.com/v1/candles
2024-12-03T15:00:00Z,Bithumb,KRW,KRW-USDT,1d,1408.0,"reported, not observed",api.bithumb.com/v1/candles
2024-12-04T15:00:00Z,Bithumb,KRW,KRW-USDT,1d,1405.0,"reported, not observed",api.bithumb.com/v1/candles
2024-12-05T15:00:00Z,Bithumb,KRW,KRW-USDT,1d,1402.0,"reported, not observed",api.bithumb.com/v1/candles
2024-12-06T15:00:00Z,Bithumb,KRW,KRW-USDT,1d,1393.0,"reported, not observed",api.bithumb.com/v1/candles
2024-12-07T15:00:00Z,Bithumb,KRW,KRW-USDT,1d,1401.0,"reported, not observed",api.bithumb.com/v1/candles
2024-12-08T15:00:00Z,Bithumb,KRW,KRW-USDT,1d,1407.0,"reported, not observed",api.bithumb.com/v1/candles
2024-12-09T15:00:00Z,Bithumb,KRW,KRW-USDT,1d,1425.0,"reported, not observed",api.bithumb.com/v1/candles
2024-12-10T15:00:00Z,Bithumb,KRW,KRW-USDT,1d,1421.0,"reported, not observed",api.bithumb.com/v1/candles
2024-12-11T15:00:00Z,Bithumb,KRW,KRW-USDT,1d,1420.0,"reported, not observed",api.bithumb.com/v1/candles
2024-12-12T15:00:00Z,Bithumb,KRW,KRW-USDT,1d,1424.0,"reported, not observed",api.bithumb.com/v1/candles
2024-12-13T15:00:00Z,Bithumb,KRW,KRW-USDT,1d,1435.0,"reported, not observed",api.bithumb.com/v1/candles
2024-12-14T15:00:00Z,Bithumb,KRW,KRW-USDT,1d,1436.0,"reported, not observed",api.bithumb.com/v1/candles
2024-12-15T15:00:00Z,Bithumb,KRW,KRW-USDT,1d,1446.0,"reported, not observed",api.bithumb.com/v1/candles
2024-12-16T15:00:00Z,Bithumb,KRW,KRW-USDT,1d,1451.0,"reported, not observed",api.bithumb.com/v1/candles
2024-12-17T15:00:00Z,Bithumb,KRW,KRW-USDT,1d,1474.0,"reported, not observed",api.bithumb.com/v1/candles
2024-12-18T15:00:00Z,Bithumb,KRW,KRW-USDT,1d,1491.0,"reported, not observed",api.bithumb.com/v1/candles
2024-12-19T15:00:00Z,Bithumb,KRW,KRW-USDT,1d,1512.0,"reported, not observed",api.bithumb.com/v1/candles
2024-12-20T15:00:00Z,Bithumb,KRW,KRW-USDT,1d,1512.0,"reported, not observed",api.bithumb.com/v1/candles
2024-12-21T15:00:00Z,Bithumb,KRW,KRW-USDT,1d,1519.0,"reported, not observed",api.bithumb.com/v1/candles
2024-12-22T15:00:00Z,Bithumb,KRW,KRW-USDT,1d,1516.0,"reported, not observed",api.bithumb.com/v1/candles
2024-12-23T15:00:00Z,Bithumb,KRW,KRW-USDT,1d,1501.0,"reported, not observed",api.bithumb.com/v1/candles
2024-12-24T15:00:00Z,Bithumb,KRW,KRW-USDT,1d,1496.0,"reported, not observed",api.bithumb.com/v1/candles
2024-12-25T15:00:00Z,Bithumb,KRW,KRW-USDT,1d,1506.0,"reported, not observed",api.bithumb.com/v1/candles
2024-12-26T15:00:00Z,Bithumb,KRW,KRW-USDT,1d,1504.0,"reported, not observed",api.bithumb.com/v1/candles
2024-12-27T15:00:00Z,Bithumb,KRW,KRW-USDT,1d,1500.0,"reported, not observed",api.bithumb.com/v1/candles
2024-12-28T15:00:00Z,Bithumb,KRW,KRW-USDT,1d,1493.0,"reported, not observed",api.bithumb.com/v1/candles
2024-12-29T15:00:00Z,Bithumb,KRW,KRW-USDT,1d,1483.0,"reported, not observed",api.bithumb.com/v1/candles
2024-12-30T15:00:00Z,Bithumb,KRW,KRW-USDT,1d,1484.0,"reported, not observed",api.bithumb.com/v1/candles
2024-12-31T15:00:00Z,Bithumb,KRW,KRW-USDT,1d,1498.0,"reported, not observed",api.bithumb.com/v1/candles
2025-01-01T15:00:00Z,Bithumb,KRW,KRW-USDT,1d,1481.0,"reported, not observed",api.bithumb.com/v1/candles
2025-01-02T15:00:00Z,Bithumb,KRW,KRW-USDT,1d,1480.0,"reported, not observed",api.bithumb.com/v1/candles
2025-01-03T15:00:00Z,Bithumb,KRW,KRW-USDT,1d,1476.0,"reported, not observed",api.bithumb.com/v1/candles
2025-01-04T15:00:00Z,Bithumb,KRW,KRW-USDT,1d,1474.0,"reported, not observed",api.bithumb.com/v1/candles
2025-01-05T15:00:00Z,Bithumb,KRW,KRW-USDT,1d,1467.0,"reported, not observed",api.bithumb.com/v1/candles
2025-01-06T15:00:00Z,Bithumb,KRW,KRW-USDT,1d,1471.0,"reported, not observed",api.bithumb.com/v1/candles
2025-01-07T15:00:00Z,Bithumb,KRW,KRW-USDT,1d,1494.0,"reported, not observed",api.bithumb.com/v1/candles
2025-01-08T15:00:00Z,Bithumb,KRW,KRW-USDT,1d,1505.0,"reported, not observed",api.bithumb.com/v1/candles
2025-01-09T15:00:00Z,Bithumb,KRW,KRW-USDT,1d,1509.0,"reported, not observed",api.bithumb.com/v1/candles
2025-01-10T15:00:00Z,Bithumb,KRW,KRW-USDT,1d,1504.0,"reported, not observed",api.bithumb.com/v1/candles
2025-01-11T15:00:00Z,Bithumb,KRW,KRW-USDT,1d,1502.0,"reported, not observed",api.bithumb.com/v1/candles
2025-01-12T15:00:00Z,Bithumb,KRW,KRW-USDT,1d,1519.0,"reported, not observed",api.bithumb.com/v1/candles
2025-01-13T15:00:00Z,Bithumb,KRW,KRW-USDT,1d,1491.0,"reported, not observed",api.bithumb.com/v1/candles
2025-01-14T15:00:00Z,Bithumb,KRW,KRW-USDT,1d,1477.0,"reported, not observed",api.bithumb.com/v1/candles
2025-01-15T15:00:00Z,Bithumb,KRW,KRW-USDT,1d,1478.0,"reported, not observed",api.bithumb.com/v1/candles
2025-01-16T15:00:00Z,Bithumb,KRW,KRW-USDT,1d,1475.0,"reported, not observed",api.bithumb.com/v1/candles
2025-01-17T15:00:00Z,Bithumb,KRW,KRW-USDT,1d,1494.0,"reported, not observed",api.bithumb.com/v1/candles
2025-01-18T15:00:00Z,Bithumb,KRW,KRW-USDT,1d,1509.0,"reported, not observed",api.bithumb.com/v1/candles
2025-01-19T15:00:00Z,Bithumb,KRW,KRW-USDT,1d,1485.0,"reported, not observed",api.bithumb.com/v1/candles
2025-01-20T15:00:00Z,Bithumb,KRW,KRW-USDT,1d,1498.0,"reported, not observed",api.bithumb.com/v1/candles
2025-01-21T15:00:00Z,Bithumb,KRW,KRW-USDT,1d,1489.0,"reported, not observed",api.bithumb.com/v1/candles
2025-01-22T15:00:00Z,Bithumb,KRW,KRW-USDT,1d,1493.0,"reported, not observed",api.bithumb.com/v1/candles
2025-01-23T15:00:00Z,Bithumb,KRW,KRW-USDT,1d,1487.0,"reported, not observed",api.bithumb.com/v1/candles
2025-01-24T15:00:00Z,Bithumb,KRW,KRW-USDT,1d,1502.0,"reported, not observed",api.bithumb.com/v1/candles
2025-01-25T15:00:00Z,Bithumb,KRW,KRW-USDT,1d,1502.0,"reported, not observed",api.bithumb.com/v1/candles
2025-01-26T15:00:00Z,Bithumb,KRW,KRW-USDT,1d,1525.0,"reported, not observed",api.bithumb.com/v1/candles
2025-01-27T15:00:00Z,Bithumb,KRW,KRW-USDT,1d,1513.0,"reported, not observed",api.bithumb.com/v1/candles
2025-01-28T15:00:00Z,Bithumb,KRW,KRW-USDT,1d,1535.0,"reported, not observed",api.bithumb.com/v1/candles
2025-01-29T15:00:00Z,Bithumb,KRW,KRW-USDT,1d,1514.0,"reported, not observed",api.bithumb.com/v1/candles
2025-01-30T15:00:00Z,Bithumb,KRW,KRW-USDT,1d,1515.0,"reported, not observed",api.bithumb.com/v1/candles
2025-01-31T15:00:00Z,Bithumb,KRW,KRW-USDT,1d,1540.0,"reported, not observed",api.bithumb.com/v1/candles
2025-02-01T15:00:00Z,Bithumb,KRW,KRW-USDT,1d,1560.0,"reported, not observed",api.bithumb.com/v1/candles
2025-02-02T15:00:00Z,Bithumb,KRW,KRW-USDT,1d,1572.0,"reported, not observed",api.bithumb.com/v1/candles
2025-02-03T15:00:00Z,Bithumb,KRW,KRW-USDT,1d,1557.0,"reported, not observed",api.bithumb.com/v1/candles
2025-02-04T15:00:00Z,Bithumb,KRW,KRW-USDT,1d,1559.0,"reported, not observed",api.bithumb.com/v1/candles
2025-02-05T15:00:00Z,Bithumb,KRW,KRW-USDT,1d,1559.0,"reported, not observed",api.bithumb.com/v1/candles
2025-02-06T15:00:00Z,Bithumb,KRW,KRW-USDT,1d,1532.0,"reported, not observed",api.bithumb.com/v1/candles
2025-02-07T15:00:00Z,Bithumb,KRW,KRW-USDT,1d,1541.0,"reported, not observed",api.bithumb.com/v1/candles
2025-02-08T15:00:00Z,Bithumb,KRW,KRW-USDT,1d,1532.0,"reported, not observed",api.bithumb.com/v1/candles
2025-02-09T15:00:00Z,Bithumb,KRW,KRW-USDT,1d,1515.0,"reported, not observed",api.bithumb.com/v1/candles
2025-02-10T15:00:00Z,Bithumb,KRW,KRW-USDT,1d,1516.0,"reported, not observed",api.bithumb.com/v1/candles
2025-02-11T15:00:00Z,Bithumb,KRW,KRW-USDT,1d,1517.0,"reported, not observed",api.bithumb.com/v1/candles
2025-02-12T15:00:00Z,Bithumb,KRW,KRW-USDT,1d,1515.0,"reported, not observed",api.bithumb.com/v1/candles
2025-02-13T15:00:00Z,Bithumb,KRW,KRW-USDT,1d,1503.0,"reported, not observed",api.bithumb.com/v1/candles
2025-02-14T15:00:00Z,Bithumb,KRW,KRW-USDT,1d,1509.0,"reported, not observed",api.bithumb.com/v1/candles
2025-02-15T15:00:00Z,Bithumb,KRW,KRW-USDT,1d,1508.0,"reported, not observed",api.bithumb.com/v1/candles
2025-02-16T15:00:00Z,Bithumb,KRW,KRW-USDT,1d,1504.0,"reported, not observed",api.bithumb.com/v1/candles
2025-02-17T15:00:00Z,Bithumb,KRW,KRW-USDT,1d,1506.0,"reported, not observed",api.bithumb.com/v1/candles
2025-02-18T15:00:00Z,Bithumb,KRW,KRW-USDT,1d,1495.0,"reported, not observed",api.bithumb.com/v1/candles
2025-02-19T15:00:00Z,Bithumb,KRW,KRW-USDT,1d,1484.0,"reported, not observed",api.bithumb.com/v1/candles
2025-02-20T15:00:00Z,Bithumb,KRW,KRW-USDT,1d,1473.0,"reported, not observed",api.bithumb.com/v1/candles
2025-02-21T15:00:00Z,Bithumb,KRW,KRW-USDT,1d,1474.0,"reported, not observed",api.bithumb.com/v1/candles
2025-02-22T15:00:00Z,Bithumb,KRW,KRW-USDT,1d,1468.0,"reported, not observed",api.bithumb.com/v1/candles
2025-02-23T15:00:00Z,Bithumb,KRW,KRW-USDT,1d,1461.0,"reported, not observed",api.bithumb.com/v1/candles
2025-02-24T15:00:00Z,Bithumb,KRW,KRW-USDT,1d,1450.0,"reported, not observed",api.bithumb.com/v1/candles
2025-02-25T15:00:00Z,Bithumb,KRW,KRW-USDT,1d,1453.0,"reported, not observed",api.bithumb.com/v1/candles
2025-02-26T15:00:00Z,Bithumb,KRW,KRW-USDT,1d,1461.0,"reported, not observed",api.bithumb.com/v1/candles
2025-02-27T15:00:00Z,Bithumb,KRW,KRW-USDT,1d,1482.0,"reported, not observed",api.bithumb.com/v1/candles
2025-02-28T15:00:00Z,Bithumb,KRW,KRW-USDT,1d,1486.0,"reported, not observed",api.bithumb.com/v1/candles
2025-03-01T15:00:00Z,Bithumb,KRW,KRW-USDT,1d,1488.0,"reported, not observed",api.bithumb.com/v1/candles
2025-03-02T15:00:00Z,Bithumb,KRW,KRW-USDT,1d,1510.0,"reported, not observed",api.bithumb.com/v1/candles
2025-03-03T15:00:00Z,Bithumb,KRW,KRW-USDT,1d,1503.0,"reported, not observed",api.bithumb.com/v1/candles
2025-03-04T15:00:00Z,Bithumb,KRW,KRW-USDT,1d,1497.0,"reported, not observed",api.bithumb.com/v1/candles
2025-03-05T15:00:00Z,Bithumb,KRW,KRW-USDT,1d,1487.0,"reported, not observed",api.bithumb.com/v1/candles
2025-03-06T15:00:00Z,Bithumb,KRW,KRW-USDT,1d,1484.0,"reported, not observed",api.bithumb.com/v1/candles
2025-03-07T15:00:00Z,Bithumb,KRW,KRW-USDT,1d,1491.0,"reported, not observed",api.bithumb.com/v1/candles
2025-03-08T15:00:00Z,Bithumb,KRW,KRW-USDT,1d,1492.0,"reported, not observed",api.bithumb.com/v1/candles
2025-03-09T15:00:00Z,Bithumb,KRW,KRW-USDT,1d,1494.0,"reported, not observed",api.bithumb.com/v1/candles
2025-03-10T15:00:00Z,Bithumb,KRW,KRW-USDT,1d,1487.0,"reported, not observed",api.bithumb.com/v1/candles
2025-03-11T15:00:00Z,Bithumb,KRW,KRW-USDT,1d,1487.0,"reported, not observed",api.bithumb.com/v1/candles
2025-03-12T15:00:00Z,Bithumb,KRW,KRW-USDT,1d,1480.0,"reported, not observed",api.bithumb.com/v1/candles
2025-03-13T15:00:00Z,Bithumb,KRW,KRW-USDT,1d,1475.0,"reported, not observed",api.bithumb.com/v1/candles
2025-03-14T15:00:00Z,Bithumb,KRW,KRW-USDT,1d,1474.0,"reported, not observed",api.bithumb.com/v1/candles
2025-03-15T15:00:00Z,Bithumb,KRW,KRW-USDT,1d,1473.0,"reported, not observed",api.bithumb.com/v1/candles
2025-03-16T15:00:00Z,Bithumb,KRW,KRW-USDT,1d,1466.0,"reported, not observed",api.bithumb.com/v1/candles
2025-03-17T15:00:00Z,Bithumb,KRW,KRW-USDT,1d,1470.0,"reported, not observed",api.bithumb.com/v1/candles
2025-03-18T15:00:00Z,Bithumb,KRW,KRW-USDT,1d,1466.0,"reported, not observed",api.bithumb.com/v1/candles
2025-03-19T15:00:00Z,Bithumb,KRW,KRW-USDT,1d,1474.0,"reported, not observed",api.bithumb.com/v1/candles
2025-03-20T15:00:00Z,Bithumb,KRW,KRW-USDT,1d,1479.0,"reported, not observed",api.bithumb.com/v1/candles
2025-03-21T15:00:00Z,Bithumb,KRW,KRW-USDT,1d,1476.0,"reported, not observed",api.bithumb.com/v1/candles
2025-03-22T15:00:00Z,Bithumb,KRW,KRW-USDT,1d,1477.0,"reported, not observed",api.bithumb.com/v1/candles
2025-03-23T15:00:00Z,Bithumb,KRW,KRW-USDT,1d,1476.0,"reported, not observed",api.bithumb.com/v1/candles
2025-03-24T15:00:00Z,Bithumb,KRW,KRW-USDT,1d,1475.0,"reported, not observed",api.bithumb.com/v1/candles
2025-03-25T15:00:00Z,Bithumb,KRW,KRW-USDT,1d,1477.0,"reported, not observed",api.bithumb.com/v1/candles
2025-03-26T15:00:00Z,Bithumb,KRW,KRW-USDT,1d,1478.0,"reported, not observed",api.bithumb.com/v1/candles
2025-03-27T15:00:00Z,Bithumb,KRW,KRW-USDT,1d,1486.0,"reported, not observed",api.bithumb.com/v1/candles
2025-03-28T15:00:00Z,Bithumb,KRW,KRW-USDT,1d,1491.0,"reported, not observed",api.bithumb.com/v1/candles
2025-03-29T15:00:00Z,Bithumb,KRW,KRW-USDT,1d,1494.0,"reported, not observed",api.bithumb.com/v1/candles
2025-03-30T15:00:00Z,Bithumb,KRW,KRW-USDT,1d,1489.0,"reported, not observed",api.bithumb.com/v1/candles
2025-03-31T15:00:00Z,Bithumb,KRW,KRW-USDT,1d,1486.0,"reported, not observed",api.bithumb.com/v1/candles
2025-04-01T15:00:00Z,Bithumb,KRW,KRW-USDT,1d,1480.0,"reported, not observed",api.bithumb.com/v1/candles
2025-04-02T15:00:00Z,Bithumb,KRW,KRW-USDT,1d,1488.0,"reported, not observed",api.bithumb.com/v1/candles
2025-04-03T15:00:00Z,Bithumb,KRW,KRW-USDT,1d,1481.0,"reported, not observed",api.bithumb.com/v1/candles
2025-04-04T15:00:00Z,Bithumb,KRW,KRW-USDT,1d,1478.0,"reported, not observed",api.bithumb.com/v1/candles
2025-04-05T15:00:00Z,Bithumb,KRW,KRW-USDT,1d,1480.0,"reported, not observed",api.bithumb.com/v1/candles
2025-04-06T15:00:00Z,Bithumb,KRW,KRW-USDT,1d,1487.0,"reported, not observed",api.bithumb.com/v1/candles
2025-04-07T15:00:00Z,Bithumb,KRW,KRW-USDT,1d,1495.0,"reported, not observed",api.bithumb.com/v1/candles
2025-04-08T15:00:00Z,Bithumb,KRW,KRW-USDT,1d,1498.0,"reported, not observed",api.bithumb.com/v1/candles
2025-04-09T15:00:00Z,Bithumb,KRW,KRW-USDT,1d,1479.0,"reported, not observed",api.bithumb.com/v1/candles
2025-04-10T15:00:00Z,Bithumb,KRW,KRW-USDT,1d,1462.0,"reported, not observed",api.bithumb.com/v1/candles
2025-04-11T15:00:00Z,Bithumb,KRW,KRW-USDT,1d,1446.0,"reported, not observed",api.bithumb.com/v1/candles
2025-04-12T15:00:00Z,Bithumb,KRW,KRW-USDT,1d,1453.0,"reported, not observed",api.bithumb.com/v1/candles
2025-04-13T15:00:00Z,Bithumb,KRW,KRW-USDT,1d,1446.0,"reported, not observed",api.bithumb.com/v1/candles
2025-04-14T15:00:00Z,Bithumb,KRW,KRW-USDT,1d,1453.0,"reported, not observed",api.bithumb.com/v1/candles
2025-04-15T15:00:00Z,Bithumb,KRW,KRW-USDT,1d,1451.0,"reported, not observed",api.bithumb.com/v1/candles
2025-04-16T15:00:00Z,Bithumb,KRW,KRW-USDT,1d,1449.0,"reported, not observed",api.bithumb.com/v1/candles
2025-04-17T15:00:00Z,Bithumb,KRW,KRW-USDT,1d,1448.0,"reported, not observed",api.bithumb.com/v1/candles
2025-04-18T15:00:00Z,Bithumb,KRW,KRW-USDT,1d,1444.0,"reported, not observed",api.bithumb.com/v1/candles
2025-04-19T15:00:00Z,Bithumb,KRW,KRW-USDT,1d,1444.0,"reported, not observed",api.bithumb.com/v1/candles
2025-04-20T15:00:00Z,Bithumb,KRW,KRW-USDT,1d,1433.0,"reported, not observed",api.bithumb.com/v1/candles
2025-04-21T15:00:00Z,Bithumb,KRW,KRW-USDT,1d,1434.0,"reported, not observed",api.bithumb.com/v1/candles
2025-04-22T15:00:00Z,Bithumb,KRW,KRW-USDT,1d,1433.0,"reported, not observed",api.bithumb.com/v1/candles
2025-04-23T15:00:00Z,Bithumb,KRW,KRW-USDT,1d,1440.0,"reported, not observed",api.bithumb.com/v1/candles
2025-04-24T15:00:00Z,Bithumb,KRW,KRW-USDT,1d,1440.0,"reported, not observed",api.bithumb.com/v1/candles
2025-04-25T15:00:00Z,Bithumb,KRW,KRW-USDT,1d,1442.0,"reported, not observed",api.bithumb.com/v1/candles
2025-04-26T15:00:00Z,Bithumb,KRW,KRW-USDT,1d,1444.0,"reported, not observed",api.bithumb.com/v1/candles
2025-04-27T15:00:00Z,Bithumb,KRW,KRW-USDT,1d,1442.0,"reported, not observed",api.bithumb.com/v1/candles
2025-04-28T15:00:00Z,Bithumb,KRW,KRW-USDT,1d,1442.0,"reported, not observed",api.bithumb.com/v1/candles
2025-04-29T15:00:00Z,Bithumb,KRW,KRW-USDT,1d,1443.0,"reported, not observed",api.bithumb.com/v1/candles
2025-04-30T15:00:00Z,Bithumb,KRW,KRW-USDT,1d,1439.0,"reported, not observed",api.bithumb.com/v1/candles
2025-05-01T15:00:00Z,Bithumb,KRW,KRW-USDT,1d,1423.0,"reported, not observed",api.bithumb.com/v1/candles
2025-05-02T15:00:00Z,Bithumb,KRW,KRW-USDT,1d,1430.0,"reported, not observed",api.bithumb.com/v1/candles
2025-05-03T15:00:00Z,Bithumb,KRW,KRW-USDT,1d,1435.0,"reported, not observed",api.bithumb.com/v1/candles
2025-05-04T15:00:00Z,Bithumb,KRW,KRW-USDT,1d,1422.0,"reported, not observed",api.bithumb.com/v1/candles
2025-05-05T15:00:00Z,Bithumb,KRW,KRW-USDT,1d,1422.0,"reported, not observed",api.bithumb.com/v1/candles
2025-05-06T15:00:00Z,Bithumb,KRW,KRW-USDT,1d,1416.0,"reported, not observed",api.bithumb.com/v1/candles
2025-05-07T15:00:00Z,Bithumb,KRW,KRW-USDT,1d,1407.0,"reported, not observed",api.bithumb.com/v1/candles
2025-05-08T15:00:00Z,Bithumb,KRW,KRW-USDT,1d,1403.0,"reported, not observed",api.bithumb.com/v1/candles
2025-05-09T15:00:00Z,Bithumb,KRW,KRW-USDT,1d,1395.0,"reported, not observed",api.bithumb.com/v1/candles
2025-05-10T15:00:00Z,Bithumb,KRW,KRW-USDT,1d,1398.0,"reported, not observed",api.bithumb.com/v1/candles
2025-05-11T15:00:00Z,Bithumb,KRW,KRW-USDT,1d,1403.0,"reported, not observed",api.bithumb.com/v1/candles
2025-05-12T15:00:00Z,Bithumb,KRW,KRW-USDT,1d,1412.0,"reported, not observed",api.bithumb.com/v1/candles
2025-05-13T15:00:00Z,Bithumb,KRW,KRW-USDT,1d,1406.0,"reported, not observed",api.bithumb.com/v1/candles
2025-05-14T15:00:00Z,Bithumb,KRW,KRW-USDT,1d,1418.0,"reported, not observed",api.bithumb.com/v1/candles
2025-05-15T15:00:00Z,Bithumb,KRW,KRW-USDT,1d,1411.0,"reported, not observed",api.bithumb.com/v1/candles
2025-05-16T15:00:00Z,Bithumb,KRW,KRW-USDT,1d,1419.0,"reported, not observed",api.bithumb.com/v1/candles
2025-05-17T15:00:00Z,Bithumb,KRW,KRW-USDT,1d,1416.0,"reported, not observed",api.bithumb.com/v1/candles
2025-05-18T15:00:00Z,Bithumb,KRW,KRW-USDT,1d,1418.0,"reported, not observed",api.bithumb.com/v1/candles
2025-05-19T15:00:00Z,Bithumb,KRW,KRW-USDT,1d,1415.0,"reported, not observed",api.bithumb.com/v1/candles
2025-05-20T15:00:00Z,Bithumb,KRW,KRW-USDT,1d,1392.0,"reported, not observed",api.bithumb.com/v1/candles
2025-05-21T15:00:00Z,Bithumb,KRW,KRW-USDT,1d,1390.0,"reported, not observed",api.bithumb.com/v1/candles
2025-05-22T15:00:00Z,Bithumb,KRW,KRW-USDT,1d,1388.0,"reported, not observed",api.bithumb.com/v1/candles
2025-05-23T15:00:00Z,Bithumb,KRW,KRW-USDT,1d,1394.0,"reported, not observed",api.bithumb.com/v1/candles
2025-05-24T15:00:00Z,Bithumb,KRW,KRW-USDT,1d,1400.0,"reported, not observed",api.bithumb.com/v1/candles
2025-05-25T15:00:00Z,Bithumb,KRW,KRW-USDT,1d,1388.0,"reported, not observed",api.bithumb.com/v1/candles
2025-05-26T15:00:00Z,Bithumb,KRW,KRW-USDT,1d,1386.0,"reported, not observed",api.bithumb.com/v1/candles
2025-05-27T15:00:00Z,Bithumb,KRW,KRW-USDT,1d,1394.0,"reported, not observed",api.bithumb.com/v1/candles
2025-05-28T15:00:00Z,Bithumb,KRW,KRW-USDT,1d,1392.0,"reported, not observed",api.bithumb.com/v1/candles
2025-05-29T15:00:00Z,Bithumb,KRW,KRW-USDT,1d,1403.0,"reported, not observed",api.bithumb.com/v1/candles
2025-05-30T15:00:00Z,Bithumb,KRW,KRW-USDT,1d,1417.0,"reported, not observed",api.bithumb.com/v1/candles
2025-05-31T15:00:00Z,Bithumb,KRW,KRW-USDT,1d,1414.0,"reported, not observed",api.bithumb.com/v1/candles
2025-06-01T15:00:00Z,Bithumb,KRW,KRW-USDT,1d,1406.0,"reported, not observed",api.bithumb.com/v1/candles
2025-06-02T15:00:00Z,Bithumb,KRW,KRW-USDT,1d,1396.0,"reported, not observed",api.bithumb.com/v1/candles
2025-06-03T15:00:00Z,Bithumb,KRW,KRW-USDT,1d,1391.0,"reported, not observed",api.bithumb.com/v1/candles
2025-06-04T15:00:00Z,Bithumb,KRW,KRW-USDT,1d,1383.0,"reported, not observed",api.bithumb.com/v1/candles
2025-06-05T15:00:00Z,Bithumb,KRW,KRW-USDT,1d,1387.0,"reported, not observed",api.bithumb.com/v1/candles
2025-06-06T15:00:00Z,Bithumb,KRW,KRW-USDT,1d,1387.0,"reported, not observed",api.bithumb.com/v1/candles
2025-06-07T15:00:00Z,Bithumb,KRW,KRW-USDT,1d,1381.0,"reported, not observed",api.bithumb.com/v1/candles
2025-06-08T15:00:00Z,Bithumb,KRW,KRW-USDT,1d,1374.0,"reported, not observed",api.bithumb.com/v1/candles
2025-06-09T15:00:00Z,Bithumb,KRW,KRW-USDT,1d,1374.0,"reported, not observed",api.bithumb.com/v1/candles
2025-06-10T15:00:00Z,Bithumb,KRW,KRW-USDT,1d,1373.0,"reported, not observed",api.bithumb.com/v1/candles
2025-06-11T15:00:00Z,Bithumb,KRW,KRW-USDT,1d,1373.0,"reported, not observed",api.bithumb.com/v1/candles
2025-06-12T15:00:00Z,Bithumb,KRW,KRW-USDT,1d,1390.0,"reported, not observed",api.bithumb.com/v1/candles
2025-06-13T15:00:00Z,Bithumb,KRW,KRW-USDT,1d,1388.0,"reported, not observed",api.bithumb.com/v1/candles
2025-06-14T15:00:00Z,Bithumb,KRW,KRW-USDT,1d,1384.0,"reported, not observed",api.bithumb.com/v1/candles
2025-06-15T15:00:00Z,Bithumb,KRW,KRW-USDT,1d,1374.0,"reported, not observed",api.bithumb.com/v1/candles
2025-06-16T15:00:00Z,Bithumb,KRW,KRW-USDT,1d,1380.0,"reported, not observed",api.bithumb.com/v1/candles
2025-06-17T15:00:00Z,Bithumb,KRW,KRW-USDT,1d,1386.0,"reported, not observed",api.bithumb.com/v1/candles
2025-06-18T15:00:00Z,Bithumb,KRW,KRW-USDT,1d,1389.0,"reported, not observed",api.bithumb.com/v1/candles
2025-06-19T15:00:00Z,Bithumb,KRW,KRW-USDT,1d,1387.0,"reported, not observed",api.bithumb.com/v1/candles
2025-06-20T15:00:00Z,Bithumb,KRW,KRW-USDT,1d,1392.0,"reported, not observed",api.bithumb.com/v1/candles
2025-06-21T15:00:00Z,Bithumb,KRW,KRW-USDT,1d,1394.0,"reported, not observed",api.bithumb.com/v1/candles
2025-06-22T15:00:00Z,Bithumb,KRW,KRW-USDT,1d,1395.0,"reported, not observed",api.bithumb.com/v1/candles
2025-06-23T15:00:00Z,Bithumb,KRW,KRW-USDT,1d,1377.0,"reported, not observed",api.bithumb.com/v1/candles
2025-06-24T15:00:00Z,Bithumb,KRW,KRW-USDT,1d,1374.0,"reported, not observed",api.bithumb.com/v1/candles
2025-06-25T15:00:00Z,Bithumb,KRW,KRW-USDT,1d,1372.0,"reported, not observed",api.bithumb.com/v1/candles
2025-06-26T15:00:00Z,Bithumb,KRW,KRW-USDT,1d,1375.0,"reported, not observed",api.bithumb.com/v1/candles
2025-06-27T15:00:00Z,Bithumb,KRW,KRW-USDT,1d,1373.0,"reported, not observed",api.bithumb.com/v1/candles
2025-06-28T15:00:00Z,Bithumb,KRW,KRW-USDT,1d,1371.0,"reported, not observed",api.bithumb.com/v1/candles
2025-06-29T15:00:00Z,Bithumb,KRW,KRW-USDT,1d,1367.0,"reported, not observed",api.bithumb.com/v1/candles
2025-06-30T15:00:00Z,Bithumb,KRW,KRW-USDT,1d,1371.0,"reported, not observed",api.bithumb.com/v1/candles
2025-07-01T15:00:00Z,Bithumb,KRW,KRW-USDT,1d,1366.0,"reported, not observed",api.bithumb.com/v1/candles
2025-07-02T15:00:00Z,Bithumb,KRW,KRW-USDT,1d,1360.0,"reported, not observed",api.bithumb.com/v1/candles
2025-07-03T15:00:00Z,Bithumb,KRW,KRW-USDT,1d,1364.0,"reported, not observed",api.bithumb.com/v1/candles
2025-07-04T15:00:00Z,Bithumb,KRW,KRW-USDT,1d,1368.0,"reported, not observed",api.bithumb.com/v1/candles
2025-07-05T15:00:00Z,Bithumb,KRW,KRW-USDT,1d,1363.0,"reported, not observed",api.bithumb.com/v1/candles
2025-07-06T15:00:00Z,Bithumb,KRW,KRW-USDT,1d,1364.0,"reported, not observed",api.bithumb.com/v1/candles
2025-07-07T15:00:00Z,Bithumb,KRW,KRW-USDT,1d,1366.0,"reported, not observed",api.bithumb.com/v1/candles
2025-07-08T15:00:00Z,Bithumb,KRW,KRW-USDT,1d,1363.0,"reported, not observed",api.bithumb.com/v1/candles
2025-07-09T15:00:00Z,Bithumb,KRW,KRW-USDT,1d,1360.0,"reported, not observed",api.bithumb.com/v1/candles
2025-07-10T15:00:00Z,Bithumb,KRW,KRW-USDT,1d,1350.0,"reported, not observed",api.bithumb.com/v1/candles
2025-07-11T15:00:00Z,Bithumb,KRW,KRW-USDT,1d,1359.0,"reported, not observed",api.bithumb.com/v1/candles
2025-07-12T15:00:00Z,Bithumb,KRW,KRW-USDT,1d,1354.0,"reported, not observed",api.bithumb.com/v1/candles
2025-07-13T15:00:00Z,Bithumb,KRW,KRW-USDT,1d,1358.0,"reported, not observed",api.bithumb.com/v1/candles
2025-07-14T15:00:00Z,Bithumb,KRW,KRW-USDT,1d,1372.0,"reported, not observed",api.bithumb.com/v1/candles
2025-07-15T15:00:00Z,Bithumb,KRW,KRW-USDT,1d,1366.0,"reported, not observed",api.bithumb.com/v1/candles
2025-07-16T15:00:00Z,Bithumb,KRW,KRW-USDT,1d,1362.0,"reported, not observed",api.bithumb.com/v1/candles
2025-07-17T15:00:00Z,Bithumb,KRW,KRW-USDT,1d,1365.0,"reported, not observed",api.bithumb.com/v1/candles
2025-07-18T15:00:00Z,Bithumb,KRW,KRW-USDT,1d,1372.0,"reported, not observed",api.bithumb.com/v1/candles
2025-07-19T15:00:00Z,Bithumb,KRW,KRW-USDT,1d,1363.0,"reported, not observed",api.bithumb.com/v1/candles
2025-07-20T15:00:00Z,Bithumb,KRW,KRW-USDT,1d,1355.0,"reported, not observed",api.bithumb.com/v1/candles
2025-07-21T15:00:00Z,Bithumb,KRW,KRW-USDT,1d,1360.0,"reported, not observed",api.bithumb.com/v1/candles
2025-07-22T15:00:00Z,Bithumb,KRW,KRW-USDT,1d,1363.0,"reported, not observed",api.bithumb.com/v1/candles
2025-07-23T15:00:00Z,Bithumb,KRW,KRW-USDT,1d,1358.0,"reported, not observed",api.bithumb.com/v1/candles
2025-07-24T15:00:00Z,Bithumb,KRW,KRW-USDT,1d,1375.0,"reported, not observed",api.bithumb.com/v1/candles
2025-07-25T15:00:00Z,Bithumb,KRW,KRW-USDT,1d,1364.0,"reported, not observed",api.bithumb.com/v1/candles
2025-07-26T15:00:00Z,Bithumb,KRW,KRW-USDT,1d,1365.0,"reported, not observed",api.bithumb.com/v1/candles
2025-07-27T15:00:00Z,Bithumb,KRW,KRW-USDT,1d,1369.0,"reported, not observed",api.bithumb.com/v1/candles
2025-07-28T15:00:00Z,Bithumb,KRW,KRW-USDT,1d,1382.0,"reported, not observed",api.bithumb.com/v1/candles
2025-07-29T15:00:00Z,Bithumb,KRW,KRW-USDT,1d,1381.0,"reported, not observed",api.bithumb.com/v1/candles
2025-07-30T15:00:00Z,Bithumb,KRW,KRW-USDT,1d,1386.0,"reported, not observed",api.bithumb.com/v1/candles
2025-07-31T15:00:00Z,Bithumb,KRW,KRW-USDT,1d,1386.0,"reported, not observed",api.bithumb.com/v1/candles
2025-08-01T15:00:00Z,Bithumb,KRW,KRW-USDT,1d,1404.0,"reported, not observed",api.bithumb.com/v1/candles
2025-08-02T15:00:00Z,Bithumb,KRW,KRW-USDT,1d,1399.0,"reported, not observed",api.bithumb.com/v1/candles
2025-08-03T15:00:00Z,Bithumb,KRW,KRW-USDT,1d,1394.0,"reported, not observed",api.bithumb.com/v1/candles
2025-08-04T15:00:00Z,Bithumb,KRW,KRW-USDT,1d,1400.0,"reported, not observed",api.bithumb.com/v1/candles
2025-08-05T15:00:00Z,Bithumb,KRW,KRW-USDT,1d,1395.0,"reported, not observed",api.bithumb.com/v1/candles
2025-08-06T15:00:00Z,Bithumb,KRW,KRW-USDT,1d,1386.0,"reported, not observed",api.bithumb.com/v1/candles
2025-08-07T15:00:00Z,Bithumb,KRW,KRW-USDT,1d,1378.0,"reported, not observed",api.bithumb.com/v1/candles
2025-08-08T15:00:00Z,Bithumb,KRW,KRW-USDT,1d,1373.0,"reported, not observed",api.bithumb.com/v1/candles
2025-08-09T15:00:00Z,Bithumb,KRW,KRW-USDT,1d,1372.0,"reported, not observed",api.bithumb.com/v1/candles
2025-08-10T15:00:00Z,Bithumb,KRW,KRW-USDT,1d,1375.0,"reported, not observed",api.bithumb.com/v1/candles
2025-08-11T15:00:00Z,Bithumb,KRW,KRW-USDT,1d,1378.0,"reported, not observed",api.bithumb.com/v1/candles
2025-08-12T15:00:00Z,Bithumb,KRW,KRW-USDT,1d,1365.0,"reported, not observed",api.bithumb.com/v1/candles
2025-08-13T15:00:00Z,Bithumb,KRW,KRW-USDT,1d,1383.0,"reported, not observed",api.bithumb.com/v1/candles
2025-08-14T15:00:00Z,Bithumb,KRW,KRW-USDT,1d,1392.0,"reported, not observed",api.bithumb.com/v1/candles
2025-08-15T15:00:00Z,Bithumb,KRW,KRW-USDT,1d,1387.0,"reported, not observed",api.bithumb.com/v1/candles
2025-08-16T15:00:00Z,Bithumb,KRW,KRW-USDT,1d,1384.0,"reported, not observed",api.bithumb.com/v1/candles
2025-08-17T15:00:00Z,Bithumb,KRW,KRW-USDT,1d,1392.0,"reported, not observed",api.bithumb.com/v1/candles
2025-08-18T15:00:00Z,Bithumb,KRW,KRW-USDT,1d,1395.0,"reported, not observed",api.bithumb.com/v1/candles
2025-08-19T15:00:00Z,Bithumb,KRW,KRW-USDT,1d,1397.0,"reported, not observed",api.bithumb.com/v1/candles
2025-08-20T15:00:00Z,Bithumb,KRW,KRW-USDT,1d,1399.0,"reported, not observed",api.bithumb.com/v1/candles
2025-08-21T15:00:00Z,Bithumb,KRW,KRW-USDT,1d,1391.0,"reported, not observed",api.bithumb.com/v1/candles
2025-08-22T15:00:00Z,Bithumb,KRW,KRW-USDT,1d,1386.0,"reported, not observed",api.bithumb.com/v1/candles
2025-08-23T15:00:00Z,Bithumb,KRW,KRW-USDT,1d,1390.0,"reported, not observed",api.bithumb.com/v1/candles
2025-08-24T15:00:00Z,Bithumb,KRW,KRW-USDT,1d,1400.0,"reported, not observed",api.bithumb.com/v1/candles
2025-08-25T15:00:00Z,Bithumb,KRW,KRW-USDT,1d,1407.0,"reported, not observed",api.bithumb.com/v1/candles
2025-08-26T15:00:00Z,Bithumb,KRW,KRW-USDT,1d,1397.0,"reported, not observed",api.bithumb.com/v1/candles
2025-08-27T15:00:00Z,Bithumb,KRW,KRW-USDT,1d,1391.0,"reported, not observed",api.bithumb.com/v1/candles
2025-08-28T15:00:00Z,Bithumb,KRW,KRW-USDT,1d,1401.0,"reported, not observed",api.bithumb.com/v1/candles
2025-08-29T15:00:00Z,Bithumb,KRW,KRW-USDT,1d,1395.0,"reported, not observed",api.bithumb.com/v1/candles
2025-08-30T15:00:00Z,Bithumb,KRW,KRW-USDT,1d,1391.0,"reported, not observed",api.bithumb.com/v1/candles
2025-08-31T15:00:00Z,Bithumb,KRW,KRW-USDT,1d,1394.0,"reported, not observed",api.bithumb.com/v1/candles
2025-09-01T15:00:00Z,Bithumb,KRW,KRW-USDT,1d,1389.0,"reported, not observed",api.bithumb.com/v1/candles
2025-09-02T15:00:00Z,Bithumb,KRW,KRW-USDT,1d,1386.0,"reported, not observed",api.bithumb.com/v1/candles
2025-09-03T15:00:00Z,Bithumb,KRW,KRW-USDT,1d,1397.0,"reported, not observed",api.bithumb.com/v1/candles
2025-09-04T15:00:00Z,Bithumb,KRW,KRW-USDT,1d,1400.0,"reported, not observed",api.bithumb.com/v1/candles
2025-09-05T15:00:00Z,Bithumb,KRW,KRW-USDT,1d,1402.0,"reported, not observed",api.bithumb.com/v1/candles
2025-09-06T15:00:00Z,Bithumb,KRW,KRW-USDT,1d,1396.0,"reported, not observed",api.bithumb.com/v1/candles
2025-09-07T15:00:00Z,Bithumb,KRW,KRW-USDT,1d,1388.0,"reported, not observed",api.bithumb.com/v1/candles
2025-09-08T15:00:00Z,Bithumb,KRW,KRW-USDT,1d,1393.0,"reported, not observed",api.bithumb.com/v1/candles
2025-09-09T15:00:00Z,Bithumb,KRW,KRW-USDT,1d,1388.0,"reported, not observed",api.bithumb.com/v1/candles
2025-09-10T15:00:00Z,Bithumb,KRW,KRW-USDT,1d,1391.0,"reported, not observed",api.bithumb.com/v1/candles
2025-09-11T15:00:00Z,Bithumb,KRW,KRW-USDT,1d,1393.0,"reported, not observed",api.bithumb.com/v1/candles
2025-09-12T15:00:00Z,Bithumb,KRW,KRW-USDT,1d,1383.0,"reported, not observed",api.bithumb.com/v1/candles
2025-09-13T15:00:00Z,Bithumb,KRW,KRW-USDT,1d,1389.0,"reported, not observed",api.bithumb.com/v1/candles
2025-09-14T15:00:00Z,Bithumb,KRW,KRW-USDT,1d,1394.0,"reported, not observed",api.bithumb.com/v1/candles
2025-09-15T15:00:00Z,Bithumb,KRW,KRW-USDT,1d,1395.0,"reported, not observed",api.bithumb.com/v1/candles
2025-09-16T15:00:00Z,Bithumb,KRW,KRW-USDT,1d,1394.0,"reported, not observed",api.bithumb.com/v1/candles
2025-09-17T15:00:00Z,Bithumb,KRW,KRW-USDT,1d,1387.0,"reported, not observed",api.bithumb.com/v1/candles
2025-09-18T15:00:00Z,Bithumb,KRW,KRW-USDT,1d,1398.0,"reported, not observed",api.bithumb.com/v1/candles
2025-09-19T15:00:00Z,Bithumb,KRW,KRW-USDT,1d,1399.0,"reported, not observed",api.bithumb.com/v1/candles
2025-09-20T15:00:00Z,Bithumb,KRW,KRW-USDT,1d,1399.0,"reported, not observed",api.bithumb.com/v1/candles
2025-09-21T15:00:00Z,Bithumb,KRW,KRW-USDT,1d,1420.0,"reported, not observed",api.bithumb.com/v1/candles
2025-09-22T15:00:00Z,Bithumb,KRW,KRW-USDT,1d,1422.0,"reported, not observed",api.bithumb.com/v1/candles
2025-09-23T15:00:00Z,Bithumb,KRW,KRW-USDT,1d,1416.0,"reported, not observed",api.bithumb.com/v1/candles
2025-09-24T15:00:00Z,Bithumb,KRW,KRW-USDT,1d,1433.0,"reported, not observed",api.bithumb.com/v1/candles
2025-09-25T15:00:00Z,Bithumb,KRW,KRW-USDT,1d,1456.0,"reported, not observed",api.bithumb.com/v1/candles
2025-09-26T15:00:00Z,Bithumb,KRW,KRW-USDT,1d,1437.0,"reported, not observed",api.bithumb.com/v1/candles
2025-09-27T15:00:00Z,Bithumb,KRW,KRW-USDT,1d,1439.0,"reported, not observed",api.bithumb.com/v1/candles
2025-09-28T15:00:00Z,Bithumb,KRW,KRW-USDT,1d,1429.0,"reported, not observed",api.bithumb.com/v1/candles
2025-09-29T15:00:00Z,Bithumb,KRW,KRW-USDT,1d,1431.0,"reported, not observed",api.bithumb.com/v1/candles
2025-09-30T15:00:00Z,Bithumb,KRW,KRW-USDT,1d,1418.0,"reported, not observed",api.bithumb.com/v1/candles
2025-10-01T15:00:00Z,Bithumb,KRW,KRW-USDT,1d,1423.0,"reported, not observed",api.bithumb.com/v1/candles
2025-10-02T15:00:00Z,Bithumb,KRW,KRW-USDT,1d,1419.0,"reported, not observed",api.bithumb.com/v1/candles
2025-10-03T15:00:00Z,Bithumb,KRW,KRW-USDT,1d,1431.0,"reported, not observed",api.bithumb.com/v1/candles
2025-10-04T15:00:00Z,Bithumb,KRW,KRW-USDT,1d,1427.0,"reported, not observed",api.bithumb.com/v1/candles
2025-10-05T15:00:00Z,Bithumb,KRW,KRW-USDT,1d,1425.0,"reported, not observed",api.bithumb.com/v1/candles
2025-10-06T15:00:00Z,Bithumb,KRW,KRW-USDT,1d,1436.0,"reported, not observed",api.bithumb.com/v1/candles
2025-10-07T15:00:00Z,Bithumb,KRW,KRW-USDT,1d,1451.0,"reported, not observed",api.bithumb.com/v1/candles
2025-10-08T15:00:00Z,Bithumb,KRW,KRW-USDT,1d,1462.0,"reported, not observed",api.bithumb.com/v1/candles
2025-10-09T15:00:00Z,Bithumb,KRW,KRW-USDT,1d,1462.0,"reported, not observed",api.bithumb.com/v1/candles
2025-10-10T15:00:00Z,Bithumb,KRW,KRW-USDT,1d,1523.0,"reported, not observed",api.bithumb.com/v1/candles
2025-10-11T15:00:00Z,Bithumb,KRW,KRW-USDT,1d,1528.0,"reported, not observed",api.bithumb.com/v1/candles
2025-10-12T15:00:00Z,Bithumb,KRW,KRW-USDT,1d,1507.0,"reported, not observed",api.bithumb.com/v1/candles
2025-10-13T15:00:00Z,Bithumb,KRW,KRW-USDT,1d,1521.0,"reported, not observed",api.bithumb.com/v1/candles
2025-10-14T15:00:00Z,Bithumb,KRW,KRW-USDT,1d,1515.0,"reported, not observed",api.bithumb.com/v1/candles
2025-10-15T15:00:00Z,Bithumb,KRW,KRW-USDT,1d,1516.0,"reported, not observed",api.bithumb.com/v1/candles
2025-10-16T15:00:00Z,Bithumb,KRW,KRW-USDT,1d,1536.0,"reported, not observed",api.bithumb.com/v1/candles
2025-10-17T15:00:00Z,Bithumb,KRW,KRW-USDT,1d,1527.0,"reported, not observed",api.bithumb.com/v1/candles
2025-10-18T15:00:00Z,Bithumb,KRW,KRW-USDT,1d,1511.0,"reported, not observed",api.bithumb.com/v1/candles
2025-10-19T15:00:00Z,Bithumb,KRW,KRW-USDT,1d,1496.0,"reported, not observed",api.bithumb.com/v1/candles
2025-10-20T15:00:00Z,Bithumb,KRW,KRW-USDT,1d,1494.0,"reported, not observed",api.bithumb.com/v1/candles
2025-10-21T15:00:00Z,Bithumb,KRW,KRW-USDT,1d,1508.0,"reported, not observed",api.bithumb.com/v1/candles
2025-10-22T15:00:00Z,Bithumb,KRW,KRW-USDT,1d,1503.0,"reported, not observed",api.bithumb.com/v1/candles
2025-10-23T15:00:00Z,Bithumb,KRW,KRW-USDT,1d,1498.0,"reported, not observed",api.bithumb.com/v1/candles
2025-10-24T15:00:00Z,Bithumb,KRW,KRW-USDT,1d,1489.0,"reported, not observed",api.bithumb.com/v1/candles
2025-10-25T15:00:00Z,Bithumb,KRW,KRW-USDT,1d,1482.0,"reported, not observed",api.bithumb.com/v1/candles
2025-10-26T15:00:00Z,Bithumb,KRW,KRW-USDT,1d,1476.0,"reported, not observed",api.bithumb.com/v1/candles
2025-10-27T15:00:00Z,Bithumb,KRW,KRW-USDT,1d,1479.0,"reported, not observed",api.bithumb.com/v1/candles
2025-10-28T15:00:00Z,Bithumb,KRW,KRW-USDT,1d,1480.0,"reported, not observed",api.bithumb.com/v1/candles
2025-10-29T15:00:00Z,Bithumb,KRW,KRW-USDT,1d,1507.0,"reported, not observed",api.bithumb.com/v1/candles
2025-10-30T15:00:00Z,Bithumb,KRW,KRW-USDT,1d,1495.0,"reported, not observed",api.bithumb.com/v1/candles
2025-10-31T15:00:00Z,Bithumb,KRW,KRW-USDT,1d,1491.0,"reported, not observed",api.bithumb.com/v1/candles
2025-11-01T15:00:00Z,Bithumb,KRW,KRW-USDT,1d,1489.0,"reported, not observed",api.bithumb.com/v1/candles
2025-11-02T15:00:00Z,Bithumb,KRW,KRW-USDT,1d,1489.0,"reported, not observed",api.bithumb.com/v1/candles
2025-11-03T15:00:00Z,Bithumb,KRW,KRW-USDT,1d,1485.0,"reported, not observed",api.bithumb.com/v1/candles
2025-11-04T15:00:00Z,Bithumb,KRW,KRW-USDT,1d,1493.0,"reported, not observed",api.bithumb.com/v1/candles
2025-11-05T15:00:00Z,Bithumb,KRW,KRW-USDT,1d,1498.0,"reported, not observed",api.bithumb.com/v1/candles
2025-11-06T15:00:00Z,Bithumb,KRW,KRW-USDT,1d,1498.0,"reported, not observed",api.bithumb.com/v1/candles
2025-11-07T15:00:00Z,Bithumb,KRW,KRW-USDT,1d,1491.0,"reported, not observed",api.bithumb.com/v1/candles
2025-11-08T15:00:00Z,Bithumb,KRW,KRW-USDT,1d,1487.0,"reported, not observed",api.bithumb.com/v1/candles
2025-11-09T15:00:00Z,Bithumb,KRW,KRW-USDT,1d,1481.0,"reported, not observed",api.bithumb.com/v1/candles
2025-11-10T15:00:00Z,Bithumb,KRW,KRW-USDT,1d,1488.0,"reported, not observed",api.bithumb.com/v1/candles
2025-11-11T15:00:00Z,Bithumb,KRW,KRW-USDT,1d,1493.0,"reported, not observed",api.bithumb.com/v1/candles
2025-11-12T15:00:00Z,Bithumb,KRW,KRW-USDT,1d,1494.0,"reported, not observed",api.bithumb.com/v1/candles
2025-11-13T15:00:00Z,Bithumb,KRW,KRW-USDT,1d,1513.0,"reported, not observed",api.bithumb.com/v1/candles
2025-11-14T15:00:00Z,Bithumb,KRW,KRW-USDT,1d,1508.0,"reported, not observed",api.bithumb.com/v1/candles
2025-11-15T15:00:00Z,Bithumb,KRW,KRW-USDT,1d,1501.0,"reported, not observed",api.bithumb.com/v1/candles
2025-11-16T15:00:00Z,Bithumb,KRW,KRW-USDT,1d,1492.0,"reported, not observed",api.bithumb.com/v1/candles
2025-11-17T15:00:00Z,Bithumb,KRW,KRW-USDT,1d,1479.0,"reported, not observed",api.bithumb.com/v1/candles
2025-11-18T15:00:00Z,Bithumb,KRW,KRW-USDT,1d,1489.0,"reported, not observed",api.bithumb.com/v1/candles
2025-11-19T15:00:00Z,Bithumb,KRW,KRW-USDT,1d,1488.0,"reported, not observed",api.bithumb.com/v1/candles
2025-11-20T15:00:00Z,Bithumb,KRW,KRW-USDT,1d,1504.0,"reported, not observed",api.bithumb.com/v1/candles
2025-11-21T15:00:00Z,Bithumb,KRW,KRW-USDT,1d,1503.0,"reported, not observed",api.bithumb.com/v1/candles
2025-11-22T15:00:00Z,Bithumb,KRW,KRW-USDT,1d,1514.0,"reported, not observed",api.bithumb.com/v1/candles
2025-11-23T15:00:00Z,Bithumb,KRW,KRW-USDT,1d,1511.0,"reported, not observed",api.bithumb.com/v1/candles
2025-11-24T15:00:00Z,Bithumb,KRW,KRW-USDT,1d,1502.0,"reported, not observed",api.bithumb.com/v1/candles
2025-11-25T15:00:00Z,Bithumb,KRW,KRW-USDT,1d,1498.0,"reported, not observed",api.bithumb.com/v1/candles
2025-11-26T15:00:00Z,Bithumb,KRW,KRW-USDT,1d,1495.0,"reported, not observed",api.bithumb.com/v1/candles
2025-11-27T15:00:00Z,Bithumb,KRW,KRW-USDT,1d,1496.0,"reported, not observed",api.bithumb.com/v1/candles
2025-11-28T15:00:00Z,Bithumb,KRW,KRW-USDT,1d,1498.0,"reported, not observed",api.bithumb.com/v1/candles
2025-11-29T15:00:00Z,Bithumb,KRW,KRW-USDT,1d,1497.0,"reported, not observed",api.bithumb.com/v1/candles
2025-11-30T15:00:00Z,Bithumb,KRW,KRW-USDT,1d,1497.0,"reported, not observed",api.bithumb.com/v1/candles
2025-12-01T15:00:00Z,Bithumb,KRW,KRW-USDT,1d,1495.0,"reported, not observed",api.bithumb.com/v1/candles
2025-12-02T15:00:00Z,Bithumb,KRW,KRW-USDT,1d,1487.0,"reported, not observed",api.bithumb.com/v1/candles
2025-12-03T15:00:00Z,Bithumb,KRW,KRW-USDT,1d,1488.0,"reported, not observed",api.bithumb.com/v1/candles
2025-12-04T15:00:00Z,Bithumb,KRW,KRW-USDT,1d,1491.0,"reported, not observed",api.bithumb.com/v1/candles
2025-12-05T15:00:00Z,Bithumb,KRW,KRW-USDT,1d,1495.0,"reported, not observed",api.bithumb.com/v1/candles
2025-12-06T15:00:00Z,Bithumb,KRW,KRW-USDT,1d,1497.0,"reported, not observed",api.bithumb.com/v1/candles
2025-12-07T15:00:00Z,Bithumb,KRW,KRW-USDT,1d,1488.0,"reported, not observed",api.bithumb.com/v1/candles
2025-12-08T15:00:00Z,Bithumb,KRW,KRW-USDT,1d,1487.0,"reported, not observed",api.bithumb.com/v1/candles
2025-12-09T15:00:00Z,Bithumb,KRW,KRW-USDT,1d,1487.0,"reported, not observed",api.bithumb.com/v1/candles
2025-12-10T15:00:00Z,Bithumb,KRW,KRW-USDT,1d,1492.0,"reported, not observed",api.bithumb.com/v1/candles
2025-12-11T15:00:00Z,Bithumb,KRW,KRW-USDT,1d,1486.0,"reported, not observed",api.bithumb.com/v1/candles
2025-12-12T15:00:00Z,Bithumb,KRW,KRW-USDT,1d,1491.0,"reported, not observed",api.bithumb.com/v1/candles
2025-12-13T15:00:00Z,Bithumb,KRW,KRW-USDT,1d,1494.0,"reported, not observed",api.bithumb.com/v1/candles
2025-12-14T15:00:00Z,Bithumb,KRW,KRW-USDT,1d,1490.0,"reported, not observed",api.bithumb.com/v1/candles
2025-12-15T15:00:00Z,Bithumb,KRW,KRW-USDT,1d,1488.0,"reported, not observed",api.bithumb.com/v1/candles
2025-12-16T15:00:00Z,Bithumb,KRW,KRW-USDT,1d,1487.0,"reported, not observed",api.bithumb.com/v1/candles
2025-12-17T15:00:00Z,Bithumb,KRW,KRW-USDT,1d,1487.0,"reported, not observed",api.bithumb.com/v1/candles
2025-12-18T15:00:00Z,Bithumb,KRW,KRW-USDT,1d,1488.0,"reported, not observed",api.bithumb.com/v1/candles
2025-12-19T15:00:00Z,Bithumb,KRW,KRW-USDT,1d,1489.0,"reported, not observed",api.bithumb.com/v1/candles
2025-12-20T15:00:00Z,Bithumb,KRW,KRW-USDT,1d,1488.0,"reported, not observed",api.bithumb.com/v1/candles
2025-12-21T15:00:00Z,Bithumb,KRW,KRW-USDT,1d,1487.0,"reported, not observed",api.bithumb.com/v1/candles
2025-12-22T15:00:00Z,Bithumb,KRW,KRW-USDT,1d,1492.0,"reported, not observed",api.bithumb.com/v1/candles
2025-12-23T15:00:00Z,Bithumb,KRW,KRW-USDT,1d,1477.0,"reported, not observed",api.bithumb.com/v1/candles
2025-12-24T15:00:00Z,Bithumb,KRW,KRW-USDT,1d,1473.0,"reported, not observed",api.bithumb.com/v1/candles
2025-12-25T15:00:00Z,Bithumb,KRW,KRW-USDT,1d,1466.0,"reported, not observed",api.bithumb.com/v1/candles
2025-12-26T15:00:00Z,Bithumb,KRW,KRW-USDT,1d,1462.0,"reported, not observed",api.bithumb.com/v1/candles
2025-12-27T15:00:00Z,Bithumb,KRW,KRW-USDT,1d,1458.0,"reported, not observed",api.bithumb.com/v1/candles
2025-12-28T15:00:00Z,Bithumb,KRW,KRW-USDT,1d,1453.0,"reported, not observed",api.bithumb.com/v1/candles
2025-12-29T15:00:00Z,Bithumb,KRW,KRW-USDT,1d,1452.0,"reported, not observed",api.bithumb.com/v1/candles
2025-12-30T15:00:00Z,Bithumb,KRW,KRW-USDT,1d,1453.0,"reported, not observed",api.bithumb.com/v1/candles
2025-12-31T15:00:00Z,Bithumb,KRW,KRW-USDT,1d,1455.0,"reported, not observed",api.bithumb.com/v1/candles
2026-01-01T15:00:00Z,Bithumb,KRW,KRW-USDT,1d,1451.0,"reported, not observed",api.bithumb.com/v1/candles
2026-01-02T15:00:00Z,Bithumb,KRW,KRW-USDT,1d,1448.0,"reported, not observed",api.bithumb.com/v1/candles
2026-01-03T15:00:00Z,Bithumb,KRW,KRW-USDT,1d,1446.0,"reported, not observed",api.bithumb.com/v1/candles
2026-01-04T15:00:00Z,Bithumb,KRW,KRW-USDT,1d,1454.0,"reported, not observed",api.bithumb.com/v1/candles
2026-01-05T15:00:00Z,Bithumb,KRW,KRW-USDT,1d,1450.0,"reported, not observed",api.bithumb.com/v1/candles
2026-01-06T15:00:00Z,Bithumb,KRW,KRW-USDT,1d,1457.0,"reported, not observed",api.bithumb.com/v1/candles
2026-01-07T15:00:00Z,Bithumb,KRW,KRW-USDT,1d,1461.0,"reported, not observed",api.bithumb.com/v1/candles
2026-01-08T15:00:00Z,Bithumb,KRW,KRW-USDT,1d,1469.0,"reported, not observed",api.bithumb.com/v1/candles
2026-01-09T15:00:00Z,Bithumb,KRW,KRW-USDT,1d,1474.0,"reported, not observed",api.bithumb.com/v1/candles
2026-01-10T15:00:00Z,Bithumb,KRW,KRW-USDT,1d,1469.0,"reported, not observed",api.bithumb.com/v1/candles
2026-01-11T15:00:00Z,Bithumb,KRW,KRW-USDT,1d,1474.0,"reported, not observed",api.bithumb.com/v1/candles
2026-01-12T15:00:00Z,Bithumb,KRW,KRW-USDT,1d,1473.0,"reported, not observed",api.bithumb.com/v1/candles
2026-01-13T15:00:00Z,Bithumb,KRW,KRW-USDT,1d,1464.0,"reported, not observed",api.bithumb.com/v1/candles
2026-01-14T15:00:00Z,Bithumb,KRW,KRW-USDT,1d,1470.0,"reported, not observed",api.bithumb.com/v1/candles
2026-01-15T15:00:00Z,Bithumb,KRW,KRW-USDT,1d,1475.0,"reported, not observed",api.bithumb.com/v1/candles
2026-01-16T15:00:00Z,Bithumb,KRW,KRW-USDT,1d,1475.0,"reported, not observed",api.bithumb.com/v1/candles
2026-01-17T15:00:00Z,Bithumb,KRW,KRW-USDT,1d,1479.0,"reported, not observed",api.bithumb.com/v1/candles
2026-01-18T15:00:00Z,Bithumb,KRW,KRW-USDT,1d,1480.0,"reported, not observed",api.bithumb.com/v1/candles
2026-01-19T15:00:00Z,Bithumb,KRW,KRW-USDT,1d,1484.0,"reported, not observed",api.bithumb.com/v1/candles
2026-01-20T15:00:00Z,Bithumb,KRW,KRW-USDT,1d,1483.0,"reported, not observed",api.bithumb.com/v1/candles
2026-01-21T15:00:00Z,Bithumb,KRW,KRW-USDT,1d,1485.0,"reported, not observed",api.bithumb.com/v1/candles
2026-01-22T15:00:00Z,Bithumb,KRW,KRW-USDT,1d,1487.0,"reported, not observed",api.bithumb.com/v1/candles
2026-01-23T15:00:00Z,Bithumb,KRW,KRW-USDT,1d,1474.0,"reported, not observed",api.bithumb.com/v1/candles
2026-01-24T15:00:00Z,Bithumb,KRW,KRW-USDT,1d,1475.0,"reported, not observed",api.bithumb.com/v1/candles
2026-01-25T15:00:00Z,Bithumb,KRW,KRW-USDT,1d,1463.0,"reported, not observed",api.bithumb.com/v1/candles
2026-01-26T15:00:00Z,Bithumb,KRW,KRW-USDT,1d,1460.0,"reported, not observed",api.bithumb.com/v1/candles
2026-01-27T15:00:00Z,Bithumb,KRW,KRW-USDT,1d,1447.0,"reported, not observed",api.bithumb.com/v1/candles
2026-01-28T15:00:00Z,Bithumb,KRW,KRW-USDT,1d,1457.0,"reported, not observed",api.bithumb.com/v1/candles
2026-01-29T15:00:00Z,Bithumb,KRW,KRW-USDT,1d,1471.0,"reported, not observed",api.bithumb.com/v1/candles
2026-01-30T15:00:00Z,Bithumb,KRW,KRW-USDT,1d,1486.0,"reported, not observed",api.bithumb.com/v1/candles
2026-01-31T15:00:00Z,Bithumb,KRW,KRW-USDT,1d,1477.0,"reported, not observed",api.bithumb.com/v1/candles
2026-02-01T15:00:00Z,Bithumb,KRW,KRW-USDT,1d,1483.0,"reported, not observed",api.bithumb.com/v1/candles
2026-02-02T15:00:00Z,Bithumb,KRW,KRW-USDT,1d,1476.0,"reported, not observed",api.bithumb.com/v1/candles
2026-02-03T15:00:00Z,Bithumb,KRW,KRW-USDT,1d,1477.0,"reported, not observed",api.bithumb.com/v1/candles
2026-02-04T15:00:00Z,Bithumb,KRW,KRW-USDT,1d,1468.0,"reported, not observed",api.bithumb.com/v1/candles
2026-02-05T15:00:00Z,Bithumb,KRW,KRW-USDT,1d,1478.0,"reported, not observed",api.bithumb.com/v1/candles
2026-02-06T15:00:00Z,Bithumb,KRW,KRW-USDT,1d,1481.0,"reported, not observed",api.bithumb.com/v1/candles
2026-02-07T15:00:00Z,Bithumb,KRW,KRW-USDT,1d,1483.0,"reported, not observed",api.bithumb.com/v1/candles
2026-02-08T15:00:00Z,Bithumb,KRW,KRW-USDT,1d,1482.0,"reported, not observed",api.bithumb.com/v1/candles
2026-02-09T15:00:00Z,Bithumb,KRW,KRW-USDT,1d,1484.0,"reported, not observed",api.bithumb.com/v1/candles
2026-02-10T15:00:00Z,Bithumb,KRW,KRW-USDT,1d,1482.0,"reported, not observed",api.bithumb.com/v1/candles
2026-02-11T15:00:00Z,Bithumb,KRW,KRW-USDT,1d,1464.0,"reported, not observed",api.bithumb.com/v1/candles
2026-02-12T15:00:00Z,Bithumb,KRW,KRW-USDT,1d,1467.0,"reported, not observed",api.bithumb.com/v1/candles
2026-02-13T15:00:00Z,Bithumb,KRW,KRW-USDT,1d,1472.0,"reported, not observed",api.bithumb.com/v1/candles
2026-02-14T15:00:00Z,Bithumb,KRW,KRW-USDT,1d,1478.0,"reported, not observed",api.bithumb.com/v1/candles
2026-02-15T15:00:00Z,Bithumb,KRW,KRW-USDT,1d,1482.0,"reported, not observed",api.bithumb.com/v1/candles
2026-02-16T15:00:00Z,Bithumb,KRW,KRW-USDT,1d,1485.0,"reported, not observed",api.bithumb.com/v1/candles
2026-02-17T15:00:00Z,Bithumb,KRW,KRW-USDT,1d,1481.0,"reported, not observed",api.bithumb.com/v1/candles
2026-02-18T15:00:00Z,Bithumb,KRW,KRW-USDT,1d,1478.0,"reported, not observed",api.bithumb.com/v1/candles
2026-02-19T15:00:00Z,Bithumb,KRW,KRW-USDT,1d,1476.0,"reported, not observed",api.bithumb.com/v1/candles
2026-02-20T15:00:00Z,Bithumb,KRW,KRW-USDT,1d,1470.0,"reported, not observed",api.bithumb.com/v1/candles
2026-02-21T15:00:00Z,Bithumb,KRW,KRW-USDT,1d,1469.0,"reported, not observed",api.bithumb.com/v1/candles
2026-02-22T15:00:00Z,Bithumb,KRW,KRW-USDT,1d,1468.0,"reported, not observed",api.bithumb.com/v1/candles
2026-02-23T15:00:00Z,Bithumb,KRW,KRW-USDT,1d,1468.0,"reported, not observed",api.bithumb.com/v1/candles
2026-02-24T15:00:00Z,Bithumb,KRW,KRW-USDT,1d,1446.0,"reported, not observed",api.bithumb.com/v1/candles
2026-02-25T15:00:00Z,Bithumb,KRW,KRW-USDT,1d,1444.0,"reported, not observed",api.bithumb.com/v1/candles
2026-02-26T15:00:00Z,Bithumb,KRW,KRW-USDT,1d,1458.0,"reported, not observed",api.bithumb.com/v1/candles
2026-02-27T15:00:00Z,Bithumb,KRW,KRW-USDT,1d,1464.0,"reported, not observed",api.bithumb.com/v1/candles
2026-02-28T15:00:00Z,Bithumb,KRW,KRW-USDT,1d,1452.0,"reported, not observed",api.bithumb.com/v1/candles
2026-03-01T15:00:00Z,Bithumb,KRW,KRW-USDT,1d,1462.0,"reported, not observed",api.bithumb.com/v1/candles
2026-03-02T15:00:00Z,Bithumb,KRW,KRW-USDT,1d,1477.0,"reported, not observed",api.bithumb.com/v1/candles
2026-03-03T15:00:00Z,Bithumb,KRW,KRW-USDT,1d,1458.0,"reported, not observed",api.bithumb.com/v1/candles
2026-03-04T15:00:00Z,Bithumb,KRW,KRW-USDT,1d,1464.0,"reported, not observed",api.bithumb.com/v1/candles
2026-03-05T15:00:00Z,Bithumb,KRW,KRW-USDT,1d,1477.0,"reported, not observed",api.bithumb.com/v1/candles
2026-03-06T15:00:00Z,Bithumb,KRW,KRW-USDT,1d,1477.0,"reported, not observed",api.bithumb.com/v1/candles
2026-03-07T15:00:00Z,Bithumb,KRW,KRW-USDT,1d,1479.0,"reported, not observed",api.bithumb.com/v1/candles
2026-03-08T15:00:00Z,Bithumb,KRW,KRW-USDT,1d,1473.0,"reported, not observed",api.bithumb.com/v1/candles
2026-03-09T15:00:00Z,Bithumb,KRW,KRW-USDT,1d,1458.0,"reported, not observed",api.bithumb.com/v1/candles
2026-03-10T15:00:00Z,Bithumb,KRW,KRW-USDT,1d,1462.0,"reported, not observed",api.bithumb.com/v1/candles
2026-03-11T15:00:00Z,Bithumb,KRW,KRW-USDT,1d,1470.0,"reported, not observed",api.bithumb.com/v1/candles
2026-03-12T15:00:00Z,Bithumb,KRW,KRW-USDT,1d,1465.0,"reported, not observed",api.bithumb.com/v1/candles
2026-03-13T15:00:00Z,Bithumb,KRW,KRW-USDT,1d,1476.0,"reported, not observed",api.bithumb.com/v1/candles
2026-03-14T15:00:00Z,Bithumb,KRW,KRW-USDT,1d,1473.0,"reported, not observed",api.bithumb.com/v1/candles
2026-03-15T15:00:00Z,Bithumb,KRW,KRW-USDT,1d,1469.0,"reported, not observed",api.bithumb.com/v1/candles
2026-03-16T15:00:00Z,Bithumb,KRW,KRW-USDT,1d,1476.0,"reported, not observed",api.bithumb.com/v1/candles
2026-03-17T15:00:00Z,Bithumb,KRW,KRW-USDT,1d,1481.0,"reported, not observed",api.bithumb.com/v1/candles
2026-03-18T15:00:00Z,Bithumb,KRW,KRW-USDT,1d,1488.0,"reported, not observed",api.bithumb.com/v1/candles
2026-03-19T15:00:00Z,Bithumb,KRW,KRW-USDT,1d,1493.0,"reported, not observed",api.bithumb.com/v1/candles
2026-03-20T15:00:00Z,Bithumb,KRW,KRW-USDT,1d,1498.0,"reported, not observed",api.bithumb.com/v1/candles
2026-03-21T15:00:00Z,Bithumb,KRW,KRW-USDT,1d,1501.0,"reported, not observed",api.bithumb.com/v1/candles
2026-03-22T15:00:00Z,Bithumb,KRW,KRW-USDT,1d,1484.0,"reported, not observed",api.bithumb.com/v1/candles
2026-03-23T15:00:00Z,Bithumb,KRW,KRW-USDT,1d,1493.0,"reported, not observed",api.bithumb.com/v1/candles
2026-03-24T15:00:00Z,Bithumb,KRW,KRW-USDT,1d,1489.0,"reported, not observed",api.bithumb.com/v1/candles
2026-03-25T15:00:00Z,Bithumb,KRW,KRW-USDT,1d,1506.0,"reported, not observed",api.bithumb.com/v1/candles
2026-03-26T15:00:00Z,Bithumb,KRW,KRW-USDT,1d,1516.0,"reported, not observed",api.bithumb.com/v1/candles
2026-03-27T15:00:00Z,Bithumb,KRW,KRW-USDT,1d,1515.0,"reported, not observed",api.bithumb.com/v1/candles
2026-03-28T15:00:00Z,Bithumb,KRW,KRW-USDT,1d,1520.0,"reported, not observed",api.bithumb.com/v1/candles
2026-03-29T15:00:00Z,Bithumb,KRW,KRW-USDT,1d,1516.0,"reported, not observed",api.bithumb.com/v1/candles
2026-03-30T15:00:00Z,Bithumb,KRW,KRW-USDT,1d,1525.0,"reported, not observed",api.bithumb.com/v1/candles
2026-03-31T15:00:00Z,Bithumb,KRW,KRW-USDT,1d,1509.0,"reported, not observed",api.bithumb.com/v1/candles
2026-04-01T15:00:00Z,Bithumb,KRW,KRW-USDT,1d,1518.0,"reported, not observed",api.bithumb.com/v1/candles
2026-04-02T15:00:00Z,Bithumb,KRW,KRW-USDT,1d,1517.0,"reported, not observed",api.bithumb.com/v1/candles
2026-04-03T15:00:00Z,Bithumb,KRW,KRW-USDT,1d,1519.0,"reported, not observed",api.bithumb.com/v1/candles
2026-04-04T15:00:00Z,Bithumb,KRW,KRW-USDT,1d,1522.0,"reported, not observed",api.bithumb.com/v1/candles
2026-04-05T15:00:00Z,Bithumb,KRW,KRW-USDT,1d,1504.0,"reported, not observed",api.bithumb.com/v1/candles
2026-04-06T15:00:00Z,Bithumb,KRW,KRW-USDT,1d,1510.0,"reported, not observed",api.bithumb.com/v1/candles
2026-04-07T15:00:00Z,Bithumb,KRW,KRW-USDT,1d,1487.0,"reported, not observed",api.bithumb.com/v1/candles
2026-04-08T15:00:00Z,Bithumb,KRW,KRW-USDT,1d,1489.0,"reported, not observed",api.bithumb.com/v1/candles
2026-04-09T15:00:00Z,Bithumb,KRW,KRW-USDT,1d,1485.0,"reported, not observed",api.bithumb.com/v1/candles
2026-04-10T15:00:00Z,Bithumb,KRW,KRW-USDT,1d,1489.0,"reported, not observed",api.bithumb.com/v1/candles
2026-04-11T15:00:00Z,Bithumb,KRW,KRW-USDT,1d,1491.0,"reported, not observed",api.bithumb.com/v1/candles
2026-04-12T15:00:00Z,Bithumb,KRW,KRW-USDT,1d,1488.0,"reported, not observed",api.bithumb.com/v1/candles
2026-04-13T15:00:00Z,Bithumb,KRW,KRW-USDT,1d,1475.0,"reported, not observed",api.bithumb.com/v1/candles
2026-04-14T15:00:00Z,Bithumb,KRW,KRW-USDT,1d,1480.0,"reported, not observed",api.bithumb.com/v1/candles
2026-04-15T15:00:00Z,Bithumb,KRW,KRW-USDT,1d,1480.0,"reported, not observed",api.bithumb.com/v1/candles
2026-04-16T15:00:00Z,Bithumb,KRW,KRW-USDT,1d,1467.0,"reported, not observed",api.bithumb.com/v1/candles
2026-04-17T15:00:00Z,Bithumb,KRW,KRW-USDT,1d,1480.0,"reported, not observed",api.bithumb.com/v1/candles
2026-04-18T15:00:00Z,Bithumb,KRW,KRW-USDT,1d,1484.0,"reported, not observed",api.bithumb.com/v1/candles
2026-04-19T15:00:00Z,Bithumb,KRW,KRW-USDT,1d,1482.0,"reported, not observed",api.bithumb.com/v1/candles
2026-04-20T15:00:00Z,Bithumb,KRW,KRW-USDT,1d,1480.0,"reported, not observed",api.bithumb.com/v1/candles
2026-04-21T15:00:00Z,Bithumb,KRW,KRW-USDT,1d,1479.0,"reported, not observed",api.bithumb.com/v1/candles
2026-04-22T15:00:00Z,Bithumb,KRW,KRW-USDT,1d,1485.0,"reported, not observed",api.bithumb.com/v1/candles
2026-04-23T15:00:00Z,Bithumb,KRW,KRW-USDT,1d,1487.0,"reported, not observed",api.bithumb.com/v1/candles
2026-04-24T15:00:00Z,Bithumb,KRW,KRW-USDT,1d,1492.0,"reported, not observed",api.bithumb.com/v1/candles
2026-04-25T15:00:00Z,Bithumb,KRW,KRW-USDT,1d,1486.0,"reported, not observed",api.bithumb.com/v1/candles
2026-04-26T15:00:00Z,Bithumb,KRW,KRW-USDT,1d,1487.0,"reported, not observed",api.bithumb.com/v1/candles
2026-04-27T15:00:00Z,Bithumb,KRW,KRW-USDT,1d,1488.0,"reported, not observed",api.bithumb.com/v1/candles
2026-04-28T15:00:00Z,Bithumb,KRW,KRW-USDT,1d,1489.0,"reported, not observed",api.bithumb.com/v1/candles
2026-04-29T15:00:00Z,Bithumb,KRW,KRW-USDT,1d,1489.0,"reported, not observed",api.bithumb.com/v1/candles
2026-04-30T15:00:00Z,Bithumb,KRW,KRW-USDT,1d,1481.0,"reported, not observed",api.bithumb.com/v1/candles
2026-05-01T15:00:00Z,Bithumb,KRW,KRW-USDT,1d,1484.0,"reported, not observed",api.bithumb.com/v1/candles
2026-05-02T15:00:00Z,Bithumb,KRW,KRW-USDT,1d,1483.0,"reported, not observed",api.bithumb.com/v1/candles
2026-05-03T15:00:00Z,Bithumb,KRW,KRW-USDT,1d,1476.0,"reported, not observed",api.bithumb.com/v1/candles
2026-05-04T15:00:00Z,Bithumb,KRW,KRW-USDT,1d,1480.0,"reported, not observed",api.bithumb.com/v1/candles
2026-05-05T15:00:00Z,Bithumb,KRW,KRW-USDT,1d,1470.0,"reported, not observed",api.bithumb.com/v1/candles
2026-05-06T15:00:00Z,Bithumb,KRW,KRW-USDT,1d,1472.0,"reported, not observed",api.bithumb.com/v1/candles
2026-05-07T15:00:00Z,Bithumb,KRW,KRW-USDT,1d,1478.0,"reported, not observed",api.bithumb.com/v1/candles
2026-05-08T15:00:00Z,Bithumb,KRW,KRW-USDT,1d,1475.0,"reported, not observed",api.bithumb.com/v1/candles
2026-05-09T15:00:00Z,Bithumb,KRW,KRW-USDT,1d,1472.0,"reported, not observed",api.bithumb.com/v1/candles
2026-05-10T15:00:00Z,Bithumb,KRW,KRW-USDT,1d,1473.0,"reported, not observed",api.bithumb.com/v1/candles
2026-05-11T15:00:00Z,Bithumb,KRW,KRW-USDT,1d,1482.0,"reported, not observed",api.bithumb.com/v1/candles
2026-05-12T15:00:00Z,Bithumb,KRW,KRW-USDT,1d,1483.0,"reported, not observed",api.bithumb.com/v1/candles
2026-05-13T15:00:00Z,Bithumb,KRW,KRW-USDT,1d,1481.0,"reported, not observed",api.bithumb.com/v1/candles
2026-05-14T15:00:00Z,Bithumb,KRW,KRW-USDT,1d,1488.0,"reported, not observed",api.bithumb.com/v1/candles
2026-05-15T15:00:00Z,Bithumb,KRW,KRW-USDT,1d,1490.0,"reported, not observed",api.bithumb.com/v1/candles
2026-05-16T15:00:00Z,Bithumb,KRW,KRW-USDT,1d,1491.0,"reported, not observed",api.bithumb.com/v1/candles
2026-05-17T15:00:00Z,Bithumb,KRW,KRW-USDT,1d,1487.0,"reported, not observed",api.bithumb.com/v1/candles
2026-05-18T15:00:00Z,Bithumb,KRW,KRW-USDT,1d,1492.0,"reported, not observed",api.bithumb.com/v1/candles
2026-05-19T15:00:00Z,Bithumb,KRW,KRW-USDT,1d,1484.0,"reported, not observed",api.bithumb.com/v1/candles
2026-05-20T15:00:00Z,Bithumb,KRW,KRW-USDT,1d,1488.0,"reported, not observed",api.bithumb.com/v1/candles
2026-05-21T15:00:00Z,Bithumb,KRW,KRW-USDT,1d,1492.0,"reported, not observed",api.bithumb.com/v1/candles
2026-05-22T15:00:00Z,Bithumb,KRW,KRW-USDT,1d,1499.0,"reported, not observed",api.bithumb.com/v1/candles
2026-05-23T15:00:00Z,Bithumb,KRW,KRW-USDT,1d,1496.0,"reported, not observed",api.bithumb.com/v1/candles
2026-05-24T15:00:00Z,Bithumb,KRW,KRW-USDT,1d,1487.0,"reported, not observed",api.bithumb.com/v1/candles
2026-05-25T15:00:00Z,Bithumb,KRW,KRW-USDT,1d,1482.0,"reported, not observed",api.bithumb.com/v1/candles
2026-05-26T15:00:00Z,Bithumb,KRW,KRW-USDT,1d,1476.0,"reported, not observed",api.bithumb.com/v1/candles
2026-05-27T15:00:00Z,Bithumb,KRW,KRW-USDT,1d,1477.0,"reported, not observed",api.bithumb.com/v1/candles
2026-05-28T15:00:00Z,Bithumb,KRW,KRW-USDT,1d,1480.0,"reported, not observed",api.bithumb.com/v1/candles
2026-05-29T15:00:00Z,Bithumb,KRW,KRW-USDT,1d,1481.0,"reported, not observed",api.bithumb.com/v1/candles
2026-05-30T15:00:00Z,Bithumb,KRW,KRW-USDT,1d,1478.0,"reported, not observed",api.bithumb.com/v1/candles
2026-05-31T15:00:00Z,Bithumb,KRW,KRW-USDT,1d,1468.0,"reported, not observed",api.bithumb.com/v1/candles
2026-06-01T15:00:00Z,Bithumb,KRW,KRW-USDT,1d,1469.0,"reported, not observed",api.bithumb.com/v1/candles
2026-06-02T15:00:00Z,Bithumb,KRW,KRW-USDT,1d,1481.0,"reported, not observed",api.bithumb.com/v1/candles
2026-06-03T15:00:00Z,Bithumb,KRW,KRW-USDT,1d,1492.0,"reported, not observed",api.bithumb.com/v1/candles
2026-06-04T15:00:00Z,Bithumb,KRW,KRW-USDT,1d,1516.0,"reported, not observed",api.bithumb.com/v1/candles
2026-06-05T15:00:00Z,Bithumb,KRW,KRW-USDT,1d,1518.0,"reported, not observed",api.bithumb.com/v1/candles
2026-06-06T15:00:00Z,Bithumb,KRW,KRW-USDT,1d,1516.0,"reported, not observed",api.bithumb.com/v1/candles
2026-06-07T15:00:00Z,Bithumb,KRW,KRW-USDT,1d,1496.0,"reported, not observed",api.bithumb.com/v1/candles
2026-06-08T15:00:00Z,Bithumb,KRW,KRW-USDT,1d,1503.0,"reported, not observed",api.bithumb.com/v1/candles
2026-06-09T15:00:00Z,Bithumb,KRW,KRW-USDT,1d,1503.0,"reported, not observed",api.bithumb.com/v1/candles
2026-06-10T15:00:00Z,Bithumb,KRW,KRW-USDT,1d,1506.0,"reported, not observed",api.bithumb.com/v1/candles
2026-06-11T15:00:00Z,Bithumb,KRW,KRW-USDT,1d,1506.0,"reported, not observed",api.bithumb.com/v1/candles
2026-06-12T15:00:00Z,Bithumb,KRW,KRW-USDT,1d,1508.0,"reported, not observed",api.bithumb.com/v1/candles
2026-06-13T15:00:00Z,Bithumb,KRW,KRW-USDT,1d,1508.0,"reported, not observed",api.bithumb.com/v1/candles
2026-06-14T15:00:00Z,Bithumb,KRW,KRW-USDT,1d,1501.0,"reported, not observed",api.bithumb.com/v1/candles
2026-06-15T15:00:00Z,Bithumb,KRW,KRW-USDT,1d,1502.0,"reported, not observed",api.bithumb.com/v1/candles
2026-06-16T15:00:00Z,Bithumb,KRW,KRW-USDT,1d,1503.0,"reported, not observed",api.bithumb.com/v1/candles
2026-06-17T15:00:00Z,Bithumb,KRW,KRW-USDT,1d,1509.0,"reported, not observed",api.bithumb.com/v1/candles
2026-06-18T15:00:00Z,Bithumb,KRW,KRW-USDT,1d,1510.0,"reported, not observed",api.bithumb.com/v1/candles
2026-06-19T15:00:00Z,Bithumb,KRW,KRW-USDT,1d,1512.0,"reported, not observed",api.bithumb.com/v1/candles
2026-06-20T15:00:00Z,Bithumb,KRW,KRW-USDT,1d,1509.0,"reported, not observed",api.bithumb.com/v1/candles
2026-06-21T15:00:00Z,Bithumb,KRW,KRW-USDT,1d,1507.0,"reported, not observed",api.bithumb.com/v1/candles
2026-06-22T15:00:00Z,Bithumb,KRW,KRW-USDT,1d,1509.0,"reported, not observed",api.bithumb.com/v1/candles
2026-06-23T15:00:00Z,Bithumb,KRW,KRW-USDT,1d,1517.0,"reported, not observed",api.bithumb.com/v1/candles
2026-06-24T15:00:00Z,Bithumb,KRW,KRW-USDT,1d,1521.0,"reported, not observed",api.bithumb.com/v1/candles
2026-06-25T15:00:00Z,Bithumb,KRW,KRW-USDT,1d,1517.0,"reported, not observed",api.bithumb.com/v1/candles
2026-06-26T15:00:00Z,Bithumb,KRW,KRW-USDT,1d,1516.0,"reported, not observed",api.bithumb.com/v1/candles
2026-06-27T15:00:00Z,Bithumb,KRW,KRW-USDT,1d,1516.0,"reported, not observed",api.bithumb.com/v1/candles
2026-06-28T15:00:00Z,Bithumb,KRW,KRW-USDT,1d,1517.0,"reported, not observed",api.bithumb.com/v1/candles
2026-06-29T15:00:00Z,Bithumb,KRW,KRW-USDT,1d,1526.0,"reported, not observed",api.bithumb.com/v1/candles
2026-06-30T15:00:00Z,Bithumb,KRW,KRW-USDT,1d,1520.0,"reported, not observed",api.bithumb.com/v1/candles
2026-07-01T15:00:00Z,Bithumb,KRW,KRW-USDT,1d,1509.0,"reported, not observed",api.bithumb.com/v1/candles
2026-07-02T15:00:00Z,Bithumb,KRW,KRW-USDT,1d,1507.0,"reported, not observed",api.bithumb.com/v1/candles
2026-07-03T15:00:00Z,Bithumb,KRW,KRW-USDT,1d,1510.0,"reported, not observed",api.bithumb.com/v1/candles
2026-07-04T15:00:00Z,Bithumb,KRW,KRW-USDT,1d,1506.0,"reported, not observed",api.bithumb.com/v1/candles
2026-07-05T15:00:00Z,Bithumb,KRW,KRW-USDT,1d,1506.0,"reported, not observed",api.bithumb.com/v1/candles
2026-07-06T15:00:00Z,Bithumb,KRW,KRW-USDT,1d,1498.0,"reported, not observed",api.bithumb.com/v1/candles
2026-07-07T15:00:00Z,Bithumb,KRW,KRW-USDT,1d,1495.0,"reported, not observed",api.bithumb.com/v1/candles
2026-07-08T15:00:00Z,Bithumb,KRW,KRW-USDT,1d,1495.0,"reported, not observed",api.bithumb.com/v1/candles
2026-07-09T15:00:00Z,Bithumb,KRW,KRW-USDT,1d,1491.0,"reported, not observed",api.bithumb.com/v1/candles
2026-07-10T15:00:00Z,Bithumb,KRW,KRW-USDT,1d,1491.0,"reported, not observed",api.bithumb.com/v1/candles
2026-07-11T15:00:00Z,Bithumb,KRW,KRW-USDT,1d,1491.0,"reported, not observed",api.bithumb.com/v1/candles
2026-07-12T15:00:00Z,Bithumb,KRW,KRW-USDT,1d,1482.0,"reported, not observed",api.bithumb.com/v1/candles
2026-07-13T15:00:00Z,Bithumb,KRW,KRW-USDT,1d,1472.0,"reported, not observed",api.bithumb.com/v1/candles
2026-07-14T15:00:00Z,Bithumb,KRW,KRW-USDT,1d,1472.0,"reported, not observed",api.bithumb.com/v1/candles
2026-07-15T15:00:00Z,Bithumb,KRW,KRW-USDT,1d,1469.0,"reported, not observed",api.bithumb.com/v1/candles
2026-07-16T15:00:00Z,Bithumb,KRW,KRW-USDT,1d,1478.0,"reported, not observed",api.bithumb.com/v1/candles
2026-07-17T15:00:00Z,Bithumb,KRW,KRW-USDT,1d,1477.0,"reported, not observed",api.bithumb.com/v1/candles
2026-07-18T15:00:00Z,Bithumb,KRW,KRW-USDT,1d,1472.0,"reported, not observed",api.bithumb.com/v1/candles
2026-07-19T15:00:00Z,Bithumb,KRW,KRW-USDT,1d,1468.0,"reported, not observed",api.bithumb.com/v1/candles
2026-07-20T15:00:00Z,Bithumb,KRW,KRW-USDT,1d,1463.0,"reported, not observed",api.bithumb.com/v1/candles
2026-07-21T15:00:00Z,Bithumb,KRW,KRW-USDT,1d,1459.0,"reported, not observed",api.bithumb.com/v1/candles
2026-07-22T15:00:00Z,Bithumb,KRW,KRW-USDT,1d,1464.0,"reported, not observed",api.bithumb.com/v1/candles
2026-07-23T15:00:00Z,Bithumb,KRW,KRW-USDT,1d,1462.0,"reported, not observed",api.bithumb.com/v1/candles
2026-07-24T15:00:00Z,Bithumb,KRW,KRW-USDT,1d,1464.0,"reported, not observed",api.bithumb.com/v1/candles
2026-07-25T15:00:00Z,Bithumb,KRW,KRW-USDT,1d,1461.0,"reported, not observed",api.bithumb.com/v1/candles
2026-07-26T15:00:00Z,Bithumb,KRW,KRW-USDT,1d,1458.0,"reported, not observed",api.bithumb.com/v1/candles
2026-07-27T15:00:00Z,Bithumb,KRW,KRW-USDT,1d,1451.0,"reported, not observed",api.bithumb.com/v1/candles
2026-07-28T15:00:00Z,Bithumb,KRW,KRW-USDT,1d,1437.0,"reported, not observed",api.bithumb.com/v1/candles
2026-07-29T15:00:00Z,Bithumb,KRW,KRW-USDT,1d,1419.0,"reported, not observed",api.bithumb.com/v1/candles
2026-07-30T15:00:00Z,Bithumb,KRW,KRW-USDT,1d,1432.0,"reported, not observed",api.bithumb.com/v1/candles
2026-07-31T15:00:00Z,Bithumb,KRW,KRW-USDT,1d,1437.0,"reported, not observed",api.bithumb.com/v1/candles
2026-08-01T15:00:00Z,Bithumb,KRW,KRW-USDT,1d,1435.0,"reported, not observed",api.bithumb.com/v1/candles
2026-08-02T15:00:00Z,Bithumb,KRW,KRW-USDT,1d,1422.0,"reported, not observed",api.bithumb.com/v1/candles
2026-08-03T15:00:00Z,Bithumb,KRW,KRW-USDT,1d,1422.0,"reported, not observed",api.bithumb.com/v1/candles
2026-08-04T15:00:00Z,Bithumb,KRW,KRW-USDT,1d,1422.0,"reported, not observed",api.bithumb.com/v1/candles
2026-08-05T15:00:00Z,Bithumb,KRW,KRW-USDT,1d,1418.0,"reported, not observed",api.bithumb.com/v1/candles
2026-08-06T15:00:00Z,Bithumb,KRW,KRW-USDT,1d,1406.0,"reported, not observed",api.bithumb.com/v1/candles
2026-08-07T15:00:00Z,Bithumb,KRW,KRW-USDT,1d,1405.0,"reported, not observed",api.bithumb.com/v1/candles
2026-08-08T15:00:00Z,Bithumb,KRW,KRW-USDT,1d,1403.0,"reported, not observed",api.bithumb.com/v1/candles
2026-08-09T15:00:00Z,Bithumb,KRW,KRW-USDT,1d,1410.0,"reported, not observed",api.bithumb.com/v1/candles
2026-08-10T15:00:00Z,Bithumb,KRW,KRW-USDT,1d,1408.0,"reported, not observed",api.bithumb.com/v1/candles
2026-08-11T15:00:00Z,Bithumb,KRW,KRW-USDT,1d,1411.0,"reported, not observed",api.bithumb.com/v1/candles
2026-08-12T15:00:00Z,Bithumb,KRW,KRW-USDT,1d,1410.0,"reported, not observed",api.bithumb.com/v1/candles
2026-08-13T15:00:00Z,Bithumb,KRW,KRW-USDT,1d,1412.0,"reported, not observed",api.bithumb.com/v1/candles
2026-08-14T15:00:00Z,Bithumb,KRW,KRW-USDT,1d,1414.0,"reported, not observed",api.bithumb.com/v1/candles
2026-08-15T15:00:00Z,Bithumb,KRW,KRW-USDT,1d,1416.0,"reported, not observed",api.bithumb.com/v1/candles
2026-08-16T15:00:00Z,Bithumb,KRW,KRW-USDT,1d,1410.0,"reported, not observed",api.bithumb.com/v1/candles
2026-08-17T15:00:00Z,Bithumb,KRW,KRW-USDT,1d,1405.0,"reported, not observed",api.bithumb.com/v1/candles
2026-08-18T15:00:00Z,Bithumb,KRW,KRW-USDT,1d,1382.0,"reported, not observed",api.bithumb.com/v1/candles
2026-08-19T15:00:00Z,Bithumb,KRW,KRW-USDT,1d,1376.0,"reported, not observed",api.bithumb.com/v1/candles
2026-08-20T15:00:00Z,Bithumb,KRW,KRW-USDT,1d,1374.0,"reported, not observed",api.bithumb.com/v1/candles
2026-08-21T15:00:00Z,Bithumb,KRW,KRW-USDT,1d,1372.0,"reported, not observed",api.bithumb.com/v1/candles
2026-08-22T15:00:00Z,Bithumb,KRW,KRW-USDT,1d,1371.0,"reported, not observed",api.bithumb.com/v1/candles
2026-08-23T15:00:00Z,Bithumb,KRW,KRW-USDT,1d,1373.0,"reported, not observed",api.bithumb.com/v1/candles
2026-08-24T15:00:00Z,Bithumb,KRW,KRW-USDT,1d,1386.0,"reported, not observed",api.bithumb.com/v1/candles
2026-08-25T15:00:00Z,Bithumb,KRW,KRW-USDT,1d,1392.0,"reported, not observed",api.bithumb.com/v1/candles
2026-08-26T15:00:00Z,Bithumb,KRW,KRW-USDT,1d,1383.0,"reported, not observed",api.bithumb.com/v1/candles
2026-08-27T15:00:00Z,Bithumb,KRW,KRW-USDT,1d,1387.0,"reported, not observed",api.bithumb.com/v1/candles
2026-08-28T15:00:00Z,Bithumb,KRW,KRW-USDT,1d,1390.0,"reported, not observed",api.bithumb.com/v1/candles
2026-08-29T15:00:00Z,Bithumb,KRW,KRW-USDT,1d,1389.0,"reported, not observed",api.bithumb.com/v1/candles
2026-08-30T15:00:00Z,Bithumb,KRW,KRW-USDT,1d,1379.0,"reported, not observed",api.bithumb.com/v1/candles
2026-08-31T15:00:00Z,Bithumb,KRW,KRW-USDT,1d,1381.0,"reported, not observed",api.bithumb.com/v1/candles
2026-09-01T15:00:00Z,Bithumb,KRW,KRW-USDT,1d,1374.0,"reported, not observed",api.bithumb.com/v1/candles
2026-09-02T15:00:00Z,Bithumb,KRW,KRW-USDT,1d,1372.0,"reported, not observed",api.bithumb.com/v1/candles
2026-09-03T15:00:00Z,Bithumb,KRW,KRW-USDT,1d,1370.0,"reported, not observed",api.bithumb.com/v1/candles
2026-09-04T15:00:00Z,Bithumb,KRW,KRW-USDT,1d,1366.0,"reported, not observed",api.bithumb.com/v1/candles
2026-09-05T15:00:00Z,Bithumb,KRW,KRW-USDT,1d,1365.0,"reported, not observed",api.bithumb.com/v1/candles
2026-09-06T15:00:00Z,Bithumb,KRW,KRW-USDT,1d,1361.0,"reported, not observed",api.bithumb.com/v1/candles
2026-09-07T15:00:00Z,Bithumb,KRW,KRW-USDT,1d,1356.0,"reported, not observed",api.bithumb.com/v1/candles
2026-09-08T15:00:00Z,Bithumb,KRW,KRW-USDT,1d,1354.0,"reported, not observed",api.bithumb.com/v1/candles
2026-09-09T15:00:00Z,Bithumb,KRW,KRW-USDT,1d,1364.0,"reported, not observed",api.bithumb.com/v1/candles
2026-09-10T15:00:00Z,Bithumb,KRW,KRW-USDT,1d,1356.0,"reported, not observed",api.bithumb.com/v1/candles
2026-09-11T15:00:00Z,Bithumb,KRW,KRW-USDT,1d,1361.0,"reported, not observed",api.bithumb.com/v1/candles
2026-09-12T15:00:00Z,Bithumb,KRW,KRW-USDT,1d,1360.0,"reported, not observed",api.bithumb.com/v1/candles
2026-09-13T15:00:00Z,Bithumb,KRW,KRW-USDT,1d,1358.0,"reported, not observed",api.bithumb.com/v1/candles
2026-09-14T15:00:00Z,Bithumb,KRW,KRW-USDT,1d,1368.0,"reported, not observed",api.bithumb.com/v1/candles
2026-09-15T15:00:00Z,Bithumb,KRW,KRW-USDT,1d,1368.0,"reported, not observed",api.bithumb.com/v1/candles
2026-09-16T15:00:00Z,Bithumb,KRW,KRW-USDT,1d,1378.0,"reported, not observed",api.bithumb.com/v1/candles
2026-09-17T15:00:00Z,Bithumb,KRW,KRW-USDT,1d,1372.0,"reported, not observed",api.bithumb.com/v1/candles
2026-09-18T15:00:00Z,Bithumb,KRW,KRW-USDT,1d,1368.0,"reported, not observed",api.bithumb.com/v1/candles
2026-09-19T15:00:00Z,Bithumb,KRW,KRW-USDT,1d,1370.0,"reported, not observed",api.bithumb.com/v1/candles
2026-09-20T15:00:00Z,Bithumb,KRW,KRW-USDT,1d,1349.0,"reported, not observed",api.bithumb.com/v1/candles
2026-09-21T15:00:00Z,Bithumb,KRW,KRW-USDT,1d,1348.0,"reported, not observed",api.bithumb.com/v1/candles
2026-09-22T15:00:00Z,Bithumb,KRW,KRW-USDT,1d,1363.0,"reported, not observed",api.bithumb.com/v1/candles
2026-09-23T15:00:00Z,Bithumb,KRW,KRW-USDT,1d,1368.0,"reported, not observed",api.bithumb.com/v1/candles
2026-09-24T15:00:00Z,Bithumb,KRW,KRW-USDT,1d,1355.0,"reported, not observed",api.bithumb.com/v1/candles
2026-09-25T15:00:00Z,Bithumb,KRW,KRW-USDT,1d,1356.0,"reported, not observed",api.bithumb.com/v1/candles
2026-09-26T15:00:00Z,Bithumb,KRW,KRW-USDT,1d,1359.0,"reported, not observed",api.bithumb.com/v1/candles
2026-09-27T15:00:00Z,Bithumb,KRW,KRW-USDT,1d,1361.0,"reported, not observed",api.bithumb.com/v1/candles
2026-09-28T15:00:00Z,Bithumb,KRW,KRW-USDT,1d,1352.0,"reported, not observed",api.bithumb.com/v1/candles
2026-09-29T15:00:00Z,Bithumb,KRW,KRW-USDT,1d,1357.0,"reported, not observed",api.bithumb.com/v1/candles
2026-09-30T15:00:00Z,Bithumb,KRW,KRW-USDT,1d,1364.0,"reported, not observed",api.bithumb.com/v1/candles
2026-10-01T15:00:00Z,Bithumb,KRW,KRW-USDT,1d,1352.0,"reported, not observed",api.bithumb.com/v1/candles
2026-10-02T15:00:00Z,Bithumb,KRW,KRW-USDT,1d,1359.0,"reported, not observed",api.bithumb.com/v1/candles
