date,venue,ccy,usdt_close,fx_mid,basis_bps,source
2024-03-02,BTCTurk,TRY,31.467,31.351464,36.85,btcturk/v2-ohlc+fawazahmed0
2024-03-02,Bitkub,THB,35.85,35.813577,10.17,bitkub/tv-history+fawazahmed0
2024-03-02,Indodax,IDR,15794.0,15705.329457,56.46,indodax/history_v2+fawazahmed0
2024-03-03,BTCTurk,TRY,31.487,31.377645,34.85,btcturk/v2-ohlc+fawazahmed0
2024-03-03,Bitkub,THB,35.84,35.89566,-15.51,bitkub/tv-history+fawazahmed0
2024-03-03,Indodax,IDR,15729.0,15706.096502,14.58,indodax/history_v2+fawazahmed0
2024-03-04,BTCTurk,TRY,31.861,31.430006,137.13,btcturk/v2-ohlc+fawazahmed0
2024-03-04,Bitkub,THB,35.82,35.795736,6.78,bitkub/tv-history+fawazahmed0
2024-03-04,Indodax,IDR,15816.0,15697.919233,75.22,indodax/history_v2+fawazahmed0
2024-03-05,BTCTurk,TRY,32.6,31.579874,323.03,btcturk/v2-ohlc+fawazahmed0
2024-03-05,Bitkub,THB,35.72,35.768676,-13.61,bitkub/tv-history+fawazahmed0
2024-03-05,Indodax,IDR,15899.0,15743.770298,98.6,indodax/history_v2+fawazahmed0
2024-03-06,BTCTurk,TRY,32.501,31.725926,244.3,btcturk/v2-ohlc+fawazahmed0
2024-03-06,Bitkub,THB,35.66,35.851956,-53.54,bitkub/tv-history+fawazahmed0
2024-03-06,Indodax,IDR,15791.0,15756.452998,21.93,indodax/history_v2+fawazahmed0
2024-03-07,BTCTurk,TRY,32.508,31.808573,219.89,btcturk/v2-ohlc+fawazahmed0
2024-03-07,Bitkub,THB,35.66,35.620702,11.03,bitkub/tv-history+fawazahmed0
2024-03-07,Indodax,IDR,15713.0,15660.754832,33.36,indodax/history_v2+fawazahmed0
2024-03-08,BTCTurk,TRY,32.71,31.943054,240.1,btcturk/v2-ohlc+fawazahmed0
2024-03-08,Bitkub,THB,35.64,35.536379,29.16,bitkub/tv-history+fawazahmed0
2024-03-08,Indodax,IDR,15688.0,15624.889293,40.39,indodax/history_v2+fawazahmed0
2024-03-09,BTCTurk,TRY,32.802,31.874225,291.07,btcturk/v2-ohlc+fawazahmed0
2024-03-09,Bitkub,THB,35.34,35.388097,-13.59,bitkub/tv-history+fawazahmed0
2024-03-09,Indodax,IDR,15744.0,15553.485749,122.49,indodax/history_v2+fawazahmed0
2024-03-10,BTCTurk,TRY,33.17,31.883888,403.37,btcturk/v2-ohlc+fawazahmed0
2024-03-10,Bitkub,THB,35.69,35.442566,69.81,bitkub/tv-history+fawazahmed0
2024-03-10,Indodax,IDR,15809.0,15605.516825,130.39,indodax/history_v2+fawazahmed0
2024-03-11,BTCTurk,TRY,32.72,32.007834,222.5,btcturk/v2-ohlc+fawazahmed0
2024-03-11,Bitkub,THB,35.32,35.4091,-25.16,bitkub/tv-history+fawazahmed0
2024-03-11,Indodax,IDR,15708.0,15568.910104,89.34,indodax/history_v2+fawazahmed0
2024-03-12,BTCTurk,TRY,32.657,32.049085,189.68,btcturk/v2-ohlc+fawazahmed0
2024-03-12,Bitkub,THB,35.87,35.45357,117.46,bitkub/tv-history+fawazahmed0
2024-03-12,Indodax,IDR,15781.0,15516.804075,170.26,indodax/history_v2+fawazahmed0
2024-03-13,BTCTurk,TRY,32.453,32.18511,83.23,btcturk/v2-ohlc+fawazahmed0
2024-03-13,Bitkub,THB,35.81,35.719159,25.43,bitkub/tv-history+fawazahmed0
2024-03-13,Indodax,IDR,15667.0,15549.917256,75.29,indodax/history_v2+fawazahmed0
2024-03-14,BTCTurk,TRY,32.64,32.155608,150.64,btcturk/v2-ohlc+fawazahmed0
2024-03-14,Bitkub,THB,35.93,35.641995,80.8,bitkub/tv-history+fawazahmed0
2024-03-14,Indodax,IDR,15729.0,15576.095821,98.17,indodax/history_v2+fawazahmed0
2024-03-15,BTCTurk,TRY,33.087,32.201342,275.04,btcturk/v2-ohlc+fawazahmed0
2024-03-15,Bitkub,THB,36.03,35.802709,63.48,bitkub/tv-history+fawazahmed0
2024-03-15,Indodax,IDR,15761.0,15620.222646,90.13,indodax/history_v2+fawazahmed0
2024-03-16,BTCTurk,TRY,33.62,32.101267,473.11,btcturk/v2-ohlc+fawazahmed0
2024-03-16,Bitkub,THB,36.08,35.824377,71.35,bitkub/tv-history+fawazahmed0
2024-03-16,Indodax,IDR,15756.0,15648.260704,68.85,indodax/history_v2+fawazahmed0
2024-03-17,BTCTurk,TRY,33.15,32.179403,301.62,btcturk/v2-ohlc+fawazahmed0
2024-03-17,Bitkub,THB,35.91,35.887423,6.29,bitkub/tv-history+fawazahmed0
2024-03-17,Indodax,IDR,15788.0,15597.01981,122.45,indodax/history_v2+fawazahmed0
2024-03-18,BTCTurk,TRY,33.395,32.314708,334.3,btcturk/v2-ohlc+fawazahmed0
2024-03-18,Bitkub,THB,36.17,35.949153,61.43,bitkub/tv-history+fawazahmed0
2024-03-18,Indodax,IDR,15827.0,15622.751539,130.74,indodax/history_v2+fawazahmed0
2024-03-19,BTCTurk,TRY,33.423,32.341882,334.28,btcturk/v2-ohlc+fawazahmed0
2024-03-19,Bitkub,THB,36.14,36.0118,35.6,bitkub/tv-history+fawazahmed0
2024-03-19,Indodax,IDR,15756.0,15735.668071,12.92,indodax/history_v2+fawazahmed0
2024-03-20,BTCTurk,TRY,33.14,32.386687,232.6,btcturk/v2-ohlc+fawazahmed0
2024-03-20,Bitkub,THB,36.21,36.099405,30.64,bitkub/tv-history+fawazahmed0
2024-03-20,Indodax,IDR,15756.0,15734.945077,13.38,indodax/history_v2+fawazahmed0
2024-03-21,BTCTurk,TRY,32.942,32.428536,158.34,btcturk/v2-ohlc+fawazahmed0
2024-03-21,Bitkub,THB,36.22,35.896026,90.25,bitkub/tv-history+fawazahmed0
2024-03-21,Indodax,IDR,15798.0,15648.703341,95.41,indodax/history_v2+fawazahmed0
2024-03-22,BTCTurk,TRY,32.827,32.157961,208.05,btcturk/v2-ohlc+fawazahmed0
2024-03-22,Bitkub,THB,36.55,36.344329,56.59,bitkub/tv-history+fawazahmed0
2024-03-22,Indodax,IDR,15879.0,15702.790425,112.22,indodax/history_v2+fawazahmed0
2024-03-23,BTCTurk,TRY,32.709,32.014398,216.97,btcturk/v2-ohlc+fawazahmed0
2024-03-23,Bitkub,THB,36.29,36.291928,-0.53,bitkub/tv-history+fawazahmed0
2024-03-23,Indodax,IDR,15863.0,15808.603535,34.41,indodax/history_v2+fawazahmed0
2024-03-24,BTCTurk,TRY,32.39,32.009128,118.99,btcturk/v2-ohlc+fawazahmed0
2024-03-24,Bitkub,THB,36.39,36.368437,5.93,bitkub/tv-history+fawazahmed0
2024-03-24,Indodax,IDR,15828.0,15780.672179,29.99,indodax/history_v2+fawazahmed0
2024-03-25,BTCTurk,TRY,32.205,32.149754,17.18,btcturk/v2-ohlc+fawazahmed0
2024-03-25,Bitkub,THB,36.17,36.342364,-47.43,bitkub/tv-history+fawazahmed0
2024-03-25,Indodax,IDR,15811.0,15812.707938,-1.08,indodax/history_v2+fawazahmed0
2024-03-26,BTCTurk,TRY,32.327,32.176036,46.92,btcturk/v2-ohlc+fawazahmed0
2024-03-26,Bitkub,THB,36.23,36.358121,-35.24,bitkub/tv-history+fawazahmed0
2024-03-26,Indodax,IDR,15894.0,15787.921236,67.19,indodax/history_v2+fawazahmed0
2024-03-27,BTCTurk,TRY,32.473,32.232357,74.66,btcturk/v2-ohlc+fawazahmed0
2024-03-27,Bitkub,THB,36.45,36.357456,25.45,bitkub/tv-history+fawazahmed0
2024-03-27,Indodax,IDR,15913.0,15817.951199,60.09,indodax/history_v2+fawazahmed0
2024-03-28,BTCTurk,TRY,32.334,32.314958,5.89,btcturk/v2-ohlc+fawazahmed0
2024-03-28,Bitkub,THB,36.36,36.460409,-27.54,bitkub/tv-history+fawazahmed0
2024-03-28,Indodax,IDR,15949.0,15889.07575,37.71,indodax/history_v2+fawazahmed0
2024-03-29,BTCTurk,TRY,32.879,32.416283,142.74,btcturk/v2-ohlc+fawazahmed0
2024-03-29,Bitkub,THB,36.53,36.462352,18.55,bitkub/tv-history+fawazahmed0
2024-03-29,Indodax,IDR,15981.0,15861.048472,75.63,indodax/history_v2+fawazahmed0
2024-03-30,BTCTurk,TRY,33.112,32.316591,246.13,btcturk/v2-ohlc+fawazahmed0
2024-03-30,Bitkub,THB,36.41,36.344218,18.1,bitkub/tv-history+fawazahmed0
2024-03-30,Indodax,IDR,15957.0,15879.813114,48.61,indodax/history_v2+fawazahmed0
2024-03-31,BTCTurk,TRY,33.092,32.384948,218.33,btcturk/v2-ohlc+fawazahmed0
2024-03-31,Bitkub,THB,36.45,36.398954,14.02,bitkub/tv-history+fawazahmed0
2024-03-31,Indodax,IDR,15903.0,15856.412077,29.38,indodax/history_v2+fawazahmed0
2024-04-01,BTCTurk,TRY,32.766,32.429064,103.9,btcturk/v2-ohlc+fawazahmed0
2024-04-01,Bitkub,THB,36.77,36.337495,119.02,bitkub/tv-history+fawazahmed0
2024-04-01,Indodax,IDR,15991.0,15873.049855,74.31,indodax/history_v2+fawazahmed0
2024-04-02,BTCTurk,TRY,32.525,32.289172,73.04,btcturk/v2-ohlc+fawazahmed0
2024-04-02,Bitkub,THB,36.77,36.634348,37.03,bitkub/tv-history+fawazahmed0
2024-04-02,Indodax,IDR,16047.0,15943.776299,64.74,indodax/history_v2+fawazahmed0
2024-04-03,BTCTurk,TRY,32.098,32.067774,9.43,btcturk/v2-ohlc+fawazahmed0
2024-04-03,Bitkub,THB,36.81,36.662943,40.11,bitkub/tv-history+fawazahmed0
2024-04-03,Indodax,IDR,16012.0,15942.791469,43.41,indodax/history_v2+fawazahmed0
2024-04-04,BTCTurk,TRY,32.148,31.962158,58.14,btcturk/v2-ohlc+fawazahmed0
2024-04-04,Bitkub,THB,36.79,36.599203,52.13,bitkub/tv-history+fawazahmed0
2024-04-04,Indodax,IDR,15999.0,15924.577692,46.73,indodax/history_v2+fawazahmed0
2024-04-05,BTCTurk,TRY,32.496,31.970144,164.48,btcturk/v2-ohlc+fawazahmed0
2024-04-05,Bitkub,THB,36.71,36.745396,-9.63,bitkub/tv-history+fawazahmed0
2024-04-05,Indodax,IDR,16055.0,15902.796535,95.71,indodax/history_v2+fawazahmed0
2024-04-06,BTCTurk,TRY,32.471,32.018431,141.35,btcturk/v2-ohlc+fawazahmed0
2024-04-06,Bitkub,THB,36.77,36.625328,39.5,bitkub/tv-history+fawazahmed0
2024-04-06,Indodax,IDR,16054.0,15891.206816,102.44,indodax/history_v2+fawazahmed0
2024-04-07,BTCTurk,TRY,32.38,32.031624,108.76,btcturk/v2-ohlc+fawazahmed0
2024-04-07,Bitkub,THB,36.65,36.668339,-5.0,bitkub/tv-history+fawazahmed0
2024-04-07,Indodax,IDR,16071.0,15870.507986,126.33,indodax/history_v2+fawazahmed0
2024-04-08,BTCTurk,TRY,32.202,32.02542,55.14,btcturk/v2-ohlc+fawazahmed0
2024-04-08,Bitkub,THB,36.52,36.690016,-46.34,bitkub/tv-history+fawazahmed0
2024-04-08,Indodax,IDR,15999.0,15893.620229,66.3,indodax/history_v2+fawazahmed0
2024-04-09,BTCTurk,TRY,32.82,32.161611,204.71,btcturk/v2-ohlc+fawazahmed0
2024-04-09,Bitkub,THB,36.57,36.656256,-23.53,bitkub/tv-history+fawazahmed0
2024-04-09,Indodax,IDR,16109.0,15886.169744,140.27,indodax/history_v2+fawazahmed0
2024-04-10,BTCTurk,TRY,32.908,32.246296,205.2,btcturk/v2-ohlc+fawazahmed0
2024-04-10,Bitkub,THB,36.8,36.342405,125.91,bitkub/tv-history+fawazahmed0
2024-04-10,Indodax,IDR,16171.0,15875.622525,186.06,indodax/history_v2+fawazahmed0
2024-04-11,BTCTurk,TRY,33.095,32.296786,247.15,btcturk/v2-ohlc+fawazahmed0
2024-04-11,Bitkub,THB,36.76,36.71211,13.04,bitkub/tv-history+fawazahmed0
2024-04-11,Indodax,IDR,16197.0,15969.422831,142.51,indodax/history_v2+fawazahmed0
2024-04-12,BTCTurk,TRY,33.85,32.410692,444.08,btcturk/v2-ohlc+fawazahmed0
2024-04-12,Bitkub,THB,36.94,36.390067,151.12,bitkub/tv-history+fawazahmed0
2024-04-12,Indodax,IDR,16556.0,15996.278342,349.91,indodax/history_v2+fawazahmed0
2024-04-13,BTCTurk,TRY,34.46,32.359436,649.13,btcturk/v2-ohlc+fawazahmed0
2024-04-13,Bitkub,THB,37.39,36.580935,221.17,bitkub/tv-history+fawazahmed0
2024-04-13,Indodax,IDR,16989.0,16112.404884,544.05,indodax/history_v2+fawazahmed0
2024-04-14,BTCTurk,TRY,34.307,32.349513,605.11,btcturk/v2-ohlc+fawazahmed0
2024-04-14,Bitkub,THB,37.51,36.630177,240.19,bitkub/tv-history+fawazahmed0
2024-04-14,Indodax,IDR,16600.0,15921.507779,426.15,indodax/history_v2+fawazahmed0
2024-04-15,BTCTurk,TRY,33.121,32.414485,217.96,btcturk/v2-ohlc+fawazahmed0
2024-04-15,Bitkub,THB,37.55,36.760826,214.68,bitkub/tv-history+fawazahmed0
2024-04-15,Indodax,IDR,16366.0,16095.917105,167.8,indodax/history_v2+fawazahmed0
2024-04-16,BTCTurk,TRY,32.812,32.426374,118.92,btcturk/v2-ohlc+fawazahmed0
2024-04-16,Bitkub,THB,36.84,36.822623,4.72,bitkub/tv-history+fawazahmed0
2024-04-16,Indodax,IDR,16323.0,16067.416247,159.07,indodax/history_v2+fawazahmed0
2024-04-17,BTCTurk,TRY,32.815,32.518376,91.22,btcturk/v2-ohlc+fawazahmed0
2024-04-17,Bitkub,THB,36.86,36.723598,37.14,bitkub/tv-history+fawazahmed0
2024-04-17,Indodax,IDR,16351.0,16264.157411,53.4,indodax/history_v2+fawazahmed0
2024-04-18,BTCTurk,TRY,32.692,32.527406,50.6,btcturk/v2-ohlc+fawazahmed0
2024-04-18,Bitkub,THB,36.99,36.781376,56.72,bitkub/tv-history+fawazahmed0
2024-04-18,Indodax,IDR,16272.0,16199.911199,44.5,indodax/history_v2+fawazahmed0
2024-04-19,BTCTurk,TRY,32.995,32.573788,129.31,btcturk/v2-ohlc+fawazahmed0
2024-04-19,Bitkub,THB,36.91,36.878707,8.49,bitkub/tv-history+fawazahmed0
2024-04-19,Indodax,IDR,16343.0,16243.242732,61.41,indodax/history_v2+fawazahmed0
2024-04-20,BTCTurk,TRY,32.933,32.490939,136.06,btcturk/v2-ohlc+fawazahmed0
2024-04-20,Bitkub,THB,36.94,36.811673,34.86,bitkub/tv-history+fawazahmed0
2024-04-20,Indodax,IDR,16363.0,16223.931297,85.72,indodax/history_v2+fawazahmed0
2024-04-21,BTCTurk,TRY,32.767,32.587954,54.94,btcturk/v2-ohlc+fawazahmed0
2024-04-21,Bitkub,THB,37.06,36.848512,57.39,bitkub/tv-history+fawazahmed0
2024-04-21,Indodax,IDR,16369.0,16204.941799,101.24,indodax/history_v2+fawazahmed0
2024-04-22,BTCTurk,TRY,32.652,32.608253,13.42,btcturk/v2-ohlc+fawazahmed0
2024-04-22,Bitkub,THB,37.06,36.949072,30.02,bitkub/tv-history+fawazahmed0
2024-04-22,Indodax,IDR,16319.0,16245.734311,45.1,indodax/history_v2+fawazahmed0
2024-04-23,BTCTurk,TRY,32.667,32.620956,14.11,btcturk/v2-ohlc+fawazahmed0
2024-04-23,Bitkub,THB,36.99,37.070632,-21.75,bitkub/tv-history+fawazahmed0
2024-04-23,Indodax,IDR,16236.0,16234.93339,0.66,indodax/history_v2+fawazahmed0
2024-04-24,BTCTurk,TRY,32.662,32.563055,30.39,btcturk/v2-ohlc+fawazahmed0
2024-04-24,Bitkub,THB,37.13,36.885247,66.36,bitkub/tv-history+fawazahmed0
2024-04-24,Indodax,IDR,16293.0,16138.489561,95.74,indodax/history_v2+fawazahmed0
2024-04-25,BTCTurk,TRY,32.692,32.564401,39.18,btcturk/v2-ohlc+fawazahmed0
2024-04-25,Bitkub,THB,37.11,37.148681,-10.41,bitkub/tv-history+fawazahmed0
2024-04-25,Indodax,IDR,16240.0,16222.680949,10.68,indodax/history_v2+fawazahmed0
2024-04-26,BTCTurk,TRY,32.721,32.548311,53.06,btcturk/v2-ohlc+fawazahmed0
2024-04-26,Bitkub,THB,37.09,37.045398,12.04,bitkub/tv-history+fawazahmed0
2024-04-26,Indodax,IDR,16293.0,16201.232143,56.64,indodax/history_v2+fawazahmed0
2024-04-27,BTCTurk,TRY,32.68,32.481645,61.07,btcturk/v2-ohlc+fawazahmed0
2024-04-27,Bitkub,THB,37.08,36.988655,24.7,bitkub/tv-history+fawazahmed0
2024-04-27,Indodax,IDR,16278.0,16242.140776,22.08,indodax/history_v2+fawazahmed0
2024-04-28,BTCTurk,TRY,32.608,32.485101,37.83,btcturk/v2-ohlc+fawazahmed0
2024-04-28,Bitkub,THB,37.01,37.009106,0.24,bitkub/tv-history+fawazahmed0
2024-04-28,Indodax,IDR,16258.0,16213.214251,27.62,indodax/history_v2+fawazahmed0
2024-04-29,BTCTurk,TRY,32.462,32.530514,-21.06,btcturk/v2-ohlc+fawazahmed0
2024-04-29,Bitkub,THB,37.1,37.05946,10.94,bitkub/tv-history+fawazahmed0
2024-04-29,Indodax,IDR,16275.0,16250.665922,14.97,indodax/history_v2+fawazahmed0
2024-04-30,BTCTurk,TRY,32.641,32.438431,62.45,btcturk/v2-ohlc+fawazahmed0
2024-04-30,Bitkub,THB,37.23,37.07326,42.28,bitkub/tv-history+fawazahmed0
2024-04-30,Indodax,IDR,16369.0,16242.256477,78.03,indodax/history_v2+fawazahmed0
2024-05-01,BTCTurk,TRY,32.679,32.426866,77.75,btcturk/v2-ohlc+fawazahmed0
2024-05-01,Bitkub,THB,37.04,37.209621,-45.59,bitkub/tv-history+fawazahmed0
2024-05-01,Indodax,IDR,16265.0,16269.42044,-2.72,indodax/history_v2+fawazahmed0
2024-05-02,BTCTurk,TRY,32.453,32.282208,52.91,btcturk/v2-ohlc+fawazahmed0
2024-05-02,Bitkub,THB,36.89,36.989558,-26.92,bitkub/tv-history+fawazahmed0
2024-05-02,Indodax,IDR,16080.0,16223.625819,-88.53,indodax/history_v2+fawazahmed0
2024-05-03,BTCTurk,TRY,32.403,32.404421,-0.44,btcturk/v2-ohlc+fawazahmed0
2024-05-03,Bitkub,THB,36.79,36.817498,-7.47,bitkub/tv-history+fawazahmed0
2024-05-03,Indodax,IDR,16098.0,16110.883612,-8.0,indodax/history_v2+fawazahmed0
2024-05-04,BTCTurk,TRY,32.416,32.33014,26.56,btcturk/v2-ohlc+fawazahmed0
2024-05-04,Bitkub,THB,36.65,36.758023,-29.39,bitkub/tv-history+fawazahmed0
2024-05-04,Indodax,IDR,16086.0,15982.291155,64.89,indodax/history_v2+fawazahmed0
2024-05-05,BTCTurk,TRY,32.385,32.335113,15.43,btcturk/v2-ohlc+fawazahmed0
2024-05-05,Bitkub,THB,36.62,36.780823,-43.72,bitkub/tv-history+fawazahmed0
2024-05-05,Indodax,IDR,16098.0,16131.499588,-20.77,indodax/history_v2+fawazahmed0
2024-05-06,BTCTurk,TRY,32.381,32.285821,29.48,btcturk/v2-ohlc+fawazahmed0
2024-05-06,Bitkub,THB,36.72,36.736054,-4.37,bitkub/tv-history+fawazahmed0
2024-05-06,Indodax,IDR,16106.0,15974.744104,82.16,indodax/history_v2+fawazahmed0
2024-05-07,BTCTurk,TRY,32.369,32.280679,27.36,btcturk/v2-ohlc+fawazahmed0
2024-05-07,Bitkub,THB,36.89,36.735227,42.13,bitkub/tv-history+fawazahmed0
2024-05-07,Indodax,IDR,16127.0,16052.707558,46.28,indodax/history_v2+fawazahmed0
2024-05-08,BTCTurk,TRY,32.395,32.270037,38.72,btcturk/v2-ohlc+fawazahmed0
2024-05-08,Bitkub,THB,36.91,36.990214,-21.69,bitkub/tv-history+fawazahmed0
2024-05-08,Indodax,IDR,16148.0,16073.504375,46.35,indodax/history_v2+fawazahmed0
2024-05-09,BTCTurk,TRY,32.247,32.338207,-28.2,btcturk/v2-ohlc+fawazahmed0
2024-05-09,Bitkub,THB,36.87,36.938947,-18.67,bitkub/tv-history+fawazahmed0
2024-05-09,Indodax,IDR,16097.0,16070.403464,16.55,indodax/history_v2+fawazahmed0
2024-05-10,BTCTurk,TRY,32.408,32.286348,37.68,btcturk/v2-ohlc+fawazahmed0
2024-05-10,Bitkub,THB,36.87,36.712776,42.83,bitkub/tv-history+fawazahmed0
2024-05-10,Indodax,IDR,16182.0,16014.506694,104.59,indodax/history_v2+fawazahmed0
2024-05-11,BTCTurk,TRY,32.494,32.281834,65.72,btcturk/v2-ohlc+fawazahmed0
2024-05-11,Bitkub,THB,36.92,36.555268,99.78,bitkub/tv-history+fawazahmed0
2024-05-11,Indodax,IDR,16160.0,16060.812686,61.76,indodax/history_v2+fawazahmed0
2024-05-12,BTCTurk,TRY,32.451,32.318303,41.06,btcturk/v2-ohlc+fawazahmed0
2024-05-12,Bitkub,THB,36.78,36.72975,13.68,bitkub/tv-history+fawazahmed0
2024-05-12,Indodax,IDR,16112.0,16050.373104,38.4,indodax/history_v2+fawazahmed0
2024-05-13,BTCTurk,TRY,32.246,32.264642,-5.78,btcturk/v2-ohlc+fawazahmed0
2024-05-13,Bitkub,THB,36.7,36.770947,-19.29,bitkub/tv-history+fawazahmed0
2024-05-13,Indodax,IDR,16121.0,16057.404288,39.61,indodax/history_v2+fawazahmed0
2024-05-14,BTCTurk,TRY,32.375,32.255501,37.05,btcturk/v2-ohlc+fawazahmed0
2024-05-14,Bitkub,THB,36.68,36.808796,-34.99,bitkub/tv-history+fawazahmed0
2024-05-14,Indodax,IDR,16148.0,16100.000138,29.81,indodax/history_v2+fawazahmed0
2024-05-15,BTCTurk,TRY,32.293,32.287053,1.84,btcturk/v2-ohlc+fawazahmed0
2024-05-15,Bitkub,THB,36.3,36.541547,-66.1,bitkub/tv-history+fawazahmed0
2024-05-15,Indodax,IDR,15939.0,16104.536477,-102.79,indodax/history_v2+fawazahmed0
2024-05-16,BTCTurk,TRY,32.281,32.240462,12.57,btcturk/v2-ohlc+fawazahmed0
2024-05-16,Bitkub,THB,36.15,36.249123,-27.34,bitkub/tv-history+fawazahmed0
2024-05-16,Indodax,IDR,15920.0,15891.559366,17.9,indodax/history_v2+fawazahmed0
2024-05-17,BTCTurk,TRY,32.322,32.271469,15.66,btcturk/v2-ohlc+fawazahmed0
2024-05-17,Bitkub,THB,36.13,36.296903,-45.98,bitkub/tv-history+fawazahmed0
2024-05-17,Indodax,IDR,15932.0,15958.28386,-16.47,indodax/history_v2+fawazahmed0
2024-05-18,BTCTurk,TRY,32.285,32.18912,29.79,btcturk/v2-ohlc+fawazahmed0
2024-05-18,Bitkub,THB,36.29,36.235426,15.06,bitkub/tv-history+fawazahmed0
2024-05-18,Indodax,IDR,15995.0,15965.345778,18.57,indodax/history_v2+fawazahmed0
2024-05-19,BTCTurk,TRY,32.361,32.20562,48.25,btcturk/v2-ohlc+fawazahmed0
2024-05-19,Bitkub,THB,36.29,36.127703,44.92,bitkub/tv-history+fawazahmed0
2024-05-19,Indodax,IDR,16001.0,15953.204307,29.96,indodax/history_v2+fawazahmed0
2024-05-20,BTCTurk,TRY,31.554,32.232245,-210.42,btcturk/v2-ohlc+fawazahmed0
2024-05-20,Bitkub,THB,36.09,36.086137,1.07,bitkub/tv-history+fawazahmed0
2024-05-20,Indodax,IDR,15880.0,15959.833029,-50.02,indodax/history_v2+fawazahmed0
2024-05-21,BTCTurk,TRY,31.89,32.219176,-102.17,btcturk/v2-ohlc+fawazahmed0
2024-05-21,Bitkub,THB,35.9,36.175329,-76.11,bitkub/tv-history+fawazahmed0
2024-05-21,Indodax,IDR,15932.0,16028.361148,-60.12,indodax/history_v2+fawazahmed0
2024-05-22,BTCTurk,TRY,32.145,32.198815,-16.71,btcturk/v2-ohlc+fawazahmed0
2024-05-22,Bitkub,THB,36.22,36.402502,-50.13,bitkub/tv-history+fawazahmed0
2024-05-22,Indodax,IDR,16039.0,15976.337794,39.22,indodax/history_v2+fawazahmed0
2024-05-23,BTCTurk,TRY,32.28,32.210254,21.65,btcturk/v2-ohlc+fawazahmed0
2024-05-23,Bitkub,THB,36.6,36.506855,25.51,bitkub/tv-history+fawazahmed0
2024-05-23,Indodax,IDR,16072.0,16038.527784,20.87,indodax/history_v2+fawazahmed0
2024-05-24,BTCTurk,TRY,32.338,32.224944,35.08,btcturk/v2-ohlc+fawazahmed0
2024-05-24,Bitkub,THB,36.65,36.700576,-13.78,bitkub/tv-history+fawazahmed0
2024-05-24,Indodax,IDR,16093.0,16086.512502,4.03,indodax/history_v2+fawazahmed0
2024-05-25,BTCTurk,TRY,32.226,32.2262,-0.06,btcturk/v2-ohlc+fawazahmed0
2024-05-25,Bitkub,THB,36.64,36.620118,5.43,bitkub/tv-history+fawazahmed0
2024-05-25,Indodax,IDR,16055.0,16035.729799,12.02,indodax/history_v2+fawazahmed0
2024-05-26,BTCTurk,TRY,32.234,32.201922,9.96,btcturk/v2-ohlc+fawazahmed0
2024-05-26,Bitkub,THB,36.59,36.665652,-20.63,bitkub/tv-history+fawazahmed0
2024-05-26,Indodax,IDR,16048.0,16015.242596,20.45,indodax/history_v2+fawazahmed0
2024-05-27,BTCTurk,TRY,32.08,32.226233,-45.38,btcturk/v2-ohlc+fawazahmed0
2024-05-27,Bitkub,THB,36.38,36.663037,-77.2,bitkub/tv-history+fawazahmed0
2024-05-27,Indodax,IDR,16106.0,16034.351526,44.68,indodax/history_v2+fawazahmed0
2024-05-28,BTCTurk,TRY,32.223,32.11728,32.92,btcturk/v2-ohlc+fawazahmed0
2024-05-28,Bitkub,THB,36.58,36.60525,-6.9,bitkub/tv-history+fawazahmed0
2024-05-28,Indodax,IDR,16103.0,16073.290628,18.48,indodax/history_v2+fawazahmed0
2024-05-29,BTCTurk,TRY,32.273,32.243404,9.18,btcturk/v2-ohlc+fawazahmed0
2024-05-29,Bitkub,THB,36.79,36.644477,39.71,bitkub/tv-history+fawazahmed0
2024-05-29,Indodax,IDR,16283.0,16136.483412,90.8,indodax/history_v2+fawazahmed0
2024-05-30,BTCTurk,TRY,32.253,32.283024,-9.3,btcturk/v2-ohlc+fawazahmed0
2024-05-30,Bitkub,THB,36.51,36.880259,-100.39,bitkub/tv-history+fawazahmed0
2024-05-30,Indodax,IDR,16270.0,16218.99765,31.45,indodax/history_v2+fawazahmed0
2024-05-31,BTCTurk,TRY,32.305,32.247798,17.74,btcturk/v2-ohlc+fawazahmed0
2024-05-31,Bitkub,THB,36.82,36.673071,40.06,bitkub/tv-history+fawazahmed0
2024-05-31,Indodax,IDR,16337.0,16228.281012,66.99,indodax/history_v2+fawazahmed0
2024-06-01,BTCTurk,TRY,32.301,32.219592,25.27,btcturk/v2-ohlc+fawazahmed0
2024-06-01,Bitkub,THB,36.6,36.733713,-36.4,bitkub/tv-history+fawazahmed0
2024-06-01,Indodax,IDR,16351.0,16250.496789,61.85,indodax/history_v2+fawazahmed0
2024-06-02,BTCTurk,TRY,32.314,32.241065,22.62,btcturk/v2-ohlc+fawazahmed0
2024-06-02,Bitkub,THB,36.7,36.793662,-25.46,bitkub/tv-history+fawazahmed0
2024-06-02,Indodax,IDR,16374.0,16250.859457,75.77,indodax/history_v2+fawazahmed0
2024-06-03,BTCTurk,TRY,32.229,32.24137,-3.84,btcturk/v2-ohlc+fawazahmed0
2024-06-03,Bitkub,THB,36.6,36.767046,-45.43,bitkub/tv-history+fawazahmed0
2024-06-03,Indodax,IDR,16305.0,16255.015412,30.75,indodax/history_v2+fawazahmed0
2024-06-04,BTCTurk,TRY,32.518,32.184899,103.5,btcturk/v2-ohlc+fawazahmed0
2024-06-04,Bitkub,THB,36.36,36.586487,-61.9,bitkub/tv-history+fawazahmed0
2024-06-04,Indodax,IDR,16215.0,16201.190243,8.52,indodax/history_v2+fawazahmed0
2024-06-05,BTCTurk,TRY,32.304,32.640461,-103.08,btcturk/v2-ohlc+fawazahmed0
2024-06-05,Bitkub,THB,36.41,36.600797,-52.13,bitkub/tv-history+fawazahmed0
2024-06-05,Indodax,IDR,16303.0,16269.424446,20.64,indodax/history_v2+fawazahmed0
2024-06-06,BTCTurk,TRY,32.312,32.325767,-4.26,btcturk/v2-ohlc+fawazahmed0
2024-06-06,Bitkub,THB,36.42,36.517682,-26.75,bitkub/tv-history+fawazahmed0
2024-06-06,Indodax,IDR,16315.0,16302.10719,7.91,indodax/history_v2+fawazahmed0
2024-06-07,BTCTurk,TRY,32.703,32.272263,133.47,btcturk/v2-ohlc+fawazahmed0
2024-06-07,Bitkub,THB,36.74,36.401052,93.11,bitkub/tv-history+fawazahmed0
2024-06-07,Indodax,IDR,16386.0,16236.575124,92.03,indodax/history_v2+fawazahmed0
2024-06-07,Upbit,KRW,1412.0,1364.998265,344.34,upbit/candles-days+fawazahmed0
2024-06-08,BTCTurk,TRY,32.768,32.372587,122.14,btcturk/v2-ohlc+fawazahmed0
2024-06-08,Bitkub,THB,36.88,36.788584,24.85,bitkub/tv-history+fawazahmed0
2024-06-08,Indodax,IDR,16386.0,16281.103522,64.43,indodax/history_v2+fawazahmed0
2024-06-08,Upbit,KRW,1416.0,1379.893745,261.66,upbit/candles-days+fawazahmed0
2024-06-09,BTCTurk,TRY,32.687,32.365117,99.45,btcturk/v2-ohlc+fawazahmed0
2024-06-09,Bitkub,THB,36.86,36.744664,31.39,bitkub/tv-history+fawazahmed0
2024-06-09,Indodax,IDR,16368.0,16214.77439,94.5,indodax/history_v2+fawazahmed0
2024-06-09,Upbit,KRW,1406.0,1379.4428,192.52,upbit/candles-days+fawazahmed0
2024-06-10,BTCTurk,TRY,32.529,32.534168,-1.59,btcturk/v2-ohlc+fawazahmed0
2024-06-10,Bitkub,THB,36.74,36.901484,-43.76,bitkub/tv-history+fawazahmed0
2024-06-10,Indodax,IDR,16353.0,16276.794051,46.82,indodax/history_v2+fawazahmed0
2024-06-10,Upbit,KRW,1399.0,1378.429458,149.23,upbit/candles-days+fawazahmed0
2024-06-11,BTCTurk,TRY,32.52,32.389942,40.15,btcturk/v2-ohlc+fawazahmed0
2024-06-11,Bitkub,THB,36.77,36.779942,-2.7,bitkub/tv-history+fawazahmed0
2024-06-11,Indodax,IDR,16390.0,16298.519866,56.13,indodax/history_v2+fawazahmed0
2024-06-11,Upbit,KRW,1416.0,1377.987154,275.86,upbit/candles-days+fawazahmed0
2024-06-12,BTCTurk,TRY,32.465,32.383925,25.04,btcturk/v2-ohlc+fawazahmed0
2024-06-12,Bitkub,THB,36.51,36.750622,-65.47,bitkub/tv-history+fawazahmed0
2024-06-12,Indodax,IDR,16379.0,16300.690747,48.04,indodax/history_v2+fawazahmed0
2024-06-12,Upbit,KRW,1405.0,1377.704945,198.12,upbit/candles-days+fawazahmed0
2024-06-13,BTCTurk,TRY,32.449,32.347498,31.38,btcturk/v2-ohlc+fawazahmed0
2024-06-13,Bitkub,THB,36.73,36.582449,40.33,bitkub/tv-history+fawazahmed0
2024-06-13,Indodax,IDR,16360.0,16243.27361,71.86,indodax/history_v2+fawazahmed0
2024-06-13,Upbit,KRW,1416.0,1367.205847,356.89,upbit/candles-days+fawazahmed0
2024-06-14,BTCTurk,TRY,33.41,32.517425,274.49,btcturk/v2-ohlc+fawazahmed0
2024-06-14,Bitkub,THB,36.74,36.760809,-5.66,bitkub/tv-history+fawazahmed0
2024-06-14,Indodax,IDR,16575.0,16287.09723,176.77,indodax/history_v2+fawazahmed0
2024-06-14,Upbit,KRW,1423.0,1378.660241,321.61,upbit/candles-days+fawazahmed0
2024-06-15,BTCTurk,TRY,33.482,32.773438,216.2,btcturk/v2-ohlc+fawazahmed0
2024-06-15,Bitkub,THB,36.66,36.633289,7.29,bitkub/tv-history+fawazahmed0
2024-06-15,Indodax,IDR,16438.0,16488.011977,-30.33,indodax/history_v2+fawazahmed0
2024-06-15,Upbit,KRW,1418.0,1383.260632,251.14,upbit/candles-days+fawazahmed0
2024-06-16,BTCTurk,TRY,33.373,32.782835,180.02,btcturk/v2-ohlc+fawazahmed0
2024-06-16,Bitkub,THB,36.63,36.680111,-13.66,bitkub/tv-history+fawazahmed0
2024-06-16,Indodax,IDR,16430.0,16390.76641,23.94,indodax/history_v2+fawazahmed0
2024-06-16,Upbit,KRW,1413.0,1379.736456,241.09,upbit/candles-days+fawazahmed0
2024-06-17,BTCTurk,TRY,33.58,32.787035,241.85,btcturk/v2-ohlc+fawazahmed0
2024-06-17,Bitkub,THB,36.8,36.669201,35.67,bitkub/tv-history+fawazahmed0
2024-06-17,Indodax,IDR,16455.0,16463.153132,-4.95,indodax/history_v2+fawazahmed0
2024-06-17,Upbit,KRW,1408.0,1380.925642,196.06,upbit/candles-days+fawazahmed0
2024-06-18,BTCTurk,TRY,33.552,32.821745,222.49,btcturk/v2-ohlc+fawazahmed0
2024-06-18,Bitkub,THB,36.72,36.835385,-31.32,bitkub/tv-history+fawazahmed0
2024-06-18,Indodax,IDR,16410.0,16447.724526,-22.94,indodax/history_v2+fawazahmed0
2024-06-18,Upbit,KRW,1408.0,1380.540891,198.9,upbit/candles-days+fawazahmed0
2024-06-19,BTCTurk,TRY,33.159,32.656112,154.0,btcturk/v2-ohlc+fawazahmed0
2024-06-19,Bitkub,THB,36.65,36.702447,-14.29,bitkub/tv-history+fawazahmed0
2024-06-19,Indodax,IDR,16435.0,16399.423448,21.69,indodax/history_v2+fawazahmed0
2024-06-19,Upbit,KRW,1411.0,1380.389438,221.75,upbit/candles-days+fawazahmed0
2024-06-20,BTCTurk,TRY,33.025,32.553291,144.9,btcturk/v2-ohlc+fawazahmed0
2024-06-20,Bitkub,THB,36.67,36.698351,-7.73,bitkub/tv-history+fawazahmed0
2024-06-20,Indodax,IDR,16529.0,16388.980098,85.44,indodax/history_v2+fawazahmed0
2024-06-20,Upbit,KRW,1416.0,1385.141581,222.78,upbit/candles-days+fawazahmed0
2024-06-21,BTCTurk,TRY,33.29,32.848604,134.37,btcturk/v2-ohlc+fawazahmed0
2024-06-21,Bitkub,THB,36.72,36.740393,-5.55,bitkub/tv-history+fawazahmed0
2024-06-21,Indodax,IDR,16553.0,16471.973001,49.19,indodax/history_v2+fawazahmed0
2024-06-21,Upbit,KRW,1409.0,1390.330962,134.28,upbit/candles-days+fawazahmed0
2024-06-22,BTCTurk,TRY,32.96,32.839721,36.63,btcturk/v2-ohlc+fawazahmed0
2024-06-22,Bitkub,THB,36.76,36.669981,24.55,bitkub/tv-history+fawazahmed0
2024-06-22,Indodax,IDR,16598.0,16474.530807,74.95,indodax/history_v2+fawazahmed0
2024-06-22,Upbit,KRW,1415.0,1389.048923,186.83,upbit/candles-days+fawazahmed0
2024-06-23,BTCTurk,TRY,33.087,32.849379,72.34,btcturk/v2-ohlc+fawazahmed0
2024-06-23,Bitkub,THB,36.72,36.722525,-0.69,bitkub/tv-history+fawazahmed0
2024-06-23,Indodax,IDR,16605.0,16438.906833,101.04,indodax/history_v2+fawazahmed0
2024-06-23,Upbit,KRW,1410.0,1387.620023,161.28,upbit/candles-days+fawazahmed0
2024-06-24,BTCTurk,TRY,33.143,32.819558,98.55,btcturk/v2-ohlc+fawazahmed0
2024-06-24,Bitkub,THB,36.67,36.800063,-35.34,bitkub/tv-history+fawazahmed0
2024-06-24,Indodax,IDR,16569.0,16480.857331,53.48,indodax/history_v2+fawazahmed0
2024-06-24,Upbit,KRW,1415.0,1390.796572,174.03,upbit/candles-days+fawazahmed0
2024-06-25,BTCTurk,TRY,33.045,32.940322,31.78,btcturk/v2-ohlc+fawazahmed0
2024-06-25,Bitkub,THB,36.6,36.593004,1.91,bitkub/tv-history+fawazahmed0
2024-06-25,Indodax,IDR,16496.0,16379.141232,71.35,indodax/history_v2+fawazahmed0
2024-06-25,Upbit,KRW,1414.0,1386.004167,201.99,upbit/candles-days+fawazahmed0
2024-06-26,BTCTurk,TRY,32.995,32.98571,2.82,btcturk/v2-ohlc+fawazahmed0
2024-06-26,Bitkub,THB,36.89,36.758109,35.88,bitkub/tv-history+fawazahmed0
2024-06-26,Indodax,IDR,16512.0,16411.987604,60.94,indodax/history_v2+fawazahmed0
2024-06-26,Upbit,KRW,1414.0,1390.896465,166.11,upbit/candles-days+fawazahmed0
2024-06-27,BTCTurk,TRY,32.903,32.860897,12.81,btcturk/v2-ohlc+fawazahmed0
2024-06-27,Bitkub,THB,36.77,36.971674,-54.55,bitkub/tv-history+fawazahmed0
2024-06-27,Indodax,IDR,16473.0,16424.33073,29.63,indodax/history_v2+fawazahmed0
2024-06-27,Upbit,KRW,1408.0,1391.3721,119.51,upbit/candles-days+fawazahmed0
2024-06-28,BTCTurk,TRY,32.906,32.90953,-1.07,btcturk/v2-ohlc+fawazahmed0
2024-06-28,Bitkub,THB,36.73,36.886483,-42.42,bitkub/tv-history+fawazahmed0
2024-06-28,Indodax,IDR,16470.0,16408.766148,37.32,indodax/history_v2+fawazahmed0
2024-06-28,Upbit,KRW,1409.0,1387.59307,154.27,upbit/candles-days+fawazahmed0
2024-06-29,BTCTurk,TRY,32.955,32.71676,72.82,btcturk/v2-ohlc+fawazahmed0
2024-06-29,Bitkub,THB,36.71,36.701443,2.33,bitkub/tv-history+fawazahmed0
2024-06-29,Indodax,IDR,16459.0,16358.497001,61.44,indodax/history_v2+fawazahmed0
2024-06-29,Upbit,KRW,1406.0,1381.363669,178.35,upbit/candles-days+fawazahmed0
2024-06-30,BTCTurk,TRY,32.822,32.97455,-46.26,btcturk/v2-ohlc+fawazahmed0
2024-06-30,Bitkub,THB,36.75,36.792067,-11.43,bitkub/tv-history+fawazahmed0
2024-06-30,Indodax,IDR,16430.0,16376.023275,32.96,indodax/history_v2+fawazahmed0
2024-06-30,Upbit,KRW,1402.0,1381.215948,150.48,upbit/candles-days+fawazahmed0
2024-07-01,BTCTurk,TRY,32.777,32.75091,7.97,btcturk/v2-ohlc+fawazahmed0
2024-07-01,Bitkub,THB,36.75,36.732225,4.84,bitkub/tv-history+fawazahmed0
2024-07-01,Indodax,IDR,16476.0,16355.374625,73.75,indodax/history_v2+fawazahmed0
2024-07-01,Upbit,KRW,1405.0,1378.34245,193.4,upbit/candles-days+fawazahmed0
2024-07-02,BTCTurk,TRY,32.643,32.667218,-7.41,btcturk/v2-ohlc+fawazahmed0
2024-07-02,Bitkub,THB,36.76,36.775656,-4.26,bitkub/tv-history+fawazahmed0
2024-07-02,Indodax,IDR,16484.0,16378.137411,64.64,indodax/history_v2+fawazahmed0
2024-07-02,Upbit,KRW,1406.0,1387.252839,135.14,upbit/candles-days+fawazahmed0
2024-07-03,BTCTurk,TRY,32.645,32.55297,28.27,btcturk/v2-ohlc+fawazahmed0
2024-07-03,Bitkub,THB,36.72,36.852648,-35.99,bitkub/tv-history+fawazahmed0
2024-07-03,Indodax,IDR,16465.0,16381.96406,50.69,indodax/history_v2+fawazahmed0
2024-07-03,Upbit,KRW,1418.0,1389.077477,208.21,upbit/candles-days+fawazahmed0
2024-07-04,BTCTurk,TRY,32.897,32.566571,101.46,btcturk/v2-ohlc+fawazahmed0
2024-07-04,Bitkub,THB,36.72,36.623365,26.39,bitkub/tv-history+fawazahmed0
2024-07-04,Indodax,IDR,16499.0,16336.883245,99.23,indodax/history_v2+fawazahmed0
2024-07-04,Upbit,KRW,1432.0,1382.080379,361.19,upbit/candles-days+fawazahmed0
2024-07-05,BTCTurk,TRY,33.021,32.649433,113.81,btcturk/v2-ohlc+fawazahmed0
2024-07-05,Bitkub,THB,36.66,36.596445,17.37,bitkub/tv-history+fawazahmed0
2024-07-05,Indodax,IDR,16425.0,16331.7233,57.11,indodax/history_v2+fawazahmed0
2024-07-05,Upbit,KRW,1432.0,1377.686546,394.24,upbit/candles-days+fawazahmed0
2024-07-06,BTCTurk,TRY,32.862,32.669752,58.85,btcturk/v2-ohlc+fawazahmed0
2024-07-06,Bitkub,THB,36.67,36.42786,66.47,bitkub/tv-history+fawazahmed0
2024-07-06,Indodax,IDR,16419.0,16248.156718,105.15,indodax/history_v2+fawazahmed0
2024-07-06,Upbit,KRW,1422.0,1377.515294,322.93,upbit/candles-days+fawazahmed0
2024-07-07,BTCTurk,TRY,32.83,32.630412,61.17,btcturk/v2-ohlc+fawazahmed0
2024-07-07,Bitkub,THB,36.71,36.509123,55.02,bitkub/tv-history+fawazahmed0
2024-07-07,Indodax,IDR,16419.0,16292.676866,77.53,indodax/history_v2+fawazahmed0
2024-07-07,Upbit,KRW,1422.0,1377.350671,324.17,upbit/candles-days+fawazahmed0
2024-07-08,BTCTurk,TRY,32.802,32.677837,38.0,btcturk/v2-ohlc+fawazahmed0
2024-07-08,Bitkub,THB,36.48,36.433385,12.79,bitkub/tv-history+fawazahmed0
2024-07-08,Indodax,IDR,16345.0,16265.233194,49.04,indodax/history_v2+fawazahmed0
2024-07-08,Upbit,KRW,1421.0,1378.900882,305.31,upbit/candles-days+fawazahmed0
2024-07-09,BTCTurk,TRY,32.941,32.722104,66.9,btcturk/v2-ohlc+fawazahmed0
2024-07-09,Bitkub,THB,36.46,36.444953,4.13,bitkub/tv-history+fawazahmed0
2024-07-09,Indodax,IDR,16353.0,16283.537992,42.66,indodax/history_v2+fawazahmed0
2024-07-09,Upbit,KRW,1414.0,1382.525351,227.66,upbit/candles-days+fawazahmed0
2024-07-10,BTCTurk,TRY,32.979,32.917073,18.81,btcturk/v2-ohlc+fawazahmed0
2024-07-10,Bitkub,THB,36.43,36.426677,0.91,bitkub/tv-history+fawazahmed0
2024-07-10,Indodax,IDR,16340.0,16283.768457,34.53,indodax/history_v2+fawazahmed0
2024-07-10,Upbit,KRW,1417.0,1386.947451,216.68,upbit/candles-days+fawazahmed0
2024-07-11,BTCTurk,TRY,32.978,32.906693,21.67,btcturk/v2-ohlc+fawazahmed0
2024-07-11,Bitkub,THB,36.24,36.277549,-10.35,bitkub/tv-history+fawazahmed0
2024-07-11,Indodax,IDR,16260.0,16214.425724,28.11,indodax/history_v2+fawazahmed0
2024-07-11,Upbit,KRW,1414.0,1383.059896,223.71,upbit/candles-days+fawazahmed0
2024-07-12,BTCTurk,TRY,33.212,32.977477,71.12,btcturk/v2-ohlc+fawazahmed0
2024-07-12,Bitkub,THB,36.2,36.163933,9.97,bitkub/tv-history+fawazahmed0
2024-07-12,Indodax,IDR,16195.0,16121.846455,45.38,indodax/history_v2+fawazahmed0
2024-07-12,Upbit,KRW,1409.0,1376.203336,238.31,upbit/candles-days+fawazahmed0
2024-07-13,BTCTurk,TRY,33.202,33.030303,51.98,btcturk/v2-ohlc+fawazahmed0
2024-07-13,Bitkub,THB,36.24,36.118564,33.62,bitkub/tv-history+fawazahmed0
2024-07-13,Indodax,IDR,16216.0,16147.324478,42.53,indodax/history_v2+fawazahmed0
2024-07-13,Upbit,KRW,1402.0,1374.85243,197.46,upbit/candles-days+fawazahmed0
2024-07-14,BTCTurk,TRY,33.171,33.066973,31.46,btcturk/v2-ohlc+fawazahmed0
2024-07-14,Bitkub,THB,36.18,36.14083,10.84,bitkub/tv-history+fawazahmed0
2024-07-14,Indodax,IDR,16214.0,16142.300658,44.42,indodax/history_v2+fawazahmed0
2024-07-14,Upbit,KRW,1405.0,1375.849383,211.87,upbit/candles-days+fawazahmed0
2024-07-15,BTCTurk,TRY,32.975,33.095874,-36.52,btcturk/v2-ohlc+fawazahmed0
2024-07-15,Bitkub,THB,36.16,36.222086,-17.14,bitkub/tv-history+fawazahmed0
2024-07-15,Indodax,IDR,16208.0,16140.286725,41.95,indodax/history_v2+fawazahmed0
2024-07-15,Upbit,KRW,1406.0,1381.494734,177.38,upbit/candles-days+fawazahmed0
2024-07-16,BTCTurk,TRY,33.096,33.008211,26.6,btcturk/v2-ohlc+fawazahmed0
2024-07-16,Bitkub,THB,36.07,36.202298,-36.54,bitkub/tv-history+fawazahmed0
2024-07-16,Indodax,IDR,16186.0,16207.711472,-13.4,indodax/history_v2+fawazahmed0
2024-07-16,Upbit,KRW,1398.0,1386.61268,82.12,upbit/candles-days+fawazahmed0
2024-07-17,BTCTurk,TRY,33.203,33.075681,38.49,btcturk/v2-ohlc+fawazahmed0
2024-07-17,Bitkub,THB,36.02,35.944635,20.97,bitkub/tv-history+fawazahmed0
2024-07-17,Indodax,IDR,16177.0,16168.040087,5.54,indodax/history_v2+fawazahmed0
2024-07-17,Upbit,KRW,1397.0,1382.799396,102.69,upbit/candles-days+fawazahmed0
2024-07-18,BTCTurk,TRY,33.199,33.110085,26.85,btcturk/v2-ohlc+fawazahmed0
2024-07-18,Bitkub,THB,36.06,36.00072,16.47,bitkub/tv-history+fawazahmed0
2024-07-18,Indodax,IDR,16209.0,16157.825575,31.67,indodax/history_v2+fawazahmed0
2024-07-18,Upbit,KRW,1406.0,1379.265946,193.83,upbit/candles-days+fawazahmed0
2024-07-19,BTCTurk,TRY,33.074,33.100585,-8.03,btcturk/v2-ohlc+fawazahmed0
2024-07-19,Bitkub,THB,36.26,36.229304,8.47,bitkub/tv-history+fawazahmed0
2024-07-19,Indodax,IDR,16151.0,16193.237982,-26.08,indodax/history_v2+fawazahmed0
2024-07-19,Upbit,KRW,1397.0,1387.199552,70.65,upbit/candles-days+fawazahmed0
2024-07-20,BTCTurk,TRY,33.126,33.025544,30.42,btcturk/v2-ohlc+fawazahmed0
2024-07-20,Bitkub,THB,36.3,36.339401,-10.84,bitkub/tv-history+fawazahmed0
2024-07-20,Indodax,IDR,16225.0,16216.280616,5.38,indodax/history_v2+fawazahmed0
2024-07-20,Upbit,KRW,1402.0,1389.767646,88.02,upbit/candles-days+fawazahmed0
2024-07-21,BTCTurk,TRY,33.091,33.030694,18.26,btcturk/v2-ohlc+fawazahmed0
2024-07-21,Bitkub,THB,36.3,36.35059,-13.92,bitkub/tv-history+fawazahmed0
2024-07-21,Indodax,IDR,16201.0,16187.879433,8.11,indodax/history_v2+fawazahmed0
2024-07-21,Upbit,KRW,1397.0,1389.162872,56.42,upbit/candles-days+fawazahmed0
2024-07-22,BTCTurk,TRY,33.105,33.059194,13.86,btcturk/v2-ohlc+fawazahmed0
2024-07-22,Bitkub,THB,36.31,36.330106,-5.53,bitkub/tv-history+fawazahmed0
2024-07-22,Indodax,IDR,16280.0,16219.454533,37.33,indodax/history_v2+fawazahmed0
2024-07-22,Upbit,KRW,1398.0,1388.980588,64.94,upbit/candles-days+fawazahmed0
2024-07-23,BTCTurk,TRY,32.965,32.939108,7.86,btcturk/v2-ohlc+fawazahmed0
2024-07-23,Bitkub,THB,36.26,36.280322,-5.6,bitkub/tv-history+fawazahmed0
2024-07-23,Indodax,IDR,16208.0,16214.77843,-4.18,indodax/history_v2+fawazahmed0
2024-07-23,Upbit,KRW,1401.0,1384.326858,120.44,upbit/candles-days+fawazahmed0
2024-07-24,BTCTurk,TRY,32.939,32.846099,28.28,btcturk/v2-ohlc+fawazahmed0
2024-07-24,Bitkub,THB,36.0,36.15602,-43.15,bitkub/tv-history+fawazahmed0
2024-07-24,Indodax,IDR,16281.0,16219.104274,38.16,indodax/history_v2+fawazahmed0
2024-07-24,Upbit,KRW,1398.0,1384.622458,96.62,upbit/candles-days+fawazahmed0
2024-07-25,BTCTurk,TRY,33.239,32.942425,90.03,btcturk/v2-ohlc+fawazahmed0
2024-07-25,Bitkub,THB,36.26,36.07296,51.85,bitkub/tv-history+fawazahmed0
2024-07-25,Indodax,IDR,16390.0,16236.774573,94.37,indodax/history_v2+fawazahmed0
2024-07-25,Upbit,KRW,1405.0,1384.390288,148.87,upbit/candles-days+fawazahmed0
2024-07-26,BTCTurk,TRY,33.054,33.117089,-19.05,btcturk/v2-ohlc+fawazahmed0
2024-07-26,Bitkub,THB,36.05,36.245047,-53.81,bitkub/tv-history+fawazahmed0
2024-07-26,Indodax,IDR,16276.0,16308.309464,-19.81,indodax/history_v2+fawazahmed0
2024-07-26,Upbit,KRW,1396.0,1384.606325,82.29,upbit/candles-days+fawazahmed0
2024-07-27,BTCTurk,TRY,33.112,32.94676,50.15,btcturk/v2-ohlc+fawazahmed0
2024-07-27,Bitkub,THB,36.02,35.903544,32.44,bitkub/tv-history+fawazahmed0
2024-07-27,Indodax,IDR,16284.0,16303.280738,-11.83,indodax/history_v2+fawazahmed0
2024-07-27,Upbit,KRW,1391.0,1384.89323,44.1,upbit/candles-days+fawazahmed0
2024-07-28,BTCTurk,TRY,33.179,33.02806,45.7,btcturk/v2-ohlc+fawazahmed0
2024-07-28,Bitkub,THB,36.09,36.06983,5.59,bitkub/tv-history+fawazahmed0
2024-07-28,Indodax,IDR,16306.0,16280.604796,15.6,indodax/history_v2+fawazahmed0
2024-07-28,Upbit,KRW,1397.0,1384.79177,88.16,upbit/candles-days+fawazahmed0
2024-07-29,BTCTurk,TRY,33.175,33.013887,48.8,btcturk/v2-ohlc+fawazahmed0
2024-07-29,Bitkub,THB,36.0,35.887616,31.32,bitkub/tv-history+fawazahmed0
2024-07-29,Indodax,IDR,16317.0,16280.252888,22.57,indodax/history_v2+fawazahmed0
2024-07-29,Upbit,KRW,1399.0,1382.64369,118.3,upbit/candles-days+fawazahmed0
2024-07-30,BTCTurk,TRY,33.197,33.066912,39.34,btcturk/v2-ohlc+fawazahmed0
2024-07-30,Bitkub,THB,35.98,36.001057,-5.85,bitkub/tv-history+fawazahmed0
2024-07-30,Indodax,IDR,16346.0,16289.388514,34.75,indodax/history_v2+fawazahmed0
2024-07-30,Upbit,KRW,1403.0,1384.763791,131.69,upbit/candles-days+fawazahmed0
2024-07-31,BTCTurk,TRY,33.297,33.134757,48.96,btcturk/v2-ohlc+fawazahmed0
2024-07-31,Bitkub,THB,35.66,35.854042,-54.12,bitkub/tv-history+fawazahmed0
2024-07-31,Indodax,IDR,16309.0,16306.667383,1.43,indodax/history_v2+fawazahmed0
2024-07-31,Upbit,KRW,1398.0,1380.522688,126.6,upbit/candles-days+fawazahmed0
2024-08-01,BTCTurk,TRY,33.225,33.186287,11.67,btcturk/v2-ohlc+fawazahmed0
2024-08-01,Bitkub,THB,35.69,35.43795,71.12,bitkub/tv-history+fawazahmed0
2024-08-01,Indodax,IDR,16311.0,16243.985435,41.26,indodax/history_v2+fawazahmed0
2024-08-01,Upbit,KRW,1405.0,1365.966829,285.75,upbit/candles-days+fawazahmed0
2024-08-02,BTCTurk,TRY,33.428,33.193217,70.73,btcturk/v2-ohlc+fawazahmed0
2024-08-02,Bitkub,THB,35.43,35.600147,-47.79,bitkub/tv-history+fawazahmed0
2024-08-02,Indodax,IDR,16264.0,16278.919365,-9.16,indodax/history_v2+fawazahmed0
2024-08-02,Upbit,KRW,1410.0,1375.885188,247.95,upbit/candles-days+fawazahmed0
2024-08-03,BTCTurk,TRY,33.64,33.197135,133.4,btcturk/v2-ohlc+fawazahmed0
2024-08-03,Bitkub,THB,35.54,35.280469,73.56,bitkub/tv-history+fawazahmed0
2024-08-03,Indodax,IDR,16315.0,16170.92573,89.09,indodax/history_v2+fawazahmed0
2024-08-03,Upbit,KRW,1415.0,1358.052094,419.34,upbit/candles-days+fawazahmed0
2024-08-04,BTCTurk,TRY,33.767,33.142676,188.37,btcturk/v2-ohlc+fawazahmed0
2024-08-04,Bitkub,THB,35.65,35.391547,73.03,bitkub/tv-history+fawazahmed0
2024-08-04,Indodax,IDR,16338.0,16215.917229,75.29,indodax/history_v2+fawazahmed0
2024-08-04,Upbit,KRW,1408.0,1357.221662,374.13,upbit/candles-days+fawazahmed0
2024-08-05,BTCTurk,TRY,33.735,33.265958,141.0,btcturk/v2-ohlc+fawazahmed0
2024-08-05,Bitkub,THB,35.92,35.310407,172.64,bitkub/tv-history+fawazahmed0
2024-08-05,Indodax,IDR,16446.0,16176.931792,166.33,indodax/history_v2+fawazahmed0
2024-08-05,Upbit,KRW,1442.0,1356.770895,628.18,upbit/candles-days+fawazahmed0
2024-08-06,BTCTurk,TRY,33.824,33.443531,113.76,btcturk/v2-ohlc+fawazahmed0
2024-08-06,Bitkub,THB,35.67,35.480332,53.46,bitkub/tv-history+fawazahmed0
2024-08-06,Indodax,IDR,16263.0,16205.478449,35.5,indodax/history_v2+fawazahmed0
2024-08-06,Upbit,KRW,1431.0,1371.100374,436.87,upbit/candles-days+fawazahmed0
2024-08-07,BTCTurk,TRY,33.646,33.623718,6.63,btcturk/v2-ohlc+fawazahmed0
2024-08-07,Bitkub,THB,35.66,35.514979,40.83,bitkub/tv-history+fawazahmed0
2024-08-07,Indodax,IDR,16113.0,16141.976403,-17.95,indodax/history_v2+fawazahmed0
2024-08-07,Upbit,KRW,1422.0,1375.127107,340.86,upbit/candles-days+fawazahmed0
2024-08-08,BTCTurk,TRY,33.47,33.546057,-22.67,btcturk/v2-ohlc+fawazahmed0
2024-08-08,Bitkub,THB,35.3,35.557725,-72.48,bitkub/tv-history+fawazahmed0
2024-08-08,Indodax,IDR,15995.0,16025.48092,-19.02,indodax/history_v2+fawazahmed0
2024-08-08,Upbit,KRW,1402.0,1378.670147,169.22,upbit/candles-days+fawazahmed0
2024-08-09,BTCTurk,TRY,33.71,33.565559,43.03,btcturk/v2-ohlc+fawazahmed0
2024-08-09,Bitkub,THB,35.29,35.183323,30.32,bitkub/tv-history+fawazahmed0
2024-08-09,Indodax,IDR,16030.0,15946.392918,52.43,indodax/history_v2+fawazahmed0
2024-08-09,Upbit,KRW,1408.0,1375.804607,234.01,upbit/candles-days+fawazahmed0
2024-08-10,BTCTurk,TRY,33.701,33.489773,63.07,btcturk/v2-ohlc+fawazahmed0
2024-08-10,Bitkub,THB,35.44,35.215735,63.68,bitkub/tv-history+fawazahmed0
2024-08-10,Bitso,MXN,18.802,18.835196,-17.62,bitso/v3-ohlc+fawazahmed0
2024-08-10,Indodax,IDR,16075.0,15944.10901,82.09,indodax/history_v2+fawazahmed0
2024-08-10,Upbit,KRW,1407.0,1364.832143,308.96,upbit/candles-days+fawazahmed0
2024-08-11,BTCTurk,TRY,33.765,33.493962,80.92,btcturk/v2-ohlc+fawazahmed0
2024-08-11,Bitkub,THB,35.44,35.204425,66.92,bitkub/tv-history+fawazahmed0
2024-08-11,Bitso,MXN,18.811,18.831803,-11.05,bitso/v3-ohlc+fawazahmed0
2024-08-11,Indodax,IDR,16005.0,15926.638127,49.2,indodax/history_v2+fawazahmed0
2024-08-11,Upbit,KRW,1410.0,1364.488145,333.55,upbit/candles-days+fawazahmed0
2024-08-12,BTCTurk,TRY,33.613,33.550913,18.51,btcturk/v2-ohlc+fawazahmed0
2024-08-12,Bitkub,THB,35.2,35.216034,-4.55,bitkub/tv-history+fawazahmed0
2024-08-12,Bitso,MXN,19.014,18.816031,105.21,bitso/v3-ohlc+fawazahmed0
2024-08-12,Indodax,IDR,16016.0,15940.193384,47.56,indodax/history_v2+fawazahmed0
2024-08-12,Upbit,KRW,1402.0,1364.535172,274.56,upbit/candles-days+fawazahmed0
2024-08-13,BTCTurk,TRY,33.64,33.533448,31.77,btcturk/v2-ohlc+fawazahmed0
2024-08-13,Bitkub,THB,35.01,35.15945,-42.51,bitkub/tv-history+fawazahmed0
2024-08-13,Bitso,MXN,18.954,19.026242,-37.97,bitso/v3-ohlc+fawazahmed0
2024-08-13,Indodax,IDR,15833.0,15945.013474,-70.25,indodax/history_v2+fawazahmed0
2024-08-13,Upbit,KRW,1396.0,1371.138518,181.32,upbit/candles-days+fawazahmed0
2024-08-14,BTCTurk,TRY,33.779,33.536878,72.2,btcturk/v2-ohlc+fawazahmed0
2024-08-14,Bitkub,THB,35.08,34.907564,49.4,bitkub/tv-history+fawazahmed0
2024-08-14,Bitso,MXN,18.807,18.99312,-97.99,bitso/v3-ohlc+fawazahmed0
2024-08-14,Indodax,IDR,15686.0,15708.602855,-14.39,indodax/history_v2+fawazahmed0
2024-08-14,Upbit,KRW,1403.0,1359.333205,321.24,upbit/candles-days+fawazahmed0
2024-08-15,BTCTurk,TRY,33.747,33.624457,36.44,btcturk/v2-ohlc+fawazahmed0
2024-08-15,Bitkub,THB,35.09,35.157861,-19.3,bitkub/tv-history+fawazahmed0
2024-08-15,Bitso,MXN,18.651,18.830416,-95.28,bitso/v3-ohlc+fawazahmed0
2024-08-15,Indodax,IDR,15843.0,15630.985997,135.64,indodax/history_v2+fawazahmed0
2024-08-15,Upbit,KRW,1407.0,1361.825488,331.72,upbit/candles-days+fawazahmed0
2024-08-16,BTCTurk,TRY,33.898,33.703733,57.64,btcturk/v2-ohlc+fawazahmed0
2024-08-16,Bitkub,THB,34.79,35.03002,-68.52,bitkub/tv-history+fawazahmed0
2024-08-16,Bitso,MXN,18.665,18.649582,8.27,bitso/v3-ohlc+fawazahmed0
2024-08-16,Indodax,IDR,15744.0,15740.019576,2.53,indodax/history_v2+fawazahmed0
2024-08-16,Upbit,KRW,1397.0,1360.838354,265.73,upbit/candles-days+fawazahmed0
2024-08-17,BTCTurk,TRY,33.884,33.639739,72.61,btcturk/v2-ohlc+fawazahmed0
2024-08-17,Bitkub,THB,34.82,34.611375,60.28,bitkub/tv-history+fawazahmed0
2024-08-17,Bitso,MXN,18.632,18.641978,-5.35,bitso/v3-ohlc+fawazahmed0
2024-08-17,Indodax,IDR,15757.0,15692.18325,41.31,indodax/history_v2+fawazahmed0
2024-08-17,Upbit,KRW,1393.0,1350.088485,317.84,upbit/candles-days+fawazahmed0
2024-08-18,BTCTurk,TRY,33.887,33.705362,53.89,btcturk/v2-ohlc+fawazahmed0
2024-08-18,Bitkub,THB,34.75,34.658118,26.51,bitkub/tv-history+fawazahmed0
2024-08-18,Bitso,MXN,18.674,18.644358,15.9,bitso/v3-ohlc+fawazahmed0
2024-08-18,Indodax,IDR,15747.0,15689.447003,36.68,indodax/history_v2+fawazahmed0
2024-08-18,Upbit,KRW,1392.0,1349.59841,314.18,upbit/candles-days+fawazahmed0
2024-08-19,BTCTurk,TRY,33.824,33.700295,36.71,btcturk/v2-ohlc+fawazahmed0
2024-08-19,Bitkub,THB,34.47,34.52688,-16.47,bitkub/tv-history+fawazahmed0
2024-08-19,Bitso,MXN,18.677,18.629882,25.29,bitso/v3-ohlc+fawazahmed0
2024-08-19,Indodax,IDR,15592.0,15617.962604,-16.62,indodax/history_v2+fawazahmed0
2024-08-19,Upbit,KRW,1373.0,1340.255266,244.32,upbit/candles-days+fawazahmed0
2024-08-20,BTCTurk,TRY,33.921,33.786943,39.68,btcturk/v2-ohlc+fawazahmed0
2024-08-20,Bitkub,THB,34.29,34.255976,9.93,bitkub/tv-history+fawazahmed0
2024-08-20,Bitso,MXN,18.978,18.692527,152.72,bitso/v3-ohlc+fawazahmed0
2024-08-20,Indodax,IDR,15494.0,15541.09186,-30.3,indodax/history_v2+fawazahmed0
2024-08-20,Upbit,KRW,1368.0,1327.737318,303.24,upbit/candles-days+fawazahmed0
2024-08-21,BTCTurk,TRY,33.93,33.901755,8.33,btcturk/v2-ohlc+fawazahmed0
2024-08-21,Bitkub,THB,34.26,34.103964,45.75,bitkub/tv-history+fawazahmed0
2024-08-21,Bitso,MXN,19.273,19.002129,142.55,bitso/v3-ohlc+fawazahmed0
2024-08-21,Indodax,IDR,15487.0,15458.404618,18.5,indodax/history_v2+fawazahmed0
2024-08-21,Upbit,KRW,1356.0,1329.041058,202.85,upbit/candles-days+fawazahmed0
2024-08-22,BTCTurk,TRY,33.975,33.941612,9.84,btcturk/v2-ohlc+fawazahmed0
2024-08-22,Bitkub,THB,34.5,34.245292,74.38,bitkub/tv-history+fawazahmed0
2024-08-22,Bitso,MXN,19.392,19.282074,57.01,bitso/v3-ohlc+fawazahmed0
2024-08-22,Indodax,IDR,15750.0,15507.487372,156.38,indodax/history_v2+fawazahmed0
2024-08-22,Upbit,KRW,1357.0,1335.36548,162.01,upbit/candles-days+fawazahmed0
2024-08-23,BTCTurk,TRY,33.977,33.967238,2.87,btcturk/v2-ohlc+fawazahmed0
2024-08-23,Bitkub,THB,34.04,34.477315,-126.84,bitkub/tv-history+fawazahmed0
2024-08-23,Bitso,MXN,19.077,19.491823,-212.82,bitso/v3-ohlc+fawazahmed0
2024-08-23,Indodax,IDR,15461.0,15680.471155,-139.96,indodax/history_v2+fawazahmed0
2024-08-23,Upbit,KRW,1337.0,1341.025361,-30.02,upbit/candles-days+fawazahmed0
2024-08-24,BTCTurk,TRY,34.102,33.955154,43.25,btcturk/v2-ohlc+fawazahmed0
2024-08-24,Bitkub,THB,34.0,33.895516,30.83,bitkub/tv-history+fawazahmed0
2024-08-24,Bitso,MXN,19.074,19.108857,-18.24,bitso/v3-ohlc+fawazahmed0
2024-08-24,Indodax,IDR,15476.0,15417.331104,38.05,indodax/history_v2+fawazahmed0
2024-08-24,Upbit,KRW,1338.0,1324.841903,99.32,upbit/candles-days+fawazahmed0
2024-08-25,BTCTurk,TRY,34.129,33.95833,50.26,btcturk/v2-ohlc+fawazahmed0
2024-08-25,Bitkub,THB,34.05,34.147063,-28.43,bitkub/tv-history+fawazahmed0
2024-08-25,Bitso,MXN,19.12,19.101739,9.56,bitso/v3-ohlc+fawazahmed0
2024-08-25,Indodax,IDR,15497.0,15539.660139,-27.45,indodax/history_v2+fawazahmed0
2024-08-25,Upbit,KRW,1342.0,1324.310213,133.58,upbit/candles-days+fawazahmed0
2024-08-26,BTCTurk,TRY,34.089,34.025862,18.56,btcturk/v2-ohlc+fawazahmed0
2024-08-26,Bitkub,THB,34.07,33.9068,48.13,bitkub/tv-history+fawazahmed0
2024-08-26,Bitso,MXN,19.4,19.203731,102.2,bitso/v3-ohlc+fawazahmed0
2024-08-26,Indodax,IDR,15520.0,15358.010732,105.48,indodax/history_v2+fawazahmed0
2024-08-26,Upbit,KRW,1344.0,1320.297671,179.52,upbit/candles-days+fawazahmed0
2024-08-27,BTCTurk,TRY,34.159,34.020867,40.6,btcturk/v2-ohlc+fawazahmed0
2024-08-27,Bitkub,THB,34.05,34.067024,-5.0,bitkub/tv-history+fawazahmed0
2024-08-27,Bitso,MXN,19.697,19.402066,152.01,bitso/v3-ohlc+fawazahmed0
2024-08-27,Indodax,IDR,15541.0,15505.838508,22.68,indodax/history_v2+fawazahmed0
2024-08-27,Upbit,KRW,1360.0,1330.766629,219.67,upbit/candles-days+fawazahmed0
2024-08-28,BTCTurk,TRY,34.15,34.313625,-47.69,btcturk/v2-ohlc+fawazahmed0
2024-08-28,Bitkub,THB,34.24,33.944787,86.97,bitkub/tv-history+fawazahmed0
2024-08-28,Bitso,MXN,19.643,19.701532,-29.71,bitso/v3-ohlc+fawazahmed0
2024-08-28,Indodax,IDR,15513.0,15492.000043,13.56,indodax/history_v2+fawazahmed0
2024-08-28,Upbit,KRW,1365.0,1332.735207,242.09,upbit/candles-days+fawazahmed0
2024-08-29,BTCTurk,TRY,34.4,34.148325,73.7,btcturk/v2-ohlc+fawazahmed0
2024-08-29,Bitkub,THB,33.99,34.011135,-6.21,bitkub/tv-history+fawazahmed0
2024-08-29,Bitso,MXN,19.801,19.697671,52.46,bitso/v3-ohlc+fawazahmed0
2024-08-29,Indodax,IDR,15508.0,15432.556303,48.89,indodax/history_v2+fawazahmed0
2024-08-29,Upbit,KRW,1360.0,1337.270511,169.97,upbit/candles-days+fawazahmed0
2024-08-30,BTCTurk,TRY,34.472,34.088667,112.45,btcturk/v2-ohlc+fawazahmed0
2024-08-30,Bitkub,THB,34.08,33.953223,37.34,bitkub/tv-history+fawazahmed0
2024-08-30,Bitso,MXN,19.849,19.854858,-2.95,bitso/v3-ohlc+fawazahmed0
2024-08-30,Indodax,IDR,15564.0,15416.504802,95.67,indodax/history_v2+fawazahmed0
2024-08-30,Upbit,KRW,1361.0,1334.296238,200.13,upbit/candles-days+fawazahmed0
2024-08-31,BTCTurk,TRY,34.491,34.076022,121.78,btcturk/v2-ohlc+fawazahmed0
2024-08-31,Bitkub,THB,34.08,33.998898,23.85,bitkub/tv-history+fawazahmed0
2024-08-31,Bitso,MXN,20.054,19.725283,166.65,bitso/v3-ohlc+fawazahmed0
2024-08-31,Indodax,IDR,15516.0,15524.11011,-5.22,indodax/history_v2+fawazahmed0
2024-08-31,Upbit,KRW,1360.0,1337.534402,167.96,upbit/candles-days+fawazahmed0
2024-09-01,BTCTurk,TRY,34.592,34.071892,152.65,btcturk/v2-ohlc+fawazahmed0
2024-09-01,Bitkub,THB,34.15,33.950782,58.68,bitkub/tv-history+fawazahmed0
2024-09-01,Bitso,MXN,19.767,19.725187,21.2,bitso/v3-ohlc+fawazahmed0
2024-09-01,Indodax,IDR,15541.0,15445.767824,61.66,indodax/history_v2+fawazahmed0
2024-09-01,Upbit,KRW,1367.0,1337.068987,223.86,upbit/candles-days+fawazahmed0
2024-09-02,BTCTurk,TRY,34.043,34.080558,-11.02,btcturk/v2-ohlc+fawazahmed0
2024-09-02,Bitkub,THB,34.18,34.049417,38.35,bitkub/tv-history+fawazahmed0
2024-09-02,Bitso,MXN,19.808,19.718072,45.61,bitso/v3-ohlc+fawazahmed0
2024-09-02,Indodax,IDR,15614.0,15520.84009,60.02,indodax/history_v2+fawazahmed0
2024-09-02,Upbit,KRW,1357.0,1336.941214,150.03,upbit/candles-days+fawazahmed0
2024-09-03,BTCTurk,TRY,34.08,33.928653,44.61,btcturk/v2-ohlc+fawazahmed0
2024-09-03,Bitkub,THB,34.33,34.282961,13.72,bitkub/tv-history+fawazahmed0
2024-09-03,Bitso,MXN,19.806,19.814892,-4.49,bitso/v3-ohlc+fawazahmed0
2024-09-03,Indodax,IDR,15584.0,15570.716422,8.53,indodax/history_v2+fawazahmed0
2024-09-03,Upbit,KRW,1361.0,1341.698352,143.86,upbit/candles-days+fawazahmed0
2024-09-04,BTCTurk,TRY,34.094,34.01716,22.59,btcturk/v2-ohlc+fawazahmed0
2024-09-04,Bitkub,THB,34.06,34.30479,-71.36,bitkub/tv-history+fawazahmed0
2024-09-04,Bitso,MXN,19.918,19.808359,55.35,bitso/v3-ohlc+fawazahmed0
2024-09-04,Indodax,IDR,15519.0,15545.382088,-16.97,indodax/history_v2+fawazahmed0
2024-09-04,Upbit,KRW,1357.0,1341.237178,117.52,upbit/candles-days+fawazahmed0
2024-09-05,BTCTurk,TRY,34.12,34.055034,19.08,btcturk/v2-ohlc+fawazahmed0
2024-09-05,Bitkub,THB,33.73,33.918795,-55.66,bitkub/tv-history+fawazahmed0
2024-09-05,Bitso,MXN,19.892,19.945644,-26.9,bitso/v3-ohlc+fawazahmed0
2024-09-05,Indodax,IDR,15442.0,15424.231862,11.52,indodax/history_v2+fawazahmed0
2024-09-05,Upbit,KRW,1359.0,1334.356957,184.68,upbit/candles-days+fawazahmed0
2024-09-06,BTCTurk,TRY,34.398,33.99834,117.55,btcturk/v2-ohlc+fawazahmed0
2024-09-06,Bitkub,THB,33.86,33.574032,85.18,bitkub/tv-history+fawazahmed0
2024-09-06,Bitso,MXN,20.026,19.892793,66.96,bitso/v3-ohlc+fawazahmed0
2024-09-06,Indodax,IDR,15513.0,15382.039646,85.14,indodax/history_v2+fawazahmed0
2024-09-06,Upbit,KRW,1365.0,1332.808644,241.53,upbit/candles-days+fawazahmed0
2024-09-07,BTCTurk,TRY,34.269,33.979983,85.06,btcturk/v2-ohlc+fawazahmed0
2024-09-07,Bitkub,THB,33.91,33.720057,56.33,bitkub/tv-history+fawazahmed0
2024-09-07,Bitso,MXN,20.051,19.982875,34.09,bitso/v3-ohlc+fawazahmed0
2024-09-07,Indodax,IDR,15516.0,15452.235163,41.27,indodax/history_v2+fawazahmed0
2024-09-07,Upbit,KRW,1359.0,1338.78499,151.0,upbit/candles-days+fawazahmed0
2024-09-08,BTCTurk,TRY,34.123,33.967435,45.8,btcturk/v2-ohlc+fawazahmed0
2024-09-08,Bitkub,THB,33.89,33.694068,58.15,bitkub/tv-history+fawazahmed0
2024-09-08,Bitso,MXN,19.924,19.978982,-27.52,bitso/v3-ohlc+fawazahmed0
2024-09-08,Indodax,IDR,15481.0,15384.194372,62.93,indodax/history_v2+fawazahmed0
2024-09-08,Upbit,KRW,1356.0,1337.41331,138.97,upbit/candles-days+fawazahmed0
2024-09-09,BTCTurk,TRY,34.064,34.018087,13.5,btcturk/v2-ohlc+fawazahmed0
2024-09-09,Bitkub,THB,33.89,33.744869,43.01,bitkub/tv-history+fawazahmed0
2024-09-09,Bitso,MXN,19.885,19.97401,-44.56,bitso/v3-ohlc+fawazahmed0
2024-09-09,Indodax,IDR,15480.0,15465.82523,9.17,indodax/history_v2+fawazahmed0
2024-09-09,Upbit,KRW,1355.0,1340.013399,111.84,upbit/candles-days+fawazahmed0
2024-09-10,BTCTurk,TRY,34.063,34.088895,-7.6,btcturk/v2-ohlc+fawazahmed0
2024-09-10,Bitkub,THB,33.64,33.903425,-77.7,bitkub/tv-history+fawazahmed0
2024-09-10,Bitso,MXN,20.091,19.902357,94.78,bitso/v3-ohlc+fawazahmed0
2024-09-10,Indodax,IDR,15493.0,15462.456634,19.75,indodax/history_v2+fawazahmed0
2024-09-10,Upbit,KRW,1355.0,1344.967612,74.59,upbit/candles-days+fawazahmed0
2024-09-11,BTCTurk,TRY,34.046,34.043695,0.68,btcturk/v2-ohlc+fawazahmed0
2024-09-11,Bitkub,THB,33.77,33.613414,46.58,bitkub/tv-history+fawazahmed0
2024-09-11,Bitso,MXN,19.774,20.084338,-154.52,bitso/v3-ohlc+fawazahmed0
2024-09-11,Indodax,IDR,15490.0,15434.909913,35.69,indodax/history_v2+fawazahmed0
2024-09-11,Upbit,KRW,1350.0,1339.100366,81.4,upbit/candles-days+fawazahmed0
2024-09-12,BTCTurk,TRY,33.949,34.014506,-19.26,btcturk/v2-ohlc+fawazahmed0
2024-09-12,Bitkub,THB,33.59,33.739216,-44.23,bitkub/tv-history+fawazahmed0
2024-09-12,Bitso,MXN,19.468,19.82005,-177.62,bitso/v3-ohlc+fawazahmed0
2024-09-12,Indodax,IDR,15490.0,15434.503752,35.96,indodax/history_v2+fawazahmed0
2024-09-12,Upbit,KRW,1347.0,1340.651291,47.36,upbit/candles-days+fawazahmed0
2024-09-13,BTCTurk,TRY,33.996,33.982918,3.85,btcturk/v2-ohlc+fawazahmed0
2024-09-13,Bitkub,THB,33.27,33.34545,-22.63,bitkub/tv-history+fawazahmed0
2024-09-13,Bitso,MXN,19.231,19.510004,-143.01,bitso/v3-ohlc+fawazahmed0
2024-09-13,Indodax,IDR,15488.0,15404.966054,53.9,indodax/history_v2+fawazahmed0
2024-09-13,Upbit,KRW,1339.0,1331.966024,52.81,upbit/candles-days+fawazahmed0
2024-09-14,BTCTurk,TRY,34.08,33.928152,44.76,btcturk/v2-ohlc+fawazahmed0
2024-09-14,Bitkub,THB,33.39,33.220067,51.15,bitkub/tv-history+fawazahmed0
2024-09-14,Bitso,MXN,19.234,19.214533,10.13,bitso/v3-ohlc+fawazahmed0
2024-09-14,Indodax,IDR,15404.0,15406.579834,-1.67,indodax/history_v2+fawazahmed0
2024-09-14,Upbit,KRW,1343.0,1329.486529,101.64,upbit/candles-days+fawazahmed0
2024-09-15,BTCTurk,TRY,34.08,33.962914,34.47,btcturk/v2-ohlc+fawazahmed0
2024-09-15,Bitkub,THB,33.34,33.275897,19.26,bitkub/tv-history+fawazahmed0
2024-09-15,Bitso,MXN,19.201,19.212798,-6.14,bitso/v3-ohlc+fawazahmed0
2024-09-15,Indodax,IDR,15317.0,15401.189753,-54.66,indodax/history_v2+fawazahmed0
2024-09-15,Upbit,KRW,1348.0,1326.542586,161.75,upbit/candles-days+fawazahmed0
2024-09-16,BTCTurk,TRY,34.085,33.980343,30.8,btcturk/v2-ohlc+fawazahmed0
2024-09-16,Bitkub,THB,33.43,33.217489,63.98,bitkub/tv-history+fawazahmed0
2024-09-16,Bitso,MXN,19.19,19.197139,-3.72,bitso/v3-ohlc+fawazahmed0
2024-09-16,Indodax,IDR,15367.0,15395.077152,-18.24,indodax/history_v2+fawazahmed0
2024-09-16,Upbit,KRW,1347.0,1326.92956,151.25,upbit/candles-days+fawazahmed0
2024-09-17,BTCTurk,TRY,34.148,34.038289,32.23,btcturk/v2-ohlc+fawazahmed0
2024-09-17,Bitkub,THB,33.36,33.33935,6.19,bitkub/tv-history+fawazahmed0
2024-09-17,Bitso,MXN,19.095,19.244738,-77.81,bitso/v3-ohlc+fawazahmed0
2024-09-17,Indodax,IDR,15350.0,15379.47759,-19.17,indodax/history_v2+fawazahmed0
2024-09-17,Upbit,KRW,1345.0,1320.207919,187.79,upbit/candles-days+fawazahmed0
2024-09-18,BTCTurk,TRY,34.125,34.077648,13.9,btcturk/v2-ohlc+fawazahmed0
2024-09-18,Bitkub,THB,33.27,33.367255,-29.15,bitkub/tv-history+fawazahmed0
2024-09-18,Bitso,MXN,19.051,19.126918,-39.69,bitso/v3-ohlc+fawazahmed0
2024-09-18,Indodax,IDR,15333.0,15339.225646,-4.06,indodax/history_v2+fawazahmed0
2024-09-18,Upbit,KRW,1340.0,1322.307953,133.8,upbit/candles-days+fawazahmed0
2024-09-19,BTCTurk,TRY,33.996,34.127388,-38.5,btcturk/v2-ohlc+fawazahmed0
2024-09-19,Bitkub,THB,33.16,33.498798,-101.14,bitkub/tv-history+fawazahmed0
2024-09-19,Bitso,MXN,19.25,19.303154,-27.54,bitso/v3-ohlc+fawazahmed0
2024-09-19,Indodax,IDR,15200.0,15392.477438,-125.05,indodax/history_v2+fawazahmed0
2024-09-19,Upbit,KRW,1333.0,1335.246923,-16.83,upbit/candles-days+fawazahmed0
2024-09-20,BTCTurk,TRY,34.217,34.089523,37.39,btcturk/v2-ohlc+fawazahmed0
2024-09-20,Bitkub,THB,33.02,33.10101,-24.47,bitkub/tv-history+fawazahmed0
2024-09-20,Bitso,MXN,19.466,19.323292,73.85,bitso/v3-ohlc+fawazahmed0
2024-09-20,Indodax,IDR,15206.0,15147.971867,38.31,indodax/history_v2+fawazahmed0
2024-09-20,Upbit,KRW,1337.0,1329.62272,55.48,upbit/candles-days+fawazahmed0
2024-09-21,BTCTurk,TRY,34.186,34.122635,18.57,btcturk/v2-ohlc+fawazahmed0
2024-09-21,Bitkub,THB,32.98,32.902612,23.52,bitkub/tv-history+fawazahmed0
2024-09-21,Bitso,MXN,19.414,19.410779,1.66,bitso/v3-ohlc+fawazahmed0
2024-09-21,Indodax,IDR,15135.0,15155.615183,-13.6,indodax/history_v2+fawazahmed0
2024-09-21,Upbit,KRW,1333.0,1332.391843,4.56,upbit/candles-days+fawazahmed0
2024-09-22,BTCTurk,TRY,34.199,34.113318,25.12,btcturk/v2-ohlc+fawazahmed0
2024-09-22,Bitkub,THB,33.01,32.997779,3.7,bitkub/tv-history+fawazahmed0
2024-09-22,Bitso,MXN,19.336,19.415283,-40.84,bitso/v3-ohlc+fawazahmed0
2024-09-22,Indodax,IDR,15163.0,15158.192082,3.17,indodax/history_v2+fawazahmed0
2024-09-22,Upbit,KRW,1336.0,1335.016906,7.36,upbit/candles-days+fawazahmed0
2024-09-23,BTCTurk,TRY,34.184,34.13594,14.08,btcturk/v2-ohlc+fawazahmed0
2024-09-23,Bitkub,THB,32.94,32.947004,-2.13,bitkub/tv-history+fawazahmed0
2024-09-23,Bitso,MXN,19.368,19.37766,-4.99,bitso/v3-ohlc+fawazahmed0
2024-09-23,Indodax,IDR,15210.0,15150.995246,38.94,indodax/history_v2+fawazahmed0
2024-09-23,Upbit,KRW,1337.0,1334.521961,18.57,upbit/candles-days+fawazahmed0
2024-09-24,BTCTurk,TRY,34.099,34.154828,-16.35,btcturk/v2-ohlc+fawazahmed0
2024-09-24,Bitkub,THB,32.72,32.999135,-84.59,bitkub/tv-history+fawazahmed0
2024-09-24,Bitso,MXN,19.309,19.425912,-60.18,bitso/v3-ohlc+fawazahmed0
2024-09-24,Indodax,IDR,15168.0,15193.49124,-16.78,indodax/history_v2+fawazahmed0
2024-09-24,Upbit,KRW,1327.0,1335.584781,-64.28,upbit/candles-days+fawazahmed0
2024-09-25,BTCTurk,TRY,34.22,34.128012,26.95,btcturk/v2-ohlc+fawazahmed0
2024-09-25,Bitkub,THB,32.78,32.641231,42.51,bitkub/tv-history+fawazahmed0
2024-09-25,Bitso,MXN,19.55,19.330704,113.44,bitso/v3-ohlc+fawazahmed0
2024-09-25,Indodax,IDR,15212.0,15103.596065,71.77,indodax/history_v2+fawazahmed0
2024-09-25,Upbit,KRW,1337.0,1328.197871,66.27,upbit/candles-days+fawazahmed0
2024-09-26,BTCTurk,TRY,34.188,34.182929,1.48,btcturk/v2-ohlc+fawazahmed0
2024-09-26,Bitkub,THB,32.46,32.707792,-75.76,bitkub/tv-history+fawazahmed0
2024-09-26,Bitso,MXN,19.585,19.644941,-30.51,bitso/v3-ohlc+fawazahmed0
2024-09-26,Indodax,IDR,15122.0,15165.317775,-28.56,indodax/history_v2+fawazahmed0
2024-09-26,Upbit,KRW,1321.0,1330.688354,-72.81,upbit/candles-days+fawazahmed0
2024-09-27,BTCTurk,TRY,34.182,34.183386,-0.41,btcturk/v2-ohlc+fawazahmed0
2024-09-27,Bitkub,THB,32.41,32.492976,-25.54,bitkub/tv-history+fawazahmed0
2024-09-27,Bitso,MXN,19.695,19.633387,31.38,bitso/v3-ohlc+fawazahmed0
2024-09-27,Indodax,IDR,15145.0,15102.129316,28.39,indodax/history_v2+fawazahmed0
2024-09-27,Upbit,KRW,1321.0,1320.255903,5.64,upbit/candles-days+fawazahmed0
2024-09-28,BTCTurk,TRY,34.19,34.157136,9.62,btcturk/v2-ohlc+fawazahmed0
2024-09-28,Bitkub,THB,32.48,32.364452,35.7,bitkub/tv-history+fawazahmed0
2024-09-28,Bitso,MXN,19.729,19.708697,10.3,bitso/v3-ohlc+fawazahmed0
2024-09-28,Indodax,IDR,15146.0,15120.002203,17.19,indodax/history_v2+fawazahmed0
2024-09-28,Upbit,KRW,1316.0,1310.277496,43.67,upbit/candles-days+fawazahmed0
2024-09-29,BTCTurk,TRY,34.231,34.167103,18.7,btcturk/v2-ohlc+fawazahmed0
2024-09-29,Bitkub,THB,32.41,32.404862,1.59,bitkub/tv-history+fawazahmed0
2024-09-29,Bitso,MXN,19.681,19.707972,-13.69,bitso/v3-ohlc+fawazahmed0
2024-09-29,Indodax,IDR,15156.0,15127.240241,19.01,indodax/history_v2+fawazahmed0
2024-09-29,Upbit,KRW,1310.0,1313.621231,-27.57,upbit/candles-days+fawazahmed0
2024-09-30,BTCTurk,TRY,34.261,34.179715,23.78,btcturk/v2-ohlc+fawazahmed0
2024-09-30,Bitkub,THB,32.29,32.353053,-19.49,bitkub/tv-history+fawazahmed0
2024-09-30,Bitso,MXN,19.66,19.694724,-17.63,bitso/v3-ohlc+fawazahmed0
2024-09-30,Indodax,IDR,15200.0,15117.666326,54.46,indodax/history_v2+fawazahmed0
2024-09-30,Upbit,KRW,1322.0,1304.751888,132.19,upbit/candles-days+fawazahmed0
2024-10-01,BTCTurk,TRY,34.296,34.199445,28.23,btcturk/v2-ohlc+fawazahmed0
2024-10-01,Bitkub,THB,32.61,32.456778,47.21,bitkub/tv-history+fawazahmed0
2024-10-01,Bitso,MXN,19.621,19.667561,-23.67,bitso/v3-ohlc+fawazahmed0
2024-10-01,Indodax,IDR,15310.0,15138.412076,113.35,indodax/history_v2+fawazahmed0
2024-10-01,Upbit,KRW,1340.0,1315.487582,186.34,upbit/candles-days+fawazahmed0
2024-10-02,BTCTurk,TRY,34.325,34.196619,37.54,btcturk/v2-ohlc+fawazahmed0
2024-10-02,Bitkub,THB,32.97,32.524688,136.91,bitkub/tv-history+fawazahmed0
2024-10-02,Bitso,MXN,19.498,19.606748,-55.46,bitso/v3-ohlc+fawazahmed0
2024-10-02,Indodax,IDR,15354.0,15213.957579,92.05,indodax/history_v2+fawazahmed0
2024-10-02,Upbit,KRW,1347.0,1322.066388,188.6,upbit/candles-days+fawazahmed0
2024-10-03,BTCTurk,TRY,34.32,34.242019,22.77,btcturk/v2-ohlc+fawazahmed0
2024-10-03,Bitkub,THB,33.19,33.06533,37.7,bitkub/tv-history+fawazahmed0
2024-10-03,Bitso,MXN,19.358,19.457701,-51.24,bitso/v3-ohlc+fawazahmed0
2024-10-03,Indodax,IDR,15490.0,15321.306812,110.1,indodax/history_v2+fawazahmed0
2024-10-03,Upbit,KRW,1357.0,1331.856434,188.79,upbit/candles-days+fawazahmed0
2024-10-04,BTCTurk,TRY,34.402,34.247727,45.05,btcturk/v2-ohlc+fawazahmed0
2024-10-04,Bitkub,THB,33.3,33.17986,36.21,bitkub/tv-history+fawazahmed0
2024-10-04,Bitso,MXN,19.327,19.363467,-18.83,bitso/v3-ohlc+fawazahmed0
2024-10-04,Indodax,IDR,15632.0,15459.272547,111.73,indodax/history_v2+fawazahmed0
2024-10-04,Upbit,KRW,1352.0,1334.346398,132.3,upbit/candles-days+fawazahmed0
2024-10-05,BTCTurk,TRY,34.468,34.184551,82.92,btcturk/v2-ohlc+fawazahmed0
2024-10-05,Bitkub,THB,33.19,33.254558,-19.41,bitkub/tv-history+fawazahmed0
2024-10-05,Bitso,MXN,19.33,19.286645,22.48,bitso/v3-ohlc+fawazahmed0
2024-10-05,Indodax,IDR,15548.0,15671.436895,-78.77,indodax/history_v2+fawazahmed0
2024-10-05,Upbit,KRW,1354.0,1346.892716,52.77,upbit/candles-days+fawazahmed0
2024-10-06,BTCTurk,TRY,34.35,34.274254,22.1,btcturk/v2-ohlc+fawazahmed0
2024-10-06,Bitkub,THB,33.35,33.15199,59.73,bitkub/tv-history+fawazahmed0
2024-10-06,Bitso,MXN,19.256,19.284784,-14.93,bitso/v3-ohlc+fawazahmed0
2024-10-06,Indodax,IDR,15577.0,15487.225256,57.97,indodax/history_v2+fawazahmed0
2024-10-06,Upbit,KRW,1346.0,1347.315866,-9.77,upbit/candles-days+fawazahmed0
2024-10-07,BTCTurk,TRY,34.343,34.283895,17.24,btcturk/v2-ohlc+fawazahmed0
2024-10-07,Bitkub,THB,33.36,33.396699,-10.99,bitkub/tv-history+fawazahmed0
2024-10-07,Bitso,MXN,19.327,19.263497,32.97,bitso/v3-ohlc+fawazahmed0
2024-10-07,Indodax,IDR,15689.0,15625.762839,40.47,indodax/history_v2+fawazahmed0
2024-10-07,Upbit,KRW,1349.0,1346.26445,20.32,upbit/candles-days+fawazahmed0
2024-10-08,BTCTurk,TRY,34.334,34.27185,18.13,btcturk/v2-ohlc+fawazahmed0
2024-10-08,Bitkub,THB,33.54,33.461913,23.34,bitkub/tv-history+fawazahmed0
2024-10-08,Bitso,MXN,19.338,19.297377,21.05,bitso/v3-ohlc+fawazahmed0
2024-10-08,Indodax,IDR,15700.0,15705.781716,-3.68,indodax/history_v2+fawazahmed0
2024-10-08,Upbit,KRW,1353.0,1347.515792,40.7,upbit/candles-days+fawazahmed0
2024-10-09,BTCTurk,TRY,34.3,34.272984,7.88,btcturk/v2-ohlc+fawazahmed0
2024-10-09,Bitkub,THB,33.52,33.462361,17.23,bitkub/tv-history+fawazahmed0
2024-10-09,Bitso,MXN,19.444,19.357738,44.56,bitso/v3-ohlc+fawazahmed0
2024-10-09,Indodax,IDR,15684.0,15646.357284,24.06,indodax/history_v2+fawazahmed0
2024-10-09,Upbit,KRW,1359.0,1342.438419,123.37,upbit/candles-days+fawazahmed0
2024-10-10,BTCTurk,TRY,34.26,34.273736,-4.01,btcturk/v2-ohlc+fawazahmed0
2024-10-10,Bitkub,THB,33.6,33.536769,18.85,bitkub/tv-history+fawazahmed0
2024-10-10,Bitso,MXN,19.433,19.465534,-16.71,bitso/v3-ohlc+fawazahmed0
2024-10-10,Indodax,IDR,15687.0,15653.070936,21.68,indodax/history_v2+fawazahmed0
2024-10-10,Upbit,KRW,1362.0,1348.863304,97.39,upbit/candles-days+fawazahmed0
2024-10-11,BTCTurk,TRY,34.295,34.278487,4.82,btcturk/v2-ohlc+fawazahmed0
2024-10-11,Bitkub,THB,33.19,33.349051,-47.69,bitkub/tv-history+fawazahmed0
2024-10-11,Bitso,MXN,19.279,19.457569,-91.77,bitso/v3-ohlc+fawazahmed0
2024-10-11,Indodax,IDR,15569.0,15650.730201,-52.22,indodax/history_v2+fawazahmed0
2024-10-11,Upbit,KRW,1351.0,1350.660989,2.51,upbit/candles-days+fawazahmed0
2024-10-12,BTCTurk,TRY,34.299,34.279584,5.66,btcturk/v2-ohlc+fawazahmed0
2024-10-12,Bitkub,THB,33.3,33.130744,51.09,bitkub/tv-history+fawazahmed0
2024-10-12,Bitso,MXN,19.283,19.287951,-2.57,bitso/v3-ohlc+fawazahmed0
2024-10-12,Indodax,IDR,15577.0,15564.632711,7.95,indodax/history_v2+fawazahmed0
2024-10-12,Upbit,KRW,1346.0,1349.318007,-24.59,upbit/candles-days+fawazahmed0
2024-10-13,BTCTurk,TRY,34.313,34.281896,9.07,btcturk/v2-ohlc+fawazahmed0
2024-10-13,Bitkub,THB,33.26,33.25633,1.1,bitkub/tv-history+fawazahmed0
2024-10-13,Bitso,MXN,19.277,19.277162,-0.08,bitso/v3-ohlc+fawazahmed0
2024-10-13,Indodax,IDR,15586.0,15584.7749,0.79,indodax/history_v2+fawazahmed0
2024-10-13,Upbit,KRW,1349.0,1350.880839,-13.92,upbit/candles-days+fawazahmed0
2024-10-14,BTCTurk,TRY,34.215,34.285505,-20.56,btcturk/v2-ohlc+fawazahmed0
2024-10-14,Bitkub,THB,33.02,33.239629,-66.07,bitkub/tv-history+fawazahmed0
2024-10-14,Bitso,MXN,19.342,19.3011,21.19,bitso/v3-ohlc+fawazahmed0
2024-10-14,Indodax,IDR,15490.0,15596.275094,-68.14,indodax/history_v2+fawazahmed0
2024-10-14,Upbit,KRW,1342.0,1354.421393,-91.71,upbit/candles-days+fawazahmed0
2024-10-15,BTCTurk,TRY,34.312,34.275019,10.79,btcturk/v2-ohlc+fawazahmed0
2024-10-15,Bitkub,THB,33.24,33.263682,-7.12,bitkub/tv-history+fawazahmed0
2024-10-15,Bitso,MXN,19.605,19.416737,96.96,bitso/v3-ohlc+fawazahmed0
2024-10-15,Indodax,IDR,15569.0,15566.154147,1.83,indodax/history_v2+fawazahmed0
2024-10-15,Upbit,KRW,1353.0,1359.392538,-47.02,upbit/candles-days+fawazahmed0
2024-10-16,BTCTurk,TRY,34.23,34.232098,-0.61,btcturk/v2-ohlc+fawazahmed0
2024-10-16,Bitkub,THB,33.19,33.271029,-24.35,bitkub/tv-history+fawazahmed0
2024-10-16,Bitso,MXN,19.803,19.711436,46.45,bitso/v3-ohlc+fawazahmed0
2024-10-16,Indodax,IDR,15537.0,15534.790334,1.42,indodax/history_v2+fawazahmed0
2024-10-16,Upbit,KRW,1356.0,1364.429124,-61.78,upbit/candles-days+fawazahmed0
2024-10-17,BTCTurk,TRY,34.23,34.207035,6.71,btcturk/v2-ohlc+fawazahmed0
2024-10-17,Bitkub,THB,33.22,33.2124,2.29,bitkub/tv-history+fawazahmed0
2024-10-17,Bitso,MXN,19.78,19.895284,-57.95,bitso/v3-ohlc+fawazahmed0
2024-10-17,Indodax,IDR,15537.0,15546.205142,-5.92,indodax/history_v2+fawazahmed0
2024-10-17,Upbit,KRW,1361.0,1364.545341,-25.98,upbit/candles-days+fawazahmed0
2024-10-18,BTCTurk,TRY,34.321,34.19397,37.15,btcturk/v2-ohlc+fawazahmed0
2024-10-18,Bitkub,THB,33.1,33.119814,-5.98,bitkub/tv-history+fawazahmed0
2024-10-18,Bitso,MXN,19.842,19.819733,11.23,bitso/v3-ohlc+fawazahmed0
2024-10-18,Indodax,IDR,15510.0,15513.427104,-2.21,indodax/history_v2+fawazahmed0
2024-10-18,Upbit,KRW,1364.0,1372.226179,-59.95,upbit/candles-days+fawazahmed0
2024-10-19,BTCTurk,TRY,34.3,34.151275,43.55,btcturk/v2-ohlc+fawazahmed0
2024-10-19,Bitkub,THB,33.2,33.126996,22.04,bitkub/tv-history+fawazahmed0
2024-10-19,Bitso,MXN,19.886,19.880298,2.87,bitso/v3-ohlc+fawazahmed0
2024-10-19,Indodax,IDR,15481.0,15477.443421,2.3,indodax/history_v2+fawazahmed0
2024-10-19,Upbit,KRW,1366.0,1369.72656,-27.21,upbit/candles-days+fawazahmed0
2024-10-20,BTCTurk,TRY,34.23,34.286949,-16.61,btcturk/v2-ohlc+fawazahmed0
2024-10-20,Bitkub,THB,33.16,33.128936,9.38,bitkub/tv-history+fawazahmed0
2024-10-20,Bitso,MXN,19.841,19.883334,-21.29,bitso/v3-ohlc+fawazahmed0
2024-10-20,Indodax,IDR,15456.0,15488.917716,-21.25,indodax/history_v2+fawazahmed0
2024-10-20,Upbit,KRW,1360.0,1368.611152,-62.92,upbit/candles-days+fawazahmed0
2024-10-21,BTCTurk,TRY,34.305,34.287387,5.14,btcturk/v2-ohlc+fawazahmed0
2024-10-21,Bitkub,THB,33.4,33.140771,78.22,bitkub/tv-history+fawazahmed0
2024-10-21,Bitso,MXN,19.916,19.892753,11.69,bitso/v3-ohlc+fawazahmed0
2024-10-21,Indodax,IDR,15564.0,15453.095488,71.77,indodax/history_v2+fawazahmed0
2024-10-21,Upbit,KRW,1370.0,1366.849764,23.05,upbit/candles-days+fawazahmed0
2024-10-22,BTCTurk,TRY,34.29,34.249275,11.89,btcturk/v2-ohlc+fawazahmed0
2024-10-22,Bitkub,THB,33.53,33.467671,18.62,bitkub/tv-history+fawazahmed0
2024-10-22,Bitso,MXN,19.964,19.957118,3.45,bitso/v3-ohlc+fawazahmed0
2024-10-22,Indodax,IDR,15604.0,15533.290275,45.52,indodax/history_v2+fawazahmed0
2024-10-22,Upbit,KRW,1378.0,1379.696708,-12.3,upbit/candles-days+fawazahmed0
2024-10-23,BTCTurk,TRY,34.341,34.264924,22.2,btcturk/v2-ohlc+fawazahmed0
2024-10-23,Bitkub,THB,33.77,33.629186,41.87,bitkub/tv-history+fawazahmed0
2024-10-23,Bitso,MXN,19.797,19.967148,-85.21,bitso/v3-ohlc+fawazahmed0
2024-10-23,Indodax,IDR,15684.0,15605.577699,50.25,indodax/history_v2+fawazahmed0
2024-10-23,Upbit,KRW,1385.0,1384.252777,5.4,upbit/candles-days+fawazahmed0
2024-10-24,BTCTurk,TRY,34.271,34.28952,-5.4,btcturk/v2-ohlc+fawazahmed0
2024-10-24,Bitkub,THB,33.63,33.77931,-44.2,bitkub/tv-history+fawazahmed0
2024-10-24,Bitso,MXN,19.821,19.831042,-5.06,bitso/v3-ohlc+fawazahmed0
2024-10-24,Indodax,IDR,15629.0,15636.023465,-4.49,indodax/history_v2+fawazahmed0
2024-10-24,Upbit,KRW,1381.0,1381.665571,-4.82,upbit/candles-days+fawazahmed0
2024-10-25,BTCTurk,TRY,34.542,34.310699,67.41,btcturk/v2-ohlc+fawazahmed0
2024-10-25,Bitkub,THB,33.74,33.667443,21.55,bitkub/tv-history+fawazahmed0
2024-10-25,Bitso,MXN,20.027,19.824089,102.36,bitso/v3-ohlc+fawazahmed0
2024-10-25,Indodax,IDR,15713.0,15596.569107,74.65,indodax/history_v2+fawazahmed0
2024-10-25,Upbit,KRW,1406.0,1380.351655,185.81,upbit/candles-days+fawazahmed0
2024-10-26,BTCTurk,TRY,34.553,34.28312,78.72,btcturk/v2-ohlc+fawazahmed0
2024-10-26,Bitkub,THB,33.79,33.657445,39.38,bitkub/tv-history+fawazahmed0
2024-10-26,Bitso,MXN,20.018,19.979655,19.19,bitso/v3-ohlc+fawazahmed0
2024-10-26,Indodax,IDR,15713.0,15681.687851,19.97,indodax/history_v2+fawazahmed0
2024-10-26,Upbit,KRW,1401.0,1388.604403,89.27,upbit/candles-days+fawazahmed0
2024-10-27,BTCTurk,TRY,34.41,34.285203,36.4,btcturk/v2-ohlc+fawazahmed0
2024-10-27,Bitkub,THB,33.72,33.671529,14.4,bitkub/tv-history+fawazahmed0
2024-10-27,Bitso,MXN,20.013,19.968167,22.45,bitso/v3-ohlc+fawazahmed0
2024-10-27,Indodax,IDR,15676.0,15638.917067,23.71,indodax/history_v2+fawazahmed0
2024-10-27,Upbit,KRW,1394.0,1388.659489,38.46,upbit/candles-days+fawazahmed0
2024-10-28,BTCTurk,TRY,34.437,34.300594,39.77,btcturk/v2-ohlc+fawazahmed0
2024-10-28,Bitkub,THB,33.77,33.796421,-7.82,bitkub/tv-history+fawazahmed0
2024-10-28,Bitso,MXN,19.982,19.981665,0.17,bitso/v3-ohlc+fawazahmed0
2024-10-28,Indodax,IDR,15739.0,15660.565434,50.08,indodax/history_v2+fawazahmed0
2024-10-28,Upbit,KRW,1393.0,1388.846713,29.9,upbit/candles-days+fawazahmed0
2024-10-29,BTCTurk,TRY,34.331,34.297284,9.83,btcturk/v2-ohlc+fawazahmed0
2024-10-29,Bitkub,THB,33.65,33.754836,-31.06,bitkub/tv-history+fawazahmed0
2024-10-29,Bitso,MXN,20.043,20.03631,3.34,bitso/v3-ohlc+fawazahmed0
2024-10-29,Indodax,IDR,15734.0,15741.12447,-4.53,indodax/history_v2+fawazahmed0
2024-10-29,Upbit,KRW,1393.0,1380.208784,92.68,upbit/candles-days+fawazahmed0
2024-10-30,BTCTurk,TRY,34.32,34.290938,8.48,btcturk/v2-ohlc+fawazahmed0
2024-10-30,Bitkub,THB,33.72,33.64257,23.02,bitkub/tv-history+fawazahmed0
2024-10-30,Bitso,MXN,20.147,20.048756,49.0,bitso/v3-ohlc+fawazahmed0
2024-10-30,Indodax,IDR,15711.0,15739.417852,-18.06,indodax/history_v2+fawazahmed0
2024-10-30,Upbit,KRW,1391.0,1382.704534,59.99,upbit/candles-days+fawazahmed0
2024-10-31,BTCTurk,TRY,34.35,34.295172,15.99,btcturk/v2-ohlc+fawazahmed0
2024-10-31,Bitkub,THB,33.87,33.806842,18.68,bitkub/tv-history+fawazahmed0
2024-10-31,Bitso,MXN,20.036,20.165713,-64.32,bitso/v3-ohlc+fawazahmed0
2024-10-31,Indodax,IDR,15760.0,15699.537829,38.51,indodax/history_v2+fawazahmed0
2024-10-31,Upbit,KRW,1396.0,1379.509667,119.54,upbit/candles-days+fawazahmed0
2024-11-01,BTCTurk,TRY,34.54,34.314144,65.82,btcturk/v2-ohlc+fawazahmed0
2024-11-01,Bitkub,THB,33.99,33.823543,49.21,bitkub/tv-history+fawazahmed0
2024-11-01,Bitso,MXN,20.361,20.052762,153.71,bitso/v3-ohlc+fawazahmed0
2024-11-01,Indodax,IDR,15848.0,15705.798271,90.54,indodax/history_v2+fawazahmed0
2024-11-01,Upbit,KRW,1400.0,1378.199342,158.18,upbit/candles-days+fawazahmed0
2024-11-02,BTCTurk,TRY,34.579,34.327077,73.39,btcturk/v2-ohlc+fawazahmed0
2024-11-02,Bitkub,THB,34.01,33.911564,29.03,bitkub/tv-history+fawazahmed0
2024-11-02,Bitso,MXN,20.671,20.282458,191.57,bitso/v3-ohlc+fawazahmed0
2024-11-02,Indodax,IDR,15856.0,15854.484369,0.96,indodax/history_v2+fawazahmed0
2024-11-02,Upbit,KRW,1402.0,1380.388469,156.56,upbit/candles-days+fawazahmed0
2024-11-03,BTCTurk,TRY,34.688,34.313533,109.13,btcturk/v2-ohlc+fawazahmed0
2024-11-03,Bitkub,THB,34.19,33.880848,91.25,bitkub/tv-history+fawazahmed0
2024-11-03,Bitso,MXN,20.1,20.282881,-90.17,bitso/v3-ohlc+fawazahmed0
2024-11-03,Indodax,IDR,15883.0,15738.737231,91.66,indodax/history_v2+fawazahmed0
2024-11-03,Upbit,KRW,1395.0,1379.406982,113.04,upbit/candles-days+fawazahmed0
2024-11-04,BTCTurk,TRY,34.519,34.342329,51.44,btcturk/v2-ohlc+fawazahmed0
2024-11-04,Bitkub,THB,33.77,33.827129,-16.89,bitkub/tv-history+fawazahmed0
2024-11-04,Bitso,MXN,20.257,20.105163,75.52,bitso/v3-ohlc+fawazahmed0
2024-11-04,Indodax,IDR,15879.0,15843.292061,22.54,indodax/history_v2+fawazahmed0
2024-11-04,Upbit,KRW,1390.0,1371.668592,133.64,upbit/candles-days+fawazahmed0
2024-11-05,BTCTurk,TRY,34.427,34.355072,20.94,btcturk/v2-ohlc+fawazahmed0
2024-11-05,Bitkub,THB,33.64,33.776546,-40.43,bitkub/tv-history+fawazahmed0
2024-11-05,Bitso,MXN,20.612,20.119644,244.71,bitso/v3-ohlc+fawazahmed0
2024-11-05,Indodax,IDR,15818.0,15782.940018,22.21,indodax/history_v2+fawazahmed0
2024-11-05,Upbit,KRW,1388.0,1378.008759,72.5,upbit/candles-days+fawazahmed0
2024-11-06,BTCTurk,TRY,34.249,34.301987,-15.45,btcturk/v2-ohlc+fawazahmed0
2024-11-06,Bitkub,THB,33.96,33.808001,44.96,bitkub/tv-history+fawazahmed0
2024-11-06,Bitso,MXN,20.116,20.389004,-133.9,bitso/v3-ohlc+fawazahmed0
2024-11-06,Indodax,IDR,15740.0,15823.6922,-52.89,indodax/history_v2+fawazahmed0
2024-11-06,Upbit,KRW,1379.0,1387.93136,-64.35,upbit/candles-days+fawazahmed0
2024-11-07,BTCTurk,TRY,34.331,34.20989,35.4,btcturk/v2-ohlc+fawazahmed0
2024-11-07,Bitkub,THB,33.92,34.448812,-153.51,bitkub/tv-history+fawazahmed0
2024-11-07,Bitso,MXN,19.826,20.200677,-185.48,bitso/v3-ohlc+fawazahmed0
2024-11-07,Indodax,IDR,15606.0,15839.417544,-147.36,indodax/history_v2+fawazahmed0
2024-11-07,Upbit,KRW,1375.0,1401.368708,-188.16,upbit/candles-days+fawazahmed0
2024-11-08,BTCTurk,TRY,34.544,34.352781,55.66,btcturk/v2-ohlc+fawazahmed0
2024-11-08,Bitkub,THB,34.22,34.093976,36.96,bitkub/tv-history+fawazahmed0
2024-11-08,Bitso,MXN,20.217,19.833314,193.46,bitso/v3-ohlc+fawazahmed0
2024-11-08,Indodax,IDR,15713.0,15629.957617,53.13,indodax/history_v2+fawazahmed0
2024-11-08,Upbit,KRW,1397.0,1385.462913,83.27,upbit/candles-days+fawazahmed0
2024-11-09,BTCTurk,TRY,34.428,34.368192,17.4,btcturk/v2-ohlc+fawazahmed0
2024-11-09,Bitkub,THB,34.1,34.176414,-22.36,bitkub/tv-history+fawazahmed0
2024-11-09,Bitso,MXN,20.142,20.158843,-8.36,bitso/v3-ohlc+fawazahmed0
2024-11-09,Indodax,IDR,15726.0,15652.796556,46.77,indodax/history_v2+fawazahmed0
2024-11-09,Upbit,KRW,1386.0,1397.780428,-84.28,upbit/candles-days+fawazahmed0
2024-11-10,BTCTurk,TRY,34.317,34.381709,-18.82,btcturk/v2-ohlc+fawazahmed0
2024-11-10,Bitkub,THB,33.86,34.138474,-81.57,bitkub/tv-history+fawazahmed0
2024-11-10,Bitso,MXN,20.17,20.181106,-5.5,bitso/v3-ohlc+fawazahmed0
2024-11-10,Indodax,IDR,15652.0,15674.439018,-14.32,indodax/history_v2+fawazahmed0
2024-11-10,Upbit,KRW,1386.0,1396.739088,-76.89,upbit/candles-days+fawazahmed0
2024-11-11,BTCTurk,TRY,34.307,34.36629,-17.25,btcturk/v2-ohlc+fawazahmed0
2024-11-11,Bitkub,THB,34.06,34.254856,-56.88,bitkub/tv-history+fawazahmed0
2024-11-11,Bitso,MXN,20.451,20.138637,155.11,bitso/v3-ohlc+fawazahmed0
2024-11-11,Indodax,IDR,15720.0,15672.85407,30.08,indodax/history_v2+fawazahmed0
2024-11-11,Upbit,KRW,1403.0,1394.447362,61.33,upbit/candles-days+fawazahmed0
2024-11-12,BTCTurk,TRY,34.405,34.362467,12.38,btcturk/v2-ohlc+fawazahmed0
2024-11-12,Bitkub,THB,34.26,34.6665,-117.26,bitkub/tv-history+fawazahmed0
2024-11-12,Bitso,MXN,20.587,20.376766,103.17,bitso/v3-ohlc+fawazahmed0
2024-11-12,Indodax,IDR,15804.0,15758.032078,29.17,indodax/history_v2+fawazahmed0
2024-11-12,Upbit,KRW,1422.0,1403.034164,135.18,upbit/candles-days+fawazahmed0
2024-11-13,BTCTurk,TRY,34.431,34.389404,12.1,btcturk/v2-ohlc+fawazahmed0
2024-11-13,Bitkub,THB,34.36,34.726048,-105.41,bitkub/tv-history+fawazahmed0
2024-11-13,Bitso,MXN,20.595,20.560039,17.0,bitso/v3-ohlc+fawazahmed0
2024-11-13,Indodax,IDR,15846.0,15778.854767,42.55,indodax/history_v2+fawazahmed0
2024-11-13,Upbit,KRW,1418.0,1406.19646,83.94,upbit/candles-days+fawazahmed0
2024-11-14,BTCTurk,TRY,34.8,34.366214,126.22,btcturk/v2-ohlc+fawazahmed0
2024-11-14,Bitkub,THB,34.87,35.014871,-41.37,bitkub/tv-history+fawazahmed0
2024-11-14,Bitso,MXN,20.466,20.559244,-45.35,bitso/v3-ohlc+fawazahmed0
2024-11-14,Indodax,IDR,15988.0,15833.22542,97.75,indodax/history_v2+fawazahmed0
2024-11-14,Upbit,KRW,1418.0,1407.388109,75.4,upbit/candles-days+fawazahmed0
2024-11-15,BTCTurk,TRY,34.461,34.420737,11.7,btcturk/v2-ohlc+fawazahmed0
2024-11-15,Bitkub,THB,34.86,34.975241,-32.95,bitkub/tv-history+fawazahmed0
2024-11-15,Bitso,MXN,20.378,20.482353,-50.95,bitso/v3-ohlc+fawazahmed0
2024-11-15,Indodax,IDR,15902.0,15927.927164,-16.28,indodax/history_v2+fawazahmed0
2024-11-15,Upbit,KRW,1409.0,1405.788432,22.85,upbit/candles-days+fawazahmed0
2024-11-16,BTCTurk,TRY,34.525,34.431827,27.06,btcturk/v2-ohlc+fawazahmed0
2024-11-16,Bitkub,THB,34.68,34.809333,-37.15,bitkub/tv-history+fawazahmed0
2024-11-16,Bitso,MXN,20.438,20.355046,40.75,bitso/v3-ohlc+fawazahmed0
2024-11-16,Indodax,IDR,15843.0,15902.986784,-37.72,indodax/history_v2+fawazahmed0
2024-11-16,Upbit,KRW,1405.0,1395.789157,65.99,upbit/candles-days+fawazahmed0
2024-11-17,BTCTurk,TRY,34.635,34.444583,55.28,btcturk/v2-ohlc+fawazahmed0
2024-11-17,Bitkub,THB,34.69,34.881686,-54.95,bitkub/tv-history+fawazahmed0
2024-11-17,Bitso,MXN,20.389,20.341035,23.58,bitso/v3-ohlc+fawazahmed0
2024-11-17,Indodax,IDR,15947.0,15869.528273,48.82,indodax/history_v2+fawazahmed0
2024-11-17,Upbit,KRW,1408.0,1394.806851,94.59,upbit/candles-days+fawazahmed0
2024-11-18,BTCTurk,TRY,34.657,34.486226,49.52,btcturk/v2-ohlc+fawazahmed0
2024-11-18,Bitkub,THB,34.55,34.752663,-58.32,bitkub/tv-history+fawazahmed0
2024-11-18,Bitso,MXN,20.248,20.352786,-51.48,bitso/v3-ohlc+fawazahmed0
2024-11-18,Indodax,IDR,15910.0,15852.164235,36.48,indodax/history_v2+fawazahmed0
2024-11-18,Upbit,KRW,1405.0,1390.921919,101.21,upbit/candles-days+fawazahmed0
2024-11-19,BTCTurk,TRY,34.698,34.6036,27.28,btcturk/v2-ohlc+fawazahmed0
2024-11-19,Bitkub,THB,34.52,34.632757,-32.56,bitkub/tv-history+fawazahmed0
2024-11-19,Bitso,MXN,20.171,20.211287,-19.93,bitso/v3-ohlc+fawazahmed0
2024-11-19,Indodax,IDR,15911.0,15816.535658,59.73,indodax/history_v2+fawazahmed0
2024-11-19,Upbit,KRW,1407.0,1392.914073,101.13,upbit/candles-days+fawazahmed0
2024-11-20,BTCTurk,TRY,34.65,34.473069,51.32,btcturk/v2-ohlc+fawazahmed0
2024-11-20,Bitkub,THB,34.65,34.510014,40.56,bitkub/tv-history+fawazahmed0
2024-11-20,Bitso,MXN,20.293,20.120821,85.57,bitso/v3-ohlc+fawazahmed0
2024-11-20,Indodax,IDR,15939.0,15847.812849,57.54,indodax/history_v2+fawazahmed0
2024-11-20,Upbit,KRW,1414.0,1393.364797,148.1,upbit/candles-days+fawazahmed0
2024-11-21,BTCTurk,TRY,34.467,34.506393,-11.42,btcturk/v2-ohlc+fawazahmed0
2024-11-21,Bitkub,THB,34.64,34.617161,6.6,bitkub/tv-history+fawazahmed0
2024-11-21,Bitso,MXN,20.449,20.288662,79.03,bitso/v3-ohlc+fawazahmed0
2024-11-21,Indodax,IDR,15878.0,15911.015467,-20.75,indodax/history_v2+fawazahmed0
2024-11-21,Upbit,KRW,1398.0,1398.639046,-4.57,upbit/candles-days+fawazahmed0
2024-11-22,BTCTurk,TRY,34.702,34.537239,47.71,btcturk/v2-ohlc+fawazahmed0
2024-11-22,Bitkub,THB,34.42,34.760407,-97.93,bitkub/tv-history+fawazahmed0
2024-11-22,Bitso,MXN,20.437,20.424401,6.17,bitso/v3-ohlc+fawazahmed0
2024-11-22,Indodax,IDR,15903.0,15919.426491,-10.32,indodax/history_v2+fawazahmed0
2024-11-22,Upbit,KRW,1387.0,1400.177662,-94.11,upbit/candles-days+fawazahmed0
2024-11-23,BTCTurk,TRY,34.652,34.559326,26.82,btcturk/v2-ohlc+fawazahmed0
2024-11-23,Bitkub,THB,34.49,34.469181,6.04,bitkub/tv-history+fawazahmed0
2024-11-23,Bitso,MXN,20.443,20.427913,7.39,bitso/v3-ohlc+fawazahmed0
2024-11-23,Indodax,IDR,15920.0,15944.806986,-15.56,indodax/history_v2+fawazahmed0
2024-11-23,Upbit,KRW,1394.0,1404.459652,-74.47,upbit/candles-days+fawazahmed0
2024-11-24,BTCTurk,TRY,34.58,34.595004,-4.34,btcturk/v2-ohlc+fawazahmed0
2024-11-24,Bitkub,THB,34.55,34.52205,8.1,bitkub/tv-history+fawazahmed0
2024-11-24,Bitso,MXN,20.365,20.42244,-28.13,bitso/v3-ohlc+fawazahmed0
2024-11-24,Indodax,IDR,15948.0,15905.374733,26.8,indodax/history_v2+fawazahmed0
2024-11-24,Upbit,KRW,1392.0,1402.980876,-78.27,upbit/candles-days+fawazahmed0
2024-11-25,BTCTurk,TRY,34.65,34.53591,33.04,btcturk/v2-ohlc+fawazahmed0
2024-11-25,Bitkub,THB,34.71,34.407186,88.01,bitkub/tv-history+fawazahmed0
2024-11-25,Bitso,MXN,20.573,20.358423,105.4,bitso/v3-ohlc+fawazahmed0
2024-11-25,Indodax,IDR,15999.0,15921.302936,48.8,indodax/history_v2+fawazahmed0
2024-11-25,Upbit,KRW,1395.0,1404.444067,-67.24,upbit/candles-days+fawazahmed0
2024-11-26,BTCTurk,TRY,34.769,34.626993,41.01,btcturk/v2-ohlc+fawazahmed0
2024-11-26,Bitkub,THB,34.78,34.741925,10.96,bitkub/tv-history+fawazahmed0
2024-11-26,Bitso,MXN,20.689,20.601059,42.69,bitso/v3-ohlc+fawazahmed0
2024-11-26,Indodax,IDR,15996.0,15898.599283,61.26,indodax/history_v2+fawazahmed0
2024-11-26,Upbit,KRW,1400.0,1404.155768,-29.6,upbit/candles-days+fawazahmed0
2024-11-27,BTCTurk,TRY,34.586,34.654233,-19.69,btcturk/v2-ohlc+fawazahmed0
2024-11-27,Bitkub,THB,34.55,34.683885,-38.6,bitkub/tv-history+fawazahmed0
2024-11-27,Bitso,MXN,20.427,20.683617,-124.07,bitso/v3-ohlc+fawazahmed0
2024-11-27,Indodax,IDR,15911.0,15908.902066,1.32,indodax/history_v2+fawazahmed0
2024-11-27,Upbit,KRW,1389.0,1397.449233,-60.46,upbit/candles-days+fawazahmed0
2024-11-28,BTCTurk,TRY,34.601,34.666707,-18.95,btcturk/v2-ohlc+fawazahmed0
2024-11-28,Bitkub,THB,34.34,34.509644,-49.16,bitkub/tv-history+fawazahmed0
2024-11-28,Bitso,MXN,20.425,20.401004,11.76,bitso/v3-ohlc+fawazahmed0
2024-11-28,Indodax,IDR,15876.0,15863.361021,7.97,indodax/history_v2+fawazahmed0
2024-11-28,Upbit,KRW,1393.0,1392.368077,4.54,upbit/candles-days+fawazahmed0
2024-11-29,BTCTurk,TRY,34.586,34.69148,-30.41,btcturk/v2-ohlc+fawazahmed0
2024-11-29,Bitkub,THB,34.14,34.277508,-40.12,bitkub/tv-history+fawazahmed0
2024-11-29,Bitso,MXN,20.394,20.455569,-30.1,bitso/v3-ohlc+fawazahmed0
2024-11-29,Indodax,IDR,15825.0,15864.360486,-24.81,indodax/history_v2+fawazahmed0
2024-11-29,Upbit,KRW,1383.0,1394.14134,-79.92,upbit/candles-days+fawazahmed0
2024-11-30,BTCTurk,TRY,34.701,34.681578,5.6,btcturk/v2-ohlc+fawazahmed0
2024-11-30,Bitkub,THB,34.16,34.290135,-37.95,bitkub/tv-history+fawazahmed0
2024-11-30,Bitso,MXN,20.521,20.376039,71.14,bitso/v3-ohlc+fawazahmed0
2024-11-30,Indodax,IDR,15845.0,15832.374477,7.97,indodax/history_v2+fawazahmed0
2024-11-30,Upbit,KRW,1388.0,1394.314287,-45.29,upbit/candles-days+fawazahmed0
2024-12-01,BTCTurk,TRY,34.621,34.696667,-21.81,btcturk/v2-ohlc+fawazahmed0
2024-12-01,Bitkub,THB,34.15,34.284454,-39.22,bitkub/tv-history+fawazahmed0
2024-12-01,Bitso,MXN,20.475,20.374775,49.19,bitso/v3-ohlc+fawazahmed0
2024-12-01,Indodax,IDR,15747.0,15847.90587,-63.67,indodax/history_v2+fawazahmed0
2024-12-01,Upbit,KRW,1378.0,1394.940051,-121.44,upbit/candles-days+fawazahmed0
2024-12-02,BTCTurk,TRY,34.744,34.718549,7.33,btcturk/v2-ohlc+fawazahmed0
2024-12-02,Bitkub,THB,34.42,34.468916,-14.19,bitkub/tv-history+fawazahmed0
2024-12-02,Bitso,MXN,20.444,20.437787,3.04,bitso/v3-ohlc+fawazahmed0
2024-12-02,Indodax,IDR,15900.0,15840.444595,37.6,indodax/history_v2+fawazahmed0
2024-12-02,Upbit,KRW,1397.0,1400.897825,-27.82,upbit/candles-days+fawazahmed0
2024-12-03,BTCTurk,TRY,34.7,34.755426,-15.95,btcturk/v2-ohlc+fawazahmed0
2024-12-03,Bitkub,THB,34.53,34.557404,-7.93,bitkub/tv-history+fawazahmed0
2024-12-03,Bitso,MXN,20.369,20.41307,-21.59,bitso/v3-ohlc+fawazahmed0
2024-12-03,Indodax,IDR,16027.0,15923.446949,65.03,indodax/history_v2+fawazahmed0
2024-12-03,Upbit,KRW,1400.0,1404.377129,-31.17,upbit/candles-days+fawazahmed0
2024-12-04,BTCTurk,TRY,34.829,34.758247,20.36,btcturk/v2-ohlc+fawazahmed0
2024-12-04,Bitkub,THB,34.41,34.379972,8.73,bitkub/tv-history+fawazahmed0
2024-12-04,Bitso,MXN,20.261,20.335725,-36.75,bitso/v3-ohlc+fawazahmed0
2024-12-04,Indodax,IDR,15887.0,15960.529955,-46.07,indodax/history_v2+fawazahmed0
2024-12-04,Upbit,KRW,1409.0,1415.647914,-46.96,upbit/candles-days+fawazahmed0
2024-12-05,BTCTurk,TRY,34.918,34.75647,46.47,btcturk/v2-ohlc+fawazahmed0
2024-12-05,Bitkub,THB,34.01,34.254004,-71.23,bitkub/tv-history+fawazahmed0
2024-12-05,Bitso,MXN,20.279,20.303956,-12.29,bitso/v3-ohlc+fawazahmed0
2024-12-05,Indodax,IDR,15996.0,15910.92768,53.47,indodax/history_v2+fawazahmed0
2024-12-05,Upbit,KRW,1417.0,1415.143631,13.12,upbit/candles-days+fawazahmed0
2024-12-06,BTCTurk,TRY,34.84,34.784575,15.93,btcturk/v2-ohlc+fawazahmed0
2024-12-06,Bitkub,THB,34.03,34.177111,-43.04,bitkub/tv-history+fawazahmed0
2024-12-06,Bitso,MXN,20.256,20.223742,15.95,bitso/v3-ohlc+fawazahmed0
2024-12-06,Indodax,IDR,15830.0,15847.076645,-10.78,indodax/history_v2+fawazahmed0
2024-12-06,Upbit,KRW,1398.0,1422.274958,-170.68,upbit/candles-days+fawazahmed0
2024-12-07,BTCTurk,TRY,34.854,34.741483,32.39,btcturk/v2-ohlc+fawazahmed0
2024-12-07,Bitkub,THB,34.04,34.062844,-6.71,bitkub/tv-history+fawazahmed0
2024-12-07,Bitso,MXN,20.189,20.187607,0.69,bitso/v3-ohlc+fawazahmed0
2024-12-07,Indodax,IDR,15803.0,15859.017128,-35.32,indodax/history_v2+fawazahmed0
2024-12-07,Upbit,KRW,1393.0,1425.23238,-226.16,upbit/candles-days+fawazahmed0
2024-12-08,BTCTurk,TRY,34.826,34.769464,16.26,btcturk/v2-ohlc+fawazahmed0
2024-12-08,Bitkub,THB,34.17,34.07443,28.05,bitkub/tv-history+fawazahmed0
2024-12-08,Bitso,MXN,20.228,20.193503,17.08,bitso/v3-ohlc+fawazahmed0
2024-12-08,Indodax,IDR,15821.0,15853.141272,-20.27,indodax/history_v2+fawazahmed0
2024-12-08,Upbit,KRW,1397.0,1420.515922,-165.54,upbit/candles-days+fawazahmed0
2024-12-09,BTCTurk,TRY,35.171,34.805701,104.95,btcturk/v2-ohlc+fawazahmed0
2024-12-09,Bitkub,THB,33.9,34.019204,-35.04,bitkub/tv-history+fawazahmed0
2024-12-09,Bitso,MXN,20.321,20.192227,63.77,bitso/v3-ohlc+fawazahmed0
2024-12-09,Indodax,IDR,16055.0,15851.800052,128.19,indodax/history_v2+fawazahmed0
2024-12-09,Upbit,KRW,1427.0,1431.327388,-30.23,upbit/candles-days+fawazahmed0
2024-12-10,BTCTurk,TRY,35.118,34.836401,80.83,btcturk/v2-ohlc+fawazahmed0
2024-12-10,Bitkub,THB,33.82,33.780057,11.82,bitkub/tv-history+fawazahmed0
2024-12-10,Bitso,MXN,20.234,20.243929,-4.9,bitso/v3-ohlc+fawazahmed0
2024-12-10,Indodax,IDR,15965.0,15863.553813,63.95,indodax/history_v2+fawazahmed0
2024-12-10,Upbit,KRW,1433.0,1428.937805,28.43,upbit/candles-days+fawazahmed0
2024-12-11,BTCTurk,TRY,34.908,34.869043,11.17,btcturk/v2-ohlc+fawazahmed0
2024-12-11,Bitkub,THB,33.86,33.684095,52.22,bitkub/tv-history+fawazahmed0
2024-12-11,Bitso,MXN,20.162,20.160979,0.51,bitso/v3-ohlc+fawazahmed0
2024-12-11,Indodax,IDR,15954.0,15887.808263,41.66,indodax/history_v2+fawazahmed0
2024-12-11,Upbit,KRW,1417.0,1430.499343,-94.37,upbit/candles-days+fawazahmed0
2024-12-12,BTCTurk,TRY,34.964,34.880386,23.97,btcturk/v2-ohlc+fawazahmed0
2024-12-12,Bitkub,THB,33.82,33.879927,-17.69,bitkub/tv-history+fawazahmed0
2024-12-12,Bitso,MXN,20.213,20.125095,43.68,bitso/v3-ohlc+fawazahmed0
2024-12-12,Indodax,IDR,15963.0,15931.812946,19.58,indodax/history_v2+fawazahmed0
2024-12-12,Upbit,KRW,1428.0,1431.958902,-27.65,upbit/candles-days+fawazahmed0
2024-12-13,BTCTurk,TRY,35.02,34.955344,18.5,btcturk/v2-ohlc+fawazahmed0
2024-12-13,Bitkub,THB,34.04,33.974316,19.33,bitkub/tv-history+fawazahmed0
2024-12-13,Bitso,MXN,20.2,20.224948,-12.34,bitso/v3-ohlc+fawazahmed0
2024-12-13,Indodax,IDR,16000.0,15963.310031,22.98,indodax/history_v2+fawazahmed0
2024-12-13,Upbit,KRW,1425.0,1432.785856,-54.34,upbit/candles-days+fawazahmed0
2024-12-14,BTCTurk,TRY,35.125,34.956639,48.16,btcturk/v2-ohlc+fawazahmed0
2024-12-14,Bitkub,THB,34.04,34.129285,-26.16,bitkub/tv-history+fawazahmed0
2024-12-14,Bitso,MXN,20.19,20.130188,29.71,bitso/v3-ohlc+fawazahmed0
2024-12-14,Indodax,IDR,16076.0,16036.836956,24.42,indodax/history_v2+fawazahmed0
2024-12-14,Upbit,KRW,1439.0,1435.419762,24.94,upbit/candles-days+fawazahmed0
2024-12-15,BTCTurk,TRY,35.036,34.941502,27.04,btcturk/v2-ohlc+fawazahmed0
2024-12-15,Bitkub,THB,33.93,34.058929,-37.85,bitkub/tv-history+fawazahmed0
2024-12-15,Bitso,MXN,20.134,20.119186,7.36,bitso/v3-ohlc+fawazahmed0
2024-12-15,Indodax,IDR,15925.0,15992.725375,-42.35,indodax/history_v2+fawazahmed0
2024-12-15,Upbit,KRW,1430.0,1434.658938,-32.47,upbit/candles-days+fawazahmed0
2024-12-16,BTCTurk,TRY,35.019,34.969909,14.04,btcturk/v2-ohlc+fawazahmed0
2024-12-16,Bitkub,THB,33.92,34.14308,-65.34,bitkub/tv-history+fawazahmed0
2024-12-16,Bitso,MXN,20.153,20.11788,17.46,bitso/v3-ohlc+fawazahmed0
2024-12-16,Indodax,IDR,16038.0,16029.326508,5.41,indodax/history_v2+fawazahmed0
2024-12-16,Upbit,KRW,1447.0,1436.669058,71.91,upbit/candles-days+fawazahmed0
2024-12-17,BTCTurk,TRY,35.128,34.973715,44.11,btcturk/v2-ohlc+fawazahmed0
2024-12-17,Bitkub,THB,34.21,34.071674,40.6,bitkub/tv-history+fawazahmed0
2024-12-17,Bitso,MXN,20.258,20.113393,71.9,bitso/v3-ohlc+fawazahmed0
2024-12-17,Indodax,IDR,16100.0,16030.412418,43.41,indodax/history_v2+fawazahmed0
2024-12-17,Upbit,KRW,1463.0,1436.090852,187.38,upbit/candles-days+fawazahmed0
2024-12-18,BTCTurk,TRY,35.163,35.02191,40.29,btcturk/v2-ohlc+fawazahmed0
2024-12-18,Bitkub,THB,34.37,34.208607,47.18,bitkub/tv-history+fawazahmed0
2024-12-18,Bitso,MXN,20.457,20.167689,143.45,bitso/v3-ohlc+fawazahmed0
2024-12-18,Indodax,IDR,16348.0,16119.907044,141.5,indodax/history_v2+fawazahmed0
2024-12-18,Upbit,KRW,1477.0,1437.924601,271.75,upbit/candles-days+fawazahmed0
2024-12-19,BTCTurk,TRY,35.249,35.059551,54.04,btcturk/v2-ohlc+fawazahmed0
2024-12-19,Bitkub,THB,34.6,34.539258,17.59,bitkub/tv-history+fawazahmed0
2024-12-19,Bitso,MXN,20.404,20.371194,16.1,bitso/v3-ohlc+fawazahmed0
2024-12-19,Indodax,IDR,16430.0,16233.68806,120.93,indodax/history_v2+fawazahmed0
2024-12-19,Upbit,KRW,1513.0,1449.622385,437.2,upbit/candles-days+fawazahmed0
2024-12-20,BTCTurk,TRY,35.437,35.160394,78.67,btcturk/v2-ohlc+fawazahmed0
2024-12-20,Bitkub,THB,34.53,34.594244,-18.57,bitkub/tv-history+fawazahmed0
2024-12-20,Bitso,MXN,20.249,20.329032,-39.37,bitso/v3-ohlc+fawazahmed0
2024-12-20,Indodax,IDR,16296.0,16322.202544,-16.05,indodax/history_v2+fawazahmed0
2024-12-20,Upbit,KRW,1514.0,1449.007488,448.53,upbit/candles-days+fawazahmed0
2024-12-21,BTCTurk,TRY,35.498,35.181,90.11,btcturk/v2-ohlc+fawazahmed0
2024-12-21,Bitkub,THB,34.35,34.219962,38.0,bitkub/tv-history+fawazahmed0
2024-12-21,Bitso,MXN,20.432,20.080946,174.82,bitso/v3-ohlc+fawazahmed0
2024-12-21,Indodax,IDR,16328.0,16166.991594,99.59,indodax/history_v2+fawazahmed0
2024-12-21,Upbit,KRW,1521.0,1446.343253,516.18,upbit/candles-days+fawazahmed0
2024-12-22,BTCTurk,TRY,35.529,35.192811,95.53,btcturk/v2-ohlc+fawazahmed0
2024-12-22,Bitkub,THB,34.41,34.319422,26.39,bitkub/tv-history+fawazahmed0
2024-12-22,Bitso,MXN,20.257,20.076886,89.71,bitso/v3-ohlc+fawazahmed0
2024-12-22,Indodax,IDR,16281.0,16220.928246,37.03,indodax/history_v2+fawazahmed0
2024-12-22,Upbit,KRW,1521.0,1445.343949,523.45,upbit/candles-days+fawazahmed0
2024-12-23,BTCTurk,TRY,35.216,35.210163,1.66,btcturk/v2-ohlc+fawazahmed0
2024-12-23,Bitkub,THB,34.31,34.281602,8.28,bitkub/tv-history+fawazahmed0
2024-12-23,Bitso,MXN,20.229,20.073253,77.59,bitso/v3-ohlc+fawazahmed0
2024-12-23,Indodax,IDR,16285.0,16193.144278,56.73,indodax/history_v2+fawazahmed0
2024-12-23,Upbit,KRW,1506.0,1447.512748,404.05,upbit/candles-days+fawazahmed0
2024-12-24,BTCTurk,TRY,35.229,35.265654,-10.39,btcturk/v2-ohlc+fawazahmed0
2024-12-24,Bitkub,THB,34.19,34.229597,-11.57,bitkub/tv-history+fawazahmed0
2024-12-24,Bitso,MXN,20.201,20.198345,1.31,bitso/v3-ohlc+fawazahmed0
2024-12-24,Indodax,IDR,16305.0,16186.272817,73.35,indodax/history_v2+fawazahmed0
2024-12-24,Upbit,KRW,1488.0,1452.4731,244.6,upbit/candles-days+fawazahmed0
2024-12-25,BTCTurk,TRY,35.39,35.203686,52.92,btcturk/v2-ohlc+fawazahmed0
2024-12-25,Bitkub,THB,34.11,34.127074,-5.0,bitkub/tv-history+fawazahmed0
2024-12-25,Bitso,MXN,20.208,20.163773,21.93,bitso/v3-ohlc+fawazahmed0
2024-12-25,Indodax,IDR,16321.0,16215.994144,64.75,indodax/history_v2+fawazahmed0
2024-12-25,Upbit,KRW,1492.0,1458.721545,228.13,upbit/candles-days+fawazahmed0
2024-12-26,BTCTurk,TRY,35.312,35.190341,34.57,btcturk/v2-ohlc+fawazahmed0
2024-12-26,Bitkub,THB,34.17,34.215778,-13.38,bitkub/tv-history+fawazahmed0
2024-12-26,Bitso,MXN,20.249,20.156682,45.8,bitso/v3-ohlc+fawazahmed0
2024-12-26,Indodax,IDR,16352.0,16201.117519,93.13,indodax/history_v2+fawazahmed0
2024-12-26,Upbit,KRW,1505.0,1464.057166,279.65,upbit/candles-days+fawazahmed0
2024-12-27,BTCTurk,TRY,35.279,35.24718,9.03,btcturk/v2-ohlc+fawazahmed0
2024-12-27,Bitkub,THB,34.2,34.178951,6.16,bitkub/tv-history+fawazahmed0
2024-12-27,Bitso,MXN,20.467,20.22547,119.42,bitso/v3-ohlc+fawazahmed0
2024-12-27,Indodax,IDR,16348.0,16220.951447,78.32,indodax/history_v2+fawazahmed0
2024-12-27,Upbit,KRW,1507.0,1477.585542,199.07,upbit/candles-days+fawazahmed0
2024-12-28,BTCTurk,TRY,35.241,35.094624,41.71,btcturk/v2-ohlc+fawazahmed0
2024-12-28,Bitkub,THB,34.1,34.070452,8.67,bitkub/tv-history+fawazahmed0
2024-12-28,Bitso,MXN,20.359,20.327146,15.67,bitso/v3-ohlc+fawazahmed0
2024-12-28,Indodax,IDR,16294.0,16190.026416,64.22,indodax/history_v2+fawazahmed0
2024-12-28,Upbit,KRW,1494.0,1473.690616,137.81,upbit/candles-days+fawazahmed0
2024-12-29,BTCTurk,TRY,35.319,35.098455,62.84,btcturk/v2-ohlc+fawazahmed0
2024-12-29,Bitkub,THB,34.11,34.078171,9.34,bitkub/tv-history+fawazahmed0
2024-12-29,Bitso,MXN,20.368,20.326387,20.47,bitso/v3-ohlc+fawazahmed0
2024-12-29,Indodax,IDR,16268.0,16219.974228,29.61,indodax/history_v2+fawazahmed0
2024-12-29,Upbit,KRW,1493.0,1473.035488,135.53,upbit/candles-days+fawazahmed0
2024-12-30,BTCTurk,TRY,35.368,35.272183,27.17,btcturk/v2-ohlc+fawazahmed0
2024-12-30,Bitkub,THB,34.23,33.99012,70.57,bitkub/tv-history+fawazahmed0
2024-12-30,Bitso,MXN,20.722,20.354121,180.74,bitso/v3-ohlc+fawazahmed0
2024-12-30,Indodax,IDR,16322.0,16232.095506,55.39,indodax/history_v2+fawazahmed0
2024-12-30,Upbit,KRW,1486.0,1470.240978,107.19,upbit/candles-days+fawazahmed0
2024-12-31,BTCTurk,TRY,35.469,35.340029,36.49,btcturk/v2-ohlc+fawazahmed0
2024-12-31,Bitkub,THB,34.12,34.179979,-17.55,bitkub/tv-history+fawazahmed0
2024-12-31,Bitso,MXN,20.846,20.660988,89.55,bitso/v3-ohlc+fawazahmed0
2024-12-31,Indodax,IDR,16344.0,16143.544759,124.17,indodax/history_v2+fawazahmed0
2024-12-31,Upbit,KRW,1491.0,1472.043922,128.77,upbit/candles-days+fawazahmed0
2025-01-01,BTCTurk,TRY,35.367,35.357966,2.56,btcturk/v2-ohlc+fawazahmed0
2025-01-01,Bitkub,THB,34.18,34.338323,-46.11,bitkub/tv-history+fawazahmed0
2025-01-01,Bitso,MXN,20.793,20.865056,-34.53,bitso/v3-ohlc+fawazahmed0
2025-01-01,Indodax,IDR,16281.0,16267.558704,8.26,indodax/history_v2+fawazahmed0
2025-01-01,Upbit,KRW,1493.0,1478.212785,100.03,upbit/candles-days+fawazahmed0
2025-01-02,BTCTurk,TRY,35.335,35.388062,-14.99,btcturk/v2-ohlc+fawazahmed0
2025-01-02,Bitkub,THB,34.17,34.173692,-1.08,bitkub/tv-history+fawazahmed0
2025-01-02,Bitso,MXN,20.54,20.828934,-138.72,bitso/v3-ohlc+fawazahmed0
2025-01-02,Indodax,IDR,16311.0,16219.806815,56.22,indodax/history_v2+fawazahmed0
2025-01-02,Upbit,KRW,1484.0,1469.370743,99.56,upbit/candles-days+fawazahmed0
2025-01-03,BTCTurk,TRY,35.286,35.400738,-32.41,btcturk/v2-ohlc+fawazahmed0
2025-01-03,Bitkub,THB,34.36,34.410729,-14.74,bitkub/tv-history+fawazahmed0
2025-01-03,Bitso,MXN,20.646,20.558413,42.6,bitso/v3-ohlc+fawazahmed0
2025-01-03,Indodax,IDR,16241.0,16239.171892,1.13,indodax/history_v2+fawazahmed0
2025-01-03,Upbit,KRW,1473.0,1466.761656,42.53,upbit/candles-days+fawazahmed0
2025-01-04,BTCTurk,TRY,35.371,35.374669,-1.04,btcturk/v2-ohlc+fawazahmed0
2025-01-04,Bitkub,THB,34.26,34.492004,-67.26,bitkub/tv-history+fawazahmed0
2025-01-04,Bitso,MXN,20.671,20.63026,19.75,bitso/v3-ohlc+fawazahmed0
2025-01-04,Indodax,IDR,16225.0,16195.749384,18.06,indodax/history_v2+fawazahmed0
2025-01-04,Upbit,KRW,1474.0,1467.169508,46.56,upbit/candles-days+fawazahmed0
2025-01-05,BTCTurk,TRY,35.373,35.362214,3.05,btcturk/v2-ohlc+fawazahmed0
2025-01-05,Bitkub,THB,34.29,34.4413,-43.93,bitkub/tv-history+fawazahmed0
2025-01-05,Bitso,MXN,20.637,20.631435,2.7,bitso/v3-ohlc+fawazahmed0
2025-01-05,Indodax,IDR,16253.0,16212.146342,25.2,indodax/history_v2+fawazahmed0
2025-01-05,Upbit,KRW,1473.0,1468.282565,32.13,upbit/candles-days+fawazahmed0
2025-01-06,BTCTurk,TRY,35.361,35.342672,5.19,btcturk/v2-ohlc+fawazahmed0
2025-01-06,Bitkub,THB,34.4,34.511284,-32.25,bitkub/tv-history+fawazahmed0
2025-01-06,Bitso,MXN,20.351,20.632236,-136.31,bitso/v3-ohlc+fawazahmed0
2025-01-06,Indodax,IDR,16237.0,16202.779032,21.12,indodax/history_v2+fawazahmed0
2025-01-06,Upbit,KRW,1469.0,1469.817064,-5.56,upbit/candles-days+fawazahmed0
2025-01-07,BTCTurk,TRY,35.428,35.337394,25.64,btcturk/v2-ohlc+fawazahmed0
2025-01-07,Bitkub,THB,34.54,34.625154,-24.59,bitkub/tv-history+fawazahmed0
2025-01-07,Bitso,MXN,20.417,20.350577,32.64,bitso/v3-ohlc+fawazahmed0
2025-01-07,Indodax,IDR,16349.0,16093.931796,158.49,indodax/history_v2+fawazahmed0
2025-01-07,Upbit,KRW,1494.0,1457.526082,250.25,upbit/candles-days+fawazahmed0
2025-01-08,BTCTurk,TRY,35.478,35.340828,38.81,btcturk/v2-ohlc+fawazahmed0
2025-01-08,Bitkub,THB,34.75,34.540758,60.58,bitkub/tv-history+fawazahmed0
2025-01-08,Bitso,MXN,20.456,20.317336,68.25,bitso/v3-ohlc+fawazahmed0
2025-01-08,Indodax,IDR,16326.0,16180.548353,89.89,indodax/history_v2+fawazahmed0
2025-01-08,Upbit,KRW,1498.0,1449.540953,334.31,upbit/candles-days+fawazahmed0
2025-01-09,BTCTurk,TRY,35.399,35.37852,5.79,btcturk/v2-ohlc+fawazahmed0
2025-01-09,Bitkub,THB,34.69,34.646693,12.5,bitkub/tv-history+fawazahmed0
2025-01-09,Bitso,MXN,20.555,20.415895,68.14,bitso/v3-ohlc+fawazahmed0
2025-01-09,Indodax,IDR,16290.0,16239.600777,31.03,indodax/history_v2+fawazahmed0
2025-01-09,Upbit,KRW,1511.0,1455.82859,378.97,upbit/candles-days+fawazahmed0
2025-01-10,BTCTurk,TRY,35.5,35.381647,33.45,btcturk/v2-ohlc+fawazahmed0
2025-01-10,Bitkub,THB,34.69,34.559657,37.72,bitkub/tv-history+fawazahmed0
2025-01-10,Bitso,MXN,20.751,20.485384,129.66,bitso/v3-ohlc+fawazahmed0
2025-01-10,Indodax,IDR,16325.0,16199.865461,77.24,indodax/history_v2+fawazahmed0
2025-01-10,Upbit,KRW,1506.0,1458.812354,323.47,upbit/candles-days+fawazahmed0
2025-01-11,BTCTurk,TRY,35.462,35.412759,13.9,btcturk/v2-ohlc+fawazahmed0
2025-01-11,Bitkub,THB,34.54,34.693171,-44.15,bitkub/tv-history+fawazahmed0
2025-01-11,Bitso,MXN,20.751,20.718041,15.91,bitso/v3-ohlc+fawazahmed0
2025-01-11,Indodax,IDR,16304.0,16320.566612,-10.15,indodax/history_v2+fawazahmed0
2025-01-11,Upbit,KRW,1497.0,1474.0975,155.37,upbit/candles-days+fawazahmed0
2025-01-12,BTCTurk,TRY,35.462,35.392943,19.51,btcturk/v2-ohlc+fawazahmed0
2025-01-12,Bitkub,THB,34.64,34.571093,19.93,bitkub/tv-history+fawazahmed0
2025-01-12,Bitso,MXN,20.818,20.717534,48.49,bitso/v3-ohlc+fawazahmed0
2025-01-12,Indodax,IDR,16314.0,16193.124235,74.65,indodax/history_v2+fawazahmed0
2025-01-12,Upbit,KRW,1504.0,1467.172579,251.01,upbit/candles-days+fawazahmed0
2025-01-13,BTCTurk,TRY,35.537,35.435256,28.71,btcturk/v2-ohlc+fawazahmed0
2025-01-13,Bitkub,THB,34.8,34.750315,14.3,bitkub/tv-history+fawazahmed0
2025-01-13,Bitso,MXN,20.695,20.739496,-21.45,bitso/v3-ohlc+fawazahmed0
2025-01-13,Indodax,IDR,16357.0,16283.033673,45.43,indodax/history_v2+fawazahmed0
2025-01-13,Upbit,KRW,1505.0,1472.570948,220.22,upbit/candles-days+fawazahmed0
2025-01-14,BTCTurk,TRY,35.482,35.496369,-4.05,btcturk/v2-ohlc+fawazahmed0
2025-01-14,Bitkub,THB,34.66,34.70269,-12.3,bitkub/tv-history+fawazahmed0
2025-01-14,Bitso,MXN,20.521,20.648018,-61.52,bitso/v3-ohlc+fawazahmed0
2025-01-14,Indodax,IDR,16300.0,16283.514805,10.12,indodax/history_v2+fawazahmed0
2025-01-14,Upbit,KRW,1486.0,1465.843361,137.51,upbit/candles-days+fawazahmed0
2025-01-15,BTCTurk,TRY,35.323,35.519649,-55.36,btcturk/v2-ohlc+fawazahmed0
2025-01-15,Bitkub,THB,34.51,34.781971,-78.19,bitkub/tv-history+fawazahmed0
2025-01-15,Bitso,MXN,20.497,20.527938,-15.07,bitso/v3-ohlc+fawazahmed0
2025-01-15,Indodax,IDR,16100.0,16282.950801,-112.36,indodax/history_v2+fawazahmed0
2025-01-15,Upbit,KRW,1466.0,1458.868387,48.88,upbit/candles-days+fawazahmed0
2025-01-16,BTCTurk,TRY,35.476,35.503849,-7.84,btcturk/v2-ohlc+fawazahmed0
2025-01-16,Bitkub,THB,34.51,34.497019,3.76,bitkub/tv-history+fawazahmed0
2025-01-16,Bitso,MXN,20.827,20.472883,172.97,bitso/v3-ohlc+fawazahmed0
2025-01-16,Indodax,IDR,16373.0,16355.517389,10.69,indodax/history_v2+fawazahmed0
2025-01-16,Upbit,KRW,1468.0,1450.763516,118.81,upbit/candles-days+fawazahmed0
2025-01-17,BTCTurk,TRY,35.468,35.543728,-21.31,btcturk/v2-ohlc+fawazahmed0
2025-01-17,Bitkub,THB,34.35,34.53742,-54.27,bitkub/tv-history+fawazahmed0
2025-01-17,Bitso,MXN,20.84,20.856116,-7.73,bitso/v3-ohlc+fawazahmed0
2025-01-17,Indodax,IDR,16331.0,16369.754252,-23.67,indodax/history_v2+fawazahmed0
2025-01-17,Upbit,KRW,1467.0,1455.202185,81.07,upbit/candles-days+fawazahmed0
2025-01-18,BTCTurk,TRY,35.631,35.434544,55.44,btcturk/v2-ohlc+fawazahmed0
2025-01-18,Bitkub,THB,34.55,34.385623,47.8,bitkub/tv-history+fawazahmed0
2025-01-18,Bitso,MXN,20.952,20.792362,76.78,bitso/v3-ohlc+fawazahmed0
2025-01-18,Indodax,IDR,16336.0,16375.094449,-23.87,indodax/history_v2+fawazahmed0
2025-01-18,Upbit,KRW,1490.0,1458.236193,217.82,upbit/candles-days+fawazahmed0
2025-01-19,BTCTurk,TRY,35.876,35.438924,123.33,btcturk/v2-ohlc+fawazahmed0
2025-01-19,Bitkub,THB,34.55,34.326132,65.22,bitkub/tv-history+fawazahmed0
2025-01-19,Bitso,MXN,20.973,20.793557,86.3,bitso/v3-ohlc+fawazahmed0
2025-01-19,Indodax,IDR,16443.0,16364.895928,47.73,indodax/history_v2+fawazahmed0
2025-01-19,Upbit,KRW,1522.0,1456.107813,452.52,upbit/candles-days+fawazahmed0
2025-01-20,BTCTurk,TRY,35.787,35.587261,56.13,btcturk/v2-ohlc+fawazahmed0
2025-01-20,Bitkub,THB,34.21,34.46757,-74.73,bitkub/tv-history+fawazahmed0
2025-01-20,Bitso,MXN,20.816,20.788785,13.09,bitso/v3-ohlc+fawazahmed0
2025-01-20,Indodax,IDR,16443.0,16362.487782,49.21,indodax/history_v2+fawazahmed0
2025-01-20,Upbit,KRW,1500.0,1457.965582,288.31,upbit/candles-days+fawazahmed0
2025-01-21,BTCTurk,TRY,35.619,35.600954,5.07,btcturk/v2-ohlc+fawazahmed0
2025-01-21,Bitkub,THB,34.0,34.164064,-48.02,bitkub/tv-history+fawazahmed0
2025-01-21,Bitso,MXN,20.654,20.739649,-41.3,bitso/v3-ohlc+fawazahmed0
2025-01-21,Indodax,IDR,16331.0,16309.567201,13.14,indodax/history_v2+fawazahmed0
2025-01-21,Upbit,KRW,1486.0,1440.684401,314.54,upbit/candles-days+fawazahmed0
2025-01-22,BTCTurk,TRY,35.727,35.641147,24.09,btcturk/v2-ohlc+fawazahmed0
2025-01-22,Bitkub,THB,33.9,33.924461,-7.21,bitkub/tv-history+fawazahmed0
2025-01-22,Bitso,MXN,20.5,20.646019,-70.73,bitso/v3-ohlc+fawazahmed0
2025-01-22,Indodax,IDR,16304.0,16306.879706,-1.77,indodax/history_v2+fawazahmed0
2025-01-22,Upbit,KRW,1494.0,1431.035587,439.99,upbit/candles-days+fawazahmed0
2025-01-23,BTCTurk,TRY,35.653,35.668606,-4.38,btcturk/v2-ohlc+fawazahmed0
2025-01-23,Bitkub,THB,34.01,33.865632,42.63,bitkub/tv-history+fawazahmed0
2025-01-23,Bitso,MXN,20.29,20.489107,-97.18,bitso/v3-ohlc+fawazahmed0
2025-01-23,Indodax,IDR,16288.0,16241.878384,28.4,indodax/history_v2+fawazahmed0
2025-01-23,Upbit,KRW,1493.0,1437.098508,388.99,upbit/candles-days+fawazahmed0
2025-01-24,BTCTurk,TRY,35.727,35.681337,12.8,btcturk/v2-ohlc+fawazahmed0
2025-01-24,Bitkub,THB,33.6,33.9833,-112.79,bitkub/tv-history+fawazahmed0
2025-01-24,Bitso,MXN,20.336,20.378911,-21.06,bitso/v3-ohlc+fawazahmed0
2025-01-24,Indodax,IDR,16264.0,16225.407202,23.79,indodax/history_v2+fawazahmed0
2025-01-24,Upbit,KRW,1500.0,1437.33637,435.97,upbit/candles-days+fawazahmed0
2025-01-25,BTCTurk,TRY,35.719,35.662297,15.9,btcturk/v2-ohlc+fawazahmed0
2025-01-25,Bitkub,THB,33.79,33.593785,58.41,bitkub/tv-history+fawazahmed0
2025-01-25,Bitso,MXN,20.392,20.271017,59.68,bitso/v3-ohlc+fawazahmed0
2025-01-25,Indodax,IDR,16300.0,16175.479565,76.98,indodax/history_v2+fawazahmed0
2025-01-25,Upbit,KRW,1501.0,1429.532165,499.94,upbit/candles-days+fawazahmed0
2025-01-26,BTCTurk,TRY,35.742,35.677947,17.95,btcturk/v2-ohlc+fawazahmed0
2025-01-26,Bitkub,THB,33.8,33.71391,25.54,bitkub/tv-history+fawazahmed0
2025-01-26,Bitso,MXN,20.542,20.27495,131.71,bitso/v3-ohlc+fawazahmed0
2025-01-26,Indodax,IDR,16281.0,16220.155351,37.51,indodax/history_v2+fawazahmed0
2025-01-26,Upbit,KRW,1524.0,1428.728107,666.83,upbit/candles-days+fawazahmed0
2025-01-27,BTCTurk,TRY,35.757,35.675117,22.95,btcturk/v2-ohlc+fawazahmed0
2025-01-27,Bitkub,THB,33.97,33.671673,88.6,bitkub/tv-history+fawazahmed0
2025-01-27,Bitso,MXN,20.72,20.442063,135.96,bitso/v3-ohlc+fawazahmed0
2025-01-27,Indodax,IDR,16369.0,16172.541276,121.48,indodax/history_v2+fawazahmed0
2025-01-27,Upbit,KRW,1519.0,1429.644331,625.02,upbit/candles-days+fawazahmed0
2025-01-28,BTCTurk,TRY,35.8,35.763029,10.34,btcturk/v2-ohlc+fawazahmed0
2025-01-28,Bitkub,THB,33.84,33.848803,-2.6,bitkub/tv-history+fawazahmed0
2025-01-28,Bitso,MXN,20.54,20.724983,-89.26,bitso/v3-ohlc+fawazahmed0
2025-01-28,Indodax,IDR,16373.0,16187.292476,114.72,indodax/history_v2+fawazahmed0
2025-01-28,Upbit,KRW,1539.0,1438.752637,696.77,upbit/candles-days+fawazahmed0
2025-01-29,BTCTurk,TRY,35.786,35.760103,7.24,btcturk/v2-ohlc+fawazahmed0
2025-01-29,Bitkub,THB,33.82,33.799613,6.03,bitkub/tv-history+fawazahmed0
2025-01-29,Bitso,MXN,20.48,20.554419,-36.21,bitso/v3-ohlc+fawazahmed0
2025-01-29,Indodax,IDR,16263.0,16247.228525,9.71,indodax/history_v2+fawazahmed0
2025-01-29,Upbit,KRW,1534.0,1447.598735,596.86,upbit/candles-days+fawazahmed0
2025-01-30,BTCTurk,TRY,35.799,35.809729,-3.0,btcturk/v2-ohlc+fawazahmed0
2025-01-30,Bitkub,THB,33.52,33.753533,-69.19,bitkub/tv-history+fawazahmed0
2025-01-30,Bitso,MXN,20.657,20.508901,72.21,bitso/v3-ohlc+fawazahmed0
2025-01-30,Indodax,IDR,16300.0,16247.782039,32.14,indodax/history_v2+fawazahmed0
2025-01-30,Upbit,KRW,1508.0,1442.543401,453.76,upbit/candles-days+fawazahmed0
2025-01-31,BTCTurk,TRY,35.815,35.863257,-13.46,btcturk/v2-ohlc+fawazahmed0
2025-01-31,Bitkub,THB,33.59,33.648655,-17.43,bitkub/tv-history+fawazahmed0
2025-01-31,Bitso,MXN,20.73,20.685306,21.61,bitso/v3-ohlc+fawazahmed0
2025-01-31,Indodax,IDR,16426.0,16275.962094,92.18,indodax/history_v2+fawazahmed0
2025-01-31,Upbit,KRW,1527.0,1452.64122,511.89,upbit/candles-days+fawazahmed0
2025-02-01,BTCTurk,TRY,36.016,35.712758,84.91,btcturk/v2-ohlc+fawazahmed0
2025-02-01,Bitkub,THB,33.97,33.790788,53.04,bitkub/tv-history+fawazahmed0
2025-02-01,Bitso,MXN,20.891,20.675373,104.29,bitso/v3-ohlc+fawazahmed0
2025-02-01,Indodax,IDR,16475.0,16359.31302,70.72,indodax/history_v2+fawazahmed0
2025-02-01,Upbit,KRW,1564.0,1457.76026,728.79,upbit/candles-days+fawazahmed0
2025-02-02,BTCTurk,TRY,36.361,35.83474,146.86,btcturk/v2-ohlc+fawazahmed0
2025-02-02,Bitkub,THB,34.37,33.732721,188.92,bitkub/tv-history+fawazahmed0
2025-02-02,Bitso,MXN,21.479,20.681353,385.68,bitso/v3-ohlc+fawazahmed0
2025-02-02,Indodax,IDR,16501.0,16297.230957,125.03,indodax/history_v2+fawazahmed0
2025-02-02,Upbit,KRW,1577.0,1456.200256,829.55,upbit/candles-days+fawazahmed0
2025-02-03,BTCTurk,TRY,36.117,35.890439,63.13,btcturk/v2-ohlc+fawazahmed0
2025-02-03,Bitkub,THB,34.41,34.033957,110.49,bitkub/tv-history+fawazahmed0
2025-02-03,Bitso,MXN,20.568,21.249133,-320.55,bitso/v3-ohlc+fawazahmed0
2025-02-03,Indodax,IDR,16515.0,16353.838564,98.55,indodax/history_v2+fawazahmed0
2025-02-03,Upbit,KRW,1563.0,1470.937605,625.88,upbit/candles-days+fawazahmed0
2025-02-04,BTCTurk,TRY,36.054,36.003429,14.05,btcturk/v2-ohlc+fawazahmed0
2025-02-04,Bitkub,THB,33.79,33.903339,-33.43,bitkub/tv-history+fawazahmed0
2025-02-04,Bitso,MXN,20.57,20.434904,66.11,bitso/v3-ohlc+fawazahmed0
2025-02-04,Indodax,IDR,16394.0,16329.100896,39.74,indodax/history_v2+fawazahmed0
2025-02-04,Upbit,KRW,1576.0,1460.249479,792.68,upbit/candles-days+fawazahmed0
2025-02-05,BTCTurk,TRY,36.009,35.962715,12.87,btcturk/v2-ohlc+fawazahmed0
2025-02-05,Bitkub,THB,33.62,33.670737,-15.07,bitkub/tv-history+fawazahmed0
2025-02-05,Bitso,MXN,20.583,20.486658,47.03,bitso/v3-ohlc+fawazahmed0
2025-02-05,Indodax,IDR,16385.0,16303.797904,49.81,indodax/history_v2+fawazahmed0
2025-02-05,Upbit,KRW,1567.0,1451.264488,797.48,upbit/candles-days+fawazahmed0
2025-02-06,BTCTurk,TRY,36.06,35.917704,39.62,btcturk/v2-ohlc+fawazahmed0
2025-02-06,Bitkub,THB,33.91,33.58376,97.14,bitkub/tv-history+fawazahmed0
2025-02-06,Bitso,MXN,20.48,20.587546,-52.24,bitso/v3-ohlc+fawazahmed0
2025-02-06,Indodax,IDR,16400.0,16302.145874,60.03,indodax/history_v2+fawazahmed0
2025-02-06,Upbit,KRW,1566.0,1445.137456,836.34,upbit/candles-days+fawazahmed0
2025-02-07,BTCTurk,TRY,36.238,36.001353,65.73,btcturk/v2-ohlc+fawazahmed0
2025-02-07,Bitkub,THB,33.8,33.782244,5.26,bitkub/tv-history+fawazahmed0
2025-02-07,Bitso,MXN,20.613,20.45028,79.57,bitso/v3-ohlc+fawazahmed0
2025-02-07,Indodax,IDR,16415.0,16336.872859,47.82,indodax/history_v2+fawazahmed0
2025-02-07,Upbit,KRW,1550.0,1447.998194,704.43,upbit/candles-days+fawazahmed0
2025-02-08,BTCTurk,TRY,36.17,35.945501,62.46,btcturk/v2-ohlc+fawazahmed0
2025-02-08,Bitkub,THB,34.04,33.875697,48.5,bitkub/tv-history+fawazahmed0
2025-02-08,Bitso,MXN,20.706,20.566486,67.84,bitso/v3-ohlc+fawazahmed0
2025-02-08,Indodax,IDR,16387.0,16346.974414,24.49,indodax/history_v2+fawazahmed0
2025-02-08,Upbit,KRW,1542.0,1458.893479,569.65,upbit/candles-days+fawazahmed0
2025-02-09,BTCTurk,TRY,36.09,35.96503,34.75,btcturk/v2-ohlc+fawazahmed0
2025-02-09,Bitkub,THB,34.08,33.847919,68.57,bitkub/tv-history+fawazahmed0
2025-02-09,Bitso,MXN,20.578,20.565428,6.11,bitso/v3-ohlc+fawazahmed0
2025-02-09,Indodax,IDR,16474.0,16302.35154,105.29,indodax/history_v2+fawazahmed0
2025-02-09,Upbit,KRW,1532.0,1454.821368,530.5,upbit/candles-days+fawazahmed0
2025-02-10,BTCTurk,TRY,36.044,35.991512,14.58,btcturk/v2-ohlc+fawazahmed0
2025-02-10,Bitkub,THB,33.89,33.896443,-1.9,bitkub/tv-history+fawazahmed0
2025-02-10,Bitso,MXN,20.641,20.601923,18.97,bitso/v3-ohlc+fawazahmed0
2025-02-10,Indodax,IDR,16398.0,16341.391799,34.64,indodax/history_v2+fawazahmed0
2025-02-10,Upbit,KRW,1516.0,1455.153654,418.14,upbit/candles-days+fawazahmed0
2025-02-11,BTCTurk,TRY,36.135,36.031376,28.76,btcturk/v2-ohlc+fawazahmed0
2025-02-11,Bitkub,THB,34.1,34.022089,22.9,bitkub/tv-history+fawazahmed0
2025-02-11,Bitso,MXN,20.583,20.627622,-21.63,bitso/v3-ohlc+fawazahmed0
2025-02-11,Indodax,IDR,16405.0,16347.717614,35.04,indodax/history_v2+fawazahmed0
2025-02-11,Upbit,KRW,1526.0,1453.856784,496.22,upbit/candles-days+fawazahmed0
2025-02-12,BTCTurk,TRY,36.018,36.046701,-7.96,btcturk/v2-ohlc+fawazahmed0
2025-02-12,Bitkub,THB,34.12,34.064584,16.27,bitkub/tv-history+fawazahmed0
2025-02-12,Bitso,MXN,20.501,20.575337,-36.13,bitso/v3-ohlc+fawazahmed0
2025-02-12,Indodax,IDR,16420.0,16347.366511,44.43,indodax/history_v2+fawazahmed0
2025-02-12,Upbit,KRW,1511.0,1453.490874,395.66,upbit/candles-days+fawazahmed0
2025-02-13,BTCTurk,TRY,36.167,36.142652,6.74,btcturk/v2-ohlc+fawazahmed0
2025-02-13,Bitkub,THB,33.92,33.98079,-17.89,bitkub/tv-history+fawazahmed0
2025-02-13,Bitso,MXN,20.421,20.545041,-60.38,bitso/v3-ohlc+fawazahmed0
2025-02-13,Indodax,IDR,16348.0,16380.571887,-19.88,indodax/history_v2+fawazahmed0
2025-02-13,Upbit,KRW,1509.0,1454.294345,376.17,upbit/candles-days+fawazahmed0
2025-02-14,BTCTurk,TRY,36.247,36.193663,14.74,btcturk/v2-ohlc+fawazahmed0
2025-02-14,Bitkub,THB,33.73,33.664464,19.47,bitkub/tv-history+fawazahmed0
2025-02-14,Bitso,MXN,20.354,20.418903,-31.79,bitso/v3-ohlc+fawazahmed0
2025-02-14,Indodax,IDR,16287.0,16237.520642,30.47,indodax/history_v2+fawazahmed0
2025-02-14,Upbit,KRW,1505.0,1443.536204,425.79,upbit/candles-days+fawazahmed0
2025-02-15,BTCTurk,TRY,36.417,36.262102,42.72,btcturk/v2-ohlc+fawazahmed0
2025-02-15,Bitkub,THB,33.75,33.718411,9.37,bitkub/tv-history+fawazahmed0
2025-02-15,Bitso,MXN,20.401,20.306138,46.72,bitso/v3-ohlc+fawazahmed0
2025-02-15,Indodax,IDR,16275.0,16185.044693,55.58,indodax/history_v2+fawazahmed0
2025-02-15,Upbit,KRW,1512.0,1441.460239,489.36,upbit/candles-days+fawazahmed0
2025-02-16,BTCTurk,TRY,36.441,36.224343,59.81,btcturk/v2-ohlc+fawazahmed0
2025-02-16,Bitkub,THB,33.79,33.64814,42.16,bitkub/tv-history+fawazahmed0
2025-02-16,Bitso,MXN,20.394,20.305944,43.36,bitso/v3-ohlc+fawazahmed0
2025-02-16,Indodax,IDR,16301.0,16262.967732,23.39,indodax/history_v2+fawazahmed0
2025-02-16,Upbit,KRW,1513.0,1440.712326,501.75,upbit/candles-days+fawazahmed0
2025-02-17,BTCTurk,TRY,36.361,36.225399,37.43,btcturk/v2-ohlc+fawazahmed0
2025-02-17,Bitkub,THB,33.76,33.695078,19.27,bitkub/tv-history+fawazahmed0
2025-02-17,Bitso,MXN,20.366,20.292132,36.4,bitso/v3-ohlc+fawazahmed0
2025-02-17,Indodax,IDR,16318.0,16187.234028,80.78,indodax/history_v2+fawazahmed0
2025-02-17,Upbit,KRW,1508.0,1440.384583,469.43,upbit/candles-days+fawazahmed0
2025-02-18,BTCTurk,TRY,36.344,36.250405,25.82,btcturk/v2-ohlc+fawazahmed0
2025-02-18,Bitkub,THB,33.75,33.788522,-11.4,bitkub/tv-history+fawazahmed0
2025-02-18,Bitso,MXN,20.31,20.327256,-8.49,bitso/v3-ohlc+fawazahmed0
2025-02-18,Indodax,IDR,16374.0,16228.873947,89.42,indodax/history_v2+fawazahmed0
2025-02-18,Upbit,KRW,1504.0,1444.541129,411.61,upbit/candles-days+fawazahmed0
2025-02-19,BTCTurk,TRY,36.37,36.302684,18.54,btcturk/v2-ohlc+fawazahmed0
2025-02-19,Bitkub,THB,33.76,33.666607,27.74,bitkub/tv-history+fawazahmed0
2025-02-19,Bitso,MXN,20.435,20.271917,80.45,bitso/v3-ohlc+fawazahmed0
2025-02-19,Indodax,IDR,16395.0,16324.578221,43.14,indodax/history_v2+fawazahmed0
2025-02-19,Upbit,KRW,1493.0,1440.883767,361.7,upbit/candles-days+fawazahmed0
2025-02-20,BTCTurk,TRY,36.294,36.321995,-7.71,btcturk/v2-ohlc+fawazahmed0
2025-02-20,Bitkub,THB,33.59,33.703454,-33.66,bitkub/tv-history+fawazahmed0
2025-02-20,Bitso,MXN,20.311,20.457668,-71.69,bitso/v3-ohlc+fawazahmed0
2025-02-20,Indodax,IDR,16315.0,16350.962764,-21.99,indodax/history_v2+fawazahmed0
2025-02-20,Upbit,KRW,1482.0,1440.884162,285.35,upbit/candles-days+fawazahmed0
2025-02-21,BTCTurk,TRY,36.61,36.410917,54.68,btcturk/v2-ohlc+fawazahmed0
2025-02-21,Bitkub,THB,33.59,33.594936,-1.47,bitkub/tv-history+fawazahmed0
2025-02-21,Bitso,MXN,20.488,20.321163,82.1,bitso/v3-ohlc+fawazahmed0
2025-02-21,Indodax,IDR,16377.0,16255.508749,74.74,indodax/history_v2+fawazahmed0
2025-02-21,Upbit,KRW,1485.0,1435.741996,343.08,upbit/candles-days+fawazahmed0
2025-02-22,BTCTurk,TRY,36.483,36.439033,12.07,btcturk/v2-ohlc+fawazahmed0
2025-02-22,Bitkub,THB,33.59,33.559969,8.95,bitkub/tv-history+fawazahmed0
2025-02-22,Bitso,MXN,20.438,20.431881,2.99,bitso/v3-ohlc+fawazahmed0
2025-02-22,Indodax,IDR,16370.0,16307.313451,38.44,indodax/history_v2+fawazahmed0
2025-02-22,Upbit,KRW,1474.0,1435.815265,265.94,upbit/candles-days+fawazahmed0
2025-02-23,BTCTurk,TRY,36.474,36.431352,11.71,btcturk/v2-ohlc+fawazahmed0
2025-02-23,Bitkub,THB,33.73,33.548048,54.24,bitkub/tv-history+fawazahmed0
2025-02-23,Bitso,MXN,20.371,20.426339,-27.09,bitso/v3-ohlc+fawazahmed0
2025-02-23,Indodax,IDR,16367.0,16306.808341,36.91,indodax/history_v2+fawazahmed0
2025-02-23,Upbit,KRW,1468.0,1434.532041,233.3,upbit/candles-days+fawazahmed0
2025-02-24,BTCTurk,TRY,36.566,36.468805,26.65,btcturk/v2-ohlc+fawazahmed0
2025-02-24,Bitkub,THB,33.69,33.506438,54.78,bitkub/tv-history+fawazahmed0
2025-02-24,Bitso,MXN,20.439,20.353298,42.11,bitso/v3-ohlc+fawazahmed0
2025-02-24,Indodax,IDR,16359.0,16307.364328,31.66,indodax/history_v2+fawazahmed0
2025-02-24,Upbit,KRW,1446.0,1430.598697,107.66,upbit/candles-days+fawazahmed0
2025-02-25,BTCTurk,TRY,36.51,36.446719,17.36,btcturk/v2-ohlc+fawazahmed0
2025-02-25,Bitkub,THB,33.78,33.54687,69.49,bitkub/tv-history+fawazahmed0
2025-02-25,Bitso,MXN,20.523,20.464649,28.51,bitso/v3-ohlc+fawazahmed0
2025-02-25,Indodax,IDR,16389.0,16289.561423,61.04,indodax/history_v2+fawazahmed0
2025-02-25,Upbit,KRW,1460.0,1429.844715,210.9,upbit/candles-days+fawazahmed0
2025-02-26,BTCTurk,TRY,36.437,36.468512,-8.64,btcturk/v2-ohlc+fawazahmed0
2025-02-26,Bitkub,THB,33.72,33.779836,-17.71,bitkub/tv-history+fawazahmed0
2025-02-26,Bitso,MXN,20.411,20.472308,-29.95,bitso/v3-ohlc+fawazahmed0
2025-02-26,Indodax,IDR,16418.0,16321.005293,59.43,indodax/history_v2+fawazahmed0
2025-02-26,Upbit,KRW,1458.0,1431.580546,184.55,upbit/candles-days+fawazahmed0
2025-02-27,BTCTurk,TRY,36.467,36.468298,-0.36,btcturk/v2-ohlc+fawazahmed0
2025-02-27,Bitkub,THB,33.98,33.807833,50.93,bitkub/tv-history+fawazahmed0
2025-02-27,Bitso,MXN,20.508,20.408006,49.0,bitso/v3-ohlc+fawazahmed0
2025-02-27,Indodax,IDR,16539.0,16372.566988,101.65,indodax/history_v2+fawazahmed0
2025-02-27,Upbit,KRW,1467.0,1437.139749,207.78,upbit/candles-days+fawazahmed0
2025-02-28,BTCTurk,TRY,36.438,36.529424,-25.03,btcturk/v2-ohlc+fawazahmed0
2025-02-28,Bitkub,THB,34.02,34.029277,-2.73,bitkub/tv-history+fawazahmed0
2025-02-28,Bitso,MXN,20.637,20.477377,77.95,bitso/v3-ohlc+fawazahmed0
2025-02-28,Indodax,IDR,16616.0,16564.068002,31.35,indodax/history_v2+fawazahmed0
2025-02-28,Upbit,KRW,1475.0,1458.360269,114.1,upbit/candles-days+fawazahmed0
2025-03-01,BTCTurk,TRY,36.571,36.39901,47.25,btcturk/v2-ohlc+fawazahmed0
2025-03-01,Bitkub,THB,34.04,34.240993,-58.7,bitkub/tv-history+fawazahmed0
2025-03-01,Bitso,MXN,20.743,20.527995,104.74,bitso/v3-ohlc+fawazahmed0
2025-03-01,Indodax,IDR,16619.0,16536.493415,49.89,indodax/history_v2+fawazahmed0
2025-03-01,Upbit,KRW,1490.0,1461.596726,194.33,upbit/candles-days+fawazahmed0
2025-03-02,BTCTurk,TRY,36.222,36.506405,-77.91,btcturk/v2-ohlc+fawazahmed0
2025-03-02,Bitkub,THB,33.97,34.215456,-71.74,bitkub/tv-history+fawazahmed0
2025-03-02,Bitso,MXN,20.512,20.543673,-15.42,bitso/v3-ohlc+fawazahmed0
2025-03-02,Indodax,IDR,16507.0,16567.928405,-36.77,indodax/history_v2+fawazahmed0
2025-03-02,Upbit,KRW,1510.0,1461.870037,329.24,upbit/candles-days+fawazahmed0
2025-03-03,BTCTurk,TRY,36.548,36.518117,8.18,btcturk/v2-ohlc+fawazahmed0
2025-03-03,Bitkub,THB,34.0,34.19911,-58.22,bitkub/tv-history+fawazahmed0
2025-03-03,Bitso,MXN,20.8,20.467266,162.57,bitso/v3-ohlc+fawazahmed0
2025-03-03,Indodax,IDR,16536.0,16580.778117,-27.01,indodax/history_v2+fawazahmed0
2025-03-03,Upbit,KRW,1509.0,1460.831781,329.73,upbit/candles-days+fawazahmed0
2025-03-04,BTCTurk,TRY,36.486,36.461547,6.71,btcturk/v2-ohlc+fawazahmed0
2025-03-04,Bitkub,THB,33.9,33.935607,-10.49,bitkub/tv-history+fawazahmed0
2025-03-04,Bitso,MXN,20.608,20.760581,-73.5,bitso/v3-ohlc+fawazahmed0
2025-03-04,Indodax,IDR,16496.0,16466.436107,17.95,indodax/history_v2+fawazahmed0
2025-03-04,Upbit,KRW,1496.0,1456.800833,269.08,upbit/candles-days+fawazahmed0
2025-03-05,BTCTurk,TRY,36.472,36.469949,0.56,btcturk/v2-ohlc+fawazahmed0
2025-03-05,Bitkub,THB,33.63,33.735857,-31.38,bitkub/tv-history+fawazahmed0
2025-03-05,Bitso,MXN,20.456,20.609261,-74.36,bitso/v3-ohlc+fawazahmed0
2025-03-05,Indodax,IDR,16344.0,16405.927846,-37.75,indodax/history_v2+fawazahmed0
2025-03-05,Upbit,KRW,1490.0,1455.682396,235.75,upbit/candles-days+fawazahmed0
2025-03-06,BTCTurk,TRY,36.47,36.48919,-5.26,btcturk/v2-ohlc+fawazahmed0
2025-03-06,Bitkub,THB,33.66,33.601788,17.32,bitkub/tv-history+fawazahmed0
2025-03-06,Bitso,MXN,20.346,20.388538,-20.86,bitso/v3-ohlc+fawazahmed0
2025-03-06,Indodax,IDR,16387.0,16291.655471,58.52,indodax/history_v2+fawazahmed0
2025-03-06,Upbit,KRW,1488.0,1439.712155,335.4,upbit/candles-days+fawazahmed0
2025-03-07,BTCTurk,TRY,36.578,36.49205,23.55,btcturk/v2-ohlc+fawazahmed0
2025-03-07,Bitkub,THB,33.65,33.817269,-49.46,bitkub/tv-history+fawazahmed0
2025-03-07,Bitso,MXN,20.373,20.290397,40.71,bitso/v3-ohlc+fawazahmed0
2025-03-07,Indodax,IDR,16389.0,16329.200805,36.62,indodax/history_v2+fawazahmed0
2025-03-07,Upbit,KRW,1492.0,1446.289042,316.06,upbit/candles-days+fawazahmed0
2025-03-08,BTCTurk,TRY,36.589,36.463845,34.32,btcturk/v2-ohlc+fawazahmed0
2025-03-08,Bitkub,THB,33.91,33.69489,63.84,bitkub/tv-history+fawazahmed0
2025-03-08,Bitso,MXN,20.374,20.248198,62.13,bitso/v3-ohlc+fawazahmed0
2025-03-08,Indodax,IDR,16440.0,16301.881062,84.73,indodax/history_v2+fawazahmed0
2025-03-08,Upbit,KRW,1492.0,1448.199793,302.45,upbit/candles-days+fawazahmed0
2025-03-09,BTCTurk,TRY,36.775,36.400791,102.8,btcturk/v2-ohlc+fawazahmed0
2025-03-09,Bitkub,THB,33.96,33.756025,60.43,bitkub/tv-history+fawazahmed0
2025-03-09,Bitso,MXN,20.333,20.267163,32.48,bitso/v3-ohlc+fawazahmed0
2025-03-09,Indodax,IDR,16507.0,16299.99418,127.0,indodax/history_v2+fawazahmed0
2025-03-09,Upbit,KRW,1500.0,1447.514522,362.59,upbit/candles-days+fawazahmed0
2025-03-10,BTCTurk,TRY,36.653,36.522164,35.82,btcturk/v2-ohlc+fawazahmed0
2025-03-10,Bitkub,THB,33.87,33.660705,62.18,bitkub/tv-history+fawazahmed0
2025-03-10,Bitso,MXN,20.44,20.254888,91.39,bitso/v3-ohlc+fawazahmed0
2025-03-10,Indodax,IDR,16436.0,16299.815329,83.55,indodax/history_v2+fawazahmed0
2025-03-10,Upbit,KRW,1491.0,1447.191841,302.71,upbit/candles-days+fawazahmed0
2025-03-11,BTCTurk,TRY,36.64,36.58116,16.08,btcturk/v2-ohlc+fawazahmed0
2025-03-11,Bitkub,THB,33.76,33.953704,-57.05,bitkub/tv-history+fawazahmed0
2025-03-11,Bitso,MXN,20.312,20.371876,-29.39,bitso/v3-ohlc+fawazahmed0
2025-03-11,Indodax,IDR,16482.0,16330.363309,92.86,indodax/history_v2+fawazahmed0
2025-03-11,Upbit,KRW,1483.0,1457.217807,176.93,upbit/candles-days+fawazahmed0
2025-03-12,BTCTurk,TRY,36.621,36.600746,5.53,btcturk/v2-ohlc+fawazahmed0
2025-03-12,Bitkub,THB,33.79,33.744631,13.44,bitkub/tv-history+fawazahmed0
2025-03-12,Bitso,MXN,20.171,20.265505,-46.63,bitso/v3-ohlc+fawazahmed0
2025-03-12,Indodax,IDR,16485.0,16445.277144,24.15,indodax/history_v2+fawazahmed0
2025-03-12,Upbit,KRW,1481.0,1451.844752,200.82,upbit/candles-days+fawazahmed0
2025-03-13,BTCTurk,TRY,36.658,36.611891,12.59,btcturk/v2-ohlc+fawazahmed0
2025-03-13,Bitkub,THB,33.72,33.808968,-26.31,bitkub/tv-history+fawazahmed0
2025-03-13,Bitso,MXN,20.081,20.183063,-50.57,bitso/v3-ohlc+fawazahmed0
2025-03-13,Indodax,IDR,16442.0,16429.532007,7.59,indodax/history_v2+fawazahmed0
2025-03-13,Upbit,KRW,1481.0,1450.219375,212.25,upbit/candles-days+fawazahmed0
2025-03-14,BTCTurk,TRY,36.732,36.688068,11.97,btcturk/v2-ohlc+fawazahmed0
2025-03-14,Bitkub,THB,33.53,33.663254,-39.58,bitkub/tv-history+fawazahmed0
2025-03-14,Bitso,MXN,20.015,20.102285,-43.42,bitso/v3-ohlc+fawazahmed0
2025-03-14,Indodax,IDR,16378.0,16361.447249,10.12,indodax/history_v2+fawazahmed0
2025-03-14,Upbit,KRW,1475.0,1455.668871,132.8,upbit/candles-days+fawazahmed0
2025-03-15,BTCTurk,TRY,36.727,36.514749,58.13,btcturk/v2-ohlc+fawazahmed0
2025-03-15,Bitkub,THB,33.51,33.586643,-22.82,bitkub/tv-history+fawazahmed0
2025-03-15,Bitso,MXN,20.031,19.928591,51.39,bitso/v3-ohlc+fawazahmed0
2025-03-15,Indodax,IDR,16336.0,16334.161483,1.13,indodax/history_v2+fawazahmed0
2025-03-15,Upbit,KRW,1472.0,1451.102103,144.01,upbit/candles-days+fawazahmed0
2025-03-16,BTCTurk,TRY,36.771,36.632904,37.7,btcturk/v2-ohlc+fawazahmed0
2025-03-16,Bitkub,THB,33.52,33.614436,-28.09,bitkub/tv-history+fawazahmed0
2025-03-16,Bitso,MXN,19.968,19.935051,16.53,bitso/v3-ohlc+fawazahmed0
2025-03-16,Indodax,IDR,16381.0,16327.3544,32.86,indodax/history_v2+fawazahmed0
2025-03-16,Upbit,KRW,1474.0,1452.085156,150.92,upbit/candles-days+fawazahmed0
2025-03-17,BTCTurk,TRY,36.673,36.685144,-3.31,btcturk/v2-ohlc+fawazahmed0
2025-03-17,Bitkub,THB,33.56,33.635951,-22.58,bitkub/tv-history+fawazahmed0
2025-03-17,Bitso,MXN,19.966,19.916798,24.7,bitso/v3-ohlc+fawazahmed0
2025-03-17,Indodax,IDR,16403.0,16332.048238,43.44,indodax/history_v2+fawazahmed0
2025-03-17,Upbit,KRW,1463.0,1448.73136,98.49,upbit/candles-days+fawazahmed0
2025-03-18,BTCTurk,TRY,36.704,36.659152,12.23,btcturk/v2-ohlc+fawazahmed0
2025-03-18,Bitkub,THB,33.61,33.564117,13.67,bitkub/tv-history+fawazahmed0
2025-03-18,Bitso,MXN,19.928,19.961007,-16.54,bitso/v3-ohlc+fawazahmed0
2025-03-18,Indodax,IDR,16548.0,16390.222672,96.26,indodax/history_v2+fawazahmed0
2025-03-18,Upbit,KRW,1467.0,1444.206371,157.83,upbit/candles-days+fawazahmed0
2025-03-19,BTCTurk,TRY,37.978,36.705948,346.55,btcturk/v2-ohlc+fawazahmed0
2025-03-19,Bitkub,THB,33.57,33.660839,-26.99,bitkub/tv-history+fawazahmed0
2025-03-19,Bitso,MXN,20.032,19.923626,54.39,bitso/v3-ohlc+fawazahmed0
2025-03-19,Indodax,IDR,16559.0,16493.732146,39.57,indodax/history_v2+fawazahmed0
2025-03-19,Upbit,KRW,1467.0,1451.210807,108.8,upbit/candles-days+fawazahmed0
2025-03-20,BTCTurk,TRY,38.061,37.902354,41.86,btcturk/v2-ohlc+fawazahmed0
2025-03-20,Bitkub,THB,33.7,33.586061,33.92,bitkub/tv-history+fawazahmed0
2025-03-20,Bitso,MXN,20.139,20.047016,45.88,bitso/v3-ohlc+fawazahmed0
2025-03-20,Indodax,IDR,16545.0,16520.579993,14.78,indodax/history_v2+fawazahmed0
2025-03-20,Upbit,KRW,1475.5,1461.146859,98.23,upbit/candles-days+fawazahmed0
2025-03-21,BTCTurk,TRY,38.332,37.989681,90.11,btcturk/v2-ohlc+fawazahmed0
2025-03-21,Bitkub,THB,33.85,33.848527,0.44,bitkub/tv-history+fawazahmed0
2025-03-21,Bitso,MXN,20.26,20.142357,58.41,bitso/v3-ohlc+fawazahmed0
2025-03-21,Indodax,IDR,16563.0,16496.416315,40.36,indodax/history_v2+fawazahmed0
2025-03-21,Upbit,KRW,1480.5,1468.996604,78.31,upbit/candles-days+fawazahmed0
2025-03-22,BTCTurk,TRY,38.767,37.620165,304.85,btcturk/v2-ohlc+fawazahmed0
2025-03-22,Bitkub,THB,33.79,33.781416,2.54,bitkub/tv-history+fawazahmed0
2025-03-22,Bitso,MXN,20.248,20.239041,4.43,bitso/v3-ohlc+fawazahmed0
2025-03-22,Indodax,IDR,16575.0,16497.021254,47.27,indodax/history_v2+fawazahmed0
2025-03-22,Upbit,KRW,1481.0,1465.785014,103.8,upbit/candles-days+fawazahmed0
2025-03-23,BTCTurk,TRY,38.33,37.790351,142.8,btcturk/v2-ohlc+fawazahmed0
2025-03-23,Bitkub,THB,33.84,33.916023,-22.42,bitkub/tv-history+fawazahmed0
2025-03-23,Bitso,MXN,20.237,20.239196,-1.08,bitso/v3-ohlc+fawazahmed0
2025-03-23,Indodax,IDR,16530.0,16525.992836,2.42,indodax/history_v2+fawazahmed0
2025-03-23,Upbit,KRW,1476.0,1465.779748,69.73,upbit/candles-days+fawazahmed0
2025-03-24,BTCTurk,TRY,38.096,38.007671,23.24,btcturk/v2-ohlc+fawazahmed0
2025-03-24,Bitkub,THB,33.89,33.950086,-17.7,bitkub/tv-history+fawazahmed0
2025-03-24,Bitso,MXN,20.03,20.227924,-97.85,bitso/v3-ohlc+fawazahmed0
2025-03-24,Indodax,IDR,16576.0,16502.07435,44.8,indodax/history_v2+fawazahmed0
2025-03-24,Upbit,KRW,1472.0,1467.050612,33.74,upbit/candles-days+fawazahmed0
2025-03-25,BTCTurk,TRY,38.053,37.985357,17.81,btcturk/v2-ohlc+fawazahmed0
2025-03-25,Bitkub,THB,33.83,34.008487,-52.48,bitkub/tv-history+fawazahmed0
2025-03-25,Bitso,MXN,20.094,20.042266,25.81,bitso/v3-ohlc+fawazahmed0
2025-03-25,Indodax,IDR,16626.0,16588.221553,22.77,indodax/history_v2+fawazahmed0
2025-03-25,Upbit,KRW,1473.5,1469.573592,26.72,upbit/candles-days+fawazahmed0
2025-03-26,BTCTurk,TRY,38.048,38.025448,5.93,btcturk/v2-ohlc+fawazahmed0
2025-03-26,Bitkub,THB,33.97,33.833625,40.31,bitkub/tv-history+fawazahmed0
2025-03-26,Bitso,MXN,20.19,20.051226,69.21,bitso/v3-ohlc+fawazahmed0
2025-03-26,Indodax,IDR,16657.0,16619.025897,22.85,indodax/history_v2+fawazahmed0
2025-03-26,Upbit,KRW,1479.5,1463.481679,109.45,upbit/candles-days+fawazahmed0
2025-03-27,BTCTurk,TRY,38.05,38.012745,9.8,btcturk/v2-ohlc+fawazahmed0
2025-03-27,Bitkub,THB,33.85,33.970663,-35.52,bitkub/tv-history+fawazahmed0
2025-03-27,Bitso,MXN,20.298,20.22117,37.99,bitso/v3-ohlc+fawazahmed0
2025-03-27,Indodax,IDR,16617.0,16626.300991,-5.59,indodax/history_v2+fawazahmed0
2025-03-27,Upbit,KRW,1476.0,1466.849615,62.38,upbit/candles-days+fawazahmed0
2025-03-28,BTCTurk,TRY,38.627,38.031768,156.51,btcturk/v2-ohlc+fawazahmed0
2025-03-28,Bitkub,THB,33.95,33.87886,21.0,bitkub/tv-history+fawazahmed0
2025-03-28,Bitso,MXN,20.443,20.32066,60.2,bitso/v3-ohlc+fawazahmed0
2025-03-28,Indodax,IDR,16727.0,16570.327566,94.55,indodax/history_v2+fawazahmed0
2025-03-28,Upbit,KRW,1491.0,1465.713495,172.52,upbit/candles-days+fawazahmed0
2025-03-29,BTCTurk,TRY,38.552,37.979347,150.78,btcturk/v2-ohlc+fawazahmed0
2025-03-29,Bitkub,THB,34.0,33.93264,19.85,bitkub/tv-history+fawazahmed0
2025-03-29,Bitso,MXN,20.505,20.376909,62.86,bitso/v3-ohlc+fawazahmed0
2025-03-29,Indodax,IDR,16800.0,16599.72882,120.65,indodax/history_v2+fawazahmed0
2025-03-29,Upbit,KRW,1493.0,1470.337841,154.13,upbit/candles-days+fawazahmed0
2025-03-30,BTCTurk,TRY,38.444,37.992654,118.8,btcturk/v2-ohlc+fawazahmed0
2025-03-30,Bitkub,THB,33.98,33.895474,24.94,bitkub/tv-history+fawazahmed0
2025-03-30,Bitso,MXN,20.417,20.379029,18.63,bitso/v3-ohlc+fawazahmed0
2025-03-30,Indodax,IDR,16754.0,16581.314532,104.14,indodax/history_v2+fawazahmed0
2025-03-30,Upbit,KRW,1495.5,1470.442603,170.41,upbit/candles-days+fawazahmed0
2025-03-31,BTCTurk,TRY,38.29,37.976934,82.44,btcturk/v2-ohlc+fawazahmed0
2025-03-31,Bitkub,THB,33.95,33.896318,15.84,bitkub/tv-history+fawazahmed0
2025-03-31,Bitso,MXN,20.475,20.380602,46.32,bitso/v3-ohlc+fawazahmed0
2025-03-31,Indodax,IDR,16710.0,16560.802469,90.09,indodax/history_v2+fawazahmed0
2025-03-31,Upbit,KRW,1491.5,1470.373417,143.68,upbit/candles-days+fawazahmed0
2025-04-01,BTCTurk,TRY,38.21,37.954941,67.2,btcturk/v2-ohlc+fawazahmed0
2025-04-01,Bitkub,THB,34.08,34.041203,11.4,bitkub/tv-history+fawazahmed0
2025-04-01,Bitso,MXN,20.367,20.476744,-53.59,bitso/v3-ohlc+fawazahmed0
2025-04-01,Indodax,IDR,16699.0,16620.827556,47.03,indodax/history_v2+fawazahmed0
2025-04-01,Upbit,KRW,1485.5,1472.012134,91.63,upbit/candles-days+fawazahmed0
2025-04-02,BTCTurk,TRY,38.091,37.946416,38.1,btcturk/v2-ohlc+fawazahmed0
2025-04-02,Bitkub,THB,34.0,34.19406,-56.75,bitkub/tv-history+fawazahmed0
2025-04-02,Bitso,MXN,20.197,20.346892,-73.67,bitso/v3-ohlc+fawazahmed0
2025-04-02,Indodax,IDR,16797.0,16731.653818,39.06,indodax/history_v2+fawazahmed0
2025-04-02,Upbit,KRW,1488.0,1468.05022,135.89,upbit/candles-days+fawazahmed0
2025-04-03,BTCTurk,TRY,38.019,37.937899,21.38,btcturk/v2-ohlc+fawazahmed0
2025-04-03,Bitkub,THB,34.21,34.397987,-54.65,bitkub/tv-history+fawazahmed0
2025-04-03,Bitso,MXN,19.966,20.197795,-114.76,bitso/v3-ohlc+fawazahmed0
2025-04-03,Indodax,IDR,16787.0,16761.604898,15.15,indodax/history_v2+fawazahmed0
2025-04-03,Upbit,KRW,1482.0,1465.496988,112.61,upbit/candles-days+fawazahmed0
2025-04-04,BTCTurk,TRY,38.065,38.017046,12.61,btcturk/v2-ohlc+fawazahmed0
2025-04-04,Bitkub,THB,34.37,34.104236,77.93,bitkub/tv-history+fawazahmed0
2025-04-04,Bitso,MXN,20.487,19.913528,287.98,bitso/v3-ohlc+fawazahmed0
2025-04-04,Indodax,IDR,16623.0,16740.850827,-70.4,indodax/history_v2+fawazahmed0
2025-04-04,Upbit,KRW,1471.5,1439.138641,224.87,upbit/candles-days+fawazahmed0
2025-04-05,BTCTurk,TRY,38.025,37.987381,9.9,btcturk/v2-ohlc+fawazahmed0
2025-04-05,Bitkub,THB,34.26,34.391969,-38.37,bitkub/tv-history+fawazahmed0
2025-04-05,Bitso,MXN,20.476,20.436658,19.25,bitso/v3-ohlc+fawazahmed0
2025-04-05,Indodax,IDR,16627.0,16749.945522,-73.4,indodax/history_v2+fawazahmed0
2025-04-05,Upbit,KRW,1477.0,1459.576041,119.38,upbit/candles-days+fawazahmed0
2025-04-06,BTCTurk,TRY,38.179,37.982486,51.74,btcturk/v2-ohlc+fawazahmed0
2025-04-06,Bitkub,THB,34.33,34.26184,19.89,bitkub/tv-history+fawazahmed0
2025-04-06,Bitso,MXN,20.655,20.435502,107.41,bitso/v3-ohlc+fawazahmed0
2025-04-06,Indodax,IDR,16889.0,16602.017416,172.86,indodax/history_v2+fawazahmed0
2025-04-06,Upbit,KRW,1498.0,1459.477755,263.95,upbit/candles-days+fawazahmed0
2025-04-07,BTCTurk,TRY,38.1,38.013427,22.77,btcturk/v2-ohlc+fawazahmed0
2025-04-07,Bitkub,THB,34.63,34.61014,5.74,bitkub/tv-history+fawazahmed0
2025-04-07,Bitso,MXN,20.629,20.650968,-10.64,bitso/v3-ohlc+fawazahmed0
2025-04-07,Indodax,IDR,16923.0,17217.736042,-171.18,indodax/history_v2+fawazahmed0
2025-04-07,Upbit,KRW,1491.0,1469.105009,149.04,upbit/candles-days+fawazahmed0
2025-04-08,BTCTurk,TRY,38.05,38.013919,9.49,btcturk/v2-ohlc+fawazahmed0
2025-04-08,Bitkub,THB,34.72,34.624334,27.63,bitkub/tv-history+fawazahmed0
2025-04-08,Bitso,MXN,20.895,20.643088,122.03,bitso/v3-ohlc+fawazahmed0
2025-04-08,Indodax,IDR,17107.0,16853.844576,150.21,indodax/history_v2+fawazahmed0
2025-04-08,Upbit,KRW,1499.5,1470.520905,197.07,upbit/candles-days+fawazahmed0
2025-04-09,BTCTurk,TRY,37.7,38.008191,-81.09,btcturk/v2-ohlc+fawazahmed0
2025-04-09,Bitkub,THB,34.32,34.867415,-157.0,bitkub/tv-history+fawazahmed0
2025-04-09,Bitso,MXN,20.303,20.812175,-244.65,bitso/v3-ohlc+fawazahmed0
2025-04-09,Indodax,IDR,16822.0,16941.531524,-70.56,indodax/history_v2+fawazahmed0
2025-04-09,Upbit,KRW,1470.5,1481.58445,-74.81,upbit/candles-days+fawazahmed0
2025-04-10,BTCTurk,TRY,37.94,37.998005,-15.27,btcturk/v2-ohlc+fawazahmed0
2025-04-10,Bitkub,THB,33.95,34.307561,-104.22,bitkub/tv-history+fawazahmed0
2025-04-10,Bitso,MXN,20.522,20.378613,70.36,bitso/v3-ohlc+fawazahmed0
2025-04-10,Indodax,IDR,16917.0,16849.228252,40.22,indodax/history_v2+fawazahmed0
2025-04-10,Upbit,KRW,1481.0,1460.730639,138.76,upbit/candles-days+fawazahmed0
2025-04-11,BTCTurk,TRY,38.049,38.053213,-1.11,btcturk/v2-ohlc+fawazahmed0
2025-04-11,Bitkub,THB,33.55,33.718868,-50.08,bitkub/tv-history+fawazahmed0
2025-04-11,Bitso,MXN,20.4,20.553274,-74.57,bitso/v3-ohlc+fawazahmed0
2025-04-11,Indodax,IDR,16827.0,16799.086465,16.62,indodax/history_v2+fawazahmed0
2025-04-11,Upbit,KRW,1457.5,1448.970137,58.87,upbit/candles-days+fawazahmed0
2025-04-12,BTCTurk,TRY,37.908,37.959829,-13.65,btcturk/v2-ohlc+fawazahmed0
2025-04-12,Bitkub,THB,33.51,33.466547,12.98,bitkub/tv-history+fawazahmed0
2025-04-12,Bitso,MXN,20.363,20.329775,16.34,bitso/v3-ohlc+fawazahmed0
2025-04-12,Indodax,IDR,16846.0,16791.987072,32.17,indodax/history_v2+fawazahmed0
2025-04-12,Upbit,KRW,1448.0,1421.012425,189.92,upbit/candles-days+fawazahmed0
2025-04-13,BTCTurk,TRY,38.086,37.90374,48.09,btcturk/v2-ohlc+fawazahmed0
2025-04-13,Bitkub,THB,33.61,33.530693,23.65,bitkub/tv-history+fawazahmed0
2025-04-13,Bitso,MXN,20.266,20.312152,-22.72,bitso/v3-ohlc+fawazahmed0
2025-04-13,Indodax,IDR,16875.0,16789.097824,51.17,indodax/history_v2+fawazahmed0
2025-04-13,Upbit,KRW,1452.5,1419.097302,235.38,upbit/candles-days+fawazahmed0
2025-04-14,BTCTurk,TRY,38.059,38.017819,10.83,btcturk/v2-ohlc+fawazahmed0
2025-04-14,Bitkub,THB,33.63,33.476749,45.78,bitkub/tv-history+fawazahmed0
2025-04-14,Bitso,MXN,20.094,20.267711,-85.71,bitso/v3-ohlc+fawazahmed0
2025-04-14,Indodax,IDR,16837.0,16788.590354,28.83,indodax/history_v2+fawazahmed0
2025-04-14,Upbit,KRW,1452.0,1431.141907,145.74,upbit/candles-days+fawazahmed0
2025-04-15,BTCTurk,TRY,38.134,38.046382,23.03,btcturk/v2-ohlc+fawazahmed0
2025-04-15,Bitkub,THB,33.54,33.528491,3.43,bitkub/tv-history+fawazahmed0
2025-04-15,Bitso,MXN,20.115,20.107496,3.73,bitso/v3-ohlc+fawazahmed0
2025-04-15,Indodax,IDR,16868.0,16781.234025,51.7,indodax/history_v2+fawazahmed0
2025-04-15,Upbit,KRW,1460.0,1425.07617,245.07,upbit/candles-days+fawazahmed0
2025-04-16,BTCTurk,TRY,38.192,38.146916,11.82,btcturk/v2-ohlc+fawazahmed0
2025-04-16,Bitkub,THB,33.2,33.406369,-61.78,bitkub/tv-history+fawazahmed0
2025-04-16,Bitso,MXN,19.961,20.125265,-81.62,bitso/v3-ohlc+fawazahmed0
2025-04-16,Indodax,IDR,16834.0,16815.157588,11.21,indodax/history_v2+fawazahmed0
2025-04-16,Upbit,KRW,1451.5,1428.668109,159.81,upbit/candles-days+fawazahmed0
2025-04-17,BTCTurk,TRY,38.051,38.164468,-29.73,btcturk/v2-ohlc+fawazahmed0
2025-04-17,Bitkub,THB,33.33,33.224332,31.8,bitkub/tv-history+fawazahmed0
2025-04-17,Bitso,MXN,19.797,19.945939,-74.67,bitso/v3-ohlc+fawazahmed0
2025-04-17,Indodax,IDR,16900.0,16827.602144,43.02,indodax/history_v2+fawazahmed0
2025-04-17,Upbit,KRW,1445.5,1421.7252,167.23,upbit/candles-days+fawazahmed0
2025-04-18,BTCTurk,TRY,38.16,38.074153,22.55,btcturk/v2-ohlc+fawazahmed0
2025-04-18,Bitkub,THB,33.39,33.34672,12.98,bitkub/tv-history+fawazahmed0
2025-04-18,Bitso,MXN,19.808,19.702198,53.7,bitso/v3-ohlc+fawazahmed0
2025-04-18,Indodax,IDR,16901.0,16857.861074,25.59,indodax/history_v2+fawazahmed0
2025-04-18,Upbit,KRW,1447.0,1422.087973,175.18,upbit/candles-days+fawazahmed0
2025-04-19,BTCTurk,TRY,38.128,38.021441,28.03,btcturk/v2-ohlc+fawazahmed0
2025-04-19,Bitkub,THB,33.36,33.414071,-16.18,bitkub/tv-history+fawazahmed0
2025-04-19,Bitso,MXN,19.745,19.71995,12.7,bitso/v3-ohlc+fawazahmed0
2025-04-19,Indodax,IDR,16867.0,16867.890447,-0.53,indodax/history_v2+fawazahmed0
2025-04-19,Upbit,KRW,1443.0,1423.048976,140.2,upbit/candles-days+fawazahmed0
2025-04-20,BTCTurk,TRY,38.081,38.091363,-2.72,btcturk/v2-ohlc+fawazahmed0
2025-04-20,Bitkub,THB,33.36,33.37005,-3.01,bitkub/tv-history+fawazahmed0
2025-04-20,Bitso,MXN,19.688,19.651391,18.63,bitso/v3-ohlc+fawazahmed0
2025-04-20,Indodax,IDR,16900.0,16839.320004,36.03,indodax/history_v2+fawazahmed0
2025-04-20,Upbit,KRW,1443.0,1424.22023,131.86,upbit/candles-days+fawazahmed0
2025-04-21,BTCTurk,TRY,38.29,38.211515,20.54,btcturk/v2-ohlc+fawazahmed0
2025-04-21,Bitkub,THB,33.18,33.184281,-1.29,bitkub/tv-history+fawazahmed0
2025-04-21,Bitso,MXN,19.682,19.702888,-10.6,bitso/v3-ohlc+fawazahmed0
2025-04-21,Indodax,IDR,16862.0,16829.003494,19.61,indodax/history_v2+fawazahmed0
2025-04-21,Upbit,KRW,1440.5,1418.743792,153.35,upbit/candles-days+fawazahmed0
2025-04-22,BTCTurk,TRY,38.117,38.2401,-32.19,btcturk/v2-ohlc+fawazahmed0
2025-04-22,Bitkub,THB,33.36,33.214773,43.72,bitkub/tv-history+fawazahmed0
2025-04-22,Bitso,MXN,19.644,19.6892,-22.96,bitso/v3-ohlc+fawazahmed0
2025-04-22,Indodax,IDR,16879.0,16830.400804,28.88,indodax/history_v2+fawazahmed0
2025-04-22,Upbit,KRW,1434.0,1425.631752,58.7,upbit/candles-days+fawazahmed0
2025-04-23,BTCTurk,TRY,38.137,38.289318,-39.78,btcturk/v2-ohlc+fawazahmed0
2025-04-23,Bitkub,THB,33.39,33.49571,-31.56,bitkub/tv-history+fawazahmed0
2025-04-23,Bitso,MXN,19.634,19.638397,-2.24,bitso/v3-ohlc+fawazahmed0
2025-04-23,Indodax,IDR,16911.0,16848.212531,37.27,indodax/history_v2+fawazahmed0
2025-04-23,Upbit,KRW,1434.0,1428.593837,37.84,upbit/candles-days+fawazahmed0
2025-04-24,BTCTurk,TRY,38.261,38.323751,-16.37,btcturk/v2-ohlc+fawazahmed0
2025-04-24,Bitkub,THB,33.45,33.478434,-8.49,bitkub/tv-history+fawazahmed0
2025-04-24,Bitso,MXN,19.637,19.621631,7.83,bitso/v3-ohlc+fawazahmed0
2025-04-24,Indodax,IDR,16855.0,16863.914479,-5.29,indodax/history_v2+fawazahmed0
2025-04-24,Upbit,KRW,1434.5,1429.835677,32.62,upbit/candles-days+fawazahmed0
2025-04-25,BTCTurk,TRY,38.43,38.429697,0.08,btcturk/v2-ohlc+fawazahmed0
2025-04-25,Bitkub,THB,33.51,33.437999,21.53,bitkub/tv-history+fawazahmed0
2025-04-25,Bitkub,THB,33.56,33.437999,36.49,bitkub/tv-history+fawazahmed0
2025-04-25,Bitso,MXN,19.595,19.610557,-7.93,bitso/v3-ohlc+fawazahmed0
2025-04-25,Indodax,IDR,16875.0,16818.149393,33.8,indodax/history_v2+fawazahmed0
2025-04-25,Upbit,KRW,1444.5,1435.759383,60.88,upbit/candles-days+fawazahmed0
2025-04-26,BTCTurk,TRY,38.466,38.41848,12.37,btcturk/v2-ohlc+fawazahmed0
2025-04-26,Bitkub,THB,33.56,33.514239,13.65,bitkub/tv-history+fawazahmed0
2025-04-26,Bitso,MXN,19.565,19.50755,29.45,bitso/v3-ohlc+fawazahmed0
2025-04-26,Indodax,IDR,16888.0,16804.368184,49.77,indodax/history_v2+fawazahmed0
2025-04-26,Upbit,KRW,1443.0,1438.281044,32.81,upbit/candles-days+fawazahmed0
2025-04-27,BTCTurk,TRY,38.461,38.419219,10.87,btcturk/v2-ohlc+fawazahmed0
2025-04-27,Bitkub,THB,33.52,33.494467,7.62,bitkub/tv-history+fawazahmed0
2025-04-27,Bitso,MXN,19.547,19.512054,17.91,bitso/v3-ohlc+fawazahmed0
2025-04-27,Indodax,IDR,16892.0,16839.705507,31.05,indodax/history_v2+fawazahmed0
2025-04-27,Upbit,KRW,1443.0,1438.372825,32.17,upbit/candles-days+fawazahmed0
2025-04-28,BTCTurk,TRY,38.441,38.450267,-2.41,btcturk/v2-ohlc+fawazahmed0
2025-04-28,Bitkub,THB,33.46,33.668752,-62.0,bitkub/tv-history+fawazahmed0
2025-04-28,Bitso,MXN,19.631,19.544303,44.36,bitso/v3-ohlc+fawazahmed0
2025-04-28,Indodax,IDR,16870.0,16838.70555,18.58,indodax/history_v2+fawazahmed0
2025-04-28,Upbit,KRW,1441.5,1439.889571,11.18,upbit/candles-days+fawazahmed0
2025-04-29,BTCTurk,TRY,38.528,38.452998,19.5,btcturk/v2-ohlc+fawazahmed0
2025-04-29,Bitkub,THB,33.4,33.379804,6.05,bitkub/tv-history+fawazahmed0
2025-04-29,Bitso,MXN,19.594,19.592325,0.85,bitso/v3-ohlc+fawazahmed0
2025-04-29,Indodax,IDR,16767.0,16816.577297,-29.48,indodax/history_v2+fawazahmed0
2025-04-29,Upbit,KRW,1445.5,1441.314518,29.04,upbit/candles-days+fawazahmed0
2025-04-30,BTCTurk,TRY,38.548,38.478746,18.0,btcturk/v2-ohlc+fawazahmed0
2025-04-30,Bitkub,THB,33.42,33.431948,-3.57,bitkub/tv-history+fawazahmed0
2025-04-30,Bitso,MXN,19.637,19.564457,37.08,bitso/v3-ohlc+fawazahmed0
2025-04-30,Indodax,IDR,16650.0,16730.653525,-48.21,indodax/history_v2+fawazahmed0
2025-04-30,Upbit,KRW,1444.0,1432.073253,83.28,upbit/candles-days+fawazahmed0
2025-05-01,BTCTurk,TRY,38.544,38.562359,-4.76,btcturk/v2-ohlc+fawazahmed0
2025-05-01,Bitkub,THB,33.45,33.493303,-12.93,bitkub/tv-history+fawazahmed0
2025-05-01,Bitso,MXN,19.556,19.617604,-31.4,bitso/v3-ohlc+fawazahmed0
2025-05-01,Indodax,IDR,16605.0,16559.465845,27.5,indodax/history_v2+fawazahmed0
2025-05-01,Upbit,KRW,1441.5,1426.068009,108.21,upbit/candles-days+fawazahmed0
2025-05-02,BTCTurk,TRY,38.59,38.572503,4.54,btcturk/v2-ohlc+fawazahmed0
2025-05-02,Bitkub,THB,33.1,33.524051,-126.49,bitkub/tv-history+fawazahmed0
2025-05-02,Bitso,MXN,19.62,19.593716,13.41,bitso/v3-ohlc+fawazahmed0
2025-05-02,Indodax,IDR,16561.0,16593.509753,-19.59,indodax/history_v2+fawazahmed0
2025-05-02,Upbit,KRW,1430.5,1433.991284,-24.35,upbit/candles-days+fawazahmed0
2025-05-03,BTCTurk,TRY,38.682,38.519963,42.07,btcturk/v2-ohlc+fawazahmed0
2025-05-03,Bitkub,THB,33.18,33.068786,33.63,bitkub/tv-history+fawazahmed0
2025-05-03,Bitso,MXN,19.685,19.577464,54.93,bitso/v3-ohlc+fawazahmed0
2025-05-03,Indodax,IDR,16531.0,16461.887442,41.98,indodax/history_v2+fawazahmed0
2025-05-03,Upbit,KRW,1435.0,1399.585608,253.03,upbit/candles-days+fawazahmed0
2025-05-04,BTCTurk,TRY,38.727,38.538098,49.02,btcturk/v2-ohlc+fawazahmed0
2025-05-04,Bitkub,THB,33.13,33.22567,-28.79,bitkub/tv-history+fawazahmed0
2025-05-04,Bitso,MXN,19.606,19.5797,13.43,bitso/v3-ohlc+fawazahmed0
2025-05-04,Indodax,IDR,16551.0,16530.795365,12.22,indodax/history_v2+fawazahmed0
2025-05-04,Upbit,KRW,1438.0,1400.895186,264.87,upbit/candles-days+fawazahmed0
2025-05-05,BTCTurk,TRY,38.619,38.575121,11.37,btcturk/v2-ohlc+fawazahmed0
2025-05-05,Bitkub,THB,32.86,33.000907,-42.7,bitkub/tv-history+fawazahmed0
2025-05-05,Bitso,MXN,19.715,19.607287,54.94,bitso/v3-ohlc+fawazahmed0
2025-05-05,Indodax,IDR,16487.0,16416.344038,43.04,indodax/history_v2+fawazahmed0
2025-05-05,Upbit,KRW,1425.0,1378.810335,335.0,upbit/candles-days+fawazahmed0
2025-05-06,BTCTurk,TRY,38.614,38.619486,-1.42,btcturk/v2-ohlc+fawazahmed0
2025-05-06,Bitkub,THB,32.71,32.958605,-75.43,bitkub/tv-history+fawazahmed0
2025-05-06,Bitso,MXN,19.672,19.720208,-24.45,bitso/v3-ohlc+fawazahmed0
2025-05-06,Indodax,IDR,16487.0,16460.444269,16.13,indodax/history_v2+fawazahmed0
2025-05-06,Upbit,KRW,1419.5,1389.059252,219.15,upbit/candles-days+fawazahmed0
2025-05-07,BTCTurk,TRY,38.653,38.646885,1.58,btcturk/v2-ohlc+fawazahmed0
2025-05-07,Bitkub,THB,32.73,32.767744,-11.52,bitkub/tv-history+fawazahmed0
2025-05-07,Bitso,MXN,19.556,19.661523,-53.67,bitso/v3-ohlc+fawazahmed0
2025-05-07,Indodax,IDR,16525.0,16467.105745,35.16,indodax/history_v2+fawazahmed0
2025-05-07,Upbit,KRW,1419.5,1391.913939,198.19,upbit/candles-days+fawazahmed0
2025-05-08,BTCTurk,TRY,38.396,38.677406,-72.76,btcturk/v2-ohlc+fawazahmed0
2025-05-08,Bitkub,THB,32.85,32.799713,15.33,bitkub/tv-history+fawazahmed0
2025-05-08,Bitso,MXN,19.514,19.585817,-36.67,bitso/v3-ohlc+fawazahmed0
2025-05-08,Indodax,IDR,16414.0,16536.866682,-74.3,indodax/history_v2+fawazahmed0
2025-05-08,Upbit,KRW,1404.5,1398.015703,46.38,upbit/candles-days+fawazahmed0
2025-05-09,BTCTurk,TRY,38.551,38.740335,-48.87,btcturk/v2-ohlc+fawazahmed0
2025-05-09,Bitkub,THB,32.83,33.16752,-101.76,bitkub/tv-history+fawazahmed0
2025-05-09,Bitso,MXN,19.443,19.533189,-46.17,bitso/v3-ohlc+fawazahmed0
2025-05-09,Indodax,IDR,16480.0,16540.170274,-36.38,indodax/history_v2+fawazahmed0
2025-05-09,Upbit,KRW,1397.5,1412.939377,-109.27,upbit/candles-days+fawazahmed0
2025-05-10,BTCTurk,TRY,38.4,38.738115,-87.28,btcturk/v2-ohlc+fawazahmed0
2025-05-10,Bitkub,THB,32.78,32.95803,-54.02,bitkub/tv-history+fawazahmed0
2025-05-10,Bitso,MXN,19.442,19.437445,2.34,bitso/v3-ohlc+fawazahmed0
2025-05-10,Indodax,IDR,16455.0,16545.418167,-54.65,indodax/history_v2+fawazahmed0
2025-05-10,Upbit,KRW,1385.5,1395.933377,-74.74,upbit/candles-days+fawazahmed0
2025-05-11,BTCTurk,TRY,38.644,38.737742,-24.2,btcturk/v2-ohlc+fawazahmed0
2025-05-11,Bitkub,THB,32.9,33.002895,-31.18,bitkub/tv-history+fawazahmed0
2025-05-11,Bitso,MXN,19.463,19.445088,9.21,bitso/v3-ohlc+fawazahmed0
2025-05-11,Indodax,IDR,16510.0,16510.980578,-0.59,indodax/history_v2+fawazahmed0
2025-05-11,Upbit,KRW,1397.0,1395.258579,12.48,upbit/candles-days+fawazahmed0
2025-05-12,BTCTurk,TRY,38.8,38.753199,12.08,btcturk/v2-ohlc+fawazahmed0
2025-05-12,Bitkub,THB,33.14,33.040088,30.24,bitkub/tv-history+fawazahmed0
2025-05-12,Bitso,MXN,19.607,19.457929,76.61,bitso/v3-ohlc+fawazahmed0
2025-05-12,Indodax,IDR,16565.0,16543.753984,12.84,indodax/history_v2+fawazahmed0
2025-05-12,Upbit,KRW,1410.5,1400.714939,69.86,upbit/candles-days+fawazahmed0
2025-05-13,BTCTurk,TRY,38.65,38.800846,-38.88,btcturk/v2-ohlc+fawazahmed0
2025-05-13,Bitkub,THB,33.14,33.412495,-81.55,bitkub/tv-history+fawazahmed0
2025-05-13,Bitso,MXN,19.406,19.630576,-114.4,bitso/v3-ohlc+fawazahmed0
2025-05-13,Indodax,IDR,16442.0,16632.982757,-114.82,indodax/history_v2+fawazahmed0
2025-05-13,Upbit,KRW,1402.0,1409.324725,-51.97,upbit/candles-days+fawazahmed0
2025-05-14,BTCTurk,TRY,38.826,38.795702,7.81,btcturk/v2-ohlc+fawazahmed0
2025-05-14,Bitkub,THB,33.43,33.306859,36.97,bitkub/tv-history+fawazahmed0
2025-05-14,Bitso,MXN,19.405,19.419414,-7.42,bitso/v3-ohlc+fawazahmed0
2025-05-14,Indodax,IDR,16621.0,16579.994199,24.73,indodax/history_v2+fawazahmed0
2025-05-14,Upbit,KRW,1408.5,1413.738955,-37.06,upbit/candles-days+fawazahmed0
2025-05-15,BTCTurk,TRY,38.772,38.805989,-8.76,btcturk/v2-ohlc+fawazahmed0
2025-05-15,Bitkub,THB,33.25,33.410539,-48.05,bitkub/tv-history+fawazahmed0
2025-05-15,Bitso,MXN,19.505,19.382354,63.28,bitso/v3-ohlc+fawazahmed0
2025-05-15,Indodax,IDR,16580.0,16558.295232,13.11,indodax/history_v2+fawazahmed0
2025-05-15,Upbit,KRW,1408.5,1401.528832,49.74,upbit/candles-days+fawazahmed0
2025-05-16,BTCTurk,TRY,38.971,38.843026,32.95,btcturk/v2-ohlc+fawazahmed0
2025-05-16,Bitkub,THB,33.34,33.136939,61.28,bitkub/tv-history+fawazahmed0
2025-05-16,Bitso,MXN,19.507,19.503741,1.67,bitso/v3-ohlc+fawazahmed0
2025-05-16,Indodax,IDR,16544.0,16475.28617,41.71,indodax/history_v2+fawazahmed0
2025-05-16,Upbit,KRW,1416.5,1396.615403,142.38,upbit/candles-days+fawazahmed0
2025-05-17,BTCTurk,TRY,39.035,38.793785,62.18,btcturk/v2-ohlc+fawazahmed0
2025-05-17,Bitkub,THB,33.28,33.338431,-17.53,bitkub/tv-history+fawazahmed0
2025-05-17,Bitso,MXN,19.509,19.467372,21.38,bitso/v3-ohlc+fawazahmed0
2025-05-17,Indodax,IDR,16537.0,16488.812254,29.22,indodax/history_v2+fawazahmed0
2025-05-17,Upbit,KRW,1423.5,1396.884373,190.54,upbit/candles-days+fawazahmed0
2025-05-18,BTCTurk,TRY,38.952,38.846127,27.25,btcturk/v2-ohlc+fawazahmed0
2025-05-18,Bitkub,THB,33.15,33.1973,-14.25,bitkub/tv-history+fawazahmed0
2025-05-18,Bitso,MXN,19.5,19.4711,14.84,bitso/v3-ohlc+fawazahmed0
2025-05-18,Indodax,IDR,16490.0,16490.360133,-0.22,indodax/history_v2+fawazahmed0
2025-05-18,Upbit,KRW,1414.0,1398.705373,109.35,upbit/candles-days+fawazahmed0
2025-05-19,BTCTurk,TRY,38.902,38.833308,17.69,btcturk/v2-ohlc+fawazahmed0
2025-05-19,Bitkub,THB,33.09,33.241594,-45.6,bitkub/tv-history+fawazahmed0
2025-05-19,Bitso,MXN,19.347,19.453215,-54.6,bitso/v3-ohlc+fawazahmed0
2025-05-19,Indodax,IDR,16435.0,16474.165576,-23.77,indodax/history_v2+fawazahmed0
2025-05-19,Upbit,KRW,1408.0,1399.167261,63.13,upbit/candles-days+fawazahmed0
2025-05-20,BTCTurk,TRY,38.845,38.833678,2.92,btcturk/v2-ohlc+fawazahmed0
2025-05-20,Bitkub,THB,32.93,33.187315,-77.53,bitkub/tv-history+fawazahmed0
2025-05-20,Bitso,MXN,19.272,19.324551,-27.19,bitso/v3-ohlc+fawazahmed0
2025-05-20,Indodax,IDR,16420.0,16427.63484,-4.65,indodax/history_v2+fawazahmed0
2025-05-20,Upbit,KRW,1409.0,1393.004172,114.83,upbit/candles-days+fawazahmed0
2025-05-21,BTCTurk,TRY,38.759,38.820882,-15.94,btcturk/v2-ohlc+fawazahmed0
2025-05-21,Bitkub,THB,32.5,32.817528,-96.76,bitkub/tv-history+fawazahmed0
2025-05-21,Bitso,MXN,19.337,19.270022,34.76,bitso/v3-ohlc+fawazahmed0
2025-05-21,Indodax,IDR,16350.0,16413.826039,-38.89,indodax/history_v2+fawazahmed0
2025-05-21,Upbit,KRW,1391.0,1387.447797,25.6,upbit/candles-days+fawazahmed0
2025-05-22,BTCTurk,TRY,38.56,38.84576,-73.56,btcturk/v2-ohlc+fawazahmed0
2025-05-22,Bitkub,THB,32.77,32.626498,43.98,bitkub/tv-history+fawazahmed0
2025-05-22,Bitso,MXN,19.27,19.378945,-56.22,bitso/v3-ohlc+fawazahmed0
2025-05-22,Indodax,IDR,16322.0,16334.949503,-7.93,indodax/history_v2+fawazahmed0
2025-05-22,Upbit,KRW,1387.5,1376.509924,79.84,upbit/candles-days+fawazahmed0
2025-05-23,BTCTurk,TRY,39.199,39.031237,42.98,btcturk/v2-ohlc+fawazahmed0
2025-05-23,Bitkub,THB,32.56,32.808903,-75.86,bitkub/tv-history+fawazahmed0
2025-05-23,Bitso,MXN,19.298,19.301307,-1.71,bitso/v3-ohlc+fawazahmed0
2025-05-23,Indodax,IDR,16400.0,16317.52469,50.54,indodax/history_v2+fawazahmed0
2025-05-23,Upbit,KRW,1398.0,1376.713298,154.62,upbit/candles-days+fawazahmed0
2025-05-24,BTCTurk,TRY,39.179,38.900636,71.56,btcturk/v2-ohlc+fawazahmed0
2025-05-24,Bitkub,THB,32.62,32.498993,37.23,bitkub/tv-history+fawazahmed0
2025-05-24,Bitso,MXN,19.283,19.237108,23.86,bitso/v3-ohlc+fawazahmed0
2025-05-24,Indodax,IDR,16403.0,16241.483234,99.45,indodax/history_v2+fawazahmed0
2025-05-24,Upbit,KRW,1397.5,1364.799926,239.6,upbit/candles-days+fawazahmed0
2025-05-25,BTCTurk,TRY,39.12,39.025191,24.29,btcturk/v2-ohlc+fawazahmed0
2025-05-25,Bitkub,THB,32.68,32.663677,5.0,bitkub/tv-history+fawazahmed0
2025-05-25,Bitso,MXN,19.238,19.242799,-2.49,bitso/v3-ohlc+fawazahmed0
2025-05-25,Indodax,IDR,16346.0,16279.4793,40.86,indodax/history_v2+fawazahmed0
2025-05-25,Upbit,KRW,1395.5,1365.714055,218.1,upbit/candles-days+fawazahmed0
2025-05-26,BTCTurk,TRY,39.057,39.018155,9.96,btcturk/v2-ohlc+fawazahmed0
2025-05-26,Bitkub,THB,32.59,32.456346,41.18,bitkub/tv-history+fawazahmed0
2025-05-26,Bitso,MXN,19.232,19.196738,18.37,bitso/v3-ohlc+fawazahmed0
2025-05-26,Indodax,IDR,16336.0,16182.255868,95.01,indodax/history_v2+fawazahmed0
2025-05-26,Upbit,KRW,1390.0,1362.67004,200.56,upbit/candles-days+fawazahmed0
2025-05-27,BTCTurk,TRY,38.981,39.001323,-5.21,btcturk/v2-ohlc+fawazahmed0
2025-05-27,Bitkub,THB,32.66,32.58919,21.73,bitkub/tv-history+fawazahmed0
2025-05-27,Bitso,MXN,19.303,19.24174,31.84,bitso/v3-ohlc+fawazahmed0
2025-05-27,Indodax,IDR,16283.0,16243.584458,24.27,indodax/history_v2+fawazahmed0
2025-05-27,Upbit,KRW,1388.0,1368.903103,139.51,upbit/candles-days+fawazahmed0
2025-05-28,BTCTurk,TRY,39.133,39.073988,15.1,btcturk/v2-ohlc+fawazahmed0
2025-05-28,Bitkub,THB,32.78,32.721394,17.91,bitkub/tv-history+fawazahmed0
2025-05-28,Bitso,MXN,19.363,19.270535,47.98,bitso/v3-ohlc+fawazahmed0
2025-05-28,Indodax,IDR,16338.0,16285.851098,32.02,indodax/history_v2+fawazahmed0
2025-05-28,Upbit,KRW,1394.5,1374.888954,142.64,upbit/candles-days+fawazahmed0
2025-05-29,BTCTurk,TRY,39.154,39.119837,8.73,btcturk/v2-ohlc+fawazahmed0
2025-05-29,Bitkub,THB,32.67,32.824237,-46.99,bitkub/tv-history+fawazahmed0
2025-05-29,Bitso,MXN,19.314,19.384324,-36.28,bitso/v3-ohlc+fawazahmed0
2025-05-29,Indodax,IDR,16391.0,16346.334003,27.32,indodax/history_v2+fawazahmed0
2025-05-29,Upbit,KRW,1396.5,1382.278759,102.88,upbit/candles-days+fawazahmed0
2025-05-30,BTCTurk,TRY,39.428,39.251027,45.09,btcturk/v2-ohlc+fawazahmed0
2025-05-30,Bitkub,THB,32.87,32.554135,97.03,bitkub/tv-history+fawazahmed0
2025-05-30,Bitso,MXN,19.527,19.326845,103.56,bitso/v3-ohlc+fawazahmed0
2025-05-30,Indodax,IDR,16384.0,16298.233494,52.62,indodax/history_v2+fawazahmed0
2025-05-30,Upbit,KRW,1415.0,1374.864934,291.92,upbit/candles-days+fawazahmed0
2025-05-31,BTCTurk,TRY,39.447,39.197997,63.52,btcturk/v2-ohlc+fawazahmed0
2025-05-31,Bitkub,THB,32.94,32.75754,55.7,bitkub/tv-history+fawazahmed0
2025-05-31,Bitso,MXN,19.629,19.442317,96.02,bitso/v3-ohlc+fawazahmed0
2025-05-31,Indodax,IDR,16451.0,16363.745556,53.32,indodax/history_v2+fawazahmed0
2025-05-31,Upbit,KRW,1415.5,1380.331973,254.78,upbit/candles-days+fawazahmed0
2025-06-01,BTCTurk,TRY,39.294,39.23377,15.35,btcturk/v2-ohlc+fawazahmed0
2025-06-01,Bitkub,THB,32.87,32.730456,42.63,bitkub/tv-history+fawazahmed0
2025-06-01,Bitso,MXN,19.466,19.42867,19.21,bitso/v3-ohlc+fawazahmed0
2025-06-01,Indodax,IDR,16404.0,16289.813125,70.1,indodax/history_v2+fawazahmed0
2025-06-01,Upbit,KRW,1411.0,1382.760839,204.22,upbit/candles-days+fawazahmed0
2025-06-02,BTCTurk,TRY,39.078,39.266166,-47.92,btcturk/v2-ohlc+fawazahmed0
2025-06-02,Bitkub,THB,32.54,32.828918,-88.01,bitkub/tv-history+fawazahmed0
2025-06-02,Bitso,MXN,19.281,19.417611,-70.35,bitso/v3-ohlc+fawazahmed0
2025-06-02,Indodax,IDR,16231.0,16329.682011,-60.43,indodax/history_v2+fawazahmed0
2025-06-02,Upbit,KRW,1400.0,1379.213462,150.71,upbit/candles-days+fawazahmed0
2025-06-03,BTCTurk,TRY,39.204,39.1932,2.76,btcturk/v2-ohlc+fawazahmed0
2025-06-03,Bitkub,THB,32.52,32.556735,-11.28,bitkub/tv-history+fawazahmed0
2025-06-03,Bitso,MXN,19.277,19.210492,34.62,bitso/v3-ohlc+fawazahmed0
2025-06-03,Indodax,IDR,16341.0,16291.623532,30.31,indodax/history_v2+fawazahmed0
2025-06-03,Upbit,KRW,1397.0,1377.485545,141.67,upbit/candles-days+fawazahmed0
2025-06-04,BTCTurk,TRY,39.262,39.15013,28.57,btcturk/v2-ohlc+fawazahmed0
2025-06-04,Bitkub,THB,32.58,32.575796,1.29,bitkub/tv-history+fawazahmed0
2025-06-04,Bitso,MXN,19.225,19.217964,3.66,bitso/v3-ohlc+fawazahmed0
2025-06-04,Indodax,IDR,16347.0,16307.589892,24.17,indodax/history_v2+fawazahmed0
2025-06-04,Upbit,KRW,1388.0,1373.449436,105.94,upbit/candles-days+fawazahmed0
2025-06-05,BTCTurk,TRY,39.598,39.329225,68.34,btcturk/v2-ohlc+fawazahmed0
2025-06-05,Bitkub,THB,32.64,32.555941,25.82,bitkub/tv-history+fawazahmed0
2025-06-05,Bitso,MXN,19.167,19.198601,-16.46,bitso/v3-ohlc+fawazahmed0
2025-06-05,Indodax,IDR,16372.0,16286.915059,52.24,indodax/history_v2+fawazahmed0
2025-06-05,Upbit,KRW,1396.0,1356.285152,292.82,upbit/candles-days+fawazahmed0
2025-06-06,BTCTurk,TRY,39.55,39.288906,66.45,btcturk/v2-ohlc+fawazahmed0
2025-06-06,Bitkub,THB,32.68,32.656588,7.17,bitkub/tv-history+fawazahmed0
2025-06-06,Bitso,MXN,19.154,19.1604,-3.34,bitso/v3-ohlc+fawazahmed0
2025-06-06,Indodax,IDR,16347.0,16257.771745,54.88,indodax/history_v2+fawazahmed0
2025-06-06,Upbit,KRW,1391.0,1357.176318,249.22,upbit/candles-days+fawazahmed0
2025-06-07,BTCTurk,TRY,39.36,39.217791,36.26,btcturk/v2-ohlc+fawazahmed0
2025-06-07,Bitkub,THB,32.63,32.690902,-18.63,bitkub/tv-history+fawazahmed0
2025-06-07,Bitso,MXN,19.14,19.109989,15.7,bitso/v3-ohlc+fawazahmed0
2025-06-07,Indodax,IDR,16322.0,16319.672545,1.43,indodax/history_v2+fawazahmed0
2025-06-07,Upbit,KRW,1386.5,1360.171585,193.57,upbit/candles-days+fawazahmed0
2025-06-08,BTCTurk,TRY,39.349,39.216251,33.85,btcturk/v2-ohlc+fawazahmed0
2025-06-08,Bitkub,THB,32.6,32.740303,-42.85,bitkub/tv-history+fawazahmed0
2025-06-08,Bitso,MXN,19.102,19.116098,-7.37,bitso/v3-ohlc+fawazahmed0
2025-06-08,Indodax,IDR,16322.0,16285.857109,22.19,indodax/history_v2+fawazahmed0
2025-06-08,Upbit,KRW,1379.0,1360.202823,138.19,upbit/candles-days+fawazahmed0
2025-06-09,BTCTurk,TRY,39.221,39.211871,2.33,btcturk/v2-ohlc+fawazahmed0
2025-06-09,Bitkub,THB,32.59,32.781665,-58.47,bitkub/tv-history+fawazahmed0
2025-06-09,Bitso,MXN,19.047,19.092931,-24.06,bitso/v3-ohlc+fawazahmed0
2025-06-09,Indodax,IDR,16222.0,16301.673375,-48.87,indodax/history_v2+fawazahmed0
2025-06-09,Upbit,KRW,1365.0,1358.031171,51.32,upbit/candles-days+fawazahmed0
2025-06-10,BTCTurk,TRY,39.159,39.298953,-35.61,btcturk/v2-ohlc+fawazahmed0
2025-06-10,Bitkub,THB,32.59,32.753337,-49.87,bitkub/tv-history+fawazahmed0
2025-06-10,Bitso,MXN,19.068,19.064986,1.58,bitso/v3-ohlc+fawazahmed0
2025-06-10,Indodax,IDR,16256.0,16285.36348,-18.03,indodax/history_v2+fawazahmed0
2025-06-10,Upbit,KRW,1367.5,1360.255421,53.26,upbit/candles-days+fawazahmed0
2025-06-11,BTCTurk,TRY,39.22,39.178993,10.47,btcturk/v2-ohlc+fawazahmed0
2025-06-11,Bitkub,THB,32.56,32.661828,-31.18,bitkub/tv-history+fawazahmed0
2025-06-11,Bitso,MXN,18.907,19.065219,-82.99,bitso/v3-ohlc+fawazahmed0
2025-06-11,Indodax,IDR,16290.0,16270.716379,11.85,indodax/history_v2+fawazahmed0
2025-06-11,Upbit,KRW,1379.5,1371.340258,59.5,upbit/candles-days+fawazahmed0
2025-06-12,BTCTurk,TRY,39.46,39.186185,69.88,btcturk/v2-ohlc+fawazahmed0
2025-06-12,Bitkub,THB,32.44,32.484407,-13.67,bitkub/tv-history+fawazahmed0
2025-06-12,Bitso,MXN,19.079,18.921185,83.41,bitso/v3-ohlc+fawazahmed0
2025-06-12,Indodax,IDR,16314.0,16253.094607,37.47,indodax/history_v2+fawazahmed0
2025-06-12,Upbit,KRW,1378.0,1369.37806,62.96,upbit/candles-days+fawazahmed0
2025-06-13,BTCTurk,TRY,39.492,39.463865,7.13,btcturk/v2-ohlc+fawazahmed0
2025-06-13,Bitkub,THB,32.44,32.427618,3.82,bitkub/tv-history+fawazahmed0
2025-06-13,Bitso,MXN,19.104,19.00656,51.27,bitso/v3-ohlc+fawazahmed0
2025-06-13,Indodax,IDR,16322.0,16257.914189,39.42,indodax/history_v2+fawazahmed0
2025-06-13,Upbit,KRW,1389.5,1363.577636,190.11,upbit/candles-days+fawazahmed0
2025-06-14,BTCTurk,TRY,39.509,39.397761,28.23,btcturk/v2-ohlc+fawazahmed0
2025-06-14,Bitkub,THB,32.53,32.418779,34.31,bitkub/tv-history+fawazahmed0
2025-06-14,Bitso,MXN,19.045,18.954968,47.5,bitso/v3-ohlc+fawazahmed0
2025-06-14,Indodax,IDR,16350.0,16302.427777,29.18,indodax/history_v2+fawazahmed0
2025-06-14,Upbit,KRW,1390.0,1366.516418,171.85,upbit/candles-days+fawazahmed0
2025-06-15,BTCTurk,TRY,39.475,39.403503,18.14,btcturk/v2-ohlc+fawazahmed0
2025-06-15,Bitkub,THB,32.41,32.400017,3.08,bitkub/tv-history+fawazahmed0
2025-06-15,Bitso,MXN,18.967,18.962104,2.58,bitso/v3-ohlc+fawazahmed0
2025-06-15,Indodax,IDR,16319.0,16267.398571,31.72,indodax/history_v2+fawazahmed0
2025-06-15,Upbit,KRW,1383.5,1367.789664,114.86,upbit/candles-days+fawazahmed0
2025-06-16,BTCTurk,TRY,39.398,39.46658,-17.38,btcturk/v2-ohlc+fawazahmed0
2025-06-16,Bitkub,THB,32.37,32.507111,-42.18,bitkub/tv-history+fawazahmed0
2025-06-16,Bitso,MXN,18.953,18.956334,-1.76,bitso/v3-ohlc+fawazahmed0
2025-06-16,Indodax,IDR,16289.0,16303.283625,-8.76,indodax/history_v2+fawazahmed0
2025-06-16,Upbit,KRW,1374.5,1364.516995,73.16,upbit/candles-days+fawazahmed0
2025-06-17,BTCTurk,TRY,39.569,39.415185,39.02,btcturk/v2-ohlc+fawazahmed0
2025-06-17,Bitkub,THB,32.7,32.471373,70.41,bitkub/tv-history+fawazahmed0
2025-06-17,Bitso,MXN,19.007,18.937728,36.58,bitso/v3-ohlc+fawazahmed0
2025-06-17,Indodax,IDR,16380.0,16298.9883,49.7,indodax/history_v2+fawazahmed0
2025-06-17,Upbit,KRW,1390.5,1362.448259,205.89,upbit/candles-days+fawazahmed0
2025-06-18,BTCTurk,TRY,39.57,39.534522,8.97,btcturk/v2-ohlc+fawazahmed0
2025-06-18,Bitkub,THB,32.62,32.61365,1.95,bitkub/tv-history+fawazahmed0
2025-06-18,Bitso,MXN,19.07,19.004603,34.41,bitso/v3-ohlc+fawazahmed0
2025-06-18,Indodax,IDR,16325.0,16298.027567,16.55,indodax/history_v2+fawazahmed0
2025-06-18,Upbit,KRW,1386.0,1372.848147,95.8,upbit/candles-days+fawazahmed0
2025-06-19,BTCTurk,TRY,39.608,39.551088,14.39,btcturk/v2-ohlc+fawazahmed0
2025-06-19,Bitkub,THB,32.75,32.790325,-12.3,bitkub/tv-history+fawazahmed0
2025-06-19,Bitso,MXN,19.016,19.063227,-24.77,bitso/v3-ohlc+fawazahmed0
2025-06-19,Indodax,IDR,16341.0,16356.678996,-9.59,indodax/history_v2+fawazahmed0
2025-06-19,Upbit,KRW,1386.0,1385.573873,3.08,upbit/candles-days+fawazahmed0
2025-06-20,BTCTurk,TRY,39.751,39.651849,25.01,btcturk/v2-ohlc+fawazahmed0
2025-06-20,Bitkub,THB,32.8,32.782024,5.48,bitkub/tv-history+fawazahmed0
2025-06-20,Bitso,MXN,19.202,19.041513,84.28,bitso/v3-ohlc+fawazahmed0
2025-06-20,Indodax,IDR,16449.0,16371.26695,47.48,indodax/history_v2+fawazahmed0
2025-06-20,Upbit,KRW,1393.5,1372.980339,149.45,upbit/candles-days+fawazahmed0
2025-06-21,BTCTurk,TRY,39.827,39.665443,40.73,btcturk/v2-ohlc+fawazahmed0
2025-06-21,Bitkub,THB,32.77,32.785954,-4.87,bitkub/tv-history+fawazahmed0
2025-06-21,Bitso,MXN,19.211,19.174602,18.98,bitso/v3-ohlc+fawazahmed0
2025-06-21,Indodax,IDR,16466.0,16429.643161,22.13,indodax/history_v2+fawazahmed0
2025-06-21,Upbit,KRW,1397.5,1372.114182,185.01,upbit/candles-days+fawazahmed0
2025-06-22,BTCTurk,TRY,39.752,39.658097,23.68,btcturk/v2-ohlc+fawazahmed0
2025-06-22,Bitkub,THB,32.65,32.802658,-46.54,bitkub/tv-history+fawazahmed0
2025-06-22,Bitso,MXN,19.241,19.169733,37.18,bitso/v3-ohlc+fawazahmed0
2025-06-22,Indodax,IDR,16394.0,16395.066721,-0.65,indodax/history_v2+fawazahmed0
2025-06-22,Upbit,KRW,1395.5,1373.350704,161.28,upbit/candles-days+fawazahmed0
2025-06-23,BTCTurk,TRY,39.701,39.732107,-7.83,btcturk/v2-ohlc+fawazahmed0
2025-06-23,Bitkub,THB,32.83,32.986179,-47.35,bitkub/tv-history+fawazahmed0
2025-06-23,Bitso,MXN,19.076,19.24353,-87.06,bitso/v3-ohlc+fawazahmed0
2025-06-23,Indodax,IDR,16408.0,16459.455033,-31.26,indodax/history_v2+fawazahmed0
2025-06-23,Upbit,KRW,1387.0,1381.980903,36.32,upbit/candles-days+fawazahmed0
2025-06-24,BTCTurk,TRY,39.661,39.670037,-2.28,btcturk/v2-ohlc+fawazahmed0
2025-06-24,Bitkub,THB,32.64,32.758444,-36.16,bitkub/tv-history+fawazahmed0
2025-06-24,Bitso,MXN,18.987,19.085672,-51.7,bitso/v3-ohlc+fawazahmed0
2025-06-24,Indodax,IDR,16331.0,16409.190387,-47.65,indodax/history_v2+fawazahmed0
2025-06-24,Upbit,KRW,1374.0,1366.753163,53.02,upbit/candles-days+fawazahmed0
2025-06-25,BTCTurk,TRY,39.799,39.591128,52.5,btcturk/v2-ohlc+fawazahmed0
2025-06-25,Bitkub,THB,32.59,32.574783,4.67,bitkub/tv-history+fawazahmed0
2025-06-25,Bitso,MXN,18.902,18.983347,-42.85,bitso/v3-ohlc+fawazahmed0
2025-06-25,Indodax,IDR,16317.0,16267.027037,30.72,indodax/history_v2+fawazahmed0
2025-06-25,Upbit,KRW,1373.5,1359.111837,105.86,upbit/candles-days+fawazahmed0
2025-06-26,BTCTurk,TRY,39.839,39.778916,15.1,btcturk/v2-ohlc+fawazahmed0
2025-06-26,Bitkub,THB,32.48,32.515285,-10.85,bitkub/tv-history+fawazahmed0
2025-06-26,Bitso,MXN,18.874,18.90804,-18.0,bitso/v3-ohlc+fawazahmed0
2025-06-26,Indodax,IDR,16295.0,16286.538552,5.2,indodax/history_v2+fawazahmed0
2025-06-26,Upbit,KRW,1372.5,1359.394857,96.4,upbit/candles-days+fawazahmed0
2025-06-27,BTCTurk,TRY,39.91,39.873893,9.06,btcturk/v2-ohlc+fawazahmed0
2025-06-27,Bitkub,THB,32.61,32.523468,26.61,bitkub/tv-history+fawazahmed0
2025-06-27,Bitso,MXN,18.908,18.87364,18.21,bitso/v3-ohlc+fawazahmed0
2025-06-27,Indodax,IDR,16301.0,16210.021187,56.13,indodax/history_v2+fawazahmed0
2025-06-27,Upbit,KRW,1373.5,1355.679302,131.45,upbit/candles-days+fawazahmed0
2025-06-28,BTCTurk,TRY,39.779,39.906604,-31.98,btcturk/v2-ohlc+fawazahmed0
2025-06-28,Bitkub,THB,32.53,32.499894,9.26,bitkub/tv-history+fawazahmed0
2025-06-28,Bitso,MXN,18.866,18.81996,24.46,bitso/v3-ohlc+fawazahmed0
2025-06-28,Indodax,IDR,16263.0,16231.562345,19.37,indodax/history_v2+fawazahmed0
2025-06-28,Upbit,KRW,1372.0,1361.9282,73.95,upbit/candles-days+fawazahmed0
2025-06-29,BTCTurk,TRY,39.58,39.890076,-77.73,btcturk/v2-ohlc+fawazahmed0
2025-06-29,Bitkub,THB,32.5,32.526445,-8.13,bitkub/tv-history+fawazahmed0
2025-06-29,Bitso,MXN,18.832,18.825028,3.7,bitso/v3-ohlc+fawazahmed0
2025-06-29,Indodax,IDR,16230.0,16271.211483,-25.33,indodax/history_v2+fawazahmed0
2025-06-29,Upbit,KRW,1366.0,1359.783405,45.72,upbit/candles-days+fawazahmed0
2025-06-30,BTCTurk,TRY,39.767,39.898104,-32.86,btcturk/v2-ohlc+fawazahmed0
2025-06-30,Bitkub,THB,32.5,32.58332,-25.57,bitkub/tv-history+fawazahmed0
2025-06-30,Bitso,MXN,18.784,18.818909,-18.55,bitso/v3-ohlc+fawazahmed0
2025-06-30,Indodax,IDR,16214.0,16204.191286,6.05,indodax/history_v2+fawazahmed0
2025-06-30,Upbit,KRW,1359.5,1356.330179,23.37,upbit/candles-days+fawazahmed0
2025-07-01,BTCTurk,TRY,39.865,39.837371,6.94,btcturk/v2-ohlc+fawazahmed0
2025-07-01,Bitkub,THB,32.49,32.454225,11.02,bitkub/tv-history+fawazahmed0
2025-07-01,Bitso,MXN,18.792,18.758412,17.91,bitso/v3-ohlc+fawazahmed0
2025-07-01,Indodax,IDR,16209.0,16184.932955,14.87,indodax/history_v2+fawazahmed0
2025-07-01,Upbit,KRW,1372.5,1354.142784,135.56,upbit/candles-days+fawazahmed0
2025-07-02,BTCTurk,TRY,39.61,39.860758,-62.91,btcturk/v2-ohlc+fawazahmed0
2025-07-02,Bitkub,THB,32.23,32.498688,-82.68,bitkub/tv-history+fawazahmed0
2025-07-02,Bitso,MXN,18.813,18.751288,32.91,bitso/v3-ohlc+fawazahmed0
2025-07-02,Indodax,IDR,16120.0,16207.145054,-53.77,indodax/history_v2+fawazahmed0
2025-07-02,Upbit,KRW,1355.0,1363.372282,-61.41,upbit/candles-days+fawazahmed0
2025-07-03,BTCTurk,TRY,39.682,39.921257,-59.93,btcturk/v2-ohlc+fawazahmed0
2025-07-03,Bitkub,THB,32.38,32.367525,3.85,bitkub/tv-history+fawazahmed0
2025-07-03,Bitso,MXN,18.679,18.795354,-61.91,bitso/v3-ohlc+fawazahmed0
2025-07-03,Indodax,IDR,16195.0,16208.096067,-8.08,indodax/history_v2+fawazahmed0
2025-07-03,Upbit,KRW,1358.0,1357.165394,6.15,upbit/candles-days+fawazahmed0
2025-07-04,BTCTurk,TRY,39.872,39.854166,4.47,btcturk/v2-ohlc+fawazahmed0
2025-07-04,Bitkub,THB,32.41,32.487776,-23.94,bitkub/tv-history+fawazahmed0
2025-07-04,Bitso,MXN,18.716,18.660307,29.85,bitso/v3-ohlc+fawazahmed0
2025-07-04,Indodax,IDR,16260.0,16218.94958,25.31,indodax/history_v2+fawazahmed0
2025-07-04,Upbit,KRW,1368.0,1365.687431,16.93,upbit/candles-days+fawazahmed0
2025-07-05,BTCTurk,TRY,39.905,39.85014,13.77,btcturk/v2-ohlc+fawazahmed0
2025-07-05,Bitkub,THB,32.38,32.34144,11.92,bitkub/tv-history+fawazahmed0
2025-07-05,Bitso,MXN,18.767,18.639369,68.47,bitso/v3-ohlc+fawazahmed0
2025-07-05,Indodax,IDR,16239.0,16181.02291,35.83,indodax/history_v2+fawazahmed0
2025-07-05,Upbit,KRW,1369.5,1361.815723,56.43,upbit/candles-days+fawazahmed0
2025-07-06,BTCTurk,TRY,39.814,39.868102,-13.57,btcturk/v2-ohlc+fawazahmed0
2025-07-06,Bitkub,THB,32.31,32.393053,-25.64,bitkub/tv-history+fawazahmed0
2025-07-06,Bitso,MXN,18.672,18.629602,22.76,bitso/v3-ohlc+fawazahmed0
2025-07-06,Indodax,IDR,16167.0,16191.25871,-14.98,indodax/history_v2+fawazahmed0
2025-07-06,Upbit,KRW,1361.0,1363.702531,-19.82,upbit/candles-days+fawazahmed0
2025-07-07,BTCTurk,TRY,40.029,39.966374,15.67,btcturk/v2-ohlc+fawazahmed0
2025-07-07,Bitkub,THB,32.49,32.502521,-3.85,bitkub/tv-history+fawazahmed0
2025-07-07,Bitso,MXN,18.641,18.61998,11.29,bitso/v3-ohlc+fawazahmed0
2025-07-07,Indodax,IDR,16267.0,16219.838803,29.08,indodax/history_v2+fawazahmed0
2025-07-07,Upbit,KRW,1368.0,1367.829345,1.25,upbit/candles-days+fawazahmed0
2025-07-08,BTCTurk,TRY,39.951,40.008302,-14.32,btcturk/v2-ohlc+fawazahmed0
2025-07-08,Bitkub,THB,32.57,32.510255,18.38,bitkub/tv-history+fawazahmed0
2025-07-08,Bitso,MXN,18.654,18.622882,16.71,bitso/v3-ohlc+fawazahmed0
2025-07-08,Indodax,IDR,16223.0,16274.55307,-31.68,indodax/history_v2+fawazahmed0
2025-07-08,Upbit,KRW,1362.0,1369.560223,-55.2,upbit/candles-days+fawazahmed0
2025-07-09,BTCTurk,TRY,39.878,40.049637,-42.86,btcturk/v2-ohlc+fawazahmed0
2025-07-09,Bitkub,THB,32.59,32.597908,-2.43,bitkub/tv-history+fawazahmed0
2025-07-09,Bitso,MXN,18.637,18.61016,14.42,bitso/v3-ohlc+fawazahmed0
2025-07-09,Indodax,IDR,16178.0,16250.511506,-44.62,indodax/history_v2+fawazahmed0
2025-07-09,Upbit,KRW,1357.0,1372.424276,-112.39,upbit/candles-days+fawazahmed0
2025-07-10,BTCTurk,TRY,39.759,40.07693,-79.33,btcturk/v2-ohlc+fawazahmed0
2025-07-10,Bitkub,THB,32.41,32.581795,-52.73,bitkub/tv-history+fawazahmed0
2025-07-10,Bitso,MXN,18.638,18.611275,14.36,bitso/v3-ohlc+fawazahmed0
2025-07-10,Indodax,IDR,16093.0,16234.222467,-86.99,indodax/history_v2+fawazahmed0
2025-07-10,Upbit,KRW,1349.5,1373.707594,-176.22,upbit/candles-days+fawazahmed0
2025-07-11,BTCTurk,TRY,40.034,40.171519,-34.23,btcturk/v2-ohlc+fawazahmed0
2025-07-11,Bitkub,THB,32.2,32.61603,-127.55,bitkub/tv-history+fawazahmed0
2025-07-11,Bitso,MXN,18.667,18.648609,9.86,bitso/v3-ohlc+fawazahmed0
2025-07-11,Indodax,IDR,16051.0,16226.651786,-108.25,indodax/history_v2+fawazahmed0
2025-07-11,Upbit,KRW,1346.5,1373.825203,-198.9,upbit/candles-days+fawazahmed0
2025-07-12,BTCTurk,TRY,40.162,40.178302,-4.06,btcturk/v2-ohlc+fawazahmed0
2025-07-12,Bitkub,THB,32.36,32.443053,-25.6,bitkub/tv-history+fawazahmed0
2025-07-12,Bitso,MXN,18.688,18.633274,29.37,bitso/v3-ohlc+fawazahmed0
2025-07-12,Indodax,IDR,16161.0,16222.812056,-38.1,indodax/history_v2+fawazahmed0
2025-07-12,Upbit,KRW,1359.5,1378.137052,-135.23,upbit/candles-days+fawazahmed0
2025-07-13,BTCTurk,TRY,40.165,40.173051,-2.0,btcturk/v2-ohlc+fawazahmed0
2025-07-13,Bitkub,THB,32.48,32.53045,-15.51,bitkub/tv-history+fawazahmed0
2025-07-13,Bitso,MXN,18.681,18.624621,30.27,bitso/v3-ohlc+fawazahmed0
2025-07-13,Indodax,IDR,16179.0,16219.996602,-25.28,indodax/history_v2+fawazahmed0
2025-07-13,Upbit,KRW,1357.5,1376.941714,-141.19,upbit/candles-days+fawazahmed0
2025-07-14,BTCTurk,TRY,40.254,40.206738,11.75,btcturk/v2-ohlc+fawazahmed0
2025-07-14,Bitkub,THB,32.48,32.423919,17.3,bitkub/tv-history+fawazahmed0
2025-07-14,Bitso,MXN,18.753,18.673684,42.47,bitso/v3-ohlc+fawazahmed0
2025-07-14,Indodax,IDR,16229.0,16233.938161,-3.04,indodax/history_v2+fawazahmed0
2025-07-14,Upbit,KRW,1367.5,1378.386278,-78.98,upbit/candles-days+fawazahmed0
2025-07-15,BTCTurk,TRY,40.187,40.231419,-11.04,btcturk/v2-ohlc+fawazahmed0
2025-07-15,Bitkub,THB,32.55,32.476182,22.73,bitkub/tv-history+fawazahmed0
2025-07-15,Bitso,MXN,18.827,18.732455,50.47,bitso/v3-ohlc+fawazahmed0
2025-07-15,Indodax,IDR,16248.0,16275.816146,-17.09,indodax/history_v2+fawazahmed0
2025-07-15,Upbit,KRW,1366.5,1380.668628,-102.62,upbit/candles-days+fawazahmed0
2025-07-16,BTCTurk,TRY,40.15,40.260632,-27.48,btcturk/v2-ohlc+fawazahmed0
2025-07-16,Bitkub,THB,32.48,32.560892,-24.84,bitkub/tv-history+fawazahmed0
2025-07-16,Bitso,MXN,18.76,18.797976,-20.2,bitso/v3-ohlc+fawazahmed0
2025-07-16,Indodax,IDR,16233.0,16275.639554,-26.2,indodax/history_v2+fawazahmed0
2025-07-16,Upbit,KRW,1359.5,1387.575845,-202.34,upbit/candles-days+fawazahmed0
2025-07-17,BTCTurk,TRY,40.262,40.268837,-1.7,btcturk/v2-ohlc+fawazahmed0
2025-07-17,Bitkub,THB,32.5,32.509639,-2.96,bitkub/tv-history+fawazahmed0
2025-07-17,Bitso,MXN,18.762,18.752649,4.99,bitso/v3-ohlc+fawazahmed0
2025-07-17,Indodax,IDR,16305.0,16309.600322,-2.82,indodax/history_v2+fawazahmed0
2025-07-17,Upbit,KRW,1361.0,1390.450932,-211.81,upbit/candles-days+fawazahmed0
2025-07-18,BTCTurk,TRY,40.431,40.343874,21.6,btcturk/v2-ohlc+fawazahmed0
2025-07-18,Bitkub,THB,32.49,32.41186,24.11,bitkub/tv-history+fawazahmed0
2025-07-18,Bitso,MXN,18.796,18.765905,16.04,bitso/v3-ohlc+fawazahmed0
2025-07-18,Indodax,IDR,16370.0,16301.975074,41.73,indodax/history_v2+fawazahmed0
2025-07-18,Upbit,KRW,1367.0,1391.424467,-175.54,upbit/candles-days+fawazahmed0
2025-07-19,BTCTurk,TRY,40.448,40.394026,13.36,btcturk/v2-ohlc+fawazahmed0
2025-07-19,Bitkub,THB,32.38,32.390334,-3.19,bitkub/tv-history+fawazahmed0
2025-07-19,Bitso,MXN,18.762,18.737447,13.1,bitso/v3-ohlc+fawazahmed0
2025-07-19,Indodax,IDR,16349.0,16323.157748,15.83,indodax/history_v2+fawazahmed0
2025-07-19,Upbit,KRW,1370.5,1390.106853,-141.05,upbit/candles-days+fawazahmed0
2025-07-20,BTCTurk,TRY,40.397,40.377045,4.94,btcturk/v2-ohlc+fawazahmed0
2025-07-20,Bitkub,THB,32.27,32.416922,-45.32,bitkub/tv-history+fawazahmed0
2025-07-20,Bitso,MXN,18.707,18.752001,-24.0,bitso/v3-ohlc+fawazahmed0
2025-07-20,Indodax,IDR,16312.0,16322.711172,-6.56,indodax/history_v2+fawazahmed0
2025-07-20,Upbit,KRW,1365.0,1390.40262,-182.7,upbit/candles-days+fawazahmed0
2025-07-21,BTCTurk,TRY,40.392,40.40234,-2.56,btcturk/v2-ohlc+fawazahmed0
2025-07-21,Bitkub,THB,32.23,32.498217,-82.53,bitkub/tv-history+fawazahmed0
2025-07-21,Bitso,MXN,18.722,18.726305,-2.3,bitso/v3-ohlc+fawazahmed0
2025-07-21,Indodax,IDR,16344.0,16330.498381,8.27,indodax/history_v2+fawazahmed0
2025-07-21,Upbit,KRW,1364.5,1391.795285,-196.12,upbit/candles-days+fawazahmed0
2025-07-22,BTCTurk,TRY,40.34,40.412769,-18.01,btcturk/v2-ohlc+fawazahmed0
2025-07-22,Bitkub,THB,32.17,32.263527,-28.99,bitkub/tv-history+fawazahmed0
2025-07-22,Bitso,MXN,18.694,18.678895,8.09,bitso/v3-ohlc+fawazahmed0
2025-07-22,Indodax,IDR,16260.0,16310.255982,-30.81,indodax/history_v2+fawazahmed0
2025-07-22,Upbit,KRW,1355.5,1384.992055,-212.94,upbit/candles-days+fawazahmed0
2025-07-23,BTCTurk,TRY,40.547,40.427949,29.45,btcturk/v2-ohlc+fawazahmed0
2025-07-23,Bitkub,THB,32.24,32.187611,16.28,bitkub/tv-history+fawazahmed0
2025-07-23,Bitso,MXN,18.593,18.64179,-26.17,bitso/v3-ohlc+fawazahmed0
2025-07-23,Indodax,IDR,16340.0,16277.596789,38.34,indodax/history_v2+fawazahmed0
2025-07-23,Upbit,KRW,1365.0,1378.0815,-94.93,upbit/candles-days+fawazahmed0
2025-07-24,BTCTurk,TRY,40.588,40.465133,30.36,btcturk/v2-ohlc+fawazahmed0
2025-07-24,Bitkub,THB,32.26,32.148702,34.62,bitkub/tv-history+fawazahmed0
2025-07-24,Bitso,MXN,18.613,18.544554,36.91,bitso/v3-ohlc+fawazahmed0
2025-07-24,Indodax,IDR,16321.0,16276.409685,27.4,indodax/history_v2+fawazahmed0
2025-07-24,Upbit,KRW,1361.0,1369.760894,-63.96,upbit/candles-days+fawazahmed0
2025-07-25,BTCTurk,TRY,40.471,40.529483,-14.43,btcturk/v2-ohlc+fawazahmed0
2025-07-25,Bitkub,THB,32.46,32.296805,50.53,bitkub/tv-history+fawazahmed0
2025-07-25,Bitso,MXN,18.583,18.553728,15.78,bitso/v3-ohlc+fawazahmed0
2025-07-25,Indodax,IDR,16335.0,16322.142462,7.88,indodax/history_v2+fawazahmed0
2025-07-25,Upbit,KRW,1364.0,1376.220671,-88.8,upbit/candles-days+fawazahmed0
2025-07-26,BTCTurk,TRY,40.483,40.557967,-18.48,btcturk/v2-ohlc+fawazahmed0
2025-07-26,Bitkub,THB,32.22,32.375978,-48.18,bitkub/tv-history+fawazahmed0
2025-07-26,Bitso,MXN,18.592,18.551975,21.57,bitso/v3-ohlc+fawazahmed0
2025-07-26,Indodax,IDR,16334.0,16348.824884,-9.07,indodax/history_v2+fawazahmed0
2025-07-26,Upbit,KRW,1364.5,1382.252131,-128.43,upbit/candles-days+fawazahmed0
2025-07-27,BTCTurk,TRY,40.353,40.549669,-48.5,btcturk/v2-ohlc+fawazahmed0
2025-07-27,Bitkub,THB,32.16,32.314286,-47.75,bitkub/tv-history+fawazahmed0
2025-07-27,Bitso,MXN,18.575,18.537806,20.06,bitso/v3-ohlc+fawazahmed0
2025-07-27,Indodax,IDR,16291.0,16311.924533,-12.83,indodax/history_v2+fawazahmed0
2025-07-27,Upbit,KRW,1363.0,1383.125941,-145.51,upbit/candles-days+fawazahmed0
2025-07-28,BTCTurk,TRY,40.575,40.550911,5.94,btcturk/v2-ohlc+fawazahmed0
2025-07-28,Bitkub,THB,32.41,32.562445,-46.82,bitkub/tv-history+fawazahmed0
2025-07-28,Bitso,MXN,18.82,18.531715,155.56,bitso/v3-ohlc+fawazahmed0
2025-07-28,Indodax,IDR,16419.0,16346.954233,44.07,indodax/history_v2+fawazahmed0
2025-07-28,Upbit,KRW,1377.0,1381.336672,-31.39,upbit/candles-days+fawazahmed0
2025-07-29,BTCTurk,TRY,40.603,40.561369,10.26,btcturk/v2-ohlc+fawazahmed0
2025-07-29,Bitkub,THB,32.44,32.435348,1.43,bitkub/tv-history+fawazahmed0
2025-07-29,Bitso,MXN,18.791,18.774167,8.97,bitso/v3-ohlc+fawazahmed0
2025-07-29,Indodax,IDR,16436.0,16378.151682,35.32,indodax/history_v2+fawazahmed0
2025-07-29,Upbit,KRW,1385.0,1390.898746,-42.41,upbit/candles-days+fawazahmed0
2025-07-30,BTCTurk,TRY,40.615,40.574866,9.89,btcturk/v2-ohlc+fawazahmed0
2025-07-30,Bitkub,THB,32.52,32.368826,46.7,bitkub/tv-history+fawazahmed0
2025-07-30,Bitso,MXN,18.824,18.737801,46.0,bitso/v3-ohlc+fawazahmed0
2025-07-30,Indodax,IDR,16493.0,16375.209563,71.93,indodax/history_v2+fawazahmed0
2025-07-30,Upbit,KRW,1385.0,1381.791805,23.22,upbit/candles-days+fawazahmed0
2025-07-31,BTCTurk,TRY,40.624,40.59221,7.83,btcturk/v2-ohlc+fawazahmed0
2025-07-31,Bitkub,THB,32.64,32.692174,-15.96,bitkub/tv-history+fawazahmed0
2025-07-31,Bitso,MXN,18.914,18.84342,37.46,bitso/v3-ohlc+fawazahmed0
2025-07-31,Indodax,IDR,16537.0,16437.631401,60.45,indodax/history_v2+fawazahmed0
2025-07-31,Upbit,KRW,1395.0,1389.436115,40.04,upbit/candles-days+fawazahmed0
2025-08-01,BTCTurk,TRY,40.737,40.677192,14.7,btcturk/v2-ohlc+fawazahmed0
2025-08-01,Bitkub,THB,32.59,32.812962,-67.95,bitkub/tv-history+fawazahmed0
2025-08-01,Bitso,MXN,18.913,18.882004,16.42,bitso/v3-ohlc+fawazahmed0
2025-08-01,Indodax,IDR,16517.0,16500.606204,9.94,indodax/history_v2+fawazahmed0
2025-08-01,Upbit,KRW,1394.0,1398.922241,-35.19,upbit/candles-days+fawazahmed0
2025-08-02,BTCTurk,TRY,40.753,40.616907,33.51,btcturk/v2-ohlc+fawazahmed0
2025-08-02,Bitkub,THB,32.51,32.347263,50.31,bitkub/tv-history+fawazahmed0
2025-08-02,Bitso,MXN,18.95,18.857203,49.21,bitso/v3-ohlc+fawazahmed0
2025-08-02,Indodax,IDR,16466.0,16364.612506,61.96,indodax/history_v2+fawazahmed0
2025-08-02,Upbit,KRW,1400.0,1387.798368,87.92,upbit/candles-days+fawazahmed0
2025-08-03,BTCTurk,TRY,40.744,40.630035,28.05,btcturk/v2-ohlc+fawazahmed0
2025-08-03,Bitkub,THB,32.66,32.59461,20.06,bitkub/tv-history+fawazahmed0
2025-08-03,Bitso,MXN,18.912,18.858342,28.45,bitso/v3-ohlc+fawazahmed0
2025-08-03,Indodax,IDR,16539.0,16451.132042,53.41,indodax/history_v2+fawazahmed0
2025-08-03,Upbit,KRW,1403.0,1387.462415,111.99,upbit/candles-days+fawazahmed0
2025-08-04,BTCTurk,TRY,40.652,40.68423,-7.92,btcturk/v2-ohlc+fawazahmed0
2025-08-04,Bitkub,THB,32.38,32.44986,-21.53,bitkub/tv-history+fawazahmed0
2025-08-04,Bitso,MXN,18.922,18.837077,45.08,bitso/v3-ohlc+fawazahmed0
2025-08-04,Indodax,IDR,16416.0,16385.311826,18.73,indodax/history_v2+fawazahmed0
2025-08-04,Upbit,KRW,1394.0,1383.90009,72.98,upbit/candles-days+fawazahmed0
2025-08-05,BTCTurk,TRY,40.7,40.669724,7.44,btcturk/v2-ohlc+fawazahmed0
2025-08-05,Bitkub,THB,32.36,32.37802,-5.57,bitkub/tv-history+fawazahmed0
2025-08-05,Bitso,MXN,18.778,18.90948,-69.53,bitso/v3-ohlc+fawazahmed0
2025-08-05,Indodax,IDR,16434.0,16392.667969,25.21,indodax/history_v2+fawazahmed0
2025-08-05,Upbit,KRW,1401.0,1386.33038,105.82,upbit/candles-days+fawazahmed0
2025-08-06,BTCTurk,TRY,40.633,40.681453,-11.91,btcturk/v2-ohlc+fawazahmed0
2025-08-06,Bitkub,THB,32.31,32.390608,-24.89,bitkub/tv-history+fawazahmed0
2025-08-06,Bitso,MXN,18.632,18.72879,-51.68,bitso/v3-ohlc+fawazahmed0
2025-08-06,Indodax,IDR,16380.0,16383.52114,-2.15,indodax/history_v2+fawazahmed0
2025-08-06,Upbit,KRW,1392.0,1388.888456,22.4,upbit/candles-days+fawazahmed0
2025-08-07,BTCTurk,TRY,40.54,40.678329,-34.01,btcturk/v2-ohlc+fawazahmed0
2025-08-07,Bitkub,THB,32.3,32.326293,-8.13,bitkub/tv-history+fawazahmed0
2025-08-07,Bitso,MXN,18.628,18.603418,13.21,bitso/v3-ohlc+fawazahmed0
2025-08-07,Indodax,IDR,16283.0,16309.000076,-15.94,indodax/history_v2+fawazahmed0
2025-08-07,Upbit,KRW,1378.0,1383.549127,-40.11,upbit/candles-days+fawazahmed0
2025-08-08,BTCTurk,TRY,40.562,40.735352,-42.56,btcturk/v2-ohlc+fawazahmed0
2025-08-08,Bitkub,THB,32.21,32.337958,-39.57,bitkub/tv-history+fawazahmed0
2025-08-08,Bitso,MXN,18.568,18.622115,-29.06,bitso/v3-ohlc+fawazahmed0
2025-08-08,Indodax,IDR,16255.0,16319.184114,-39.33,indodax/history_v2+fawazahmed0
2025-08-08,Upbit,KRW,1372.0,1386.434457,-104.11,upbit/candles-days+fawazahmed0
2025-08-09,BTCTurk,TRY,40.577,40.733402,-38.4,btcturk/v2-ohlc+fawazahmed0
2025-08-09,Bitkub,THB,32.19,32.320192,-40.28,bitkub/tv-history+fawazahmed0
2025-08-09,Bitso,MXN,18.593,18.552034,22.08,bitso/v3-ohlc+fawazahmed0
2025-08-09,Indodax,IDR,16306.0,16263.302068,26.25,indodax/history_v2+fawazahmed0
2025-08-09,Upbit,KRW,1377.0,1387.944534,-78.85,upbit/candles-days+fawazahmed0
2025-08-10,BTCTurk,TRY,40.615,40.731598,-28.63,btcturk/v2-ohlc+fawazahmed0
2025-08-10,Bitkub,THB,32.31,32.315453,-1.69,bitkub/tv-history+fawazahmed0
2025-08-10,Bitso,MXN,18.552,18.544472,4.06,bitso/v3-ohlc+fawazahmed0
2025-08-10,Indodax,IDR,16283.0,16293.083139,-6.19,indodax/history_v2+fawazahmed0
2025-08-10,Upbit,KRW,1373.0,1389.427257,-118.23,upbit/candles-days+fawazahmed0
2025-08-11,BTCTurk,TRY,40.74,40.756598,-4.07,btcturk/v2-ohlc+fawazahmed0
2025-08-11,Bitkub,THB,32.24,32.415492,-54.14,bitkub/tv-history+fawazahmed0
2025-08-11,Bitso,MXN,18.702,18.582777,64.16,bitso/v3-ohlc+fawazahmed0
2025-08-11,Indodax,IDR,16381.0,16249.350897,81.02,indodax/history_v2+fawazahmed0
2025-08-11,Upbit,KRW,1383.0,1386.682205,-26.55,upbit/candles-days+fawazahmed0
2025-08-12,BTCTurk,TRY,40.615,40.720463,-25.9,btcturk/v2-ohlc+fawazahmed0
2025-08-12,Bitkub,THB,32.05,32.455273,-124.87,bitkub/tv-history+fawazahmed0
2025-08-12,Bitso,MXN,18.576,18.674517,-52.75,bitso/v3-ohlc+fawazahmed0
2025-08-12,Indodax,IDR,16311.0,16282.17823,17.7,indodax/history_v2+fawazahmed0
2025-08-12,Upbit,KRW,1368.0,1389.647469,-155.78,upbit/candles-days+fawazahmed0
2025-08-13,BTCTurk,TRY,40.592,40.760155,-41.25,btcturk/v2-ohlc+fawazahmed0
2025-08-13,Bitkub,THB,32.2,32.379348,-55.39,bitkub/tv-history+fawazahmed0
2025-08-13,Bitso,MXN,18.635,18.594646,21.7,bitso/v3-ohlc+fawazahmed0
2025-08-13,Indodax,IDR,16118.0,16257.554295,-85.84,indodax/history_v2+fawazahmed0
2025-08-13,Upbit,KRW,1364.0,1385.50826,-155.24,upbit/candles-days+fawazahmed0
2025-08-14,BTCTurk,TRY,40.808,40.775986,7.85,btcturk/v2-ohlc+fawazahmed0
2025-08-14,Bitkub,THB,32.51,32.272514,73.59,bitkub/tv-history+fawazahmed0
2025-08-14,Bitso,MXN,18.793,18.634611,85.0,bitso/v3-ohlc+fawazahmed0
2025-08-14,Indodax,IDR,16260.0,16129.116343,81.15,indodax/history_v2+fawazahmed0
2025-08-14,Upbit,KRW,1392.0,1382.814839,66.42,upbit/candles-days+fawazahmed0
2025-08-15,BTCTurk,TRY,41.067,40.854517,52.01,btcturk/v2-ohlc+fawazahmed0
2025-08-15,Bitkub,THB,32.55,32.436302,35.05,bitkub/tv-history+fawazahmed0
2025-08-15,Bitso,MXN,18.779,18.791353,-6.57,bitso/v3-ohlc+fawazahmed0
2025-08-15,Indodax,IDR,16290.0,16152.518759,85.11,indodax/history_v2+fawazahmed0
2025-08-15,Upbit,KRW,1397.0,1389.828195,51.6,upbit/candles-days+fawazahmed0
2025-08-16,BTCTurk,TRY,41.048,40.816177,56.8,btcturk/v2-ohlc+fawazahmed0
2025-08-16,Bitkub,THB,32.44,32.429758,3.16,bitkub/tv-history+fawazahmed0
2025-08-16,Bitso,MXN,18.795,18.788502,3.46,bitso/v3-ohlc+fawazahmed0
2025-08-16,Indodax,IDR,16264.0,16206.907575,35.23,indodax/history_v2+fawazahmed0
2025-08-16,Upbit,KRW,1390.0,1388.594954,10.12,upbit/candles-days+fawazahmed0
2025-08-17,BTCTurk,TRY,40.95,40.829791,29.44,btcturk/v2-ohlc+fawazahmed0
2025-08-17,Bitkub,THB,32.35,32.442826,-28.61,bitkub/tv-history+fawazahmed0
2025-08-17,Bitso,MXN,18.776,18.750495,13.6,bitso/v3-ohlc+fawazahmed0
2025-08-17,Indodax,IDR,16243.0,16148.472364,58.54,indodax/history_v2+fawazahmed0
2025-08-17,Upbit,KRW,1390.0,1388.842311,8.34,upbit/candles-days+fawazahmed0
2025-08-18,BTCTurk,TRY,40.951,40.902185,11.93,btcturk/v2-ohlc+fawazahmed0
2025-08-18,Bitkub,THB,32.54,32.449075,28.02,bitkub/tv-history+fawazahmed0
2025-08-18,Bitso,MXN,18.838,18.728114,58.67,bitso/v3-ohlc+fawazahmed0
2025-08-18,Indodax,IDR,16266.0,16184.893928,50.11,indodax/history_v2+fawazahmed0
2025-08-18,Upbit,KRW,1391.0,1384.978316,43.48,upbit/candles-days+fawazahmed0
2025-08-19,BTCTurk,TRY,40.939,40.883925,13.47,btcturk/v2-ohlc+fawazahmed0
2025-08-19,Bitkub,THB,32.62,32.533621,26.55,bitkub/tv-history+fawazahmed0
2025-08-19,Bitso,MXN,18.855,18.801125,28.66,bitso/v3-ohlc+fawazahmed0
2025-08-19,Indodax,IDR,16353.0,16220.702961,81.56,indodax/history_v2+fawazahmed0
2025-08-19,Upbit,KRW,1394.0,1389.895341,29.53,upbit/candles-days+fawazahmed0
2025-08-20,BTCTurk,TRY,40.885,40.903708,-4.57,btcturk/v2-ohlc+fawazahmed0
2025-08-20,Bitkub,THB,32.55,32.590929,-12.56,bitkub/tv-history+fawazahmed0
2025-08-20,Bitso,MXN,18.787,18.836395,-26.22,bitso/v3-ohlc+fawazahmed0
2025-08-20,Indodax,IDR,16303.0,16315.387467,-7.59,indodax/history_v2+fawazahmed0
2025-08-20,Upbit,KRW,1394.0,1397.886445,-27.8,upbit/candles-days+fawazahmed0
2025-08-21,BTCTurk,TRY,40.94,40.926572,3.28,btcturk/v2-ohlc+fawazahmed0
2025-08-21,Bitkub,THB,32.61,32.553711,17.29,bitkub/tv-history+fawazahmed0
2025-08-21,Bitso,MXN,18.811,18.773417,20.02,bitso/v3-ohlc+fawazahmed0
2025-08-21,Indodax,IDR,16354.0,16268.199427,52.74,indodax/history_v2+fawazahmed0
2025-08-21,Upbit,KRW,1403.0,1397.929155,36.27,upbit/candles-days+fawazahmed0
2025-08-22,BTCTurk,TRY,40.423,41.017524,-144.94,btcturk/v2-ohlc+fawazahmed0
2025-08-22,Bitkub,THB,32.22,32.68038,-140.87,bitkub/tv-history+fawazahmed0
2025-08-22,Bitso,MXN,18.622,18.75212,-69.39,bitso/v3-ohlc+fawazahmed0
2025-08-22,Indodax,IDR,16159.0,16351.638742,-117.81,indodax/history_v2+fawazahmed0
2025-08-22,Upbit,KRW,1379.0,1398.970608,-142.75,upbit/candles-days+fawazahmed0
2025-08-23,BTCTurk,TRY,40.54,41.019964,-117.01,btcturk/v2-ohlc+fawazahmed0
2025-08-23,Bitkub,THB,32.1,32.439968,-104.8,bitkub/tv-history+fawazahmed0
2025-08-23,Bitso,MXN,18.587,18.580052,3.74,bitso/v3-ohlc+fawazahmed0
2025-08-23,Indodax,IDR,16225.0,16228.022465,-1.86,indodax/history_v2+fawazahmed0
2025-08-23,Upbit,KRW,1384.0,1383.706769,2.12,upbit/candles-days+fawazahmed0
2025-08-24,BTCTurk,TRY,41.025,40.973079,12.67,btcturk/v2-ohlc+fawazahmed0
2025-08-24,Bitkub,THB,32.26,32.527834,-82.34,bitkub/tv-history+fawazahmed0
2025-08-24,Bitso,MXN,18.642,18.602508,21.23,bitso/v3-ohlc+fawazahmed0
2025-08-24,Indodax,IDR,16261.0,16297.957639,-22.68,indodax/history_v2+fawazahmed0
2025-08-24,Upbit,KRW,1389.0,1384.707679,31.0,upbit/candles-days+fawazahmed0
2025-08-25,BTCTurk,TRY,41.112,40.983034,31.47,btcturk/v2-ohlc+fawazahmed0
2025-08-25,Bitkub,THB,32.47,32.437953,9.88,bitkub/tv-history+fawazahmed0
2025-08-25,Bitso,MXN,18.731,18.616317,61.6,bitso/v3-ohlc+fawazahmed0
2025-08-25,Indodax,IDR,16383.0,16263.395999,73.54,indodax/history_v2+fawazahmed0
2025-08-25,Upbit,KRW,1415.0,1387.92847,195.05,upbit/candles-days+fawazahmed0
2025-08-26,BTCTurk,TRY,41.05,41.012444,9.16,btcturk/v2-ohlc+fawazahmed0
2025-08-26,Bitkub,THB,32.38,32.423865,-13.53,bitkub/tv-history+fawazahmed0
2025-08-26,Bitso,MXN,18.71,18.674275,19.13,bitso/v3-ohlc+fawazahmed0
2025-08-26,Indodax,IDR,16371.0,16269.796455,62.2,indodax/history_v2+fawazahmed0
2025-08-26,Upbit,KRW,1401.0,1389.960755,79.42,upbit/candles-days+fawazahmed0
2025-08-27,BTCTurk,TRY,41.023,41.048326,-6.17,btcturk/v2-ohlc+fawazahmed0
2025-08-27,Bitkub,THB,32.44,32.49449,-16.77,bitkub/tv-history+fawazahmed0
2025-08-27,Bitso,MXN,18.675,18.657658,9.29,bitso/v3-ohlc+fawazahmed0
2025-08-27,Indodax,IDR,16421.0,16321.007637,61.27,indodax/history_v2+fawazahmed0
2025-08-27,Upbit,KRW,1399.0,1395.091126,28.02,upbit/candles-days+fawazahmed0
2025-08-28,BTCTurk,TRY,40.952,41.068747,-28.43,btcturk/v2-ohlc+fawazahmed0
2025-08-28,Bitkub,THB,32.33,32.417587,-27.02,bitkub/tv-history+fawazahmed0
2025-08-28,Bitso,MXN,18.703,18.646316,30.4,bitso/v3-ohlc+fawazahmed0
2025-08-28,Indodax,IDR,16375.0,16343.8623,19.05,indodax/history_v2+fawazahmed0
2025-08-28,Upbit,KRW,1394.0,1390.52468,24.99,upbit/candles-days+fawazahmed0
2025-08-29,BTCTurk,TRY,41.165,41.146426,4.51,btcturk/v2-ohlc+fawazahmed0
2025-08-29,Bitkub,THB,32.4,32.285052,35.6,bitkub/tv-history+fawazahmed0
2025-08-29,Bitso,MXN,18.711,18.674815,19.38,bitso/v3-ohlc+fawazahmed0
2025-08-29,Indodax,IDR,16570.0,16342.42543,139.25,indodax/history_v2+fawazahmed0
2025-08-29,Upbit,KRW,1405.0,1387.211322,128.23,upbit/candles-days+fawazahmed0
2025-08-30,BTCTurk,TRY,41.209,41.101754,26.09,btcturk/v2-ohlc+fawazahmed0
2025-08-30,Bitkub,THB,32.48,32.316472,50.6,bitkub/tv-history+fawazahmed0
2025-08-30,Bitso,MXN,18.698,18.662316,19.12,bitso/v3-ohlc+fawazahmed0
2025-08-30,Indodax,IDR,16564.0,16421.286074,86.91,indodax/history_v2+fawazahmed0
2025-08-30,Upbit,KRW,1395.0,1388.501348,46.8,upbit/candles-days+fawazahmed0
2025-08-31,BTCTurk,TRY,41.162,41.12763,8.36,btcturk/v2-ohlc+fawazahmed0
2025-08-31,Bitkub,THB,32.35,32.314571,10.96,bitkub/tv-history+fawazahmed0
2025-08-31,Bitso,MXN,18.696,18.673313,12.15,bitso/v3-ohlc+fawazahmed0
2025-08-31,Indodax,IDR,16563.0,16413.836947,90.88,indodax/history_v2+fawazahmed0
2025-08-31,Upbit,KRW,1393.0,1388.298105,33.87,upbit/candles-days+fawazahmed0
2025-09-01,BTCTurk,TRY,41.216,41.146172,16.97,btcturk/v2-ohlc+fawazahmed0
2025-09-01,Bitkub,THB,32.33,32.315231,4.57,bitkub/tv-history+fawazahmed0
2025-09-01,Bitso,MXN,18.716,18.653688,33.4,bitso/v3-ohlc+fawazahmed0
2025-09-01,Indodax,IDR,16504.0,16469.350896,21.04,indodax/history_v2+fawazahmed0
2025-09-01,Upbit,KRW,1396.0,1392.489401,25.21,upbit/candles-days+fawazahmed0
2025-09-02,BTCTurk,TRY,41.135,41.160113,-6.1,btcturk/v2-ohlc+fawazahmed0
2025-09-02,Bitkub,THB,32.33,32.275478,16.89,bitkub/tv-history+fawazahmed0
2025-09-02,Bitso,MXN,18.786,18.659467,67.81,bitso/v3-ohlc+fawazahmed0
2025-09-02,Indodax,IDR,16474.0,16433.852546,24.43,indodax/history_v2+fawazahmed0
2025-09-02,Upbit,KRW,1393.0,1391.989393,7.26,upbit/candles-days+fawazahmed0
2025-09-03,BTCTurk,TRY,41.09,41.176849,-21.09,btcturk/v2-ohlc+fawazahmed0
2025-09-03,Bitkub,THB,32.24,32.366326,-39.03,bitkub/tv-history+fawazahmed0
2025-09-03,Bitso,MXN,18.771,18.740699,16.17,bitso/v3-ohlc+fawazahmed0
2025-09-03,Indodax,IDR,16434.0,16440.549647,-3.98,indodax/history_v2+fawazahmed0
2025-09-03,Upbit,KRW,1387.0,1392.851335,-42.01,upbit/candles-days+fawazahmed0
2025-09-04,BTCTurk,TRY,41.208,41.174878,8.04,btcturk/v2-ohlc+fawazahmed0
2025-09-04,Bitkub,THB,32.37,32.28357,26.77,bitkub/tv-history+fawazahmed0
2025-09-04,Bitso,MXN,18.738,18.715367,12.09,bitso/v3-ohlc+fawazahmed0
2025-09-04,Indodax,IDR,16510.0,16450.752874,36.01,indodax/history_v2+fawazahmed0
2025-09-04,Upbit,KRW,1405.0,1390.987107,100.74,upbit/candles-days+fawazahmed0
2025-09-05,BTCTurk,TRY,41.231,41.256124,-6.09,btcturk/v2-ohlc+fawazahmed0
2025-09-05,Bitkub,THB,32.16,32.262934,-31.9,bitkub/tv-history+fawazahmed0
2025-09-05,Bitso,MXN,18.734,18.717212,8.97,bitso/v3-ohlc+fawazahmed0
2025-09-05,Indodax,IDR,16451.0,16447.484396,2.14,indodax/history_v2+fawazahmed0
2025-09-05,Upbit,KRW,1401.0,1392.928325,57.95,upbit/candles-days+fawazahmed0
2025-09-06,BTCTurk,TRY,41.279,41.229195,12.08,btcturk/v2-ohlc+fawazahmed0
2025-09-06,Bitkub,THB,32.18,32.078492,31.64,bitkub/tv-history+fawazahmed0
2025-09-06,Bitso,MXN,18.74,18.717358,12.1,bitso/v3-ohlc+fawazahmed0
2025-09-06,Indodax,IDR,16465.0,16383.303731,49.87,indodax/history_v2+fawazahmed0
2025-09-06,Upbit,KRW,1401.0,1386.191149,106.83,upbit/candles-days+fawazahmed0
2025-09-07,BTCTurk,TRY,41.164,41.254883,-22.03,btcturk/v2-ohlc+fawazahmed0
2025-09-07,Bitkub,THB,31.98,32.148409,-52.38,bitkub/tv-history+fawazahmed0
2025-09-07,Bitso,MXN,18.728,18.730301,-1.23,bitso/v3-ohlc+fawazahmed0
2025-09-07,Indodax,IDR,16405.0,16413.218089,-5.01,indodax/history_v2+fawazahmed0
2025-09-07,Upbit,KRW,1395.0,1386.877712,58.57,upbit/candles-days+fawazahmed0
2025-09-08,BTCTurk,TRY,41.121,41.263211,-34.46,btcturk/v2-ohlc+fawazahmed0
2025-09-08,Bitkub,THB,31.67,32.101952,-134.56,bitkub/tv-history+fawazahmed0
2025-09-08,Bitso,MXN,18.651,18.717842,-35.71,bitso/v3-ohlc+fawazahmed0
2025-09-08,Indodax,IDR,16439.0,16382.40351,34.55,indodax/history_v2+fawazahmed0
2025-09-08,Upbit,KRW,1393.0,1388.793617,30.29,upbit/candles-days+fawazahmed0
2025-09-09,BTCTurk,TRY,41.199,41.282667,-20.27,btcturk/v2-ohlc+fawazahmed0
2025-09-09,Bitkub,THB,31.75,31.626086,39.18,bitkub/tv-history+fawazahmed0
2025-09-09,Bitso,MXN,18.627,18.646135,-10.26,bitso/v3-ohlc+fawazahmed0
2025-09-09,Indodax,IDR,16450.0,16502.048538,-31.54,indodax/history_v2+fawazahmed0
2025-09-09,Upbit,KRW,1394.0,1385.789624,59.25,upbit/candles-days+fawazahmed0
2025-09-10,BTCTurk,TRY,41.263,41.27942,-3.98,btcturk/v2-ohlc+fawazahmed0
2025-09-10,Bitkub,THB,31.7,31.796668,-30.4,bitkub/tv-history+fawazahmed0
2025-09-10,Bitso,MXN,18.598,18.633383,-18.99,bitso/v3-ohlc+fawazahmed0
2025-09-10,Indodax,IDR,16465.0,16455.545726,5.75,indodax/history_v2+fawazahmed0
2025-09-10,Upbit,KRW,1393.0,1388.037998,35.75,upbit/candles-days+fawazahmed0
2025-09-11,BTCTurk,TRY,41.201,41.292717,-22.21,btcturk/v2-ohlc+fawazahmed0
2025-09-11,Bitkub,THB,31.7,31.781939,-25.78,bitkub/tv-history+fawazahmed0
2025-09-11,Bitso,MXN,18.47,18.596775,-68.17,bitso/v3-ohlc+fawazahmed0
2025-09-11,Indodax,IDR,16406.0,16454.655948,-29.57,indodax/history_v2+fawazahmed0
2025-09-11,Upbit,KRW,1390.0,1387.664394,16.83,upbit/candles-days+fawazahmed0
2025-09-12,BTCTurk,TRY,41.151,41.356631,-49.72,btcturk/v2-ohlc+fawazahmed0
2025-09-12,Bitkub,THB,31.71,31.702808,2.27,bitkub/tv-history+fawazahmed0
2025-09-12,Bitso,MXN,18.47,18.475934,-3.21,bitso/v3-ohlc+fawazahmed0
2025-09-12,Indodax,IDR,16343.0,16432.643641,-54.55,indodax/history_v2+fawazahmed0
2025-09-12,Upbit,KRW,1389.0,1388.964927,0.25,upbit/candles-days+fawazahmed0
2025-09-13,BTCTurk,TRY,41.183,41.33269,-36.22,btcturk/v2-ohlc+fawazahmed0
2025-09-13,Bitkub,THB,31.64,31.654411,-4.55,bitkub/tv-history+fawazahmed0
2025-09-13,Bitso,MXN,18.451,18.447442,1.93,bitso/v3-ohlc+fawazahmed0
2025-09-13,Indodax,IDR,16382.0,16412.474865,-18.57,indodax/history_v2+fawazahmed0
2025-09-13,Upbit,KRW,1385.0,1392.849347,-56.35,upbit/candles-days+fawazahmed0
2025-09-14,BTCTurk,TRY,41.361,41.359789,0.29,btcturk/v2-ohlc+fawazahmed0
2025-09-14,Bitkub,THB,31.67,31.705113,-11.07,bitkub/tv-history+fawazahmed0
2025-09-14,Bitso,MXN,18.456,18.439999,8.68,bitso/v3-ohlc+fawazahmed0
2025-09-14,Indodax,IDR,16390.0,16422.534074,-19.81,indodax/history_v2+fawazahmed0
2025-09-14,Upbit,KRW,1391.0,1391.792506,-5.69,upbit/candles-days+fawazahmed0
2025-09-15,BTCTurk,TRY,41.319,41.364786,-11.07,btcturk/v2-ohlc+fawazahmed0
2025-09-15,Bitkub,THB,31.85,31.787299,19.73,bitkub/tv-history+fawazahmed0
2025-09-15,Bitso,MXN,18.363,18.449986,-47.15,bitso/v3-ohlc+fawazahmed0
2025-09-15,Indodax,IDR,16461.0,16407.507014,32.6,indodax/history_v2+fawazahmed0
2025-09-15,Upbit,KRW,1394.0,1389.913542,29.4,upbit/candles-days+fawazahmed0
2025-09-16,BTCTurk,TRY,41.291,41.322542,-7.63,btcturk/v2-ohlc+fawazahmed0
2025-09-16,Bitkub,THB,31.73,31.801937,-22.62,bitkub/tv-history+fawazahmed0
2025-09-16,Bitso,MXN,18.308,18.355804,-26.04,bitso/v3-ohlc+fawazahmed0
2025-09-16,Indodax,IDR,16467.0,16385.761833,49.58,indodax/history_v2+fawazahmed0
2025-09-16,Upbit,KRW,1390.0,1382.558145,53.83,upbit/candles-days+fawazahmed0
2025-09-17,BTCTurk,TRY,41.25,41.321435,-17.29,btcturk/v2-ohlc+fawazahmed0
2025-09-17,Bitkub,THB,31.72,31.750905,-9.73,bitkub/tv-history+fawazahmed0
2025-09-17,Bitso,MXN,18.34,18.301441,21.07,bitso/v3-ohlc+fawazahmed0
2025-09-17,Indodax,IDR,16496.0,16416.25068,48.58,indodax/history_v2+fawazahmed0
2025-09-17,Upbit,KRW,1386.0,1381.678227,31.28,upbit/candles-days+fawazahmed0
2025-09-18,BTCTurk,TRY,41.228,41.330997,-24.92,btcturk/v2-ohlc+fawazahmed0
2025-09-18,Bitkub,THB,31.81,31.839139,-9.15,bitkub/tv-history+fawazahmed0
2025-09-18,Bitso,MXN,18.385,18.325474,32.48,bitso/v3-ohlc+fawazahmed0
2025-09-18,Indodax,IDR,16512.0,16454.509768,34.94,indodax/history_v2+fawazahmed0
2025-09-18,Upbit,KRW,1389.0,1383.825444,37.39,upbit/candles-days+fawazahmed0
2025-09-19,BTCTurk,TRY,41.39,41.399183,-2.22,btcturk/v2-ohlc+fawazahmed0
2025-09-19,Bitkub,THB,31.9,31.927326,-8.56,bitkub/tv-history+fawazahmed0
2025-09-19,Bitso,MXN,18.463,18.380112,45.1,bitso/v3-ohlc+fawazahmed0
2025-09-19,Indodax,IDR,16651.0,16569.638341,49.1,indodax/history_v2+fawazahmed0
2025-09-19,Upbit,KRW,1402.0,1394.149909,56.31,upbit/candles-days+fawazahmed0
2025-09-20,BTCTurk,TRY,41.435,41.365969,16.69,btcturk/v2-ohlc+fawazahmed0
2025-09-20,Bitkub,THB,31.89,31.834836,17.33,bitkub/tv-history+fawazahmed0
2025-09-20,Bitso,MXN,18.451,18.395946,29.93,bitso/v3-ohlc+fawazahmed0
2025-09-20,Indodax,IDR,16726.0,16629.810623,57.84,indodax/history_v2+fawazahmed0
2025-09-20,Upbit,KRW,1403.0,1397.193895,41.56,upbit/candles-days+fawazahmed0
2025-09-21,BTCTurk,TRY,41.412,41.38977,5.37,btcturk/v2-ohlc+fawazahmed0
2025-09-21,Bitkub,THB,31.84,31.857611,-5.53,bitkub/tv-history+fawazahmed0
2025-09-21,Bitso,MXN,18.453,18.407937,24.48,bitso/v3-ohlc+fawazahmed0
2025-09-21,Indodax,IDR,16693.0,16579.216453,68.63,indodax/history_v2+fawazahmed0
2025-09-21,Upbit,KRW,1401.0,1396.52348,32.05,upbit/candles-days+fawazahmed0
2025-09-22,BTCTurk,TRY,41.489,41.406925,19.82,btcturk/v2-ohlc+fawazahmed0
2025-09-22,Bitkub,THB,31.83,31.858419,-8.92,bitkub/tv-history+fawazahmed0
2025-09-22,Bitso,MXN,18.402,18.421602,-10.64,bitso/v3-ohlc+fawazahmed0
2025-09-22,Indodax,IDR,16679.0,16626.915016,31.33,indodax/history_v2+fawazahmed0
2025-09-22,Upbit,KRW,1426.0,1393.072774,236.36,upbit/candles-days+fawazahmed0
2025-09-23,BTCTurk,TRY,41.494,41.39897,22.95,btcturk/v2-ohlc+fawazahmed0
2025-09-23,Bitkub,THB,31.92,31.775148,45.59,bitkub/tv-history+fawazahmed0
2025-09-23,Bitso,MXN,18.365,18.353908,6.04,bitso/v3-ohlc+fawazahmed0
2025-09-23,Indodax,IDR,16709.0,16582.50406,76.28,indodax/history_v2+fawazahmed0
2025-09-23,Upbit,KRW,1426.0,1393.249611,235.06,upbit/candles-days+fawazahmed0
2025-09-24,BTCTurk,TRY,41.507,41.43484,17.42,btcturk/v2-ohlc+fawazahmed0
2025-09-24,Bitkub,THB,32.12,31.913487,64.71,bitkub/tv-history+fawazahmed0
2025-09-24,Bitso,MXN,18.419,18.356583,34.0,bitso/v3-ohlc+fawazahmed0
2025-09-24,Indodax,IDR,16769.0,16671.415317,58.53,indodax/history_v2+fawazahmed0
2025-09-24,Upbit,KRW,1418.0,1393.85269,173.24,upbit/candles-days+fawazahmed0
2025-09-25,BTCTurk,TRY,41.59,41.487988,24.59,btcturk/v2-ohlc+fawazahmed0
2025-09-25,Bitkub,THB,32.26,32.129578,40.59,bitkub/tv-history+fawazahmed0
2025-09-25,Bitso,MXN,18.494,18.41567,42.53,bitso/v3-ohlc+fawazahmed0
2025-09-25,Indodax,IDR,16879.0,16711.550211,100.2,indodax/history_v2+fawazahmed0
2025-09-25,Upbit,KRW,1451.0,1400.979859,357.04,upbit/candles-days+fawazahmed0
2025-09-26,BTCTurk,TRY,41.669,41.576329,22.29,btcturk/v2-ohlc+fawazahmed0
2025-09-26,Bitkub,THB,32.24,32.233722,1.95,bitkub/tv-history+fawazahmed0
2025-09-26,Bitso,MXN,18.42,18.480979,-33.0,bitso/v3-ohlc+fawazahmed0
2025-09-26,Indodax,IDR,16830.0,16776.214408,32.06,indodax/history_v2+fawazahmed0
2025-09-26,Upbit,KRW,1442.0,1410.301043,224.77,upbit/candles-days+fawazahmed0
2025-09-27,BTCTurk,TRY,41.669,41.375821,70.86,btcturk/v2-ohlc+fawazahmed0
2025-09-27,Bitkub,THB,32.18,32.290506,-34.22,bitkub/tv-history+fawazahmed0
2025-09-27,Bitso,MXN,18.435,18.359817,40.95,bitso/v3-ohlc+fawazahmed0
2025-09-27,Indodax,IDR,16785.0,16689.644786,57.13,indodax/history_v2+fawazahmed0
2025-09-27,Upbit,KRW,1440.0,1409.664988,215.19,upbit/candles-days+fawazahmed0
2025-09-28,BTCTurk,TRY,41.608,41.398749,50.55,btcturk/v2-ohlc+fawazahmed0
2025-09-28,Bitkub,THB,32.16,32.238678,-24.4,bitkub/tv-history+fawazahmed0
2025-09-28,Bitso,MXN,18.369,18.364724,2.33,bitso/v3-ohlc+fawazahmed0
2025-09-28,Indodax,IDR,16768.0,16706.683522,36.7,indodax/history_v2+fawazahmed0
2025-09-28,Upbit,KRW,1432.0,1408.65651,165.71,upbit/candles-days+fawazahmed0
2025-09-29,BTCTurk,TRY,41.599,41.578415,4.95,btcturk/v2-ohlc+fawazahmed0
2025-09-29,Bitkub,THB,32.18,32.34741,-51.75,bitkub/tv-history+fawazahmed0
2025-09-29,Bitso,MXN,18.372,18.342281,16.2,bitso/v3-ohlc+fawazahmed0
2025-09-29,Indodax,IDR,16736.0,16633.803932,61.44,indodax/history_v2+fawazahmed0
2025-09-29,Upbit,KRW,1427.0,1402.940828,171.49,upbit/candles-days+fawazahmed0
2025-09-30,BTCTurk,TRY,41.574,41.590458,-3.96,btcturk/v2-ohlc+fawazahmed0
2025-09-30,Bitkub,THB,32.42,32.270085,46.46,bitkub/tv-history+fawazahmed0
2025-09-30,Bitso,MXN,18.326,18.372435,-25.27,bitso/v3-ohlc+fawazahmed0
2025-09-30,Indodax,IDR,16739.0,16670.609095,41.02,indodax/history_v2+fawazahmed0
2025-09-30,Upbit,KRW,1427.0,1402.410399,175.34,upbit/candles-days+fawazahmed0
2025-10-01,BTCTurk,TRY,41.502,41.587124,-20.47,btcturk/v2-ohlc+fawazahmed0
2025-10-01,Bitkub,THB,32.43,32.446637,-5.13,bitkub/tv-history+fawazahmed0
2025-10-01,Bitso,MXN,18.383,18.314206,37.56,bitso/v3-ohlc+fawazahmed0
2025-10-01,Indodax,IDR,16636.0,16670.014493,-20.4,indodax/history_v2+fawazahmed0
2025-10-01,Upbit,KRW,1420.0,1406.299808,97.42,upbit/candles-days+fawazahmed0
2025-10-02,BTCTurk,TRY,41.535,41.622122,-20.93,btcturk/v2-ohlc+fawazahmed0
2025-10-02,Bitkub,THB,32.4,32.421727,-6.7,bitkub/tv-history+fawazahmed0
2025-10-02,Bitso,MXN,18.417,18.383061,18.46,bitso/v3-ohlc+fawazahmed0
2025-10-02,Indodax,IDR,16549.0,16635.781795,-52.17,indodax/history_v2+fawazahmed0
2025-10-02,Upbit,KRW,1417.0,1400.859111,115.22,upbit/candles-days+fawazahmed0
2025-10-03,BTCTurk,TRY,41.469,41.671721,-48.65,btcturk/v2-ohlc+fawazahmed0
2025-10-03,Bitkub,THB,32.13,32.454941,-100.12,bitkub/tv-history+fawazahmed0
2025-10-03,Bitso,MXN,18.405,18.429651,-13.38,bitso/v3-ohlc+fawazahmed0
2025-10-03,Indodax,IDR,16500.0,16614.437693,-68.88,indodax/history_v2+fawazahmed0
2025-10-03,Upbit,KRW,1419.0,1408.841159,72.11,upbit/candles-days+fawazahmed0
2025-10-04,BTCTurk,TRY,41.709,41.706512,0.6,btcturk/v2-ohlc+fawazahmed0
2025-10-04,Bitkub,THB,32.04,32.32199,-87.24,bitkub/tv-history+fawazahmed0
2025-10-04,Bitso,MXN,18.308,18.397846,-48.83,bitso/v3-ohlc+fawazahmed0
2025-10-04,Indodax,IDR,16572.0,16559.924621,7.29,indodax/history_v2+fawazahmed0
2025-10-04,Upbit,KRW,1430.0,1407.28138,161.44,upbit/candles-days+fawazahmed0
2025-10-05,BTCTurk,TRY,41.732,41.67735,13.11,btcturk/v2-ohlc+fawazahmed0
2025-10-05,Bitkub,THB,32.11,32.371244,-80.7,bitkub/tv-history+fawazahmed0
2025-10-05,Bitso,MXN,18.409,18.401061,4.31,bitso/v3-ohlc+fawazahmed0
2025-10-05,Indodax,IDR,16534.0,16576.878897,-25.87,indodax/history_v2+fawazahmed0
2025-10-05,Upbit,KRW,1434.0,1406.712225,193.98,upbit/candles-days+fawazahmed0
2025-10-06,BTCTurk,TRY,41.552,41.697681,-34.94,btcturk/v2-ohlc+fawazahmed0
2025-10-06,Bitkub,THB,32.26,32.431674,-52.93,bitkub/tv-history+fawazahmed0
2025-10-06,Bitso,MXN,18.353,18.415885,-34.15,bitso/v3-ohlc+fawazahmed0
2025-10-06,Indodax,IDR,16562.0,16561.374519,0.38,indodax/history_v2+fawazahmed0
2025-10-06,Upbit,KRW,1425.0,1410.891736,100.0,upbit/candles-days+fawazahmed0
2025-10-07,BTCTurk,TRY,41.773,41.710585,14.96,btcturk/v2-ohlc+fawazahmed0
2025-10-07,Bitkub,THB,32.42,32.538197,-36.33,bitkub/tv-history+fawazahmed0
2025-10-07,Bitso,MXN,18.428,18.341365,47.23,bitso/v3-ohlc+fawazahmed0
2025-10-07,Indodax,IDR,16686.0,16590.420199,57.61,indodax/history_v2+fawazahmed0
2025-10-07,Upbit,KRW,1448.0,1412.738582,249.6,upbit/candles-days+fawazahmed0
2025-10-08,BTCTurk,TRY,41.731,41.722219,2.1,btcturk/v2-ohlc+fawazahmed0
2025-10-08,Bitkub,THB,32.47,32.519468,-15.21,bitkub/tv-history+fawazahmed0
2025-10-08,Bitso,MXN,18.336,18.423275,-47.37,bitso/v3-ohlc+fawazahmed0
2025-10-08,Indodax,IDR,16643.0,16605.846967,22.37,indodax/history_v2+fawazahmed0
2025-10-08,Upbit,KRW,1443.0,1420.440552,158.82,upbit/candles-days+fawazahmed0
2025-10-09,BTCTurk,TRY,41.782,41.737295,10.71,btcturk/v2-ohlc+fawazahmed0
2025-10-09,Bitkub,THB,32.75,32.563766,57.19,bitkub/tv-history+fawazahmed0
2025-10-09,Bitso,MXN,18.394,18.331101,34.31,bitso/v3-ohlc+fawazahmed0
2025-10-09,Indodax,IDR,16682.0,16554.567316,76.98,indodax/history_v2+fawazahmed0
2025-10-09,Upbit,KRW,1460.0,1418.849475,290.03,upbit/candles-days+fawazahmed0
2025-10-10,BTCTurk,TRY,42.516,41.82191,165.96,btcturk/v2-ohlc+fawazahmed0
2025-10-10,Bitkub,THB,32.9,32.731354,51.52,bitkub/tv-history+fawazahmed0
2025-10-10,Bitso,MXN,18.961,18.380444,315.86,bitso/v3-ohlc+fawazahmed0
2025-10-10,Indodax,IDR,16995.0,16577.7866,251.67,indodax/history_v2+fawazahmed0
2025-10-10,Upbit,KRW,1535.0,1421.153611,801.08,upbit/candles-days+fawazahmed0
2025-10-11,BTCTurk,TRY,42.652,41.81697,199.69,btcturk/v2-ohlc+fawazahmed0
2025-10-11,Bitkub,THB,33.38,32.592514,241.62,bitkub/tv-history+fawazahmed0
2025-10-11,Bitso,MXN,18.802,18.602326,107.34,bitso/v3-ohlc+fawazahmed0
2025-10-11,Indodax,IDR,17044.0,16609.855023,261.38,indodax/history_v2+fawazahmed0
2025-10-11,Upbit,KRW,1541.0,1430.424619,773.02,upbit/candles-days+fawazahmed0
2025-10-12,BTCTurk,TRY,42.349,41.774558,137.51,btcturk/v2-ohlc+fawazahmed0
2025-10-12,Bitkub,THB,33.43,32.687068,227.29,bitkub/tv-history+fawazahmed0
2025-10-12,Bitso,MXN,18.51,18.585873,-40.82,bitso/v3-ohlc+fawazahmed0
2025-10-12,Indodax,IDR,16950.0,16573.205011,227.35,indodax/history_v2+fawazahmed0
2025-10-12,Upbit,KRW,1511.0,1430.151962,565.31,upbit/candles-days+fawazahmed0
2025-10-13,BTCTurk,TRY,41.959,41.820907,33.02,btcturk/v2-ohlc+fawazahmed0
2025-10-13,Bitkub,THB,32.65,32.715053,-19.88,bitkub/tv-history+fawazahmed0
2025-10-13,Bitso,MXN,18.53,18.462245,36.7,bitso/v3-ohlc+fawazahmed0
2025-10-13,Indodax,IDR,16689.0,16590.782931,59.2,indodax/history_v2+fawazahmed0
2025-10-13,Upbit,KRW,1490.0,1427.915141,434.79,upbit/candles-days+fawazahmed0
2025-10-14,BTCTurk,TRY,41.967,41.821731,34.74,btcturk/v2-ohlc+fawazahmed0
2025-10-14,Bitkub,THB,32.79,32.579545,64.6,bitkub/tv-history+fawazahmed0
2025-10-14,Bitso,MXN,18.496,18.454447,22.52,bitso/v3-ohlc+fawazahmed0
2025-10-14,Indodax,IDR,16665.0,16562.337195,61.99,indodax/history_v2+fawazahmed0
2025-10-14,Upbit,KRW,1504.0,1426.357921,544.34,upbit/candles-days+fawazahmed0
2025-10-15,BTCTurk,TRY,41.969,41.833694,32.34,btcturk/v2-ohlc+fawazahmed0
2025-10-15,Bitkub,THB,32.73,32.576165,47.22,bitkub/tv-history+fawazahmed0
2025-10-15,Bitso,MXN,18.498,18.489736,4.47,bitso/v3-ohlc+fawazahmed0
2025-10-15,Indodax,IDR,16661.0,16590.249387,42.65,indodax/history_v2+fawazahmed0
2025-10-15,Upbit,KRW,1521.0,1427.441009,655.43,upbit/candles-days+fawazahmed0
2025-10-16,BTCTurk,TRY,42.034,41.852956,43.26,btcturk/v2-ohlc+fawazahmed0
2025-10-16,Bitkub,THB,32.63,32.43157,61.18,bitkub/tv-history+fawazahmed0
2025-10-16,Bitso,MXN,18.469,18.457517,6.22,bitso/v3-ohlc+fawazahmed0
2025-10-16,Indodax,IDR,16668.0,16572.122511,57.85,indodax/history_v2+fawazahmed0
2025-10-16,Upbit,KRW,1528.0,1417.890673,776.57,upbit/candles-days+fawazahmed0
2025-10-17,BTCTurk,TRY,42.28,41.94716,79.35,btcturk/v2-ohlc+fawazahmed0
2025-10-17,Bitkub,THB,32.83,32.589835,73.69,bitkub/tv-history+fawazahmed0
2025-10-17,Bitso,MXN,18.445,18.452622,-4.13,bitso/v3-ohlc+fawazahmed0
2025-10-17,Indodax,IDR,16709.0,16593.765208,69.44,indodax/history_v2+fawazahmed0
2025-10-17,Upbit,KRW,1537.0,1420.473275,820.34,upbit/candles-days+fawazahmed0
2025-10-18,BTCTurk,TRY,42.218,41.895482,76.98,btcturk/v2-ohlc+fawazahmed0
2025-10-18,Bitkub,THB,32.75,32.707487,13.0,bitkub/tv-history+fawazahmed0
2025-10-18,Bitso,MXN,18.454,18.375005,42.99,bitso/v3-ohlc+fawazahmed0
2025-10-18,Indodax,IDR,16702.0,16567.467155,81.2,indodax/history_v2+fawazahmed0
2025-10-18,Upbit,KRW,1526.0,1421.909735,732.05,upbit/candles-days+fawazahmed0
2025-10-19,BTCTurk,TRY,42.107,41.91851,44.97,btcturk/v2-ohlc+fawazahmed0
2025-10-19,Bitkub,THB,32.86,32.727023,40.63,bitkub/tv-history+fawazahmed0
2025-10-19,Bitso,MXN,18.395,18.381297,7.45,bitso/v3-ohlc+fawazahmed0
2025-10-19,Indodax,IDR,16691.0,16574.682243,70.18,indodax/history_v2+fawazahmed0
2025-10-19,Upbit,KRW,1517.0,1422.002849,668.05,upbit/candles-days+fawazahmed0
2025-10-20,BTCTurk,TRY,42.064,41.956494,25.62,btcturk/v2-ohlc+fawazahmed0
2025-10-20,Bitkub,THB,32.57,32.79734,-69.32,bitkub/tv-history+fawazahmed0
2025-10-20,Bitso,MXN,18.457,18.373889,45.23,bitso/v3-ohlc+fawazahmed0
2025-10-20,Indodax,IDR,16660.0,16570.178303,54.21,indodax/history_v2+fawazahmed0
2025-10-20,Upbit,KRW,1500.0,1422.660879,543.62,upbit/candles-days+fawazahmed0
2025-10-21,BTCTurk,TRY,42.036,41.969104,15.94,btcturk/v2-ohlc+fawazahmed0
2025-10-21,Bitkub,THB,32.77,32.592898,54.34,bitkub/tv-history+fawazahmed0
2025-10-21,Bitso,MXN,18.44,18.398562,22.52,bitso/v3-ohlc+fawazahmed0
2025-10-21,Indodax,IDR,16666.0,16572.453266,56.45,indodax/history_v2+fawazahmed0
2025-10-21,Upbit,KRW,1506.0,1421.330642,595.7,upbit/candles-days+fawazahmed0
2025-10-22,BTCTurk,TRY,42.058,41.978852,18.85,btcturk/v2-ohlc+fawazahmed0
2025-10-22,Bitkub,THB,32.81,32.800597,2.87,bitkub/tv-history+fawazahmed0
2025-10-22,Bitso,MXN,18.45,18.431186,10.21,bitso/v3-ohlc+fawazahmed0
2025-10-22,Indodax,IDR,16699.0,16591.654971,64.7,indodax/history_v2+fawazahmed0
2025-10-22,Upbit,KRW,1515.0,1431.516135,583.18,upbit/candles-days+fawazahmed0
2025-10-23,BTCTurk,TRY,42.013,42.00663,1.52,btcturk/v2-ohlc+fawazahmed0
2025-10-23,Bitkub,THB,32.72,32.833306,-34.51,bitkub/tv-history+fawazahmed0
2025-10-23,Bitso,MXN,18.401,18.446672,-24.76,bitso/v3-ohlc+fawazahmed0
2025-10-23,Indodax,IDR,16647.0,16619.62539,16.47,indodax/history_v2+fawazahmed0
2025-10-23,Upbit,KRW,1504.0,1435.453179,477.53,upbit/candles-days+fawazahmed0
2025-10-24,BTCTurk,TRY,41.971,42.070521,-23.66,btcturk/v2-ohlc+fawazahmed0
2025-10-24,Bitkub,THB,32.69,32.781507,-27.91,bitkub/tv-history+fawazahmed0
2025-10-24,Bitso,MXN,18.485,18.39984,46.28,bitso/v3-ohlc+fawazahmed0
2025-10-24,Indodax,IDR,16674.0,16609.124932,39.06,indodax/history_v2+fawazahmed0
2025-10-24,Upbit,KRW,1493.0,1435.307484,401.95,upbit/candles-days+fawazahmed0
2025-10-25,BTCTurk,TRY,42.004,41.943664,14.39,btcturk/v2-ohlc+fawazahmed0
2025-10-25,Bitkub,THB,32.64,32.674972,-10.7,bitkub/tv-history+fawazahmed0
2025-10-25,Bitso,MXN,18.466,18.459905,3.3,bitso/v3-ohlc+fawazahmed0
2025-10-25,Indodax,IDR,16686.0,16612.683034,44.13,indodax/history_v2+fawazahmed0
2025-10-25,Upbit,KRW,1490.0,1439.161051,353.25,upbit/candles-days+fawazahmed0
2025-10-26,BTCTurk,TRY,41.931,41.977383,-11.05,btcturk/v2-ohlc+fawazahmed0
2025-10-26,Bitkub,THB,32.58,32.731981,-46.43,bitkub/tv-history+fawazahmed0
2025-10-26,Bitso,MXN,18.398,18.454326,-30.52,bitso/v3-ohlc+fawazahmed0
2025-10-26,Indodax,IDR,16646.0,16619.31595,16.06,indodax/history_v2+fawazahmed0
2025-10-26,Upbit,KRW,1480.0,1437.687154,294.31,upbit/candles-days+fawazahmed0
2025-10-27,BTCTurk,TRY,41.962,42.006897,-10.69,btcturk/v2-ohlc+fawazahmed0
2025-10-27,Bitkub,THB,32.67,32.668419,0.48,bitkub/tv-history+fawazahmed0
2025-10-27,Bitso,MXN,18.398,18.418915,-11.36,bitso/v3-ohlc+fawazahmed0
2025-10-27,Indodax,IDR,16685.0,16600.480729,50.91,indodax/history_v2+fawazahmed0
2025-10-27,Upbit,KRW,1480.0,1431.162384,341.24,upbit/candles-days+fawazahmed0
2025-10-28,BTCTurk,TRY,42.088,41.966621,28.92,btcturk/v2-ohlc+fawazahmed0
2025-10-28,Bitkub,THB,32.36,32.638989,-85.48,bitkub/tv-history+fawazahmed0
2025-10-28,Bitso,MXN,18.454,18.399707,29.51,bitso/v3-ohlc+fawazahmed0
2025-10-28,Indodax,IDR,16690.0,16554.459797,81.88,indodax/history_v2+fawazahmed0
2025-10-28,Upbit,KRW,1491.0,1435.285662,388.18,upbit/candles-days+fawazahmed0
2025-10-29,BTCTurk,TRY,41.972,41.967427,1.09,btcturk/v2-ohlc+fawazahmed0
2025-10-29,Bitkub,THB,32.38,32.344948,10.84,bitkub/tv-history+fawazahmed0
2025-10-29,Bitso,MXN,18.477,18.437738,21.29,bitso/v3-ohlc+fawazahmed0
2025-10-29,Indodax,IDR,16669.0,16600.590254,41.21,indodax/history_v2+fawazahmed0
2025-10-29,Upbit,KRW,1494.0,1433.321433,423.34,upbit/candles-days+fawazahmed0
2025-10-30,BTCTurk,TRY,42.084,42.008565,17.96,btcturk/v2-ohlc+fawazahmed0
2025-10-30,Bitkub,THB,32.53,32.419675,34.03,bitkub/tv-history+fawazahmed0
2025-10-30,Bitso,MXN,18.561,18.468619,50.02,bitso/v3-ohlc+fawazahmed0
2025-10-30,Indodax,IDR,16784.0,16579.228192,123.51,indodax/history_v2+fawazahmed0
2025-10-30,Upbit,KRW,1517.0,1422.996788,660.6,upbit/candles-days+fawazahmed0
2025-10-31,BTCTurk,TRY,42.068,42.03054,8.91,btcturk/v2-ohlc+fawazahmed0
2025-10-31,Bitkub,THB,32.38,32.315623,19.92,bitkub/tv-history+fawazahmed0
2025-10-31,Bitso,MXN,18.594,18.533212,32.8,bitso/v3-ohlc+fawazahmed0
2025-10-31,Indodax,IDR,16705.0,16596.045549,65.65,indodax/history_v2+fawazahmed0
2025-10-31,Upbit,KRW,1497.0,1428.868495,476.82,upbit/candles-days+fawazahmed0
2025-11-01,BTCTurk,TRY,42.053,42.044998,1.9,btcturk/v2-ohlc+fawazahmed0
2025-11-01,Bitkub,THB,32.33,32.334576,-1.42,bitkub/tv-history+fawazahmed0
2025-11-01,Bitso,MXN,18.576,18.577513,-0.81,bitso/v3-ohlc+fawazahmed0
2025-11-01,Indodax,IDR,16698.0,16639.5252,35.14,indodax/history_v2+fawazahmed0
2025-11-01,Upbit,KRW,1490.0,1428.255114,432.31,upbit/candles-days+fawazahmed0
2025-11-02,BTCTurk,TRY,42.014,42.036037,-5.24,btcturk/v2-ohlc+fawazahmed0
2025-11-02,Bitkub,THB,32.41,32.35894,15.78,bitkub/tv-history+fawazahmed0
2025-11-02,Bitso,MXN,18.562,18.563413,-0.76,bitso/v3-ohlc+fawazahmed0
2025-11-02,Indodax,IDR,16685.0,16634.585318,30.31,indodax/history_v2+fawazahmed0
2025-11-02,Upbit,KRW,1484.0,1427.890663,392.95,upbit/candles-days+fawazahmed0
2025-11-03,BTCTurk,TRY,42.105,42.056575,11.51,btcturk/v2-ohlc+fawazahmed0
2025-11-03,Bitkub,THB,32.64,32.453272,57.54,bitkub/tv-history+fawazahmed0
2025-11-03,Bitso,MXN,18.544,18.563876,-10.71,bitso/v3-ohlc+fawazahmed0
2025-11-03,Indodax,IDR,16776.0,16634.769386,84.9,indodax/history_v2+fawazahmed0
2025-11-03,Upbit,KRW,1489.0,1431.522275,401.51,upbit/candles-days+fawazahmed0
2025-11-04,BTCTurk,TRY,42.126,42.077123,11.62,btcturk/v2-ohlc+fawazahmed0
2025-11-04,Bitkub,THB,32.6,32.53555,19.81,bitkub/tv-history+fawazahmed0
2025-11-04,Bitso,MXN,18.714,18.507288,111.69,bitso/v3-ohlc+fawazahmed0
2025-11-04,Indodax,IDR,16816.0,16679.576028,81.79,indodax/history_v2+fawazahmed0
2025-11-04,Upbit,KRW,1506.0,1438.402509,469.95,upbit/candles-days+fawazahmed0
2025-11-05,BTCTurk,TRY,42.101,42.090021,2.61,btcturk/v2-ohlc+fawazahmed0
2025-11-05,Bitkub,THB,32.48,32.573591,-28.73,bitkub/tv-history+fawazahmed0
2025-11-05,Bitso,MXN,18.612,18.730416,-63.22,bitso/v3-ohlc+fawazahmed0
2025-11-05,Indodax,IDR,16803.0,16725.52128,46.32,indodax/history_v2+fawazahmed0
2025-11-05,Upbit,KRW,1499.0,1448.433801,349.11,upbit/candles-days+fawazahmed0
2025-11-06,BTCTurk,TRY,42.15,42.115022,8.31,btcturk/v2-ohlc+fawazahmed0
2025-11-06,Bitkub,THB,32.43,32.457228,-8.39,bitkub/tv-history+fawazahmed0
2025-11-06,Bitso,MXN,18.578,18.601497,-12.63,bitso/v3-ohlc+fawazahmed0
2025-11-06,Indodax,IDR,16765.0,16689.833877,45.04,indodax/history_v2+fawazahmed0
2025-11-06,Upbit,KRW,1494.0,1445.195519,337.7,upbit/candles-days+fawazahmed0
2025-11-07,BTCTurk,TRY,41.827,42.20738,-90.12,btcturk/v2-ohlc+fawazahmed0
2025-11-07,Bitkub,THB,32.38,32.403243,-7.17,bitkub/tv-history+fawazahmed0
2025-11-07,Bitso,MXN,18.469,18.581898,-60.76,bitso/v3-ohlc+fawazahmed0
2025-11-07,Indodax,IDR,16701.0,16705.131757,-2.47,indodax/history_v2+fawazahmed0
2025-11-07,Upbit,KRW,1489.0,1454.378306,238.05,upbit/candles-days+fawazahmed0
2025-11-08,BTCTurk,TRY,42.241,42.209881,7.37,btcturk/v2-ohlc+fawazahmed0
2025-11-08,Bitkub,THB,32.4,32.329495,21.81,bitkub/tv-history+fawazahmed0
2025-11-08,Bitso,MXN,18.466,18.443565,12.16,bitso/v3-ohlc+fawazahmed0
2025-11-08,Indodax,IDR,16722.0,16680.867667,24.66,indodax/history_v2+fawazahmed0
2025-11-08,Upbit,KRW,1492.0,1456.138276,246.28,upbit/candles-days+fawazahmed0
2025-11-09,BTCTurk,TRY,42.24,42.197537,10.06,btcturk/v2-ohlc+fawazahmed0
2025-11-09,Bitkub,THB,32.5,32.392118,33.3,bitkub/tv-history+fawazahmed0
2025-11-09,Bitso,MXN,18.447,18.45114,-2.24,bitso/v3-ohlc+fawazahmed0
2025-11-09,Indodax,IDR,16680.0,16688.36743,-5.01,indodax/history_v2+fawazahmed0
2025-11-09,Upbit,KRW,1484.0,1455.74194,194.11,upbit/candles-days+fawazahmed0
2025-11-10,BTCTurk,TRY,42.201,42.237504,-8.64,btcturk/v2-ohlc+fawazahmed0
2025-11-10,Bitkub,THB,32.33,32.424271,-29.07,bitkub/tv-history+fawazahmed0
2025-11-10,Bitso,MXN,18.407,18.433234,-14.23,bitso/v3-ohlc+fawazahmed0
2025-11-10,Indodax,IDR,16741.0,16677.687097,37.96,indodax/history_v2+fawazahmed0
2025-11-10,Upbit,KRW,1480.0,1453.311562,183.64,upbit/candles-days+fawazahmed0
2025-11-11,BTCTurk,TRY,42.294,42.238921,13.04,btcturk/v2-ohlc+fawazahmed0
2025-11-11,Bitkub,THB,32.42,32.388453,9.74,bitkub/tv-history+fawazahmed0
2025-11-11,Bitso,MXN,18.341,18.393893,-28.76,bitso/v3-ohlc+fawazahmed0
2025-11-11,Indodax,IDR,16798.0,16691.47937,63.82,indodax/history_v2+fawazahmed0
2025-11-11,Upbit,KRW,1498.0,1463.699937,234.34,upbit/candles-days+fawazahmed0
2025-11-12,BTCTurk,TRY,42.298,42.242262,13.19,btcturk/v2-ohlc+fawazahmed0
2025-11-12,Bitkub,THB,32.28,32.440496,-49.47,bitkub/tv-history+fawazahmed0
2025-11-12,Bitso,MXN,18.323,18.323446,-0.24,bitso/v3-ohlc+fawazahmed0
2025-11-12,Indodax,IDR,16796.0,16704.038663,55.05,indodax/history_v2+fawazahmed0
2025-11-12,Upbit,KRW,1508.0,1466.459896,283.27,upbit/candles-days+fawazahmed0
2025-11-13,BTCTurk,TRY,42.349,42.258081,21.52,btcturk/v2-ohlc+fawazahmed0
2025-11-13,Bitkub,THB,32.31,32.390325,-24.8,bitkub/tv-history+fawazahmed0
2025-11-13,Bitso,MXN,18.312,18.304009,4.37,bitso/v3-ohlc+fawazahmed0
2025-11-13,Indodax,IDR,16780.0,16732.04499,28.66,indodax/history_v2+fawazahmed0
2025-11-13,Upbit,KRW,1518.0,1470.133907,325.59,upbit/candles-days+fawazahmed0
2025-11-14,BTCTurk,TRY,42.562,42.294741,63.19,btcturk/v2-ohlc+fawazahmed0
2025-11-14,Bitkub,THB,32.37,32.324533,14.07,bitkub/tv-history+fawazahmed0
2025-11-14,Bitso,MXN,18.367,18.308905,31.73,bitso/v3-ohlc+fawazahmed0
2025-11-14,Indodax,IDR,16800.0,16716.458868,49.98,indodax/history_v2+fawazahmed0
2025-11-14,Upbit,KRW,1519.0,1458.114995,417.56,upbit/candles-days+fawazahmed0
2025-11-15,BTCTurk,TRY,42.472,42.18596,67.8,btcturk/v2-ohlc+fawazahmed0
2025-11-15,Bitkub,THB,32.36,32.41834,-18.0,bitkub/tv-history+fawazahmed0
2025-11-15,Bitso,MXN,18.342,18.305108,20.15,bitso/v3-ohlc+fawazahmed0
2025-11-15,Indodax,IDR,16784.0,16707.07091,46.05,indodax/history_v2+fawazahmed0
2025-11-15,Upbit,KRW,1509.0,1449.160237,412.93,upbit/candles-days+fawazahmed0
2025-11-16,BTCTurk,TRY,42.468,42.260188,49.17,btcturk/v2-ohlc+fawazahmed0
2025-11-16,Bitkub,THB,32.45,32.388591,18.96,bitkub/tv-history+fawazahmed0
2025-11-16,Bitso,MXN,18.322,18.315127,3.75,bitso/v3-ohlc+fawazahmed0
2025-11-16,Indodax,IDR,16725.0,16720.639966,2.61,indodax/history_v2+fawazahmed0
2025-11-16,Upbit,KRW,1490.0,1448.333879,287.68,upbit/candles-days+fawazahmed0
2025-11-17,BTCTurk,TRY,42.382,42.339595,10.02,btcturk/v2-ohlc+fawazahmed0
2025-11-17,Bitkub,THB,32.41,32.481815,-22.11,bitkub/tv-history+fawazahmed0
2025-11-17,Bitso,MXN,18.441,18.319341,66.41,bitso/v3-ohlc+fawazahmed0
2025-11-17,Indodax,IDR,16800.0,16701.392129,59.04,indodax/history_v2+fawazahmed0
2025-11-17,Upbit,KRW,1493.0,1458.147448,239.02,upbit/candles-days+fawazahmed0
2025-11-18,BTCTurk,TRY,42.331,42.323751,1.71,btcturk/v2-ohlc+fawazahmed0
2025-11-18,Bitkub,THB,32.25,32.476805,-69.84,bitkub/tv-history+fawazahmed0
2025-11-18,Bitso,MXN,18.353,18.444729,-49.73,bitso/v3-ohlc+fawazahmed0
2025-11-18,Indodax,IDR,16782.0,16740.218214,24.96,indodax/history_v2+fawazahmed0
2025-11-18,Upbit,KRW,1481.0,1466.076982,101.79,upbit/candles-days+fawazahmed0
2025-11-19,BTCTurk,TRY,42.349,42.337257,2.77,btcturk/v2-ohlc+fawazahmed0
2025-11-19,Bitkub,THB,32.45,32.399127,15.7,bitkub/tv-history+fawazahmed0
2025-11-19,Bitso,MXN,18.354,18.349933,2.22,bitso/v3-ohlc+fawazahmed0
2025-11-19,Indodax,IDR,16792.0,16742.23996,29.72,indodax/history_v2+fawazahmed0
2025-11-19,Upbit,KRW,1491.0,1465.612219,173.22,upbit/candles-days+fawazahmed0
2025-11-20,BTCTurk,TRY,42.418,42.352722,15.41,btcturk/v2-ohlc+fawazahmed0
2025-11-20,Bitkub,THB,32.5,32.476028,7.38,bitkub/tv-history+fawazahmed0
2025-11-20,Bitso,MXN,18.377,18.345959,16.92,bitso/v3-ohlc+fawazahmed0
2025-11-20,Indodax,IDR,16823.0,16716.770486,63.55,indodax/history_v2+fawazahmed0
2025-11-20,Upbit,KRW,1499.0,1468.913088,204.82,upbit/candles-days+fawazahmed0
2025-11-21,BTCTurk,TRY,42.576,42.45242,29.11,btcturk/v2-ohlc+fawazahmed0
2025-11-21,Bitkub,THB,32.38,32.411276,-9.65,bitkub/tv-history+fawazahmed0
2025-11-21,Bitso,MXN,18.498,18.369107,70.17,bitso/v3-ohlc+fawazahmed0
2025-11-21,Indodax,IDR,16736.0,16735.104053,0.54,indodax/history_v2+fawazahmed0
2025-11-21,Upbit,KRW,1504.0,1471.634183,219.93,upbit/candles-days+fawazahmed0
2025-11-22,BTCTurk,TRY,42.565,42.434598,30.73,btcturk/v2-ohlc+fawazahmed0
2025-11-22,Bitkub,THB,32.46,32.388377,22.11,bitkub/tv-history+fawazahmed0
2025-11-22,Bitso,MXN,18.643,18.487397,84.17,bitso/v3-ohlc+fawazahmed0
2025-11-22,Indodax,IDR,16775.0,16666.43619,65.14,indodax/history_v2+fawazahmed0
2025-11-22,Upbit,KRW,1503.0,1469.699166,226.58,upbit/candles-days+fawazahmed0
2025-11-23,BTCTurk,TRY,42.477,42.44085,8.52,btcturk/v2-ohlc+fawazahmed0
2025-11-23,Bitkub,THB,32.57,32.409991,49.37,bitkub/tv-history+fawazahmed0
2025-11-23,Bitso,MXN,18.492,18.474179,9.65,bitso/v3-ohlc+fawazahmed0
2025-11-23,Indodax,IDR,16777.0,16719.892206,34.16,indodax/history_v2+fawazahmed0
2025-11-23,Upbit,KRW,1519.0,1469.59428,336.19,upbit/candles-days+fawazahmed0
2025-11-24,BTCTurk,TRY,42.387,42.450266,-14.9,btcturk/v2-ohlc+fawazahmed0
2025-11-24,Bitkub,THB,32.37,32.499952,-39.99,bitkub/tv-history+fawazahmed0
2025-11-24,Bitso,MXN,18.526,18.484484,22.46,bitso/v3-ohlc+fawazahmed0
2025-11-24,Indodax,IDR,16718.0,16707.238675,6.44,indodax/history_v2+fawazahmed0
2025-11-24,Upbit,KRW,1501.0,1473.484705,186.74,upbit/candles-days+fawazahmed0
2025-11-25,BTCTurk,TRY,42.352,42.455542,-24.39,btcturk/v2-ohlc+fawazahmed0
2025-11-25,Bitkub,THB,32.29,32.361718,-22.16,bitkub/tv-history+fawazahmed0
2025-11-25,Bitso,MXN,18.372,18.505043,-71.9,bitso/v3-ohlc+fawazahmed0
2025-11-25,Indodax,IDR,16698.0,16661.274984,22.04,indodax/history_v2+fawazahmed0
2025-11-25,Upbit,KRW,1496.0,1473.184569,154.87,upbit/candles-days+fawazahmed0
2025-11-26,BTCTurk,TRY,42.335,42.471316,-32.1,btcturk/v2-ohlc+fawazahmed0
2025-11-26,Bitkub,THB,32.27,32.258255,3.64,bitkub/tv-history+fawazahmed0
2025-11-26,Bitso,MXN,18.357,18.365758,-4.77,bitso/v3-ohlc+fawazahmed0
2025-11-26,Indodax,IDR,16653.0,16639.474788,8.13,indodax/history_v2+fawazahmed0
2025-11-26,Upbit,KRW,1494.0,1460.872481,226.77,upbit/candles-days+fawazahmed0
2025-11-27,BTCTurk,TRY,42.4,42.439302,-9.26,btcturk/v2-ohlc+fawazahmed0
2025-11-27,Bitkub,THB,32.21,32.212066,-0.64,bitkub/tv-history+fawazahmed0
2025-11-27,Bitso,MXN,18.375,18.338172,20.08,bitso/v3-ohlc+fawazahmed0
2025-11-27,Indodax,IDR,16686.0,16625.760512,36.23,indodax/history_v2+fawazahmed0
2025-11-27,Upbit,KRW,1492.0,1466.007914,177.3,upbit/candles-days+fawazahmed0
2025-11-28,BTCTurk,TRY,42.496,42.492803,0.75,btcturk/v2-ohlc+fawazahmed0
2025-11-28,Bitkub,THB,32.19,32.211094,-6.55,bitkub/tv-history+fawazahmed0
2025-11-28,Bitso,MXN,18.331,18.36228,-17.04,bitso/v3-ohlc+fawazahmed0
2025-11-28,Indodax,IDR,16719.0,16637.171662,49.18,indodax/history_v2+fawazahmed0
2025-11-28,Upbit,KRW,1499.0,1465.08883,231.46,upbit/candles-days+fawazahmed0
2025-11-29,BTCTurk,TRY,42.501,42.474348,6.27,btcturk/v2-ohlc+fawazahmed0
2025-11-29,Bitkub,THB,32.19,32.015931,54.37,bitkub/tv-history+fawazahmed0
2025-11-29,Bitso,MXN,18.355,18.294889,32.86,bitso/v3-ohlc+fawazahmed0
2025-11-29,Indodax,IDR,16744.0,16652.901821,54.7,indodax/history_v2+fawazahmed0
2025-11-29,Upbit,KRW,1497.0,1467.634451,200.09,upbit/candles-days+fawazahmed0
2025-11-30,BTCTurk,TRY,42.491,42.454534,8.59,btcturk/v2-ohlc+fawazahmed0
2025-11-30,Bitkub,THB,32.23,32.163443,20.69,bitkub/tv-history+fawazahmed0
2025-11-30,Bitso,MXN,18.339,18.296244,23.37,bitso/v3-ohlc+fawazahmed0
2025-11-30,Indodax,IDR,16729.0,16643.697835,51.25,indodax/history_v2+fawazahmed0
2025-11-30,Upbit,KRW,1501.0,1467.321878,229.52,upbit/candles-days+fawazahmed0
2025-12-01,BTCTurk,TRY,42.449,42.504469,-13.05,btcturk/v2-ohlc+fawazahmed0
2025-12-01,Bitkub,THB,32.09,32.115568,-7.96,bitkub/tv-history+fawazahmed0
2025-12-01,Bitso,MXN,18.33,18.296206,18.47,bitso/v3-ohlc+fawazahmed0
2025-12-01,Indodax,IDR,16724.0,16662.780843,36.74,indodax/history_v2+fawazahmed0
2025-12-01,Upbit,KRW,1497.0,1468.65411,193.01,upbit/candles-days+fawazahmed0
2025-12-02,BTCTurk,TRY,42.276,42.44842,-40.62,btcturk/v2-ohlc+fawazahmed0
2025-12-02,Bitkub,THB,32.04,32.015055,7.79,bitkub/tv-history+fawazahmed0
2025-12-02,Bitso,MXN,18.293,18.308944,-8.71,bitso/v3-ohlc+fawazahmed0
2025-12-02,Indodax,IDR,16587.0,16621.104519,-20.52,indodax/history_v2+fawazahmed0
2025-12-02,Upbit,KRW,1488.0,1469.630846,124.99,upbit/candles-days+fawazahmed0
2025-12-03,BTCTurk,TRY,42.351,42.478026,-29.9,btcturk/v2-ohlc+fawazahmed0
2025-12-03,Bitkub,THB,31.86,31.952548,-28.96,bitkub/tv-history+fawazahmed0
2025-12-03,Bitso,MXN,18.299,18.276346,12.4,bitso/v3-ohlc+fawazahmed0
2025-12-03,Indodax,IDR,16658.0,16620.765901,22.4,indodax/history_v2+fawazahmed0
2025-12-03,Upbit,KRW,1487.0,1470.650825,111.17,upbit/candles-days+fawazahmed0
2025-12-04,BTCTurk,TRY,42.456,42.459331,-0.78,btcturk/v2-ohlc+fawazahmed0
2025-12-04,Bitkub,THB,31.99,31.922258,21.22,bitkub/tv-history+fawazahmed0
2025-12-04,Bitso,MXN,18.237,18.294918,-31.66,bitso/v3-ohlc+fawazahmed0
2025-12-04,Indodax,IDR,16698.0,16614.640888,50.17,indodax/history_v2+fawazahmed0
2025-12-04,Upbit,KRW,1493.0,1470.626991,152.13,upbit/candles-days+fawazahmed0
2025-12-05,BTCTurk,TRY,42.583,42.49126,21.59,btcturk/v2-ohlc+fawazahmed0
2025-12-05,Bitkub,THB,31.92,31.99861,-24.57,bitkub/tv-history+fawazahmed0
2025-12-05,Bitso,MXN,18.202,18.219192,-9.44,bitso/v3-ohlc+fawazahmed0
2025-12-05,Indodax,IDR,16725.0,16653.343649,43.03,indodax/history_v2+fawazahmed0
2025-12-05,Upbit,KRW,1497.0,1470.599371,179.52,upbit/candles-days+fawazahmed0
2025-12-06,BTCTurk,TRY,42.576,42.527784,11.34,btcturk/v2-ohlc+fawazahmed0
2025-12-06,Bitkub,THB,31.94,31.864993,23.54,bitkub/tv-history+fawazahmed0
2025-12-06,Bitso,MXN,18.208,18.174166,18.62,bitso/v3-ohlc+fawazahmed0
2025-12-06,Indodax,IDR,16739.0,16684.692535,32.55,indodax/history_v2+fawazahmed0
2025-12-06,Upbit,KRW,1498.0,1473.425911,166.78,upbit/candles-days+fawazahmed0
2025-12-07,BTCTurk,TRY,42.559,42.541778,4.05,btcturk/v2-ohlc+fawazahmed0
2025-12-07,Bitkub,THB,31.89,31.913187,-7.27,bitkub/tv-history+fawazahmed0
2025-12-07,Bitso,MXN,18.179,18.175717,1.81,bitso/v3-ohlc+fawazahmed0
2025-12-07,Indodax,IDR,16717.0,16655.550833,36.89,indodax/history_v2+fawazahmed0
2025-12-07,Upbit,KRW,1496.0,1470.705949,171.99,upbit/candles-days+fawazahmed0
2025-12-08,BTCTurk,TRY,42.517,42.573299,-13.22,btcturk/v2-ohlc+fawazahmed0
2025-12-08,Bitkub,THB,31.88,31.909313,-9.19,bitkub/tv-history+fawazahmed0
2025-12-08,Bitso,MXN,18.284,18.169078,63.25,bitso/v3-ohlc+fawazahmed0
2025-12-08,Indodax,IDR,16733.0,16679.86744,31.85,indodax/history_v2+fawazahmed0
2025-12-08,Upbit,KRW,1490.0,1469.45061,139.84,upbit/candles-days+fawazahmed0
2025-12-09,BTCTurk,TRY,42.426,42.549937,-29.13,btcturk/v2-ohlc+fawazahmed0
2025-12-09,Bitkub,THB,31.76,31.868817,-34.15,bitkub/tv-history+fawazahmed0
2025-12-09,Bitso,MXN,18.209,18.269051,-32.87,bitso/v3-ohlc+fawazahmed0
2025-12-09,Indodax,IDR,16621.0,16690.955116,-41.91,indodax/history_v2+fawazahmed0
2025-12-09,Upbit,KRW,1481.0,1469.68327,77.0,upbit/candles-days+fawazahmed0
2025-12-11,BTCTurk,TRY,42.601,42.600623,0.09,btcturk/v2-ohlc+fawazahmed0
2025-12-11,Bitkub,THB,31.7,31.758818,-18.52,bitkub/tv-history+fawazahmed0
2025-12-11,Bitso,MXN,18.041,18.21237,-94.1,bitso/v3-ohlc+fawazahmed0
2025-12-11,Indodax,IDR,16701.0,16685.03293,9.57,indodax/history_v2+fawazahmed0
2025-12-11,Upbit,KRW,1487.0,1472.895659,95.76,upbit/candles-days+fawazahmed0
2025-12-12,BTCTurk,TRY,42.731,42.660451,16.54,btcturk/v2-ohlc+fawazahmed0
2025-12-12,Bitkub,THB,31.65,31.654757,-1.5,bitkub/tv-history+fawazahmed0
2025-12-12,Bitso,MXN,18.033,18.034354,-0.75,bitso/v3-ohlc+fawazahmed0
2025-12-12,Indodax,IDR,16717.0,16666.043018,30.58,indodax/history_v2+fawazahmed0
2025-12-12,Upbit,KRW,1494.0,1472.027803,149.26,upbit/candles-days+fawazahmed0
2025-12-13,BTCTurk,TRY,42.689,42.696907,-1.85,btcturk/v2-ohlc+fawazahmed0
2025-12-13,Bitkub,THB,31.68,31.508888,54.31,bitkub/tv-history+fawazahmed0
2025-12-13,Bitso,MXN,18.03,18.003896,14.5,bitso/v3-ohlc+fawazahmed0
2025-12-13,Indodax,IDR,16701.0,16629.195629,43.18,indodax/history_v2+fawazahmed0
2025-12-13,Upbit,KRW,1492.0,1474.689574,117.38,upbit/candles-days+fawazahmed0
2025-12-14,BTCTurk,TRY,42.738,42.710061,6.54,btcturk/v2-ohlc+fawazahmed0
2025-12-14,Bitkub,THB,31.63,31.615624,4.55,bitkub/tv-history+fawazahmed0
2025-12-14,Bitso,MXN,18.019,18.014004,2.77,bitso/v3-ohlc+fawazahmed0
2025-12-14,Indodax,IDR,16731.0,16653.421609,46.58,indodax/history_v2+fawazahmed0
2025-12-14,Upbit,KRW,1494.0,1474.120868,134.85,upbit/candles-days+fawazahmed0
2025-12-15,BTCTurk,TRY,42.748,42.70953,9.01,btcturk/v2-ohlc+fawazahmed0
2025-12-15,Bitkub,THB,31.53,31.537878,-2.5,bitkub/tv-history+fawazahmed0
2025-12-15,Bitso,MXN,18.014,18.006549,4.14,bitso/v3-ohlc+fawazahmed0
2025-12-15,Indodax,IDR,16758.0,16658.211503,59.9,indodax/history_v2+fawazahmed0
2025-12-15,Upbit,KRW,1494.0,1476.703339,117.13,upbit/candles-days+fawazahmed0
2025-12-16,BTCTurk,TRY,42.718,42.70592,2.83,btcturk/v2-ohlc+fawazahmed0
2025-12-16,Bitkub,THB,31.42,31.510844,-28.83,bitkub/tv-history+fawazahmed0
2025-12-16,Bitso,MXN,17.992,17.994759,-1.53,bitso/v3-ohlc+fawazahmed0
2025-12-16,Indodax,IDR,16746.0,16671.046979,44.96,indodax/history_v2+fawazahmed0
2025-12-16,Upbit,KRW,1488.0,1470.8434,116.64,upbit/candles-days+fawazahmed0
2025-12-17,BTCTurk,TRY,42.761,42.710692,11.78,btcturk/v2-ohlc+fawazahmed0
2025-12-17,Bitkub,THB,31.47,31.410397,18.98,bitkub/tv-history+fawazahmed0
2025-12-17,Bitso,MXN,18.009,17.962046,26.14,bitso/v3-ohlc+fawazahmed0
2025-12-17,Indodax,IDR,16738.0,16652.456037,51.37,indodax/history_v2+fawazahmed0
2025-12-17,Upbit,KRW,1492.0,1476.68397,103.72,upbit/candles-days+fawazahmed0
2025-12-18,BTCTurk,TRY,42.75,42.737595,2.9,btcturk/v2-ohlc+fawazahmed0
2025-12-18,Bitkub,THB,31.4,31.484938,-26.98,bitkub/tv-history+fawazahmed0
2025-12-18,Bitso,MXN,18.003,18.011709,-4.84,bitso/v3-ohlc+fawazahmed0
2025-12-18,Indodax,IDR,16750.0,16689.584291,36.2,indodax/history_v2+fawazahmed0
2025-12-18,Upbit,KRW,1489.0,1474.904223,95.57,upbit/candles-days+fawazahmed0
2025-12-19,BTCTurk,TRY,42.713,42.757089,-10.31,btcturk/v2-ohlc+fawazahmed0
2025-12-19,Bitkub,THB,31.37,31.427373,-18.26,bitkub/tv-history+fawazahmed0
2025-12-19,Bitso,MXN,18.056,17.993128,34.94,bitso/v3-ohlc+fawazahmed0
2025-12-19,Indodax,IDR,16720.0,16712.457709,4.51,indodax/history_v2+fawazahmed0
2025-12-19,Upbit,KRW,1489.0,1477.714014,76.37,upbit/candles-days+fawazahmed0
2025-12-20,BTCTurk,TRY,42.755,42.756385,-0.32,btcturk/v2-ohlc+fawazahmed0
2025-12-20,Bitkub,THB,31.3,31.466446,-52.9,bitkub/tv-history+fawazahmed0
2025-12-20,Bitso,MXN,18.041,18.035976,2.79,bitso/v3-ohlc+fawazahmed0
2025-12-20,Indodax,IDR,16735.0,16691.982041,25.77,indodax/history_v2+fawazahmed0
2025-12-20,Upbit,KRW,1490.0,1475.575039,97.76,upbit/candles-days+fawazahmed0
2025-12-21,BTCTurk,TRY,42.751,42.775641,-5.76,btcturk/v2-ohlc+fawazahmed0
2025-12-21,Bitkub,THB,31.36,31.42257,-19.91,bitkub/tv-history+fawazahmed0
2025-12-21,Bitso,MXN,18.019,18.034775,-8.75,bitso/v3-ohlc+fawazahmed0
2025-12-21,Indodax,IDR,16730.0,16715.82167,8.48,indodax/history_v2+fawazahmed0
2025-12-21,Upbit,KRW,1488.0,1475.422765,85.24,upbit/candles-days+fawazahmed0
2025-12-22,BTCTurk,TRY,42.794,42.771332,5.3,btcturk/v2-ohlc+fawazahmed0
2025-12-22,Bitkub,THB,31.13,31.372871,-77.41,bitkub/tv-history+fawazahmed0
2025-12-22,Bitso,MXN,17.967,18.014848,-26.56,bitso/v3-ohlc+fawazahmed0
2025-12-22,Indodax,IDR,16807.0,16748.829594,34.73,indodax/history_v2+fawazahmed0
2025-12-22,Upbit,KRW,1490.0,1477.19168,86.71,upbit/candles-days+fawazahmed0
2025-12-23,BTCTurk,TRY,42.793,42.828847,-8.37,btcturk/v2-ohlc+fawazahmed0
2025-12-23,Bitkub,THB,31.1,31.11166,-3.75,bitkub/tv-history+fawazahmed0
2025-12-23,Bitso,MXN,17.891,17.973182,-45.72,bitso/v3-ohlc+fawazahmed0
2025-12-23,Indodax,IDR,16831.0,16764.033331,39.95,indodax/history_v2+fawazahmed0
2025-12-23,Upbit,KRW,1491.0,1483.403578,51.21,upbit/candles-days+fawazahmed0
2025-12-24,BTCTurk,TRY,42.794,42.858804,-15.12,btcturk/v2-ohlc+fawazahmed0
2025-12-24,Bitkub,THB,31.01,31.071638,-19.84,bitkub/tv-history+fawazahmed0
2025-12-24,Bitso,MXN,17.96,17.894517,36.59,bitso/v3-ohlc+fawazahmed0
2025-12-24,Indodax,IDR,16802.0,16761.856872,23.95,indodax/history_v2+fawazahmed0
2025-12-24,Upbit,KRW,1474.0,1463.988646,68.38,upbit/candles-days+fawazahmed0
2025-12-25,BTCTurk,TRY,42.837,42.825999,2.57,btcturk/v2-ohlc+fawazahmed0
2025-12-25,Bitkub,THB,31.04,31.104589,-20.77,bitkub/tv-history+fawazahmed0
2025-12-25,Bitso,MXN,17.932,17.927146,2.71,bitso/v3-ohlc+fawazahmed0
2025-12-25,Indodax,IDR,16813.0,16739.547089,43.88,indodax/history_v2+fawazahmed0
2025-12-25,Upbit,KRW,1472.0,1446.574727,175.76,upbit/candles-days+fawazahmed0
2025-12-26,BTCTurk,TRY,42.905,42.867826,8.67,btcturk/v2-ohlc+fawazahmed0
2025-12-26,Bitkub,THB,31.05,31.090208,-12.93,bitkub/tv-history+fawazahmed0
2025-12-26,Bitso,MXN,17.905,17.947107,-23.46,bitso/v3-ohlc+fawazahmed0
2025-12-26,Indodax,IDR,16798.0,16747.068362,30.41,indodax/history_v2+fawazahmed0
2025-12-26,Upbit,KRW,1466.0,1440.824814,174.73,upbit/candles-days+fawazahmed0
2025-12-27,BTCTurk,TRY,42.894,42.862442,7.36,btcturk/v2-ohlc+fawazahmed0
2025-12-27,Bitkub,THB,31.08,31.043298,11.82,bitkub/tv-history+fawazahmed0
2025-12-27,Bitso,MXN,17.906,17.904953,0.58,bitso/v3-ohlc+fawazahmed0
2025-12-27,Indodax,IDR,16796.0,16771.886505,14.38,indodax/history_v2+fawazahmed0
2025-12-27,Upbit,KRW,1460.0,1445.526595,100.13,upbit/candles-days+fawazahmed0
2025-12-28,BTCTurk,TRY,42.888,42.868271,4.6,btcturk/v2-ohlc+fawazahmed0
2025-12-28,Bitkub,THB,31.09,31.055046,11.26,bitkub/tv-history+fawazahmed0
2025-12-28,Bitso,MXN,17.897,17.909856,-7.18,bitso/v3-ohlc+fawazahmed0
2025-12-28,Indodax,IDR,16771.0,16781.697856,-6.37,indodax/history_v2+fawazahmed0
2025-12-28,Upbit,KRW,1456.0,1443.099671,89.39,upbit/candles-days+fawazahmed0
2025-12-29,BTCTurk,TRY,42.919,42.928689,-2.26,btcturk/v2-ohlc+fawazahmed0
2025-12-29,Bitkub,THB,31.55,31.214031,107.63,bitkub/tv-history+fawazahmed0
2025-12-29,Bitso,MXN,17.959,17.894633,35.97,bitso/v3-ohlc+fawazahmed0
2025-12-29,Indodax,IDR,16834.0,16774.683471,35.36,indodax/history_v2+fawazahmed0
2025-12-29,Upbit,KRW,1457.0,1434.016435,160.27,upbit/candles-days+fawazahmed0
2025-12-30,BTCTurk,TRY,42.927,42.957239,-7.04,btcturk/v2-ohlc+fawazahmed0
2025-12-30,Bitkub,THB,31.35,31.559683,-66.44,bitkub/tv-history+fawazahmed0
2025-12-30,Bitso,MXN,17.995,17.975856,10.65,bitso/v3-ohlc+fawazahmed0
2025-12-30,Indodax,IDR,16753.0,16769.341416,-9.74,indodax/history_v2+fawazahmed0
2025-12-30,Upbit,KRW,1453.0,1433.885281,133.31,upbit/candles-days+fawazahmed0
2025-12-31,BTCTurk,TRY,42.943,42.987249,-10.29,btcturk/v2-ohlc+fawazahmed0
2025-12-31,Bitkub,THB,31.52,31.430848,28.36,bitkub/tv-history+fawazahmed0
2025-12-31,Bitso,MXN,17.996,18.011891,-8.82,bitso/v3-ohlc+fawazahmed0
2025-12-31,Indodax,IDR,16819.0,16729.198193,53.68,indodax/history_v2+fawazahmed0
2025-12-31,Upbit,KRW,1460.0,1443.372155,115.2,upbit/candles-days+fawazahmed0
2026-01-01,BTCTurk,TRY,42.901,42.967061,-15.37,btcturk/v2-ohlc+fawazahmed0
2026-01-01,Bitkub,THB,31.54,31.499638,12.81,bitkub/tv-history+fawazahmed0
2026-01-01,Bitso,MXN,17.957,18.0118,-30.42,bitso/v3-ohlc+fawazahmed0
2026-01-01,Indodax,IDR,16761.0,16700.247821,36.38,indodax/history_v2+fawazahmed0
2026-01-01,Upbit,KRW,1451.0,1442.295705,60.35,upbit/candles-days+fawazahmed0
2026-01-02,BTCTurk,TRY,42.829,43.021014,-44.63,btcturk/v2-ohlc+fawazahmed0
2026-01-02,Bitkub,THB,31.33,31.53089,-63.71,bitkub/tv-history+fawazahmed0
2026-01-02,Bitso,MXN,17.912,17.973123,-34.01,bitso/v3-ohlc+fawazahmed0
2026-01-02,Indodax,IDR,16731.0,16697.714268,19.93,indodax/history_v2+fawazahmed0
2026-01-02,Upbit,KRW,1446.0,1441.975757,27.91,upbit/candles-days+fawazahmed0
2026-01-03,BTCTurk,TRY,42.922,43.033546,-25.92,btcturk/v2-ohlc+fawazahmed0
2026-01-03,Bitkub,THB,31.35,31.520852,-54.2,bitkub/tv-history+fawazahmed0
2026-01-03,Bitso,MXN,17.918,17.900055,10.03,bitso/v3-ohlc+fawazahmed0
2026-01-03,Indodax,IDR,16757.0,16701.803006,33.05,indodax/history_v2+fawazahmed0
2026-01-03,Upbit,KRW,1447.0,1440.739532,43.45,upbit/candles-days+fawazahmed0
2026-01-04,BTCTurk,TRY,42.943,43.038423,-22.17,btcturk/v2-ohlc+fawazahmed0
2026-01-04,Bitkub,THB,31.56,31.482382,24.65,bitkub/tv-history+fawazahmed0
2026-01-04,Bitso,MXN,18.028,17.905494,68.42,bitso/v3-ohlc+fawazahmed0
2026-01-04,Indodax,IDR,16750.0,16712.343753,22.53,indodax/history_v2+fawazahmed0
2026-01-04,Upbit,KRW,1446.0,1443.314362,18.61,upbit/candles-days+fawazahmed0
2026-01-05,BTCTurk,TRY,42.918,43.046805,-29.92,btcturk/v2-ohlc+fawazahmed0
2026-01-05,Bitkub,THB,31.32,31.464525,-45.93,bitkub/tv-history+fawazahmed0
2026-01-05,Bitso,MXN,17.9,17.981483,-45.32,bitso/v3-ohlc+fawazahmed0
2026-01-05,Indodax,IDR,16777.0,16738.716336,22.87,indodax/history_v2+fawazahmed0
2026-01-05,Upbit,KRW,1450.0,1447.857528,14.8,upbit/candles-days+fawazahmed0
2026-01-06,BTCTurk,TRY,43.031,43.04617,-3.52,btcturk/v2-ohlc+fawazahmed0
2026-01-06,Bitkub,THB,31.33,31.227987,32.67,bitkub/tv-history+fawazahmed0
2026-01-06,Bitso,MXN,17.965,17.911475,29.88,bitso/v3-ohlc+fawazahmed0
2026-01-06,Indodax,IDR,16783.0,16735.7867,28.21,indodax/history_v2+fawazahmed0
2026-01-06,Upbit,KRW,1452.0,1446.394357,38.76,upbit/candles-days+fawazahmed0
2026-01-07,BTCTurk,TRY,43.039,43.059588,-4.78,btcturk/v2-ohlc+fawazahmed0
2026-01-07,Bitkub,THB,31.31,31.254564,17.74,bitkub/tv-history+fawazahmed0
2026-01-07,Bitso,MXN,17.976,17.974058,1.08,bitso/v3-ohlc+fawazahmed0
2026-01-07,Indodax,IDR,16807.0,16768.967604,22.68,indodax/history_v2+fawazahmed0
2026-01-07,Upbit,KRW,1456.0,1448.882942,49.12,upbit/candles-days+fawazahmed0
2026-01-08,BTCTurk,TRY,43.041,43.05006,-2.1,btcturk/v2-ohlc+fawazahmed0
2026-01-08,Bitkub,THB,31.46,31.366026,29.96,bitkub/tv-history+fawazahmed0
2026-01-08,Bitso,MXN,17.977,17.987205,-5.67,bitso/v3-ohlc+fawazahmed0
2026-01-08,Indodax,IDR,16835.0,16791.548339,25.88,indodax/history_v2+fawazahmed0
2026-01-08,Upbit,KRW,1463.0,1450.022713,89.5,upbit/candles-days+fawazahmed0
2026-01-09,BTCTurk,TRY,43.117,43.155424,-8.9,btcturk/v2-ohlc+fawazahmed0
2026-01-09,Bitkub,THB,31.35,31.454853,-33.33,bitkub/tv-history+fawazahmed0
2026-01-09,Bitso,MXN,17.969,17.990947,-12.2,bitso/v3-ohlc+fawazahmed0
2026-01-09,Indodax,IDR,16845.0,16828.356211,9.89,indodax/history_v2+fawazahmed0
2026-01-09,Upbit,KRW,1473.0,1454.628352,126.3,upbit/candles-days+fawazahmed0
2026-01-10,BTCTurk,TRY,43.121,43.048484,16.85,btcturk/v2-ohlc+fawazahmed0
2026-01-10,Bitkub,THB,31.4,31.382089,5.71,bitkub/tv-history+fawazahmed0
2026-01-10,Bitso,MXN,17.972,17.974978,-1.66,bitso/v3-ohlc+fawazahmed0
2026-01-10,Indodax,IDR,16826.0,16838.287168,-7.3,indodax/history_v2+fawazahmed0
2026-01-10,Upbit,KRW,1474.0,1456.878699,117.52,upbit/candles-days+fawazahmed0
2026-01-11,BTCTurk,TRY,43.12,43.084391,8.26,btcturk/v2-ohlc+fawazahmed0
2026-01-11,Bitkub,THB,31.42,31.42039,-0.12,bitkub/tv-history+fawazahmed0
2026-01-11,Bitso,MXN,17.937,17.977548,-22.56,bitso/v3-ohlc+fawazahmed0
2026-01-11,Indodax,IDR,16854.0,16822.256739,18.87,indodax/history_v2+fawazahmed0
2026-01-11,Upbit,KRW,1471.0,1457.982126,89.29,upbit/candles-days+fawazahmed0
2026-01-12,BTCTurk,TRY,43.105,43.142862,-8.78,btcturk/v2-ohlc+fawazahmed0
2026-01-12,Bitkub,THB,31.17,31.298801,-41.15,bitkub/tv-history+fawazahmed0
2026-01-12,Bitso,MXN,17.894,17.942784,-27.19,bitso/v3-ohlc+fawazahmed0
2026-01-12,Indodax,IDR,16909.0,16849.771979,35.15,indodax/history_v2+fawazahmed0
2026-01-12,Upbit,KRW,1475.0,1462.582755,84.9,upbit/candles-days+fawazahmed0
2026-01-13,BTCTurk,TRY,42.866,43.153304,-66.58,btcturk/v2-ohlc+fawazahmed0
2026-01-13,Bitkub,THB,31.38,31.356012,7.65,bitkub/tv-history+fawazahmed0
2026-01-13,Bitso,MXN,17.825,17.927259,-57.04,bitso/v3-ohlc+fawazahmed0
2026-01-13,Indodax,IDR,16837.0,16874.93644,-22.48,indodax/history_v2+fawazahmed0
2026-01-13,Upbit,KRW,1467.0,1472.62144,-38.17,upbit/candles-days+fawazahmed0
2026-01-14,BTCTurk,TRY,43.098,43.158944,-14.12,btcturk/v2-ohlc+fawazahmed0
2026-01-14,Bitkub,THB,31.44,31.525505,-27.12,bitkub/tv-history+fawazahmed0
2026-01-14,Bitso,MXN,17.813,17.822568,-5.37,bitso/v3-ohlc+fawazahmed0
2026-01-14,Indodax,IDR,16863.0,16867.795712,-2.84,indodax/history_v2+fawazahmed0
2026-01-14,Upbit,KRW,1465.0,1477.999105,-87.95,upbit/candles-days+fawazahmed0
2026-01-15,BTCTurk,TRY,43.189,43.182183,1.58,btcturk/v2-ohlc+fawazahmed0
2026-01-15,Bitkub,THB,31.44,31.489776,-15.81,bitkub/tv-history+fawazahmed0
2026-01-15,Bitso,MXN,17.657,17.796859,-78.59,bitso/v3-ohlc+fawazahmed0
2026-01-15,Indodax,IDR,16905.0,16859.112659,27.22,indodax/history_v2+fawazahmed0
2026-01-15,Upbit,KRW,1473.0,1469.540153,23.54,upbit/candles-days+fawazahmed0
2026-01-16,BTCTurk,TRY,43.292,43.277587,3.33,btcturk/v2-ohlc+fawazahmed0
2026-01-16,Bitkub,THB,31.43,31.413701,5.19,bitkub/tv-history+fawazahmed0
2026-01-16,Bitso,MXN,17.639,17.655202,-9.18,bitso/v3-ohlc+fawazahmed0
2026-01-16,Indodax,IDR,16937.0,16919.962894,10.07,indodax/history_v2+fawazahmed0
2026-01-16,Upbit,KRW,1477.0,1474.864264,14.48,upbit/candles-days+fawazahmed0
2026-01-17,BTCTurk,TRY,43.323,43.277748,10.46,btcturk/v2-ohlc+fawazahmed0
2026-01-17,Bitkub,THB,31.38,31.437875,-18.41,bitkub/tv-history+fawazahmed0
2026-01-17,Bitso,MXN,17.648,17.622978,14.2,bitso/v3-ohlc+fawazahmed0
2026-01-17,Indodax,IDR,16960.0,16899.223474,35.96,indodax/history_v2+fawazahmed0
2026-01-17,Upbit,KRW,1476.0,1473.072852,19.87,upbit/candles-days+fawazahmed0
2026-01-18,BTCTurk,TRY,43.36,43.225126,31.2,btcturk/v2-ohlc+fawazahmed0
2026-01-18,Bitkub,THB,31.39,31.419935,-9.53,bitkub/tv-history+fawazahmed0
2026-01-18,Bitso,MXN,17.629,17.625599,1.93,bitso/v3-ohlc+fawazahmed0
2026-01-18,Indodax,IDR,16926.0,16885.126209,24.21,indodax/history_v2+fawazahmed0
2026-01-18,Upbit,KRW,1483.0,1472.835633,69.01,upbit/candles-days+fawazahmed0
2026-01-19,BTCTurk,TRY,43.342,43.2713,16.34,btcturk/v2-ohlc+fawazahmed0
2026-01-19,Bitkub,THB,31.32,31.313936,1.94,bitkub/tv-history+fawazahmed0
2026-01-19,Bitso,MXN,17.584,17.628027,-24.98,bitso/v3-ohlc+fawazahmed0
2026-01-19,Indodax,IDR,17050.0,16916.19967,79.1,indodax/history_v2+fawazahmed0
2026-01-19,Upbit,KRW,1481.0,1474.999261,40.68,upbit/candles-days+fawazahmed0
2026-01-20,BTCTurk,TRY,43.306,43.283205,5.27,btcturk/v2-ohlc+fawazahmed0
2026-01-20,Bitkub,THB,31.11,31.248871,-44.44,bitkub/tv-history+fawazahmed0
2026-01-20,Bitso,MXN,17.587,17.594755,-4.41,bitso/v3-ohlc+fawazahmed0
2026-01-20,Indodax,IDR,17042.0,16989.963939,30.63,indodax/history_v2+fawazahmed0
2026-01-20,Upbit,KRW,1491.0,1478.208254,86.54,upbit/candles-days+fawazahmed0
2026-01-21,BTCTurk,TRY,43.28,43.300924,-4.83,btcturk/v2-ohlc+fawazahmed0
2026-01-21,Bitkub,THB,31.19,30.966721,72.1,bitkub/tv-history+fawazahmed0
2026-01-21,Bitso,MXN,17.473,17.581074,-61.47,bitso/v3-ohlc+fawazahmed0
2026-01-21,Indodax,IDR,16947.0,16955.117393,-4.79,indodax/history_v2+fawazahmed0
2026-01-21,Upbit,KRW,1481.0,1471.940555,61.55,upbit/candles-days+fawazahmed0
2026-01-22,BTCTurk,TRY,43.299,43.317757,-4.33,btcturk/v2-ohlc+fawazahmed0
2026-01-22,Bitkub,THB,31.18,31.301138,-38.7,bitkub/tv-history+fawazahmed0
2026-01-22,Bitso,MXN,17.432,17.486679,-31.27,bitso/v3-ohlc+fawazahmed0
2026-01-22,Indodax,IDR,16913.0,16898.524671,8.57,indodax/history_v2+fawazahmed0
2026-01-22,Upbit,KRW,1484.0,1467.95849,109.28,upbit/candles-days+fawazahmed0
2026-01-23,BTCTurk,TRY,43.37,43.351597,4.25,btcturk/v2-ohlc+fawazahmed0
2026-01-23,Bitkub,THB,31.08,31.238404,-50.71,bitkub/tv-history+fawazahmed0
2026-01-23,Bitso,MXN,17.371,17.45383,-47.46,bitso/v3-ohlc+fawazahmed0
2026-01-23,Indodax,IDR,16843.0,16847.67007,-2.77,indodax/history_v2+fawazahmed0
2026-01-23,Upbit,KRW,1472.0,1468.903275,21.08,upbit/candles-days+fawazahmed0
2026-01-24,BTCTurk,TRY,43.359,43.372189,-3.04,btcturk/v2-ohlc+fawazahmed0
2026-01-24,Bitkub,THB,31.06,31.095269,-11.34,bitkub/tv-history+fawazahmed0
2026-01-24,Bitso,MXN,17.38,17.359982,11.53,bitso/v3-ohlc+fawazahmed0
2026-01-24,Indodax,IDR,16829.0,16787.025478,25.0,indodax/history_v2+fawazahmed0
2026-01-24,Upbit,KRW,1476.0,1447.3526,197.93,upbit/candles-days+fawazahmed0
2026-01-25,BTCTurk,TRY,43.404,43.342109,14.28,btcturk/v2-ohlc+fawazahmed0
2026-01-25,Bitkub,THB,31.11,31.07839,10.17,bitkub/tv-history+fawazahmed0
2026-01-25,Bitso,MXN,17.362,17.363528,-0.88,bitso/v3-ohlc+fawazahmed0
2026-01-25,Indodax,IDR,16895.0,16855.504676,23.43,indodax/history_v2+fawazahmed0
2026-01-25,Upbit,KRW,1482.0,1453.428632,196.58,upbit/candles-days+fawazahmed0
2026-01-26,BTCTurk,TRY,43.299,43.397195,-22.63,btcturk/v2-ohlc+fawazahmed0
2026-01-26,Bitkub,THB,31.04,31.056918,-5.45,bitkub/tv-history+fawazahmed0
2026-01-26,Bitso,MXN,17.323,17.364216,-23.74,bitso/v3-ohlc+fawazahmed0
2026-01-26,Indodax,IDR,16802.0,16767.677789,20.47,indodax/history_v2+fawazahmed0
2026-01-26,Upbit,KRW,1467.0,1441.476418,177.07,upbit/candles-days+fawazahmed0
2026-01-27,BTCTurk,TRY,43.289,43.390775,-23.46,btcturk/v2-ohlc+fawazahmed0
2026-01-27,Bitkub,THB,31.0,31.232671,-74.5,bitkub/tv-history+fawazahmed0
2026-01-27,Bitso,MXN,17.17,17.335885,-95.69,bitso/v3-ohlc+fawazahmed0
2026-01-27,Indodax,IDR,16695.0,16799.457275,-62.18,indodax/history_v2+fawazahmed0
2026-01-27,Upbit,KRW,1453.0,1448.753597,29.31,upbit/candles-days+fawazahmed0
2026-01-28,BTCTurk,TRY,43.355,43.414678,-13.75,btcturk/v2-ohlc+fawazahmed0
2026-01-28,Bitkub,THB,31.05,30.958317,29.62,bitkub/tv-history+fawazahmed0
2026-01-28,Bitso,MXN,17.113,17.199264,-50.16,bitso/v3-ohlc+fawazahmed0
2026-01-28,Indodax,IDR,16767.0,16738.949502,16.76,indodax/history_v2+fawazahmed0
2026-01-28,Upbit,KRW,1447.0,1432.906642,98.36,upbit/candles-days+fawazahmed0
2026-01-29,BTCTurk,TRY,43.434,43.433672,0.08,btcturk/v2-ohlc+fawazahmed0
2026-01-29,Bitkub,THB,31.33,31.158733,54.97,bitkub/tv-history+fawazahmed0
2026-01-29,Bitso,MXN,17.253,17.171681,47.36,bitso/v3-ohlc+fawazahmed0
2026-01-29,Indodax,IDR,16874.0,16800.916471,43.5,indodax/history_v2+fawazahmed0
2026-01-29,Upbit,KRW,1466.0,1428.144181,265.07,upbit/candles-days+fawazahmed0
2026-01-30,BTCTurk,TRY,43.537,43.461376,17.4,btcturk/v2-ohlc+fawazahmed0
2026-01-30,Bitkub,THB,31.27,31.426398,-49.77,bitkub/tv-history+fawazahmed0
2026-01-30,Bitso,MXN,17.464,17.296262,96.98,bitso/v3-ohlc+fawazahmed0
2026-01-30,Indodax,IDR,16830.0,16797.631405,19.27,indodax/history_v2+fawazahmed0
2026-01-30,Upbit,KRW,1486.0,1440.084,318.84,upbit/candles-days+fawazahmed0
2026-01-31,BTCTurk,TRY,43.748,43.436088,71.81,btcturk/v2-ohlc+fawazahmed0
2026-01-31,Bitkub,THB,31.41,31.540457,-41.36,bitkub/tv-history+fawazahmed0
2026-01-31,Bitso,MXN,17.491,17.46713,13.67,bitso/v3-ohlc+fawazahmed0
2026-01-31,Indodax,IDR,16861.0,16779.708487,48.45,indodax/history_v2+fawazahmed0
2026-01-31,Upbit,KRW,1493.0,1450.550754,292.64,upbit/candles-days+fawazahmed0
2026-02-01,BTCTurk,TRY,43.737,43.485693,57.79,btcturk/v2-ohlc+fawazahmed0
2026-02-01,Bitkub,THB,31.47,31.487659,-5.61,bitkub/tv-history+fawazahmed0
2026-02-01,Bitso,MXN,17.539,17.465528,42.07,bitso/v3-ohlc+fawazahmed0
2026-02-01,Indodax,IDR,16874.0,16786.442689,52.16,indodax/history_v2+fawazahmed0
2026-02-01,Upbit,KRW,1475.0,1450.842414,166.51,upbit/candles-days+fawazahmed0
2026-02-02,BTCTurk,TRY,43.51,43.507516,0.57,btcturk/v2-ohlc+fawazahmed0
2026-02-02,Bitkub,THB,31.52,31.567952,-15.19,bitkub/tv-history+fawazahmed0
2026-02-02,Bitso,MXN,17.357,17.456501,-57.0,bitso/v3-ohlc+fawazahmed0
2026-02-02,Indodax,IDR,16839.0,16782.721164,33.53,indodax/history_v2+fawazahmed0
2026-02-02,Upbit,KRW,1483.0,1457.084128,177.86,upbit/candles-days+fawazahmed0
2026-02-03,BTCTurk,TRY,43.49,43.487941,0.47,btcturk/v2-ohlc+fawazahmed0
2026-02-03,Bitkub,THB,31.57,31.519077,16.16,bitkub/tv-history+fawazahmed0
2026-02-03,Bitso,MXN,17.211,17.395538,-106.08,bitso/v3-ohlc+fawazahmed0
2026-02-03,Indodax,IDR,16810.0,16774.896862,20.93,indodax/history_v2+fawazahmed0
2026-02-03,Upbit,KRW,1478.0,1451.287637,184.06,upbit/candles-days+fawazahmed0
2026-02-04,BTCTurk,TRY,43.476,43.506,-6.9,btcturk/v2-ohlc+fawazahmed0
2026-02-04,Bitkub,THB,31.62,31.581882,12.07,bitkub/tv-history+fawazahmed0
2026-02-04,Bitso,MXN,17.34,17.228952,64.45,bitso/v3-ohlc+fawazahmed0
2026-02-04,Indodax,IDR,16836.0,16765.710135,41.92,indodax/history_v2+fawazahmed0
2026-02-04,Upbit,KRW,1476.0,1450.312821,177.11,upbit/candles-days+fawazahmed0
2026-02-05,BTCTurk,TRY,43.598,43.538379,13.69,btcturk/v2-ohlc+fawazahmed0
2026-02-05,Bitkub,THB,31.63,31.766152,-42.86,bitkub/tv-history+fawazahmed0
2026-02-05,Bitso,MXN,17.433,17.324771,62.47,bitso/v3-ohlc+fawazahmed0
2026-02-05,Indodax,IDR,16909.0,16807.521876,60.38,indodax/history_v2+fawazahmed0
2026-02-05,Upbit,KRW,1478.0,1461.498678,112.91,upbit/candles-days+fawazahmed0
2026-02-06,BTCTurk,TRY,43.648,43.617122,7.08,btcturk/v2-ohlc+fawazahmed0
2026-02-06,Bitkub,THB,31.6,31.674581,-23.55,bitkub/tv-history+fawazahmed0
2026-02-06,Bitso,MXN,17.27,17.462564,-110.27,bitso/v3-ohlc+fawazahmed0
2026-02-06,Indodax,IDR,16922.0,16881.715535,23.86,indodax/history_v2+fawazahmed0
2026-02-06,Upbit,KRW,1488.0,1467.614781,138.9,upbit/candles-days+fawazahmed0
2026-02-07,BTCTurk,TRY,43.623,43.612447,2.42,btcturk/v2-ohlc+fawazahmed0
2026-02-07,Bitkub,THB,31.61,31.515033,30.13,bitkub/tv-history+fawazahmed0
2026-02-07,Bitso,MXN,17.296,17.263514,18.82,bitso/v3-ohlc+fawazahmed0
2026-02-07,Indodax,IDR,16902.0,16850.428098,30.61,indodax/history_v2+fawazahmed0
2026-02-07,Upbit,KRW,1481.0,1463.803408,117.48,upbit/candles-days+fawazahmed0
2026-02-08,BTCTurk,TRY,43.659,43.587439,16.42,btcturk/v2-ohlc+fawazahmed0
2026-02-08,Bitkub,THB,31.61,31.663617,-16.93,bitkub/tv-history+fawazahmed0
2026-02-08,Bitso,MXN,17.257,17.263755,-3.91,bitso/v3-ohlc+fawazahmed0
2026-02-08,Indodax,IDR,16910.0,16840.880708,41.04,indodax/history_v2+fawazahmed0
2026-02-08,Upbit,KRW,1487.0,1467.884688,130.22,upbit/candles-days+fawazahmed0
2026-02-09,BTCTurk,TRY,43.538,43.561993,-5.51,btcturk/v2-ohlc+fawazahmed0
2026-02-09,Bitkub,THB,31.05,31.320349,-86.32,bitkub/tv-history+fawazahmed0
2026-02-09,Bitso,MXN,17.202,17.268916,-38.75,bitso/v3-ohlc+fawazahmed0
2026-02-09,Indodax,IDR,16817.0,16861.114033,-26.16,indodax/history_v2+fawazahmed0
2026-02-09,Upbit,KRW,1476.0,1464.804014,76.43,upbit/candles-days+fawazahmed0
2026-02-10,BTCTurk,TRY,43.638,43.602483,8.15,btcturk/v2-ohlc+fawazahmed0
2026-02-10,Bitkub,THB,31.22,31.085411,43.3,bitkub/tv-history+fawazahmed0
2026-02-10,Bitso,MXN,17.184,17.18918,-3.01,bitso/v3-ohlc+fawazahmed0
2026-02-10,Indodax,IDR,16798.0,16779.943685,10.76,indodax/history_v2+fawazahmed0
2026-02-10,Upbit,KRW,1483.0,1454.872715,193.33,upbit/candles-days+fawazahmed0
2026-02-11,BTCTurk,TRY,43.644,43.641164,0.65,btcturk/v2-ohlc+fawazahmed0
2026-02-11,Bitkub,THB,31.09,31.126556,-11.74,bitkub/tv-history+fawazahmed0
2026-02-11,Bitso,MXN,17.194,17.16175,18.79,bitso/v3-ohlc+fawazahmed0
2026-02-11,Indodax,IDR,16829.0,16777.69434,30.58,indodax/history_v2+fawazahmed0
2026-02-11,Upbit,KRW,1478.0,1455.863969,152.05,upbit/candles-days+fawazahmed0
2026-02-12,BTCTurk,TRY,43.645,43.636985,1.84,btcturk/v2-ohlc+fawazahmed0
2026-02-12,Bitkub,THB,31.08,31.030081,16.09,bitkub/tv-history+fawazahmed0
2026-02-12,Bitso,MXN,17.214,17.1926,12.45,bitso/v3-ohlc+fawazahmed0
2026-02-12,Indodax,IDR,16847.0,16821.001773,15.46,indodax/history_v2+fawazahmed0
2026-02-12,Upbit,KRW,1468.0,1443.145157,172.23,upbit/candles-days+fawazahmed0
2026-02-13,BTCTurk,TRY,43.559,43.741408,-41.7,btcturk/v2-ohlc+fawazahmed0
2026-02-13,Bitkub,THB,31.08,31.093384,-4.3,bitkub/tv-history+fawazahmed0
2026-02-13,Bitso,MXN,17.184,17.20867,-14.34,bitso/v3-ohlc+fawazahmed0
2026-02-13,Indodax,IDR,16840.0,16841.035254,-0.61,indodax/history_v2+fawazahmed0
2026-02-13,Upbit,KRW,1464.0,1443.82159,139.76,upbit/candles-days+fawazahmed0
2026-02-14,BTCTurk,TRY,43.511,43.684201,-39.65,btcturk/v2-ohlc+fawazahmed0
2026-02-14,Bitkub,THB,31.1,31.069964,9.67,bitkub/tv-history+fawazahmed0
2026-02-14,Bitso,MXN,17.191,17.164933,15.19,bitso/v3-ohlc+fawazahmed0
2026-02-14,Indodax,IDR,16839.0,16827.994343,6.54,indodax/history_v2+fawazahmed0
2026-02-14,Upbit,KRW,1473.0,1440.804697,223.45,upbit/candles-days+fawazahmed0
2026-02-15,BTCTurk,TRY,43.692,43.617041,17.19,btcturk/v2-ohlc+fawazahmed0
2026-02-15,Bitkub,THB,31.14,31.064735,24.23,bitkub/tv-history+fawazahmed0
2026-02-15,Bitso,MXN,17.159,17.165158,-3.59,bitso/v3-ohlc+fawazahmed0
2026-02-15,Indodax,IDR,16850.0,16829.244489,12.33,indodax/history_v2+fawazahmed0
2026-02-15,Upbit,KRW,1484.0,1440.928138,298.92,upbit/candles-days+fawazahmed0
2026-02-16,BTCTurk,TRY,43.687,43.716475,-6.74,btcturk/v2-ohlc+fawazahmed0
2026-02-16,Bitkub,THB,31.08,31.027215,17.01,bitkub/tv-history+fawazahmed0
2026-02-16,Bitso,MXN,17.182,17.16905,7.54,bitso/v3-ohlc+fawazahmed0
2026-02-16,Indodax,IDR,16836.0,16828.437023,4.49,indodax/history_v2+fawazahmed0
2026-02-16,Upbit,KRW,1481.0,1442.428263,267.41,upbit/candles-days+fawazahmed0
2026-02-17,BTCTurk,TRY,43.722,43.721993,0.0,btcturk/v2-ohlc+fawazahmed0
2026-02-17,Bitkub,THB,31.29,31.213292,24.58,bitkub/tv-history+fawazahmed0
2026-02-17,Bitso,MXN,17.125,17.168574,-25.38,bitso/v3-ohlc+fawazahmed0
2026-02-17,Indodax,IDR,16839.0,16836.620275,1.41,indodax/history_v2+fawazahmed0
2026-02-17,Upbit,KRW,1480.0,1444.018931,249.17,upbit/candles-days+fawazahmed0
2026-02-18,BTCTurk,TRY,43.782,43.754006,6.4,btcturk/v2-ohlc+fawazahmed0
2026-02-18,Bitkub,THB,31.16,31.265403,-33.71,bitkub/tv-history+fawazahmed0
2026-02-18,Bitso,MXN,17.211,17.148584,36.4,bitso/v3-ohlc+fawazahmed0
2026-02-18,Indodax,IDR,16959.0,16873.389973,50.74,indodax/history_v2+fawazahmed0
2026-02-18,Upbit,KRW,1484.0,1444.703233,272.01,upbit/candles-days+fawazahmed0
2026-02-19,BTCTurk,TRY,43.772,43.777353,-1.22,btcturk/v2-ohlc+fawazahmed0
2026-02-19,Bitkub,THB,31.17,31.246471,-24.47,bitkub/tv-history+fawazahmed0
2026-02-19,Bitso,MXN,17.25,17.203856,26.82,bitso/v3-ohlc+fawazahmed0
2026-02-19,Indodax,IDR,16976.0,16931.851009,26.07,indodax/history_v2+fawazahmed0
2026-02-19,Upbit,KRW,1475.0,1450.749959,167.16,upbit/candles-days+fawazahmed0
2026-02-20,BTCTurk,TRY,43.78,43.846049,-15.06,btcturk/v2-ohlc+fawazahmed0
2026-02-20,Bitkub,THB,31.12,31.210152,-28.89,bitkub/tv-history+fawazahmed0
2026-02-20,Bitso,MXN,17.161,17.283685,-70.98,bitso/v3-ohlc+fawazahmed0
2026-02-20,Indodax,IDR,16922.0,16897.630436,14.42,indodax/history_v2+fawazahmed0
2026-02-20,Upbit,KRW,1472.0,1449.443636,155.62,upbit/candles-days+fawazahmed0
2026-02-21,BTCTurk,TRY,43.766,43.829434,-14.47,btcturk/v2-ohlc+fawazahmed0
2026-02-21,Bitkub,THB,31.13,31.06997,19.32,bitkub/tv-history+fawazahmed0
2026-02-21,Bitso,MXN,17.128,17.132471,-2.61,bitso/v3-ohlc+fawazahmed0
2026-02-21,Indodax,IDR,16902.0,16857.923399,26.15,indodax/history_v2+fawazahmed0
2026-02-21,Upbit,KRW,1471.0,1445.556466,176.01,upbit/candles-days+fawazahmed0
2026-02-22,BTCTurk,TRY,43.83,43.837724,-1.76,btcturk/v2-ohlc+fawazahmed0
2026-02-22,Bitkub,THB,31.2,31.118858,26.07,bitkub/tv-history+fawazahmed0
2026-02-22,Bitso,MXN,17.154,17.13466,11.29,bitso/v3-ohlc+fawazahmed0
2026-02-22,Indodax,IDR,16930.0,16898.61955,18.57,indodax/history_v2+fawazahmed0
2026-02-22,Upbit,KRW,1472.0,1446.834955,173.93,upbit/candles-days+fawazahmed0
2026-02-23,BTCTurk,TRY,43.859,43.832668,6.01,btcturk/v2-ohlc+fawazahmed0
2026-02-23,Bitkub,THB,31.08,31.013208,21.54,bitkub/tv-history+fawazahmed0
2026-02-23,Bitso,MXN,17.291,17.153284,80.29,bitso/v3-ohlc+fawazahmed0
2026-02-23,Indodax,IDR,16900.0,16840.394352,35.39,indodax/history_v2+fawazahmed0
2026-02-23,Upbit,KRW,1474.0,1443.955771,208.07,upbit/candles-days+fawazahmed0
2026-02-24,BTCTurk,TRY,43.864,43.854254,2.22,btcturk/v2-ohlc+fawazahmed0
2026-02-24,Bitkub,THB,31.12,31.056354,20.49,bitkub/tv-history+fawazahmed0
2026-02-24,Bitso,MXN,17.158,17.252123,-54.56,bitso/v3-ohlc+fawazahmed0
2026-02-24,Indodax,IDR,16866.0,16823.145894,25.47,indodax/history_v2+fawazahmed0
2026-02-24,Upbit,KRW,1465.0,1446.502184,127.88,upbit/candles-days+fawazahmed0
2026-02-25,BTCTurk,TRY,43.576,43.855686,-63.77,btcturk/v2-ohlc+fawazahmed0
2026-02-25,Bitkub,THB,31.05,31.04791,0.67,bitkub/tv-history+fawazahmed0
2026-02-25,Bitso,MXN,17.154,17.174405,-11.88,bitso/v3-ohlc+fawazahmed0
2026-02-25,Indodax,IDR,16766.0,16831.527527,-38.93,indodax/history_v2+fawazahmed0
2026-02-25,Upbit,KRW,1441.0,1435.65035,37.26,upbit/candles-days+fawazahmed0
2026-02-26,BTCTurk,TRY,43.881,43.882352,-0.31,btcturk/v2-ohlc+fawazahmed0
2026-02-26,Bitkub,THB,31.08,31.127383,-15.22,bitkub/tv-history+fawazahmed0
2026-02-26,Bitso,MXN,17.179,17.173011,3.49,bitso/v3-ohlc+fawazahmed0
2026-02-26,Indodax,IDR,16773.0,16762.626425,6.19,indodax/history_v2+fawazahmed0
2026-02-26,Upbit,KRW,1445.0,1422.850164,155.67,upbit/candles-days+fawazahmed0
2026-02-27,BTCTurk,TRY,43.979,43.962919,3.66,btcturk/v2-ohlc+fawazahmed0
2026-02-27,Bitkub,THB,31.13,31.094271,11.49,bitkub/tv-history+fawazahmed0
2026-02-27,Bitso,MXN,17.254,17.195308,34.13,bitso/v3-ohlc+fawazahmed0
2026-02-27,Indodax,IDR,16826.0,16779.778322,27.55,indodax/history_v2+fawazahmed0
2026-02-27,Upbit,KRW,1460.0,1436.944366,160.45,upbit/candles-days+fawazahmed0
2026-02-28,BTCTurk,TRY,43.943,43.924443,4.22,btcturk/v2-ohlc+fawazahmed0
2026-02-28,Bitkub,THB,31.26,31.0808,57.66,bitkub/tv-history+fawazahmed0
2026-02-28,Bitso,MXN,17.237,17.219884,9.94,bitso/v3-ohlc+fawazahmed0
2026-02-28,Indodax,IDR,16765.0,16798.035858,-19.67,indodax/history_v2+fawazahmed0
2026-02-28,Upbit,KRW,1458.0,1439.663887,127.36,upbit/candles-days+fawazahmed0
2026-03-01,BTCTurk,TRY,44.032,43.922874,24.84,btcturk/v2-ohlc+fawazahmed0
2026-03-01,Bitkub,THB,31.13,31.088149,13.46,bitkub/tv-history+fawazahmed0
2026-03-01,Bitso,MXN,17.292,17.233684,33.84,bitso/v3-ohlc+fawazahmed0
2026-03-01,Indodax,IDR,16789.0,16771.791494,10.26,indodax/history_v2+fawazahmed0
2026-03-01,Upbit,KRW,1459.0,1437.516922,149.45,upbit/candles-days+fawazahmed0
2026-03-02,BTCTurk,TRY,43.868,43.969645,-23.12,btcturk/v2-ohlc+fawazahmed0
2026-03-02,Bitkub,THB,31.29,31.239329,16.22,bitkub/tv-history+fawazahmed0
2026-03-02,Bitso,MXN,17.344,17.245981,56.84,bitso/v3-ohlc+fawazahmed0
2026-03-02,Indodax,IDR,16836.0,16831.691872,2.56,indodax/history_v2+fawazahmed0
2026-03-02,Upbit,KRW,1462.0,1451.098361,75.13,upbit/candles-days+fawazahmed0
2026-03-03,BTCTurk,TRY,43.958,43.972008,-3.19,btcturk/v2-ohlc+fawazahmed0
2026-03-03,Bitkub,THB,31.39,31.441188,-16.28,bitkub/tv-history+fawazahmed0
2026-03-03,Bitso,MXN,17.753,17.302896,260.13,bitso/v3-ohlc+fawazahmed0
2026-03-03,Indodax,IDR,16924.0,16858.390927,38.92,indodax/history_v2+fawazahmed0
2026-03-03,Upbit,KRW,1469.0,1465.784056,21.94,upbit/candles-days+fawazahmed0
2026-03-04,BTCTurk,TRY,43.791,43.987647,-44.7,btcturk/v2-ohlc+fawazahmed0
2026-03-04,Bitkub,THB,31.46,31.724368,-83.33,bitkub/tv-history+fawazahmed0
2026-03-04,Bitso,MXN,17.668,17.701277,-18.8,bitso/v3-ohlc+fawazahmed0
2026-03-04,Indodax,IDR,16853.0,16910.331357,-33.9,indodax/history_v2+fawazahmed0
2026-03-04,Upbit,KRW,1448.0,1479.908817,-215.61,upbit/candles-days+fawazahmed0
2026-03-05,BTCTurk,TRY,43.989,43.999275,-2.34,btcturk/v2-ohlc+fawazahmed0
2026-03-05,Bitkub,THB,31.67,31.551255,37.64,bitkub/tv-history+fawazahmed0
2026-03-05,Bitso,MXN,17.689,17.62836,34.4,bitso/v3-ohlc+fawazahmed0
2026-03-05,Indodax,IDR,16941.0,16884.829872,33.27,indodax/history_v2+fawazahmed0
2026-03-05,Upbit,KRW,1466.0,1464.277748,11.76,upbit/candles-days+fawazahmed0
2026-03-06,BTCTurk,TRY,44.142,44.075299,15.13,btcturk/v2-ohlc+fawazahmed0
2026-03-06,Bitkub,THB,31.82,31.743308,24.16,bitkub/tv-history+fawazahmed0
2026-03-06,Bitso,MXN,17.83,17.673957,88.29,bitso/v3-ohlc+fawazahmed0
2026-03-06,Indodax,IDR,16970.0,16910.133858,35.4,indodax/history_v2+fawazahmed0
2026-03-06,Upbit,KRW,1479.0,1474.044482,33.62,upbit/candles-days+fawazahmed0
2026-03-07,BTCTurk,TRY,44.152,44.059762,20.93,btcturk/v2-ohlc+fawazahmed0
2026-03-07,Bitkub,THB,31.89,31.850938,12.26,bitkub/tv-history+fawazahmed0
2026-03-07,Bitso,MXN,17.823,17.792481,17.15,bitso/v3-ohlc+fawazahmed0
2026-03-07,Indodax,IDR,16975.0,16942.422003,19.23,indodax/history_v2+fawazahmed0
2026-03-07,Upbit,KRW,1476.0,1485.00476,-60.64,upbit/candles-days+fawazahmed0
2026-03-08,BTCTurk,TRY,44.168,44.062025,24.05,btcturk/v2-ohlc+fawazahmed0
2026-03-08,Bitkub,THB,31.92,31.777787,44.75,bitkub/tv-history+fawazahmed0
2026-03-08,Bitso,MXN,17.952,17.836956,64.5,bitso/v3-ohlc+fawazahmed0
2026-03-08,Indodax,IDR,16959.0,16909.06015,29.53,indodax/history_v2+fawazahmed0
2026-03-08,Upbit,KRW,1483.0,1482.286402,4.81,upbit/candles-days+fawazahmed0
2026-03-09,BTCTurk,TRY,44.025,44.105302,-18.21,btcturk/v2-ohlc+fawazahmed0
2026-03-09,Bitkub,THB,31.9,32.098053,-61.7,bitkub/tv-history+fawazahmed0
2026-03-09,Bitso,MXN,17.682,17.983949,-167.9,bitso/v3-ohlc+fawazahmed0
2026-03-09,Indodax,IDR,16933.0,16973.226121,-23.7,indodax/history_v2+fawazahmed0
2026-03-09,Upbit,KRW,1467.0,1493.632419,-178.31,upbit/candles-days+fawazahmed0
2026-03-10,BTCTurk,TRY,44.062,44.078351,-3.71,btcturk/v2-ohlc+fawazahmed0
2026-03-10,Bitkub,THB,31.42,31.66887,-78.59,bitkub/tv-history+fawazahmed0
2026-03-10,Bitso,MXN,17.556,17.662793,-60.46,bitso/v3-ohlc+fawazahmed0
2026-03-10,Indodax,IDR,16894.0,16882.610956,6.75,indodax/history_v2+fawazahmed0
2026-03-10,Upbit,KRW,1463.0,1471.817704,-59.91,upbit/candles-days+fawazahmed0
2026-03-11,BTCTurk,TRY,44.074,44.109138,-7.97,btcturk/v2-ohlc+fawazahmed0
2026-03-11,Bitkub,THB,31.73,31.62524,33.13,bitkub/tv-history+fawazahmed0
2026-03-11,Bitso,MXN,17.752,17.554605,112.45,bitso/v3-ohlc+fawazahmed0
2026-03-11,Indodax,IDR,16898.0,16865.443443,19.3,indodax/history_v2+fawazahmed0
2026-03-11,Upbit,KRW,1464.0,1472.959616,-60.83,upbit/candles-days+fawazahmed0
2026-03-12,BTCTurk,TRY,44.084,44.1152,-7.07,btcturk/v2-ohlc+fawazahmed0
2026-03-12,Bitkub,THB,31.93,31.896398,10.53,bitkub/tv-history+fawazahmed0
2026-03-12,Bitso,MXN,17.844,17.767866,42.85,bitso/v3-ohlc+fawazahmed0
2026-03-12,Indodax,IDR,16890.0,16902.536241,-7.42,indodax/history_v2+fawazahmed0
2026-03-12,Upbit,KRW,1465.0,1481.246406,-109.68,upbit/candles-days+fawazahmed0
2026-03-13,BTCTurk,TRY,44.218,44.19219,5.84,btcturk/v2-ohlc+fawazahmed0
2026-03-13,Bitkub,THB,32.28,32.155138,38.83,bitkub/tv-history+fawazahmed0
2026-03-13,Bitso,MXN,17.977,17.808653,94.53,bitso/v3-ohlc+fawazahmed0
2026-03-13,Indodax,IDR,16940.0,16920.569045,11.48,indodax/history_v2+fawazahmed0
2026-03-13,Upbit,KRW,1472.0,1487.112351,-101.62,upbit/candles-days+fawazahmed0
2026-03-14,BTCTurk,TRY,44.251,44.188595,14.12,btcturk/v2-ohlc+fawazahmed0
2026-03-14,Bitkub,THB,32.29,32.402268,-34.65,bitkub/tv-history+fawazahmed0
2026-03-14,Bitso,MXN,17.962,17.95245,5.32,bitso/v3-ohlc+fawazahmed0
2026-03-14,Indodax,IDR,16976.0,16939.317804,21.66,indodax/history_v2+fawazahmed0
2026-03-14,Upbit,KRW,1476.0,1501.249351,-168.19,upbit/candles-days+fawazahmed0
2026-03-15,BTCTurk,TRY,44.186,44.191633,-1.27,btcturk/v2-ohlc+fawazahmed0
2026-03-15,Bitkub,THB,32.36,32.302781,17.71,bitkub/tv-history+fawazahmed0
2026-03-15,Bitso,MXN,17.854,17.949574,-53.25,bitso/v3-ohlc+fawazahmed0
2026-03-15,Indodax,IDR,16887.0,16920.191324,-19.62,indodax/history_v2+fawazahmed0
2026-03-15,Upbit,KRW,1470.0,1498.762122,-191.91,upbit/candles-days+fawazahmed0
2026-03-16,BTCTurk,TRY,44.156,44.174001,-4.07,btcturk/v2-ohlc+fawazahmed0
2026-03-16,Bitkub,THB,32.34,32.420428,-24.81,bitkub/tv-history+fawazahmed0
2026-03-16,Bitso,MXN,17.712,17.853974,-79.52,bitso/v3-ohlc+fawazahmed0
2026-03-16,Indodax,IDR,17012.0,16977.726815,20.19,indodax/history_v2+fawazahmed0
2026-03-16,Upbit,KRW,1469.0,1497.845243,-192.58,upbit/candles-days+fawazahmed0
2026-03-17,BTCTurk,TRY,44.205,44.201918,0.7,btcturk/v2-ohlc+fawazahmed0
2026-03-17,Bitkub,THB,32.3,32.438337,-42.65,bitkub/tv-history+fawazahmed0
2026-03-17,Bitso,MXN,17.644,17.689057,-25.47,bitso/v3-ohlc+fawazahmed0
2026-03-17,Indodax,IDR,17025.0,16976.631302,28.49,indodax/history_v2+fawazahmed0
2026-03-17,Upbit,KRW,1474.0,1491.299352,-116.0,upbit/candles-days+fawazahmed0
2026-03-18,BTCTurk,TRY,44.265,44.215604,11.17,btcturk/v2-ohlc+fawazahmed0
2026-03-18,Bitkub,THB,32.58,32.284125,91.65,bitkub/tv-history+fawazahmed0
2026-03-18,Bitso,MXN,17.823,17.644906,100.93,bitso/v3-ohlc+fawazahmed0
2026-03-18,Indodax,IDR,17029.0,16957.054986,42.43,indodax/history_v2+fawazahmed0
2026-03-18,Upbit,KRW,1485.0,1485.964574,-6.49,upbit/candles-days+fawazahmed0
2026-03-19,BTCTurk,TRY,44.424,44.319019,23.69,btcturk/v2-ohlc+fawazahmed0
2026-03-19,Bitkub,THB,32.81,32.70171,33.11,bitkub/tv-history+fawazahmed0
2026-03-19,Bitso,MXN,17.749,17.799761,-28.52,bitso/v3-ohlc+fawazahmed0
2026-03-19,Indodax,IDR,17031.0,16968.987388,36.54,indodax/history_v2+fawazahmed0
2026-03-19,Upbit,KRW,1487.0,1496.496305,-63.46,upbit/candles-days+fawazahmed0
2026-03-20,BTCTurk,TRY,44.4,44.310759,20.14,btcturk/v2-ohlc+fawazahmed0
2026-03-20,Bitkub,THB,32.86,32.626563,71.55,bitkub/tv-history+fawazahmed0
2026-03-20,Bitso,MXN,17.902,17.748591,86.43,bitso/v3-ohlc+fawazahmed0
2026-03-20,Indodax,IDR,17079.0,16927.4424,89.53,indodax/history_v2+fawazahmed0
2026-03-20,Upbit,KRW,1495.0,1495.688384,-4.6,upbit/candles-days+fawazahmed0
2026-03-21,BTCTurk,TRY,44.403,44.28675,26.25,btcturk/v2-ohlc+fawazahmed0
2026-03-21,Bitkub,THB,32.88,32.889996,-3.04,bitkub/tv-history+fawazahmed0
2026-03-21,Bitso,MXN,17.892,17.898591,-3.68,bitso/v3-ohlc+fawazahmed0
2026-03-21,Indodax,IDR,17109.0,16962.698495,86.25,indodax/history_v2+fawazahmed0
2026-03-21,Upbit,KRW,1505.0,1504.736881,1.75,upbit/candles-days+fawazahmed0
2026-03-22,BTCTurk,TRY,44.433,44.28319,33.83,btcturk/v2-ohlc+fawazahmed0
2026-03-22,Bitkub,THB,32.96,32.722754,72.5,bitkub/tv-history+fawazahmed0
2026-03-22,Bitso,MXN,17.974,17.900753,40.92,bitso/v3-ohlc+fawazahmed0
2026-03-22,Indodax,IDR,17119.0,16978.156112,82.96,indodax/history_v2+fawazahmed0
2026-03-22,Upbit,KRW,1503.0,1502.1223,5.84,upbit/candles-days+fawazahmed0
2026-03-23,BTCTurk,TRY,44.291,44.32423,-7.5,btcturk/v2-ohlc+fawazahmed0
2026-03-23,Bitkub,THB,32.4,33.013836,-185.93,bitkub/tv-history+fawazahmed0
2026-03-23,Bitso,MXN,17.849,17.969633,-67.13,bitso/v3-ohlc+fawazahmed0
2026-03-23,Indodax,IDR,17008.0,16996.344045,6.86,indodax/history_v2+fawazahmed0
2026-03-23,Upbit,KRW,1486.0,1508.882413,-151.65,upbit/candles-days+fawazahmed0
2026-03-24,BTCTurk,TRY,44.319,44.34839,-6.63,btcturk/v2-ohlc+fawazahmed0
2026-03-24,Bitkub,THB,32.66,32.606439,16.43,bitkub/tv-history+fawazahmed0
2026-03-24,Bitso,MXN,17.742,17.842351,-56.24,bitso/v3-ohlc+fawazahmed0
2026-03-24,Indodax,IDR,16999.0,16920.192997,46.58,indodax/history_v2+fawazahmed0
2026-03-24,Upbit,KRW,1490.0,1498.502896,-56.74,upbit/candles-days+fawazahmed0
2026-03-25,BTCTurk,TRY,44.304,44.345841,-9.44,btcturk/v2-ohlc+fawazahmed0
2026-03-25,Bitkub,THB,32.59,32.662334,-22.15,bitkub/tv-history+fawazahmed0
2026-03-25,Bitso,MXN,17.78,17.739191,23.01,bitso/v3-ohlc+fawazahmed0
2026-03-25,Indodax,IDR,16990.0,16901.045688,52.63,indodax/history_v2+fawazahmed0
2026-03-25,Upbit,KRW,1494.0,1495.329949,-8.89,upbit/candles-days+fawazahmed0
2026-03-26,BTCTurk,TRY,44.379,44.372708,1.42,btcturk/v2-ohlc+fawazahmed0
2026-03-26,Bitkub,THB,32.89,32.768603,37.05,bitkub/tv-history+fawazahmed0
2026-03-26,Bitso,MXN,17.896,17.788082,60.67,bitso/v3-ohlc+fawazahmed0
2026-03-26,Indodax,IDR,16959.0,16896.004975,37.28,indodax/history_v2+fawazahmed0
2026-03-26,Upbit,KRW,1509.0,1507.775064,8.12,upbit/candles-days+fawazahmed0
2026-03-27,BTCTurk,TRY,44.499,44.459736,8.83,btcturk/v2-ohlc+fawazahmed0
2026-03-27,Bitkub,THB,32.92,32.859358,18.46,bitkub/tv-history+fawazahmed0
2026-03-27,Bitso,MXN,18.116,17.902497,119.26,bitso/v3-ohlc+fawazahmed0
2026-03-27,Indodax,IDR,17064.0,16933.271136,77.2,indodax/history_v2+fawazahmed0
2026-03-27,Upbit,KRW,1521.0,1504.028439,112.84,upbit/candles-days+fawazahmed0
2026-03-28,BTCTurk,TRY,44.485,44.433389,11.62,btcturk/v2-ohlc+fawazahmed0
2026-03-28,Bitkub,THB,32.96,32.860358,30.32,bitkub/tv-history+fawazahmed0
2026-03-28,Bitso,MXN,18.127,18.121098,3.26,bitso/v3-ohlc+fawazahmed0
2026-03-28,Indodax,IDR,17059.0,16990.794351,40.14,indodax/history_v2+fawazahmed0
2026-03-28,Upbit,KRW,1519.0,1507.999848,72.95,upbit/candles-days+fawazahmed0
2026-03-29,BTCTurk,TRY,44.466,44.438034,6.29,btcturk/v2-ohlc+fawazahmed0
2026-03-29,Bitkub,THB,32.97,32.897654,21.99,bitkub/tv-history+fawazahmed0
2026-03-29,Bitso,MXN,18.074,18.131486,-31.7,bitso/v3-ohlc+fawazahmed0
2026-03-29,Indodax,IDR,17096.0,16925.615695,100.67,indodax/history_v2+fawazahmed0
2026-03-29,Upbit,KRW,1521.0,1509.748185,74.53,upbit/candles-days+fawazahmed0
2026-03-30,BTCTurk,TRY,44.413,44.467031,-12.15,btcturk/v2-ohlc+fawazahmed0
2026-03-30,Bitkub,THB,32.82,32.789173,9.4,bitkub/tv-history+fawazahmed0
2026-03-30,Bitso,MXN,18.077,18.092547,-8.59,bitso/v3-ohlc+fawazahmed0
2026-03-30,Indodax,IDR,17056.0,16979.270486,45.19,indodax/history_v2+fawazahmed0
2026-03-30,Upbit,KRW,1519.0,1511.381019,50.41,upbit/candles-days+fawazahmed0
2026-03-31,BTCTurk,TRY,44.412,44.476504,-14.5,btcturk/v2-ohlc+fawazahmed0
2026-03-31,Bitkub,THB,32.57,32.800527,-70.28,bitkub/tv-history+fawazahmed0
2026-03-31,Bitso,MXN,17.881,18.077251,-108.56,bitso/v3-ohlc+fawazahmed0
2026-03-31,Indodax,IDR,16985.0,16998.895079,-8.17,indodax/history_v2+fawazahmed0
2026-03-31,Upbit,KRW,1512.0,1525.536258,-88.73,upbit/candles-days+fawazahmed0
2026-04-01,BTCTurk,TRY,44.432,44.525331,-20.96,btcturk/v2-ohlc+fawazahmed0
2026-04-01,Bitkub,THB,32.48,32.746714,-81.45,bitkub/tv-history+fawazahmed0
2026-04-01,Bitso,MXN,17.947,17.900992,25.7,bitso/v3-ohlc+fawazahmed0
2026-04-01,Indodax,IDR,16981.0,17011.272551,-17.8,indodax/history_v2+fawazahmed0
2026-04-01,Upbit,KRW,1514.0,1509.046608,32.82,upbit/candles-days+fawazahmed0
2026-04-02,BTCTurk,TRY,44.49,44.51945,-6.62,btcturk/v2-ohlc+fawazahmed0
2026-04-02,Bitkub,THB,32.63,32.754753,-38.09,bitkub/tv-history+fawazahmed0
2026-04-02,Bitso,MXN,17.858,17.903555,-25.44,bitso/v3-ohlc+fawazahmed0
2026-04-02,Indodax,IDR,17031.0,17018.875431,7.12,indodax/history_v2+fawazahmed0
2026-04-02,Upbit,KRW,1521.0,1521.257091,-1.69,upbit/candles-days+fawazahmed0
2026-04-03,BTCTurk,TRY,44.538,44.556161,-4.08,btcturk/v2-ohlc+fawazahmed0
2026-04-03,Bitkub,THB,32.62,32.677893,-17.72,bitkub/tv-history+fawazahmed0
2026-04-03,Bitso,MXN,17.859,17.861312,-1.29,bitso/v3-ohlc+fawazahmed0
2026-04-03,Indodax,IDR,17049.0,17000.45232,28.56,indodax/history_v2+fawazahmed0
2026-04-03,Upbit,KRW,1518.0,1510.264486,51.22,upbit/candles-days+fawazahmed0
2026-04-04,BTCTurk,TRY,44.512,44.585958,-16.59,btcturk/v2-ohlc+fawazahmed0
2026-04-04,Bitkub,THB,32.6,32.689947,-27.52,bitkub/tv-history+fawazahmed0
2026-04-04,Bitso,MXN,17.882,17.881421,0.32,bitso/v3-ohlc+fawazahmed0
2026-04-04,Indodax,IDR,17009.0,16988.980883,11.78,indodax/history_v2+fawazahmed0
2026-04-04,Upbit,KRW,1516.0,1511.403069,30.41,upbit/candles-days+fawazahmed0
2026-04-05,BTCTurk,TRY,44.566,44.643033,-17.26,btcturk/v2-ohlc+fawazahmed0
2026-04-05,Bitkub,THB,32.69,32.677152,3.93,bitkub/tv-history+fawazahmed0
2026-04-05,Bitso,MXN,17.833,17.884745,-28.93,bitso/v3-ohlc+fawazahmed0
2026-04-05,Indodax,IDR,17010.0,17001.262281,5.14,indodax/history_v2+fawazahmed0
2026-04-05,Upbit,KRW,1511.0,1511.676048,-4.47,upbit/candles-days+fawazahmed0
2026-04-06,BTCTurk,TRY,44.549,44.601533,-11.78,btcturk/v2-ohlc+fawazahmed0
2026-04-06,Bitkub,THB,32.5,32.614273,-35.04,bitkub/tv-history+fawazahmed0
2026-04-06,Bitso,MXN,17.785,17.851793,-37.42,bitso/v3-ohlc+fawazahmed0
2026-04-06,Indodax,IDR,17037.0,17049.849101,-7.54,indodax/history_v2+fawazahmed0
2026-04-06,Upbit,KRW,1510.0,1507.943562,13.64,upbit/candles-days+fawazahmed0
2026-04-07,BTCTurk,TRY,44.48,44.61212,-29.62,btcturk/v2-ohlc+fawazahmed0
2026-04-07,Bitkub,THB,32.62,32.664899,-13.75,bitkub/tv-history+fawazahmed0
2026-04-07,Bitso,MXN,17.49,17.790653,-169.0,bitso/v3-ohlc+fawazahmed0
2026-04-07,Indodax,IDR,17057.0,17075.748413,-10.98,indodax/history_v2+fawazahmed0
2026-04-07,Upbit,KRW,1491.0,1509.996118,-125.8,upbit/candles-days+fawazahmed0
2026-04-08,BTCTurk,TRY,44.493,44.541761,-10.95,btcturk/v2-ohlc+fawazahmed0
2026-04-08,Bitkub,THB,32.01,32.104841,-29.54,bitkub/tv-history+fawazahmed0
2026-04-08,Bitso,MXN,17.457,17.537826,-46.09,bitso/v3-ohlc+fawazahmed0
2026-04-08,Indodax,IDR,17021.0,17009.240993,6.91,indodax/history_v2+fawazahmed0
2026-04-08,Upbit,KRW,1489.0,1478.128809,73.55,upbit/candles-days+fawazahmed0
2026-04-09,BTCTurk,TRY,44.546,44.4862,13.44,btcturk/v2-ohlc+fawazahmed0
2026-04-09,Bitkub,THB,31.97,32.111505,-44.07,bitkub/tv-history+fawazahmed0
2026-04-09,Bitso,MXN,17.389,17.457699,-39.35,bitso/v3-ohlc+fawazahmed0
2026-04-09,Indodax,IDR,17080.0,17060.900344,11.19,indodax/history_v2+fawazahmed0
2026-04-09,Upbit,KRW,1486.0,1481.225075,32.24,upbit/candles-days+fawazahmed0
2026-04-10,BTCTurk,TRY,44.62,44.636706,-3.74,btcturk/v2-ohlc+fawazahmed0
2026-04-10,Bitkub,THB,32.05,32.179712,-40.31,bitkub/tv-history+fawazahmed0
2026-04-10,Bitso,MXN,17.326,17.374444,-27.88,bitso/v3-ohlc+fawazahmed0
2026-04-10,Indodax,IDR,17086.0,17108.653699,-13.24,indodax/history_v2+fawazahmed0
2026-04-10,Upbit,KRW,1486.0,1480.070354,40.06,upbit/candles-days+fawazahmed0
2026-04-11,BTCTurk,TRY,44.658,44.665028,-1.57,btcturk/v2-ohlc+fawazahmed0
2026-04-11,Bitkub,THB,32.06,32.103639,-13.59,bitkub/tv-history+fawazahmed0
2026-04-11,Bitso,MXN,17.327,17.3018,14.56,bitso/v3-ohlc+fawazahmed0
2026-04-11,Indodax,IDR,17079.0,17089.296422,-6.03,indodax/history_v2+fawazahmed0
2026-04-11,Upbit,KRW,1485.0,1484.570073,2.9,upbit/candles-days+fawazahmed0
2026-04-12,BTCTurk,TRY,44.703,44.665028,8.5,btcturk/v2-ohlc+fawazahmed0
2026-04-12,Bitkub,THB,32.21,32.208031,0.61,bitkub/tv-history+fawazahmed0
2026-04-12,Bitso,MXN,17.402,17.3014,58.15,bitso/v3-ohlc+fawazahmed0
2026-04-12,Indodax,IDR,17121.0,17089.296422,18.55,indodax/history_v2+fawazahmed0
2026-04-12,Upbit,KRW,1495.0,1484.570073,70.26,upbit/candles-days+fawazahmed0
2026-04-13,BTCTurk,TRY,44.578,44.701884,-27.71,btcturk/v2-ohlc+fawazahmed0
2026-04-13,Bitkub,THB,32.25,32.282009,-9.92,bitkub/tv-history+fawazahmed0
2026-04-13,Bitso,MXN,17.308,17.399395,-52.53,bitso/v3-ohlc+fawazahmed0
2026-04-13,Indodax,IDR,17112.0,17125.493379,-7.88,indodax/history_v2+fawazahmed0
2026-04-13,Upbit,KRW,1475.0,1488.37912,-89.89,upbit/candles-days+fawazahmed0
2026-04-14,BTCTurk,TRY,44.747,44.710384,8.19,btcturk/v2-ohlc+fawazahmed0
2026-04-14,Bitkub,THB,32.03,32.064507,-10.76,bitkub/tv-history+fawazahmed0
2026-04-14,Bitso,MXN,17.269,17.307883,-22.47,bitso/v3-ohlc+fawazahmed0
2026-04-14,Indodax,IDR,17141.0,17131.702229,5.43,indodax/history_v2+fawazahmed0
2026-04-14,Upbit,KRW,1480.0,1483.12516,-21.07,upbit/candles-days+fawazahmed0
2026-04-15,BTCTurk,TRY,44.713,44.738491,-5.7,btcturk/v2-ohlc+fawazahmed0
2026-04-15,Bitkub,THB,32.03,32.029692,0.1,bitkub/tv-history+fawazahmed0
2026-04-15,Bitso,MXN,17.245,17.268047,-13.35,bitso/v3-ohlc+fawazahmed0
2026-04-15,Indodax,IDR,17129.0,17133.796629,-2.8,indodax/history_v2+fawazahmed0
2026-04-15,Upbit,KRW,1477.0,1473.824731,21.54,upbit/candles-days+fawazahmed0
2026-04-16,BTCTurk,TRY,44.7,44.762105,-13.87,btcturk/v2-ohlc+fawazahmed0
2026-04-16,Bitkub,THB,32.03,31.897005,41.7,bitkub/tv-history+fawazahmed0
2026-04-16,Bitso,MXN,17.24,17.23099,5.23,bitso/v3-ohlc+fawazahmed0
2026-04-16,Indodax,IDR,17135.0,17132.050469,1.72,indodax/history_v2+fawazahmed0
2026-04-16,Upbit,KRW,1476.0,1471.260088,32.22,upbit/candles-days+fawazahmed0
2026-04-17,BTCTurk,TRY,44.882,44.85542,5.93,btcturk/v2-ohlc+fawazahmed0
2026-04-17,Bitkub,THB,31.82,32.065513,-76.57,bitkub/tv-history+fawazahmed0
2026-04-17,Bitso,MXN,17.331,17.247457,48.44,bitso/v3-ohlc+fawazahmed0
2026-04-17,Indodax,IDR,17133.0,17177.207269,-25.74,indodax/history_v2+fawazahmed0
2026-04-17,Upbit,KRW,1475.0,1480.625601,-37.99,upbit/candles-days+fawazahmed0
2026-04-18,BTCTurk,TRY,44.885,44.844402,9.05,btcturk/v2-ohlc+fawazahmed0
2026-04-18,Bitkub,THB,32.08,32.120367,-12.57,bitkub/tv-history+fawazahmed0
2026-04-18,Bitso,MXN,17.338,17.311103,15.54,bitso/v3-ohlc+fawazahmed0
2026-04-18,Indodax,IDR,17185.0,17139.999101,26.25,indodax/history_v2+fawazahmed0
2026-04-18,Upbit,KRW,1484.0,1467.040307,115.6,upbit/candles-days+fawazahmed0
2026-04-19,BTCTurk,TRY,44.953,44.844402,24.22,btcturk/v2-ohlc+fawazahmed0
2026-04-19,Bitkub,THB,32.13,32.120367,3.0,bitkub/tv-history+fawazahmed0
2026-04-19,Bitso,MXN,17.368,17.311103,32.87,bitso/v3-ohlc+fawazahmed0
2026-04-19,Indodax,IDR,17210.0,17139.999101,40.84,indodax/history_v2+fawazahmed0
2026-04-19,Upbit,KRW,1490.0,1467.040307,156.5,upbit/candles-days+fawazahmed0
2026-04-20,BTCTurk,TRY,44.9,44.870598,6.55,btcturk/v2-ohlc+fawazahmed0
2026-04-20,Bitkub,THB,32.04,32.110251,-21.88,bitkub/tv-history+fawazahmed0
2026-04-20,Bitso,MXN,17.31,17.341698,-18.28,bitso/v3-ohlc+fawazahmed0
2026-04-20,Indodax,IDR,17156.0,17170.20085,-8.27,indodax/history_v2+fawazahmed0
2026-04-20,Upbit,KRW,1481.0,1475.395071,37.99,upbit/candles-days+fawazahmed0
2026-04-21,BTCTurk,TRY,44.888,44.88831,-0.07,btcturk/v2-ohlc+fawazahmed0
2026-04-21,Bitkub,THB,32.19,32.08028,34.2,bitkub/tv-history+fawazahmed0
2026-04-21,Bitso,MXN,17.289,17.310454,-12.39,bitso/v3-ohlc+fawazahmed0
2026-04-21,Indodax,IDR,17140.0,17135.003383,2.92,indodax/history_v2+fawazahmed0
2026-04-21,Upbit,KRW,1484.0,1471.12532,87.52,upbit/candles-days+fawazahmed0
2026-04-22,BTCTurk,TRY,44.958,44.914288,9.73,btcturk/v2-ohlc+fawazahmed0
2026-04-22,Bitkub,THB,32.16,32.183016,-7.15,bitkub/tv-history+fawazahmed0
2026-04-22,Bitso,MXN,17.346,17.315843,17.42,bitso/v3-ohlc+fawazahmed0
2026-04-22,Indodax,IDR,17196.0,17175.993438,11.65,indodax/history_v2+fawazahmed0
2026-04-22,Upbit,KRW,1483.0,1479.57443,23.15,upbit/candles-days+fawazahmed0
2026-04-23,BTCTurk,TRY,44.93,44.924707,1.18,btcturk/v2-ohlc+fawazahmed0
2026-04-23,Bitkub,THB,32.34,32.379986,-12.35,bitkub/tv-history+fawazahmed0
2026-04-23,Bitso,MXN,17.432,17.370854,35.2,bitso/v3-ohlc+fawazahmed0
2026-04-23,Indodax,IDR,17306.0,17285.753716,11.71,indodax/history_v2+fawazahmed0
2026-04-23,Upbit,KRW,1487.0,1483.535363,23.35,upbit/candles-days+fawazahmed0
2026-04-24,BTCTurk,TRY,44.991,45.002191,-2.49,btcturk/v2-ohlc+fawazahmed0
2026-04-24,Bitkub,THB,32.32,32.503494,-56.45,bitkub/tv-history+fawazahmed0
2026-04-24,Bitso,MXN,17.42,17.448195,-16.16,bitso/v3-ohlc+fawazahmed0
2026-04-24,Indodax,IDR,17239.0,17292.295767,-30.82,indodax/history_v2+fawazahmed0
2026-04-24,Upbit,KRW,1490.0,1483.598255,43.15,upbit/candles-days+fawazahmed0
2026-04-25,BTCTurk,TRY,45.031,45.015025,3.55,btcturk/v2-ohlc+fawazahmed0
2026-04-25,Bitkub,THB,32.31,32.335029,-7.74,bitkub/tv-history+fawazahmed0
2026-04-25,Bitso,MXN,17.427,17.379599,27.27,bitso/v3-ohlc+fawazahmed0
2026-04-25,Indodax,IDR,17265.0,17252.695002,7.13,indodax/history_v2+fawazahmed0
2026-04-25,Upbit,KRW,1492.0,1476.639956,104.02,upbit/candles-days+fawazahmed0
2026-04-26,BTCTurk,TRY,44.998,45.015025,-3.78,btcturk/v2-ohlc+fawazahmed0
2026-04-26,Bitkub,THB,32.25,32.335029,-26.3,bitkub/tv-history+fawazahmed0
2026-04-26,Bitso,MXN,17.395,17.380099,8.57,bitso/v3-ohlc+fawazahmed0
2026-04-26,Indodax,IDR,17218.0,17252.695002,-20.11,indodax/history_v2+fawazahmed0
2026-04-26,Upbit,KRW,1485.0,1476.639956,56.62,upbit/candles-days+fawazahmed0
2026-04-27,BTCTurk,TRY,45.041,45.02921,2.62,btcturk/v2-ohlc+fawazahmed0
2026-04-27,Bitkub,THB,32.36,32.332004,8.66,bitkub/tv-history+fawazahmed0
2026-04-27,Bitso,MXN,17.407,17.371403,20.49,bitso/v3-ohlc+fawazahmed0
2026-04-27,Indodax,IDR,17239.0,17225.004824,8.12,indodax/history_v2+fawazahmed0
2026-04-27,Upbit,KRW,1491.0,1470.315403,140.68,upbit/candles-days+fawazahmed0
2026-04-28,BTCTurk,TRY,45.047,45.034705,2.73,btcturk/v2-ohlc+fawazahmed0
2026-04-28,Bitkub,THB,32.4,32.426501,-8.17,bitkub/tv-history+fawazahmed0
2026-04-28,Bitso,MXN,17.399,17.381262,10.21,bitso/v3-ohlc+fawazahmed0
2026-04-28,Indodax,IDR,17263.0,17234.401783,16.59,indodax/history_v2+fawazahmed0
2026-04-28,Upbit,KRW,1485.0,1472.979779,81.6,upbit/candles-days+fawazahmed0
2026-04-29,BTCTurk,TRY,45.102,45.071898,6.68,btcturk/v2-ohlc+fawazahmed0
2026-04-29,Bitkub,THB,32.69,32.591495,30.22,bitkub/tv-history+fawazahmed0
2026-04-29,Bitso,MXN,17.565,17.395496,97.44,bitso/v3-ohlc+fawazahmed0
2026-04-29,Indodax,IDR,17403.0,17334.749517,39.37,indodax/history_v2+fawazahmed0
2026-04-29,Upbit,KRW,1496.0,1475.889399,136.26,upbit/candles-days+fawazahmed0
2026-04-30,BTCTurk,TRY,45.135,45.183685,-10.77,btcturk/v2-ohlc+fawazahmed0
2026-04-30,Bitkub,THB,32.51,32.780172,-82.42,bitkub/tv-history+fawazahmed0
2026-04-30,Bitso,MXN,17.474,17.550246,-43.44,bitso/v3-ohlc+fawazahmed0
2026-04-30,Indodax,IDR,17336.0,17379.995932,-25.31,indodax/history_v2+fawazahmed0
2026-04-30,Upbit,KRW,1489.0,1485.249573,25.25,upbit/candles-days+fawazahmed0
2026-05-01,BTCTurk,TRY,45.178,45.148491,6.54,btcturk/v2-ohlc+fawazahmed0
2026-05-01,Bitkub,THB,32.36,32.507494,-45.37,bitkub/tv-history+fawazahmed0
2026-05-01,Bitso,MXN,17.475,17.46599,5.16,bitso/v3-ohlc+fawazahmed0
2026-05-01,Indodax,IDR,17259.0,17299.896516,-23.64,indodax/history_v2+fawazahmed0
2026-05-01,Upbit,KRW,1483.0,1474.364673,58.57,upbit/candles-days+fawazahmed0
2026-05-02,BTCTurk,TRY,45.165,45.167287,-0.51,btcturk/v2-ohlc+fawazahmed0
2026-05-02,Bitkub,THB,32.37,32.503634,-41.11,bitkub/tv-history+fawazahmed0
2026-05-02,Bitso,MXN,17.464,17.457198,3.9,bitso/v3-ohlc+fawazahmed0
2026-05-02,Indodax,IDR,17215.0,17334.343476,-68.85,indodax/history_v2+fawazahmed0
2026-05-02,Upbit,KRW,1482.0,1471.31983,72.59,upbit/candles-days+fawazahmed0
2026-05-03,BTCTurk,TRY,45.169,45.142487,5.87,btcturk/v2-ohlc+fawazahmed0
2026-05-03,Bitkub,THB,32.42,32.513026,-28.61,bitkub/tv-history+fawazahmed0
2026-05-03,Bitso,MXN,17.43,17.457198,-15.58,bitso/v3-ohlc+fawazahmed0
2026-05-03,Indodax,IDR,17231.0,17334.343476,-59.62,indodax/history_v2+fawazahmed0
2026-05-03,Upbit,KRW,1483.0,1471.31983,79.39,upbit/candles-days+fawazahmed0
2026-05-04,BTCTurk,TRY,45.179,45.190604,-2.57,btcturk/v2-ohlc+fawazahmed0
2026-05-04,Bitkub,THB,32.52,32.505499,4.46,bitkub/tv-history+fawazahmed0
2026-05-04,Bitso,MXN,17.513,17.4415,40.99,bitso/v3-ohlc+fawazahmed0
2026-05-04,Indodax,IDR,17351.0,17372.000828,-12.09,indodax/history_v2+fawazahmed0
2026-05-04,Upbit,KRW,1484.0,1472.179713,80.29,upbit/candles-days+fawazahmed0
2026-05-05,BTCTurk,TRY,45.197,45.216178,-4.24,btcturk/v2-ohlc+fawazahmed0
2026-05-05,Bitkub,THB,32.46,32.749647,-88.44,bitkub/tv-history+fawazahmed0
2026-05-05,Bitso,MXN,17.317,17.518753,-115.16,bitso/v3-ohlc+fawazahmed0
2026-05-05,Indodax,IDR,17399.0,17426.593145,-15.83,indodax/history_v2+fawazahmed0
2026-05-05,Upbit,KRW,1478.0,1474.815489,21.59,upbit/candles-days+fawazahmed0
2026-05-06,BTCTurk,TRY,45.197,45.230418,-7.39,btcturk/v2-ohlc+fawazahmed0
2026-05-06,Bitkub,THB,32.23,32.485513,-78.65,bitkub/tv-history+fawazahmed0
2026-05-06,Bitso,MXN,17.249,17.318055,-39.87,bitso/v3-ohlc+fawazahmed0
2026-05-06,Indodax,IDR,17400.0,17404.804883,-2.76,indodax/history_v2+fawazahmed0
2026-05-06,Upbit,KRW,1466.0,1457.885447,55.66,upbit/candles-days+fawazahmed0
2026-05-07,BTCTurk,TRY,45.215,45.233879,-4.17,btcturk/v2-ohlc+fawazahmed0
2026-05-07,Bitkub,THB,32.22,32.314488,-29.24,bitkub/tv-history+fawazahmed0
2026-05-07,Bitso,MXN,17.282,17.239884,24.43,bitso/v3-ohlc+fawazahmed0
2026-05-07,Indodax,IDR,17357.0,17362.99394,-3.45,indodax/history_v2+fawazahmed0
2026-05-07,Upbit,KRW,1472.0,1451.068962,144.25,upbit/candles-days+fawazahmed0
2026-05-08,BTCTurk,TRY,45.193,45.327218,-29.61,btcturk/v2-ohlc+fawazahmed0
2026-05-08,Bitkub,THB,32.28,32.247986,9.93,bitkub/tv-history+fawazahmed0
2026-05-08,Bitso,MXN,17.196,17.289507,-54.08,bitso/v3-ohlc+fawazahmed0
2026-05-08,Indodax,IDR,17318.0,17370.206693,-30.06,indodax/history_v2+fawazahmed0
2026-05-08,Upbit,KRW,1473.0,1464.505578,58.0,upbit/candles-days+fawazahmed0
2026-05-09,BTCTurk,TRY,45.301,45.349051,-10.6,btcturk/v2-ohlc+fawazahmed0
2026-05-09,Bitkub,THB,32.28,32.203047,23.9,bitkub/tv-history+fawazahmed0
2026-05-09,Bitso,MXN,17.196,17.177609,10.71,bitso/v3-ohlc+fawazahmed0
2026-05-09,Indodax,IDR,17306.0,17377.455114,-41.12,indodax/history_v2+fawazahmed0
2026-05-09,Upbit,KRW,1474.0,1461.920813,82.63,upbit/candles-days+fawazahmed0
2026-05-10,BTCTurk,TRY,45.263,45.347517,-18.64,btcturk/v2-ohlc+fawazahmed0
2026-05-10,Bitkub,THB,32.29,32.203047,27.0,bitkub/tv-history+fawazahmed0
2026-05-10,Bitso,MXN,17.227,17.177609,28.75,bitso/v3-ohlc+fawazahmed0
2026-05-10,Indodax,IDR,17301.0,17377.455114,-44.0,indodax/history_v2+fawazahmed0
2026-05-10,Upbit,KRW,1467.0,1461.920813,34.74,upbit/candles-days+fawazahmed0
2026-05-11,BTCTurk,TRY,45.289,45.380211,-20.1,btcturk/v2-ohlc+fawazahmed0
2026-05-11,Bitkub,THB,32.26,32.397016,-42.29,bitkub/tv-history+fawazahmed0
2026-05-11,Bitso,MXN,17.208,17.216954,-5.2,bitso/v3-ohlc+fawazahmed0
2026-05-11,Indodax,IDR,17329.0,17416.003835,-49.96,indodax/history_v2+fawazahmed0
2026-05-11,Upbit,KRW,1470.0,1474.860237,-32.95,upbit/candles-days+fawazahmed0
2026-05-12,BTCTurk,TRY,45.4,45.397837,0.48,btcturk/v2-ohlc+fawazahmed0
2026-05-12,Bitkub,THB,32.38,32.33713,13.26,bitkub/tv-history+fawazahmed0
2026-05-12,Bitso,MXN,17.216,17.215318,0.4,bitso/v3-ohlc+fawazahmed0
2026-05-12,Indodax,IDR,17497.0,17506.958611,-5.69,indodax/history_v2+fawazahmed0
2026-05-12,Upbit,KRW,1482.0,1485.703436,-24.93,upbit/candles-days+fawazahmed0
2026-05-13,BTCTurk,TRY,45.428,45.422501,1.21,btcturk/v2-ohlc+fawazahmed0
2026-05-13,Bitkub,THB,32.35,32.326479,7.28,bitkub/tv-history+fawazahmed0
2026-05-13,Bitso,MXN,17.173,17.218051,-26.16,bitso/v3-ohlc+fawazahmed0
2026-05-13,Indodax,IDR,17537.0,17512.411744,14.04,indodax/history_v2+fawazahmed0
2026-05-13,Upbit,KRW,1486.0,1495.093472,-60.82,upbit/candles-days+fawazahmed0
2026-05-14,BTCTurk,TRY,45.415,45.442612,-6.08,btcturk/v2-ohlc+fawazahmed0
2026-05-14,Bitkub,THB,32.23,32.353266,-38.1,bitkub/tv-history+fawazahmed0
2026-05-14,Bitso,MXN,17.327,17.173221,89.55,bitso/v3-ohlc+fawazahmed0
2026-05-14,Indodax,IDR,17469.0,17530.839176,-35.27,indodax/history_v2+fawazahmed0
2026-05-14,Upbit,KRW,1478.0,1493.113405,-101.22,upbit/candles-days+fawazahmed0
2026-05-15,BTCTurk,TRY,45.599,45.540982,12.74,btcturk/v2-ohlc+fawazahmed0
2026-05-15,Bitkub,THB,32.48,32.492506,-3.85,bitkub/tv-history+fawazahmed0
2026-05-15,Bitso,MXN,17.36,17.266933,53.9,bitso/v3-ohlc+fawazahmed0
2026-05-15,Indodax,IDR,17557.0,17570.703007,-7.8,indodax/history_v2+fawazahmed0
2026-05-15,Upbit,KRW,1489.0,1497.094844,-54.07,upbit/candles-days+fawazahmed0
2026-05-16,BTCTurk,TRY,45.604,45.431634,37.94,btcturk/v2-ohlc+fawazahmed0
2026-05-16,Bitkub,THB,32.46,32.66843,-63.8,bitkub/tv-history+fawazahmed0
2026-05-16,Bitso,MXN,17.377,17.342718,19.77,bitso/v3-ohlc+fawazahmed0
2026-05-16,Indodax,IDR,17530.0,17605.353127,-42.8,indodax/history_v2+fawazahmed0
2026-05-16,Upbit,KRW,1492.0,1497.961044,-39.79,upbit/candles-days+fawazahmed0
2026-05-17,BTCTurk,TRY,45.685,45.490536,42.75,btcturk/v2-ohlc+fawazahmed0
2026-05-17,Bitkub,THB,32.5,32.589042,-27.32,bitkub/tv-history+fawazahmed0
2026-05-17,Bitso,MXN,17.343,17.338153,2.8,bitso/v3-ohlc+fawazahmed0
2026-05-17,Indodax,IDR,17542.0,17520.102286,12.5,indodax/history_v2+fawazahmed0
2026-05-17,Upbit,KRW,1492.0,1497.990666,-39.99,upbit/candles-days+fawazahmed0
2026-05-18,BTCTurk,TRY,45.58,45.580032,-0.01,btcturk/v2-ohlc+fawazahmed0
2026-05-18,Bitkub,THB,32.5,32.710023,-64.21,bitkub/tv-history+fawazahmed0
2026-05-18,Bitso,MXN,17.295,17.356109,-35.21,bitso/v3-ohlc+fawazahmed0
2026-05-18,Indodax,IDR,17629.0,17673.006755,-24.9,indodax/history_v2+fawazahmed0
2026-05-18,Upbit,KRW,1485.0,1504.285541,-128.2,upbit/candles-days+fawazahmed0
2026-05-19,BTCTurk,TRY,45.549,45.58348,-7.56,btcturk/v2-ohlc+fawazahmed0
2026-05-19,Bitkub,THB,32.5,32.620312,-36.88,bitkub/tv-history+fawazahmed0
2026-05-19,Bitso,MXN,17.405,17.304752,57.93,bitso/v3-ohlc+fawazahmed0
2026-05-19,Indodax,IDR,17725.0,17725.119364,-0.07,indodax/history_v2+fawazahmed0
2026-05-19,Upbit,KRW,1490.0,1505.175834,-100.82,upbit/candles-days+fawazahmed0
2026-05-20,BTCTurk,TRY,45.522,45.583449,-13.48,btcturk/v2-ohlc+fawazahmed0
2026-05-20,Bitkub,THB,32.46,32.699242,-73.16,bitkub/tv-history+fawazahmed0
2026-05-20,Bitso,MXN,17.32,17.4077,-50.38,bitso/v3-ohlc+fawazahmed0
2026-05-20,Indodax,IDR,17655.0,17691.324277,-20.53,indodax/history_v2+fawazahmed0
2026-05-20,Upbit,KRW,1483.0,1508.228365,-167.27,upbit/candles-days+fawazahmed0
2026-05-21,BTCTurk,TRY,45.568,45.607026,-8.56,btcturk/v2-ohlc+fawazahmed0
2026-05-21,Bitkub,THB,32.58,32.658302,-23.98,bitkub/tv-history+fawazahmed0
2026-05-21,Bitso,MXN,17.297,17.326496,-17.02,bitso/v3-ohlc+fawazahmed0
2026-05-21,Indodax,IDR,17591.0,17662.544676,-40.51,indodax/history_v2+fawazahmed0
2026-05-21,Upbit,KRW,1484.0,1505.449491,-142.48,upbit/candles-days+fawazahmed0
2026-05-22,BTCTurk,TRY,45.797,45.697282,21.82,btcturk/v2-ohlc+fawazahmed0
2026-05-22,Bitkub,THB,32.56,32.662868,-31.49,bitkub/tv-history+fawazahmed0
2026-05-22,Bitso,MXN,17.33,17.302774,15.73,bitso/v3-ohlc+fawazahmed0
2026-05-22,Indodax,IDR,17673.0,17705.035689,-18.09,indodax/history_v2+fawazahmed0
2026-05-22,Upbit,KRW,1500.0,1513.696015,-90.48,upbit/candles-days+fawazahmed0
2026-05-23,BTCTurk,TRY,45.721,45.701872,4.19,btcturk/v2-ohlc+fawazahmed0
2026-05-23,Bitkub,THB,32.54,32.685049,-44.38,bitkub/tv-history+fawazahmed0
2026-05-23,Bitso,MXN,17.335,17.327164,4.52,bitso/v3-ohlc+fawazahmed0
2026-05-23,Indodax,IDR,17543.0,17699.976319,-88.69,indodax/history_v2+fawazahmed0
2026-05-23,Upbit,KRW,1495.0,1520.820973,-169.78,upbit/candles-days+fawazahmed0
2026-05-24,BTCTurk,TRY,45.754,45.7024,11.29,btcturk/v2-ohlc+fawazahmed0
2026-05-24,Bitkub,THB,32.54,32.641542,-31.11,bitkub/tv-history+fawazahmed0
2026-05-24,Bitso,MXN,17.262,17.32787,-38.01,bitso/v3-ohlc+fawazahmed0
2026-05-24,Indodax,IDR,17538.0,17699.803677,-91.42,indodax/history_v2+fawazahmed0
2026-05-24,Upbit,KRW,1497.0,1520.713571,-155.94,upbit/candles-days+fawazahmed0
2026-05-25,BTCTurk,TRY,45.836,45.738829,21.24,btcturk/v2-ohlc+fawazahmed0
2026-05-25,Bitkub,THB,32.39,32.460093,-21.59,bitkub/tv-history+fawazahmed0
2026-05-25,Bitso,MXN,17.285,17.27326,6.8,bitso/v3-ohlc+fawazahmed0
2026-05-25,Indodax,IDR,17617.0,17732.874767,-65.34,indodax/history_v2+fawazahmed0
2026-05-25,Upbit,KRW,1487.0,1510.611669,-156.31,upbit/candles-days+fawazahmed0
2026-05-26,BTCTurk,TRY,45.92,45.901535,4.02,btcturk/v2-ohlc+fawazahmed0
2026-05-26,Bitkub,THB,32.56,32.592284,-9.91,bitkub/tv-history+fawazahmed0
2026-05-26,Bitso,MXN,17.283,17.280869,1.23,bitso/v3-ohlc+fawazahmed0
2026-05-26,Indodax,IDR,17710.0,17786.471288,-42.99,indodax/history_v2+fawazahmed0
2026-05-26,Upbit,KRW,1482.0,1507.395635,-168.47,upbit/candles-days+fawazahmed0
2026-05-27,BTCTurk,TRY,45.974,45.89983,16.16,btcturk/v2-ohlc+fawazahmed0
2026-05-27,Bitkub,THB,32.47,32.608511,-42.48,bitkub/tv-history+fawazahmed0
2026-05-27,Bitso,MXN,17.397,17.29553,58.67,bitso/v3-ohlc+fawazahmed0
2026-05-27,Indodax,IDR,17713.0,17795.831353,-46.55,indodax/history_v2+fawazahmed0
2026-05-27,Upbit,KRW,1473.0,1498.718731,-171.6,upbit/candles-days+fawazahmed0
2026-05-28,BTCTurk,TRY,46.077,45.901419,38.25,btcturk/v2-ohlc+fawazahmed0
2026-05-28,Bitkub,THB,32.5,32.730446,-70.41,bitkub/tv-history+fawazahmed0
2026-05-28,Bitso,MXN,17.31,17.430979,-69.4,bitso/v3-ohlc+fawazahmed0
2026-05-28,Indodax,IDR,17810.0,17884.322307,-41.56,indodax/history_v2+fawazahmed0
2026-05-28,Upbit,KRW,1475.0,1508.32106,-220.91,upbit/candles-days+fawazahmed0
2026-05-29,BTCTurk,TRY,46.071,45.898373,37.61,btcturk/v2-ohlc+fawazahmed0
2026-05-29,Bitkub,THB,32.47,32.601857,-40.44,bitkub/tv-history+fawazahmed0
2026-05-29,Bitso,MXN,17.362,17.323493,22.23,bitso/v3-ohlc+fawazahmed0
2026-05-29,Indodax,IDR,17777.0,17876.227382,-55.51,indodax/history_v2+fawazahmed0
2026-05-29,Upbit,KRW,1482.0,1503.119694,-140.51,upbit/candles-days+fawazahmed0
2026-05-30,BTCTurk,TRY,46.067,45.847538,47.87,btcturk/v2-ohlc+fawazahmed0
2026-05-30,Bitkub,THB,32.56,32.555424,1.41,bitkub/tv-history+fawazahmed0
2026-05-30,Bitso,MXN,17.357,17.352235,2.75,bitso/v3-ohlc+fawazahmed0
2026-05-30,Indodax,IDR,17752.0,17822.269268,-39.43,indodax/history_v2+fawazahmed0
2026-05-30,Upbit,KRW,1483.0,1507.881913,-165.01,upbit/candles-days+fawazahmed0
2026-05-31,BTCTurk,TRY,45.989,45.840606,32.37,btcturk/v2-ohlc+fawazahmed0
2026-05-31,Bitkub,THB,32.62,32.566988,16.28,bitkub/tv-history+fawazahmed0
2026-05-31,Bitso,MXN,17.327,17.344222,-9.93,bitso/v3-ohlc+fawazahmed0
2026-05-31,Indodax,IDR,17771.0,17800.153706,-16.38,indodax/history_v2+fawazahmed0
2026-05-31,Upbit,KRW,1473.0,1507.843742,-231.08,upbit/candles-days+fawazahmed0
2026-06-01,BTCTurk,TRY,45.833,45.909341,-16.63,btcturk/v2-ohlc+fawazahmed0
2026-06-01,Bitkub,THB,32.58,32.583997,-1.23,bitkub/tv-history+fawazahmed0
2026-06-01,Bitso,MXN,17.334,17.341376,-4.25,bitso/v3-ohlc+fawazahmed0
2026-06-01,Indodax,IDR,17776.0,17817.151039,-23.1,indodax/history_v2+fawazahmed0
2026-06-01,Upbit,KRW,1460.0,1514.372683,-359.04,upbit/candles-days+fawazahmed0
2026-06-02,BTCTurk,TRY,46.009,45.931236,16.93,btcturk/v2-ohlc+fawazahmed0
2026-06-02,Bitkub,THB,32.64,32.567752,22.18,bitkub/tv-history+fawazahmed0
2026-06-02,Bitso,MXN,17.283,17.348732,-37.89,bitso/v3-ohlc+fawazahmed0
2026-06-02,Indodax,IDR,17893.0,17860.674333,18.1,indodax/history_v2+fawazahmed0
2026-06-02,Upbit,KRW,1479.0,1518.82955,-262.24,upbit/candles-days+fawazahmed0
2026-06-03,BTCTurk,TRY,45.935,45.943904,-1.94,btcturk/v2-ohlc+fawazahmed0
2026-06-03,Bitkub,THB,32.67,32.707091,-11.34,bitkub/tv-history+fawazahmed0
2026-06-03,Bitso,MXN,17.33,17.286051,25.42,bitso/v3-ohlc+fawazahmed0
2026-06-03,Indodax,IDR,18018.0,17926.254322,51.18,indodax/history_v2+fawazahmed0
2026-06-03,Upbit,KRW,1482.0,1519.363656,-245.92,upbit/candles-days+fawazahmed0
2026-06-04,BTCTurk,TRY,46.009,45.974045,7.6,btcturk/v2-ohlc+fawazahmed0
2026-06-04,Bitkub,THB,32.66,32.658274,0.53,bitkub/tv-history+fawazahmed0
2026-06-04,Bitso,MXN,17.282,17.322839,-23.58,bitso/v3-ohlc+fawazahmed0
2026-06-04,Indodax,IDR,18058.0,18037.605227,11.31,indodax/history_v2+fawazahmed0
2026-06-04,Upbit,KRW,1494.0,1528.044451,-222.8,upbit/candles-days+fawazahmed0
2026-06-05,BTCTurk,TRY,46.227,46.059424,36.38,btcturk/v2-ohlc+fawazahmed0
2026-06-05,Bitkub,THB,32.91,32.688303,67.82,bitkub/tv-history+fawazahmed0
2026-06-05,Bitso,MXN,17.543,17.279474,152.51,bitso/v3-ohlc+fawazahmed0
2026-06-05,Indodax,IDR,18304.0,18038.754326,147.04,indodax/history_v2+fawazahmed0
2026-06-05,Upbit,KRW,1524.0,1544.730248,-134.2,upbit/candles-days+fawazahmed0
2026-06-06,BTCTurk,TRY,46.199,46.055343,31.19,btcturk/v2-ohlc+fawazahmed0
2026-06-06,Bitkub,THB,32.8,32.813496,-4.11,bitkub/tv-history+fawazahmed0
2026-06-06,Bitso,MXN,17.548,17.468284,45.63,bitso/v3-ohlc+fawazahmed0
2026-06-06,Indodax,IDR,18178.0,18101.06034,42.51,indodax/history_v2+fawazahmed0
2026-06-06,Upbit,KRW,1520.0,1543.209664,-150.4,upbit/candles-days+fawazahmed0
2026-06-07,BTCTurk,TRY,46.101,46.0576,9.42,btcturk/v2-ohlc+fawazahmed0
2026-06-07,Bitkub,THB,32.9,32.751828,45.24,bitkub/tv-history+fawazahmed0
2026-06-07,Bitso,MXN,17.484,17.482374,0.93,bitso/v3-ohlc+fawazahmed0
2026-06-07,Indodax,IDR,18169.0,18037.971055,72.64,indodax/history_v2+fawazahmed0
2026-06-07,Upbit,KRW,1507.0,1549.328561,-273.21,upbit/candles-days+fawazahmed0
2026-06-08,BTCTurk,TRY,46.149,46.093768,11.98,btcturk/v2-ohlc+fawazahmed0
2026-06-08,Bitkub,THB,32.86,32.853327,2.03,bitkub/tv-history+fawazahmed0
2026-06-08,Bitso,MXN,17.433,17.451425,-10.56,bitso/v3-ohlc+fawazahmed0
2026-06-08,Indodax,IDR,18250.0,18185.294626,35.58,indodax/history_v2+fawazahmed0
2026-06-08,Upbit,KRW,1501.0,1548.575877,-307.22,upbit/candles-days+fawazahmed0
2026-06-09,BTCTurk,TRY,46.076,46.115797,-8.63,btcturk/v2-ohlc+fawazahmed0
2026-06-09,Bitkub,THB,32.84,32.884673,-13.58,bitkub/tv-history+fawazahmed0
2026-06-09,Bitso,MXN,17.431,17.447939,-9.71,bitso/v3-ohlc+fawazahmed0
2026-06-09,Indodax,IDR,17977.0,18186.32595,-115.1,indodax/history_v2+fawazahmed0
2026-06-09,Upbit,KRW,1500.0,1519.195542,-126.35,upbit/candles-days+fawazahmed0
2026-06-10,BTCTurk,TRY,46.141,46.123075,3.89,btcturk/v2-ohlc+fawazahmed0
2026-06-10,Bitkub,THB,32.87,32.920668,-15.39,bitkub/tv-history+fawazahmed0
2026-06-10,Bitso,MXN,17.375,17.442126,-38.48,bitso/v3-ohlc+fawazahmed0
2026-06-10,Indodax,IDR,18060.0,17952.416994,59.93,indodax/history_v2+fawazahmed0
2026-06-10,Upbit,KRW,1506.0,1524.730521,-122.84,upbit/candles-days+fawazahmed0
2026-06-11,BTCTurk,TRY,46.068,46.151983,-18.2,btcturk/v2-ohlc+fawazahmed0
2026-06-11,Bitkub,THB,32.94,32.930572,2.86,bitkub/tv-history+fawazahmed0
2026-06-11,Bitso,MXN,17.249,17.391378,-81.87,bitso/v3-ohlc+fawazahmed0
2026-06-11,Indodax,IDR,18028.0,17970.29999,32.11,indodax/history_v2+fawazahmed0
2026-06-11,Upbit,KRW,1503.0,1526.249363,-152.33,upbit/candles-days+fawazahmed0
2026-06-12,BTCTurk,TRY,46.221,46.232504,-2.49,btcturk/v2-ohlc+fawazahmed0
2026-06-12,Bitkub,THB,32.78,32.809479,-8.98,bitkub/tv-history+fawazahmed0
2026-06-12,Bitso,MXN,17.288,17.242398,26.45,bitso/v3-ohlc+fawazahmed0
2026-06-12,Indodax,IDR,18006.0,17915.522723,50.5,indodax/history_v2+fawazahmed0
2026-06-12,Upbit,KRW,1508.0,1521.239383,-87.03,upbit/candles-days+fawazahmed0
2026-06-13,BTCTurk,TRY,46.155,46.293137,-29.84,btcturk/v2-ohlc+fawazahmed0
2026-06-13,Bitkub,THB,32.83,32.747562,25.17,bitkub/tv-history+fawazahmed0
2026-06-13,Bitso,MXN,17.294,17.225617,39.7,bitso/v3-ohlc+fawazahmed0
2026-06-13,Indodax,IDR,17928.0,17775.360309,85.87,indodax/history_v2+fawazahmed0
2026-06-13,Upbit,KRW,1511.0,1518.356216,-48.45,upbit/candles-days+fawazahmed0
2026-06-14,BTCTurk,TRY,46.23,46.26408,-7.37,btcturk/v2-ohlc+fawazahmed0
2026-06-14,Bitkub,THB,32.85,32.772776,23.56,bitkub/tv-history+fawazahmed0
2026-06-14,Bitso,MXN,17.171,17.224516,-31.07,bitso/v3-ohlc+fawazahmed0
2026-06-14,Indodax,IDR,17857.0,17932.754495,-42.24,indodax/history_v2+fawazahmed0
2026-06-14,Upbit,KRW,1507.0,1517.973918,-72.29,upbit/candles-days+fawazahmed0
2026-06-15,BTCTurk,TRY,46.178,46.273596,-20.66,btcturk/v2-ohlc+fawazahmed0
2026-06-15,Bitkub,THB,32.54,32.575104,-10.78,bitkub/tv-history+fawazahmed0
2026-06-15,Bitso,MXN,17.228,17.167263,35.38,bitso/v3-ohlc+fawazahmed0
2026-06-15,Indodax,IDR,17759.0,17693.806688,36.85,indodax/history_v2+fawazahmed0
2026-06-15,Upbit,KRW,1500.0,1511.857054,-78.43,upbit/candles-days+fawazahmed0
2026-06-16,BTCTurk,TRY,46.244,46.297298,-11.51,btcturk/v2-ohlc+fawazahmed0
2026-06-16,Bitkub,THB,32.45,32.555472,-32.4,bitkub/tv-history+fawazahmed0
2026-06-16,Bitso,MXN,17.207,17.226508,-11.32,bitso/v3-ohlc+fawazahmed0
2026-06-16,Indodax,IDR,17753.0,17721.485125,17.78,indodax/history_v2+fawazahmed0
2026-06-16,Upbit,KRW,1502.0,1512.632931,-70.29,upbit/candles-days+fawazahmed0
2026-06-17,BTCTurk,TRY,46.295,46.316441,-4.63,btcturk/v2-ohlc+fawazahmed0
2026-06-17,Bitkub,THB,32.51,32.531351,-6.56,bitkub/tv-history+fawazahmed0
2026-06-17,Bitso,MXN,17.264,17.204673,34.48,bitso/v3-ohlc+fawazahmed0
2026-06-17,Indodax,IDR,17873.0,17740.471133,74.7,indodax/history_v2+fawazahmed0
2026-06-17,Upbit,KRW,1508.0,1514.121291,-40.43,upbit/candles-days+fawazahmed0
2026-06-18,BTCTurk,TRY,46.366,46.441363,-16.23,btcturk/v2-ohlc+fawazahmed0
2026-06-18,Bitkub,THB,32.72,32.634268,26.27,bitkub/tv-history+fawazahmed0
2026-06-18,Bitso,MXN,17.37,17.266374,60.02,bitso/v3-ohlc+fawazahmed0
2026-06-18,Indodax,IDR,17810.0,17795.173431,8.33,indodax/history_v2+fawazahmed0
2026-06-18,Upbit,KRW,1509.0,1520.260007,-74.07,upbit/candles-days+fawazahmed0
2026-06-19,BTCTurk,TRY,46.452,46.44456,1.6,btcturk/v2-ohlc+fawazahmed0
2026-06-19,Bitkub,THB,32.84,32.932776,-28.17,bitkub/tv-history+fawazahmed0
2026-06-19,Bitso,MXN,17.351,17.392233,-23.71,bitso/v3-ohlc+fawazahmed0
2026-06-19,Indodax,IDR,17909.0,17845.445593,35.61,indodax/history_v2+fawazahmed0
2026-06-19,Upbit,KRW,1512.0,1538.88693,-174.72,upbit/candles-days+fawazahmed0
2026-06-20,BTCTurk,TRY,46.403,46.455983,-11.4,btcturk/v2-ohlc+fawazahmed0
2026-06-20,Bitkub,THB,32.82,32.902076,-24.95,bitkub/tv-history+fawazahmed0
2026-06-20,Bitso,MXN,17.32,17.318338,0.96,bitso/v3-ohlc+fawazahmed0
2026-06-20,Indodax,IDR,17891.0,17794.867332,54.02,indodax/history_v2+fawazahmed0
2026-06-20,Upbit,KRW,1512.0,1527.064289,-98.65,upbit/candles-days+fawazahmed0
2026-06-21,BTCTurk,TRY,46.44,46.439071,0.2,btcturk/v2-ohlc+fawazahmed0
2026-06-21,Bitkub,THB,32.84,32.865873,-7.87,bitkub/tv-history+fawazahmed0
2026-06-21,Bitso,MXN,17.32,17.346681,-15.38,bitso/v3-ohlc+fawazahmed0
2026-06-21,Indodax,IDR,17854.0,17821.43136,18.27,indodax/history_v2+fawazahmed0
2026-06-21,Upbit,KRW,1508.0,1527.045093,-124.72,upbit/candles-days+fawazahmed0
2026-06-22,BTCTurk,TRY,46.443,46.455775,-2.75,btcturk/v2-ohlc+fawazahmed0
2026-06-22,Bitkub,THB,32.86,32.930323,-21.35,bitkub/tv-history+fawazahmed0
2026-06-22,Bitso,MXN,17.383,17.341898,23.7,bitso/v3-ohlc+fawazahmed0
2026-06-22,Indodax,IDR,17865.0,17830.071767,19.59,indodax/history_v2+fawazahmed0
2026-06-22,Upbit,KRW,1511.0,1537.734614,-173.86,upbit/candles-days+fawazahmed0
2026-06-23,BTCTurk,TRY,46.44,46.47586,-7.72,btcturk/v2-ohlc+fawazahmed0
2026-06-23,Bitkub,THB,33.15,33.022244,38.69,bitkub/tv-history+fawazahmed0
2026-06-23,Bitso,MXN,17.533,17.376261,90.2,bitso/v3-ohlc+fawazahmed0
2026-06-23,Indodax,IDR,17951.0,17859.716638,51.11,indodax/history_v2+fawazahmed0
2026-06-23,Upbit,KRW,1507.0,1534.607788,-179.9,upbit/candles-days+fawazahmed0
2026-06-24,BTCTurk,TRY,46.481,46.492024,-2.37,btcturk/v2-ohlc+fawazahmed0
2026-06-24,Bitkub,THB,33.37,33.394732,-7.41,bitkub/tv-history+fawazahmed0
2026-06-24,Bitso,MXN,17.585,17.57295,6.86,bitso/v3-ohlc+fawazahmed0
2026-06-24,Indodax,IDR,18080.0,17948.6921,73.16,indodax/history_v2+fawazahmed0
2026-06-24,Upbit,KRW,1516.0,1537.865205,-142.18,upbit/candles-days+fawazahmed0
2026-06-25,BTCTurk,TRY,46.516,46.51405,0.42,btcturk/v2-ohlc+fawazahmed0
2026-06-25,Bitkub,THB,33.37,33.398417,-8.51,bitkub/tv-history+fawazahmed0
2026-06-25,Bitso,MXN,17.508,17.606098,-55.72,bitso/v3-ohlc+fawazahmed0
2026-06-25,Indodax,IDR,18037.0,17935.149188,56.79,indodax/history_v2+fawazahmed0
2026-06-25,Upbit,KRW,1520.0,1547.037849,-174.77,upbit/candles-days+fawazahmed0
2026-06-26,BTCTurk,TRY,46.494,46.597471,-22.21,btcturk/v2-ohlc+fawazahmed0
2026-06-26,Bitkub,THB,33.31,33.423937,-34.09,bitkub/tv-history+fawazahmed0
2026-06-26,Bitso,MXN,17.507,17.528652,-12.35,bitso/v3-ohlc+fawazahmed0
2026-06-26,Indodax,IDR,18004.0,17931.962293,40.17,indodax/history_v2+fawazahmed0
2026-06-26,Upbit,KRW,1517.0,1545.691926,-185.63,upbit/candles-days+fawazahmed0
2026-06-27,BTCTurk,TRY,46.534,46.634275,-21.5,btcturk/v2-ohlc+fawazahmed0
2026-06-27,Bitkub,THB,33.3,33.379386,-23.78,bitkub/tv-history+fawazahmed0
2026-06-27,Bitso,MXN,17.516,17.504142,6.77,bitso/v3-ohlc+fawazahmed0
2026-06-27,Indodax,IDR,17950.0,17838.968337,62.24,indodax/history_v2+fawazahmed0
2026-06-27,Upbit,KRW,1517.0,1535.701249,-121.78,upbit/candles-days+fawazahmed0
2026-06-28,BTCTurk,TRY,46.561,46.634055,-15.67,btcturk/v2-ohlc+fawazahmed0
2026-06-28,Bitkub,THB,33.37,33.381877,-3.56,bitkub/tv-history+fawazahmed0
2026-06-28,Bitso,MXN,17.468,17.504156,-20.66,bitso/v3-ohlc+fawazahmed0
2026-06-28,Indodax,IDR,17960.0,17897.325323,35.02,indodax/history_v2+fawazahmed0
2026-06-28,Upbit,KRW,1515.0,1535.705846,-134.83,upbit/candles-days+fawazahmed0
2026-06-29,BTCTurk,TRY,46.513,46.634584,-26.07,btcturk/v2-ohlc+fawazahmed0
2026-06-29,Bitkub,THB,33.19,33.35517,-49.52,bitkub/tv-history+fawazahmed0
2026-06-29,Bitso,MXN,17.45,17.502642,-30.08,bitso/v3-ohlc+fawazahmed0
2026-06-29,Indodax,IDR,17918.0,17854.512808,35.56,indodax/history_v2+fawazahmed0
2026-06-29,Upbit,KRW,1513.0,1544.271533,-202.5,upbit/candles-days+fawazahmed0
2026-06-30,BTCTurk,TRY,46.487,46.648018,-34.52,btcturk/v2-ohlc+fawazahmed0
2026-06-30,Bitkub,THB,33.2,33.269812,-20.98,bitkub/tv-history+fawazahmed0
2026-06-30,Bitso,MXN,17.497,17.490321,3.82,bitso/v3-ohlc+fawazahmed0
2026-06-30,Indodax,IDR,17945.0,17899.487195,25.43,indodax/history_v2+fawazahmed0
2026-06-30,Upbit,KRW,1523.0,1548.619821,-165.44,upbit/candles-days+fawazahmed0
2026-07-01,BTCTurk,TRY,46.435,46.67148,-50.67,btcturk/v2-ohlc+fawazahmed0
2026-07-01,Bitkub,THB,33.26,33.314307,-16.3,bitkub/tv-history+fawazahmed0
2026-07-01,Bitso,MXN,17.517,17.531856,-8.47,bitso/v3-ohlc+fawazahmed0
2026-07-01,Indodax,IDR,17980.0,17946.241108,18.81,indodax/history_v2+fawazahmed0
2026-07-01,Upbit,KRW,1519.0,1556.462049,-240.69,upbit/candles-days+fawazahmed0
2026-07-02,BTCTurk,TRY,46.46,46.688102,-48.86,btcturk/v2-ohlc+fawazahmed0
2026-07-02,Bitkub,THB,33.11,33.309655,-59.94,bitkub/tv-history+fawazahmed0
2026-07-02,Bitso,MXN,17.401,17.531705,-74.55,bitso/v3-ohlc+fawazahmed0
2026-07-02,Indodax,IDR,17934.0,17983.799625,-27.69,indodax/history_v2+fawazahmed0
2026-07-02,Upbit,KRW,1509.0,1553.340048,-285.45,upbit/candles-days+fawazahmed0
2026-07-03,BTCTurk,TRY,46.504,46.778568,-58.7,btcturk/v2-ohlc+fawazahmed0
2026-07-03,Bitkub,THB,33.12,33.176853,-17.14,bitkub/tv-history+fawazahmed0
2026-07-03,Bitso,MXN,17.463,17.445421,10.08,bitso/v3-ohlc+fawazahmed0
2026-07-03,Indodax,IDR,17901.0,17959.855019,-32.77,indodax/history_v2+fawazahmed0
2026-07-03,Upbit,KRW,1508.0,1544.038018,-233.4,upbit/candles-days+fawazahmed0
2026-07-04,BTCTurk,TRY,46.448,46.927342,-102.15,btcturk/v2-ohlc+fawazahmed0
2026-07-04,Bitkub,THB,32.97,33.239924,-81.2,bitkub/tv-history+fawazahmed0
2026-07-04,Bitso,MXN,17.461,17.470652,-5.52,bitso/v3-ohlc+fawazahmed0
2026-07-04,Indodax,IDR,17808.0,18000.151305,-106.75,indodax/history_v2+fawazahmed0
2026-07-04,Upbit,KRW,1508.0,1527.111504,-125.15,upbit/candles-days+fawazahmed0
2026-07-05,BTCTurk,TRY,46.576,46.861282,-60.88,btcturk/v2-ohlc+fawazahmed0
2026-07-05,Bitkub,THB,33.11,33.174924,-19.57,bitkub/tv-history+fawazahmed0
2026-07-05,Bitso,MXN,17.455,17.469477,-8.29,bitso/v3-ohlc+fawazahmed0
2026-07-05,Indodax,IDR,17770.0,17994.434745,-124.72,indodax/history_v2+fawazahmed0
2026-07-05,Upbit,KRW,1505.0,1527.344779,-146.3,upbit/candles-days+fawazahmed0
2026-07-06,BTCTurk,TRY,46.65,46.815447,-35.34,btcturk/v2-ohlc+fawazahmed0
2026-07-06,Bitkub,THB,33.17,33.240277,-21.14,bitkub/tv-history+fawazahmed0
2026-07-06,Bitso,MXN,17.385,17.479319,-53.96,bitso/v3-ohlc+fawazahmed0
2026-07-06,Indodax,IDR,17896.0,17992.49698,-53.63,indodax/history_v2+fawazahmed0
2026-07-06,Upbit,KRW,1502.0,1532.859825,-201.32,upbit/candles-days+fawazahmed0
2026-07-07,BTCTurk,TRY,46.822,46.834919,-2.76,btcturk/v2-ohlc+fawazahmed0
2026-07-07,Bitkub,THB,33.24,33.321881,-24.57,bitkub/tv-history+fawazahmed0
2026-07-07,Bitso,MXN,17.489,17.394363,54.41,bitso/v3-ohlc+fawazahmed0
2026-07-07,Indodax,IDR,17887.0,17987.730632,-56.0,indodax/history_v2+fawazahmed0
2026-07-07,Upbit,KRW,1500.0,1522.764001,-149.49,upbit/candles-days+fawazahmed0
2026-07-08,BTCTurk,TRY,46.823,46.853386,-6.49,btcturk/v2-ohlc+fawazahmed0
2026-07-08,Bitkub,THB,33.44,33.359553,24.12,bitkub/tv-history+fawazahmed0
2026-07-08,Bitso,MXN,17.531,17.491281,22.71,bitso/v3-ohlc+fawazahmed0
2026-07-08,Indodax,IDR,18022.0,17996.325653,14.27,indodax/history_v2+fawazahmed0
2026-07-08,Upbit,KRW,1493.0,1508.806268,-104.76,upbit/candles-days+fawazahmed0
2026-07-09,BTCTurk,TRY,46.849,46.871276,-4.75,btcturk/v2-ohlc+fawazahmed0
2026-07-09,Bitkub,THB,33.32,33.494904,-52.22,bitkub/tv-history+fawazahmed0
2026-07-09,Bitso,MXN,17.502,17.557124,-31.4,bitso/v3-ohlc+fawazahmed0
2026-07-09,Indodax,IDR,17998.0,18087.988502,-49.75,indodax/history_v2+fawazahmed0
2026-07-09,Upbit,KRW,1493.0,1506.005248,-86.36,upbit/candles-days+fawazahmed0
2026-07-10,BTCTurk,TRY,46.896,46.950255,-11.56,btcturk/v2-ohlc+fawazahmed0
2026-07-10,Bitkub,THB,33.23,33.32019,-27.07,bitkub/tv-history+fawazahmed0
2026-07-10,Bitso,MXN,17.454,17.50425,-28.71,bitso/v3-ohlc+fawazahmed0
2026-07-10,Indodax,IDR,18001.0,18063.561348,-34.63,indodax/history_v2+fawazahmed0
2026-07-10,Upbit,KRW,1490.0,1509.037979,-126.16,upbit/candles-days+fawazahmed0
2026-07-11,BTCTurk,TRY,46.883,46.988051,-22.36,btcturk/v2-ohlc+fawazahmed0
2026-07-11,Bitkub,THB,33.22,33.290919,-21.3,bitkub/tv-history+fawazahmed0
2026-07-11,Bitso,MXN,17.458,17.47368,-8.97,bitso/v3-ohlc+fawazahmed0
2026-07-11,Indodax,IDR,17927.0,18075.28644,-82.04,indodax/history_v2+fawazahmed0
2026-07-11,Upbit,KRW,1493.0,1499.45163,-43.03,upbit/candles-days+fawazahmed0
2026-07-12,BTCTurk,TRY,46.927,46.998673,-15.25,btcturk/v2-ohlc+fawazahmed0
2026-07-12,Bitkub,THB,33.33,33.309853,6.05,bitkub/tv-history+fawazahmed0
2026-07-12,Bitso,MXN,17.514,17.470769,24.74,bitso/v3-ohlc+fawazahmed0
2026-07-12,Indodax,IDR,17958.0,18086.635587,-71.12,indodax/history_v2+fawazahmed0
2026-07-12,Upbit,KRW,1490.0,1498.753194,-58.4,upbit/candles-days+fawazahmed0
2026-07-13,BTCTurk,TRY,46.968,47.000681,-6.95,btcturk/v2-ohlc+fawazahmed0
2026-07-13,Bitkub,THB,33.41,33.381586,8.51,bitkub/tv-history+fawazahmed0
2026-07-13,Bitso,MXN,17.473,17.521818,-27.86,bitso/v3-ohlc+fawazahmed0
2026-07-13,Indodax,IDR,18099.0,18129.141257,-16.63,indodax/history_v2+fawazahmed0
2026-07-13,Upbit,KRW,1482.0,1508.23113,-173.92,upbit/candles-days+fawazahmed0
2026-07-14,BTCTurk,TRY,46.958,47.029433,-15.19,btcturk/v2-ohlc+fawazahmed0
2026-07-14,Bitkub,THB,33.35,33.5017,-45.28,bitkub/tv-history+fawazahmed0
2026-07-14,Bitso,MXN,17.4,17.509232,-62.39,bitso/v3-ohlc+fawazahmed0
2026-07-14,Indodax,IDR,18010.0,18098.53638,-48.92,indodax/history_v2+fawazahmed0
2026-07-14,Upbit,KRW,1469.0,1492.189874,-155.41,upbit/candles-days+fawazahmed0
2026-07-15,BTCTurk,TRY,46.919,47.033963,-24.44,btcturk/v2-ohlc+fawazahmed0
2026-07-15,Bitkub,THB,33.5,33.486533,4.02,bitkub/tv-history+fawazahmed0
2026-07-15,Bitso,MXN,17.38,17.411043,-17.83,bitso/v3-ohlc+fawazahmed0
2026-07-15,Indodax,IDR,18052.0,18052.248092,-0.14,indodax/history_v2+fawazahmed0
2026-07-15,Upbit,KRW,1470.0,1489.785338,-132.81,upbit/candles-days+fawazahmed0
2026-07-16,BTCTurk,TRY,46.987,47.043715,-12.06,btcturk/v2-ohlc+fawazahmed0
2026-07-16,Bitkub,THB,33.53,33.603246,-21.8,bitkub/tv-history+fawazahmed0
2026-07-16,Bitso,MXN,17.427,17.394842,18.49,bitso/v3-ohlc+fawazahmed0
2026-07-16,Indodax,IDR,17998.0,18063.98806,-36.53,indodax/history_v2+fawazahmed0
2026-07-16,Upbit,KRW,1473.0,1484.02537,-74.29,upbit/candles-days+fawazahmed0
2026-07-17,BTCTurk,TRY,47.166,47.139267,5.67,btcturk/v2-ohlc+fawazahmed0
2026-07-17,Bitkub,THB,33.6,33.62088,-6.21,bitkub/tv-history+fawazahmed0
2026-07-17,Bitso,MXN,17.556,17.43878,67.22,bitso/v3-ohlc+fawazahmed0
2026-07-17,Indodax,IDR,17999.0,17961.944824,20.63,indodax/history_v2+fawazahmed0
2026-07-17,Upbit,KRW,1475.0,1480.425504,-36.65,upbit/candles-days+fawazahmed0
2026-07-18,BTCTurk,TRY,47.158,47.160133,-0.45,btcturk/v2-ohlc+fawazahmed0
2026-07-18,Bitkub,THB,33.59,33.63791,-14.24,bitkub/tv-history+fawazahmed0
2026-07-18,Bitso,MXN,17.567,17.544477,12.84,bitso/v3-ohlc+fawazahmed0
2026-07-18,Indodax,IDR,17941.0,17936.946103,2.26,indodax/history_v2+fawazahmed0
2026-07-18,Upbit,KRW,1475.0,1487.564873,-84.47,upbit/candles-days+fawazahmed0
2026-07-19,BTCTurk,TRY,47.151,47.158993,-1.69,btcturk/v2-ohlc+fawazahmed0
2026-07-19,Bitkub,THB,33.6,33.616941,-5.04,bitkub/tv-history+fawazahmed0
2026-07-19,Bitso,MXN,17.514,17.535618,-12.33,bitso/v3-ohlc+fawazahmed0
2026-07-19,Indodax,IDR,17938.0,17982.998397,-25.02,indodax/history_v2+fawazahmed0
2026-07-19,Upbit,KRW,1471.0,1487.632275,-111.8,upbit/candles-days+fawazahmed0
2026-07-20,BTCTurk,TRY,47.063,47.172382,-23.19,btcturk/v2-ohlc+fawazahmed0
2026-07-20,Bitkub,THB,33.59,33.61473,-7.36,bitkub/tv-history+fawazahmed0
2026-07-20,Bitso,MXN,17.384,17.510577,-72.29,bitso/v3-ohlc+fawazahmed0
2026-07-20,Indodax,IDR,17916.0,17968.611013,-29.28,indodax/history_v2+fawazahmed0
2026-07-20,Upbit,KRW,1461.0,1481.923979,-141.19,upbit/candles-days+fawazahmed0
2026-07-21,BTCTurk,TRY,47.151,47.195973,-9.53,btcturk/v2-ohlc+fawazahmed0
2026-07-21,Bitkub,THB,33.62,33.653656,-10.0,bitkub/tv-history+fawazahmed0
2026-07-21,Bitso,MXN,17.384,17.414683,-17.62,bitso/v3-ohlc+fawazahmed0
2026-07-21,Indodax,IDR,17924.0,17938.484664,-8.07,indodax/history_v2+fawazahmed0
2026-07-21,Upbit,KRW,1461.0,1476.291119,-103.58,upbit/candles-days+fawazahmed0
2026-07-22,BTCTurk,TRY,47.153,47.212846,-12.68,btcturk/v2-ohlc+fawazahmed0
2026-07-22,Bitkub,THB,33.75,33.793277,-12.81,bitkub/tv-history+fawazahmed0
2026-07-22,Bitso,MXN,17.378,17.397242,-11.06,bitso/v3-ohlc+fawazahmed0
2026-07-22,Indodax,IDR,17887.0,17908.352816,-11.92,indodax/history_v2+fawazahmed0
2026-07-22,Upbit,KRW,1462.0,1482.549938,-138.61,upbit/candles-days+fawazahmed0
2026-07-23,BTCTurk,TRY,47.273,47.231953,8.69,btcturk/v2-ohlc+fawazahmed0
2026-07-23,Bitkub,THB,33.79,33.762612,8.11,bitkub/tv-history+fawazahmed0
2026-07-23,Bitso,MXN,17.493,17.385456,61.86,bitso/v3-ohlc+fawazahmed0
2026-07-23,Indodax,IDR,17954.0,17892.43395,34.41,indodax/history_v2+fawazahmed0
2026-07-23,Upbit,KRW,1466.0,1467.99125,-13.56,upbit/candles-days+fawazahmed0
2026-07-24,BTCTurk,TRY,47.338,47.32085,3.62,btcturk/v2-ohlc+fawazahmed0
2026-07-24,Bitkub,THB,33.56,33.818417,-76.41,bitkub/tv-history+fawazahmed0
2026-07-24,Bitso,MXN,17.466,17.518832,-30.16,bitso/v3-ohlc+fawazahmed0
2026-07-24,Indodax,IDR,17910.0,17976.721093,-37.12,indodax/history_v2+fawazahmed0
2026-07-24,Upbit,KRW,1463.0,1464.353345,-9.24,upbit/candles-days+fawazahmed0
2026-07-25,BTCTurk,TRY,47.3,47.352199,-11.02,btcturk/v2-ohlc+fawazahmed0
2026-07-25,Bitkub,THB,33.63,33.745041,-34.09,bitkub/tv-history+fawazahmed0
2026-07-25,Bitso,MXN,17.475,17.480323,-3.05,bitso/v3-ohlc+fawazahmed0
2026-07-25,Indodax,IDR,17900.0,17939.172988,-21.84,indodax/history_v2+fawazahmed0
2026-07-25,Upbit,KRW,1465.0,1459.136234,40.19,upbit/candles-days+fawazahmed0
2026-07-26,BTCTurk,TRY,47.301,47.367315,-14.0,btcturk/v2-ohlc+fawazahmed0
2026-07-26,Bitkub,THB,33.68,33.743472,-18.81,bitkub/tv-history+fawazahmed0
2026-07-26,Bitso,MXN,17.412,17.484561,-41.5,bitso/v3-ohlc+fawazahmed0
2026-07-26,Indodax,IDR,17850.0,17920.20459,-39.18,indodax/history_v2+fawazahmed0
2026-07-26,Upbit,KRW,1454.0,1459.120292,-35.09,upbit/candles-days+fawazahmed0
2026-07-27,BTCTurk,TRY,47.313,47.357759,-9.45,btcturk/v2-ohlc+fawazahmed0
2026-07-27,Bitkub,THB,33.57,33.564192,1.73,bitkub/tv-history+fawazahmed0
2026-07-27,Bitso,MXN,17.454,17.440968,7.47,bitso/v3-ohlc+fawazahmed0
2026-07-27,Indodax,IDR,17969.0,18002.195253,-18.44,indodax/history_v2+fawazahmed0
2026-07-27,Upbit,KRW,1460.0,1466.7075,-45.73,upbit/candles-days+fawazahmed0
2026-07-28,BTCTurk,TRY,47.345,47.371291,-5.55,btcturk/v2-ohlc+fawazahmed0
2026-07-28,Bitkub,THB,33.42,33.633212,-63.39,bitkub/tv-history+fawazahmed0
2026-07-28,Bitso,MXN,17.416,17.459143,-24.71,bitso/v3-ohlc+fawazahmed0
2026-07-28,Indodax,IDR,17978.0,18084.307967,-58.78,indodax/history_v2+fawazahmed0
2026-07-28,Upbit,KRW,1450.0,1463.795575,-94.25,upbit/candles-days+fawazahmed0
2026-07-29,BTCTurk,TRY,47.321,47.392784,-15.15,btcturk/v2-ohlc+fawazahmed0
2026-07-29,Bitkub,THB,33.5,33.481226,5.61,bitkub/tv-history+fawazahmed0
2026-07-29,Bitso,MXN,17.442,17.444939,-1.68,bitso/v3-ohlc+fawazahmed0
2026-07-29,Indodax,IDR,17983.0,18091.407962,-59.92,indodax/history_v2+fawazahmed0
2026-07-29,Upbit,KRW,1430.0,1452.081549,-152.07,upbit/candles-days+fawazahmed0
2026-07-30,BTCTurk,TRY,47.312,47.413881,-21.49,btcturk/v2-ohlc+fawazahmed0
2026-07-30,Bitkub,THB,33.34,33.481308,-42.21,bitkub/tv-history+fawazahmed0
2026-07-30,Bitso,MXN,17.318,17.440442,-70.21,bitso/v3-ohlc+fawazahmed0
2026-07-30,Indodax,IDR,17952.0,18066.547393,-63.4,indodax/history_v2+fawazahmed0
2026-07-30,Upbit,KRW,1415.0,1444.788922,-206.18,upbit/candles-days+fawazahmed0
2026-07-31,BTCTurk,TRY,47.431,47.500796,-14.69,btcturk/v2-ohlc+fawazahmed0
2026-07-31,Bitkub,THB,33.44,33.481739,-12.47,bitkub/tv-history+fawazahmed0
2026-07-31,Bitso,MXN,17.331,17.343535,-7.23,bitso/v3-ohlc+fawazahmed0
2026-07-31,Indodax,IDR,17959.0,18069.18953,-60.98,indodax/history_v2+fawazahmed0
2026-07-31,Upbit,KRW,1437.0,1437.694878,-4.83,upbit/candles-days+fawazahmed0
2026-08-01,BTCTurk,TRY,47.488,47.583249,-20.02,btcturk/v2-ohlc+fawazahmed0
2026-08-01,Bitkub,THB,33.45,33.442545,2.23,bitkub/tv-history+fawazahmed0
2026-08-01,Bitso,MXN,17.323,17.344805,-12.57,bitso/v3-ohlc+fawazahmed0
2026-08-01,Indodax,IDR,17957.0,18024.175298,-37.27,indodax/history_v2+fawazahmed0
2026-08-01,Upbit,KRW,1442.0,1443.034344,-7.17,upbit/candles-days+fawazahmed0
2026-08-02,BTCTurk,TRY,47.412,47.55904,-30.92,btcturk/v2-ohlc+fawazahmed0
2026-08-02,Bitkub,THB,33.43,33.419105,3.26,bitkub/tv-history+fawazahmed0
2026-08-02,Bitso,MXN,17.281,17.346492,-37.76,bitso/v3-ohlc+fawazahmed0
2026-08-02,Indodax,IDR,17908.0,18053.212371,-80.44,indodax/history_v2+fawazahmed0
2026-08-02,Upbit,KRW,1431.0,1441.940923,-75.88,upbit/candles-days+fawazahmed0
2026-08-03,BTCTurk,TRY,47.394,47.538788,-30.46,btcturk/v2-ohlc+fawazahmed0
2026-08-03,Bitkub,THB,33.36,33.344693,4.59,bitkub/tv-history+fawazahmed0
2026-08-03,Bitso,MXN,17.285,17.319545,-19.95,bitso/v3-ohlc+fawazahmed0
2026-08-03,Indodax,IDR,17870.0,17989.437809,-66.39,indodax/history_v2+fawazahmed0
2026-08-03,Upbit,KRW,1424.0,1431.585662,-52.99,upbit/candles-days+fawazahmed0
2026-08-04,BTCTurk,TRY,47.419,47.549911,-27.53,btcturk/v2-ohlc+fawazahmed0
2026-08-04,Bitkub,THB,33.23,33.42842,-59.36,bitkub/tv-history+fawazahmed0
2026-08-04,Bitso,MXN,17.229,17.310623,-47.15,bitso/v3-ohlc+fawazahmed0
2026-08-04,Indodax,IDR,17920.0,18035.768863,-64.19,indodax/history_v2+fawazahmed0
2026-08-04,Upbit,KRW,1423.0,1428.456276,-38.2,upbit/candles-days+fawazahmed0
2026-08-05,BTCTurk,TRY,47.454,47.56832,-24.03,btcturk/v2-ohlc+fawazahmed0
2026-08-05,Bitkub,THB,33.05,33.182269,-39.86,bitkub/tv-history+fawazahmed0
2026-08-05,Bitso,MXN,17.225,17.245342,-11.8,bitso/v3-ohlc+fawazahmed0
2026-08-05,Indodax,IDR,17848.0,17937.343032,-49.81,indodax/history_v2+fawazahmed0
2026-08-05,Upbit,KRW,1418.0,1423.981475,-42.01,upbit/candles-days+fawazahmed0
2026-08-06,BTCTurk,TRY,47.527,47.593995,-14.08,btcturk/v2-ohlc+fawazahmed0
2026-08-06,Bitkub,THB,33.12,33.077209,12.94,bitkub/tv-history+fawazahmed0
2026-08-06,Bitso,MXN,17.18,17.241543,-35.69,bitso/v3-ohlc+fawazahmed0
2026-08-06,Indodax,IDR,17835.0,17912.620262,-43.33,indodax/history_v2+fawazahmed0
2026-08-06,Upbit,KRW,1419.0,1418.637614,2.55,upbit/candles-days+fawazahmed0
2026-08-07,BTCTurk,TRY,47.665,47.69812,-6.94,btcturk/v2-ohlc+fawazahmed0
2026-08-07,Bitkub,THB,32.98,33.139448,-48.11,bitkub/tv-history+fawazahmed0
2026-08-07,Bitso,MXN,17.158,17.203622,-26.52,bitso/v3-ohlc+fawazahmed0
2026-08-07,Indodax,IDR,17792.0,17940.905597,-83.0,indodax/history_v2+fawazahmed0
2026-08-07,Upbit,KRW,1407.0,1419.492738,-88.01,upbit/candles-days+fawazahmed0
2026-08-08,BTCTurk,TRY,47.596,47.876667,-58.62,btcturk/v2-ohlc+fawazahmed0
2026-08-08,Bitkub,THB,33.13,32.993649,41.33,bitkub/tv-history+fawazahmed0
2026-08-08,Bitso,MXN,17.165,17.137925,15.8,bitso/v3-ohlc+fawazahmed0
2026-08-08,Indodax,IDR,17721.0,17796.260726,-42.29,indodax/history_v2+fawazahmed0
2026-08-08,Upbit,KRW,1406.0,1407.699138,-12.07,upbit/candles-days+fawazahmed0
2026-08-09,BTCTurk,TRY,47.607,47.796,-39.54,btcturk/v2-ohlc+fawazahmed0
2026-08-09,Bitkub,THB,33.14,33.048052,27.82,bitkub/tv-history+fawazahmed0
2026-08-09,Bitso,MXN,17.153,17.136911,9.39,bitso/v3-ohlc+fawazahmed0
2026-08-09,Indodax,IDR,17705.0,17891.823705,-104.42,indodax/history_v2+fawazahmed0
2026-08-09,Upbit,KRW,1404.0,1407.760564,-26.71,upbit/candles-days+fawazahmed0
2026-08-10,BTCTurk,TRY,47.609,47.714795,-22.17,btcturk/v2-ohlc+fawazahmed0
2026-08-10,Bitkub,THB,33.08,33.007438,21.98,bitkub/tv-history+fawazahmed0
2026-08-10,Bitso,MXN,17.138,17.143485,-3.2,bitso/v3-ohlc+fawazahmed0
2026-08-10,Indodax,IDR,17637.0,17817.06433,-101.06,indodax/history_v2+fawazahmed0
2026-08-10,Upbit,KRW,1410.0,1416.003779,-42.4,upbit/candles-days+fawazahmed0
