hour_utc,ccy,published_pct,board_pct,gap_pts,boards
2026-09-10T07:00:00Z,ARS,6.1451,5.1059,-1.0392,binance
2026-09-10T07:00:00Z,IDR,0.0283,0.0426,0.0143,binance
2026-09-10T07:00:00Z,MXN,-0.0221,0.5993,0.6214,binance
2026-09-10T07:00:00Z,PHP,-0.0204,-0.0125,0.0079,binance
2026-09-10T07:00:00Z,TRY,-0.0717,3.7356,3.8073,binance
2026-09-10T07:00:00Z,VES,16.8086,16.6735,-0.1351,binance
2026-09-10T08:00:00Z,ARS,6.1657,5.1771,-0.9886,binance
2026-09-10T08:00:00Z,IDR,0.0969,-0.0288,-0.1257,binance
2026-09-10T08:00:00Z,MXN,0.0312,0.9248,0.8936,binance
2026-09-10T08:00:00Z,PHP,0.0115,0.0595,0.048,binance
2026-09-10T08:00:00Z,TRY,-0.0274,4.7559,4.7833,binance
2026-09-10T08:00:00Z,VES,16.7197,16.7037,-0.016,binance
2026-09-10T09:00:00Z,ARS,6.2719,5.1847,-1.0872,binance
2026-09-10T09:00:00Z,IDR,0.1026,-0.0602,-0.1628,binance
2026-09-10T09:00:00Z,MXN,0.0608,0.9248,0.864,binance
2026-09-10T09:00:00Z,PHP,0.0595,0.1235,0.064,binance
2026-09-10T09:00:00Z,TRY,-0.05,3.8386,3.8886,binance
2026-09-10T09:00:00Z,VES,16.7679,16.6427,-0.1252,binance
2026-09-10T10:00:00Z,ARS,6.2188,5.1243,-1.0945,binance
2026-09-10T10:00:00Z,IDR,0.0141,-0.0688,-0.0829,binance
2026-09-10T10:00:00Z,INR,5.0188,7.9309,2.9121,binance
2026-09-10T10:00:00Z,MXN,-0.0102,0.836,0.8462,binance
2026-09-10T10:00:00Z,PHP,0.0755,0.1075,0.032,binance
2026-09-10T10:00:00Z,TRY,-0.0542,3.8386,3.8928,binance
2026-09-10T10:00:00Z,VES,16.5958,16.5829,-0.0129,binance
2026-09-10T11:00:00Z,ARS,6.2457,5.0151,-1.2306,binance
2026-09-10T11:00:00Z,IDR,0.214,0.0341,-0.1799,binance
2026-09-10T11:00:00Z,INR,5.0977,8.0676,2.9699,binance
2026-09-10T11:00:00Z,MXN,0.0371,0.836,0.7989,binance
2026-09-10T11:00:00Z,PHP,0.0755,0.0755,0.0,binance
2026-09-10T11:00:00Z,TRY,-0.0634,3.6634,3.7268,binance
2026-09-10T11:00:00Z,VES,16.5755,16.3231,-0.2524,binance
2026-09-10T12:00:00Z,ARS,6.2223,4.8428,-1.3795,binance
2026-09-10T12:00:00Z,IDR,0.2997,-0.0059,-0.3056,binance
2026-09-10T12:00:00Z,INR,5.0977,7.831,2.7333,binance
2026-09-10T12:00:00Z,MXN,0.1555,0.7768,0.6213,binance
2026-09-10T12:00:00Z,PHP,-0.0045,0.0915,0.096,binance
2026-09-10T12:00:00Z,TRY,-0.0614,3.5913,3.6527,binance
2026-09-10T12:00:00Z,VES,16.5201,16.2265,-0.2936,binance
2026-09-10T13:00:00Z,ARS,6.1375,4.8768,-1.2607,binance
2026-09-10T13:00:00Z,IDR,0.3854,0.0883,-0.2971,binance
2026-09-10T13:00:00Z,INR,5.1292,7.9782,2.849,binance
2026-09-10T13:00:00Z,MXN,0.4277,0.9839,0.5562,binance
2026-09-10T13:00:00Z,PHP,0.0595,0.0915,0.032,binance
2026-09-10T13:00:00Z,TRY,-0.0232,3.952,3.9752,binance
2026-09-10T13:00:00Z,VES,16.5309,16.4621,-0.0688,binance
2026-09-10T14:00:00Z,ARS,6.0671,4.8501,-1.217,binance
2026-09-10T14:00:00Z,IDR,0.314,0.0598,-0.2542,binance
2026-09-10T14:00:00Z,INR,5.2343,8.1937,2.9594,binance
2026-09-10T14:00:00Z,MXN,0.5342,1.0135,0.4793,binance
2026-09-10T14:00:00Z,PHP,0.0755,0.1075,0.032,binance
2026-09-10T14:00:00Z,TRY,-0.0675,4.5086,4.5761,binance
2026-09-10T14:00:00Z,VES,16.5981,16.4681,-0.13,binance
2026-09-10T15:00:00Z,ARS,6.1524,5.0286,-1.1238,binance
2026-09-10T15:00:00Z,IDR,0.3283,0.154,-0.1743,binance
2026-09-10T15:00:00Z,INR,5.2606,8.2516,2.991,binance
2026-09-10T15:00:00Z,MXN,0.404,0.8952,0.4912,binance
2026-09-10T15:00:00Z,PHP,0.0435,0.0755,0.032,binance
2026-09-10T15:00:00Z,TRY,-0.0057,4.5395,4.5452,binance
2026-09-10T15:00:00Z,VES,16.7995,16.5708,-0.2287,binance
2026-09-10T16:00:00Z,ARS,6.1153,4.9237,-1.1916,binance
2026-09-10T16:00:00Z,IDR,0.3425,0.2397,-0.1028,binance
2026-09-10T16:00:00Z,INR,5.1765,8.2095,3.033,binance
2026-09-10T16:00:00Z,MXN,0.3508,0.7768,0.426,binance
2026-09-10T16:00:00Z,PHP,0.1235,0.1075,-0.016,binance
2026-09-10T16:00:00Z,TRY,-0.0067,3.9108,3.9175,binance
2026-09-10T16:00:00Z,VES,16.7301,16.5074,-0.2227,binance
2026-09-10T17:00:00Z,ARS,6.0406,4.8108,-1.2298,binance
2026-09-10T17:00:00Z,IDR,0.3425,0.1969,-0.1456,binance
2026-09-10T17:00:00Z,INR,5.3552,8.0728,2.7176,binance
2026-09-10T17:00:00Z,MXN,0.2857,0.6585,0.3728,binance
2026-09-10T17:00:00Z,PHP,0.0915,0.2115,0.12,binance
2026-09-10T17:00:00Z,TRY,-0.0057,4.2509,4.2566,binance
2026-09-10T17:00:00Z,VES,16.5863,16.5575,-0.0288,binance
2026-09-10T18:00:00Z,ARS,6.0687,4.9587,-1.11,binance
2026-09-10T18:00:00Z,IDR,0.3425,0.2112,-0.1313,binance
2026-09-10T18:00:00Z,INR,5.2554,8.0833,2.8279,binance
2026-09-10T18:00:00Z,MXN,0.3034,0.6585,0.3551,binance
2026-09-10T18:00:00Z,PHP,0.0915,0.2674,0.1759,binance
2026-09-10T18:00:00Z,TRY,0.0067,3.684,3.6773,binance
2026-09-10T18:00:00Z,VES,16.7055,16.4467,-0.2588,binance
2026-09-10T19:00:00Z,ARS,6.2651,5.0673,-1.1978,binance
2026-09-10T19:00:00Z,IDR,0.3425,0.2112,-0.1313,binance
2026-09-10T19:00:00Z,INR,5.3658,9.1136,3.7478,binance
2026-09-10T19:00:00Z,MXN,0.3744,0.6585,0.2841,binance
2026-09-10T19:00:00Z,PHP,0.1075,0.2674,0.1599,binance
2026-09-10T19:00:00Z,TRY,-0.0057,4.4983,4.504,binance
2026-09-10T19:00:00Z,VES,16.6201,16.4621,-0.158,binance
2026-09-10T20:00:00Z,ARS,6.4024,5.0019,-1.4005,binance
2026-09-10T20:00:00Z,IDR,0.3425,0.3397,-0.0028,binance
2026-09-10T20:00:00Z,INR,5.3973,10.3279,4.9306,binance
2026-09-10T20:00:00Z,MXN,0.5283,0.6881,0.1598,binance
2026-09-10T20:00:00Z,PHP,0.1075,0.3474,0.2399,binance
2026-09-10T20:00:00Z,TRY,-0.0057,4.4983,4.504,binance
2026-09-10T20:00:00Z,VES,16.6699,16.3412,-0.3287,binance
2026-09-10T21:00:00Z,ARS,6.2868,4.9755,-1.3113,binance
2026-09-10T21:00:00Z,IDR,0.3425,0.3283,-0.0142,binance
2026-09-10T21:00:00Z,INR,5.392,10.3699,4.9779,binance
2026-09-10T21:00:00Z,MXN,0.475,0.6585,0.1835,binance
2026-09-10T21:00:00Z,PHP,0.0915,0.3234,0.2319,binance
2026-09-10T21:00:00Z,TRY,-0.0067,4.4983,4.505,binance
2026-09-10T21:00:00Z,VES,16.6689,16.3884,-0.2805,binance
2026-09-10T22:00:00Z,ARS,6.2538,4.9801,-1.2737,binance
2026-09-10T22:00:00Z,IDR,0.3425,0.3454,0.0029,binance
2026-09-10T22:00:00Z,INR,5.3447,10.3857,5.041,binance
2026-09-10T22:00:00Z,MXN,0.4514,0.6585,0.2071,binance
2026-09-10T22:00:00Z,PHP,0.0915,0.2834,0.1919,binance
2026-09-10T22:00:00Z,TRY,0.0046,4.4983,4.4937,binance
2026-09-10T22:00:00Z,VES,16.7763,16.462,-0.3143,binance
2026-09-10T23:00:00Z,ARS,6.3132,4.9425,-1.3707,binance
2026-09-10T23:00:00Z,IDR,0.3397,0.4139,0.0742,binance
2026-09-10T23:00:00Z,INR,5.3973,10.6065,5.2092,binance
2026-09-10T23:00:00Z,MXN,0.4987,0.6585,0.1598,binance
2026-09-10T23:00:00Z,PHP,0.0915,0.3714,0.2799,binance
2026-09-10T23:00:00Z,TRY,0.0211,4.6116,4.5905,binance
2026-09-10T23:00:00Z,VES,16.8294,16.3292,-0.5002,binance
2026-09-11T00:00:00Z,ARS,6.2933,4.9419,-1.3514,binance
2026-09-11T00:00:00Z,IDR,0.0182,0.4368,0.4186,binance
2026-09-11T00:00:00Z,INR,5.0635,10.3857,5.3222,binance
2026-09-11T00:00:00Z,MXN,0.073,0.7176,0.6446,binance
2026-09-11T00:00:00Z,PHP,-0.1335,0.4194,0.5529,binance
2026-09-11T00:00:00Z,TRY,-0.0983,6.1576,6.2559,binance
2026-09-11T00:00:00Z,VES,16.0117,16.2138,0.2021,binance
2026-09-11T01:00:00Z,ARS,6.2937,5.0895,-1.2042,binance
2026-09-11T01:00:00Z,IDR,0.0894,0.0096,-0.0798,binance
2026-09-11T01:00:00Z,INR,5.0425,9.8795,4.837,binance
2026-09-11T01:00:00Z,MXN,0.0435,0.3028,0.2593,binance
2026-09-11T01:00:00Z,PHP,0.0261,0.0899,0.0638,binance
2026-09-11T01:00:00Z,TRY,-0.1158,6.63,6.7458,binance
2026-09-11T01:00:00Z,VES,16.2023,15.7374,-0.4649,binance
2026-09-11T02:00:00Z,ARS,6.317,5.0895,-1.2275,binance
2026-09-11T02:00:00Z,IDR,0.0552,-0.0302,-0.0854,binance
2026-09-11T02:00:00Z,INR,4.9588,9.8324,4.8736,binance
2026-09-11T02:00:00Z,MXN,0.0848,0.3028,0.218,binance
2026-09-11T02:00:00Z,PHP,0.0899,0.1138,0.0239,binance
2026-09-11T02:00:00Z,TRY,-0.1117,6.9802,7.0919,binance
2026-09-11T02:00:00Z,VES,16.0297,15.7524,-0.2773,binance
2026-09-11T03:00:00Z,ARS,6.3124,5.0859,-1.2265,binance
2026-09-11T03:00:00Z,IDR,0.0438,-0.0131,-0.0569,binance
2026-09-11T03:00:00Z,INR,4.9849,9.0943,4.1094,binance
2026-09-11T03:00:00Z,MXN,0.1437,0.3618,0.2181,binance
2026-09-11T03:00:00Z,PHP,0.042,0.1218,0.0798,binance
2026-09-11T03:00:00Z,TRY,-0.0983,7.0214,7.1197,binance
2026-09-11T03:00:00Z,VES,16.0203,15.778,-0.2423,binance
2026-09-11T04:00:00Z,ARS,6.3319,5.0895,-1.2424,binance
2026-09-11T04:00:00Z,IDR,0.2545,0.0694,-0.1851,binance
2026-09-11T04:00:00Z,INR,4.9797,8.6703,3.6906,binance
2026-09-11T04:00:00Z,MXN,0.1614,0.4207,0.2593,binance
2026-09-11T04:00:00Z,PHP,0.058,0.1138,0.0558,binance
2026-09-11T04:00:00Z,TRY,-0.054,6.7742,6.8282,binance
2026-09-11T04:00:00Z,VES,16.0096,15.7794,-0.2302,binance
2026-09-11T05:00:00Z,ARS,6.3781,5.2217,-1.1564,binance
2026-09-11T05:00:00Z,IDR,0.2061,0.1605,-0.0456,binance
2026-09-11T05:00:00Z,INR,4.7912,8.5917,3.8005,binance
2026-09-11T05:00:00Z,MXN,0.0966,0.4207,0.3241,binance
2026-09-11T05:00:00Z,PHP,0.058,0.1059,0.0479,binance
2026-09-11T05:00:00Z,TRY,-0.088,5.8063,5.8943,binance
2026-09-11T05:00:00Z,VES,16.015,15.7608,-0.2542,binance
2026-09-11T06:00:00Z,ARS,6.3773,5.2343,-1.143,binance
2026-09-11T06:00:00Z,IDR,0.0723,0.0552,-0.0171,binance
2026-09-11T06:00:00Z,INR,4.7389,7.7961,3.0572,binance
2026-09-11T06:00:00Z,MXN,-0.0154,0.4207,0.4361,binance
2026-09-11T06:00:00Z,PHP,0.042,0.2016,0.1596,binance
2026-09-11T06:00:00Z,TRY,-0.1004,5.4664,5.5668,binance
2026-09-11T06:00:00Z,VES,16.0064,15.8305,-0.1759,binance
2026-09-11T07:00:00Z,ARS,6.3126,5.2343,-1.0783,binance
2026-09-11T07:00:00Z,IDR,0.1776,0.0125,-0.1651,binance
2026-09-11T07:00:00Z,INR,5.0006,7.6599,2.6593,binance
2026-09-11T07:00:00Z,MXN,-0.0566,0.5091,0.5657,binance
2026-09-11T07:00:00Z,PHP,0.058,0.1537,0.0957,binance
2026-09-11T07:00:00Z,TRY,-0.1148,5.4355,5.5503,binance
2026-09-11T07:00:00Z,VES,15.9015,15.81,-0.0915,binance
2026-09-11T08:00:00Z,ARS,6.3193,5.3271,-0.9922,binance
2026-09-11T08:00:00Z,IDR,0.0125,0.0239,0.0114,binance
2026-09-11T08:00:00Z,INR,4.9535,7.728,2.7745,binance
2026-09-11T08:00:00Z,MXN,-0.1038,0.568,0.6718,binance
2026-09-11T08:00:00Z,PHP,0.058,0.2415,0.1835,binance
2026-09-11T08:00:00Z,TRY,-0.1065,4.3646,4.4711,binance
2026-09-11T08:00:00Z,VES,15.7774,15.9115,0.1341,binance
2026-09-11T09:00:00Z,ARS,6.389,5.3258,-1.0632,binance
2026-09-11T09:00:00Z,IDR,-0.0103,0.0068,0.0171,binance
2026-09-11T09:00:00Z,INR,4.5923,7.6599,3.0676,binance
2026-09-11T09:00:00Z,MXN,-0.0743,0.568,0.6423,binance
2026-09-11T09:00:00Z,PHP,0.0101,0.2335,0.2234,binance
2026-09-11T09:00:00Z,TRY,-0.121,4.9207,5.0417,binance
2026-09-11T09:00:00Z,VES,15.6993,15.8604,0.1611,binance
2026-09-11T10:00:00Z,ARS,6.3456,5.1887,-1.1569,binance
2026-09-11T10:00:00Z,IDR,-0.0103,0.021,0.0313,binance
2026-09-11T10:00:00Z,INR,4.9064,7.6547,2.7483,binance
2026-09-11T10:00:00Z,MXN,-0.1391,0.6859,0.825,binance
2026-09-11T10:00:00Z,PHP,0.0261,0.2176,0.1915,binance
2026-09-11T10:00:00Z,TRY,-0.0901,5.2193,5.3094,binance
2026-09-11T10:00:00Z,VES,15.6913,15.7974,0.1061,binance
2026-09-11T11:00:00Z,ARS,6.3429,5.1226,-1.2203,binance
2026-09-11T11:00:00Z,IDR,0.1036,-0.0302,-0.1338,binance
2026-09-11T11:00:00Z,INR,5.0373,7.5762,2.5389,binance
2026-09-11T11:00:00Z,MXN,-0.0684,0.6859,0.7543,binance
2026-09-11T11:00:00Z,PHP,-0.0058,0.1617,0.1675,binance
2026-09-11T11:00:00Z,TRY,-0.1179,5.0236,5.1415,binance
2026-09-11T11:00:00Z,VES,15.9683,15.5992,-0.3691,binance
2026-09-11T12:00:00Z,ARS,6.3332,5.1292,-1.204,binance
2026-09-11T12:00:00Z,IDR,0.1378,-0.0786,-0.2164,binance
2026-09-11T12:00:00Z,INR,5.0006,7.5186,2.518,binance
2026-09-11T12:00:00Z,MXN,-0.039,0.568,0.607,binance
2026-09-11T12:00:00Z,PHP,-0.1016,0.1298,0.2314,binance
2026-09-11T12:00:00Z,TRY,-0.1086,5.4664,5.575,binance
2026-09-11T12:00:00Z,VES,16.4589,15.5509,-0.908,binance
2026-09-11T13:00:00Z,ARS,6.3567,5.347,-1.0097,binance
2026-09-11T13:00:00Z,IDR,0.1321,-0.0331,-0.1652,binance
2026-09-11T13:00:00Z,INR,4.5871,7.5029,2.9158,binance
2026-09-11T13:00:00Z,MXN,-0.2629,0.5386,0.8015,binance
2026-09-11T13:00:00Z,PHP,-0.0697,0.1059,0.1756,binance
2026-09-11T13:00:00Z,TRY,-0.018,5.1163,5.1343,binance
2026-09-11T13:00:00Z,VES,15.748,15.53,-0.218,binance
2026-09-11T14:00:00Z,ARS,6.2319,5.2878,-0.9441,binance
2026-09-11T14:00:00Z,IDR,0.1036,-0.0729,-0.1765,binance
2026-09-11T14:00:00Z,INR,4.6866,7.4872,2.8006,binance
2026-09-11T14:00:00Z,MXN,-0.1509,0.4796,0.6305,binance
2026-09-11T14:00:00Z,PHP,-0.0697,0.1617,0.2314,binance
2026-09-11T14:00:00Z,TRY,-0.0684,5.3326,5.401,binance
2026-09-11T14:00:00Z,VES,15.6943,14.8352,-0.8591,binance
2026-09-11T15:00:00Z,ARS,6.236,5.2597,-0.9763,binance
2026-09-11T15:00:00Z,IDR,0.0153,-0.1327,-0.148,binance
2026-09-11T15:00:00Z,INR,4.7441,7.8693,3.1252,binance
2026-09-11T15:00:00Z,MXN,-0.0684,0.4502,0.5186,binance
2026-09-11T15:00:00Z,PHP,-0.1175,0.1697,0.2872,binance
2026-09-11T15:00:00Z,TRY,-0.1158,5.5179,5.6337,binance
2026-09-11T15:00:00Z,VES,15.6488,15.0887,-0.5601,binance
2026-09-11T16:00:00Z,ARS,6.2529,5.192,-1.0609,binance
2026-09-11T16:00:00Z,IDR,0.1349,-0.1185,-0.2534,binance
2026-09-11T16:00:00Z,INR,4.7808,7.6338,2.853,binance
2026-09-11T16:00:00Z,MXN,-0.0802,0.3618,0.442,binance
2026-09-11T16:00:00Z,PHP,-0.1175,0.1777,0.2952,binance
2026-09-11T16:00:00Z,TRY,-0.0726,4.8074,4.88,binance
2026-09-11T16:00:00Z,VES,15.6437,15.2719,-0.3718,binance
2026-09-11T17:00:00Z,ARS,6.168,5.2221,-0.9459,binance
2026-09-11T17:00:00Z,IDR,0.1406,-0.1384,-0.279,binance
2026-09-11T17:00:00Z,INR,4.9221,7.6076,2.6855,binance
2026-09-11T17:00:00Z,MXN,-0.0036,0.3618,0.3654,binance
2026-09-11T17:00:00Z,PHP,-0.1175,0.1857,0.3032,binance
2026-09-11T17:00:00Z,TRY,-0.0458,5.0236,5.0694,binance
2026-09-11T17:00:00Z,VES,15.4721,15.2148,-0.2573,binance
2026-09-11T18:00:00Z,ARS,6.23,5.2158,-1.0142,binance
2026-09-11T18:00:00Z,IDR,0.1406,-0.127,-0.2676,binance
2026-09-11T18:00:00Z,INR,4.7651,7.7751,3.01,binance
2026-09-11T18:00:00Z,MXN,-0.0507,0.3028,0.3535,binance
2026-09-11T18:00:00Z,PHP,-0.1016,0.1936,0.2952,binance
2026-09-11T18:00:00Z,TRY,-0.0777,5.0236,5.1013,binance
2026-09-11T18:00:00Z,VES,15.5543,15.1938,-0.3605,binance
2026-09-11T19:00:00Z,ARS,6.5989,5.1867,-1.4122,binance
2026-09-11T19:00:00Z,IDR,0.1662,-0.1811,-0.3473,binance
2026-09-11T19:00:00Z,INR,4.6813,7.7699,3.0886,binance
2026-09-11T19:00:00Z,MXN,-0.0507,0.3028,0.3535,binance
2026-09-11T19:00:00Z,PHP,-0.1016,0.2176,0.3192,binance
2026-09-11T19:00:00Z,TRY,-0.0283,4.6015,4.6298,binance
2026-09-11T19:00:00Z,VES,15.5866,15.052,-0.5346,binance
2026-09-11T20:00:00Z,ARS,6.6241,5.2911,-1.333,binance
2026-09-11T20:00:00Z,IDR,0.1833,-0.2267,-0.41,binance
2026-09-11T20:00:00Z,INR,4.6813,9.2985,4.6172,binance
2026-09-11T20:00:00Z,MXN,0.0377,0.3028,0.2651,binance
2026-09-11T20:00:00Z,PHP,-0.1016,0.2176,0.3192,binance
2026-09-11T20:00:00Z,TRY,-0.0592,4.6015,4.6607,binance
2026-09-11T20:00:00Z,VES,15.7332,15.0058,-0.7274,binance
2026-09-11T21:00:00Z,ARS,6.6644,5.3688,-1.2956,binance
2026-09-11T21:00:00Z,IDR,0.1862,-0.0188,-0.205,binance
2026-09-11T21:00:00Z,INR,4.8541,9.7644,4.9103,binance
2026-09-11T21:00:00Z,MXN,0.0377,0.3618,0.3241,binance
2026-09-11T21:00:00Z,PHP,-0.1016,0.2176,0.3192,binance
2026-09-11T21:00:00Z,TRY,-0.0448,4.9001,4.9449,binance
2026-09-11T21:00:00Z,VES,16.1556,15.2569,-0.8987,binance
2026-09-11T22:00:00Z,ARS,6.7117,5.347,-1.3647,binance
2026-09-11T22:00:00Z,IDR,0.1919,0.0438,-0.1481,binance
2026-09-11T22:00:00Z,INR,4.8541,10.4082,5.5541,binance
2026-09-11T22:00:00Z,MXN,0.0377,0.3618,0.3241,binance
2026-09-11T22:00:00Z,PHP,-0.1016,0.2176,0.3192,binance
2026-09-11T22:00:00Z,TRY,-0.0386,5.4355,5.4741,binance
2026-09-11T22:00:00Z,VES,16.3387,15.5241,-0.8146,binance
2026-09-11T23:00:00Z,ARS,6.7301,5.4759,-1.2542,binance
2026-09-11T23:00:00Z,IDR,0.2089,-0.0103,-0.2192,binance
2026-09-11T23:00:00Z,INR,4.8541,10.4082,5.5541,binance
2026-09-11T23:00:00Z,MXN,0.0259,0.4207,0.3948,binance
2026-09-11T23:00:00Z,PHP,-0.1016,0.1777,0.2793,binance
2026-09-11T23:00:00Z,TRY,-0.0726,4.9516,5.0242,binance
2026-09-11T23:00:00Z,VES,16.395,15.7314,-0.6636,binance
2026-09-12T00:00:00Z,ARS,6.7368,5.4828,-1.254,binance
2026-09-12T00:00:00Z,IDR,0.2573,-0.1156,-0.3729,binance
2026-09-12T00:00:00Z,INR,4.8907,10.1936,5.3029,binance
2026-09-12T00:00:00Z,MXN,0.0141,0.4207,0.4066,binance
2026-09-12T00:00:00Z,PHP,-0.0378,0.1537,0.1915,binance
2026-09-12T00:00:00Z,TRY,-0.0561,5.1266,5.1827,binance
2026-09-12T00:00:00Z,VES,16.2218,15.5271,-0.6947,binance
2026-09-12T01:00:00Z,ARS,6.709,5.7661,-0.9429,binance
2026-09-12T01:00:00Z,IDR,0.005,-0.3699,-0.3749,binance
2026-09-12T01:00:00Z,INR,4.7836,10.0921,5.3085,binance
2026-09-12T01:00:00Z,MXN,0.0418,0.4189,0.3771,binance
2026-09-12T01:00:00Z,PHP,-0.0626,0.073,0.1356,binance
2026-09-12T01:00:00Z,TRY,-0.1708,5.4359,5.6067,binance
2026-09-12T01:00:00Z,VES,14.8326,14.3164,-0.5162,binance
2026-09-12T02:00:00Z,ARS,6.7562,5.7429,-1.0133,binance
2026-09-12T02:00:00Z,IDR,-0.0036,-0.4835,-0.4799,binance
2026-09-12T02:00:00Z,INR,4.6581,9.6999,5.0418,binance
2026-09-12T02:00:00Z,MXN,0.0536,0.5368,0.4832,binance
2026-09-12T02:00:00Z,PHP,-0.0945,0.0571,0.1516,binance
2026-09-12T02:00:00Z,TRY,-0.1708,5.4461,5.6169,binance
2026-09-12T02:00:00Z,VES,15.0121,14.5436,-0.4685,binance
2026-09-12T03:00:00Z,ARS,6.7564,5.772,-0.9844,binance
2026-09-12T03:00:00Z,IDR,-0.1257,-0.5005,-0.3748,binance
2026-09-12T03:00:00Z,INR,4.7889,9.1978,4.4089,binance
2026-09-12T03:00:00Z,MXN,0.0595,0.5368,0.4773,binance
2026-09-12T03:00:00Z,PHP,-0.0945,0.0172,0.1117,binance
2026-09-12T03:00:00Z,TRY,-0.1708,6.1663,6.3371,binance
2026-09-12T03:00:00Z,VES,15.097,14.485,-0.612,binance
2026-09-12T04:00:00Z,ARS,6.7551,5.8244,-0.9307,binance
2026-09-12T04:00:00Z,IDR,-0.049,-0.316,-0.267,binance
2026-09-12T04:00:00Z,INR,4.7732,8.4708,3.6976,binance
2026-09-12T04:00:00Z,MXN,0.0595,0.5368,0.4773,binance
2026-09-12T04:00:00Z,PHP,-0.0626,0.0092,0.0718,binance
2026-09-12T04:00:00Z,TRY,-0.1584,6.1148,6.2732,binance
2026-09-12T04:00:00Z,VES,14.9458,14.473,-0.4728,binance
2026-09-12T05:00:00Z,ARS,6.7567,5.9005,-0.8562,binance
2026-09-12T05:00:00Z,IDR,-0.0462,-0.3103,-0.2641,binance
2026-09-12T05:00:00Z,INR,4.5117,7.7909,3.2792,binance
2026-09-12T05:00:00Z,MXN,0.0595,0.5368,0.4773,binance
2026-09-12T05:00:00Z,PHP,-0.0307,-0.0147,0.016,binance
2026-09-12T05:00:00Z,TRY,-0.1728,6.2074,6.3802,binance
2026-09-12T05:00:00Z,VES,14.896,14.5135,-0.3825,binance
2026-09-12T06:00:00Z,ARS,6.7551,5.9005,-0.8546,binance
2026-09-12T06:00:00Z,IDR,-0.0575,-0.4352,-0.3777,binance
2026-09-12T06:00:00Z,INR,4.4855,6.9907,2.5052,binance
2026-09-12T06:00:00Z,MXN,0.0359,0.6841,0.6482,binance
2026-09-12T06:00:00Z,PHP,-0.0147,-0.0147,-0.0,binance
2026-09-12T06:00:00Z,TRY,-0.1636,5.5387,5.7023,binance
2026-09-12T06:00:00Z,VES,14.7521,14.5738,-0.1783,binance
2026-09-12T07:00:00Z,ARS,6.7529,5.9128,-0.8401,binance
2026-09-12T07:00:00Z,IDR,-0.1001,-0.4295,-0.3294,binance
2026-09-12T07:00:00Z,INR,4.5587,7.4091,2.8504,binance
2026-09-12T07:00:00Z,MXN,0.0359,0.7725,0.7366,binance
2026-09-12T07:00:00Z,PHP,-0.0147,-0.0147,-0.0,binance
2026-09-12T07:00:00Z,TRY,-0.1615,5.0244,5.1859,binance
2026-09-12T07:00:00Z,VES,14.6958,14.5491,-0.1467,binance
2026-09-12T08:00:00Z,ARS,6.6706,5.9184,-0.7522,binance
2026-09-12T08:00:00Z,IDR,-0.1228,-0.4153,-0.2925,binance
2026-09-12T08:00:00Z,INR,4.5797,7.4196,2.8399,binance
2026-09-12T08:00:00Z,MXN,0.0359,1.0672,1.0313,binance
2026-09-12T08:00:00Z,PHP,-0.0466,0.0012,0.0478,binance
2026-09-12T08:00:00Z,TRY,-0.1636,4.9935,5.1571,binance
2026-09-12T08:00:00Z,VES,14.5962,14.479,-0.1172,binance
2026-09-12T09:00:00Z,ARS,6.752,5.9075,-0.8445,binance
2026-09-12T09:00:00Z,IDR,-0.1598,-0.4636,-0.3038,binance
2026-09-12T09:00:00Z,INR,4.3443,7.7177,3.3734,binance
2026-09-12T09:00:00Z,MXN,0.0359,1.0377,1.0018,binance
2026-09-12T09:00:00Z,PHP,-0.0466,-0.0067,0.0399,binance
2026-09-12T09:00:00Z,TRY,-0.142,4.3454,4.4874,binance
2026-09-12T09:00:00Z,VES,14.5848,14.5799,-0.0049,binance
2026-09-12T10:00:00Z,ARS,6.7519,5.8767,-0.8752,binance
2026-09-12T10:00:00Z,IDR,-0.2137,-0.546,-0.3323,binance
2026-09-12T10:00:00Z,INR,4.1037,7.1894,3.0857,binance
2026-09-12T10:00:00Z,MXN,0.0359,0.7725,0.7366,binance
2026-09-12T10:00:00Z,PHP,-0.0466,-0.0307,0.0159,binance
2026-09-12T10:00:00Z,TRY,-0.1338,3.8722,4.006,binance
2026-09-12T10:00:00Z,VES,14.5829,14.5794,-0.0035,binance
2026-09-12T11:00:00Z,ARS,6.7524,5.7879,-0.9645,binance
2026-09-12T11:00:00Z,IDR,-0.2109,-0.5261,-0.3152,binance
2026-09-12T11:00:00Z,INR,4.5274,7.1005,2.5731,binance
2026-09-12T11:00:00Z,MXN,0.0359,0.8904,0.8545,binance
2026-09-12T11:00:00Z,PHP,-0.0466,-0.0386,0.008,binance
2026-09-12T11:00:00Z,TRY,-0.1471,3.8722,4.0193,binance
2026-09-12T11:00:00Z,VES,14.5152,14.485,-0.0302,binance
2026-09-12T12:00:00Z,ARS,6.752,5.7846,-0.9674,binance
2026-09-12T12:00:00Z,IDR,-0.208,-0.546,-0.338,binance
2026-09-12T12:00:00Z,INR,4.7052,6.8652,2.16,binance
2026-09-12T12:00:00Z,MXN,0.0418,1.0377,0.9959,binance
2026-09-12T12:00:00Z,PHP,-0.0307,-0.0147,0.016,binance
2026-09-12T12:00:00Z,TRY,-0.1451,3.4915,3.6366,binance
2026-09-12T12:00:00Z,VES,14.4539,14.4018,-0.0521,binance
2026-09-12T13:00:00Z,ARS,6.7521,5.7677,-0.9844,binance
2026-09-12T13:00:00Z,IDR,-0.1995,-0.5573,-0.3578,binance
2026-09-12T13:00:00Z,INR,4.6738,7.3777,2.7039,binance
2026-09-12T13:00:00Z,MXN,0.0241,0.802,0.7779,binance
2026-09-12T13:00:00Z,PHP,-0.0307,-0.0147,0.016,binance
2026-09-12T13:00:00Z,TRY,-0.1842,3.543,3.7272,binance
2026-09-12T13:00:00Z,VES,14.6862,14.2645,-0.4217,binance
2026-09-12T14:00:00Z,ARS,6.7522,5.9035,-0.8487,binance
2026-09-12T14:00:00Z,IDR,-0.191,-0.5318,-0.3408,binance
2026-09-12T14:00:00Z,INR,4.2606,7.294,3.0334,binance
2026-09-12T14:00:00Z,MXN,0.03,0.6841,0.6541,binance
2026-09-12T14:00:00Z,PHP,-0.0147,-0.0067,0.008,binance
2026-09-12T14:00:00Z,TRY,-0.1584,3.7899,3.9483,binance
2026-09-12T14:00:00Z,VES,14.524,14.2237,-0.3003,binance
2026-09-12T15:00:00Z,ARS,6.7528,5.9085,-0.8443,binance
2026-09-12T15:00:00Z,IDR,-0.2024,-0.5488,-0.3464,binance
2026-09-12T15:00:00Z,INR,4.7575,7.1999,2.4424,binance
2026-09-12T15:00:00Z,MXN,0.0359,0.5957,0.5598,binance
2026-09-12T15:00:00Z,PHP,-0.0307,-0.0067,0.024,binance
2026-09-12T15:00:00Z,TRY,-0.1296,3.8927,4.0223,binance
2026-09-12T15:00:00Z,VES,14.5203,14.0486,-0.4717,binance
2026-09-12T16:00:00Z,ARS,6.7523,5.8797,-0.8726,binance
2026-09-12T16:00:00Z,IDR,-0.174,-0.4324,-0.2584,binance
2026-09-12T16:00:00Z,INR,4.5744,7.2104,2.636,binance
2026-09-12T16:00:00Z,MXN,0.0771,0.5957,0.5186,binance
2026-09-12T16:00:00Z,PHP,-0.0307,0.0012,0.0319,binance
2026-09-12T16:00:00Z,TRY,-0.0751,3.975,4.0501,binance
2026-09-12T16:00:00Z,VES,14.505,13.9863,-0.5187,binance
2026-09-12T17:00:00Z,ARS,6.7542,5.9005,-0.8537,binance
2026-09-12T17:00:00Z,IDR,-0.1768,-0.3671,-0.1903,binance
2026-09-12T17:00:00Z,INR,5.1131,7.2574,2.1443,binance
2026-09-12T17:00:00Z,MXN,0.0359,0.5957,0.5598,binance
2026-09-12T17:00:00Z,PHP,-0.0307,0.081,0.1117,binance
2026-09-12T17:00:00Z,TRY,-0.0833,4.3145,4.3978,binance
2026-09-12T17:00:00Z,VES,14.7027,14.0455,-0.6572,binance
2026-09-12T18:00:00Z,ARS,6.7517,5.8856,-0.8661,binance
2026-09-12T18:00:00Z,IDR,-0.1598,-0.3472,-0.1874,binance
2026-09-12T18:00:00Z,INR,4.6163,7.3986,2.7823,binance
2026-09-12T18:00:00Z,MXN,0.0359,0.5368,0.5009,binance
2026-09-12T18:00:00Z,PHP,-0.0307,0.081,0.1117,binance
2026-09-12T18:00:00Z,TRY,-0.0988,4.0368,4.1356,binance
2026-09-12T18:00:00Z,VES,14.8803,13.9832,-0.8971,binance
2026-09-12T19:00:00Z,ARS,6.7528,5.9323,-0.8205,binance
2026-09-12T19:00:00Z,IDR,-0.1456,-0.4068,-0.2612,binance
2026-09-12T19:00:00Z,INR,4.6843,8.1622,3.4779,binance
2026-09-12T19:00:00Z,MXN,0.03,0.5368,0.5068,binance
2026-09-12T19:00:00Z,PHP,-0.0307,0.1687,0.1994,binance
2026-09-12T19:00:00Z,TRY,-0.1224,4.51,4.6324,binance
2026-09-12T19:00:00Z,VES,14.8223,13.9862,-0.8361,binance
2026-09-12T20:00:00Z,ARS,6.7548,5.9658,-0.789,binance
2026-09-12T20:00:00Z,IDR,-0.137,-0.3955,-0.2585,binance
2026-09-12T20:00:00Z,INR,4.747,8.5283,3.7813,binance
2026-09-12T20:00:00Z,MXN,0.0771,0.5368,0.4597,binance
2026-09-12T20:00:00Z,PHP,-0.0307,0.1528,0.1835,binance
2026-09-12T20:00:00Z,TRY,-0.0947,4.51,4.6047,binance
2026-09-12T20:00:00Z,VES,14.9307,13.9834,-0.9473,binance
2026-09-12T21:00:00Z,ARS,6.7529,5.9995,-0.7534,binance
2026-09-12T21:00:00Z,IDR,-0.1541,-0.2876,-0.1335,binance
2026-09-12T21:00:00Z,INR,4.747,8.6329,3.8859,binance
2026-09-12T21:00:00Z,MXN,0.0477,0.5368,0.4891,binance
2026-09-12T21:00:00Z,PHP,-0.0307,0.1528,0.1835,binance
2026-09-12T21:00:00Z,TRY,-0.0998,4.4483,4.5481,binance
2026-09-12T21:00:00Z,VES,14.8971,13.8022,-1.0949,binance
2026-09-12T22:00:00Z,ARS,6.7534,5.9403,-0.8131,binance
2026-09-12T22:00:00Z,IDR,-0.1654,-0.3046,-0.1392,binance
2026-09-12T22:00:00Z,INR,4.543,9.135,4.592,binance
2026-09-12T22:00:00Z,MXN,0.0359,0.5368,0.5009,binance
2026-09-12T22:00:00Z,PHP,-0.0307,0.1368,0.1675,binance
2026-09-12T22:00:00Z,TRY,-0.0484,3.9956,4.044,binance
2026-09-12T22:00:00Z,VES,14.8531,13.7487,-1.1044,binance
2026-09-12T23:00:00Z,ARS,6.7553,5.9668,-0.7885,binance
2026-09-12T23:00:00Z,IDR,-0.1541,-0.3216,-0.1675,binance
2026-09-12T23:00:00Z,INR,4.3234,10.2019,5.8785,binance
2026-09-12T23:00:00Z,MXN,0.0359,0.5073,0.4714,binance
2026-09-12T23:00:00Z,PHP,-0.0307,0.1687,0.1994,binance
2026-09-12T23:00:00Z,TRY,-0.0124,4.8083,4.8207,binance
2026-09-12T23:00:00Z,VES,14.6982,13.709,-0.9892,binance
2026-09-13T00:00:00Z,ARS,6.755,6.0082,-0.7468,binance
2026-09-13T00:00:00Z,IDR,-0.1711,-0.3273,-0.1562,binance
2026-09-13T00:00:00Z,INR,4.543,10.2019,5.6589,binance
2026-09-13T00:00:00Z,MXN,0.0359,0.5368,0.5009,binance
2026-09-13T00:00:00Z,PHP,-0.0466,0.1687,0.2153,binance
2026-09-13T00:00:00Z,TRY,-0.0124,4.9009,4.9133,binance
2026-09-13T00:00:00Z,VES,14.8353,13.7371,-1.0982,binance
2026-09-13T01:00:00Z,ARS,6.7536,6.0853,-0.6683,binance
2026-09-13T01:00:00Z,IDR,-0.1549,-0.3367,-0.1818,binance
2026-09-13T01:00:00Z,INR,4.5626,10.228,5.6654,binance
2026-09-13T01:00:00Z,MXN,0.0656,0.5372,0.4716,binance
2026-09-13T01:00:00Z,PHP,-0.0166,0.1829,0.1995,binance
2026-09-13T01:00:00Z,TRY,-0.0023,5.1481,5.1504,binance
2026-09-13T01:00:00Z,VES,14.783,13.8972,-0.8858,binance
2026-09-13T02:00:00Z,ARS,6.754,6.089,-0.665,binance
2026-09-13T02:00:00Z,IDR,-0.172,-0.3197,-0.1477,binance
2026-09-13T02:00:00Z,INR,4.5939,9.5636,4.9697,binance
2026-09-13T02:00:00Z,MXN,0.0892,0.5077,0.4185,binance
2026-09-13T02:00:00Z,PHP,-0.0166,0.0473,0.0639,binance
2026-09-13T02:00:00Z,TRY,-0.027,5.3539,5.3809,binance
2026-09-13T02:00:00Z,VES,14.9223,14.0035,-0.9188,binance
2026-09-13T03:00:00Z,ARS,6.7543,6.0648,-0.6895,binance
2026-09-13T03:00:00Z,IDR,-0.189,-0.3225,-0.1335,binance
2026-09-13T03:00:00Z,INR,4.3847,9.0248,4.6401,binance
2026-09-13T03:00:00Z,MXN,0.0538,0.5667,0.5129,binance
2026-09-13T03:00:00Z,PHP,0.0153,0.0393,0.024,binance
2026-09-13T03:00:00Z,TRY,-0.0414,5.3539,5.3953,binance
2026-09-13T03:00:00Z,VES,15.2193,14.0991,-1.1202,binance
2026-09-13T04:00:00Z,ARS,6.7544,6.1585,-0.5959,binance
2026-09-13T04:00:00Z,IDR,-0.1776,-0.3083,-0.1307,binance
2026-09-13T04:00:00Z,INR,4.6933,8.5697,3.8764,binance
2026-09-13T04:00:00Z,MXN,0.0479,0.5372,0.4893,binance
2026-09-13T04:00:00Z,PHP,0.0313,0.0552,0.0239,binance
2026-09-13T04:00:00Z,TRY,-0.0322,5.6625,5.6947,binance
2026-09-13T04:00:00Z,VES,14.86,14.0777,-0.7823,binance
2026-09-13T05:00:00Z,ARS,6.7595,6.228,-0.5315,binance
2026-09-13T05:00:00Z,IDR,-0.1833,-0.3907,-0.2074,binance
2026-09-13T05:00:00Z,INR,4.5992,7.7536,3.1544,binance
2026-09-13T05:00:00Z,MXN,0.0538,0.7435,0.6897,binance
2026-09-13T05:00:00Z,PHP,0.0153,0.0632,0.0479,binance
2026-09-13T05:00:00Z,TRY,-0.0301,5.1481,5.1782,binance
2026-09-13T05:00:00Z,VES,14.799,14.2059,-0.5931,binance
2026-09-14T02:00:00Z,ARS,6.8107,6.031,-0.7797,binance
2026-09-14T02:00:00Z,IDR,-0.2878,-0.4154,-0.1276,binance
2026-09-14T02:00:00Z,INR,4.4983,9.5238,5.0255,binance
2026-09-14T02:00:00Z,MXN,0.109,0.6804,0.5714,binance
2026-09-14T02:00:00Z,PHP,0.1672,0.2709,0.1037,binance
2026-09-14T02:00:00Z,TRY,-0.0167,5.5855,5.6022,binance
2026-09-14T02:00:00Z,VES,15.9378,14.7444,-1.1934,binance
2026-09-14T03:00:00Z,ARS,6.8085,6.081,-0.7275,binance
2026-09-14T03:00:00Z,IDR,-0.2112,-0.3672,-0.156,binance
2026-09-14T03:00:00Z,INR,4.3728,9.2466,4.8738,binance
2026-09-14T03:00:00Z,MXN,0.0913,0.6804,0.5891,binance
2026-09-14T03:00:00Z,PHP,0.231,0.2709,0.0399,binance
2026-09-14T03:00:00Z,TRY,0.0141,5.2975,5.2834,binance
2026-09-14T03:00:00Z,VES,15.8752,14.8043,-1.0709,binance
2026-09-14T04:00:00Z,ARS,6.9488,6.0125,-0.9363,binance
2026-09-14T04:00:00Z,IDR,-0.2367,-0.1544,0.0823,binance
2026-09-14T04:00:00Z,INR,4.1793,8.4151,4.2358,binance
2026-09-14T04:00:00Z,MXN,0.1207,0.592,0.4713,binance
2026-09-14T04:00:00Z,PHP,0.247,0.3028,0.0558,binance
2026-09-14T04:00:00Z,TRY,0.0018,5.1947,5.1929,binance
2026-09-14T04:00:00Z,VES,16.2552,14.9064,-1.3488,binance
2026-09-14T07:00:00Z,ARS,6.9751,6.2277,-0.7474,binance
2026-09-14T07:00:00Z,IDR,-0.109,-0.1374,-0.0284,binance
2026-09-14T07:00:00Z,INR,4.6029,7.4634,2.8605,binance
2026-09-14T07:00:00Z,MXN,0.2032,1.1517,0.9485,binance
2026-09-14T07:00:00Z,PHP,0.1672,0.3267,0.1595,binance
2026-09-14T07:00:00Z,TRY,-0.0928,4.0633,4.1561,binance
2026-09-14T07:00:00Z,VES,15.6666,15.0522,-0.6144,binance
2026-09-14T08:00:00Z,ARS,6.9801,6.2121,-0.768,binance
2026-09-14T08:00:00Z,IDR,-0.0807,-0.1204,-0.0397,binance
2026-09-14T08:00:00Z,INR,4.2473,7.4582,3.2109,binance
2026-09-14T08:00:00Z,MXN,0.2857,2.0059,1.7202,binance
2026-09-14T08:00:00Z,PHP,0.2629,0.3427,0.0798,binance
2026-09-14T08:00:00Z,TRY,-0.0815,3.7239,3.8054,binance
2026-09-14T08:00:00Z,VES,15.6232,15.024,-0.5992,binance
2026-09-14T09:00:00Z,ARS,6.9589,6.1515,-0.8074,binance
2026-09-14T09:00:00Z,IDR,-0.1516,-0.1261,0.0255,binance
2026-09-14T09:00:00Z,INR,4.3624,7.1601,2.7977,binance
2026-09-14T09:00:00Z,MXN,0.4978,2.0943,1.5965,binance
2026-09-14T09:00:00Z,PHP,0.3108,0.3826,0.0718,binance
2026-09-14T09:00:00Z,TRY,-0.1042,3.5491,3.6533,binance
2026-09-14T09:00:00Z,VES,15.7621,15.0816,-0.6805,binance
2026-09-14T10:00:00Z,ARS,6.9662,6.2277,-0.7385,binance
2026-09-14T10:00:00Z,IDR,-0.302,-0.1828,0.1192,binance
2026-09-14T10:00:00Z,INR,4.4879,6.862,2.3741,binance
2026-09-14T10:00:00Z,MXN,0.6274,2.0354,1.408,binance
2026-09-14T10:00:00Z,PHP,0.247,0.4225,0.1755,binance
2026-09-14T10:00:00Z,TRY,-0.1042,3.5491,3.6533,binance
2026-09-14T10:00:00Z,VES,15.6701,15.0364,-0.6337,binance
2026-09-14T11:00:00Z,ARS,6.8829,6.0062,-0.8767,binance
2026-09-14T11:00:00Z,IDR,-0.2906,-0.2367,0.0539,binance
2026-09-14T11:00:00Z,INR,4.5036,6.7574,2.2538,binance
2026-09-14T11:00:00Z,MXN,0.5449,1.3284,0.7835,binance
2026-09-14T11:00:00Z,PHP,0.231,0.3906,0.1596,binance
2026-09-14T11:00:00Z,TRY,-0.0743,3.8679,3.9422,binance
2026-09-14T11:00:00Z,VES,15.8374,14.7581,-1.0793,binance
2026-09-14T12:00:00Z,ARS,6.9501,5.9317,-1.0184,binance
2026-09-14T12:00:00Z,IDR,-0.2367,-0.1261,0.1106,binance
2026-09-14T12:00:00Z,INR,4.4931,6.7574,2.2643,binance
2026-09-14T12:00:00Z,MXN,0.5272,1.3284,0.8012,binance
2026-09-14T12:00:00Z,PHP,0.2629,0.2948,0.0319,binance
2026-09-14T12:00:00Z,TRY,-0.0671,4.1559,4.223,binance
2026-09-14T12:00:00Z,VES,15.6898,14.5798,-1.11,binance
2026-09-14T13:00:00Z,ARS,6.7698,5.8111,-0.9587,binance
2026-09-14T13:00:00Z,IDR,-0.1034,-0.1147,-0.0113,binance
2026-09-14T13:00:00Z,INR,4.399,7.5157,3.1167,binance
2026-09-14T13:00:00Z,MXN,0.9926,1.3873,0.3947,binance
2026-09-14T13:00:00Z,PHP,0.1991,0.2629,0.0638,binance
2026-09-14T13:00:00Z,TRY,-0.0702,3.981,4.0512,binance
2026-09-14T13:00:00Z,VES,15.756,14.425,-1.331,binance
2026-09-14T14:00:00Z,ARS,6.7438,5.834,-0.9098,binance
2026-09-14T14:00:00Z,IDR,-0.0693,-0.1771,-0.1078,binance
2026-09-14T14:00:00Z,INR,4.195,7.3013,3.1063,binance
2026-09-14T14:00:00Z,MXN,1.1694,1.5346,0.3652,binance
2026-09-14T14:00:00Z,PHP,0.231,0.3347,0.1037,binance
2026-09-14T14:00:00Z,TRY,-0.0373,3.981,4.0183,binance
2026-09-14T14:00:00Z,VES,15.7154,14.0456,-1.6698,binance
2026-09-14T15:00:00Z,ARS,6.9394,5.8326,-1.1068,binance
2026-09-14T15:00:00Z,IDR,0.0016,-0.1715,-0.1731,binance
2026-09-14T15:00:00Z,INR,4.3781,7.3013,2.9232,binance
2026-09-14T15:00:00Z,MXN,0.9632,1.5052,0.542,binance
2026-09-14T15:00:00Z,PHP,0.231,0.2789,0.0479,binance
2026-09-14T15:00:00Z,TRY,-0.0414,3.8679,3.9093,binance
2026-09-14T15:00:00Z,VES,15.6643,13.9863,-1.678,binance
2026-09-14T16:00:00Z,ARS,6.8968,5.7966,-1.1002,binance
2026-09-14T16:00:00Z,IDR,-0.0353,-0.1856,-0.1503,binance
2026-09-14T16:00:00Z,INR,4.2682,7.2751,3.0069,binance
2026-09-14T16:00:00Z,MXN,0.8041,1.3873,0.5832,binance
2026-09-14T16:00:00Z,PHP,0.1991,0.2789,0.0798,binance
2026-09-14T16:00:00Z,TRY,-0.0229,4.1353,4.1582,binance
2026-09-14T16:00:00Z,VES,15.522,13.6835,-1.8385,binance
2026-09-14T17:00:00Z,ARS,6.8585,5.73,-1.1285,binance
2026-09-14T17:00:00Z,IDR,-0.1289,-0.1743,-0.0454,binance
2026-09-14T17:00:00Z,INR,4.2944,7.4477,3.1533,binance
2026-09-14T17:00:00Z,MXN,0.7747,1.1517,0.377,binance
2026-09-14T17:00:00Z,PHP,0.1832,0.3507,0.1675,binance
2026-09-14T17:00:00Z,TRY,-0.0558,3.8268,3.8826,binance
2026-09-14T17:00:00Z,VES,15.4655,13.8735,-1.592,binance
2026-09-14T18:00:00Z,ARS,6.859,5.5469,-1.3121,binance
2026-09-14T18:00:00Z,IDR,-0.109,-0.2027,-0.0937,binance
2026-09-14T18:00:00Z,INR,4.4408,7.4634,3.0226,binance
2026-09-14T18:00:00Z,MXN,0.8984,1.2106,0.3122,binance
2026-09-14T18:00:00Z,PHP,0.1991,0.2948,0.0957,binance
2026-09-14T18:00:00Z,TRY,-0.0219,3.6622,3.6841,binance
2026-09-14T18:00:00Z,VES,15.4052,13.8658,-1.5394,binance
2026-09-14T19:00:00Z,ARS,6.8042,5.5628,-1.2414,binance
2026-09-14T19:00:00Z,IDR,-0.1686,-0.1715,-0.0029,binance
2026-09-14T19:00:00Z,INR,3.944,7.6621,3.7181,binance
2026-09-14T19:00:00Z,MXN,0.8748,1.1517,0.2769,binance
2026-09-14T19:00:00Z,PHP,0.1991,0.3507,0.1516,binance
2026-09-14T19:00:00Z,TRY,-0.0815,3.6828,3.7643,binance
2026-09-14T19:00:00Z,VES,15.345,13.5445,-1.8005,binance
2026-09-14T20:00:00Z,ARS,6.8273,5.5763,-1.251,binance
2026-09-14T20:00:00Z,IDR,-0.2083,-0.1715,0.0368,binance
2026-09-14T20:00:00Z,INR,3.8656,9.2884,5.4228,binance
2026-09-14T20:00:00Z,MXN,0.9809,1.2106,0.2297,binance
2026-09-14T20:00:00Z,PHP,0.231,0.3427,0.1117,binance
2026-09-14T20:00:00Z,TRY,-0.0558,3.4668,3.5226,binance
2026-09-14T20:00:00Z,VES,15.3508,13.338,-2.0128,binance
2026-09-14T21:00:00Z,ARS,6.7686,5.6187,-1.1499,binance
2026-09-14T21:00:00Z,IDR,-0.2679,-0.1658,0.1021,binance
2026-09-14T21:00:00Z,INR,4.1061,9.3198,5.2137,binance
2026-09-14T21:00:00Z,MXN,0.9632,1.2106,0.2474,binance
2026-09-14T21:00:00Z,PHP,0.231,0.4145,0.1835,binance
2026-09-14T21:00:00Z,TRY,-0.0887,3.8062,3.8949,binance
2026-09-14T21:00:00Z,VES,15.2637,13.1539,-2.1098,binance
2026-09-14T22:00:00Z,ARS,6.7129,5.5257,-1.1872,binance
2026-09-14T22:00:00Z,IDR,-0.3218,-0.109,0.2128,binance
2026-09-14T22:00:00Z,INR,3.876,9.9473,6.0713,binance
2026-09-14T22:00:00Z,MXN,0.9455,1.2695,0.324,binance
2026-09-14T22:00:00Z,PHP,0.231,0.4145,0.1835,binance
2026-09-14T22:00:00Z,TRY,-0.1216,4.7936,4.9152,binance
2026-09-14T22:00:00Z,VES,15.2306,13.2857,-1.9449,binance
2026-09-14T23:00:00Z,ARS,6.6673,5.5955,-1.0718,binance
2026-09-14T23:00:00Z,IDR,-0.3559,-0.0353,0.3206,binance
2026-09-14T23:00:00Z,INR,3.876,9.8637,5.9877,binance
2026-09-14T23:00:00Z,MXN,0.9691,1.2695,0.3004,binance
2026-09-14T23:00:00Z,PHP,0.1991,0.3427,0.1436,binance
2026-09-14T23:00:00Z,TRY,-0.0754,5.8632,5.9386,binance
2026-09-14T23:00:00Z,VES,15.2356,13.2572,-1.9784,binance
2026-09-15T00:00:00Z,ARS,6.6673,5.5856,-1.0817,binance
2026-09-15T00:00:00Z,IDR,-0.4183,-0.1402,0.2781,binance
2026-09-15T00:00:00Z,INR,4.2421,9.7225,5.4804,binance
2026-09-15T00:00:00Z,MXN,1.0103,1.2695,0.2592,binance
2026-09-15T00:00:00Z,PHP,0.1832,0.3427,0.1595,binance
2026-09-15T00:00:00Z,TRY,-0.063,5.8529,5.9159,binance
2026-09-15T00:00:00Z,VES,15.1553,12.9354,-2.2199,binance
2026-09-15T01:00:00Z,ARS,6.6867,5.5861,-1.1006,binance
2026-09-15T01:00:00Z,IDR,-0.5725,-0.3574,0.2151,binance
2026-09-15T01:00:00Z,INR,3.8103,9.5067,5.6964,binance
2026-09-15T01:00:00Z,MXN,0.1456,0.461,0.3154,binance
2026-09-15T01:00:00Z,PHP,-0.0657,-0.0021,0.0636,binance
2026-09-15T01:00:00Z,TRY,-0.1136,5.9692,6.0828,binance
2026-09-15T01:00:00Z,VES,15.2777,13.1344,-2.1433,binance
2026-09-15T02:00:00Z,ARS,6.7474,5.5735,-1.1739,binance
2026-09-15T02:00:00Z,IDR,-0.5641,-0.431,0.1331,binance
2026-09-15T02:00:00Z,INR,3.7476,9.1983,5.4507,binance
2026-09-15T02:00:00Z,MXN,0.169,0.461,0.292,binance
2026-09-15T02:00:00Z,PHP,-0.161,-0.0975,0.0635,binance
2026-09-15T02:00:00Z,TRY,-0.1383,5.7328,5.8711,binance
2026-09-15T02:00:00Z,VES,15.1696,13.1254,-2.0442,binance
2026-09-15T03:00:00Z,ARS,6.7129,5.6328,-1.0801,binance
2026-09-15T03:00:00Z,IDR,-0.3319,-0.4112,-0.0793,binance
2026-09-15T03:00:00Z,INR,4.2963,8.8639,4.5676,binance
2026-09-15T03:00:00Z,MXN,0.169,0.461,0.292,binance
2026-09-15T03:00:00Z,PHP,-0.1293,-0.1293,0.0,binance
2026-09-15T03:00:00Z,TRY,-0.164,6.8431,7.0071,binance
2026-09-15T03:00:00Z,VES,15.1405,13.0067,-2.1338,binance
2026-09-15T04:00:00Z,ARS,6.6858,5.7765,-0.9093,binance
2026-09-15T04:00:00Z,IDR,-0.2555,-0.2696,-0.0141,binance
2026-09-15T04:00:00Z,INR,4.0245,8.5869,4.5624,binance
2026-09-15T04:00:00Z,MXN,0.2157,0.461,0.2453,binance
2026-09-15T04:00:00Z,PHP,-0.0975,-0.0895,0.008,binance
2026-09-15T04:00:00Z,TRY,-0.0879,6.7608,6.8487,binance
2026-09-15T04:00:00Z,VES,15.0403,13.0987,-1.9416,binance
2026-09-15T05:00:00Z,ARS,6.6813,6.1734,-0.5079,binance
2026-09-15T05:00:00Z,IDR,-0.2045,-0.2611,-0.0566,binance
2026-09-15T05:00:00Z,INR,4.0664,8.1113,4.0449,binance
2026-09-15T05:00:00Z,MXN,0.2683,0.5778,0.3095,binance
2026-09-15T05:00:00Z,PHP,-0.0657,-0.0816,-0.0159,binance
2026-09-15T05:00:00Z,TRY,-0.0879,5.8356,5.9235,binance
2026-09-15T05:00:00Z,VES,15.149,12.977,-2.172,binance
2026-09-15T06:00:00Z,ARS,6.6706,6.1168,-0.5538,binance
2026-09-15T06:00:00Z,IDR,-0.1337,-0.1422,-0.0085,binance
2026-09-15T06:00:00Z,INR,3.9253,7.4163,3.491,binance
2026-09-15T06:00:00Z,MXN,0.2566,0.7238,0.4672,binance
2026-09-15T06:00:00Z,PHP,-0.0816,-0.0418,0.0398,binance
2026-09-15T06:00:00Z,TRY,-0.0735,5.3833,5.4568,binance
2026-09-15T06:00:00Z,VES,14.9572,13.1581,-1.7991,binance
2026-09-15T07:00:00Z,ARS,6.6673,6.2131,-0.4542,binance
2026-09-15T07:00:00Z,IDR,-0.0601,-0.0148,0.0453,binance
2026-09-15T07:00:00Z,INR,3.7058,6.972,3.2662,binance
2026-09-15T07:00:00Z,MXN,0.2858,1.1035,0.8177,binance
2026-09-15T07:00:00Z,PHP,-0.0975,-0.0259,0.0716,binance
2026-09-15T07:00:00Z,TRY,-0.0632,4.602,4.6652,binance
2026-09-15T07:00:00Z,VES,14.8198,13.1967,-1.6231,binance
2026-09-15T08:00:00Z,ARS,6.6739,6.0678,-0.6061,binance
2026-09-15T08:00:00Z,IDR,-0.0091,-0.0912,-0.0821,binance
2026-09-15T08:00:00Z,INR,4.2231,7.1759,2.9528,binance
2026-09-15T08:00:00Z,MXN,0.35,1.2495,0.8995,binance
2026-09-15T08:00:00Z,PHP,-0.161,-0.0259,0.1351,binance
2026-09-15T08:00:00Z,TRY,-0.0365,5.8664,5.9029,binance
2026-09-15T08:00:00Z,VES,14.6862,13.1848,-1.5014,binance
2026-09-15T09:00:00Z,ARS,6.7359,6.084,-0.6519,binance
2026-09-15T09:00:00Z,IDR,0.0022,-0.0884,-0.0906,binance
2026-09-15T09:00:00Z,INR,4.15,7.2856,3.1356,binance
2026-09-15T09:00:00Z,MXN,0.3909,1.1911,0.8002,binance
2026-09-15T09:00:00Z,PHP,-0.0975,-0.018,0.0795,binance
2026-09-15T09:00:00Z,TRY,-0.055,3.9646,4.0196,binance
2026-09-15T09:00:00Z,VES,14.6428,13.1308,-1.512,binance
2026-09-15T10:00:00Z,ARS,6.6806,6.0612,-0.6194,binance
2026-09-15T10:00:00Z,IDR,-0.0346,-0.0148,0.0198,binance
2026-09-15T10:00:00Z,INR,4.1709,7.2438,3.0729,binance
2026-09-15T10:00:00Z,MXN,0.1865,1.2495,1.063,binance
2026-09-15T10:00:00Z,PHP,-0.1293,-0.0339,0.0954,binance
2026-09-15T10:00:00Z,TRY,-0.0509,3.9749,4.0258,binance
2026-09-15T10:00:00Z,VES,14.6185,13.0839,-1.5346,binance
2026-09-15T11:00:00Z,ARS,6.6772,5.7689,-0.9083,binance
2026-09-15T11:00:00Z,IDR,-0.0176,-0.0346,-0.017,binance
2026-09-15T11:00:00Z,INR,4.1709,7.4424,3.2715,binance
2026-09-15T11:00:00Z,MXN,0.0814,1.1327,1.0513,binance
2026-09-15T11:00:00Z,PHP,-0.0975,-0.0498,0.0477,binance
2026-09-15T11:00:00Z,TRY,-0.0632,4.9104,4.9736,binance
2026-09-15T11:00:00Z,VES,14.5822,12.413,-2.1692,binance
2026-09-15T12:00:00Z,ARS,6.6746,5.8285,-0.8461,binance
2026-09-15T12:00:00Z,IDR,-0.029,-0.1054,-0.0764,binance
2026-09-15T12:00:00Z,INR,4.0925,7.4528,3.3603,binance
2026-09-15T12:00:00Z,MXN,0.0522,0.8991,0.8469,binance
2026-09-15T12:00:00Z,PHP,-0.1451,-0.0816,0.0635,binance
2026-09-15T12:00:00Z,TRY,-0.054,4.016,4.07,binance
2026-09-15T12:00:00Z,VES,14.5158,12.4546,-2.0612,binance
2026-09-15T13:00:00Z,ARS,6.6539,5.6941,-0.9598,binance
2026-09-15T13:00:00Z,IDR,-0.0799,-0.0884,-0.0085,binance
2026-09-15T13:00:00Z,INR,3.9723,7.2177,3.2454,binance
2026-09-15T13:00:00Z,MXN,-0.0413,0.753,0.7943,binance
2026-09-15T13:00:00Z,PHP,-0.1451,-0.1134,0.0317,binance
2026-09-15T13:00:00Z,TRY,-0.0745,3.5431,3.6176,binance
2026-09-15T13:00:00Z,VES,14.4333,12.7751,-1.6582,binance
2026-09-15T14:00:00Z,ARS,6.4566,5.6729,-0.7837,binance
2026-09-15T14:00:00Z,IDR,-0.0488,-0.1224,-0.0736,binance
2026-09-15T14:00:00Z,INR,3.9462,7.4946,3.5484,binance
2026-09-15T14:00:00Z,MXN,-0.0355,0.6362,0.6717,binance
2026-09-15T14:00:00Z,PHP,-0.1451,-0.169,-0.0239,binance
2026-09-15T14:00:00Z,TRY,-0.0355,3.759,3.7945,binance
2026-09-15T14:00:00Z,VES,14.4184,13.0062,-1.4122,binance
2026-09-15T15:00:00Z,ARS,6.5523,5.5583,-0.994,binance
2026-09-15T15:00:00Z,IDR,0.005,-0.1167,-0.1217,binance
2026-09-15T15:00:00Z,INR,4.0089,7.573,3.5641,binance
2026-09-15T15:00:00Z,MXN,0.058,0.461,0.403,binance
2026-09-15T15:00:00Z,PHP,-0.1769,-0.161,0.0159,binance
2026-09-15T15:00:00Z,TRY,0.017,5.6094,5.5924,binance
2026-09-15T15:00:00Z,VES,14.4045,12.9289,-1.4756,binance
2026-09-15T16:00:00Z,ARS,6.5047,5.5404,-0.9643,binance
2026-09-15T16:00:00Z,IDR,0.0078,-0.145,-0.1528,binance
2026-09-15T16:00:00Z,INR,4.1552,7.5678,3.4126,binance
2026-09-15T16:00:00Z,MXN,0.0638,0.461,0.3972,binance
2026-09-15T16:00:00Z,PHP,-0.161,-0.1293,0.0317,binance
2026-09-15T16:00:00Z,TRY,0.0036,4.3758,4.3722,binance
2026-09-15T16:00:00Z,VES,14.302,12.9176,-1.3844,binance
2026-09-15T17:00:00Z,ARS,6.4393,5.4686,-0.9707,binance
2026-09-15T17:00:00Z,IDR,0.0277,-0.1365,-0.1642,binance
2026-09-15T17:00:00Z,INR,4.0559,8.1531,4.0972,binance
2026-09-15T17:00:00Z,MXN,0.0229,0.461,0.4381,binance
2026-09-15T17:00:00Z,PHP,-0.1928,-0.0736,0.1192,binance
2026-09-15T17:00:00Z,TRY,0.0139,5.116,5.1021,binance
2026-09-15T17:00:00Z,VES,14.3124,13.262,-1.0504,binance
2026-09-15T18:00:00Z,ARS,6.38,5.4954,-0.8846,binance
2026-09-15T18:00:00Z,IDR,0.0192,0.0446,0.0254,binance
2026-09-15T18:00:00Z,INR,4.1552,8.1322,3.977,binance
2026-09-15T18:00:00Z,MXN,0.1806,0.461,0.2804,binance
2026-09-15T18:00:00Z,PHP,-0.2087,-0.0975,0.1112,binance
2026-09-15T18:00:00Z,TRY,0.017,4.9104,4.8934,binance
2026-09-15T18:00:00Z,VES,14.5666,13.7367,-0.8299,binance
2026-09-15T19:00:00Z,ARS,6.4048,5.4494,-0.9554,binance
2026-09-15T19:00:00Z,IDR,-0.0601,0.1126,0.1727,binance
2026-09-15T19:00:00Z,INR,4.5367,8.9057,4.369,binance
2026-09-15T19:00:00Z,MXN,0.1514,0.461,0.3096,binance
2026-09-15T19:00:00Z,PHP,-0.1928,-0.0975,0.0953,binance
2026-09-15T19:00:00Z,TRY,0.0786,4.859,4.7804,binance
2026-09-15T19:00:00Z,VES,15.1566,14.1377,-1.0189,binance
2026-09-15T20:00:00Z,ARS,6.4972,5.5434,-0.9538,binance
2026-09-15T20:00:00Z,IDR,0.1069,0.0815,-0.0254,binance
2026-09-15T20:00:00Z,INR,4.1186,9.5851,5.4665,binance
2026-09-15T20:00:00Z,MXN,0.1398,0.461,0.3212,binance
2026-09-15T20:00:00Z,PHP,-0.1928,-0.0975,0.0953,binance
2026-09-15T20:00:00Z,TRY,0.0046,5.5272,5.5226,binance
2026-09-15T20:00:00Z,VES,15.5502,14.1703,-1.3799,binance
2026-09-15T21:00:00Z,ARS,6.61,5.5269,-1.0831,binance
2026-09-15T21:00:00Z,IDR,0.1069,0.0871,-0.0198,binance
2026-09-15T21:00:00Z,INR,4.1656,9.6373,5.4717,binance
2026-09-15T21:00:00Z,MXN,0.0989,0.461,0.3621,binance
2026-09-15T21:00:00Z,PHP,-0.1928,-0.1769,0.0159,binance
2026-09-15T21:00:00Z,TRY,0.019,5.8767,5.8577,binance
2026-09-15T21:00:00Z,VES,15.6011,14.1703,-1.4308,binance
2026-09-15T22:00:00Z,ARS,6.6671,5.5947,-1.0724,binance
2026-09-15T22:00:00Z,IDR,0.1239,0.1296,0.0057,binance
2026-09-15T22:00:00Z,INR,4.1186,9.7366,5.618,binance
2026-09-15T22:00:00Z,MXN,0.0989,0.461,0.3621,binance
2026-09-15T22:00:00Z,PHP,-0.1928,-0.161,0.0318,binance
2026-09-15T22:00:00Z,TRY,0.0221,6.1234,6.1013,binance
2026-09-15T22:00:00Z,VES,15.4164,13.7488,-1.6676,binance
2026-09-15T23:00:00Z,ARS,6.6671,5.5934,-1.0737,binance
2026-09-15T23:00:00Z,IDR,0.0956,0.0616,-0.034,binance
2026-09-15T23:00:00Z,INR,4.474,9.7471,5.2731,binance
2026-09-15T23:00:00Z,MXN,0.093,0.461,0.368,binance
2026-09-15T23:00:00Z,PHP,-0.1928,-0.1769,0.0159,binance
2026-09-15T23:00:00Z,TRY,0.0221,5.8562,5.8341,binance
2026-09-15T23:00:00Z,VES,15.2014,13.8022,-1.3992,binance
2026-09-16T00:00:00Z,ARS,6.6704,5.5398,-1.1306,binance
2026-09-16T00:00:00Z,IDR,0.1126,-0.0629,-0.1755,binance
2026-09-16T00:00:00Z,INR,3.8103,9.7471,5.9368,binance
2026-09-16T00:00:00Z,MXN,0.1398,0.461,0.3212,binance
2026-09-16T00:00:00Z,PHP,-0.1928,-0.169,0.0238,binance
2026-09-16T00:00:00Z,TRY,0.0108,6.0206,6.0098,binance
2026-09-16T00:00:00Z,VES,15.147,13.8675,-1.2795,binance
2026-09-16T01:00:00Z,ARS,6.6336,5.8318,-0.8018,binance
2026-09-16T01:00:00Z,IDR,-0.0601,-0.012,0.0481,binance
2026-09-16T01:00:00Z,INR,3.9178,9.3872,5.4694,binance
2026-09-16T01:00:00Z,MXN,-0.0857,0.2466,0.3323,binance
2026-09-16T01:00:00Z,PHP,-0.142,-0.1022,0.0398,binance
2026-09-16T01:00:00Z,TRY,-0.0361,6.0012,6.0373,binance
2026-09-16T01:00:00Z,VES,14.6763,13.3824,-1.2939,binance
2026-09-16T02:00:00Z,ARS,6.6601,5.8962,-0.7639,binance
2026-09-16T02:00:00Z,IDR,-0.0007,-0.0855,-0.0848,binance
2026-09-16T02:00:00Z,INR,3.8606,8.9965,5.1359,binance
2026-09-16T02:00:00Z,MXN,-0.0507,0.2466,0.2973,binance
2026-09-16T02:00:00Z,PHP,-0.1897,-0.1499,0.0398,binance
2026-09-16T02:00:00Z,TRY,-0.0361,8.4568,8.4929,binance
2026-09-16T02:00:00Z,VES,14.7996,13.4684,-1.3312,binance
2026-09-16T03:00:00Z,ARS,6.6568,5.9509,-0.7059,binance
2026-09-16T03:00:00Z,IDR,0.0586,-0.0459,-0.1045,binance
2026-09-16T03:00:00Z,INR,3.0167,8.9965,5.9798,binance
2026-09-16T03:00:00Z,MXN,-0.1323,0.334,0.4663,binance
2026-09-16T03:00:00Z,PHP,-0.2215,-0.1499,0.0716,binance
2026-09-16T03:00:00Z,TRY,-0.0361,8.0458,8.0819,binance
2026-09-16T03:00:00Z,VES,15.7029,13.5245,-2.1784,binance
2026-09-16T04:00:00Z,ARS,6.6535,5.9446,-0.7089,binance
2026-09-16T04:00:00Z,IDR,0.1858,-0.0883,-0.2741,binance
2026-09-16T04:00:00Z,INR,3.798,8.1319,4.3339,binance
2026-09-16T04:00:00Z,MXN,-0.208,0.3631,0.5711,binance
2026-09-16T04:00:00Z,PHP,-0.2056,-0.1897,0.0159,binance
2026-09-16T04:00:00Z,TRY,-0.0361,6.2478,6.2839,binance
2026-09-16T04:00:00Z,VES,15.7093,13.4064,-2.3029,binance
2026-09-16T05:00:00Z,ARS,6.6568,6.1221,-0.5347,binance
2026-09-16T05:00:00Z,IDR,0.1095,0.0304,-0.0791,binance
2026-09-16T05:00:00Z,INR,3.4959,7.7256,4.2297,binance
2026-09-16T05:00:00Z,MXN,-0.2022,0.3631,0.5653,binance
2026-09-16T05:00:00Z,PHP,-0.1897,-0.1658,0.0239,binance
2026-09-16T05:00:00Z,TRY,-0.0679,6.1142,6.1821,binance
2026-09-16T05:00:00Z,VES,14.8291,13.4359,-1.3932,binance
2026-09-16T06:00:00Z,ARS,6.5737,6.0903,-0.4834,binance
2026-09-16T06:00:00Z,IDR,0.1434,0.0643,-0.0791,binance
2026-09-16T06:00:00Z,INR,3.423,7.2984,3.8754,binance
2026-09-16T06:00:00Z,MXN,-0.1789,0.4506,0.6295,binance
2026-09-16T06:00:00Z,PHP,-0.2056,-0.1181,0.0875,binance
2026-09-16T06:00:00Z,TRY,-0.0525,6.1142,6.1667,binance
2026-09-16T06:00:00Z,VES,15.2611,13.3444,-1.9167,binance
2026-09-16T07:00:00Z,ARS,6.6638,6.1271,-0.5367,binance
2026-09-16T07:00:00Z,IDR,0.1519,-0.0459,-0.1978,binance
2026-09-16T07:00:00Z,INR,3.5116,7.1838,3.6722,binance
2026-09-16T07:00:00Z,MXN,-0.2605,0.4797,0.7402,binance
2026-09-16T07:00:00Z,PHP,-0.2215,-0.0863,0.1352,binance
2026-09-16T07:00:00Z,TRY,-0.0957,5.919,6.0147,binance
2026-09-16T07:00:00Z,VES,15.0947,13.3444,-1.7503,binance
2026-09-16T08:00:00Z,ARS,6.6638,6.3103,-0.3535,binance
2026-09-16T08:00:00Z,IDR,0.0417,-0.1392,-0.1809,binance
2026-09-16T08:00:00Z,INR,3.871,7.0119,3.1409,binance
2026-09-16T08:00:00Z,MXN,-0.2372,0.5963,0.8335,binance
2026-09-16T08:00:00Z,PHP,-0.2215,-0.142,0.0795,binance
2026-09-16T08:00:00Z,TRY,-0.0813,5.1278,5.2091,binance
2026-09-16T08:00:00Z,VES,14.805,13.4588,-1.3462,binance
2026-09-16T09:00:00Z,ARS,6.6315,6.298,-0.3335,binance
2026-09-16T09:00:00Z,IDR,-0.0007,-0.1901,-0.1894,binance
2026-09-16T09:00:00Z,INR,4.1106,6.9963,2.8857,binance
2026-09-16T09:00:00Z,MXN,-0.1847,0.8877,1.0724,binance
2026-09-16T09:00:00Z,PHP,-0.1897,-0.0942,0.0955,binance
2026-09-16T09:00:00Z,TRY,-0.0844,5.3642,5.4486,binance
2026-09-16T09:00:00Z,VES,14.6761,13.4063,-1.2698,binance
2026-09-16T10:00:00Z,ARS,6.6704,6.0359,-0.6345,binance
2026-09-16T10:00:00Z,IDR,-0.1336,-0.2975,-0.1639,binance
2026-09-16T10:00:00Z,INR,4.0793,7.0067,2.9274,binance
2026-09-16T10:00:00Z,MXN,-0.1614,0.8877,1.0491,binance
2026-09-16T10:00:00Z,PHP,-0.2056,-0.1817,0.0239,binance
2026-09-16T10:00:00Z,TRY,-0.0669,4.9532,5.0201,binance
2026-09-16T10:00:00Z,VES,15.3818,13.4034,-1.9784,binance
2026-09-16T11:00:00Z,ARS,6.6638,5.9944,-0.6694,binance
2026-09-16T11:00:00Z,IDR,-0.2382,-0.4078,-0.1696,binance
2026-09-16T11:00:00Z,INR,3.7199,7.0588,3.3389,binance
2026-09-16T11:00:00Z,MXN,-0.208,1.9659,2.1739,binance
2026-09-16T11:00:00Z,PHP,-0.2533,-0.1738,0.0795,binance
2026-09-16T11:00:00Z,TRY,-0.0669,4.984,5.0509,binance
2026-09-16T11:00:00Z,VES,15.328,13.4063,-1.9217,binance
2026-09-16T12:00:00Z,ARS,6.6671,5.854,-0.8131,binance
2026-09-16T12:00:00Z,IDR,-0.3145,-0.4078,-0.0933,binance
2026-09-16T12:00:00Z,INR,3.5949,6.9546,3.3597,binance
2026-09-16T12:00:00Z,MXN,-0.1847,0.7711,0.9558,binance
2026-09-16T12:00:00Z,PHP,-0.2533,-0.142,0.1113,binance
2026-09-16T12:00:00Z,TRY,-0.1347,4.984,5.1187,binance
2026-09-16T12:00:00Z,VES,14.7324,13.1971,-1.5353,binance
2026-09-16T13:00:00Z,ARS,6.617,5.8411,-0.7759,binance
2026-09-16T13:00:00Z,IDR,-0.2721,-0.4643,-0.1922,binance
2026-09-16T13:00:00Z,INR,4.0064,6.9546,2.9482,binance
2026-09-16T13:00:00Z,MXN,-0.1498,0.6545,0.8043,binance
2026-09-16T13:00:00Z,PHP,-0.2533,-0.142,0.1113,binance
2026-09-16T13:00:00Z,TRY,-0.0998,4.3264,4.4262,binance
2026-09-16T13:00:00Z,VES,14.7147,13.3237,-1.391,binance
2026-09-16T14:00:00Z,ARS,6.5717,5.7571,-0.8146,binance
2026-09-16T14:00:00Z,IDR,-0.3173,-0.4954,-0.1781,binance
2026-09-16T14:00:00Z,INR,4.095,6.9807,2.8857,binance
2026-09-16T14:00:00Z,MXN,-0.0507,0.4214,0.4721,binance
2026-09-16T14:00:00Z,PHP,-0.2533,-0.1817,0.0716,binance
2026-09-16T14:00:00Z,TRY,-0.0844,5.097,5.1814,binance
2026-09-16T14:00:00Z,VES,15.016,13.287,-1.729,binance
2026-09-16T15:00:00Z,ARS,6.5709,5.7289,-0.842,binance
2026-09-16T15:00:00Z,IDR,-0.2297,-0.5972,-0.3675,binance
2026-09-16T15:00:00Z,INR,3.9543,7.0067,3.0524,binance
2026-09-16T15:00:00Z,MXN,-0.1556,0.4214,0.577,binance
2026-09-16T15:00:00Z,PHP,-0.2374,-0.1897,0.0477,binance
2026-09-16T15:00:00Z,TRY,-0.0905,5.21,5.3005,binance
2026-09-16T15:00:00Z,VES,15.0961,13.2167,-1.8794,binance
2026-09-16T16:00:00Z,ARS,6.5691,5.7249,-0.8442,binance
2026-09-16T16:00:00Z,IDR,-0.2551,-0.5265,-0.2714,binance
2026-09-16T16:00:00Z,INR,3.8033,7.0119,3.2086,binance
2026-09-16T16:00:00Z,MXN,-0.1672,0.3048,0.472,binance
2026-09-16T16:00:00Z,PHP,-0.2215,-0.1658,0.0557,binance
2026-09-16T16:00:00Z,TRY,-0.0659,4.234,4.2999,binance
2026-09-16T16:00:00Z,VES,14.79,13.3196,-1.4704,binance
2026-09-16T17:00:00Z,ARS,6.5721,5.6622,-0.9099,binance
2026-09-16T17:00:00Z,IDR,-0.3173,-0.5039,-0.1866,binance
2026-09-16T17:00:00Z,INR,3.6209,6.9911,3.3702,binance
2026-09-16T17:00:00Z,MXN,-0.1206,0.3631,0.4837,binance
2026-09-16T17:00:00Z,PHP,-0.2374,-0.2135,0.0239,binance
2026-09-16T17:00:00Z,TRY,-0.0464,4.7888,4.8352,binance
2026-09-16T17:00:00Z,VES,14.783,13.2874,-1.4956,binance
2026-09-16T18:00:00Z,ARS,6.671,5.783,-0.888,binance
2026-09-16T18:00:00Z,IDR,-0.2495,-0.5406,-0.2911,binance
2026-09-16T18:00:00Z,INR,3.9647,7.0536,3.0889,binance
2026-09-16T18:00:00Z,MXN,-0.0332,0.334,0.3672,binance
2026-09-16T18:00:00Z,PHP,-0.2533,-0.1181,0.1352,binance
2026-09-16T18:00:00Z,TRY,-0.0566,4.8504,4.907,binance
2026-09-16T18:00:00Z,VES,14.7906,13.3828,-1.4078,binance
2026-09-16T19:00:00Z,ARS,6.6411,5.8142,-0.8269,binance
2026-09-16T19:00:00Z,IDR,-0.1873,-0.5378,-0.3505,binance
2026-09-16T19:00:00Z,INR,4.0481,8.3142,4.2661,binance
2026-09-16T19:00:00Z,MXN,0.3398,0.5963,0.2565,binance
2026-09-16T19:00:00Z,PHP,-0.2692,-0.1022,0.167,binance
2026-09-16T19:00:00Z,TRY,-0.0484,4.7785,4.8269,binance
2026-09-16T19:00:00Z,VES,14.8401,13.4322,-1.4079,binance
2026-09-16T20:00:00Z,ARS,6.3508,5.8434,-0.5074,binance
2026-09-16T20:00:00Z,IDR,-0.0205,-0.4784,-0.4579,binance
2026-09-16T20:00:00Z,INR,3.8762,8.184,4.3078,binance
2026-09-16T20:00:00Z,MXN,0.4739,0.7711,0.2972,binance
2026-09-16T20:00:00Z,PHP,-0.2692,-0.1101,0.1591,binance
2026-09-16T20:00:00Z,TRY,-0.0484,5.4052,5.4536,binance
2026-09-16T20:00:00Z,VES,14.9719,13.5233,-1.4486,binance
2026-09-16T21:00:00Z,ARS,6.318,5.8696,-0.4484,binance
2026-09-16T21:00:00Z,IDR,-0.0262,-0.2721,-0.2459,binance
2026-09-16T21:00:00Z,INR,3.6001,9.6008,6.0007,binance
2026-09-16T21:00:00Z,MXN,0.503,0.9751,0.4721,binance
2026-09-16T21:00:00Z,PHP,-0.2533,-0.0624,0.1909,binance
2026-09-16T21:00:00Z,TRY,-0.034,5.097,5.131,binance
2026-09-16T21:00:00Z,VES,15.0265,13.5704,-1.4561,binance
2026-09-16T22:00:00Z,ARS,6.3014,5.9191,-0.3823,binance
2026-09-16T22:00:00Z,IDR,0.036,-0.2156,-0.2516,binance
2026-09-16T22:00:00Z,INR,3.3865,9.6008,6.2143,binance
2026-09-16T22:00:00Z,MXN,0.5205,1.0042,0.4837,binance
2026-09-16T22:00:00Z,PHP,-0.2215,-0.1022,0.1193,binance
2026-09-16T22:00:00Z,TRY,-0.0309,5.4977,5.5286,binance
2026-09-16T22:00:00Z,VES,15.2831,13.7082,-1.5749,binance
2026-09-16T23:00:00Z,ARS,6.318,5.8835,-0.4345,binance
2026-09-16T23:00:00Z,IDR,0.1124,-0.2297,-0.3421,binance
2026-09-16T23:00:00Z,INR,3.7407,9.7518,6.0111,binance
2026-09-16T23:00:00Z,MXN,0.4622,0.946,0.4838,binance
2026-09-16T23:00:00Z,PHP,-0.2374,-0.1261,0.1113,binance
2026-09-16T23:00:00Z,TRY,-0.0381,6.1861,6.2242,binance
2026-09-16T23:00:00Z,VES,15.4294,13.4362,-1.9932,binance
2026-09-17T00:00:00Z,ARS,6.3047,5.8613,-0.4434,binance
2026-09-17T00:00:00Z,IDR,0.0841,-0.1958,-0.2799,binance
2026-09-17T00:00:00Z,INR,3.7512,9.9029,6.1517,binance
2026-09-17T00:00:00Z,MXN,0.4331,0.946,0.5129,binance
2026-09-17T00:00:00Z,PHP,-0.1897,-0.1261,0.0636,binance
2026-09-17T00:00:00Z,TRY,-0.0412,6.0628,6.104,binance
2026-09-17T00:00:00Z,VES,15.317,13.4584,-1.8586,binance
2026-09-17T01:00:00Z,ARS,6.318,5.708,-0.61,binance
2026-09-17T01:00:00Z,IDR,0.0177,-0.2761,-0.2938,binance
2026-09-17T01:00:00Z,INR,3.711,9.5639,5.8529,binance
2026-09-17T01:00:00Z,MXN,0.2753,0.7406,0.4653,binance
2026-09-17T01:00:00Z,PHP,-0.0726,-0.0009,0.0717,binance
2026-09-17T01:00:00Z,TRY,-0.096,5.8442,5.9402,binance
2026-09-17T01:00:00Z,VES,14.9152,13.4317,-1.4835,binance
2026-09-17T02:00:00Z,ARS,6.3059,5.7852,-0.5207,binance
2026-09-17T02:00:00Z,IDR,0.0233,-0.3382,-0.3615,binance
2026-09-17T02:00:00Z,INR,3.9402,9.038,5.0978,binance
2026-09-17T02:00:00Z,MXN,0.4091,0.7406,0.3315,binance
2026-09-17T02:00:00Z,PHP,-0.0407,0.0628,0.1035,binance
2026-09-17T02:00:00Z,TRY,-0.0981,6.3988,6.4969,binance
2026-09-17T02:00:00Z,VES,14.882,13.27,-1.612,binance
2026-09-17T03:00:00Z,ARS,6.3147,5.8243,-0.4904,binance
2026-09-17T03:00:00Z,IDR,0.012,-0.2168,-0.2288,binance
2026-09-17T03:00:00Z,INR,3.4038,9.0484,5.6446,binance
2026-09-17T03:00:00Z,MXN,0.3335,0.7988,0.4653,binance
2026-09-17T03:00:00Z,PHP,-0.0726,-0.0089,0.0637,binance
2026-09-17T03:00:00Z,TRY,-0.0971,8.8636,8.9607,binance
2026-09-17T03:00:00Z,VES,15.1673,13.1815,-1.9858,binance
2026-09-17T04:00:00Z,ARS,6.3014,5.8833,-0.4181,binance
2026-09-17T04:00:00Z,IDR,0.0544,-0.1857,-0.2401,binance
2026-09-17T04:00:00Z,INR,3.4559,8.5641,5.1082,binance
2026-09-17T04:00:00Z,MXN,0.2579,0.8569,0.599,binance
2026-09-17T04:00:00Z,PHP,-0.0567,-0.0169,0.0398,binance
2026-09-17T04:00:00Z,TRY,-0.1073,6.635,6.7423,binance
2026-09-17T04:00:00Z,VES,15.3629,13.1638,-2.1991,binance
2026-09-17T05:00:00Z,ARS,6.2927,5.8899,-0.4028,binance
2026-09-17T05:00:00Z,IDR,0.0205,-0.1772,-0.1977,binance
2026-09-17T05:00:00Z,INR,3.7371,8.158,4.4209,binance
2026-09-17T05:00:00Z,MXN,0.223,0.9151,0.6921,binance
2026-09-17T05:00:00Z,PHP,-0.0726,-0.0169,0.0557,binance
2026-09-17T05:00:00Z,TRY,-0.1125,6.522,6.6345,binance
2026-09-17T05:00:00Z,VES,15.4292,13.1343,-2.2949,binance
2026-09-17T06:00:00Z,ARS,6.298,5.8899,-0.4081,binance
2026-09-17T06:00:00Z,IDR,0.0346,-0.2083,-0.2429,binance
2026-09-17T06:00:00Z,INR,3.7787,7.7258,3.9471,binance
2026-09-17T06:00:00Z,MXN,0.1881,1.0605,0.8724,binance
2026-09-17T06:00:00Z,PHP,-0.0726,-0.0646,0.008,binance
2026-09-17T06:00:00Z,TRY,-0.1135,5.3718,5.4853,binance
2026-09-17T06:00:00Z,VES,15.5235,13.1579,-2.3656,binance
2026-09-17T07:00:00Z,ARS,6.298,5.8905,-0.4075,binance
2026-09-17T07:00:00Z,IDR,-0.0727,-0.2563,-0.1836,binance
2026-09-17T07:00:00Z,INR,3.7787,7.0853,3.3066,binance
2026-09-17T07:00:00Z,MXN,0.0426,1.1769,1.1343,binance
2026-09-17T07:00:00Z,PHP,-0.0726,-0.0567,0.0159,binance
2026-09-17T07:00:00Z,TRY,-0.1063,5.2383,5.3446,binance
2026-09-17T07:00:00Z,VES,15.0059,13.2018,-1.8041,binance
2026-09-17T08:00:00Z,ARS,6.3014,5.92,-0.3814,binance
2026-09-17T08:00:00Z,IDR,-0.0529,-0.2478,-0.1949,binance
2026-09-17T08:00:00Z,INR,3.7735,6.9655,3.192,binance
2026-09-17T08:00:00Z,MXN,0.0601,1.3223,1.2622,binance
2026-09-17T08:00:00Z,PHP,-0.1044,-0.0407,0.0637,binance
2026-09-17T08:00:00Z,TRY,-0.1104,4.4064,4.5168,binance
2026-09-17T08:00:00Z,VES,15.007,13.1638,-1.8432,binance
2026-09-17T09:00:00Z,ARS,6.298,5.92,-0.378,binance
2026-09-17T09:00:00Z,IDR,-0.0727,-0.197,-0.1243,binance
2026-09-17T09:00:00Z,INR,3.7683,6.6114,2.8431,binance
2026-09-17T09:00:00Z,MXN,0.1241,1.2641,1.14,binance
2026-09-17T09:00:00Z,PHP,-0.0885,0.007,0.0955,binance
2026-09-17T09:00:00Z,TRY,-0.1269,4.0059,4.1328,binance
2026-09-17T09:00:00Z,VES,15.0373,13.1638,-1.8735,binance
2026-09-17T10:00:00Z,ARS,6.3014,5.8922,-0.4092,binance
2026-09-17T10:00:00Z,IDR,-0.0416,-0.1405,-0.0989,binance
2026-09-17T10:00:00Z,INR,3.836,6.7677,2.9317,binance
2026-09-17T10:00:00Z,MXN,0.1532,1.1478,0.9946,binance
2026-09-17T10:00:00Z,PHP,-0.1204,0.023,0.1434,binance
2026-09-17T10:00:00Z,TRY,-0.1618,4.8377,4.9995,binance
2026-09-17T10:00:00Z,VES,15.3272,13.1638,-2.1634,binance
2026-09-17T11:00:00Z,ARS,6.3014,5.8041,-0.4973,binance
2026-09-17T11:00:00Z,IDR,-0.0558,-0.036,0.0198,binance
2026-09-17T11:00:00Z,INR,3.9818,6.8249,2.8431,binance
2026-09-17T11:00:00Z,MXN,0.0543,1.1478,1.0935,binance
2026-09-17T11:00:00Z,PHP,-0.0885,-0.0407,0.0478,binance
2026-09-17T11:00:00Z,TRY,-0.132,4.581,4.713,binance
2026-09-17T11:00:00Z,VES,15.4561,13.0576,-2.3985,binance
2026-09-17T12:00:00Z,ARS,6.3344,5.6546,-0.6798,binance
2026-09-17T12:00:00Z,IDR,-0.0868,-0.0896,-0.0028,binance
2026-09-17T12:00:00Z,INR,3.9662,6.8978,2.9316,binance
2026-09-17T12:00:00Z,MXN,-0.0504,0.9733,1.0237,binance
2026-09-17T12:00:00Z,PHP,-0.0885,-0.0009,0.0876,binance
2026-09-17T12:00:00Z,TRY,-0.1515,4.5296,4.6811,binance
2026-09-17T12:00:00Z,VES,14.9753,13.0275,-1.9478,binance
2026-09-17T13:00:00Z,ARS,6.318,5.7607,-0.5573,binance
2026-09-17T13:00:00Z,IDR,-0.1207,-0.1998,-0.0791,binance
2026-09-17T13:00:00Z,INR,3.9037,6.726,2.8223,binance
2026-09-17T13:00:00Z,MXN,-0.2016,0.7115,0.9131,binance
2026-09-17T13:00:00Z,PHP,-0.1363,-0.0169,0.1194,binance
2026-09-17T13:00:00Z,TRY,-0.1217,4.3961,4.5178,binance
2026-09-17T13:00:00Z,VES,14.928,12.3311,-2.5969,binance
2026-09-17T14:00:00Z,ARS,6.1533,5.7173,-0.436,binance
2026-09-17T14:00:00Z,IDR,-0.1546,-0.2959,-0.1413,binance
2026-09-17T14:00:00Z,INR,3.9141,7.0645,3.1504,binance
2026-09-17T14:00:00Z,MXN,-0.1609,0.4789,0.6398,binance
2026-09-17T14:00:00Z,PHP,-0.1363,-0.0169,0.1194,binance
2026-09-17T14:00:00Z,TRY,-0.1269,4.581,4.7079,binance
2026-09-17T14:00:00Z,VES,14.9039,12.1011,-2.8028,binance
2026-09-17T15:00:00Z,ARS,6.1654,5.5692,-0.5962,binance
2026-09-17T15:00:00Z,IDR,-0.2055,-0.2478,-0.0423,binance
2026-09-17T15:00:00Z,INR,4.0495,6.601,2.5515,binance
2026-09-17T15:00:00Z,MXN,-0.1202,0.4498,0.57,binance
2026-09-17T15:00:00Z,PHP,-0.1522,-0.0328,0.1194,binance
2026-09-17T15:00:00Z,TRY,-0.1299,4.6837,4.8136,binance
2026-09-17T15:00:00Z,VES,14.8035,11.4764,-3.3271,binance
2026-09-17T16:00:00Z,ARS,6.182,5.5758,-0.6062,binance
2026-09-17T16:00:00Z,IDR,-0.1687,-0.1885,-0.0198,binance
2026-09-17T16:00:00Z,INR,3.7163,6.7572,3.0409,binance
2026-09-17T16:00:00Z,MXN,-0.1028,0.3335,0.4363,binance
2026-09-17T16:00:00Z,PHP,-0.1522,0.007,0.1592,binance
2026-09-17T16:00:00Z,TRY,-0.1382,4.5604,4.6986,binance
2026-09-17T16:00:00Z,VES,14.6556,11.4927,-3.1629,binance
2026-09-17T17:00:00Z,ARS,6.1588,5.6205,-0.5383,binance
2026-09-17T17:00:00Z,IDR,-0.1885,-0.1433,0.0452,binance
2026-09-17T17:00:00Z,INR,3.9558,6.9343,2.9785,binance
2026-09-17T17:00:00Z,MXN,-0.1551,0.2462,0.4013,binance
2026-09-17T17:00:00Z,PHP,-0.1522,0.007,0.1592,binance
2026-09-17T17:00:00Z,TRY,-0.133,4.581,4.714,binance
2026-09-17T17:00:00Z,VES,14.6458,12.8711,-1.7747,binance
2026-09-17T18:00:00Z,ARS,6.2032,5.5592,-0.644,binance
2026-09-17T18:00:00Z,IDR,-0.2507,-0.1744,0.0763,binance
2026-09-17T18:00:00Z,INR,3.7371,7.0072,3.2701,binance
2026-09-17T18:00:00Z,MXN,-0.1377,0.2171,0.3548,binance
2026-09-17T18:00:00Z,PHP,-0.1363,0.007,0.1433,binance
2026-09-17T18:00:00Z,TRY,-0.1505,4.6221,4.7726,binance
2026-09-17T18:00:00Z,VES,14.6248,12.4558,-2.169,binance
2026-09-17T19:00:00Z,ARS,6.1632,5.6248,-0.5384,binance
2026-09-17T19:00:00Z,IDR,-0.2648,-0.1461,0.1187,binance
2026-09-17T19:00:00Z,INR,3.9089,8.2309,4.322,binance
2026-09-17T19:00:00Z,MXN,-0.2482,0.2171,0.4653,binance
2026-09-17T19:00:00Z,PHP,-0.1363,0.007,0.1433,binance
2026-09-17T19:00:00Z,TRY,-0.1433,4.5296,4.6729,binance
2026-09-17T19:00:00Z,VES,14.6081,13.0015,-1.6066,binance
2026-09-17T20:00:00Z,ARS,6.3577,5.592,-0.7657,binance
2026-09-17T20:00:00Z,IDR,-0.2224,-0.1264,0.096,binance
2026-09-17T20:00:00Z,INR,3.8985,8.1684,4.2699,binance
2026-09-17T20:00:00Z,MXN,-0.2656,0.1008,0.3664,binance
2026-09-17T20:00:00Z,PHP,-0.1363,0.007,0.1433,binance
2026-09-17T20:00:00Z,TRY,-0.1135,4.6118,4.7253,binance
2026-09-17T20:00:00Z,VES,14.5894,12.91,-1.6794,binance
2026-09-17T21:00:00Z,ARS,6.2584,5.5874,-0.671,binance
2026-09-17T21:00:00Z,IDR,-0.245,-0.1518,0.0932,binance
2026-09-17T21:00:00Z,INR,3.9245,8.7464,4.8219,binance
2026-09-17T21:00:00Z,MXN,-0.254,0.1008,0.3548,binance
2026-09-17T21:00:00Z,PHP,-0.1363,0.007,0.1433,binance
2026-09-17T21:00:00Z,TRY,-0.1032,4.6323,4.7355,binance
2026-09-17T21:00:00Z,VES,14.6156,12.7088,-1.9068,binance
2026-09-17T22:00:00Z,ARS,6.3072,5.6338,-0.6734,binance
2026-09-17T22:00:00Z,IDR,-0.2507,-0.1716,0.0791,binance
2026-09-17T22:00:00Z,INR,4.1016,8.8089,4.7073,binance
2026-09-17T22:00:00Z,MXN,-0.2598,0.1008,0.3606,binance
2026-09-17T22:00:00Z,PHP,-0.1363,-0.0328,0.1035,binance
2026-09-17T22:00:00Z,TRY,-0.1115,4.6734,4.7849,binance
2026-09-17T22:00:00Z,VES,14.6067,12.7317,-1.875,binance
2026-09-17T23:00:00Z,ARS,6.3106,5.6255,-0.6851,binance
2026-09-17T23:00:00Z,IDR,-0.2733,-0.1546,0.1187,binance
2026-09-17T23:00:00Z,INR,3.8881,9.0484,5.1603,binance
2026-09-17T23:00:00Z,MXN,-0.2016,0.1008,0.3024,binance
2026-09-17T23:00:00Z,PHP,-0.1363,-0.0726,0.0637,binance
2026-09-17T23:00:00Z,TRY,-0.0981,5.0534,5.1515,binance
2026-09-17T23:00:00Z,VES,14.5733,12.418,-2.1553,binance
2026-09-18T00:00:00Z,ARS,6.3072,5.6228,-0.6844,binance
2026-09-18T00:00:00Z,IDR,-0.2648,-0.1687,0.0961,binance
2026-09-18T00:00:00Z,INR,3.9558,9.2463,5.2905,binance
2026-09-18T00:00:00Z,MXN,-0.2365,0.1008,0.3373,binance
2026-09-18T00:00:00Z,PHP,-0.1363,-0.0726,0.0637,binance
2026-09-18T00:00:00Z,TRY,-0.1433,4.735,4.8783,binance
2026-09-18T00:00:00Z,VES,14.9851,12.434,-2.5511,binance
2026-09-18T01:00:00Z,ARS,6.3371,5.5601,-0.777,binance
2026-09-18T01:00:00Z,IDR,-0.5415,-0.3978,0.1437,binance
2026-09-18T01:00:00Z,INR,3.9264,9.1891,5.2627,binance
2026-09-18T01:00:00Z,MXN,-0.1865,0.2616,0.4481,binance
2026-09-18T01:00:00Z,PHP,-0.2033,-0.0599,0.1434,binance
2026-09-18T01:00:00Z,TRY,-0.2717,5.1683,5.44,binance
2026-09-18T01:00:00Z,VES,14.9305,12.1919,-2.7386,binance
2026-09-18T02:00:00Z,ARS,6.3305,5.5601,-0.7704,binance
2026-09-18T02:00:00Z,IDR,-0.5782,-0.4908,0.0874,binance
2026-09-18T02:00:00Z,INR,4.1192,8.9078,4.7886,binance
2026-09-18T02:00:00Z,MXN,-0.2156,0.3779,0.5935,binance
2026-09-18T02:00:00Z,PHP,-0.251,-0.1475,0.1035,binance
2026-09-18T02:00:00Z,TRY,-0.3292,5.3325,5.6617,binance
2026-09-18T02:00:00Z,VES,14.925,12.0741,-2.8509,binance
2026-09-18T03:00:00Z,ARS,6.3637,5.5853,-0.7784,binance
2026-09-18T03:00:00Z,IDR,-0.3104,-0.5162,-0.2058,binance
2026-09-18T03:00:00Z,INR,4.1244,8.6003,4.4759,binance
2026-09-18T03:00:00Z,MXN,-0.2563,0.3197,0.576,binance
2026-09-18T03:00:00Z,PHP,-0.2033,-0.1714,0.0319,binance
2026-09-18T03:00:00Z,TRY,-0.3579,5.4864,5.8443,binance
2026-09-18T03:00:00Z,VES,14.6012,11.9468,-2.6544,binance
2026-09-18T04:00:00Z,ARS,6.3238,5.6286,-0.6952,binance
2026-09-18T04:00:00Z,IDR,-0.3414,-0.4739,-0.1325,binance
2026-09-18T04:00:00Z,INR,3.4887,8.5951,5.1064,binance
2026-09-18T04:00:00Z,MXN,-0.3494,0.2616,0.611,binance
2026-09-18T04:00:00Z,PHP,-0.1555,-0.1475,0.008,binance
2026-09-18T04:00:00Z,TRY,-0.3271,5.7429,6.07,binance
2026-09-18T04:00:00Z,VES,14.4649,11.8614,-2.6035,binance
2026-09-18T05:00:00Z,ARS,6.3617,5.7614,-0.6003,binance
2026-09-18T05:00:00Z,IDR,-0.4654,-0.3752,0.0902,binance
2026-09-18T05:00:00Z,INR,3.7544,8.1887,4.4343,binance
2026-09-18T05:00:00Z,MXN,-0.3203,0.407,0.7273,binance
2026-09-18T05:00:00Z,PHP,-0.1555,-0.0838,0.0717,binance
2026-09-18T05:00:00Z,TRY,-0.5015,4.4911,4.9926,binance
2026-09-18T05:00:00Z,VES,14.4406,11.9562,-2.4844,binance
2026-09-18T06:00:00Z,ARS,6.3417,5.672,-0.6697,binance
2026-09-18T06:00:00Z,IDR,-0.6965,-0.488,0.2085,binance
2026-09-18T06:00:00Z,INR,3.6867,7.4384,3.7517,binance
2026-09-18T06:00:00Z,MXN,-0.3087,0.4943,0.803,binance
2026-09-18T06:00:00Z,PHP,-0.1714,-0.0599,0.1115,binance
2026-09-18T06:00:00Z,TRY,-0.6175,4.5424,5.1599,binance
2026-09-18T06:00:00Z,VES,14.2882,11.9562,-2.332,binance
2026-09-18T07:00:00Z,ARS,6.325,5.8608,-0.4642,binance
2026-09-18T07:00:00Z,IDR,-0.643,-0.5246,0.1184,binance
2026-09-18T07:00:00Z,INR,3.8691,7.2508,3.3817,binance
2026-09-18T07:00:00Z,MXN,-0.3087,0.6398,0.9485,binance
2026-09-18T07:00:00Z,PHP,-0.1395,-0.0758,0.0637,binance
2026-09-18T07:00:00Z,TRY,-0.5682,3.7832,4.3514,binance
2026-09-18T07:00:00Z,VES,14.1298,12.074,-2.0558,binance
2026-09-18T08:00:00Z,ARS,6.2984,5.73,-0.5684,binance
2026-09-18T08:00:00Z,IDR,-0.4711,-0.4626,0.0085,binance
2026-09-18T08:00:00Z,INR,3.6711,7.1883,3.5172,binance
2026-09-18T08:00:00Z,MXN,-0.2971,0.7271,1.0242,binance
2026-09-18T08:00:00Z,PHP,0.0038,0.0277,0.0239,binance
2026-09-18T08:00:00Z,TRY,-0.482,3.7729,4.2549,binance
2026-09-18T08:00:00Z,VES,13.9711,12.0918,-1.8793,binance
2026-09-18T09:00:00Z,ARS,6.2915,5.6329,-0.6586,binance
2026-09-18T09:00:00Z,IDR,-0.4654,-0.4795,-0.0141,binance
2026-09-18T09:00:00Z,INR,3.9993,7.1361,3.1368,binance
2026-09-18T09:00:00Z,MXN,-0.2796,0.7562,1.0358,binance
2026-09-18T09:00:00Z,PHP,0.0198,0.1153,0.0955,binance
2026-09-18T09:00:00Z,TRY,-0.3538,4.4398,4.7936,binance
2026-09-18T09:00:00Z,VES,13.7939,12.0623,-1.7316,binance
2026-09-18T10:00:00Z,ARS,6.3184,5.5571,-0.7613,binance
2026-09-18T10:00:00Z,IDR,-0.4993,-0.519,-0.0197,binance
2026-09-18T10:00:00Z,INR,3.9941,6.6932,2.6991,binance
2026-09-18T10:00:00Z,MXN,-0.3029,0.9016,1.2045,binance
2026-09-18T10:00:00Z,PHP,0.0038,0.0516,0.0478,binance
2026-09-18T10:00:00Z,TRY,-0.5056,4.5117,5.0173,binance
2026-09-18T10:00:00Z,VES,13.7793,12.0328,-1.7465,binance
2026-09-18T11:00:00Z,ARS,6.335,5.4303,-0.9047,binance
2026-09-18T11:00:00Z,IDR,-0.4598,-0.4852,-0.0254,binance
2026-09-18T11:00:00Z,INR,3.8899,6.8027,2.9128,binance
2026-09-18T11:00:00Z,MXN,-0.2738,0.6689,0.9427,binance
2026-09-18T11:00:00Z,PHP,0.0516,0.2268,0.1752,binance
2026-09-18T11:00:00Z,TRY,-0.4153,4.2346,4.6499,binance
2026-09-18T11:00:00Z,VES,14.2838,11.687,-2.5968,binance
2026-09-18T12:00:00Z,ARS,6.3584,5.4303,-0.9281,binance
2026-09-18T12:00:00Z,IDR,-0.457,-0.5331,-0.0761,binance
2026-09-18T12:00:00Z,INR,3.8118,6.4692,2.6574,binance
2026-09-18T12:00:00Z,MXN,-0.2622,0.5234,0.7856,binance
2026-09-18T12:00:00Z,PHP,0.0038,0.2507,0.2469,binance
2026-09-18T12:00:00Z,TRY,-0.3589,4.0192,4.3781,binance
2026-09-18T12:00:00Z,VES,14.4022,11.6027,-2.7995,binance
2026-09-18T13:00:00Z,ARS,6.2984,5.4535,-0.8449,binance
2026-09-18T13:00:00Z,IDR,-0.4034,-0.55,-0.1466,binance
2026-09-18T13:00:00Z,INR,3.8378,6.4692,2.6314,binance
2026-09-18T13:00:00Z,MXN,-0.1632,0.5234,0.6866,binance
2026-09-18T13:00:00Z,PHP,0.0198,0.195,0.1752,binance
2026-09-18T13:00:00Z,TRY,-0.2645,3.896,4.1605,binance
2026-09-18T13:00:00Z,VES,14.9458,12.19,-2.7558,binance
2026-09-18T14:00:00Z,ARS,6.3317,5.3541,-0.9776,binance
2026-09-18T14:00:00Z,IDR,-0.6233,-0.488,0.1353,binance
2026-09-18T14:00:00Z,INR,3.9524,6.9329,2.9805,binance
2026-09-18T14:00:00Z,MXN,-0.0352,0.4652,0.5004,binance
2026-09-18T14:00:00Z,PHP,0.1313,0.2268,0.0955,binance
2026-09-18T14:00:00Z,TRY,-0.3589,4.2141,4.573,binance
2026-09-18T14:00:00Z,VES,14.595,11.5319,-3.0631,binance
2026-09-18T15:00:00Z,ARS,6.4046,5.4826,-0.922,binance
2026-09-18T15:00:00Z,IDR,-0.7529,-0.4739,0.279,binance
2026-09-18T15:00:00Z,INR,3.8326,6.9069,3.0743,binance
2026-09-18T15:00:00Z,MXN,0.215,0.3779,0.1629,binance
2026-09-18T15:00:00Z,PHP,0.2109,0.3463,0.1354,binance
2026-09-18T15:00:00Z,TRY,-0.3825,4.3372,4.7197,binance
2026-09-18T15:00:00Z,VES,14.4111,11.635,-2.7761,binance
2026-09-18T16:00:00Z,ARS,6.4692,5.5098,-0.9594,binance
2026-09-18T16:00:00Z,IDR,-0.8967,-0.5105,0.3862,binance
2026-09-18T16:00:00Z,INR,3.7753,6.8235,3.0482,binance
2026-09-18T16:00:00Z,MXN,0.2848,0.6107,0.3259,binance
2026-09-18T16:00:00Z,PHP,0.2268,0.3383,0.1115,binance
2026-09-18T16:00:00Z,TRY,-0.4277,4.2039,4.6316,binance
2026-09-18T16:00:00Z,VES,14.1254,12.1588,-1.9666,binance
2026-09-18T17:00:00Z,ARS,6.4504,5.4853,-0.9651,binance
2026-09-18T17:00:00Z,IDR,-0.8882,-0.55,0.3382,binance
2026-09-18T17:00:00Z,INR,3.6033,6.9902,3.3869,binance
2026-09-18T17:00:00Z,MXN,0.1859,0.6107,0.4248,binance
2026-09-18T17:00:00Z,PHP,0.1153,0.3065,0.1912,binance
2026-09-18T17:00:00Z,TRY,-0.5015,4.8503,5.3518,binance
2026-09-18T17:00:00Z,VES,14.5245,12.2859,-2.2386,binance
2026-09-18T18:00:00Z,ARS,6.4828,5.5661,-0.9167,binance
2026-09-18T18:00:00Z,IDR,-0.8854,-0.5556,0.3298,binance
2026-09-18T18:00:00Z,INR,3.8326,7.1361,3.3035,binance
2026-09-18T18:00:00Z,MXN,0.2557,0.6107,0.355,binance
2026-09-18T18:00:00Z,PHP,0.0994,0.418,0.3186,binance
2026-09-18T18:00:00Z,TRY,-0.5457,4.6348,5.1805,binance
2026-09-18T18:00:00Z,VES,14.6598,12.1907,-2.4691,binance
2026-09-18T19:00:00Z,ARS,6.4854,5.5932,-0.8922,binance
2026-09-18T19:00:00Z,IDR,-0.9474,-0.5444,0.403,binance
2026-09-18T19:00:00Z,INR,3.3532,7.3289,3.9757,binance
2026-09-18T19:00:00Z,MXN,0.2266,0.6107,0.3841,binance
2026-09-18T19:00:00Z,PHP,0.0994,0.3622,0.2628,binance
2026-09-18T19:00:00Z,TRY,-0.4051,4.5835,4.9886,binance
2026-09-18T19:00:00Z,VES,14.676,12.1919,-2.4841,binance
2026-09-18T20:00:00Z,ARS,6.135,5.6488,-0.4862,binance
2026-09-18T20:00:00Z,IDR,-1.0686,-0.5697,0.4989,binance
2026-09-18T20:00:00Z,INR,3.6711,7.3289,3.6578,binance
2026-09-18T20:00:00Z,MXN,0.2325,0.6107,0.3782,binance
2026-09-18T20:00:00Z,PHP,0.0994,0.3543,0.2549,binance
2026-09-18T20:00:00Z,TRY,-0.3681,4.4193,4.7874,binance
2026-09-18T20:00:00Z,VES,14.9001,12.2568,-2.6433,binance
2026-09-18T21:00:00Z,ARS,6.1078,5.5906,-0.5172,binance
2026-09-18T21:00:00Z,IDR,-1.0545,-0.5894,0.4651,binance
2026-09-18T21:00:00Z,INR,3.5304,9.236,5.7056,binance
2026-09-18T21:00:00Z,MXN,0.2674,0.6107,0.3433,binance
2026-09-18T21:00:00Z,PHP,0.0994,0.2746,0.1752,binance
2026-09-18T21:00:00Z,TRY,-0.4379,4.2449,4.6828,binance
2026-09-18T21:00:00Z,VES,14.9395,12.2974,-2.6421,binance
2026-09-18T22:00:00Z,ARS,6.1078,5.6174,-0.4904,binance
2026-09-18T22:00:00Z,IDR,-1.0517,-0.6289,0.4228,binance
2026-09-18T22:00:00Z,INR,3.322,9.3663,6.0443,binance
2026-09-18T22:00:00Z,MXN,0.2383,0.6107,0.3724,binance
2026-09-18T22:00:00Z,PHP,0.1153,0.2587,0.1434,binance
2026-09-18T22:00:00Z,TRY,-0.6595,4.5835,5.243,binance
2026-09-18T22:00:00Z,VES,14.8099,12.3092,-2.5007,binance
2026-09-18T23:00:00Z,ARS,6.0553,5.6071,-0.4482,binance
2026-09-18T23:00:00Z,IDR,-1.0573,-0.5923,0.465,binance
2026-09-18T23:00:00Z,INR,3.3428,9.3559,6.0131,binance
2026-09-18T23:00:00Z,MXN,0.3081,0.6107,0.3026,binance
2026-09-18T23:00:00Z,PHP,0.1153,0.2507,0.1354,binance
2026-09-18T23:00:00Z,TRY,-0.6226,4.8605,5.4831,binance
2026-09-18T23:00:00Z,VES,14.6297,12.3539,-2.2758,binance
2026-09-19T00:00:00Z,ARS,6.1078,5.6637,-0.4441,binance
2026-09-19T00:00:00Z,IDR,-1.0545,-0.6684,0.3861,binance
2026-09-19T00:00:00Z,INR,3.645,9.3559,5.7109,binance
2026-09-19T00:00:00Z,MXN,0.2208,0.6107,0.3899,binance
2026-09-19T00:00:00Z,PHP,0.1153,0.3543,0.239,binance
2026-09-19T00:00:00Z,TRY,-0.7816,5.4967,6.2783,binance
2026-09-19T00:00:00Z,VES,14.7442,12.3681,-2.3761,binance
2026-09-19T01:00:00Z,ARS,6.1078,5.563,-0.5448,binance
2026-09-19T01:00:00Z,IDR,-1.2314,-0.9248,0.3066,binance
2026-09-19T01:00:00Z,INR,3.5529,9.2723,5.7194,binance
2026-09-19T01:00:00Z,MXN,0.0516,0.4525,0.4009,binance
2026-09-19T01:00:00Z,PHP,-0.0475,0.1354,0.1829,binance
2026-09-19T01:00:00Z,TRY,-0.9201,5.5197,6.4398,binance
2026-09-19T01:00:00Z,VES,15.0686,12.3841,-2.6845,binance
2026-09-19T02:00:00Z,ARS,6.115,5.5908,-0.5242,binance
2026-09-19T02:00:00Z,IDR,-1.2314,-0.9135,0.3179,binance
2026-09-19T02:00:00Z,INR,3.6206,8.9441,5.3235,binance
2026-09-19T02:00:00Z,MXN,0.0865,0.4525,0.366,binance
2026-09-19T02:00:00Z,PHP,-0.0316,0.0877,0.1193,binance
2026-09-19T02:00:00Z,TRY,-0.9693,5.12,6.0893,binance
2026-09-19T02:00:00Z,VES,14.6855,12.5518,-2.1337,binance
2026-09-19T03:00:00Z,ARS,6.115,5.5743,-0.5407,binance
2026-09-19T03:00:00Z,IDR,-1.1976,-0.9192,0.2784,binance
2026-09-19T03:00:00Z,INR,3.3341,8.6212,5.2871,binance
2026-09-19T03:00:00Z,MXN,0.1097,0.4816,0.3719,binance
2026-09-19T03:00:00Z,PHP,-0.0634,0.0797,0.1431,binance
2026-09-19T03:00:00Z,TRY,-1.2112,5.1712,6.3824,binance
2026-09-19T03:00:00Z,VES,14.5183,12.5224,-1.9959,binance
2026-09-19T04:00:00Z,ARS,6.115,5.5769,-0.5381,binance
2026-09-19T04:00:00Z,IDR,-1.192,-0.8629,0.3291,binance
2026-09-19T04:00:00Z,INR,3.3654,8.3034,4.938,binance
2026-09-19T04:00:00Z,MXN,0.1039,0.4525,0.3486,binance
2026-09-19T04:00:00Z,PHP,-0.0475,0.0877,0.1352,binance
2026-09-19T04:00:00Z,TRY,-1.1507,5.12,6.2707,binance
2026-09-19T04:00:00Z,VES,14.4947,12.5282,-1.9665,binance
2026-09-19T05:00:00Z,ARS,6.1078,5.5984,-0.5094,binance
2026-09-19T05:00:00Z,IDR,-1.3411,-0.8685,0.4726,binance
2026-09-19T05:00:00Z,INR,3.3081,7.345,4.0369,binance
2026-09-19T05:00:00Z,MXN,0.0458,0.4525,0.4067,binance
2026-09-19T05:00:00Z,PHP,-0.0475,0.1195,0.167,binance
2026-09-19T05:00:00Z,TRY,-1.1169,5.079,6.1959,binance
2026-09-19T05:00:00Z,VES,14.4541,12.5283,-1.9258,binance
2026-09-19T06:00:00Z,ARS,6.1117,5.6335,-0.4782,binance
2026-09-19T06:00:00Z,IDR,-1.3354,-0.936,0.3994,binance
2026-09-19T06:00:00Z,INR,3.5217,6.7043,3.1826,binance
2026-09-19T06:00:00Z,MXN,0.011,0.5106,0.4996,binance
2026-09-19T06:00:00Z,PHP,-0.0475,0.1195,0.167,binance
2026-09-19T06:00:00Z,TRY,-0.9796,4.8945,5.8741,binance
2026-09-19T06:00:00Z,VES,14.3977,12.6278,-1.7699,binance
2026-09-19T07:00:00Z,ARS,6.1117,5.693,-0.4187,binance
2026-09-19T07:00:00Z,IDR,-1.3214,-0.9979,0.3235,binance
2026-09-19T07:00:00Z,INR,3.7092,6.3293,2.6201,binance
2026-09-19T07:00:00Z,MXN,-0.0007,0.6558,0.6565,binance
2026-09-19T07:00:00Z,PHP,-0.0475,0.1513,0.1988,binance
2026-09-19T07:00:00Z,TRY,-0.8207,4.1155,4.9362,binance
2026-09-19T07:00:00Z,VES,14.3704,12.6337,-1.7367,binance
2026-09-19T08:00:00Z,ARS,6.1117,5.7333,-0.3784,binance
2026-09-19T08:00:00Z,IDR,-1.1723,-1.116,0.0563,binance
2026-09-19T08:00:00Z,INR,3.6831,6.0792,2.3961,binance
2026-09-19T08:00:00Z,MXN,-0.0007,0.6268,0.6275,binance
2026-09-19T08:00:00Z,PHP,-0.0316,0.1593,0.1909,binance
2026-09-19T08:00:00Z,TRY,-0.9919,3.9823,4.9742,binance
2026-09-19T08:00:00Z,VES,14.3094,12.6337,-1.6757,binance
2026-09-19T09:00:00Z,ARS,6.1117,5.5984,-0.5133,binance
2026-09-19T09:00:00Z,IDR,-1.3214,-1.1132,0.2082,binance
2026-09-19T09:00:00Z,INR,3.3185,6.4647,3.1462,binance
2026-09-19T09:00:00Z,MXN,0.011,0.6268,0.6158,binance
2026-09-19T09:00:00Z,PHP,-0.0316,0.1593,0.1909,binance
2026-09-19T09:00:00Z,TRY,-1.0657,3.7978,4.8635,binance
2026-09-19T09:00:00Z,VES,14.243,12.6713,-1.5717,binance
2026-09-19T10:00:00Z,ARS,6.1117,5.5819,-0.5298,binance
2026-09-19T10:00:00Z,IDR,-1.372,-1.0992,0.2728,binance
2026-09-19T10:00:00Z,INR,3.4956,6.6626,3.167,binance
2026-09-19T10:00:00Z,MXN,0.0458,0.6268,0.581,binance
2026-09-19T10:00:00Z,PHP,-0.0475,0.199,0.2465,binance
2026-09-19T10:00:00Z,TRY,-0.8515,4.2487,5.1002,binance
2026-09-19T10:00:00Z,VES,14.1436,12.7284,-1.4152,binance
2026-09-19T11:00:00Z,ARS,6.115,5.5425,-0.5725,binance
2026-09-19T11:00:00Z,IDR,-1.3579,-1.0823,0.2756,binance
2026-09-19T11:00:00Z,INR,3.7456,6.5428,2.7972,binance
2026-09-19T11:00:00Z,MXN,0.0516,0.6268,0.5752,binance
2026-09-19T11:00:00Z,PHP,-0.0157,0.1195,0.1352,binance
2026-09-19T11:00:00Z,TRY,-0.9437,4.218,5.1617,binance
2026-09-19T11:00:00Z,VES,14.1702,12.6749,-1.4953,binance
2026-09-19T12:00:00Z,ARS,6.115,5.5654,-0.5496,binance
2026-09-19T12:00:00Z,IDR,-1.4395,-1.0739,0.3656,binance
2026-09-19T12:00:00Z,INR,4.053,6.4074,2.3544,binance
2026-09-19T12:00:00Z,MXN,0.0516,0.5687,0.5171,binance
2026-09-19T12:00:00Z,PHP,0.0002,0.1275,0.1273,binance
2026-09-19T12:00:00Z,TRY,-0.9693,3.972,4.9413,binance
2026-09-19T12:00:00Z,VES,14.115,12.5212,-1.5938,binance
2026-09-19T13:00:00Z,ARS,6.0749,5.5981,-0.4768,binance
2026-09-19T13:00:00Z,IDR,-1.4395,-1.1301,0.3094,binance
2026-09-19T13:00:00Z,INR,3.9228,6.7408,2.818,binance
2026-09-19T13:00:00Z,MXN,0.0516,0.4816,0.43,binance
2026-09-19T13:00:00Z,PHP,0.032,0.1115,0.0795,binance
2026-09-19T13:00:00Z,TRY,-0.9458,4.136,5.0818,binance
2026-09-19T13:00:00Z,VES,14.1339,12.3776,-1.7563,binance
2026-09-19T14:00:00Z,ARS,6.0838,5.6497,-0.4341,binance
2026-09-19T14:00:00Z,IDR,-1.4395,-1.1301,0.3094,binance
2026-09-19T14:00:00Z,INR,3.8915,6.8918,3.0003,binance
2026-09-19T14:00:00Z,MXN,0.04,0.4525,0.4125,binance
2026-09-19T14:00:00Z,PHP,0.0638,0.1115,0.0477,binance
2026-09-19T14:00:00Z,TRY,-0.8648,4.3717,5.2365,binance
2026-09-19T14:00:00Z,VES,14.3436,12.2429,-2.1007,binance
2026-09-19T15:00:00Z,ARS,6.0642,5.5984,-0.4658,binance
2026-09-19T15:00:00Z,IDR,-1.4564,-1.1301,0.3263,binance
2026-09-19T15:00:00Z,INR,3.605,6.7929,3.1879,binance
2026-09-19T15:00:00Z,MXN,0.0807,0.4525,0.3718,binance
2026-09-19T15:00:00Z,PHP,0.0797,0.1672,0.0875,binance
2026-09-19T15:00:00Z,TRY,-0.7408,4.505,5.2458,binance
2026-09-19T15:00:00Z,VES,14.1389,12.3281,-1.8108,binance
2026-09-19T16:00:00Z,ARS,6.0458,5.533,-0.5128,binance
2026-09-19T16:00:00Z,IDR,-1.4986,-1.1132,0.3854,binance
2026-09-19T16:00:00Z,INR,3.6415,6.772,3.1305,binance
2026-09-19T16:00:00Z,MXN,0.0691,0.4525,0.3834,binance
2026-09-19T16:00:00Z,PHP,0.0797,0.1513,0.0716,binance
2026-09-19T16:00:00Z,TRY,-0.8494,4.5357,5.3851,binance
2026-09-19T16:00:00Z,VES,14.1423,12.1397,-2.0026,binance
2026-09-19T17:00:00Z,ARS,6.0458,5.532,-0.5138,binance
2026-09-19T17:00:00Z,IDR,-1.4986,-1.1386,0.36,binance
2026-09-19T17:00:00Z,INR,3.6154,6.772,3.1566,binance
2026-09-19T17:00:00Z,MXN,0.0749,0.4525,0.3776,binance
2026-09-19T17:00:00Z,PHP,0.0797,0.2149,0.1352,binance
2026-09-19T17:00:00Z,TRY,-0.9919,4.546,5.5379,binance
2026-09-19T17:00:00Z,VES,14.1056,12.1093,-1.9963,binance
2026-09-19T18:00:00Z,ARS,6.0371,5.5025,-0.5346,binance
2026-09-19T18:00:00Z,IDR,-1.5211,-0.8967,0.6244,binance
2026-09-19T18:00:00Z,INR,3.3446,7.246,3.9014,binance
2026-09-19T18:00:00Z,MXN,0.0923,0.4525,0.3602,binance
2026-09-19T18:00:00Z,PHP,0.0797,0.2229,0.1432,binance
2026-09-19T18:00:00Z,TRY,-0.9345,4.382,5.3165,binance
2026-09-19T18:00:00Z,VES,14.0503,11.7044,-2.3459,binance
2026-09-19T19:00:00Z,ARS,5.9914,5.4655,-0.5259,binance
2026-09-19T19:00:00Z,IDR,-1.5295,-0.9642,0.5653,binance
2026-09-19T19:00:00Z,INR,3.5738,7.2721,3.6983,binance
2026-09-19T19:00:00Z,MXN,0.133,0.4525,0.3195,binance
2026-09-19T19:00:00Z,PHP,0.0797,0.2944,0.2147,binance
2026-09-19T19:00:00Z,TRY,-0.8843,4.136,5.0203,binance
2026-09-19T19:00:00Z,VES,14.0043,11.8155,-2.1888,binance
2026-09-19T20:00:00Z,ARS,6.0371,5.4953,-0.5418,binance
2026-09-19T20:00:00Z,IDR,-1.5436,-1.0795,0.4641,binance
2026-09-19T20:00:00Z,INR,3.6206,8.293,4.6724,binance
2026-09-19T20:00:00Z,MXN,0.133,0.4525,0.3195,binance
2026-09-19T20:00:00Z,PHP,0.0797,0.2944,0.2147,binance
2026-09-19T20:00:00Z,TRY,-0.9048,4.4332,5.338,binance
2026-09-19T20:00:00Z,VES,14.0284,11.9686,-2.0598,binance
2026-09-19T21:00:00Z,ARS,6.0338,5.4784,-0.5554,binance
2026-09-19T21:00:00Z,IDR,-1.5211,-1.0092,0.5119,binance
2026-09-19T21:00:00Z,INR,3.6102,8.8504,5.2402,binance
2026-09-19T21:00:00Z,MXN,0.133,0.4525,0.3195,binance
2026-09-19T21:00:00Z,PHP,0.0797,0.2865,0.2068,binance
2026-09-19T21:00:00Z,TRY,-0.9294,4.9662,5.8956,binance
2026-09-19T21:00:00Z,VES,13.9685,11.9379,-2.0306,binance
2026-09-19T22:00:00Z,ARS,6.0338,5.4612,-0.5726,binance
2026-09-19T22:00:00Z,IDR,-1.4986,-1.012,0.4866,binance
2026-09-19T22:00:00Z,INR,3.7925,8.9441,5.1516,binance
2026-09-19T22:00:00Z,MXN,0.1039,0.4525,0.3486,binance
2026-09-19T22:00:00Z,PHP,0.0797,0.3103,0.2306,binance
2026-09-19T22:00:00Z,TRY,-0.9745,5.0482,6.0227,binance
2026-09-19T22:00:00Z,VES,13.9759,11.8807,-2.0952,binance
2026-09-19T23:00:00Z,ARS,6.0371,5.4801,-0.557,binance
2026-09-19T23:00:00Z,IDR,-1.5352,-1.0485,0.4867,binance
2026-09-19T23:00:00Z,INR,3.8186,9.0118,5.1932,binance
2026-09-19T23:00:00Z,MXN,0.0923,0.4525,0.3602,binance
2026-09-19T23:00:00Z,PHP,0.1115,0.2626,0.1511,binance
2026-09-19T23:00:00Z,TRY,-0.9386,4.5357,5.4743,binance
2026-09-19T23:00:00Z,VES,13.981,11.857,-2.124,binance
2026-09-20T00:00:00Z,ARS,6.0338,5.5164,-0.5174,binance
2026-09-20T00:00:00Z,IDR,-1.5014,-1.0035,0.4979,binance
2026-09-20T00:00:00Z,INR,3.8134,8.7774,4.964,binance
2026-09-20T00:00:00Z,MXN,0.0865,0.4525,0.366,binance
2026-09-20T00:00:00Z,PHP,0.1115,0.1752,0.0637,binance
2026-09-20T00:00:00Z,TRY,-0.9888,5.0072,5.996,binance
2026-09-20T00:00:00Z,VES,14.1015,12.1246,-1.9769,binance
2026-09-20T01:00:00Z,ARS,6.0404,5.5115,-0.5289,binance
2026-09-20T01:00:00Z,IDR,-1.4962,-1.0234,0.4728,binance
2026-09-20T01:00:00Z,INR,3.6739,8.7968,5.1229,binance
2026-09-20T01:00:00Z,MXN,0.1145,0.4514,0.3369,binance
2026-09-20T01:00:00Z,PHP,0.1758,0.3668,0.191,binance
2026-09-20T01:00:00Z,TRY,-1.2269,5.4734,6.7003,binance
2026-09-20T01:00:00Z,VES,14.2928,12.1334,-2.1594,binance
2026-09-20T02:00:00Z,ARS,6.0404,5.5984,-0.442,binance
2026-09-20T02:00:00Z,IDR,-1.53,-1.0741,0.4559,binance
2026-09-20T02:00:00Z,INR,3.7051,8.6249,4.9198,binance
2026-09-20T02:00:00Z,MXN,0.1203,0.4514,0.3311,binance
2026-09-20T02:00:00Z,PHP,0.1599,0.3031,0.1432,binance
2026-09-20T02:00:00Z,TRY,-1.2422,6.1803,7.4225,binance
2026-09-20T02:00:00Z,VES,14.3791,12.1752,-2.2039,binance
2026-09-20T03:00:00Z,ARS,6.0338,5.6278,-0.406,binance
2026-09-20T03:00:00Z,IDR,-1.5328,-1.0825,0.4503,binance
2026-09-20T03:00:00Z,INR,3.7416,8.3226,4.581,binance
2026-09-20T03:00:00Z,MXN,0.1261,0.4514,0.3253,binance
2026-09-20T03:00:00Z,PHP,0.1758,0.3031,0.1273,binance
2026-09-20T03:00:00Z,TRY,-1.2504,6.8975,8.1479,binance
2026-09-20T03:00:00Z,VES,14.3705,12.2252,-2.1453,binance
2026-09-20T04:00:00Z,ARS,6.0338,5.6447,-0.3891,binance
2026-09-20T04:00:00Z,IDR,-1.544,-1.0994,0.4446,binance
2026-09-20T04:00:00Z,INR,3.6895,8.2548,4.5653,binance
2026-09-20T04:00:00Z,MXN,0.1203,0.4514,0.3311,binance
2026-09-20T04:00:00Z,PHP,0.1599,0.2713,0.1114,binance
2026-09-20T04:00:00Z,TRY,-1.2279,6.1803,7.4082,binance
2026-09-20T04:00:00Z,VES,14.3564,12.2799,-2.0765,binance
2026-09-20T05:00:00Z,ARS,6.0404,5.6712,-0.3692,binance
2026-09-20T05:00:00Z,IDR,-1.4906,-1.1163,0.3743,binance
2026-09-20T05:00:00Z,INR,3.7989,6.9676,3.1687,binance
2026-09-20T05:00:00Z,MXN,0.1203,0.5676,0.4473,binance
2026-09-20T05:00:00Z,PHP,0.1599,0.2554,0.0955,binance
2026-09-20T05:00:00Z,TRY,-1.2802,5.4222,6.7024,binance
2026-09-20T05:00:00Z,VES,14.5034,12.2723,-2.2311,binance
2026-09-20T06:00:00Z,ARS,6.0338,5.6936,-0.3402,binance
2026-09-20T06:00:00Z,IDR,-1.4906,-1.1079,0.3827,binance
2026-09-20T06:00:00Z,INR,3.6582,6.8112,3.153,binance
2026-09-20T06:00:00Z,MXN,0.1029,0.6257,0.5228,binance
2026-09-20T06:00:00Z,PHP,0.1599,0.2554,0.0955,binance
2026-09-20T06:00:00Z,TRY,-1.2802,5.5144,6.7946,binance
2026-09-20T06:00:00Z,VES,14.5262,12.2281,-2.2981,binance
2026-09-20T07:00:00Z,ARS,6.0338,5.6731,-0.3607,binance
2026-09-20T07:00:00Z,IDR,-1.4934,-1.0882,0.4052,binance
2026-09-20T07:00:00Z,INR,3.6322,6.363,2.7308,binance
2026-09-20T07:00:00Z,MXN,0.1087,0.6548,0.5461,binance
2026-09-20T07:00:00Z,PHP,0.1599,0.2554,0.0955,binance
2026-09-20T07:00:00Z,TRY,-1.0261,5.1661,6.1922,binance
2026-09-20T07:00:00Z,VES,14.3941,12.2917,-2.1024,binance
2026-09-20T08:00:00Z,ARS,6.0338,5.6731,-0.3607,binance
2026-09-20T08:00:00Z,IDR,-1.4934,-1.091,0.4024,binance
2026-09-20T08:00:00Z,INR,3.653,6.363,2.71,binance
2026-09-20T08:00:00Z,MXN,0.1087,0.8581,0.7494,binance
2026-09-20T08:00:00Z,PHP,0.1917,0.2474,0.0557,binance
2026-09-20T08:00:00Z,TRY,-0.8038,4.5821,5.3859,binance
2026-09-20T08:00:00Z,VES,14.2328,12.2811,-1.9517,binance
2026-09-20T09:00:00Z,ARS,5.9748,5.573,-0.4018,binance
2026-09-20T09:00:00Z,IDR,-1.4962,-1.1022,0.394,binance
2026-09-20T09:00:00Z,INR,3.6009,6.6497,3.0488,binance
2026-09-20T09:00:00Z,MXN,0.1029,0.771,0.6681,binance
2026-09-20T09:00:00Z,PHP,0.1758,0.2156,0.0398,binance
2026-09-20T09:00:00Z,TRY,-0.6583,4.5206,5.1789,binance
2026-09-20T09:00:00Z,VES,14.1853,12.2864,-1.8989,binance
2026-09-20T10:00:00Z,ARS,5.9748,5.5908,-0.384,binance
2026-09-20T10:00:00Z,IDR,-1.5075,-1.1557,0.3518,binance
2026-09-20T10:00:00Z,INR,3.5905,6.5507,2.9602,binance
2026-09-20T10:00:00Z,MXN,0.1029,0.8,0.6971,binance
2026-09-20T10:00:00Z,PHP,0.1758,0.2236,0.0478,binance
2026-09-20T10:00:00Z,TRY,-0.5107,4.285,4.7957,binance
2026-09-20T10:00:00Z,VES,14.1909,12.2928,-1.8981,binance
2026-09-20T11:00:00Z,ARS,5.9712,5.6308,-0.3404,binance
2026-09-20T11:00:00Z,IDR,-1.4934,-1.1501,0.3433,binance
2026-09-20T11:00:00Z,INR,3.382,6.4621,3.0801,binance
2026-09-20T11:00:00Z,MXN,0.1087,0.8581,0.7494,binance
2026-09-20T11:00:00Z,PHP,0.1758,0.1838,0.008,binance
2026-09-20T11:00:00Z,TRY,-0.396,4.1621,4.5581,binance
2026-09-20T11:00:00Z,VES,14.1393,12.234,-1.9053,binance
2026-09-20T12:00:00Z,ARS,5.9748,5.6639,-0.3109,binance
2026-09-20T12:00:00Z,IDR,-1.6172,-1.1895,0.4277,binance
2026-09-20T12:00:00Z,INR,3.5384,6.6028,3.0644,binance
2026-09-20T12:00:00Z,MXN,0.097,0.771,0.674,binance
2026-09-20T12:00:00Z,PHP,0.1758,0.1917,0.0159,binance
2026-09-20T12:00:00Z,TRY,-0.3919,4.2952,4.6871,binance
2026-09-20T12:00:00Z,VES,14.4434,12.234,-2.2094,binance
2026-09-20T13:00:00Z,ARS,5.9814,5.6308,-0.3506,binance
2026-09-20T13:00:00Z,IDR,-1.5863,-1.2992,0.2871,binance
2026-09-20T13:00:00Z,INR,3.0224,6.6862,3.6638,binance
2026-09-20T13:00:00Z,MXN,0.097,0.7419,0.6449,binance
2026-09-20T13:00:00Z,PHP,0.1758,0.2395,0.0637,binance
2026-09-20T13:00:00Z,TRY,-0.3827,4.0289,4.4116,binance
2026-09-20T13:00:00Z,VES,14.7081,12.1752,-2.5329,binance
2026-09-20T14:00:00Z,ARS,5.9881,5.5693,-0.4188,binance
2026-09-20T14:00:00Z,IDR,-1.5075,-1.2908,0.2167,binance
2026-09-20T14:00:00Z,INR,3.3977,6.6862,3.2885,binance
2026-09-20T14:00:00Z,MXN,0.097,0.7419,0.6449,binance
2026-09-20T14:00:00Z,PHP,0.1758,0.2156,0.0398,binance
2026-09-20T14:00:00Z,TRY,-0.3345,4.0698,4.4043,binance
2026-09-20T14:00:00Z,VES,14.6346,12.0574,-2.5772,binance
2026-09-20T15:00:00Z,ARS,5.9137,5.5687,-0.345,binance
2026-09-20T15:00:00Z,IDR,-1.3724,-0.9559,0.4165,binance
2026-09-20T15:00:00Z,INR,3.4706,6.8321,3.3615,binance
2026-09-20T15:00:00Z,MXN,0.097,0.6257,0.5287,binance
2026-09-20T15:00:00Z,PHP,0.1917,0.2395,0.0478,binance
2026-09-20T15:00:00Z,TRY,-0.3673,3.9879,4.3552,binance
2026-09-20T15:00:00Z,VES,14.5287,12.0051,-2.5236,binance
2026-09-20T16:00:00Z,ARS,5.9914,5.6143,-0.3771,binance
2026-09-20T16:00:00Z,IDR,-1.3133,-0.8968,0.4165,binance
2026-09-20T16:00:00Z,INR,3.4498,6.8112,3.3614,binance
2026-09-20T16:00:00Z,MXN,0.1377,0.5967,0.459,binance
2026-09-20T16:00:00Z,PHP,0.1758,0.2634,0.0876,binance
2026-09-20T16:00:00Z,TRY,-0.3458,3.7522,4.098,binance
2026-09-20T16:00:00Z,VES,14.4356,12.0781,-2.3575,binance
2026-09-20T17:00:00Z,ARS,6.0192,5.61,-0.4092,binance
2026-09-20T17:00:00Z,IDR,-1.1557,-0.8827,0.273,binance
2026-09-20T17:00:00Z,INR,3.5488,6.8112,3.2624,binance
2026-09-20T17:00:00Z,MXN,0.1203,0.5676,0.4473,binance
2026-09-20T17:00:00Z,PHP,0.1758,0.2395,0.0637,binance
2026-09-20T17:00:00Z,TRY,-0.438,4.3977,4.8357,binance
2026-09-20T17:00:00Z,VES,14.3762,12.0575,-2.3187,binance
2026-09-20T18:00:00Z,ARS,6.0192,5.6073,-0.4119,binance
2026-09-20T18:00:00Z,IDR,-1.0263,-0.7955,0.2308,binance
2026-09-20T18:00:00Z,INR,3.5227,7.2855,3.7628,binance
2026-09-20T18:00:00Z,MXN,0.1145,0.5676,0.4531,binance
2026-09-20T18:00:00Z,PHP,0.1599,0.3747,0.2148,binance
2026-09-20T18:00:00Z,TRY,-0.5527,4.0596,4.6123,binance
2026-09-20T18:00:00Z,VES,14.356,12.0163,-2.3397,binance
2026-09-20T19:00:00Z,ARS,6.0225,5.5984,-0.4241,binance
2026-09-20T19:00:00Z,IDR,-1.0657,-0.6914,0.3743,binance
2026-09-20T19:00:00Z,INR,3.3768,7.5721,4.1953,binance
2026-09-20T19:00:00Z,MXN,0.1087,0.5676,0.4589,binance
2026-09-20T19:00:00Z,PHP,0.1599,0.4145,0.2546,binance
2026-09-20T19:00:00Z,TRY,-0.6347,3.6805,4.3152,binance
2026-09-20T19:00:00Z,VES,14.3533,12.0368,-2.3165,binance
2026-09-20T20:00:00Z,ARS,6.0425,5.5802,-0.4623,binance
2026-09-20T20:00:00Z,IDR,-1.0628,-0.7842,0.2786,binance
2026-09-20T20:00:00Z,INR,3.2517,9.0314,5.7797,binance
2026-09-20T20:00:00Z,MXN,0.0564,0.5095,0.4531,binance
2026-09-20T20:00:00Z,PHP,0.1599,0.5339,0.374,binance
2026-09-20T20:00:00Z,TRY,-0.6183,3.8342,4.4525,binance
2026-09-20T20:00:00Z,VES,14.3893,11.9398,-2.4495,binance
2026-09-20T21:00:00Z,ARS,6.0458,5.573,-0.4728,binance
2026-09-20T21:00:00Z,IDR,-1.0628,-0.7645,0.2983,binance
2026-09-20T21:00:00Z,INR,3.2986,9.3024,6.0038,binance
2026-09-20T21:00:00Z,MXN,-0.0308,0.5676,0.5984,binance
2026-09-20T21:00:00Z,PHP,0.1599,0.4145,0.2546,binance
2026-09-20T21:00:00Z,TRY,-0.5118,3.9776,4.4894,binance
2026-09-20T21:00:00Z,VES,14.3659,11.7042,-2.6617,binance
2026-09-20T22:00:00Z,ARS,6.0458,5.5211,-0.5247,binance
2026-09-20T22:00:00Z,IDR,-1.0685,-0.7955,0.273,binance
2026-09-20T22:00:00Z,INR,3.4393,9.5577,6.1184,binance
2026-09-20T22:00:00Z,MXN,0.0273,0.5676,0.5403,binance
2026-09-20T22:00:00Z,PHP,0.1599,0.4145,0.2546,binance
2026-09-20T22:00:00Z,TRY,-0.4739,4.367,4.8409,binance
2026-09-20T22:00:00Z,VES,14.3153,11.6867,-2.6286,binance
2026-09-20T23:00:00Z,ARS,6.0458,5.5254,-0.5204,binance
2026-09-20T23:00:00Z,IDR,-1.1107,-0.7505,0.3602,binance
2026-09-20T23:00:00Z,INR,3.184,9.6515,6.4675,binance
2026-09-20T23:00:00Z,MXN,0.0564,0.5676,0.5112,binance
2026-09-20T23:00:00Z,PHP,0.1599,0.3588,0.1989,binance
2026-09-20T23:00:00Z,TRY,-0.5825,4.2235,4.806,binance
2026-09-20T23:00:00Z,VES,14.277,11.7453,-2.5317,binance
2026-09-21T00:00:00Z,ARS,6.0425,5.5323,-0.5102,binance
2026-09-21T00:00:00Z,IDR,-1.1022,-0.849,0.2532,binance
2026-09-21T00:00:00Z,INR,3.3455,9.6568,6.3113,binance
2026-09-21T00:00:00Z,MXN,0.068,0.5676,0.4996,binance
2026-09-21T00:00:00Z,PHP,0.1599,0.3509,0.191,binance
2026-09-21T00:00:00Z,TRY,-0.5548,4.5001,5.0549,binance
2026-09-21T00:00:00Z,VES,14.2111,11.4689,-2.7422,binance
2026-09-21T01:00:00Z,ARS,6.0425,5.6573,-0.3852,binance
2026-09-21T01:00:00Z,IDR,-1.391,-1.0706,0.3204,binance
2026-09-21T01:00:00Z,INR,3.3977,8.8435,5.4458,binance
2026-09-21T01:00:00Z,MXN,-0.0344,0.4764,0.5108,binance
2026-09-21T01:00:00Z,PHP,-0.0448,0.1698,0.2146,binance
2026-09-21T01:00:00Z,TRY,-0.7789,4.5199,5.2988,binance
2026-09-21T01:00:00Z,VES,14.1372,11.5366,-2.6006,binance
2026-09-21T02:00:00Z,ARS,6.0425,5.6288,-0.4137,binance
2026-09-21T02:00:00Z,IDR,-0.7109,-1.0004,-0.2895,binance
2026-09-21T02:00:00Z,INR,3.33,8.4947,5.1647,binance
2026-09-21T02:00:00Z,MXN,-0.075,0.4764,0.5514,binance
2026-09-21T02:00:00Z,PHP,-0.1244,0.0188,0.1432,binance
2026-09-21T02:00:00Z,TRY,-0.6867,5.3601,6.0468,binance
2026-09-21T02:00:00Z,VES,14.0678,11.5865,-2.4813,binance
2026-09-21T03:00:00Z,ARS,6.0392,5.6216,-0.4176,binance
2026-09-21T03:00:00Z,IDR,-0.5872,-0.8711,-0.2839,binance
2026-09-21T03:00:00Z,INR,3.5278,8.6977,5.1699,binance
2026-09-21T03:00:00Z,MXN,-0.0692,0.4764,0.5456,binance
2026-09-21T03:00:00Z,PHP,-0.1084,-0.0369,0.0715,binance
2026-09-21T03:00:00Z,TRY,-0.6846,5.4216,6.1062,binance
2026-09-21T03:00:00Z,VES,13.9804,11.5425,-2.4379,binance
2026-09-21T04:00:00Z,ARS,6.0358,5.5707,-0.4651,binance
2026-09-21T04:00:00Z,IDR,-0.4467,-0.6435,-0.1968,binance
2026-09-21T04:00:00Z,INR,3.1738,7.7189,4.5451,binance
2026-09-21T04:00:00Z,MXN,-0.0808,0.4474,0.5282,binance
2026-09-21T04:00:00Z,PHP,-0.0925,-0.0289,0.0636,binance
2026-09-21T04:00:00Z,TRY,-0.6928,5.1654,5.8582,binance
2026-09-21T04:00:00Z,VES,13.8745,11.4983,-2.3762,binance
2026-09-21T05:00:00Z,ARS,6.0272,5.6431,-0.3841,binance
2026-09-21T05:00:00Z,IDR,-0.4299,-0.6182,-0.1883,binance
2026-09-21T05:00:00Z,INR,3.5018,7.2295,3.7277,binance
2026-09-21T05:00:00Z,MXN,-0.0808,0.4183,0.4991,binance
2026-09-21T05:00:00Z,PHP,-0.1084,-0.0289,0.0795,binance
2026-09-21T05:00:00Z,TRY,-0.6457,4.5199,5.1656,binance
2026-09-21T05:00:00Z,VES,13.7214,11.4683,-2.2531,binance
2026-09-21T06:00:00Z,ARS,6.0358,5.647,-0.3888,binance
2026-09-21T06:00:00Z,IDR,-0.4411,-0.6631,-0.222,binance
2026-09-21T06:00:00Z,INR,3.1269,7.1046,3.9777,binance
2026-09-21T06:00:00Z,MXN,-0.0925,0.6795,0.772,binance
2026-09-21T06:00:00Z,PHP,-0.0925,-0.021,0.0715,binance
2026-09-21T06:00:00Z,TRY,-0.7973,4.2944,5.0917,binance
2026-09-21T06:00:00Z,VES,13.5839,11.4689,-2.115,binance
2026-09-21T07:00:00Z,ARS,6.0358,5.611,-0.4248,binance
2026-09-21T07:00:00Z,IDR,-0.4495,-0.5085,-0.059,binance
2026-09-21T07:00:00Z,INR,3.3873,6.3965,3.0092,binance
2026-09-21T07:00:00Z,MXN,-0.0692,0.6505,0.7197,binance
2026-09-21T07:00:00Z,PHP,-0.0925,-0.013,0.0795,binance
2026-09-21T07:00:00Z,TRY,-0.412,3.946,4.358,binance
2026-09-21T07:00:00Z,VES,13.3492,11.4276,-1.9216,binance
2026-09-21T08:00:00Z,ARS,6.0358,5.655,-0.3808,binance
2026-09-21T08:00:00Z,IDR,-0.4017,-0.5057,-0.104,binance
2026-09-21T08:00:00Z,INR,3.3821,6.308,2.9259,binance
2026-09-21T08:00:00Z,MXN,-0.0867,0.9698,1.0565,binance
2026-09-21T08:00:00Z,PHP,-0.1244,-0.021,0.1034,binance
2026-09-21T08:00:00Z,TRY,-0.4161,3.8743,4.2904,binance
2026-09-21T08:00:00Z,VES,13.1482,11.5866,-1.5616,binance
2026-09-21T09:00:00Z,ARS,6.0358,5.6834,-0.3524,binance
2026-09-21T09:00:00Z,IDR,-0.4242,-0.5338,-0.1096,binance
2026-09-21T09:00:00Z,INR,2.9812,6.8391,3.8579,binance
2026-09-21T09:00:00Z,MXN,-0.1563,1.289,1.4453,binance
2026-09-21T09:00:00Z,PHP,-0.1403,0.0506,0.1909,binance
2026-09-21T09:00:00Z,TRY,-0.3987,3.4952,3.8939,binance
2026-09-21T09:00:00Z,VES,12.9979,11.466,-1.5319,binance
2026-09-21T10:00:00Z,ARS,6.0358,5.6778,-0.358,binance
2026-09-21T10:00:00Z,IDR,-0.3933,-0.4861,-0.0928,binance
2026-09-21T10:00:00Z,INR,3.2571,6.8443,3.5872,binance
2026-09-21T10:00:00Z,MXN,-0.1853,1.1439,1.3292,binance
2026-09-21T10:00:00Z,PHP,-0.0925,0.0029,0.0954,binance
2026-09-21T10:00:00Z,TRY,-0.3157,3.0341,3.3498,binance
2026-09-21T10:00:00Z,VES,12.9213,11.4425,-1.4788,binance
2026-09-21T11:00:00Z,ARS,6.0458,5.5964,-0.4494,binance
2026-09-21T11:00:00Z,IDR,-0.4692,-0.5142,-0.045,binance
2026-09-21T11:00:00Z,INR,3.3144,6.8391,3.5247,binance
2026-09-21T11:00:00Z,MXN,-0.2027,1.0278,1.2305,binance
2026-09-21T11:00:00Z,PHP,-0.1403,0.0029,0.1432,binance
2026-09-21T11:00:00Z,TRY,-0.3116,3.9358,4.2474,binance
2026-09-21T11:00:00Z,VES,12.9065,11.2394,-1.6671,binance
2026-09-21T12:00:00Z,ARS,6.0126,5.6265,-0.3861,binance
2026-09-21T12:00:00Z,IDR,-0.4495,-0.4917,-0.0422,binance
2026-09-21T12:00:00Z,INR,3.3092,6.8182,3.509,binance
2026-09-21T12:00:00Z,MXN,-0.226,0.9698,1.1958,binance
2026-09-21T12:00:00Z,PHP,-0.1403,-0.013,0.1273,binance
2026-09-21T12:00:00Z,TRY,-0.4141,3.8333,4.2474,binance
2026-09-21T12:00:00Z,VES,12.9578,11.257,-1.7008,binance
2026-09-21T13:00:00Z,ARS,6.0338,5.5951,-0.4387,binance
2026-09-21T13:00:00Z,IDR,-0.3849,-0.2275,0.1574,binance
2026-09-21T13:00:00Z,INR,3.0384,6.8495,3.8111,binance
2026-09-21T13:00:00Z,MXN,-0.2608,0.8537,1.1145,binance
2026-09-21T13:00:00Z,PHP,-0.1403,0.0665,0.2068,binance
2026-09-21T13:00:00Z,TRY,-0.3321,4.069,4.4011,binance
2026-09-21T13:00:00Z,VES,13.3879,11.5707,-1.8172,binance
2026-09-21T14:00:00Z,ARS,6.1775,5.5938,-0.5837,binance
2026-09-21T14:00:00Z,IDR,-0.5563,-0.3399,0.2164,binance
2026-09-21T14:00:00Z,INR,3.1894,6.9588,3.7694,binance
2026-09-21T14:00:00Z,MXN,-0.1041,0.6505,0.7546,binance
2026-09-21T14:00:00Z,PHP,-0.1403,0.0903,0.2306,binance
2026-09-21T14:00:00Z,TRY,-0.2624,4.0178,4.2802,binance
2026-09-21T14:00:00Z,VES,13.8015,11.8215,-1.98,binance
2026-09-21T15:00:00Z,ARS,6.2642,5.5488,-0.7154,binance
2026-09-21T15:00:00Z,IDR,-0.8627,-0.3596,0.5031,binance
2026-09-21T15:00:00Z,INR,3.4445,7.0421,3.5976,binance
2026-09-21T15:00:00Z,MXN,-0.0402,0.5925,0.6327,binance
2026-09-21T15:00:00Z,PHP,-0.1562,0.0585,0.2147,binance
2026-09-21T15:00:00Z,TRY,-0.3669,4.3149,4.6818,binance
2026-09-21T15:00:00Z,VES,14.6766,12.643,-2.0336,binance
2026-09-21T16:00:00Z,ARS,6.1408,5.5554,-0.5854,binance
2026-09-21T16:00:00Z,IDR,-0.5732,-0.2978,0.2754,binance
2026-09-21T16:00:00Z,INR,3.2988,7.1254,3.8266,binance
2026-09-21T16:00:00Z,MXN,-0.046,0.5344,0.5804,binance
2026-09-21T16:00:00Z,PHP,-0.188,0.0188,0.2068,binance
2026-09-21T16:00:00Z,TRY,-0.41,4.4994,4.9094,binance
2026-09-21T16:00:00Z,VES,15.1514,12.8799,-2.2715,binance
2026-09-21T17:00:00Z,ARS,6.1709,5.484,-0.6869,binance
2026-09-21T17:00:00Z,IDR,-0.5901,-0.2921,0.298,binance
2026-09-21T17:00:00Z,INR,3.4497,7.2347,3.785,binance
2026-09-21T17:00:00Z,MXN,-0.0286,0.3023,0.3309,binance
2026-09-21T17:00:00Z,PHP,-0.2039,0.0426,0.2465,binance
2026-09-21T17:00:00Z,TRY,-0.2634,4.151,4.4144,binance
2026-09-21T17:00:00Z,VES,15.198,12.9344,-2.2636,binance
2026-09-21T18:00:00Z,ARS,6.1038,5.5277,-0.5761,binance
2026-09-21T18:00:00Z,IDR,-0.6013,-0.2978,0.3035,binance
2026-09-21T18:00:00Z,INR,3.4549,7.594,4.1391,binance
2026-09-21T18:00:00Z,MXN,0.012,0.3603,0.3483,binance
2026-09-21T18:00:00Z,PHP,-0.2039,0.0744,0.2783,binance
2026-09-21T18:00:00Z,TRY,-0.3014,3.9665,4.2679,binance
2026-09-21T18:00:00Z,VES,15.3638,12.999,-2.3648,binance
2026-09-21T19:00:00Z,ARS,6.397,5.5029,-0.8941,binance
2026-09-21T19:00:00Z,IDR,-0.6266,-0.2022,0.4244,binance
2026-09-21T19:00:00Z,INR,3.7205,8.4686,4.7481,binance
2026-09-21T19:00:00Z,MXN,-0.0576,0.3603,0.4179,binance
2026-09-21T19:00:00Z,PHP,-0.2039,0.0426,0.2465,binance
2026-09-21T19:00:00Z,TRY,-0.285,4.0383,4.3233,binance
2026-09-21T19:00:00Z,VES,15.8185,12.9638,-2.8547,binance
2026-09-21T20:00:00Z,ARS,6.333,5.441,-0.892,binance
2026-09-21T20:00:00Z,IDR,-0.5901,-0.2275,0.3626,binance
2026-09-21T20:00:00Z,INR,3.5018,9.2756,5.7738,binance
2026-09-21T20:00:00Z,MXN,-0.1331,0.3603,0.4934,binance
2026-09-21T20:00:00Z,PHP,-0.2039,0.1221,0.326,binance
2026-09-21T20:00:00Z,TRY,-0.2952,4.1612,4.4564,binance
2026-09-21T20:00:00Z,VES,15.2525,12.4098,-2.8427,binance
2026-09-21T21:00:00Z,ARS,6.3325,5.4794,-0.8531,binance
2026-09-21T21:00:00Z,IDR,-0.6013,-0.146,0.4553,binance
2026-09-21T21:00:00Z,INR,3.4601,9.2756,5.8155,binance
2026-09-21T21:00:00Z,MXN,-0.2724,0.2442,0.5166,binance
2026-09-21T21:00:00Z,PHP,-0.2039,0.1221,0.326,binance
2026-09-21T21:00:00Z,TRY,-0.3096,4.4789,4.7885,binance
2026-09-21T21:00:00Z,VES,15.3533,12.4335,-2.9198,binance
2026-09-21T22:00:00Z,ARS,6.3302,5.5611,-0.7691,binance
2026-09-21T22:00:00Z,IDR,-0.5957,-0.146,0.4497,binance
2026-09-21T22:00:00Z,INR,3.6424,9.7182,6.0758,binance
2026-09-21T22:00:00Z,MXN,-0.1041,0.2442,0.3483,binance
2026-09-21T22:00:00Z,PHP,-0.2039,0.1778,0.3817,binance
2026-09-21T22:00:00Z,TRY,-0.287,4.2842,4.5712,binance
2026-09-21T22:00:00Z,VES,15.7138,12.8814,-2.8324,binance
2026-09-21T23:00:00Z,ARS,6.3294,5.5769,-0.7525,binance
2026-09-21T23:00:00Z,IDR,-0.6041,-0.2303,0.3738,binance
2026-09-21T23:00:00Z,INR,3.3768,9.8483,6.4715,binance
2026-09-21T23:00:00Z,MXN,-0.075,0.2442,0.3192,binance
2026-09-21T23:00:00Z,PHP,-0.2039,0.1778,0.3817,binance
2026-09-21T23:00:00Z,TRY,-0.2563,4.5199,4.7762,binance
2026-09-21T23:00:00Z,VES,15.7043,12.7282,-2.9761,binance
2026-09-22T00:00:00Z,ARS,6.3287,5.6202,-0.7085,binance
2026-09-22T00:00:00Z,IDR,-0.5367,-0.2275,0.3092,binance
2026-09-22T00:00:00Z,INR,3.4133,9.6973,6.284,binance
2026-09-22T00:00:00Z,MXN,-0.0808,0.2442,0.325,binance
2026-09-22T00:00:00Z,PHP,-0.2039,0.1062,0.3101,binance
2026-09-22T00:00:00Z,TRY,-0.3178,4.4994,4.8172,binance
2026-09-22T00:00:00Z,VES,15.4388,12.4253,-3.0135,binance
2026-09-22T01:00:00Z,ARS,6.3272,5.4885,-0.8387,binance
2026-09-22T01:00:00Z,IDR,-0.7788,-0.5209,0.2579,binance
2026-09-22T01:00:00Z,INR,3.2768,9.5142,6.2374,binance
2026-09-22T01:00:00Z,MXN,-0.0407,0.3195,0.3602,binance
2026-09-22T01:00:00Z,PHP,-0.2445,0.1454,0.3899,binance
2026-09-22T01:00:00Z,TRY,-0.534,4.4563,4.9903,binance
2026-09-22T01:00:00Z,VES,14.9964,12.0954,-2.901,binance
2026-09-22T02:00:00Z,ARS,6.3463,5.4763,-0.87,binance
2026-09-22T02:00:00Z,IDR,-0.7872,-0.5434,0.2438,binance
2026-09-22T02:00:00Z,INR,3.7306,9.0814,5.3508,binance
2026-09-22T02:00:00Z,MXN,0.0581,0.4357,0.3776,binance
2026-09-22T02:00:00Z,PHP,-0.1013,0.0738,0.1751,binance
2026-09-22T02:00:00Z,TRY,-0.4214,5.4497,5.8711,binance
2026-09-22T02:00:00Z,VES,14.9945,12.1517,-2.8428,binance
2026-09-22T03:00:00Z,ARS,6.2164,5.4681,-0.7483,binance
2026-09-22T03:00:00Z,IDR,-0.5097,-0.392,0.1177,binance
2026-09-22T03:00:00Z,INR,3.4124,9.1752,5.7628,binance
2026-09-22T03:00:00Z,MXN,-0.0116,0.4357,0.4473,binance
2026-09-22T03:00:00Z,PHP,-0.149,0.0499,0.1989,binance
2026-09-22T03:00:00Z,TRY,-0.4603,5.4497,5.91,binance
2026-09-22T03:00:00Z,VES,15.2919,12.269,-3.0229,binance
2026-09-22T04:00:00Z,ARS,6.2496,5.4694,-0.7802,binance
2026-09-22T04:00:00Z,IDR,-0.4845,-0.3192,0.1653,binance
2026-09-22T04:00:00Z,INR,3.4698,8.0279,4.5581,binance
2026-09-22T04:00:00Z,MXN,-0.0523,0.4937,0.546,binance
2026-09-22T04:00:00Z,PHP,-0.2445,-0.0058,0.2387,binance
2026-09-22T04:00:00Z,TRY,-0.4572,5.378,5.8352,binance
2026-09-22T04:00:00Z,VES,14.9858,12.4098,-2.576,binance
2026-09-22T05:00:00Z,ARS,6.2496,5.547,-0.7026,binance
2026-09-22T05:00:00Z,IDR,-0.4369,-0.3248,0.1121,binance
2026-09-22T05:00:00Z,INR,3.5741,7.0944,3.5203,binance
2026-09-22T05:00:00Z,MXN,-0.0465,0.5228,0.5693,binance
2026-09-22T05:00:00Z,PHP,-0.2445,-0.0615,0.183,binance
2026-09-22T05:00:00Z,TRY,-0.362,5.0196,5.3816,binance
2026-09-22T05:00:00Z,VES,14.8746,12.446,-2.4286,binance
2026-09-22T06:00:00Z,ARS,6.2463,5.8288,-0.4175,binance
2026-09-22T06:00:00Z,IDR,-0.3668,-0.2939,0.0729,binance
2026-09-22T06:00:00Z,INR,3.4541,6.9223,3.4682,binance
2026-09-22T06:00:00Z,MXN,-0.0,0.5809,0.5809,binance
2026-09-22T06:00:00Z,PHP,-0.2445,-0.0217,0.2228,binance
2026-09-22T06:00:00Z,TRY,-0.4552,4.3437,4.7989,binance
2026-09-22T06:00:00Z,VES,14.4532,12.5506,-1.9026,binance
2026-09-22T07:00:00Z,ARS,6.2064,5.5456,-0.6608,binance
2026-09-22T07:00:00Z,IDR,-0.4088,-0.3668,0.042,binance
2026-09-22T07:00:00Z,INR,3.5897,7.2665,3.6768,binance
2026-09-22T07:00:00Z,MXN,0.0523,0.8423,0.79,binance
2026-09-22T07:00:00Z,PHP,-0.1968,-0.0774,0.1194,binance
2026-09-22T07:00:00Z,TRY,-0.2954,3.5961,3.8915,binance
2026-09-22T07:00:00Z,VES,14.4363,12.5036,-1.9327,binance
2026-09-22T08:00:00Z,ARS,6.1996,5.6826,-0.517,binance
2026-09-22T08:00:00Z,IDR,-0.2743,-0.4285,-0.1542,binance
2026-09-22T08:00:00Z,INR,3.3811,7.5794,4.1983,binance
2026-09-22T08:00:00Z,MXN,0.2033,0.9875,0.7842,binance
2026-09-22T08:00:00Z,PHP,-0.1968,-0.0137,0.1831,binance
2026-09-22T08:00:00Z,TRY,-0.3138,3.5961,3.9099,binance
2026-09-22T08:00:00Z,VES,14.3834,12.5036,-1.8798,binance
2026-09-22T09:00:00Z,ARS,6.1398,5.5156,-0.6242,binance
2026-09-22T09:00:00Z,IDR,-0.1174,-0.3388,-0.2214,binance
2026-09-22T09:00:00Z,INR,3.8922,7.4125,3.5203,binance
2026-09-22T09:00:00Z,MXN,0.1162,1.0165,0.9003,binance
2026-09-22T09:00:00Z,PHP,-0.3082,-0.0217,0.2865,binance
2026-09-22T09:00:00Z,TRY,-0.2565,3.9648,4.2213,binance
2026-09-22T09:00:00Z,VES,14.4978,12.5036,-1.9942,binance
2026-09-22T10:00:00Z,ARS,6.1996,5.4836,-0.716,binance
2026-09-22T10:00:00Z,IDR,-0.1286,-0.3444,-0.2158,binance
2026-09-22T10:00:00Z,INR,3.8766,7.3551,3.4785,binance
2026-09-22T10:00:00Z,MXN,0.0813,0.8423,0.761,binance
2026-09-22T10:00:00Z,PHP,-0.547,-0.149,0.398,binance
2026-09-22T10:00:00Z,TRY,-0.2421,4.1491,4.3912,binance
2026-09-22T10:00:00Z,VES,14.8386,12.4567,-2.3819,binance
2026-09-22T11:00:00Z,ARS,6.1996,5.4684,-0.7312,binance
2026-09-22T11:00:00Z,IDR,-0.1202,-0.2631,-0.1429,binance
2026-09-22T11:00:00Z,INR,3.741,7.4177,3.6767,binance
2026-09-22T11:00:00Z,MXN,0.0116,0.8713,0.8597,binance
2026-09-22T11:00:00Z,PHP,-0.5947,-0.3002,0.2945,binance
2026-09-22T11:00:00Z,TRY,-0.2831,4.2925,4.5756,binance
2026-09-22T11:00:00Z,VES,15.0059,12.2684,-2.7375,binance
2026-09-22T12:00:00Z,ARS,6.233,5.2832,-0.9498,binance
2026-09-22T12:00:00Z,IDR,-0.179,-0.2603,-0.0813,binance
2026-09-22T12:00:00Z,INR,4.0174,7.4073,3.3899,binance
2026-09-22T12:00:00Z,MXN,0.0871,0.8132,0.7261,binance
2026-09-22T12:00:00Z,PHP,-0.4355,-0.2684,0.1671,binance
2026-09-22T12:00:00Z,TRY,-0.2227,3.7292,3.9519,binance
2026-09-22T12:00:00Z,VES,14.8976,12.269,-2.6286,binance
2026-09-22T13:00:00Z,ARS,6.2023,5.3196,-0.8827,binance
2026-09-22T13:00:00Z,IDR,-0.1202,-0.2715,-0.1513,binance
2026-09-22T13:00:00Z,INR,4.0017,7.3864,3.3847,binance
2026-09-22T13:00:00Z,MXN,0.1046,0.6971,0.5925,binance
2026-09-22T13:00:00Z,PHP,-0.4833,-0.3082,0.1751,binance
2026-09-22T13:00:00Z,TRY,-0.2278,3.7702,3.998,binance
2026-09-22T13:00:00Z,VES,15.3925,12.5154,-2.8771,binance
2026-09-22T14:00:00Z,ARS,6.3132,5.3522,-0.961,binance
2026-09-22T14:00:00Z,IDR,-0.2771,-0.392,-0.1149,binance
2026-09-22T14:00:00Z,INR,3.7983,7.4073,3.609,binance
2026-09-22T14:00:00Z,MXN,0.1046,0.6971,0.5925,binance
2026-09-22T14:00:00Z,PHP,-0.6106,-0.4355,0.1751,binance
2026-09-22T14:00:00Z,TRY,-0.2155,3.6064,3.8219,binance
2026-09-22T14:00:00Z,VES,15.1379,12.7122,-2.4257,binance
2026-09-22T15:00:00Z,ARS,6.2719,5.313,-0.9589,binance
2026-09-22T15:00:00Z,IDR,-0.0025,-0.378,-0.3755,binance
2026-09-22T15:00:00Z,INR,3.7566,7.4073,3.6507,binance
2026-09-22T15:00:00Z,MXN,0.3601,0.668,0.3079,binance
2026-09-22T15:00:00Z,PHP,-0.4674,-0.4355,0.0319,binance
2026-09-22T15:00:00Z,TRY,-0.1981,3.8214,4.0195,binance
2026-09-22T15:00:00Z,VES,15.4477,12.9054,-2.5423,binance
2026-09-22T16:00:00Z,ARS,6.3524,5.4172,-0.9352,binance
2026-09-22T16:00:00Z,IDR,0.0312,-0.3528,-0.384,binance
2026-09-22T16:00:00Z,INR,4.1008,7.3708,3.27,binance
2026-09-22T16:00:00Z,MXN,0.4996,0.9004,0.4008,binance
2026-09-22T16:00:00Z,PHP,-0.531,-0.348,0.183,binance
2026-09-22T16:00:00Z,TRY,-0.2063,3.6883,3.8946,binance
2026-09-22T16:00:00Z,VES,15.551,12.9726,-2.5784,binance
2026-09-22T17:00:00Z,ARS,6.418,5.4143,-1.0037,binance
2026-09-22T17:00:00Z,IDR,-0.0137,-0.2827,-0.269,binance
2026-09-22T17:00:00Z,INR,4.007,7.4334,3.4264,binance
2026-09-22T17:00:00Z,MXN,0.4821,0.9004,0.4183,binance
2026-09-22T17:00:00Z,PHP,-0.4196,-0.2445,0.1751,binance
2026-09-22T17:00:00Z,TRY,-0.2073,4.0262,4.2335,binance
2026-09-22T17:00:00Z,VES,15.2567,13.0016,-2.2551,binance
2026-09-22T18:00:00Z,ARS,6.428,5.412,-1.016,binance
2026-09-22T18:00:00Z,IDR,-0.0669,-0.3388,-0.2719,binance
2026-09-22T18:00:00Z,INR,3.96,7.668,3.708,binance
2026-09-22T18:00:00Z,MXN,0.4879,0.9004,0.4125,binance
2026-09-22T18:00:00Z,PHP,-0.4196,-0.1809,0.2387,binance
2026-09-22T18:00:00Z,TRY,-0.2503,3.8112,4.0615,binance
2026-09-22T18:00:00Z,VES,15.4214,13.2633,-2.1581,binance
2026-09-22T19:00:00Z,ARS,6.4234,5.4433,-0.9801,binance
2026-09-22T19:00:00Z,IDR,-0.0109,-0.2295,-0.2186,binance
2026-09-22T19:00:00Z,INR,3.96,8.9405,4.9805,binance
2026-09-22T19:00:00Z,MXN,0.546,0.9004,0.3544,binance
2026-09-22T19:00:00Z,PHP,-0.4196,-0.1092,0.3104,binance
2026-09-22T19:00:00Z,TRY,-0.2043,3.8214,4.0257,binance
2026-09-22T19:00:00Z,VES,15.719,13.3248,-2.3942,binance
2026-09-22T20:00:00Z,ARS,6.3397,5.477,-0.8627,binance
2026-09-22T20:00:00Z,IDR,-0.0417,-0.2267,-0.185,binance
2026-09-22T20:00:00Z,INR,3.814,9.4569,5.6429,binance
2026-09-22T20:00:00Z,MXN,0.4531,0.7842,0.3311,binance
2026-09-22T20:00:00Z,PHP,-0.4196,-0.0933,0.3263,binance
2026-09-22T20:00:00Z,TRY,-0.1909,3.975,4.1659,binance
2026-09-22T20:00:00Z,VES,15.6562,13.1489,-2.5073,binance
2026-09-22T21:00:00Z,ARS,6.3753,5.4743,-0.901,binance
2026-09-22T21:00:00Z,IDR,-0.1286,-0.2042,-0.0756,binance
2026-09-22T21:00:00Z,INR,3.9339,9.509,5.5751,binance
2026-09-22T21:00:00Z,MXN,0.4531,0.7842,0.3311,binance
2026-09-22T21:00:00Z,PHP,-0.4196,-0.0694,0.3502,binance
2026-09-22T21:00:00Z,TRY,-0.1961,3.7804,3.9765,binance
2026-09-22T21:00:00Z,VES,15.6051,13.0902,-2.5149,binance
2026-09-22T22:00:00Z,ARS,6.3397,5.4186,-0.9211,binance
2026-09-22T22:00:00Z,IDR,-0.0165,-0.0305,-0.014,binance
2026-09-22T22:00:00Z,INR,3.9131,9.8323,5.9192,binance
2026-09-22T22:00:00Z,MXN,0.4763,0.7842,0.3079,binance
2026-09-22T22:00:00Z,PHP,-0.4196,-0.1013,0.3183,binance
2026-09-22T22:00:00Z,TRY,-0.1715,4.313,4.4845,binance
2026-09-22T22:00:00Z,VES,15.6903,13.1547,-2.5356,binance
2026-09-22T23:00:00Z,ARS,6.3397,5.404,-0.9357,binance
2026-09-22T23:00:00Z,IDR,-0.123,-0.1146,0.0084,binance
2026-09-22T23:00:00Z,INR,4.0382,9.9732,5.935,binance
2026-09-22T23:00:00Z,MXN,0.4763,0.7842,0.3079,binance
2026-09-22T23:00:00Z,PHP,-0.4196,-0.149,0.2706,binance
2026-09-22T23:00:00Z,TRY,-0.1776,4.5178,4.6954,binance
2026-09-22T23:00:00Z,VES,15.9625,13.2075,-2.755,binance
2026-09-23T00:00:00Z,ARS,6.3381,5.4186,-0.9195,binance
2026-09-23T00:00:00Z,IDR,0.0144,-0.1846,-0.199,binance
2026-09-23T00:00:00Z,INR,3.9131,10.0045,6.0914,binance
2026-09-23T00:00:00Z,MXN,0.4589,0.7842,0.3253,binance
2026-09-23T00:00:00Z,PHP,-0.4196,-0.2127,0.2069,binance
2026-09-23T00:00:00Z,TRY,-0.2698,5.0093,5.2791,binance
2026-09-23T00:00:00Z,VES,15.9661,13.2955,-2.6706,binance
2026-09-23T01:00:00Z,ARS,6.346,5.5042,-0.8418,binance
2026-09-23T01:00:00Z,IDR,0.0893,-0.1938,-0.2831,binance
2026-09-23T01:00:00Z,INR,4.2888,9.877,5.5882,binance
2026-09-23T01:00:00Z,MXN,0.1412,0.4131,0.2719,binance
2026-09-23T01:00:00Z,PHP,-0.0151,0.1287,0.1438,binance
2026-09-23T01:00:00Z,TRY,-0.3145,5.5875,5.902,binance
2026-09-23T01:00:00Z,VES,15.6293,13.1928,-2.4365,binance
2026-09-23T02:00:00Z,ARS,6.3522,5.5336,-0.8186,binance
2026-09-23T02:00:00Z,IDR,0.0977,-0.1377,-0.2354,binance
2026-09-23T02:00:00Z,INR,4.0431,9.2811,5.238,binance
2026-09-23T02:00:00Z,MXN,0.1875,0.442,0.2545,binance
2026-09-23T02:00:00Z,PHP,0.0328,0.1527,0.1199,binance
2026-09-23T02:00:00Z,TRY,-0.3452,6.0482,6.3934,binance
2026-09-23T02:00:00Z,VES,15.6653,13.1811,-2.4842,binance
2026-09-23T03:00:00Z,ARS,6.3687,5.5567,-0.812,binance
2026-09-23T03:00:00Z,IDR,0.0192,-0.1658,-0.185,binance
2026-09-23T03:00:00Z,INR,4.3045,9.0406,4.7361,binance
2026-09-23T03:00:00Z,MXN,0.2511,0.4999,0.2488,binance
2026-09-23T03:00:00Z,PHP,0.0169,0.2246,0.2077,binance
2026-09-23T03:00:00Z,TRY,-0.3308,6.4373,6.7681,binance
2026-09-23T03:00:00Z,VES,15.6681,13.2163,-2.4518,binance
2026-09-23T04:00:00Z,ARS,6.3687,5.6664,-0.7023,binance
2026-09-23T04:00:00Z,IDR,-0.0312,-0.191,-0.1598,binance
2026-09-23T04:00:00Z,INR,4.3097,8.6486,4.3389,binance
2026-09-23T04:00:00Z,MXN,0.2337,0.4999,0.2662,binance
2026-09-23T04:00:00Z,PHP,0.1127,0.2086,0.0959,binance
2026-09-23T04:00:00Z,TRY,-0.4046,4.9731,5.3777,binance
2026-09-23T04:00:00Z,VES,15.2748,13.1799,-2.0949,binance
2026-09-23T05:00:00Z,ARS,6.3787,5.6244,-0.7543,binance
2026-09-23T05:00:00Z,IDR,-0.2891,-0.2807,0.0084,binance
2026-09-23T05:00:00Z,INR,4.2679,8.2983,4.0304,binance
2026-09-23T05:00:00Z,MXN,0.2048,0.4999,0.2951,binance
2026-09-23T05:00:00Z,PHP,0.0328,0.2006,0.1678,binance
2026-09-23T05:00:00Z,TRY,-0.3851,4.9936,5.3787,binance
2026-09-23T05:00:00Z,VES,15.9816,13.2743,-2.7073,binance
2026-09-23T06:00:00Z,ARS,6.382,5.6984,-0.6836,binance
2026-09-23T06:00:00Z,IDR,-0.0985,-0.2695,-0.171,binance
2026-09-23T06:00:00Z,INR,4.1111,8.0631,3.952,binance
2026-09-23T06:00:00Z,MXN,0.2453,0.5577,0.3124,binance
2026-09-23T06:00:00Z,PHP,0.0648,0.1767,0.1119,binance
2026-09-23T06:00:00Z,TRY,-0.2756,4.9014,5.177,binance
2026-09-23T06:00:00Z,VES,15.6302,13.2397,-2.3905,binance
2026-09-23T07:00:00Z,ARS,6.382,5.7635,-0.6185,binance
2026-09-23T07:00:00Z,IDR,-0.1518,-0.3452,-0.1934,binance
2026-09-23T07:00:00Z,INR,4.0118,7.671,3.6592,binance
2026-09-23T07:00:00Z,MXN,0.2916,0.7313,0.4397,binance
2026-09-23T07:00:00Z,PHP,0.1607,0.1846,0.0239,binance
2026-09-23T07:00:00Z,TRY,-0.2479,4.4099,4.6578,binance
2026-09-23T07:00:00Z,VES,15.227,13.4037,-1.8233,binance
2026-09-23T08:00:00Z,ARS,6.382,5.7021,-0.6799,binance
2026-09-23T08:00:00Z,IDR,-0.191,-0.3311,-0.1401,binance
2026-09-23T08:00:00Z,INR,4.3097,7.6292,3.3195,binance
2026-09-23T08:00:00Z,MXN,0.4131,1.4546,1.0415,binance
2026-09-23T08:00:00Z,PHP,0.0648,0.2725,0.2077,binance
2026-09-23T08:00:00Z,TRY,-0.1803,4.1949,4.3752,binance
2026-09-23T08:00:00Z,VES,15.1626,13.4037,-1.7589,binance
2026-09-23T09:00:00Z,ARS,6.3787,5.7685,-0.6102,binance
2026-09-23T09:00:00Z,IDR,-0.1574,-0.4208,-0.2634,binance
2026-09-23T09:00:00Z,INR,4.132,7.2842,3.1522,binance
2026-09-23T09:00:00Z,MXN,0.5288,1.1074,0.5786,binance
2026-09-23T09:00:00Z,PHP,0.0328,0.3125,0.2797,binance
2026-09-23T09:00:00Z,TRY,-0.207,3.9799,4.1869,binance
2026-09-23T09:00:00Z,VES,15.1,13.3334,-1.7666,binance
2026-09-23T10:00:00Z,ARS,6.3753,5.671,-0.7043,binance
2026-09-23T10:00:00Z,IDR,-0.2639,-0.4797,-0.2158,binance
2026-09-23T10:00:00Z,INR,4.7279,7.2162,2.4883,binance
2026-09-23T10:00:00Z,MXN,0.6098,1.3967,0.7869,binance
2026-09-23T10:00:00Z,PHP,0.0169,0.2566,0.2397,binance
2026-09-23T10:00:00Z,TRY,-0.1803,4.1028,4.2831,binance
2026-09-23T10:00:00Z,VES,15.1029,13.2787,-1.8242,binance
2026-09-23T11:00:00Z,ARS,6.3687,5.5395,-0.8292,binance
2026-09-23T11:00:00Z,IDR,-0.3648,-0.5077,-0.1429,binance
2026-09-23T11:00:00Z,INR,4.8586,7.3155,2.4569,binance
2026-09-23T11:00:00Z,MXN,0.6503,1.1942,0.5439,binance
2026-09-23T11:00:00Z,PHP,-0.079,0.1607,0.2397,binance
2026-09-23T11:00:00Z,TRY,-0.1435,4.2359,4.3794,binance
2026-09-23T11:00:00Z,VES,15.1166,13.2397,-1.8769,binance
2026-09-23T12:00:00Z,ARS,6.3687,5.5009,-0.8678,binance
2026-09-23T12:00:00Z,IDR,-0.2919,-0.6255,-0.3336,binance
2026-09-23T12:00:00Z,INR,4.4718,7.4515,2.9797,binance
2026-09-23T12:00:00Z,MXN,0.766,1.0785,0.3125,binance
2026-09-23T12:00:00Z,PHP,-0.0151,0.1127,0.1278,binance
2026-09-23T12:00:00Z,TRY,-0.1087,4.1847,4.2934,binance
2026-09-23T12:00:00Z,VES,15.1158,13.1219,-1.9939,binance
2026-09-23T13:00:00Z,ARS,6.4239,5.4609,-0.963,binance
2026-09-23T13:00:00Z,IDR,-0.3984,-0.603,-0.2046,binance
2026-09-23T13:00:00Z,INR,4.7384,7.671,2.9326,binance
2026-09-23T13:00:00Z,MXN,0.876,1.281,0.405,binance
2026-09-23T13:00:00Z,PHP,0.0968,0.2086,0.1118,binance
2026-09-23T13:00:00Z,TRY,-0.0984,4.2871,4.3855,binance
2026-09-23T13:00:00Z,VES,15.3258,13.3826,-1.9432,binance
2026-09-23T14:00:00Z,ARS,6.4747,5.5039,-0.9708,binance
2026-09-23T14:00:00Z,IDR,-0.3339,-0.6731,-0.3392,binance
2026-09-23T14:00:00Z,INR,4.5502,8.4342,3.884,binance
2026-09-23T14:00:00Z,MXN,0.9801,1.252,0.2719,binance
2026-09-23T14:00:00Z,PHP,0.1767,0.2326,0.0559,binance
2026-09-23T14:00:00Z,TRY,-0.122,3.601,3.723,binance
2026-09-23T14:00:00Z,VES,15.7256,13.7019,-2.0237,binance
2026-09-23T15:00:00Z,ARS,6.514,5.5623,-0.9517,binance
2026-09-23T15:00:00Z,IDR,-0.1938,-0.4937,-0.2999,binance
2026-09-23T15:00:00Z,INR,4.4613,8.4133,3.952,binance
2026-09-23T15:00:00Z,MXN,1.0611,1.3678,0.3067,binance
2026-09-23T15:00:00Z,PHP,0.1926,0.3924,0.1998,binance
2026-09-23T15:00:00Z,TRY,-0.0882,3.5703,3.6585,binance
2026-09-23T15:00:00Z,VES,16.1456,14.1061,-2.0395,binance
2026-09-23T16:00:00Z,ARS,6.5633,5.6294,-0.9339,binance
2026-09-23T16:00:00Z,IDR,-0.1405,-0.4236,-0.2831,binance
2026-09-23T16:00:00Z,INR,4.5293,7.8592,3.3299,binance
2026-09-23T16:00:00Z,MXN,1.1248,1.4256,0.3008,binance
2026-09-23T16:00:00Z,PHP,0.2566,0.4403,0.1837,binance
2026-09-23T16:00:00Z,TRY,-0.0585,3.6318,3.6903,binance
2026-09-23T16:00:00Z,VES,16.1217,13.7668,-2.3549,binance
2026-09-23T17:00:00Z,ARS,6.6535,5.6644,-0.9891,binance
2026-09-23T17:00:00Z,IDR,-0.1826,-0.4573,-0.2747,binance
2026-09-23T17:00:00Z,INR,4.6025,8.2565,3.654,binance
2026-09-23T17:00:00Z,MXN,1.6628,1.5413,-0.1215,binance
2026-09-23T17:00:00Z,PHP,0.3045,0.5202,0.2157,binance
2026-09-23T17:00:00Z,TRY,-0.0646,3.6727,3.7373,binance
2026-09-23T17:00:00Z,VES,15.911,13.4154,-2.4956,binance
2026-09-23T18:00:00Z,ARS,6.677,5.7077,-0.9693,binance
2026-09-23T18:00:00Z,IDR,-0.1742,-0.3984,-0.2242,binance
2026-09-23T18:00:00Z,INR,4.7175,8.5754,3.8579,binance
2026-09-23T18:00:00Z,MXN,1.038,1.7728,0.7348,binance
2026-09-23T18:00:00Z,PHP,0.2406,0.5282,0.2876,binance
2026-09-23T18:00:00Z,TRY,-0.0298,4.3178,4.3476,binance
2026-09-23T18:00:00Z,VES,15.6274,13.1811,-2.4463,binance
2026-09-23T19:00:00Z,ARS,6.7799,5.8867,-0.8932,binance
2026-09-23T19:00:00Z,IDR,-0.1826,-0.3928,-0.2102,binance
2026-09-23T19:00:00Z,INR,4.5502,9.5425,4.9923,binance
2026-09-23T19:00:00Z,MXN,1.1826,1.5992,0.4166,binance
2026-09-23T19:00:00Z,PHP,0.2406,0.5202,0.2796,binance
2026-09-23T19:00:00Z,TRY,-0.0011,4.4816,4.4827,binance
2026-09-23T19:00:00Z,VES,15.8292,13.6195,-2.2097,binance
2026-09-23T20:00:00Z,ARS,6.7164,5.9666,-0.7498,binance
2026-09-23T20:00:00Z,IDR,-0.1882,-0.3816,-0.1934,binance
2026-09-23T20:00:00Z,INR,4.4979,9.4327,4.9348,binance
2026-09-23T20:00:00Z,MXN,1.2173,1.5992,0.3819,binance
2026-09-23T20:00:00Z,PHP,0.2406,0.5202,0.2796,binance
2026-09-23T20:00:00Z,TRY,0.0101,4.4816,4.4715,binance
2026-09-23T20:00:00Z,VES,15.5048,13.4147,-2.0901,binance
2026-09-23T21:00:00Z,ARS,6.723,6.039,-0.684,binance
2026-09-23T21:00:00Z,IDR,-0.1658,-0.39,-0.2242,binance
2026-09-23T21:00:00Z,INR,4.4352,9.7516,5.3164,binance
2026-09-23T21:00:00Z,MXN,1.3967,1.6571,0.2604,binance
2026-09-23T21:00:00Z,PHP,0.2406,0.5282,0.2876,binance
2026-09-23T21:00:00Z,TRY,0.0408,4.6762,4.6354,binance
2026-09-23T21:00:00Z,VES,15.4446,13.5879,-1.8567,binance
2026-09-23T22:00:00Z,ARS,6.6327,6.0238,-0.6089,binance
2026-09-23T22:00:00Z,IDR,-0.1489,-0.39,-0.2411,binance
2026-09-23T22:00:00Z,INR,4.5188,9.7097,5.1909,binance
2026-09-23T22:00:00Z,MXN,1.362,1.5992,0.2372,binance
2026-09-23T22:00:00Z,PHP,0.2406,0.5282,0.2876,binance
2026-09-23T22:00:00Z,TRY,0.0449,4.625,4.5801,binance
2026-09-23T22:00:00Z,VES,15.4165,13.5091,-1.9074,binance
2026-09-23T23:00:00Z,ARS,6.6835,5.9785,-0.705,binance
2026-09-23T23:00:00Z,IDR,-0.1518,-0.404,-0.2522,binance
2026-09-23T23:00:00Z,INR,4.4979,9.7777,5.2798,binance
2026-09-23T23:00:00Z,MXN,1.4141,1.6281,0.214,binance
2026-09-23T23:00:00Z,PHP,0.2406,0.4803,0.2397,binance
2026-09-23T23:00:00Z,TRY,0.0449,4.4099,4.365,binance
2026-09-23T23:00:00Z,VES,15.765,13.502,-2.263,binance
2026-09-24T00:00:00Z,ARS,6.696,6.0136,-0.6824,binance
2026-09-24T00:00:00Z,IDR,-0.2022,-0.4096,-0.2074,binance
2026-09-24T00:00:00Z,INR,4.6181,9.8718,5.2537,binance
2026-09-24T00:00:00Z,MXN,1.4603,1.7149,0.2546,binance
2026-09-24T00:00:00Z,PHP,0.2406,0.5362,0.2956,binance
2026-09-24T00:00:00Z,TRY,0.0367,4.6045,4.5678,binance
2026-09-24T00:00:00Z,VES,15.8809,13.4272,-2.4537,binance
2026-09-24T01:00:00Z,ARS,6.7365,5.8161,-0.9204,binance
2026-09-24T01:00:00Z,IDR,-0.156,-0.4027,-0.2467,binance
2026-09-24T01:00:00Z,INR,4.5725,9.7912,5.2187,binance
2026-09-24T01:00:00Z,MXN,0.4574,0.7493,0.2919,binance
2026-09-24T01:00:00Z,PHP,0.0598,0.315,0.2552,binance
2026-09-24T01:00:00Z,TRY,-0.0209,4.8674,4.8883,binance
2026-09-24T01:00:00Z,VES,15.7664,13.4045,-2.3619,binance
2026-09-24T02:00:00Z,ARS,6.6493,5.8906,-0.7587,binance
2026-09-24T02:00:00Z,IDR,-0.1448,-0.3915,-0.2467,binance
2026-09-24T02:00:00Z,INR,4.5151,9.6451,5.13,binance
2026-09-24T02:00:00Z,MXN,0.5032,0.7493,0.2461,binance
2026-09-24T02:00:00Z,PHP,0.0917,0.299,0.2073,binance
2026-09-24T02:00:00Z,TRY,-0.0199,5.0414,5.0613,binance
2026-09-24T02:00:00Z,VES,15.7784,13.4014,-2.377,binance
2026-09-24T03:00:00Z,ARS,6.7133,5.9041,-0.8092,binance
2026-09-24T03:00:00Z,IDR,-0.1112,-0.3326,-0.2214,binance
2026-09-24T03:00:00Z,INR,4.562,9.4728,4.9108,binance
2026-09-24T03:00:00Z,MXN,0.3257,0.7493,0.4236,binance
2026-09-24T03:00:00Z,PHP,0.0439,0.2113,0.1674,binance
2026-09-24T03:00:00Z,TRY,-0.0199,5.3995,5.4194,binance
2026-09-24T03:00:00Z,VES,15.7264,13.3278,-2.3986,binance
2026-09-24T04:00:00Z,ARS,6.7066,5.8747,-0.8319,binance
2026-09-24T04:00:00Z,IDR,-0.0943,-0.2373,-0.143,binance
2026-09-24T04:00:00Z,INR,4.4107,8.5335,4.1228,binance
2026-09-24T04:00:00Z,MXN,0.4288,0.7493,0.3205,binance
2026-09-24T04:00:00Z,PHP,0.0598,0.2034,0.1436,binance
2026-09-24T04:00:00Z,TRY,-0.0199,5.6553,5.6752,binance
2026-09-24T04:00:00Z,VES,15.6683,13.3926,-2.2757,binance
2026-09-24T05:00:00Z,ARS,6.7265,6.1188,-0.6077,binance
2026-09-24T05:00:00Z,IDR,-0.0943,-0.1027,-0.0084,binance
2026-09-24T05:00:00Z,INR,4.2646,7.7663,3.5017,binance
2026-09-24T05:00:00Z,MXN,0.2914,0.8352,0.5438,binance
2026-09-24T05:00:00Z,PHP,0.0439,0.1874,0.1435,binance
2026-09-24T05:00:00Z,TRY,-0.0321,5.1335,5.1656,binance
2026-09-24T05:00:00Z,VES,15.5375,13.4044,-2.1331,binance
2026-09-24T06:00:00Z,ARS,6.7232,6.1616,-0.5616,binance
2026-09-24T06:00:00Z,IDR,-0.0719,-0.1336,-0.0617,binance
2026-09-24T06:00:00Z,INR,4.4159,7.161,2.7451,binance
2026-09-24T06:00:00Z,MXN,0.3887,0.9211,0.5324,binance
2026-09-24T06:00:00Z,PHP,0.0758,0.2113,0.1355,binance
2026-09-24T06:00:00Z,TRY,-0.0393,4.7241,4.7634,binance
2026-09-24T06:00:00Z,VES,15.5103,13.3812,-2.1291,binance
2026-09-24T07:00:00Z,ARS,6.7464,6.3776,-0.3688,binance
2026-09-24T07:00:00Z,IDR,0.0683,-0.1616,-0.2299,binance
2026-09-24T07:00:00Z,INR,4.442,6.7539,2.3119,binance
2026-09-24T07:00:00Z,MXN,0.32,1.0928,0.7728,binance
2026-09-24T07:00:00Z,PHP,0.0758,0.2034,0.1276,binance
2026-09-24T07:00:00Z,TRY,-0.0362,4.54,4.5762,binance
2026-09-24T07:00:00Z,VES,15.4299,13.3928,-2.0371,binance
2026-09-24T08:00:00Z,ARS,6.7632,6.4765,-0.2867,binance
2026-09-24T08:00:00Z,IDR,0.1019,-0.1728,-0.2747,binance
2026-09-24T08:00:00Z,INR,4.2228,7.114,2.8912,binance
2026-09-24T08:00:00Z,MXN,0.2227,0.9783,0.7556,binance
2026-09-24T08:00:00Z,PHP,0.0439,0.1954,0.1515,binance
2026-09-24T08:00:00Z,TRY,-0.0475,4.4581,4.5056,binance
2026-09-24T08:00:00Z,VES,15.3502,13.3928,-1.9574,binance
2026-09-24T09:00:00Z,ARS,6.7699,6.1283,-0.6416,binance
2026-09-24T09:00:00Z,IDR,0.1944,-0.1812,-0.3756,binance
2026-09-24T09:00:00Z,INR,4.7395,7.2601,2.5206,binance
2026-09-24T09:00:00Z,MXN,0.4574,1.5794,1.122,binance
2026-09-24T09:00:00Z,PHP,0.1077,0.2432,0.1355,binance
2026-09-24T09:00:00Z,TRY,-0.072,4.3558,4.4278,binance
2026-09-24T09:00:00Z,VES,15.2757,13.4045,-1.8712,binance
2026-09-24T10:00:00Z,ARS,6.7732,5.9951,-0.7781,binance
2026-09-24T10:00:00Z,IDR,0.158,-0.0775,-0.2355,binance
2026-09-24T10:00:00Z,INR,4.8178,7.2601,2.4423,binance
2026-09-24T10:00:00Z,MXN,0.4746,1.0069,0.5323,binance
2026-09-24T10:00:00Z,PHP,0.0758,0.2273,0.1515,binance
2026-09-24T10:00:00Z,TRY,-0.071,4.3353,4.4063,binance
2026-09-24T10:00:00Z,VES,15.2259,13.334,-1.8919,binance
2026-09-24T11:00:00Z,ARS,6.7232,5.939,-0.7842,binance
2026-09-24T11:00:00Z,IDR,0.3009,0.0739,-0.227,binance
2026-09-24T11:00:00Z,INR,4.8647,7.4532,2.5885,binance
2026-09-24T11:00:00Z,MXN,0.5776,1.1214,0.5438,binance
2026-09-24T11:00:00Z,PHP,0.0758,0.1954,0.1196,binance
2026-09-24T11:00:00Z,TRY,-0.0639,4.0692,4.1331,binance
2026-09-24T11:00:00Z,VES,15.2134,13.2863,-1.9271,binance
2026-09-24T12:00:00Z,ARS,6.7333,5.8134,-0.9199,binance
2026-09-24T12:00:00Z,IDR,0.3934,0.0991,-0.2943,binance
2026-09-24T12:00:00Z,INR,4.7029,7.3749,2.672,binance
2026-09-24T12:00:00Z,MXN,0.5719,1.0642,0.4923,binance
2026-09-24T12:00:00Z,PHP,0.0598,0.1555,0.0957,binance
2026-09-24T12:00:00Z,TRY,-0.0506,4.4581,4.5087,binance
2026-09-24T12:00:00Z,VES,15.2599,13.3184,-1.9415,binance
2026-09-24T13:00:00Z,ARS,6.7548,5.7808,-0.974,binance
2026-09-24T13:00:00Z,IDR,0.3822,0.1187,-0.2635,binance
2026-09-24T13:00:00Z,INR,4.8386,7.1923,2.3537,binance
2026-09-24T13:00:00Z,MXN,0.4059,0.9497,0.5438,binance
2026-09-24T13:00:00Z,PHP,-0.0199,0.1555,0.1754,binance
2026-09-24T13:00:00Z,TRY,-0.0362,4.4376,4.4738,binance
2026-09-24T13:00:00Z,VES,15.405,13.235,-2.17,binance
2026-09-24T14:00:00Z,ARS,6.6817,5.9051,-0.7766,binance
2026-09-24T14:00:00Z,IDR,0.3262,0.0991,-0.2271,binance
2026-09-24T14:00:00Z,INR,4.7812,7.2966,2.5154,binance
2026-09-24T14:00:00Z,MXN,0.3887,0.9211,0.5324,binance
2026-09-24T14:00:00Z,PHP,0.0439,0.1794,0.1355,binance
2026-09-24T14:00:00Z,TRY,-0.0301,4.4683,4.4984,binance
2026-09-24T14:00:00Z,VES,15.3928,13.2874,-2.1054,binance
2026-09-24T15:00:00Z,ARS,6.6672,5.8065,-0.8607,binance
2026-09-24T15:00:00Z,IDR,0.3121,0.0739,-0.2382,binance
2026-09-24T15:00:00Z,INR,4.4785,7.2914,2.8129,binance
2026-09-24T15:00:00Z,MXN,0.818,0.8925,0.0745,binance
2026-09-24T15:00:00Z,PHP,0.0758,0.1475,0.0717,binance
2026-09-24T15:00:00Z,TRY,-0.026,4.2739,4.2999,binance
2026-09-24T15:00:00Z,VES,15.5111,13.2874,-2.2237,binance
2026-09-24T16:00:00Z,ARS,6.7351,5.85,-0.8851,binance
2026-09-24T16:00:00Z,IDR,0.3514,0.1019,-0.2495,binance
2026-09-24T16:00:00Z,INR,4.5464,7.3541,2.8077,binance
2026-09-24T16:00:00Z,MXN,1.1214,1.4935,0.3721,binance
2026-09-24T16:00:00Z,PHP,0.1874,0.2512,0.0638,binance
2026-09-24T16:00:00Z,TRY,-0.0229,4.0283,4.0512,binance
2026-09-24T16:00:00Z,VES,15.5758,13.1862,-2.3896,binance
2026-09-24T17:00:00Z,ARS,6.7152,5.9325,-0.7827,binance
2026-09-24T17:00:00Z,IDR,0.5028,0.1047,-0.3981,binance
2026-09-24T17:00:00Z,INR,4.5307,7.495,2.9643,binance
2026-09-24T17:00:00Z,MXN,0.9096,1.379,0.4694,binance
2026-09-24T17:00:00Z,PHP,0.0598,0.2831,0.2233,binance
2026-09-24T17:00:00Z,TRY,-0.024,3.9567,3.9807,binance
2026-09-24T17:00:00Z,VES,15.2798,13.1645,-2.1153,binance
2026-09-24T18:00:00Z,ARS,6.8442,5.9077,-0.9365,binance
2026-09-24T18:00:00Z,IDR,0.4691,0.0795,-0.3896,binance
2026-09-24T18:00:00Z,INR,4.2698,8.6535,4.3837,binance
2026-09-24T18:00:00Z,MXN,1.3103,1.3504,0.0401,binance
2026-09-24T18:00:00Z,PHP,0.0758,0.2592,0.1834,binance
2026-09-24T18:00:00Z,TRY,-0.0209,4.5502,4.5711,binance
2026-09-24T18:00:00Z,VES,15.3237,13.1411,-2.1826,binance
2026-09-24T19:00:00Z,ARS,7.0475,6.0162,-1.0313,binance
2026-09-24T19:00:00Z,IDR,0.4495,0.1271,-0.3224,binance
2026-09-24T19:00:00Z,INR,4.1237,9.7494,5.6257,binance
2026-09-24T19:00:00Z,MXN,1.2359,1.379,0.1431,binance
2026-09-24T19:00:00Z,PHP,0.0917,0.3469,0.2552,binance
2026-09-24T19:00:00Z,TRY,-0.0127,4.8469,4.8596,binance
2026-09-24T19:00:00Z,VES,15.4603,13.3225,-2.1378,binance
2026-09-24T20:00:00Z,ARS,6.6871,5.9809,-0.7062,binance
2026-09-24T20:00:00Z,IDR,0.3878,0.0655,-0.3223,binance
2026-09-24T20:00:00Z,INR,4.2698,9.8225,5.5527,binance
2026-09-24T20:00:00Z,MXN,1.339,1.379,0.04,binance
2026-09-24T20:00:00Z,PHP,0.0758,0.4425,0.3667,binance
2026-09-24T20:00:00Z,TRY,-0.0178,4.5502,4.568,binance
2026-09-24T20:00:00Z,VES,15.6122,13.4044,-2.2078,binance
2026-09-24T21:00:00Z,ARS,6.7127,6.1959,-0.5168,binance
2026-09-24T21:00:00Z,IDR,0.4131,0.1047,-0.3084,binance
2026-09-24T21:00:00Z,INR,4.3272,9.7494,5.4222,binance
2026-09-24T21:00:00Z,MXN,1.1443,1.4935,0.3492,binance
2026-09-24T21:00:00Z,PHP,0.0439,0.4346,0.3907,binance
2026-09-24T21:00:00Z,TRY,-0.0188,4.3762,4.395,binance
2026-09-24T21:00:00Z,VES,15.6602,13.3852,-2.275,binance
2026-09-24T22:00:00Z,ARS,6.7127,6.1761,-0.5366,binance
2026-09-24T22:00:00Z,IDR,0.1748,0.1103,-0.0645,binance
2026-09-24T22:00:00Z,INR,4.2228,10.0104,5.7876,binance
2026-09-24T22:00:00Z,MXN,1.3676,1.6366,0.269,binance
2026-09-24T22:00:00Z,PHP,0.0598,0.315,0.2552,binance
2026-09-24T22:00:00Z,TRY,-0.0669,5.6553,5.7222,binance
2026-09-24T22:00:00Z,VES,15.7008,13.4045,-2.2963,binance
2026-09-24T23:00:00Z,ARS,6.7127,6.1732,-0.5395,binance
2026-09-24T23:00:00Z,IDR,0.4159,0.1159,-0.3,binance
2026-09-24T23:00:00Z,INR,4.1967,9.8538,5.6571,binance
2026-09-24T23:00:00Z,MXN,1.4305,1.837,0.4065,binance
2026-09-24T23:00:00Z,PHP,0.0439,0.2831,0.2392,binance
2026-09-24T23:00:00Z,TRY,-0.0311,6.4023,6.4334,binance
2026-09-24T23:00:00Z,VES,15.6441,13.3986,-2.2455,binance
2026-09-25T00:00:00Z,ARS,6.7127,6.1435,-0.5692,binance
2026-09-25T00:00:00Z,IDR,0.0907,0.1916,0.1009,binance
2026-09-25T00:00:00Z,INR,4.3063,9.8538,5.5475,binance
2026-09-25T00:00:00Z,MXN,1.5508,1.837,0.2862,binance
2026-09-25T00:00:00Z,PHP,0.0598,0.2831,0.2233,binance
2026-09-25T00:00:00Z,TRY,-0.028,5.7884,5.8164,binance
2026-09-25T00:00:00Z,VES,15.6224,13.3852,-2.2372,binance
2026-09-25T01:00:00Z,ARS,6.7127,5.9361,-0.7766,binance
2026-09-25T01:00:00Z,IDR,-0.0207,-0.2441,-0.2234,binance
2026-09-25T01:00:00Z,INR,4.0618,9.613,5.5512,binance
2026-09-25T01:00:00Z,MXN,0.3912,0.776,0.3848,binance
2026-09-25T01:00:00Z,PHP,-0.1,0.1229,0.2229,binance
2026-09-25T01:00:00Z,TRY,-0.1297,6.3517,6.4814,binance
2026-09-25T01:00:00Z,VES,15.5911,13.2823,-2.3088,binance
2026-09-25T02:00:00Z,ARS,6.7127,5.8995,-0.8132,binance
2026-09-25T02:00:00Z,IDR,0.0491,-0.2553,-0.3044,binance
2026-09-25T02:00:00Z,INR,3.9785,9.8213,5.8428,binance
2026-09-25T02:00:00Z,MXN,0.3233,0.7477,0.4244,binance
2026-09-25T02:00:00Z,PHP,-0.1637,0.0353,0.199,binance
2026-09-25T02:00:00Z,TRY,-0.098,6.3312,6.4292,binance
2026-09-25T02:00:00Z,VES,15.739,13.3449,-2.3941,binance
2026-09-25T03:00:00Z,ARS,6.7127,5.939,-0.7737,binance
2026-09-25T03:00:00Z,IDR,0.0519,-0.1101,-0.162,binance
2026-09-25T03:00:00Z,INR,4.2545,9.3474,5.0929,binance
2026-09-25T03:00:00Z,MXN,0.3799,0.7194,0.3395,binance
2026-09-25T03:00:00Z,PHP,-0.2273,0.0115,0.2388,binance
2026-09-25T03:00:00Z,TRY,-0.0928,6.5971,6.6899,binance
2026-09-25T03:00:00Z,VES,15.7266,13.4203,-2.3063,binance
2026-09-25T04:00:00Z,ARS,6.7127,6.0052,-0.7075,binance
2026-09-25T04:00:00Z,IDR,0.0519,-0.1408,-0.1927,binance
2026-09-25T04:00:00Z,INR,4.218,8.4361,4.2181,binance
2026-09-25T04:00:00Z,MXN,0.3064,0.6629,0.3565,binance
2026-09-25T04:00:00Z,PHP,-0.3388,-0.0363,0.3025,binance
2026-09-25T04:00:00Z,TRY,-0.0928,6.1983,6.2911,binance
2026-09-25T04:00:00Z,VES,15.4238,13.4968,-1.927,binance
2026-09-25T05:00:00Z,ARS,6.7127,6.0118,-0.7009,binance
2026-09-25T05:00:00Z,IDR,-0.0096,-0.1576,-0.148,binance
2026-09-25T05:00:00Z,INR,3.8066,7.8945,4.0879,binance
2026-09-25T05:00:00Z,MXN,0.2045,0.7194,0.5149,binance
2026-09-25T05:00:00Z,PHP,-0.3388,-0.1079,0.2309,binance
2026-09-25T05:00:00Z,TRY,-0.0939,5.9324,6.0263,binance
2026-09-25T05:00:00Z,VES,15.9305,13.5639,-2.3666,binance
2026-09-25T06:00:00Z,ARS,6.7127,6.0483,-0.6644,binance
2026-09-25T06:00:00Z,IDR,-0.1576,-0.2665,-0.1089,binance
2026-09-25T06:00:00Z,INR,4.2805,7.4935,3.213,binance
2026-09-25T06:00:00Z,MXN,0.1649,0.776,0.6111,binance
2026-09-25T06:00:00Z,PHP,-0.3069,-0.1637,0.1432,binance
2026-09-25T06:00:00Z,TRY,-0.1184,5.6665,5.7849,binance
2026-09-25T06:00:00Z,VES,15.8555,13.5903,-2.2652,binance
2026-09-25T07:00:00Z,ARS,6.7127,6.0994,-0.6133,binance
2026-09-25T07:00:00Z,IDR,-0.1241,-0.2413,-0.1172,binance
2026-09-25T07:00:00Z,INR,4.2597,7.1759,2.9162,binance
2026-09-25T07:00:00Z,MXN,0.0914,0.8043,0.7129,binance
2026-09-25T07:00:00Z,PHP,-0.4025,-0.1955,0.207,binance
2026-09-25T07:00:00Z,TRY,-0.0969,5.6972,5.7941,binance
2026-09-25T07:00:00Z,VES,15.4018,13.6896,-1.7122,binance
2026-09-25T08:00:00Z,ARS,6.7127,6.1027,-0.61,binance
2026-09-25T08:00:00Z,IDR,-0.3558,-0.367,-0.0112,binance
2026-09-25T08:00:00Z,INR,4.0253,6.8322,2.8069,binance
2026-09-25T08:00:00Z,MXN,0.0574,1.0872,1.0298,binance
2026-09-25T08:00:00Z,PHP,-0.498,-0.2035,0.2945,binance
2026-09-25T08:00:00Z,TRY,-0.1,5.012,5.112,binance
2026-09-25T08:00:00Z,VES,15.3795,13.6955,-1.684,binance
2026-09-25T09:00:00Z,ARS,6.7127,6.0691,-0.6436,binance
2026-09-25T09:00:00Z,IDR,-0.3977,-0.4954,-0.0977,binance
2026-09-25T09:00:00Z,INR,3.9212,6.8322,2.911,binance
2026-09-25T09:00:00Z,MXN,-0.101,0.8043,0.9053,binance
2026-09-25T09:00:00Z,PHP,-0.4343,-0.2273,0.207,binance
2026-09-25T09:00:00Z,TRY,-0.1041,5.012,5.1161,binance
2026-09-25T09:00:00Z,VES,15.3137,13.7131,-1.6006,binance
2026-09-25T10:00:00Z,ARS,6.7127,6.0674,-0.6453,binance
2026-09-25T10:00:00Z,IDR,-0.3949,-0.6071,-0.2122,binance
2026-09-25T10:00:00Z,INR,3.916,7.0561,3.1401,binance
2026-09-25T10:00:00Z,MXN,-0.118,0.8043,0.9223,binance
2026-09-25T10:00:00Z,PHP,-0.4184,-0.2751,0.1433,binance
2026-09-25T10:00:00Z,TRY,-0.1266,5.0223,5.1489,binance
2026-09-25T10:00:00Z,VES,15.291,13.6131,-1.6779,binance
2026-09-25T11:00:00Z,ARS,6.7127,5.8771,-0.8356,binance
2026-09-25T11:00:00Z,IDR,-0.434,-0.515,-0.081,binance
2026-09-25T11:00:00Z,INR,4.2961,7.556,3.2599,binance
2026-09-25T11:00:00Z,MXN,-0.0727,0.8043,0.877,binance
2026-09-25T11:00:00Z,PHP,-0.3706,-0.2751,0.0955,binance
2026-09-25T11:00:00Z,TRY,-0.143,4.4394,4.5824,binance
2026-09-25T11:00:00Z,VES,15.4901,13.4201,-2.07,binance
2026-09-25T12:00:00Z,ARS,6.7127,5.8768,-0.8359,binance
2026-09-25T12:00:00Z,IDR,-0.4312,-0.6462,-0.215,binance
2026-09-25T12:00:00Z,INR,3.9108,7.7331,3.8223,binance
2026-09-25T12:00:00Z,MXN,-0.0048,0.7194,0.7242,binance
2026-09-25T12:00:00Z,PHP,-0.4662,-0.2592,0.207,binance
2026-09-25T12:00:00Z,TRY,-0.1839,4.4291,4.613,binance
2026-09-25T12:00:00Z,VES,15.1004,13.3625,-1.7379,binance
2026-09-25T13:00:00Z,ARS,6.7127,5.8607,-0.852,binance
2026-09-25T13:00:00Z,IDR,-0.4089,-0.6685,-0.2596,binance
2026-09-25T13:00:00Z,INR,4.343,7.6758,3.3328,binance
2026-09-25T13:00:00Z,MXN,0.2045,0.6346,0.4301,binance
2026-09-25T13:00:00Z,PHP,-0.4662,-0.2751,0.1911,binance
2026-09-25T13:00:00Z,TRY,-0.1665,3.6622,3.8287,binance
2026-09-25T13:00:00Z,VES,15.2906,13.5958,-1.6948,binance
2026-09-25T14:00:00Z,ARS,7.0595,6.2587,-0.8008,binance
2026-09-25T14:00:00Z,IDR,-0.2692,-0.6378,-0.3686,binance
2026-09-25T14:00:00Z,INR,4.192,8.0039,3.8119,binance
2026-09-25T14:00:00Z,MXN,0.4139,0.6063,0.1924,binance
2026-09-25T14:00:00Z,PHP,-0.4821,-0.2831,0.199,binance
2026-09-25T14:00:00Z,TRY,-0.189,4.3985,4.5875,binance
2026-09-25T14:00:00Z,VES,15.2237,13.4208,-1.8029,binance
2026-09-25T15:00:00Z,ARS,7.2314,6.4668,-0.7646,binance
2026-09-25T15:00:00Z,IDR,-0.2916,-0.6238,-0.3322,binance
2026-09-25T15:00:00Z,INR,4.2909,8.0091,3.7182,binance
2026-09-25T15:00:00Z,MXN,0.2215,0.6629,0.4414,binance
2026-09-25T15:00:00Z,PHP,-0.498,-0.2433,0.2547,binance
2026-09-25T15:00:00Z,TRY,-0.1113,4.3064,4.4177,binance
2026-09-25T15:00:00Z,VES,15.0077,13.0995,-1.9082,binance
2026-09-25T16:00:00Z,ARS,7.3028,6.7673,-0.5355,binance
2026-09-25T16:00:00Z,IDR,-0.353,-0.5931,-0.2401,binance
2026-09-25T16:00:00Z,INR,4.3638,8.0507,3.6869,binance
2026-09-25T16:00:00Z,MXN,-0.2142,0.5497,0.7639,binance
2026-09-25T16:00:00Z,PHP,-0.6094,-0.2592,0.3502,binance
2026-09-25T16:00:00Z,TRY,-0.0376,4.1837,4.2213,binance
2026-09-25T16:00:00Z,VES,15.1412,12.7705,-2.3707,binance
2026-09-25T17:00:00Z,ARS,7.2567,6.4855,-0.7712,binance
2026-09-25T17:00:00Z,IDR,-0.3698,-0.5317,-0.1619,binance
2026-09-25T17:00:00Z,INR,4.4263,8.2955,3.8692,binance
2026-09-25T17:00:00Z,MXN,0.0687,0.4931,0.4244,binance
2026-09-25T17:00:00Z,PHP,-0.6094,-0.0522,0.5572,binance
2026-09-25T17:00:00Z,TRY,-0.0387,4.0508,4.0895,binance
2026-09-25T17:00:00Z,VES,15.0423,12.6599,-2.3824,binance
2026-09-25T18:00:00Z,ARS,7.1376,6.4496,-0.688,binance
2026-09-25T18:00:00Z,IDR,-0.3726,-0.5903,-0.2177,binance
2026-09-25T18:00:00Z,INR,4.3117,8.2434,3.9317,binance
2026-09-25T18:00:00Z,MXN,0.1536,0.4931,0.3395,binance
2026-09-25T18:00:00Z,PHP,-0.6572,-0.0363,0.6209,binance
2026-09-25T18:00:00Z,TRY,-0.0039,4.2042,4.2081,binance
2026-09-25T18:00:00Z,VES,15.0456,12.708,-2.3376,binance
2026-09-25T19:00:00Z,ARS,7.0397,6.2719,-0.7678,binance
2026-09-25T19:00:00Z,IDR,-0.3977,-0.5401,-0.1424,binance
2026-09-25T19:00:00Z,INR,4.317,9.0922,4.7752,binance
2026-09-25T19:00:00Z,MXN,0.0348,0.4931,0.4583,binance
2026-09-25T19:00:00Z,PHP,-0.6572,-0.0204,0.6368,binance
2026-09-25T19:00:00Z,TRY,-0.0427,4.2042,4.2469,binance
2026-09-25T19:00:00Z,VES,14.92,12.7781,-2.1419,binance
2026-09-25T20:00:00Z,ARS,6.7067,6.2646,-0.4421,binance
2026-09-25T20:00:00Z,IDR,-0.42,-0.5624,-0.1424,binance
2026-09-25T20:00:00Z,INR,4.4315,9.1651,4.7336,binance
2026-09-25T20:00:00Z,MXN,0.1593,0.4648,0.3055,binance
2026-09-25T20:00:00Z,PHP,-0.6572,-0.0363,0.6209,binance
2026-09-25T20:00:00Z,TRY,-0.0397,4.2144,4.2541,binance
2026-09-25T20:00:00Z,VES,14.9258,13.0107,-1.9151,binance
2026-09-25T21:00:00Z,ARS,6.7493,6.2788,-0.4705,binance
2026-09-25T21:00:00Z,IDR,-0.42,-0.6071,-0.1871,binance
2026-09-25T21:00:00Z,INR,4.3013,9.4203,5.119,binance
2026-09-25T21:00:00Z,MXN,0.0291,0.4648,0.4357,binance
2026-09-25T21:00:00Z,PHP,-0.6413,-0.0283,0.613,binance
2026-09-25T21:00:00Z,TRY,-0.0294,4.2757,4.3051,binance
2026-09-25T21:00:00Z,VES,15.119,13.0925,-2.0265,binance
2026-09-25T22:00:00Z,ARS,6.746,6.2962,-0.4498,binance
2026-09-25T22:00:00Z,IDR,-0.4172,-0.6043,-0.1871,binance
2026-09-25T22:00:00Z,INR,4.2493,9.6026,5.3533,binance
2026-09-25T22:00:00Z,MXN,0.0291,0.4365,0.4074,binance
2026-09-25T22:00:00Z,PHP,-0.6413,-0.0283,0.613,binance
2026-09-25T22:00:00Z,TRY,-0.0018,4.3064,4.3082,binance
2026-09-25T22:00:00Z,VES,15.0674,13.2099,-1.8575,binance
2026-09-25T23:00:00Z,ARS,6.6694,6.2719,-0.3975,binance
2026-09-25T23:00:00Z,IDR,-0.4172,-0.6015,-0.1843,binance
2026-09-25T23:00:00Z,INR,4.468,9.7692,5.3012,binance
2026-09-25T23:00:00Z,MXN,0.0065,0.4931,0.4866,binance
2026-09-25T23:00:00Z,PHP,-0.6413,-0.1159,0.5254,binance
2026-09-25T23:00:00Z,TRY,-0.054,4.7973,4.8513,binance
2026-09-25T23:00:00Z,VES,15.3224,13.3625,-1.9599,binance
2026-09-26T00:00:00Z,ARS,6.7322,6.2064,-0.5258,binance
2026-09-26T00:00:00Z,IDR,-0.4842,-0.6322,-0.148,binance
2026-09-26T00:00:00Z,INR,4.468,9.8734,5.4054,binance
2026-09-26T00:00:00Z,MXN,0.0121,0.4931,0.481,binance
2026-09-26T00:00:00Z,PHP,-0.6413,-0.1239,0.5174,binance
2026-09-26T00:00:00Z,TRY,-0.2585,5.5336,5.7921,binance
2026-09-26T00:00:00Z,VES,15.4013,13.38,-2.0213,binance
2026-09-26T01:00:00Z,ARS,6.7096,5.8705,-0.8391,binance
2026-09-26T01:00:00Z,IDR,-0.416,-0.6758,-0.2598,binance
2026-09-26T01:00:00Z,INR,4.4478,10.6041,6.1563,binance
2026-09-26T01:00:00Z,MXN,0.0279,0.5032,0.4753,binance
2026-09-26T01:00:00Z,PHP,-0.1744,0.2335,0.4079,binance
2026-09-26T01:00:00Z,TRY,-0.3101,5.5312,5.8413,binance
2026-09-26T01:00:00Z,VES,15.3126,13.2605,-2.0521,binance
2026-09-26T02:00:00Z,ARS,6.699,5.9472,-0.7518,binance
2026-09-26T02:00:00Z,IDR,-0.4886,-0.645,-0.1564,binance
2026-09-26T02:00:00Z,INR,4.6511,9.9838,5.3327,binance
2026-09-26T02:00:00Z,MXN,0.0222,0.5032,0.481,binance
2026-09-26T02:00:00Z,PHP,-0.1424,0.0896,0.232,binance
2026-09-26T02:00:00Z,TRY,-0.1721,5.8072,5.9793,binance
2026-09-26T02:00:00Z,VES,15.6503,13.4122,-2.2381,binance
2026-09-26T03:00:00Z,ARS,6.7023,5.9607,-0.7416,binance
2026-09-26T03:00:00Z,IDR,-0.4719,-0.592,-0.1201,binance
2026-09-26T03:00:00Z,INR,4.6511,9.7596,5.1085,binance
2026-09-26T03:00:00Z,MXN,0.0052,0.5032,0.498,binance
2026-09-26T03:00:00Z,PHP,-0.1424,0.1535,0.2959,binance
2026-09-26T03:00:00Z,TRY,-0.444,6.3591,6.8031,binance
2026-09-26T03:00:00Z,VES,15.6598,13.6201,-2.0397,binance
2026-09-26T04:00:00Z,ARS,6.7352,6.0568,-0.6784,binance
2026-09-26T04:00:00Z,IDR,-0.43,-0.6841,-0.2541,binance
2026-09-26T04:00:00Z,INR,4.6303,9.1758,4.5455,binance
2026-09-26T04:00:00Z,MXN,-0.0061,0.4749,0.481,binance
2026-09-26T04:00:00Z,PHP,-0.1424,0.0496,0.192,binance
2026-09-26T04:00:00Z,TRY,-0.4348,6.3693,6.8041,binance
2026-09-26T04:00:00Z,VES,15.5367,13.558,-1.9787,binance
2026-09-26T05:00:00Z,ARS,6.7922,5.9666,-0.8256,binance
2026-09-26T05:00:00Z,IDR,-0.4412,-0.7232,-0.282,binance
2026-09-26T05:00:00Z,INR,4.427,7.9039,3.4769,binance
2026-09-26T05:00:00Z,MXN,0.0279,0.5032,0.4753,binance
2026-09-26T05:00:00Z,PHP,-0.1264,0.0576,0.184,binance
2026-09-26T05:00:00Z,TRY,-0.3847,5.8583,6.243,binance
2026-09-26T05:00:00Z,VES,15.3516,13.6105,-1.7411,binance
2026-09-26T06:00:00Z,ARS,6.7777,6.0716,-0.7061,binance
2026-09-26T06:00:00Z,IDR,-0.4328,-0.6562,-0.2234,binance
2026-09-26T06:00:00Z,INR,4.4426,7.3253,2.8827,binance
2026-09-26T06:00:00Z,MXN,0.0562,0.5881,0.5319,binance
2026-09-26T06:00:00Z,PHP,-0.1104,0.0656,0.176,binance
2026-09-26T06:00:00Z,TRY,-0.4675,5.1632,5.6307,binance
2026-09-26T06:00:00Z,VES,15.7473,13.6339,-2.1134,binance
2026-09-26T07:00:00Z,ARS,6.7154,6.0706,-0.6448,binance
2026-09-26T07:00:00Z,IDR,-0.5445,-0.7344,-0.1899,binance
2026-09-26T07:00:00Z,INR,4.4947,6.8457,2.351,binance
2026-09-26T07:00:00Z,MXN,0.0449,0.673,0.6281,binance
2026-09-26T07:00:00Z,PHP,-0.1104,0.0496,0.16,binance
2026-09-26T07:00:00Z,TRY,-0.6249,4.3456,4.9705,binance
2026-09-26T07:00:00Z,VES,15.1929,13.6398,-1.5531,binance
2026-09-26T08:00:00Z,ARS,6.7055,6.0401,-0.6654,binance
2026-09-26T08:00:00Z,IDR,-0.5724,-0.7121,-0.1397,binance
2026-09-26T08:00:00Z,INR,4.5417,7.367,2.8253,binance
2026-09-26T08:00:00Z,MXN,0.0279,0.7862,0.7583,binance
2026-09-26T08:00:00Z,PHP,-0.1104,0.0176,0.128,binance
2026-09-26T08:00:00Z,TRY,-0.3683,4.1514,4.5197,binance
2026-09-26T08:00:00Z,VES,15.1565,13.7011,-1.4554,binance
2026-09-26T09:00:00Z,ARS,6.6326,5.9876,-0.645,binance
2026-09-26T09:00:00Z,IDR,-0.564,-0.6255,-0.0615,binance
2026-09-26T09:00:00Z,INR,4.7502,7.0646,2.3144,binance
2026-09-26T09:00:00Z,MXN,0.0279,0.956,0.9281,binance
2026-09-26T09:00:00Z,PHP,-0.1104,0.0656,0.176,binance
2026-09-26T09:00:00Z,TRY,-0.3734,3.9981,4.3715,binance
2026-09-26T09:00:00Z,VES,15.1233,13.7011,-1.4222,binance
2026-09-26T10:00:00Z,ARS,6.6703,5.9827,-0.6876,binance
2026-09-26T10:00:00Z,IDR,-0.5668,-0.5166,0.0502,binance
2026-09-26T10:00:00Z,INR,4.5365,6.8613,2.3248,binance
2026-09-26T10:00:00Z,MXN,0.0279,0.956,0.9281,binance
2026-09-26T10:00:00Z,PHP,-0.1104,0.1535,0.2639,binance
2026-09-26T10:00:00Z,TRY,-0.2651,3.7834,4.0485,binance
2026-09-26T10:00:00Z,VES,15.1083,13.6515,-1.4568,binance
2026-09-26T11:00:00Z,ARS,6.6627,6.0227,-0.64,binance
2026-09-26T11:00:00Z,IDR,-0.5864,-0.5864,0.0,binance
2026-09-26T11:00:00Z,INR,4.6094,6.8301,2.2207,binance
2026-09-26T11:00:00Z,MXN,0.0279,0.9842,0.9563,binance
2026-09-26T11:00:00Z,PHP,-0.1104,0.1376,0.248,binance
2026-09-26T11:00:00Z,TRY,-0.2927,3.8754,4.1681,binance
2026-09-26T11:00:00Z,VES,15.0902,13.669,-1.4212,binance
2026-09-26T12:00:00Z,ARS,6.7112,6.2245,-0.4867,binance
2026-09-26T12:00:00Z,IDR,-0.6171,-0.7456,-0.1285,binance
2026-09-26T12:00:00Z,INR,4.6094,7.5129,2.9035,binance
2026-09-26T12:00:00Z,MXN,0.0109,0.7296,0.7187,binance
2026-09-26T12:00:00Z,PHP,-0.1104,0.1615,0.2719,binance
2026-09-26T12:00:00Z,TRY,-0.3786,4.3558,4.7344,binance
2026-09-26T12:00:00Z,VES,15.055,13.2618,-1.7932,binance
2026-09-26T13:00:00Z,ARS,6.6824,6.1933,-0.4891,binance
2026-09-26T13:00:00Z,IDR,-0.6395,-0.726,-0.0865,binance
2026-09-26T13:00:00Z,INR,4.5312,7.5129,2.9817,binance
2026-09-26T13:00:00Z,MXN,0.0109,0.7296,0.7187,binance
2026-09-26T13:00:00Z,PHP,-0.1104,0.1615,0.2719,binance
2026-09-26T13:00:00Z,TRY,-0.3499,4.2331,4.583,binance
2026-09-26T13:00:00Z,VES,15.0454,13.2542,-1.7912,binance
2026-09-26T14:00:00Z,ARS,6.6595,6.1556,-0.5039,binance
2026-09-26T14:00:00Z,IDR,-0.6059,-0.7707,-0.1648,binance
2026-09-26T14:00:00Z,INR,4.1559,7.5077,3.3518,binance
2026-09-26T14:00:00Z,MXN,0.0109,0.6447,0.6338,binance
2026-09-26T14:00:00Z,PHP,-0.0784,0.2495,0.3279,binance
2026-09-26T14:00:00Z,TRY,-0.2498,4.1718,4.4216,binance
2026-09-26T14:00:00Z,VES,14.9783,13.1841,-1.7942,binance
2026-09-26T15:00:00Z,ARS,6.699,6.0772,-0.6218,binance
2026-09-26T15:00:00Z,IDR,-0.6115,-0.7568,-0.1453,binance
2026-09-26T15:00:00Z,INR,4.4843,7.3409,2.8566,binance
2026-09-26T15:00:00Z,MXN,0.0222,0.6164,0.5942,binance
2026-09-26T15:00:00Z,PHP,-0.0784,0.2255,0.3039,binance
2026-09-26T15:00:00Z,TRY,-0.2508,3.8652,4.116,binance
2026-09-26T15:00:00Z,VES,14.9824,13.1848,-1.7976,binance
2026-09-26T16:00:00Z,ARS,6.6395,6.023,-0.6165,binance
2026-09-26T16:00:00Z,IDR,-0.6171,-0.7065,-0.0894,binance
2026-09-26T16:00:00Z,INR,4.3019,7.2888,2.9869,binance
2026-09-26T16:00:00Z,MXN,0.0392,0.6164,0.5772,binance
2026-09-26T16:00:00Z,PHP,-0.0784,0.3535,0.4319,binance
2026-09-26T16:00:00Z,TRY,-0.3581,3.7732,4.1313,binance
2026-09-26T16:00:00Z,VES,14.9465,13.0681,-1.8784,binance
2026-09-26T17:00:00Z,ARS,6.7001,5.9371,-0.763,binance
2026-09-26T17:00:00Z,IDR,-0.5948,-0.6981,-0.1033,binance
2026-09-26T17:00:00Z,INR,4.4791,7.784,3.3049,binance
2026-09-26T17:00:00Z,MXN,0.0166,0.5598,0.5432,binance
2026-09-26T17:00:00Z,PHP,-0.0784,0.3455,0.4239,binance
2026-09-26T17:00:00Z,TRY,-0.2968,3.8243,4.1211,binance
2026-09-26T17:00:00Z,VES,14.9503,13.0898,-1.8605,binance
2026-09-26T18:00:00Z,ARS,6.7132,5.9043,-0.8089,binance
2026-09-26T18:00:00Z,IDR,-0.5752,-0.6981,-0.1229,binance
2026-09-26T18:00:00Z,INR,4.255,7.9456,3.6906,binance
2026-09-26T18:00:00Z,MXN,0.0222,0.5315,0.5093,binance
2026-09-26T18:00:00Z,PHP,-0.0784,0.3535,0.4319,binance
2026-09-26T18:00:00Z,TRY,-0.1792,3.8039,3.9831,binance
2026-09-26T18:00:00Z,VES,14.9244,13.103,-1.8214,binance
2026-09-26T19:00:00Z,ARS,6.7234,5.8422,-0.8812,binance
2026-09-26T19:00:00Z,IDR,-0.5194,-0.6981,-0.1787,binance
2026-09-26T19:00:00Z,INR,4.3644,9.0924,4.728,binance
2026-09-26T19:00:00Z,MXN,0.0618,0.5598,0.498,binance
2026-09-26T19:00:00Z,PHP,-0.0784,0.3775,0.4559,binance
2026-09-26T19:00:00Z,TRY,-0.1833,4.09,4.2733,binance
2026-09-26T19:00:00Z,VES,14.9136,13.0684,-1.8452,binance
2026-09-26T20:00:00Z,ARS,6.7296,5.6569,-1.0727,binance
2026-09-26T20:00:00Z,IDR,-0.5138,-0.5752,-0.0614,binance
2026-09-26T20:00:00Z,INR,4.2133,9.3061,5.0928,binance
2026-09-26T20:00:00Z,MXN,0.0505,0.5598,0.5093,binance
2026-09-26T20:00:00Z,PHP,-0.0624,0.3775,0.4399,binance
2026-09-26T20:00:00Z,TRY,-0.17,4.4478,4.6178,binance
2026-09-26T20:00:00Z,VES,14.8949,12.9513,-1.9436,binance
2026-09-26T21:00:00Z,ARS,6.7022,5.7632,-0.939,binance
2026-09-26T21:00:00Z,IDR,-0.5166,-0.5194,-0.0028,binance
2026-09-26T21:00:00Z,INR,4.4739,9.5876,5.1137,binance
2026-09-26T21:00:00Z,MXN,-0.0117,0.5032,0.5149,binance
2026-09-26T21:00:00Z,PHP,-0.0624,0.3375,0.3999,binance
2026-09-26T21:00:00Z,TRY,-0.17,3.8243,3.9943,binance
2026-09-26T21:00:00Z,VES,15.0502,12.9513,-2.0989,binance
2026-09-26T22:00:00Z,ARS,6.745,5.775,-0.97,binance
2026-09-26T22:00:00Z,IDR,-0.5166,-0.5613,-0.0447,binance
2026-09-26T22:00:00Z,INR,4.4739,9.9629,5.489,binance
2026-09-26T22:00:00Z,MXN,-0.0457,0.5032,0.5489,binance
2026-09-26T22:00:00Z,PHP,-0.0624,0.3455,0.4079,binance
2026-09-26T22:00:00Z,TRY,-0.0852,4.6624,4.7476,binance
2026-09-26T22:00:00Z,VES,14.9243,12.8776,-2.0467,binance
2026-09-26T23:00:00Z,ARS,6.666,5.7405,-0.9255,binance
2026-09-26T23:00:00Z,IDR,-0.5166,-0.578,-0.0614,binance
2026-09-26T23:00:00Z,INR,4.5104,10.552,6.0416,binance
2026-09-26T23:00:00Z,MXN,-0.0513,0.5032,0.5545,binance
2026-09-26T23:00:00Z,PHP,-0.0624,0.3535,0.4159,binance
2026-09-26T23:00:00Z,TRY,-0.1097,4.6624,4.7721,binance
2026-09-26T23:00:00Z,VES,14.9074,12.7676,-2.1398,binance
2026-09-27T00:00:00Z,ARS,6.6139,5.8101,-0.8038,binance
2026-09-27T00:00:00Z,IDR,-0.5194,-0.6311,-0.1117,binance
2026-09-27T00:00:00Z,INR,4.5104,10.161,5.6506,binance
2026-09-27T00:00:00Z,MXN,-0.0457,0.5032,0.5489,binance
2026-09-27T00:00:00Z,PHP,-0.0624,0.3055,0.3679,binance
2026-09-27T00:00:00Z,TRY,-0.1925,6.0014,6.1939,binance
2026-09-27T00:00:00Z,VES,14.8629,12.6591,-2.2038,binance
2026-09-27T01:00:00Z,ARS,6.6332,5.8885,-0.7447,binance
2026-09-27T01:00:00Z,IDR,-0.4939,-0.6671,-0.1732,binance
2026-09-27T01:00:00Z,INR,4.4338,9.6644,5.2306,binance
2026-09-27T01:00:00Z,MXN,-0.1306,0.3837,0.5143,binance
2026-09-27T01:00:00Z,PHP,-0.0654,0.2386,0.304,binance
2026-09-27T01:00:00Z,TRY,-0.1586,5.7747,5.9333,binance
2026-09-27T01:00:00Z,VES,14.8263,12.716,-2.1103,binance
2026-09-27T02:00:00Z,ARS,6.6365,5.8422,-0.7943,binance
2026-09-27T02:00:00Z,IDR,-0.4883,-0.6615,-0.1732,binance
2026-09-27T02:00:00Z,INR,4.3034,9.2367,4.9333,binance
2026-09-27T02:00:00Z,MXN,-0.108,0.412,0.52,binance
2026-09-27T02:00:00Z,PHP,-0.0654,0.2386,0.304,binance
2026-09-27T02:00:00Z,TRY,-0.1341,6.1018,6.2359,binance
2026-09-27T02:00:00Z,VES,14.7783,12.9036,-1.8747,binance
2026-09-27T03:00:00Z,ARS,6.5744,5.8485,-0.7259,binance
2026-09-27T03:00:00Z,IDR,-0.4883,-0.5889,-0.1006,binance
2026-09-27T03:00:00Z,INR,4.2721,9.195,4.9229,binance
2026-09-27T03:00:00Z,MXN,-0.0798,0.4402,0.52,binance
2026-09-27T03:00:00Z,PHP,-0.0654,0.2386,0.304,binance
2026-09-27T03:00:00Z,TRY,-0.1371,6.1529,6.29,binance
2026-09-27T03:00:00Z,VES,14.7449,12.9275,-1.8174,binance
2026-09-27T04:00:00Z,ARS,6.5744,5.8636,-0.7108,binance
2026-09-27T04:00:00Z,IDR,-0.4883,-0.5777,-0.0894,binance
2026-09-27T04:00:00Z,INR,4.4442,8.6996,4.2554,binance
2026-09-27T04:00:00Z,MXN,-0.0967,0.4402,0.5369,binance
2026-09-27T04:00:00Z,PHP,-0.0654,0.2386,0.304,binance
2026-09-27T04:00:00Z,TRY,-0.1239,6.204,6.3279,binance
2026-09-27T04:00:00Z,VES,14.6682,12.9513,-1.7169,binance
2026-09-27T05:00:00Z,ARS,6.5744,5.9075,-0.6669,binance
2026-09-27T05:00:00Z,IDR,-0.4939,-0.5554,-0.0615,binance
2026-09-27T05:00:00Z,INR,4.3712,7.787,3.4158,binance
2026-09-27T05:00:00Z,MXN,-0.1024,0.4402,0.5426,binance
2026-09-27T05:00:00Z,PHP,-0.0654,0.2146,0.28,binance
2026-09-27T05:00:00Z,TRY,-0.0922,5.3658,5.458,binance
2026-09-27T05:00:00Z,VES,14.6567,12.9514,-1.7053,binance
2026-09-27T06:00:00Z,ARS,6.5744,5.9341,-0.6403,binance
2026-09-27T06:00:00Z,IDR,-0.4967,-0.4296,0.0671,binance
2026-09-27T06:00:00Z,INR,4.2878,7.2655,2.9777,binance
2026-09-27T06:00:00Z,MXN,-0.0967,0.6098,0.7065,binance
2026-09-27T06:00:00Z,PHP,-0.0654,0.1666,0.232,binance
2026-09-27T06:00:00Z,TRY,-0.0543,5.0693,5.1236,binance
2026-09-27T06:00:00Z,VES,14.5988,12.9513,-1.6475,binance
2026-09-27T07:00:00Z,ARS,6.65,6.003,-0.647,binance
2026-09-27T07:00:00Z,IDR,-0.4576,-0.4632,-0.0056,binance
2026-09-27T07:00:00Z,INR,4.2826,7.1768,2.8942,binance
2026-09-27T07:00:00Z,MXN,-0.0854,0.6381,0.7235,binance
2026-09-27T07:00:00Z,PHP,-0.0014,0.1506,0.152,binance
2026-09-27T07:00:00Z,TRY,-0.04,4.5684,4.6084,binance
2026-09-27T07:00:00Z,VES,14.4735,12.9513,-1.5222,binance
2026-09-27T08:00:00Z,ARS,6.6365,6.0358,-0.6007,binance
2026-09-27T08:00:00Z,IDR,-0.4548,-0.3347,0.1201,binance
2026-09-27T08:00:00Z,INR,4.3295,7.1768,2.8473,binance
2026-09-27T08:00:00Z,MXN,-0.0854,1.175,1.2604,binance
2026-09-27T08:00:00Z,PHP,0.0786,0.2066,0.128,binance
2026-09-27T08:00:00Z,TRY,-0.0891,4.231,4.3201,binance
2026-09-27T08:00:00Z,VES,14.3549,13.0705,-1.2844,binance
2026-09-27T09:00:00Z,ARS,6.5744,5.9617,-0.6127,binance
2026-09-27T09:00:00Z,IDR,-0.4492,-0.1223,0.3269,binance
2026-09-27T09:00:00Z,INR,4.2721,7.2916,3.0195,binance
2026-09-27T09:00:00Z,MXN,-0.0798,0.7511,0.8309,binance
2026-09-27T09:00:00Z,PHP,-0.0334,0.1906,0.224,binance
2026-09-27T09:00:00Z,TRY,-0.0451,3.8119,3.857,binance
2026-09-27T09:00:00Z,VES,14.2671,12.9688,-1.2983,binance
2026-09-27T10:00:00Z,ARS,6.645,5.9079,-0.7371,binance
2026-09-27T10:00:00Z,IDR,-0.5917,-0.3961,0.1956,binance
2026-09-27T10:00:00Z,INR,4.3504,7.2394,2.889,binance
2026-09-27T10:00:00Z,MXN,-0.0741,1.175,1.2491,binance
2026-09-27T10:00:00Z,PHP,-0.0014,0.1826,0.184,binance
2026-09-27T10:00:00Z,TRY,-0.0615,4.2004,4.2619,binance
2026-09-27T10:00:00Z,VES,14.2033,12.9513,-1.252,binance
2026-09-27T11:00:00Z,ARS,6.6795,5.8288,-0.8507,binance
2026-09-27T11:00:00Z,IDR,-0.5554,-0.3095,0.2459,binance
2026-09-27T11:00:00Z,INR,4.3712,7.2394,2.8682,binance
2026-09-27T11:00:00Z,MXN,-0.0741,1.0337,1.1078,binance
2026-09-27T11:00:00Z,PHP,0.0306,0.1906,0.16,binance
2026-09-27T11:00:00Z,TRY,-0.0175,4.1288,4.1463,binance
2026-09-27T11:00:00Z,VES,14.1584,12.9415,-1.2169,binance
2026-09-27T12:00:00Z,ARS,6.7814,5.7766,-1.0048,binance
2026-09-27T12:00:00Z,IDR,-0.5609,-0.4045,0.1564,binance
2026-09-27T12:00:00Z,INR,4.2043,7.1612,2.9569,binance
2026-09-27T12:00:00Z,MXN,-0.0741,1.599,1.6731,binance
2026-09-27T12:00:00Z,PHP,0.0306,0.2306,0.2,binance
2026-09-27T12:00:00Z,TRY,-0.0196,4.1595,4.1791,binance
2026-09-27T12:00:00Z,VES,14.1306,12.9333,-1.1973,binance
2026-09-27T13:00:00Z,ARS,6.6254,5.8301,-0.7953,binance
2026-09-27T13:00:00Z,IDR,-0.4799,-0.4268,0.0531,binance
2026-09-27T13:00:00Z,INR,4.3452,7.4011,3.0559,binance
2026-09-27T13:00:00Z,MXN,-0.0685,0.6381,0.7066,binance
2026-09-27T13:00:00Z,PHP,0.0306,0.2306,0.2,binance
2026-09-27T13:00:00Z,TRY,-0.0022,4.2617,4.2639,binance
2026-09-27T13:00:00Z,VES,14.1974,12.8827,-1.3147,binance
2026-09-27T14:00:00Z,ARS,6.6254,5.8911,-0.7343,binance
2026-09-27T14:00:00Z,IDR,-0.4743,-0.4576,0.0167,binance
2026-09-27T14:00:00Z,INR,4.1522,7.3281,3.1759,binance
2026-09-27T14:00:00Z,MXN,-0.0685,0.5816,0.6501,binance
2026-09-27T14:00:00Z,PHP,0.0466,0.3105,0.2639,binance
2026-09-27T14:00:00Z,TRY,0.0121,3.6994,3.6873,binance
2026-09-27T14:00:00Z,VES,14.1951,12.8335,-1.3616,binance
2026-09-27T15:00:00Z,ARS,6.6254,5.876,-0.7494,binance
2026-09-27T15:00:00Z,IDR,-0.4185,-0.3347,0.0838,binance
2026-09-27T15:00:00Z,INR,4.439,7.568,3.129,binance
2026-09-27T15:00:00Z,MXN,-0.0685,0.5533,0.6218,binance
2026-09-27T15:00:00Z,PHP,0.0626,0.3345,0.2719,binance
2026-09-27T15:00:00Z,TRY,0.0346,4.6195,4.5849,binance
2026-09-27T15:00:00Z,VES,14.2116,12.7619,-1.4497,binance
2026-09-27T16:00:00Z,ARS,6.6254,5.877,-0.7484,binance
2026-09-27T16:00:00Z,IDR,-0.4185,-0.343,0.0755,binance
2026-09-27T16:00:00Z,INR,4.3973,7.4167,3.0194,binance
2026-09-27T16:00:00Z,MXN,-0.0685,0.4402,0.5087,binance
2026-09-27T16:00:00Z,PHP,0.0626,0.3345,0.2719,binance
2026-09-27T16:00:00Z,TRY,0.0131,4.6502,4.6371,binance
2026-09-27T16:00:00Z,VES,14.3987,12.7942,-1.6045,binance
2026-09-27T17:00:00Z,ARS,6.6254,5.8416,-0.7838,binance
2026-09-27T17:00:00Z,IDR,-0.4185,-0.3151,0.1034,binance
2026-09-27T17:00:00Z,INR,4.4495,7.7713,3.3218,binance
2026-09-27T17:00:00Z,MXN,-0.0685,0.4402,0.5087,binance
2026-09-27T17:00:00Z,PHP,0.0626,0.3345,0.2719,binance
2026-09-27T17:00:00Z,TRY,0.0264,4.0368,4.0104,binance
2026-09-27T17:00:00Z,VES,14.2038,12.5938,-1.61,binance
2026-09-27T18:00:00Z,ARS,6.7775,5.8025,-0.975,binance
2026-09-27T18:00:00Z,IDR,-0.4157,-0.2676,0.1481,binance
2026-09-27T18:00:00Z,INR,4.4234,8.3033,3.8799,binance
2026-09-27T18:00:00Z,MXN,-0.0628,0.3837,0.4465,binance
2026-09-27T18:00:00Z,PHP,0.0626,0.3665,0.3039,binance
2026-09-27T18:00:00Z,TRY,0.0336,3.8017,3.7681,binance
2026-09-27T18:00:00Z,VES,14.263,12.6649,-1.5981,binance
2026-09-27T19:00:00Z,ARS,6.6837,5.8091,-0.8746,binance
2026-09-27T19:00:00Z,IDR,-0.438,-0.2006,0.2374,binance
2026-09-27T19:00:00Z,INR,4.5433,9.461,4.9177,binance
2026-09-27T19:00:00Z,MXN,-0.0628,0.3837,0.4465,binance
2026-09-27T19:00:00Z,PHP,0.0626,0.3665,0.3039,binance
2026-09-27T19:00:00Z,TRY,0.0285,4.0572,4.0287,binance
2026-09-27T19:00:00Z,VES,14.4425,12.718,-1.7245,binance
2026-09-27T20:00:00Z,ARS,6.6719,5.8337,-0.8382,binance
2026-09-27T20:00:00Z,IDR,-0.4268,-0.2481,0.1787,binance
2026-09-27T20:00:00Z,INR,4.0948,9.8782,5.7834,binance
2026-09-27T20:00:00Z,MXN,-0.0628,0.3837,0.4465,binance
2026-09-27T20:00:00Z,PHP,0.0626,0.3745,0.3119,binance
2026-09-27T20:00:00Z,TRY,0.0929,4.2208,4.1279,binance
2026-09-27T20:00:00Z,VES,14.7405,12.8047,-1.9358,binance
2026-09-27T21:00:00Z,ARS,6.6916,5.8337,-0.8579,binance
2026-09-27T21:00:00Z,IDR,-0.4296,-0.2285,0.2011,binance
2026-09-27T21:00:00Z,INR,4.074,9.8782,5.8042,binance
2026-09-27T21:00:00Z,MXN,0.1407,0.4402,0.2995,binance
2026-09-27T21:00:00Z,PHP,0.0626,0.3825,0.3199,binance
2026-09-27T21:00:00Z,TRY,0.0857,4.8239,4.7382,binance
2026-09-27T21:00:00Z,VES,14.7338,12.8113,-1.9225,binance
2026-09-27T22:00:00Z,ARS,6.7512,5.8419,-0.9093,binance
2026-09-27T22:00:00Z,IDR,-0.4101,-0.2285,0.1816,binance
2026-09-27T22:00:00Z,INR,4.2043,10.5561,6.3518,binance
2026-09-27T22:00:00Z,MXN,0.0615,0.4402,0.3787,binance
2026-09-27T22:00:00Z,PHP,0.0626,0.3345,0.2719,binance
2026-09-27T22:00:00Z,TRY,0.0694,4.7831,4.7137,binance
2026-09-27T22:00:00Z,VES,14.8132,12.8539,-1.9593,binance
2026-09-27T23:00:00Z,ARS,6.6706,5.773,-0.8976,binance
2026-09-27T23:00:00Z,IDR,-0.3933,-0.1363,0.257,binance
2026-09-27T23:00:00Z,INR,4.1261,10.7178,6.5917,binance
2026-09-27T23:00:00Z,MXN,0.2481,0.5533,0.3052,binance
2026-09-27T23:00:00Z,PHP,-0.0654,0.3025,0.3679,binance
2026-09-27T23:00:00Z,TRY,0.0632,5.008,4.9448,binance
2026-09-27T23:00:00Z,VES,14.8809,12.938,-1.9429,binance
2026-09-28T00:00:00Z,ARS,6.6935,5.7478,-0.9457,binance
2026-09-28T00:00:00Z,IDR,-0.3961,-0.1279,0.2682,binance
2026-09-28T00:00:00Z,INR,4.1001,10.5561,6.456,binance
2026-09-28T00:00:00Z,MXN,0.2198,0.5816,0.3618,binance
2026-09-28T00:00:00Z,PHP,-0.0654,0.3025,0.3679,binance
2026-09-28T00:00:00Z,TRY,0.0499,5.2329,5.183,binance
2026-09-28T00:00:00Z,VES,14.9014,12.9613,-1.9401,binance
2026-09-28T01:00:00Z,ARS,6.7663,5.7543,-1.012,binance
2026-09-28T01:00:00Z,IDR,-0.5164,-0.3099,0.2065,binance
2026-09-28T01:00:00Z,INR,4.1772,9.8221,5.6449,binance
2026-09-28T01:00:00Z,MXN,-0.0256,0.3634,0.389,binance
2026-09-28T01:00:00Z,PHP,0.1283,0.3124,0.1841,binance
2026-09-28T01:00:00Z,TRY,-0.0122,5.7642,5.7764,binance
2026-09-28T01:00:00Z,VES,14.983,12.9514,-2.0316,binance
2026-09-28T02:00:00Z,ARS,6.6254,5.7461,-0.8793,binance
2026-09-28T02:00:00Z,IDR,-0.3574,-0.3657,-0.0083,binance
2026-09-28T02:00:00Z,INR,4.5108,9.4416,4.9308,binance
2026-09-28T02:00:00Z,MXN,-0.0031,0.307,0.3101,binance
2026-09-28T02:00:00Z,PHP,0.0963,0.3525,0.2562,binance
2026-09-28T02:00:00Z,TRY,-0.003,6.5508,6.5538,binance
2026-09-28T02:00:00Z,VES,14.8259,12.9864,-1.8395,binance
2026-09-28T03:00:00Z,ARS,6.6254,5.7537,-0.8717,binance
2026-09-28T03:00:00Z,IDR,-0.1286,-0.2318,-0.1032,binance
2026-09-28T03:00:00Z,INR,4.4639,9.4364,4.9725,binance
2026-09-28T03:00:00Z,MXN,-0.0482,0.307,0.3552,binance
2026-09-28T03:00:00Z,PHP,0.1123,0.2644,0.1521,binance
2026-09-28T03:00:00Z,TRY,-0.0041,6.7347,6.7388,binance
2026-09-28T03:00:00Z,VES,14.6683,13.0442,-1.6241,binance
2026-09-28T04:00:00Z,ARS,6.6254,5.8022,-0.8232,binance
2026-09-28T04:00:00Z,IDR,-0.1258,-0.2067,-0.0809,binance
2026-09-28T04:00:00Z,INR,4.4639,8.8266,4.3627,binance
2026-09-28T04:00:00Z,MXN,-0.0031,0.3352,0.3383,binance
2026-09-28T04:00:00Z,PHP,0.0963,0.2404,0.1441,binance
2026-09-28T04:00:00Z,TRY,0.0225,5.2944,5.2719,binance
2026-09-28T04:00:00Z,VES,14.6119,13.0302,-1.5817,binance
2026-09-28T05:00:00Z,ARS,6.6254,5.8974,-0.728,binance
2026-09-28T05:00:00Z,IDR,-0.0756,-0.1481,-0.0725,binance
2026-09-28T05:00:00Z,INR,4.5212,8.0968,3.5756,binance
2026-09-28T05:00:00Z,MXN,-0.0087,0.4762,0.4849,binance
2026-09-28T05:00:00Z,PHP,0.1123,0.2324,0.1201,binance
2026-09-28T05:00:00Z,TRY,0.0378,5.6519,5.6141,binance
2026-09-28T05:00:00Z,VES,14.932,13.0681,-1.8639,binance
2026-09-28T06:00:00Z,ARS,6.7663,5.8977,-0.8686,binance
2026-09-28T06:00:00Z,IDR,-0.0337,-0.1314,-0.0977,binance
2026-09-28T06:00:00Z,INR,4.4848,7.7685,3.2837,binance
2026-09-28T06:00:00Z,MXN,0.0815,0.4762,0.3947,binance
2026-09-28T06:00:00Z,PHP,0.1603,0.3124,0.1521,binance
2026-09-28T06:00:00Z,TRY,0.0317,4.7428,4.7111,binance
2026-09-28T06:00:00Z,VES,14.9454,13.036,-1.9094,binance
2026-09-28T07:00:00Z,ARS,6.7663,5.9341,-0.8322,binance
2026-09-28T07:00:00Z,IDR,0.0667,-0.1704,-0.2371,binance
2026-09-28T07:00:00Z,INR,4.4431,7.7841,3.341,binance
2026-09-28T07:00:00Z,MXN,0.1886,0.5608,0.3722,binance
2026-09-28T07:00:00Z,PHP,0.1443,0.2804,0.1361,binance
2026-09-28T07:00:00Z,TRY,0.0388,4.7428,4.704,binance
2026-09-28T07:00:00Z,VES,14.6483,13.068,-1.5803,binance
2026-09-28T08:00:00Z,ARS,6.6254,5.9144,-0.711,binance
2026-09-28T08:00:00Z,IDR,0.0667,-0.1676,-0.2343,binance
2026-09-28T08:00:00Z,INR,4.5473,8.2011,3.6538,binance
2026-09-28T08:00:00Z,MXN,0.1774,0.7299,0.5525,binance
2026-09-28T08:00:00Z,PHP,0.1763,0.2964,0.1201,binance
2026-09-28T08:00:00Z,TRY,0.0419,4.6406,4.5987,binance
2026-09-28T08:00:00Z,VES,14.601,13.0681,-1.5329,binance
2026-09-28T09:00:00Z,ARS,6.7381,5.9686,-0.7695,binance
2026-09-28T09:00:00Z,IDR,0.1225,-0.1007,-0.2232,binance
2026-09-28T09:00:00Z,INR,4.4639,8.3053,3.8414,binance
2026-09-28T09:00:00Z,MXN,0.3409,1.1246,0.7837,binance
2026-09-28T09:00:00Z,PHP,0.1763,0.2884,0.1121,binance
2026-09-28T09:00:00Z,TRY,0.0552,4.2729,4.2177,binance
2026-09-28T09:00:00Z,VES,14.578,13.0681,-1.5099,binance
2026-09-28T10:00:00Z,ARS,6.7643,5.9374,-0.8269,binance
2026-09-28T10:00:00Z,IDR,0.1839,-0.1258,-0.3097,binance
2026-09-28T10:00:00Z,INR,4.245,8.3053,4.0603,binance
2026-09-28T10:00:00Z,MXN,0.2845,0.9273,0.6428,binance
2026-09-28T10:00:00Z,PHP,0.1763,0.2964,0.1201,binance
2026-09-28T10:00:00Z,TRY,0.0399,4.6917,4.6518,binance
2026-09-28T10:00:00Z,VES,14.5169,13.0097,-1.5072,binance
2026-09-28T11:00:00Z,ARS,6.8705,5.8419,-1.0286,binance
2026-09-28T11:00:00Z,IDR,0.1365,-0.1453,-0.2818,binance
2026-09-28T11:00:00Z,INR,4.3701,8.3053,3.9352,binance
2026-09-28T11:00:00Z,MXN,0.2337,0.9273,0.6936,binance
2026-09-28T11:00:00Z,PHP,0.1283,0.3044,0.1761,binance
2026-09-28T11:00:00Z,TRY,0.0388,4.4976,4.4588,binance
2026-09-28T11:00:00Z,VES,14.4992,12.7764,-1.7228,binance
2026-09-28T12:00:00Z,ARS,6.7313,5.8419,-0.8894,binance
2026-09-28T12:00:00Z,IDR,0.223,-0.1174,-0.3404,binance
2026-09-28T12:00:00Z,INR,4.662,8.2376,3.5756,binance
2026-09-28T12:00:00Z,MXN,0.1604,0.8427,0.6823,binance
2026-09-28T12:00:00Z,PHP,0.1443,0.2564,0.1121,binance
2026-09-28T12:00:00Z,TRY,0.0348,4.5283,4.4935,binance
2026-09-28T12:00:00Z,VES,14.5937,12.7875,-1.8062,binance
2026-09-28T13:00:00Z,ARS,6.6254,5.834,-0.7914,binance
2026-09-28T13:00:00Z,IDR,0.2062,-0.0058,-0.212,binance
2026-09-28T13:00:00Z,INR,4.3701,8.2271,3.857,binance
2026-09-28T13:00:00Z,MXN,0.4142,0.8427,0.4285,binance
2026-09-28T13:00:00Z,PHP,0.0963,0.2564,0.1601,binance
2026-09-28T13:00:00Z,TRY,0.0235,4.7326,4.7091,binance
2026-09-28T13:00:00Z,VES,14.7085,13.0669,-1.6416,binance
2026-09-28T14:00:00Z,ARS,7.0516,6.0985,-0.9531,binance
2026-09-28T14:00:00Z,IDR,0.1839,0.1616,-0.0223,binance
2026-09-28T14:00:00Z,INR,4.7766,8.2897,3.5131,binance
2026-09-28T14:00:00Z,MXN,0.4254,0.9273,0.5019,binance
2026-09-28T14:00:00Z,PHP,0.1123,0.2564,0.1441,binance
2026-09-28T14:00:00Z,TRY,0.0388,4.467,4.4282,binance
2026-09-28T14:00:00Z,VES,14.9643,13.1789,-1.7854,binance
2026-09-28T15:00:00Z,ARS,7.178,6.4125,-0.7655,binance
2026-09-28T15:00:00Z,IDR,0.3904,0.2704,-0.12,binance
2026-09-28T15:00:00Z,INR,4.7975,8.7484,3.9509,binance
2026-09-28T15:00:00Z,MXN,0.5269,0.9273,0.4004,binance
2026-09-28T15:00:00Z,PHP,0.2404,0.1923,-0.0481,binance
2026-09-28T15:00:00Z,TRY,0.0909,4.0482,3.9573,binance
2026-09-28T15:00:00Z,VES,14.9411,12.9514,-1.9897,binance
2026-09-28T16:00:00Z,ARS,7.1295,6.3242,-0.8053,binance
2026-09-28T16:00:00Z,IDR,0.3987,0.2034,-0.1953,binance
2026-09-28T16:00:00Z,INR,4.8809,8.8161,3.9352,binance
2026-09-28T16:00:00Z,MXN,0.5551,0.8709,0.3158,binance
2026-09-28T16:00:00Z,PHP,0.2564,0.2804,0.024,binance
2026-09-28T16:00:00Z,TRY,0.094,4.4159,4.3219,binance
2026-09-28T16:00:00Z,VES,14.6268,12.8601,-1.7667,binance
2026-09-28T17:00:00Z,ARS,6.7308,6.0316,-0.6992,binance
2026-09-28T17:00:00Z,IDR,0.3597,0.2285,-0.1312,binance
2026-09-28T17:00:00Z,INR,4.8757,8.4565,3.5808,binance
2026-09-28T17:00:00Z,MXN,0.6566,0.8991,0.2425,binance
2026-09-28T17:00:00Z,PHP,0.1923,0.3204,0.1281,binance
2026-09-28T17:00:00Z,TRY,0.0817,4.4976,4.4159,binance
2026-09-28T17:00:00Z,VES,14.5645,12.6521,-1.9124,binance
2026-09-28T18:00:00Z,ARS,6.7191,5.8518,-0.8673,binance
2026-09-28T18:00:00Z,IDR,0.3848,0.2453,-0.1395,binance
2026-09-28T18:00:00Z,INR,4.9069,9.0872,4.1803,binance
2026-09-28T18:00:00Z,MXN,0.5326,0.8709,0.3383,binance
2026-09-28T18:00:00Z,PHP,0.1923,0.3445,0.1522,binance
2026-09-28T18:00:00Z,TRY,0.1277,4.5385,4.4108,binance
2026-09-28T18:00:00Z,VES,15.1073,12.4321,-2.6752,binance
2026-09-28T19:00:00Z,ARS,6.7847,6.0473,-0.7374,binance
2026-09-28T19:00:00Z,IDR,0.3764,0.3262,-0.0502,binance
2026-09-28T19:00:00Z,INR,4.8705,11.1199,6.2494,binance
2026-09-28T19:00:00Z,MXN,1.0231,0.9273,-0.0958,binance
2026-09-28T19:00:00Z,PHP,0.1603,0.3204,0.1601,binance
2026-09-28T19:00:00Z,TRY,0.0899,4.3955,4.3056,binance
2026-09-28T19:00:00Z,VES,15.3312,12.7297,-2.6015,binance
2026-09-28T20:00:00Z,ARS,6.9859,6.026,-0.9599,binance
2026-09-28T20:00:00Z,IDR,0.3485,0.2732,-0.0753,binance
2026-09-28T20:00:00Z,INR,4.8705,10.2651,5.3946,binance
2026-09-28T20:00:00Z,MXN,1.1302,1.4911,0.3609,binance
2026-09-28T20:00:00Z,PHP,0.2083,0.3525,0.1442,binance
2026-09-28T20:00:00Z,TRY,0.0695,4.4465,4.377,binance
2026-09-28T20:00:00Z,VES,15.472,12.8924,-2.5796,binance
2026-09-28T21:00:00Z,ARS,6.9859,6.0381,-0.9478,binance
2026-09-28T21:00:00Z,IDR,0.3625,0.2704,-0.0921,binance
2026-09-28T21:00:00Z,INR,4.9174,10.6039,5.6865,binance
2026-09-28T21:00:00Z,MXN,1.3389,1.6321,0.2932,binance
2026-09-28T21:00:00Z,PHP,0.1923,0.3765,0.1842,binance
2026-09-28T21:00:00Z,TRY,0.1165,4.6508,4.5343,binance
2026-09-28T21:00:00Z,VES,15.5526,12.9631,-2.5895,binance
2026-09-28T22:00:00Z,ARS,6.9859,6.0857,-0.9002,binance
2026-09-28T22:00:00Z,IDR,0.3346,0.3736,0.039,binance
2026-09-28T22:00:00Z,INR,4.8861,11.1252,6.2391,binance
2026-09-28T22:00:00Z,MXN,1.3389,1.7448,0.4059,binance
2026-09-28T22:00:00Z,PHP,0.1923,0.3685,0.1762,binance
2026-09-28T22:00:00Z,TRY,0.1165,4.7326,4.6161,binance
2026-09-28T22:00:00Z,VES,15.5746,13.0162,-2.5584,binance
2026-09-28T23:00:00Z,ARS,6.9461,6.1047,-0.8414,binance
2026-09-28T23:00:00Z,IDR,0.3178,0.3792,0.0614,binance
2026-09-28T23:00:00Z,INR,4.9122,11.1773,6.2651,binance
2026-09-28T23:00:00Z,MXN,1.2712,1.773,0.5018,binance
2026-09-28T23:00:00Z,PHP,0.1923,0.3525,0.1602,binance
2026-09-28T23:00:00Z,TRY,0.1134,4.9777,4.8643,binance
2026-09-28T23:00:00Z,VES,15.4174,12.7355,-2.6819,binance
2026-09-29T00:00:00Z,ARS,6.9461,6.084,-0.8621,binance
2026-09-29T00:00:00Z,IDR,0.2481,0.4266,0.1785,binance
2026-09-29T00:00:00Z,INR,4.8965,10.8124,5.9159,binance
2026-09-29T00:00:00Z,MXN,1.3332,1.773,0.4398,binance
2026-09-29T00:00:00Z,PHP,0.1923,0.2964,0.1041,binance
2026-09-29T00:00:00Z,TRY,0.0736,5.6008,5.5272,binance
2026-09-29T00:00:00Z,VES,15.3564,12.7519,-2.6045,binance
2026-09-29T01:00:00Z,ARS,6.9531,5.731,-1.2221,binance
2026-09-29T01:00:00Z,IDR,-0.0988,0.0625,0.1613,binance
2026-09-29T01:00:00Z,INR,4.6321,11.3512,6.7191,binance
2026-09-29T01:00:00Z,MXN,0.4345,0.7864,0.3519,binance
2026-09-29T01:00:00Z,PHP,-0.0157,0.1603,0.176,binance
2026-09-29T01:00:00Z,TRY,-0.0265,5.5871,5.6136,binance
2026-09-29T01:00:00Z,VES,15.1583,12.5352,-2.6231,binance
2026-09-29T02:00:00Z,ARS,6.9461,5.7062,-1.2399,binance
2026-09-29T02:00:00Z,IDR,-0.0015,-0.0265,-0.025,binance
2026-09-29T02:00:00Z,INR,4.8663,10.7006,5.8343,binance
2026-09-29T02:00:00Z,MXN,0.4401,0.7864,0.3463,binance
2026-09-29T02:00:00Z,PHP,-0.1437,0.0803,0.224,binance
2026-09-29T02:00:00Z,TRY,-0.0265,6.8422,6.8687,binance
2026-09-29T02:00:00Z,VES,15.1896,12.4849,-2.7047,binance
2026-09-29T03:00:00Z,ARS,6.9461,5.7258,-1.2203,binance
2026-09-29T03:00:00Z,IDR,0.043,-0.0321,-0.0751,binance
2026-09-29T03:00:00Z,INR,4.6217,10.2218,5.6001,binance
2026-09-29T03:00:00Z,MXN,0.4903,0.8144,0.3241,binance
2026-09-29T03:00:00Z,PHP,0.0163,0.1203,0.104,binance
2026-09-29T03:00:00Z,TRY,-0.0265,5.8728,5.8993,binance
2026-09-29T03:00:00Z,VES,15.0504,12.4855,-2.5649,binance
2026-09-29T04:00:00Z,ARS,6.9461,5.7719,-1.1742,binance
2026-09-29T04:00:00Z,IDR,-0.0265,-0.1043,-0.0778,binance
2026-09-29T04:00:00Z,INR,4.8715,9.0872,4.2157,binance
2026-09-29T04:00:00Z,MXN,0.5574,0.8144,0.257,binance
2026-09-29T04:00:00Z,PHP,-0.0157,0.1363,0.152,binance
2026-09-29T04:00:00Z,TRY,-0.0214,5.4034,5.4248,binance
2026-09-29T04:00:00Z,VES,14.9865,12.4855,-2.501,binance
2026-09-29T05:00:00Z,ARS,6.9485,5.8308,-1.1177,binance
2026-09-29T05:00:00Z,IDR,0.0347,-0.1572,-0.1919,binance
2026-09-29T05:00:00Z,INR,4.8403,8.4366,3.5963,binance
2026-09-29T05:00:00Z,MXN,0.5406,0.8423,0.3017,binance
2026-09-29T05:00:00Z,PHP,0.0003,0.1443,0.144,binance
2026-09-29T05:00:00Z,TRY,-0.0153,4.8013,4.8166,binance
2026-09-29T05:00:00Z,VES,14.9398,12.4506,-2.4892,binance
2026-09-29T06:00:00Z,ARS,6.9461,5.8524,-1.0937,binance
2026-09-29T06:00:00Z,IDR,0.0263,0.018,-0.0083,binance
2026-09-29T06:00:00Z,INR,4.6685,8.2805,3.612,binance
2026-09-29T06:00:00Z,MXN,0.4959,0.8702,0.3743,binance
2026-09-29T06:00:00Z,PHP,0.0003,0.1043,0.104,binance
2026-09-29T06:00:00Z,TRY,0.0133,4.6891,4.6758,binance
2026-09-29T06:00:00Z,VES,14.8766,12.4098,-2.4668,binance
2026-09-29T07:00:00Z,ARS,6.9623,5.8246,-1.1377,binance
2026-09-29T07:00:00Z,IDR,-0.007,-0.0015,0.0055,binance
2026-09-29T07:00:00Z,INR,4.9652,8.6136,3.6484,binance
2026-09-29T07:00:00Z,MXN,0.3898,0.982,0.5922,binance
2026-09-29T07:00:00Z,PHP,0.1283,0.1603,0.032,binance
2026-09-29T07:00:00Z,TRY,-0.0377,4.7503,4.788,binance
2026-09-29T07:00:00Z,VES,14.8025,12.602,-2.2005,binance
2026-09-29T08:00:00Z,ARS,6.9461,5.8694,-1.0767,binance
2026-09-29T08:00:00Z,IDR,-0.0599,-0.1182,-0.0583,binance
2026-09-29T08:00:00Z,INR,4.4708,8.6292,4.1584,binance
2026-09-29T08:00:00Z,MXN,0.4847,1.1216,0.6369,binance
2026-09-29T08:00:00Z,PHP,0.0963,0.2083,0.112,binance
2026-09-29T08:00:00Z,TRY,-0.0469,4.6891,4.736,binance
2026-09-29T08:00:00Z,VES,14.747,12.602,-2.145,binance
2026-09-29T09:00:00Z,ARS,6.9597,5.9992,-0.9605,binance
2026-09-29T09:00:00Z,IDR,-0.0988,-0.1766,-0.0778,binance
2026-09-29T09:00:00Z,INR,4.7882,8.3846,3.5964,binance
2026-09-29T09:00:00Z,MXN,0.2613,1.2613,1.0,binance
2026-09-29T09:00:00Z,PHP,0.0483,0.2483,0.2,binance
2026-09-29T09:00:00Z,TRY,-0.0285,4.6789,4.7074,binance
2026-09-29T09:00:00Z,VES,14.7062,12.573,-2.1332,binance
2026-09-29T10:00:00Z,ARS,6.9255,5.9577,-0.9678,binance
2026-09-29T10:00:00Z,IDR,-0.1961,-0.2016,-0.0055,binance
2026-09-29T10:00:00Z,INR,5.0485,8.1348,3.0863,binance
2026-09-29T10:00:00Z,MXN,0.3842,1.401,1.0168,binance
2026-09-29T10:00:00Z,PHP,0.0963,0.1763,0.08,binance
2026-09-29T10:00:00Z,TRY,-0.0795,4.485,4.5645,binance
2026-09-29T10:00:00Z,VES,14.6847,12.4716,-2.2131,binance
2026-09-29T11:00:00Z,ARS,6.9538,5.7196,-1.2342,binance
2026-09-29T11:00:00Z,IDR,-0.2461,-0.2711,-0.025,binance
2026-09-29T11:00:00Z,INR,4.9027,8.1972,3.2945,binance
2026-09-29T11:00:00Z,MXN,0.1048,1.401,1.2962,binance
2026-09-29T11:00:00Z,PHP,0.0643,0.1843,0.12,binance
2026-09-29T11:00:00Z,TRY,-0.0867,4.0768,4.1635,binance
2026-09-29T11:00:00Z,VES,14.6623,12.3335,-2.3288,binance
2026-09-29T12:00:00Z,ARS,6.9472,5.7723,-1.1749,binance
2026-09-29T12:00:00Z,IDR,-0.3156,-0.2545,0.0611,binance
2026-09-29T12:00:00Z,INR,4.705,8.2388,3.5338,binance
2026-09-29T12:00:00Z,MXN,-0.1801,1.2613,1.4414,binance
2026-09-29T12:00:00Z,PHP,0.0643,0.1603,0.096,binance
2026-09-29T12:00:00Z,TRY,-0.1091,4.9136,5.0227,binance
2026-09-29T12:00:00Z,VES,14.6611,12.0887,-2.5724,binance
2026-09-29T13:00:00Z,ARS,6.9931,5.7575,-1.2356,binance
2026-09-29T13:00:00Z,IDR,-0.3184,-0.2823,0.0361,binance
2026-09-29T13:00:00Z,INR,4.6841,8.2388,3.5547,binance
2026-09-29T13:00:00Z,MXN,0.306,0.954,0.648,binance
2026-09-29T13:00:00Z,PHP,0.0483,0.1283,0.08,binance
2026-09-29T13:00:00Z,TRY,-0.1204,4.6687,4.7891,binance
2026-09-29T13:00:00Z,VES,14.7317,11.9109,-2.8208,binance
2026-09-29T14:00:00Z,ARS,6.6953,5.6447,-1.0506,binance
2026-09-29T14:00:00Z,IDR,-0.2044,-0.2239,-0.0195,binance
2026-09-29T14:00:00Z,INR,4.8871,8.369,3.4819,binance
2026-09-29T14:00:00Z,MXN,0.278,0.8982,0.6202,binance
2026-09-29T14:00:00Z,PHP,0.0963,0.1763,0.08,binance
2026-09-29T14:00:00Z,TRY,-0.1081,4.5564,4.6645,binance
2026-09-29T14:00:00Z,VES,14.6498,11.9727,-2.6771,binance
2026-09-29T15:00:00Z,ARS,6.5635,5.3503,-1.2132,binance
2026-09-29T15:00:00Z,IDR,-0.3407,-0.2378,0.1029,binance
2026-09-29T15:00:00Z,INR,4.7986,8.4887,3.6901,binance
2026-09-29T15:00:00Z,MXN,0.5406,0.8982,0.3576,binance
2026-09-29T15:00:00Z,PHP,0.1763,0.2003,0.024,binance
2026-09-29T15:00:00Z,TRY,-0.0989,4.189,4.2879,binance
2026-09-29T15:00:00Z,VES,14.6186,11.5781,-3.0405,binance
2026-09-29T16:00:00Z,ARS,6.6953,5.6015,-1.0938,binance
2026-09-29T16:00:00Z,IDR,-0.2155,-0.2489,-0.0334,binance
2026-09-29T16:00:00Z,INR,4.705,8.6448,3.9398,binance
2026-09-29T16:00:00Z,MXN,0.8311,1.0658,0.2347,binance
2026-09-29T16:00:00Z,PHP,0.1923,0.2003,0.008,binance
2026-09-29T16:00:00Z,TRY,-0.0581,4.3931,4.4512,binance
2026-09-29T16:00:00Z,VES,14.639,11.3782,-3.2608,binance
2026-09-29T17:00:00Z,ARS,6.7235,5.5175,-1.206,binance
2026-09-29T17:00:00Z,IDR,-0.2433,-0.2378,0.0055,binance
2026-09-29T17:00:00Z,INR,4.7258,8.8894,4.1636,binance
2026-09-29T17:00:00Z,MXN,1.0937,1.401,0.3073,binance
2026-09-29T17:00:00Z,PHP,0.2083,0.2083,0.0,binance
2026-09-29T17:00:00Z,TRY,-0.0428,4.4442,4.487,binance
2026-09-29T17:00:00Z,VES,14.5413,11.3764,-3.1649,binance
2026-09-29T18:00:00Z,ARS,6.6885,5.6045,-1.084,binance
2026-09-29T18:00:00Z,IDR,-0.1016,-0.2267,-0.1251,binance
2026-09-29T18:00:00Z,INR,4.6737,9.1601,4.4864,binance
2026-09-29T18:00:00Z,MXN,0.954,1.5127,0.5587,binance
2026-09-29T18:00:00Z,PHP,0.1603,0.3043,0.144,binance
2026-09-29T18:00:00Z,TRY,-0.0244,4.6176,4.642,binance
2026-09-29T18:00:00Z,VES,14.4939,11.5706,-2.9233,binance
2026-09-29T19:00:00Z,ARS,6.717,5.5695,-1.1475,binance
2026-09-29T19:00:00Z,IDR,-0.0765,-0.2294,-0.1529,binance
2026-09-29T19:00:00Z,INR,4.6321,9.618,4.9859,binance
2026-09-29T19:00:00Z,MXN,0.9093,1.4289,0.5196,binance
2026-09-29T19:00:00Z,PHP,0.1283,0.4003,0.272,binance
2026-09-29T19:00:00Z,TRY,-0.0326,4.2707,4.3033,binance
2026-09-29T19:00:00Z,VES,14.5839,12.133,-2.4509,binance
2026-09-29T20:00:00Z,ARS,6.9366,5.5106,-1.426,binance
2026-09-29T20:00:00Z,IDR,-0.1071,-0.235,-0.1279,binance
2026-09-29T20:00:00Z,INR,4.4291,9.7846,5.3555,binance
2026-09-29T20:00:00Z,MXN,0.7976,1.4569,0.6593,binance
2026-09-29T20:00:00Z,PHP,0.1123,0.3923,0.28,binance
2026-09-29T20:00:00Z,TRY,-0.0326,4.087,4.1196,binance
2026-09-29T20:00:00Z,VES,14.8268,12.2292,-2.5976,binance
2026-09-29T21:00:00Z,ARS,6.8706,5.4452,-1.4254,binance
2026-09-29T21:00:00Z,IDR,-0.1711,-0.2489,-0.0778,binance
2026-09-29T21:00:00Z,INR,4.5957,10.2426,5.6469,binance
2026-09-29T21:00:00Z,MXN,0.725,1.401,0.676,binance
2026-09-29T21:00:00Z,PHP,0.1283,0.4003,0.272,binance
2026-09-29T21:00:00Z,TRY,-0.0469,4.883,4.9299,binance
2026-09-29T21:00:00Z,VES,14.722,12.0036,-2.7184,binance
2026-09-29T22:00:00Z,ARS,6.877,5.4269,-1.4501,binance
2026-09-29T22:00:00Z,IDR,-0.0432,-0.2461,-0.2029,binance
2026-09-29T22:00:00Z,INR,4.1637,10.482,6.3183,binance
2026-09-29T22:00:00Z,MXN,0.7306,1.2893,0.5587,binance
2026-09-29T22:00:00Z,PHP,0.1283,0.2963,0.168,binance
2026-09-29T22:00:00Z,TRY,-0.0326,5.1075,5.1401,binance
2026-09-29T22:00:00Z,VES,14.7132,12.0339,-2.6793,binance
2026-09-29T23:00:00Z,ARS,6.9003,5.3795,-1.5208,binance
2026-09-29T23:00:00Z,IDR,-0.1405,-0.2489,-0.1084,binance
2026-09-29T23:00:00Z,INR,4.1325,10.7422,6.6097,binance
2026-09-29T23:00:00Z,MXN,0.82,1.401,0.581,binance
2026-09-29T23:00:00Z,PHP,0.1283,0.3203,0.192,binance
2026-09-29T23:00:00Z,TRY,-0.0489,5.5156,5.5645,binance
2026-09-29T23:00:00Z,VES,14.7858,12.2157,-2.5701,binance
2026-09-30T00:00:00Z,ARS,6.9155,5.3778,-1.5377,binance
2026-09-30T00:00:00Z,IDR,-0.26,-0.2378,0.0222,binance
2026-09-30T00:00:00Z,INR,4.4395,10.2478,5.8083,binance
2026-09-30T00:00:00Z,MXN,0.7808,1.401,0.6202,binance
2026-09-30T00:00:00Z,PHP,0.1283,0.2723,0.144,binance
2026-09-30T00:00:00Z,TRY,-0.0346,5.9544,5.989,binance
2026-09-30T00:00:00Z,VES,14.8668,12.165,-2.7018,binance
2026-09-30T01:00:00Z,ARS,6.9016,5.6976,-1.204,binance
2026-09-30T01:00:00Z,IDR,-0.2022,-0.0936,0.1086,binance
2026-09-30T01:00:00Z,INR,4.5819,10.5988,6.0169,binance
2026-09-30T01:00:00Z,MXN,0.1591,0.6418,0.4827,binance
2026-09-30T01:00:00Z,PHP,-0.0578,0.086,0.1438,binance
2026-09-30T01:00:00Z,TRY,-0.0897,6.0121,6.1018,binance
2026-09-30T01:00:00Z,VES,14.6922,12.0721,-2.6201,binance
2026-09-30T02:00:00Z,ARS,6.9016,5.7108,-1.1908,binance
2026-09-30T02:00:00Z,IDR,-0.1994,-0.0769,0.1225,binance
2026-09-30T02:00:00Z,INR,4.5611,9.5838,5.0227,binance
2026-09-30T02:00:00Z,MXN,0.2922,0.6418,0.3496,binance
2026-09-30T02:00:00Z,PHP,0.0061,0.0301,0.024,binance
2026-09-30T02:00:00Z,TRY,-0.0897,6.5935,6.6832,binance
2026-09-30T02:00:00Z,VES,14.748,12.0974,-2.6506,binance
2026-09-30T04:00:00Z,ARS,6.9016,5.97,-0.9316,binance
2026-09-30T04:00:00Z,IDR,-0.3833,-0.166,0.2173,binance
2026-09-30T04:00:00Z,INR,4.3321,8.8864,4.5543,binance
2026-09-30T04:00:00Z,MXN,0.2867,0.5863,0.2996,binance
2026-09-30T04:00:00Z,PHP,-0.0258,0.046,0.0718,binance
2026-09-30T04:00:00Z,TRY,-0.0846,5.9509,6.0355,binance
2026-09-30T04:00:00Z,VES,14.6627,12.1164,-2.5463,binance
2026-09-30T06:00:00Z,ARS,6.9016,6.0618,-0.8398,binance
2026-09-30T06:00:00Z,IDR,-0.6423,-0.4975,0.1448,binance
2026-09-30T06:00:00Z,INR,4.6235,7.9599,3.3364,binance
2026-09-30T06:00:00Z,MXN,0.1591,0.6418,0.4827,binance
2026-09-30T06:00:00Z,PHP,-0.0738,0.094,0.1678,binance
2026-09-30T06:00:00Z,TRY,-0.0805,4.9615,5.042,binance
2026-09-30T06:00:00Z,VES,14.5552,12.1331,-2.4221,binance
2026-09-30T07:00:00Z,ARS,6.9122,6.0989,-0.8133,binance
2026-09-30T07:00:00Z,IDR,-0.4585,-0.5393,-0.0808,binance
2026-09-30T07:00:00Z,INR,4.6287,7.9443,3.3156,binance
2026-09-30T07:00:00Z,MXN,0.0481,0.725,0.6769,binance
2026-09-30T07:00:00Z,PHP,0.0381,0.078,0.0399,binance
2026-09-30T07:00:00Z,TRY,-0.0816,3.9006,3.9822,binance
2026-09-30T07:00:00Z,VES,14.5122,12.1803,-2.3319,binance
2026-09-30T08:00:00Z,ARS,6.9122,6.4322,-0.48,binance
2026-09-30T08:00:00Z,IDR,-0.4975,-0.4808,0.0167,binance
2026-09-30T08:00:00Z,INR,4.4518,7.7413,3.2895,binance
2026-09-30T08:00:00Z,MXN,0.037,0.7527,0.7157,binance
2026-09-30T08:00:00Z,PHP,0.054,0.102,0.048,binance
2026-09-30T08:00:00Z,TRY,-0.0714,4.7575,4.8289,binance
2026-09-30T08:00:00Z,VES,14.481,12.1803,-2.3007,binance
2026-09-30T09:00:00Z,ARS,6.9122,6.531,-0.3812,binance
2026-09-30T09:00:00Z,IDR,-0.5643,-0.6061,-0.0418,binance
2026-09-30T09:00:00Z,INR,4.3529,7.4862,3.1333,binance
2026-09-30T09:00:00Z,MXN,0.1535,0.7805,0.627,binance
2026-09-30T09:00:00Z,PHP,0.0381,0.1738,0.1357,binance
2026-09-30T09:00:00Z,TRY,-0.102,4.3903,4.4923,binance
2026-09-30T09:00:00Z,VES,14.4453,12.2734,-2.1719,binance
2026-09-30T10:00:00Z,ARS,6.9122,6.0093,-0.9029,binance
2026-09-30T10:00:00Z,IDR,-0.3303,-0.7092,-0.3789,binance
2026-09-30T10:00:00Z,INR,4.4258,7.3978,2.972,binance
2026-09-30T10:00:00Z,MXN,0.2423,0.9746,0.7323,binance
2026-09-30T10:00:00Z,PHP,0.0381,0.2138,0.1757,binance
2026-09-30T10:00:00Z,TRY,-0.103,4.0435,4.1465,binance
2026-09-30T10:00:00Z,VES,14.4324,12.1803,-2.2521,binance
2026-09-30T11:00:00Z,ARS,6.9122,5.9568,-0.9554,binance
2026-09-30T11:00:00Z,IDR,-0.3526,-0.5922,-0.2396,binance
2026-09-30T11:00:00Z,INR,4.3321,7.1948,2.8627,binance
2026-09-30T11:00:00Z,MXN,0.2035,0.9746,0.7711,binance
2026-09-30T11:00:00Z,PHP,0.07,0.1659,0.0959,binance
2026-09-30T11:00:00Z,TRY,-0.1428,3.9414,4.0842,binance
2026-09-30T11:00:00Z,VES,14.4855,11.9534,-2.5321,binance
2026-09-30T12:00:00Z,ARS,6.8988,5.842,-1.0568,binance
2026-09-30T12:00:00Z,IDR,-0.2607,-0.3888,-0.1281,binance
2026-09-30T12:00:00Z,INR,4.3477,7.4966,3.1489,binance
2026-09-30T12:00:00Z,MXN,0.5142,1.0301,0.5159,binance
2026-09-30T12:00:00Z,PHP,0.102,0.2457,0.1437,binance
2026-09-30T12:00:00Z,TRY,-0.1407,4.4107,4.5514,binance
2026-09-30T12:00:00Z,VES,14.4694,11.7613,-2.7081,binance
2026-09-30T13:00:00Z,ARS,6.8988,5.7751,-1.1237,binance
2026-09-30T13:00:00Z,IDR,-0.3749,-0.2941,0.0808,binance
2026-09-30T13:00:00Z,INR,4.3425,7.7257,3.3832,binance
2026-09-30T13:00:00Z,MXN,-0.3347,0.5031,0.8378,binance
2026-09-30T13:00:00Z,PHP,0.102,0.2218,0.1198,binance
2026-09-30T13:00:00Z,TRY,-0.3305,4.4005,4.731,binance
2026-09-30T13:00:00Z,VES,14.4824,11.8661,-2.6163,binance
2026-09-30T14:00:00Z,ARS,6.681,5.7091,-0.9719,binance
2026-09-30T14:00:00Z,IDR,-0.3053,-0.3471,-0.0418,binance
2026-09-30T14:00:00Z,INR,4.3581,7.9339,3.5758,binance
2026-09-30T14:00:00Z,MXN,-0.5233,0.2811,0.8044,binance
2026-09-30T14:00:00Z,PHP,0.1179,0.1978,0.0799,binance
2026-09-30T14:00:00Z,TRY,-0.1734,4.1353,4.3087,binance
2026-09-30T14:00:00Z,VES,14.5242,11.8771,-2.6471,binance
2026-09-30T15:00:00Z,ARS,6.5196,5.4483,-1.0713,binance
2026-09-30T15:00:00Z,IDR,-0.2161,-0.4056,-0.1895,binance
2026-09-30T15:00:00Z,INR,4.2644,7.8402,3.5758,binance
2026-09-30T15:00:00Z,MXN,-0.2959,0.1424,0.4383,binance
2026-09-30T15:00:00Z,PHP,0.1499,0.1738,0.0239,binance
2026-09-30T15:00:00Z,TRY,-0.103,4.0843,4.1873,binance
2026-09-30T15:00:00Z,VES,14.4153,11.4237,-2.9916,binance
2026-09-30T16:00:00Z,ARS,6.5774,5.4148,-1.1626,binance
2026-09-30T16:00:00Z,IDR,-0.1743,-0.4473,-0.273,binance
2026-09-30T16:00:00Z,INR,4.28,7.9391,3.6591,binance
2026-09-30T16:00:00Z,MXN,0.2035,0.3921,0.1886,binance
2026-09-30T16:00:00Z,PHP,0.102,0.3176,0.2156,binance
2026-09-30T16:00:00Z,TRY,-0.0673,3.6354,3.7027,binance
2026-09-30T16:00:00Z,VES,14.3464,11.0512,-3.2952,binance
2026-09-30T17:00:00Z,ARS,6.5391,5.4112,-1.1279,binance
2026-09-30T17:00:00Z,IDR,-0.3108,-0.4613,-0.1505,binance
2026-09-30T17:00:00Z,INR,4.3685,7.8974,3.5289,binance
2026-09-30T17:00:00Z,MXN,0.0703,0.4753,0.405,binance
2026-09-30T17:00:00Z,PHP,0.1179,0.1898,0.0719,binance
2026-09-30T17:00:00Z,TRY,-0.0377,3.9924,4.0301,binance
2026-09-30T17:00:00Z,VES,14.2872,11.133,-3.1542,binance
2026-09-30T18:00:00Z,ARS,6.5703,5.4732,-1.0971,binance
2026-09-30T18:00:00Z,IDR,-0.1966,-0.3276,-0.131,binance
2026-09-30T18:00:00Z,INR,4.4882,8.5689,4.0807,binance
2026-09-30T18:00:00Z,MXN,0.1424,0.5308,0.3884,binance
2026-09-30T18:00:00Z,PHP,0.1499,0.3016,0.1517,binance
2026-09-30T18:00:00Z,TRY,-0.0142,4.1251,4.1393,binance
2026-09-30T18:00:00Z,VES,14.2314,11.0512,-3.1802,binance
2026-09-30T19:00:00Z,ARS,6.6557,5.5356,-1.1201,binance
2026-09-30T19:00:00Z,IDR,-0.3415,-0.3944,-0.0529,binance
2026-09-30T19:00:00Z,INR,4.5403,9.4433,4.903,binance
2026-09-30T19:00:00Z,MXN,0.0981,0.4753,0.3772,binance
2026-09-30T19:00:00Z,PHP,0.1499,0.4215,0.2716,binance
2026-09-30T19:00:00Z,TRY,-0.0112,4.2883,4.2995,binance
2026-09-30T19:00:00Z,VES,14.1781,11.1792,-2.9989,binance
2026-09-30T20:00:00Z,ARS,6.9591,5.4532,-1.5059,binance
2026-09-30T20:00:00Z,IDR,-0.2356,-0.4056,-0.17,binance
2026-09-30T20:00:00Z,INR,4.5351,9.2871,4.752,binance
2026-09-30T20:00:00Z,MXN,0.1979,0.5308,0.3329,binance
2026-09-30T20:00:00Z,PHP,0.1339,0.4055,0.2716,binance
2026-09-30T20:00:00Z,TRY,-0.0081,4.0128,4.0209,binance
2026-09-30T20:00:00Z,VES,14.146,11.4004,-2.7456,binance
2026-09-30T21:00:00Z,ARS,6.9875,5.3915,-1.596,binance
2026-09-30T21:00:00Z,IDR,-0.1688,-0.4,-0.2312,binance
2026-09-30T21:00:00Z,INR,4.5611,10.1824,5.6213,binance
2026-09-30T21:00:00Z,MXN,0.1535,0.5308,0.3773,binance
2026-09-30T21:00:00Z,PHP,0.102,0.3735,0.2715,binance
2026-09-30T21:00:00Z,TRY,-0.0265,4.9207,4.9472,binance
2026-09-30T21:00:00Z,VES,14.1163,11.2898,-2.8265,binance
2026-09-30T22:00:00Z,ARS,6.9371,5.4017,-1.5354,binance
2026-09-30T22:00:00Z,IDR,0.1655,-0.0044,-0.1699,binance
2026-09-30T22:00:00Z,INR,4.431,10.172,5.741,binance
2026-09-30T22:00:00Z,MXN,0.148,0.5031,0.3551,binance
2026-09-30T22:00:00Z,PHP,0.102,0.3895,0.2875,binance
2026-09-30T22:00:00Z,TRY,-0.0224,4.7575,4.7799,binance
2026-09-30T22:00:00Z,VES,14.0874,11.1653,-2.9221,binance
2026-09-30T23:00:00Z,ARS,6.8623,5.4571,-1.4052,binance
2026-09-30T23:00:00Z,IDR,0.1739,-0.127,-0.3009,binance
2026-09-30T23:00:00Z,INR,4.5403,10.6456,6.1053,binance
2026-09-30T23:00:00Z,MXN,0.2589,0.4753,0.2164,binance
2026-09-30T23:00:00Z,PHP,0.102,0.3576,0.2556,binance
2026-09-30T23:00:00Z,TRY,-0.0714,5.1553,5.2267,binance
2026-09-30T23:00:00Z,VES,14.0615,11.2485,-2.813,binance
2026-10-01T00:00:00Z,ARS,6.9642,5.4644,-1.4998,binance
2026-10-01T00:00:00Z,IDR,-0.1103,-0.088,0.0223,binance
2026-10-01T00:00:00Z,INR,4.3529,10.604,6.2511,binance
2026-10-01T00:00:00Z,MXN,0.209,0.4753,0.2663,binance
2026-10-01T00:00:00Z,PHP,0.102,0.3176,0.2156,binance
2026-10-01T00:00:00Z,TRY,-0.0683,6.0835,6.1518,binance
2026-10-01T00:00:00Z,VES,14.0277,11.2462,-2.7815,binance
2026-10-01T01:00:00Z,ARS,6.9875,5.9191,-1.0684,binance
2026-10-01T01:00:00Z,IDR,0.011,0.0389,0.0279,binance
2026-10-01T01:00:00Z,INR,4.4978,9.8208,5.323,binance
2026-10-01T01:00:00Z,MXN,-0.0048,0.1777,0.1825,binance
2026-10-01T01:00:00Z,PHP,-0.1508,-0.0074,0.1434,binance
2026-10-01T01:00:00Z,TRY,-0.1253,5.9667,6.092,binance
2026-10-01T01:00:00Z,VES,13.8799,11.2796,-2.6003,binance
2026-10-01T02:00:00Z,ARS,6.9875,6.0714,-0.9161,binance
2026-10-01T02:00:00Z,IDR,0.0864,0.1311,0.0447,binance
2026-10-01T02:00:00Z,INR,4.503,9.7166,5.2136,binance
2026-10-01T02:00:00Z,MXN,0.0671,0.1777,0.1106,binance
2026-10-01T02:00:00Z,PHP,-0.103,-0.0393,0.0637,binance
2026-10-01T02:00:00Z,TRY,-0.1324,5.8647,5.9971,binance
2026-10-01T02:00:00Z,VES,14.0683,11.5383,-2.53,binance
2026-10-01T03:00:00Z,ARS,6.9814,6.1699,-0.8115,binance
2026-10-01T03:00:00Z,IDR,0.1618,0.0333,-0.1285,binance
2026-10-01T03:00:00Z,INR,4.4978,9.2218,4.724,binance
2026-10-01T03:00:00Z,MXN,-0.0214,0.1777,0.1991,binance
2026-10-01T03:00:00Z,PHP,-0.0871,-0.0234,0.0637,binance
2026-10-01T03:00:00Z,TRY,-0.1518,5.5589,5.7107,binance
2026-10-01T03:00:00Z,VES,14.0477,11.5353,-2.5124,binance
2026-10-01T04:00:00Z,ARS,6.9533,6.1844,-0.7689,binance
2026-10-01T04:00:00Z,IDR,0.078,-0.0477,-0.1257,binance
2026-10-01T04:00:00Z,INR,4.2634,8.5812,4.3178,binance
2026-10-01T04:00:00Z,MXN,-0.049,0.1777,0.2267,binance
2026-10-01T04:00:00Z,PHP,-0.103,-0.0313,0.0717,binance
2026-10-01T04:00:00Z,TRY,-0.1681,5.5589,5.727,binance
2026-10-01T04:00:00Z,VES,13.8872,11.4715,-2.4157,binance
2026-10-01T05:00:00Z,ARS,6.9438,6.2203,-0.7235,binance
2026-10-01T05:00:00Z,IDR,0.0836,-0.0058,-0.0894,binance
2026-10-01T05:00:00Z,INR,4.2061,8.0916,3.8855,binance
2026-10-01T05:00:00Z,MXN,-0.0325,0.2054,0.2379,binance
2026-10-01T05:00:00Z,PHP,-0.0871,0.0085,0.0956,binance
2026-10-01T05:00:00Z,TRY,-0.1497,4.9779,5.1276,binance
2026-10-01T05:00:00Z,VES,13.8781,11.6284,-2.2497,binance
2026-10-01T06:00:00Z,ARS,6.902,6.3218,-0.5802,binance
2026-10-01T06:00:00Z,IDR,0.0864,-0.0868,-0.1732,binance
2026-10-01T06:00:00Z,INR,4.2061,7.8364,3.6303,binance
2026-10-01T06:00:00Z,MXN,-0.1044,0.2884,0.3928,binance
2026-10-01T06:00:00Z,PHP,-0.0712,0.0563,0.1275,binance
2026-10-01T06:00:00Z,TRY,-0.1426,3.989,4.1316,binance
2026-10-01T06:00:00Z,VES,13.837,11.7504,-2.0866,binance
2026-10-01T07:00:00Z,ARS,6.9438,6.328,-0.6158,binance
2026-10-01T07:00:00Z,IDR,-0.003,-0.1705,-0.1675,binance
2026-10-01T07:00:00Z,INR,4.3311,7.8103,3.4792,binance
2026-10-01T07:00:00Z,MXN,0.139,0.5373,0.3983,binance
2026-10-01T07:00:00Z,PHP,-0.0871,0.0643,0.1514,binance
2026-10-01T07:00:00Z,TRY,-0.1487,3.9788,4.1275,binance
2026-10-01T07:00:00Z,VES,13.8201,11.8202,-1.9999,binance
2026-10-01T08:00:00Z,ARS,6.9438,6.2789,-0.6649,binance
2026-10-01T08:00:00Z,IDR,0.0836,-0.1063,-0.1899,binance
2026-10-01T08:00:00Z,INR,4.0394,7.9145,3.8751,binance
2026-10-01T08:00:00Z,MXN,0.7696,1.1181,0.3485,binance
2026-10-01T08:00:00Z,PHP,0.0563,0.1201,0.0638,binance
2026-10-01T08:00:00Z,TRY,-0.1141,4.4987,4.6128,binance
2026-10-01T08:00:00Z,VES,13.7639,11.8313,-1.9326,binance
2026-10-01T09:00:00Z,ARS,6.943,6.2704,-0.6726,binance
2026-10-01T09:00:00Z,IDR,0.0976,-0.0309,-0.1285,binance
2026-10-01T09:00:00Z,INR,4.029,7.7166,3.6876,binance
2026-10-01T09:00:00Z,MXN,0.7254,1.1734,0.448,binance
2026-10-01T09:00:00Z,PHP,0.1838,0.2157,0.0319,binance
2026-10-01T09:00:00Z,TRY,-0.1263,4.9065,5.0328,binance
2026-10-01T09:00:00Z,VES,13.7072,11.5586,-2.1486,binance
2026-10-01T10:00:00Z,ARS,6.9385,6.1577,-0.7808,binance
2026-10-01T10:00:00Z,IDR,0.064,-0.1119,-0.1759,binance
2026-10-01T10:00:00Z,INR,4.6123,7.4353,2.823,binance
2026-10-01T10:00:00Z,MXN,0.93,1.367,0.437,binance
2026-10-01T10:00:00Z,PHP,0.1997,0.2635,0.0638,binance
2026-10-01T10:00:00Z,TRY,-0.1273,4.3152,4.4425,binance
2026-10-01T10:00:00Z,VES,13.6854,11.4017,-2.2837,binance
2026-10-01T11:00:00Z,ARS,6.9256,6.0315,-0.8941,binance
2026-10-01T11:00:00Z,IDR,0.0696,-0.07,-0.1396,binance
2026-10-01T11:00:00Z,INR,4.4352,7.5083,3.0731,binance
2026-10-01T11:00:00Z,MXN,0.5705,1.2841,0.7136,binance
2026-10-01T11:00:00Z,PHP,0.136,0.2555,0.1195,binance
2026-10-01T11:00:00Z,TRY,-0.1202,4.0706,4.1908,binance
2026-10-01T11:00:00Z,VES,13.9016,11.4656,-2.436,binance
2026-10-01T12:00:00Z,ARS,6.8479,5.8513,-0.9966,binance
2026-10-01T12:00:00Z,IDR,0.011,-0.165,-0.176,binance
2026-10-01T12:00:00Z,INR,4.2321,7.2791,3.047,binance
2026-10-01T12:00:00Z,MXN,0.3548,0.8692,0.5144,binance
2026-10-01T12:00:00Z,PHP,0.1041,0.1838,0.0797,binance
2026-10-01T12:00:00Z,TRY,-0.1263,4.1623,4.2886,binance
2026-10-01T12:00:00Z,VES,13.9613,11.4122,-2.5491,binance
2026-10-01T13:00:00Z,ARS,6.7894,5.8298,-0.9596,binance
2026-10-01T13:00:00Z,IDR,0.0277,-0.0644,-0.0921,binance
2026-10-01T13:00:00Z,INR,4.43,7.3937,2.9637,binance
2026-10-01T13:00:00Z,MXN,0.5705,0.8692,0.2987,binance
2026-10-01T13:00:00Z,PHP,0.0723,0.1599,0.0876,binance
2026-10-01T13:00:00Z,TRY,-0.1406,3.8565,3.9971,binance
2026-10-01T13:00:00Z,VES,13.9354,11.3726,-2.5628,binance
2026-10-01T14:00:00Z,ARS,7.2512,6.0209,-1.2303,binance
2026-10-01T14:00:00Z,IDR,0.1311,-0.0616,-0.1927,binance
2026-10-01T14:00:00Z,INR,4.404,7.951,3.547,binance
2026-10-01T14:00:00Z,MXN,0.4931,0.8415,0.3484,binance
2026-10-01T14:00:00Z,PHP,0.0563,0.136,0.0797,binance
2026-10-01T14:00:00Z,TRY,-0.1365,3.8361,3.9726,binance
2026-10-01T14:00:00Z,VES,14.1544,11.5866,-2.5678,binance
2026-10-01T15:00:00Z,ARS,7.2512,6.1867,-1.0645,binance
2026-10-01T15:00:00Z,IDR,0.1003,-0.0505,-0.1508,binance
2026-10-01T15:00:00Z,INR,4.43,8.0031,3.5731,binance
2026-10-01T15:00:00Z,MXN,1.1071,1.2564,0.1493,binance
2026-10-01T15:00:00Z,PHP,0.0563,0.1519,0.0956,binance
2026-10-01T15:00:00Z,TRY,-0.112,4.1521,4.2641,binance
2026-10-01T15:00:00Z,VES,13.9083,11.2186,-2.6897,binance
2026-10-01T16:00:00Z,ARS,7.2467,6.2088,-1.0379,binance
2026-10-01T16:00:00Z,IDR,0.0668,-0.0197,-0.0865,binance
2026-10-01T16:00:00Z,INR,4.5082,7.9041,3.3959,binance
2026-10-01T16:00:00Z,MXN,1.6492,1.6713,0.0221,binance
2026-10-01T16:00:00Z,PHP,0.0882,0.2077,0.1195,binance
2026-10-01T16:00:00Z,TRY,-0.1232,3.7036,3.8268,binance
2026-10-01T16:00:00Z,VES,13.9195,11.2564,-2.6631,binance
2026-10-01T17:00:00Z,ARS,7.2848,6.3857,-0.8991,binance
2026-10-01T17:00:00Z,IDR,0.0557,-0.0505,-0.1062,binance
2026-10-01T17:00:00Z,INR,4.4665,7.9458,3.4793,binance
2026-10-01T17:00:00Z,MXN,1.4666,1.8372,0.3706,binance
2026-10-01T17:00:00Z,PHP,0.0723,0.2794,0.2071,binance
2026-10-01T17:00:00Z,TRY,-0.0988,3.5507,3.6495,binance
2026-10-01T17:00:00Z,VES,13.9165,11.2796,-2.6369,binance
2026-10-01T18:00:00Z,ARS,7.3553,6.4562,-0.8991,binance
2026-10-01T18:00:00Z,IDR,-0.0477,-0.0197,0.028,binance
2026-10-01T18:00:00Z,INR,4.5707,8.951,4.3803,binance
2026-10-01T18:00:00Z,MXN,1.5883,1.8372,0.2489,binance
2026-10-01T18:00:00Z,PHP,0.0723,0.5184,0.4461,binance
2026-10-01T18:00:00Z,TRY,-0.1069,3.5507,3.6576,binance
2026-10-01T18:00:00Z,VES,14.0066,11.5238,-2.4828,binance
2026-10-01T19:00:00Z,ARS,7.6467,6.4994,-1.1473,binance
2026-10-01T19:00:00Z,IDR,0.0054,-0.1091,-0.1145,binance
2026-10-01T19:00:00Z,INR,4.378,9.1489,4.7709,binance
2026-10-01T19:00:00Z,MXN,1.4224,1.7819,0.3595,binance
2026-10-01T19:00:00Z,PHP,0.0563,0.2236,0.1673,binance
2026-10-01T19:00:00Z,TRY,-0.1059,4.0808,4.1867,binance
2026-10-01T19:00:00Z,VES,14.1398,11.7667,-2.3731,binance
2026-10-01T20:00:00Z,ARS,7.1171,6.5709,-0.5462,binance
2026-10-01T20:00:00Z,IDR,-0.0616,-0.1007,-0.0391,binance
2026-10-01T20:00:00Z,INR,4.2738,9.4198,5.146,binance
2026-10-01T20:00:00Z,MXN,1.0794,1.5053,0.4259,binance
2026-10-01T20:00:00Z,PHP,0.0563,0.2157,0.1594,binance
2026-10-01T20:00:00Z,TRY,-0.0865,3.9788,4.0653,binance
2026-10-01T20:00:00Z,VES,14.297,11.8143,-2.4827,binance
2026-10-01T21:00:00Z,ARS,6.7992,6.5191,-0.2801,binance
2026-10-01T21:00:00Z,IDR,-0.0616,-0.0058,0.0558,binance
2026-10-01T21:00:00Z,INR,4.0498,10.2531,6.2033,binance
2026-10-01T21:00:00Z,MXN,1.1845,1.5053,0.3208,binance
2026-10-01T21:00:00Z,PHP,0.0563,0.1838,0.1275,binance
2026-10-01T21:00:00Z,TRY,-0.0814,4.0808,4.1622,binance
2026-10-01T21:00:00Z,VES,14.4881,12.0701,-2.418,binance
2026-10-01T22:00:00Z,ARS,7.0183,6.5191,-0.4992,binance
2026-10-01T22:00:00Z,IDR,-0.1147,0.0194,0.1341,binance
2026-10-01T22:00:00Z,INR,4.0602,10.2531,6.1929,binance
2026-10-01T22:00:00Z,MXN,1.19,1.5053,0.3153,binance
2026-10-01T22:00:00Z,PHP,0.0723,0.1838,0.1115,binance
2026-10-01T22:00:00Z,TRY,-0.0774,4.2745,4.3519,binance
2026-10-01T22:00:00Z,VES,14.5894,12.1784,-2.411,binance
2026-10-01T23:00:00Z,ARS,6.9274,6.5781,-0.3493,binance
2026-10-01T23:00:00Z,IDR,-0.1594,-0.0253,0.1341,binance
2026-10-01T23:00:00Z,INR,4.2321,10.4823,6.2502,binance
2026-10-01T23:00:00Z,MXN,1.2066,1.5053,0.2987,binance
2026-10-01T23:00:00Z,PHP,0.0723,0.1519,0.0796,binance
2026-10-01T23:00:00Z,TRY,-0.0672,4.5599,4.6271,binance
2026-10-01T23:00:00Z,VES,14.7487,12.2387,-2.51,binance
2026-10-02T00:00:00Z,ARS,7.0434,6.1934,-0.85,binance
2026-10-02T00:00:00Z,IDR,-0.378,-0.4726,-0.0946,binance
2026-10-02T00:00:00Z,INR,3.6171,10.3717,6.7546,binance
2026-10-02T00:00:00Z,MXN,0.173,0.3371,0.1641,binance
2026-10-02T00:00:00Z,PHP,-0.0104,0.0214,0.0318,binance
2026-10-02T00:00:00Z,TRY,-0.2245,4.4209,4.6454,binance
2026-10-02T00:00:00Z,VES,13.9885,11.4673,-2.5212,binance
2026-10-02T01:00:00Z,ARS,7.0434,6.1232,-0.9202,binance
2026-10-02T01:00:00Z,IDR,-0.3836,-0.506,-0.1224,binance
2026-10-02T01:00:00Z,INR,3.8298,10.0708,6.241,binance
2026-10-02T01:00:00Z,MXN,0.2059,0.3098,0.1039,binance
2026-10-02T01:00:00Z,PHP,-0.0422,0.0373,0.0795,binance
2026-10-02T01:00:00Z,TRY,-0.2581,4.4107,4.6688,binance
2026-10-02T01:00:00Z,VES,13.936,11.3597,-2.5763,binance
2026-10-02T02:00:00Z,ARS,6.9938,6.153,-0.8408,binance
2026-10-02T02:00:00Z,IDR,-0.4364,-0.5171,-0.0807,binance
2026-10-02T02:00:00Z,INR,3.6171,9.0851,5.468,binance
2026-10-02T02:00:00Z,MXN,0.0582,0.3645,0.3063,binance
2026-10-02T02:00:00Z,PHP,-0.2332,0.0533,0.2865,binance
2026-10-02T02:00:00Z,TRY,-0.2581,4.7975,5.0556,binance
2026-10-02T02:00:00Z,VES,14.0201,11.4751,-2.545,binance
2026-10-02T03:00:00Z,ARS,6.9669,6.0907,-0.8762,binance
2026-10-02T03:00:00Z,IDR,-0.5143,-0.531,-0.0167,binance
2026-10-02T03:00:00Z,INR,3.6379,8.9866,5.3487,binance
2026-10-02T03:00:00Z,MXN,-0.0676,0.3371,0.4047,binance
2026-10-02T03:00:00Z,PHP,-0.3287,-0.098,0.2307,binance
2026-10-02T03:00:00Z,TRY,-0.2581,4.594,4.8521,binance
2026-10-02T03:00:00Z,VES,14.0701,11.4751,-2.595,binance
2026-10-02T04:00:00Z,ARS,7.0434,6.218,-0.8254,binance
2026-10-02T04:00:00Z,IDR,-0.5616,-0.4976,0.064,binance
2026-10-02T04:00:00Z,INR,3.8143,8.556,4.7417,binance
2026-10-02T04:00:00Z,MXN,-0.1332,0.4192,0.5524,binance
2026-10-02T04:00:00Z,PHP,-0.3287,-0.1218,0.2069,binance
2026-10-02T04:00:00Z,TRY,-0.2683,4.7975,5.0658,binance
2026-10-02T04:00:00Z,VES,13.9228,11.5091,-2.4137,binance
2026-10-02T05:00:00Z,ARS,7.0434,6.4189,-0.6245,binance
2026-10-02T05:00:00Z,IDR,-0.6646,-0.4865,0.1781,binance
2026-10-02T05:00:00Z,INR,4.0529,7.8297,3.7768,binance
2026-10-02T05:00:00Z,MXN,-0.1114,0.4739,0.5853,binance
2026-10-02T05:00:00Z,PHP,-0.3287,-0.2332,0.0955,binance
2026-10-02T05:00:00Z,TRY,-0.2785,4.4107,4.6892,binance
2026-10-02T05:00:00Z,VES,13.7978,11.5726,-2.2252,binance
2026-10-02T06:00:00Z,ARS,7.0434,6.5108,-0.5326,binance
2026-10-02T06:00:00Z,IDR,-0.723,-0.5867,0.1363,binance
2026-10-02T06:00:00Z,INR,3.9128,7.5962,3.6834,binance
2026-10-02T06:00:00Z,MXN,-0.1989,0.6106,0.8095,binance
2026-10-02T06:00:00Z,PHP,-0.3287,-0.1775,0.1512,binance
2026-10-02T06:00:00Z,TRY,-0.3294,4.1665,4.4959,binance
2026-10-02T06:00:00Z,VES,13.6088,11.5963,-2.0125,binance
2026-10-02T07:00:00Z,ARS,7.0434,6.6192,-0.4242,binance
2026-10-02T07:00:00Z,IDR,-0.6701,-0.6479,0.0222,binance
2026-10-02T07:00:00Z,INR,3.778,7.1708,3.3928,binance
2026-10-02T07:00:00Z,MXN,-0.2262,0.6379,0.8641,binance
2026-10-02T07:00:00Z,PHP,-0.4242,-0.1616,0.2626,binance
2026-10-02T07:00:00Z,TRY,-0.309,4.1766,4.4856,binance
2026-10-02T07:00:00Z,VES,13.62,11.5963,-2.0237,binance
2026-10-02T08:00:00Z,ARS,7.0434,6.6192,-0.4242,binance
2026-10-02T08:00:00Z,IDR,-0.8343,-0.7258,0.1085,binance
2026-10-02T08:00:00Z,INR,3.7105,7.1397,3.4292,binance
2026-10-02T08:00:00Z,MXN,-0.3958,0.6379,1.0337,binance
2026-10-02T08:00:00Z,PHP,-0.4561,-0.0741,0.382,binance
2026-10-02T08:00:00Z,TRY,-0.3009,3.8611,4.162,binance
2026-10-02T08:00:00Z,VES,13.6137,11.6614,-1.9523,binance
2026-10-02T09:00:00Z,ARS,7.0434,6.3283,-0.7151,binance
2026-10-02T09:00:00Z,IDR,-0.8232,-0.7981,0.0251,binance
2026-10-02T09:00:00Z,INR,3.7987,6.8751,3.0764,binance
2026-10-02T09:00:00Z,MXN,-0.2755,0.5833,0.8588,binance
2026-10-02T09:00:00Z,PHP,-0.4402,-0.1059,0.3343,binance
2026-10-02T09:00:00Z,TRY,-0.3172,3.8,4.1172,binance
2026-10-02T09:00:00Z,VES,13.6102,11.5732,-2.037,binance
2026-10-02T10:00:00Z,ARS,7.0434,6.1445,-0.8989,binance
2026-10-02T10:00:00Z,IDR,-0.5422,-0.6757,-0.1335,binance
2026-10-02T10:00:00Z,INR,3.7365,6.9166,3.1801,binance
2026-10-02T10:00:00Z,MXN,-0.3192,0.6106,0.9298,binance
2026-10-02T10:00:00Z,PHP,-0.3606,-0.1377,0.2229,binance
2026-10-02T10:00:00Z,TRY,-0.2937,4.024,4.3177,binance
2026-10-02T10:00:00Z,VES,13.7664,11.4174,-2.349,binance
2026-10-02T11:00:00Z,ARS,7.0515,6.025,-1.0265,binance
2026-10-02T11:00:00Z,IDR,-0.3975,-0.6562,-0.2587,binance
2026-10-02T11:00:00Z,INR,3.6742,6.8751,3.2009,binance
2026-10-02T11:00:00Z,MXN,-0.1168,0.6379,0.7547,binance
2026-10-02T11:00:00Z,PHP,-0.3287,-0.1377,0.191,binance
2026-10-02T11:00:00Z,TRY,-0.2948,3.6983,3.9931,binance
2026-10-02T11:00:00Z,VES,13.8122,11.347,-2.4652,binance
2026-10-02T12:00:00Z,ARS,7.0515,6.0214,-1.0301,binance
2026-10-02T12:00:00Z,IDR,-0.3001,-0.7007,-0.4006,binance
2026-10-02T12:00:00Z,INR,3.5653,6.8699,3.3046,binance
2026-10-02T12:00:00Z,MXN,0.1785,0.6106,0.4321,binance
2026-10-02T12:00:00Z,PHP,-0.3606,-0.1696,0.191,binance
2026-10-02T12:00:00Z,TRY,-0.3253,3.5863,3.9116,binance
2026-10-02T12:00:00Z,VES,13.7597,11.2905,-2.4692,binance
2026-10-02T13:00:00Z,ARS,7.1575,5.9919,-1.1656,binance
2026-10-02T13:00:00Z,IDR,-0.4392,-0.6757,-0.2365,binance
2026-10-02T13:00:00Z,INR,3.4252,6.8699,3.4447,binance
2026-10-02T13:00:00Z,MXN,-0.7349,0.5012,1.2361,binance
2026-10-02T13:00:00Z,PHP,-0.4561,-0.1775,0.2786,binance
2026-10-02T13:00:00Z,TRY,-0.3711,3.9018,4.2729,binance
2026-10-02T13:00:00Z,VES,13.8002,11.2079,-2.5923,binance
2026-10-02T14:00:00Z,ARS,7.1139,6.0575,-1.0564,binance
2026-10-02T14:00:00Z,IDR,-0.3251,-0.7147,-0.3896,binance
2026-10-02T14:00:00Z,INR,3.6898,6.761,3.0712,binance
2026-10-02T14:00:00Z,MXN,-0.8826,0.3371,1.2197,binance
2026-10-02T14:00:00Z,PHP,-0.4561,-0.2173,0.2388,binance
2026-10-02T14:00:00Z,TRY,-0.3131,3.7695,4.0826,binance
2026-10-02T14:00:00Z,VES,13.8502,11.3366,-2.5136,binance
2026-10-02T15:00:00Z,ARS,7.032,6.3132,-0.7188,binance
2026-10-02T15:00:00Z,IDR,-0.3196,-0.5839,-0.2643,binance
2026-10-02T15:00:00Z,INR,3.7935,6.761,2.9675,binance
2026-10-02T15:00:00Z,MXN,-0.7568,-0.2919,0.4649,binance
2026-10-02T15:00:00Z,PHP,-0.4879,-0.281,0.2069,binance
2026-10-02T15:00:00Z,TRY,-0.1818,3.739,3.9208,binance
2026-10-02T15:00:00Z,VES,14.0717,11.4809,-2.5908,binance
2026-10-02T16:00:00Z,ARS,7.1171,6.3309,-0.7862,binance
2026-10-02T16:00:00Z,IDR,-0.3057,-0.7063,-0.4006,binance
2026-10-02T16:00:00Z,INR,3.7365,6.7869,3.0504,binance
2026-10-02T16:00:00Z,MXN,-0.5763,-0.2919,0.2844,binance
2026-10-02T16:00:00Z,PHP,-0.4242,-0.281,0.1432,binance
2026-10-02T16:00:00Z,TRY,-0.138,3.739,3.877,binance
2026-10-02T16:00:00Z,VES,14.0711,11.5782,-2.4929,binance
2026-10-02T17:00:00Z,ARS,7.0914,6.2512,-0.8402,binance
2026-10-02T17:00:00Z,IDR,-0.3084,-0.7369,-0.4285,binance
2026-10-02T17:00:00Z,INR,3.6534,6.8492,3.1958,binance
2026-10-02T17:00:00Z,MXN,-0.5325,-0.1825,0.35,binance
2026-10-02T17:00:00Z,PHP,-0.4402,-0.1935,0.2467,binance
2026-10-02T17:00:00Z,TRY,-0.1085,3.7695,3.878,binance
2026-10-02T17:00:00Z,VES,14.2322,11.8761,-2.3561,binance
2026-10-02T18:00:00Z,ARS,7.0811,6.1859,-0.8952,binance
2026-10-02T18:00:00Z,IDR,-0.3057,-0.6729,-0.3672,binance
2026-10-02T18:00:00Z,INR,3.2644,7.6222,4.3578,binance
2026-10-02T18:00:00Z,MXN,-0.5489,-0.2372,0.3117,binance
2026-10-02T18:00:00Z,PHP,-0.4402,-0.1377,0.3025,binance
2026-10-02T18:00:00Z,TRY,0.0381,3.739,3.7009,binance
2026-10-02T18:00:00Z,VES,14.2194,11.7919,-2.4275,binance
2026-10-02T19:00:00Z,ARS,7.0782,6.1563,-0.9219,binance
2026-10-02T19:00:00Z,IDR,-0.2528,-0.7035,-0.4507,binance
2026-10-02T19:00:00Z,INR,3.7728,8.3433,4.5705,binance
2026-10-02T19:00:00Z,MXN,-0.4231,-0.1825,0.2406,binance
2026-10-02T19:00:00Z,PHP,-0.4402,-0.1298,0.3104,binance
2026-10-02T19:00:00Z,TRY,0.0747,3.7084,3.6337,binance
2026-10-02T19:00:00Z,VES,14.5328,12.0001,-2.5327,binance
2026-10-02T20:00:00Z,ARS,7.488,6.1694,-1.3186,binance
2026-10-02T20:00:00Z,IDR,-0.25,-0.7564,-0.5064,binance
2026-10-02T20:00:00Z,INR,3.7468,8.9295,5.1827,binance
2026-10-02T20:00:00Z,MXN,-0.6966,-0.2098,0.4868,binance
2026-10-02T20:00:00Z,PHP,-0.4402,-0.1457,0.2945,binance
2026-10-02T20:00:00Z,TRY,0.0788,3.7084,3.6296,binance
2026-10-02T20:00:00Z,VES,14.7369,12.3983,-2.3386,binance
2026-10-02T21:00:00Z,ARS,7.4217,6.1553,-1.2664,binance
2026-10-02T21:00:00Z,IDR,-0.2472,-0.5783,-0.3311,binance
2026-10-02T21:00:00Z,INR,3.7416,8.9139,5.1723,binance
2026-10-02T21:00:00Z,MXN,-0.7185,-0.2919,0.4266,binance
2026-10-02T21:00:00Z,PHP,-0.4402,-0.1537,0.2865,binance
2026-10-02T21:00:00Z,TRY,0.093,4.2174,4.1244,binance
2026-10-02T21:00:00Z,VES,14.809,12.3687,-2.4403,binance
2026-10-02T22:00:00Z,ARS,7.4634,6.1402,-1.3232,binance
2026-10-02T22:00:00Z,IDR,-0.25,-0.7063,-0.4563,binance
2026-10-02T22:00:00Z,INR,3.7313,8.5456,4.8143,binance
2026-10-02T22:00:00Z,MXN,-0.6747,-0.2645,0.4102,binance
2026-10-02T22:00:00Z,PHP,-0.4402,-0.1696,0.2706,binance
2026-10-02T22:00:00Z,TRY,0.0737,4.2072,4.1335,binance
2026-10-02T22:00:00Z,VES,14.8716,12.4813,-2.3903,binance
2026-10-02T23:00:00Z,ARS,7.4566,6.1251,-1.3315,binance
2026-10-02T23:00:00Z,IDR,-0.2361,-0.6562,-0.4201,binance
2026-10-02T23:00:00Z,INR,3.6431,9.5676,5.9245,binance
2026-10-02T23:00:00Z,MXN,-0.5708,-0.2372,0.3336,binance
2026-10-02T23:00:00Z,PHP,-0.4402,-0.2173,0.2229,binance
2026-10-02T23:00:00Z,TRY,0.0808,4.2581,4.1773,binance
2026-10-02T23:00:00Z,VES,15.0646,12.4531,-2.6115,binance
2026-10-03T00:00:00Z,ARS,7.4542,6.1475,-1.3067,binance
2026-10-03T00:00:00Z,IDR,-0.1665,-0.6145,-0.448,binance
2026-10-03T00:00:00Z,INR,3.5445,9.5676,6.0231,binance
2026-10-03T00:00:00Z,MXN,-0.5763,-0.1825,0.3938,binance
2026-10-03T00:00:00Z,PHP,-0.4402,-0.2014,0.2388,binance
2026-10-03T00:00:00Z,TRY,0.0605,4.8891,4.8286,binance
2026-10-03T00:00:00Z,VES,15.1225,12.4892,-2.6333,binance
2026-10-03T01:00:00Z,ARS,7.4429,6.1069,-1.336,binance
2026-10-03T01:00:00Z,IDR,0.3744,-0.1037,-0.4781,binance
2026-10-03T01:00:00Z,INR,3.6187,8.6876,5.0689,binance
2026-10-03T01:00:00Z,MXN,-0.2468,0.2254,0.4722,binance
2026-10-03T01:00:00Z,PHP,-0.0922,0.1474,0.2396,binance
2026-10-03T01:00:00Z,TRY,0.0063,5.9837,5.9774,binance
2026-10-03T01:00:00Z,VES,14.6116,12.0925,-2.5191,binance
2026-10-03T02:00:00Z,ARS,7.4342,6.1627,-1.2715,binance
2026-10-03T02:00:00Z,IDR,0.3772,-0.1289,-0.5061,binance
2026-10-03T02:00:00Z,INR,3.4838,8.6201,5.1363,binance
2026-10-03T02:00:00Z,MXN,-0.2522,0.2529,0.5051,binance
2026-10-03T02:00:00Z,PHP,-0.0922,0.0595,0.1517,binance
2026-10-03T02:00:00Z,TRY,-0.0283,5.9125,5.9408,binance
2026-10-03T02:00:00Z,VES,14.6622,12.1207,-2.5415,binance
2026-10-03T03:00:00Z,ARS,7.4342,6.1791,-1.2551,binance
2026-10-03T03:00:00Z,IDR,0.3297,-0.1932,-0.5229,binance
2026-10-03T03:00:00Z,INR,3.5616,8.1636,4.602,binance
2026-10-03T03:00:00Z,MXN,-0.2852,0.2529,0.5381,binance
2026-10-03T03:00:00Z,PHP,-0.1082,0.0196,0.1278,binance
2026-10-03T03:00:00Z,TRY,-0.0496,6.2789,6.3285,binance
2026-10-03T03:00:00Z,VES,14.7852,12.2219,-2.5633,binance
2026-10-03T04:00:00Z,ARS,7.4342,7.0425,-0.3917,binance+okx
2026-10-03T04:00:00Z,IDR,0.271,0.078,-0.193,binance+okx
2026-10-03T04:00:00Z,INR,3.7069,7.8056,4.0987,binance
2026-10-03T04:00:00Z,MXN,-0.3675,0.3078,0.6753,binance+okx
2026-10-03T04:00:00Z,PHP,-0.1082,-0.0124,0.0958,binance+okx
2026-10-03T04:00:00Z,TRY,-0.0293,7.0879,7.1172,binance+okx
2026-10-03T04:00:00Z,VES,14.7072,12.8163,-1.8909,binance+okx
2026-10-03T05:00:00Z,ARS,7.4342,6.6387,-0.7955,binance+okx
2026-10-03T05:00:00Z,IDR,0.3241,0.0669,-0.2572,binance+okx
2026-10-03T05:00:00Z,INR,3.5876,7.0377,3.4501,binance
2026-10-03T05:00:00Z,MXN,-0.384,0.3078,0.6918,binance+okx
2026-10-03T05:00:00Z,PHP,-0.1242,0.0635,0.1877,binance+okx
2026-10-03T05:00:00Z,TRY,-0.0344,6.6452,6.6796,binance+okx
2026-10-03T05:00:00Z,VES,14.8819,12.7881,-2.0938,binance+okx
2026-10-03T06:00:00Z,ARS,7.3684,7.1259,-0.2425,binance+okx
2026-10-03T06:00:00Z,IDR,0.2262,0.0641,-0.1621,binance+okx
2026-10-03T06:00:00Z,INR,3.4994,6.5397,3.0403,binance
2026-10-03T06:00:00Z,MXN,-0.3785,0.3352,0.7137,binance+okx
2026-10-03T06:00:00Z,PHP,-0.1721,0.1034,0.2755,binance+okx
2026-10-03T06:00:00Z,TRY,0.0297,5.8006,5.7709,binance+okx
2026-10-03T06:00:00Z,VES,14.7333,12.9177,-1.8156,binance+okx
2026-10-03T07:00:00Z,ARS,7.3684,8.3553,0.9869,binance+okx
2026-10-03T07:00:00Z,IDR,0.0864,0.1004,0.014,binance+okx
2026-10-03T07:00:00Z,INR,3.5201,6.6642,3.1441,binance
2026-10-03T07:00:00Z,MXN,-0.373,0.747,1.12,binance+okx
2026-10-03T07:00:00Z,PHP,-0.1721,0.1194,0.2915,binance+okx
2026-10-03T07:00:00Z,TRY,-0.0201,5.1188,5.1389,binance+okx
2026-10-03T07:00:00Z,VES,14.4701,13.221,-1.2491,binance+okx
2026-10-03T08:00:00Z,ARS,7.3684,8.9562,1.5878,binance+okx
2026-10-03T08:00:00Z,IDR,0.1479,0.1465,-0.0014,binance+okx
2026-10-03T08:00:00Z,INR,3.5928,6.6746,3.0818,binance
2026-10-03T08:00:00Z,MXN,-0.373,0.6372,1.0102,binance+okx
2026-10-03T08:00:00Z,PHP,-0.1721,0.1274,0.2995,binance+okx
2026-10-03T08:00:00Z,TRY,-0.0211,4.8796,4.9007,binance+okx
2026-10-03T08:00:00Z,VES,14.3309,13.2126,-1.1183,binance+okx
2026-10-03T09:00:00Z,ARS,7.3684,8.8024,1.434,binance+okx
2026-10-03T09:00:00Z,IDR,0.1228,0.2444,0.1216,binance+okx
2026-10-03T09:00:00Z,INR,3.7017,6.6746,2.9729,binance
2026-10-03T09:00:00Z,MXN,-0.373,0.6784,1.0514,binance+okx
2026-10-03T09:00:00Z,PHP,-0.1721,0.1993,0.3714,binance+okx
2026-10-03T09:00:00Z,TRY,-0.0079,4.7575,4.7654,binance+okx
2026-10-03T09:00:00Z,VES,14.2004,13.221,-0.9794,binance+okx
2026-10-03T10:00:00Z,ARS,7.3684,8.8232,1.4548,binance+okx
2026-10-03T10:00:00Z,IDR,0.1116,0.1493,0.0377,binance+okx
2026-10-03T10:00:00Z,INR,3.572,6.5397,2.9677,binance
2026-10-03T10:00:00Z,MXN,-0.3675,0.6509,1.0184,binance+okx
2026-10-03T10:00:00Z,PHP,-0.1721,0.1593,0.3314,binance+okx
2026-10-03T10:00:00Z,TRY,0.0297,4.4675,4.4378,binance+okx
2026-10-03T10:00:00Z,VES,14.2596,12.9229,-1.3367,binance+okx
2026-10-03T11:00:00Z,ARS,7.3684,8.2752,0.9068,binance+okx
2026-10-03T11:00:00Z,IDR,0.1116,0.2178,0.1062,binance+okx
2026-10-03T11:00:00Z,INR,3.4164,6.1765,2.7601,binance
2026-10-03T11:00:00Z,MXN,-0.373,0.747,1.12,binance+okx
2026-10-03T11:00:00Z,PHP,-0.1721,0.1514,0.3235,binance+okx
2026-10-03T11:00:00Z,TRY,0.0023,4.5184,4.5161,binance+okx
2026-10-03T11:00:00Z,VES,14.5461,12.9114,-1.6347,binance+okx
2026-10-03T12:00:00Z,ARS,7.3684,6.9652,-0.4032,binance+okx
2026-10-03T12:00:00Z,IDR,0.1144,0.1549,0.0405,binance+okx
2026-10-03T12:00:00Z,INR,3.2088,6.5345,3.3257,binance
2026-10-03T12:00:00Z,MXN,-0.3675,0.7058,1.0733,binance+okx
2026-10-03T12:00:00Z,PHP,-0.1721,0.1074,0.2795,binance+okx
2026-10-03T12:00:00Z,TRY,-0.0038,4.6405,4.6443,binance+okx
2026-10-03T12:00:00Z,VES,14.7248,12.4356,-2.2892,binance+okx
2026-10-03T13:00:00Z,ARS,7.3684,6.7355,-0.6329,binance+okx
2026-10-03T13:00:00Z,IDR,0.2542,0.0599,-0.1943,binance+okx
2026-10-03T13:00:00Z,INR,3.406,6.7835,3.3775,binance
2026-10-03T13:00:00Z,MXN,-0.3675,0.5823,0.9498,binance+okx
2026-10-03T13:00:00Z,PHP,-0.1721,0.1274,0.2995,binance+okx
2026-10-03T13:00:00Z,TRY,-0.0038,4.6507,4.6545,binance+okx
2026-10-03T13:00:00Z,VES,14.7219,12.4049,-2.317,binance+okx
2026-10-03T14:00:00Z,ARS,7.3684,6.3782,-0.9902,binance+okx
2026-10-03T14:00:00Z,IDR,0.271,-0.0044,-0.2754,binance+okx
2026-10-03T14:00:00Z,INR,3.4319,6.7161,3.2842,binance
2026-10-03T14:00:00Z,MXN,-0.3401,0.4176,0.7577,binance+okx
2026-10-03T14:00:00Z,PHP,-0.1721,0.1154,0.2875,binance+okx
2026-10-03T14:00:00Z,TRY,0.0094,4.6202,4.6108,binance+okx
2026-10-03T14:00:00Z,VES,14.8016,12.4437,-2.3579,binance+okx
2026-10-03T15:00:00Z,ARS,7.3684,6.5171,-0.8513,binance+okx
2026-10-03T15:00:00Z,IDR,0.2346,0.0585,-0.1761,binance+okx
2026-10-03T15:00:00Z,INR,3.6706,6.8458,3.1752,binance
2026-10-03T15:00:00Z,MXN,-0.3401,0.4176,0.7577,binance+okx
2026-10-03T15:00:00Z,PHP,-0.1721,0.1114,0.2835,binance+okx
2026-10-03T15:00:00Z,TRY,0.0185,4.6456,4.6271,binance+okx
2026-10-03T15:00:00Z,VES,14.7977,12.331,-2.4667,binance+okx
2026-10-03T16:00:00Z,ARS,7.3684,6.3703,-0.9981,binance+okx
2026-10-03T16:00:00Z,IDR,0.2514,0.0487,-0.2027,binance+okx
2026-10-03T16:00:00Z,INR,3.6291,6.6953,3.0662,binance
2026-10-03T16:00:00Z,MXN,-0.3401,0.4999,0.84,binance+okx
2026-10-03T16:00:00Z,PHP,-0.1721,0.1833,0.3554,binance+okx
2026-10-03T16:00:00Z,TRY,0.048,4.7067,4.6587,binance+okx
2026-10-03T16:00:00Z,VES,14.8632,12.3588,-2.5044,binance+okx
2026-10-03T17:00:00Z,ARS,7.4342,6.1443,-1.2899,binance+okx
2026-10-03T17:00:00Z,IDR,0.2514,0.236,-0.0154,binance+okx
2026-10-03T17:00:00Z,INR,3.5772,6.825,3.2478,binance
2026-10-03T17:00:00Z,MXN,-0.2962,0.3215,0.6177,binance+okx
2026-10-03T17:00:00Z,PHP,-0.1721,0.1633,0.3354,binance+okx
2026-10-03T17:00:00Z,TRY,0.0012,4.7016,4.7004,binance+okx
2026-10-03T17:00:00Z,VES,14.7509,12.7249,-2.026,binance+okx
2026-10-03T18:00:00Z,ARS,7.3684,6.2586,-1.1098,binance+okx
2026-10-03T18:00:00Z,IDR,0.2514,0.2444,-0.007,binance+okx
2026-10-03T18:00:00Z,INR,3.6446,6.8302,3.1856,binance
2026-10-03T18:00:00Z,MXN,-0.3236,0.2803,0.6039,binance+okx
2026-10-03T18:00:00Z,PHP,-0.1721,0.343,0.5151,binance+okx
2026-10-03T18:00:00Z,TRY,-0.0049,4.7728,4.7777,binance+okx
2026-10-03T18:00:00Z,VES,14.6878,12.9197,-1.7681,binance+okx
2026-10-03T19:00:00Z,ARS,7.1875,6.2628,-0.9247,binance+okx
2026-10-03T19:00:00Z,IDR,0.2514,0.215,-0.0364,binance+okx
2026-10-03T19:00:00Z,INR,3.6239,7.1052,3.4813,binance
2026-10-03T19:00:00Z,MXN,-0.3566,0.2666,0.6232,binance+okx
2026-10-03T19:00:00Z,PHP,-0.1721,0.2911,0.4632,binance+okx
2026-10-03T19:00:00Z,TRY,-0.0171,4.5896,4.6067,binance+okx
2026-10-03T19:00:00Z,VES,14.7725,12.7406,-2.0319,binance+okx
2026-10-03T20:00:00Z,ARS,7.3488,6.5097,-0.8391,binance+okx
2026-10-03T20:00:00Z,IDR,0.271,0.3954,0.1244,binance+okx
2026-10-03T20:00:00Z,INR,3.5616,7.2401,3.6785,binance
2026-10-03T20:00:00Z,MXN,-0.3566,0.2391,0.5957,binance+okx
2026-10-03T20:00:00Z,PHP,-0.1721,0.2991,0.4712,binance+okx
2026-10-03T20:00:00Z,TRY,-0.015,4.7728,4.7878,binance+okx
2026-10-03T20:00:00Z,VES,14.812,12.5809,-2.2311,binance+okx
2026-10-03T21:00:00Z,ARS,7.3488,6.2804,-1.0684,binance+okx
2026-10-03T21:00:00Z,IDR,0.2626,0.2458,-0.0168,binance+okx
2026-10-03T21:00:00Z,INR,3.5097,8.3763,4.8666,binance
2026-10-03T21:00:00Z,MXN,-0.3566,0.2391,0.5957,binance+okx
2026-10-03T21:00:00Z,PHP,-0.1721,0.2991,0.4712,binance+okx
2026-10-03T21:00:00Z,TRY,0.0419,4.7219,4.68,binance+okx
2026-10-03T21:00:00Z,VES,14.7727,12.3872,-2.3855,binance+okx
2026-10-03T22:00:00Z,ARS,7.3684,6.5514,-0.817,binance+okx
2026-10-03T22:00:00Z,IDR,0.2626,0.2765,0.0139,binance+okx
2026-10-03T22:00:00Z,INR,3.4267,8.5319,5.1052,binance
2026-10-03T22:00:00Z,MXN,-0.3456,0.2803,0.6259,binance+okx
2026-10-03T22:00:00Z,PHP,-0.1721,0.2392,0.4113,binance+okx
2026-10-03T22:00:00Z,TRY,-0.0079,4.8135,4.8214,binance+okx
2026-10-03T22:00:00Z,VES,14.7765,12.3547,-2.4218,binance+okx
2026-10-03T23:00:00Z,ARS,7.2368,6.1067,-1.1301,binance+okx
2026-10-03T23:00:00Z,IDR,0.2626,0.1773,-0.0853,binance+okx
2026-10-03T23:00:00Z,INR,3.4475,8.4852,5.0377,binance
2026-10-03T23:00:00Z,MXN,-0.3456,0.294,0.6396,binance+okx
2026-10-03T23:00:00Z,PHP,-0.1721,0.1913,0.3634,binance+okx
2026-10-03T23:00:00Z,TRY,-0.0079,5.2816,5.2895,binance+okx
2026-10-03T23:00:00Z,VES,14.715,12.4627,-2.2523,binance+okx
2026-10-04T00:00:00Z,ARS,7.2368,6.1542,-1.0826,binance+okx
2026-10-04T00:00:00Z,IDR,0.243,0.1997,-0.0433,binance+okx
2026-10-04T00:00:00Z,INR,3.5149,8.2258,4.7109,binance
2026-10-04T00:00:00Z,MXN,-0.3181,0.2254,0.5435,binance+okx
2026-10-04T00:00:00Z,PHP,-0.1721,0.1993,0.3714,binance+okx
2026-10-04T00:00:00Z,TRY,-0.0079,5.5462,5.5541,binance+okx
2026-10-04T00:00:00Z,VES,14.7623,12.4466,-2.3157,binance+okx
2026-10-04T01:00:00Z,ARS,7.2368,6.4071,-0.8297,binance+okx
2026-10-04T01:00:00Z,IDR,0.2118,0.1223,-0.0895,binance+okx
2026-10-04T01:00:00Z,INR,3.2906,8.9626,5.672,binance
2026-10-04T01:00:00Z,MXN,-0.3193,0.2654,0.5847,binance+okx
2026-10-04T01:00:00Z,PHP,-0.1584,0.169,0.3274,binance+okx
2026-10-04T01:00:00Z,TRY,-0.0297,6.0208,6.0505,binance+okx
2026-10-04T01:00:00Z,VES,14.7193,12.415,-2.3043,binance+okx
2026-10-04T02:00:00Z,ARS,7.2368,6.4473,-0.7895,binance+okx
2026-10-04T02:00:00Z,IDR,0.2146,0.0525,-0.1621,binance+okx
2026-10-04T02:00:00Z,INR,3.2491,8.2517,5.0026,binance
2026-10-04T02:00:00Z,MXN,-0.3083,0.238,0.5463,binance+okx
2026-10-04T02:00:00Z,PHP,-0.1584,0.1451,0.3035,binance+okx
2026-10-04T02:00:00Z,TRY,-0.0174,6.1633,6.1807,binance+okx
2026-10-04T02:00:00Z,VES,14.7753,12.9106,-1.8647,binance+okx
2026-10-04T03:00:00Z,ARS,7.241,6.5236,-0.7174,binance+okx
2026-10-04T03:00:00Z,IDR,0.2146,-0.0076,-0.2222,binance+okx
2026-10-04T03:00:00Z,INR,3.2594,7.7379,4.4785,binance
2026-10-04T03:00:00Z,MXN,-0.3138,0.3066,0.6204,binance+okx
2026-10-04T03:00:00Z,PHP,-0.1584,0.1291,0.2875,binance+okx
2026-10-04T03:00:00Z,TRY,-0.0185,6.6314,6.6499,binance+okx
2026-10-04T03:00:00Z,VES,14.891,12.683,-2.208,binance+okx
2026-10-04T04:00:00Z,ARS,7.2407,6.7142,-0.5265,binance+okx
2026-10-04T04:00:00Z,IDR,0.2062,0.0036,-0.2026,binance+okx
2026-10-04T04:00:00Z,INR,3.2542,7.6341,4.3799,binance
2026-10-04T04:00:00Z,MXN,-0.3138,0.389,0.7028,binance+okx
2026-10-04T04:00:00Z,PHP,-0.1584,0.1491,0.3075,binance+okx
2026-10-04T04:00:00Z,TRY,-0.0215,6.3363,6.3578,binance+okx
2026-10-04T04:00:00Z,VES,14.7387,12.7057,-2.033,binance+okx
2026-10-04T05:00:00Z,ARS,7.2471,8.1355,0.8884,binance+okx
2026-10-04T05:00:00Z,IDR,0.209,0.0022,-0.2068,binance+okx
2026-10-04T05:00:00Z,INR,3.3425,7.0062,3.6637,binance
2026-10-04T05:00:00Z,MXN,-0.3083,0.2792,0.5875,binance+okx
2026-10-04T05:00:00Z,PHP,-0.1584,0.1571,0.3155,binance+okx
2026-10-04T05:00:00Z,TRY,-0.0215,5.9801,6.0016,binance+okx
2026-10-04T05:00:00Z,VES,14.717,13.1553,-1.5617,binance+okx
2026-10-04T06:00:00Z,ARS,7.2368,6.7567,-0.4801,binance+okx
2026-10-04T06:00:00Z,IDR,0.1838,0.0161,-0.1677,binance+okx
2026-10-04T06:00:00Z,INR,3.4359,7.0166,3.5807,binance
2026-10-04T06:00:00Z,MXN,-0.3083,0.3752,0.6835,binance+okx
2026-10-04T06:00:00Z,PHP,-0.1584,0.181,0.3394,binance+okx
2026-10-04T06:00:00Z,TRY,-0.0581,5.9903,6.0484,binance+okx
2026-10-04T06:00:00Z,VES,14.7186,13.379,-1.3396,binance+okx
2026-10-04T07:00:00Z,ARS,7.2368,6.7651,-0.4717,binance+okx
2026-10-04T07:00:00Z,IDR,0.1699,-0.0174,-0.1873,binance+okx
2026-10-04T07:00:00Z,INR,3.3528,6.4613,3.1085,binance
2026-10-04T07:00:00Z,MXN,-0.3083,0.4988,0.8071,binance+okx
2026-10-04T07:00:00Z,PHP,-0.1584,0.2329,0.3913,binance+okx
2026-10-04T07:00:00Z,TRY,-0.0256,4.9931,5.0187,binance+okx
2026-10-04T07:00:00Z,VES,14.7112,13.4082,-1.303,binance+okx
2026-10-04T08:00:00Z,ARS,7.5386,6.7733,-0.7653,binance+okx
2026-10-04T08:00:00Z,IDR,0.2062,-0.0356,-0.2418,binance+okx
2026-10-04T08:00:00Z,INR,3.4722,6.6274,3.1552,binance
2026-10-04T08:00:00Z,MXN,-0.3138,0.6635,0.9773,binance+okx
2026-10-04T08:00:00Z,PHP,-0.1584,0.209,0.3674,binance+okx
2026-10-04T08:00:00Z,TRY,-0.0246,4.9829,5.0075,binance+okx
2026-10-04T08:00:00Z,VES,14.6896,13.3704,-1.3192,binance+okx
2026-10-04T09:00:00Z,ARS,7.2368,6.7405,-0.4963,binance+okx
2026-10-04T09:00:00Z,IDR,0.1838,0.1,-0.0838,binance+okx
2026-10-04T09:00:00Z,INR,3.2698,6.6014,3.3316,binance
2026-10-04T09:00:00Z,MXN,-0.3193,0.9654,1.2847,binance+okx
2026-10-04T09:00:00Z,PHP,-0.1584,0.2529,0.4113,binance+okx
2026-10-04T09:00:00Z,TRY,-0.0246,4.7692,4.7938,binance+okx
2026-10-04T09:00:00Z,VES,14.6377,13.379,-1.2587,binance+okx
2026-10-04T10:00:00Z,ARS,7.2508,6.7955,-0.4553,binance+okx
2026-10-04T10:00:00Z,IDR,0.181,-0.0286,-0.2096,binance+okx
2026-10-04T10:00:00Z,INR,3.2698,5.9268,2.657,binance
2026-10-04T10:00:00Z,MXN,-0.3193,1.2537,1.573,binance+okx
2026-10-04T10:00:00Z,PHP,-0.1584,0.2369,0.3953,binance+okx
2026-10-04T10:00:00Z,TRY,-0.0103,4.4945,4.5048,binance+okx
2026-10-04T10:00:00Z,VES,14.5913,13.1797,-1.4116,binance+okx
2026-10-04T11:00:00Z,ARS,7.3928,6.5813,-0.8115,binance+okx
2026-10-04T11:00:00Z,IDR,0.1755,-0.0733,-0.2488,binance+okx
2026-10-04T11:00:00Z,INR,3.3217,6.2122,2.8905,binance
2026-10-04T11:00:00Z,MXN,-0.3193,2.0498,2.3691,binance+okx
2026-10-04T11:00:00Z,PHP,-0.1584,0.2329,0.3913,binance+okx
2026-10-04T11:00:00Z,TRY,-0.0093,4.6268,4.6361,binance+okx
2026-10-04T11:00:00Z,VES,14.5781,12.9773,-1.6008,binance+okx
2026-10-04T12:00:00Z,ARS,7.423,6.5755,-0.8475,binance+okx
2026-10-04T12:00:00Z,IDR,0.1838,0.0287,-0.1551,binance+okx
2026-10-04T12:00:00Z,INR,3.2387,6.3004,3.0617,binance
2026-10-04T12:00:00Z,MXN,-0.3248,2.3243,2.6491,binance+okx
2026-10-04T12:00:00Z,PHP,-0.1584,0.2289,0.3873,binance+okx
2026-10-04T12:00:00Z,TRY,-0.0062,4.6013,4.6075,binance+okx
2026-10-04T12:00:00Z,VES,14.6063,12.9251,-1.6812,binance+okx
2026-10-04T13:00:00Z,ARS,7.3434,6.5845,-0.7589,binance+okx
2026-10-04T13:00:00Z,IDR,0.181,0.0133,-0.1677,binance+okx
2026-10-04T13:00:00Z,INR,3.2491,6.7467,3.4976,binance
2026-10-04T13:00:00Z,MXN,-0.3248,1.2262,1.551,binance+okx
2026-10-04T13:00:00Z,PHP,-0.1584,0.2968,0.4552,binance+okx
2026-10-04T13:00:00Z,TRY,-0.0001,4.7031,4.7032,binance+okx
2026-10-04T13:00:00Z,VES,14.5878,12.3618,-2.226,binance+okx
2026-10-04T14:00:00Z,ARS,7.375,6.433,-0.942,binance+okx
2026-10-04T14:00:00Z,IDR,0.1531,-0.023,-0.1761,binance+okx
2026-10-04T14:00:00Z,INR,3.3373,6.8142,3.4769,binance
2026-10-04T14:00:00Z,MXN,-0.3522,1.089,1.4412,binance+okx
2026-10-04T14:00:00Z,PHP,-0.1584,0.3567,0.5151,binance+okx
2026-10-04T14:00:00Z,TRY,-0.0215,4.871,4.8925,binance+okx
2026-10-04T14:00:00Z,VES,14.6491,12.2771,-2.372,binance+okx
2026-10-04T15:00:00Z,ARS,7.3368,6.416,-0.9208,binance+okx
2026-10-04T15:00:00Z,IDR,-0.1544,0.1321,0.2865,binance+okx
2026-10-04T15:00:00Z,INR,3.0934,6.3627,3.2693,binance
2026-10-04T15:00:00Z,MXN,-0.3248,0.4027,0.7275,binance+okx
2026-10-04T15:00:00Z,PHP,-0.1584,0.3607,0.5191,binance+okx
2026-10-04T15:00:00Z,TRY,-0.0347,4.7031,4.7378,binance+okx
2026-10-04T15:00:00Z,VES,14.7278,12.2055,-2.5223,binance+okx
2026-10-04T16:00:00Z,ARS,7.4368,6.3357,-1.1011,binance+okx
2026-10-04T16:00:00Z,IDR,-0.1404,0.1796,0.32,binance+okx
2026-10-04T16:00:00Z,INR,3.1556,6.3627,3.2071,binance
2026-10-04T16:00:00Z,MXN,-0.3193,0.4164,0.7357,binance+okx
2026-10-04T16:00:00Z,PHP,-0.1584,0.2849,0.4433,binance+okx
2026-10-04T16:00:00Z,TRY,-0.0266,4.6166,4.6432,binance+okx
2026-10-04T16:00:00Z,VES,14.6557,12.1872,-2.4685,binance+okx
2026-10-04T17:00:00Z,ARS,7.4615,6.2421,-1.2194,binance+okx
2026-10-04T17:00:00Z,IDR,-0.1683,0.3935,0.5618,binance+okx
2026-10-04T17:00:00Z,INR,2.9273,6.7467,3.8194,binance
2026-10-04T17:00:00Z,MXN,-0.3083,0.3066,0.6149,binance+okx
2026-10-04T17:00:00Z,PHP,-0.1584,0.2809,0.4393,binance+okx
2026-10-04T17:00:00Z,TRY,-0.0185,4.5911,4.6096,binance+okx
2026-10-04T17:00:00Z,VES,14.6443,12.1124,-2.5319,binance+okx
2026-10-04T18:00:00Z,ARS,7.3281,6.2563,-1.0718,binance+okx
2026-10-04T18:00:00Z,IDR,-0.1739,0.318,0.4919,binance+okx
2026-10-04T18:00:00Z,INR,3.0155,7.2138,4.1983,binance
2026-10-04T18:00:00Z,MXN,-0.3083,0.3203,0.6286,binance+okx
2026-10-04T18:00:00Z,PHP,-0.1584,0.3448,0.5032,binance+okx
2026-10-04T18:00:00Z,TRY,-0.0083,4.7336,4.7419,binance+okx
2026-10-04T18:00:00Z,VES,14.5979,12.2799,-2.318,binance+okx
2026-10-04T19:00:00Z,ARS,7.4548,6.3007,-1.1541,binance+okx
2026-10-04T19:00:00Z,IDR,-0.1544,0.2635,0.4179,binance+okx
2026-10-04T19:00:00Z,INR,2.9688,7.5252,4.5564,binance
2026-10-04T19:00:00Z,MXN,-0.3083,0.3478,0.6561,binance+okx
2026-10-04T19:00:00Z,PHP,-0.1584,0.2729,0.4313,binance+okx
2026-10-04T19:00:00Z,TRY,-0.0103,4.8048,4.8151,binance+okx
2026-10-04T19:00:00Z,VES,14.5342,12.1137,-2.4205,binance+okx
2026-10-04T20:00:00Z,ARS,7.4099,6.1835,-1.2264,binance+okx
2026-10-04T20:00:00Z,IDR,-0.1544,0.2956,0.45,binance+okx
2026-10-04T20:00:00Z,INR,3.1556,8.0493,4.8937,binance
2026-10-04T20:00:00Z,MXN,-0.3028,0.3341,0.6369,binance+okx
2026-10-04T20:00:00Z,PHP,-0.1584,0.2329,0.3913,binance+okx
2026-10-04T20:00:00Z,TRY,-0.0073,4.6624,4.6697,binance+okx
2026-10-04T20:00:00Z,VES,14.5181,11.9876,-2.5305,binance+okx
2026-10-04T21:00:00Z,ARS,7.3921,6.2023,-1.1898,binance+okx
2026-10-04T21:00:00Z,IDR,-0.146,0.2761,0.4221,binance+okx
2026-10-04T21:00:00Z,INR,3.0259,8.8433,5.8174,binance
2026-10-04T21:00:00Z,MXN,-0.1436,0.2243,0.3679,binance+okx
2026-10-04T21:00:00Z,PHP,-0.1584,0.2289,0.3873,binance+okx
2026-10-04T21:00:00Z,TRY,-0.0256,4.9117,4.9373,binance+okx
2026-10-04T21:00:00Z,VES,14.5017,11.9929,-2.5088,binance+okx
2026-10-04T22:00:00Z,ARS,7.3026,6.4641,-0.8385,binance+okx
2026-10-04T22:00:00Z,IDR,-0.1879,0.2314,0.4193,binance+okx
2026-10-04T22:00:00Z,INR,2.8702,8.4074,5.5372,binance
2026-10-04T22:00:00Z,MXN,-0.462,0.2243,0.6863,binance+okx
2026-10-04T22:00:00Z,PHP,-0.1584,0.213,0.3714,binance+okx
2026-10-04T22:00:00Z,TRY,-0.0185,5.8936,5.9121,binance+okx
2026-10-04T22:00:00Z,VES,14.483,12.0673,-2.4157,binance+okx
2026-10-04T23:00:00Z,ARS,7.3842,6.2768,-1.1074,binance+okx
2026-10-04T23:00:00Z,IDR,-0.2131,0.1573,0.3704,binance+okx
2026-10-04T23:00:00Z,INR,3.0259,9.4712,6.4453,binance
2026-10-04T23:00:00Z,MXN,-0.4346,0.1831,0.6177,binance+okx
2026-10-04T23:00:00Z,PHP,-0.1584,0.169,0.3274,binance+okx
2026-10-04T23:00:00Z,TRY,-0.0327,6.667,6.6997,binance+okx
2026-10-04T23:00:00Z,VES,14.4565,11.9158,-2.5407,binance+okx
2026-10-05T00:00:00Z,ARS,7.4118,6.2874,-1.1244,binance+okx
2026-10-05T00:00:00Z,IDR,-0.2131,0.2397,0.4528,binance+okx
2026-10-05T00:00:00Z,INR,3.0052,8.9522,5.947,binance
2026-10-05T00:00:00Z,MXN,-0.4126,0.1968,0.6094,binance+okx
2026-10-05T00:00:00Z,PHP,-0.1584,0.1491,0.3075,binance+okx
2026-10-05T00:00:00Z,TRY,-0.0317,6.4228,6.4545,binance+okx
2026-10-05T00:00:00Z,VES,14.4339,11.9985,-2.4354,binance+okx
2026-10-05T01:00:00Z,ARS,7.3952,7.4056,0.0104,binance+okx
2026-10-05T01:00:00Z,IDR,-0.3632,0.0736,0.4368,binance+okx
2026-10-05T01:00:00Z,INR,2.7379,8.0698,5.3319,binance
2026-10-05T01:00:00Z,MXN,-0.2747,0.308,0.5827,binance+okx
2026-10-05T01:00:00Z,PHP,-0.2598,0.0835,0.3433,binance+okx
2026-10-05T01:00:00Z,TRY,-0.0934,6.3882,6.4816,binance+okx
2026-10-05T01:00:00Z,VES,14.4658,12.4495,-2.0163,binance+okx
2026-10-05T02:00:00Z,ARS,7.3225,6.5927,-0.7298,binance+okx
2026-10-05T02:00:00Z,IDR,-0.4887,-0.1078,0.3809,binance+okx
2026-10-05T02:00:00Z,INR,2.8365,7.7794,4.9429,binance
2026-10-05T02:00:00Z,MXN,-0.1977,0.3629,0.5606,binance+okx
2026-10-05T02:00:00Z,PHP,-0.164,0.0795,0.2435,binance+okx
2026-10-05T02:00:00Z,TRY,-0.0995,6.5204,6.6199,binance+okx
2026-10-05T02:00:00Z,VES,14.4338,12.3735,-2.0603,binance+okx
2026-10-05T03:00:00Z,ARS,7.3621,8.1437,0.7816,binance+okx
2026-10-05T03:00:00Z,IDR,-0.3743,-0.2264,0.1479,binance+okx
2026-10-05T03:00:00Z,INR,2.7638,7.7794,5.0156,binance
2026-10-05T03:00:00Z,MXN,0.0606,0.4316,0.371,binance+okx
2026-10-05T03:00:00Z,PHP,-0.0522,0.0795,0.1317,binance+okx
2026-10-05T03:00:00Z,TRY,-0.0985,6.5204,6.6189,binance+okx
2026-10-05T03:00:00Z,VES,14.4264,12.3491,-2.0773,binance+okx
2026-10-05T04:00:00Z,ARS,7.3157,7.2116,-0.1041,binance+okx
2026-10-05T04:00:00Z,IDR,-0.0896,-0.0408,0.0488,binance+okx
2026-10-05T04:00:00Z,INR,2.795,7.2037,4.4087,binance
2026-10-05T04:00:00Z,MXN,0.1211,0.4866,0.3655,binance+okx
2026-10-05T04:00:00Z,PHP,0.1234,0.1673,0.0439,binance+okx
2026-10-05T04:00:00Z,TRY,-0.128,6.1187,6.2467,binance+okx
2026-10-05T04:00:00Z,VES,14.3853,12.5227,-1.8626,binance+okx
2026-10-05T05:00:00Z,ARS,7.3223,8.4948,1.1725,binance+okx
2026-10-05T05:00:00Z,IDR,-0.1706,0.1113,0.2819,binance+okx
2026-10-05T05:00:00Z,INR,2.7587,7.0014,4.2427,binance
2026-10-05T05:00:00Z,MXN,0.1156,0.5828,0.4672,binance+okx
2026-10-05T05:00:00Z,PHP,0.1713,0.1993,0.028,binance+okx
2026-10-05T05:00:00Z,TRY,-0.0904,5.4576,5.548,binance+okx
2026-10-05T05:00:00Z,VES,14.3456,12.8626,-1.483,binance+okx
2026-10-05T06:00:00Z,ARS,7.1712,8.0208,0.8496,binance+okx
2026-10-05T06:00:00Z,IDR,-0.0952,-0.031,0.0642,binance+okx
2026-10-05T06:00:00Z,INR,2.6912,6.742,4.0508,binance
2026-10-05T06:00:00Z,MXN,0.0661,0.995,0.9289,binance+okx
2026-10-05T06:00:00Z,PHP,0.1234,0.1993,0.0759,binance+okx
2026-10-05T06:00:00Z,TRY,-0.127,4.8576,4.9846,binance+okx
2026-10-05T06:00:00Z,VES,14.2774,13.0744,-1.203,binance+okx
2026-10-05T07:00:00Z,ARS,7.3621,7.2377,-0.1244,binance+okx
2026-10-05T07:00:00Z,IDR,-0.0868,-0.1273,-0.0405,binance+okx
2026-10-05T07:00:00Z,INR,2.6186,6.3271,3.7085,binance
2026-10-05T07:00:00Z,MXN,0.0716,1.0362,0.9646,binance+okx
2026-10-05T07:00:00Z,PHP,0.1075,0.2671,0.1596,binance+okx
2026-10-05T07:00:00Z,TRY,-0.1209,5.1881,5.309,binance+okx
2026-10-05T07:00:00Z,VES,14.2053,13.0692,-1.1361,binance+okx
2026-10-05T08:00:00Z,ARS,7.1712,8.1403,0.9691,binance+okx
2026-10-05T08:00:00Z,IDR,-0.1343,0.2034,0.3377,binance+okx
2026-10-05T08:00:00Z,INR,2.8987,6.296,3.3973,binance
2026-10-05T08:00:00Z,MXN,-0.1867,1.9019,2.0886,binance+okx
2026-10-05T08:00:00Z,PHP,-0.0522,0.2472,0.2994,binance+okx
2026-10-05T08:00:00Z,TRY,-0.1178,4.8016,4.9194,binance+okx
2026-10-05T08:00:00Z,VES,14.1228,13.0744,-1.0484,binance+okx
2026-10-05T09:00:00Z,ARS,7.2892,7.205,-0.0842,binance+okx
2026-10-05T09:00:00Z,IDR,-0.1455,0.142,0.2875,binance+okx
2026-10-05T09:00:00Z,INR,2.686,6.3167,3.6307,binance
2026-10-05T09:00:00Z,MXN,-0.2032,2.2866,2.4898,binance+okx
2026-10-05T09:00:00Z,PHP,-0.0682,0.1953,0.2635,binance+okx
2026-10-05T09:00:00Z,TRY,-0.1799,4.4457,4.6256,binance+okx
2026-10-05T09:00:00Z,VES,14.0699,12.6526,-1.4173,binance+okx
2026-10-05T10:00:00Z,ARS,7.2368,7.1736,-0.0632,binance+okx
2026-10-05T10:00:00Z,IDR,-0.0757,0.1141,0.1898,binance+okx
2026-10-05T10:00:00Z,INR,3.1788,6.1144,2.9356,binance
2026-10-05T10:00:00Z,MXN,-0.1482,1.2698,1.418,binance+okx
2026-10-05T10:00:00Z,PHP,-0.0522,0.1833,0.2355,binance+okx
2026-10-05T10:00:00Z,TRY,-0.1392,4.2016,4.3408,binance+okx
2026-10-05T10:00:00Z,VES,14.0302,12.4133,-1.6169,binance+okx
2026-10-05T11:00:00Z,ARS,7.2227,6.3652,-0.8575,binance+okx
2026-10-05T11:00:00Z,IDR,-0.1789,0.0583,0.2372,binance+okx
2026-10-05T11:00:00Z,INR,3.464,6.1144,2.6504,binance
2026-10-05T11:00:00Z,MXN,-0.2032,1.1049,1.3081,binance+okx
2026-10-05T11:00:00Z,PHP,-0.0362,0.1713,0.2075,binance+okx
2026-10-05T11:00:00Z,TRY,-0.1361,4.4609,4.597,binance+okx
2026-10-05T11:00:00Z,VES,14.1507,12.2286,-1.9221,binance+okx
2026-10-05T12:00:00Z,ARS,7.1712,6.1256,-1.0456,binance+okx
2026-10-05T12:00:00Z,IDR,-0.1371,-0.031,0.1061,binance+okx
2026-10-05T12:00:00Z,INR,3.2929,6.0315,2.7386,binance
2026-10-05T12:00:00Z,MXN,-0.3241,0.995,1.3191,binance+okx
2026-10-05T12:00:00Z,PHP,0.0117,0.1793,0.1676,binance+okx
2026-10-05T12:00:00Z,TRY,-0.1341,4.2524,4.3865,binance+okx
2026-10-05T12:00:00Z,VES,14.266,12.1194,-2.1466,binance+okx
2026-10-05T13:00:00Z,ARS,7.1007,6.0209,-1.0798,binance+okx
2026-10-05T13:00:00Z,IDR,-0.1957,-0.0631,0.1326,binance+okx
2026-10-05T13:00:00Z,INR,3.0958,5.9796,2.8838,binance
2026-10-05T13:00:00Z,MXN,-0.566,0.7064,1.2724,binance+okx
2026-10-05T13:00:00Z,PHP,-0.0043,0.1793,0.1836,binance+okx
2026-10-05T13:00:00Z,TRY,-0.1219,4.3999,4.5218,binance+okx
2026-10-05T13:00:00Z,VES,14.4162,12.2458,-2.1704,binance+okx
2026-10-05T14:00:00Z,ARS,6.8856,5.6841,-1.2015,binance+okx
2026-10-05T14:00:00Z,IDR,-0.2738,-0.1008,0.173,binance+okx
2026-10-05T14:00:00Z,INR,2.7431,5.9744,3.2313,binance
2026-10-05T14:00:00Z,MXN,-0.5165,0.3492,0.8657,binance+okx
2026-10-05T14:00:00Z,PHP,-0.0203,0.1873,0.2076,binance+okx
2026-10-05T14:00:00Z,TRY,-0.1117,4.2982,4.4099,binance+okx
2026-10-05T14:00:00Z,VES,14.489,12.2567,-2.2323,binance+okx
2026-10-05T15:00:00Z,ARS,6.9711,5.6064,-1.3647,binance+okx
2026-10-05T15:00:00Z,IDR,-0.1399,-0.1008,0.0391,binance+okx
2026-10-05T15:00:00Z,INR,3.0336,6.1196,3.086,binance
2026-10-05T15:00:00Z,MXN,-0.3571,0.253,0.6101,binance+okx
2026-10-05T15:00:00Z,PHP,-0.0522,0.1554,0.2076,binance+okx
2026-10-05T15:00:00Z,TRY,-0.1036,4.6643,4.7679,binance+okx
2026-10-05T15:00:00Z,VES,14.8742,12.7013,-2.1729,binance+okx
2026-10-05T16:00:00Z,ARS,6.8879,5.579,-1.3089,binance+okx
2026-10-05T16:00:00Z,IDR,-0.1817,0.008,0.1897,binance+okx
2026-10-05T16:00:00Z,INR,2.8624,6.1819,3.3195,binance
2026-10-05T16:00:00Z,MXN,-0.3186,0.2942,0.6128,binance+okx
2026-10-05T16:00:00Z,PHP,-0.0043,0.1673,0.1716,binance+okx
2026-10-05T16:00:00Z,TRY,-0.1107,4.7203,4.831,binance+okx
2026-10-05T16:00:00Z,VES,15.1052,12.9428,-2.1624,binance+okx
2026-10-05T17:00:00Z,ARS,6.9055,5.4617,-1.4438,binance+okx
2026-10-05T17:00:00Z,IDR,-0.1455,-0.0408,0.1047,binance+okx
2026-10-05T17:00:00Z,INR,2.8935,6.1871,3.2936,binance
2026-10-05T17:00:00Z,MXN,-0.4505,0.1018,0.5523,binance+okx
2026-10-05T17:00:00Z,PHP,0.0596,0.2272,0.1676,binance+okx
2026-10-05T17:00:00Z,TRY,-0.1148,5.0,5.1148,binance+okx
2026-10-05T17:00:00Z,VES,15.4439,13.2999,-2.144,binance+okx
2026-10-05T18:00:00Z,ARS,6.903,5.4403,-1.4627,binance+okx
2026-10-05T18:00:00Z,IDR,-0.232,0.2313,0.4633,binance+okx
2026-10-05T18:00:00Z,INR,3.0439,6.1456,3.1017,binance
2026-10-05T18:00:00Z,MXN,-0.7254,-0.0356,0.6898,binance+okx
2026-10-05T18:00:00Z,PHP,0.0276,0.2112,0.1836,binance+okx
2026-10-05T18:00:00Z,TRY,-0.066,5.2339,5.2999,binance+okx
2026-10-05T18:00:00Z,VES,15.6347,13.7374,-1.8973,binance+okx
2026-10-05T19:00:00Z,ARS,6.8879,5.396,-1.4919,binance+okx
2026-10-05T19:00:00Z,IDR,-0.2794,0.6234,0.9028,binance+okx
2026-10-05T19:00:00Z,INR,2.7068,6.5553,3.8485,binance
2026-10-05T19:00:00Z,MXN,-0.7528,-0.0768,0.676,binance+okx
2026-10-05T19:00:00Z,PHP,-0.0043,0.1913,0.1956,binance+okx
2026-10-05T19:00:00Z,TRY,-0.0283,5.4373,5.4656,binance+okx
2026-10-05T19:00:00Z,VES,15.5023,13.4849,-2.0174,binance+okx
2026-10-05T20:00:00Z,ARS,6.623,5.2516,-1.3714,binance+okx
2026-10-05T20:00:00Z,IDR,-0.3241,0.1406,0.4647,binance+okx
2026-10-05T20:00:00Z,INR,3.018,9.0138,5.9958,binance
2026-10-05T20:00:00Z,MXN,-0.6924,-0.063,0.6294,binance+okx
2026-10-05T20:00:00Z,PHP,-0.0841,0.1913,0.2754,binance+okx
2026-10-05T20:00:00Z,TRY,-0.0202,6.017,6.0372,binance+okx
2026-10-05T20:00:00Z,VES,15.4182,13.324,-2.0942,binance+okx
2026-10-06T00:00:00Z,ARS,6.3946,5.4504,-0.9442,binance+okx
2026-10-06T00:00:00Z,IDR,-0.1039,0.0582,0.1621,binance+okx
2026-10-06T00:00:00Z,INR,2.8632,9.3013,6.4381,binance
2026-10-06T00:00:00Z,MXN,-0.2103,0.4221,0.6324,binance+okx
2026-10-06T00:00:00Z,PHP,-0.0345,0.1291,0.1636,binance+okx
2026-10-06T00:00:00Z,TRY,-0.0969,9.1395,9.2364,binance+okx
2026-10-06T00:00:00Z,VES,15.274,13.2884,-1.9856,binance+okx
2026-10-06T01:00:00Z,ARS,6.3659,5.4722,-0.8937,binance+okx
2026-10-06T01:00:00Z,IDR,-0.1653,0.0093,0.1746,binance+okx
2026-10-06T01:00:00Z,INR,3.1019,9.0678,5.9659,binance
2026-10-06T01:00:00Z,MXN,-0.3263,0.3945,0.7208,binance+okx
2026-10-06T01:00:00Z,PHP,-0.0664,0.1251,0.1915,binance+okx
2026-10-06T01:00:00Z,TRY,-0.0806,8.4276,8.5082,binance+okx
2026-10-06T01:00:00Z,VES,15.3625,13.3635,-1.999,binance+okx
2026-10-06T02:00:00Z,ARS,6.2822,5.4568,-0.8254,binance+okx
2026-10-06T02:00:00Z,IDR,-0.0731,-0.0005,0.0726,binance+okx
2026-10-06T02:00:00Z,INR,2.7387,8.8914,6.1527,binance
2026-10-06T02:00:00Z,MXN,-0.2655,0.3807,0.6462,binance+okx
2026-10-06T02:00:00Z,PHP,0.2209,0.173,-0.0479,binance+okx
2026-10-06T02:00:00Z,TRY,-0.0857,8.1175,8.2032,binance+okx
2026-10-06T02:00:00Z,VES,15.4996,13.6084,-1.8912,binance+okx
2026-10-06T03:00:00Z,INR,2.8788,7.9265,5.0477,binance
2026-10-06T04:00:00Z,INR,2.858,6.9979,4.1399,binance
2026-10-06T05:00:00Z,INR,3.0396,6.4532,3.4136,binance
2026-10-06T06:00:00Z,INR,3.0396,6.2872,3.2476,binance
2026-10-06T07:00:00Z,INR,2.8944,6.0381,3.1437,binance
2026-10-06T08:00:00Z,INR,2.9774,6.1886,3.2112,binance
2026-10-06T09:00:00Z,INR,2.9981,6.1886,3.1905,binance
2026-10-06T10:00:00Z,ARS,6.3219,6.1594,-0.1625,binance+okx
2026-10-06T10:00:00Z,IDR,-0.0815,0.0093,0.0908,binance+okx
2026-10-06T10:00:00Z,INR,3.05,6.0485,2.9985,binance
2026-10-06T10:00:00Z,MXN,-0.4257,0.7121,1.1378,binance+okx
2026-10-06T10:00:00Z,PHP,0.0932,0.3566,0.2634,binance+okx
2026-10-06T10:00:00Z,TRY,-0.0592,4.8681,4.9273,binance+okx
2026-10-06T10:00:00Z,VES,15.1595,13.9967,-1.1628,binance+okx
2026-10-06T12:00:00Z,ARS,6.3153,5.3626,-0.9527,binance+okx
2026-10-06T12:00:00Z,IDR,-0.1961,0.0023,0.1984,binance+okx
2026-10-06T12:00:00Z,INR,2.9307,5.8254,2.8947,binance
2026-10-06T12:00:00Z,MXN,-0.9172,0.3669,1.2841,binance+okx
2026-10-06T12:00:00Z,PHP,0.1411,0.3047,0.1636,binance+okx
2026-10-06T12:00:00Z,TRY,-0.0745,4.8529,4.9274,binance+okx
2026-10-06T12:00:00Z,VES,15.5699,13.832,-1.7379,binance+okx
2026-10-06T13:00:00Z,ARS,6.2933,5.3149,-0.9784,binance+okx
2026-10-06T13:00:00Z,IDR,-0.2128,-0.0033,0.2095,binance+okx
2026-10-06T13:00:00Z,INR,3.0292,5.8254,2.7962,binance
2026-10-06T13:00:00Z,MXN,-0.9835,0.3669,1.3504,binance+okx
2026-10-06T13:00:00Z,PHP,0.1251,0.3127,0.1876,binance+okx
2026-10-06T13:00:00Z,TRY,-0.0623,4.7512,4.8135,binance+okx
2026-10-06T13:00:00Z,VES,15.627,14.0795,-1.5475,binance+okx
2026-10-06T14:00:00Z,ARS,6.4234,5.4178,-1.0056,binance+okx
2026-10-06T14:00:00Z,IDR,-0.1961,-0.0382,0.1579,binance+okx
2026-10-06T14:00:00Z,INR,2.8477,6.2457,3.398,binance
2026-10-06T14:00:00Z,MXN,-0.7847,0.2288,1.0135,binance+okx
2026-10-06T14:00:00Z,PHP,0.1411,0.2249,0.0838,binance+okx
2026-10-06T14:00:00Z,TRY,-0.0297,5.2851,5.3148,binance+okx
2026-10-06T14:00:00Z,VES,15.8307,14.2408,-1.5899,binance+okx
2026-10-06T15:00:00Z,ARS,6.6625,5.712,-0.9505,binance+okx
2026-10-06T15:00:00Z,IDR,-0.2436,-0.02,0.2236,binance+okx
2026-10-06T15:00:00Z,INR,2.9307,6.2508,3.3201,binance
2026-10-06T15:00:00Z,MXN,-0.8565,-0.0612,0.7953,binance+okx
2026-10-06T15:00:00Z,PHP,0.173,0.197,0.024,binance+okx
2026-10-06T15:00:00Z,TRY,-0.0959,5.1326,5.2285,binance+okx
2026-10-06T15:00:00Z,VES,15.8697,14.1616,-1.7081,binance+okx
2026-10-06T16:00:00Z,ARS,6.6625,5.6911,-0.9714,binance+okx
2026-10-06T16:00:00Z,IDR,-0.2017,-0.041,0.1607,binance+okx
2026-10-06T16:00:00Z,INR,3.0396,5.9759,2.9363,binance
2026-10-06T16:00:00Z,MXN,-0.862,-0.1716,0.6904,binance+okx
2026-10-06T16:00:00Z,PHP,0.1411,0.2249,0.0838,binance+okx
2026-10-06T16:00:00Z,TRY,-0.0775,4.8427,4.9202,binance+okx
2026-10-06T16:00:00Z,VES,15.9499,14.4095,-1.5404,binance+okx
2026-10-06T17:00:00Z,ARS,6.6625,5.6799,-0.9826,binance+okx
2026-10-06T17:00:00Z,IDR,-0.1961,0.0512,0.2473,binance+okx
2026-10-06T17:00:00Z,INR,3.1589,6.09,2.9311,binance
2026-10-06T17:00:00Z,MXN,-0.7239,-0.1716,0.5523,binance+okx
2026-10-06T17:00:00Z,PHP,0.205,0.2888,0.0838,binance+okx
2026-10-06T17:00:00Z,TRY,-0.0775,5.6258,5.7033,binance+okx
2026-10-06T17:00:00Z,VES,16.25,14.3098,-1.9402,binance+okx
2026-10-06T18:00:00Z,ARS,6.6311,5.5957,-1.0354,binance+okx
2026-10-06T18:00:00Z,IDR,-0.1598,0.2063,0.3661,binance+okx
2026-10-06T18:00:00Z,INR,3.1537,6.2457,3.092,binance
2026-10-06T18:00:00Z,MXN,-0.8841,-0.1854,0.6987,binance+okx
2026-10-06T18:00:00Z,PHP,0.173,0.2968,0.1238,binance+okx
2026-10-06T18:00:00Z,TRY,-0.0399,5.5902,5.6301,binance+okx
2026-10-06T18:00:00Z,VES,16.4844,14.4553,-2.0291,binance+okx
2026-10-06T19:00:00Z,ARS,6.5685,5.6399,-0.9286,binance+okx
2026-10-06T19:00:00Z,IDR,-0.1625,0.2985,0.461,binance+okx
2026-10-06T19:00:00Z,INR,3.0344,6.2716,3.2372,binance
2026-10-06T19:00:00Z,MXN,-0.8509,-0.213,0.6379,binance+okx
2026-10-06T19:00:00Z,PHP,0.189,0.2728,0.0838,binance+okx
2026-10-06T19:00:00Z,TRY,-0.0206,5.6258,5.6464,binance+okx
2026-10-06T19:00:00Z,VES,16.4866,14.398,-2.0886,binance+okx
2026-10-06T20:00:00Z,ARS,6.5649,5.6755,-0.8894,binance+okx
2026-10-06T20:00:00Z,IDR,-0.1402,0.2762,0.4164,binance+okx
2026-10-06T20:00:00Z,INR,3.0604,6.8474,3.787,binance
2026-10-06T20:00:00Z,MXN,-0.7902,-0.2545,0.5357,binance+okx
2026-10-06T20:00:00Z,PHP,0.2209,0.2688,0.0479,binance+okx
2026-10-06T20:00:00Z,TRY,0.0242,5.6258,5.6016,binance+okx
2026-10-06T20:00:00Z,VES,16.3392,14.3069,-2.0323,binance+okx
2026-10-06T21:00:00Z,ARS,6.6625,5.6172,-1.0453,binance+okx
2026-10-06T21:00:00Z,IDR,-0.1542,0.2664,0.4206,binance+okx
2026-10-06T21:00:00Z,INR,3.133,7.3714,4.2384,binance
2026-10-06T21:00:00Z,MXN,-0.7736,-0.2545,0.5191,binance+okx
2026-10-06T21:00:00Z,PHP,0.189,0.2888,0.0998,binance+okx
2026-10-06T21:00:00Z,TRY,-0.047,5.9309,5.9779,binance+okx
2026-10-06T21:00:00Z,VES,16.3931,14.2373,-2.1558,binance+okx
2026-10-06T22:00:00Z,ARS,6.6584,5.5637,-1.0947,binance+okx
2026-10-06T22:00:00Z,IDR,-0.1458,0.1421,0.2879,binance+okx
2026-10-06T22:00:00Z,INR,3.0344,7.3714,4.337,binance
2026-10-06T22:00:00Z,MXN,-0.7681,-0.2959,0.4722,binance+okx
2026-10-06T22:00:00Z,PHP,0.189,0.2928,0.1038,binance+okx
2026-10-06T22:00:00Z,TRY,-0.0257,6.0123,6.038,binance+okx
2026-10-06T22:00:00Z,VES,16.4498,14.4124,-2.0374,binance+okx
2026-10-06T23:00:00Z,ARS,6.6625,5.5369,-1.1256,binance+okx
2026-10-06T23:00:00Z,IDR,-0.1402,0.191,0.3312,binance+okx
2026-10-06T23:00:00Z,INR,3.1382,7.3299,4.1917,binance
2026-10-06T23:00:00Z,MXN,-0.757,-0.4201,0.3369,binance+okx
2026-10-06T23:00:00Z,PHP,0.189,0.3047,0.1157,binance+okx
2026-10-06T23:00:00Z,TRY,-0.0328,6.4801,6.5129,binance+okx
2026-10-06T23:00:00Z,VES,16.4753,14.4897,-1.9856,binance+okx
2026-10-07T00:00:00Z,ARS,6.6625,5.5267,-1.1358,binance+okx
2026-10-07T00:00:00Z,IDR,-0.1458,0.1281,0.2739,binance+okx
2026-10-07T00:00:00Z,INR,3.0137,8.0354,5.0217,binance
2026-10-07T00:00:00Z,MXN,-0.746,-0.4063,0.3397,binance+okx
2026-10-07T00:00:00Z,PHP,0.1571,0.2529,0.0958,binance+okx
2026-10-07T00:00:00Z,TRY,-0.0338,6.7598,6.7936,binance+okx
2026-10-07T00:00:00Z,VES,16.56,14.5413,-2.0187,binance+okx
2026-10-07T01:00:00Z,ARS,6.6625,5.5047,-1.1578,binance+okx
2026-10-07T01:00:00Z,IDR,-0.1925,-0.0193,0.1732,binance+okx
2026-10-07T01:00:00Z,INR,3.0139,8.3006,5.2867,binance
2026-10-07T01:00:00Z,MXN,-0.0023,0.3565,0.3588,binance+okx
2026-10-07T01:00:00Z,PHP,-0.049,0.0187,0.0677,binance+okx
2026-10-07T01:00:00Z,TRY,-0.1006,6.5966,6.6972,binance+okx
2026-10-07T01:00:00Z,VES,16.5114,14.7199,-1.7915,binance+okx
2026-10-07T02:00:00Z,ARS,6.6625,5.5842,-1.0783,binance+okx
2026-10-07T02:00:00Z,IDR,-0.1283,-0.0068,0.1215,binance+okx
2026-10-07T02:00:00Z,INR,3.1124,7.6942,4.5818,binance
2026-10-07T02:00:00Z,MXN,0.1256,0.3426,0.217,binance+okx
2026-10-07T02:00:00Z,PHP,0.0306,0.0386,0.008,binance+okx
2026-10-07T02:00:00Z,TRY,-0.0731,7.2928,7.3659,binance+okx
2026-10-07T02:00:00Z,VES,16.6135,14.891,-1.7225,binance+okx
2026-10-07T03:00:00Z,ARS,6.6625,5.7776,-0.8849,binance+okx
2026-10-07T03:00:00Z,IDR,-0.1003,0.0547,0.155,binance+okx
2026-10-07T03:00:00Z,INR,3.1538,6.9219,3.7681,binance
2026-10-07T03:00:00Z,MXN,0.1201,0.3565,0.2364,binance+okx
2026-10-07T03:00:00Z,PHP,-0.065,0.0306,0.0956,binance+okx
2026-10-07T03:00:00Z,TRY,-0.0752,6.8405,6.9157,binance+okx
2026-10-07T03:00:00Z,VES,16.5773,15.2063,-1.371,binance+okx
2026-10-07T04:00:00Z,ARS,6.6625,5.9361,-0.7264,binance+okx
2026-10-07T04:00:00Z,IDR,-0.1199,0.0505,0.1704,binance+okx
2026-10-07T04:00:00Z,INR,3.1849,6.668,3.4831,binance
2026-10-07T04:00:00Z,MXN,0.1312,0.3843,0.2531,binance+okx
2026-10-07T04:00:00Z,PHP,-0.0968,0.0226,0.1194,binance+okx
2026-10-07T04:00:00Z,TRY,-0.062,6.749,6.811,binance+okx
2026-10-07T04:00:00Z,VES,16.5294,15.3207,-1.2087,binance+okx
2026-10-07T05:00:00Z,ARS,6.5445,6.0381,-0.5064,binance+okx
2026-10-07T05:00:00Z,IDR,-0.1031,-0.0389,0.0642,binance+okx
2026-10-07T05:00:00Z,INR,3.1383,6.5228,3.3845,binance
2026-10-07T05:00:00Z,MXN,0.1701,0.426,0.2559,binance+okx
2026-10-07T05:00:00Z,PHP,-0.065,-0.0013,0.0637,binance+okx
2026-10-07T05:00:00Z,TRY,-0.0406,6.378,6.4186,binance+okx
2026-10-07T05:00:00Z,VES,16.541,15.5467,-0.9943,binance+okx
2026-10-07T06:00:00Z,ARS,6.6625,6.0693,-0.5932,binance+okx
2026-10-07T06:00:00Z,IDR,-0.0724,-0.0878,-0.0154,binance+okx
2026-10-07T06:00:00Z,INR,3.2368,6.4606,3.2238,binance
2026-10-07T06:00:00Z,MXN,0.2536,0.5094,0.2558,binance+okx
2026-10-07T06:00:00Z,PHP,-0.0809,0.0704,0.1513,binance+okx
2026-10-07T06:00:00Z,TRY,0.0143,6.1392,6.1249,binance+okx
2026-10-07T06:00:00Z,VES,16.1584,15.5636,-0.5948,binance+okx
2026-10-07T07:00:00Z,ARS,6.4276,6.1466,-0.281,binance+okx
2026-10-07T07:00:00Z,IDR,-0.0724,-0.0752,-0.0028,binance+okx
2026-10-07T07:00:00Z,INR,3.1642,6.2119,3.0477,binance
2026-10-07T07:00:00Z,MXN,0.2925,0.565,0.2725,binance+okx
2026-10-07T07:00:00Z,PHP,-0.049,0.0664,0.1154,binance+okx
2026-10-07T07:00:00Z,TRY,0.0,5.9664,5.9664,binance+okx
2026-10-07T07:00:00Z,VES,16.1939,16.3077,0.1138,binance+okx
2026-10-07T08:00:00Z,ARS,6.4691,6.0677,-0.4014,binance+okx
2026-10-07T08:00:00Z,IDR,-0.0724,-0.1408,-0.0684,binance+okx
2026-10-07T08:00:00Z,INR,2.9361,6.1393,3.2032,binance
2026-10-07T08:00:00Z,MXN,0.4037,0.8293,0.4256,binance+okx
2026-10-07T08:00:00Z,PHP,-0.0331,0.0943,0.1274,binance+okx
2026-10-07T08:00:00Z,TRY,-0.0406,5.4277,5.4683,binance+okx
2026-10-07T08:00:00Z,VES,16.0982,16.322,0.2238,binance+okx
2026-10-07T09:00:00Z,ARS,6.6625,6.0818,-0.5807,binance+okx
2026-10-07T09:00:00Z,IDR,-0.0864,-0.1031,-0.0167,binance+okx
2026-10-07T09:00:00Z,INR,3.0294,5.8905,2.8611,binance
2026-10-07T09:00:00Z,MXN,0.3036,1.2186,0.915,binance+okx
2026-10-07T09:00:00Z,PHP,-0.0331,0.1102,0.1433,binance+okx
2026-10-07T09:00:00Z,TRY,-0.062,5.3362,5.3982,binance+okx
2026-10-07T09:00:00Z,VES,16.1359,15.807,-0.3289,binance+okx
2026-10-07T10:00:00Z,ARS,6.6625,5.9949,-0.6676,binance+okx
2026-10-07T10:00:00Z,IDR,-0.0556,-0.0836,-0.028,binance+okx
2026-10-07T10:00:00Z,INR,3.0502,5.8076,2.7574,binance
2026-10-07T10:00:00Z,MXN,0.3982,1.2464,0.8482,binance+okx
2026-10-07T10:00:00Z,PHP,-0.0013,0.1262,0.1275,binance+okx
2026-10-07T10:00:00Z,TRY,-0.0427,5.5598,5.6025,binance+okx
2026-10-07T10:00:00Z,VES,16.1688,15.807,-0.3618,binance+okx
2026-10-07T11:00:00Z,ARS,6.6625,5.9131,-0.7494,binance+okx
2026-10-07T11:00:00Z,IDR,-0.0556,0.0393,0.0949,binance+okx
2026-10-07T11:00:00Z,INR,2.9517,6.1393,3.1876,binance
2026-10-07T11:00:00Z,MXN,0.4705,1.2047,0.7342,binance+okx
2026-10-07T11:00:00Z,PHP,0.0306,0.2217,0.1911,binance+okx
2026-10-07T11:00:00Z,TRY,-0.0406,5.6716,5.7122,binance+okx
2026-10-07T11:00:00Z,VES,16.5064,14.8916,-1.6148,binance+okx
2026-10-07T12:00:00Z,ARS,6.6625,5.6989,-0.9636,binance+okx
2026-10-07T12:00:00Z,IDR,-0.0919,0.0463,0.1382,binance+okx
2026-10-07T12:00:00Z,INR,3.1849,6.1393,2.9544,binance
2026-10-07T12:00:00Z,MXN,0.5261,1.1074,0.5813,binance+okx
2026-10-07T12:00:00Z,PHP,0.0306,0.2058,0.1752,binance+okx
2026-10-07T12:00:00Z,TRY,-0.0244,4.9551,4.9795,binance+okx
2026-10-07T12:00:00Z,VES,16.7375,15.1519,-1.5856,binance+okx
2026-10-07T13:00:00Z,ARS,6.6625,5.6827,-0.9798,binance+okx
2026-10-07T13:00:00Z,IDR,-0.0361,-0.0291,0.007,binance+okx
2026-10-07T13:00:00Z,INR,3.0139,6.1186,3.1047,binance
2026-10-07T13:00:00Z,MXN,0.3926,1.1769,0.7843,binance+okx
2026-10-07T13:00:00Z,PHP,0.0465,0.2456,0.1991,binance+okx
2026-10-07T13:00:00Z,TRY,-0.0081,5.0669,5.075,binance+okx
2026-10-07T13:00:00Z,VES,16.579,15.3722,-1.2068,binance+okx
2026-10-07T14:00:00Z,ARS,6.9748,5.8084,-1.1664,binance+okx
2026-10-07T14:00:00Z,IDR,-0.0054,-0.0291,-0.0237,binance+okx
2026-10-07T14:00:00Z,INR,2.9258,6.0512,3.1254,binance
2026-10-07T14:00:00Z,MXN,0.337,0.9822,0.6452,binance+okx
2026-10-07T14:00:00Z,PHP,-0.0331,0.4805,0.5136,binance+okx
2026-10-07T14:00:00Z,TRY,0.0011,5.0415,5.0404,binance+okx
2026-10-07T14:00:00Z,VES,16.6909,14.863,-1.8279,binance+okx
2026-10-07T15:00:00Z,ARS,6.9526,5.8062,-1.1464,binance+okx
2026-10-07T15:00:00Z,IDR,-0.0082,-0.0277,-0.0195,binance+okx
2026-10-07T15:00:00Z,INR,2.8999,6.1704,3.2705,binance
2026-10-07T15:00:00Z,MXN,0.0422,0.8293,0.7871,binance+okx
2026-10-07T15:00:00Z,PHP,-0.0809,0.2496,0.3305,binance+okx
2026-10-07T15:00:00Z,TRY,0.0072,4.8382,4.831,binance+okx
2026-10-07T15:00:00Z,VES,16.9904,15.0029,-1.9875,binance+okx
2026-10-07T16:00:00Z,ARS,6.8531,5.7439,-1.1092,binance+okx
2026-10-07T16:00:00Z,IDR,0.0365,0.0519,0.0154,binance+okx
2026-10-07T16:00:00Z,INR,3.0657,6.2119,3.1462,binance
2026-10-07T16:00:00Z,MXN,-0.0857,0.7458,0.8315,binance+okx
2026-10-07T16:00:00Z,PHP,-0.1127,0.3013,0.414,binance+okx
2026-10-07T16:00:00Z,TRY,0.0122,5.1431,5.1309,binance+okx
2026-10-07T16:00:00Z,VES,17.083,15.2231,-1.8599,binance+okx
2026-10-07T17:00:00Z,ARS,6.9226,5.69,-1.2326,binance+okx
2026-10-07T17:00:00Z,IDR,0.0058,0.3214,0.3156,binance+okx
2026-10-07T17:00:00Z,INR,2.8895,6.3829,3.4934,binance
2026-10-07T17:00:00Z,MXN,-0.1803,0.6624,0.8427,binance+okx
2026-10-07T17:00:00Z,PHP,-0.1287,0.1899,0.3186,binance+okx
2026-10-07T17:00:00Z,TRY,0.0254,5.0465,5.0211,binance+okx
2026-10-07T17:00:00Z,VES,17.3939,15.7196,-1.6743,binance+okx
2026-10-07T18:00:00Z,ARS,6.6447,5.6615,-0.9832,binance+okx
2026-10-07T18:00:00Z,IDR,0.0282,0.4876,0.4594,binance+okx
2026-10-07T18:00:00Z,INR,2.931,18.5528,15.6218,binance+okx
2026-10-07T18:00:00Z,MXN,-0.2637,0.3843,0.648,binance+okx
2026-10-07T18:00:00Z,PHP,-0.1446,0.1859,0.3305,binance+okx
2026-10-07T18:00:00Z,TRY,0.0254,4.7975,4.7721,binance+okx
2026-10-07T18:00:00Z,VES,17.7419,16.2248,-1.5171,binance+okx
2026-10-07T21:00:00Z,ARS,7.058,5.5726,-1.4854,binance+okx
2026-10-07T21:00:00Z,IDR,0.0868,0.2097,0.1229,binance+okx
2026-10-07T21:00:00Z,INR,2.9776,8.7153,5.7377,binance
2026-10-07T21:00:00Z,MXN,-0.1135,0.4677,0.5812,binance+okx
2026-10-07T21:00:00Z,PHP,-0.1287,0.17,0.2987,binance+okx
2026-10-07T21:00:00Z,TRY,0.0072,6.1951,6.1879,binance+okx
2026-10-07T21:00:00Z,VES,17.9839,15.7384,-2.2455,binance+okx
2026-10-07T22:00:00Z,ARS,7.0559,5.5694,-1.4865,binance+okx
2026-10-07T22:00:00Z,IDR,0.084,0.2251,0.1411,binance+okx
2026-10-07T22:00:00Z,INR,2.9776,8.8138,5.8362,binance
2026-10-07T22:00:00Z,MXN,-0.0579,0.4538,0.5117,binance+okx
2026-10-07T22:00:00Z,PHP,-0.1287,0.1819,0.3106,binance+okx
2026-10-07T22:00:00Z,TRY,0.0072,5.9461,5.9389,binance+okx
2026-10-07T22:00:00Z,VES,18.0564,15.9186,-2.1378,binance+okx
2026-10-07T23:00:00Z,ARS,6.9533,5.5643,-1.389,binance+okx
2026-10-07T23:00:00Z,IDR,0.0896,0.3033,0.2137,binance+okx
2026-10-07T23:00:00Z,INR,2.9776,9.0729,6.0953,binance
2026-10-07T23:00:00Z,MXN,-0.1024,0.4399,0.5423,binance+okx
2026-10-07T23:00:00Z,PHP,-0.1287,0.1102,0.2389,binance+okx
2026-10-07T23:00:00Z,TRY,0.0072,5.941,5.9338,binance+okx
2026-10-07T23:00:00Z,VES,18.2585,16.2373,-2.0212,binance+okx
2026-10-08T00:00:00Z,ARS,7.0221,5.5727,-1.4494,binance+okx
2026-10-08T00:00:00Z,IDR,0.0784,0.1832,0.1048,binance+okx
2026-10-08T00:00:00Z,INR,2.9776,8.1814,5.2038,binance
2026-10-08T00:00:00Z,MXN,-0.069,0.3982,0.4672,binance+okx
2026-10-08T00:00:00Z,PHP,-0.0968,0.0983,0.1951,binance+okx
2026-10-08T00:00:00Z,TRY,-0.004,6.2154,6.2194,binance+okx
2026-10-08T00:00:00Z,VES,18.5742,16.3846,-2.1896,binance+okx
2026-10-08T01:00:00Z,ARS,7.0221,5.679,-1.3431,binance+okx
2026-10-08T01:00:00Z,IDR,0.2478,0.3289,0.0811,binance+okx
2026-10-08T01:00:00Z,INR,2.5454,7.6523,5.1069,binance
2026-10-08T01:00:00Z,MXN,-0.2424,0.1853,0.4277,binance+okx
2026-10-08T01:00:00Z,PHP,-0.1252,0.0579,0.1831,binance+okx
2026-10-08T01:00:00Z,TRY,-0.0682,6.1581,6.2263,binance+okx
2026-10-08T01:00:00Z,VES,18.7887,17.1759,-1.6128,binance+okx
2026-10-08T02:00:00Z,ARS,7.0056,5.8623,-1.1433,binance+okx
2026-10-08T02:00:00Z,IDR,0.2617,0.3485,0.0868,binance+okx
2026-10-08T02:00:00Z,INR,2.5196,7.673,5.1534,binance
2026-10-08T02:00:00Z,MXN,-0.359,0.1297,0.4887,binance+okx
2026-10-08T02:00:00Z,PHP,-0.1411,0.0539,0.195,binance+okx
2026-10-08T02:00:00Z,TRY,-0.0702,6.153,6.2232,binance+okx
2026-10-08T02:00:00Z,VES,19.0867,17.4091,-1.6776,binance+okx
2026-10-08T03:00:00Z,ARS,6.9612,5.921,-1.0402,binance+okx
2026-10-08T03:00:00Z,IDR,0.2086,0.2492,0.0406,binance+okx
2026-10-08T03:00:00Z,INR,2.7003,7.0223,4.322,binance
2026-10-08T03:00:00Z,MXN,-0.2701,0.102,0.3721,binance+okx
2026-10-08T03:00:00Z,PHP,-0.1252,0.0659,0.1911,binance+okx
2026-10-08T03:00:00Z,TRY,-0.059,6.2546,6.3136,binance+okx
2026-10-08T03:00:00Z,VES,18.9289,17.6158,-1.3131,binance+okx
2026-10-08T04:00:00Z,ARS,6.9612,6.0043,-0.9569,binance+okx
2026-10-08T04:00:00Z,IDR,0.2841,0.2533,-0.0308,binance+okx
2026-10-08T04:00:00Z,INR,2.7003,6.3562,3.6559,binance
2026-10-08T04:00:00Z,MXN,-0.2257,0.1575,0.3832,binance+okx
2026-10-08T04:00:00Z,PHP,-0.0774,0.1137,0.1911,binance+okx
2026-10-08T04:00:00Z,TRY,-0.059,6.2749,6.3339,binance+okx
2026-10-08T04:00:00Z,VES,18.5947,17.227,-1.3677,binance+okx
2026-10-08T05:00:00Z,ARS,6.9433,6.2199,-0.7234,binance+okx
2026-10-08T05:00:00Z,IDR,0.2925,0.1666,-0.1259,binance+okx
2026-10-08T05:00:00Z,INR,2.5971,5.9535,3.3564,binance
2026-10-08T05:00:00Z,MXN,-0.2257,0.1853,0.411,binance+okx
2026-10-08T05:00:00Z,PHP,-0.1252,0.1097,0.2349,binance+okx
2026-10-08T05:00:00Z,TRY,-0.0479,6.3003,6.3482,binance+okx
2026-10-08T05:00:00Z,VES,18.5725,17.1101,-1.4624,binance+okx
2026-10-08T06:00:00Z,ARS,6.9433,6.4135,-0.5298,binance+okx
2026-10-08T06:00:00Z,IDR,0.2086,0.1764,-0.0322,binance+okx
2026-10-08T06:00:00Z,INR,2.5971,5.9173,3.3202,binance
2026-10-08T06:00:00Z,MXN,-0.0869,0.3519,0.4388,binance+okx
2026-10-08T06:00:00Z,PHP,-0.1092,0.1893,0.2985,binance+okx
2026-10-08T06:00:00Z,TRY,-0.0275,5.8178,5.8453,binance+okx
2026-10-08T06:00:00Z,VES,18.4269,17.113,-1.3139,binance+okx
2026-10-08T07:00:00Z,ARS,6.9433,6.4135,-0.5298,binance+okx
2026-10-08T07:00:00Z,IDR,0.2506,0.1666,-0.084,binance+okx
2026-10-08T07:00:00Z,INR,2.6126,5.876,3.2634,binance
2026-10-08T07:00:00Z,MXN,0.1186,0.4352,0.3166,binance+okx
2026-10-08T07:00:00Z,PHP,-0.0933,0.1614,0.2547,binance+okx
2026-10-08T07:00:00Z,TRY,-0.0529,5.4673,5.5202,binance+okx
2026-10-08T07:00:00Z,VES,18.2369,17.4073,-0.8296,binance+okx
2026-10-08T08:00:00Z,ARS,6.9433,6.4104,-0.5329,binance+okx
2026-10-08T08:00:00Z,IDR,0.1918,0.1638,-0.028,binance+okx
2026-10-08T08:00:00Z,INR,2.6952,5.7572,3.062,binance
2026-10-08T08:00:00Z,MXN,-0.048,0.8239,0.8719,binance+okx
2026-10-08T08:00:00Z,PHP,0.0977,0.1893,0.0916,binance+okx
2026-10-08T08:00:00Z,TRY,-0.0519,5.4013,5.4532,binance+okx
2026-10-08T08:00:00Z,VES,18.2461,17.4702,-0.7759,binance+okx
2026-10-08T09:00:00Z,ARS,6.9433,6.3973,-0.546,binance+okx
2026-10-08T09:00:00Z,IDR,0.1834,0.2715,0.0881,binance+okx
2026-10-08T09:00:00Z,INR,2.6487,6.2375,3.5888,binance
2026-10-08T09:00:00Z,MXN,-0.0591,0.7684,0.8275,binance+okx
2026-10-08T09:00:00Z,PHP,0.1455,0.2331,0.0876,binance+okx
2026-10-08T09:00:00Z,TRY,-0.0733,5.6451,5.7184,binance+okx
2026-10-08T09:00:00Z,VES,18.2822,17.2702,-1.012,binance+okx
2026-10-08T10:00:00Z,ARS,6.9671,6.1341,-0.833,binance+okx
2026-10-08T10:00:00Z,IDR,0.189,0.1652,-0.0238,binance+okx
2026-10-08T10:00:00Z,INR,2.8759,17.706,14.8301,binance+okx
2026-10-08T10:00:00Z,MXN,0.0353,0.8378,0.8025,binance+okx
2026-10-08T10:00:00Z,PHP,0.1933,0.241,0.0477,binance+okx
2026-10-08T10:00:00Z,TRY,-0.054,5.2895,5.3435,binance+okx
2026-10-08T10:00:00Z,VES,18.3635,17.2702,-1.0933,binance+okx
2026-10-08T11:00:00Z,ARS,6.9265,5.897,-1.0295,binance+okx
2026-10-08T11:00:00Z,IDR,0.2757,0.1862,-0.0895,binance+okx
2026-10-08T11:00:00Z,INR,2.5764,17.6853,15.1089,binance+okx
2026-10-08T11:00:00Z,MXN,0.1964,0.9211,0.7247,binance+okx
2026-10-08T11:00:00Z,PHP,0.2569,0.2808,0.0239,binance+okx
2026-10-08T11:00:00Z,TRY,-0.0743,4.8628,4.9371,binance+okx
2026-10-08T11:00:00Z,VES,18.4334,17.143,-1.2904,binance+okx
2026-10-08T12:00:00Z,ARS,6.9265,5.7051,-1.2214,binance+okx
2026-10-08T12:00:00Z,IDR,0.2813,0.1834,-0.0979,binance+okx
2026-10-08T12:00:00Z,INR,2.5506,17.6802,15.1296,binance+okx
2026-10-08T12:00:00Z,MXN,-0.0091,0.8794,0.8885,binance+okx
2026-10-08T12:00:00Z,PHP,0.2092,0.3127,0.1035,binance+okx
2026-10-08T12:00:00Z,TRY,-0.0499,5.1473,5.1972,binance+okx
2026-10-08T12:00:00Z,VES,18.3255,16.6843,-1.6412,binance+okx
2026-10-08T13:00:00Z,ARS,6.7975,5.6514,-1.1461,binance+okx
2026-10-08T13:00:00Z,IDR,0.3401,0.1792,-0.1609,binance+okx
2026-10-08T13:00:00Z,INR,2.7313,17.6518,14.9205,binance+okx
2026-10-08T13:00:00Z,MXN,-0.1146,0.7823,0.8969,binance+okx
2026-10-08T13:00:00Z,PHP,0.2092,0.3167,0.1075,binance+okx
2026-10-08T13:00:00Z,TRY,-0.0722,5.1016,5.1738,binance+okx
2026-10-08T13:00:00Z,VES,18.3557,16.4982,-1.8575,binance+okx
2026-10-08T14:00:00Z,ARS,6.9265,5.5917,-1.3348,binance+okx
2026-10-08T14:00:00Z,IDR,0.2841,0.2436,-0.0405,binance+okx
2026-10-08T14:00:00Z,INR,2.7003,17.7912,15.0909,binance+okx
2026-10-08T14:00:00Z,MXN,-0.2535,0.3657,0.6192,binance+okx
2026-10-08T14:00:00Z,PHP,0.1455,0.3843,0.2388,binance+okx
2026-10-08T14:00:00Z,TRY,-0.0357,5.386,5.4217,binance+okx
2026-10-08T14:00:00Z,VES,18.3353,16.3029,-2.0324,binance+okx
2026-10-08T15:00:00Z,ARS,6.9265,5.5963,-1.3302,binance+okx
2026-10-08T15:00:00Z,IDR,0.3065,0.2967,-0.0098,binance+okx
2026-10-08T15:00:00Z,INR,2.6797,17.7241,15.0444,binance+okx
2026-10-08T15:00:00Z,MXN,-0.1702,0.338,0.5082,binance+okx
2026-10-08T15:00:00Z,PHP,0.1137,0.3366,0.2229,binance+okx
2026-10-08T15:00:00Z,TRY,-0.0407,5.0305,5.0712,binance+okx
2026-10-08T15:00:00Z,VES,18.66,16.744,-1.916,binance+okx
2026-10-08T20:00:00Z,ARS,7.0496,5.5638,-1.4858,binance+okx
2026-10-08T20:00:00Z,IDR,0.3848,0.4925,0.1077,binance+okx
2026-10-08T20:00:00Z,INR,2.6694,18.9762,16.3068,binance+okx
2026-10-08T20:00:00Z,MXN,0.9405,1.2265,0.286,binance+okx
2026-10-08T20:00:00Z,PHP,0.0977,0.7943,0.6966,binance+okx
2026-10-08T20:00:00Z,TRY,0.01,5.6552,5.6452,binance+okx
2026-10-08T20:00:00Z,VES,18.5183,16.8456,-1.6727,binance+okx
2026-10-08T21:00:00Z,ARS,7.043,5.5639,-1.4791,binance+okx
2026-10-08T21:00:00Z,IDR,0.396,0.431,0.035,binance+okx
2026-10-08T21:00:00Z,INR,2.8346,19.2344,16.3998,binance+okx
2026-10-08T21:00:00Z,MXN,0.9794,1.2543,0.2749,binance+okx
2026-10-08T21:00:00Z,PHP,0.0977,0.7943,0.6966,binance+okx
2026-10-08T21:00:00Z,TRY,0.0111,5.5536,5.5425,binance+okx
2026-10-08T21:00:00Z,VES,18.5823,17.033,-1.5493,binance+okx
2026-10-08T22:00:00Z,ARS,7.0496,5.801,-1.2486,binance+okx
2026-10-08T22:00:00Z,IDR,0.3792,0.4268,0.0476,binance+okx
2026-10-08T22:00:00Z,INR,2.4938,19.2396,16.7458,binance+okx
2026-10-08T22:00:00Z,MXN,0.8683,1.1016,0.2333,binance+okx
2026-10-08T22:00:00Z,PHP,0.0977,0.6271,0.5294,binance+okx
2026-10-08T22:00:00Z,TRY,0.005,5.6654,5.6604,binance+okx
2026-10-08T22:00:00Z,VES,18.6427,16.8955,-1.7472,binance+okx
2026-10-08T23:00:00Z,ARS,7.043,5.8232,-1.2198,binance+okx
2026-10-08T23:00:00Z,IDR,0.3848,0.4995,0.1147,binance+okx
2026-10-08T23:00:00Z,INR,2.4938,8.5405,6.0467,binance
2026-10-08T23:00:00Z,MXN,0.8961,1.0599,0.1638,binance+okx
2026-10-08T23:00:00Z,PHP,0.0977,0.5475,0.4498,binance+okx
2026-10-08T23:00:00Z,TRY,-0.0082,5.899,5.9072,binance+okx
2026-10-08T23:00:00Z,VES,18.4411,16.487,-1.9541,binance+okx
2026-10-09T00:00:00Z,ARS,7.0496,5.8309,-1.2187,binance+okx
2026-10-09T00:00:00Z,IDR,0.3121,0.3848,0.0727,binance+okx
2026-10-09T00:00:00Z,INR,2.499,8.1687,5.6697,binance
2026-10-09T00:00:00Z,MXN,0.9628,1.0183,0.0555,binance+okx
2026-10-09T00:00:00Z,PHP,0.0818,0.5236,0.4418,binance+okx
2026-10-09T00:00:00Z,TRY,-0.0082,6.153,6.1612,binance+okx
2026-10-09T00:00:00Z,VES,18.408,16.4214,-1.9866,binance+okx
2026-10-09T01:00:00Z,ARS,7.0496,5.8979,-1.1517,binance+okx
2026-10-09T01:00:00Z,IDR,0.2313,0.283,0.0517,binance+okx
2026-10-09T01:00:00Z,INR,2.7831,7.8458,5.0627,binance
2026-10-09T01:00:00Z,MXN,0.3647,0.4641,0.0994,binance+okx
2026-10-09T01:00:00Z,PHP,-0.3017,0.1983,0.5,binance+okx
2026-10-09T01:00:00Z,TRY,-0.1283,6.4314,6.5597,binance+okx
2026-10-09T01:00:00Z,VES,18.2825,16.9987,-1.2838,binance+okx
2026-10-09T02:00:00Z,ARS,7.0496,5.8306,-1.219,binance+okx
2026-10-09T02:00:00Z,IDR,0.1055,0.2103,0.1048,binance+okx
2026-10-09T02:00:00Z,INR,2.814,7.593,4.779,binance
2026-10-09T02:00:00Z,MXN,0.21,0.5746,0.3646,binance+okx
2026-10-09T02:00:00Z,PHP,-0.3811,0.0673,0.4484,binance+okx
2026-10-09T02:00:00Z,TRY,-0.1415,6.3147,6.4562,binance+okx
2026-10-09T02:00:00Z,VES,18.1915,17.2782,-0.9133,binance+okx
2026-10-09T03:00:00Z,ARS,7.0323,5.8482,-1.1841,binance+okx
2026-10-09T03:00:00Z,IDR,0.0943,0.1488,0.0545,binance+okx
2026-10-09T03:00:00Z,INR,2.5147,7.113,4.5983,binance
2026-10-09T03:00:00Z,MXN,0.2708,0.6022,0.3314,binance+okx
2026-10-09T03:00:00Z,PHP,-0.3811,0.1229,0.504,binance+okx
2026-10-09T03:00:00Z,TRY,-0.1415,6.9032,7.0447,binance+okx
2026-10-09T03:00:00Z,VES,18.2616,18.426,0.1644,binance+okx
2026-10-09T04:00:00Z,ARS,7.0323,6.2247,-0.8076,binance+okx
2026-10-09T04:00:00Z,IDR,0.2005,0.1097,-0.0908,binance+okx
2026-10-09T04:00:00Z,INR,2.6644,6.8137,4.1493,binance
2026-10-09T04:00:00Z,MXN,0.2653,0.6299,0.3646,binance+okx
2026-10-09T04:00:00Z,PHP,-0.4446,0.0118,0.4564,binance+okx
2026-10-09T04:00:00Z,TRY,-0.1597,6.4263,6.586,binance+okx
2026-10-09T04:00:00Z,VES,18.1742,19.2688,1.0946,binance+okx
2026-10-09T05:00:00Z,ARS,7.0496,6.4696,-0.58,binance+okx
2026-10-09T05:00:00Z,IDR,0.2425,0.1614,-0.0811,binance+okx
2026-10-09T05:00:00Z,INR,2.6592,6.1428,3.4836,binance
2026-10-09T05:00:00Z,MXN,0.2045,0.6022,0.3977,binance+okx
2026-10-09T05:00:00Z,PHP,-0.4446,-0.0676,0.377,binance+okx
2026-10-09T05:00:00Z,TRY,-0.1313,6.0509,6.1822,binance+okx
2026-10-09T05:00:00Z,VES,18.011,19.3147,1.3037,binance+okx
2026-10-09T06:00:00Z,ARS,7.0323,6.4697,-0.5626,binance+okx
2026-10-09T06:00:00Z,IDR,0.1223,0.1447,0.0224,binance+okx
2026-10-09T06:00:00Z,INR,2.8605,5.7299,2.8694,binance
2026-10-09T06:00:00Z,MXN,0.3094,0.7542,0.4448,binance+okx
2026-10-09T06:00:00Z,NGN,2.2191,2.9527,0.7336,okx
2026-10-09T06:00:00Z,PHP,-0.3652,-0.0676,0.2976,binance+okx
2026-10-09T06:00:00Z,TRY,-0.175,5.4624,5.6374,binance+okx
2026-10-09T06:00:00Z,VES,17.8245,19.2833,1.4588,binance+okx
2026-10-09T07:00:00Z,ARS,7.0323,7.1655,0.1332,binance+okx
2026-10-09T07:00:00Z,IDR,0.0748,0.1391,0.0643,binance+okx
2026-10-09T07:00:00Z,INR,2.5199,5.8073,3.2874,binance
2026-10-09T07:00:00Z,MXN,0.199,0.7266,0.5276,binance+okx
2026-10-09T07:00:00Z,NGN,2.3272,2.9467,0.6195,okx
2026-10-09T07:00:00Z,PHP,-0.4446,-0.0715,0.3731,binance+okx
2026-10-09T07:00:00Z,TRY,-0.1374,5.848,5.9854,binance+okx
2026-10-09T07:00:00Z,VES,17.81,19.2833,1.4733,binance+okx
2026-10-09T08:00:00Z,ARS,7.0323,6.6722,-0.3601,binance+okx
2026-10-09T08:00:00Z,IDR,-0.1041,0.058,0.1621,binance+okx
2026-10-09T08:00:00Z,INR,2.7521,5.9983,3.2462,binance
2026-10-09T08:00:00Z,MXN,0.3481,0.8094,0.4613,binance+okx
2026-10-09T08:00:00Z,NGN,2.2532,2.9467,0.6935,okx
2026-10-09T08:00:00Z,PHP,-0.3969,-0.1033,0.2936,binance+okx
2026-10-09T08:00:00Z,TRY,-0.1973,5.5689,5.7662,binance+okx
2026-10-09T08:00:00Z,VES,17.7948,25.8938,8.099,binance+okx
2026-10-09T09:00:00Z,ARS,7.0323,6.2557,-0.7766,binance+okx
2026-10-09T09:00:00Z,IDR,-0.1795,0.0175,0.197,binance+okx
2026-10-09T09:00:00Z,INR,2.4218,5.5235,3.1017,binance
2026-10-09T09:00:00Z,MXN,0.3647,1.4171,1.0524,binance+okx
2026-10-09T09:00:00Z,NGN,2.3656,3.6804,1.3148,okx
2026-10-09T09:00:00Z,PHP,-0.4128,-0.0795,0.3333,binance+okx
2026-10-09T09:00:00Z,TRY,-0.175,5.6806,5.8556,binance+okx
2026-10-09T09:00:00Z,VES,17.7864,25.8624,8.076,binance+okx
2026-10-09T10:00:00Z,ARS,7.0323,5.9625,-1.0698,binance+okx
2026-10-09T10:00:00Z,IDR,-0.2522,0.0189,0.2711,binance+okx
2026-10-09T10:00:00Z,INR,2.7469,17.5946,14.8477,binance+okx
2026-10-09T10:00:00Z,MXN,0.315,1.5138,1.1988,binance+okx
2026-10-09T10:00:00Z,NGN,2.4783,2.7596,0.2813,okx
2026-10-09T10:00:00Z,PHP,-0.3493,-0.0914,0.2579,binance+okx
2026-10-09T10:00:00Z,TRY,-0.1729,5.6045,5.7774,binance+okx
2026-10-09T10:00:00Z,VES,17.7911,19.2234,1.4323,binance+okx
2026-10-09T11:00:00Z,ARS,7.1704,5.8531,-1.3173,binance+okx
2026-10-09T11:00:00Z,IDR,-0.1767,-0.0426,0.1341,binance+okx
2026-10-09T11:00:00Z,INR,2.6024,17.6179,15.0155,binance+okx
2026-10-09T11:00:00Z,MXN,0.3757,1.5829,1.2072,binance+okx
2026-10-09T11:00:00Z,NGN,2.4782,2.5117,0.0335,okx
2026-10-09T11:00:00Z,PHP,-0.3334,-0.016,0.3174,binance+okx
2026-10-09T11:00:00Z,TRY,-0.1892,5.0109,5.2001,binance+okx
2026-10-09T11:00:00Z,VES,17.8644,19.1985,1.3341,binance+okx
2026-10-09T12:00:00Z,ARS,7.153,5.851,-1.302,binance+okx
2026-10-09T12:00:00Z,IDR,-0.2662,-0.0831,0.1831,binance+okx
2026-10-09T12:00:00Z,INR,2.1844,17.605,15.4206,binance+okx
2026-10-09T12:00:00Z,MXN,0.2542,1.4586,1.2044,binance+okx
2026-10-09T12:00:00Z,NGN,1.9576,2.4918,0.5342,okx
2026-10-09T12:00:00Z,PHP,-0.3176,-0.0358,0.2818,binance+okx
2026-10-09T12:00:00Z,TRY,-0.2186,4.9044,5.123,binance+okx
2026-10-09T12:00:00Z,VES,17.9133,18.3631,0.4498,binance+okx
2026-10-09T13:00:00Z,ARS,7.1317,5.7331,-1.3986,binance+okx
2026-10-09T13:00:00Z,IDR,-0.2829,-0.1362,0.1467,binance+okx
2026-10-09T13:00:00Z,INR,2.6747,17.5843,14.9096,binance+okx
2026-10-09T13:00:00Z,MXN,0.7459,1.5414,0.7955,binance+okx
2026-10-09T13:00:00Z,NGN,1.99,2.9245,0.9345,okx
2026-10-09T13:00:00Z,PHP,-0.3017,-0.0596,0.2421,binance+okx
2026-10-09T13:00:00Z,TRY,-0.1942,5.4878,5.682,binance+okx
2026-10-09T13:00:00Z,VES,17.9999,16.3529,-1.647,binance+okx
2026-10-09T14:00:00Z,ARS,7.1878,5.7196,-1.4682,binance+okx
2026-10-09T14:00:00Z,IDR,-0.1544,-0.2145,-0.0601,binance+okx
2026-10-09T14:00:00Z,INR,2.6024,18.0333,15.4309,binance+okx
2026-10-09T14:00:00Z,MXN,0.873,1.3619,0.4889,binance+okx
2026-10-09T14:00:00Z,NGN,1.9149,2.7551,0.8402,okx
2026-10-09T14:00:00Z,PHP,-0.3334,-0.0676,0.2658,binance+okx
2026-10-09T14:00:00Z,TRY,-0.2105,5.3914,5.6019,binance+okx
2026-10-09T14:00:00Z,VES,17.9586,16.2207,-1.7379,binance+okx
2026-10-09T15:00:00Z,ARS,7.0323,5.6873,-1.345,binance+okx
2026-10-09T15:00:00Z,IDR,-0.1907,-0.1739,0.0168,binance+okx
2026-10-09T15:00:00Z,INR,2.556,17.9017,15.3457,binance+okx
2026-10-09T15:00:00Z,MXN,1.4641,1.4586,-0.0055,binance+okx
2026-10-09T15:00:00Z,NGN,2.1777,2.8494,0.6717,okx
2026-10-09T15:00:00Z,PHP,-0.3652,-0.0954,0.2698,binance+okx
2026-10-09T15:00:00Z,TRY,-0.1557,5.1986,5.3543,binance+okx
2026-10-09T15:00:00Z,VES,17.7731,15.3999,-2.3732,binance+okx
2026-10-09T16:00:00Z,ARS,7.1704,5.6674,-1.503,binance+okx
2026-10-09T16:00:00Z,IDR,-0.2103,-0.1683,0.042,binance+okx
2026-10-09T16:00:00Z,INR,2.7831,6.2821,3.499,binance
2026-10-09T16:00:00Z,MXN,1.6851,1.6519,-0.0332,binance+okx
2026-10-09T16:00:00Z,NGN,2.1776,3.2296,1.052,okx
2026-10-09T16:00:00Z,PHP,-0.3493,-0.0358,0.3135,binance+okx
2026-10-09T16:00:00Z,TRY,-0.1395,5.2696,5.4091,binance+okx
2026-10-09T16:00:00Z,VES,17.6527,15.3822,-2.2705,binance+okx
2026-10-09T17:00:00Z,ARS,7.162,5.6895,-1.4725,binance+okx
2026-10-09T17:00:00Z,IDR,-0.227,-0.1669,0.0601,binance+okx
2026-10-09T17:00:00Z,INR,2.814,6.2976,3.4836,binance
2026-10-09T17:00:00Z,MXN,1.8011,2.0801,0.279,binance+okx
2026-10-09T17:00:00Z,NGN,2.0689,4.4317,2.3628,okx
2026-10-09T17:00:00Z,PHP,-0.3493,0.0435,0.3928,binance+okx
2026-10-09T17:00:00Z,TRY,-0.1212,5.5233,5.6445,binance+okx
2026-10-09T17:00:00Z,VES,17.5176,14.5718,-2.9458,binance+okx
2026-10-09T18:00:00Z,ARS,7.0323,5.6021,-1.4302,binance+okx
2026-10-09T18:00:00Z,IDR,-0.227,-0.1711,0.0559,binance+okx
2026-10-09T18:00:00Z,INR,2.6334,6.2511,3.6177,binance
2026-10-09T18:00:00Z,MXN,1.7845,2.2044,0.4199,binance+okx
2026-10-09T18:00:00Z,NGN,2.1025,4.4317,2.3292,okx
2026-10-09T18:00:00Z,PHP,-0.3493,0.0316,0.3809,binance+okx
2026-10-09T18:00:00Z,TRY,-0.0806,5.3102,5.3908,binance+okx
2026-10-09T18:00:00Z,VES,17.3702,14.9685,-2.4017,binance+okx
2026-10-09T19:00:00Z,ARS,6.9265,5.5843,-1.3422,binance+okx
2026-10-09T19:00:00Z,IDR,-0.227,-0.139,0.088,binance+okx
2026-10-09T19:00:00Z,INR,2.6024,6.695,4.0926,binance
2026-10-09T19:00:00Z,MXN,1.6795,2.3149,0.6354,binance+okx
2026-10-09T19:00:00Z,NGN,2.0275,3.3874,1.3599,okx
2026-10-09T19:00:00Z,PHP,-0.4287,-0.1469,0.2818,binance+okx
2026-10-09T19:00:00Z,TRY,-0.0441,5.3965,5.4406,binance+okx
2026-10-09T19:00:00Z,VES,17.3202,15.6394,-1.6808,binance+okx
2026-10-09T20:00:00Z,ARS,6.8958,5.5811,-1.3147,binance+okx
2026-10-09T20:00:00Z,IDR,-0.1963,-0.1683,0.028,binance+okx
2026-10-09T20:00:00Z,INR,2.5818,7.8355,5.2537,binance
2026-10-09T20:00:00Z,MXN,1.5801,2.232,0.6519,binance+okx
2026-10-09T20:00:00Z,NGN,2.177,6.5353,4.3583,okx
2026-10-09T20:00:00Z,PHP,-0.4287,-0.0636,0.3651,binance+okx
2026-10-09T20:00:00Z,TRY,0.0361,5.645,5.6089,binance+okx
2026-10-09T20:00:00Z,VES,17.3029,15.6195,-1.6834,binance+okx
2026-10-09T21:00:00Z,ARS,6.9265,5.5609,-1.3656,binance+okx
2026-10-09T21:00:00Z,IDR,-0.1963,-0.1334,0.0629,binance+okx
2026-10-09T21:00:00Z,INR,2.5766,8.3206,5.744,binance
2026-10-09T21:00:00Z,MXN,1.6022,2.2458,0.6436,binance+okx
2026-10-09T21:00:00Z,NGN,2.1101,5.8592,3.7491,okx
2026-10-09T21:00:00Z,PHP,-0.4287,-0.02,0.4087,binance+okx
2026-10-09T21:00:00Z,TRY,0.0249,5.6248,5.5999,binance+okx
2026-10-09T21:00:00Z,VES,17.3881,16.0251,-1.363,binance+okx
2026-10-09T22:00:00Z,ARS,6.8419,5.5775,-1.2644,binance+okx
2026-10-09T22:00:00Z,IDR,-0.1935,-0.1572,0.0363,binance+okx
2026-10-09T22:00:00Z,INR,2.5921,8.3361,5.744,binance
2026-10-09T22:00:00Z,MXN,1.6132,2.2182,0.605,binance+okx
2026-10-09T22:00:00Z,NGN,2.1102,4.4317,2.3215,okx
2026-10-09T22:00:00Z,PHP,-0.4287,-0.0795,0.3492,binance+okx
2026-10-09T22:00:00Z,TRY,0.0412,6.0154,5.9742,binance+okx
2026-10-09T22:00:00Z,VES,17.5851,16.2422,-1.3429,binance+okx
2026-10-09T23:00:00Z,ARS,6.8642,5.5543,-1.3099,binance+okx
2026-10-09T23:00:00Z,IDR,-0.1963,-0.1558,0.0405,binance+okx
2026-10-09T23:00:00Z,INR,2.5921,8.3619,5.7698,binance
2026-10-09T23:00:00Z,MXN,1.6022,2.1767,0.5745,binance+okx
2026-10-09T23:00:00Z,NGN,2.0801,3.6052,1.5251,okx
2026-10-09T23:00:00Z,PHP,-0.4287,-0.1073,0.3214,binance+okx
2026-10-09T23:00:00Z,TRY,0.03,6.5937,6.5637,binance+okx
2026-10-09T23:00:00Z,VES,17.6703,16.1965,-1.4738,binance+okx
2026-10-10T00:00:00Z,ARS,6.7956,5.5222,-1.2734,binance+okx
2026-10-10T00:00:00Z,IDR,-0.1767,-0.0719,0.1048,binance+okx
2026-10-10T00:00:00Z,INR,2.5973,8.3722,5.7749,binance
2026-10-10T00:00:00Z,MXN,1.6188,2.2044,0.5856,binance+okx
2026-10-10T00:00:00Z,NGN,2.0801,3.6052,1.5251,okx
2026-10-10T00:00:00Z,PHP,-0.4287,-0.1073,0.3214,binance+okx
2026-10-10T00:00:00Z,TRY,-0.0126,7.1112,7.1238,binance+okx
2026-10-10T00:00:00Z,VES,17.52,16.112,-1.408,binance+okx
2026-10-10T01:00:00Z,ARS,6.7158,5.8155,-0.9003,binance+okx
2026-10-10T01:00:00Z,IDR,-0.1323,-0.1393,-0.007,binance+okx
2026-10-10T01:00:00Z,INR,2.6044,7.9571,5.3527,binance
2026-10-10T01:00:00Z,MXN,0.339,0.8354,0.4964,binance+okx
2026-10-10T01:00:00Z,NGN,2.0907,3.3677,1.277,okx
2026-10-10T01:00:00Z,PHP,-0.2457,0.0406,0.2863,binance+okx
2026-10-10T01:00:00Z,TRY,-0.1627,7.607,7.7697,binance+okx
2026-10-10T01:00:00Z,VES,17.4674,16.0272,-1.4402,binance+okx
2026-10-10T02:00:00Z,ARS,6.724,5.8092,-0.9148,binance+okx
2026-10-10T02:00:00Z,IDR,-0.2832,-0.2245,0.0587,binance+okx
2026-10-10T02:00:00Z,INR,2.6096,8.2565,5.6469,binance
2026-10-10T02:00:00Z,MXN,0.339,0.8217,0.4827,binance+okx
2026-10-10T02:00:00Z,NGN,2.0907,3.3677,1.277,okx
2026-10-10T02:00:00Z,PHP,-0.2457,0.0684,0.3141,binance+okx
2026-10-10T02:00:00Z,TRY,-0.2012,7.0344,7.2356,binance+okx
2026-10-10T02:00:00Z,VES,17.4854,16.0978,-1.3876,binance+okx
2026-10-10T03:00:00Z,ARS,6.7147,5.9232,-0.7915,binance+okx
2026-10-10T03:00:00Z,IDR,-0.381,-0.2678,0.1132,binance+okx
2026-10-10T03:00:00Z,INR,2.7851,7.828,5.0429,binance
2026-10-10T03:00:00Z,MXN,0.3226,0.8354,0.5128,binance+okx
2026-10-10T03:00:00Z,NGN,2.0907,3.0672,0.9765,okx
2026-10-10T03:00:00Z,PHP,-0.2457,0.0923,0.338,binance+okx
2026-10-10T03:00:00Z,TRY,-0.2012,7.0749,7.2761,binance+okx
2026-10-10T03:00:00Z,VES,17.5296,16.6888,-0.8408,binance+okx
