ts_utc,ccy,n_buy,n_sell
2026-09-10T09:05:36.796217+00:00,AED,10,10
2026-09-10T09:05:36.796217+00:00,AFN,3,5
2026-09-10T09:05:36.796217+00:00,AMD,10,10
2026-09-10T09:05:36.796217+00:00,AOA,10,10
2026-09-10T09:05:36.796217+00:00,ARS,10,10
2026-09-10T09:05:36.796217+00:00,AZN,10,10
2026-09-10T09:05:36.796217+00:00,BDT,10,10
2026-09-10T09:05:36.796217+00:00,BND,7,10
2026-09-10T09:05:36.796217+00:00,BOB,10,10
2026-09-10T09:05:36.796217+00:00,BWP,0,10
2026-09-10T09:05:36.796217+00:00,CLP,10,10
2026-09-10T09:05:36.796217+00:00,COP,10,10
2026-09-10T09:05:36.796217+00:00,DZD,10,10
2026-09-10T09:05:36.796217+00:00,EGP,10,10
2026-09-10T09:05:36.796217+00:00,ETB,0,0
2026-09-10T09:05:36.796217+00:00,GEL,10,10
2026-09-10T09:05:36.796217+00:00,GHS,0,0
2026-09-10T09:05:36.796217+00:00,IDR,10,10
2026-09-10T09:05:36.796217+00:00,INR,10,10
2026-09-10T09:05:36.796217+00:00,IQD,10,10
2026-09-10T09:05:36.796217+00:00,JOD,10,10
2026-09-10T09:05:36.796217+00:00,KES,10,10
2026-09-10T09:05:36.796217+00:00,KHR,9,10
2026-09-10T09:05:36.796217+00:00,KWD,10,10
2026-09-10T09:05:36.796217+00:00,KZT,10,10
2026-09-10T09:05:36.796217+00:00,LAK,10,10
2026-09-10T09:05:36.796217+00:00,LBP,10,10
2026-09-10T09:05:36.796217+00:00,LKR,10,10
2026-09-10T09:05:36.796217+00:00,MAD,10,10
2026-09-10T09:05:36.796217+00:00,MNT,10,10
2026-09-10T09:05:36.796217+00:00,MXN,10,10
2026-09-10T09:05:36.796217+00:00,MZN,10,10
2026-09-10T09:05:36.796217+00:00,NGN,0,0
2026-09-10T09:05:36.796217+00:00,NPR,2,10
2026-09-10T09:05:36.796217+00:00,PEN,10,10
2026-09-10T09:05:36.796217+00:00,PHP,10,10
2026-09-10T09:05:36.796217+00:00,PKR,10,10
2026-09-10T09:05:36.796217+00:00,QAR,10,10
2026-09-10T09:05:36.796217+00:00,RWF,10,10
2026-09-10T09:05:36.796217+00:00,SAR,10,10
2026-09-10T09:05:36.796217+00:00,SDG,10,10
2026-09-10T09:05:36.796217+00:00,SYP,10,10
2026-09-10T09:05:36.796217+00:00,TND,10,10
2026-09-10T09:05:36.796217+00:00,TRY,10,10
2026-09-10T09:05:36.796217+00:00,TZS,10,10
2026-09-10T09:05:36.796217+00:00,UAH,10,10
2026-09-10T09:05:36.796217+00:00,UGX,10,10
2026-09-10T09:05:36.796217+00:00,VES,10,10
2026-09-10T09:05:36.796217+00:00,VND,10,10
2026-09-10T09:05:36.796217+00:00,XAF,10,10
2026-09-10T09:05:36.796217+00:00,XOF,10,10
2026-09-10T09:05:36.796217+00:00,ZAR,10,10
2026-09-10T09:05:36.796217+00:00,ZMW,10,10
2026-09-10T10:05:37.522141+00:00,AED,10,10
2026-09-10T10:05:37.522141+00:00,AFN,3,5
2026-09-10T10:05:37.522141+00:00,AMD,10,10
2026-09-10T10:05:37.522141+00:00,AOA,10,10
2026-09-10T10:05:37.522141+00:00,ARS,10,10
2026-09-10T10:05:37.522141+00:00,AZN,10,10
2026-09-10T10:05:37.522141+00:00,BDT,10,10
2026-09-10T10:05:37.522141+00:00,BND,7,10
2026-09-10T10:05:37.522141+00:00,BOB,10,10
2026-09-10T10:05:37.522141+00:00,BWP,0,10
2026-09-10T10:05:37.522141+00:00,CLP,10,10
2026-09-10T10:05:37.522141+00:00,COP,10,10
2026-09-10T10:05:37.522141+00:00,DZD,10,10
2026-09-10T10:05:37.522141+00:00,EGP,10,10
2026-09-10T10:05:37.522141+00:00,ETB,0,0
2026-09-10T10:05:37.522141+00:00,GEL,10,10
2026-09-10T10:05:37.522141+00:00,GHS,0,0
2026-09-10T10:05:37.522141+00:00,IDR,10,10
2026-09-10T10:05:37.522141+00:00,INR,10,10
2026-09-10T10:05:37.522141+00:00,IQD,10,10
2026-09-10T10:05:37.522141+00:00,JOD,10,10
2026-09-10T10:05:37.522141+00:00,KES,10,10
2026-09-10T10:05:37.522141+00:00,KHR,10,10
2026-09-10T10:05:37.522141+00:00,KWD,10,10
2026-09-10T10:05:37.522141+00:00,KZT,10,10
2026-09-10T10:05:37.522141+00:00,LAK,10,10
2026-09-10T10:05:37.522141+00:00,LBP,10,10
2026-09-10T10:05:37.522141+00:00,LKR,10,10
2026-09-10T10:05:37.522141+00:00,MAD,10,10
2026-09-10T10:05:37.522141+00:00,MNT,10,10
2026-09-10T10:05:37.522141+00:00,MXN,10,10
2026-09-10T10:05:37.522141+00:00,MZN,10,10
2026-09-10T10:05:37.522141+00:00,NGN,0,0
2026-09-10T10:05:37.522141+00:00,NPR,2,10
2026-09-10T10:05:37.522141+00:00,PEN,10,10
2026-09-10T10:05:37.522141+00:00,PHP,10,10
2026-09-10T10:05:37.522141+00:00,PKR,10,10
2026-09-10T10:05:37.522141+00:00,QAR,10,10
2026-09-10T10:05:37.522141+00:00,RWF,10,10
2026-09-10T10:05:37.522141+00:00,SAR,10,10
2026-09-10T10:05:37.522141+00:00,SDG,10,10
2026-09-10T10:05:37.522141+00:00,SYP,10,10
2026-09-10T10:05:37.522141+00:00,TND,10,10
2026-09-10T10:05:37.522141+00:00,TRY,10,10
2026-09-10T10:05:37.522141+00:00,TZS,10,10
2026-09-10T10:05:37.522141+00:00,UAH,10,10
2026-09-10T10:05:37.522141+00:00,UGX,10,10
2026-09-10T10:05:37.522141+00:00,VES,10,10
2026-09-10T10:05:37.522141+00:00,VND,10,10
2026-09-10T10:05:37.522141+00:00,XAF,10,10
2026-09-10T10:05:37.522141+00:00,XOF,10,10
2026-09-10T10:05:37.522141+00:00,ZAR,10,10
2026-09-10T10:05:37.522141+00:00,ZMW,10,10
2026-09-10T11:05:35.747841+00:00,AED,10,10
2026-09-10T11:05:35.747841+00:00,AFN,4,5
2026-09-10T11:05:35.747841+00:00,AMD,10,10
2026-09-10T11:05:35.747841+00:00,AOA,10,10
2026-09-10T11:05:35.747841+00:00,ARS,10,10
2026-09-10T11:05:35.747841+00:00,AZN,10,10
2026-09-10T11:05:35.747841+00:00,BDT,10,10
2026-09-10T11:05:35.747841+00:00,BND,7,10
2026-09-10T11:05:35.747841+00:00,BOB,10,10
2026-09-10T11:05:35.747841+00:00,BWP,0,10
2026-09-10T11:05:35.747841+00:00,CLP,10,10
2026-09-10T11:05:35.747841+00:00,COP,10,10
2026-09-10T11:05:35.747841+00:00,DZD,10,10
2026-09-10T11:05:35.747841+00:00,EGP,10,10
2026-09-10T11:05:35.747841+00:00,ETB,0,0
2026-09-10T11:05:35.747841+00:00,GEL,10,10
2026-09-10T11:05:35.747841+00:00,GHS,0,0
2026-09-10T11:05:35.747841+00:00,IDR,10,10
2026-09-10T11:05:35.747841+00:00,INR,10,10
2026-09-10T11:05:35.747841+00:00,IQD,10,10
2026-09-10T11:05:35.747841+00:00,JOD,10,10
2026-09-10T11:05:35.747841+00:00,KES,10,10
2026-09-10T11:05:35.747841+00:00,KHR,10,10
2026-09-10T11:05:35.747841+00:00,KWD,10,10
2026-09-10T11:05:35.747841+00:00,KZT,10,10
2026-09-10T11:05:35.747841+00:00,LAK,10,10
2026-09-10T11:05:35.747841+00:00,LBP,10,10
2026-09-10T11:05:35.747841+00:00,LKR,10,10
2026-09-10T11:05:35.747841+00:00,MAD,10,10
2026-09-10T11:05:35.747841+00:00,MNT,10,10
2026-09-10T11:05:35.747841+00:00,MXN,10,10
2026-09-10T11:05:35.747841+00:00,MZN,10,10
2026-09-10T11:05:35.747841+00:00,NGN,0,0
2026-09-10T11:05:35.747841+00:00,NPR,2,10
2026-09-10T11:05:35.747841+00:00,PEN,10,10
2026-09-10T11:05:35.747841+00:00,PHP,10,10
2026-09-10T11:05:35.747841+00:00,PKR,10,10
2026-09-10T11:05:35.747841+00:00,QAR,10,10
2026-09-10T11:05:35.747841+00:00,RWF,10,10
2026-09-10T11:05:35.747841+00:00,SAR,10,10
2026-09-10T11:05:35.747841+00:00,SDG,10,10
2026-09-10T11:05:35.747841+00:00,SYP,10,10
2026-09-10T11:05:35.747841+00:00,TND,10,10
2026-09-10T11:05:35.747841+00:00,TRY,10,10
2026-09-10T11:05:35.747841+00:00,TZS,10,10
2026-09-10T11:05:35.747841+00:00,UAH,10,10
2026-09-10T11:05:35.747841+00:00,UGX,10,10
2026-09-10T11:05:35.747841+00:00,VES,10,10
2026-09-10T11:05:35.747841+00:00,VND,10,10
2026-09-10T11:05:35.747841+00:00,XAF,10,10
2026-09-10T11:05:35.747841+00:00,XOF,10,10
2026-09-10T11:05:35.747841+00:00,ZAR,10,10
2026-09-10T11:05:35.747841+00:00,ZMW,10,10
2026-09-10T12:05:41.568895+00:00,AED,10,10
2026-09-10T12:05:41.568895+00:00,AFN,3,5
2026-09-10T12:05:41.568895+00:00,AMD,10,10
2026-09-10T12:05:41.568895+00:00,AOA,10,10
2026-09-10T12:05:41.568895+00:00,ARS,10,10
2026-09-10T12:05:41.568895+00:00,AZN,10,10
2026-09-10T12:05:41.568895+00:00,BDT,10,10
2026-09-10T12:05:41.568895+00:00,BND,7,10
2026-09-10T12:05:41.568895+00:00,BOB,10,10
2026-09-10T12:05:41.568895+00:00,BWP,0,10
2026-09-10T12:05:41.568895+00:00,CLP,10,10
2026-09-10T12:05:41.568895+00:00,COP,10,10
2026-09-10T12:05:41.568895+00:00,DZD,10,10
2026-09-10T12:05:41.568895+00:00,EGP,10,10
2026-09-10T12:05:41.568895+00:00,ETB,0,0
2026-09-10T12:05:41.568895+00:00,GEL,10,10
2026-09-10T12:05:41.568895+00:00,GHS,0,0
2026-09-10T12:05:41.568895+00:00,IDR,10,10
2026-09-10T12:05:41.568895+00:00,INR,10,10
2026-09-10T12:05:41.568895+00:00,IQD,10,10
2026-09-10T12:05:41.568895+00:00,JOD,10,10
2026-09-10T12:05:41.568895+00:00,KES,10,10
2026-09-10T12:05:41.568895+00:00,KHR,10,10
2026-09-10T12:05:41.568895+00:00,KWD,10,10
2026-09-10T12:05:41.568895+00:00,KZT,10,10
2026-09-10T12:05:41.568895+00:00,LAK,10,10
2026-09-10T12:05:41.568895+00:00,LBP,10,10
2026-09-10T12:05:41.568895+00:00,LKR,10,10
2026-09-10T12:05:41.568895+00:00,MAD,10,10
2026-09-10T12:05:41.568895+00:00,MNT,10,10
2026-09-10T12:05:41.568895+00:00,MXN,10,10
2026-09-10T12:05:41.568895+00:00,MZN,10,10
2026-09-10T12:05:41.568895+00:00,NGN,0,0
2026-09-10T12:05:41.568895+00:00,NPR,2,10
2026-09-10T12:05:41.568895+00:00,PEN,10,10
2026-09-10T12:05:41.568895+00:00,PHP,10,10
2026-09-10T12:05:41.568895+00:00,PKR,10,10
2026-09-10T12:05:41.568895+00:00,QAR,10,10
2026-09-10T12:05:41.568895+00:00,RWF,10,10
2026-09-10T12:05:41.568895+00:00,SAR,10,10
2026-09-10T12:05:41.568895+00:00,SDG,10,10
2026-09-10T12:05:41.568895+00:00,SYP,10,10
2026-09-10T12:05:41.568895+00:00,TND,10,10
2026-09-10T12:05:41.568895+00:00,TRY,10,10
2026-09-10T12:05:41.568895+00:00,TZS,10,10
2026-09-10T12:05:41.568895+00:00,UAH,10,10
2026-09-10T12:05:41.568895+00:00,UGX,10,10
2026-09-10T12:05:41.568895+00:00,VES,10,10
2026-09-10T12:05:41.568895+00:00,VND,10,10
2026-09-10T12:05:41.568895+00:00,XAF,10,10
2026-09-10T12:05:41.568895+00:00,XOF,10,10
2026-09-10T12:05:41.568895+00:00,ZAR,10,10
2026-09-10T12:05:41.568895+00:00,ZMW,10,10
2026-09-10T13:05:37.719661+00:00,AED,10,10
2026-09-10T13:05:37.719661+00:00,AFN,3,5
2026-09-10T13:05:37.719661+00:00,AMD,10,10
2026-09-10T13:05:37.719661+00:00,AOA,10,10
2026-09-10T13:05:37.719661+00:00,ARS,10,10
2026-09-10T13:05:37.719661+00:00,AZN,10,10
2026-09-10T13:05:37.719661+00:00,BDT,10,10
2026-09-10T13:05:37.719661+00:00,BND,7,10
2026-09-10T13:05:37.719661+00:00,BOB,10,10
2026-09-10T13:05:37.719661+00:00,BWP,0,10
2026-09-10T13:05:37.719661+00:00,CLP,10,10
2026-09-10T13:05:37.719661+00:00,COP,10,10
2026-09-10T13:05:37.719661+00:00,DZD,10,10
2026-09-10T13:05:37.719661+00:00,EGP,10,10
2026-09-10T13:05:37.719661+00:00,ETB,0,0
2026-09-10T13:05:37.719661+00:00,GEL,10,10
2026-09-10T13:05:37.719661+00:00,GHS,0,0
2026-09-10T13:05:37.719661+00:00,IDR,10,10
2026-09-10T13:05:37.719661+00:00,INR,10,10
2026-09-10T13:05:37.719661+00:00,IQD,10,10
2026-09-10T13:05:37.719661+00:00,JOD,10,10
2026-09-10T13:05:37.719661+00:00,KES,10,10
2026-09-10T13:05:37.719661+00:00,KHR,9,10
2026-09-10T13:05:37.719661+00:00,KWD,10,10
2026-09-10T13:05:37.719661+00:00,KZT,10,10
2026-09-10T13:05:37.719661+00:00,LAK,10,10
2026-09-10T13:05:37.719661+00:00,LBP,10,10
2026-09-10T13:05:37.719661+00:00,LKR,10,10
2026-09-10T13:05:37.719661+00:00,MAD,10,10
2026-09-10T13:05:37.719661+00:00,MNT,10,10
2026-09-10T13:05:37.719661+00:00,MXN,10,10
2026-09-10T13:05:37.719661+00:00,MZN,10,10
2026-09-10T13:05:37.719661+00:00,NGN,0,0
2026-09-10T13:05:37.719661+00:00,NPR,1,10
2026-09-10T13:05:37.719661+00:00,PEN,10,10
2026-09-10T13:05:37.719661+00:00,PHP,10,10
2026-09-10T13:05:37.719661+00:00,PKR,10,10
2026-09-10T13:05:37.719661+00:00,QAR,10,10
2026-09-10T13:05:37.719661+00:00,RWF,10,10
2026-09-10T13:05:37.719661+00:00,SAR,10,10
2026-09-10T13:05:37.719661+00:00,SDG,10,10
2026-09-10T13:05:37.719661+00:00,SYP,10,10
2026-09-10T13:05:37.719661+00:00,TND,10,10
2026-09-10T13:05:37.719661+00:00,TRY,10,10
2026-09-10T13:05:37.719661+00:00,TZS,10,10
2026-09-10T13:05:37.719661+00:00,UAH,10,10
2026-09-10T13:05:37.719661+00:00,UGX,10,10
2026-09-10T13:05:37.719661+00:00,VES,10,10
2026-09-10T13:05:37.719661+00:00,VND,10,10
2026-09-10T13:05:37.719661+00:00,XAF,10,10
2026-09-10T13:05:37.719661+00:00,XOF,10,10
2026-09-10T13:05:37.719661+00:00,ZAR,10,10
2026-09-10T13:05:37.719661+00:00,ZMW,10,10
2026-09-10T14:05:39.587395+00:00,AED,10,10
2026-09-10T14:05:39.587395+00:00,AFN,3,5
2026-09-10T14:05:39.587395+00:00,AMD,10,10
2026-09-10T14:05:39.587395+00:00,AOA,10,10
2026-09-10T14:05:39.587395+00:00,ARS,10,10
2026-09-10T14:05:39.587395+00:00,AZN,10,10
2026-09-10T14:05:39.587395+00:00,BDT,10,10
2026-09-10T14:05:39.587395+00:00,BND,7,10
2026-09-10T14:05:39.587395+00:00,BOB,10,10
2026-09-10T14:05:39.587395+00:00,BWP,0,10
2026-09-10T14:05:39.587395+00:00,CLP,10,10
2026-09-10T14:05:39.587395+00:00,COP,10,10
2026-09-10T14:05:39.587395+00:00,DZD,10,10
2026-09-10T14:05:39.587395+00:00,EGP,10,10
2026-09-10T14:05:39.587395+00:00,ETB,0,0
2026-09-10T14:05:39.587395+00:00,GEL,10,10
2026-09-10T14:05:39.587395+00:00,GHS,0,0
2026-09-10T14:05:39.587395+00:00,IDR,10,10
2026-09-10T14:05:39.587395+00:00,INR,10,10
2026-09-10T14:05:39.587395+00:00,IQD,10,10
2026-09-10T14:05:39.587395+00:00,JOD,10,10
2026-09-10T14:05:39.587395+00:00,KES,10,10
2026-09-10T14:05:39.587395+00:00,KHR,10,10
2026-09-10T14:05:39.587395+00:00,KWD,10,10
2026-09-10T14:05:39.587395+00:00,KZT,10,10
2026-09-10T14:05:39.587395+00:00,LAK,10,10
2026-09-10T14:05:39.587395+00:00,LBP,10,10
2026-09-10T14:05:39.587395+00:00,LKR,10,10
2026-09-10T14:05:39.587395+00:00,MAD,10,10
2026-09-10T14:05:39.587395+00:00,MNT,10,10
2026-09-10T14:05:39.587395+00:00,MXN,10,10
2026-09-10T14:05:39.587395+00:00,MZN,10,10
2026-09-10T14:05:39.587395+00:00,NGN,0,0
2026-09-10T14:05:39.587395+00:00,NPR,2,10
2026-09-10T14:05:39.587395+00:00,PEN,10,10
2026-09-10T14:05:39.587395+00:00,PHP,10,10
2026-09-10T14:05:39.587395+00:00,PKR,10,10
2026-09-10T14:05:39.587395+00:00,QAR,10,10
2026-09-10T14:05:39.587395+00:00,RWF,10,10
2026-09-10T14:05:39.587395+00:00,SAR,10,10
2026-09-10T14:05:39.587395+00:00,SDG,10,10
2026-09-10T14:05:39.587395+00:00,SYP,10,10
2026-09-10T14:05:39.587395+00:00,TND,10,10
2026-09-10T14:05:39.587395+00:00,TRY,10,10
2026-09-10T14:05:39.587395+00:00,TZS,10,10
2026-09-10T14:05:39.587395+00:00,UAH,10,10
2026-09-10T14:05:39.587395+00:00,UGX,10,10
2026-09-10T14:05:39.587395+00:00,VES,10,10
2026-09-10T14:05:39.587395+00:00,VND,10,10
2026-09-10T14:05:39.587395+00:00,XAF,10,10
2026-09-10T14:05:39.587395+00:00,XOF,10,10
2026-09-10T14:05:39.587395+00:00,ZAR,10,10
2026-09-10T14:05:39.587395+00:00,ZMW,10,10
2026-09-10T15:05:41.290170+00:00,AED,10,10
2026-09-10T15:05:41.290170+00:00,AFN,3,5
2026-09-10T15:05:41.290170+00:00,AMD,10,10
2026-09-10T15:05:41.290170+00:00,AOA,10,10
2026-09-10T15:05:41.290170+00:00,ARS,10,10
2026-09-10T15:05:41.290170+00:00,AZN,10,10
2026-09-10T15:05:41.290170+00:00,BDT,10,10
2026-09-10T15:05:41.290170+00:00,BND,7,10
2026-09-10T15:05:41.290170+00:00,BOB,10,10
2026-09-10T15:05:41.290170+00:00,BWP,0,10
2026-09-10T15:05:41.290170+00:00,CLP,10,10
2026-09-10T15:05:41.290170+00:00,COP,10,10
2026-09-10T15:05:41.290170+00:00,DZD,10,10
2026-09-10T15:05:41.290170+00:00,EGP,10,10
2026-09-10T15:05:41.290170+00:00,ETB,0,0
2026-09-10T15:05:41.290170+00:00,GEL,10,10
2026-09-10T15:05:41.290170+00:00,GHS,0,0
2026-09-10T15:05:41.290170+00:00,IDR,10,10
2026-09-10T15:05:41.290170+00:00,INR,10,10
2026-09-10T15:05:41.290170+00:00,IQD,10,10
2026-09-10T15:05:41.290170+00:00,JOD,10,10
2026-09-10T15:05:41.290170+00:00,KES,10,10
2026-09-10T15:05:41.290170+00:00,KHR,10,10
2026-09-10T15:05:41.290170+00:00,KWD,10,10
2026-09-10T15:05:41.290170+00:00,KZT,10,10
2026-09-10T15:05:41.290170+00:00,LAK,10,10
2026-09-10T15:05:41.290170+00:00,LBP,10,10
2026-09-10T15:05:41.290170+00:00,LKR,10,10
2026-09-10T15:05:41.290170+00:00,MAD,10,10
2026-09-10T15:05:41.290170+00:00,MNT,10,10
2026-09-10T15:05:41.290170+00:00,MXN,10,10
2026-09-10T15:05:41.290170+00:00,MZN,10,10
2026-09-10T15:05:41.290170+00:00,NGN,0,0
2026-09-10T15:05:41.290170+00:00,NPR,2,10
2026-09-10T15:05:41.290170+00:00,PEN,10,10
2026-09-10T15:05:41.290170+00:00,PHP,10,10
2026-09-10T15:05:41.290170+00:00,PKR,10,10
2026-09-10T15:05:41.290170+00:00,QAR,10,10
2026-09-10T15:05:41.290170+00:00,RWF,10,10
2026-09-10T15:05:41.290170+00:00,SAR,10,10
2026-09-10T15:05:41.290170+00:00,SDG,10,10
2026-09-10T15:05:41.290170+00:00,SYP,10,10
2026-09-10T15:05:41.290170+00:00,TND,10,10
2026-09-10T15:05:41.290170+00:00,TRY,10,10
2026-09-10T15:05:41.290170+00:00,TZS,10,10
2026-09-10T15:05:41.290170+00:00,UAH,10,10
2026-09-10T15:05:41.290170+00:00,UGX,10,10
2026-09-10T15:05:41.290170+00:00,VES,10,10
2026-09-10T15:05:41.290170+00:00,VND,10,10
2026-09-10T15:05:41.290170+00:00,XAF,10,10
2026-09-10T15:05:41.290170+00:00,XOF,10,10
2026-09-10T15:05:41.290170+00:00,ZAR,10,10
2026-09-10T15:05:41.290170+00:00,ZMW,10,10
2026-09-10T16:05:35.759427+00:00,AED,10,10
2026-09-10T16:05:35.759427+00:00,AFN,4,5
2026-09-10T16:05:35.759427+00:00,AMD,10,10
2026-09-10T16:05:35.759427+00:00,AOA,10,10
2026-09-10T16:05:35.759427+00:00,ARS,10,10
2026-09-10T16:05:35.759427+00:00,AZN,10,10
2026-09-10T16:05:35.759427+00:00,BDT,10,10
2026-09-10T16:05:35.759427+00:00,BND,5,10
2026-09-10T16:05:35.759427+00:00,BOB,10,10
2026-09-10T16:05:35.759427+00:00,BWP,0,10
2026-09-10T16:05:35.759427+00:00,CLP,10,10
2026-09-10T16:05:35.759427+00:00,COP,10,10
2026-09-10T16:05:35.759427+00:00,DZD,10,10
2026-09-10T16:05:35.759427+00:00,EGP,10,10
2026-09-10T16:05:35.759427+00:00,ETB,0,0
2026-09-10T16:05:35.759427+00:00,GEL,10,10
2026-09-10T16:05:35.759427+00:00,GHS,0,0
2026-09-10T16:05:35.759427+00:00,IDR,10,10
2026-09-10T16:05:35.759427+00:00,INR,10,10
2026-09-10T16:05:35.759427+00:00,IQD,10,10
2026-09-10T16:05:35.759427+00:00,JOD,10,10
2026-09-10T16:05:35.759427+00:00,KES,10,10
2026-09-10T16:05:35.759427+00:00,KHR,10,10
2026-09-10T16:05:35.759427+00:00,KWD,10,10
2026-09-10T16:05:35.759427+00:00,KZT,10,10
2026-09-10T16:05:35.759427+00:00,LAK,10,10
2026-09-10T16:05:35.759427+00:00,LBP,10,10
2026-09-10T16:05:35.759427+00:00,LKR,10,10
2026-09-10T16:05:35.759427+00:00,MAD,10,10
2026-09-10T16:05:35.759427+00:00,MNT,10,10
2026-09-10T16:05:35.759427+00:00,MXN,10,10
2026-09-10T16:05:35.759427+00:00,MZN,10,10
2026-09-10T16:05:35.759427+00:00,NGN,0,0
2026-09-10T16:05:35.759427+00:00,NPR,1,10
2026-09-10T16:05:35.759427+00:00,PEN,10,10
2026-09-10T16:05:35.759427+00:00,PHP,10,10
2026-09-10T16:05:35.759427+00:00,PKR,10,10
2026-09-10T16:05:35.759427+00:00,QAR,10,10
2026-09-10T16:05:35.759427+00:00,RWF,10,10
2026-09-10T16:05:35.759427+00:00,SAR,10,10
2026-09-10T16:05:35.759427+00:00,SDG,10,10
2026-09-10T16:05:35.759427+00:00,SYP,10,10
2026-09-10T16:05:35.759427+00:00,TND,10,10
2026-09-10T16:05:35.759427+00:00,TRY,10,10
2026-09-10T16:05:35.759427+00:00,TZS,10,10
2026-09-10T16:05:35.759427+00:00,UAH,10,10
2026-09-10T16:05:35.759427+00:00,UGX,10,10
2026-09-10T16:05:35.759427+00:00,VES,10,10
2026-09-10T16:05:35.759427+00:00,VND,10,10
2026-09-10T16:05:35.759427+00:00,XAF,10,10
2026-09-10T16:05:35.759427+00:00,XOF,10,10
2026-09-10T16:05:35.759427+00:00,ZAR,10,10
2026-09-10T16:05:35.759427+00:00,ZMW,10,10
2026-09-10T17:05:36.061224+00:00,AED,10,10
2026-09-10T17:05:36.061224+00:00,AFN,4,5
2026-09-10T17:05:36.061224+00:00,AMD,10,10
2026-09-10T17:05:36.061224+00:00,AOA,10,10
2026-09-10T17:05:36.061224+00:00,ARS,10,10
2026-09-10T17:05:36.061224+00:00,AZN,10,10
2026-09-10T17:05:36.061224+00:00,BDT,10,10
2026-09-10T17:05:36.061224+00:00,BND,4,10
2026-09-10T17:05:36.061224+00:00,BOB,10,10
2026-09-10T17:05:36.061224+00:00,BWP,0,10
2026-09-10T17:05:36.061224+00:00,CLP,10,10
2026-09-10T17:05:36.061224+00:00,COP,10,10
2026-09-10T17:05:36.061224+00:00,DZD,10,10
2026-09-10T17:05:36.061224+00:00,EGP,10,10
2026-09-10T17:05:36.061224+00:00,ETB,0,0
2026-09-10T17:05:36.061224+00:00,GEL,10,10
2026-09-10T17:05:36.061224+00:00,GHS,0,0
2026-09-10T17:05:36.061224+00:00,IDR,10,10
2026-09-10T17:05:36.061224+00:00,INR,10,10
2026-09-10T17:05:36.061224+00:00,IQD,10,10
2026-09-10T17:05:36.061224+00:00,JOD,10,10
2026-09-10T17:05:36.061224+00:00,KES,10,10
2026-09-10T17:05:36.061224+00:00,KHR,10,10
2026-09-10T17:05:36.061224+00:00,KWD,10,10
2026-09-10T17:05:36.061224+00:00,KZT,10,10
2026-09-10T17:05:36.061224+00:00,LAK,10,10
2026-09-10T17:05:36.061224+00:00,LBP,10,10
2026-09-10T17:05:36.061224+00:00,LKR,10,10
2026-09-10T17:05:36.061224+00:00,MAD,10,10
2026-09-10T17:05:36.061224+00:00,MNT,7,10
2026-09-10T17:05:36.061224+00:00,MXN,10,10
2026-09-10T17:05:36.061224+00:00,MZN,10,10
2026-09-10T17:05:36.061224+00:00,NGN,0,0
2026-09-10T17:05:36.061224+00:00,NPR,1,10
2026-09-10T17:05:36.061224+00:00,PEN,10,10
2026-09-10T17:05:36.061224+00:00,PHP,10,10
2026-09-10T17:05:36.061224+00:00,PKR,10,10
2026-09-10T17:05:36.061224+00:00,QAR,10,10
2026-09-10T17:05:36.061224+00:00,RWF,10,10
2026-09-10T17:05:36.061224+00:00,SAR,10,10
2026-09-10T17:05:36.061224+00:00,SDG,10,10
2026-09-10T17:05:36.061224+00:00,SYP,10,10
2026-09-10T17:05:36.061224+00:00,TND,10,10
2026-09-10T17:05:36.061224+00:00,TRY,10,10
2026-09-10T17:05:36.061224+00:00,TZS,10,10
2026-09-10T17:05:36.061224+00:00,UAH,10,10
2026-09-10T17:05:36.061224+00:00,UGX,10,10
2026-09-10T17:05:36.061224+00:00,VES,10,10
2026-09-10T17:05:36.061224+00:00,VND,10,10
2026-09-10T17:05:36.061224+00:00,XAF,10,10
2026-09-10T17:05:36.061224+00:00,XOF,10,10
2026-09-10T17:05:36.061224+00:00,ZAR,10,10
2026-09-10T17:05:36.061224+00:00,ZMW,10,10
2026-09-10T18:05:36.776559+00:00,AED,10,10
2026-09-10T18:05:36.776559+00:00,AFN,2,4
2026-09-10T18:05:36.776559+00:00,AMD,10,10
2026-09-10T18:05:36.776559+00:00,AOA,10,10
2026-09-10T18:05:36.776559+00:00,ARS,10,10
2026-09-10T18:05:36.776559+00:00,AZN,10,10
2026-09-10T18:05:36.776559+00:00,BDT,10,10
2026-09-10T18:05:36.776559+00:00,BND,3,10
2026-09-10T18:05:36.776559+00:00,BOB,10,10
2026-09-10T18:05:36.776559+00:00,BWP,0,10
2026-09-10T18:05:36.776559+00:00,CLP,10,10
2026-09-10T18:05:36.776559+00:00,COP,10,10
2026-09-10T18:05:36.776559+00:00,DZD,10,10
2026-09-10T18:05:36.776559+00:00,EGP,10,10
2026-09-10T18:05:36.776559+00:00,ETB,0,0
2026-09-10T18:05:36.776559+00:00,GEL,10,10
2026-09-10T18:05:36.776559+00:00,GHS,0,0
2026-09-10T18:05:36.776559+00:00,IDR,10,10
2026-09-10T18:05:36.776559+00:00,INR,10,10
2026-09-10T18:05:36.776559+00:00,IQD,10,10
2026-09-10T18:05:36.776559+00:00,JOD,10,10
2026-09-10T18:05:36.776559+00:00,KES,10,10
2026-09-10T18:05:36.776559+00:00,KHR,9,10
2026-09-10T18:05:36.776559+00:00,KWD,10,10
2026-09-10T18:05:36.776559+00:00,KZT,10,10
2026-09-10T18:05:36.776559+00:00,LAK,10,10
2026-09-10T18:05:36.776559+00:00,LBP,10,10
2026-09-10T18:05:36.776559+00:00,LKR,10,10
2026-09-10T18:05:36.776559+00:00,MAD,10,10
2026-09-10T18:05:36.776559+00:00,MNT,7,10
2026-09-10T18:05:36.776559+00:00,MXN,10,10
2026-09-10T18:05:36.776559+00:00,MZN,10,10
2026-09-10T18:05:36.776559+00:00,NGN,0,0
2026-09-10T18:05:36.776559+00:00,NPR,1,10
2026-09-10T18:05:36.776559+00:00,PEN,10,10
2026-09-10T18:05:36.776559+00:00,PHP,10,10
2026-09-10T18:05:36.776559+00:00,PKR,10,10
2026-09-10T18:05:36.776559+00:00,QAR,10,10
2026-09-10T18:05:36.776559+00:00,RWF,10,10
2026-09-10T18:05:36.776559+00:00,SAR,10,10
2026-09-10T18:05:36.776559+00:00,SDG,10,10
2026-09-10T18:05:36.776559+00:00,SYP,10,10
2026-09-10T18:05:36.776559+00:00,TND,10,10
2026-09-10T18:05:36.776559+00:00,TRY,10,10
2026-09-10T18:05:36.776559+00:00,TZS,10,10
2026-09-10T18:05:36.776559+00:00,UAH,10,10
2026-09-10T18:05:36.776559+00:00,UGX,10,10
2026-09-10T18:05:36.776559+00:00,VES,10,10
2026-09-10T18:05:36.776559+00:00,VND,10,10
2026-09-10T18:05:36.776559+00:00,XAF,10,10
2026-09-10T18:05:36.776559+00:00,XOF,10,10
2026-09-10T18:05:36.776559+00:00,ZAR,10,10
2026-09-10T18:05:36.776559+00:00,ZMW,10,10
2026-09-10T19:05:41.017838+00:00,AED,10,10
2026-09-10T19:05:41.017838+00:00,AFN,1,3
2026-09-10T19:05:41.017838+00:00,AMD,10,10
2026-09-10T19:05:41.017838+00:00,AOA,10,10
2026-09-10T19:05:41.017838+00:00,ARS,10,10
2026-09-10T19:05:41.017838+00:00,AZN,10,10
2026-09-10T19:05:41.017838+00:00,BDT,10,10
2026-09-10T19:05:41.017838+00:00,BND,3,10
2026-09-10T19:05:41.017838+00:00,BOB,10,10
2026-09-10T19:05:41.017838+00:00,BWP,0,10
2026-09-10T19:05:41.017838+00:00,CLP,10,10
2026-09-10T19:05:41.017838+00:00,COP,10,10
2026-09-10T19:05:41.017838+00:00,DZD,10,10
2026-09-10T19:05:41.017838+00:00,EGP,10,10
2026-09-10T19:05:41.017838+00:00,ETB,0,0
2026-09-10T19:05:41.017838+00:00,GEL,10,10
2026-09-10T19:05:41.017838+00:00,GHS,0,0
2026-09-10T19:05:41.017838+00:00,IDR,10,10
2026-09-10T19:05:41.017838+00:00,INR,10,10
2026-09-10T19:05:41.017838+00:00,IQD,10,10
2026-09-10T19:05:41.017838+00:00,JOD,10,10
2026-09-10T19:05:41.017838+00:00,KES,10,10
2026-09-10T19:05:41.017838+00:00,KHR,9,10
2026-09-10T19:05:41.017838+00:00,KWD,10,10
2026-09-10T19:05:41.017838+00:00,KZT,10,10
2026-09-10T19:05:41.017838+00:00,LAK,10,10
2026-09-10T19:05:41.017838+00:00,LBP,10,10
2026-09-10T19:05:41.017838+00:00,LKR,10,10
2026-09-10T19:05:41.017838+00:00,MAD,10,10
2026-09-10T19:05:41.017838+00:00,MNT,8,10
2026-09-10T19:05:41.017838+00:00,MXN,10,10
2026-09-10T19:05:41.017838+00:00,MZN,10,10
2026-09-10T19:05:41.017838+00:00,NGN,0,0
2026-09-10T19:05:41.017838+00:00,NPR,1,10
2026-09-10T19:05:41.017838+00:00,PEN,10,10
2026-09-10T19:05:41.017838+00:00,PHP,10,10
2026-09-10T19:05:41.017838+00:00,PKR,10,10
2026-09-10T19:05:41.017838+00:00,QAR,10,10
2026-09-10T19:05:41.017838+00:00,RWF,10,10
2026-09-10T19:05:41.017838+00:00,SAR,10,10
2026-09-10T19:05:41.017838+00:00,SDG,10,10
2026-09-10T19:05:41.017838+00:00,SYP,10,10
2026-09-10T19:05:41.017838+00:00,TND,10,10
2026-09-10T19:05:41.017838+00:00,TRY,10,10
2026-09-10T19:05:41.017838+00:00,TZS,10,10
2026-09-10T19:05:41.017838+00:00,UAH,10,10
2026-09-10T19:05:41.017838+00:00,UGX,10,10
2026-09-10T19:05:41.017838+00:00,VES,10,10
2026-09-10T19:05:41.017838+00:00,VND,10,10
2026-09-10T19:05:41.017838+00:00,XAF,10,10
2026-09-10T19:05:41.017838+00:00,XOF,10,10
2026-09-10T19:05:41.017838+00:00,ZAR,10,10
2026-09-10T19:05:41.017838+00:00,ZMW,10,10
2026-09-10T20:05:39.770241+00:00,AED,10,10
2026-09-10T20:05:39.770241+00:00,AFN,0,3
2026-09-10T20:05:39.770241+00:00,AMD,10,10
2026-09-10T20:05:39.770241+00:00,AOA,10,10
2026-09-10T20:05:39.770241+00:00,ARS,10,10
2026-09-10T20:05:39.770241+00:00,AZN,10,10
2026-09-10T20:05:39.770241+00:00,BDT,10,10
2026-09-10T20:05:39.770241+00:00,BND,2,9
2026-09-10T20:05:39.770241+00:00,BOB,10,10
2026-09-10T20:05:39.770241+00:00,BWP,0,10
2026-09-10T20:05:39.770241+00:00,CLP,10,10
2026-09-10T20:05:39.770241+00:00,COP,10,10
2026-09-10T20:05:39.770241+00:00,DZD,10,10
2026-09-10T20:05:39.770241+00:00,EGP,10,10
2026-09-10T20:05:39.770241+00:00,ETB,0,0
2026-09-10T20:05:39.770241+00:00,GEL,10,10
2026-09-10T20:05:39.770241+00:00,GHS,0,0
2026-09-10T20:05:39.770241+00:00,IDR,10,10
2026-09-10T20:05:39.770241+00:00,INR,10,10
2026-09-10T20:05:39.770241+00:00,IQD,10,10
2026-09-10T20:05:39.770241+00:00,JOD,10,10
2026-09-10T20:05:39.770241+00:00,KES,10,10
2026-09-10T20:05:39.770241+00:00,KHR,10,10
2026-09-10T20:05:39.770241+00:00,KWD,10,10
2026-09-10T20:05:39.770241+00:00,KZT,10,10
2026-09-10T20:05:39.770241+00:00,LAK,10,10
2026-09-10T20:05:39.770241+00:00,LBP,10,10
2026-09-10T20:05:39.770241+00:00,LKR,10,10
2026-09-10T20:05:39.770241+00:00,MAD,10,10
2026-09-10T20:05:39.770241+00:00,MNT,8,10
2026-09-10T20:05:39.770241+00:00,MXN,10,10
2026-09-10T20:05:39.770241+00:00,MZN,10,10
2026-09-10T20:05:39.770241+00:00,NGN,0,0
2026-09-10T20:05:39.770241+00:00,NPR,0,10
2026-09-10T20:05:39.770241+00:00,PEN,10,10
2026-09-10T20:05:39.770241+00:00,PHP,10,10
2026-09-10T20:05:39.770241+00:00,PKR,10,10
2026-09-10T20:05:39.770241+00:00,QAR,10,10
2026-09-10T20:05:39.770241+00:00,RWF,10,10
2026-09-10T20:05:39.770241+00:00,SAR,10,10
2026-09-10T20:05:39.770241+00:00,SDG,10,10
2026-09-10T20:05:39.770241+00:00,SYP,10,10
2026-09-10T20:05:39.770241+00:00,TND,10,10
2026-09-10T20:05:39.770241+00:00,TRY,10,10
2026-09-10T20:05:39.770241+00:00,TZS,10,10
2026-09-10T20:05:39.770241+00:00,UAH,10,10
2026-09-10T20:05:39.770241+00:00,UGX,10,10
2026-09-10T20:05:39.770241+00:00,VES,10,10
2026-09-10T20:05:39.770241+00:00,VND,10,10
2026-09-10T20:05:39.770241+00:00,XAF,10,10
2026-09-10T20:05:39.770241+00:00,XOF,10,10
2026-09-10T20:05:39.770241+00:00,ZAR,10,10
2026-09-10T20:05:39.770241+00:00,ZMW,10,10
2026-09-10T21:05:39.266925+00:00,AED,10,10
2026-09-10T21:05:39.266925+00:00,AFN,1,3
2026-09-10T21:05:39.266925+00:00,AMD,10,10
2026-09-10T21:05:39.266925+00:00,AOA,10,10
2026-09-10T21:05:39.266925+00:00,ARS,10,10
2026-09-10T21:05:39.266925+00:00,AZN,10,10
2026-09-10T21:05:39.266925+00:00,BDT,10,10
2026-09-10T21:05:39.266925+00:00,BND,2,9
2026-09-10T21:05:39.266925+00:00,BOB,10,10
2026-09-10T21:05:39.266925+00:00,BWP,0,10
2026-09-10T21:05:39.266925+00:00,CLP,10,10
2026-09-10T21:05:39.266925+00:00,COP,10,10
2026-09-10T21:05:39.266925+00:00,DZD,10,10
2026-09-10T21:05:39.266925+00:00,EGP,10,10
2026-09-10T21:05:39.266925+00:00,ETB,0,0
2026-09-10T21:05:39.266925+00:00,GEL,10,10
2026-09-10T21:05:39.266925+00:00,GHS,0,0
2026-09-10T21:05:39.266925+00:00,IDR,10,10
2026-09-10T21:05:39.266925+00:00,INR,10,10
2026-09-10T21:05:39.266925+00:00,IQD,10,10
2026-09-10T21:05:39.266925+00:00,JOD,10,10
2026-09-10T21:05:39.266925+00:00,KES,10,10
2026-09-10T21:05:39.266925+00:00,KHR,10,10
2026-09-10T21:05:39.266925+00:00,KWD,10,10
2026-09-10T21:05:39.266925+00:00,KZT,10,10
2026-09-10T21:05:39.266925+00:00,LAK,10,10
2026-09-10T21:05:39.266925+00:00,LBP,10,10
2026-09-10T21:05:39.266925+00:00,LKR,10,10
2026-09-10T21:05:39.266925+00:00,MAD,10,10
2026-09-10T21:05:39.266925+00:00,MNT,7,10
2026-09-10T21:05:39.266925+00:00,MXN,10,10
2026-09-10T21:05:39.266925+00:00,MZN,10,10
2026-09-10T21:05:39.266925+00:00,NGN,0,0
2026-09-10T21:05:39.266925+00:00,NPR,0,10
2026-09-10T21:05:39.266925+00:00,PEN,10,10
2026-09-10T21:05:39.266925+00:00,PHP,10,10
2026-09-10T21:05:39.266925+00:00,PKR,10,10
2026-09-10T21:05:39.266925+00:00,QAR,10,10
2026-09-10T21:05:39.266925+00:00,RWF,10,10
2026-09-10T21:05:39.266925+00:00,SAR,10,10
2026-09-10T21:05:39.266925+00:00,SDG,10,10
2026-09-10T21:05:39.266925+00:00,SYP,10,10
2026-09-10T21:05:39.266925+00:00,TND,10,10
2026-09-10T21:05:39.266925+00:00,TRY,10,10
2026-09-10T21:05:39.266925+00:00,TZS,10,10
2026-09-10T21:05:39.266925+00:00,UAH,10,10
2026-09-10T21:05:39.266925+00:00,UGX,10,10
2026-09-10T21:05:39.266925+00:00,VES,10,10
2026-09-10T21:05:39.266925+00:00,VND,10,10
2026-09-10T21:05:39.266925+00:00,XAF,10,10
2026-09-10T21:05:39.266925+00:00,XOF,10,10
2026-09-10T21:05:39.266925+00:00,ZAR,10,10
2026-09-10T21:05:39.266925+00:00,ZMW,10,10
2026-09-10T22:05:56.951586+00:00,AED,10,10
2026-09-10T22:05:56.951586+00:00,AFN,1,3
2026-09-10T22:05:56.951586+00:00,AMD,10,10
2026-09-10T22:05:56.951586+00:00,AOA,9,10
2026-09-10T22:05:56.951586+00:00,ARS,10,10
2026-09-10T22:05:56.951586+00:00,AZN,10,10
2026-09-10T22:05:56.951586+00:00,BDT,10,10
2026-09-10T22:05:56.951586+00:00,BND,3,10
2026-09-10T22:05:56.951586+00:00,BOB,10,10
2026-09-10T22:05:56.951586+00:00,BWP,0,10
2026-09-10T22:05:56.951586+00:00,CLP,10,10
2026-09-10T22:05:56.951586+00:00,COP,10,10
2026-09-10T22:05:56.951586+00:00,DZD,10,10
2026-09-10T22:05:56.951586+00:00,EGP,10,10
2026-09-10T22:05:56.951586+00:00,ETB,0,0
2026-09-10T22:05:56.951586+00:00,GEL,10,10
2026-09-10T22:05:56.951586+00:00,GHS,0,0
2026-09-10T22:05:56.951586+00:00,IDR,10,10
2026-09-10T22:05:56.951586+00:00,INR,10,10
2026-09-10T22:05:56.951586+00:00,IQD,10,10
2026-09-10T22:05:56.951586+00:00,JOD,10,10
2026-09-10T22:05:56.951586+00:00,KES,10,10
2026-09-10T22:05:56.951586+00:00,KHR,10,10
2026-09-10T22:05:56.951586+00:00,KWD,10,10
2026-09-10T22:05:56.951586+00:00,KZT,10,10
2026-09-10T22:05:56.951586+00:00,LAK,10,10
2026-09-10T22:05:56.951586+00:00,LBP,10,10
2026-09-10T22:05:56.951586+00:00,LKR,10,10
2026-09-10T22:05:56.951586+00:00,MAD,10,10
2026-09-10T22:05:56.951586+00:00,MNT,7,10
2026-09-10T22:05:56.951586+00:00,MXN,10,10
2026-09-10T22:05:56.951586+00:00,MZN,10,10
2026-09-10T22:05:56.951586+00:00,NGN,0,0
2026-09-10T22:05:56.951586+00:00,NPR,0,10
2026-09-10T22:05:56.951586+00:00,PEN,10,10
2026-09-10T22:05:56.951586+00:00,PHP,10,10
2026-09-10T22:05:56.951586+00:00,PKR,10,10
2026-09-10T22:05:56.951586+00:00,QAR,10,10
2026-09-10T22:05:56.951586+00:00,RWF,10,10
2026-09-10T22:05:56.951586+00:00,SAR,10,10
2026-09-10T22:05:56.951586+00:00,SDG,10,10
2026-09-10T22:05:56.951586+00:00,SYP,10,10
2026-09-10T22:05:56.951586+00:00,TND,10,10
2026-09-10T22:05:56.951586+00:00,TRY,10,10
2026-09-10T22:05:56.951586+00:00,TZS,10,10
2026-09-10T22:05:56.951586+00:00,UAH,10,10
2026-09-10T22:05:56.951586+00:00,UGX,10,10
2026-09-10T22:05:56.951586+00:00,VES,10,10
2026-09-10T22:05:56.951586+00:00,VND,10,10
2026-09-10T22:05:56.951586+00:00,XAF,10,10
2026-09-10T22:05:56.951586+00:00,XOF,10,10
2026-09-10T22:05:56.951586+00:00,ZAR,10,10
2026-09-10T22:05:56.951586+00:00,ZMW,10,10
2026-09-10T23:05:38.223762+00:00,AED,10,10
2026-09-10T23:05:38.223762+00:00,AFN,1,3
2026-09-10T23:05:38.223762+00:00,AMD,10,10
2026-09-10T23:05:38.223762+00:00,AOA,8,10
2026-09-10T23:05:38.223762+00:00,ARS,10,10
2026-09-10T23:05:38.223762+00:00,AZN,10,10
2026-09-10T23:05:38.223762+00:00,BDT,10,10
2026-09-10T23:05:38.223762+00:00,BND,4,10
2026-09-10T23:05:38.223762+00:00,BOB,10,10
2026-09-10T23:05:38.223762+00:00,BWP,0,10
2026-09-10T23:05:38.223762+00:00,CLP,10,10
2026-09-10T23:05:38.223762+00:00,COP,10,10
2026-09-10T23:05:38.223762+00:00,DZD,10,10
2026-09-10T23:05:38.223762+00:00,EGP,10,10
2026-09-10T23:05:38.223762+00:00,ETB,0,0
2026-09-10T23:05:38.223762+00:00,GEL,10,10
2026-09-10T23:05:38.223762+00:00,GHS,0,0
2026-09-10T23:05:38.223762+00:00,IDR,10,10
2026-09-10T23:05:38.223762+00:00,INR,10,10
2026-09-10T23:05:38.223762+00:00,IQD,10,10
2026-09-10T23:05:38.223762+00:00,JOD,10,10
2026-09-10T23:05:38.223762+00:00,KES,10,10
2026-09-10T23:05:38.223762+00:00,KHR,10,10
2026-09-10T23:05:38.223762+00:00,KWD,10,10
2026-09-10T23:05:38.223762+00:00,KZT,10,10
2026-09-10T23:05:38.223762+00:00,LAK,10,10
2026-09-10T23:05:38.223762+00:00,LBP,10,10
2026-09-10T23:05:38.223762+00:00,LKR,10,10
2026-09-10T23:05:38.223762+00:00,MAD,10,10
2026-09-10T23:05:38.223762+00:00,MNT,8,10
2026-09-10T23:05:38.223762+00:00,MXN,10,10
2026-09-10T23:05:38.223762+00:00,MZN,10,10
2026-09-10T23:05:38.223762+00:00,NGN,0,0
2026-09-10T23:05:38.223762+00:00,NPR,0,10
2026-09-10T23:05:38.223762+00:00,PEN,10,10
2026-09-10T23:05:38.223762+00:00,PHP,10,10
2026-09-10T23:05:38.223762+00:00,PKR,10,10
2026-09-10T23:05:38.223762+00:00,QAR,10,10
2026-09-10T23:05:38.223762+00:00,RWF,10,10
2026-09-10T23:05:38.223762+00:00,SAR,10,10
2026-09-10T23:05:38.223762+00:00,SDG,10,10
2026-09-10T23:05:38.223762+00:00,SYP,10,10
2026-09-10T23:05:38.223762+00:00,TND,10,10
2026-09-10T23:05:38.223762+00:00,TRY,10,10
2026-09-10T23:05:38.223762+00:00,TZS,10,10
2026-09-10T23:05:38.223762+00:00,UAH,10,10
2026-09-10T23:05:38.223762+00:00,UGX,10,10
2026-09-10T23:05:38.223762+00:00,VES,10,10
2026-09-10T23:05:38.223762+00:00,VND,10,10
2026-09-10T23:05:38.223762+00:00,XAF,10,10
2026-09-10T23:05:38.223762+00:00,XOF,10,10
2026-09-10T23:05:38.223762+00:00,ZAR,10,10
2026-09-10T23:05:38.223762+00:00,ZMW,10,10
2026-09-11T00:05:36.739616+00:00,AED,10,10
2026-09-11T00:05:36.739616+00:00,AFN,0,3
2026-09-11T00:05:36.739616+00:00,AMD,10,10
2026-09-11T00:05:36.739616+00:00,AOA,7,10
2026-09-11T00:05:36.739616+00:00,ARS,10,10
2026-09-11T00:05:36.739616+00:00,AZN,10,10
2026-09-11T00:05:36.739616+00:00,BDT,10,10
2026-09-11T00:05:36.739616+00:00,BND,4,10
2026-09-11T00:05:36.739616+00:00,BOB,10,10
2026-09-11T00:05:36.739616+00:00,BWP,0,10
2026-09-11T00:05:36.739616+00:00,CLP,10,10
2026-09-11T00:05:36.739616+00:00,COP,10,10
2026-09-11T00:05:36.739616+00:00,DZD,10,10
2026-09-11T00:05:36.739616+00:00,EGP,10,10
2026-09-11T00:05:36.739616+00:00,ETB,0,0
2026-09-11T00:05:36.739616+00:00,GEL,10,10
2026-09-11T00:05:36.739616+00:00,GHS,0,0
2026-09-11T00:05:36.739616+00:00,IDR,10,10
2026-09-11T00:05:36.739616+00:00,INR,10,10
2026-09-11T00:05:36.739616+00:00,IQD,10,10
2026-09-11T00:05:36.739616+00:00,JOD,10,10
2026-09-11T00:05:36.739616+00:00,KES,10,10
2026-09-11T00:05:36.739616+00:00,KHR,10,10
2026-09-11T00:05:36.739616+00:00,KWD,10,10
2026-09-11T00:05:36.739616+00:00,KZT,10,10
2026-09-11T00:05:36.739616+00:00,LAK,10,10
2026-09-11T00:05:36.739616+00:00,LBP,8,10
2026-09-11T00:05:36.739616+00:00,LKR,10,10
2026-09-11T00:05:36.739616+00:00,MAD,10,10
2026-09-11T00:05:36.739616+00:00,MNT,9,10
2026-09-11T00:05:36.739616+00:00,MXN,10,10
2026-09-11T00:05:36.739616+00:00,MZN,10,10
2026-09-11T00:05:36.739616+00:00,NGN,0,0
2026-09-11T00:05:36.739616+00:00,NPR,0,10
2026-09-11T00:05:36.739616+00:00,PEN,10,10
2026-09-11T00:05:36.739616+00:00,PHP,10,10
2026-09-11T00:05:36.739616+00:00,PKR,10,10
2026-09-11T00:05:36.739616+00:00,QAR,10,10
2026-09-11T00:05:36.739616+00:00,RWF,10,10
2026-09-11T00:05:36.739616+00:00,SAR,10,10
2026-09-11T00:05:36.739616+00:00,SDG,10,10
2026-09-11T00:05:36.739616+00:00,SYP,10,10
2026-09-11T00:05:36.739616+00:00,TND,10,10
2026-09-11T00:05:36.739616+00:00,TRY,10,10
2026-09-11T00:05:36.739616+00:00,TZS,10,10
2026-09-11T00:05:36.739616+00:00,UAH,10,10
2026-09-11T00:05:36.739616+00:00,UGX,10,10
2026-09-11T00:05:36.739616+00:00,VES,10,10
2026-09-11T00:05:36.739616+00:00,VND,10,10
2026-09-11T00:05:36.739616+00:00,XAF,10,10
2026-09-11T00:05:36.739616+00:00,XOF,10,10
2026-09-11T00:05:36.739616+00:00,ZAR,10,10
2026-09-11T00:05:36.739616+00:00,ZMW,10,10
2026-09-11T01:05:45.198907+00:00,AED,10,10
2026-09-11T01:05:45.198907+00:00,AFN,1,3
2026-09-11T01:05:45.198907+00:00,AMD,10,10
2026-09-11T01:05:45.198907+00:00,AOA,6,10
2026-09-11T01:05:45.198907+00:00,ARS,10,10
2026-09-11T01:05:45.198907+00:00,AZN,10,10
2026-09-11T01:05:45.198907+00:00,BDT,10,10
2026-09-11T01:05:45.198907+00:00,BND,5,10
2026-09-11T01:05:45.198907+00:00,BOB,10,10
2026-09-11T01:05:45.198907+00:00,BWP,0,9
2026-09-11T01:05:45.198907+00:00,CLP,10,10
2026-09-11T01:05:45.198907+00:00,COP,10,10
2026-09-11T01:05:45.198907+00:00,DZD,10,10
2026-09-11T01:05:45.198907+00:00,EGP,10,10
2026-09-11T01:05:45.198907+00:00,ETB,0,0
2026-09-11T01:05:45.198907+00:00,GEL,10,10
2026-09-11T01:05:45.198907+00:00,GHS,0,0
2026-09-11T01:05:45.198907+00:00,IDR,10,10
2026-09-11T01:05:45.198907+00:00,INR,10,10
2026-09-11T01:05:45.198907+00:00,IQD,10,10
2026-09-11T01:05:45.198907+00:00,JOD,10,10
2026-09-11T01:05:45.198907+00:00,KES,10,10
2026-09-11T01:05:45.198907+00:00,KHR,10,10
2026-09-11T01:05:45.198907+00:00,KWD,10,10
2026-09-11T01:05:45.198907+00:00,KZT,10,10
2026-09-11T01:05:45.198907+00:00,LAK,10,10
2026-09-11T01:05:45.198907+00:00,LBP,8,10
2026-09-11T01:05:45.198907+00:00,LKR,10,10
2026-09-11T01:05:45.198907+00:00,MAD,10,10
2026-09-11T01:05:45.198907+00:00,MNT,10,10
2026-09-11T01:05:45.198907+00:00,MXN,10,10
2026-09-11T01:05:45.198907+00:00,MZN,10,10
2026-09-11T01:05:45.198907+00:00,NGN,0,0
2026-09-11T01:05:45.198907+00:00,NPR,0,10
2026-09-11T01:05:45.198907+00:00,PEN,10,10
2026-09-11T01:05:45.198907+00:00,PHP,10,10
2026-09-11T01:05:45.198907+00:00,PKR,10,10
2026-09-11T01:05:45.198907+00:00,QAR,10,10
2026-09-11T01:05:45.198907+00:00,RWF,10,10
2026-09-11T01:05:45.198907+00:00,SAR,10,10
2026-09-11T01:05:45.198907+00:00,SDG,10,10
2026-09-11T01:05:45.198907+00:00,SYP,10,10
2026-09-11T01:05:45.198907+00:00,TND,10,10
2026-09-11T01:05:45.198907+00:00,TRY,10,10
2026-09-11T01:05:45.198907+00:00,TZS,10,10
2026-09-11T01:05:45.198907+00:00,UAH,10,10
2026-09-11T01:05:45.198907+00:00,UGX,10,10
2026-09-11T01:05:45.198907+00:00,VES,10,10
2026-09-11T01:05:45.198907+00:00,VND,10,10
2026-09-11T01:05:45.198907+00:00,XAF,10,10
2026-09-11T01:05:45.198907+00:00,XOF,10,10
2026-09-11T01:05:45.198907+00:00,ZAR,10,10
2026-09-11T01:05:45.198907+00:00,ZMW,10,10
2026-09-11T02:05:34.915388+00:00,AED,10,10
2026-09-11T02:05:34.915388+00:00,AFN,0,3
2026-09-11T02:05:34.915388+00:00,AMD,10,10
2026-09-11T02:05:34.915388+00:00,AOA,6,10
2026-09-11T02:05:34.915388+00:00,ARS,10,10
2026-09-11T02:05:34.915388+00:00,AZN,10,10
2026-09-11T02:05:34.915388+00:00,BDT,10,10
2026-09-11T02:05:34.915388+00:00,BND,5,10
2026-09-11T02:05:34.915388+00:00,BOB,10,10
2026-09-11T02:05:34.915388+00:00,BWP,0,9
2026-09-11T02:05:34.915388+00:00,CLP,10,10
2026-09-11T02:05:34.915388+00:00,COP,10,10
2026-09-11T02:05:34.915388+00:00,DZD,10,10
2026-09-11T02:05:34.915388+00:00,EGP,10,10
2026-09-11T02:05:34.915388+00:00,ETB,0,0
2026-09-11T02:05:34.915388+00:00,GEL,10,10
2026-09-11T02:05:34.915388+00:00,GHS,0,0
2026-09-11T02:05:34.915388+00:00,IDR,10,10
2026-09-11T02:05:34.915388+00:00,INR,10,10
2026-09-11T02:05:34.915388+00:00,IQD,10,10
2026-09-11T02:05:34.915388+00:00,JOD,10,10
2026-09-11T02:05:34.915388+00:00,KES,10,10
2026-09-11T02:05:34.915388+00:00,KHR,10,10
2026-09-11T02:05:34.915388+00:00,KWD,10,10
2026-09-11T02:05:34.915388+00:00,KZT,10,10
2026-09-11T02:05:34.915388+00:00,LAK,10,10
2026-09-11T02:05:34.915388+00:00,LBP,8,10
2026-09-11T02:05:34.915388+00:00,LKR,10,10
2026-09-11T02:05:34.915388+00:00,MAD,10,10
2026-09-11T02:05:34.915388+00:00,MNT,10,10
2026-09-11T02:05:34.915388+00:00,MXN,10,10
2026-09-11T02:05:34.915388+00:00,MZN,10,10
2026-09-11T02:05:34.915388+00:00,NGN,0,0
2026-09-11T02:05:34.915388+00:00,NPR,0,10
2026-09-11T02:05:34.915388+00:00,PEN,10,10
2026-09-11T02:05:34.915388+00:00,PHP,10,10
2026-09-11T02:05:34.915388+00:00,PKR,10,10
2026-09-11T02:05:34.915388+00:00,QAR,10,10
2026-09-11T02:05:34.915388+00:00,RWF,10,10
2026-09-11T02:05:34.915388+00:00,SAR,10,10
2026-09-11T02:05:34.915388+00:00,SDG,10,10
2026-09-11T02:05:34.915388+00:00,SYP,10,10
2026-09-11T02:05:34.915388+00:00,TND,10,10
2026-09-11T02:05:34.915388+00:00,TRY,10,10
2026-09-11T02:05:34.915388+00:00,TZS,10,10
2026-09-11T02:05:34.915388+00:00,UAH,10,10
2026-09-11T02:05:34.915388+00:00,UGX,10,10
2026-09-11T02:05:34.915388+00:00,VES,10,10
2026-09-11T02:05:34.915388+00:00,VND,10,10
2026-09-11T02:05:34.915388+00:00,XAF,10,10
2026-09-11T02:05:34.915388+00:00,XOF,10,10
2026-09-11T02:05:34.915388+00:00,ZAR,10,10
2026-09-11T02:05:34.915388+00:00,ZMW,10,10
2026-09-11T03:05:37.969145+00:00,AED,10,10
2026-09-11T03:05:37.969145+00:00,AFN,1,4
2026-09-11T03:05:37.969145+00:00,AMD,10,10
2026-09-11T03:05:37.969145+00:00,AOA,5,10
2026-09-11T03:05:37.969145+00:00,ARS,10,10
2026-09-11T03:05:37.969145+00:00,AZN,10,10
2026-09-11T03:05:37.969145+00:00,BDT,10,10
2026-09-11T03:05:37.969145+00:00,BND,7,10
2026-09-11T03:05:37.969145+00:00,BOB,10,10
2026-09-11T03:05:37.969145+00:00,BWP,0,9
2026-09-11T03:05:37.969145+00:00,CLP,10,10
2026-09-11T03:05:37.969145+00:00,COP,10,10
2026-09-11T03:05:37.969145+00:00,DZD,10,10
2026-09-11T03:05:37.969145+00:00,EGP,10,10
2026-09-11T03:05:37.969145+00:00,ETB,0,0
2026-09-11T03:05:37.969145+00:00,GEL,10,10
2026-09-11T03:05:37.969145+00:00,GHS,0,0
2026-09-11T03:05:37.969145+00:00,IDR,10,10
2026-09-11T03:05:37.969145+00:00,INR,10,10
2026-09-11T03:05:37.969145+00:00,IQD,10,10
2026-09-11T03:05:37.969145+00:00,JOD,10,10
2026-09-11T03:05:37.969145+00:00,KES,10,10
2026-09-11T03:05:37.969145+00:00,KHR,10,10
2026-09-11T03:05:37.969145+00:00,KWD,10,10
2026-09-11T03:05:37.969145+00:00,KZT,10,10
2026-09-11T03:05:37.969145+00:00,LAK,10,10
2026-09-11T03:05:37.969145+00:00,LBP,6,8
2026-09-11T03:05:37.969145+00:00,LKR,10,10
2026-09-11T03:05:37.969145+00:00,MAD,10,10
2026-09-11T03:05:37.969145+00:00,MNT,10,10
2026-09-11T03:05:37.969145+00:00,MXN,10,10
2026-09-11T03:05:37.969145+00:00,MZN,10,10
2026-09-11T03:05:37.969145+00:00,NGN,0,0
2026-09-11T03:05:37.969145+00:00,NPR,0,10
2026-09-11T03:05:37.969145+00:00,PEN,10,10
2026-09-11T03:05:37.969145+00:00,PHP,10,10
2026-09-11T03:05:37.969145+00:00,PKR,10,10
2026-09-11T03:05:37.969145+00:00,QAR,10,10
2026-09-11T03:05:37.969145+00:00,RWF,10,10
2026-09-11T03:05:37.969145+00:00,SAR,10,10
2026-09-11T03:05:37.969145+00:00,SDG,10,10
2026-09-11T03:05:37.969145+00:00,SYP,9,10
2026-09-11T03:05:37.969145+00:00,TND,10,10
2026-09-11T03:05:37.969145+00:00,TRY,10,10
2026-09-11T03:05:37.969145+00:00,TZS,10,10
2026-09-11T03:05:37.969145+00:00,UAH,10,10
2026-09-11T03:05:37.969145+00:00,UGX,10,10
2026-09-11T03:05:37.969145+00:00,VES,10,10
2026-09-11T03:05:37.969145+00:00,VND,10,10
2026-09-11T03:05:37.969145+00:00,XAF,10,10
2026-09-11T03:05:37.969145+00:00,XOF,10,10
2026-09-11T03:05:37.969145+00:00,ZAR,10,10
2026-09-11T03:05:37.969145+00:00,ZMW,10,10
2026-09-11T04:05:36.672461+00:00,AED,10,10
2026-09-11T04:05:36.672461+00:00,AFN,1,5
2026-09-11T04:05:36.672461+00:00,AMD,10,10
2026-09-11T04:05:36.672461+00:00,AOA,7,10
2026-09-11T04:05:36.672461+00:00,ARS,10,10
2026-09-11T04:05:36.672461+00:00,AZN,10,10
2026-09-11T04:05:36.672461+00:00,BDT,10,10
2026-09-11T04:05:36.672461+00:00,BND,9,10
2026-09-11T04:05:36.672461+00:00,BOB,10,10
2026-09-11T04:05:36.672461+00:00,BWP,0,9
2026-09-11T04:05:36.672461+00:00,CLP,10,10
2026-09-11T04:05:36.672461+00:00,COP,10,10
2026-09-11T04:05:36.672461+00:00,DZD,10,10
2026-09-11T04:05:36.672461+00:00,EGP,10,10
2026-09-11T04:05:36.672461+00:00,ETB,0,0
2026-09-11T04:05:36.672461+00:00,GEL,10,10
2026-09-11T04:05:36.672461+00:00,GHS,0,0
2026-09-11T04:05:36.672461+00:00,IDR,10,10
2026-09-11T04:05:36.672461+00:00,INR,10,10
2026-09-11T04:05:36.672461+00:00,IQD,10,10
2026-09-11T04:05:36.672461+00:00,JOD,10,10
2026-09-11T04:05:36.672461+00:00,KES,10,10
2026-09-11T04:05:36.672461+00:00,KHR,10,10
2026-09-11T04:05:36.672461+00:00,KWD,10,10
2026-09-11T04:05:36.672461+00:00,KZT,10,10
2026-09-11T04:05:36.672461+00:00,LAK,10,10
2026-09-11T04:05:36.672461+00:00,LBP,6,8
2026-09-11T04:05:36.672461+00:00,LKR,10,10
2026-09-11T04:05:36.672461+00:00,MAD,10,10
2026-09-11T04:05:36.672461+00:00,MNT,10,10
2026-09-11T04:05:36.672461+00:00,MXN,10,10
2026-09-11T04:05:36.672461+00:00,MZN,10,10
2026-09-11T04:05:36.672461+00:00,NGN,0,0
2026-09-11T04:05:36.672461+00:00,NPR,2,10
2026-09-11T04:05:36.672461+00:00,PEN,10,10
2026-09-11T04:05:36.672461+00:00,PHP,10,10
2026-09-11T04:05:36.672461+00:00,PKR,10,10
2026-09-11T04:05:36.672461+00:00,QAR,10,10
2026-09-11T04:05:36.672461+00:00,RWF,10,10
2026-09-11T04:05:36.672461+00:00,SAR,10,10
2026-09-11T04:05:36.672461+00:00,SDG,10,10
2026-09-11T04:05:36.672461+00:00,SYP,9,10
2026-09-11T04:05:36.672461+00:00,TND,10,10
2026-09-11T04:05:36.672461+00:00,TRY,10,10
2026-09-11T04:05:36.672461+00:00,TZS,10,10
2026-09-11T04:05:36.672461+00:00,UAH,10,10
2026-09-11T04:05:36.672461+00:00,UGX,10,10
2026-09-11T04:05:36.672461+00:00,VES,10,10
2026-09-11T04:05:36.672461+00:00,VND,10,10
2026-09-11T04:05:36.672461+00:00,XAF,10,10
2026-09-11T04:05:36.672461+00:00,XOF,10,10
2026-09-11T04:05:36.672461+00:00,ZAR,10,10
2026-09-11T04:05:36.672461+00:00,ZMW,10,10
2026-09-11T05:05:40.035462+00:00,AED,10,10
2026-09-11T05:05:40.035462+00:00,AFN,3,6
2026-09-11T05:05:40.035462+00:00,AMD,10,10
2026-09-11T05:05:40.035462+00:00,AOA,7,10
2026-09-11T05:05:40.035462+00:00,ARS,10,10
2026-09-11T05:05:40.035462+00:00,AZN,10,10
2026-09-11T05:05:40.035462+00:00,BDT,10,10
2026-09-11T05:05:40.035462+00:00,BND,10,10
2026-09-11T05:05:40.035462+00:00,BOB,10,10
2026-09-11T05:05:40.035462+00:00,BWP,0,9
2026-09-11T05:05:40.035462+00:00,CLP,10,10
2026-09-11T05:05:40.035462+00:00,COP,10,10
2026-09-11T05:05:40.035462+00:00,DZD,10,10
2026-09-11T05:05:40.035462+00:00,EGP,10,10
2026-09-11T05:05:40.035462+00:00,ETB,0,0
2026-09-11T05:05:40.035462+00:00,GEL,10,10
2026-09-11T05:05:40.035462+00:00,GHS,0,0
2026-09-11T05:05:40.035462+00:00,IDR,10,10
2026-09-11T05:05:40.035462+00:00,INR,10,10
2026-09-11T05:05:40.035462+00:00,IQD,10,10
2026-09-11T05:05:40.035462+00:00,JOD,10,10
2026-09-11T05:05:40.035462+00:00,KES,10,10
2026-09-11T05:05:40.035462+00:00,KHR,10,10
2026-09-11T05:05:40.035462+00:00,KWD,10,10
2026-09-11T05:05:40.035462+00:00,KZT,10,10
2026-09-11T05:05:40.035462+00:00,LAK,10,10
2026-09-11T05:05:40.035462+00:00,LBP,10,10
2026-09-11T05:05:40.035462+00:00,LKR,10,10
2026-09-11T05:05:40.035462+00:00,MAD,10,10
2026-09-11T05:05:40.035462+00:00,MNT,10,10
2026-09-11T05:05:40.035462+00:00,MXN,10,10
2026-09-11T05:05:40.035462+00:00,MZN,10,10
2026-09-11T05:05:40.035462+00:00,NGN,0,0
2026-09-11T05:05:40.035462+00:00,NPR,2,10
2026-09-11T05:05:40.035462+00:00,PEN,10,10
2026-09-11T05:05:40.035462+00:00,PHP,10,10
2026-09-11T05:05:40.035462+00:00,PKR,10,10
2026-09-11T05:05:40.035462+00:00,QAR,10,10
2026-09-11T05:05:40.035462+00:00,RWF,10,10
2026-09-11T05:05:40.035462+00:00,SAR,10,10
2026-09-11T05:05:40.035462+00:00,SDG,10,10
2026-09-11T05:05:40.035462+00:00,SYP,9,10
2026-09-11T05:05:40.035462+00:00,TND,10,10
2026-09-11T05:05:40.035462+00:00,TRY,10,10
2026-09-11T05:05:40.035462+00:00,TZS,10,10
2026-09-11T05:05:40.035462+00:00,UAH,10,10
2026-09-11T05:05:40.035462+00:00,UGX,10,10
2026-09-11T05:05:40.035462+00:00,VES,10,10
2026-09-11T05:05:40.035462+00:00,VND,10,10
2026-09-11T05:05:40.035462+00:00,XAF,10,10
2026-09-11T05:05:40.035462+00:00,XOF,10,10
2026-09-11T05:05:40.035462+00:00,ZAR,10,10
2026-09-11T05:05:40.035462+00:00,ZMW,10,10
2026-09-11T06:05:38.737053+00:00,AED,10,10
2026-09-11T06:05:38.737053+00:00,AFN,4,6
2026-09-11T06:05:38.737053+00:00,AMD,10,10
2026-09-11T06:05:38.737053+00:00,AOA,7,10
2026-09-11T06:05:38.737053+00:00,ARS,10,10
2026-09-11T06:05:38.737053+00:00,AZN,10,10
2026-09-11T06:05:38.737053+00:00,BDT,10,10
2026-09-11T06:05:38.737053+00:00,BND,10,10
2026-09-11T06:05:38.737053+00:00,BOB,10,10
2026-09-11T06:05:38.737053+00:00,BWP,0,10
2026-09-11T06:05:38.737053+00:00,CLP,10,10
2026-09-11T06:05:38.737053+00:00,COP,10,10
2026-09-11T06:05:38.737053+00:00,DZD,10,10
2026-09-11T06:05:38.737053+00:00,EGP,10,10
2026-09-11T06:05:38.737053+00:00,ETB,0,0
2026-09-11T06:05:38.737053+00:00,GEL,10,10
2026-09-11T06:05:38.737053+00:00,GHS,0,0
2026-09-11T06:05:38.737053+00:00,IDR,10,10
2026-09-11T06:05:38.737053+00:00,INR,10,10
2026-09-11T06:05:38.737053+00:00,IQD,10,10
2026-09-11T06:05:38.737053+00:00,JOD,10,10
2026-09-11T06:05:38.737053+00:00,KES,10,10
2026-09-11T06:05:38.737053+00:00,KHR,10,10
2026-09-11T06:05:38.737053+00:00,KWD,10,10
2026-09-11T06:05:38.737053+00:00,KZT,10,10
2026-09-11T06:05:38.737053+00:00,LAK,10,10
2026-09-11T06:05:38.737053+00:00,LBP,10,10
2026-09-11T06:05:38.737053+00:00,LKR,10,10
2026-09-11T06:05:38.737053+00:00,MAD,10,10
2026-09-11T06:05:38.737053+00:00,MNT,10,10
2026-09-11T06:05:38.737053+00:00,MXN,10,10
2026-09-11T06:05:38.737053+00:00,MZN,10,10
2026-09-11T06:05:38.737053+00:00,NGN,0,0
2026-09-11T06:05:38.737053+00:00,NPR,2,10
2026-09-11T06:05:38.737053+00:00,PEN,10,10
2026-09-11T06:05:38.737053+00:00,PHP,10,10
2026-09-11T06:05:38.737053+00:00,PKR,10,10
2026-09-11T06:05:38.737053+00:00,QAR,10,10
2026-09-11T06:05:38.737053+00:00,RWF,10,10
2026-09-11T06:05:38.737053+00:00,SAR,10,10
2026-09-11T06:05:38.737053+00:00,SDG,10,10
2026-09-11T06:05:38.737053+00:00,SYP,10,10
2026-09-11T06:05:38.737053+00:00,TND,10,10
2026-09-11T06:05:38.737053+00:00,TRY,10,10
2026-09-11T06:05:38.737053+00:00,TZS,10,10
2026-09-11T06:05:38.737053+00:00,UAH,10,10
2026-09-11T06:05:38.737053+00:00,UGX,10,10
2026-09-11T06:05:38.737053+00:00,VES,10,10
2026-09-11T06:05:38.737053+00:00,VND,10,10
2026-09-11T06:05:38.737053+00:00,XAF,10,10
2026-09-11T06:05:38.737053+00:00,XOF,10,10
2026-09-11T06:05:38.737053+00:00,ZAR,10,10
2026-09-11T06:05:38.737053+00:00,ZMW,10,10
2026-09-11T07:05:39.033335+00:00,AED,10,10
2026-09-11T07:05:39.033335+00:00,AFN,4,6
2026-09-11T07:05:39.033335+00:00,AMD,10,10
2026-09-11T07:05:39.033335+00:00,AOA,4,10
2026-09-11T07:05:39.033335+00:00,ARS,10,10
2026-09-11T07:05:39.033335+00:00,AZN,10,10
2026-09-11T07:05:39.033335+00:00,BDT,10,10
2026-09-11T07:05:39.033335+00:00,BND,9,10
2026-09-11T07:05:39.033335+00:00,BOB,10,10
2026-09-11T07:05:39.033335+00:00,BWP,0,10
2026-09-11T07:05:39.033335+00:00,CLP,10,10
2026-09-11T07:05:39.033335+00:00,COP,10,10
2026-09-11T07:05:39.033335+00:00,DZD,10,10
2026-09-11T07:05:39.033335+00:00,EGP,10,10
2026-09-11T07:05:39.033335+00:00,ETB,0,0
2026-09-11T07:05:39.033335+00:00,GEL,10,10
2026-09-11T07:05:39.033335+00:00,GHS,0,0
2026-09-11T07:05:39.033335+00:00,IDR,10,10
2026-09-11T07:05:39.033335+00:00,INR,10,10
2026-09-11T07:05:39.033335+00:00,IQD,10,10
2026-09-11T07:05:39.033335+00:00,JOD,10,10
2026-09-11T07:05:39.033335+00:00,KES,10,10
2026-09-11T07:05:39.033335+00:00,KHR,10,10
2026-09-11T07:05:39.033335+00:00,KWD,10,10
2026-09-11T07:05:39.033335+00:00,KZT,10,10
2026-09-11T07:05:39.033335+00:00,LAK,10,10
2026-09-11T07:05:39.033335+00:00,LBP,10,10
2026-09-11T07:05:39.033335+00:00,LKR,10,10
2026-09-11T07:05:39.033335+00:00,MAD,10,10
2026-09-11T07:05:39.033335+00:00,MNT,10,10
2026-09-11T07:05:39.033335+00:00,MXN,10,10
2026-09-11T07:05:39.033335+00:00,MZN,10,10
2026-09-11T07:05:39.033335+00:00,NGN,0,0
2026-09-11T07:05:39.033335+00:00,NPR,1,10
2026-09-11T07:05:39.033335+00:00,PEN,10,10
2026-09-11T07:05:39.033335+00:00,PHP,10,10
2026-09-11T07:05:39.033335+00:00,PKR,10,10
2026-09-11T07:05:39.033335+00:00,QAR,10,10
2026-09-11T07:05:39.033335+00:00,RWF,10,10
2026-09-11T07:05:39.033335+00:00,SAR,10,10
2026-09-11T07:05:39.033335+00:00,SDG,10,10
2026-09-11T07:05:39.033335+00:00,SYP,10,10
2026-09-11T07:05:39.033335+00:00,TND,10,10
2026-09-11T07:05:39.033335+00:00,TRY,10,10
2026-09-11T07:05:39.033335+00:00,TZS,10,10
2026-09-11T07:05:39.033335+00:00,UAH,10,10
2026-09-11T07:05:39.033335+00:00,UGX,10,10
2026-09-11T07:05:39.033335+00:00,VES,10,10
2026-09-11T07:05:39.033335+00:00,VND,10,10
2026-09-11T07:05:39.033335+00:00,XAF,10,10
2026-09-11T07:05:39.033335+00:00,XOF,10,10
2026-09-11T07:05:39.033335+00:00,ZAR,10,10
2026-09-11T07:05:39.033335+00:00,ZMW,10,10
2026-09-11T08:05:44.761073+00:00,AED,10,10
2026-09-11T08:05:44.761073+00:00,AFN,4,6
2026-09-11T08:05:44.761073+00:00,AMD,10,10
2026-09-11T08:05:44.761073+00:00,AOA,10,10
2026-09-11T08:05:44.761073+00:00,ARS,10,10
2026-09-11T08:05:44.761073+00:00,AZN,10,10
2026-09-11T08:05:44.761073+00:00,BDT,10,10
2026-09-11T08:05:44.761073+00:00,BND,8,10
2026-09-11T08:05:44.761073+00:00,BOB,10,10
2026-09-11T08:05:44.761073+00:00,BWP,0,9
2026-09-11T08:05:44.761073+00:00,CLP,10,10
2026-09-11T08:05:44.761073+00:00,COP,10,10
2026-09-11T08:05:44.761073+00:00,DZD,10,10
2026-09-11T08:05:44.761073+00:00,EGP,10,10
2026-09-11T08:05:44.761073+00:00,ETB,0,0
2026-09-11T08:05:44.761073+00:00,GEL,10,10
2026-09-11T08:05:44.761073+00:00,GHS,0,0
2026-09-11T08:05:44.761073+00:00,IDR,10,10
2026-09-11T08:05:44.761073+00:00,INR,10,10
2026-09-11T08:05:44.761073+00:00,IQD,10,10
2026-09-11T08:05:44.761073+00:00,JOD,10,10
2026-09-11T08:05:44.761073+00:00,KES,10,10
2026-09-11T08:05:44.761073+00:00,KHR,10,10
2026-09-11T08:05:44.761073+00:00,KWD,10,10
2026-09-11T08:05:44.761073+00:00,KZT,10,10
2026-09-11T08:05:44.761073+00:00,LAK,10,10
2026-09-11T08:05:44.761073+00:00,LBP,10,10
2026-09-11T08:05:44.761073+00:00,LKR,10,10
2026-09-11T08:05:44.761073+00:00,MAD,10,10
2026-09-11T08:05:44.761073+00:00,MNT,10,10
2026-09-11T08:05:44.761073+00:00,MXN,10,10
2026-09-11T08:05:44.761073+00:00,MZN,10,10
2026-09-11T08:05:44.761073+00:00,NGN,0,0
2026-09-11T08:05:44.761073+00:00,NPR,0,10
2026-09-11T08:05:44.761073+00:00,PEN,10,10
2026-09-11T08:05:44.761073+00:00,PHP,10,10
2026-09-11T08:05:44.761073+00:00,PKR,10,10
2026-09-11T08:05:44.761073+00:00,QAR,10,10
2026-09-11T08:05:44.761073+00:00,RWF,10,10
2026-09-11T08:05:44.761073+00:00,SAR,10,10
2026-09-11T08:05:44.761073+00:00,SDG,10,10
2026-09-11T08:05:44.761073+00:00,SYP,10,10
2026-09-11T08:05:44.761073+00:00,TND,10,10
2026-09-11T08:05:44.761073+00:00,TRY,10,10
2026-09-11T08:05:44.761073+00:00,TZS,10,10
2026-09-11T08:05:44.761073+00:00,UAH,10,10
2026-09-11T08:05:44.761073+00:00,UGX,10,10
2026-09-11T08:05:44.761073+00:00,VES,10,10
2026-09-11T08:05:44.761073+00:00,VND,10,10
2026-09-11T08:05:44.761073+00:00,XAF,10,10
2026-09-11T08:05:44.761073+00:00,XOF,10,10
2026-09-11T08:05:44.761073+00:00,ZAR,10,10
2026-09-11T08:05:44.761073+00:00,ZMW,10,10
2026-09-11T09:05:40.760531+00:00,AED,10,10
2026-09-11T09:05:40.760531+00:00,AFN,2,5
2026-09-11T09:05:40.760531+00:00,AMD,10,10
2026-09-11T09:05:40.760531+00:00,AOA,8,10
2026-09-11T09:05:40.760531+00:00,ARS,10,10
2026-09-11T09:05:40.760531+00:00,AZN,10,10
2026-09-11T09:05:40.760531+00:00,BDT,10,10
2026-09-11T09:05:40.760531+00:00,BND,8,10
2026-09-11T09:05:40.760531+00:00,BOB,10,10
2026-09-11T09:05:40.760531+00:00,BWP,0,9
2026-09-11T09:05:40.760531+00:00,CLP,10,10
2026-09-11T09:05:40.760531+00:00,COP,10,10
2026-09-11T09:05:40.760531+00:00,DZD,10,10
2026-09-11T09:05:40.760531+00:00,EGP,10,10
2026-09-11T09:05:40.760531+00:00,ETB,0,0
2026-09-11T09:05:40.760531+00:00,GEL,10,10
2026-09-11T09:05:40.760531+00:00,GHS,0,0
2026-09-11T09:05:40.760531+00:00,IDR,10,10
2026-09-11T09:05:40.760531+00:00,INR,10,10
2026-09-11T09:05:40.760531+00:00,IQD,10,10
2026-09-11T09:05:40.760531+00:00,JOD,10,10
2026-09-11T09:05:40.760531+00:00,KES,10,10
2026-09-11T09:05:40.760531+00:00,KHR,10,10
2026-09-11T09:05:40.760531+00:00,KWD,10,10
2026-09-11T09:05:40.760531+00:00,KZT,10,10
2026-09-11T09:05:40.760531+00:00,LAK,10,10
2026-09-11T09:05:40.760531+00:00,LBP,10,10
2026-09-11T09:05:40.760531+00:00,LKR,10,10
2026-09-11T09:05:40.760531+00:00,MAD,10,10
2026-09-11T09:05:40.760531+00:00,MNT,9,10
2026-09-11T09:05:40.760531+00:00,MXN,10,10
2026-09-11T09:05:40.760531+00:00,MZN,10,10
2026-09-11T09:05:40.760531+00:00,NGN,0,0
2026-09-11T09:05:40.760531+00:00,NPR,0,10
2026-09-11T09:05:40.760531+00:00,PEN,10,10
2026-09-11T09:05:40.760531+00:00,PHP,10,10
2026-09-11T09:05:40.760531+00:00,PKR,10,10
2026-09-11T09:05:40.760531+00:00,QAR,10,10
2026-09-11T09:05:40.760531+00:00,RWF,10,10
2026-09-11T09:05:40.760531+00:00,SAR,10,10
2026-09-11T09:05:40.760531+00:00,SDG,10,10
2026-09-11T09:05:40.760531+00:00,SYP,10,10
2026-09-11T09:05:40.760531+00:00,TND,10,10
2026-09-11T09:05:40.760531+00:00,TRY,10,10
2026-09-11T09:05:40.760531+00:00,TZS,10,10
2026-09-11T09:05:40.760531+00:00,UAH,10,10
2026-09-11T09:05:40.760531+00:00,UGX,10,10
2026-09-11T09:05:40.760531+00:00,VES,10,10
2026-09-11T09:05:40.760531+00:00,VND,10,10
2026-09-11T09:05:40.760531+00:00,XAF,10,10
2026-09-11T09:05:40.760531+00:00,XOF,10,10
2026-09-11T09:05:40.760531+00:00,ZAR,10,10
2026-09-11T09:05:40.760531+00:00,ZMW,10,10
2026-09-11T10:05:38.839050+00:00,AED,10,10
2026-09-11T10:05:38.839050+00:00,AFN,4,6
2026-09-11T10:05:38.839050+00:00,AMD,10,10
2026-09-11T10:05:38.839050+00:00,AOA,8,10
2026-09-11T10:05:38.839050+00:00,ARS,10,10
2026-09-11T10:05:38.839050+00:00,AZN,10,10
2026-09-11T10:05:38.839050+00:00,BDT,10,10
2026-09-11T10:05:38.839050+00:00,BND,8,10
2026-09-11T10:05:38.839050+00:00,BOB,10,10
2026-09-11T10:05:38.839050+00:00,BWP,0,9
2026-09-11T10:05:38.839050+00:00,CLP,10,10
2026-09-11T10:05:38.839050+00:00,COP,10,10
2026-09-11T10:05:38.839050+00:00,DZD,10,10
2026-09-11T10:05:38.839050+00:00,EGP,10,10
2026-09-11T10:05:38.839050+00:00,ETB,0,0
2026-09-11T10:05:38.839050+00:00,GEL,10,10
2026-09-11T10:05:38.839050+00:00,GHS,0,0
2026-09-11T10:05:38.839050+00:00,IDR,10,10
2026-09-11T10:05:38.839050+00:00,INR,10,10
2026-09-11T10:05:38.839050+00:00,IQD,10,10
2026-09-11T10:05:38.839050+00:00,JOD,10,10
2026-09-11T10:05:38.839050+00:00,KES,10,10
2026-09-11T10:05:38.839050+00:00,KHR,10,10
2026-09-11T10:05:38.839050+00:00,KWD,10,10
2026-09-11T10:05:38.839050+00:00,KZT,10,10
2026-09-11T10:05:38.839050+00:00,LAK,10,10
2026-09-11T10:05:38.839050+00:00,LBP,10,10
2026-09-11T10:05:38.839050+00:00,LKR,10,10
2026-09-11T10:05:38.839050+00:00,MAD,10,10
2026-09-11T10:05:38.839050+00:00,MNT,9,10
2026-09-11T10:05:38.839050+00:00,MXN,10,10
2026-09-11T10:05:38.839050+00:00,MZN,10,10
2026-09-11T10:05:38.839050+00:00,NGN,0,0
2026-09-11T10:05:38.839050+00:00,NPR,0,10
2026-09-11T10:05:38.839050+00:00,PEN,10,10
2026-09-11T10:05:38.839050+00:00,PHP,10,10
2026-09-11T10:05:38.839050+00:00,PKR,10,10
2026-09-11T10:05:38.839050+00:00,QAR,10,10
2026-09-11T10:05:38.839050+00:00,RWF,10,10
2026-09-11T10:05:38.839050+00:00,SAR,10,10
2026-09-11T10:05:38.839050+00:00,SDG,10,10
2026-09-11T10:05:38.839050+00:00,SYP,10,10
2026-09-11T10:05:38.839050+00:00,TND,10,10
2026-09-11T10:05:38.839050+00:00,TRY,10,10
2026-09-11T10:05:38.839050+00:00,TZS,10,10
2026-09-11T10:05:38.839050+00:00,UAH,10,10
2026-09-11T10:05:38.839050+00:00,UGX,10,10
2026-09-11T10:05:38.839050+00:00,VES,10,10
2026-09-11T10:05:38.839050+00:00,VND,10,10
2026-09-11T10:05:38.839050+00:00,XAF,10,10
2026-09-11T10:05:38.839050+00:00,XOF,10,10
2026-09-11T10:05:38.839050+00:00,ZAR,10,10
2026-09-11T10:05:38.839050+00:00,ZMW,10,10
2026-09-11T11:05:39.732812+00:00,AED,10,10
2026-09-11T11:05:39.732812+00:00,AFN,4,6
2026-09-11T11:05:39.732812+00:00,AMD,10,10
2026-09-11T11:05:39.732812+00:00,AOA,8,10
2026-09-11T11:05:39.732812+00:00,ARS,10,10
2026-09-11T11:05:39.732812+00:00,AZN,10,10
2026-09-11T11:05:39.732812+00:00,BDT,10,10
2026-09-11T11:05:39.732812+00:00,BND,7,10
2026-09-11T11:05:39.732812+00:00,BOB,10,10
2026-09-11T11:05:39.732812+00:00,BWP,0,9
2026-09-11T11:05:39.732812+00:00,CLP,10,10
2026-09-11T11:05:39.732812+00:00,COP,10,10
2026-09-11T11:05:39.732812+00:00,DZD,10,10
2026-09-11T11:05:39.732812+00:00,EGP,10,10
2026-09-11T11:05:39.732812+00:00,ETB,0,0
2026-09-11T11:05:39.732812+00:00,GEL,10,10
2026-09-11T11:05:39.732812+00:00,GHS,0,0
2026-09-11T11:05:39.732812+00:00,IDR,10,10
2026-09-11T11:05:39.732812+00:00,INR,10,10
2026-09-11T11:05:39.732812+00:00,IQD,10,10
2026-09-11T11:05:39.732812+00:00,JOD,10,10
2026-09-11T11:05:39.732812+00:00,KES,10,10
2026-09-11T11:05:39.732812+00:00,KHR,10,10
2026-09-11T11:05:39.732812+00:00,KWD,10,10
2026-09-11T11:05:39.732812+00:00,KZT,10,10
2026-09-11T11:05:39.732812+00:00,LAK,10,10
2026-09-11T11:05:39.732812+00:00,LBP,10,10
2026-09-11T11:05:39.732812+00:00,LKR,10,10
2026-09-11T11:05:39.732812+00:00,MAD,10,10
2026-09-11T11:05:39.732812+00:00,MNT,8,10
2026-09-11T11:05:39.732812+00:00,MXN,10,10
2026-09-11T11:05:39.732812+00:00,MZN,10,10
2026-09-11T11:05:39.732812+00:00,NGN,0,0
2026-09-11T11:05:39.732812+00:00,NPR,0,10
2026-09-11T11:05:39.732812+00:00,PEN,10,10
2026-09-11T11:05:39.732812+00:00,PHP,10,10
2026-09-11T11:05:39.732812+00:00,PKR,10,10
2026-09-11T11:05:39.732812+00:00,QAR,10,10
2026-09-11T11:05:39.732812+00:00,RWF,10,10
2026-09-11T11:05:39.732812+00:00,SAR,10,10
2026-09-11T11:05:39.732812+00:00,SDG,10,10
2026-09-11T11:05:39.732812+00:00,SYP,10,10
2026-09-11T11:05:39.732812+00:00,TND,10,10
2026-09-11T11:05:39.732812+00:00,TRY,10,10
2026-09-11T11:05:39.732812+00:00,TZS,10,10
2026-09-11T11:05:39.732812+00:00,UAH,10,10
2026-09-11T11:05:39.732812+00:00,UGX,10,10
2026-09-11T11:05:39.732812+00:00,VES,10,10
2026-09-11T11:05:39.732812+00:00,VND,10,10
2026-09-11T11:05:39.732812+00:00,XAF,10,10
2026-09-11T11:05:39.732812+00:00,XOF,10,10
2026-09-11T11:05:39.732812+00:00,ZAR,10,10
2026-09-11T11:05:39.732812+00:00,ZMW,10,10
2026-09-11T12:05:37.576052+00:00,AED,10,10
2026-09-11T12:05:37.576052+00:00,AFN,4,6
2026-09-11T12:05:37.576052+00:00,AMD,10,10
2026-09-11T12:05:37.576052+00:00,AOA,7,10
2026-09-11T12:05:37.576052+00:00,ARS,10,10
2026-09-11T12:05:37.576052+00:00,AZN,10,10
2026-09-11T12:05:37.576052+00:00,BDT,10,10
2026-09-11T12:05:37.576052+00:00,BND,7,10
2026-09-11T12:05:37.576052+00:00,BOB,10,10
2026-09-11T12:05:37.576052+00:00,BWP,0,9
2026-09-11T12:05:37.576052+00:00,CLP,10,10
2026-09-11T12:05:37.576052+00:00,COP,10,10
2026-09-11T12:05:37.576052+00:00,DZD,10,10
2026-09-11T12:05:37.576052+00:00,EGP,10,10
2026-09-11T12:05:37.576052+00:00,ETB,0,0
2026-09-11T12:05:37.576052+00:00,GEL,10,10
2026-09-11T12:05:37.576052+00:00,GHS,0,0
2026-09-11T12:05:37.576052+00:00,IDR,10,10
2026-09-11T12:05:37.576052+00:00,INR,10,10
2026-09-11T12:05:37.576052+00:00,IQD,10,10
2026-09-11T12:05:37.576052+00:00,JOD,10,10
2026-09-11T12:05:37.576052+00:00,KES,10,10
2026-09-11T12:05:37.576052+00:00,KHR,10,10
2026-09-11T12:05:37.576052+00:00,KWD,10,10
2026-09-11T12:05:37.576052+00:00,KZT,10,10
2026-09-11T12:05:37.576052+00:00,LAK,10,10
2026-09-11T12:05:37.576052+00:00,LBP,10,10
2026-09-11T12:05:37.576052+00:00,LKR,10,10
2026-09-11T12:05:37.576052+00:00,MAD,10,10
2026-09-11T12:05:37.576052+00:00,MNT,9,10
2026-09-11T12:05:37.576052+00:00,MXN,10,10
2026-09-11T12:05:37.576052+00:00,MZN,10,10
2026-09-11T12:05:37.576052+00:00,NGN,0,0
2026-09-11T12:05:37.576052+00:00,NPR,0,10
2026-09-11T12:05:37.576052+00:00,PEN,10,10
2026-09-11T12:05:37.576052+00:00,PHP,10,10
2026-09-11T12:05:37.576052+00:00,PKR,10,10
2026-09-11T12:05:37.576052+00:00,QAR,10,10
2026-09-11T12:05:37.576052+00:00,RWF,10,10
2026-09-11T12:05:37.576052+00:00,SAR,10,10
2026-09-11T12:05:37.576052+00:00,SDG,10,10
2026-09-11T12:05:37.576052+00:00,SYP,10,10
2026-09-11T12:05:37.576052+00:00,TND,10,10
2026-09-11T12:05:37.576052+00:00,TRY,10,10
2026-09-11T12:05:37.576052+00:00,TZS,10,10
2026-09-11T12:05:37.576052+00:00,UAH,10,10
2026-09-11T12:05:37.576052+00:00,UGX,10,10
2026-09-11T12:05:37.576052+00:00,VES,10,10
2026-09-11T12:05:37.576052+00:00,VND,10,10
2026-09-11T12:05:37.576052+00:00,XAF,10,10
2026-09-11T12:05:37.576052+00:00,XOF,10,10
2026-09-11T12:05:37.576052+00:00,ZAR,10,10
2026-09-11T12:05:37.576052+00:00,ZMW,10,10
2026-09-11T13:05:41.296092+00:00,AED,10,10
2026-09-11T13:05:41.296092+00:00,AFN,4,6
2026-09-11T13:05:41.296092+00:00,AMD,10,10
2026-09-11T13:05:41.296092+00:00,AOA,6,10
2026-09-11T13:05:41.296092+00:00,ARS,10,10
2026-09-11T13:05:41.296092+00:00,AZN,10,10
2026-09-11T13:05:41.296092+00:00,BDT,10,10
2026-09-11T13:05:41.296092+00:00,BND,6,10
2026-09-11T13:05:41.296092+00:00,BOB,10,10
2026-09-11T13:05:41.296092+00:00,BWP,0,9
2026-09-11T13:05:41.296092+00:00,CLP,10,10
2026-09-11T13:05:41.296092+00:00,COP,10,10
2026-09-11T13:05:41.296092+00:00,DZD,10,10
2026-09-11T13:05:41.296092+00:00,EGP,10,10
2026-09-11T13:05:41.296092+00:00,ETB,0,0
2026-09-11T13:05:41.296092+00:00,GEL,10,10
2026-09-11T13:05:41.296092+00:00,GHS,0,0
2026-09-11T13:05:41.296092+00:00,IDR,10,10
2026-09-11T13:05:41.296092+00:00,INR,10,10
2026-09-11T13:05:41.296092+00:00,IQD,10,10
2026-09-11T13:05:41.296092+00:00,JOD,10,10
2026-09-11T13:05:41.296092+00:00,KES,10,10
2026-09-11T13:05:41.296092+00:00,KHR,9,10
2026-09-11T13:05:41.296092+00:00,KWD,10,10
2026-09-11T13:05:41.296092+00:00,KZT,10,10
2026-09-11T13:05:41.296092+00:00,LAK,10,10
2026-09-11T13:05:41.296092+00:00,LBP,10,10
2026-09-11T13:05:41.296092+00:00,LKR,10,10
2026-09-11T13:05:41.296092+00:00,MAD,10,10
2026-09-11T13:05:41.296092+00:00,MNT,9,10
2026-09-11T13:05:41.296092+00:00,MXN,10,10
2026-09-11T13:05:41.296092+00:00,MZN,10,10
2026-09-11T13:05:41.296092+00:00,NGN,0,0
2026-09-11T13:05:41.296092+00:00,NPR,0,10
2026-09-11T13:05:41.296092+00:00,PEN,10,10
2026-09-11T13:05:41.296092+00:00,PHP,10,10
2026-09-11T13:05:41.296092+00:00,PKR,10,10
2026-09-11T13:05:41.296092+00:00,QAR,10,10
2026-09-11T13:05:41.296092+00:00,RWF,10,10
2026-09-11T13:05:41.296092+00:00,SAR,10,10
2026-09-11T13:05:41.296092+00:00,SDG,10,10
2026-09-11T13:05:41.296092+00:00,SYP,10,10
2026-09-11T13:05:41.296092+00:00,TND,10,10
2026-09-11T13:05:41.296092+00:00,TRY,10,10
2026-09-11T13:05:41.296092+00:00,TZS,10,10
2026-09-11T13:05:41.296092+00:00,UAH,10,10
2026-09-11T13:05:41.296092+00:00,UGX,10,10
2026-09-11T13:05:41.296092+00:00,VES,10,10
2026-09-11T13:05:41.296092+00:00,VND,10,10
2026-09-11T13:05:41.296092+00:00,XAF,10,10
2026-09-11T13:05:41.296092+00:00,XOF,10,10
2026-09-11T13:05:41.296092+00:00,ZAR,10,10
2026-09-11T13:05:41.296092+00:00,ZMW,10,10
2026-09-11T14:05:42.618111+00:00,AED,10,10
2026-09-11T14:05:42.618111+00:00,AFN,4,6
2026-09-11T14:05:42.618111+00:00,AMD,10,10
2026-09-11T14:05:42.618111+00:00,AOA,7,10
2026-09-11T14:05:42.618111+00:00,ARS,10,10
2026-09-11T14:05:42.618111+00:00,AZN,10,10
2026-09-11T14:05:42.618111+00:00,BDT,10,10
2026-09-11T14:05:42.618111+00:00,BND,6,10
2026-09-11T14:05:42.618111+00:00,BOB,10,10
2026-09-11T14:05:42.618111+00:00,BWP,0,9
2026-09-11T14:05:42.618111+00:00,CLP,10,10
2026-09-11T14:05:42.618111+00:00,COP,10,10
2026-09-11T14:05:42.618111+00:00,DZD,10,10
2026-09-11T14:05:42.618111+00:00,EGP,10,10
2026-09-11T14:05:42.618111+00:00,ETB,0,0
2026-09-11T14:05:42.618111+00:00,GEL,10,10
2026-09-11T14:05:42.618111+00:00,GHS,0,0
2026-09-11T14:05:42.618111+00:00,IDR,10,10
2026-09-11T14:05:42.618111+00:00,INR,10,10
2026-09-11T14:05:42.618111+00:00,IQD,10,10
2026-09-11T14:05:42.618111+00:00,JOD,10,10
2026-09-11T14:05:42.618111+00:00,KES,10,10
2026-09-11T14:05:42.618111+00:00,KHR,9,10
2026-09-11T14:05:42.618111+00:00,KWD,10,10
2026-09-11T14:05:42.618111+00:00,KZT,10,10
2026-09-11T14:05:42.618111+00:00,LAK,10,10
2026-09-11T14:05:42.618111+00:00,LBP,10,10
2026-09-11T14:05:42.618111+00:00,LKR,10,10
2026-09-11T14:05:42.618111+00:00,MAD,10,10
2026-09-11T14:05:42.618111+00:00,MNT,9,10
2026-09-11T14:05:42.618111+00:00,MXN,10,10
2026-09-11T14:05:42.618111+00:00,MZN,10,10
2026-09-11T14:05:42.618111+00:00,NGN,0,0
2026-09-11T14:05:42.618111+00:00,NPR,0,10
2026-09-11T14:05:42.618111+00:00,PEN,10,10
2026-09-11T14:05:42.618111+00:00,PHP,10,10
2026-09-11T14:05:42.618111+00:00,PKR,10,10
2026-09-11T14:05:42.618111+00:00,QAR,10,10
2026-09-11T14:05:42.618111+00:00,RWF,10,10
2026-09-11T14:05:42.618111+00:00,SAR,10,10
2026-09-11T14:05:42.618111+00:00,SDG,10,10
2026-09-11T14:05:42.618111+00:00,SYP,10,10
2026-09-11T14:05:42.618111+00:00,TND,10,10
2026-09-11T14:05:42.618111+00:00,TRY,10,10
2026-09-11T14:05:42.618111+00:00,TZS,10,10
2026-09-11T14:05:42.618111+00:00,UAH,10,10
2026-09-11T14:05:42.618111+00:00,UGX,10,10
2026-09-11T14:05:42.618111+00:00,VES,10,10
2026-09-11T14:05:42.618111+00:00,VND,10,10
2026-09-11T14:05:42.618111+00:00,XAF,10,10
2026-09-11T14:05:42.618111+00:00,XOF,10,10
2026-09-11T14:05:42.618111+00:00,ZAR,10,10
2026-09-11T14:05:42.618111+00:00,ZMW,10,10
2026-09-11T15:05:35.168833+00:00,AED,10,10
2026-09-11T15:05:35.168833+00:00,AFN,4,6
2026-09-11T15:05:35.168833+00:00,AMD,10,10
2026-09-11T15:05:35.168833+00:00,AOA,8,10
2026-09-11T15:05:35.168833+00:00,ARS,10,10
2026-09-11T15:05:35.168833+00:00,AZN,10,10
2026-09-11T15:05:35.168833+00:00,BDT,10,10
2026-09-11T15:05:35.168833+00:00,BND,6,10
2026-09-11T15:05:35.168833+00:00,BOB,10,10
2026-09-11T15:05:35.168833+00:00,BWP,0,9
2026-09-11T15:05:35.168833+00:00,CLP,10,10
2026-09-11T15:05:35.168833+00:00,COP,10,10
2026-09-11T15:05:35.168833+00:00,DZD,10,10
2026-09-11T15:05:35.168833+00:00,EGP,10,10
2026-09-11T15:05:35.168833+00:00,ETB,0,0
2026-09-11T15:05:35.168833+00:00,GEL,10,10
2026-09-11T15:05:35.168833+00:00,GHS,0,0
2026-09-11T15:05:35.168833+00:00,IDR,10,10
2026-09-11T15:05:35.168833+00:00,INR,10,10
2026-09-11T15:05:35.168833+00:00,IQD,10,10
2026-09-11T15:05:35.168833+00:00,JOD,10,10
2026-09-11T15:05:35.168833+00:00,KES,10,10
2026-09-11T15:05:35.168833+00:00,KHR,10,10
2026-09-11T15:05:35.168833+00:00,KWD,10,10
2026-09-11T15:05:35.168833+00:00,KZT,10,10
2026-09-11T15:05:35.168833+00:00,LAK,10,10
2026-09-11T15:05:35.168833+00:00,LBP,10,10
2026-09-11T15:05:35.168833+00:00,LKR,10,10
2026-09-11T15:05:35.168833+00:00,MAD,10,10
2026-09-11T15:05:35.168833+00:00,MNT,9,10
2026-09-11T15:05:35.168833+00:00,MXN,10,10
2026-09-11T15:05:35.168833+00:00,MZN,10,10
2026-09-11T15:05:35.168833+00:00,NGN,0,0
2026-09-11T15:05:35.168833+00:00,NPR,1,10
2026-09-11T15:05:35.168833+00:00,PEN,10,10
2026-09-11T15:05:35.168833+00:00,PHP,10,10
2026-09-11T15:05:35.168833+00:00,PKR,10,10
2026-09-11T15:05:35.168833+00:00,QAR,10,10
2026-09-11T15:05:35.168833+00:00,RWF,10,10
2026-09-11T15:05:35.168833+00:00,SAR,10,10
2026-09-11T15:05:35.168833+00:00,SDG,10,10
2026-09-11T15:05:35.168833+00:00,SYP,10,10
2026-09-11T15:05:35.168833+00:00,TND,10,10
2026-09-11T15:05:35.168833+00:00,TRY,10,10
2026-09-11T15:05:35.168833+00:00,TZS,10,10
2026-09-11T15:05:35.168833+00:00,UAH,10,10
2026-09-11T15:05:35.168833+00:00,UGX,10,10
2026-09-11T15:05:35.168833+00:00,VES,10,10
2026-09-11T15:05:35.168833+00:00,VND,10,10
2026-09-11T15:05:35.168833+00:00,XAF,10,10
2026-09-11T15:05:35.168833+00:00,XOF,10,10
2026-09-11T15:05:35.168833+00:00,ZAR,10,10
2026-09-11T15:05:35.168833+00:00,ZMW,10,10
2026-09-11T16:05:36.553765+00:00,AED,10,10
2026-09-11T16:05:36.553765+00:00,AFN,4,6
2026-09-11T16:05:36.553765+00:00,AMD,10,10
2026-09-11T16:05:36.553765+00:00,AOA,8,10
2026-09-11T16:05:36.553765+00:00,ARS,10,10
2026-09-11T16:05:36.553765+00:00,AZN,10,10
2026-09-11T16:05:36.553765+00:00,BDT,10,10
2026-09-11T16:05:36.553765+00:00,BND,5,10
2026-09-11T16:05:36.553765+00:00,BOB,10,10
2026-09-11T16:05:36.553765+00:00,BWP,0,9
2026-09-11T16:05:36.553765+00:00,CLP,10,10
2026-09-11T16:05:36.553765+00:00,COP,10,10
2026-09-11T16:05:36.553765+00:00,DZD,10,10
2026-09-11T16:05:36.553765+00:00,EGP,10,10
2026-09-11T16:05:36.553765+00:00,ETB,0,0
2026-09-11T16:05:36.553765+00:00,GEL,10,10
2026-09-11T16:05:36.553765+00:00,GHS,0,0
2026-09-11T16:05:36.553765+00:00,IDR,10,10
2026-09-11T16:05:36.553765+00:00,INR,10,10
2026-09-11T16:05:36.553765+00:00,IQD,10,10
2026-09-11T16:05:36.553765+00:00,JOD,10,10
2026-09-11T16:05:36.553765+00:00,KES,10,10
2026-09-11T16:05:36.553765+00:00,KHR,10,10
2026-09-11T16:05:36.553765+00:00,KWD,10,10
2026-09-11T16:05:36.553765+00:00,KZT,10,10
2026-09-11T16:05:36.553765+00:00,LAK,10,10
2026-09-11T16:05:36.553765+00:00,LBP,10,10
2026-09-11T16:05:36.553765+00:00,LKR,10,10
2026-09-11T16:05:36.553765+00:00,MAD,10,10
2026-09-11T16:05:36.553765+00:00,MNT,6,10
2026-09-11T16:05:36.553765+00:00,MXN,10,10
2026-09-11T16:05:36.553765+00:00,MZN,10,10
2026-09-11T16:05:36.553765+00:00,NGN,0,0
2026-09-11T16:05:36.553765+00:00,NPR,1,10
2026-09-11T16:05:36.553765+00:00,PEN,10,10
2026-09-11T16:05:36.553765+00:00,PHP,10,10
2026-09-11T16:05:36.553765+00:00,PKR,10,10
2026-09-11T16:05:36.553765+00:00,QAR,10,10
2026-09-11T16:05:36.553765+00:00,RWF,10,10
2026-09-11T16:05:36.553765+00:00,SAR,10,10
2026-09-11T16:05:36.553765+00:00,SDG,10,10
2026-09-11T16:05:36.553765+00:00,SYP,10,10
2026-09-11T16:05:36.553765+00:00,TND,10,10
2026-09-11T16:05:36.553765+00:00,TRY,10,10
2026-09-11T16:05:36.553765+00:00,TZS,10,10
2026-09-11T16:05:36.553765+00:00,UAH,10,10
2026-09-11T16:05:36.553765+00:00,UGX,10,10
2026-09-11T16:05:36.553765+00:00,VES,10,10
2026-09-11T16:05:36.553765+00:00,VND,10,10
2026-09-11T16:05:36.553765+00:00,XAF,10,10
2026-09-11T16:05:36.553765+00:00,XOF,10,10
2026-09-11T16:05:36.553765+00:00,ZAR,10,10
2026-09-11T16:05:36.553765+00:00,ZMW,10,10
2026-09-11T17:05:37.811313+00:00,AED,10,10
2026-09-11T17:05:37.811313+00:00,AFN,4,6
2026-09-11T17:05:37.811313+00:00,AMD,10,10
2026-09-11T17:05:37.811313+00:00,AOA,8,10
2026-09-11T17:05:37.811313+00:00,ARS,10,10
2026-09-11T17:05:37.811313+00:00,AZN,10,10
2026-09-11T17:05:37.811313+00:00,BDT,10,10
2026-09-11T17:05:37.811313+00:00,BND,5,10
2026-09-11T17:05:37.811313+00:00,BOB,10,10
2026-09-11T17:05:37.811313+00:00,BWP,0,9
2026-09-11T17:05:37.811313+00:00,CLP,10,10
2026-09-11T17:05:37.811313+00:00,COP,10,10
2026-09-11T17:05:37.811313+00:00,DZD,10,10
2026-09-11T17:05:37.811313+00:00,EGP,10,10
2026-09-11T17:05:37.811313+00:00,ETB,0,0
2026-09-11T17:05:37.811313+00:00,GEL,10,10
2026-09-11T17:05:37.811313+00:00,GHS,0,0
2026-09-11T17:05:37.811313+00:00,IDR,10,10
2026-09-11T17:05:37.811313+00:00,INR,10,10
2026-09-11T17:05:37.811313+00:00,IQD,10,10
2026-09-11T17:05:37.811313+00:00,JOD,10,10
2026-09-11T17:05:37.811313+00:00,KES,10,10
2026-09-11T17:05:37.811313+00:00,KHR,7,10
2026-09-11T17:05:37.811313+00:00,KWD,10,10
2026-09-11T17:05:37.811313+00:00,KZT,10,10
2026-09-11T17:05:37.811313+00:00,LAK,10,10
2026-09-11T17:05:37.811313+00:00,LBP,10,10
2026-09-11T17:05:37.811313+00:00,LKR,10,10
2026-09-11T17:05:37.811313+00:00,MAD,10,10
2026-09-11T17:05:37.811313+00:00,MNT,7,10
2026-09-11T17:05:37.811313+00:00,MXN,10,10
2026-09-11T17:05:37.811313+00:00,MZN,10,10
2026-09-11T17:05:37.811313+00:00,NGN,0,0
2026-09-11T17:05:37.811313+00:00,NPR,1,10
2026-09-11T17:05:37.811313+00:00,PEN,10,10
2026-09-11T17:05:37.811313+00:00,PHP,10,10
2026-09-11T17:05:37.811313+00:00,PKR,10,10
2026-09-11T17:05:37.811313+00:00,QAR,10,10
2026-09-11T17:05:37.811313+00:00,RWF,10,10
2026-09-11T17:05:37.811313+00:00,SAR,10,10
2026-09-11T17:05:37.811313+00:00,SDG,10,10
2026-09-11T17:05:37.811313+00:00,SYP,10,10
2026-09-11T17:05:37.811313+00:00,TND,10,10
2026-09-11T17:05:37.811313+00:00,TRY,10,10
2026-09-11T17:05:37.811313+00:00,TZS,10,10
2026-09-11T17:05:37.811313+00:00,UAH,10,10
2026-09-11T17:05:37.811313+00:00,UGX,10,10
2026-09-11T17:05:37.811313+00:00,VES,10,10
2026-09-11T17:05:37.811313+00:00,VND,10,10
2026-09-11T17:05:37.811313+00:00,XAF,10,10
2026-09-11T17:05:37.811313+00:00,XOF,10,10
2026-09-11T17:05:37.811313+00:00,ZAR,10,10
2026-09-11T17:05:37.811313+00:00,ZMW,10,10
2026-09-11T18:05:47.703367+00:00,AED,10,10
2026-09-11T18:05:47.703367+00:00,AFN,3,4
2026-09-11T18:05:47.703367+00:00,AMD,10,10
2026-09-11T18:05:47.703367+00:00,AOA,6,10
2026-09-11T18:05:47.703367+00:00,ARS,10,10
2026-09-11T18:05:47.703367+00:00,AZN,10,10
2026-09-11T18:05:47.703367+00:00,BDT,10,10
2026-09-11T18:05:47.703367+00:00,BND,3,7
2026-09-11T18:05:47.703367+00:00,BOB,10,10
2026-09-11T18:05:47.703367+00:00,BWP,0,9
2026-09-11T18:05:47.703367+00:00,CLP,10,10
2026-09-11T18:05:47.703367+00:00,COP,10,10
2026-09-11T18:05:47.703367+00:00,DZD,10,10
2026-09-11T18:05:47.703367+00:00,EGP,10,10
2026-09-11T18:05:47.703367+00:00,ETB,0,0
2026-09-11T18:05:47.703367+00:00,GEL,10,10
2026-09-11T18:05:47.703367+00:00,GHS,0,0
2026-09-11T18:05:47.703367+00:00,IDR,10,10
2026-09-11T18:05:47.703367+00:00,INR,10,10
2026-09-11T18:05:47.703367+00:00,IQD,10,10
2026-09-11T18:05:47.703367+00:00,JOD,10,10
2026-09-11T18:05:47.703367+00:00,KES,10,10
2026-09-11T18:05:47.703367+00:00,KHR,8,10
2026-09-11T18:05:47.703367+00:00,KWD,10,10
2026-09-11T18:05:47.703367+00:00,KZT,10,10
2026-09-11T18:05:47.703367+00:00,LAK,10,10
2026-09-11T18:05:47.703367+00:00,LBP,10,10
2026-09-11T18:05:47.703367+00:00,LKR,10,10
2026-09-11T18:05:47.703367+00:00,MAD,10,10
2026-09-11T18:05:47.703367+00:00,MNT,8,10
2026-09-11T18:05:47.703367+00:00,MXN,10,10
2026-09-11T18:05:47.703367+00:00,MZN,10,10
2026-09-11T18:05:47.703367+00:00,NGN,0,0
2026-09-11T18:05:47.703367+00:00,NPR,1,10
2026-09-11T18:05:47.703367+00:00,PEN,10,10
2026-09-11T18:05:47.703367+00:00,PHP,10,10
2026-09-11T18:05:47.703367+00:00,PKR,10,10
2026-09-11T18:05:47.703367+00:00,QAR,10,10
2026-09-11T18:05:47.703367+00:00,RWF,10,10
2026-09-11T18:05:47.703367+00:00,SAR,10,10
2026-09-11T18:05:47.703367+00:00,SDG,10,10
2026-09-11T18:05:47.703367+00:00,SYP,10,10
2026-09-11T18:05:47.703367+00:00,TND,10,10
2026-09-11T18:05:47.703367+00:00,TRY,10,10
2026-09-11T18:05:47.703367+00:00,TZS,10,10
2026-09-11T18:05:47.703367+00:00,UAH,10,10
2026-09-11T18:05:47.703367+00:00,UGX,10,10
2026-09-11T18:05:47.703367+00:00,VES,10,10
2026-09-11T18:05:47.703367+00:00,VND,10,10
2026-09-11T18:05:47.703367+00:00,XAF,10,10
2026-09-11T18:05:47.703367+00:00,XOF,10,10
2026-09-11T18:05:47.703367+00:00,ZAR,10,10
2026-09-11T18:05:47.703367+00:00,ZMW,10,10
2026-09-11T19:05:37.375976+00:00,AED,10,10
2026-09-11T19:05:37.375976+00:00,AFN,3,4
2026-09-11T19:05:37.375976+00:00,AMD,10,10
2026-09-11T19:05:37.375976+00:00,AOA,7,10
2026-09-11T19:05:37.375976+00:00,ARS,10,10
2026-09-11T19:05:37.375976+00:00,AZN,10,10
2026-09-11T19:05:37.375976+00:00,BDT,10,10
2026-09-11T19:05:37.375976+00:00,BND,2,6
2026-09-11T19:05:37.375976+00:00,BOB,10,10
2026-09-11T19:05:37.375976+00:00,BWP,0,9
2026-09-11T19:05:37.375976+00:00,CLP,10,10
2026-09-11T19:05:37.375976+00:00,COP,10,10
2026-09-11T19:05:37.375976+00:00,DZD,10,10
2026-09-11T19:05:37.375976+00:00,EGP,10,10
2026-09-11T19:05:37.375976+00:00,ETB,0,0
2026-09-11T19:05:37.375976+00:00,GEL,10,10
2026-09-11T19:05:37.375976+00:00,GHS,0,0
2026-09-11T19:05:37.375976+00:00,IDR,10,10
2026-09-11T19:05:37.375976+00:00,INR,10,10
2026-09-11T19:05:37.375976+00:00,IQD,10,10
2026-09-11T19:05:37.375976+00:00,JOD,10,10
2026-09-11T19:05:37.375976+00:00,KES,10,10
2026-09-11T19:05:37.375976+00:00,KHR,6,10
2026-09-11T19:05:37.375976+00:00,KWD,10,10
2026-09-11T19:05:37.375976+00:00,KZT,10,10
2026-09-11T19:05:37.375976+00:00,LAK,10,10
2026-09-11T19:05:37.375976+00:00,LBP,10,10
2026-09-11T19:05:37.375976+00:00,LKR,10,10
2026-09-11T19:05:37.375976+00:00,MAD,10,10
2026-09-11T19:05:37.375976+00:00,MNT,9,10
2026-09-11T19:05:37.375976+00:00,MXN,10,10
2026-09-11T19:05:37.375976+00:00,MZN,10,10
2026-09-11T19:05:37.375976+00:00,NGN,0,0
2026-09-11T19:05:37.375976+00:00,NPR,1,10
2026-09-11T19:05:37.375976+00:00,PEN,10,10
2026-09-11T19:05:37.375976+00:00,PHP,10,10
2026-09-11T19:05:37.375976+00:00,PKR,10,10
2026-09-11T19:05:37.375976+00:00,QAR,10,10
2026-09-11T19:05:37.375976+00:00,RWF,10,10
2026-09-11T19:05:37.375976+00:00,SAR,10,10
2026-09-11T19:05:37.375976+00:00,SDG,10,10
2026-09-11T19:05:37.375976+00:00,SYP,10,10
2026-09-11T19:05:37.375976+00:00,TND,10,10
2026-09-11T19:05:37.375976+00:00,TRY,10,10
2026-09-11T19:05:37.375976+00:00,TZS,10,10
2026-09-11T19:05:37.375976+00:00,UAH,10,10
2026-09-11T19:05:37.375976+00:00,UGX,10,10
2026-09-11T19:05:37.375976+00:00,VES,10,10
2026-09-11T19:05:37.375976+00:00,VND,10,10
2026-09-11T19:05:37.375976+00:00,XAF,10,10
2026-09-11T19:05:37.375976+00:00,XOF,10,10
2026-09-11T19:05:37.375976+00:00,ZAR,10,10
2026-09-11T19:05:37.375976+00:00,ZMW,10,10
2026-09-11T20:05:37.462751+00:00,AED,10,10
2026-09-11T20:05:37.462751+00:00,AFN,1,3
2026-09-11T20:05:37.462751+00:00,AMD,10,10
2026-09-11T20:05:37.462751+00:00,AOA,7,10
2026-09-11T20:05:37.462751+00:00,ARS,10,10
2026-09-11T20:05:37.462751+00:00,AZN,10,10
2026-09-11T20:05:37.462751+00:00,BDT,10,10
2026-09-11T20:05:37.462751+00:00,BND,2,6
2026-09-11T20:05:37.462751+00:00,BOB,10,10
2026-09-11T20:05:37.462751+00:00,BWP,0,9
2026-09-11T20:05:37.462751+00:00,CLP,10,10
2026-09-11T20:05:37.462751+00:00,COP,10,10
2026-09-11T20:05:37.462751+00:00,DZD,10,10
2026-09-11T20:05:37.462751+00:00,EGP,10,10
2026-09-11T20:05:37.462751+00:00,ETB,0,0
2026-09-11T20:05:37.462751+00:00,GEL,10,10
2026-09-11T20:05:37.462751+00:00,GHS,0,0
2026-09-11T20:05:37.462751+00:00,IDR,10,10
2026-09-11T20:05:37.462751+00:00,INR,10,10
2026-09-11T20:05:37.462751+00:00,IQD,10,10
2026-09-11T20:05:37.462751+00:00,JOD,10,10
2026-09-11T20:05:37.462751+00:00,KES,10,10
2026-09-11T20:05:37.462751+00:00,KHR,5,10
2026-09-11T20:05:37.462751+00:00,KWD,10,10
2026-09-11T20:05:37.462751+00:00,KZT,10,10
2026-09-11T20:05:37.462751+00:00,LAK,10,10
2026-09-11T20:05:37.462751+00:00,LBP,10,10
2026-09-11T20:05:37.462751+00:00,LKR,10,10
2026-09-11T20:05:37.462751+00:00,MAD,10,10
2026-09-11T20:05:37.462751+00:00,MNT,7,10
2026-09-11T20:05:37.462751+00:00,MXN,10,10
2026-09-11T20:05:37.462751+00:00,MZN,10,10
2026-09-11T20:05:37.462751+00:00,NGN,0,0
2026-09-11T20:05:37.462751+00:00,NPR,0,10
2026-09-11T20:05:37.462751+00:00,PEN,10,10
2026-09-11T20:05:37.462751+00:00,PHP,10,10
2026-09-11T20:05:37.462751+00:00,PKR,10,10
2026-09-11T20:05:37.462751+00:00,QAR,10,10
2026-09-11T20:05:37.462751+00:00,RWF,10,10
2026-09-11T20:05:37.462751+00:00,SAR,10,10
2026-09-11T20:05:37.462751+00:00,SDG,10,10
2026-09-11T20:05:37.462751+00:00,SYP,10,10
2026-09-11T20:05:37.462751+00:00,TND,10,10
2026-09-11T20:05:37.462751+00:00,TRY,10,10
2026-09-11T20:05:37.462751+00:00,TZS,10,10
2026-09-11T20:05:37.462751+00:00,UAH,10,10
2026-09-11T20:05:37.462751+00:00,UGX,10,10
2026-09-11T20:05:37.462751+00:00,VES,10,10
2026-09-11T20:05:37.462751+00:00,VND,10,10
2026-09-11T20:05:37.462751+00:00,XAF,10,10
2026-09-11T20:05:37.462751+00:00,XOF,10,10
2026-09-11T20:05:37.462751+00:00,ZAR,10,10
2026-09-11T20:05:37.462751+00:00,ZMW,10,10
2026-09-11T21:05:47.409527+00:00,AED,10,10
2026-09-11T21:05:47.409527+00:00,AFN,1,3
2026-09-11T21:05:47.409527+00:00,AMD,10,10
2026-09-11T21:05:47.409527+00:00,AOA,8,10
2026-09-11T21:05:47.409527+00:00,ARS,10,10
2026-09-11T21:05:47.409527+00:00,AZN,10,10
2026-09-11T21:05:47.409527+00:00,BDT,10,10
2026-09-11T21:05:47.409527+00:00,BND,2,6
2026-09-11T21:05:47.409527+00:00,BOB,10,10
2026-09-11T21:05:47.409527+00:00,BWP,0,9
2026-09-11T21:05:47.409527+00:00,CLP,10,10
2026-09-11T21:05:47.409527+00:00,COP,10,10
2026-09-11T21:05:47.409527+00:00,DZD,10,10
2026-09-11T21:05:47.409527+00:00,EGP,10,10
2026-09-11T21:05:47.409527+00:00,ETB,0,0
2026-09-11T21:05:47.409527+00:00,GEL,10,10
2026-09-11T21:05:47.409527+00:00,GHS,0,0
2026-09-11T21:05:47.409527+00:00,IDR,10,10
2026-09-11T21:05:47.409527+00:00,INR,10,10
2026-09-11T21:05:47.409527+00:00,IQD,10,10
2026-09-11T21:05:47.409527+00:00,JOD,10,10
2026-09-11T21:05:47.409527+00:00,KES,10,10
2026-09-11T21:05:47.409527+00:00,KHR,8,10
2026-09-11T21:05:47.409527+00:00,KWD,10,10
2026-09-11T21:05:47.409527+00:00,KZT,10,10
2026-09-11T21:05:47.409527+00:00,LAK,10,10
2026-09-11T21:05:47.409527+00:00,LBP,10,10
2026-09-11T21:05:47.409527+00:00,LKR,10,10
2026-09-11T21:05:47.409527+00:00,MAD,10,10
2026-09-11T21:05:47.409527+00:00,MNT,6,10
2026-09-11T21:05:47.409527+00:00,MXN,10,10
2026-09-11T21:05:47.409527+00:00,MZN,10,10
2026-09-11T21:05:47.409527+00:00,NGN,0,0
2026-09-11T21:05:47.409527+00:00,NPR,0,10
2026-09-11T21:05:47.409527+00:00,PEN,10,10
2026-09-11T21:05:47.409527+00:00,PHP,10,10
2026-09-11T21:05:47.409527+00:00,PKR,10,10
2026-09-11T21:05:47.409527+00:00,QAR,10,10
2026-09-11T21:05:47.409527+00:00,RWF,10,10
2026-09-11T21:05:47.409527+00:00,SAR,10,10
2026-09-11T21:05:47.409527+00:00,SDG,10,10
2026-09-11T21:05:47.409527+00:00,SYP,10,10
2026-09-11T21:05:47.409527+00:00,TND,10,10
2026-09-11T21:05:47.409527+00:00,TRY,10,10
2026-09-11T21:05:47.409527+00:00,TZS,10,10
2026-09-11T21:05:47.409527+00:00,UAH,10,10
2026-09-11T21:05:47.409527+00:00,UGX,10,10
2026-09-11T21:05:47.409527+00:00,VES,10,10
2026-09-11T21:05:47.409527+00:00,VND,10,10
2026-09-11T21:05:47.409527+00:00,XAF,10,10
2026-09-11T21:05:47.409527+00:00,XOF,10,10
2026-09-11T21:05:47.409527+00:00,ZAR,10,10
2026-09-11T21:05:47.409527+00:00,ZMW,10,10
2026-09-11T22:05:33.770968+00:00,AED,10,10
2026-09-11T22:05:33.770968+00:00,AFN,1,3
2026-09-11T22:05:33.770968+00:00,AMD,10,10
2026-09-11T22:05:33.770968+00:00,AOA,8,10
2026-09-11T22:05:33.770968+00:00,ARS,10,10
2026-09-11T22:05:33.770968+00:00,AZN,10,10
2026-09-11T22:05:33.770968+00:00,BDT,10,10
2026-09-11T22:05:33.770968+00:00,BND,3,6
2026-09-11T22:05:33.770968+00:00,BOB,10,10
2026-09-11T22:05:33.770968+00:00,BWP,0,8
2026-09-11T22:05:33.770968+00:00,CLP,10,10
2026-09-11T22:05:33.770968+00:00,COP,10,10
2026-09-11T22:05:33.770968+00:00,DZD,10,10
2026-09-11T22:05:33.770968+00:00,EGP,10,10
2026-09-11T22:05:33.770968+00:00,ETB,0,0
2026-09-11T22:05:33.770968+00:00,GEL,10,10
2026-09-11T22:05:33.770968+00:00,GHS,0,0
2026-09-11T22:05:33.770968+00:00,IDR,10,10
2026-09-11T22:05:33.770968+00:00,INR,10,10
2026-09-11T22:05:33.770968+00:00,IQD,10,10
2026-09-11T22:05:33.770968+00:00,JOD,10,10
2026-09-11T22:05:33.770968+00:00,KES,10,10
2026-09-11T22:05:33.770968+00:00,KHR,8,10
2026-09-11T22:05:33.770968+00:00,KWD,10,10
2026-09-11T22:05:33.770968+00:00,KZT,10,10
2026-09-11T22:05:33.770968+00:00,LAK,10,10
2026-09-11T22:05:33.770968+00:00,LBP,10,10
2026-09-11T22:05:33.770968+00:00,LKR,10,10
2026-09-11T22:05:33.770968+00:00,MAD,10,10
2026-09-11T22:05:33.770968+00:00,MNT,6,10
2026-09-11T22:05:33.770968+00:00,MXN,10,10
2026-09-11T22:05:33.770968+00:00,MZN,10,10
2026-09-11T22:05:33.770968+00:00,NGN,0,0
2026-09-11T22:05:33.770968+00:00,NPR,0,10
2026-09-11T22:05:33.770968+00:00,PEN,10,10
2026-09-11T22:05:33.770968+00:00,PHP,10,10
2026-09-11T22:05:33.770968+00:00,PKR,10,10
2026-09-11T22:05:33.770968+00:00,QAR,10,10
2026-09-11T22:05:33.770968+00:00,RWF,10,10
2026-09-11T22:05:33.770968+00:00,SAR,10,10
2026-09-11T22:05:33.770968+00:00,SDG,10,10
2026-09-11T22:05:33.770968+00:00,SYP,10,10
2026-09-11T22:05:33.770968+00:00,TND,10,10
2026-09-11T22:05:33.770968+00:00,TRY,10,10
2026-09-11T22:05:33.770968+00:00,TZS,10,10
2026-09-11T22:05:33.770968+00:00,UAH,10,10
2026-09-11T22:05:33.770968+00:00,UGX,10,10
2026-09-11T22:05:33.770968+00:00,VES,10,10
2026-09-11T22:05:33.770968+00:00,VND,10,10
2026-09-11T22:05:33.770968+00:00,XAF,10,10
2026-09-11T22:05:33.770968+00:00,XOF,10,10
2026-09-11T22:05:33.770968+00:00,ZAR,10,10
2026-09-11T22:05:33.770968+00:00,ZMW,10,10
2026-09-11T23:05:38.309011+00:00,AED,10,10
2026-09-11T23:05:38.309011+00:00,AFN,1,3
2026-09-11T23:05:38.309011+00:00,AMD,10,10
2026-09-11T23:05:38.309011+00:00,AOA,7,10
2026-09-11T23:05:38.309011+00:00,ARS,10,10
2026-09-11T23:05:38.309011+00:00,AZN,10,10
2026-09-11T23:05:38.309011+00:00,BDT,10,10
2026-09-11T23:05:38.309011+00:00,BND,4,7
2026-09-11T23:05:38.309011+00:00,BOB,10,10
2026-09-11T23:05:38.309011+00:00,BWP,0,8
2026-09-11T23:05:38.309011+00:00,CLP,10,10
2026-09-11T23:05:38.309011+00:00,COP,10,10
2026-09-11T23:05:38.309011+00:00,DZD,10,10
2026-09-11T23:05:38.309011+00:00,EGP,10,10
2026-09-11T23:05:38.309011+00:00,ETB,0,0
2026-09-11T23:05:38.309011+00:00,GEL,10,10
2026-09-11T23:05:38.309011+00:00,GHS,0,0
2026-09-11T23:05:38.309011+00:00,IDR,10,10
2026-09-11T23:05:38.309011+00:00,INR,10,10
2026-09-11T23:05:38.309011+00:00,IQD,10,10
2026-09-11T23:05:38.309011+00:00,JOD,10,10
2026-09-11T23:05:38.309011+00:00,KES,10,10
2026-09-11T23:05:38.309011+00:00,KHR,9,10
2026-09-11T23:05:38.309011+00:00,KWD,10,10
2026-09-11T23:05:38.309011+00:00,KZT,10,10
2026-09-11T23:05:38.309011+00:00,LAK,10,10
2026-09-11T23:05:38.309011+00:00,LBP,10,10
2026-09-11T23:05:38.309011+00:00,LKR,10,10
2026-09-11T23:05:38.309011+00:00,MAD,10,10
2026-09-11T23:05:38.309011+00:00,MNT,7,10
2026-09-11T23:05:38.309011+00:00,MXN,10,10
2026-09-11T23:05:38.309011+00:00,MZN,10,10
2026-09-11T23:05:38.309011+00:00,NGN,0,0
2026-09-11T23:05:38.309011+00:00,NPR,0,10
2026-09-11T23:05:38.309011+00:00,PEN,10,10
2026-09-11T23:05:38.309011+00:00,PHP,10,10
2026-09-11T23:05:38.309011+00:00,PKR,10,10
2026-09-11T23:05:38.309011+00:00,QAR,10,10
2026-09-11T23:05:38.309011+00:00,RWF,10,10
2026-09-11T23:05:38.309011+00:00,SAR,10,10
2026-09-11T23:05:38.309011+00:00,SDG,10,10
2026-09-11T23:05:38.309011+00:00,SYP,10,10
2026-09-11T23:05:38.309011+00:00,TND,10,10
2026-09-11T23:05:38.309011+00:00,TRY,10,10
2026-09-11T23:05:38.309011+00:00,TZS,10,10
2026-09-11T23:05:38.309011+00:00,UAH,10,10
2026-09-11T23:05:38.309011+00:00,UGX,10,10
2026-09-11T23:05:38.309011+00:00,VES,10,10
2026-09-11T23:05:38.309011+00:00,VND,10,10
2026-09-11T23:05:38.309011+00:00,XAF,10,10
2026-09-11T23:05:38.309011+00:00,XOF,10,10
2026-09-11T23:05:38.309011+00:00,ZAR,10,10
2026-09-11T23:05:38.309011+00:00,ZMW,10,10
2026-09-12T00:05:37.239658+00:00,AED,10,10
2026-09-12T00:05:37.239658+00:00,AFN,1,3
2026-09-12T00:05:37.239658+00:00,AMD,10,10
2026-09-12T00:05:37.239658+00:00,AOA,7,10
2026-09-12T00:05:37.239658+00:00,ARS,10,10
2026-09-12T00:05:37.239658+00:00,AZN,10,10
2026-09-12T00:05:37.239658+00:00,BDT,10,10
2026-09-12T00:05:37.239658+00:00,BND,4,8
2026-09-12T00:05:37.239658+00:00,BOB,10,10
2026-09-12T00:05:37.239658+00:00,BWP,0,8
2026-09-12T00:05:37.239658+00:00,CLP,10,10
2026-09-12T00:05:37.239658+00:00,COP,10,10
2026-09-12T00:05:37.239658+00:00,DZD,10,10
2026-09-12T00:05:37.239658+00:00,EGP,10,10
2026-09-12T00:05:37.239658+00:00,ETB,0,0
2026-09-12T00:05:37.239658+00:00,GEL,10,10
2026-09-12T00:05:37.239658+00:00,GHS,0,0
2026-09-12T00:05:37.239658+00:00,IDR,10,10
2026-09-12T00:05:37.239658+00:00,INR,10,10
2026-09-12T00:05:37.239658+00:00,IQD,10,10
2026-09-12T00:05:37.239658+00:00,JOD,10,10
2026-09-12T00:05:37.239658+00:00,KES,10,10
2026-09-12T00:05:37.239658+00:00,KHR,10,10
2026-09-12T00:05:37.239658+00:00,KWD,10,10
2026-09-12T00:05:37.239658+00:00,KZT,10,10
2026-09-12T00:05:37.239658+00:00,LAK,10,10
2026-09-12T00:05:37.239658+00:00,LBP,8,8
2026-09-12T00:05:37.239658+00:00,LKR,10,10
2026-09-12T00:05:37.239658+00:00,MAD,10,10
2026-09-12T00:05:37.239658+00:00,MNT,9,10
2026-09-12T00:05:37.239658+00:00,MXN,10,10
2026-09-12T00:05:37.239658+00:00,MZN,10,10
2026-09-12T00:05:37.239658+00:00,NGN,0,0
2026-09-12T00:05:37.239658+00:00,NPR,0,10
2026-09-12T00:05:37.239658+00:00,PEN,10,10
2026-09-12T00:05:37.239658+00:00,PHP,10,10
2026-09-12T00:05:37.239658+00:00,PKR,10,10
2026-09-12T00:05:37.239658+00:00,QAR,10,10
2026-09-12T00:05:37.239658+00:00,RWF,10,10
2026-09-12T00:05:37.239658+00:00,SAR,10,10
2026-09-12T00:05:37.239658+00:00,SDG,10,10
2026-09-12T00:05:37.239658+00:00,SYP,10,10
2026-09-12T00:05:37.239658+00:00,TND,10,10
2026-09-12T00:05:37.239658+00:00,TRY,10,10
2026-09-12T00:05:37.239658+00:00,TZS,10,10
2026-09-12T00:05:37.239658+00:00,UAH,10,10
2026-09-12T00:05:37.239658+00:00,UGX,10,10
2026-09-12T00:05:37.239658+00:00,VES,10,10
2026-09-12T00:05:37.239658+00:00,VND,10,10
2026-09-12T00:05:37.239658+00:00,XAF,10,10
2026-09-12T00:05:37.239658+00:00,XOF,10,10
2026-09-12T00:05:37.239658+00:00,ZAR,10,10
2026-09-12T00:05:37.239658+00:00,ZMW,10,10
2026-09-12T01:05:41.595713+00:00,AED,10,10
2026-09-12T01:05:41.595713+00:00,AFN,2,3
2026-09-12T01:05:41.595713+00:00,AMD,10,10
2026-09-12T01:05:41.595713+00:00,AOA,5,10
2026-09-12T01:05:41.595713+00:00,ARS,10,10
2026-09-12T01:05:41.595713+00:00,AZN,10,10
2026-09-12T01:05:41.595713+00:00,BDT,10,10
2026-09-12T01:05:41.595713+00:00,BND,4,9
2026-09-12T01:05:41.595713+00:00,BOB,10,10
2026-09-12T01:05:41.595713+00:00,BWP,0,8
2026-09-12T01:05:41.595713+00:00,CLP,10,10
2026-09-12T01:05:41.595713+00:00,COP,10,10
2026-09-12T01:05:41.595713+00:00,DZD,10,10
2026-09-12T01:05:41.595713+00:00,EGP,10,10
2026-09-12T01:05:41.595713+00:00,ETB,0,0
2026-09-12T01:05:41.595713+00:00,GEL,10,10
2026-09-12T01:05:41.595713+00:00,GHS,0,0
2026-09-12T01:05:41.595713+00:00,IDR,10,10
2026-09-12T01:05:41.595713+00:00,INR,10,10
2026-09-12T01:05:41.595713+00:00,IQD,10,10
2026-09-12T01:05:41.595713+00:00,JOD,10,10
2026-09-12T01:05:41.595713+00:00,KES,10,10
2026-09-12T01:05:41.595713+00:00,KHR,10,10
2026-09-12T01:05:41.595713+00:00,KWD,10,10
2026-09-12T01:05:41.595713+00:00,KZT,10,10
2026-09-12T01:05:41.595713+00:00,LAK,10,10
2026-09-12T01:05:41.595713+00:00,LBP,7,9
2026-09-12T01:05:41.595713+00:00,LKR,10,10
2026-09-12T01:05:41.595713+00:00,MAD,10,10
2026-09-12T01:05:41.595713+00:00,MNT,10,10
2026-09-12T01:05:41.595713+00:00,MXN,10,10
2026-09-12T01:05:41.595713+00:00,MZN,10,10
2026-09-12T01:05:41.595713+00:00,NGN,0,0
2026-09-12T01:05:41.595713+00:00,NPR,0,10
2026-09-12T01:05:41.595713+00:00,PEN,10,10
2026-09-12T01:05:41.595713+00:00,PHP,10,10
2026-09-12T01:05:41.595713+00:00,PKR,10,10
2026-09-12T01:05:41.595713+00:00,QAR,10,10
2026-09-12T01:05:41.595713+00:00,RWF,10,10
2026-09-12T01:05:41.595713+00:00,SAR,10,10
2026-09-12T01:05:41.595713+00:00,SDG,10,10
2026-09-12T01:05:41.595713+00:00,SYP,10,10
2026-09-12T01:05:41.595713+00:00,TND,10,10
2026-09-12T01:05:41.595713+00:00,TRY,10,10
2026-09-12T01:05:41.595713+00:00,TZS,10,10
2026-09-12T01:05:41.595713+00:00,UAH,10,10
2026-09-12T01:05:41.595713+00:00,UGX,10,10
2026-09-12T01:05:41.595713+00:00,VES,10,10
2026-09-12T01:05:41.595713+00:00,VND,10,10
2026-09-12T01:05:41.595713+00:00,XAF,10,10
2026-09-12T01:05:41.595713+00:00,XOF,10,10
2026-09-12T01:05:41.595713+00:00,ZAR,10,10
2026-09-12T01:05:41.595713+00:00,ZMW,10,10
2026-09-12T02:05:38.434860+00:00,AED,10,10
2026-09-12T02:05:38.434860+00:00,AFN,0,3
2026-09-12T02:05:38.434860+00:00,AMD,10,10
2026-09-12T02:05:38.434860+00:00,AOA,5,10
2026-09-12T02:05:38.434860+00:00,ARS,10,10
2026-09-12T02:05:38.434860+00:00,AZN,10,10
2026-09-12T02:05:38.434860+00:00,BDT,10,10
2026-09-12T02:05:38.434860+00:00,BND,5,8
2026-09-12T02:05:38.434860+00:00,BOB,10,10
2026-09-12T02:05:38.434860+00:00,BWP,0,8
2026-09-12T02:05:38.434860+00:00,CLP,10,10
2026-09-12T02:05:38.434860+00:00,COP,10,10
2026-09-12T02:05:38.434860+00:00,DZD,10,10
2026-09-12T02:05:38.434860+00:00,EGP,10,10
2026-09-12T02:05:38.434860+00:00,ETB,0,0
2026-09-12T02:05:38.434860+00:00,GEL,10,10
2026-09-12T02:05:38.434860+00:00,GHS,0,0
2026-09-12T02:05:38.434860+00:00,IDR,10,10
2026-09-12T02:05:38.434860+00:00,INR,10,10
2026-09-12T02:05:38.434860+00:00,IQD,10,10
2026-09-12T02:05:38.434860+00:00,JOD,10,10
2026-09-12T02:05:38.434860+00:00,KES,10,10
2026-09-12T02:05:38.434860+00:00,KHR,10,10
2026-09-12T02:05:38.434860+00:00,KWD,10,10
2026-09-12T02:05:38.434860+00:00,KZT,10,10
2026-09-12T02:05:38.434860+00:00,LAK,10,10
2026-09-12T02:05:38.434860+00:00,LBP,5,9
2026-09-12T02:05:38.434860+00:00,LKR,10,10
2026-09-12T02:05:38.434860+00:00,MAD,10,10
2026-09-12T02:05:38.434860+00:00,MNT,10,10
2026-09-12T02:05:38.434860+00:00,MXN,10,10
2026-09-12T02:05:38.434860+00:00,MZN,10,10
2026-09-12T02:05:38.434860+00:00,NGN,0,0
2026-09-12T02:05:38.434860+00:00,NPR,0,10
2026-09-12T02:05:38.434860+00:00,PEN,10,10
2026-09-12T02:05:38.434860+00:00,PHP,10,10
2026-09-12T02:05:38.434860+00:00,PKR,10,10
2026-09-12T02:05:38.434860+00:00,QAR,10,10
2026-09-12T02:05:38.434860+00:00,RWF,10,10
2026-09-12T02:05:38.434860+00:00,SAR,10,10
2026-09-12T02:05:38.434860+00:00,SDG,10,10
2026-09-12T02:05:38.434860+00:00,SYP,10,10
2026-09-12T02:05:38.434860+00:00,TND,10,10
2026-09-12T02:05:38.434860+00:00,TRY,10,10
2026-09-12T02:05:38.434860+00:00,TZS,10,10
2026-09-12T02:05:38.434860+00:00,UAH,10,10
2026-09-12T02:05:38.434860+00:00,UGX,10,10
2026-09-12T02:05:38.434860+00:00,VES,10,10
2026-09-12T02:05:38.434860+00:00,VND,10,10
2026-09-12T02:05:38.434860+00:00,XAF,10,10
2026-09-12T02:05:38.434860+00:00,XOF,10,10
2026-09-12T02:05:38.434860+00:00,ZAR,10,10
2026-09-12T02:05:38.434860+00:00,ZMW,10,10
2026-09-12T03:05:35.717966+00:00,AED,10,10
2026-09-12T03:05:35.717966+00:00,AFN,1,4
2026-09-12T03:05:35.717966+00:00,AMD,10,10
2026-09-12T03:05:35.717966+00:00,AOA,5,10
2026-09-12T03:05:35.717966+00:00,ARS,10,10
2026-09-12T03:05:35.717966+00:00,AZN,10,10
2026-09-12T03:05:35.717966+00:00,BDT,10,10
2026-09-12T03:05:35.717966+00:00,BND,6,10
2026-09-12T03:05:35.717966+00:00,BOB,10,10
2026-09-12T03:05:35.717966+00:00,BWP,0,6
2026-09-12T03:05:35.717966+00:00,CLP,10,10
2026-09-12T03:05:35.717966+00:00,COP,10,10
2026-09-12T03:05:35.717966+00:00,DZD,10,10
2026-09-12T03:05:35.717966+00:00,EGP,10,10
2026-09-12T03:05:35.717966+00:00,ETB,0,0
2026-09-12T03:05:35.717966+00:00,GEL,10,10
2026-09-12T03:05:35.717966+00:00,GHS,0,0
2026-09-12T03:05:35.717966+00:00,IDR,10,10
2026-09-12T03:05:35.717966+00:00,INR,10,10
2026-09-12T03:05:35.717966+00:00,IQD,10,10
2026-09-12T03:05:35.717966+00:00,JOD,10,10
2026-09-12T03:05:35.717966+00:00,KES,10,10
2026-09-12T03:05:35.717966+00:00,KHR,10,10
2026-09-12T03:05:35.717966+00:00,KWD,10,10
2026-09-12T03:05:35.717966+00:00,KZT,10,10
2026-09-12T03:05:35.717966+00:00,LAK,10,10
2026-09-12T03:05:35.717966+00:00,LBP,6,9
2026-09-12T03:05:35.717966+00:00,LKR,10,10
2026-09-12T03:05:35.717966+00:00,MAD,10,10
2026-09-12T03:05:35.717966+00:00,MNT,10,10
2026-09-12T03:05:35.717966+00:00,MXN,10,10
2026-09-12T03:05:35.717966+00:00,MZN,10,10
2026-09-12T03:05:35.717966+00:00,NGN,0,0
2026-09-12T03:05:35.717966+00:00,NPR,0,10
2026-09-12T03:05:35.717966+00:00,PEN,10,10
2026-09-12T03:05:35.717966+00:00,PHP,10,10
2026-09-12T03:05:35.717966+00:00,PKR,10,10
2026-09-12T03:05:35.717966+00:00,QAR,10,10
2026-09-12T03:05:35.717966+00:00,RWF,10,10
2026-09-12T03:05:35.717966+00:00,SAR,10,10
2026-09-12T03:05:35.717966+00:00,SDG,10,10
2026-09-12T03:05:35.717966+00:00,SYP,10,10
2026-09-12T03:05:35.717966+00:00,TND,10,10
2026-09-12T03:05:35.717966+00:00,TRY,10,10
2026-09-12T03:05:35.717966+00:00,TZS,10,10
2026-09-12T03:05:35.717966+00:00,UAH,10,10
2026-09-12T03:05:35.717966+00:00,UGX,10,10
2026-09-12T03:05:35.717966+00:00,VES,10,10
2026-09-12T03:05:35.717966+00:00,VND,10,10
2026-09-12T03:05:35.717966+00:00,XAF,10,10
2026-09-12T03:05:35.717966+00:00,XOF,10,10
2026-09-12T03:05:35.717966+00:00,ZAR,10,10
2026-09-12T03:05:35.717966+00:00,ZMW,10,10
2026-09-12T04:05:36.930993+00:00,AED,10,10
2026-09-12T04:05:36.930993+00:00,AFN,1,4
2026-09-12T04:05:36.930993+00:00,AMD,10,10
2026-09-12T04:05:36.930993+00:00,AOA,5,10
2026-09-12T04:05:36.930993+00:00,ARS,10,10
2026-09-12T04:05:36.930993+00:00,AZN,10,10
2026-09-12T04:05:36.930993+00:00,BDT,10,10
2026-09-12T04:05:36.930993+00:00,BND,7,10
2026-09-12T04:05:36.930993+00:00,BOB,10,10
2026-09-12T04:05:36.930993+00:00,BWP,0,6
2026-09-12T04:05:36.930993+00:00,CLP,10,10
2026-09-12T04:05:36.930993+00:00,COP,10,10
2026-09-12T04:05:36.930993+00:00,DZD,10,10
2026-09-12T04:05:36.930993+00:00,EGP,10,10
2026-09-12T04:05:36.930993+00:00,ETB,0,0
2026-09-12T04:05:36.930993+00:00,GEL,10,10
2026-09-12T04:05:36.930993+00:00,GHS,0,0
2026-09-12T04:05:36.930993+00:00,IDR,10,10
2026-09-12T04:05:36.930993+00:00,INR,10,10
2026-09-12T04:05:36.930993+00:00,IQD,10,10
2026-09-12T04:05:36.930993+00:00,JOD,10,10
2026-09-12T04:05:36.930993+00:00,KES,10,10
2026-09-12T04:05:36.930993+00:00,KHR,10,10
2026-09-12T04:05:36.930993+00:00,KWD,10,10
2026-09-12T04:05:36.930993+00:00,KZT,10,10
2026-09-12T04:05:36.930993+00:00,LAK,10,10
2026-09-12T04:05:36.930993+00:00,LBP,8,10
2026-09-12T04:05:36.930993+00:00,LKR,10,10
2026-09-12T04:05:36.930993+00:00,MAD,10,10
2026-09-12T04:05:36.930993+00:00,MNT,10,10
2026-09-12T04:05:36.930993+00:00,MXN,10,10
2026-09-12T04:05:36.930993+00:00,MZN,10,10
2026-09-12T04:05:36.930993+00:00,NGN,0,0
2026-09-12T04:05:36.930993+00:00,NPR,0,10
2026-09-12T04:05:36.930993+00:00,PEN,10,10
2026-09-12T04:05:36.930993+00:00,PHP,10,10
2026-09-12T04:05:36.930993+00:00,PKR,10,10
2026-09-12T04:05:36.930993+00:00,QAR,10,10
2026-09-12T04:05:36.930993+00:00,RWF,10,10
2026-09-12T04:05:36.930993+00:00,SAR,10,10
2026-09-12T04:05:36.930993+00:00,SDG,10,10
2026-09-12T04:05:36.930993+00:00,SYP,9,10
2026-09-12T04:05:36.930993+00:00,TND,10,10
2026-09-12T04:05:36.930993+00:00,TRY,10,10
2026-09-12T04:05:36.930993+00:00,TZS,10,10
2026-09-12T04:05:36.930993+00:00,UAH,10,10
2026-09-12T04:05:36.930993+00:00,UGX,10,10
2026-09-12T04:05:36.930993+00:00,VES,10,10
2026-09-12T04:05:36.930993+00:00,VND,10,10
2026-09-12T04:05:36.930993+00:00,XAF,10,10
2026-09-12T04:05:36.930993+00:00,XOF,10,10
2026-09-12T04:05:36.930993+00:00,ZAR,10,10
2026-09-12T04:05:36.930993+00:00,ZMW,10,10
2026-09-12T05:05:41.017897+00:00,AED,10,10
2026-09-12T05:05:41.017897+00:00,AFN,2,5
2026-09-12T05:05:41.017897+00:00,AMD,10,10
2026-09-12T05:05:41.017897+00:00,AOA,5,10
2026-09-12T05:05:41.017897+00:00,ARS,10,10
2026-09-12T05:05:41.017897+00:00,AZN,10,10
2026-09-12T05:05:41.017897+00:00,BDT,10,10
2026-09-12T05:05:41.017897+00:00,BND,10,10
2026-09-12T05:05:41.017897+00:00,BOB,10,10
2026-09-12T05:05:41.017897+00:00,BWP,3,7
2026-09-12T05:05:41.017897+00:00,CLP,10,10
2026-09-12T05:05:41.017897+00:00,COP,10,10
2026-09-12T05:05:41.017897+00:00,DZD,10,10
2026-09-12T05:05:41.017897+00:00,EGP,10,10
2026-09-12T05:05:41.017897+00:00,ETB,0,0
2026-09-12T05:05:41.017897+00:00,GEL,10,10
2026-09-12T05:05:41.017897+00:00,GHS,0,0
2026-09-12T05:05:41.017897+00:00,IDR,10,10
2026-09-12T05:05:41.017897+00:00,INR,10,10
2026-09-12T05:05:41.017897+00:00,IQD,10,10
2026-09-12T05:05:41.017897+00:00,JOD,10,10
2026-09-12T05:05:41.017897+00:00,KES,10,10
2026-09-12T05:05:41.017897+00:00,KHR,10,10
2026-09-12T05:05:41.017897+00:00,KWD,10,10
2026-09-12T05:05:41.017897+00:00,KZT,10,10
2026-09-12T05:05:41.017897+00:00,LAK,10,10
2026-09-12T05:05:41.017897+00:00,LBP,7,10
2026-09-12T05:05:41.017897+00:00,LKR,10,10
2026-09-12T05:05:41.017897+00:00,MAD,10,10
2026-09-12T05:05:41.017897+00:00,MNT,10,10
2026-09-12T05:05:41.017897+00:00,MXN,10,10
2026-09-12T05:05:41.017897+00:00,MZN,10,10
2026-09-12T05:05:41.017897+00:00,NGN,0,0
2026-09-12T05:05:41.017897+00:00,NGN,0,0
2026-09-12T05:05:41.017897+00:00,NPR,1,10
2026-09-12T05:05:41.017897+00:00,PEN,10,10
2026-09-12T05:05:41.017897+00:00,PHP,10,10
2026-09-12T05:05:41.017897+00:00,PKR,10,10
2026-09-12T05:05:41.017897+00:00,QAR,10,10
2026-09-12T05:05:41.017897+00:00,RWF,10,10
2026-09-12T05:05:41.017897+00:00,SAR,10,10
2026-09-12T05:05:41.017897+00:00,SDG,10,10
2026-09-12T05:05:41.017897+00:00,SYP,8,10
2026-09-12T05:05:41.017897+00:00,TND,10,10
2026-09-12T05:05:41.017897+00:00,TRY,10,10
2026-09-12T05:05:41.017897+00:00,TZS,10,10
2026-09-12T05:05:41.017897+00:00,UAH,10,10
2026-09-12T05:05:41.017897+00:00,UGX,10,10
2026-09-12T05:05:41.017897+00:00,VES,10,10
2026-09-12T05:05:41.017897+00:00,VND,10,10
2026-09-12T05:05:41.017897+00:00,XAF,10,10
2026-09-12T05:05:41.017897+00:00,XOF,10,10
2026-09-12T05:05:41.017897+00:00,ZAR,10,10
2026-09-12T05:05:41.017897+00:00,ZMW,10,10
2026-09-12T06:05:38.570997+00:00,AED,10,10
2026-09-12T06:05:38.570997+00:00,AFN,3,5
2026-09-12T06:05:38.570997+00:00,AMD,10,10
2026-09-12T06:05:38.570997+00:00,AOA,5,10
2026-09-12T06:05:38.570997+00:00,ARS,10,10
2026-09-12T06:05:38.570997+00:00,AZN,10,10
2026-09-12T06:05:38.570997+00:00,BDT,10,10
2026-09-12T06:05:38.570997+00:00,BND,9,10
2026-09-12T06:05:38.570997+00:00,BOB,10,10
2026-09-12T06:05:38.570997+00:00,BWP,3,7
2026-09-12T06:05:38.570997+00:00,CLP,10,10
2026-09-12T06:05:38.570997+00:00,COP,10,10
2026-09-12T06:05:38.570997+00:00,DZD,10,10
2026-09-12T06:05:38.570997+00:00,EGP,10,10
2026-09-12T06:05:38.570997+00:00,ETB,0,0
2026-09-12T06:05:38.570997+00:00,GEL,10,10
2026-09-12T06:05:38.570997+00:00,GHS,0,0
2026-09-12T06:05:38.570997+00:00,IDR,10,10
2026-09-12T06:05:38.570997+00:00,INR,10,10
2026-09-12T06:05:38.570997+00:00,IQD,10,10
2026-09-12T06:05:38.570997+00:00,JOD,10,10
2026-09-12T06:05:38.570997+00:00,KES,10,10
2026-09-12T06:05:38.570997+00:00,KHR,8,10
2026-09-12T06:05:38.570997+00:00,KWD,10,10
2026-09-12T06:05:38.570997+00:00,KZT,10,10
2026-09-12T06:05:38.570997+00:00,LAK,10,10
2026-09-12T06:05:38.570997+00:00,LBP,10,10
2026-09-12T06:05:38.570997+00:00,LKR,10,10
2026-09-12T06:05:38.570997+00:00,MAD,10,10
2026-09-12T06:05:38.570997+00:00,MNT,10,10
2026-09-12T06:05:38.570997+00:00,MXN,10,10
2026-09-12T06:05:38.570997+00:00,MZN,10,10
2026-09-12T06:05:38.570997+00:00,NGN,0,0
2026-09-12T06:05:38.570997+00:00,NGN,0,0
2026-09-12T06:05:38.570997+00:00,NPR,1,10
2026-09-12T06:05:38.570997+00:00,PEN,10,10
2026-09-12T06:05:38.570997+00:00,PHP,10,10
2026-09-12T06:05:38.570997+00:00,PKR,10,10
2026-09-12T06:05:38.570997+00:00,QAR,10,10
2026-09-12T06:05:38.570997+00:00,RWF,10,10
2026-09-12T06:05:38.570997+00:00,SAR,10,10
2026-09-12T06:05:38.570997+00:00,SDG,10,10
2026-09-12T06:05:38.570997+00:00,SYP,10,10
2026-09-12T06:05:38.570997+00:00,TND,10,10
2026-09-12T06:05:38.570997+00:00,TRY,10,10
2026-09-12T06:05:38.570997+00:00,TZS,10,10
2026-09-12T06:05:38.570997+00:00,UAH,10,10
2026-09-12T06:05:38.570997+00:00,UGX,10,10
2026-09-12T06:05:38.570997+00:00,VES,10,10
2026-09-12T06:05:38.570997+00:00,VND,10,10
2026-09-12T06:05:38.570997+00:00,XAF,10,10
2026-09-12T06:05:38.570997+00:00,XOF,10,10
2026-09-12T06:05:38.570997+00:00,ZAR,10,10
2026-09-12T06:05:38.570997+00:00,ZMW,10,10
2026-09-12T07:05:35.550723+00:00,AED,10,10
2026-09-12T07:05:35.550723+00:00,AFN,3,5
2026-09-12T07:05:35.550723+00:00,AMD,10,10
2026-09-12T07:05:35.550723+00:00,AOA,5,10
2026-09-12T07:05:35.550723+00:00,ARS,10,10
2026-09-12T07:05:35.550723+00:00,AZN,10,10
2026-09-12T07:05:35.550723+00:00,BDT,10,10
2026-09-12T07:05:35.550723+00:00,BND,9,10
2026-09-12T07:05:35.550723+00:00,BOB,10,10
2026-09-12T07:05:35.550723+00:00,BWP,3,8
2026-09-12T07:05:35.550723+00:00,CLP,10,10
2026-09-12T07:05:35.550723+00:00,COP,10,10
2026-09-12T07:05:35.550723+00:00,DZD,10,10
2026-09-12T07:05:35.550723+00:00,EGP,10,10
2026-09-12T07:05:35.550723+00:00,ETB,0,0
2026-09-12T07:05:35.550723+00:00,GEL,10,10
2026-09-12T07:05:35.550723+00:00,GHS,0,0
2026-09-12T07:05:35.550723+00:00,IDR,10,10
2026-09-12T07:05:35.550723+00:00,INR,10,10
2026-09-12T07:05:35.550723+00:00,IQD,10,10
2026-09-12T07:05:35.550723+00:00,JOD,10,10
2026-09-12T07:05:35.550723+00:00,KES,10,10
2026-09-12T07:05:35.550723+00:00,KHR,10,10
2026-09-12T07:05:35.550723+00:00,KWD,10,10
2026-09-12T07:05:35.550723+00:00,KZT,10,10
2026-09-12T07:05:35.550723+00:00,LAK,10,10
2026-09-12T07:05:35.550723+00:00,LBP,10,10
2026-09-12T07:05:35.550723+00:00,LKR,10,10
2026-09-12T07:05:35.550723+00:00,MAD,10,10
2026-09-12T07:05:35.550723+00:00,MNT,10,10
2026-09-12T07:05:35.550723+00:00,MXN,10,10
2026-09-12T07:05:35.550723+00:00,MZN,10,10
2026-09-12T07:05:35.550723+00:00,NGN,0,0
2026-09-12T07:05:35.550723+00:00,NGN,0,0
2026-09-12T07:05:35.550723+00:00,NPR,1,10
2026-09-12T07:05:35.550723+00:00,PEN,10,10
2026-09-12T07:05:35.550723+00:00,PHP,10,10
2026-09-12T07:05:35.550723+00:00,PKR,10,10
2026-09-12T07:05:35.550723+00:00,QAR,10,10
2026-09-12T07:05:35.550723+00:00,RWF,10,10
2026-09-12T07:05:35.550723+00:00,SAR,10,10
2026-09-12T07:05:35.550723+00:00,SDG,10,10
2026-09-12T07:05:35.550723+00:00,SYP,10,10
2026-09-12T07:05:35.550723+00:00,TND,10,10
2026-09-12T07:05:35.550723+00:00,TRY,10,10
2026-09-12T07:05:35.550723+00:00,TZS,10,10
2026-09-12T07:05:35.550723+00:00,UAH,10,10
2026-09-12T07:05:35.550723+00:00,UGX,10,10
2026-09-12T07:05:35.550723+00:00,VES,10,10
2026-09-12T07:05:35.550723+00:00,VND,10,10
2026-09-12T07:05:35.550723+00:00,XAF,10,10
2026-09-12T07:05:35.550723+00:00,XOF,10,10
2026-09-12T07:05:35.550723+00:00,ZAR,10,10
2026-09-12T07:05:35.550723+00:00,ZMW,10,10
2026-09-12T08:05:39.260988+00:00,AED,10,10
2026-09-12T08:05:39.260988+00:00,AFN,2,5
2026-09-12T08:05:39.260988+00:00,AMD,10,10
2026-09-12T08:05:39.260988+00:00,AOA,6,10
2026-09-12T08:05:39.260988+00:00,ARS,10,10
2026-09-12T08:05:39.260988+00:00,AZN,10,10
2026-09-12T08:05:39.260988+00:00,BDT,10,10
2026-09-12T08:05:39.260988+00:00,BND,9,10
2026-09-12T08:05:39.260988+00:00,BOB,10,10
2026-09-12T08:05:39.260988+00:00,BWP,4,8
2026-09-12T08:05:39.260988+00:00,CLP,10,10
2026-09-12T08:05:39.260988+00:00,COP,10,10
2026-09-12T08:05:39.260988+00:00,DZD,10,10
2026-09-12T08:05:39.260988+00:00,EGP,10,10
2026-09-12T08:05:39.260988+00:00,ETB,0,0
2026-09-12T08:05:39.260988+00:00,GEL,10,10
2026-09-12T08:05:39.260988+00:00,GHS,0,0
2026-09-12T08:05:39.260988+00:00,IDR,10,10
2026-09-12T08:05:39.260988+00:00,INR,10,10
2026-09-12T08:05:39.260988+00:00,IQD,10,10
2026-09-12T08:05:39.260988+00:00,JOD,10,10
2026-09-12T08:05:39.260988+00:00,KES,10,10
2026-09-12T08:05:39.260988+00:00,KHR,10,10
2026-09-12T08:05:39.260988+00:00,KWD,10,10
2026-09-12T08:05:39.260988+00:00,KZT,10,10
2026-09-12T08:05:39.260988+00:00,LAK,10,10
2026-09-12T08:05:39.260988+00:00,LBP,10,10
2026-09-12T08:05:39.260988+00:00,LKR,10,10
2026-09-12T08:05:39.260988+00:00,MAD,10,10
2026-09-12T08:05:39.260988+00:00,MNT,10,10
2026-09-12T08:05:39.260988+00:00,MXN,10,10
2026-09-12T08:05:39.260988+00:00,MZN,10,10
2026-09-12T08:05:39.260988+00:00,NGN,0,0
2026-09-12T08:05:39.260988+00:00,NGN,0,0
2026-09-12T08:05:39.260988+00:00,NPR,1,10
2026-09-12T08:05:39.260988+00:00,PEN,10,10
2026-09-12T08:05:39.260988+00:00,PHP,10,10
2026-09-12T08:05:39.260988+00:00,PKR,10,10
2026-09-12T08:05:39.260988+00:00,QAR,10,10
2026-09-12T08:05:39.260988+00:00,RWF,10,10
2026-09-12T08:05:39.260988+00:00,SAR,10,10
2026-09-12T08:05:39.260988+00:00,SDG,10,10
2026-09-12T08:05:39.260988+00:00,SYP,10,10
2026-09-12T08:05:39.260988+00:00,TND,10,10
2026-09-12T08:05:39.260988+00:00,TRY,10,10
2026-09-12T08:05:39.260988+00:00,TZS,10,10
2026-09-12T08:05:39.260988+00:00,UAH,10,10
2026-09-12T08:05:39.260988+00:00,UGX,10,10
2026-09-12T08:05:39.260988+00:00,VES,10,10
2026-09-12T08:05:39.260988+00:00,VND,10,10
2026-09-12T08:05:39.260988+00:00,XAF,10,10
2026-09-12T08:05:39.260988+00:00,XOF,10,10
2026-09-12T08:05:39.260988+00:00,ZAR,10,10
2026-09-12T08:05:39.260988+00:00,ZMW,10,10
2026-09-12T09:05:49.354225+00:00,AED,10,10
2026-09-12T09:05:49.354225+00:00,AFN,2,5
2026-09-12T09:05:49.354225+00:00,AMD,10,10
2026-09-12T09:05:49.354225+00:00,AOA,5,10
2026-09-12T09:05:49.354225+00:00,ARS,10,10
2026-09-12T09:05:49.354225+00:00,AZN,10,10
2026-09-12T09:05:49.354225+00:00,BDT,10,10
2026-09-12T09:05:49.354225+00:00,BND,9,10
2026-09-12T09:05:49.354225+00:00,BOB,10,10
2026-09-12T09:05:49.354225+00:00,BWP,4,8
2026-09-12T09:05:49.354225+00:00,CLP,10,10
2026-09-12T09:05:49.354225+00:00,COP,10,10
2026-09-12T09:05:49.354225+00:00,DZD,10,10
2026-09-12T09:05:49.354225+00:00,EGP,10,10
2026-09-12T09:05:49.354225+00:00,ETB,0,0
2026-09-12T09:05:49.354225+00:00,GEL,10,10
2026-09-12T09:05:49.354225+00:00,GHS,0,0
2026-09-12T09:05:49.354225+00:00,IDR,10,10
2026-09-12T09:05:49.354225+00:00,INR,10,10
2026-09-12T09:05:49.354225+00:00,IQD,10,10
2026-09-12T09:05:49.354225+00:00,JOD,10,10
2026-09-12T09:05:49.354225+00:00,KES,10,10
2026-09-12T09:05:49.354225+00:00,KHR,10,10
2026-09-12T09:05:49.354225+00:00,KWD,10,10
2026-09-12T09:05:49.354225+00:00,KZT,10,10
2026-09-12T09:05:49.354225+00:00,LAK,10,10
2026-09-12T09:05:49.354225+00:00,LBP,10,10
2026-09-12T09:05:49.354225+00:00,LKR,10,10
2026-09-12T09:05:49.354225+00:00,MAD,10,10
2026-09-12T09:05:49.354225+00:00,MNT,10,10
2026-09-12T09:05:49.354225+00:00,MXN,10,10
2026-09-12T09:05:49.354225+00:00,MZN,10,10
2026-09-12T09:05:49.354225+00:00,NGN,0,0
2026-09-12T09:05:49.354225+00:00,NGN,0,0
2026-09-12T09:05:49.354225+00:00,NPR,1,10
2026-09-12T09:05:49.354225+00:00,PEN,10,10
2026-09-12T09:05:49.354225+00:00,PHP,10,10
2026-09-12T09:05:49.354225+00:00,PKR,10,10
2026-09-12T09:05:49.354225+00:00,QAR,10,10
2026-09-12T09:05:49.354225+00:00,RWF,10,10
2026-09-12T09:05:49.354225+00:00,SAR,10,10
2026-09-12T09:05:49.354225+00:00,SDG,10,10
2026-09-12T09:05:49.354225+00:00,SYP,10,10
2026-09-12T09:05:49.354225+00:00,TND,10,10
2026-09-12T09:05:49.354225+00:00,TRY,10,10
2026-09-12T09:05:49.354225+00:00,TZS,10,10
2026-09-12T09:05:49.354225+00:00,UAH,10,10
2026-09-12T09:05:49.354225+00:00,UGX,10,10
2026-09-12T09:05:49.354225+00:00,VES,10,10
2026-09-12T09:05:49.354225+00:00,VND,10,10
2026-09-12T09:05:49.354225+00:00,XAF,10,10
2026-09-12T09:05:49.354225+00:00,XOF,10,10
2026-09-12T09:05:49.354225+00:00,ZAR,10,10
2026-09-12T09:05:49.354225+00:00,ZMW,10,10
2026-09-12T10:05:35.833142+00:00,AED,10,10
2026-09-12T10:05:35.833142+00:00,AFN,2,5
2026-09-12T10:05:35.833142+00:00,AMD,10,10
2026-09-12T10:05:35.833142+00:00,AOA,8,10
2026-09-12T10:05:35.833142+00:00,ARS,10,10
2026-09-12T10:05:35.833142+00:00,AZN,10,10
2026-09-12T10:05:35.833142+00:00,BDT,10,10
2026-09-12T10:05:35.833142+00:00,BND,9,10
2026-09-12T10:05:35.833142+00:00,BOB,10,10
2026-09-12T10:05:35.833142+00:00,BWP,4,9
2026-09-12T10:05:35.833142+00:00,CLP,10,10
2026-09-12T10:05:35.833142+00:00,COP,10,10
2026-09-12T10:05:35.833142+00:00,DZD,10,10
2026-09-12T10:05:35.833142+00:00,EGP,10,10
2026-09-12T10:05:35.833142+00:00,ETB,0,0
2026-09-12T10:05:35.833142+00:00,GEL,10,10
2026-09-12T10:05:35.833142+00:00,GHS,0,0
2026-09-12T10:05:35.833142+00:00,IDR,10,10
2026-09-12T10:05:35.833142+00:00,INR,10,10
2026-09-12T10:05:35.833142+00:00,IQD,10,10
2026-09-12T10:05:35.833142+00:00,JOD,10,10
2026-09-12T10:05:35.833142+00:00,KES,10,10
2026-09-12T10:05:35.833142+00:00,KHR,10,10
2026-09-12T10:05:35.833142+00:00,KWD,10,10
2026-09-12T10:05:35.833142+00:00,KZT,10,10
2026-09-12T10:05:35.833142+00:00,LAK,10,10
2026-09-12T10:05:35.833142+00:00,LBP,10,10
2026-09-12T10:05:35.833142+00:00,LKR,10,10
2026-09-12T10:05:35.833142+00:00,MAD,10,10
2026-09-12T10:05:35.833142+00:00,MNT,10,10
2026-09-12T10:05:35.833142+00:00,MXN,10,10
2026-09-12T10:05:35.833142+00:00,MZN,10,10
2026-09-12T10:05:35.833142+00:00,NGN,0,0
2026-09-12T10:05:35.833142+00:00,NGN,0,0
2026-09-12T10:05:35.833142+00:00,NPR,1,10
2026-09-12T10:05:35.833142+00:00,PEN,10,10
2026-09-12T10:05:35.833142+00:00,PHP,10,10
2026-09-12T10:05:35.833142+00:00,PKR,10,10
2026-09-12T10:05:35.833142+00:00,QAR,10,10
2026-09-12T10:05:35.833142+00:00,RWF,10,10
2026-09-12T10:05:35.833142+00:00,SAR,10,10
2026-09-12T10:05:35.833142+00:00,SDG,10,10
2026-09-12T10:05:35.833142+00:00,SYP,10,10
2026-09-12T10:05:35.833142+00:00,TND,10,10
2026-09-12T10:05:35.833142+00:00,TRY,10,10
2026-09-12T10:05:35.833142+00:00,TZS,10,10
2026-09-12T10:05:35.833142+00:00,UAH,10,10
2026-09-12T10:05:35.833142+00:00,UGX,10,10
2026-09-12T10:05:35.833142+00:00,VES,10,10
2026-09-12T10:05:35.833142+00:00,VND,10,10
2026-09-12T10:05:35.833142+00:00,XAF,10,10
2026-09-12T10:05:35.833142+00:00,XOF,10,10
2026-09-12T10:05:35.833142+00:00,ZAR,10,10
2026-09-12T10:05:35.833142+00:00,ZMW,10,10
2026-09-12T11:05:39.618020+00:00,AED,10,10
2026-09-12T11:05:39.618020+00:00,AFN,1,6
2026-09-12T11:05:39.618020+00:00,AMD,10,10
2026-09-12T11:05:39.618020+00:00,AOA,8,10
2026-09-12T11:05:39.618020+00:00,ARS,10,10
2026-09-12T11:05:39.618020+00:00,AZN,10,10
2026-09-12T11:05:39.618020+00:00,BDT,10,10
2026-09-12T11:05:39.618020+00:00,BND,9,10
2026-09-12T11:05:39.618020+00:00,BOB,10,10
2026-09-12T11:05:39.618020+00:00,BWP,4,9
2026-09-12T11:05:39.618020+00:00,CLP,10,10
2026-09-12T11:05:39.618020+00:00,COP,10,10
2026-09-12T11:05:39.618020+00:00,DZD,10,10
2026-09-12T11:05:39.618020+00:00,EGP,10,10
2026-09-12T11:05:39.618020+00:00,ETB,0,0
2026-09-12T11:05:39.618020+00:00,GEL,10,10
2026-09-12T11:05:39.618020+00:00,GHS,0,0
2026-09-12T11:05:39.618020+00:00,IDR,10,10
2026-09-12T11:05:39.618020+00:00,INR,10,10
2026-09-12T11:05:39.618020+00:00,IQD,10,10
2026-09-12T11:05:39.618020+00:00,JOD,10,10
2026-09-12T11:05:39.618020+00:00,KES,10,10
2026-09-12T11:05:39.618020+00:00,KHR,10,10
2026-09-12T11:05:39.618020+00:00,KWD,10,10
2026-09-12T11:05:39.618020+00:00,KZT,10,10
2026-09-12T11:05:39.618020+00:00,LAK,10,10
2026-09-12T11:05:39.618020+00:00,LBP,10,10
2026-09-12T11:05:39.618020+00:00,LKR,10,10
2026-09-12T11:05:39.618020+00:00,MAD,10,10
2026-09-12T11:05:39.618020+00:00,MNT,10,10
2026-09-12T11:05:39.618020+00:00,MXN,10,10
2026-09-12T11:05:39.618020+00:00,MZN,10,10
2026-09-12T11:05:39.618020+00:00,NGN,0,0
2026-09-12T11:05:39.618020+00:00,NGN,0,0
2026-09-12T11:05:39.618020+00:00,NPR,1,10
2026-09-12T11:05:39.618020+00:00,PEN,10,10
2026-09-12T11:05:39.618020+00:00,PHP,10,10
2026-09-12T11:05:39.618020+00:00,PKR,10,10
2026-09-12T11:05:39.618020+00:00,QAR,10,10
2026-09-12T11:05:39.618020+00:00,RWF,10,10
2026-09-12T11:05:39.618020+00:00,SAR,10,10
2026-09-12T11:05:39.618020+00:00,SDG,10,10
2026-09-12T11:05:39.618020+00:00,SYP,10,10
2026-09-12T11:05:39.618020+00:00,TND,10,10
2026-09-12T11:05:39.618020+00:00,TRY,10,10
2026-09-12T11:05:39.618020+00:00,TZS,10,10
2026-09-12T11:05:39.618020+00:00,UAH,10,10
2026-09-12T11:05:39.618020+00:00,UGX,10,10
2026-09-12T11:05:39.618020+00:00,VES,10,10
2026-09-12T11:05:39.618020+00:00,VND,10,10
2026-09-12T11:05:39.618020+00:00,XAF,10,10
2026-09-12T11:05:39.618020+00:00,XOF,10,10
2026-09-12T11:05:39.618020+00:00,ZAR,10,10
2026-09-12T11:05:39.618020+00:00,ZMW,10,10
2026-09-12T12:05:33.498193+00:00,AED,10,10
2026-09-12T12:05:33.498193+00:00,AFN,2,6
2026-09-12T12:05:33.498193+00:00,AMD,10,10
2026-09-12T12:05:33.498193+00:00,AOA,8,10
2026-09-12T12:05:33.498193+00:00,ARS,10,10
2026-09-12T12:05:33.498193+00:00,AZN,10,10
2026-09-12T12:05:33.498193+00:00,BDT,10,10
2026-09-12T12:05:33.498193+00:00,BND,10,10
2026-09-12T12:05:33.498193+00:00,BOB,10,10
2026-09-12T12:05:33.498193+00:00,BWP,4,9
2026-09-12T12:05:33.498193+00:00,CLP,10,10
2026-09-12T12:05:33.498193+00:00,COP,10,10
2026-09-12T12:05:33.498193+00:00,DZD,10,10
2026-09-12T12:05:33.498193+00:00,EGP,10,10
2026-09-12T12:05:33.498193+00:00,ETB,0,0
2026-09-12T12:05:33.498193+00:00,GEL,10,10
2026-09-12T12:05:33.498193+00:00,GHS,0,0
2026-09-12T12:05:33.498193+00:00,IDR,10,10
2026-09-12T12:05:33.498193+00:00,INR,10,10
2026-09-12T12:05:33.498193+00:00,IQD,10,10
2026-09-12T12:05:33.498193+00:00,JOD,10,10
2026-09-12T12:05:33.498193+00:00,KES,10,10
2026-09-12T12:05:33.498193+00:00,KHR,10,10
2026-09-12T12:05:33.498193+00:00,KWD,10,10
2026-09-12T12:05:33.498193+00:00,KZT,10,10
2026-09-12T12:05:33.498193+00:00,LAK,10,10
2026-09-12T12:05:33.498193+00:00,LBP,10,10
2026-09-12T12:05:33.498193+00:00,LKR,10,10
2026-09-12T12:05:33.498193+00:00,MAD,10,10
2026-09-12T12:05:33.498193+00:00,MNT,10,10
2026-09-12T12:05:33.498193+00:00,MXN,10,10
2026-09-12T12:05:33.498193+00:00,MZN,10,10
2026-09-12T12:05:33.498193+00:00,NGN,0,0
2026-09-12T12:05:33.498193+00:00,NGN,0,0
2026-09-12T12:05:33.498193+00:00,NPR,1,10
2026-09-12T12:05:33.498193+00:00,PEN,10,10
2026-09-12T12:05:33.498193+00:00,PHP,10,10
2026-09-12T12:05:33.498193+00:00,PKR,10,10
2026-09-12T12:05:33.498193+00:00,QAR,10,10
2026-09-12T12:05:33.498193+00:00,RWF,10,10
2026-09-12T12:05:33.498193+00:00,SAR,10,10
2026-09-12T12:05:33.498193+00:00,SDG,10,10
2026-09-12T12:05:33.498193+00:00,SYP,10,10
2026-09-12T12:05:33.498193+00:00,TND,10,10
2026-09-12T12:05:33.498193+00:00,TRY,10,10
2026-09-12T12:05:33.498193+00:00,TZS,10,10
2026-09-12T12:05:33.498193+00:00,UAH,10,10
2026-09-12T12:05:33.498193+00:00,UGX,10,10
2026-09-12T12:05:33.498193+00:00,VES,10,10
2026-09-12T12:05:33.498193+00:00,VND,10,10
2026-09-12T12:05:33.498193+00:00,XAF,10,10
2026-09-12T12:05:33.498193+00:00,XOF,10,10
2026-09-12T12:05:33.498193+00:00,ZAR,10,10
2026-09-12T12:05:33.498193+00:00,ZMW,10,10
2026-09-12T13:05:34.152123+00:00,AED,10,10
2026-09-12T13:05:34.152123+00:00,AFN,2,6
2026-09-12T13:05:34.152123+00:00,AMD,10,10
2026-09-12T13:05:34.152123+00:00,AOA,8,10
2026-09-12T13:05:34.152123+00:00,ARS,10,10
2026-09-12T13:05:34.152123+00:00,AZN,10,10
2026-09-12T13:05:34.152123+00:00,BDT,10,10
2026-09-12T13:05:34.152123+00:00,BND,10,10
2026-09-12T13:05:34.152123+00:00,BOB,10,10
2026-09-12T13:05:34.152123+00:00,BWP,4,9
2026-09-12T13:05:34.152123+00:00,CLP,10,10
2026-09-12T13:05:34.152123+00:00,COP,10,10
2026-09-12T13:05:34.152123+00:00,DZD,10,10
2026-09-12T13:05:34.152123+00:00,EGP,10,10
2026-09-12T13:05:34.152123+00:00,ETB,0,0
2026-09-12T13:05:34.152123+00:00,GEL,10,10
2026-09-12T13:05:34.152123+00:00,GHS,0,0
2026-09-12T13:05:34.152123+00:00,IDR,10,10
2026-09-12T13:05:34.152123+00:00,INR,10,10
2026-09-12T13:05:34.152123+00:00,IQD,10,10
2026-09-12T13:05:34.152123+00:00,JOD,10,10
2026-09-12T13:05:34.152123+00:00,KES,10,10
2026-09-12T13:05:34.152123+00:00,KHR,10,10
2026-09-12T13:05:34.152123+00:00,KWD,10,10
2026-09-12T13:05:34.152123+00:00,KZT,10,10
2026-09-12T13:05:34.152123+00:00,LAK,10,10
2026-09-12T13:05:34.152123+00:00,LBP,10,10
2026-09-12T13:05:34.152123+00:00,LKR,10,10
2026-09-12T13:05:34.152123+00:00,MAD,10,10
2026-09-12T13:05:34.152123+00:00,MNT,10,10
2026-09-12T13:05:34.152123+00:00,MXN,10,10
2026-09-12T13:05:34.152123+00:00,MZN,10,10
2026-09-12T13:05:34.152123+00:00,NGN,0,0
2026-09-12T13:05:34.152123+00:00,NGN,0,0
2026-09-12T13:05:34.152123+00:00,NPR,1,10
2026-09-12T13:05:34.152123+00:00,PEN,10,10
2026-09-12T13:05:34.152123+00:00,PHP,10,10
2026-09-12T13:05:34.152123+00:00,PKR,10,10
2026-09-12T13:05:34.152123+00:00,QAR,10,10
2026-09-12T13:05:34.152123+00:00,RWF,10,10
2026-09-12T13:05:34.152123+00:00,SAR,10,10
2026-09-12T13:05:34.152123+00:00,SDG,10,10
2026-09-12T13:05:34.152123+00:00,SYP,10,10
2026-09-12T13:05:34.152123+00:00,TND,10,10
2026-09-12T13:05:34.152123+00:00,TRY,10,10
2026-09-12T13:05:34.152123+00:00,TZS,10,10
2026-09-12T13:05:34.152123+00:00,UAH,10,10
2026-09-12T13:05:34.152123+00:00,UGX,10,10
2026-09-12T13:05:34.152123+00:00,VES,10,10
2026-09-12T13:05:34.152123+00:00,VND,10,10
2026-09-12T13:05:34.152123+00:00,XAF,10,10
2026-09-12T13:05:34.152123+00:00,XOF,10,10
2026-09-12T13:05:34.152123+00:00,ZAR,10,10
2026-09-12T13:05:34.152123+00:00,ZMW,10,10
2026-09-12T14:05:33.810893+00:00,AED,10,10
2026-09-12T14:05:33.810893+00:00,AFN,2,6
2026-09-12T14:05:33.810893+00:00,AMD,10,10
2026-09-12T14:05:33.810893+00:00,AOA,9,10
2026-09-12T14:05:33.810893+00:00,ARS,10,10
2026-09-12T14:05:33.810893+00:00,AZN,10,10
2026-09-12T14:05:33.810893+00:00,BDT,10,10
2026-09-12T14:05:33.810893+00:00,BND,10,10
2026-09-12T14:05:33.810893+00:00,BOB,10,10
2026-09-12T14:05:33.810893+00:00,BWP,3,9
2026-09-12T14:05:33.810893+00:00,CLP,10,10
2026-09-12T14:05:33.810893+00:00,COP,10,10
2026-09-12T14:05:33.810893+00:00,DZD,10,10
2026-09-12T14:05:33.810893+00:00,EGP,10,10
2026-09-12T14:05:33.810893+00:00,ETB,0,0
2026-09-12T14:05:33.810893+00:00,GEL,10,10
2026-09-12T14:05:33.810893+00:00,GHS,0,0
2026-09-12T14:05:33.810893+00:00,IDR,10,10
2026-09-12T14:05:33.810893+00:00,INR,10,10
2026-09-12T14:05:33.810893+00:00,IQD,10,10
2026-09-12T14:05:33.810893+00:00,JOD,10,10
2026-09-12T14:05:33.810893+00:00,KES,10,10
2026-09-12T14:05:33.810893+00:00,KHR,10,10
2026-09-12T14:05:33.810893+00:00,KWD,10,10
2026-09-12T14:05:33.810893+00:00,KZT,10,10
2026-09-12T14:05:33.810893+00:00,LAK,10,10
2026-09-12T14:05:33.810893+00:00,LBP,10,10
2026-09-12T14:05:33.810893+00:00,LKR,10,10
2026-09-12T14:05:33.810893+00:00,MAD,10,10
2026-09-12T14:05:33.810893+00:00,MNT,10,10
2026-09-12T14:05:33.810893+00:00,MXN,10,10
2026-09-12T14:05:33.810893+00:00,MZN,10,10
2026-09-12T14:05:33.810893+00:00,NGN,0,0
2026-09-12T14:05:33.810893+00:00,NGN,0,0
2026-09-12T14:05:33.810893+00:00,NPR,1,10
2026-09-12T14:05:33.810893+00:00,PEN,10,10
2026-09-12T14:05:33.810893+00:00,PHP,10,10
2026-09-12T14:05:33.810893+00:00,PKR,10,10
2026-09-12T14:05:33.810893+00:00,QAR,10,10
2026-09-12T14:05:33.810893+00:00,RWF,10,10
2026-09-12T14:05:33.810893+00:00,SAR,10,10
2026-09-12T14:05:33.810893+00:00,SDG,10,10
2026-09-12T14:05:33.810893+00:00,SYP,10,10
2026-09-12T14:05:33.810893+00:00,TND,10,10
2026-09-12T14:05:33.810893+00:00,TRY,10,10
2026-09-12T14:05:33.810893+00:00,TZS,10,10
2026-09-12T14:05:33.810893+00:00,UAH,10,10
2026-09-12T14:05:33.810893+00:00,UGX,10,10
2026-09-12T14:05:33.810893+00:00,VES,10,10
2026-09-12T14:05:33.810893+00:00,VND,10,10
2026-09-12T14:05:33.810893+00:00,XAF,10,10
2026-09-12T14:05:33.810893+00:00,XOF,10,10
2026-09-12T14:05:33.810893+00:00,ZAR,10,10
2026-09-12T14:05:33.810893+00:00,ZMW,10,10
2026-09-12T15:05:45.895411+00:00,AED,10,10
2026-09-12T15:05:45.895411+00:00,AFN,2,6
2026-09-12T15:05:45.895411+00:00,AMD,10,10
2026-09-12T15:05:45.895411+00:00,AOA,9,10
2026-09-12T15:05:45.895411+00:00,ARS,10,10
2026-09-12T15:05:45.895411+00:00,AZN,10,10
2026-09-12T15:05:45.895411+00:00,BDT,10,10
2026-09-12T15:05:45.895411+00:00,BND,9,10
2026-09-12T15:05:45.895411+00:00,BOB,10,10
2026-09-12T15:05:45.895411+00:00,BWP,3,9
2026-09-12T15:05:45.895411+00:00,CLP,10,10
2026-09-12T15:05:45.895411+00:00,COP,10,10
2026-09-12T15:05:45.895411+00:00,DZD,10,10
2026-09-12T15:05:45.895411+00:00,EGP,10,10
2026-09-12T15:05:45.895411+00:00,ETB,0,0
2026-09-12T15:05:45.895411+00:00,GEL,10,10
2026-09-12T15:05:45.895411+00:00,GHS,0,0
2026-09-12T15:05:45.895411+00:00,IDR,10,10
2026-09-12T15:05:45.895411+00:00,INR,10,10
2026-09-12T15:05:45.895411+00:00,IQD,10,10
2026-09-12T15:05:45.895411+00:00,JOD,10,10
2026-09-12T15:05:45.895411+00:00,KES,10,10
2026-09-12T15:05:45.895411+00:00,KHR,10,10
2026-09-12T15:05:45.895411+00:00,KWD,10,10
2026-09-12T15:05:45.895411+00:00,KZT,10,10
2026-09-12T15:05:45.895411+00:00,LAK,10,10
2026-09-12T15:05:45.895411+00:00,LBP,10,10
2026-09-12T15:05:45.895411+00:00,LKR,10,10
2026-09-12T15:05:45.895411+00:00,MAD,10,10
2026-09-12T15:05:45.895411+00:00,MNT,10,10
2026-09-12T15:05:45.895411+00:00,MXN,10,10
2026-09-12T15:05:45.895411+00:00,MZN,10,10
2026-09-12T15:05:45.895411+00:00,NGN,0,0
2026-09-12T15:05:45.895411+00:00,NGN,0,0
2026-09-12T15:05:45.895411+00:00,NPR,3,10
2026-09-12T15:05:45.895411+00:00,PEN,10,10
2026-09-12T15:05:45.895411+00:00,PHP,10,10
2026-09-12T15:05:45.895411+00:00,PKR,10,10
2026-09-12T15:05:45.895411+00:00,QAR,10,10
2026-09-12T15:05:45.895411+00:00,RWF,10,10
2026-09-12T15:05:45.895411+00:00,SAR,10,10
2026-09-12T15:05:45.895411+00:00,SDG,10,10
2026-09-12T15:05:45.895411+00:00,SYP,10,10
2026-09-12T15:05:45.895411+00:00,TND,10,10
2026-09-12T15:05:45.895411+00:00,TRY,10,10
2026-09-12T15:05:45.895411+00:00,TZS,10,10
2026-09-12T15:05:45.895411+00:00,UAH,10,10
2026-09-12T15:05:45.895411+00:00,UGX,10,10
2026-09-12T15:05:45.895411+00:00,VES,10,10
2026-09-12T15:05:45.895411+00:00,VND,10,10
2026-09-12T15:05:45.895411+00:00,XAF,10,10
2026-09-12T15:05:45.895411+00:00,XOF,10,10
2026-09-12T15:05:45.895411+00:00,ZAR,10,10
2026-09-12T15:05:45.895411+00:00,ZMW,10,10
2026-09-12T16:05:32.906728+00:00,AED,10,10
2026-09-12T16:05:32.906728+00:00,AFN,2,6
2026-09-12T16:05:32.906728+00:00,AMD,10,10
2026-09-12T16:05:32.906728+00:00,AOA,8,10
2026-09-12T16:05:32.906728+00:00,ARS,10,10
2026-09-12T16:05:32.906728+00:00,AZN,10,10
2026-09-12T16:05:32.906728+00:00,BDT,10,10
2026-09-12T16:05:32.906728+00:00,BND,9,10
2026-09-12T16:05:32.906728+00:00,BOB,10,10
2026-09-12T16:05:32.906728+00:00,BWP,5,8
2026-09-12T16:05:32.906728+00:00,CLP,10,10
2026-09-12T16:05:32.906728+00:00,COP,10,10
2026-09-12T16:05:32.906728+00:00,DZD,10,10
2026-09-12T16:05:32.906728+00:00,EGP,10,10
2026-09-12T16:05:32.906728+00:00,ETB,0,0
2026-09-12T16:05:32.906728+00:00,GEL,10,10
2026-09-12T16:05:32.906728+00:00,GHS,0,0
2026-09-12T16:05:32.906728+00:00,IDR,10,10
2026-09-12T16:05:32.906728+00:00,INR,10,10
2026-09-12T16:05:32.906728+00:00,IQD,10,10
2026-09-12T16:05:32.906728+00:00,JOD,10,10
2026-09-12T16:05:32.906728+00:00,KES,10,10
2026-09-12T16:05:32.906728+00:00,KHR,10,10
2026-09-12T16:05:32.906728+00:00,KWD,10,10
2026-09-12T16:05:32.906728+00:00,KZT,10,10
2026-09-12T16:05:32.906728+00:00,LAK,10,10
2026-09-12T16:05:32.906728+00:00,LBP,10,10
2026-09-12T16:05:32.906728+00:00,LKR,10,10
2026-09-12T16:05:32.906728+00:00,MAD,10,10
2026-09-12T16:05:32.906728+00:00,MNT,10,10
2026-09-12T16:05:32.906728+00:00,MXN,10,10
2026-09-12T16:05:32.906728+00:00,MZN,10,10
2026-09-12T16:05:32.906728+00:00,NGN,0,0
2026-09-12T16:05:32.906728+00:00,NGN,0,0
2026-09-12T16:05:32.906728+00:00,NPR,2,10
2026-09-12T16:05:32.906728+00:00,PEN,10,10
2026-09-12T16:05:32.906728+00:00,PHP,10,10
2026-09-12T16:05:32.906728+00:00,PKR,10,10
2026-09-12T16:05:32.906728+00:00,QAR,10,10
2026-09-12T16:05:32.906728+00:00,RWF,10,10
2026-09-12T16:05:32.906728+00:00,SAR,10,10
2026-09-12T16:05:32.906728+00:00,SDG,10,10
2026-09-12T16:05:32.906728+00:00,SYP,10,10
2026-09-12T16:05:32.906728+00:00,TND,10,10
2026-09-12T16:05:32.906728+00:00,TRY,10,10
2026-09-12T16:05:32.906728+00:00,TZS,10,10
2026-09-12T16:05:32.906728+00:00,UAH,10,10
2026-09-12T16:05:32.906728+00:00,UGX,10,10
2026-09-12T16:05:32.906728+00:00,VES,10,10
2026-09-12T16:05:32.906728+00:00,VND,10,10
2026-09-12T16:05:32.906728+00:00,XAF,10,10
2026-09-12T16:05:32.906728+00:00,XOF,10,10
2026-09-12T16:05:32.906728+00:00,ZAR,10,10
2026-09-12T16:05:32.906728+00:00,ZMW,10,10
2026-09-12T17:09:01.119883+00:00,AED,10,10
2026-09-12T17:09:01.119883+00:00,AFN,2,6
2026-09-12T17:09:01.119883+00:00,AMD,10,10
2026-09-12T17:09:01.119883+00:00,AOA,9,10
2026-09-12T17:09:01.119883+00:00,ARS,10,10
2026-09-12T17:09:01.119883+00:00,AZN,10,10
2026-09-12T17:09:01.119883+00:00,BDT,10,10
2026-09-12T17:09:01.119883+00:00,BND,9,10
2026-09-12T17:09:01.119883+00:00,BOB,10,10
2026-09-12T17:09:01.119883+00:00,BWP,5,8
2026-09-12T17:09:01.119883+00:00,CLP,10,10
2026-09-12T17:09:01.119883+00:00,COP,10,10
2026-09-12T17:09:01.119883+00:00,DZD,10,10
2026-09-12T17:09:01.119883+00:00,EGP,10,10
2026-09-12T17:09:01.119883+00:00,ETB,0,0
2026-09-12T17:09:01.119883+00:00,GEL,10,10
2026-09-12T17:09:01.119883+00:00,GHS,0,0
2026-09-12T17:09:01.119883+00:00,IDR,10,10
2026-09-12T17:09:01.119883+00:00,INR,10,10
2026-09-12T17:09:01.119883+00:00,IQD,10,10
2026-09-12T17:09:01.119883+00:00,JOD,10,10
2026-09-12T17:09:01.119883+00:00,KES,10,10
2026-09-12T17:09:01.119883+00:00,KHR,10,10
2026-09-12T17:09:01.119883+00:00,KWD,10,10
2026-09-12T17:09:01.119883+00:00,KZT,10,10
2026-09-12T17:09:01.119883+00:00,LAK,10,10
2026-09-12T17:09:01.119883+00:00,LBP,10,10
2026-09-12T17:09:01.119883+00:00,LKR,10,10
2026-09-12T17:09:01.119883+00:00,MAD,10,10
2026-09-12T17:09:01.119883+00:00,MNT,10,10
2026-09-12T17:09:01.119883+00:00,MXN,10,10
2026-09-12T17:09:01.119883+00:00,MZN,10,10
2026-09-12T17:09:01.119883+00:00,NGN,0,0
2026-09-12T17:09:01.119883+00:00,NGN,0,0
2026-09-12T17:09:01.119883+00:00,NPR,1,10
2026-09-12T17:09:01.119883+00:00,PEN,10,10
2026-09-12T17:09:01.119883+00:00,PHP,10,10
2026-09-12T17:09:01.119883+00:00,PKR,10,10
2026-09-12T17:09:01.119883+00:00,QAR,10,10
2026-09-12T17:09:01.119883+00:00,RWF,10,10
2026-09-12T17:09:01.119883+00:00,SAR,10,10
2026-09-12T17:09:01.119883+00:00,SDG,10,10
2026-09-12T17:09:01.119883+00:00,SYP,10,10
2026-09-12T17:09:01.119883+00:00,TND,10,10
2026-09-12T17:09:01.119883+00:00,TRY,10,10
2026-09-12T17:09:01.119883+00:00,TZS,10,10
2026-09-12T17:09:01.119883+00:00,UAH,10,10
2026-09-12T17:09:01.119883+00:00,UGX,10,10
2026-09-12T17:09:01.119883+00:00,VES,10,10
2026-09-12T17:09:01.119883+00:00,VND,10,10
2026-09-12T17:09:01.119883+00:00,XAF,10,10
2026-09-12T17:09:01.119883+00:00,XOF,10,10
2026-09-12T17:09:01.119883+00:00,ZAR,10,10
2026-09-12T17:09:01.119883+00:00,ZMW,10,10
2026-09-12T18:05:44.300734+00:00,AED,10,10
2026-09-12T18:05:44.300734+00:00,AFN,2,6
2026-09-12T18:05:44.300734+00:00,AMD,10,10
2026-09-12T18:05:44.300734+00:00,AOA,8,10
2026-09-12T18:05:44.300734+00:00,ARS,10,10
2026-09-12T18:05:44.300734+00:00,AZN,10,10
2026-09-12T18:05:44.300734+00:00,BDT,10,10
2026-09-12T18:05:44.300734+00:00,BND,7,8
2026-09-12T18:05:44.300734+00:00,BOB,10,10
2026-09-12T18:05:44.300734+00:00,BWP,5,8
2026-09-12T18:05:44.300734+00:00,CLP,10,10
2026-09-12T18:05:44.300734+00:00,COP,10,10
2026-09-12T18:05:44.300734+00:00,DZD,10,10
2026-09-12T18:05:44.300734+00:00,EGP,10,10
2026-09-12T18:05:44.300734+00:00,ETB,0,0
2026-09-12T18:05:44.300734+00:00,GEL,10,10
2026-09-12T18:05:44.300734+00:00,GHS,0,0
2026-09-12T18:05:44.300734+00:00,IDR,10,10
2026-09-12T18:05:44.300734+00:00,INR,10,10
2026-09-12T18:05:44.300734+00:00,IQD,10,10
2026-09-12T18:05:44.300734+00:00,JOD,10,10
2026-09-12T18:05:44.300734+00:00,KES,10,10
2026-09-12T18:05:44.300734+00:00,KHR,7,10
2026-09-12T18:05:44.300734+00:00,KWD,10,10
2026-09-12T18:05:44.300734+00:00,KZT,10,10
2026-09-12T18:05:44.300734+00:00,LAK,10,10
2026-09-12T18:05:44.300734+00:00,LBP,10,10
2026-09-12T18:05:44.300734+00:00,LKR,10,10
2026-09-12T18:05:44.300734+00:00,MAD,10,10
2026-09-12T18:05:44.300734+00:00,MNT,10,10
2026-09-12T18:05:44.300734+00:00,MXN,10,10
2026-09-12T18:05:44.300734+00:00,MZN,10,10
2026-09-12T18:05:44.300734+00:00,NGN,0,0
2026-09-12T18:05:44.300734+00:00,NGN,0,0
2026-09-12T18:05:44.300734+00:00,NPR,1,10
2026-09-12T18:05:44.300734+00:00,PEN,10,10
2026-09-12T18:05:44.300734+00:00,PHP,10,10
2026-09-12T18:05:44.300734+00:00,PKR,10,10
2026-09-12T18:05:44.300734+00:00,QAR,10,10
2026-09-12T18:05:44.300734+00:00,RWF,10,10
2026-09-12T18:05:44.300734+00:00,SAR,10,10
2026-09-12T18:05:44.300734+00:00,SDG,10,10
2026-09-12T18:05:44.300734+00:00,SYP,10,10
2026-09-12T18:05:44.300734+00:00,TND,10,10
2026-09-12T18:05:44.300734+00:00,TRY,10,10
2026-09-12T18:05:44.300734+00:00,TZS,10,10
2026-09-12T18:05:44.300734+00:00,UAH,10,10
2026-09-12T18:05:44.300734+00:00,UGX,10,10
2026-09-12T18:05:44.300734+00:00,VES,10,10
2026-09-12T18:05:44.300734+00:00,VND,10,10
2026-09-12T18:05:44.300734+00:00,XAF,10,10
2026-09-12T18:05:44.300734+00:00,XOF,10,10
2026-09-12T18:05:44.300734+00:00,ZAR,10,10
2026-09-12T18:05:44.300734+00:00,ZMW,10,10
2026-09-12T19:05:35.298162+00:00,AED,10,10
2026-09-12T19:05:35.298162+00:00,AFN,1,5
2026-09-12T19:05:35.298162+00:00,AMD,10,10
2026-09-12T19:05:35.298162+00:00,AOA,6,10
2026-09-12T19:05:35.298162+00:00,ARS,10,10
2026-09-12T19:05:35.298162+00:00,AZN,10,10
2026-09-12T19:05:35.298162+00:00,BDT,10,10
2026-09-12T19:05:35.298162+00:00,BND,6,7
2026-09-12T19:05:35.298162+00:00,BOB,10,10
2026-09-12T19:05:35.298162+00:00,BWP,5,8
2026-09-12T19:05:35.298162+00:00,CLP,10,10
2026-09-12T19:05:35.298162+00:00,COP,10,10
2026-09-12T19:05:35.298162+00:00,DZD,10,10
2026-09-12T19:05:35.298162+00:00,EGP,10,10
2026-09-12T19:05:35.298162+00:00,ETB,0,0
2026-09-12T19:05:35.298162+00:00,GEL,10,10
2026-09-12T19:05:35.298162+00:00,GHS,0,0
2026-09-12T19:05:35.298162+00:00,IDR,10,10
2026-09-12T19:05:35.298162+00:00,INR,10,10
2026-09-12T19:05:35.298162+00:00,IQD,10,10
2026-09-12T19:05:35.298162+00:00,JOD,10,10
2026-09-12T19:05:35.298162+00:00,KES,10,10
2026-09-12T19:05:35.298162+00:00,KHR,6,10
2026-09-12T19:05:35.298162+00:00,KWD,10,10
2026-09-12T19:05:35.298162+00:00,KZT,10,10
2026-09-12T19:05:35.298162+00:00,LAK,10,10
2026-09-12T19:05:35.298162+00:00,LBP,10,10
2026-09-12T19:05:35.298162+00:00,LKR,10,10
2026-09-12T19:05:35.298162+00:00,MAD,10,10
2026-09-12T19:05:35.298162+00:00,MNT,8,10
2026-09-12T19:05:35.298162+00:00,MXN,10,10
2026-09-12T19:05:35.298162+00:00,MZN,10,10
2026-09-12T19:05:35.298162+00:00,NGN,0,0
2026-09-12T19:05:35.298162+00:00,NGN,0,0
2026-09-12T19:05:35.298162+00:00,NPR,1,10
2026-09-12T19:05:35.298162+00:00,PEN,10,10
2026-09-12T19:05:35.298162+00:00,PHP,10,10
2026-09-12T19:05:35.298162+00:00,PKR,10,10
2026-09-12T19:05:35.298162+00:00,QAR,10,10
2026-09-12T19:05:35.298162+00:00,RWF,10,10
2026-09-12T19:05:35.298162+00:00,SAR,10,10
2026-09-12T19:05:35.298162+00:00,SDG,10,10
2026-09-12T19:05:35.298162+00:00,SYP,10,10
2026-09-12T19:05:35.298162+00:00,TND,10,10
2026-09-12T19:05:35.298162+00:00,TRY,10,10
2026-09-12T19:05:35.298162+00:00,TZS,10,10
2026-09-12T19:05:35.298162+00:00,UAH,10,10
2026-09-12T19:05:35.298162+00:00,UGX,10,10
2026-09-12T19:05:35.298162+00:00,VES,10,10
2026-09-12T19:05:35.298162+00:00,VND,10,10
2026-09-12T19:05:35.298162+00:00,XAF,10,10
2026-09-12T19:05:35.298162+00:00,XOF,10,10
2026-09-12T19:05:35.298162+00:00,ZAR,10,10
2026-09-12T19:05:35.298162+00:00,ZMW,10,10
2026-09-12T20:05:39.718089+00:00,AED,10,10
2026-09-12T20:05:39.718089+00:00,AFN,0,4
2026-09-12T20:05:39.718089+00:00,AMD,10,10
2026-09-12T20:05:39.718089+00:00,AOA,5,10
2026-09-12T20:05:39.718089+00:00,ARS,10,10
2026-09-12T20:05:39.718089+00:00,AZN,10,10
2026-09-12T20:05:39.718089+00:00,BDT,10,10
2026-09-12T20:05:39.718089+00:00,BND,5,6
2026-09-12T20:05:39.718089+00:00,BOB,10,10
2026-09-12T20:05:39.718089+00:00,BWP,5,8
2026-09-12T20:05:39.718089+00:00,CLP,10,10
2026-09-12T20:05:39.718089+00:00,COP,10,10
2026-09-12T20:05:39.718089+00:00,DZD,10,10
2026-09-12T20:05:39.718089+00:00,EGP,10,10
2026-09-12T20:05:39.718089+00:00,ETB,0,0
2026-09-12T20:05:39.718089+00:00,GEL,10,10
2026-09-12T20:05:39.718089+00:00,GHS,0,0
2026-09-12T20:05:39.718089+00:00,IDR,10,10
2026-09-12T20:05:39.718089+00:00,INR,10,10
2026-09-12T20:05:39.718089+00:00,IQD,10,10
2026-09-12T20:05:39.718089+00:00,JOD,10,10
2026-09-12T20:05:39.718089+00:00,KES,10,10
2026-09-12T20:05:39.718089+00:00,KHR,4,8
2026-09-12T20:05:39.718089+00:00,KWD,10,10
2026-09-12T20:05:39.718089+00:00,KZT,10,10
2026-09-12T20:05:39.718089+00:00,LAK,10,10
2026-09-12T20:05:39.718089+00:00,LBP,10,10
2026-09-12T20:05:39.718089+00:00,LKR,10,10
2026-09-12T20:05:39.718089+00:00,MAD,10,10
2026-09-12T20:05:39.718089+00:00,MNT,7,10
2026-09-12T20:05:39.718089+00:00,MXN,10,10
2026-09-12T20:05:39.718089+00:00,MZN,10,10
2026-09-12T20:05:39.718089+00:00,NGN,0,0
2026-09-12T20:05:39.718089+00:00,NGN,0,0
2026-09-12T20:05:39.718089+00:00,NPR,1,10
2026-09-12T20:05:39.718089+00:00,PEN,10,10
2026-09-12T20:05:39.718089+00:00,PHP,10,10
2026-09-12T20:05:39.718089+00:00,PKR,10,10
2026-09-12T20:05:39.718089+00:00,QAR,10,10
2026-09-12T20:05:39.718089+00:00,RWF,10,10
2026-09-12T20:05:39.718089+00:00,SAR,10,10
2026-09-12T20:05:39.718089+00:00,SDG,10,10
2026-09-12T20:05:39.718089+00:00,SYP,10,10
2026-09-12T20:05:39.718089+00:00,TND,10,10
2026-09-12T20:05:39.718089+00:00,TRY,10,10
2026-09-12T20:05:39.718089+00:00,TZS,10,10
2026-09-12T20:05:39.718089+00:00,UAH,10,10
2026-09-12T20:05:39.718089+00:00,UGX,10,10
2026-09-12T20:05:39.718089+00:00,VES,10,10
2026-09-12T20:05:39.718089+00:00,VND,10,10
2026-09-12T20:05:39.718089+00:00,XAF,10,10
2026-09-12T20:05:39.718089+00:00,XOF,10,10
2026-09-12T20:05:39.718089+00:00,ZAR,10,10
2026-09-12T20:05:39.718089+00:00,ZMW,10,10
2026-09-12T21:05:39.999118+00:00,AED,10,10
2026-09-12T21:05:39.999118+00:00,AFN,0,3
2026-09-12T21:05:39.999118+00:00,AMD,10,10
2026-09-12T21:05:39.999118+00:00,AOA,4,10
2026-09-12T21:05:39.999118+00:00,ARS,10,10
2026-09-12T21:05:39.999118+00:00,AZN,10,10
2026-09-12T21:05:39.999118+00:00,BDT,10,10
2026-09-12T21:05:39.999118+00:00,BND,4,5
2026-09-12T21:05:39.999118+00:00,BOB,10,10
2026-09-12T21:05:39.999118+00:00,BWP,5,8
2026-09-12T21:05:39.999118+00:00,CLP,10,10
2026-09-12T21:05:39.999118+00:00,COP,10,10
2026-09-12T21:05:39.999118+00:00,DZD,10,10
2026-09-12T21:05:39.999118+00:00,EGP,10,10
2026-09-12T21:05:39.999118+00:00,ETB,0,0
2026-09-12T21:05:39.999118+00:00,GEL,10,10
2026-09-12T21:05:39.999118+00:00,GHS,0,0
2026-09-12T21:05:39.999118+00:00,IDR,10,10
2026-09-12T21:05:39.999118+00:00,INR,10,10
2026-09-12T21:05:39.999118+00:00,IQD,10,10
2026-09-12T21:05:39.999118+00:00,JOD,10,10
2026-09-12T21:05:39.999118+00:00,KES,10,10
2026-09-12T21:05:39.999118+00:00,KHR,7,10
2026-09-12T21:05:39.999118+00:00,KWD,10,10
2026-09-12T21:05:39.999118+00:00,KZT,10,10
2026-09-12T21:05:39.999118+00:00,LAK,10,10
2026-09-12T21:05:39.999118+00:00,LBP,10,10
2026-09-12T21:05:39.999118+00:00,LKR,10,10
2026-09-12T21:05:39.999118+00:00,MAD,10,10
2026-09-12T21:05:39.999118+00:00,MNT,7,10
2026-09-12T21:05:39.999118+00:00,MXN,10,10
2026-09-12T21:05:39.999118+00:00,MZN,10,10
2026-09-12T21:05:39.999118+00:00,NGN,0,0
2026-09-12T21:05:39.999118+00:00,NGN,0,0
2026-09-12T21:05:39.999118+00:00,NPR,0,10
2026-09-12T21:05:39.999118+00:00,PEN,10,10
2026-09-12T21:05:39.999118+00:00,PHP,10,10
2026-09-12T21:05:39.999118+00:00,PKR,10,10
2026-09-12T21:05:39.999118+00:00,QAR,10,10
2026-09-12T21:05:39.999118+00:00,RWF,10,10
2026-09-12T21:05:39.999118+00:00,SAR,10,10
2026-09-12T21:05:39.999118+00:00,SDG,10,10
2026-09-12T21:05:39.999118+00:00,SYP,10,10
2026-09-12T21:05:39.999118+00:00,TND,10,10
2026-09-12T21:05:39.999118+00:00,TRY,10,10
2026-09-12T21:05:39.999118+00:00,TZS,10,10
2026-09-12T21:05:39.999118+00:00,UAH,10,10
2026-09-12T21:05:39.999118+00:00,UGX,10,10
2026-09-12T21:05:39.999118+00:00,VES,10,10
2026-09-12T21:05:39.999118+00:00,VND,10,10
2026-09-12T21:05:39.999118+00:00,XAF,10,10
2026-09-12T21:05:39.999118+00:00,XOF,10,10
2026-09-12T21:05:39.999118+00:00,ZAR,10,10
2026-09-12T21:05:39.999118+00:00,ZMW,10,10
2026-09-12T22:05:31.446165+00:00,AED,10,10
2026-09-12T22:05:31.446165+00:00,AFN,0,3
2026-09-12T22:05:31.446165+00:00,AMD,10,10
2026-09-12T22:05:31.446165+00:00,AOA,5,10
2026-09-12T22:05:31.446165+00:00,ARS,10,10
2026-09-12T22:05:31.446165+00:00,AZN,10,10
2026-09-12T22:05:31.446165+00:00,BDT,10,10
2026-09-12T22:05:31.446165+00:00,BND,5,5
2026-09-12T22:05:31.446165+00:00,BOB,10,10
2026-09-12T22:05:31.446165+00:00,BWP,5,8
2026-09-12T22:05:31.446165+00:00,CLP,10,10
2026-09-12T22:05:31.446165+00:00,COP,10,10
2026-09-12T22:05:31.446165+00:00,DZD,10,10
2026-09-12T22:05:31.446165+00:00,EGP,10,10
2026-09-12T22:05:31.446165+00:00,ETB,0,0
2026-09-12T22:05:31.446165+00:00,GEL,10,10
2026-09-12T22:05:31.446165+00:00,GHS,0,0
2026-09-12T22:05:31.446165+00:00,IDR,10,10
2026-09-12T22:05:31.446165+00:00,INR,10,10
2026-09-12T22:05:31.446165+00:00,IQD,10,10
2026-09-12T22:05:31.446165+00:00,JOD,10,10
2026-09-12T22:05:31.446165+00:00,KES,10,10
2026-09-12T22:05:31.446165+00:00,KHR,7,10
2026-09-12T22:05:31.446165+00:00,KWD,10,10
2026-09-12T22:05:31.446165+00:00,KZT,10,10
2026-09-12T22:05:31.446165+00:00,LAK,10,10
2026-09-12T22:05:31.446165+00:00,LBP,10,10
2026-09-12T22:05:31.446165+00:00,LKR,10,10
2026-09-12T22:05:31.446165+00:00,MAD,10,10
2026-09-12T22:05:31.446165+00:00,MNT,7,10
2026-09-12T22:05:31.446165+00:00,MXN,10,10
2026-09-12T22:05:31.446165+00:00,MZN,10,10
2026-09-12T22:05:31.446165+00:00,NGN,0,0
2026-09-12T22:05:31.446165+00:00,NGN,0,0
2026-09-12T22:05:31.446165+00:00,NPR,0,10
2026-09-12T22:05:31.446165+00:00,PEN,10,10
2026-09-12T22:05:31.446165+00:00,PHP,10,10
2026-09-12T22:05:31.446165+00:00,PKR,10,10
2026-09-12T22:05:31.446165+00:00,QAR,10,10
2026-09-12T22:05:31.446165+00:00,RWF,10,10
2026-09-12T22:05:31.446165+00:00,SAR,10,10
2026-09-12T22:05:31.446165+00:00,SDG,10,10
2026-09-12T22:05:31.446165+00:00,SYP,10,10
2026-09-12T22:05:31.446165+00:00,TND,10,10
2026-09-12T22:05:31.446165+00:00,TRY,10,10
2026-09-12T22:05:31.446165+00:00,TZS,10,10
2026-09-12T22:05:31.446165+00:00,UAH,10,10
2026-09-12T22:05:31.446165+00:00,UGX,10,10
2026-09-12T22:05:31.446165+00:00,VES,10,10
2026-09-12T22:05:31.446165+00:00,VND,10,10
2026-09-12T22:05:31.446165+00:00,XAF,10,10
2026-09-12T22:05:31.446165+00:00,XOF,10,10
2026-09-12T22:05:31.446165+00:00,ZAR,10,10
2026-09-12T22:05:31.446165+00:00,ZMW,8,10
2026-09-12T23:23:19.723704+00:00,AED,10,10
2026-09-12T23:23:19.723704+00:00,AFN,0,3
2026-09-12T23:23:19.723704+00:00,AMD,10,10
2026-09-12T23:23:19.723704+00:00,AOA,4,10
2026-09-12T23:23:19.723704+00:00,ARS,10,10
2026-09-12T23:23:19.723704+00:00,AZN,10,10
2026-09-12T23:23:19.723704+00:00,BDT,10,10
2026-09-12T23:23:19.723704+00:00,BND,5,6
2026-09-12T23:23:19.723704+00:00,BOB,10,10
2026-09-12T23:23:19.723704+00:00,BWP,5,8
2026-09-12T23:23:19.723704+00:00,CLP,10,10
2026-09-12T23:23:19.723704+00:00,COP,10,10
2026-09-12T23:23:19.723704+00:00,DZD,10,10
2026-09-12T23:23:19.723704+00:00,EGP,10,10
2026-09-12T23:23:19.723704+00:00,ETB,0,0
2026-09-12T23:23:19.723704+00:00,GEL,10,10
2026-09-12T23:23:19.723704+00:00,GHS,0,0
2026-09-12T23:23:19.723704+00:00,IDR,10,10
2026-09-12T23:23:19.723704+00:00,INR,10,10
2026-09-12T23:23:19.723704+00:00,IQD,10,10
2026-09-12T23:23:19.723704+00:00,JOD,10,10
2026-09-12T23:23:19.723704+00:00,KES,10,10
2026-09-12T23:23:19.723704+00:00,KHR,10,10
2026-09-12T23:23:19.723704+00:00,KWD,10,10
2026-09-12T23:23:19.723704+00:00,KZT,10,10
2026-09-12T23:23:19.723704+00:00,LAK,10,10
2026-09-12T23:23:19.723704+00:00,LBP,8,10
2026-09-12T23:23:19.723704+00:00,LKR,10,10
2026-09-12T23:23:19.723704+00:00,MAD,10,10
2026-09-12T23:23:19.723704+00:00,MNT,6,10
2026-09-12T23:23:19.723704+00:00,MXN,10,10
2026-09-12T23:23:19.723704+00:00,MZN,10,10
2026-09-12T23:23:19.723704+00:00,NGN,0,0
2026-09-12T23:23:19.723704+00:00,NGN,0,0
2026-09-12T23:23:19.723704+00:00,NPR,0,10
2026-09-12T23:23:19.723704+00:00,PEN,10,10
2026-09-12T23:23:19.723704+00:00,PHP,10,10
2026-09-12T23:23:19.723704+00:00,PKR,10,10
2026-09-12T23:23:19.723704+00:00,QAR,10,10
2026-09-12T23:23:19.723704+00:00,RWF,10,10
2026-09-12T23:23:19.723704+00:00,SAR,10,10
2026-09-12T23:23:19.723704+00:00,SDG,10,10
2026-09-12T23:23:19.723704+00:00,SYP,10,10
2026-09-12T23:23:19.723704+00:00,TND,10,10
2026-09-12T23:23:19.723704+00:00,TRY,10,10
2026-09-12T23:23:19.723704+00:00,TZS,10,10
2026-09-12T23:23:19.723704+00:00,UAH,10,10
2026-09-12T23:23:19.723704+00:00,UGX,10,10
2026-09-12T23:23:19.723704+00:00,VES,10,10
2026-09-12T23:23:19.723704+00:00,VND,10,10
2026-09-12T23:23:19.723704+00:00,XAF,10,10
2026-09-12T23:23:19.723704+00:00,XOF,10,10
2026-09-12T23:23:19.723704+00:00,ZAR,10,10
2026-09-12T23:23:19.723704+00:00,ZMW,8,10
2026-09-13T00:05:36.553599+00:00,AED,10,10
2026-09-13T00:05:36.553599+00:00,AFN,0,3
2026-09-13T00:05:36.553599+00:00,AMD,10,10
2026-09-13T00:05:36.553599+00:00,AOA,4,10
2026-09-13T00:05:36.553599+00:00,ARS,10,10
2026-09-13T00:05:36.553599+00:00,AZN,10,10
2026-09-13T00:05:36.553599+00:00,BDT,10,10
2026-09-13T00:05:36.553599+00:00,BND,6,7
2026-09-13T00:05:36.553599+00:00,BOB,10,10
2026-09-13T00:05:36.553599+00:00,BWP,5,8
2026-09-13T00:05:36.553599+00:00,CLP,10,10
2026-09-13T00:05:36.553599+00:00,COP,10,10
2026-09-13T00:05:36.553599+00:00,DZD,10,10
2026-09-13T00:05:36.553599+00:00,EGP,10,10
2026-09-13T00:05:36.553599+00:00,ETB,0,0
2026-09-13T00:05:36.553599+00:00,GEL,10,10
2026-09-13T00:05:36.553599+00:00,GHS,0,0
2026-09-13T00:05:36.553599+00:00,IDR,10,10
2026-09-13T00:05:36.553599+00:00,INR,10,10
2026-09-13T00:05:36.553599+00:00,IQD,10,10
2026-09-13T00:05:36.553599+00:00,JOD,10,10
2026-09-13T00:05:36.553599+00:00,KES,10,10
2026-09-13T00:05:36.553599+00:00,KHR,10,10
2026-09-13T00:05:36.553599+00:00,KWD,10,10
2026-09-13T00:05:36.553599+00:00,KZT,10,10
2026-09-13T00:05:36.553599+00:00,LAK,10,10
2026-09-13T00:05:36.553599+00:00,LBP,10,10
2026-09-13T00:05:36.553599+00:00,LKR,10,10
2026-09-13T00:05:36.553599+00:00,MAD,10,10
2026-09-13T00:05:36.553599+00:00,MNT,8,10
2026-09-13T00:05:36.553599+00:00,MXN,10,10
2026-09-13T00:05:36.553599+00:00,MZN,10,10
2026-09-13T00:05:36.553599+00:00,NGN,0,0
2026-09-13T00:05:36.553599+00:00,NGN,0,0
2026-09-13T00:05:36.553599+00:00,NPR,0,10
2026-09-13T00:05:36.553599+00:00,PEN,10,10
2026-09-13T00:05:36.553599+00:00,PHP,10,10
2026-09-13T00:05:36.553599+00:00,PKR,10,10
2026-09-13T00:05:36.553599+00:00,QAR,9,10
2026-09-13T00:05:36.553599+00:00,RWF,10,10
2026-09-13T00:05:36.553599+00:00,SAR,10,10
2026-09-13T00:05:36.553599+00:00,SDG,10,10
2026-09-13T00:05:36.553599+00:00,SYP,9,10
2026-09-13T00:05:36.553599+00:00,TND,10,10
2026-09-13T00:05:36.553599+00:00,TRY,10,10
2026-09-13T00:05:36.553599+00:00,TZS,10,10
2026-09-13T00:05:36.553599+00:00,UAH,10,10
2026-09-13T00:05:36.553599+00:00,UGX,10,10
2026-09-13T00:05:36.553599+00:00,VES,10,10
2026-09-13T00:05:36.553599+00:00,VND,10,10
2026-09-13T00:05:36.553599+00:00,XAF,10,10
2026-09-13T00:05:36.553599+00:00,XOF,10,10
2026-09-13T00:05:36.553599+00:00,ZAR,10,10
2026-09-13T00:05:36.553599+00:00,ZMW,9,10
2026-09-13T01:05:41.962294+00:00,AED,10,10
2026-09-13T01:05:41.962294+00:00,AFN,0,3
2026-09-13T01:05:41.962294+00:00,AMD,10,10
2026-09-13T01:05:41.962294+00:00,AOA,4,10
2026-09-13T01:05:41.962294+00:00,ARS,10,10
2026-09-13T01:05:41.962294+00:00,AZN,10,10
2026-09-13T01:05:41.962294+00:00,BDT,10,10
2026-09-13T01:05:41.962294+00:00,BND,6,7
2026-09-13T01:05:41.962294+00:00,BOB,10,10
2026-09-13T01:05:41.962294+00:00,BWP,5,8
2026-09-13T01:05:41.962294+00:00,CLP,10,10
2026-09-13T01:05:41.962294+00:00,COP,10,10
2026-09-13T01:05:41.962294+00:00,DZD,10,10
2026-09-13T01:05:41.962294+00:00,EGP,10,10
2026-09-13T01:05:41.962294+00:00,ETB,0,0
2026-09-13T01:05:41.962294+00:00,GEL,10,10
2026-09-13T01:05:41.962294+00:00,GHS,0,0
2026-09-13T01:05:41.962294+00:00,IDR,10,10
2026-09-13T01:05:41.962294+00:00,INR,10,10
2026-09-13T01:05:41.962294+00:00,IQD,10,10
2026-09-13T01:05:41.962294+00:00,JOD,10,10
2026-09-13T01:05:41.962294+00:00,KES,10,10
2026-09-13T01:05:41.962294+00:00,KHR,10,10
2026-09-13T01:05:41.962294+00:00,KWD,10,10
2026-09-13T01:05:41.962294+00:00,KZT,10,10
2026-09-13T01:05:41.962294+00:00,LAK,10,10
2026-09-13T01:05:41.962294+00:00,LBP,7,10
2026-09-13T01:05:41.962294+00:00,LKR,10,10
2026-09-13T01:05:41.962294+00:00,MAD,10,10
2026-09-13T01:05:41.962294+00:00,MNT,10,10
2026-09-13T01:05:41.962294+00:00,MXN,10,10
2026-09-13T01:05:41.962294+00:00,MZN,10,10
2026-09-13T01:05:41.962294+00:00,NGN,0,0
2026-09-13T01:05:41.962294+00:00,NGN,0,0
2026-09-13T01:05:41.962294+00:00,NPR,0,10
2026-09-13T01:05:41.962294+00:00,PEN,10,10
2026-09-13T01:05:41.962294+00:00,PHP,10,10
2026-09-13T01:05:41.962294+00:00,PKR,10,10
2026-09-13T01:05:41.962294+00:00,QAR,10,10
2026-09-13T01:05:41.962294+00:00,RWF,10,10
2026-09-13T01:05:41.962294+00:00,SAR,10,10
2026-09-13T01:05:41.962294+00:00,SDG,10,10
2026-09-13T01:05:41.962294+00:00,SYP,10,10
2026-09-13T01:05:41.962294+00:00,TND,10,10
2026-09-13T01:05:41.962294+00:00,TRY,10,10
2026-09-13T01:05:41.962294+00:00,TZS,10,10
2026-09-13T01:05:41.962294+00:00,UAH,10,10
2026-09-13T01:05:41.962294+00:00,UGX,10,10
2026-09-13T01:05:41.962294+00:00,VES,10,10
2026-09-13T01:05:41.962294+00:00,VND,10,10
2026-09-13T01:05:41.962294+00:00,XAF,10,10
2026-09-13T01:05:41.962294+00:00,XOF,10,10
2026-09-13T01:05:41.962294+00:00,ZAR,10,10
2026-09-13T01:05:41.962294+00:00,ZMW,9,10
2026-09-13T02:05:36.727965+00:00,AED,10,10
2026-09-13T02:05:36.727965+00:00,AFN,1,4
2026-09-13T02:05:36.727965+00:00,AMD,10,10
2026-09-13T02:05:36.727965+00:00,AOA,3,10
2026-09-13T02:05:36.727965+00:00,ARS,10,10
2026-09-13T02:05:36.727965+00:00,AZN,10,10
2026-09-13T02:05:36.727965+00:00,BDT,10,10
2026-09-13T02:05:36.727965+00:00,BND,6,7
2026-09-13T02:05:36.727965+00:00,BOB,10,10
2026-09-13T02:05:36.727965+00:00,BWP,5,8
2026-09-13T02:05:36.727965+00:00,CLP,10,10
2026-09-13T02:05:36.727965+00:00,COP,10,10
2026-09-13T02:05:36.727965+00:00,DZD,10,10
2026-09-13T02:05:36.727965+00:00,EGP,10,10
2026-09-13T02:05:36.727965+00:00,ETB,0,0
2026-09-13T02:05:36.727965+00:00,GEL,10,10
2026-09-13T02:05:36.727965+00:00,GHS,0,0
2026-09-13T02:05:36.727965+00:00,IDR,10,10
2026-09-13T02:05:36.727965+00:00,INR,10,10
2026-09-13T02:05:36.727965+00:00,IQD,10,10
2026-09-13T02:05:36.727965+00:00,JOD,10,10
2026-09-13T02:05:36.727965+00:00,KES,10,10
2026-09-13T02:05:36.727965+00:00,KHR,10,10
2026-09-13T02:05:36.727965+00:00,KWD,10,10
2026-09-13T02:05:36.727965+00:00,KZT,10,10
2026-09-13T02:05:36.727965+00:00,LAK,10,10
2026-09-13T02:05:36.727965+00:00,LBP,4,8
2026-09-13T02:05:36.727965+00:00,LKR,10,10
2026-09-13T02:05:36.727965+00:00,MAD,10,10
2026-09-13T02:05:36.727965+00:00,MNT,10,10
2026-09-13T02:05:36.727965+00:00,MXN,10,10
2026-09-13T02:05:36.727965+00:00,MZN,10,10
2026-09-13T02:05:36.727965+00:00,NGN,0,0
2026-09-13T02:05:36.727965+00:00,NGN,0,0
2026-09-13T02:05:36.727965+00:00,NPR,0,10
2026-09-13T02:05:36.727965+00:00,PEN,10,10
2026-09-13T02:05:36.727965+00:00,PHP,10,10
2026-09-13T02:05:36.727965+00:00,PKR,10,10
2026-09-13T02:05:36.727965+00:00,QAR,10,10
2026-09-13T02:05:36.727965+00:00,RWF,10,10
2026-09-13T02:05:36.727965+00:00,SAR,10,10
2026-09-13T02:05:36.727965+00:00,SDG,10,10
2026-09-13T02:05:36.727965+00:00,SYP,7,10
2026-09-13T02:05:36.727965+00:00,TND,10,10
2026-09-13T02:05:36.727965+00:00,TRY,10,10
2026-09-13T02:05:36.727965+00:00,TZS,10,10
2026-09-13T02:05:36.727965+00:00,UAH,10,10
2026-09-13T02:05:36.727965+00:00,UGX,10,10
2026-09-13T02:05:36.727965+00:00,VES,10,10
2026-09-13T02:05:36.727965+00:00,VND,10,10
2026-09-13T02:05:36.727965+00:00,XAF,10,10
2026-09-13T02:05:36.727965+00:00,XOF,10,10
2026-09-13T02:05:36.727965+00:00,ZAR,10,10
2026-09-13T02:05:36.727965+00:00,ZMW,9,10
2026-09-13T03:05:34.795875+00:00,AED,10,10
2026-09-13T03:05:34.795875+00:00,AFN,1,5
2026-09-13T03:05:34.795875+00:00,AMD,10,10
2026-09-13T03:05:34.795875+00:00,AOA,4,10
2026-09-13T03:05:34.795875+00:00,ARS,10,10
2026-09-13T03:05:34.795875+00:00,AZN,10,10
2026-09-13T03:05:34.795875+00:00,BDT,10,10
2026-09-13T03:05:34.795875+00:00,BND,7,7
2026-09-13T03:05:34.795875+00:00,BOB,10,10
2026-09-13T03:05:34.795875+00:00,BWP,5,8
2026-09-13T03:05:34.795875+00:00,CLP,10,10
2026-09-13T03:05:34.795875+00:00,COP,10,10
2026-09-13T03:05:34.795875+00:00,DZD,10,10
2026-09-13T03:05:34.795875+00:00,EGP,10,10
2026-09-13T03:05:34.795875+00:00,ETB,0,0
2026-09-13T03:05:34.795875+00:00,GEL,10,10
2026-09-13T03:05:34.795875+00:00,GHS,0,0
2026-09-13T03:05:34.795875+00:00,IDR,10,10
2026-09-13T03:05:34.795875+00:00,INR,10,10
2026-09-13T03:05:34.795875+00:00,IQD,10,10
2026-09-13T03:05:34.795875+00:00,JOD,10,10
2026-09-13T03:05:34.795875+00:00,KES,10,10
2026-09-13T03:05:34.795875+00:00,KHR,10,10
2026-09-13T03:05:34.795875+00:00,KWD,10,10
2026-09-13T03:05:34.795875+00:00,KZT,10,10
2026-09-13T03:05:34.795875+00:00,LAK,10,10
2026-09-13T03:05:34.795875+00:00,LBP,4,9
2026-09-13T03:05:34.795875+00:00,LKR,10,10
2026-09-13T03:05:34.795875+00:00,MAD,10,10
2026-09-13T03:05:34.795875+00:00,MNT,10,10
2026-09-13T03:05:34.795875+00:00,MXN,10,10
2026-09-13T03:05:34.795875+00:00,MZN,10,10
2026-09-13T03:05:34.795875+00:00,NGN,0,0
2026-09-13T03:05:34.795875+00:00,NGN,0,0
2026-09-13T03:05:34.795875+00:00,NPR,0,10
2026-09-13T03:05:34.795875+00:00,PEN,10,10
2026-09-13T03:05:34.795875+00:00,PHP,10,10
2026-09-13T03:05:34.795875+00:00,PKR,10,10
2026-09-13T03:05:34.795875+00:00,QAR,10,10
2026-09-13T03:05:34.795875+00:00,RWF,10,10
2026-09-13T03:05:34.795875+00:00,SAR,10,10
2026-09-13T03:05:34.795875+00:00,SDG,10,10
2026-09-13T03:05:34.795875+00:00,SYP,9,10
2026-09-13T03:05:34.795875+00:00,TND,10,10
2026-09-13T03:05:34.795875+00:00,TRY,10,10
2026-09-13T03:05:34.795875+00:00,TZS,10,10
2026-09-13T03:05:34.795875+00:00,UAH,10,10
2026-09-13T03:05:34.795875+00:00,UGX,10,10
2026-09-13T03:05:34.795875+00:00,VES,10,10
2026-09-13T03:05:34.795875+00:00,VND,10,10
2026-09-13T03:05:34.795875+00:00,XAF,10,10
2026-09-13T03:05:34.795875+00:00,XOF,10,10
2026-09-13T03:05:34.795875+00:00,ZAR,10,10
2026-09-13T03:05:34.795875+00:00,ZMW,10,10
2026-09-13T04:05:35.699842+00:00,AED,10,10
2026-09-13T04:05:35.699842+00:00,AFN,2,7
2026-09-13T04:05:35.699842+00:00,AMD,10,10
2026-09-13T04:05:35.699842+00:00,AOA,4,10
2026-09-13T04:05:35.699842+00:00,ARS,10,10
2026-09-13T04:05:35.699842+00:00,AZN,10,10
2026-09-13T04:05:35.699842+00:00,BDT,10,10
2026-09-13T04:05:35.699842+00:00,BND,8,10
2026-09-13T04:05:35.699842+00:00,BOB,10,10
2026-09-13T04:05:35.699842+00:00,BWP,5,8
2026-09-13T04:05:35.699842+00:00,CLP,10,10
2026-09-13T04:05:35.699842+00:00,COP,10,10
2026-09-13T04:05:35.699842+00:00,DZD,10,10
2026-09-13T04:05:35.699842+00:00,EGP,10,10
2026-09-13T04:05:35.699842+00:00,ETB,0,0
2026-09-13T04:05:35.699842+00:00,GEL,10,10
2026-09-13T04:05:35.699842+00:00,GHS,0,0
2026-09-13T04:05:35.699842+00:00,IDR,10,10
2026-09-13T04:05:35.699842+00:00,INR,10,10
2026-09-13T04:05:35.699842+00:00,IQD,10,10
2026-09-13T04:05:35.699842+00:00,JOD,10,10
2026-09-13T04:05:35.699842+00:00,KES,10,10
2026-09-13T04:05:35.699842+00:00,KHR,10,10
2026-09-13T04:05:35.699842+00:00,KWD,10,10
2026-09-13T04:05:35.699842+00:00,KZT,10,10
2026-09-13T04:05:35.699842+00:00,LAK,10,10
2026-09-13T04:05:35.699842+00:00,LBP,6,10
2026-09-13T04:05:35.699842+00:00,LKR,10,10
2026-09-13T04:05:35.699842+00:00,MAD,10,10
2026-09-13T04:05:35.699842+00:00,MNT,10,10
2026-09-13T04:05:35.699842+00:00,MXN,10,10
2026-09-13T04:05:35.699842+00:00,MZN,10,10
2026-09-13T04:05:35.699842+00:00,NGN,0,0
2026-09-13T04:05:35.699842+00:00,NGN,0,0
2026-09-13T04:05:35.699842+00:00,NPR,0,10
2026-09-13T04:05:35.699842+00:00,PEN,10,10
2026-09-13T04:05:35.699842+00:00,PHP,10,10
2026-09-13T04:05:35.699842+00:00,PKR,10,10
2026-09-13T04:05:35.699842+00:00,QAR,10,10
2026-09-13T04:05:35.699842+00:00,RWF,10,10
2026-09-13T04:05:35.699842+00:00,SAR,10,10
2026-09-13T04:05:35.699842+00:00,SDG,10,10
2026-09-13T04:05:35.699842+00:00,SYP,6,10
2026-09-13T04:05:35.699842+00:00,TND,10,10
2026-09-13T04:05:35.699842+00:00,TRY,10,10
2026-09-13T04:05:35.699842+00:00,TZS,10,10
2026-09-13T04:05:35.699842+00:00,UAH,10,10
2026-09-13T04:05:35.699842+00:00,UGX,10,10
2026-09-13T04:05:35.699842+00:00,VES,10,10
2026-09-13T04:05:35.699842+00:00,VND,10,10
2026-09-13T04:05:35.699842+00:00,XAF,10,10
2026-09-13T04:05:35.699842+00:00,XOF,10,10
2026-09-13T04:05:35.699842+00:00,ZAR,10,10
2026-09-13T04:05:35.699842+00:00,ZMW,10,10
2026-09-13T05:05:34.479968+00:00,AED,10,10
2026-09-13T05:05:34.479968+00:00,AFN,2,7
2026-09-13T05:05:34.479968+00:00,AMD,10,10
2026-09-13T05:05:34.479968+00:00,AOA,4,10
2026-09-13T05:05:34.479968+00:00,ARS,10,10
2026-09-13T05:05:34.479968+00:00,AZN,10,10
2026-09-13T05:05:34.479968+00:00,BDT,10,10
2026-09-13T05:05:34.479968+00:00,BND,8,10
2026-09-13T05:05:34.479968+00:00,BOB,10,10
2026-09-13T05:05:34.479968+00:00,BWP,5,8
2026-09-13T05:05:34.479968+00:00,CLP,10,10
2026-09-13T05:05:34.479968+00:00,COP,10,10
2026-09-13T05:05:34.479968+00:00,DZD,10,10
2026-09-13T05:05:34.479968+00:00,EGP,10,10
2026-09-13T05:05:34.479968+00:00,ETB,0,0
2026-09-13T05:05:34.479968+00:00,GEL,10,10
2026-09-13T05:05:34.479968+00:00,GHS,0,0
2026-09-13T05:05:34.479968+00:00,IDR,10,10
2026-09-13T05:05:34.479968+00:00,INR,10,10
2026-09-13T05:05:34.479968+00:00,IQD,10,10
2026-09-13T05:05:34.479968+00:00,JOD,10,10
2026-09-13T05:05:34.479968+00:00,KES,10,10
2026-09-13T05:05:34.479968+00:00,KHR,10,10
2026-09-13T05:05:34.479968+00:00,KWD,10,10
2026-09-13T05:05:34.479968+00:00,KZT,10,10
2026-09-13T05:05:34.479968+00:00,LAK,10,10
2026-09-13T05:05:34.479968+00:00,LBP,10,10
2026-09-13T05:05:34.479968+00:00,LKR,10,10
2026-09-13T05:05:34.479968+00:00,MAD,10,10
2026-09-13T05:05:34.479968+00:00,MNT,10,10
2026-09-13T05:05:34.479968+00:00,MXN,10,10
2026-09-13T05:05:34.479968+00:00,MZN,10,10
2026-09-13T05:05:34.479968+00:00,NGN,0,0
2026-09-13T05:05:34.479968+00:00,NGN,0,0
2026-09-13T05:05:34.479968+00:00,NPR,1,10
2026-09-13T05:05:34.479968+00:00,PEN,10,10
2026-09-13T05:05:34.479968+00:00,PHP,10,10
2026-09-13T05:05:34.479968+00:00,PKR,10,10
2026-09-13T05:05:34.479968+00:00,QAR,10,10
2026-09-13T05:05:34.479968+00:00,RWF,10,10
2026-09-13T05:05:34.479968+00:00,SAR,10,10
2026-09-13T05:05:34.479968+00:00,SDG,10,10
2026-09-13T05:05:34.479968+00:00,SYP,7,10
2026-09-13T05:05:34.479968+00:00,TND,10,10
2026-09-13T05:05:34.479968+00:00,TRY,10,10
2026-09-13T05:05:34.479968+00:00,TZS,10,10
2026-09-13T05:05:34.479968+00:00,UAH,10,10
2026-09-13T05:05:34.479968+00:00,UGX,10,10
2026-09-13T05:05:34.479968+00:00,VES,10,10
2026-09-13T05:05:34.479968+00:00,VND,10,10
2026-09-13T05:05:34.479968+00:00,XAF,10,10
2026-09-13T05:05:34.479968+00:00,XOF,10,10
2026-09-13T05:05:34.479968+00:00,ZAR,10,10
2026-09-13T05:05:34.479968+00:00,ZMW,10,10
2026-09-14T02:31:04.289210+00:00,AED,10,10
2026-09-14T02:31:04.289210+00:00,AFN,1,4
2026-09-14T02:31:04.289210+00:00,AMD,10,10
2026-09-14T02:31:04.289210+00:00,AOA,2,10
2026-09-14T02:31:04.289210+00:00,ARS,10,10
2026-09-14T02:31:04.289210+00:00,AZN,10,10
2026-09-14T02:31:04.289210+00:00,BDT,10,10
2026-09-14T02:31:04.289210+00:00,BND,8,7
2026-09-14T02:31:04.289210+00:00,BOB,10,10
2026-09-14T02:31:04.289210+00:00,BWP,3,5
2026-09-14T02:31:04.289210+00:00,CLP,10,10
2026-09-14T02:31:04.289210+00:00,COP,10,10
2026-09-14T02:31:04.289210+00:00,DZD,10,10
2026-09-14T02:31:04.289210+00:00,EGP,10,10
2026-09-14T02:31:04.289210+00:00,ETB,0,0
2026-09-14T02:31:04.289210+00:00,GEL,10,10
2026-09-14T02:31:04.289210+00:00,GHS,0,0
2026-09-14T02:31:04.289210+00:00,IDR,10,10
2026-09-14T02:31:04.289210+00:00,INR,10,10
2026-09-14T02:31:04.289210+00:00,IQD,10,10
2026-09-14T02:31:04.289210+00:00,JOD,10,10
2026-09-14T02:31:04.289210+00:00,KES,10,10
2026-09-14T02:31:04.289210+00:00,KHR,10,10
2026-09-14T02:31:04.289210+00:00,KWD,10,10
2026-09-14T02:31:04.289210+00:00,KZT,10,10
2026-09-14T02:31:04.289210+00:00,LAK,10,10
2026-09-14T02:31:04.289210+00:00,LBP,1,10
2026-09-14T02:31:04.289210+00:00,LKR,10,10
2026-09-14T02:31:04.289210+00:00,MAD,10,10
2026-09-14T02:31:04.289210+00:00,MNT,8,10
2026-09-14T02:31:04.289210+00:00,MXN,10,10
2026-09-14T02:31:04.289210+00:00,MZN,10,10
2026-09-14T02:31:04.289210+00:00,NGN,0,0
2026-09-14T02:31:04.289210+00:00,NGN,0,0
2026-09-14T02:31:04.289210+00:00,NPR,1,10
2026-09-14T02:31:04.289210+00:00,PEN,10,10
2026-09-14T02:31:04.289210+00:00,PHP,10,10
2026-09-14T02:31:04.289210+00:00,PKR,10,10
2026-09-14T02:31:04.289210+00:00,QAR,10,10
2026-09-14T02:31:04.289210+00:00,RWF,10,10
2026-09-14T02:31:04.289210+00:00,SAR,10,10
2026-09-14T02:31:04.289210+00:00,SDG,10,10
2026-09-14T02:31:04.289210+00:00,SYP,8,10
2026-09-14T02:31:04.289210+00:00,TND,10,10
2026-09-14T02:31:04.289210+00:00,TRY,10,10
2026-09-14T02:31:04.289210+00:00,TZS,10,10
2026-09-14T02:31:04.289210+00:00,UAH,10,10
2026-09-14T02:31:04.289210+00:00,UGX,10,10
2026-09-14T02:31:04.289210+00:00,VES,10,10
2026-09-14T02:31:04.289210+00:00,VND,10,10
2026-09-14T02:31:04.289210+00:00,XAF,10,10
2026-09-14T02:31:04.289210+00:00,XOF,10,10
2026-09-14T02:31:04.289210+00:00,ZAR,10,10
2026-09-14T02:31:04.289210+00:00,ZMW,10,10
2026-09-14T03:05:39.649581+00:00,AED,10,10
2026-09-14T03:05:39.649581+00:00,AFN,1,4
2026-09-14T03:05:39.649581+00:00,AMD,10,10
2026-09-14T03:05:39.649581+00:00,AOA,2,10
2026-09-14T03:05:39.649581+00:00,ARS,10,10
2026-09-14T03:05:39.649581+00:00,AZN,10,10
2026-09-14T03:05:39.649581+00:00,BDT,10,10
2026-09-14T03:05:39.649581+00:00,BND,7,7
2026-09-14T03:05:39.649581+00:00,BOB,10,10
2026-09-14T03:05:39.649581+00:00,BWP,3,5
2026-09-14T03:05:39.649581+00:00,CLP,10,10
2026-09-14T03:05:39.649581+00:00,COP,10,10
2026-09-14T03:05:39.649581+00:00,DZD,10,10
2026-09-14T03:05:39.649581+00:00,EGP,10,10
2026-09-14T03:05:39.649581+00:00,ETB,0,0
2026-09-14T03:05:39.649581+00:00,GEL,10,10
2026-09-14T03:05:39.649581+00:00,GHS,0,0
2026-09-14T03:05:39.649581+00:00,IDR,10,10
2026-09-14T03:05:39.649581+00:00,INR,10,10
2026-09-14T03:05:39.649581+00:00,IQD,10,10
2026-09-14T03:05:39.649581+00:00,JOD,10,10
2026-09-14T03:05:39.649581+00:00,KES,10,10
2026-09-14T03:05:39.649581+00:00,KHR,10,10
2026-09-14T03:05:39.649581+00:00,KWD,10,10
2026-09-14T03:05:39.649581+00:00,KZT,10,10
2026-09-14T03:05:39.649581+00:00,LAK,10,10
2026-09-14T03:05:39.649581+00:00,LBP,2,10
2026-09-14T03:05:39.649581+00:00,LKR,10,10
2026-09-14T03:05:39.649581+00:00,MAD,10,10
2026-09-14T03:05:39.649581+00:00,MNT,7,10
2026-09-14T03:05:39.649581+00:00,MXN,10,10
2026-09-14T03:05:39.649581+00:00,MZN,10,10
2026-09-14T03:05:39.649581+00:00,NGN,0,0
2026-09-14T03:05:39.649581+00:00,NGN,0,0
2026-09-14T03:05:39.649581+00:00,NPR,1,10
2026-09-14T03:05:39.649581+00:00,PEN,10,10
2026-09-14T03:05:39.649581+00:00,PHP,10,10
2026-09-14T03:05:39.649581+00:00,PKR,10,10
2026-09-14T03:05:39.649581+00:00,QAR,10,10
2026-09-14T03:05:39.649581+00:00,RWF,10,10
2026-09-14T03:05:39.649581+00:00,SAR,10,10
2026-09-14T03:05:39.649581+00:00,SDG,10,10
2026-09-14T03:05:39.649581+00:00,SYP,8,10
2026-09-14T03:05:39.649581+00:00,TND,10,10
2026-09-14T03:05:39.649581+00:00,TRY,10,10
2026-09-14T03:05:39.649581+00:00,TZS,10,10
2026-09-14T03:05:39.649581+00:00,UAH,10,10
2026-09-14T03:05:39.649581+00:00,UGX,10,10
2026-09-14T03:05:39.649581+00:00,VES,10,10
2026-09-14T03:05:39.649581+00:00,VND,10,10
2026-09-14T03:05:39.649581+00:00,XAF,10,10
2026-09-14T03:05:39.649581+00:00,XOF,10,10
2026-09-14T03:05:39.649581+00:00,ZAR,10,10
2026-09-14T03:05:39.649581+00:00,ZMW,10,10
2026-09-14T04:05:36.595356+00:00,AED,10,10
2026-09-14T04:05:36.595356+00:00,AFN,1,5
2026-09-14T04:05:36.595356+00:00,AMD,10,10
2026-09-14T04:05:36.595356+00:00,AOA,2,10
2026-09-14T04:05:36.595356+00:00,ARS,10,10
2026-09-14T04:05:36.595356+00:00,AZN,10,10
2026-09-14T04:05:36.595356+00:00,BDT,10,10
2026-09-14T04:05:36.595356+00:00,BND,8,10
2026-09-14T04:05:36.595356+00:00,BOB,10,10
2026-09-14T04:05:36.595356+00:00,BWP,3,4
2026-09-14T04:05:36.595356+00:00,CLP,10,10
2026-09-14T04:05:36.595356+00:00,COP,10,10
2026-09-14T04:05:36.595356+00:00,DZD,10,10
2026-09-14T04:05:36.595356+00:00,EGP,10,10
2026-09-14T04:05:36.595356+00:00,ETB,0,0
2026-09-14T04:05:36.595356+00:00,GEL,10,10
2026-09-14T04:05:36.595356+00:00,GHS,0,0
2026-09-14T04:05:36.595356+00:00,IDR,10,10
2026-09-14T04:05:36.595356+00:00,INR,10,10
2026-09-14T04:05:36.595356+00:00,IQD,10,10
2026-09-14T04:05:36.595356+00:00,JOD,10,10
2026-09-14T04:05:36.595356+00:00,KES,10,10
2026-09-14T04:05:36.595356+00:00,KHR,10,10
2026-09-14T04:05:36.595356+00:00,KWD,10,10
2026-09-14T04:05:36.595356+00:00,KZT,10,10
2026-09-14T04:05:36.595356+00:00,LAK,10,10
2026-09-14T04:05:36.595356+00:00,LBP,7,10
2026-09-14T04:05:36.595356+00:00,LKR,10,10
2026-09-14T04:05:36.595356+00:00,MAD,10,10
2026-09-14T04:05:36.595356+00:00,MNT,8,10
2026-09-14T04:05:36.595356+00:00,MXN,10,10
2026-09-14T04:05:36.595356+00:00,MZN,10,10
2026-09-14T04:05:36.595356+00:00,NGN,0,0
2026-09-14T04:05:36.595356+00:00,NGN,0,0
2026-09-14T04:05:36.595356+00:00,NPR,1,10
2026-09-14T04:05:36.595356+00:00,PEN,10,10
2026-09-14T04:05:36.595356+00:00,PHP,10,10
2026-09-14T04:05:36.595356+00:00,PKR,10,10
2026-09-14T04:05:36.595356+00:00,QAR,10,10
2026-09-14T04:05:36.595356+00:00,RWF,10,10
2026-09-14T04:05:36.595356+00:00,SAR,10,10
2026-09-14T04:05:36.595356+00:00,SDG,10,10
2026-09-14T04:05:36.595356+00:00,SYP,7,10
2026-09-14T04:05:36.595356+00:00,TND,10,10
2026-09-14T04:05:36.595356+00:00,TRY,10,10
2026-09-14T04:05:36.595356+00:00,TZS,10,10
2026-09-14T04:05:36.595356+00:00,UAH,10,10
2026-09-14T04:05:36.595356+00:00,UGX,10,10
2026-09-14T04:05:36.595356+00:00,VES,10,10
2026-09-14T04:05:36.595356+00:00,VND,10,10
2026-09-14T04:05:36.595356+00:00,XAF,10,10
2026-09-14T04:05:36.595356+00:00,XOF,10,10
2026-09-14T04:05:36.595356+00:00,ZAR,10,10
2026-09-14T04:05:36.595356+00:00,ZMW,10,10
2026-09-14T07:06:55.074208+00:00,AED,10,10
2026-09-14T07:06:55.074208+00:00,AFN,2,7
2026-09-14T07:06:55.074208+00:00,AMD,10,10
2026-09-14T07:06:55.074208+00:00,AOA,5,10
2026-09-14T07:06:55.074208+00:00,ARS,10,10
2026-09-14T07:06:55.074208+00:00,AZN,10,10
2026-09-14T07:06:55.074208+00:00,BDT,10,10
2026-09-14T07:06:55.074208+00:00,BND,10,10
2026-09-14T07:06:55.074208+00:00,BOB,10,10
2026-09-14T07:06:55.074208+00:00,BWP,3,9
2026-09-14T07:06:55.074208+00:00,CLP,10,10
2026-09-14T07:06:55.074208+00:00,COP,10,10
2026-09-14T07:06:55.074208+00:00,DZD,10,10
2026-09-14T07:06:55.074208+00:00,EGP,10,10
2026-09-14T07:06:55.074208+00:00,ETB,0,0
2026-09-14T07:06:55.074208+00:00,GEL,10,10
2026-09-14T07:06:55.074208+00:00,GHS,0,0
2026-09-14T07:06:55.074208+00:00,IDR,10,10
2026-09-14T07:06:55.074208+00:00,INR,10,10
2026-09-14T07:06:55.074208+00:00,IQD,10,10
2026-09-14T07:06:55.074208+00:00,JOD,10,10
2026-09-14T07:06:55.074208+00:00,KES,10,10
2026-09-14T07:06:55.074208+00:00,KHR,10,10
2026-09-14T07:06:55.074208+00:00,KWD,10,10
2026-09-14T07:06:55.074208+00:00,KZT,10,10
2026-09-14T07:06:55.074208+00:00,LAK,10,10
2026-09-14T07:06:55.074208+00:00,LBP,10,10
2026-09-14T07:06:55.074208+00:00,LKR,10,10
2026-09-14T07:06:55.074208+00:00,MAD,10,10
2026-09-14T07:06:55.074208+00:00,MNT,9,10
2026-09-14T07:06:55.074208+00:00,MXN,10,10
2026-09-14T07:06:55.074208+00:00,MZN,10,10
2026-09-14T07:06:55.074208+00:00,NGN,0,0
2026-09-14T07:06:55.074208+00:00,NGN,0,0
2026-09-14T07:06:55.074208+00:00,NPR,3,10
2026-09-14T07:06:55.074208+00:00,PEN,10,10
2026-09-14T07:06:55.074208+00:00,PHP,10,10
2026-09-14T07:06:55.074208+00:00,PKR,10,10
2026-09-14T07:06:55.074208+00:00,QAR,10,10
2026-09-14T07:06:55.074208+00:00,RWF,10,10
2026-09-14T07:06:55.074208+00:00,SAR,10,10
2026-09-14T07:06:55.074208+00:00,SDG,10,10
2026-09-14T07:06:55.074208+00:00,SYP,8,10
2026-09-14T07:06:55.074208+00:00,TND,10,10
2026-09-14T07:06:55.074208+00:00,TRY,10,10
2026-09-14T07:06:55.074208+00:00,TZS,10,10
2026-09-14T07:06:55.074208+00:00,UAH,10,10
2026-09-14T07:06:55.074208+00:00,UGX,10,10
2026-09-14T07:06:55.074208+00:00,VES,10,10
2026-09-14T07:06:55.074208+00:00,VND,10,10
2026-09-14T07:06:55.074208+00:00,XAF,10,10
2026-09-14T07:06:55.074208+00:00,XOF,10,10
2026-09-14T07:06:55.074208+00:00,ZAR,10,10
2026-09-14T07:06:55.074208+00:00,ZMW,10,10
2026-09-14T08:05:40.437090+00:00,AED,10,10
2026-09-14T08:05:40.437090+00:00,AFN,2,7
2026-09-14T08:05:40.437090+00:00,AMD,10,10
2026-09-14T08:05:40.437090+00:00,AOA,6,10
2026-09-14T08:05:40.437090+00:00,ARS,10,10
2026-09-14T08:05:40.437090+00:00,AZN,10,10
2026-09-14T08:05:40.437090+00:00,BDT,10,10
2026-09-14T08:05:40.437090+00:00,BND,8,10
2026-09-14T08:05:40.437090+00:00,BOB,10,10
2026-09-14T08:05:40.437090+00:00,BWP,3,9
2026-09-14T08:05:40.437090+00:00,CLP,10,10
2026-09-14T08:05:40.437090+00:00,COP,10,10
2026-09-14T08:05:40.437090+00:00,DZD,10,10
2026-09-14T08:05:40.437090+00:00,EGP,10,10
2026-09-14T08:05:40.437090+00:00,ETB,0,0
2026-09-14T08:05:40.437090+00:00,GEL,10,10
2026-09-14T08:05:40.437090+00:00,GHS,0,0
2026-09-14T08:05:40.437090+00:00,IDR,10,10
2026-09-14T08:05:40.437090+00:00,INR,10,10
2026-09-14T08:05:40.437090+00:00,IQD,10,10
2026-09-14T08:05:40.437090+00:00,JOD,10,10
2026-09-14T08:05:40.437090+00:00,KES,10,10
2026-09-14T08:05:40.437090+00:00,KHR,10,10
2026-09-14T08:05:40.437090+00:00,KWD,10,10
2026-09-14T08:05:40.437090+00:00,KZT,10,10
2026-09-14T08:05:40.437090+00:00,LAK,10,10
2026-09-14T08:05:40.437090+00:00,LBP,10,10
2026-09-14T08:05:40.437090+00:00,LKR,10,10
2026-09-14T08:05:40.437090+00:00,MAD,10,10
2026-09-14T08:05:40.437090+00:00,MNT,10,10
2026-09-14T08:05:40.437090+00:00,MXN,10,10
2026-09-14T08:05:40.437090+00:00,MZN,10,10
2026-09-14T08:05:40.437090+00:00,NGN,0,0
2026-09-14T08:05:40.437090+00:00,NGN,0,0
2026-09-14T08:05:40.437090+00:00,NPR,3,10
2026-09-14T08:05:40.437090+00:00,PEN,10,10
2026-09-14T08:05:40.437090+00:00,PHP,10,10
2026-09-14T08:05:40.437090+00:00,PKR,10,10
2026-09-14T08:05:40.437090+00:00,QAR,10,10
2026-09-14T08:05:40.437090+00:00,RWF,10,10
2026-09-14T08:05:40.437090+00:00,SAR,10,10
2026-09-14T08:05:40.437090+00:00,SDG,10,10
2026-09-14T08:05:40.437090+00:00,SYP,9,10
2026-09-14T08:05:40.437090+00:00,TND,10,10
2026-09-14T08:05:40.437090+00:00,TRY,10,10
2026-09-14T08:05:40.437090+00:00,TZS,10,10
2026-09-14T08:05:40.437090+00:00,UAH,10,10
2026-09-14T08:05:40.437090+00:00,UGX,10,10
2026-09-14T08:05:40.437090+00:00,VES,10,10
2026-09-14T08:05:40.437090+00:00,VND,10,10
2026-09-14T08:05:40.437090+00:00,XAF,10,10
2026-09-14T08:05:40.437090+00:00,XOF,10,10
2026-09-14T08:05:40.437090+00:00,ZAR,10,10
2026-09-14T08:05:40.437090+00:00,ZMW,10,10
2026-09-14T09:05:41.297109+00:00,AED,10,10
2026-09-14T09:05:41.297109+00:00,AFN,2,7
2026-09-14T09:05:41.297109+00:00,AMD,10,10
2026-09-14T09:05:41.297109+00:00,AOA,6,10
2026-09-14T09:05:41.297109+00:00,ARS,10,10
2026-09-14T09:05:41.297109+00:00,AZN,10,10
2026-09-14T09:05:41.297109+00:00,BDT,10,10
2026-09-14T09:05:41.297109+00:00,BND,9,10
2026-09-14T09:05:41.297109+00:00,BOB,10,10
2026-09-14T09:05:41.297109+00:00,BWP,2,10
2026-09-14T09:05:41.297109+00:00,CLP,10,10
2026-09-14T09:05:41.297109+00:00,COP,10,10
2026-09-14T09:05:41.297109+00:00,DZD,10,10
2026-09-14T09:05:41.297109+00:00,EGP,10,10
2026-09-14T09:05:41.297109+00:00,ETB,0,0
2026-09-14T09:05:41.297109+00:00,GEL,10,10
2026-09-14T09:05:41.297109+00:00,GHS,0,0
2026-09-14T09:05:41.297109+00:00,IDR,10,10
2026-09-14T09:05:41.297109+00:00,INR,10,10
2026-09-14T09:05:41.297109+00:00,IQD,10,10
2026-09-14T09:05:41.297109+00:00,JOD,10,10
2026-09-14T09:05:41.297109+00:00,KES,10,10
2026-09-14T09:05:41.297109+00:00,KHR,10,10
2026-09-14T09:05:41.297109+00:00,KWD,10,10
2026-09-14T09:05:41.297109+00:00,KZT,10,10
2026-09-14T09:05:41.297109+00:00,LAK,10,10
2026-09-14T09:05:41.297109+00:00,LBP,10,10
2026-09-14T09:05:41.297109+00:00,LKR,10,10
2026-09-14T09:05:41.297109+00:00,MAD,10,10
2026-09-14T09:05:41.297109+00:00,MNT,10,10
2026-09-14T09:05:41.297109+00:00,MXN,10,10
2026-09-14T09:05:41.297109+00:00,MZN,10,10
2026-09-14T09:05:41.297109+00:00,NGN,0,0
2026-09-14T09:05:41.297109+00:00,NGN,0,0
2026-09-14T09:05:41.297109+00:00,NPR,2,10
2026-09-14T09:05:41.297109+00:00,PEN,10,10
2026-09-14T09:05:41.297109+00:00,PHP,10,10
2026-09-14T09:05:41.297109+00:00,PKR,10,10
2026-09-14T09:05:41.297109+00:00,QAR,10,10
2026-09-14T09:05:41.297109+00:00,RWF,10,10
2026-09-14T09:05:41.297109+00:00,SAR,10,10
2026-09-14T09:05:41.297109+00:00,SDG,10,10
2026-09-14T09:05:41.297109+00:00,SYP,10,10
2026-09-14T09:05:41.297109+00:00,TND,10,10
2026-09-14T09:05:41.297109+00:00,TRY,10,10
2026-09-14T09:05:41.297109+00:00,TZS,10,10
2026-09-14T09:05:41.297109+00:00,UAH,10,10
2026-09-14T09:05:41.297109+00:00,UGX,10,10
2026-09-14T09:05:41.297109+00:00,VES,10,10
2026-09-14T09:05:41.297109+00:00,VND,10,10
2026-09-14T09:05:41.297109+00:00,XAF,10,10
2026-09-14T09:05:41.297109+00:00,XOF,10,10
2026-09-14T09:05:41.297109+00:00,ZAR,10,10
2026-09-14T09:05:41.297109+00:00,ZMW,10,10
2026-09-14T10:05:40.870985+00:00,AED,10,10
2026-09-14T10:05:40.870985+00:00,AFN,2,7
2026-09-14T10:05:40.870985+00:00,AMD,10,10
2026-09-14T10:05:40.870985+00:00,AOA,9,10
2026-09-14T10:05:40.870985+00:00,ARS,10,10
2026-09-14T10:05:40.870985+00:00,AZN,10,10
2026-09-14T10:05:40.870985+00:00,BDT,10,10
2026-09-14T10:05:40.870985+00:00,BND,9,10
2026-09-14T10:05:40.870985+00:00,BOB,10,10
2026-09-14T10:05:40.870985+00:00,BWP,2,10
2026-09-14T10:05:40.870985+00:00,CLP,10,10
2026-09-14T10:05:40.870985+00:00,COP,10,10
2026-09-14T10:05:40.870985+00:00,DZD,10,10
2026-09-14T10:05:40.870985+00:00,EGP,10,10
2026-09-14T10:05:40.870985+00:00,ETB,0,0
2026-09-14T10:05:40.870985+00:00,GEL,10,10
2026-09-14T10:05:40.870985+00:00,GHS,0,0
2026-09-14T10:05:40.870985+00:00,IDR,10,10
2026-09-14T10:05:40.870985+00:00,INR,10,10
2026-09-14T10:05:40.870985+00:00,IQD,10,10
2026-09-14T10:05:40.870985+00:00,JOD,10,10
2026-09-14T10:05:40.870985+00:00,KES,10,10
2026-09-14T10:05:40.870985+00:00,KHR,10,10
2026-09-14T10:05:40.870985+00:00,KWD,10,10
2026-09-14T10:05:40.870985+00:00,KZT,10,10
2026-09-14T10:05:40.870985+00:00,LAK,10,10
2026-09-14T10:05:40.870985+00:00,LBP,10,10
2026-09-14T10:05:40.870985+00:00,LKR,10,10
2026-09-14T10:05:40.870985+00:00,MAD,10,10
2026-09-14T10:05:40.870985+00:00,MNT,9,10
2026-09-14T10:05:40.870985+00:00,MXN,10,10
2026-09-14T10:05:40.870985+00:00,MZN,10,10
2026-09-14T10:05:40.870985+00:00,NGN,0,0
2026-09-14T10:05:40.870985+00:00,NGN,0,0
2026-09-14T10:05:40.870985+00:00,NPR,2,10
2026-09-14T10:05:40.870985+00:00,PEN,10,10
2026-09-14T10:05:40.870985+00:00,PHP,10,10
2026-09-14T10:05:40.870985+00:00,PKR,10,10
2026-09-14T10:05:40.870985+00:00,QAR,10,10
2026-09-14T10:05:40.870985+00:00,RWF,10,10
2026-09-14T10:05:40.870985+00:00,SAR,10,10
2026-09-14T10:05:40.870985+00:00,SDG,10,10
2026-09-14T10:05:40.870985+00:00,SYP,10,10
2026-09-14T10:05:40.870985+00:00,TND,10,10
2026-09-14T10:05:40.870985+00:00,TRY,10,10
2026-09-14T10:05:40.870985+00:00,TZS,10,10
2026-09-14T10:05:40.870985+00:00,UAH,10,10
2026-09-14T10:05:40.870985+00:00,UGX,10,10
2026-09-14T10:05:40.870985+00:00,VES,10,10
2026-09-14T10:05:40.870985+00:00,VND,10,10
2026-09-14T10:05:40.870985+00:00,XAF,10,10
2026-09-14T10:05:40.870985+00:00,XOF,10,10
2026-09-14T10:05:40.870985+00:00,ZAR,10,10
2026-09-14T10:05:40.870985+00:00,ZMW,10,10
2026-09-14T11:05:41.556876+00:00,AED,10,10
2026-09-14T11:05:41.556876+00:00,AFN,2,7
2026-09-14T11:05:41.556876+00:00,AMD,10,10
2026-09-14T11:05:41.556876+00:00,AOA,10,10
2026-09-14T11:05:41.556876+00:00,ARS,10,10
2026-09-14T11:05:41.556876+00:00,AZN,10,10
2026-09-14T11:05:41.556876+00:00,BDT,10,10
2026-09-14T11:05:41.556876+00:00,BND,9,10
2026-09-14T11:05:41.556876+00:00,BOB,10,10
2026-09-14T11:05:41.556876+00:00,BWP,2,10
2026-09-14T11:05:41.556876+00:00,CLP,10,10
2026-09-14T11:05:41.556876+00:00,COP,10,10
2026-09-14T11:05:41.556876+00:00,DZD,10,10
2026-09-14T11:05:41.556876+00:00,EGP,10,10
2026-09-14T11:05:41.556876+00:00,ETB,0,0
2026-09-14T11:05:41.556876+00:00,GEL,10,10
2026-09-14T11:05:41.556876+00:00,GHS,0,0
2026-09-14T11:05:41.556876+00:00,IDR,10,10
2026-09-14T11:05:41.556876+00:00,INR,10,10
2026-09-14T11:05:41.556876+00:00,IQD,10,10
2026-09-14T11:05:41.556876+00:00,JOD,10,10
2026-09-14T11:05:41.556876+00:00,KES,10,10
2026-09-14T11:05:41.556876+00:00,KHR,10,10
2026-09-14T11:05:41.556876+00:00,KWD,10,10
2026-09-14T11:05:41.556876+00:00,KZT,10,10
2026-09-14T11:05:41.556876+00:00,LAK,10,10
2026-09-14T11:05:41.556876+00:00,LBP,10,10
2026-09-14T11:05:41.556876+00:00,LKR,10,10
2026-09-14T11:05:41.556876+00:00,MAD,10,10
2026-09-14T11:05:41.556876+00:00,MNT,10,10
2026-09-14T11:05:41.556876+00:00,MXN,10,10
2026-09-14T11:05:41.556876+00:00,MZN,10,10
2026-09-14T11:05:41.556876+00:00,NGN,0,0
2026-09-14T11:05:41.556876+00:00,NGN,0,0
2026-09-14T11:05:41.556876+00:00,NPR,2,10
2026-09-14T11:05:41.556876+00:00,PEN,10,10
2026-09-14T11:05:41.556876+00:00,PHP,10,10
2026-09-14T11:05:41.556876+00:00,PKR,10,10
2026-09-14T11:05:41.556876+00:00,QAR,10,10
2026-09-14T11:05:41.556876+00:00,RWF,10,10
2026-09-14T11:05:41.556876+00:00,SAR,10,10
2026-09-14T11:05:41.556876+00:00,SDG,10,10
2026-09-14T11:05:41.556876+00:00,SYP,10,10
2026-09-14T11:05:41.556876+00:00,TND,10,10
2026-09-14T11:05:41.556876+00:00,TRY,10,10
2026-09-14T11:05:41.556876+00:00,TZS,10,10
2026-09-14T11:05:41.556876+00:00,UAH,10,10
2026-09-14T11:05:41.556876+00:00,UGX,10,10
2026-09-14T11:05:41.556876+00:00,VES,10,10
2026-09-14T11:05:41.556876+00:00,VND,10,10
2026-09-14T11:05:41.556876+00:00,XAF,10,10
2026-09-14T11:05:41.556876+00:00,XOF,10,10
2026-09-14T11:05:41.556876+00:00,ZAR,10,10
2026-09-14T11:05:41.556876+00:00,ZMW,10,10
2026-09-14T12:05:44.333513+00:00,AED,10,10
2026-09-14T12:05:44.333513+00:00,AFN,2,7
2026-09-14T12:05:44.333513+00:00,AMD,10,10
2026-09-14T12:05:44.333513+00:00,AOA,10,10
2026-09-14T12:05:44.333513+00:00,ARS,10,10
2026-09-14T12:05:44.333513+00:00,AZN,10,10
2026-09-14T12:05:44.333513+00:00,BDT,10,10
2026-09-14T12:05:44.333513+00:00,BND,9,10
2026-09-14T12:05:44.333513+00:00,BOB,10,10
2026-09-14T12:05:44.333513+00:00,BWP,2,10
2026-09-14T12:05:44.333513+00:00,CLP,10,10
2026-09-14T12:05:44.333513+00:00,COP,10,10
2026-09-14T12:05:44.333513+00:00,DZD,10,10
2026-09-14T12:05:44.333513+00:00,EGP,10,10
2026-09-14T12:05:44.333513+00:00,ETB,0,0
2026-09-14T12:05:44.333513+00:00,GEL,10,10
2026-09-14T12:05:44.333513+00:00,GHS,0,0
2026-09-14T12:05:44.333513+00:00,IDR,10,10
2026-09-14T12:05:44.333513+00:00,INR,10,10
2026-09-14T12:05:44.333513+00:00,IQD,10,10
2026-09-14T12:05:44.333513+00:00,JOD,10,10
2026-09-14T12:05:44.333513+00:00,KES,10,10
2026-09-14T12:05:44.333513+00:00,KHR,10,10
2026-09-14T12:05:44.333513+00:00,KWD,10,10
2026-09-14T12:05:44.333513+00:00,KZT,10,10
2026-09-14T12:05:44.333513+00:00,LAK,10,10
2026-09-14T12:05:44.333513+00:00,LBP,8,10
2026-09-14T12:05:44.333513+00:00,LKR,10,10
2026-09-14T12:05:44.333513+00:00,MAD,10,10
2026-09-14T12:05:44.333513+00:00,MNT,10,10
2026-09-14T12:05:44.333513+00:00,MXN,10,10
2026-09-14T12:05:44.333513+00:00,MZN,10,10
2026-09-14T12:05:44.333513+00:00,NGN,0,0
2026-09-14T12:05:44.333513+00:00,NGN,0,0
2026-09-14T12:05:44.333513+00:00,NPR,2,10
2026-09-14T12:05:44.333513+00:00,PEN,10,10
2026-09-14T12:05:44.333513+00:00,PHP,10,10
2026-09-14T12:05:44.333513+00:00,PKR,10,10
2026-09-14T12:05:44.333513+00:00,QAR,10,10
2026-09-14T12:05:44.333513+00:00,RWF,10,10
2026-09-14T12:05:44.333513+00:00,SAR,10,10
2026-09-14T12:05:44.333513+00:00,SDG,10,10
2026-09-14T12:05:44.333513+00:00,SYP,10,10
2026-09-14T12:05:44.333513+00:00,TND,10,10
2026-09-14T12:05:44.333513+00:00,TRY,10,10
2026-09-14T12:05:44.333513+00:00,TZS,10,10
2026-09-14T12:05:44.333513+00:00,UAH,10,10
2026-09-14T12:05:44.333513+00:00,UGX,10,10
2026-09-14T12:05:44.333513+00:00,VES,10,10
2026-09-14T12:05:44.333513+00:00,VND,10,10
2026-09-14T12:05:44.333513+00:00,XAF,10,10
2026-09-14T12:05:44.333513+00:00,XOF,10,10
2026-09-14T12:05:44.333513+00:00,ZAR,10,10
2026-09-14T12:05:44.333513+00:00,ZMW,10,10
2026-09-14T13:05:46.307399+00:00,AED,10,10
2026-09-14T13:05:46.307399+00:00,AFN,1,7
2026-09-14T13:05:46.307399+00:00,AMD,10,10
2026-09-14T13:05:46.307399+00:00,AOA,10,10
2026-09-14T13:05:46.307399+00:00,ARS,10,10
2026-09-14T13:05:46.307399+00:00,AZN,10,10
2026-09-14T13:05:46.307399+00:00,BDT,10,10
2026-09-14T13:05:46.307399+00:00,BND,8,10
2026-09-14T13:05:46.307399+00:00,BOB,10,10
2026-09-14T13:05:46.307399+00:00,BWP,2,10
2026-09-14T13:05:46.307399+00:00,CLP,10,10
2026-09-14T13:05:46.307399+00:00,COP,10,10
2026-09-14T13:05:46.307399+00:00,DZD,10,10
2026-09-14T13:05:46.307399+00:00,EGP,10,10
2026-09-14T13:05:46.307399+00:00,ETB,0,0
2026-09-14T13:05:46.307399+00:00,GEL,10,10
2026-09-14T13:05:46.307399+00:00,GHS,0,0
2026-09-14T13:05:46.307399+00:00,IDR,10,10
2026-09-14T13:05:46.307399+00:00,INR,10,10
2026-09-14T13:05:46.307399+00:00,IQD,10,10
2026-09-14T13:05:46.307399+00:00,JOD,10,10
2026-09-14T13:05:46.307399+00:00,KES,10,10
2026-09-14T13:05:46.307399+00:00,KHR,10,10
2026-09-14T13:05:46.307399+00:00,KWD,10,10
2026-09-14T13:05:46.307399+00:00,KZT,10,10
2026-09-14T13:05:46.307399+00:00,LAK,10,10
2026-09-14T13:05:46.307399+00:00,LBP,10,10
2026-09-14T13:05:46.307399+00:00,LKR,10,10
2026-09-14T13:05:46.307399+00:00,MAD,10,10
2026-09-14T13:05:46.307399+00:00,MNT,10,10
2026-09-14T13:05:46.307399+00:00,MXN,10,10
2026-09-14T13:05:46.307399+00:00,MZN,10,10
2026-09-14T13:05:46.307399+00:00,NGN,0,0
2026-09-14T13:05:46.307399+00:00,NGN,0,0
2026-09-14T13:05:46.307399+00:00,NPR,2,10
2026-09-14T13:05:46.307399+00:00,PEN,10,10
2026-09-14T13:05:46.307399+00:00,PHP,10,10
2026-09-14T13:05:46.307399+00:00,PKR,10,10
2026-09-14T13:05:46.307399+00:00,QAR,10,10
2026-09-14T13:05:46.307399+00:00,RWF,10,10
2026-09-14T13:05:46.307399+00:00,SAR,10,10
2026-09-14T13:05:46.307399+00:00,SDG,10,10
2026-09-14T13:05:46.307399+00:00,SYP,10,10
2026-09-14T13:05:46.307399+00:00,TND,10,10
2026-09-14T13:05:46.307399+00:00,TRY,10,10
2026-09-14T13:05:46.307399+00:00,TZS,10,10
2026-09-14T13:05:46.307399+00:00,UAH,10,10
2026-09-14T13:05:46.307399+00:00,UGX,10,10
2026-09-14T13:05:46.307399+00:00,VES,10,10
2026-09-14T13:05:46.307399+00:00,VND,10,10
2026-09-14T13:05:46.307399+00:00,XAF,10,10
2026-09-14T13:05:46.307399+00:00,XOF,10,10
2026-09-14T13:05:46.307399+00:00,ZAR,10,10
2026-09-14T13:05:46.307399+00:00,ZMW,10,10
2026-09-14T14:05:39.994909+00:00,AED,10,10
2026-09-14T14:05:39.994909+00:00,AFN,2,7
2026-09-14T14:05:39.994909+00:00,AMD,10,10
2026-09-14T14:05:39.994909+00:00,AOA,9,10
2026-09-14T14:05:39.994909+00:00,ARS,10,10
2026-09-14T14:05:39.994909+00:00,AZN,10,10
2026-09-14T14:05:39.994909+00:00,BDT,10,10
2026-09-14T14:05:39.994909+00:00,BND,7,10
2026-09-14T14:05:39.994909+00:00,BOB,10,10
2026-09-14T14:05:39.994909+00:00,BWP,2,10
2026-09-14T14:05:39.994909+00:00,CLP,10,10
2026-09-14T14:05:39.994909+00:00,COP,10,10
2026-09-14T14:05:39.994909+00:00,DZD,10,10
2026-09-14T14:05:39.994909+00:00,EGP,10,10
2026-09-14T14:05:39.994909+00:00,ETB,0,0
2026-09-14T14:05:39.994909+00:00,GEL,10,10
2026-09-14T14:05:39.994909+00:00,GHS,0,0
2026-09-14T14:05:39.994909+00:00,IDR,10,10
2026-09-14T14:05:39.994909+00:00,INR,10,10
2026-09-14T14:05:39.994909+00:00,IQD,10,10
2026-09-14T14:05:39.994909+00:00,JOD,10,10
2026-09-14T14:05:39.994909+00:00,KES,10,10
2026-09-14T14:05:39.994909+00:00,KHR,10,10
2026-09-14T14:05:39.994909+00:00,KWD,10,10
2026-09-14T14:05:39.994909+00:00,KZT,10,10
2026-09-14T14:05:39.994909+00:00,LAK,10,10
2026-09-14T14:05:39.994909+00:00,LBP,10,10
2026-09-14T14:05:39.994909+00:00,LKR,10,10
2026-09-14T14:05:39.994909+00:00,MAD,10,10
2026-09-14T14:05:39.994909+00:00,MNT,10,10
2026-09-14T14:05:39.994909+00:00,MXN,10,10
2026-09-14T14:05:39.994909+00:00,MZN,10,10
2026-09-14T14:05:39.994909+00:00,NGN,0,0
2026-09-14T14:05:39.994909+00:00,NGN,0,0
2026-09-14T14:05:39.994909+00:00,NPR,2,10
2026-09-14T14:05:39.994909+00:00,PEN,10,10
2026-09-14T14:05:39.994909+00:00,PHP,10,10
2026-09-14T14:05:39.994909+00:00,PKR,10,10
2026-09-14T14:05:39.994909+00:00,QAR,10,10
2026-09-14T14:05:39.994909+00:00,RWF,10,10
2026-09-14T14:05:39.994909+00:00,SAR,10,10
2026-09-14T14:05:39.994909+00:00,SDG,10,10
2026-09-14T14:05:39.994909+00:00,SYP,9,10
2026-09-14T14:05:39.994909+00:00,TND,10,10
2026-09-14T14:05:39.994909+00:00,TRY,10,10
2026-09-14T14:05:39.994909+00:00,TZS,10,10
2026-09-14T14:05:39.994909+00:00,UAH,10,10
2026-09-14T14:05:39.994909+00:00,UGX,10,10
2026-09-14T14:05:39.994909+00:00,VES,10,10
2026-09-14T14:05:39.994909+00:00,VND,10,10
2026-09-14T14:05:39.994909+00:00,XAF,10,10
2026-09-14T14:05:39.994909+00:00,XOF,10,10
2026-09-14T14:05:39.994909+00:00,ZAR,10,10
2026-09-14T14:05:39.994909+00:00,ZMW,10,10
2026-09-14T15:05:41.782416+00:00,AED,10,10
2026-09-14T15:05:41.782416+00:00,AFN,2,7
2026-09-14T15:05:41.782416+00:00,AMD,10,10
2026-09-14T15:05:41.782416+00:00,AOA,10,10
2026-09-14T15:05:41.782416+00:00,ARS,10,10
2026-09-14T15:05:41.782416+00:00,AZN,10,10
2026-09-14T15:05:41.782416+00:00,BDT,10,10
2026-09-14T15:05:41.782416+00:00,BND,6,10
2026-09-14T15:05:41.782416+00:00,BOB,10,10
2026-09-14T15:05:41.782416+00:00,BWP,2,10
2026-09-14T15:05:41.782416+00:00,CLP,10,10
2026-09-14T15:05:41.782416+00:00,COP,10,10
2026-09-14T15:05:41.782416+00:00,DZD,10,10
2026-09-14T15:05:41.782416+00:00,EGP,10,10
2026-09-14T15:05:41.782416+00:00,ETB,0,0
2026-09-14T15:05:41.782416+00:00,GEL,10,10
2026-09-14T15:05:41.782416+00:00,GHS,0,0
2026-09-14T15:05:41.782416+00:00,IDR,10,10
2026-09-14T15:05:41.782416+00:00,INR,10,10
2026-09-14T15:05:41.782416+00:00,IQD,10,10
2026-09-14T15:05:41.782416+00:00,JOD,10,10
2026-09-14T15:05:41.782416+00:00,KES,10,10
2026-09-14T15:05:41.782416+00:00,KHR,10,10
2026-09-14T15:05:41.782416+00:00,KWD,10,10
2026-09-14T15:05:41.782416+00:00,KZT,10,10
2026-09-14T15:05:41.782416+00:00,LAK,10,10
2026-09-14T15:05:41.782416+00:00,LBP,10,10
2026-09-14T15:05:41.782416+00:00,LKR,10,10
2026-09-14T15:05:41.782416+00:00,MAD,10,10
2026-09-14T15:05:41.782416+00:00,MNT,10,10
2026-09-14T15:05:41.782416+00:00,MXN,10,10
2026-09-14T15:05:41.782416+00:00,MZN,10,10
2026-09-14T15:05:41.782416+00:00,NGN,0,0
2026-09-14T15:05:41.782416+00:00,NGN,0,0
2026-09-14T15:05:41.782416+00:00,NPR,2,10
2026-09-14T15:05:41.782416+00:00,PEN,10,10
2026-09-14T15:05:41.782416+00:00,PHP,10,10
2026-09-14T15:05:41.782416+00:00,PKR,10,10
2026-09-14T15:05:41.782416+00:00,QAR,10,10
2026-09-14T15:05:41.782416+00:00,RWF,10,10
2026-09-14T15:05:41.782416+00:00,SAR,10,10
2026-09-14T15:05:41.782416+00:00,SDG,10,10
2026-09-14T15:05:41.782416+00:00,SYP,10,10
2026-09-14T15:05:41.782416+00:00,TND,10,10
2026-09-14T15:05:41.782416+00:00,TRY,10,10
2026-09-14T15:05:41.782416+00:00,TZS,10,10
2026-09-14T15:05:41.782416+00:00,UAH,10,10
2026-09-14T15:05:41.782416+00:00,UGX,10,10
2026-09-14T15:05:41.782416+00:00,VES,10,10
2026-09-14T15:05:41.782416+00:00,VND,10,10
2026-09-14T15:05:41.782416+00:00,XAF,10,10
2026-09-14T15:05:41.782416+00:00,XOF,10,10
2026-09-14T15:05:41.782416+00:00,ZAR,10,10
2026-09-14T15:05:41.782416+00:00,ZMW,10,10
2026-09-14T16:05:38.332276+00:00,AED,10,10
2026-09-14T16:05:38.332276+00:00,AFN,2,7
2026-09-14T16:05:38.332276+00:00,AMD,10,10
2026-09-14T16:05:38.332276+00:00,AOA,6,10
2026-09-14T16:05:38.332276+00:00,ARS,10,10
2026-09-14T16:05:38.332276+00:00,AZN,10,10
2026-09-14T16:05:38.332276+00:00,BDT,10,10
2026-09-14T16:05:38.332276+00:00,BND,6,10
2026-09-14T16:05:38.332276+00:00,BOB,10,10
2026-09-14T16:05:38.332276+00:00,BWP,2,10
2026-09-14T16:05:38.332276+00:00,CLP,10,10
2026-09-14T16:05:38.332276+00:00,COP,10,10
2026-09-14T16:05:38.332276+00:00,DZD,10,10
2026-09-14T16:05:38.332276+00:00,EGP,10,10
2026-09-14T16:05:38.332276+00:00,ETB,0,0
2026-09-14T16:05:38.332276+00:00,GEL,10,10
2026-09-14T16:05:38.332276+00:00,GHS,0,0
2026-09-14T16:05:38.332276+00:00,IDR,10,10
2026-09-14T16:05:38.332276+00:00,INR,10,10
2026-09-14T16:05:38.332276+00:00,IQD,10,10
2026-09-14T16:05:38.332276+00:00,JOD,10,10
2026-09-14T16:05:38.332276+00:00,KES,10,10
2026-09-14T16:05:38.332276+00:00,KHR,10,10
2026-09-14T16:05:38.332276+00:00,KWD,10,10
2026-09-14T16:05:38.332276+00:00,KZT,10,10
2026-09-14T16:05:38.332276+00:00,LAK,10,10
2026-09-14T16:05:38.332276+00:00,LBP,10,10
2026-09-14T16:05:38.332276+00:00,LKR,10,10
2026-09-14T16:05:38.332276+00:00,MAD,10,10
2026-09-14T16:05:38.332276+00:00,MNT,9,10
2026-09-14T16:05:38.332276+00:00,MXN,10,10
2026-09-14T16:05:38.332276+00:00,MZN,10,10
2026-09-14T16:05:38.332276+00:00,NGN,0,0
2026-09-14T16:05:38.332276+00:00,NGN,0,0
2026-09-14T16:05:38.332276+00:00,NPR,2,10
2026-09-14T16:05:38.332276+00:00,PEN,10,10
2026-09-14T16:05:38.332276+00:00,PHP,10,10
2026-09-14T16:05:38.332276+00:00,PKR,10,10
2026-09-14T16:05:38.332276+00:00,QAR,10,10
2026-09-14T16:05:38.332276+00:00,RWF,10,10
2026-09-14T16:05:38.332276+00:00,SAR,10,10
2026-09-14T16:05:38.332276+00:00,SDG,10,10
2026-09-14T16:05:38.332276+00:00,SYP,10,10
2026-09-14T16:05:38.332276+00:00,TND,10,10
2026-09-14T16:05:38.332276+00:00,TRY,10,10
2026-09-14T16:05:38.332276+00:00,TZS,10,10
2026-09-14T16:05:38.332276+00:00,UAH,10,10
2026-09-14T16:05:38.332276+00:00,UGX,10,10
2026-09-14T16:05:38.332276+00:00,VES,10,10
2026-09-14T16:05:38.332276+00:00,VND,10,10
2026-09-14T16:05:38.332276+00:00,XAF,10,10
2026-09-14T16:05:38.332276+00:00,XOF,10,10
2026-09-14T16:05:38.332276+00:00,ZAR,10,10
2026-09-14T16:05:38.332276+00:00,ZMW,10,10
2026-09-14T17:05:40.399018+00:00,AED,10,10
2026-09-14T17:05:40.399018+00:00,AFN,3,7
2026-09-14T17:05:40.399018+00:00,AMD,10,10
2026-09-14T17:05:40.399018+00:00,AOA,7,10
2026-09-14T17:05:40.399018+00:00,ARS,10,10
2026-09-14T17:05:40.399018+00:00,AZN,10,10
2026-09-14T17:05:40.399018+00:00,BDT,10,10
2026-09-14T17:05:40.399018+00:00,BND,7,10
2026-09-14T17:05:40.399018+00:00,BOB,10,10
2026-09-14T17:05:40.399018+00:00,BWP,2,10
2026-09-14T17:05:40.399018+00:00,CLP,10,10
2026-09-14T17:05:40.399018+00:00,COP,10,10
2026-09-14T17:05:40.399018+00:00,DZD,10,10
2026-09-14T17:05:40.399018+00:00,EGP,10,10
2026-09-14T17:05:40.399018+00:00,ETB,0,0
2026-09-14T17:05:40.399018+00:00,GEL,10,10
2026-09-14T17:05:40.399018+00:00,GHS,0,0
2026-09-14T17:05:40.399018+00:00,IDR,10,10
2026-09-14T17:05:40.399018+00:00,INR,10,10
2026-09-14T17:05:40.399018+00:00,IQD,10,10
2026-09-14T17:05:40.399018+00:00,JOD,10,10
2026-09-14T17:05:40.399018+00:00,KES,10,10
2026-09-14T17:05:40.399018+00:00,KHR,10,10
2026-09-14T17:05:40.399018+00:00,KWD,10,10
2026-09-14T17:05:40.399018+00:00,KZT,10,10
2026-09-14T17:05:40.399018+00:00,LAK,10,10
2026-09-14T17:05:40.399018+00:00,LBP,10,10
2026-09-14T17:05:40.399018+00:00,LKR,10,10
2026-09-14T17:05:40.399018+00:00,MAD,10,10
2026-09-14T17:05:40.399018+00:00,MNT,7,10
2026-09-14T17:05:40.399018+00:00,MXN,10,10
2026-09-14T17:05:40.399018+00:00,MZN,10,10
2026-09-14T17:05:40.399018+00:00,NGN,0,0
2026-09-14T17:05:40.399018+00:00,NGN,0,0
2026-09-14T17:05:40.399018+00:00,NPR,2,10
2026-09-14T17:05:40.399018+00:00,PEN,10,10
2026-09-14T17:05:40.399018+00:00,PHP,10,10
2026-09-14T17:05:40.399018+00:00,PKR,10,10
2026-09-14T17:05:40.399018+00:00,QAR,10,10
2026-09-14T17:05:40.399018+00:00,RWF,10,10
2026-09-14T17:05:40.399018+00:00,SAR,10,10
2026-09-14T17:05:40.399018+00:00,SDG,10,10
2026-09-14T17:05:40.399018+00:00,SYP,10,10
2026-09-14T17:05:40.399018+00:00,TND,10,10
2026-09-14T17:05:40.399018+00:00,TRY,10,10
2026-09-14T17:05:40.399018+00:00,TZS,10,10
2026-09-14T17:05:40.399018+00:00,UAH,10,10
2026-09-14T17:05:40.399018+00:00,UGX,10,10
2026-09-14T17:05:40.399018+00:00,VES,10,10
2026-09-14T17:05:40.399018+00:00,VND,10,10
2026-09-14T17:05:40.399018+00:00,XAF,10,10
2026-09-14T17:05:40.399018+00:00,XOF,10,10
2026-09-14T17:05:40.399018+00:00,ZAR,10,10
2026-09-14T17:05:40.399018+00:00,ZMW,10,10
2026-09-14T18:05:37.669027+00:00,AED,10,10
2026-09-14T18:05:37.669027+00:00,AFN,3,7
2026-09-14T18:05:37.669027+00:00,AMD,10,10
2026-09-14T18:05:37.669027+00:00,AOA,7,10
2026-09-14T18:05:37.669027+00:00,ARS,10,10
2026-09-14T18:05:37.669027+00:00,AZN,10,10
2026-09-14T18:05:37.669027+00:00,BDT,10,10
2026-09-14T18:05:37.669027+00:00,BND,7,10
2026-09-14T18:05:37.669027+00:00,BOB,10,10
2026-09-14T18:05:37.669027+00:00,BWP,2,10
2026-09-14T18:05:37.669027+00:00,CLP,10,10
2026-09-14T18:05:37.669027+00:00,COP,10,10
2026-09-14T18:05:37.669027+00:00,DZD,10,10
2026-09-14T18:05:37.669027+00:00,EGP,10,10
2026-09-14T18:05:37.669027+00:00,ETB,0,0
2026-09-14T18:05:37.669027+00:00,GEL,10,10
2026-09-14T18:05:37.669027+00:00,GHS,0,0
2026-09-14T18:05:37.669027+00:00,IDR,10,10
2026-09-14T18:05:37.669027+00:00,INR,10,10
2026-09-14T18:05:37.669027+00:00,IQD,10,10
2026-09-14T18:05:37.669027+00:00,JOD,10,10
2026-09-14T18:05:37.669027+00:00,KES,10,10
2026-09-14T18:05:37.669027+00:00,KHR,10,10
2026-09-14T18:05:37.669027+00:00,KWD,10,10
2026-09-14T18:05:37.669027+00:00,KZT,10,10
2026-09-14T18:05:37.669027+00:00,LAK,10,10
2026-09-14T18:05:37.669027+00:00,LBP,10,10
2026-09-14T18:05:37.669027+00:00,LKR,10,10
2026-09-14T18:05:37.669027+00:00,MAD,10,10
2026-09-14T18:05:37.669027+00:00,MNT,6,10
2026-09-14T18:05:37.669027+00:00,MXN,10,10
2026-09-14T18:05:37.669027+00:00,MZN,10,10
2026-09-14T18:05:37.669027+00:00,NGN,0,0
2026-09-14T18:05:37.669027+00:00,NGN,0,0
2026-09-14T18:05:37.669027+00:00,NPR,0,10
2026-09-14T18:05:37.669027+00:00,PEN,10,10
2026-09-14T18:05:37.669027+00:00,PHP,10,10
2026-09-14T18:05:37.669027+00:00,PKR,10,10
2026-09-14T18:05:37.669027+00:00,QAR,10,10
2026-09-14T18:05:37.669027+00:00,RWF,10,10
2026-09-14T18:05:37.669027+00:00,SAR,10,10
2026-09-14T18:05:37.669027+00:00,SDG,10,10
2026-09-14T18:05:37.669027+00:00,SYP,10,10
2026-09-14T18:05:37.669027+00:00,TND,10,10
2026-09-14T18:05:37.669027+00:00,TRY,10,10
2026-09-14T18:05:37.669027+00:00,TZS,10,10
2026-09-14T18:05:37.669027+00:00,UAH,10,10
2026-09-14T18:05:37.669027+00:00,UGX,10,10
2026-09-14T18:05:37.669027+00:00,VES,10,10
2026-09-14T18:05:37.669027+00:00,VND,10,10
2026-09-14T18:05:37.669027+00:00,XAF,10,10
2026-09-14T18:05:37.669027+00:00,XOF,10,10
2026-09-14T18:05:37.669027+00:00,ZAR,10,10
2026-09-14T18:05:37.669027+00:00,ZMW,10,10
2026-09-14T19:05:42.760239+00:00,AED,10,10
2026-09-14T19:05:42.760239+00:00,AFN,2,6
2026-09-14T19:05:42.760239+00:00,AMD,10,10
2026-09-14T19:05:42.760239+00:00,AOA,8,10
2026-09-14T19:05:42.760239+00:00,ARS,10,10
2026-09-14T19:05:42.760239+00:00,AZN,10,10
2026-09-14T19:05:42.760239+00:00,BDT,10,10
2026-09-14T19:05:42.760239+00:00,BND,5,7
2026-09-14T19:05:42.760239+00:00,BOB,10,10
2026-09-14T19:05:42.760239+00:00,BWP,2,10
2026-09-14T19:05:42.760239+00:00,CLP,10,10
2026-09-14T19:05:42.760239+00:00,COP,10,10
2026-09-14T19:05:42.760239+00:00,DZD,10,10
2026-09-14T19:05:42.760239+00:00,EGP,10,10
2026-09-14T19:05:42.760239+00:00,ETB,0,0
2026-09-14T19:05:42.760239+00:00,GEL,10,10
2026-09-14T19:05:42.760239+00:00,GHS,0,0
2026-09-14T19:05:42.760239+00:00,IDR,10,10
2026-09-14T19:05:42.760239+00:00,INR,10,10
2026-09-14T19:05:42.760239+00:00,IQD,10,10
2026-09-14T19:05:42.760239+00:00,JOD,10,10
2026-09-14T19:05:42.760239+00:00,KES,10,10
2026-09-14T19:05:42.760239+00:00,KHR,9,10
2026-09-14T19:05:42.760239+00:00,KWD,10,10
2026-09-14T19:05:42.760239+00:00,KZT,10,10
2026-09-14T19:05:42.760239+00:00,LAK,10,10
2026-09-14T19:05:42.760239+00:00,LBP,10,10
2026-09-14T19:05:42.760239+00:00,LKR,10,10
2026-09-14T19:05:42.760239+00:00,MAD,10,10
2026-09-14T19:05:42.760239+00:00,MNT,6,10
2026-09-14T19:05:42.760239+00:00,MXN,10,10
2026-09-14T19:05:42.760239+00:00,MZN,10,10
2026-09-14T19:05:42.760239+00:00,NGN,0,0
2026-09-14T19:05:42.760239+00:00,NGN,0,0
2026-09-14T19:05:42.760239+00:00,NPR,0,10
2026-09-14T19:05:42.760239+00:00,PEN,10,10
2026-09-14T19:05:42.760239+00:00,PHP,10,10
2026-09-14T19:05:42.760239+00:00,PKR,10,10
2026-09-14T19:05:42.760239+00:00,QAR,10,10
2026-09-14T19:05:42.760239+00:00,RWF,10,10
2026-09-14T19:05:42.760239+00:00,SAR,10,10
2026-09-14T19:05:42.760239+00:00,SDG,10,10
2026-09-14T19:05:42.760239+00:00,SYP,10,10
2026-09-14T19:05:42.760239+00:00,TND,10,10
2026-09-14T19:05:42.760239+00:00,TRY,10,10
2026-09-14T19:05:42.760239+00:00,TZS,10,10
2026-09-14T19:05:42.760239+00:00,UAH,10,10
2026-09-14T19:05:42.760239+00:00,UGX,10,10
2026-09-14T19:05:42.760239+00:00,VES,10,10
2026-09-14T19:05:42.760239+00:00,VND,10,10
2026-09-14T19:05:42.760239+00:00,XAF,10,10
2026-09-14T19:05:42.760239+00:00,XOF,10,10
2026-09-14T19:05:42.760239+00:00,ZAR,10,10
2026-09-14T19:05:42.760239+00:00,ZMW,10,10
2026-09-14T20:05:42.858082+00:00,AED,10,10
2026-09-14T20:05:42.858082+00:00,AFN,0,4
2026-09-14T20:05:42.858082+00:00,AMD,10,10
2026-09-14T20:05:42.858082+00:00,AOA,10,10
2026-09-14T20:05:42.858082+00:00,ARS,10,10
2026-09-14T20:05:42.858082+00:00,AZN,10,10
2026-09-14T20:05:42.858082+00:00,BDT,10,10
2026-09-14T20:05:42.858082+00:00,BND,4,7
2026-09-14T20:05:42.858082+00:00,BOB,10,10
2026-09-14T20:05:42.858082+00:00,BWP,2,9
2026-09-14T20:05:42.858082+00:00,CLP,10,10
2026-09-14T20:05:42.858082+00:00,COP,10,10
2026-09-14T20:05:42.858082+00:00,DZD,10,10
2026-09-14T20:05:42.858082+00:00,EGP,10,10
2026-09-14T20:05:42.858082+00:00,ETB,0,0
2026-09-14T20:05:42.858082+00:00,GEL,10,10
2026-09-14T20:05:42.858082+00:00,GHS,0,0
2026-09-14T20:05:42.858082+00:00,IDR,10,10
2026-09-14T20:05:42.858082+00:00,INR,10,10
2026-09-14T20:05:42.858082+00:00,IQD,10,10
2026-09-14T20:05:42.858082+00:00,JOD,10,10
2026-09-14T20:05:42.858082+00:00,KES,10,10
2026-09-14T20:05:42.858082+00:00,KHR,9,10
2026-09-14T20:05:42.858082+00:00,KWD,10,10
2026-09-14T20:05:42.858082+00:00,KZT,10,10
2026-09-14T20:05:42.858082+00:00,LAK,10,10
2026-09-14T20:05:42.858082+00:00,LBP,10,10
2026-09-14T20:05:42.858082+00:00,LKR,10,10
2026-09-14T20:05:42.858082+00:00,MAD,10,10
2026-09-14T20:05:42.858082+00:00,MNT,6,10
2026-09-14T20:05:42.858082+00:00,MXN,10,10
2026-09-14T20:05:42.858082+00:00,MZN,10,10
2026-09-14T20:05:42.858082+00:00,NGN,0,0
2026-09-14T20:05:42.858082+00:00,NGN,0,0
2026-09-14T20:05:42.858082+00:00,NPR,0,10
2026-09-14T20:05:42.858082+00:00,PEN,10,10
2026-09-14T20:05:42.858082+00:00,PHP,10,10
2026-09-14T20:05:42.858082+00:00,PKR,10,10
2026-09-14T20:05:42.858082+00:00,QAR,10,10
2026-09-14T20:05:42.858082+00:00,RWF,10,10
2026-09-14T20:05:42.858082+00:00,SAR,10,10
2026-09-14T20:05:42.858082+00:00,SDG,10,10
2026-09-14T20:05:42.858082+00:00,SYP,9,10
2026-09-14T20:05:42.858082+00:00,TND,10,10
2026-09-14T20:05:42.858082+00:00,TRY,10,10
2026-09-14T20:05:42.858082+00:00,TZS,10,10
2026-09-14T20:05:42.858082+00:00,UAH,10,10
2026-09-14T20:05:42.858082+00:00,UGX,10,10
2026-09-14T20:05:42.858082+00:00,VES,10,10
2026-09-14T20:05:42.858082+00:00,VND,10,10
2026-09-14T20:05:42.858082+00:00,XAF,10,10
2026-09-14T20:05:42.858082+00:00,XOF,10,10
2026-09-14T20:05:42.858082+00:00,ZAR,10,10
2026-09-14T20:05:42.858082+00:00,ZMW,10,10
2026-09-14T21:05:41.465243+00:00,AED,10,10
2026-09-14T21:05:41.465243+00:00,AFN,0,4
2026-09-14T21:05:41.465243+00:00,AMD,10,10
2026-09-14T21:05:41.465243+00:00,AOA,9,10
2026-09-14T21:05:41.465243+00:00,ARS,10,10
2026-09-14T21:05:41.465243+00:00,AZN,10,10
2026-09-14T21:05:41.465243+00:00,BDT,10,10
2026-09-14T21:05:41.465243+00:00,BND,4,7
2026-09-14T21:05:41.465243+00:00,BOB,10,10
2026-09-14T21:05:41.465243+00:00,BWP,2,9
2026-09-14T21:05:41.465243+00:00,CLP,10,10
2026-09-14T21:05:41.465243+00:00,COP,10,10
2026-09-14T21:05:41.465243+00:00,DZD,10,10
2026-09-14T21:05:41.465243+00:00,EGP,10,10
2026-09-14T21:05:41.465243+00:00,ETB,0,0
2026-09-14T21:05:41.465243+00:00,GEL,10,10
2026-09-14T21:05:41.465243+00:00,GHS,0,0
2026-09-14T21:05:41.465243+00:00,IDR,10,10
2026-09-14T21:05:41.465243+00:00,INR,10,10
2026-09-14T21:05:41.465243+00:00,IQD,10,10
2026-09-14T21:05:41.465243+00:00,JOD,10,10
2026-09-14T21:05:41.465243+00:00,KES,10,10
2026-09-14T21:05:41.465243+00:00,KHR,8,10
2026-09-14T21:05:41.465243+00:00,KWD,10,10
2026-09-14T21:05:41.465243+00:00,KZT,10,10
2026-09-14T21:05:41.465243+00:00,LAK,10,10
2026-09-14T21:05:41.465243+00:00,LBP,10,10
2026-09-14T21:05:41.465243+00:00,LKR,10,10
2026-09-14T21:05:41.465243+00:00,MAD,10,10
2026-09-14T21:05:41.465243+00:00,MNT,5,10
2026-09-14T21:05:41.465243+00:00,MXN,10,10
2026-09-14T21:05:41.465243+00:00,MZN,10,10
2026-09-14T21:05:41.465243+00:00,NGN,0,0
2026-09-14T21:05:41.465243+00:00,NGN,0,0
2026-09-14T21:05:41.465243+00:00,NPR,0,10
2026-09-14T21:05:41.465243+00:00,PEN,10,10
2026-09-14T21:05:41.465243+00:00,PHP,10,10
2026-09-14T21:05:41.465243+00:00,PKR,10,10
2026-09-14T21:05:41.465243+00:00,QAR,10,10
2026-09-14T21:05:41.465243+00:00,RWF,10,10
2026-09-14T21:05:41.465243+00:00,SAR,10,10
2026-09-14T21:05:41.465243+00:00,SDG,10,10
2026-09-14T21:05:41.465243+00:00,SYP,7,10
2026-09-14T21:05:41.465243+00:00,TND,10,10
2026-09-14T21:05:41.465243+00:00,TRY,10,10
2026-09-14T21:05:41.465243+00:00,TZS,10,10
2026-09-14T21:05:41.465243+00:00,UAH,10,10
2026-09-14T21:05:41.465243+00:00,UGX,10,10
2026-09-14T21:05:41.465243+00:00,VES,10,10
2026-09-14T21:05:41.465243+00:00,VND,10,10
2026-09-14T21:05:41.465243+00:00,XAF,10,10
2026-09-14T21:05:41.465243+00:00,XOF,10,10
2026-09-14T21:05:41.465243+00:00,ZAR,10,10
2026-09-14T21:05:41.465243+00:00,ZMW,10,10
2026-09-14T22:05:38.860465+00:00,AED,10,10
2026-09-14T22:05:38.860465+00:00,AFN,0,4
2026-09-14T22:05:38.860465+00:00,AMD,10,10
2026-09-14T22:05:38.860465+00:00,AOA,9,10
2026-09-14T22:05:38.860465+00:00,ARS,10,10
2026-09-14T22:05:38.860465+00:00,AZN,10,10
2026-09-14T22:05:38.860465+00:00,BDT,10,10
2026-09-14T22:05:38.860465+00:00,BND,5,7
2026-09-14T22:05:38.860465+00:00,BOB,10,10
2026-09-14T22:05:38.860465+00:00,BWP,2,9
2026-09-14T22:05:38.860465+00:00,CLP,10,10
2026-09-14T22:05:38.860465+00:00,COP,10,10
2026-09-14T22:05:38.860465+00:00,DZD,10,10
2026-09-14T22:05:38.860465+00:00,EGP,10,10
2026-09-14T22:05:38.860465+00:00,ETB,0,0
2026-09-14T22:05:38.860465+00:00,GEL,10,10
2026-09-14T22:05:38.860465+00:00,GHS,0,0
2026-09-14T22:05:38.860465+00:00,IDR,10,10
2026-09-14T22:05:38.860465+00:00,INR,10,10
2026-09-14T22:05:38.860465+00:00,IQD,10,10
2026-09-14T22:05:38.860465+00:00,JOD,10,10
2026-09-14T22:05:38.860465+00:00,KES,10,10
2026-09-14T22:05:38.860465+00:00,KHR,8,10
2026-09-14T22:05:38.860465+00:00,KWD,10,10
2026-09-14T22:05:38.860465+00:00,KZT,10,10
2026-09-14T22:05:38.860465+00:00,LAK,10,10
2026-09-14T22:05:38.860465+00:00,LBP,9,10
2026-09-14T22:05:38.860465+00:00,LKR,10,10
2026-09-14T22:05:38.860465+00:00,MAD,10,10
2026-09-14T22:05:38.860465+00:00,MNT,5,10
2026-09-14T22:05:38.860465+00:00,MXN,10,10
2026-09-14T22:05:38.860465+00:00,MZN,10,10
2026-09-14T22:05:38.860465+00:00,NGN,0,0
2026-09-14T22:05:38.860465+00:00,NGN,0,0
2026-09-14T22:05:38.860465+00:00,NPR,0,10
2026-09-14T22:05:38.860465+00:00,PEN,10,10
2026-09-14T22:05:38.860465+00:00,PHP,10,10
2026-09-14T22:05:38.860465+00:00,PKR,10,10
2026-09-14T22:05:38.860465+00:00,QAR,10,10
2026-09-14T22:05:38.860465+00:00,RWF,10,10
2026-09-14T22:05:38.860465+00:00,SAR,10,10
2026-09-14T22:05:38.860465+00:00,SDG,10,10
2026-09-14T22:05:38.860465+00:00,SYP,8,10
2026-09-14T22:05:38.860465+00:00,TND,10,10
2026-09-14T22:05:38.860465+00:00,TRY,10,10
2026-09-14T22:05:38.860465+00:00,TZS,10,10
2026-09-14T22:05:38.860465+00:00,UAH,10,10
2026-09-14T22:05:38.860465+00:00,UGX,10,10
2026-09-14T22:05:38.860465+00:00,VES,10,10
2026-09-14T22:05:38.860465+00:00,VND,10,10
2026-09-14T22:05:38.860465+00:00,XAF,10,10
2026-09-14T22:05:38.860465+00:00,XOF,10,10
2026-09-14T22:05:38.860465+00:00,ZAR,10,10
2026-09-14T22:05:38.860465+00:00,ZMW,10,10
2026-09-14T23:05:42.685125+00:00,AED,10,10
2026-09-14T23:05:42.685125+00:00,AFN,0,4
2026-09-14T23:05:42.685125+00:00,AMD,10,10
2026-09-14T23:05:42.685125+00:00,AOA,9,10
2026-09-14T23:05:42.685125+00:00,ARS,10,10
2026-09-14T23:05:42.685125+00:00,AZN,10,10
2026-09-14T23:05:42.685125+00:00,BDT,10,10
2026-09-14T23:05:42.685125+00:00,BND,5,7
2026-09-14T23:05:42.685125+00:00,BOB,10,10
2026-09-14T23:05:42.685125+00:00,BWP,2,8
2026-09-14T23:05:42.685125+00:00,CLP,10,10
2026-09-14T23:05:42.685125+00:00,COP,10,10
2026-09-14T23:05:42.685125+00:00,DZD,10,10
2026-09-14T23:05:42.685125+00:00,EGP,10,10
2026-09-14T23:05:42.685125+00:00,ETB,0,0
2026-09-14T23:05:42.685125+00:00,GEL,10,10
2026-09-14T23:05:42.685125+00:00,GHS,0,0
2026-09-14T23:05:42.685125+00:00,IDR,10,10
2026-09-14T23:05:42.685125+00:00,INR,10,10
2026-09-14T23:05:42.685125+00:00,IQD,10,10
2026-09-14T23:05:42.685125+00:00,JOD,10,10
2026-09-14T23:05:42.685125+00:00,KES,10,10
2026-09-14T23:05:42.685125+00:00,KHR,10,10
2026-09-14T23:05:42.685125+00:00,KWD,10,10
2026-09-14T23:05:42.685125+00:00,KZT,10,10
2026-09-14T23:05:42.685125+00:00,LAK,10,10
2026-09-14T23:05:42.685125+00:00,LBP,6,10
2026-09-14T23:05:42.685125+00:00,LKR,10,10
2026-09-14T23:05:42.685125+00:00,MAD,10,10
2026-09-14T23:05:42.685125+00:00,MNT,8,10
2026-09-14T23:05:42.685125+00:00,MXN,10,10
2026-09-14T23:05:42.685125+00:00,MZN,10,10
2026-09-14T23:05:42.685125+00:00,NGN,0,0
2026-09-14T23:05:42.685125+00:00,NGN,0,0
2026-09-14T23:05:42.685125+00:00,NPR,0,10
2026-09-14T23:05:42.685125+00:00,PEN,10,10
2026-09-14T23:05:42.685125+00:00,PHP,10,10
2026-09-14T23:05:42.685125+00:00,PKR,10,10
2026-09-14T23:05:42.685125+00:00,QAR,10,10
2026-09-14T23:05:42.685125+00:00,RWF,10,10
2026-09-14T23:05:42.685125+00:00,SAR,10,10
2026-09-14T23:05:42.685125+00:00,SDG,10,10
2026-09-14T23:05:42.685125+00:00,SYP,9,10
2026-09-14T23:05:42.685125+00:00,TND,10,10
2026-09-14T23:05:42.685125+00:00,TRY,10,10
2026-09-14T23:05:42.685125+00:00,TZS,10,10
2026-09-14T23:05:42.685125+00:00,UAH,10,10
2026-09-14T23:05:42.685125+00:00,UGX,10,10
2026-09-14T23:05:42.685125+00:00,VES,10,10
2026-09-14T23:05:42.685125+00:00,VND,10,10
2026-09-14T23:05:42.685125+00:00,XAF,10,10
2026-09-14T23:05:42.685125+00:00,XOF,10,10
2026-09-14T23:05:42.685125+00:00,ZAR,10,10
2026-09-14T23:05:42.685125+00:00,ZMW,10,10
2026-09-15T00:05:43.691179+00:00,AED,10,10
2026-09-15T00:05:43.691179+00:00,AFN,0,4
2026-09-15T00:05:43.691179+00:00,AMD,10,10
2026-09-15T00:05:43.691179+00:00,AOA,8,10
2026-09-15T00:05:43.691179+00:00,ARS,10,10
2026-09-15T00:05:43.691179+00:00,AZN,10,10
2026-09-15T00:05:43.691179+00:00,BDT,10,10
2026-09-15T00:05:43.691179+00:00,BND,5,7
2026-09-15T00:05:43.691179+00:00,BOB,10,10
2026-09-15T00:05:43.691179+00:00,BWP,2,7
2026-09-15T00:05:43.691179+00:00,CLP,10,10
2026-09-15T00:05:43.691179+00:00,COP,10,10
2026-09-15T00:05:43.691179+00:00,DZD,10,10
2026-09-15T00:05:43.691179+00:00,EGP,10,10
2026-09-15T00:05:43.691179+00:00,ETB,0,0
2026-09-15T00:05:43.691179+00:00,GEL,10,10
2026-09-15T00:05:43.691179+00:00,GHS,0,0
2026-09-15T00:05:43.691179+00:00,IDR,10,10
2026-09-15T00:05:43.691179+00:00,INR,10,10
2026-09-15T00:05:43.691179+00:00,IQD,10,10
2026-09-15T00:05:43.691179+00:00,JOD,10,10
2026-09-15T00:05:43.691179+00:00,KES,10,10
2026-09-15T00:05:43.691179+00:00,KHR,10,10
2026-09-15T00:05:43.691179+00:00,KWD,10,10
2026-09-15T00:05:43.691179+00:00,KZT,10,10
2026-09-15T00:05:43.691179+00:00,LAK,10,10
2026-09-15T00:05:43.691179+00:00,LBP,7,10
2026-09-15T00:05:43.691179+00:00,LKR,10,10
2026-09-15T00:05:43.691179+00:00,MAD,10,10
2026-09-15T00:05:43.691179+00:00,MNT,8,10
2026-09-15T00:05:43.691179+00:00,MXN,10,10
2026-09-15T00:05:43.691179+00:00,MZN,10,10
2026-09-15T00:05:43.691179+00:00,NGN,0,0
2026-09-15T00:05:43.691179+00:00,NGN,0,0
2026-09-15T00:05:43.691179+00:00,NPR,0,10
2026-09-15T00:05:43.691179+00:00,PEN,10,10
2026-09-15T00:05:43.691179+00:00,PHP,10,10
2026-09-15T00:05:43.691179+00:00,PKR,10,10
2026-09-15T00:05:43.691179+00:00,QAR,10,10
2026-09-15T00:05:43.691179+00:00,RWF,10,10
2026-09-15T00:05:43.691179+00:00,SAR,10,10
2026-09-15T00:05:43.691179+00:00,SDG,10,10
2026-09-15T00:05:43.691179+00:00,SYP,8,10
2026-09-15T00:05:43.691179+00:00,TND,10,10
2026-09-15T00:05:43.691179+00:00,TRY,10,10
2026-09-15T00:05:43.691179+00:00,TZS,10,10
2026-09-15T00:05:43.691179+00:00,UAH,10,10
2026-09-15T00:05:43.691179+00:00,UGX,10,10
2026-09-15T00:05:43.691179+00:00,VES,10,10
2026-09-15T00:05:43.691179+00:00,VND,10,10
2026-09-15T00:05:43.691179+00:00,XAF,10,10
2026-09-15T00:05:43.691179+00:00,XOF,10,10
2026-09-15T00:05:43.691179+00:00,ZAR,10,10
2026-09-15T00:05:43.691179+00:00,ZMW,10,10
2026-09-15T01:05:51.439816+00:00,AED,10,10
2026-09-15T01:05:51.439816+00:00,AFN,0,4
2026-09-15T01:05:51.439816+00:00,AMD,10,10
2026-09-15T01:05:51.439816+00:00,AOA,9,10
2026-09-15T01:05:51.439816+00:00,ARS,10,10
2026-09-15T01:05:51.439816+00:00,AZN,10,10
2026-09-15T01:05:51.439816+00:00,BDT,10,10
2026-09-15T01:05:51.439816+00:00,BND,5,8
2026-09-15T01:05:51.439816+00:00,BOB,10,10
2026-09-15T01:05:51.439816+00:00,BWP,2,7
2026-09-15T01:05:51.439816+00:00,CLP,10,10
2026-09-15T01:05:51.439816+00:00,COP,10,10
2026-09-15T01:05:51.439816+00:00,DZD,9,10
2026-09-15T01:05:51.439816+00:00,EGP,10,10
2026-09-15T01:05:51.439816+00:00,ETB,0,0
2026-09-15T01:05:51.439816+00:00,GEL,10,10
2026-09-15T01:05:51.439816+00:00,GHS,0,0
2026-09-15T01:05:51.439816+00:00,IDR,10,10
2026-09-15T01:05:51.439816+00:00,INR,10,10
2026-09-15T01:05:51.439816+00:00,IQD,10,10
2026-09-15T01:05:51.439816+00:00,JOD,10,10
2026-09-15T01:05:51.439816+00:00,KES,10,10
2026-09-15T01:05:51.439816+00:00,KHR,10,10
2026-09-15T01:05:51.439816+00:00,KWD,10,10
2026-09-15T01:05:51.439816+00:00,KZT,10,10
2026-09-15T01:05:51.439816+00:00,LAK,10,10
2026-09-15T01:05:51.439816+00:00,LBP,7,10
2026-09-15T01:05:51.439816+00:00,LKR,10,10
2026-09-15T01:05:51.439816+00:00,MAD,10,10
2026-09-15T01:05:51.439816+00:00,MNT,8,10
2026-09-15T01:05:51.439816+00:00,MXN,10,10
2026-09-15T01:05:51.439816+00:00,MZN,10,10
2026-09-15T01:05:51.439816+00:00,NGN,0,0
2026-09-15T01:05:51.439816+00:00,NGN,0,0
2026-09-15T01:05:51.439816+00:00,NPR,0,10
2026-09-15T01:05:51.439816+00:00,PEN,10,10
2026-09-15T01:05:51.439816+00:00,PHP,10,10
2026-09-15T01:05:51.439816+00:00,PKR,10,10
2026-09-15T01:05:51.439816+00:00,QAR,10,10
2026-09-15T01:05:51.439816+00:00,RWF,10,10
2026-09-15T01:05:51.439816+00:00,SAR,10,10
2026-09-15T01:05:51.439816+00:00,SDG,10,10
2026-09-15T01:05:51.439816+00:00,SYP,8,10
2026-09-15T01:05:51.439816+00:00,TND,10,10
2026-09-15T01:05:51.439816+00:00,TRY,10,10
2026-09-15T01:05:51.439816+00:00,TZS,10,10
2026-09-15T01:05:51.439816+00:00,UAH,10,10
2026-09-15T01:05:51.439816+00:00,UGX,10,10
2026-09-15T01:05:51.439816+00:00,VES,10,10
2026-09-15T01:05:51.439816+00:00,VND,10,10
2026-09-15T01:05:51.439816+00:00,XAF,10,10
2026-09-15T01:05:51.439816+00:00,XOF,10,10
2026-09-15T01:05:51.439816+00:00,ZAR,10,10
2026-09-15T01:05:51.439816+00:00,ZMW,10,10
2026-09-15T02:05:41.172461+00:00,AED,10,10
2026-09-15T02:05:41.172461+00:00,AFN,1,4
2026-09-15T02:05:41.172461+00:00,AMD,10,10
2026-09-15T02:05:41.172461+00:00,AOA,9,10
2026-09-15T02:05:41.172461+00:00,ARS,10,10
2026-09-15T02:05:41.172461+00:00,AZN,10,10
2026-09-15T02:05:41.172461+00:00,BDT,10,10
2026-09-15T02:05:41.172461+00:00,BND,5,9
2026-09-15T02:05:41.172461+00:00,BOB,10,10
2026-09-15T02:05:41.172461+00:00,BWP,2,7
2026-09-15T02:05:41.172461+00:00,CLP,10,10
2026-09-15T02:05:41.172461+00:00,COP,10,10
2026-09-15T02:05:41.172461+00:00,DZD,8,10
2026-09-15T02:05:41.172461+00:00,EGP,10,10
2026-09-15T02:05:41.172461+00:00,ETB,0,0
2026-09-15T02:05:41.172461+00:00,GEL,10,10
2026-09-15T02:05:41.172461+00:00,GHS,0,0
2026-09-15T02:05:41.172461+00:00,IDR,10,10
2026-09-15T02:05:41.172461+00:00,INR,10,10
2026-09-15T02:05:41.172461+00:00,IQD,10,10
2026-09-15T02:05:41.172461+00:00,JOD,10,10
2026-09-15T02:05:41.172461+00:00,KES,10,10
2026-09-15T02:05:41.172461+00:00,KHR,10,10
2026-09-15T02:05:41.172461+00:00,KWD,10,10
2026-09-15T02:05:41.172461+00:00,KZT,10,10
2026-09-15T02:05:41.172461+00:00,LAK,10,10
2026-09-15T02:05:41.172461+00:00,LBP,4,10
2026-09-15T02:05:41.172461+00:00,LKR,10,10
2026-09-15T02:05:41.172461+00:00,MAD,10,10
2026-09-15T02:05:41.172461+00:00,MNT,9,10
2026-09-15T02:05:41.172461+00:00,MXN,10,10
2026-09-15T02:05:41.172461+00:00,MZN,10,10
2026-09-15T02:05:41.172461+00:00,NGN,0,0
2026-09-15T02:05:41.172461+00:00,NGN,0,0
2026-09-15T02:05:41.172461+00:00,NPR,1,10
2026-09-15T02:05:41.172461+00:00,PEN,10,10
2026-09-15T02:05:41.172461+00:00,PHP,10,10
2026-09-15T02:05:41.172461+00:00,PKR,10,10
2026-09-15T02:05:41.172461+00:00,QAR,10,10
2026-09-15T02:05:41.172461+00:00,RWF,10,10
2026-09-15T02:05:41.172461+00:00,SAR,10,10
2026-09-15T02:05:41.172461+00:00,SDG,10,10
2026-09-15T02:05:41.172461+00:00,SYP,8,10
2026-09-15T02:05:41.172461+00:00,TND,10,10
2026-09-15T02:05:41.172461+00:00,TRY,10,10
2026-09-15T02:05:41.172461+00:00,TZS,10,10
2026-09-15T02:05:41.172461+00:00,UAH,10,10
2026-09-15T02:05:41.172461+00:00,UGX,10,10
2026-09-15T02:05:41.172461+00:00,VES,10,10
2026-09-15T02:05:41.172461+00:00,VND,10,10
2026-09-15T02:05:41.172461+00:00,XAF,10,10
2026-09-15T02:05:41.172461+00:00,XOF,10,10
2026-09-15T02:05:41.172461+00:00,ZAR,10,10
2026-09-15T02:05:41.172461+00:00,ZMW,10,10
2026-09-15T03:05:49.760191+00:00,AED,10,10
2026-09-15T03:05:49.760191+00:00,AFN,1,4
2026-09-15T03:05:49.760191+00:00,AMD,10,10
2026-09-15T03:05:49.760191+00:00,AOA,9,10
2026-09-15T03:05:49.760191+00:00,ARS,10,10
2026-09-15T03:05:49.760191+00:00,AZN,10,10
2026-09-15T03:05:49.760191+00:00,BDT,10,10
2026-09-15T03:05:49.760191+00:00,BND,6,10
2026-09-15T03:05:49.760191+00:00,BOB,10,10
2026-09-15T03:05:49.760191+00:00,BWP,2,7
2026-09-15T03:05:49.760191+00:00,CLP,10,10
2026-09-15T03:05:49.760191+00:00,COP,10,10
2026-09-15T03:05:49.760191+00:00,DZD,10,10
2026-09-15T03:05:49.760191+00:00,EGP,10,10
2026-09-15T03:05:49.760191+00:00,ETB,0,0
2026-09-15T03:05:49.760191+00:00,GEL,10,10
2026-09-15T03:05:49.760191+00:00,GHS,0,0
2026-09-15T03:05:49.760191+00:00,IDR,10,10
2026-09-15T03:05:49.760191+00:00,INR,10,10
2026-09-15T03:05:49.760191+00:00,IQD,10,10
2026-09-15T03:05:49.760191+00:00,JOD,10,10
2026-09-15T03:05:49.760191+00:00,KES,10,10
2026-09-15T03:05:49.760191+00:00,KHR,10,10
2026-09-15T03:05:49.760191+00:00,KWD,10,10
2026-09-15T03:05:49.760191+00:00,KZT,10,10
2026-09-15T03:05:49.760191+00:00,LAK,10,10
2026-09-15T03:05:49.760191+00:00,LBP,3,10
2026-09-15T03:05:49.760191+00:00,LKR,10,10
2026-09-15T03:05:49.760191+00:00,MAD,10,10
2026-09-15T03:05:49.760191+00:00,MNT,10,10
2026-09-15T03:05:49.760191+00:00,MXN,10,10
2026-09-15T03:05:49.760191+00:00,MZN,10,10
2026-09-15T03:05:49.760191+00:00,NGN,0,0
2026-09-15T03:05:49.760191+00:00,NGN,0,0
2026-09-15T03:05:49.760191+00:00,NPR,1,10
2026-09-15T03:05:49.760191+00:00,PEN,10,10
2026-09-15T03:05:49.760191+00:00,PHP,10,10
2026-09-15T03:05:49.760191+00:00,PKR,10,10
2026-09-15T03:05:49.760191+00:00,QAR,10,10
2026-09-15T03:05:49.760191+00:00,RWF,10,10
2026-09-15T03:05:49.760191+00:00,SAR,10,10
2026-09-15T03:05:49.760191+00:00,SDG,10,10
2026-09-15T03:05:49.760191+00:00,SYP,7,10
2026-09-15T03:05:49.760191+00:00,TND,10,10
2026-09-15T03:05:49.760191+00:00,TRY,10,10
2026-09-15T03:05:49.760191+00:00,TZS,10,10
2026-09-15T03:05:49.760191+00:00,UAH,10,10
2026-09-15T03:05:49.760191+00:00,UGX,10,10
2026-09-15T03:05:49.760191+00:00,VES,10,10
2026-09-15T03:05:49.760191+00:00,VND,10,10
2026-09-15T03:05:49.760191+00:00,XAF,10,10
2026-09-15T03:05:49.760191+00:00,XOF,10,10
2026-09-15T03:05:49.760191+00:00,ZAR,10,10
2026-09-15T03:05:49.760191+00:00,ZMW,10,10
2026-09-15T04:05:43.551569+00:00,AED,10,10
2026-09-15T04:05:43.551569+00:00,AFN,2,5
2026-09-15T04:05:43.551569+00:00,AMD,10,10
2026-09-15T04:05:43.551569+00:00,AOA,10,10
2026-09-15T04:05:43.551569+00:00,ARS,10,10
2026-09-15T04:05:43.551569+00:00,AZN,10,10
2026-09-15T04:05:43.551569+00:00,BDT,10,10
2026-09-15T04:05:43.551569+00:00,BND,7,10
2026-09-15T04:05:43.551569+00:00,BOB,10,10
2026-09-15T04:05:43.551569+00:00,BWP,2,7
2026-09-15T04:05:43.551569+00:00,CLP,10,10
2026-09-15T04:05:43.551569+00:00,COP,10,10
2026-09-15T04:05:43.551569+00:00,DZD,10,10
2026-09-15T04:05:43.551569+00:00,EGP,10,10
2026-09-15T04:05:43.551569+00:00,ETB,0,0
2026-09-15T04:05:43.551569+00:00,GEL,10,10
2026-09-15T04:05:43.551569+00:00,GHS,0,0
2026-09-15T04:05:43.551569+00:00,IDR,10,10
2026-09-15T04:05:43.551569+00:00,INR,10,10
2026-09-15T04:05:43.551569+00:00,IQD,10,10
2026-09-15T04:05:43.551569+00:00,JOD,10,10
2026-09-15T04:05:43.551569+00:00,KES,10,10
2026-09-15T04:05:43.551569+00:00,KHR,10,10
2026-09-15T04:05:43.551569+00:00,KWD,10,10
2026-09-15T04:05:43.551569+00:00,KZT,10,10
2026-09-15T04:05:43.551569+00:00,LAK,10,10
2026-09-15T04:05:43.551569+00:00,LBP,7,10
2026-09-15T04:05:43.551569+00:00,LKR,10,10
2026-09-15T04:05:43.551569+00:00,MAD,10,10
2026-09-15T04:05:43.551569+00:00,MNT,9,10
2026-09-15T04:05:43.551569+00:00,MXN,10,10
2026-09-15T04:05:43.551569+00:00,MZN,10,10
2026-09-15T04:05:43.551569+00:00,NGN,0,0
2026-09-15T04:05:43.551569+00:00,NGN,0,0
2026-09-15T04:05:43.551569+00:00,NPR,1,10
2026-09-15T04:05:43.551569+00:00,PEN,10,10
2026-09-15T04:05:43.551569+00:00,PHP,10,10
2026-09-15T04:05:43.551569+00:00,PKR,10,10
2026-09-15T04:05:43.551569+00:00,QAR,10,10
2026-09-15T04:05:43.551569+00:00,RWF,10,10
2026-09-15T04:05:43.551569+00:00,SAR,10,10
2026-09-15T04:05:43.551569+00:00,SDG,10,10
2026-09-15T04:05:43.551569+00:00,SYP,7,10
2026-09-15T04:05:43.551569+00:00,TND,10,10
2026-09-15T04:05:43.551569+00:00,TRY,10,10
2026-09-15T04:05:43.551569+00:00,TZS,10,10
2026-09-15T04:05:43.551569+00:00,UAH,10,10
2026-09-15T04:05:43.551569+00:00,UGX,10,10
2026-09-15T04:05:43.551569+00:00,VES,10,10
2026-09-15T04:05:43.551569+00:00,VND,10,10
2026-09-15T04:05:43.551569+00:00,XAF,10,10
2026-09-15T04:05:43.551569+00:00,XOF,10,10
2026-09-15T04:05:43.551569+00:00,ZAR,10,10
2026-09-15T04:05:43.551569+00:00,ZMW,10,10
2026-09-15T05:05:38.531427+00:00,AED,10,10
2026-09-15T05:05:38.531427+00:00,AFN,3,7
2026-09-15T05:05:38.531427+00:00,AMD,10,10
2026-09-15T05:05:38.531427+00:00,AOA,10,10
2026-09-15T05:05:38.531427+00:00,ARS,10,10
2026-09-15T05:05:38.531427+00:00,AZN,10,10
2026-09-15T05:05:38.531427+00:00,BDT,10,10
2026-09-15T05:05:38.531427+00:00,BND,7,10
2026-09-15T05:05:38.531427+00:00,BOB,10,10
2026-09-15T05:05:38.531427+00:00,BWP,2,9
2026-09-15T05:05:38.531427+00:00,CLP,10,10
2026-09-15T05:05:38.531427+00:00,COP,10,10
2026-09-15T05:05:38.531427+00:00,DZD,10,10
2026-09-15T05:05:38.531427+00:00,EGP,10,10
2026-09-15T05:05:38.531427+00:00,ETB,0,0
2026-09-15T05:05:38.531427+00:00,GEL,10,10
2026-09-15T05:05:38.531427+00:00,GHS,0,0
2026-09-15T05:05:38.531427+00:00,IDR,10,10
2026-09-15T05:05:38.531427+00:00,INR,10,10
2026-09-15T05:05:38.531427+00:00,IQD,10,10
2026-09-15T05:05:38.531427+00:00,JOD,10,10
2026-09-15T05:05:38.531427+00:00,KES,10,10
2026-09-15T05:05:38.531427+00:00,KHR,10,10
2026-09-15T05:05:38.531427+00:00,KWD,10,10
2026-09-15T05:05:38.531427+00:00,KZT,10,10
2026-09-15T05:05:38.531427+00:00,LAK,10,10
2026-09-15T05:05:38.531427+00:00,LBP,10,10
2026-09-15T05:05:38.531427+00:00,LKR,10,10
2026-09-15T05:05:38.531427+00:00,MAD,10,10
2026-09-15T05:05:38.531427+00:00,MNT,10,10
2026-09-15T05:05:38.531427+00:00,MXN,10,10
2026-09-15T05:05:38.531427+00:00,MZN,10,10
2026-09-15T05:05:38.531427+00:00,NGN,0,0
2026-09-15T05:05:38.531427+00:00,NGN,0,0
2026-09-15T05:05:38.531427+00:00,NPR,1,10
2026-09-15T05:05:38.531427+00:00,PEN,10,10
2026-09-15T05:05:38.531427+00:00,PHP,10,10
2026-09-15T05:05:38.531427+00:00,PKR,10,10
2026-09-15T05:05:38.531427+00:00,QAR,10,10
2026-09-15T05:05:38.531427+00:00,RWF,10,10
2026-09-15T05:05:38.531427+00:00,SAR,10,10
2026-09-15T05:05:38.531427+00:00,SDG,10,10
2026-09-15T05:05:38.531427+00:00,SYP,7,10
2026-09-15T05:05:38.531427+00:00,TND,10,10
2026-09-15T05:05:38.531427+00:00,TRY,10,10
2026-09-15T05:05:38.531427+00:00,TZS,10,10
2026-09-15T05:05:38.531427+00:00,UAH,10,10
2026-09-15T05:05:38.531427+00:00,UGX,10,10
2026-09-15T05:05:38.531427+00:00,VES,10,10
2026-09-15T05:05:38.531427+00:00,VND,10,10
2026-09-15T05:05:38.531427+00:00,XAF,10,10
2026-09-15T05:05:38.531427+00:00,XOF,10,10
2026-09-15T05:05:38.531427+00:00,ZAR,10,10
2026-09-15T05:05:38.531427+00:00,ZMW,10,10
2026-09-15T06:05:36.793925+00:00,AED,10,10
2026-09-15T06:05:36.793925+00:00,AFN,3,6
2026-09-15T06:05:36.793925+00:00,AMD,10,10
2026-09-15T06:05:36.793925+00:00,AOA,10,10
2026-09-15T06:05:36.793925+00:00,ARS,10,10
2026-09-15T06:05:36.793925+00:00,AZN,10,10
2026-09-15T06:05:36.793925+00:00,BDT,10,10
2026-09-15T06:05:36.793925+00:00,BND,8,10
2026-09-15T06:05:36.793925+00:00,BOB,10,10
2026-09-15T06:05:36.793925+00:00,BWP,2,9
2026-09-15T06:05:36.793925+00:00,CLP,10,10
2026-09-15T06:05:36.793925+00:00,COP,10,10
2026-09-15T06:05:36.793925+00:00,DZD,10,10
2026-09-15T06:05:36.793925+00:00,EGP,10,10
2026-09-15T06:05:36.793925+00:00,ETB,0,0
2026-09-15T06:05:36.793925+00:00,GEL,10,10
2026-09-15T06:05:36.793925+00:00,GHS,0,0
2026-09-15T06:05:36.793925+00:00,IDR,10,10
2026-09-15T06:05:36.793925+00:00,INR,10,10
2026-09-15T06:05:36.793925+00:00,IQD,10,10
2026-09-15T06:05:36.793925+00:00,JOD,10,10
2026-09-15T06:05:36.793925+00:00,KES,10,10
2026-09-15T06:05:36.793925+00:00,KHR,10,10
2026-09-15T06:05:36.793925+00:00,KWD,10,10
2026-09-15T06:05:36.793925+00:00,KZT,10,10
2026-09-15T06:05:36.793925+00:00,LAK,10,10
2026-09-15T06:05:36.793925+00:00,LBP,10,10
2026-09-15T06:05:36.793925+00:00,LKR,10,10
2026-09-15T06:05:36.793925+00:00,MAD,10,10
2026-09-15T06:05:36.793925+00:00,MNT,10,10
2026-09-15T06:05:36.793925+00:00,MXN,10,10
2026-09-15T06:05:36.793925+00:00,MZN,10,10
2026-09-15T06:05:36.793925+00:00,NGN,0,0
2026-09-15T06:05:36.793925+00:00,NGN,0,0
2026-09-15T06:05:36.793925+00:00,NPR,2,10
2026-09-15T06:05:36.793925+00:00,PEN,10,10
2026-09-15T06:05:36.793925+00:00,PHP,10,10
2026-09-15T06:05:36.793925+00:00,PKR,10,10
2026-09-15T06:05:36.793925+00:00,QAR,10,10
2026-09-15T06:05:36.793925+00:00,RWF,10,10
2026-09-15T06:05:36.793925+00:00,SAR,10,10
2026-09-15T06:05:36.793925+00:00,SDG,10,10
2026-09-15T06:05:36.793925+00:00,SYP,8,10
2026-09-15T06:05:36.793925+00:00,TND,10,10
2026-09-15T06:05:36.793925+00:00,TRY,10,10
2026-09-15T06:05:36.793925+00:00,TZS,10,10
2026-09-15T06:05:36.793925+00:00,UAH,10,10
2026-09-15T06:05:36.793925+00:00,UGX,10,10
2026-09-15T06:05:36.793925+00:00,VES,10,10
2026-09-15T06:05:36.793925+00:00,VND,10,10
2026-09-15T06:05:36.793925+00:00,XAF,10,10
2026-09-15T06:05:36.793925+00:00,XOF,10,10
2026-09-15T06:05:36.793925+00:00,ZAR,10,10
2026-09-15T06:05:36.793925+00:00,ZMW,10,10
2026-09-15T07:05:41.789363+00:00,AED,10,10
2026-09-15T07:05:41.789363+00:00,AFN,3,6
2026-09-15T07:05:41.789363+00:00,AMD,10,10
2026-09-15T07:05:41.789363+00:00,AOA,9,10
2026-09-15T07:05:41.789363+00:00,ARS,10,10
2026-09-15T07:05:41.789363+00:00,AZN,10,10
2026-09-15T07:05:41.789363+00:00,BDT,10,10
2026-09-15T07:05:41.789363+00:00,BND,6,10
2026-09-15T07:05:41.789363+00:00,BOB,10,10
2026-09-15T07:05:41.789363+00:00,BWP,2,9
2026-09-15T07:05:41.789363+00:00,CLP,10,10
2026-09-15T07:05:41.789363+00:00,COP,10,10
2026-09-15T07:05:41.789363+00:00,DZD,10,10
2026-09-15T07:05:41.789363+00:00,EGP,10,10
2026-09-15T07:05:41.789363+00:00,ETB,0,0
2026-09-15T07:05:41.789363+00:00,GEL,10,10
2026-09-15T07:05:41.789363+00:00,GHS,0,0
2026-09-15T07:05:41.789363+00:00,IDR,10,10
2026-09-15T07:05:41.789363+00:00,INR,10,10
2026-09-15T07:05:41.789363+00:00,IQD,10,10
2026-09-15T07:05:41.789363+00:00,JOD,10,10
2026-09-15T07:05:41.789363+00:00,KES,10,10
2026-09-15T07:05:41.789363+00:00,KHR,10,10
2026-09-15T07:05:41.789363+00:00,KWD,10,10
2026-09-15T07:05:41.789363+00:00,KZT,10,10
2026-09-15T07:05:41.789363+00:00,LAK,10,10
2026-09-15T07:05:41.789363+00:00,LBP,10,10
2026-09-15T07:05:41.789363+00:00,LKR,10,10
2026-09-15T07:05:41.789363+00:00,MAD,10,10
2026-09-15T07:05:41.789363+00:00,MNT,10,10
2026-09-15T07:05:41.789363+00:00,MXN,10,10
2026-09-15T07:05:41.789363+00:00,MZN,10,10
2026-09-15T07:05:41.789363+00:00,NGN,0,0
2026-09-15T07:05:41.789363+00:00,NGN,0,0
2026-09-15T07:05:41.789363+00:00,NPR,2,10
2026-09-15T07:05:41.789363+00:00,PEN,10,10
2026-09-15T07:05:41.789363+00:00,PHP,10,10
2026-09-15T07:05:41.789363+00:00,PKR,10,10
2026-09-15T07:05:41.789363+00:00,QAR,10,10
2026-09-15T07:05:41.789363+00:00,RWF,10,10
2026-09-15T07:05:41.789363+00:00,SAR,10,10
2026-09-15T07:05:41.789363+00:00,SDG,10,10
2026-09-15T07:05:41.789363+00:00,SYP,10,10
2026-09-15T07:05:41.789363+00:00,TND,10,10
2026-09-15T07:05:41.789363+00:00,TRY,10,10
2026-09-15T07:05:41.789363+00:00,TZS,10,10
2026-09-15T07:05:41.789363+00:00,UAH,10,10
2026-09-15T07:05:41.789363+00:00,UGX,10,10
2026-09-15T07:05:41.789363+00:00,VES,10,10
2026-09-15T07:05:41.789363+00:00,VND,10,10
2026-09-15T07:05:41.789363+00:00,XAF,10,10
2026-09-15T07:05:41.789363+00:00,XOF,10,10
2026-09-15T07:05:41.789363+00:00,ZAR,10,10
2026-09-15T07:05:41.789363+00:00,ZMW,10,10
2026-09-15T08:05:37.650917+00:00,AED,10,10
2026-09-15T08:05:37.650917+00:00,AFN,2,6
2026-09-15T08:05:37.650917+00:00,AMD,10,10
2026-09-15T08:05:37.650917+00:00,AOA,9,10
2026-09-15T08:05:37.650917+00:00,ARS,10,10
2026-09-15T08:05:37.650917+00:00,AZN,10,10
2026-09-15T08:05:37.650917+00:00,BDT,10,10
2026-09-15T08:05:37.650917+00:00,BND,10,10
2026-09-15T08:05:37.650917+00:00,BOB,10,10
2026-09-15T08:05:37.650917+00:00,BWP,2,9
2026-09-15T08:05:37.650917+00:00,CLP,10,10
2026-09-15T08:05:37.650917+00:00,COP,10,10
2026-09-15T08:05:37.650917+00:00,DZD,10,10
2026-09-15T08:05:37.650917+00:00,EGP,10,10
2026-09-15T08:05:37.650917+00:00,ETB,0,0
2026-09-15T08:05:37.650917+00:00,GEL,10,10
2026-09-15T08:05:37.650917+00:00,GHS,0,0
2026-09-15T08:05:37.650917+00:00,IDR,10,10
2026-09-15T08:05:37.650917+00:00,INR,10,10
2026-09-15T08:05:37.650917+00:00,IQD,10,10
2026-09-15T08:05:37.650917+00:00,JOD,10,10
2026-09-15T08:05:37.650917+00:00,KES,10,10
2026-09-15T08:05:37.650917+00:00,KHR,10,10
2026-09-15T08:05:37.650917+00:00,KWD,10,10
2026-09-15T08:05:37.650917+00:00,KZT,10,10
2026-09-15T08:05:37.650917+00:00,LAK,10,10
2026-09-15T08:05:37.650917+00:00,LBP,10,10
2026-09-15T08:05:37.650917+00:00,LKR,10,10
2026-09-15T08:05:37.650917+00:00,MAD,10,10
2026-09-15T08:05:37.650917+00:00,MNT,10,10
2026-09-15T08:05:37.650917+00:00,MXN,10,10
2026-09-15T08:05:37.650917+00:00,MZN,10,10
2026-09-15T08:05:37.650917+00:00,NGN,0,0
2026-09-15T08:05:37.650917+00:00,NGN,0,0
2026-09-15T08:05:37.650917+00:00,NPR,2,10
2026-09-15T08:05:37.650917+00:00,PEN,10,10
2026-09-15T08:05:37.650917+00:00,PHP,10,10
2026-09-15T08:05:37.650917+00:00,PKR,10,10
2026-09-15T08:05:37.650917+00:00,QAR,10,10
2026-09-15T08:05:37.650917+00:00,RWF,10,10
2026-09-15T08:05:37.650917+00:00,SAR,10,10
2026-09-15T08:05:37.650917+00:00,SDG,10,10
2026-09-15T08:05:37.650917+00:00,SYP,10,10
2026-09-15T08:05:37.650917+00:00,TND,10,10
2026-09-15T08:05:37.650917+00:00,TRY,10,10
2026-09-15T08:05:37.650917+00:00,TZS,10,10
2026-09-15T08:05:37.650917+00:00,UAH,10,10
2026-09-15T08:05:37.650917+00:00,UGX,10,10
2026-09-15T08:05:37.650917+00:00,VES,10,10
2026-09-15T08:05:37.650917+00:00,VND,10,10
2026-09-15T08:05:37.650917+00:00,XAF,10,10
2026-09-15T08:05:37.650917+00:00,XOF,10,10
2026-09-15T08:05:37.650917+00:00,ZAR,10,10
2026-09-15T08:05:37.650917+00:00,ZMW,10,10
2026-09-15T09:05:37.316148+00:00,AED,10,10
2026-09-15T09:05:37.316148+00:00,AFN,2,6
2026-09-15T09:05:37.316148+00:00,AMD,10,10
2026-09-15T09:05:37.316148+00:00,AOA,7,10
2026-09-15T09:05:37.316148+00:00,ARS,10,10
2026-09-15T09:05:37.316148+00:00,AZN,10,10
2026-09-15T09:05:37.316148+00:00,BDT,10,10
2026-09-15T09:05:37.316148+00:00,BND,10,10
2026-09-15T09:05:37.316148+00:00,BOB,10,10
2026-09-15T09:05:37.316148+00:00,BWP,2,10
2026-09-15T09:05:37.316148+00:00,CLP,10,10
2026-09-15T09:05:37.316148+00:00,COP,10,10
2026-09-15T09:05:37.316148+00:00,DZD,10,10
2026-09-15T09:05:37.316148+00:00,EGP,10,10
2026-09-15T09:05:37.316148+00:00,ETB,0,0
2026-09-15T09:05:37.316148+00:00,GEL,10,10
2026-09-15T09:05:37.316148+00:00,GHS,0,0
2026-09-15T09:05:37.316148+00:00,IDR,10,10
2026-09-15T09:05:37.316148+00:00,INR,10,10
2026-09-15T09:05:37.316148+00:00,IQD,10,10
2026-09-15T09:05:37.316148+00:00,JOD,10,10
2026-09-15T09:05:37.316148+00:00,KES,10,10
2026-09-15T09:05:37.316148+00:00,KHR,10,10
2026-09-15T09:05:37.316148+00:00,KWD,10,10
2026-09-15T09:05:37.316148+00:00,KZT,10,10
2026-09-15T09:05:37.316148+00:00,LAK,10,10
2026-09-15T09:05:37.316148+00:00,LBP,10,10
2026-09-15T09:05:37.316148+00:00,LKR,10,10
2026-09-15T09:05:37.316148+00:00,MAD,10,10
2026-09-15T09:05:37.316148+00:00,MNT,10,10
2026-09-15T09:05:37.316148+00:00,MXN,10,10
2026-09-15T09:05:37.316148+00:00,MZN,10,10
2026-09-15T09:05:37.316148+00:00,NGN,0,0
2026-09-15T09:05:37.316148+00:00,NGN,0,0
2026-09-15T09:05:37.316148+00:00,NPR,2,10
2026-09-15T09:05:37.316148+00:00,PEN,10,10
2026-09-15T09:05:37.316148+00:00,PHP,10,10
2026-09-15T09:05:37.316148+00:00,PKR,10,10
2026-09-15T09:05:37.316148+00:00,QAR,10,10
2026-09-15T09:05:37.316148+00:00,RWF,10,10
2026-09-15T09:05:37.316148+00:00,SAR,10,10
2026-09-15T09:05:37.316148+00:00,SDG,10,10
2026-09-15T09:05:37.316148+00:00,SYP,10,10
2026-09-15T09:05:37.316148+00:00,TND,10,10
2026-09-15T09:05:37.316148+00:00,TRY,10,10
2026-09-15T09:05:37.316148+00:00,TZS,10,10
2026-09-15T09:05:37.316148+00:00,UAH,10,10
2026-09-15T09:05:37.316148+00:00,UGX,10,10
2026-09-15T09:05:37.316148+00:00,VES,10,10
2026-09-15T09:05:37.316148+00:00,VND,10,10
2026-09-15T09:05:37.316148+00:00,XAF,10,10
2026-09-15T09:05:37.316148+00:00,XOF,10,10
2026-09-15T09:05:37.316148+00:00,ZAR,10,10
2026-09-15T09:05:37.316148+00:00,ZMW,10,10
2026-09-15T10:05:38.922378+00:00,AED,10,10
2026-09-15T10:05:38.922378+00:00,AFN,2,7
2026-09-15T10:05:38.922378+00:00,AMD,10,10
2026-09-15T10:05:38.922378+00:00,AOA,8,10
2026-09-15T10:05:38.922378+00:00,ARS,10,10
2026-09-15T10:05:38.922378+00:00,AZN,10,10
2026-09-15T10:05:38.922378+00:00,BDT,10,10
2026-09-15T10:05:38.922378+00:00,BND,9,10
2026-09-15T10:05:38.922378+00:00,BOB,10,10
2026-09-15T10:05:38.922378+00:00,BWP,2,10
2026-09-15T10:05:38.922378+00:00,CLP,10,10
2026-09-15T10:05:38.922378+00:00,COP,10,10
2026-09-15T10:05:38.922378+00:00,DZD,10,10
2026-09-15T10:05:38.922378+00:00,EGP,10,10
2026-09-15T10:05:38.922378+00:00,ETB,0,0
2026-09-15T10:05:38.922378+00:00,GEL,10,10
2026-09-15T10:05:38.922378+00:00,GHS,0,0
2026-09-15T10:05:38.922378+00:00,IDR,10,10
2026-09-15T10:05:38.922378+00:00,INR,10,10
2026-09-15T10:05:38.922378+00:00,IQD,10,10
2026-09-15T10:05:38.922378+00:00,JOD,10,10
2026-09-15T10:05:38.922378+00:00,KES,10,10
2026-09-15T10:05:38.922378+00:00,KHR,10,10
2026-09-15T10:05:38.922378+00:00,KWD,10,10
2026-09-15T10:05:38.922378+00:00,KZT,10,10
2026-09-15T10:05:38.922378+00:00,LAK,10,10
2026-09-15T10:05:38.922378+00:00,LBP,10,10
2026-09-15T10:05:38.922378+00:00,LKR,10,10
2026-09-15T10:05:38.922378+00:00,MAD,10,10
2026-09-15T10:05:38.922378+00:00,MNT,10,10
2026-09-15T10:05:38.922378+00:00,MXN,10,10
2026-09-15T10:05:38.922378+00:00,MZN,10,10
2026-09-15T10:05:38.922378+00:00,NGN,0,0
2026-09-15T10:05:38.922378+00:00,NGN,0,0
2026-09-15T10:05:38.922378+00:00,NPR,2,10
2026-09-15T10:05:38.922378+00:00,PEN,10,10
2026-09-15T10:05:38.922378+00:00,PHP,10,10
2026-09-15T10:05:38.922378+00:00,PKR,10,10
2026-09-15T10:05:38.922378+00:00,QAR,10,10
2026-09-15T10:05:38.922378+00:00,RWF,10,10
2026-09-15T10:05:38.922378+00:00,SAR,10,10
2026-09-15T10:05:38.922378+00:00,SDG,10,10
2026-09-15T10:05:38.922378+00:00,SYP,10,10
2026-09-15T10:05:38.922378+00:00,TND,10,10
2026-09-15T10:05:38.922378+00:00,TRY,10,10
2026-09-15T10:05:38.922378+00:00,TZS,10,10
2026-09-15T10:05:38.922378+00:00,UAH,10,10
2026-09-15T10:05:38.922378+00:00,UGX,10,10
2026-09-15T10:05:38.922378+00:00,VES,10,10
2026-09-15T10:05:38.922378+00:00,VND,10,10
2026-09-15T10:05:38.922378+00:00,XAF,10,10
2026-09-15T10:05:38.922378+00:00,XOF,10,10
2026-09-15T10:05:38.922378+00:00,ZAR,10,10
2026-09-15T10:05:38.922378+00:00,ZMW,10,10
2026-09-15T11:05:41.734029+00:00,AED,10,10
2026-09-15T11:05:41.734029+00:00,AFN,2,6
2026-09-15T11:05:41.734029+00:00,AMD,10,10
2026-09-15T11:05:41.734029+00:00,AOA,9,10
2026-09-15T11:05:41.734029+00:00,ARS,10,10
2026-09-15T11:05:41.734029+00:00,AZN,10,10
2026-09-15T11:05:41.734029+00:00,BDT,10,10
2026-09-15T11:05:41.734029+00:00,BND,9,10
2026-09-15T11:05:41.734029+00:00,BOB,10,10
2026-09-15T11:05:41.734029+00:00,BWP,2,10
2026-09-15T11:05:41.734029+00:00,CLP,10,10
2026-09-15T11:05:41.734029+00:00,COP,10,10
2026-09-15T11:05:41.734029+00:00,DZD,10,10
2026-09-15T11:05:41.734029+00:00,EGP,10,10
2026-09-15T11:05:41.734029+00:00,ETB,0,0
2026-09-15T11:05:41.734029+00:00,GEL,10,10
2026-09-15T11:05:41.734029+00:00,GHS,0,0
2026-09-15T11:05:41.734029+00:00,IDR,10,10
2026-09-15T11:05:41.734029+00:00,INR,10,10
2026-09-15T11:05:41.734029+00:00,IQD,10,10
2026-09-15T11:05:41.734029+00:00,JOD,10,10
2026-09-15T11:05:41.734029+00:00,KES,10,10
2026-09-15T11:05:41.734029+00:00,KHR,10,10
2026-09-15T11:05:41.734029+00:00,KWD,10,10
2026-09-15T11:05:41.734029+00:00,KZT,10,10
2026-09-15T11:05:41.734029+00:00,LAK,10,10
2026-09-15T11:05:41.734029+00:00,LBP,10,10
2026-09-15T11:05:41.734029+00:00,LKR,10,10
2026-09-15T11:05:41.734029+00:00,MAD,10,10
2026-09-15T11:05:41.734029+00:00,MNT,10,10
2026-09-15T11:05:41.734029+00:00,MXN,10,10
2026-09-15T11:05:41.734029+00:00,MZN,10,10
2026-09-15T11:05:41.734029+00:00,NGN,0,0
2026-09-15T11:05:41.734029+00:00,NGN,0,0
2026-09-15T11:05:41.734029+00:00,NPR,2,10
2026-09-15T11:05:41.734029+00:00,PEN,10,10
2026-09-15T11:05:41.734029+00:00,PHP,10,10
2026-09-15T11:05:41.734029+00:00,PKR,10,10
2026-09-15T11:05:41.734029+00:00,QAR,10,10
2026-09-15T11:05:41.734029+00:00,RWF,10,10
2026-09-15T11:05:41.734029+00:00,SAR,10,10
2026-09-15T11:05:41.734029+00:00,SDG,10,10
2026-09-15T11:05:41.734029+00:00,SYP,10,10
2026-09-15T11:05:41.734029+00:00,TND,10,10
2026-09-15T11:05:41.734029+00:00,TRY,10,10
2026-09-15T11:05:41.734029+00:00,TZS,10,10
2026-09-15T11:05:41.734029+00:00,UAH,10,10
2026-09-15T11:05:41.734029+00:00,UGX,10,10
2026-09-15T11:05:41.734029+00:00,VES,10,10
2026-09-15T11:05:41.734029+00:00,VND,10,10
2026-09-15T11:05:41.734029+00:00,XAF,10,10
2026-09-15T11:05:41.734029+00:00,XOF,10,10
2026-09-15T11:05:41.734029+00:00,ZAR,10,10
2026-09-15T11:05:41.734029+00:00,ZMW,10,10
2026-09-15T12:05:43.431588+00:00,AED,10,10
2026-09-15T12:05:43.431588+00:00,AFN,2,6
2026-09-15T12:05:43.431588+00:00,AMD,10,10
2026-09-15T12:05:43.431588+00:00,AOA,8,10
2026-09-15T12:05:43.431588+00:00,ARS,10,10
2026-09-15T12:05:43.431588+00:00,AZN,10,10
2026-09-15T12:05:43.431588+00:00,BDT,10,10
2026-09-15T12:05:43.431588+00:00,BND,8,10
2026-09-15T12:05:43.431588+00:00,BOB,10,10
2026-09-15T12:05:43.431588+00:00,BWP,2,10
2026-09-15T12:05:43.431588+00:00,CLP,10,10
2026-09-15T12:05:43.431588+00:00,COP,10,10
2026-09-15T12:05:43.431588+00:00,DZD,10,10
2026-09-15T12:05:43.431588+00:00,EGP,10,10
2026-09-15T12:05:43.431588+00:00,ETB,0,0
2026-09-15T12:05:43.431588+00:00,GEL,10,10
2026-09-15T12:05:43.431588+00:00,GHS,0,0
2026-09-15T12:05:43.431588+00:00,IDR,10,10
2026-09-15T12:05:43.431588+00:00,INR,10,10
2026-09-15T12:05:43.431588+00:00,IQD,10,10
2026-09-15T12:05:43.431588+00:00,JOD,10,10
2026-09-15T12:05:43.431588+00:00,KES,10,10
2026-09-15T12:05:43.431588+00:00,KHR,10,10
2026-09-15T12:05:43.431588+00:00,KWD,10,10
2026-09-15T12:05:43.431588+00:00,KZT,10,10
2026-09-15T12:05:43.431588+00:00,LAK,10,10
2026-09-15T12:05:43.431588+00:00,LBP,10,10
2026-09-15T12:05:43.431588+00:00,LKR,10,10
2026-09-15T12:05:43.431588+00:00,MAD,10,10
2026-09-15T12:05:43.431588+00:00,MNT,10,10
2026-09-15T12:05:43.431588+00:00,MXN,10,10
2026-09-15T12:05:43.431588+00:00,MZN,10,10
2026-09-15T12:05:43.431588+00:00,NGN,0,0
2026-09-15T12:05:43.431588+00:00,NGN,0,0
2026-09-15T12:05:43.431588+00:00,NPR,3,10
2026-09-15T12:05:43.431588+00:00,PEN,10,10
2026-09-15T12:05:43.431588+00:00,PHP,10,10
2026-09-15T12:05:43.431588+00:00,PKR,10,10
2026-09-15T12:05:43.431588+00:00,QAR,10,10
2026-09-15T12:05:43.431588+00:00,RWF,10,10
2026-09-15T12:05:43.431588+00:00,SAR,10,10
2026-09-15T12:05:43.431588+00:00,SDG,10,10
2026-09-15T12:05:43.431588+00:00,SYP,10,10
2026-09-15T12:05:43.431588+00:00,TND,10,10
2026-09-15T12:05:43.431588+00:00,TRY,10,10
2026-09-15T12:05:43.431588+00:00,TZS,10,10
2026-09-15T12:05:43.431588+00:00,UAH,10,10
2026-09-15T12:05:43.431588+00:00,UGX,10,10
2026-09-15T12:05:43.431588+00:00,VES,10,10
2026-09-15T12:05:43.431588+00:00,VND,10,10
2026-09-15T12:05:43.431588+00:00,XAF,10,10
2026-09-15T12:05:43.431588+00:00,XOF,10,10
2026-09-15T12:05:43.431588+00:00,ZAR,10,10
2026-09-15T12:05:43.431588+00:00,ZMW,9,10
2026-09-15T13:05:39.599590+00:00,AED,10,10
2026-09-15T13:05:39.599590+00:00,AFN,3,6
2026-09-15T13:05:39.599590+00:00,AMD,10,10
2026-09-15T13:05:39.599590+00:00,AOA,10,10
2026-09-15T13:05:39.599590+00:00,ARS,10,10
2026-09-15T13:05:39.599590+00:00,AZN,10,10
2026-09-15T13:05:39.599590+00:00,BDT,10,10
2026-09-15T13:05:39.599590+00:00,BND,6,10
2026-09-15T13:05:39.599590+00:00,BOB,10,10
2026-09-15T13:05:39.599590+00:00,BWP,2,10
2026-09-15T13:05:39.599590+00:00,CLP,10,10
2026-09-15T13:05:39.599590+00:00,COP,10,10
2026-09-15T13:05:39.599590+00:00,DZD,10,10
2026-09-15T13:05:39.599590+00:00,EGP,10,10
2026-09-15T13:05:39.599590+00:00,ETB,0,0
2026-09-15T13:05:39.599590+00:00,GEL,10,10
2026-09-15T13:05:39.599590+00:00,GHS,0,0
2026-09-15T13:05:39.599590+00:00,IDR,10,10
2026-09-15T13:05:39.599590+00:00,INR,10,10
2026-09-15T13:05:39.599590+00:00,IQD,10,10
2026-09-15T13:05:39.599590+00:00,JOD,10,10
2026-09-15T13:05:39.599590+00:00,KES,10,10
2026-09-15T13:05:39.599590+00:00,KHR,10,10
2026-09-15T13:05:39.599590+00:00,KWD,10,10
2026-09-15T13:05:39.599590+00:00,KZT,10,10
2026-09-15T13:05:39.599590+00:00,LAK,10,10
2026-09-15T13:05:39.599590+00:00,LBP,10,10
2026-09-15T13:05:39.599590+00:00,LKR,10,10
2026-09-15T13:05:39.599590+00:00,MAD,10,10
2026-09-15T13:05:39.599590+00:00,MNT,10,10
2026-09-15T13:05:39.599590+00:00,MXN,10,10
2026-09-15T13:05:39.599590+00:00,MZN,10,10
2026-09-15T13:05:39.599590+00:00,NGN,0,0
2026-09-15T13:05:39.599590+00:00,NGN,0,0
2026-09-15T13:05:39.599590+00:00,NPR,3,10
2026-09-15T13:05:39.599590+00:00,PEN,10,10
2026-09-15T13:05:39.599590+00:00,PHP,10,10
2026-09-15T13:05:39.599590+00:00,PKR,10,10
2026-09-15T13:05:39.599590+00:00,QAR,10,10
2026-09-15T13:05:39.599590+00:00,RWF,10,10
2026-09-15T13:05:39.599590+00:00,SAR,10,10
2026-09-15T13:05:39.599590+00:00,SDG,10,10
2026-09-15T13:05:39.599590+00:00,SYP,10,10
2026-09-15T13:05:39.599590+00:00,TND,10,10
2026-09-15T13:05:39.599590+00:00,TRY,10,10
2026-09-15T13:05:39.599590+00:00,TZS,10,10
2026-09-15T13:05:39.599590+00:00,UAH,10,10
2026-09-15T13:05:39.599590+00:00,UGX,10,10
2026-09-15T13:05:39.599590+00:00,VES,10,10
2026-09-15T13:05:39.599590+00:00,VND,10,10
2026-09-15T13:05:39.599590+00:00,XAF,10,10
2026-09-15T13:05:39.599590+00:00,XOF,10,10
2026-09-15T13:05:39.599590+00:00,ZAR,10,10
2026-09-15T13:05:39.599590+00:00,ZMW,10,10
2026-09-15T14:05:58.949278+00:00,AED,10,10
2026-09-15T14:05:58.949278+00:00,AFN,3,6
2026-09-15T14:05:58.949278+00:00,AMD,10,10
2026-09-15T14:05:58.949278+00:00,AOA,10,10
2026-09-15T14:05:58.949278+00:00,ARS,10,10
2026-09-15T14:05:58.949278+00:00,AZN,10,10
2026-09-15T14:05:58.949278+00:00,BDT,10,10
2026-09-15T14:05:58.949278+00:00,BND,8,10
2026-09-15T14:05:58.949278+00:00,BOB,10,10
2026-09-15T14:05:58.949278+00:00,BWP,2,10
2026-09-15T14:05:58.949278+00:00,CLP,10,10
2026-09-15T14:05:58.949278+00:00,COP,10,10
2026-09-15T14:05:58.949278+00:00,DZD,10,10
2026-09-15T14:05:58.949278+00:00,EGP,10,10
2026-09-15T14:05:58.949278+00:00,ETB,0,0
2026-09-15T14:05:58.949278+00:00,GEL,10,10
2026-09-15T14:05:58.949278+00:00,GHS,0,0
2026-09-15T14:05:58.949278+00:00,IDR,10,10
2026-09-15T14:05:58.949278+00:00,INR,10,10
2026-09-15T14:05:58.949278+00:00,IQD,10,10
2026-09-15T14:05:58.949278+00:00,JOD,10,10
2026-09-15T14:05:58.949278+00:00,KES,10,10
2026-09-15T14:05:58.949278+00:00,KHR,10,10
2026-09-15T14:05:58.949278+00:00,KWD,10,10
2026-09-15T14:05:58.949278+00:00,KZT,10,10
2026-09-15T14:05:58.949278+00:00,LAK,10,10
2026-09-15T14:05:58.949278+00:00,LBP,10,10
2026-09-15T14:05:58.949278+00:00,LKR,10,10
2026-09-15T14:05:58.949278+00:00,MAD,10,10
2026-09-15T14:05:58.949278+00:00,MNT,10,10
2026-09-15T14:05:58.949278+00:00,MXN,10,10
2026-09-15T14:05:58.949278+00:00,MZN,10,10
2026-09-15T14:05:58.949278+00:00,NGN,0,0
2026-09-15T14:05:58.949278+00:00,NGN,0,0
2026-09-15T14:05:58.949278+00:00,NPR,2,10
2026-09-15T14:05:58.949278+00:00,PEN,10,10
2026-09-15T14:05:58.949278+00:00,PHP,10,10
2026-09-15T14:05:58.949278+00:00,PKR,10,10
2026-09-15T14:05:58.949278+00:00,QAR,10,10
2026-09-15T14:05:58.949278+00:00,RWF,10,10
2026-09-15T14:05:58.949278+00:00,SAR,10,10
2026-09-15T14:05:58.949278+00:00,SDG,10,10
2026-09-15T14:05:58.949278+00:00,SYP,10,10
2026-09-15T14:05:58.949278+00:00,TND,10,10
2026-09-15T14:05:58.949278+00:00,TRY,10,10
2026-09-15T14:05:58.949278+00:00,TZS,10,10
2026-09-15T14:05:58.949278+00:00,UAH,10,10
2026-09-15T14:05:58.949278+00:00,UGX,10,10
2026-09-15T14:05:58.949278+00:00,VES,10,10
2026-09-15T14:05:58.949278+00:00,VND,10,10
2026-09-15T14:05:58.949278+00:00,XAF,10,10
2026-09-15T14:05:58.949278+00:00,XOF,10,10
2026-09-15T14:05:58.949278+00:00,ZAR,10,10
2026-09-15T14:05:58.949278+00:00,ZMW,10,10
2026-09-15T15:05:45.878225+00:00,AED,10,10
2026-09-15T15:05:45.878225+00:00,AFN,3,6
2026-09-15T15:05:45.878225+00:00,AMD,10,10
2026-09-15T15:05:45.878225+00:00,AOA,10,10
2026-09-15T15:05:45.878225+00:00,ARS,10,10
2026-09-15T15:05:45.878225+00:00,AZN,10,10
2026-09-15T15:05:45.878225+00:00,BDT,10,10
2026-09-15T15:05:45.878225+00:00,BND,8,10
2026-09-15T15:05:45.878225+00:00,BOB,10,10
2026-09-15T15:05:45.878225+00:00,BWP,2,10
2026-09-15T15:05:45.878225+00:00,CLP,10,10
2026-09-15T15:05:45.878225+00:00,COP,10,10
2026-09-15T15:05:45.878225+00:00,DZD,10,10
2026-09-15T15:05:45.878225+00:00,EGP,10,10
2026-09-15T15:05:45.878225+00:00,ETB,0,0
2026-09-15T15:05:45.878225+00:00,GEL,10,10
2026-09-15T15:05:45.878225+00:00,GHS,0,0
2026-09-15T15:05:45.878225+00:00,IDR,10,10
2026-09-15T15:05:45.878225+00:00,INR,10,10
2026-09-15T15:05:45.878225+00:00,IQD,10,10
2026-09-15T15:05:45.878225+00:00,JOD,10,10
2026-09-15T15:05:45.878225+00:00,KES,10,10
2026-09-15T15:05:45.878225+00:00,KHR,10,10
2026-09-15T15:05:45.878225+00:00,KWD,10,10
2026-09-15T15:05:45.878225+00:00,KZT,10,10
2026-09-15T15:05:45.878225+00:00,LAK,10,10
2026-09-15T15:05:45.878225+00:00,LBP,10,10
2026-09-15T15:05:45.878225+00:00,LKR,10,10
2026-09-15T15:05:45.878225+00:00,MAD,10,10
2026-09-15T15:05:45.878225+00:00,MNT,10,10
2026-09-15T15:05:45.878225+00:00,MXN,10,10
2026-09-15T15:05:45.878225+00:00,MZN,10,10
2026-09-15T15:05:45.878225+00:00,NGN,0,0
2026-09-15T15:05:45.878225+00:00,NGN,0,0
2026-09-15T15:05:45.878225+00:00,NPR,2,10
2026-09-15T15:05:45.878225+00:00,PEN,10,10
2026-09-15T15:05:45.878225+00:00,PHP,10,10
2026-09-15T15:05:45.878225+00:00,PKR,10,10
2026-09-15T15:05:45.878225+00:00,QAR,10,10
2026-09-15T15:05:45.878225+00:00,RWF,10,10
2026-09-15T15:05:45.878225+00:00,SAR,10,10
2026-09-15T15:05:45.878225+00:00,SDG,10,10
2026-09-15T15:05:45.878225+00:00,SYP,8,10
2026-09-15T15:05:45.878225+00:00,TND,10,10
2026-09-15T15:05:45.878225+00:00,TRY,10,10
2026-09-15T15:05:45.878225+00:00,TZS,10,10
2026-09-15T15:05:45.878225+00:00,UAH,10,10
2026-09-15T15:05:45.878225+00:00,UGX,10,10
2026-09-15T15:05:45.878225+00:00,VES,10,10
2026-09-15T15:05:45.878225+00:00,VND,10,10
2026-09-15T15:05:45.878225+00:00,XAF,10,10
2026-09-15T15:05:45.878225+00:00,XOF,10,10
2026-09-15T15:05:45.878225+00:00,ZAR,10,10
2026-09-15T15:05:45.878225+00:00,ZMW,10,10
2026-09-15T16:05:37.826750+00:00,AED,10,10
2026-09-15T16:05:37.826750+00:00,AFN,3,5
2026-09-15T16:05:37.826750+00:00,AMD,10,10
2026-09-15T16:05:37.826750+00:00,AOA,10,10
2026-09-15T16:05:37.826750+00:00,ARS,10,10
2026-09-15T16:05:37.826750+00:00,AZN,10,10
2026-09-15T16:05:37.826750+00:00,BDT,10,10
2026-09-15T16:05:37.826750+00:00,BND,9,10
2026-09-15T16:05:37.826750+00:00,BOB,10,10
2026-09-15T16:05:37.826750+00:00,BWP,2,10
2026-09-15T16:05:37.826750+00:00,CLP,10,10
2026-09-15T16:05:37.826750+00:00,COP,10,10
2026-09-15T16:05:37.826750+00:00,DZD,10,10
2026-09-15T16:05:37.826750+00:00,EGP,10,10
2026-09-15T16:05:37.826750+00:00,ETB,0,0
2026-09-15T16:05:37.826750+00:00,GEL,10,10
2026-09-15T16:05:37.826750+00:00,GHS,0,0
2026-09-15T16:05:37.826750+00:00,IDR,10,10
2026-09-15T16:05:37.826750+00:00,INR,10,10
2026-09-15T16:05:37.826750+00:00,IQD,10,10
2026-09-15T16:05:37.826750+00:00,JOD,10,10
2026-09-15T16:05:37.826750+00:00,KES,10,10
2026-09-15T16:05:37.826750+00:00,KHR,10,10
2026-09-15T16:05:37.826750+00:00,KWD,10,10
2026-09-15T16:05:37.826750+00:00,KZT,10,10
2026-09-15T16:05:37.826750+00:00,LAK,10,10
2026-09-15T16:05:37.826750+00:00,LBP,10,10
2026-09-15T16:05:37.826750+00:00,LKR,10,10
2026-09-15T16:05:37.826750+00:00,MAD,10,10
2026-09-15T16:05:37.826750+00:00,MNT,10,10
2026-09-15T16:05:37.826750+00:00,MXN,10,10
2026-09-15T16:05:37.826750+00:00,MZN,10,10
2026-09-15T16:05:37.826750+00:00,NGN,0,0
2026-09-15T16:05:37.826750+00:00,NGN,0,0
2026-09-15T16:05:37.826750+00:00,NPR,2,10
2026-09-15T16:05:37.826750+00:00,PEN,10,10
2026-09-15T16:05:37.826750+00:00,PHP,10,10
2026-09-15T16:05:37.826750+00:00,PKR,10,10
2026-09-15T16:05:37.826750+00:00,QAR,10,10
2026-09-15T16:05:37.826750+00:00,RWF,10,10
2026-09-15T16:05:37.826750+00:00,SAR,10,10
2026-09-15T16:05:37.826750+00:00,SDG,10,10
2026-09-15T16:05:37.826750+00:00,SYP,5,10
2026-09-15T16:05:37.826750+00:00,TND,10,10
2026-09-15T16:05:37.826750+00:00,TRY,10,10
2026-09-15T16:05:37.826750+00:00,TZS,10,10
2026-09-15T16:05:37.826750+00:00,UAH,10,10
2026-09-15T16:05:37.826750+00:00,UGX,10,10
2026-09-15T16:05:37.826750+00:00,VES,10,10
2026-09-15T16:05:37.826750+00:00,VND,10,10
2026-09-15T16:05:37.826750+00:00,XAF,10,10
2026-09-15T16:05:37.826750+00:00,XOF,10,10
2026-09-15T16:05:37.826750+00:00,ZAR,10,10
2026-09-15T16:05:37.826750+00:00,ZMW,10,10
2026-09-15T17:05:40.760486+00:00,AED,10,10
2026-09-15T17:05:40.760486+00:00,AFN,3,8
2026-09-15T17:05:40.760486+00:00,AMD,10,10
2026-09-15T17:05:40.760486+00:00,AOA,10,10
2026-09-15T17:05:40.760486+00:00,ARS,10,10
2026-09-15T17:05:40.760486+00:00,AZN,10,10
2026-09-15T17:05:40.760486+00:00,BDT,10,10
2026-09-15T17:05:40.760486+00:00,BND,8,9
2026-09-15T17:05:40.760486+00:00,BOB,10,10
2026-09-15T17:05:40.760486+00:00,BWP,2,10
2026-09-15T17:05:40.760486+00:00,CLP,10,10
2026-09-15T17:05:40.760486+00:00,COP,10,10
2026-09-15T17:05:40.760486+00:00,DZD,10,10
2026-09-15T17:05:40.760486+00:00,EGP,10,10
2026-09-15T17:05:40.760486+00:00,ETB,0,0
2026-09-15T17:05:40.760486+00:00,GEL,10,10
2026-09-15T17:05:40.760486+00:00,GHS,0,0
2026-09-15T17:05:40.760486+00:00,IDR,10,10
2026-09-15T17:05:40.760486+00:00,INR,10,10
2026-09-15T17:05:40.760486+00:00,IQD,10,10
2026-09-15T17:05:40.760486+00:00,JOD,10,10
2026-09-15T17:05:40.760486+00:00,KES,10,10
2026-09-15T17:05:40.760486+00:00,KHR,9,10
2026-09-15T17:05:40.760486+00:00,KWD,10,10
2026-09-15T17:05:40.760486+00:00,KZT,10,10
2026-09-15T17:05:40.760486+00:00,LAK,10,10
2026-09-15T17:05:40.760486+00:00,LBP,10,10
2026-09-15T17:05:40.760486+00:00,LKR,10,10
2026-09-15T17:05:40.760486+00:00,MAD,10,10
2026-09-15T17:05:40.760486+00:00,MNT,9,10
2026-09-15T17:05:40.760486+00:00,MXN,10,10
2026-09-15T17:05:40.760486+00:00,MZN,10,10
2026-09-15T17:05:40.760486+00:00,NGN,0,0
2026-09-15T17:05:40.760486+00:00,NGN,0,0
2026-09-15T17:05:40.760486+00:00,NPR,2,10
2026-09-15T17:05:40.760486+00:00,PEN,10,10
2026-09-15T17:05:40.760486+00:00,PHP,10,10
2026-09-15T17:05:40.760486+00:00,PKR,10,10
2026-09-15T17:05:40.760486+00:00,QAR,10,10
2026-09-15T17:05:40.760486+00:00,RWF,10,10
2026-09-15T17:05:40.760486+00:00,SAR,10,10
2026-09-15T17:05:40.760486+00:00,SDG,10,10
2026-09-15T17:05:40.760486+00:00,SYP,8,10
2026-09-15T17:05:40.760486+00:00,TND,10,10
2026-09-15T17:05:40.760486+00:00,TRY,10,10
2026-09-15T17:05:40.760486+00:00,TZS,10,10
2026-09-15T17:05:40.760486+00:00,UAH,10,10
2026-09-15T17:05:40.760486+00:00,UGX,10,10
2026-09-15T17:05:40.760486+00:00,VES,10,10
2026-09-15T17:05:40.760486+00:00,VND,10,10
2026-09-15T17:05:40.760486+00:00,XAF,10,10
2026-09-15T17:05:40.760486+00:00,XOF,10,10
2026-09-15T17:05:40.760486+00:00,ZAR,10,10
2026-09-15T17:05:40.760486+00:00,ZMW,10,10
2026-09-15T18:05:39.693456+00:00,AED,10,10
2026-09-15T18:05:39.693456+00:00,AFN,3,8
2026-09-15T18:05:39.693456+00:00,AMD,10,10
2026-09-15T18:05:39.693456+00:00,AOA,10,10
2026-09-15T18:05:39.693456+00:00,ARS,10,10
2026-09-15T18:05:39.693456+00:00,AZN,10,10
2026-09-15T18:05:39.693456+00:00,BDT,10,10
2026-09-15T18:05:39.693456+00:00,BND,8,8
2026-09-15T18:05:39.693456+00:00,BOB,10,10
2026-09-15T18:05:39.693456+00:00,BWP,2,10
2026-09-15T18:05:39.693456+00:00,CLP,10,10
2026-09-15T18:05:39.693456+00:00,COP,10,10
2026-09-15T18:05:39.693456+00:00,DZD,10,10
2026-09-15T18:05:39.693456+00:00,EGP,10,10
2026-09-15T18:05:39.693456+00:00,ETB,0,0
2026-09-15T18:05:39.693456+00:00,GEL,10,10
2026-09-15T18:05:39.693456+00:00,GHS,0,0
2026-09-15T18:05:39.693456+00:00,IDR,10,10
2026-09-15T18:05:39.693456+00:00,INR,10,10
2026-09-15T18:05:39.693456+00:00,IQD,10,10
2026-09-15T18:05:39.693456+00:00,JOD,10,10
2026-09-15T18:05:39.693456+00:00,KES,10,10
2026-09-15T18:05:39.693456+00:00,KHR,10,10
2026-09-15T18:05:39.693456+00:00,KWD,10,10
2026-09-15T18:05:39.693456+00:00,KZT,10,10
2026-09-15T18:05:39.693456+00:00,LAK,10,10
2026-09-15T18:05:39.693456+00:00,LBP,10,10
2026-09-15T18:05:39.693456+00:00,LKR,10,10
2026-09-15T18:05:39.693456+00:00,MAD,10,10
2026-09-15T18:05:39.693456+00:00,MNT,8,10
2026-09-15T18:05:39.693456+00:00,MXN,10,10
2026-09-15T18:05:39.693456+00:00,MZN,10,10
2026-09-15T18:05:39.693456+00:00,NGN,0,0
2026-09-15T18:05:39.693456+00:00,NGN,0,0
2026-09-15T18:05:39.693456+00:00,NPR,2,10
2026-09-15T18:05:39.693456+00:00,PEN,10,10
2026-09-15T18:05:39.693456+00:00,PHP,10,10
2026-09-15T18:05:39.693456+00:00,PKR,10,10
2026-09-15T18:05:39.693456+00:00,QAR,10,10
2026-09-15T18:05:39.693456+00:00,RWF,10,10
2026-09-15T18:05:39.693456+00:00,SAR,10,10
2026-09-15T18:05:39.693456+00:00,SDG,10,10
2026-09-15T18:05:39.693456+00:00,SYP,10,10
2026-09-15T18:05:39.693456+00:00,TND,10,10
2026-09-15T18:05:39.693456+00:00,TRY,10,10
2026-09-15T18:05:39.693456+00:00,TZS,10,10
2026-09-15T18:05:39.693456+00:00,UAH,10,10
2026-09-15T18:05:39.693456+00:00,UGX,10,10
2026-09-15T18:05:39.693456+00:00,VES,10,10
2026-09-15T18:05:39.693456+00:00,VND,10,10
2026-09-15T18:05:39.693456+00:00,XAF,10,10
2026-09-15T18:05:39.693456+00:00,XOF,10,10
2026-09-15T18:05:39.693456+00:00,ZAR,10,10
2026-09-15T18:05:39.693456+00:00,ZMW,10,10
2026-09-15T19:05:40.395661+00:00,AED,10,10
2026-09-15T19:05:40.395661+00:00,AFN,1,5
2026-09-15T19:05:40.395661+00:00,AMD,10,10
2026-09-15T19:05:40.395661+00:00,AOA,10,10
2026-09-15T19:05:40.395661+00:00,ARS,10,10
2026-09-15T19:05:40.395661+00:00,AZN,10,10
2026-09-15T19:05:40.395661+00:00,BDT,10,10
2026-09-15T19:05:40.395661+00:00,BND,6,6
2026-09-15T19:05:40.395661+00:00,BOB,10,10
2026-09-15T19:05:40.395661+00:00,BWP,2,10
2026-09-15T19:05:40.395661+00:00,CLP,10,10
2026-09-15T19:05:40.395661+00:00,COP,10,10
2026-09-15T19:05:40.395661+00:00,DZD,10,10
2026-09-15T19:05:40.395661+00:00,EGP,10,10
2026-09-15T19:05:40.395661+00:00,ETB,0,0
2026-09-15T19:05:40.395661+00:00,GEL,10,10
2026-09-15T19:05:40.395661+00:00,GHS,0,0
2026-09-15T19:05:40.395661+00:00,IDR,10,10
2026-09-15T19:05:40.395661+00:00,INR,10,10
2026-09-15T19:05:40.395661+00:00,IQD,10,10
2026-09-15T19:05:40.395661+00:00,JOD,10,10
2026-09-15T19:05:40.395661+00:00,KES,10,10
2026-09-15T19:05:40.395661+00:00,KHR,10,10
2026-09-15T19:05:40.395661+00:00,KWD,10,10
2026-09-15T19:05:40.395661+00:00,KZT,10,10
2026-09-15T19:05:40.395661+00:00,LAK,10,10
2026-09-15T19:05:40.395661+00:00,LBP,10,10
2026-09-15T19:05:40.395661+00:00,LKR,10,10
2026-09-15T19:05:40.395661+00:00,MAD,10,10
2026-09-15T19:05:40.395661+00:00,MNT,9,10
2026-09-15T19:05:40.395661+00:00,MXN,10,10
2026-09-15T19:05:40.395661+00:00,MZN,10,10
2026-09-15T19:05:40.395661+00:00,NGN,0,0
2026-09-15T19:05:40.395661+00:00,NGN,0,0
2026-09-15T19:05:40.395661+00:00,NPR,2,10
2026-09-15T19:05:40.395661+00:00,PEN,10,10
2026-09-15T19:05:40.395661+00:00,PHP,10,10
2026-09-15T19:05:40.395661+00:00,PKR,10,10
2026-09-15T19:05:40.395661+00:00,QAR,10,10
2026-09-15T19:05:40.395661+00:00,RWF,10,10
2026-09-15T19:05:40.395661+00:00,SAR,10,10
2026-09-15T19:05:40.395661+00:00,SDG,10,10
2026-09-15T19:05:40.395661+00:00,SYP,8,10
2026-09-15T19:05:40.395661+00:00,TND,10,10
2026-09-15T19:05:40.395661+00:00,TRY,10,10
2026-09-15T19:05:40.395661+00:00,TZS,10,10
2026-09-15T19:05:40.395661+00:00,UAH,10,10
2026-09-15T19:05:40.395661+00:00,UGX,10,10
2026-09-15T19:05:40.395661+00:00,VES,10,10
2026-09-15T19:05:40.395661+00:00,VND,10,10
2026-09-15T19:05:40.395661+00:00,XAF,10,10
2026-09-15T19:05:40.395661+00:00,XOF,10,10
2026-09-15T19:05:40.395661+00:00,ZAR,10,10
2026-09-15T19:05:40.395661+00:00,ZMW,10,10
2026-09-15T20:05:39.069063+00:00,AED,10,10
2026-09-15T20:05:39.069063+00:00,AFN,1,5
2026-09-15T20:05:39.069063+00:00,AMD,10,10
2026-09-15T20:05:39.069063+00:00,AOA,10,10
2026-09-15T20:05:39.069063+00:00,ARS,10,10
2026-09-15T20:05:39.069063+00:00,AZN,10,10
2026-09-15T20:05:39.069063+00:00,BDT,10,10
2026-09-15T20:05:39.069063+00:00,BND,5,5
2026-09-15T20:05:39.069063+00:00,BOB,10,10
2026-09-15T20:05:39.069063+00:00,BWP,2,10
2026-09-15T20:05:39.069063+00:00,CLP,10,10
2026-09-15T20:05:39.069063+00:00,COP,10,10
2026-09-15T20:05:39.069063+00:00,DZD,10,10
2026-09-15T20:05:39.069063+00:00,EGP,10,10
2026-09-15T20:05:39.069063+00:00,ETB,0,0
2026-09-15T20:05:39.069063+00:00,GEL,10,10
2026-09-15T20:05:39.069063+00:00,GHS,0,0
2026-09-15T20:05:39.069063+00:00,IDR,10,10
2026-09-15T20:05:39.069063+00:00,INR,10,10
2026-09-15T20:05:39.069063+00:00,IQD,10,10
2026-09-15T20:05:39.069063+00:00,JOD,10,10
2026-09-15T20:05:39.069063+00:00,KES,10,10
2026-09-15T20:05:39.069063+00:00,KHR,10,10
2026-09-15T20:05:39.069063+00:00,KWD,10,10
2026-09-15T20:05:39.069063+00:00,KZT,10,10
2026-09-15T20:05:39.069063+00:00,LAK,10,10
2026-09-15T20:05:39.069063+00:00,LBP,10,10
2026-09-15T20:05:39.069063+00:00,LKR,10,10
2026-09-15T20:05:39.069063+00:00,MAD,10,10
2026-09-15T20:05:39.069063+00:00,MNT,8,10
2026-09-15T20:05:39.069063+00:00,MXN,10,10
2026-09-15T20:05:39.069063+00:00,MZN,10,10
2026-09-15T20:05:39.069063+00:00,NGN,0,0
2026-09-15T20:05:39.069063+00:00,NGN,0,0
2026-09-15T20:05:39.069063+00:00,NPR,2,10
2026-09-15T20:05:39.069063+00:00,PEN,10,10
2026-09-15T20:05:39.069063+00:00,PHP,10,10
2026-09-15T20:05:39.069063+00:00,PKR,10,10
2026-09-15T20:05:39.069063+00:00,QAR,10,10
2026-09-15T20:05:39.069063+00:00,RWF,10,10
2026-09-15T20:05:39.069063+00:00,SAR,10,10
2026-09-15T20:05:39.069063+00:00,SDG,10,10
2026-09-15T20:05:39.069063+00:00,SYP,10,10
2026-09-15T20:05:39.069063+00:00,TND,10,10
2026-09-15T20:05:39.069063+00:00,TRY,10,10
2026-09-15T20:05:39.069063+00:00,TZS,10,10
2026-09-15T20:05:39.069063+00:00,UAH,10,10
2026-09-15T20:05:39.069063+00:00,UGX,10,10
2026-09-15T20:05:39.069063+00:00,VES,10,10
2026-09-15T20:05:39.069063+00:00,VND,10,10
2026-09-15T20:05:39.069063+00:00,XAF,10,10
2026-09-15T20:05:39.069063+00:00,XOF,10,10
2026-09-15T20:05:39.069063+00:00,ZAR,10,10
2026-09-15T20:05:39.069063+00:00,ZMW,10,10
2026-09-15T21:05:59.970302+00:00,AED,10,10
2026-09-15T21:05:59.970302+00:00,AFN,1,5
2026-09-15T21:05:59.970302+00:00,AMD,10,10
2026-09-15T21:05:59.970302+00:00,AOA,10,10
2026-09-15T21:05:59.970302+00:00,ARS,10,10
2026-09-15T21:05:59.970302+00:00,AZN,10,10
2026-09-15T21:05:59.970302+00:00,BDT,10,10
2026-09-15T21:05:59.970302+00:00,BND,5,5
2026-09-15T21:05:59.970302+00:00,BOB,10,10
2026-09-15T21:05:59.970302+00:00,BWP,2,10
2026-09-15T21:05:59.970302+00:00,CLP,10,10
2026-09-15T21:05:59.970302+00:00,COP,10,10
2026-09-15T21:05:59.970302+00:00,DZD,10,10
2026-09-15T21:05:59.970302+00:00,EGP,10,10
2026-09-15T21:05:59.970302+00:00,ETB,0,0
2026-09-15T21:05:59.970302+00:00,GEL,10,10
2026-09-15T21:05:59.970302+00:00,GHS,0,0
2026-09-15T21:05:59.970302+00:00,IDR,10,10
2026-09-15T21:05:59.970302+00:00,INR,10,10
2026-09-15T21:05:59.970302+00:00,IQD,10,10
2026-09-15T21:05:59.970302+00:00,JOD,10,10
2026-09-15T21:05:59.970302+00:00,KES,10,10
2026-09-15T21:05:59.970302+00:00,KHR,9,10
2026-09-15T21:05:59.970302+00:00,KWD,10,10
2026-09-15T21:05:59.970302+00:00,KZT,10,10
2026-09-15T21:05:59.970302+00:00,LAK,10,10
2026-09-15T21:05:59.970302+00:00,LBP,10,10
2026-09-15T21:05:59.970302+00:00,LKR,10,10
2026-09-15T21:05:59.970302+00:00,MAD,10,10
2026-09-15T21:05:59.970302+00:00,MNT,7,10
2026-09-15T21:05:59.970302+00:00,MXN,10,10
2026-09-15T21:05:59.970302+00:00,MZN,10,10
2026-09-15T21:05:59.970302+00:00,NGN,0,0
2026-09-15T21:05:59.970302+00:00,NGN,0,0
2026-09-15T21:05:59.970302+00:00,NPR,1,10
2026-09-15T21:05:59.970302+00:00,PEN,10,10
2026-09-15T21:05:59.970302+00:00,PHP,10,10
2026-09-15T21:05:59.970302+00:00,PKR,10,10
2026-09-15T21:05:59.970302+00:00,QAR,10,10
2026-09-15T21:05:59.970302+00:00,RWF,10,10
2026-09-15T21:05:59.970302+00:00,SAR,10,10
2026-09-15T21:05:59.970302+00:00,SDG,10,10
2026-09-15T21:05:59.970302+00:00,SYP,9,10
2026-09-15T21:05:59.970302+00:00,TND,10,10
2026-09-15T21:05:59.970302+00:00,TRY,10,10
2026-09-15T21:05:59.970302+00:00,TZS,10,10
2026-09-15T21:05:59.970302+00:00,UAH,10,10
2026-09-15T21:05:59.970302+00:00,UGX,10,10
2026-09-15T21:05:59.970302+00:00,VES,10,10
2026-09-15T21:05:59.970302+00:00,VND,10,10
2026-09-15T21:05:59.970302+00:00,XAF,10,10
2026-09-15T21:05:59.970302+00:00,XOF,10,10
2026-09-15T21:05:59.970302+00:00,ZAR,10,10
2026-09-15T21:05:59.970302+00:00,ZMW,10,10
2026-09-15T22:05:38.817851+00:00,AED,10,10
2026-09-15T22:05:38.817851+00:00,AFN,0,4
2026-09-15T22:05:38.817851+00:00,AMD,10,10
2026-09-15T22:05:38.817851+00:00,AOA,10,10
2026-09-15T22:05:38.817851+00:00,ARS,10,10
2026-09-15T22:05:38.817851+00:00,AZN,10,10
2026-09-15T22:05:38.817851+00:00,BDT,10,10
2026-09-15T22:05:38.817851+00:00,BND,6,6
2026-09-15T22:05:38.817851+00:00,BOB,10,10
2026-09-15T22:05:38.817851+00:00,BWP,2,10
2026-09-15T22:05:38.817851+00:00,CLP,10,10
2026-09-15T22:05:38.817851+00:00,COP,10,10
2026-09-15T22:05:38.817851+00:00,DZD,10,10
2026-09-15T22:05:38.817851+00:00,EGP,10,10
2026-09-15T22:05:38.817851+00:00,ETB,0,0
2026-09-15T22:05:38.817851+00:00,GEL,10,10
2026-09-15T22:05:38.817851+00:00,GHS,0,0
2026-09-15T22:05:38.817851+00:00,IDR,10,10
2026-09-15T22:05:38.817851+00:00,INR,10,10
2026-09-15T22:05:38.817851+00:00,IQD,10,10
2026-09-15T22:05:38.817851+00:00,JOD,10,10
2026-09-15T22:05:38.817851+00:00,KES,10,10
2026-09-15T22:05:38.817851+00:00,KHR,10,10
2026-09-15T22:05:38.817851+00:00,KWD,10,10
2026-09-15T22:05:38.817851+00:00,KZT,10,10
2026-09-15T22:05:38.817851+00:00,LAK,10,10
2026-09-15T22:05:38.817851+00:00,LBP,10,10
2026-09-15T22:05:38.817851+00:00,LKR,10,10
2026-09-15T22:05:38.817851+00:00,MAD,10,10
2026-09-15T22:05:38.817851+00:00,MNT,7,10
2026-09-15T22:05:38.817851+00:00,MXN,10,10
2026-09-15T22:05:38.817851+00:00,MZN,10,10
2026-09-15T22:05:38.817851+00:00,NGN,0,0
2026-09-15T22:05:38.817851+00:00,NGN,0,0
2026-09-15T22:05:38.817851+00:00,NPR,1,10
2026-09-15T22:05:38.817851+00:00,PEN,10,10
2026-09-15T22:05:38.817851+00:00,PHP,10,10
2026-09-15T22:05:38.817851+00:00,PKR,10,10
2026-09-15T22:05:38.817851+00:00,QAR,10,10
2026-09-15T22:05:38.817851+00:00,RWF,10,10
2026-09-15T22:05:38.817851+00:00,SAR,10,10
2026-09-15T22:05:38.817851+00:00,SDG,10,10
2026-09-15T22:05:38.817851+00:00,SYP,9,10
2026-09-15T22:05:38.817851+00:00,TND,10,10
2026-09-15T22:05:38.817851+00:00,TRY,10,10
2026-09-15T22:05:38.817851+00:00,TZS,10,10
2026-09-15T22:05:38.817851+00:00,UAH,10,10
2026-09-15T22:05:38.817851+00:00,UGX,10,10
2026-09-15T22:05:38.817851+00:00,VES,10,10
2026-09-15T22:05:38.817851+00:00,VND,10,10
2026-09-15T22:05:38.817851+00:00,XAF,10,10
2026-09-15T22:05:38.817851+00:00,XOF,10,10
2026-09-15T22:05:38.817851+00:00,ZAR,10,10
2026-09-15T22:05:38.817851+00:00,ZMW,6,10
2026-09-15T23:05:41.800515+00:00,AED,10,10
2026-09-15T23:05:41.800515+00:00,AFN,0,4
2026-09-15T23:05:41.800515+00:00,AMD,10,10
2026-09-15T23:05:41.800515+00:00,AOA,10,10
2026-09-15T23:05:41.800515+00:00,ARS,10,10
2026-09-15T23:05:41.800515+00:00,AZN,10,10
2026-09-15T23:05:41.800515+00:00,BDT,10,10
2026-09-15T23:05:41.800515+00:00,BND,6,6
2026-09-15T23:05:41.800515+00:00,BOB,10,10
2026-09-15T23:05:41.800515+00:00,BWP,2,10
2026-09-15T23:05:41.800515+00:00,CLP,10,10
2026-09-15T23:05:41.800515+00:00,COP,10,10
2026-09-15T23:05:41.800515+00:00,DZD,10,10
2026-09-15T23:05:41.800515+00:00,EGP,10,10
2026-09-15T23:05:41.800515+00:00,ETB,0,0
2026-09-15T23:05:41.800515+00:00,GEL,10,10
2026-09-15T23:05:41.800515+00:00,GHS,0,0
2026-09-15T23:05:41.800515+00:00,IDR,10,10
2026-09-15T23:05:41.800515+00:00,INR,10,10
2026-09-15T23:05:41.800515+00:00,IQD,10,10
2026-09-15T23:05:41.800515+00:00,JOD,10,10
2026-09-15T23:05:41.800515+00:00,KES,10,10
2026-09-15T23:05:41.800515+00:00,KHR,10,10
2026-09-15T23:05:41.800515+00:00,KWD,10,10
2026-09-15T23:05:41.800515+00:00,KZT,10,10
2026-09-15T23:05:41.800515+00:00,LAK,10,10
2026-09-15T23:05:41.800515+00:00,LBP,6,10
2026-09-15T23:05:41.800515+00:00,LKR,10,10
2026-09-15T23:05:41.800515+00:00,MAD,10,10
2026-09-15T23:05:41.800515+00:00,MNT,9,10
2026-09-15T23:05:41.800515+00:00,MXN,10,10
2026-09-15T23:05:41.800515+00:00,MZN,10,10
2026-09-15T23:05:41.800515+00:00,NGN,0,0
2026-09-15T23:05:41.800515+00:00,NGN,0,0
2026-09-15T23:05:41.800515+00:00,NPR,1,10
2026-09-15T23:05:41.800515+00:00,PEN,10,10
2026-09-15T23:05:41.800515+00:00,PHP,10,10
2026-09-15T23:05:41.800515+00:00,PKR,10,10
2026-09-15T23:05:41.800515+00:00,QAR,9,10
2026-09-15T23:05:41.800515+00:00,RWF,10,10
2026-09-15T23:05:41.800515+00:00,SAR,10,10
2026-09-15T23:05:41.800515+00:00,SDG,10,10
2026-09-15T23:05:41.800515+00:00,SYP,8,10
2026-09-15T23:05:41.800515+00:00,TND,10,10
2026-09-15T23:05:41.800515+00:00,TRY,10,10
2026-09-15T23:05:41.800515+00:00,TZS,10,10
2026-09-15T23:05:41.800515+00:00,UAH,10,10
2026-09-15T23:05:41.800515+00:00,UGX,10,10
2026-09-15T23:05:41.800515+00:00,VES,10,10
2026-09-15T23:05:41.800515+00:00,VND,10,10
2026-09-15T23:05:41.800515+00:00,XAF,10,10
2026-09-15T23:05:41.800515+00:00,XOF,10,10
2026-09-15T23:05:41.800515+00:00,ZAR,10,10
2026-09-15T23:05:41.800515+00:00,ZMW,6,10
2026-09-16T00:05:37.828492+00:00,AED,10,10
2026-09-16T00:05:37.828492+00:00,AFN,1,5
2026-09-16T00:05:37.828492+00:00,AMD,10,10
2026-09-16T00:05:37.828492+00:00,AOA,10,10
2026-09-16T00:05:37.828492+00:00,ARS,10,10
2026-09-16T00:05:37.828492+00:00,AZN,10,10
2026-09-16T00:05:37.828492+00:00,BDT,10,10
2026-09-16T00:05:37.828492+00:00,BND,7,7
2026-09-16T00:05:37.828492+00:00,BOB,10,10
2026-09-16T00:05:37.828492+00:00,BWP,2,10
2026-09-16T00:05:37.828492+00:00,CLP,10,10
2026-09-16T00:05:37.828492+00:00,COP,10,10
2026-09-16T00:05:37.828492+00:00,DZD,10,10
2026-09-16T00:05:37.828492+00:00,EGP,10,10
2026-09-16T00:05:37.828492+00:00,ETB,0,0
2026-09-16T00:05:37.828492+00:00,GEL,10,10
2026-09-16T00:05:37.828492+00:00,GHS,0,0
2026-09-16T00:05:37.828492+00:00,IDR,10,10
2026-09-16T00:05:37.828492+00:00,INR,10,10
2026-09-16T00:05:37.828492+00:00,IQD,10,10
2026-09-16T00:05:37.828492+00:00,JOD,10,10
2026-09-16T00:05:37.828492+00:00,KES,10,10
2026-09-16T00:05:37.828492+00:00,KHR,10,10
2026-09-16T00:05:37.828492+00:00,KWD,10,10
2026-09-16T00:05:37.828492+00:00,KZT,10,10
2026-09-16T00:05:37.828492+00:00,LAK,10,10
2026-09-16T00:05:37.828492+00:00,LBP,3,10
2026-09-16T00:05:37.828492+00:00,LKR,10,10
2026-09-16T00:05:37.828492+00:00,MAD,10,10
2026-09-16T00:05:37.828492+00:00,MNT,8,10
2026-09-16T00:05:37.828492+00:00,MXN,10,10
2026-09-16T00:05:37.828492+00:00,MZN,10,10
2026-09-16T00:05:37.828492+00:00,NGN,0,0
2026-09-16T00:05:37.828492+00:00,NGN,0,0
2026-09-16T00:05:37.828492+00:00,NPR,1,10
2026-09-16T00:05:37.828492+00:00,PEN,10,10
2026-09-16T00:05:37.828492+00:00,PHP,10,10
2026-09-16T00:05:37.828492+00:00,PKR,10,10
2026-09-16T00:05:37.828492+00:00,QAR,10,10
2026-09-16T00:05:37.828492+00:00,RWF,10,10
2026-09-16T00:05:37.828492+00:00,SAR,10,10
2026-09-16T00:05:37.828492+00:00,SDG,10,10
2026-09-16T00:05:37.828492+00:00,SYP,6,10
2026-09-16T00:05:37.828492+00:00,TND,10,10
2026-09-16T00:05:37.828492+00:00,TRY,10,10
2026-09-16T00:05:37.828492+00:00,TZS,10,10
2026-09-16T00:05:37.828492+00:00,UAH,10,10
2026-09-16T00:05:37.828492+00:00,UGX,10,10
2026-09-16T00:05:37.828492+00:00,VES,10,10
2026-09-16T00:05:37.828492+00:00,VND,10,10
2026-09-16T00:05:37.828492+00:00,XAF,10,10
2026-09-16T00:05:37.828492+00:00,XOF,10,10
2026-09-16T00:05:37.828492+00:00,ZAR,10,10
2026-09-16T00:05:37.828492+00:00,ZMW,6,10
2026-09-16T01:05:38.895814+00:00,AED,10,10
2026-09-16T01:05:38.895814+00:00,AFN,1,5
2026-09-16T01:05:38.895814+00:00,AMD,10,10
2026-09-16T01:05:38.895814+00:00,AOA,10,10
2026-09-16T01:05:38.895814+00:00,ARS,10,10
2026-09-16T01:05:38.895814+00:00,AZN,10,10
2026-09-16T01:05:38.895814+00:00,BDT,10,10
2026-09-16T01:05:38.895814+00:00,BND,7,7
2026-09-16T01:05:38.895814+00:00,BOB,10,10
2026-09-16T01:05:38.895814+00:00,BWP,2,10
2026-09-16T01:05:38.895814+00:00,CLP,10,10
2026-09-16T01:05:38.895814+00:00,COP,10,10
2026-09-16T01:05:38.895814+00:00,DZD,10,10
2026-09-16T01:05:38.895814+00:00,EGP,10,10
2026-09-16T01:05:38.895814+00:00,ETB,0,0
2026-09-16T01:05:38.895814+00:00,GEL,10,10
2026-09-16T01:05:38.895814+00:00,GHS,0,0
2026-09-16T01:05:38.895814+00:00,IDR,10,10
2026-09-16T01:05:38.895814+00:00,INR,10,10
2026-09-16T01:05:38.895814+00:00,IQD,10,10
2026-09-16T01:05:38.895814+00:00,JOD,10,10
2026-09-16T01:05:38.895814+00:00,KES,10,10
2026-09-16T01:05:38.895814+00:00,KHR,10,10
2026-09-16T01:05:38.895814+00:00,KWD,10,10
2026-09-16T01:05:38.895814+00:00,KZT,10,10
2026-09-16T01:05:38.895814+00:00,LAK,10,10
2026-09-16T01:05:38.895814+00:00,LBP,6,10
2026-09-16T01:05:38.895814+00:00,LKR,10,10
2026-09-16T01:05:38.895814+00:00,MAD,10,10
2026-09-16T01:05:38.895814+00:00,MNT,10,10
2026-09-16T01:05:38.895814+00:00,MXN,10,10
2026-09-16T01:05:38.895814+00:00,MZN,10,10
2026-09-16T01:05:38.895814+00:00,NGN,0,0
2026-09-16T01:05:38.895814+00:00,NGN,0,0
2026-09-16T01:05:38.895814+00:00,NPR,1,10
2026-09-16T01:05:38.895814+00:00,PEN,10,10
2026-09-16T01:05:38.895814+00:00,PHP,10,10
2026-09-16T01:05:38.895814+00:00,PKR,10,10
2026-09-16T01:05:38.895814+00:00,QAR,9,10
2026-09-16T01:05:38.895814+00:00,RWF,10,10
2026-09-16T01:05:38.895814+00:00,SAR,10,10
2026-09-16T01:05:38.895814+00:00,SDG,10,10
2026-09-16T01:05:38.895814+00:00,SYP,7,10
2026-09-16T01:05:38.895814+00:00,TND,10,10
2026-09-16T01:05:38.895814+00:00,TRY,10,10
2026-09-16T01:05:38.895814+00:00,TZS,10,10
2026-09-16T01:05:38.895814+00:00,UAH,10,10
2026-09-16T01:05:38.895814+00:00,UGX,10,10
2026-09-16T01:05:38.895814+00:00,VES,10,10
2026-09-16T01:05:38.895814+00:00,VND,10,10
2026-09-16T01:05:38.895814+00:00,XAF,10,10
2026-09-16T01:05:38.895814+00:00,XOF,10,10
2026-09-16T01:05:38.895814+00:00,ZAR,10,10
2026-09-16T01:05:38.895814+00:00,ZMW,7,10
2026-09-16T02:05:45.972209+00:00,AED,10,10
2026-09-16T02:05:45.972209+00:00,AFN,1,6
2026-09-16T02:05:45.972209+00:00,AMD,10,10
2026-09-16T02:05:45.972209+00:00,AOA,10,10
2026-09-16T02:05:45.972209+00:00,ARS,10,10
2026-09-16T02:05:45.972209+00:00,AZN,10,10
2026-09-16T02:05:45.972209+00:00,BDT,10,10
2026-09-16T02:05:45.972209+00:00,BND,7,7
2026-09-16T02:05:45.972209+00:00,BOB,10,10
2026-09-16T02:05:45.972209+00:00,BWP,2,10
2026-09-16T02:05:45.972209+00:00,CLP,10,10
2026-09-16T02:05:45.972209+00:00,COP,10,10
2026-09-16T02:05:45.972209+00:00,DZD,10,10
2026-09-16T02:05:45.972209+00:00,EGP,10,10
2026-09-16T02:05:45.972209+00:00,ETB,0,0
2026-09-16T02:05:45.972209+00:00,GEL,10,10
2026-09-16T02:05:45.972209+00:00,GHS,0,0
2026-09-16T02:05:45.972209+00:00,IDR,10,10
2026-09-16T02:05:45.972209+00:00,INR,10,10
2026-09-16T02:05:45.972209+00:00,IQD,10,10
2026-09-16T02:05:45.972209+00:00,JOD,10,10
2026-09-16T02:05:45.972209+00:00,KES,10,10
2026-09-16T02:05:45.972209+00:00,KHR,10,10
2026-09-16T02:05:45.972209+00:00,KWD,10,10
2026-09-16T02:05:45.972209+00:00,KZT,10,10
2026-09-16T02:05:45.972209+00:00,LAK,10,10
2026-09-16T02:05:45.972209+00:00,LBP,3,10
2026-09-16T02:05:45.972209+00:00,LKR,10,10
2026-09-16T02:05:45.972209+00:00,MAD,10,10
2026-09-16T02:05:45.972209+00:00,MNT,10,10
2026-09-16T02:05:45.972209+00:00,MXN,10,10
2026-09-16T02:05:45.972209+00:00,MZN,10,10
2026-09-16T02:05:45.972209+00:00,NGN,0,0
2026-09-16T02:05:45.972209+00:00,NGN,0,0
2026-09-16T02:05:45.972209+00:00,NPR,1,10
2026-09-16T02:05:45.972209+00:00,PEN,10,10
2026-09-16T02:05:45.972209+00:00,PHP,10,10
2026-09-16T02:05:45.972209+00:00,PKR,10,10
2026-09-16T02:05:45.972209+00:00,QAR,10,10
2026-09-16T02:05:45.972209+00:00,RWF,10,10
2026-09-16T02:05:45.972209+00:00,SAR,10,10
2026-09-16T02:05:45.972209+00:00,SDG,10,10
2026-09-16T02:05:45.972209+00:00,SYP,6,10
2026-09-16T02:05:45.972209+00:00,TND,10,10
2026-09-16T02:05:45.972209+00:00,TRY,10,10
2026-09-16T02:05:45.972209+00:00,TZS,10,10
2026-09-16T02:05:45.972209+00:00,UAH,10,10
2026-09-16T02:05:45.972209+00:00,UGX,10,10
2026-09-16T02:05:45.972209+00:00,VES,10,10
2026-09-16T02:05:45.972209+00:00,VND,10,10
2026-09-16T02:05:45.972209+00:00,XAF,10,10
2026-09-16T02:05:45.972209+00:00,XOF,10,10
2026-09-16T02:05:45.972209+00:00,ZAR,10,10
2026-09-16T02:05:45.972209+00:00,ZMW,7,10
2026-09-16T03:05:43.674519+00:00,AED,10,10
2026-09-16T03:05:43.674519+00:00,AFN,1,6
2026-09-16T03:05:43.674519+00:00,AMD,10,10
2026-09-16T03:05:43.674519+00:00,AOA,10,10
2026-09-16T03:05:43.674519+00:00,ARS,10,10
2026-09-16T03:05:43.674519+00:00,AZN,10,10
2026-09-16T03:05:43.674519+00:00,BDT,10,10
2026-09-16T03:05:43.674519+00:00,BND,10,8
2026-09-16T03:05:43.674519+00:00,BOB,10,10
2026-09-16T03:05:43.674519+00:00,BWP,2,10
2026-09-16T03:05:43.674519+00:00,CLP,10,10
2026-09-16T03:05:43.674519+00:00,COP,10,10
2026-09-16T03:05:43.674519+00:00,DZD,10,10
2026-09-16T03:05:43.674519+00:00,EGP,10,10
2026-09-16T03:05:43.674519+00:00,ETB,0,0
2026-09-16T03:05:43.674519+00:00,GEL,10,10
2026-09-16T03:05:43.674519+00:00,GHS,0,0
2026-09-16T03:05:43.674519+00:00,IDR,10,10
2026-09-16T03:05:43.674519+00:00,INR,10,10
2026-09-16T03:05:43.674519+00:00,IQD,10,10
2026-09-16T03:05:43.674519+00:00,JOD,10,10
2026-09-16T03:05:43.674519+00:00,KES,10,10
2026-09-16T03:05:43.674519+00:00,KHR,10,10
2026-09-16T03:05:43.674519+00:00,KWD,10,10
2026-09-16T03:05:43.674519+00:00,KZT,10,10
2026-09-16T03:05:43.674519+00:00,LAK,10,10
2026-09-16T03:05:43.674519+00:00,LBP,5,10
2026-09-16T03:05:43.674519+00:00,LKR,10,10
2026-09-16T03:05:43.674519+00:00,MAD,10,10
2026-09-16T03:05:43.674519+00:00,MNT,10,10
2026-09-16T03:05:43.674519+00:00,MXN,10,10
2026-09-16T03:05:43.674519+00:00,MZN,10,10
2026-09-16T03:05:43.674519+00:00,NGN,0,0
2026-09-16T03:05:43.674519+00:00,NGN,0,0
2026-09-16T03:05:43.674519+00:00,NPR,1,10
2026-09-16T03:05:43.674519+00:00,PEN,10,10
2026-09-16T03:05:43.674519+00:00,PHP,10,10
2026-09-16T03:05:43.674519+00:00,PKR,10,10
2026-09-16T03:05:43.674519+00:00,QAR,10,10
2026-09-16T03:05:43.674519+00:00,RWF,10,10
2026-09-16T03:05:43.674519+00:00,SAR,10,10
2026-09-16T03:05:43.674519+00:00,SDG,10,10
2026-09-16T03:05:43.674519+00:00,SYP,5,10
2026-09-16T03:05:43.674519+00:00,TND,10,10
2026-09-16T03:05:43.674519+00:00,TRY,10,10
2026-09-16T03:05:43.674519+00:00,TZS,10,10
2026-09-16T03:05:43.674519+00:00,UAH,10,10
2026-09-16T03:05:43.674519+00:00,UGX,10,10
2026-09-16T03:05:43.674519+00:00,VES,10,10
2026-09-16T03:05:43.674519+00:00,VND,10,10
2026-09-16T03:05:43.674519+00:00,XAF,10,10
2026-09-16T03:05:43.674519+00:00,XOF,10,10
2026-09-16T03:05:43.674519+00:00,ZAR,10,10
2026-09-16T03:05:43.674519+00:00,ZMW,10,10
2026-09-16T04:05:41.009717+00:00,AED,10,10
2026-09-16T04:05:41.009717+00:00,AFN,2,7
2026-09-16T04:05:41.009717+00:00,AMD,10,10
2026-09-16T04:05:41.009717+00:00,AOA,10,10
2026-09-16T04:05:41.009717+00:00,ARS,10,10
2026-09-16T04:05:41.009717+00:00,AZN,10,10
2026-09-16T04:05:41.009717+00:00,BDT,10,10
2026-09-16T04:05:41.009717+00:00,BND,10,10
2026-09-16T04:05:41.009717+00:00,BOB,10,10
2026-09-16T04:05:41.009717+00:00,BWP,2,10
2026-09-16T04:05:41.009717+00:00,CLP,10,10
2026-09-16T04:05:41.009717+00:00,COP,10,10
2026-09-16T04:05:41.009717+00:00,DZD,10,10
2026-09-16T04:05:41.009717+00:00,EGP,10,10
2026-09-16T04:05:41.009717+00:00,ETB,0,0
2026-09-16T04:05:41.009717+00:00,GEL,10,10
2026-09-16T04:05:41.009717+00:00,GHS,0,0
2026-09-16T04:05:41.009717+00:00,IDR,10,10
2026-09-16T04:05:41.009717+00:00,INR,10,10
2026-09-16T04:05:41.009717+00:00,IQD,10,10
2026-09-16T04:05:41.009717+00:00,JOD,10,10
2026-09-16T04:05:41.009717+00:00,KES,10,10
2026-09-16T04:05:41.009717+00:00,KHR,10,10
2026-09-16T04:05:41.009717+00:00,KWD,10,10
2026-09-16T04:05:41.009717+00:00,KZT,10,10
2026-09-16T04:05:41.009717+00:00,LAK,10,10
2026-09-16T04:05:41.009717+00:00,LBP,10,10
2026-09-16T04:05:41.009717+00:00,LKR,10,10
2026-09-16T04:05:41.009717+00:00,MAD,10,10
2026-09-16T04:05:41.009717+00:00,MNT,10,10
2026-09-16T04:05:41.009717+00:00,MXN,10,10
2026-09-16T04:05:41.009717+00:00,MZN,10,10
2026-09-16T04:05:41.009717+00:00,NGN,0,0
2026-09-16T04:05:41.009717+00:00,NGN,0,0
2026-09-16T04:05:41.009717+00:00,NPR,2,10
2026-09-16T04:05:41.009717+00:00,PEN,10,10
2026-09-16T04:05:41.009717+00:00,PHP,10,10
2026-09-16T04:05:41.009717+00:00,PKR,10,10
2026-09-16T04:05:41.009717+00:00,QAR,10,10
2026-09-16T04:05:41.009717+00:00,RWF,10,10
2026-09-16T04:05:41.009717+00:00,SAR,10,10
2026-09-16T04:05:41.009717+00:00,SDG,10,10
2026-09-16T04:05:41.009717+00:00,SYP,6,10
2026-09-16T04:05:41.009717+00:00,TND,10,10
2026-09-16T04:05:41.009717+00:00,TRY,10,10
2026-09-16T04:05:41.009717+00:00,TZS,10,10
2026-09-16T04:05:41.009717+00:00,UAH,10,10
2026-09-16T04:05:41.009717+00:00,UGX,10,10
2026-09-16T04:05:41.009717+00:00,VES,10,10
2026-09-16T04:05:41.009717+00:00,VND,10,10
2026-09-16T04:05:41.009717+00:00,XAF,10,10
2026-09-16T04:05:41.009717+00:00,XOF,10,10
2026-09-16T04:05:41.009717+00:00,ZAR,10,10
2026-09-16T04:05:41.009717+00:00,ZMW,8,10
2026-09-16T05:05:41.972476+00:00,AED,10,10
2026-09-16T05:05:41.972476+00:00,AFN,3,9
2026-09-16T05:05:41.972476+00:00,AMD,10,10
2026-09-16T05:05:41.972476+00:00,AOA,10,10
2026-09-16T05:05:41.972476+00:00,ARS,10,10
2026-09-16T05:05:41.972476+00:00,AZN,10,10
2026-09-16T05:05:41.972476+00:00,BDT,10,10
2026-09-16T05:05:41.972476+00:00,BND,10,10
2026-09-16T05:05:41.972476+00:00,BOB,10,10
2026-09-16T05:05:41.972476+00:00,BWP,2,10
2026-09-16T05:05:41.972476+00:00,CLP,10,10
2026-09-16T05:05:41.972476+00:00,COP,10,10
2026-09-16T05:05:41.972476+00:00,DZD,10,10
2026-09-16T05:05:41.972476+00:00,EGP,10,10
2026-09-16T05:05:41.972476+00:00,ETB,0,0
2026-09-16T05:05:41.972476+00:00,GEL,10,10
2026-09-16T05:05:41.972476+00:00,GHS,0,0
2026-09-16T05:05:41.972476+00:00,IDR,10,10
2026-09-16T05:05:41.972476+00:00,INR,10,10
2026-09-16T05:05:41.972476+00:00,IQD,10,10
2026-09-16T05:05:41.972476+00:00,JOD,10,10
2026-09-16T05:05:41.972476+00:00,KES,10,10
2026-09-16T05:05:41.972476+00:00,KHR,10,10
2026-09-16T05:05:41.972476+00:00,KWD,10,10
2026-09-16T05:05:41.972476+00:00,KZT,10,10
2026-09-16T05:05:41.972476+00:00,LAK,10,10
2026-09-16T05:05:41.972476+00:00,LBP,10,10
2026-09-16T05:05:41.972476+00:00,LKR,10,10
2026-09-16T05:05:41.972476+00:00,MAD,10,10
2026-09-16T05:05:41.972476+00:00,MNT,10,10
2026-09-16T05:05:41.972476+00:00,MXN,10,10
2026-09-16T05:05:41.972476+00:00,MZN,10,10
2026-09-16T05:05:41.972476+00:00,NGN,0,0
2026-09-16T05:05:41.972476+00:00,NGN,0,0
2026-09-16T05:05:41.972476+00:00,NPR,2,10
2026-09-16T05:05:41.972476+00:00,PEN,10,10
2026-09-16T05:05:41.972476+00:00,PHP,10,10
2026-09-16T05:05:41.972476+00:00,PKR,10,10
2026-09-16T05:05:41.972476+00:00,QAR,10,10
2026-09-16T05:05:41.972476+00:00,RWF,10,10
2026-09-16T05:05:41.972476+00:00,SAR,10,10
2026-09-16T05:05:41.972476+00:00,SDG,10,10
2026-09-16T05:05:41.972476+00:00,SYP,6,10
2026-09-16T05:05:41.972476+00:00,TND,10,10
2026-09-16T05:05:41.972476+00:00,TRY,10,10
2026-09-16T05:05:41.972476+00:00,TZS,10,10
2026-09-16T05:05:41.972476+00:00,UAH,10,10
2026-09-16T05:05:41.972476+00:00,UGX,10,10
2026-09-16T05:05:41.972476+00:00,VES,10,10
2026-09-16T05:05:41.972476+00:00,VND,10,10
2026-09-16T05:05:41.972476+00:00,XAF,10,10
2026-09-16T05:05:41.972476+00:00,XOF,10,10
2026-09-16T05:05:41.972476+00:00,ZAR,10,10
2026-09-16T05:05:41.972476+00:00,ZMW,10,10
2026-09-16T06:05:40.769133+00:00,AED,10,10
2026-09-16T06:05:40.769133+00:00,AFN,3,8
2026-09-16T06:05:40.769133+00:00,AMD,10,10
2026-09-16T06:05:40.769133+00:00,AOA,10,10
2026-09-16T06:05:40.769133+00:00,ARS,10,10
2026-09-16T06:05:40.769133+00:00,AZN,10,10
2026-09-16T06:05:40.769133+00:00,BDT,10,10
2026-09-16T06:05:40.769133+00:00,BND,9,10
2026-09-16T06:05:40.769133+00:00,BOB,10,10
2026-09-16T06:05:40.769133+00:00,BWP,2,10
2026-09-16T06:05:40.769133+00:00,CLP,10,10
2026-09-16T06:05:40.769133+00:00,COP,10,10
2026-09-16T06:05:40.769133+00:00,DZD,10,10
2026-09-16T06:05:40.769133+00:00,EGP,10,10
2026-09-16T06:05:40.769133+00:00,ETB,0,0
2026-09-16T06:05:40.769133+00:00,GEL,10,10
2026-09-16T06:05:40.769133+00:00,GHS,0,0
2026-09-16T06:05:40.769133+00:00,IDR,10,10
2026-09-16T06:05:40.769133+00:00,INR,10,10
2026-09-16T06:05:40.769133+00:00,IQD,10,10
2026-09-16T06:05:40.769133+00:00,JOD,10,10
2026-09-16T06:05:40.769133+00:00,KES,10,10
2026-09-16T06:05:40.769133+00:00,KHR,10,10
2026-09-16T06:05:40.769133+00:00,KWD,10,10
2026-09-16T06:05:40.769133+00:00,KZT,10,10
2026-09-16T06:05:40.769133+00:00,LAK,10,10
2026-09-16T06:05:40.769133+00:00,LBP,10,10
2026-09-16T06:05:40.769133+00:00,LKR,10,10
2026-09-16T06:05:40.769133+00:00,MAD,10,10
2026-09-16T06:05:40.769133+00:00,MNT,10,10
2026-09-16T06:05:40.769133+00:00,MXN,10,10
2026-09-16T06:05:40.769133+00:00,MZN,10,10
2026-09-16T06:05:40.769133+00:00,NGN,0,0
2026-09-16T06:05:40.769133+00:00,NGN,0,0
2026-09-16T06:05:40.769133+00:00,NPR,2,10
2026-09-16T06:05:40.769133+00:00,PEN,10,10
2026-09-16T06:05:40.769133+00:00,PHP,10,10
2026-09-16T06:05:40.769133+00:00,PKR,10,10
2026-09-16T06:05:40.769133+00:00,QAR,10,10
2026-09-16T06:05:40.769133+00:00,RWF,10,10
2026-09-16T06:05:40.769133+00:00,SAR,10,10
2026-09-16T06:05:40.769133+00:00,SDG,10,10
2026-09-16T06:05:40.769133+00:00,SYP,4,10
2026-09-16T06:05:40.769133+00:00,TND,10,10
2026-09-16T06:05:40.769133+00:00,TRY,10,10
2026-09-16T06:05:40.769133+00:00,TZS,10,10
2026-09-16T06:05:40.769133+00:00,UAH,10,10
2026-09-16T06:05:40.769133+00:00,UGX,10,10
2026-09-16T06:05:40.769133+00:00,VES,10,10
2026-09-16T06:05:40.769133+00:00,VND,10,10
2026-09-16T06:05:40.769133+00:00,XAF,10,10
2026-09-16T06:05:40.769133+00:00,XOF,10,10
2026-09-16T06:05:40.769133+00:00,ZAR,10,10
2026-09-16T06:05:40.769133+00:00,ZMW,10,10
2026-09-16T07:05:39.520232+00:00,AED,10,10
2026-09-16T07:05:39.520232+00:00,AFN,2,8
2026-09-16T07:05:39.520232+00:00,AMD,10,10
2026-09-16T07:05:39.520232+00:00,AOA,9,10
2026-09-16T07:05:39.520232+00:00,ARS,10,10
2026-09-16T07:05:39.520232+00:00,AZN,10,10
2026-09-16T07:05:39.520232+00:00,BDT,10,10
2026-09-16T07:05:39.520232+00:00,BND,8,10
2026-09-16T07:05:39.520232+00:00,BOB,10,10
2026-09-16T07:05:39.520232+00:00,BWP,2,10
2026-09-16T07:05:39.520232+00:00,CLP,10,10
2026-09-16T07:05:39.520232+00:00,COP,10,10
2026-09-16T07:05:39.520232+00:00,DZD,10,10
2026-09-16T07:05:39.520232+00:00,EGP,10,10
2026-09-16T07:05:39.520232+00:00,ETB,0,0
2026-09-16T07:05:39.520232+00:00,GEL,10,10
2026-09-16T07:05:39.520232+00:00,GHS,0,0
2026-09-16T07:05:39.520232+00:00,IDR,10,10
2026-09-16T07:05:39.520232+00:00,INR,10,10
2026-09-16T07:05:39.520232+00:00,IQD,10,10
2026-09-16T07:05:39.520232+00:00,JOD,10,10
2026-09-16T07:05:39.520232+00:00,KES,10,10
2026-09-16T07:05:39.520232+00:00,KHR,10,10
2026-09-16T07:05:39.520232+00:00,KWD,10,10
2026-09-16T07:05:39.520232+00:00,KZT,10,10
2026-09-16T07:05:39.520232+00:00,LAK,10,10
2026-09-16T07:05:39.520232+00:00,LBP,10,10
2026-09-16T07:05:39.520232+00:00,LKR,10,10
2026-09-16T07:05:39.520232+00:00,MAD,10,10
2026-09-16T07:05:39.520232+00:00,MNT,10,10
2026-09-16T07:05:39.520232+00:00,MXN,10,10
2026-09-16T07:05:39.520232+00:00,MZN,10,10
2026-09-16T07:05:39.520232+00:00,NGN,0,0
2026-09-16T07:05:39.520232+00:00,NGN,0,0
2026-09-16T07:05:39.520232+00:00,NPR,4,10
2026-09-16T07:05:39.520232+00:00,PEN,10,10
2026-09-16T07:05:39.520232+00:00,PHP,10,10
2026-09-16T07:05:39.520232+00:00,PKR,10,10
2026-09-16T07:05:39.520232+00:00,QAR,10,10
2026-09-16T07:05:39.520232+00:00,RWF,10,10
2026-09-16T07:05:39.520232+00:00,SAR,10,10
2026-09-16T07:05:39.520232+00:00,SDG,10,10
2026-09-16T07:05:39.520232+00:00,SYP,4,10
2026-09-16T07:05:39.520232+00:00,TND,10,10
2026-09-16T07:05:39.520232+00:00,TRY,10,10
2026-09-16T07:05:39.520232+00:00,TZS,10,10
2026-09-16T07:05:39.520232+00:00,UAH,10,10
2026-09-16T07:05:39.520232+00:00,UGX,10,10
2026-09-16T07:05:39.520232+00:00,VES,10,10
2026-09-16T07:05:39.520232+00:00,VND,10,10
2026-09-16T07:05:39.520232+00:00,XAF,10,10
2026-09-16T07:05:39.520232+00:00,XOF,10,10
2026-09-16T07:05:39.520232+00:00,ZAR,10,10
2026-09-16T07:05:39.520232+00:00,ZMW,10,10
2026-09-16T08:05:41.028785+00:00,AED,10,10
2026-09-16T08:05:41.028785+00:00,AFN,2,7
2026-09-16T08:05:41.028785+00:00,AMD,10,10
2026-09-16T08:05:41.028785+00:00,AOA,10,10
2026-09-16T08:05:41.028785+00:00,ARS,10,10
2026-09-16T08:05:41.028785+00:00,AZN,10,10
2026-09-16T08:05:41.028785+00:00,BDT,10,10
2026-09-16T08:05:41.028785+00:00,BND,9,10
2026-09-16T08:05:41.028785+00:00,BOB,10,10
2026-09-16T08:05:41.028785+00:00,BWP,2,10
2026-09-16T08:05:41.028785+00:00,CLP,10,10
2026-09-16T08:05:41.028785+00:00,COP,10,10
2026-09-16T08:05:41.028785+00:00,DZD,10,10
2026-09-16T08:05:41.028785+00:00,EGP,10,10
2026-09-16T08:05:41.028785+00:00,ETB,0,0
2026-09-16T08:05:41.028785+00:00,GEL,10,10
2026-09-16T08:05:41.028785+00:00,GHS,0,0
2026-09-16T08:05:41.028785+00:00,IDR,10,10
2026-09-16T08:05:41.028785+00:00,INR,10,10
2026-09-16T08:05:41.028785+00:00,IQD,10,10
2026-09-16T08:05:41.028785+00:00,JOD,10,10
2026-09-16T08:05:41.028785+00:00,KES,10,10
2026-09-16T08:05:41.028785+00:00,KHR,10,10
2026-09-16T08:05:41.028785+00:00,KWD,10,10
2026-09-16T08:05:41.028785+00:00,KZT,10,10
2026-09-16T08:05:41.028785+00:00,LAK,10,10
2026-09-16T08:05:41.028785+00:00,LBP,10,10
2026-09-16T08:05:41.028785+00:00,LKR,10,10
2026-09-16T08:05:41.028785+00:00,MAD,10,10
2026-09-16T08:05:41.028785+00:00,MNT,10,10
2026-09-16T08:05:41.028785+00:00,MXN,10,10
2026-09-16T08:05:41.028785+00:00,MZN,10,10
2026-09-16T08:05:41.028785+00:00,NGN,0,0
2026-09-16T08:05:41.028785+00:00,NGN,0,0
2026-09-16T08:05:41.028785+00:00,NPR,4,10
2026-09-16T08:05:41.028785+00:00,PEN,10,10
2026-09-16T08:05:41.028785+00:00,PHP,10,10
2026-09-16T08:05:41.028785+00:00,PKR,10,10
2026-09-16T08:05:41.028785+00:00,QAR,10,10
2026-09-16T08:05:41.028785+00:00,RWF,10,10
2026-09-16T08:05:41.028785+00:00,SAR,10,10
2026-09-16T08:05:41.028785+00:00,SDG,7,10
2026-09-16T08:05:41.028785+00:00,SYP,9,10
2026-09-16T08:05:41.028785+00:00,TND,10,10
2026-09-16T08:05:41.028785+00:00,TRY,10,10
2026-09-16T08:05:41.028785+00:00,TZS,10,10
2026-09-16T08:05:41.028785+00:00,UAH,10,10
2026-09-16T08:05:41.028785+00:00,UGX,10,10
2026-09-16T08:05:41.028785+00:00,VES,10,10
2026-09-16T08:05:41.028785+00:00,VND,10,10
2026-09-16T08:05:41.028785+00:00,XAF,10,10
2026-09-16T08:05:41.028785+00:00,XOF,10,10
2026-09-16T08:05:41.028785+00:00,ZAR,10,10
2026-09-16T08:05:41.028785+00:00,ZMW,10,10
2026-09-16T09:05:43.256744+00:00,AED,10,10
2026-09-16T09:05:43.256744+00:00,AFN,2,7
2026-09-16T09:05:43.256744+00:00,AMD,10,10
2026-09-16T09:05:43.256744+00:00,AOA,10,10
2026-09-16T09:05:43.256744+00:00,ARS,10,10
2026-09-16T09:05:43.256744+00:00,AZN,10,10
2026-09-16T09:05:43.256744+00:00,BDT,10,10
2026-09-16T09:05:43.256744+00:00,BND,9,10
2026-09-16T09:05:43.256744+00:00,BOB,10,10
2026-09-16T09:05:43.256744+00:00,BWP,2,10
2026-09-16T09:05:43.256744+00:00,CLP,10,10
2026-09-16T09:05:43.256744+00:00,COP,10,10
2026-09-16T09:05:43.256744+00:00,DZD,10,10
2026-09-16T09:05:43.256744+00:00,EGP,10,10
2026-09-16T09:05:43.256744+00:00,ETB,0,0
2026-09-16T09:05:43.256744+00:00,GEL,10,10
2026-09-16T09:05:43.256744+00:00,GHS,0,0
2026-09-16T09:05:43.256744+00:00,IDR,10,10
2026-09-16T09:05:43.256744+00:00,INR,10,10
2026-09-16T09:05:43.256744+00:00,IQD,10,10
2026-09-16T09:05:43.256744+00:00,JOD,10,10
2026-09-16T09:05:43.256744+00:00,KES,10,10
2026-09-16T09:05:43.256744+00:00,KHR,10,10
2026-09-16T09:05:43.256744+00:00,KWD,10,10
2026-09-16T09:05:43.256744+00:00,KZT,10,10
2026-09-16T09:05:43.256744+00:00,LAK,10,10
2026-09-16T09:05:43.256744+00:00,LBP,10,10
2026-09-16T09:05:43.256744+00:00,LKR,10,10
2026-09-16T09:05:43.256744+00:00,MAD,10,10
2026-09-16T09:05:43.256744+00:00,MNT,10,10
2026-09-16T09:05:43.256744+00:00,MXN,10,10
2026-09-16T09:05:43.256744+00:00,MZN,10,10
2026-09-16T09:05:43.256744+00:00,NGN,0,0
2026-09-16T09:05:43.256744+00:00,NGN,0,0
2026-09-16T09:05:43.256744+00:00,NPR,4,10
2026-09-16T09:05:43.256744+00:00,PEN,10,10
2026-09-16T09:05:43.256744+00:00,PHP,10,10
2026-09-16T09:05:43.256744+00:00,PKR,10,10
2026-09-16T09:05:43.256744+00:00,QAR,10,10
2026-09-16T09:05:43.256744+00:00,RWF,10,10
2026-09-16T09:05:43.256744+00:00,SAR,10,10
2026-09-16T09:05:43.256744+00:00,SDG,1,10
2026-09-16T09:05:43.256744+00:00,SYP,4,10
2026-09-16T09:05:43.256744+00:00,TND,10,10
2026-09-16T09:05:43.256744+00:00,TRY,10,10
2026-09-16T09:05:43.256744+00:00,TZS,10,10
2026-09-16T09:05:43.256744+00:00,UAH,10,10
2026-09-16T09:05:43.256744+00:00,UGX,10,10
2026-09-16T09:05:43.256744+00:00,VES,10,10
2026-09-16T09:05:43.256744+00:00,VND,10,10
2026-09-16T09:05:43.256744+00:00,XAF,10,10
2026-09-16T09:05:43.256744+00:00,XOF,10,10
2026-09-16T09:05:43.256744+00:00,ZAR,10,10
2026-09-16T09:05:43.256744+00:00,ZMW,10,10
2026-09-16T10:05:39.610400+00:00,AED,10,10
2026-09-16T10:05:39.610400+00:00,AFN,2,7
2026-09-16T10:05:39.610400+00:00,AMD,10,10
2026-09-16T10:05:39.610400+00:00,AOA,10,10
2026-09-16T10:05:39.610400+00:00,ARS,10,10
2026-09-16T10:05:39.610400+00:00,AZN,10,10
2026-09-16T10:05:39.610400+00:00,BDT,10,10
2026-09-16T10:05:39.610400+00:00,BND,8,10
2026-09-16T10:05:39.610400+00:00,BOB,10,10
2026-09-16T10:05:39.610400+00:00,BWP,2,10
2026-09-16T10:05:39.610400+00:00,CLP,10,10
2026-09-16T10:05:39.610400+00:00,COP,10,10
2026-09-16T10:05:39.610400+00:00,DZD,10,10
2026-09-16T10:05:39.610400+00:00,EGP,10,10
2026-09-16T10:05:39.610400+00:00,ETB,0,0
2026-09-16T10:05:39.610400+00:00,GEL,10,10
2026-09-16T10:05:39.610400+00:00,GHS,0,0
2026-09-16T10:05:39.610400+00:00,IDR,10,10
2026-09-16T10:05:39.610400+00:00,INR,10,10
2026-09-16T10:05:39.610400+00:00,IQD,10,10
2026-09-16T10:05:39.610400+00:00,JOD,10,10
2026-09-16T10:05:39.610400+00:00,KES,10,10
2026-09-16T10:05:39.610400+00:00,KHR,10,10
2026-09-16T10:05:39.610400+00:00,KWD,10,10
2026-09-16T10:05:39.610400+00:00,KZT,10,10
2026-09-16T10:05:39.610400+00:00,LAK,10,10
2026-09-16T10:05:39.610400+00:00,LBP,10,10
2026-09-16T10:05:39.610400+00:00,LKR,10,10
2026-09-16T10:05:39.610400+00:00,MAD,10,10
2026-09-16T10:05:39.610400+00:00,MNT,10,10
2026-09-16T10:05:39.610400+00:00,MXN,10,10
2026-09-16T10:05:39.610400+00:00,MZN,10,10
2026-09-16T10:05:39.610400+00:00,NGN,0,0
2026-09-16T10:05:39.610400+00:00,NGN,0,0
2026-09-16T10:05:39.610400+00:00,NPR,4,10
2026-09-16T10:05:39.610400+00:00,PEN,10,10
2026-09-16T10:05:39.610400+00:00,PHP,10,10
2026-09-16T10:05:39.610400+00:00,PKR,10,10
2026-09-16T10:05:39.610400+00:00,QAR,10,10
2026-09-16T10:05:39.610400+00:00,RWF,10,10
2026-09-16T10:05:39.610400+00:00,SAR,10,10
2026-09-16T10:05:39.610400+00:00,SDG,1,10
2026-09-16T10:05:39.610400+00:00,SYP,3,10
2026-09-16T10:05:39.610400+00:00,TND,10,10
2026-09-16T10:05:39.610400+00:00,TRY,10,10
2026-09-16T10:05:39.610400+00:00,TZS,10,10
2026-09-16T10:05:39.610400+00:00,UAH,10,10
2026-09-16T10:05:39.610400+00:00,UGX,10,10
2026-09-16T10:05:39.610400+00:00,VES,10,10
2026-09-16T10:05:39.610400+00:00,VND,10,10
2026-09-16T10:05:39.610400+00:00,XAF,10,10
2026-09-16T10:05:39.610400+00:00,XOF,10,10
2026-09-16T10:05:39.610400+00:00,ZAR,10,10
2026-09-16T10:05:39.610400+00:00,ZMW,10,10
2026-09-16T11:05:36.435972+00:00,AED,10,10
2026-09-16T11:05:36.435972+00:00,AFN,2,6
2026-09-16T11:05:36.435972+00:00,AMD,10,10
2026-09-16T11:05:36.435972+00:00,AOA,10,10
2026-09-16T11:05:36.435972+00:00,ARS,10,10
2026-09-16T11:05:36.435972+00:00,AZN,10,10
2026-09-16T11:05:36.435972+00:00,BDT,10,10
2026-09-16T11:05:36.435972+00:00,BND,7,10
2026-09-16T11:05:36.435972+00:00,BOB,10,10
2026-09-16T11:05:36.435972+00:00,BWP,2,10
2026-09-16T11:05:36.435972+00:00,CLP,10,10
2026-09-16T11:05:36.435972+00:00,COP,10,10
2026-09-16T11:05:36.435972+00:00,DZD,10,10
2026-09-16T11:05:36.435972+00:00,EGP,10,10
2026-09-16T11:05:36.435972+00:00,ETB,0,0
2026-09-16T11:05:36.435972+00:00,GEL,10,10
2026-09-16T11:05:36.435972+00:00,GHS,0,0
2026-09-16T11:05:36.435972+00:00,IDR,10,10
2026-09-16T11:05:36.435972+00:00,INR,10,10
2026-09-16T11:05:36.435972+00:00,IQD,10,10
2026-09-16T11:05:36.435972+00:00,JOD,10,10
2026-09-16T11:05:36.435972+00:00,KES,10,10
2026-09-16T11:05:36.435972+00:00,KHR,10,10
2026-09-16T11:05:36.435972+00:00,KWD,10,10
2026-09-16T11:05:36.435972+00:00,KZT,10,10
2026-09-16T11:05:36.435972+00:00,LAK,10,10
2026-09-16T11:05:36.435972+00:00,LBP,10,10
2026-09-16T11:05:36.435972+00:00,LKR,10,10
2026-09-16T11:05:36.435972+00:00,MAD,10,10
2026-09-16T11:05:36.435972+00:00,MNT,10,10
2026-09-16T11:05:36.435972+00:00,MXN,10,10
2026-09-16T11:05:36.435972+00:00,MZN,10,10
2026-09-16T11:05:36.435972+00:00,NGN,0,0
2026-09-16T11:05:36.435972+00:00,NGN,0,0
2026-09-16T11:05:36.435972+00:00,NPR,4,10
2026-09-16T11:05:36.435972+00:00,PEN,10,10
2026-09-16T11:05:36.435972+00:00,PHP,10,10
2026-09-16T11:05:36.435972+00:00,PKR,10,10
2026-09-16T11:05:36.435972+00:00,QAR,10,10
2026-09-16T11:05:36.435972+00:00,RWF,10,10
2026-09-16T11:05:36.435972+00:00,SAR,10,10
2026-09-16T11:05:36.435972+00:00,SDG,1,10
2026-09-16T11:05:36.435972+00:00,SYP,0,10
2026-09-16T11:05:36.435972+00:00,TND,10,10
2026-09-16T11:05:36.435972+00:00,TRY,10,10
2026-09-16T11:05:36.435972+00:00,TZS,10,10
2026-09-16T11:05:36.435972+00:00,UAH,10,10
2026-09-16T11:05:36.435972+00:00,UGX,10,10
2026-09-16T11:05:36.435972+00:00,VES,10,10
2026-09-16T11:05:36.435972+00:00,VND,10,10
2026-09-16T11:05:36.435972+00:00,XAF,10,10
2026-09-16T11:05:36.435972+00:00,XOF,10,10
2026-09-16T11:05:36.435972+00:00,ZAR,10,10
2026-09-16T11:05:36.435972+00:00,ZMW,10,10
2026-09-16T12:05:38.242740+00:00,AED,10,10
2026-09-16T12:05:38.242740+00:00,AFN,2,7
2026-09-16T12:05:38.242740+00:00,AMD,10,10
2026-09-16T12:05:38.242740+00:00,AOA,10,10
2026-09-16T12:05:38.242740+00:00,ARS,10,10
2026-09-16T12:05:38.242740+00:00,AZN,10,10
2026-09-16T12:05:38.242740+00:00,BDT,10,10
2026-09-16T12:05:38.242740+00:00,BND,6,10
2026-09-16T12:05:38.242740+00:00,BOB,10,10
2026-09-16T12:05:38.242740+00:00,BWP,2,10
2026-09-16T12:05:38.242740+00:00,CLP,10,10
2026-09-16T12:05:38.242740+00:00,COP,10,10
2026-09-16T12:05:38.242740+00:00,DZD,10,10
2026-09-16T12:05:38.242740+00:00,EGP,10,10
2026-09-16T12:05:38.242740+00:00,ETB,0,0
2026-09-16T12:05:38.242740+00:00,GEL,10,10
2026-09-16T12:05:38.242740+00:00,GHS,0,0
2026-09-16T12:05:38.242740+00:00,IDR,10,10
2026-09-16T12:05:38.242740+00:00,INR,10,10
2026-09-16T12:05:38.242740+00:00,IQD,10,10
2026-09-16T12:05:38.242740+00:00,JOD,10,10
2026-09-16T12:05:38.242740+00:00,KES,10,10
2026-09-16T12:05:38.242740+00:00,KHR,10,10
2026-09-16T12:05:38.242740+00:00,KWD,10,10
2026-09-16T12:05:38.242740+00:00,KZT,10,10
2026-09-16T12:05:38.242740+00:00,LAK,10,10
2026-09-16T12:05:38.242740+00:00,LBP,10,10
2026-09-16T12:05:38.242740+00:00,LKR,10,10
2026-09-16T12:05:38.242740+00:00,MAD,10,10
2026-09-16T12:05:38.242740+00:00,MNT,10,10
2026-09-16T12:05:38.242740+00:00,MXN,10,10
2026-09-16T12:05:38.242740+00:00,MZN,10,10
2026-09-16T12:05:38.242740+00:00,NGN,0,0
2026-09-16T12:05:38.242740+00:00,NGN,0,0
2026-09-16T12:05:38.242740+00:00,NPR,2,10
2026-09-16T12:05:38.242740+00:00,PEN,10,10
2026-09-16T12:05:38.242740+00:00,PHP,10,10
2026-09-16T12:05:38.242740+00:00,PKR,10,10
2026-09-16T12:05:38.242740+00:00,QAR,10,10
2026-09-16T12:05:38.242740+00:00,RWF,10,10
2026-09-16T12:05:38.242740+00:00,SAR,10,10
2026-09-16T12:05:38.242740+00:00,SDG,2,10
2026-09-16T12:05:38.242740+00:00,SYP,0,10
2026-09-16T12:05:38.242740+00:00,TND,10,10
2026-09-16T12:05:38.242740+00:00,TRY,10,10
2026-09-16T12:05:38.242740+00:00,TZS,10,10
2026-09-16T12:05:38.242740+00:00,UAH,10,10
2026-09-16T12:05:38.242740+00:00,UGX,10,10
2026-09-16T12:05:38.242740+00:00,VES,10,10
2026-09-16T12:05:38.242740+00:00,VND,10,10
2026-09-16T12:05:38.242740+00:00,XAF,10,10
2026-09-16T12:05:38.242740+00:00,XOF,10,10
2026-09-16T12:05:38.242740+00:00,ZAR,10,10
2026-09-16T12:05:38.242740+00:00,ZMW,10,10
2026-09-16T13:05:44.768824+00:00,AED,10,10
2026-09-16T13:05:44.768824+00:00,AFN,3,8
2026-09-16T13:05:44.768824+00:00,AMD,10,10
2026-09-16T13:05:44.768824+00:00,AOA,10,10
2026-09-16T13:05:44.768824+00:00,ARS,10,10
2026-09-16T13:05:44.768824+00:00,AZN,10,10
2026-09-16T13:05:44.768824+00:00,BDT,10,10
2026-09-16T13:05:44.768824+00:00,BND,6,10
2026-09-16T13:05:44.768824+00:00,BOB,10,10
2026-09-16T13:05:44.768824+00:00,BWP,2,10
2026-09-16T13:05:44.768824+00:00,CLP,10,10
2026-09-16T13:05:44.768824+00:00,COP,10,10
2026-09-16T13:05:44.768824+00:00,DZD,10,10
2026-09-16T13:05:44.768824+00:00,EGP,10,10
2026-09-16T13:05:44.768824+00:00,ETB,0,0
2026-09-16T13:05:44.768824+00:00,GEL,10,10
2026-09-16T13:05:44.768824+00:00,GHS,0,0
2026-09-16T13:05:44.768824+00:00,IDR,10,10
2026-09-16T13:05:44.768824+00:00,INR,10,10
2026-09-16T13:05:44.768824+00:00,IQD,10,10
2026-09-16T13:05:44.768824+00:00,JOD,10,10
2026-09-16T13:05:44.768824+00:00,KES,10,10
2026-09-16T13:05:44.768824+00:00,KHR,10,10
2026-09-16T13:05:44.768824+00:00,KWD,10,10
2026-09-16T13:05:44.768824+00:00,KZT,10,10
2026-09-16T13:05:44.768824+00:00,LAK,10,10
2026-09-16T13:05:44.768824+00:00,LBP,10,10
2026-09-16T13:05:44.768824+00:00,LKR,10,10
2026-09-16T13:05:44.768824+00:00,MAD,10,10
2026-09-16T13:05:44.768824+00:00,MNT,10,10
2026-09-16T13:05:44.768824+00:00,MXN,10,10
2026-09-16T13:05:44.768824+00:00,MZN,10,10
2026-09-16T13:05:44.768824+00:00,NGN,0,0
2026-09-16T13:05:44.768824+00:00,NGN,0,0
2026-09-16T13:05:44.768824+00:00,NPR,2,10
2026-09-16T13:05:44.768824+00:00,PEN,10,10
2026-09-16T13:05:44.768824+00:00,PHP,10,10
2026-09-16T13:05:44.768824+00:00,PKR,10,10
2026-09-16T13:05:44.768824+00:00,QAR,10,10
2026-09-16T13:05:44.768824+00:00,RWF,10,10
2026-09-16T13:05:44.768824+00:00,SAR,10,10
2026-09-16T13:05:44.768824+00:00,SDG,2,10
2026-09-16T13:05:44.768824+00:00,SYP,1,10
2026-09-16T13:05:44.768824+00:00,TND,10,10
2026-09-16T13:05:44.768824+00:00,TRY,10,10
2026-09-16T13:05:44.768824+00:00,TZS,10,10
2026-09-16T13:05:44.768824+00:00,UAH,10,10
2026-09-16T13:05:44.768824+00:00,UGX,10,10
2026-09-16T13:05:44.768824+00:00,VES,10,10
2026-09-16T13:05:44.768824+00:00,VND,10,10
2026-09-16T13:05:44.768824+00:00,XAF,10,10
2026-09-16T13:05:44.768824+00:00,XOF,10,10
2026-09-16T13:05:44.768824+00:00,ZAR,10,10
2026-09-16T13:05:44.768824+00:00,ZMW,10,10
2026-09-16T14:05:43.523202+00:00,AED,10,10
2026-09-16T14:05:43.523202+00:00,AFN,3,6
2026-09-16T14:05:43.523202+00:00,AMD,10,10
2026-09-16T14:05:43.523202+00:00,AOA,9,10
2026-09-16T14:05:43.523202+00:00,ARS,10,10
2026-09-16T14:05:43.523202+00:00,AZN,10,10
2026-09-16T14:05:43.523202+00:00,BDT,10,10
2026-09-16T14:05:43.523202+00:00,BND,7,10
2026-09-16T14:05:43.523202+00:00,BOB,10,10
2026-09-16T14:05:43.523202+00:00,BWP,2,10
2026-09-16T14:05:43.523202+00:00,CLP,10,10
2026-09-16T14:05:43.523202+00:00,COP,10,10
2026-09-16T14:05:43.523202+00:00,DZD,10,10
2026-09-16T14:05:43.523202+00:00,EGP,10,10
2026-09-16T14:05:43.523202+00:00,ETB,0,0
2026-09-16T14:05:43.523202+00:00,GEL,10,10
2026-09-16T14:05:43.523202+00:00,GHS,0,0
2026-09-16T14:05:43.523202+00:00,IDR,10,10
2026-09-16T14:05:43.523202+00:00,INR,10,10
2026-09-16T14:05:43.523202+00:00,IQD,10,10
2026-09-16T14:05:43.523202+00:00,JOD,10,10
2026-09-16T14:05:43.523202+00:00,KES,10,10
2026-09-16T14:05:43.523202+00:00,KHR,10,10
2026-09-16T14:05:43.523202+00:00,KWD,10,10
2026-09-16T14:05:43.523202+00:00,KZT,10,10
2026-09-16T14:05:43.523202+00:00,LAK,10,10
2026-09-16T14:05:43.523202+00:00,LBP,10,10
2026-09-16T14:05:43.523202+00:00,LKR,10,10
2026-09-16T14:05:43.523202+00:00,MAD,10,10
2026-09-16T14:05:43.523202+00:00,MNT,10,10
2026-09-16T14:05:43.523202+00:00,MXN,10,10
2026-09-16T14:05:43.523202+00:00,MZN,10,10
2026-09-16T14:05:43.523202+00:00,NGN,0,0
2026-09-16T14:05:43.523202+00:00,NGN,0,0
2026-09-16T14:05:43.523202+00:00,NPR,1,10
2026-09-16T14:05:43.523202+00:00,PEN,10,10
2026-09-16T14:05:43.523202+00:00,PHP,10,10
2026-09-16T14:05:43.523202+00:00,PKR,10,10
2026-09-16T14:05:43.523202+00:00,QAR,10,10
2026-09-16T14:05:43.523202+00:00,RWF,10,10
2026-09-16T14:05:43.523202+00:00,SAR,10,10
2026-09-16T14:05:43.523202+00:00,SDG,1,10
2026-09-16T14:05:43.523202+00:00,SYP,1,10
2026-09-16T14:05:43.523202+00:00,TND,10,10
2026-09-16T14:05:43.523202+00:00,TRY,10,10
2026-09-16T14:05:43.523202+00:00,TZS,10,10
2026-09-16T14:05:43.523202+00:00,UAH,10,10
2026-09-16T14:05:43.523202+00:00,UGX,10,10
2026-09-16T14:05:43.523202+00:00,VES,10,10
2026-09-16T14:05:43.523202+00:00,VND,10,10
2026-09-16T14:05:43.523202+00:00,XAF,10,10
2026-09-16T14:05:43.523202+00:00,XOF,10,10
2026-09-16T14:05:43.523202+00:00,ZAR,10,10
2026-09-16T14:05:43.523202+00:00,ZMW,10,10
2026-09-16T15:05:40.132242+00:00,AED,10,10
2026-09-16T15:05:40.132242+00:00,AFN,3,7
2026-09-16T15:05:40.132242+00:00,AMD,10,10
2026-09-16T15:05:40.132242+00:00,AOA,10,10
2026-09-16T15:05:40.132242+00:00,ARS,10,10
2026-09-16T15:05:40.132242+00:00,AZN,10,10
2026-09-16T15:05:40.132242+00:00,BDT,10,10
2026-09-16T15:05:40.132242+00:00,BND,4,10
2026-09-16T15:05:40.132242+00:00,BOB,10,10
2026-09-16T15:05:40.132242+00:00,BWP,2,10
2026-09-16T15:05:40.132242+00:00,CLP,10,10
2026-09-16T15:05:40.132242+00:00,COP,10,10
2026-09-16T15:05:40.132242+00:00,DZD,10,10
2026-09-16T15:05:40.132242+00:00,EGP,10,10
2026-09-16T15:05:40.132242+00:00,ETB,0,0
2026-09-16T15:05:40.132242+00:00,GEL,10,10
2026-09-16T15:05:40.132242+00:00,GHS,0,0
2026-09-16T15:05:40.132242+00:00,IDR,10,10
2026-09-16T15:05:40.132242+00:00,INR,10,10
2026-09-16T15:05:40.132242+00:00,IQD,10,10
2026-09-16T15:05:40.132242+00:00,JOD,10,10
2026-09-16T15:05:40.132242+00:00,KES,10,10
2026-09-16T15:05:40.132242+00:00,KHR,10,10
2026-09-16T15:05:40.132242+00:00,KWD,10,10
2026-09-16T15:05:40.132242+00:00,KZT,10,10
2026-09-16T15:05:40.132242+00:00,LAK,10,10
2026-09-16T15:05:40.132242+00:00,LBP,10,10
2026-09-16T15:05:40.132242+00:00,LKR,10,10
2026-09-16T15:05:40.132242+00:00,MAD,10,10
2026-09-16T15:05:40.132242+00:00,MNT,10,10
2026-09-16T15:05:40.132242+00:00,MXN,10,10
2026-09-16T15:05:40.132242+00:00,MZN,10,10
2026-09-16T15:05:40.132242+00:00,NGN,0,0
2026-09-16T15:05:40.132242+00:00,NGN,0,0
2026-09-16T15:05:40.132242+00:00,NPR,2,10
2026-09-16T15:05:40.132242+00:00,PEN,10,10
2026-09-16T15:05:40.132242+00:00,PHP,10,10
2026-09-16T15:05:40.132242+00:00,PKR,10,10
2026-09-16T15:05:40.132242+00:00,QAR,10,10
2026-09-16T15:05:40.132242+00:00,RWF,10,10
2026-09-16T15:05:40.132242+00:00,SAR,10,10
2026-09-16T15:05:40.132242+00:00,SDG,4,10
2026-09-16T15:05:40.132242+00:00,SYP,2,10
2026-09-16T15:05:40.132242+00:00,TND,10,10
2026-09-16T15:05:40.132242+00:00,TRY,10,10
2026-09-16T15:05:40.132242+00:00,TZS,10,10
2026-09-16T15:05:40.132242+00:00,UAH,10,10
2026-09-16T15:05:40.132242+00:00,UGX,10,10
2026-09-16T15:05:40.132242+00:00,VES,10,10
2026-09-16T15:05:40.132242+00:00,VND,10,10
2026-09-16T15:05:40.132242+00:00,XAF,10,10
2026-09-16T15:05:40.132242+00:00,XOF,10,10
2026-09-16T15:05:40.132242+00:00,ZAR,10,10
2026-09-16T15:05:40.132242+00:00,ZMW,10,10
2026-09-16T16:05:44.259216+00:00,AED,10,10
2026-09-16T16:05:44.259216+00:00,AFN,2,8
2026-09-16T16:05:44.259216+00:00,AMD,10,10
2026-09-16T16:05:44.259216+00:00,AOA,10,10
2026-09-16T16:05:44.259216+00:00,ARS,10,10
2026-09-16T16:05:44.259216+00:00,AZN,10,10
2026-09-16T16:05:44.259216+00:00,BDT,10,10
2026-09-16T16:05:44.259216+00:00,BND,3,10
2026-09-16T16:05:44.259216+00:00,BOB,10,10
2026-09-16T16:05:44.259216+00:00,BWP,2,10
2026-09-16T16:05:44.259216+00:00,CLP,10,10
2026-09-16T16:05:44.259216+00:00,COP,10,10
2026-09-16T16:05:44.259216+00:00,DZD,10,10
2026-09-16T16:05:44.259216+00:00,EGP,10,10
2026-09-16T16:05:44.259216+00:00,ETB,0,0
2026-09-16T16:05:44.259216+00:00,GEL,10,10
2026-09-16T16:05:44.259216+00:00,GHS,0,0
2026-09-16T16:05:44.259216+00:00,IDR,10,10
2026-09-16T16:05:44.259216+00:00,INR,10,10
2026-09-16T16:05:44.259216+00:00,IQD,10,10
2026-09-16T16:05:44.259216+00:00,JOD,10,10
2026-09-16T16:05:44.259216+00:00,KES,10,10
2026-09-16T16:05:44.259216+00:00,KHR,10,10
2026-09-16T16:05:44.259216+00:00,KWD,10,10
2026-09-16T16:05:44.259216+00:00,KZT,10,10
2026-09-16T16:05:44.259216+00:00,LAK,10,10
2026-09-16T16:05:44.259216+00:00,LBP,10,10
2026-09-16T16:05:44.259216+00:00,LKR,10,10
2026-09-16T16:05:44.259216+00:00,MAD,10,10
2026-09-16T16:05:44.259216+00:00,MNT,10,10
2026-09-16T16:05:44.259216+00:00,MXN,10,10
2026-09-16T16:05:44.259216+00:00,MZN,10,10
2026-09-16T16:05:44.259216+00:00,NGN,0,0
2026-09-16T16:05:44.259216+00:00,NGN,0,0
2026-09-16T16:05:44.259216+00:00,NPR,1,10
2026-09-16T16:05:44.259216+00:00,PEN,10,10
2026-09-16T16:05:44.259216+00:00,PHP,10,10
2026-09-16T16:05:44.259216+00:00,PKR,10,10
2026-09-16T16:05:44.259216+00:00,QAR,10,10
2026-09-16T16:05:44.259216+00:00,RWF,10,10
2026-09-16T16:05:44.259216+00:00,SAR,10,10
2026-09-16T16:05:44.259216+00:00,SDG,10,10
2026-09-16T16:05:44.259216+00:00,SYP,2,10
2026-09-16T16:05:44.259216+00:00,TND,10,10
2026-09-16T16:05:44.259216+00:00,TRY,10,10
2026-09-16T16:05:44.259216+00:00,TZS,10,10
2026-09-16T16:05:44.259216+00:00,UAH,10,10
2026-09-16T16:05:44.259216+00:00,UGX,10,10
2026-09-16T16:05:44.259216+00:00,VES,10,10
2026-09-16T16:05:44.259216+00:00,VND,10,10
2026-09-16T16:05:44.259216+00:00,XAF,10,10
2026-09-16T16:05:44.259216+00:00,XOF,10,10
2026-09-16T16:05:44.259216+00:00,ZAR,10,10
2026-09-16T16:05:44.259216+00:00,ZMW,10,10
2026-09-16T17:05:43.672764+00:00,AED,10,10
2026-09-16T17:05:43.672764+00:00,AFN,2,7
2026-09-16T17:05:43.672764+00:00,AMD,10,10
2026-09-16T17:05:43.672764+00:00,AOA,10,10
2026-09-16T17:05:43.672764+00:00,ARS,10,10
2026-09-16T17:05:43.672764+00:00,AZN,10,10
2026-09-16T17:05:43.672764+00:00,BDT,10,10
2026-09-16T17:05:43.672764+00:00,BND,4,10
2026-09-16T17:05:43.672764+00:00,BOB,10,10
2026-09-16T17:05:43.672764+00:00,BWP,2,10
2026-09-16T17:05:43.672764+00:00,CLP,10,10
2026-09-16T17:05:43.672764+00:00,COP,10,10
2026-09-16T17:05:43.672764+00:00,DZD,10,10
2026-09-16T17:05:43.672764+00:00,EGP,10,10
2026-09-16T17:05:43.672764+00:00,ETB,0,0
2026-09-16T17:05:43.672764+00:00,GEL,10,10
2026-09-16T17:05:43.672764+00:00,GHS,0,0
2026-09-16T17:05:43.672764+00:00,IDR,10,10
2026-09-16T17:05:43.672764+00:00,INR,10,10
2026-09-16T17:05:43.672764+00:00,IQD,10,10
2026-09-16T17:05:43.672764+00:00,JOD,10,10
2026-09-16T17:05:43.672764+00:00,KES,10,10
2026-09-16T17:05:43.672764+00:00,KHR,10,10
2026-09-16T17:05:43.672764+00:00,KWD,10,10
2026-09-16T17:05:43.672764+00:00,KZT,10,10
2026-09-16T17:05:43.672764+00:00,LAK,10,10
2026-09-16T17:05:43.672764+00:00,LBP,10,10
2026-09-16T17:05:43.672764+00:00,LKR,10,10
2026-09-16T17:05:43.672764+00:00,MAD,10,10
2026-09-16T17:05:43.672764+00:00,MNT,8,10
2026-09-16T17:05:43.672764+00:00,MXN,10,10
2026-09-16T17:05:43.672764+00:00,MZN,10,10
2026-09-16T17:05:43.672764+00:00,NGN,0,0
2026-09-16T17:05:43.672764+00:00,NGN,0,0
2026-09-16T17:05:43.672764+00:00,NPR,1,10
2026-09-16T17:05:43.672764+00:00,PEN,10,10
2026-09-16T17:05:43.672764+00:00,PHP,10,10
2026-09-16T17:05:43.672764+00:00,PKR,10,10
2026-09-16T17:05:43.672764+00:00,QAR,10,10
2026-09-16T17:05:43.672764+00:00,RWF,10,10
2026-09-16T17:05:43.672764+00:00,SAR,10,10
2026-09-16T17:05:43.672764+00:00,SDG,10,10
2026-09-16T17:05:43.672764+00:00,SYP,2,10
2026-09-16T17:05:43.672764+00:00,TND,10,10
2026-09-16T17:05:43.672764+00:00,TRY,10,10
2026-09-16T17:05:43.672764+00:00,TZS,10,10
2026-09-16T17:05:43.672764+00:00,UAH,10,10
2026-09-16T17:05:43.672764+00:00,UGX,10,10
2026-09-16T17:05:43.672764+00:00,VES,10,10
2026-09-16T17:05:43.672764+00:00,VND,10,10
2026-09-16T17:05:43.672764+00:00,XAF,10,10
2026-09-16T17:05:43.672764+00:00,XOF,10,10
2026-09-16T17:05:43.672764+00:00,ZAR,10,10
2026-09-16T17:05:43.672764+00:00,ZMW,10,10
