ts_utc,notional_src,provider,landed_dst,cost_bps,rank,source_ok,error
2026-09-10T10:05:19.199007+00:00,200,Wise,7241.38,92.33,1,True,
2026-09-10T10:05:19.199007+00:00,200,BNZ,7180.65,175.42,2,True,
2026-09-10T10:05:19.199007+00:00,200,Westpac NZ,7121.36,256.54,3,True,
2026-09-10T10:05:19.199007+00:00,200,ASB NZ,6995.41,428.87,4,True,
2026-09-10T10:05:19.199007+00:00,200,PayPal,6731.84,789.48,5,True,
2026-09-10T10:05:19.199007+00:00,200,KiwiBank,6431.63,1200.23,6,True,
2026-09-10T10:05:19.199007+00:00,1000,Wise,36377.75,45.58,1,True,
2026-09-10T10:05:19.199007+00:00,1000,BNZ,35903.25,175.42,2,True,
2026-09-10T10:05:19.199007+00:00,1000,ASB NZ,35694.52,232.54,3,True,
2026-09-10T10:05:19.199007+00:00,1000,Westpac NZ,35606.82,256.54,4,True,
2026-09-10T10:05:19.199007+00:00,1000,KiwiBank,35016.67,418.02,5,True,
2026-09-10T10:05:19.199007+00:00,1000,OFX,34699.18,504.9,6,True,
2026-09-10T10:05:19.199007+00:00,1000,PayPal,34634.4,522.63,7,True,
2026-09-10T10:05:19.199007+00:00,5000,Wise,182056.71,36.39,1,True,
2026-09-10T10:05:19.199007+00:00,5000,BNZ,179516.26,175.42,2,True,
2026-09-10T10:05:19.199007+00:00,5000,ASB NZ,179190.08,193.27,3,True,
2026-09-10T10:05:19.199007+00:00,5000,Westpac NZ,178034.09,256.54,4,True,
2026-09-10T10:05:19.199007+00:00,5000,KiwiBank,177941.83,261.59,5,True,
2026-09-10T10:05:19.199007+00:00,5000,OFX,175181.69,412.64,6,True,
2026-09-10T10:05:19.199007+00:00,5000,PayPal,174147.19,469.26,7,True,
2026-09-10T10:05:19.199007+00:00,25000,Wise,910454.4,34.52,1,True,
2026-09-10T10:05:19.199007+00:00,25000,BNZ,897581.31,175.42,2,True,
2026-09-10T10:05:19.199007+00:00,25000,ASB NZ,896667.88,185.42,3,True,
2026-09-10T10:05:19.199007+00:00,25000,KiwiBank,892567.65,230.3,4,True,
2026-09-10T10:05:19.199007+00:00,25000,Westpac NZ,890170.47,256.54,5,True,
2026-09-10T10:05:19.199007+00:00,25000,OFX,885691.47,305.56,6,True,
2026-09-10T10:05:19.199007+00:00,25000,PayPal,871711.13,458.58,7,True,
2026-09-10T10:05:19.199007+00:00,50000,Wise,1821206.25,32.89,1,True,
2026-09-10T10:05:19.199007+00:00,50000,BNZ,1795162.62,175.42,2,True,
2026-09-10T10:05:19.199007+00:00,50000,ASB NZ,1793515.13,184.44,3,True,
2026-09-10T10:05:19.199007+00:00,50000,KiwiBank,1785849.92,226.39,4,True,
2026-09-10T10:05:19.199007+00:00,50000,Westpac NZ,1780340.94,256.54,5,True,
2026-09-10T10:05:19.199007+00:00,50000,OFX,1771382.95,305.56,6,True,
2026-09-10T11:05:16.821220+00:00,200,Wise,7229.76,108.23,1,True,
2026-09-10T11:05:16.821220+00:00,200,BNZ,7162.58,200.14,2,True,
2026-09-10T11:05:16.821220+00:00,200,Westpac NZ,7110.97,270.76,3,True,
2026-09-10T11:05:16.821220+00:00,200,ASB NZ,6993.84,431.01,4,True,
2026-09-10T11:05:16.821220+00:00,200,PayPal,6722.01,802.93,5,True,
2026-09-10T11:05:16.821220+00:00,200,KiwiBank,6418.69,1217.94,6,True,
2026-09-10T11:05:16.821220+00:00,1000,Wise,36319.39,61.55,1,True,
2026-09-10T11:05:16.821220+00:00,1000,BNZ,35812.91,200.14,2,True,
2026-09-10T11:05:16.821220+00:00,1000,ASB NZ,35686.51,234.73,3,True,
2026-09-10T11:05:16.821220+00:00,1000,Westpac NZ,35554.85,270.76,4,True,
2026-09-10T11:05:16.821220+00:00,1000,KiwiBank,34946.18,437.31,5,True,
2026-09-10T11:05:16.821220+00:00,1000,OFX,34633.05,523.0,6,True,
2026-09-10T11:05:16.821220+00:00,1000,PayPal,34583.85,536.46,7,True,
2026-09-10T11:05:16.821220+00:00,5000,Wise,181764.62,52.37,1,True,
2026-09-10T11:05:16.821220+00:00,5000,ASB NZ,179149.85,195.47,2,True,
2026-09-10T11:05:16.821220+00:00,5000,BNZ,179064.56,200.14,3,True,
2026-09-10T11:05:16.821220+00:00,5000,Westpac NZ,177774.23,270.76,4,True,
2026-09-10T11:05:16.821220+00:00,5000,KiwiBank,177583.66,281.19,5,True,
2026-09-10T11:05:16.821220+00:00,5000,OFX,174847.81,430.91,6,True,
2026-09-10T11:05:16.821220+00:00,5000,PayPal,173893.0,483.17,7,True,
2026-09-10T11:05:16.821220+00:00,25000,Wise,908993.69,50.5,1,True,
2026-09-10T11:05:16.821220+00:00,25000,ASB NZ,896466.59,187.62,2,True,
2026-09-10T11:05:16.821220+00:00,25000,BNZ,895322.78,200.14,3,True,
2026-09-10T11:05:16.821220+00:00,25000,KiwiBank,890771.07,249.96,4,True,
2026-09-10T11:05:16.821220+00:00,25000,Westpac NZ,888871.16,270.76,5,True,
2026-09-10T11:05:16.821220+00:00,25000,OFX,884004.37,324.03,6,True,
2026-09-10T11:05:16.821220+00:00,25000,PayPal,870438.77,472.51,7,True,
2026-09-10T11:05:16.821220+00:00,50000,Wise,1818281.06,48.9,1,True,
2026-09-10T11:05:16.821220+00:00,50000,ASB NZ,1793112.51,186.64,2,True,
2026-09-10T11:05:16.821220+00:00,50000,BNZ,1790645.57,200.14,3,True,
2026-09-10T11:05:16.821220+00:00,50000,KiwiBank,1782255.33,246.06,4,True,
2026-09-10T11:05:16.821220+00:00,50000,Westpac NZ,1777742.33,270.76,5,True,
2026-09-10T11:05:16.821220+00:00,50000,OFX,1768008.74,324.03,6,True,
2026-09-10T12:05:21.795347+00:00,200,Wise,7216.84,125.9,1,True,
2026-09-10T12:05:21.795347+00:00,200,BNZ,7144.17,225.33,2,True,
2026-09-10T12:05:21.795347+00:00,200,Westpac NZ,7107.97,274.86,3,True,
2026-09-10T12:05:21.795347+00:00,200,ASB NZ,6990.45,435.65,4,True,
2026-09-10T12:05:21.795347+00:00,200,PayPal,6719.18,806.8,5,True,
2026-09-10T12:05:21.795347+00:00,200,KiwiBank,6403.57,1238.62,6,True,
2026-09-10T12:05:21.795347+00:00,1000,Wise,36258.44,78.23,1,True,
2026-09-10T12:05:21.795347+00:00,1000,BNZ,35720.87,225.33,2,True,
2026-09-10T12:05:21.795347+00:00,1000,ASB NZ,35669.2,239.47,3,True,
2026-09-10T12:05:21.795347+00:00,1000,Westpac NZ,35539.86,274.86,4,True,
2026-09-10T12:05:21.795347+00:00,1000,KiwiBank,34863.87,459.84,5,True,
2026-09-10T12:05:21.795347+00:00,1000,OFX,34590.64,534.6,6,True,
2026-09-10T12:05:21.795347+00:00,1000,PayPal,34569.26,540.45,7,True,
2026-09-10T12:05:21.795347+00:00,5000,Wise,181439.69,70.15,1,True,
2026-09-10T12:05:21.795347+00:00,5000,ASB NZ,179062.96,200.23,2,True,
2026-09-10T12:05:21.795347+00:00,5000,BNZ,178604.37,225.33,3,True,
2026-09-10T12:05:21.795347+00:00,5000,Westpac NZ,177699.28,274.86,4,True,
2026-09-10T12:05:21.795347+00:00,5000,KiwiBank,177165.4,304.08,5,True,
2026-09-10T12:05:21.795347+00:00,5000,OFX,174633.73,442.63,6,True,
2026-09-10T12:05:21.795347+00:00,5000,PayPal,173819.68,487.18,7,True,
2026-09-10T12:05:21.795347+00:00,25000,Wise,907368.74,68.29,1,True,
2026-09-10T12:05:21.795347+00:00,25000,ASB NZ,896031.77,192.38,2,True,
2026-09-10T12:05:21.795347+00:00,25000,BNZ,893021.86,225.33,3,True,
2026-09-10T12:05:21.795347+00:00,25000,KiwiBank,888673.02,272.93,4,True,
2026-09-10T12:05:21.795347+00:00,25000,Westpac NZ,888496.4,274.86,5,True,
2026-09-10T12:05:21.795347+00:00,25000,OFX,882920.66,335.89,6,True,
2026-09-10T12:05:21.795347+00:00,25000,PayPal,870071.77,476.53,7,True,
2026-09-10T12:05:21.795347+00:00,50000,Wise,1815029.18,66.69,1,True,
2026-09-10T12:05:21.795347+00:00,50000,ASB NZ,1792242.78,191.4,2,True,
2026-09-10T12:05:21.795347+00:00,50000,BNZ,1786043.71,225.33,3,True,
2026-09-10T12:05:21.795347+00:00,50000,KiwiBank,1778057.54,269.03,4,True,
2026-09-10T12:05:21.795347+00:00,50000,Westpac NZ,1776992.8,274.86,5,True,
2026-09-10T12:05:21.795347+00:00,50000,OFX,1765841.31,335.89,6,True,
2026-09-10T13:05:18.048185+00:00,200,Wise,7196.13,154.24,1,True,
2026-09-10T13:05:18.048185+00:00,200,BNZ,7115.91,264.0,2,True,
2026-09-10T13:05:18.048185+00:00,200,Westpac NZ,7103.58,280.87,3,True,
2026-09-10T13:05:18.048185+00:00,200,ASB NZ,6992.07,433.44,4,True,
2026-09-10T13:05:18.048185+00:00,200,PayPal,6715.03,812.48,5,True,
2026-09-10T13:05:18.048185+00:00,200,KiwiBank,6390.76,1256.15,6,True,
2026-09-10T13:05:18.048185+00:00,1000,Wise,36150.46,107.77,1,True,
2026-09-10T13:05:18.048185+00:00,1000,ASB NZ,35677.47,237.2,2,True,
2026-09-10T13:05:18.048185+00:00,1000,BNZ,35579.53,264.0,3,True,
2026-09-10T13:05:18.048185+00:00,1000,Westpac NZ,35517.89,280.87,4,True,
2026-09-10T13:05:18.048185+00:00,1000,KiwiBank,34794.15,478.91,5,True,
2026-09-10T13:05:18.048185+00:00,1000,PayPal,34547.9,546.3,6,True,
2026-09-10T13:05:18.048185+00:00,1000,OFX,34410.44,583.91,7,True,
2026-09-10T13:05:18.048185+00:00,5000,Wise,180919.21,98.64,1,True,
2026-09-10T13:05:18.048185+00:00,5000,ASB NZ,179104.49,197.96,2,True,
2026-09-10T13:05:18.048185+00:00,5000,BNZ,177897.63,264.0,3,True,
2026-09-10T13:05:18.048185+00:00,5000,Westpac NZ,177589.47,280.87,4,True,
2026-09-10T13:05:18.048185+00:00,5000,KiwiBank,176811.07,323.47,5,True,
2026-09-10T13:05:18.048185+00:00,5000,OFX,173723.94,492.42,6,True,
2026-09-10T13:05:18.048185+00:00,5000,PayPal,173712.27,493.06,7,True,
2026-09-10T13:05:18.048185+00:00,25000,Wise,904765.83,96.78,1,True,
2026-09-10T13:05:18.048185+00:00,25000,ASB NZ,896239.57,190.11,2,True,
2026-09-10T13:05:18.048185+00:00,25000,BNZ,889488.15,264.0,3,True,
2026-09-10T13:05:18.048185+00:00,25000,Westpac NZ,887947.36,280.87,4,True,
2026-09-10T13:05:18.048185+00:00,25000,KiwiBank,886895.7,292.38,5,True,
2026-09-10T13:05:18.048185+00:00,25000,OFX,878321.12,386.23,6,True,
2026-09-10T13:05:18.048185+00:00,25000,PayPal,869534.12,482.41,7,True,
2026-09-10T13:05:18.048185+00:00,50000,Wise,1809816.35,95.22,1,True,
2026-09-10T13:05:18.048185+00:00,50000,ASB NZ,1792658.43,189.12,2,True,
2026-09-10T13:05:18.048185+00:00,50000,BNZ,1778976.31,264.0,3,True,
2026-09-10T13:05:18.048185+00:00,50000,Westpac NZ,1775894.71,280.87,4,True,
2026-09-10T13:05:18.048185+00:00,50000,KiwiBank,1774501.49,288.49,5,True,
2026-09-10T13:05:18.048185+00:00,50000,OFX,1756642.24,386.23,6,True,
2026-09-10T14:05:19.012721+00:00,200,Wise,7200.59,148.14,1,True,
2026-09-10T14:05:19.012721+00:00,200,BNZ,7126.5,249.51,2,True,
2026-09-10T14:05:19.012721+00:00,200,Westpac NZ,7095.0,292.61,3,True,
2026-09-10T14:05:19.012721+00:00,200,ASB NZ,6983.62,445.0,4,True,
2026-09-10T14:05:19.012721+00:00,200,PayPal,6728.51,794.04,5,True,
2026-09-10T14:05:19.012721+00:00,200,KiwiBank,6382.3,1267.72,6,True,
2026-09-10T14:05:19.012721+00:00,1000,Wise,36172.84,101.65,1,True,
2026-09-10T14:05:19.012721+00:00,1000,ASB NZ,35634.39,248.99,2,True,
2026-09-10T14:05:19.012721+00:00,1000,BNZ,35632.49,249.51,3,True,
2026-09-10T14:05:19.012721+00:00,1000,Westpac NZ,35475.01,292.6,4,True,
2026-09-10T14:05:19.012721+00:00,1000,KiwiBank,34748.07,491.52,5,True,
2026-09-10T14:05:19.012721+00:00,1000,PayPal,34617.28,527.31,6,True,
2026-09-10T14:05:19.012721+00:00,1000,OFX,34438.57,576.22,7,True,
2026-09-10T14:05:19.012721+00:00,5000,Wise,181031.17,92.51,1,True,
2026-09-10T14:05:19.012721+00:00,5000,ASB NZ,178888.23,209.79,2,True,
2026-09-10T14:05:19.012721+00:00,5000,BNZ,178162.45,249.51,3,True,
2026-09-10T14:05:19.012721+00:00,5000,Westpac NZ,177375.05,292.6,4,True,
2026-09-10T14:05:19.012721+00:00,5000,KiwiBank,176576.94,336.28,5,True,
2026-09-10T14:05:19.012721+00:00,5000,PayPal,174061.12,473.97,6,True,
2026-09-10T14:05:19.012721+00:00,5000,OFX,173865.96,484.65,7,True,
2026-09-10T14:05:19.012721+00:00,25000,Wise,905325.73,90.65,1,True,
2026-09-10T14:05:19.012721+00:00,25000,ASB NZ,895157.44,201.95,2,True,
2026-09-10T14:05:19.012721+00:00,25000,BNZ,890812.26,249.51,3,True,
2026-09-10T14:05:19.012721+00:00,25000,Westpac NZ,886875.24,292.6,4,True,
2026-09-10T14:05:19.012721+00:00,25000,KiwiBank,885721.27,305.23,5,True,
2026-09-10T14:05:19.012721+00:00,25000,OFX,879038.22,378.39,6,True,
2026-09-10T14:05:19.012721+00:00,25000,PayPal,871280.32,463.3,7,True,
2026-09-10T14:05:19.012721+00:00,50000,Wise,1811092.09,88.24,1,True,
2026-09-10T14:05:19.012721+00:00,50000,ASB NZ,1790493.95,200.97,2,True,
2026-09-10T14:05:19.012721+00:00,50000,BNZ,1781624.52,249.51,3,True,
2026-09-10T14:05:19.012721+00:00,50000,Westpac NZ,1773750.48,292.6,4,True,
2026-09-10T14:05:19.012721+00:00,50000,KiwiBank,1772151.68,301.35,5,True,
2026-09-10T14:05:19.012721+00:00,50000,OFX,1758076.45,378.39,6,True,
2026-09-10T15:05:20.976911+00:00,200,Wise,7197.95,151.75,1,True,
2026-09-10T15:05:20.976911+00:00,200,BNZ,7138.15,233.57,2,True,
2026-09-10T15:05:20.976911+00:00,200,Westpac NZ,7128.07,247.36,3,True,
2026-09-10T15:05:20.976911+00:00,200,ASB NZ,6961.62,475.1,4,True,
2026-09-10T15:05:20.976911+00:00,200,PayPal,6738.18,780.81,5,True,
2026-09-10T15:05:20.976911+00:00,200,KiwiBank,6400.35,1243.03,6,True,
2026-09-10T15:05:20.976911+00:00,1000,Wise,36159.61,105.27,1,True,
2026-09-10T15:05:20.976911+00:00,1000,BNZ,35690.77,233.56,2,True,
2026-09-10T15:05:20.976911+00:00,1000,Westpac NZ,35640.37,247.35,3,True,
2026-09-10T15:05:20.976911+00:00,1000,ASB NZ,35522.12,279.71,4,True,
2026-09-10T15:05:20.976911+00:00,1000,KiwiBank,34846.36,464.63,5,True,
2026-09-10T15:05:20.976911+00:00,1000,PayPal,34667.04,513.7,6,True,
2026-09-10T15:05:20.976911+00:00,1000,OFX,34512.98,555.85,7,True,
2026-09-10T15:05:20.976911+00:00,5000,Wise,180964.99,96.13,1,True,
2026-09-10T15:05:20.976911+00:00,5000,BNZ,178453.87,233.56,2,True,
2026-09-10T15:05:20.976911+00:00,5000,ASB NZ,178324.63,240.64,3,True,
2026-09-10T15:05:20.976911+00:00,5000,Westpac NZ,178201.87,247.35,4,True,
2026-09-10T15:05:20.976911+00:00,5000,KiwiBank,177076.42,308.95,5,True,
2026-09-10T15:05:20.976911+00:00,5000,PayPal,174311.3,460.28,6,True,
2026-09-10T15:05:20.976911+00:00,5000,OFX,174241.64,464.09,7,True,
2026-09-10T15:05:20.976911+00:00,25000,Wise,904994.77,94.27,1,True,
2026-09-10T15:05:20.976911+00:00,25000,ASB NZ,892337.14,232.82,2,True,
2026-09-10T15:05:20.976911+00:00,25000,BNZ,892269.36,233.56,3,True,
2026-09-10T15:05:20.976911+00:00,25000,Westpac NZ,891009.33,247.35,4,True,
2026-09-10T15:05:20.976911+00:00,25000,KiwiBank,888226.7,277.81,5,True,
2026-09-10T15:05:20.976911+00:00,25000,OFX,880939.61,357.57,6,True,
2026-09-10T15:05:20.976911+00:00,25000,PayPal,872532.6,449.59,7,True,
2026-09-10T15:05:20.976911+00:00,50000,Wise,1810275.39,92.71,1,True,
2026-09-10T15:05:20.976911+00:00,50000,ASB NZ,1784852.79,231.84,2,True,
2026-09-10T15:05:20.976911+00:00,50000,BNZ,1784538.71,233.56,3,True,
2026-09-10T15:05:20.976911+00:00,50000,Westpac NZ,1782018.67,247.35,4,True,
2026-09-10T15:05:20.976911+00:00,50000,KiwiBank,1777164.55,273.92,5,True,
2026-09-10T15:05:20.976911+00:00,50000,OFX,1761879.22,357.57,6,True,
2026-09-10T16:05:17.066902+00:00,200,Wise,7198.92,150.42,1,True,
2026-09-10T16:05:17.066902+00:00,200,BNZ,7141.83,228.53,2,True,
2026-09-10T16:05:17.066902+00:00,200,Westpac NZ,7123.41,253.74,3,True,
2026-09-10T16:05:17.066902+00:00,200,ASB NZ,6957.53,480.69,4,True,
2026-09-10T16:05:17.066902+00:00,200,PayPal,6733.78,786.83,5,True,
2026-09-10T16:05:17.066902+00:00,200,KiwiBank,6396.16,1248.76,6,True,
2026-09-10T16:05:17.066902+00:00,1000,Wise,36164.48,103.94,1,True,
2026-09-10T16:05:17.066902+00:00,1000,BNZ,35709.16,228.53,2,True,
2026-09-10T16:05:17.066902+00:00,1000,Westpac NZ,35617.05,253.74,3,True,
2026-09-10T16:05:17.066902+00:00,1000,ASB NZ,35501.25,285.42,4,True,
2026-09-10T16:05:17.066902+00:00,1000,KiwiBank,34823.56,470.87,5,True,
2026-09-10T16:05:17.066902+00:00,1000,PayPal,34644.35,519.91,6,True,
2026-09-10T16:05:17.066902+00:00,1000,OFX,34497.02,560.22,7,True,
2026-09-10T16:05:17.066902+00:00,5000,Wise,180989.37,94.8,1,True,
2026-09-10T16:05:17.066902+00:00,5000,BNZ,178545.79,228.53,2,True,
2026-09-10T16:05:17.066902+00:00,5000,ASB NZ,178219.82,246.37,3,True,
2026-09-10T16:05:17.066902+00:00,5000,Westpac NZ,178085.26,253.74,4,True,
2026-09-10T16:05:17.066902+00:00,5000,KiwiBank,176960.55,315.29,5,True,
2026-09-10T16:05:17.066902+00:00,5000,PayPal,174197.24,466.52,6,True,
2026-09-10T16:05:17.066902+00:00,5000,OFX,174161.05,468.5,7,True,
2026-09-10T16:05:17.066902+00:00,25000,Wise,905116.7,92.94,1,True,
2026-09-10T16:05:17.066902+00:00,25000,BNZ,892728.96,228.53,2,True,
2026-09-10T16:05:17.066902+00:00,25000,ASB NZ,891812.68,238.56,3,True,
2026-09-10T16:05:17.066902+00:00,25000,Westpac NZ,890426.31,253.74,4,True,
2026-09-10T16:05:17.066902+00:00,25000,KiwiBank,887645.5,284.17,5,True,
2026-09-10T16:05:17.066902+00:00,25000,OFX,880530.69,362.05,6,True,
2026-09-10T16:05:17.066902+00:00,25000,PayPal,871961.67,455.84,7,True,
2026-09-10T16:05:17.066902+00:00,50000,Wise,1810518.2,91.38,1,True,
2026-09-10T16:05:17.066902+00:00,50000,BNZ,1785457.92,228.53,2,True,
2026-09-10T16:05:17.066902+00:00,50000,ASB NZ,1783803.77,237.58,3,True,
2026-09-10T16:05:17.066902+00:00,50000,Westpac NZ,1780852.63,253.74,4,True,
2026-09-10T16:05:17.066902+00:00,50000,KiwiBank,1776001.68,280.28,5,True,
2026-09-10T16:05:17.066902+00:00,50000,OFX,1761061.38,362.05,6,True,
2026-09-10T17:05:18.391345+00:00,200,Wise,7200.27,148.58,1,True,
2026-09-10T17:05:18.391345+00:00,200,BNZ,7137.21,234.85,2,True,
2026-09-10T17:05:18.391345+00:00,200,Westpac NZ,7121.35,256.55,3,True,
2026-09-10T17:05:18.391345+00:00,200,ASB NZ,6957.66,480.52,4,True,
2026-09-10T17:05:18.391345+00:00,200,PayPal,6731.83,789.5,5,True,
2026-09-10T17:05:18.391345+00:00,200,KiwiBank,6394.32,1251.28,6,True,
2026-09-10T17:05:18.391345+00:00,1000,Wise,36171.24,102.09,1,True,
2026-09-10T17:05:18.391345+00:00,1000,BNZ,35686.05,234.85,2,True,
2026-09-10T17:05:18.391345+00:00,1000,Westpac NZ,35606.77,256.55,3,True,
2026-09-10T17:05:18.391345+00:00,1000,ASB NZ,35501.91,285.24,4,True,
2026-09-10T17:05:18.391345+00:00,1000,KiwiBank,34813.51,473.62,5,True,
2026-09-10T17:05:18.391345+00:00,1000,PayPal,34634.35,522.64,6,True,
2026-09-10T17:05:18.391345+00:00,1000,OFX,34486.46,563.11,7,True,
2026-09-10T17:05:18.391345+00:00,5000,Wise,181023.2,92.95,1,True,
2026-09-10T17:05:18.391345+00:00,5000,BNZ,178430.26,234.85,2,True,
2026-09-10T17:05:18.391345+00:00,5000,ASB NZ,178223.15,246.19,3,True,
2026-09-10T17:05:18.391345+00:00,5000,Westpac NZ,178033.84,256.55,4,True,
2026-09-10T17:05:18.391345+00:00,5000,KiwiBank,176909.46,318.08,5,True,
2026-09-10T17:05:18.391345+00:00,5000,PayPal,174146.94,469.27,6,True,
2026-09-10T17:05:18.391345+00:00,5000,OFX,174107.77,471.42,7,True,
2026-09-10T17:05:18.391345+00:00,25000,Wise,905285.92,91.09,1,True,
2026-09-10T17:05:18.391345+00:00,25000,BNZ,892151.28,234.85,2,True,
2026-09-10T17:05:18.391345+00:00,25000,ASB NZ,891829.35,238.38,3,True,
2026-09-10T17:05:18.391345+00:00,25000,Westpac NZ,890169.22,256.55,4,True,
2026-09-10T17:05:18.391345+00:00,25000,KiwiBank,887389.21,286.98,5,True,
2026-09-10T17:05:18.391345+00:00,25000,OFX,880261.46,365.0,6,True,
2026-09-10T17:05:18.391345+00:00,25000,PayPal,871709.91,458.6,7,True,
2026-09-10T17:05:18.391345+00:00,50000,Wise,1810856.68,89.53,1,True,
2026-09-10T17:05:18.391345+00:00,50000,BNZ,1784302.56,234.85,2,True,
2026-09-10T17:05:18.391345+00:00,50000,ASB NZ,1783837.1,237.4,3,True,
2026-09-10T17:05:18.391345+00:00,50000,Westpac NZ,1780338.45,256.55,4,True,
2026-09-10T17:05:18.391345+00:00,50000,KiwiBank,1775488.9,283.09,5,True,
2026-09-10T17:05:18.391345+00:00,50000,OFX,1760522.92,365.0,6,True,
2026-09-10T18:05:16.807929+00:00,200,Wise,7197.93,151.78,1,True,
2026-09-10T18:05:16.807929+00:00,200,BNZ,7138.97,232.45,2,True,
2026-09-10T18:05:16.807929+00:00,200,Westpac NZ,7125.56,250.79,3,True,
2026-09-10T18:05:16.807929+00:00,200,ASB NZ,6957.43,480.83,4,True,
2026-09-10T18:05:16.807929+00:00,200,PayPal,6735.81,784.05,5,True,
2026-09-10T18:05:16.807929+00:00,200,KiwiBank,6399.88,1243.67,6,True,
2026-09-10T18:05:16.807929+00:00,1000,Wise,36159.51,105.3,1,True,
2026-09-10T18:05:16.807929+00:00,1000,BNZ,35694.85,232.45,2,True,
2026-09-10T18:05:16.807929+00:00,1000,Westpac NZ,35627.82,250.79,3,True,
2026-09-10T18:05:16.807929+00:00,1000,ASB NZ,35500.76,285.56,4,True,
2026-09-10T18:05:16.807929+00:00,1000,KiwiBank,34843.8,465.33,5,True,
2026-09-10T18:05:16.807929+00:00,1000,PayPal,34654.83,517.04,6,True,
2026-09-10T18:05:16.807929+00:00,1000,OFX,34509.82,556.72,7,True,
2026-09-10T18:05:16.807929+00:00,5000,Wise,180964.49,96.16,1,True,
2026-09-10T18:05:16.807929+00:00,5000,BNZ,178474.25,232.45,2,True,
2026-09-10T18:05:16.807929+00:00,5000,ASB NZ,178217.36,246.51,3,True,
2026-09-10T18:05:16.807929+00:00,5000,Westpac NZ,178139.12,250.79,4,True,
2026-09-10T18:05:16.807929+00:00,5000,KiwiBank,177063.39,309.66,5,True,
2026-09-10T18:05:16.807929+00:00,5000,PayPal,174249.92,463.64,6,True,
2026-09-10T18:05:16.807929+00:00,5000,OFX,174225.7,464.96,7,True,
2026-09-10T18:05:16.807929+00:00,25000,Wise,904992.28,94.3,1,True,
2026-09-10T18:05:16.807929+00:00,25000,BNZ,892371.23,232.45,2,True,
2026-09-10T18:05:16.807929+00:00,25000,ASB NZ,891800.4,238.7,3,True,
2026-09-10T18:05:16.807929+00:00,25000,Westpac NZ,890695.62,250.79,4,True,
2026-09-10T18:05:16.807929+00:00,25000,KiwiBank,888161.36,278.53,5,True,
2026-09-10T18:05:16.807929+00:00,25000,OFX,880857.02,358.48,6,True,
2026-09-10T18:05:16.807929+00:00,25000,PayPal,872225.39,452.96,7,True,
2026-09-10T18:05:16.807929+00:00,50000,Wise,1810268.23,92.75,1,True,
2026-09-10T18:05:16.807929+00:00,50000,BNZ,1784742.47,232.45,2,True,
2026-09-10T18:05:16.807929+00:00,50000,ASB NZ,1783779.19,237.72,3,True,
2026-09-10T18:05:16.807929+00:00,50000,Westpac NZ,1781391.24,250.79,4,True,
2026-09-10T18:05:16.807929+00:00,50000,KiwiBank,1777033.81,274.64,5,True,
2026-09-10T18:05:16.807929+00:00,50000,OFX,1761714.05,358.48,6,True,
2026-09-10T19:05:17.622026+00:00,200,Wise,7191.62,160.41,1,True,
2026-09-10T19:05:17.622026+00:00,200,BNZ,7122.25,255.32,2,True,
2026-09-10T19:05:17.622026+00:00,200,Westpac NZ,7117.46,261.88,3,True,
2026-09-10T19:05:17.622026+00:00,200,ASB NZ,6951.58,488.83,4,True,
2026-09-10T19:05:17.622026+00:00,200,PayPal,6728.15,794.53,5,True,
2026-09-10T19:05:17.622026+00:00,200,KiwiBank,6383.72,1265.78,6,True,
2026-09-10T19:05:17.622026+00:00,1000,Wise,36127.79,113.98,1,True,
2026-09-10T19:05:17.622026+00:00,1000,BNZ,35611.27,255.32,2,True,
2026-09-10T19:05:17.622026+00:00,1000,Westpac NZ,35587.29,261.88,3,True,
2026-09-10T19:05:17.622026+00:00,1000,ASB NZ,35470.9,293.73,4,True,
2026-09-10T19:05:17.622026+00:00,1000,KiwiBank,34755.78,489.41,5,True,
2026-09-10T19:05:17.622026+00:00,1000,PayPal,34615.4,527.83,6,True,
2026-09-10T19:05:17.622026+00:00,1000,OFX,34503.33,558.49,7,True,
2026-09-10T19:05:17.622026+00:00,5000,Wise,180805.76,104.85,1,True,
2026-09-10T19:05:17.622026+00:00,5000,ASB NZ,178067.46,254.71,2,True,
2026-09-10T19:05:17.622026+00:00,5000,BNZ,178056.36,255.32,3,True,
2026-09-10T19:05:17.622026+00:00,5000,Westpac NZ,177936.45,261.88,4,True,
2026-09-10T19:05:17.622026+00:00,5000,KiwiBank,176616.12,334.14,5,True,
2026-09-10T19:05:17.622026+00:00,5000,OFX,174192.95,466.75,6,True,
2026-09-10T19:05:17.622026+00:00,5000,PayPal,174051.67,474.49,7,True,
2026-09-10T19:05:17.622026+00:00,25000,Wise,904198.47,102.99,1,True,
2026-09-10T19:05:17.622026+00:00,25000,ASB NZ,891050.3,246.91,2,True,
2026-09-10T19:05:17.622026+00:00,25000,BNZ,890281.78,255.32,3,True,
2026-09-10T19:05:17.622026+00:00,25000,Westpac NZ,889682.24,261.88,4,True,
2026-09-10T19:05:17.622026+00:00,25000,KiwiBank,885917.8,303.08,5,True,
2026-09-10T19:05:17.622026+00:00,25000,OFX,880694.19,360.26,6,True,
2026-09-10T19:05:17.622026+00:00,25000,PayPal,871233.02,463.82,7,True,
2026-09-10T19:05:17.622026+00:00,50000,Wise,1808678.9,101.45,1,True,
2026-09-10T19:05:17.622026+00:00,50000,ASB NZ,1782278.84,245.93,2,True,
2026-09-10T19:05:17.622026+00:00,50000,BNZ,1780563.55,255.32,3,True,
2026-09-10T19:05:17.622026+00:00,50000,Westpac NZ,1779364.48,261.88,4,True,
2026-09-10T19:05:17.622026+00:00,50000,KiwiBank,1772544.9,299.2,5,True,
2026-09-10T19:05:17.622026+00:00,50000,OFX,1761388.38,360.26,6,True,
2026-09-10T20:05:21.043654+00:00,200,Wise,7195.38,155.27,1,True,
2026-09-10T20:05:21.043654+00:00,200,BNZ,7129.25,245.75,2,True,
2026-09-10T20:05:21.043654+00:00,200,Westpac NZ,7123.23,253.98,3,True,
2026-09-10T20:05:21.043654+00:00,200,ASB NZ,6949.2,492.09,4,True,
2026-09-10T20:05:21.043654+00:00,200,PayPal,6733.61,787.06,5,True,
2026-09-10T20:05:21.043654+00:00,200,KiwiBank,6383.57,1265.99,6,True,
2026-09-10T20:05:21.043654+00:00,1000,Wise,36146.69,108.81,1,True,
2026-09-10T20:05:21.043654+00:00,1000,BNZ,35646.27,245.74,2,True,
2026-09-10T20:05:21.043654+00:00,1000,Westpac NZ,35616.17,253.98,3,True,
2026-09-10T20:05:21.043654+00:00,1000,ASB NZ,35458.72,297.06,4,True,
2026-09-10T20:05:21.043654+00:00,1000,KiwiBank,34754.98,489.63,5,True,
2026-09-10T20:05:21.043654+00:00,1000,PayPal,34643.5,520.14,6,True,
2026-09-10T20:05:21.043654+00:00,1000,OFX,34534.4,549.99,7,True,
2026-09-10T20:05:21.043654+00:00,5000,Wise,180900.3,99.67,1,True,
2026-09-10T20:05:21.043654+00:00,5000,BNZ,178231.36,245.74,2,True,
2026-09-10T20:05:21.043654+00:00,5000,Westpac NZ,178080.86,253.98,3,True,
2026-09-10T20:05:21.043654+00:00,5000,ASB NZ,178006.36,258.05,4,True,
2026-09-10T20:05:21.043654+00:00,5000,KiwiBank,176612.04,334.36,5,True,
2026-09-10T20:05:21.043654+00:00,5000,OFX,174349.78,458.17,6,True,
2026-09-10T20:05:21.043654+00:00,5000,PayPal,174192.93,466.76,7,True,
2026-09-10T20:05:21.043654+00:00,25000,Wise,904671.27,97.82,1,True,
2026-09-10T20:05:21.043654+00:00,25000,BNZ,891156.82,245.74,2,True,
2026-09-10T20:05:21.043654+00:00,25000,ASB NZ,890744.51,250.25,3,True,
2026-09-10T20:05:21.043654+00:00,25000,Westpac NZ,890404.29,253.98,4,True,
2026-09-10T20:05:21.043654+00:00,25000,KiwiBank,885897.36,303.31,5,True,
2026-09-10T20:05:21.043654+00:00,25000,OFX,881483.94,351.62,6,True,
2026-09-10T20:05:21.043654+00:00,25000,PayPal,871940.1,456.08,7,True,
2026-09-10T20:05:21.043654+00:00,50000,Wise,1809624.66,96.27,1,True,
2026-09-10T20:05:21.043654+00:00,50000,BNZ,1782313.63,245.74,2,True,
2026-09-10T20:05:21.043654+00:00,50000,ASB NZ,1781667.21,249.28,3,True,
2026-09-10T20:05:21.043654+00:00,50000,Westpac NZ,1780808.57,253.98,4,True,
2026-09-10T20:05:21.043654+00:00,50000,KiwiBank,1772504.0,299.43,5,True,
2026-09-10T20:05:21.043654+00:00,50000,OFX,1762967.89,351.62,6,True,
2026-09-10T21:05:20.600049+00:00,200,Wise,7203.16,144.62,1,True,
2026-09-10T21:05:20.600049+00:00,200,BNZ,7130.37,244.21,2,True,
2026-09-10T21:05:20.600049+00:00,200,Westpac NZ,7072.14,323.88,3,True,
2026-09-10T21:05:20.600049+00:00,200,ASB NZ,6949.48,491.71,4,True,
2026-09-10T21:05:20.600049+00:00,200,PayPal,6732.7,788.31,5,True,
2026-09-10T21:05:20.600049+00:00,200,KiwiBank,6388.03,1259.88,6,True,
2026-09-10T21:05:20.600049+00:00,1000,Wise,36185.76,98.11,1,True,
2026-09-10T21:05:20.600049+00:00,1000,BNZ,35651.87,244.21,2,True,
2026-09-10T21:05:20.600049+00:00,1000,ASB NZ,35460.19,296.66,3,True,
2026-09-10T21:05:20.600049+00:00,1000,Westpac NZ,35360.7,323.88,4,True,
2026-09-10T21:05:20.600049+00:00,1000,KiwiBank,34779.3,482.98,5,True,
2026-09-10T21:05:20.600049+00:00,1000,PayPal,34638.83,521.42,6,True,
2026-09-10T21:05:20.600049+00:00,1000,OFX,34530.93,550.94,7,True,
2026-09-10T21:05:20.600049+00:00,5000,Wise,181095.85,88.97,1,True,
2026-09-10T21:05:20.600049+00:00,5000,BNZ,178259.34,244.21,2,True,
2026-09-10T21:05:20.600049+00:00,5000,ASB NZ,178013.71,257.65,3,True,
2026-09-10T21:05:20.600049+00:00,5000,Westpac NZ,176803.48,323.88,4,True,
2026-09-10T21:05:20.600049+00:00,5000,KiwiBank,176735.63,327.6,5,True,
2026-09-10T21:05:20.600049+00:00,5000,OFX,174332.27,459.13,6,True,
2026-09-10T21:05:20.600049+00:00,5000,PayPal,174169.45,468.04,7,True,
2026-09-10T21:05:20.600049+00:00,25000,Wise,905649.23,87.11,1,True,
2026-09-10T21:05:20.600049+00:00,25000,BNZ,891296.69,244.21,2,True,
2026-09-10T21:05:20.600049+00:00,25000,ASB NZ,890781.3,249.85,3,True,
2026-09-10T21:05:20.600049+00:00,25000,KiwiBank,886517.3,296.52,4,True,
2026-09-10T21:05:20.600049+00:00,25000,Westpac NZ,884017.39,323.88,5,True,
2026-09-10T21:05:20.600049+00:00,25000,OFX,881397.64,352.56,6,True,
2026-09-10T21:05:20.600049+00:00,25000,PayPal,871822.59,457.36,7,True,
2026-09-10T21:05:20.600049+00:00,50000,Wise,1811584.15,85.55,1,True,
2026-09-10T21:05:20.600049+00:00,50000,BNZ,1782593.38,244.21,2,True,
2026-09-10T21:05:20.600049+00:00,50000,ASB NZ,1781740.79,248.87,3,True,
2026-09-10T21:05:20.600049+00:00,50000,KiwiBank,1773744.38,292.64,4,True,
2026-09-10T21:05:20.600049+00:00,50000,Westpac NZ,1768034.78,323.88,5,True,
2026-09-10T21:05:20.600049+00:00,50000,OFX,1762795.28,352.56,6,True,
2026-09-10T22:05:19.699612+00:00,200,Wise,7191.92,160.0,1,True,
2026-09-10T22:05:19.699612+00:00,200,BNZ,7135.18,237.63,2,True,
2026-09-10T22:05:19.699612+00:00,200,Westpac NZ,7075.54,319.23,3,True,
2026-09-10T22:05:19.699612+00:00,200,ASB NZ,6961.53,475.22,4,True,
2026-09-10T22:05:19.699612+00:00,200,PayPal,6740.8,777.22,5,True,
2026-09-10T22:05:19.699612+00:00,200,KiwiBank,6392.17,1254.22,6,True,
2026-09-10T22:05:19.699612+00:00,1000,Wise,36129.29,113.57,1,True,
2026-09-10T22:05:19.699612+00:00,1000,BNZ,35675.92,237.63,2,True,
2026-09-10T22:05:19.699612+00:00,1000,ASB NZ,35521.64,279.84,3,True,
2026-09-10T22:05:19.699612+00:00,1000,Westpac NZ,35377.69,319.23,4,True,
2026-09-10T22:05:19.699612+00:00,1000,KiwiBank,34801.8,476.82,5,True,
2026-09-10T22:05:19.699612+00:00,1000,PayPal,34680.48,510.02,6,True,
2026-09-10T22:05:19.699612+00:00,1000,OFX,34506.78,557.55,7,True,
2026-09-10T22:05:19.699612+00:00,5000,Wise,180813.22,104.44,1,True,
2026-09-10T22:05:19.699612+00:00,5000,BNZ,178379.6,237.63,2,True,
2026-09-10T22:05:19.699612+00:00,5000,ASB NZ,178322.23,240.77,3,True,
2026-09-10T22:05:19.699612+00:00,5000,Westpac NZ,176888.45,319.23,4,True,
2026-09-10T22:05:19.699612+00:00,5000,KiwiBank,176849.95,321.34,5,True,
2026-09-10T22:05:19.699612+00:00,5000,PayPal,174378.9,456.58,6,True,
2026-09-10T22:05:19.699612+00:00,5000,OFX,174210.34,465.8,7,True,
2026-09-10T22:05:19.699612+00:00,25000,Wise,904235.79,102.58,1,True,
2026-09-10T22:05:19.699612+00:00,25000,ASB NZ,892325.14,232.95,2,True,
2026-09-10T22:05:19.699612+00:00,25000,BNZ,891897.98,237.63,3,True,
2026-09-10T22:05:19.699612+00:00,25000,KiwiBank,887090.71,290.25,4,True,
2026-09-10T22:05:19.699612+00:00,25000,Westpac NZ,884442.24,319.23,5,True,
2026-09-10T22:05:19.699612+00:00,25000,OFX,880780.7,359.31,6,True,
2026-09-10T22:05:19.699612+00:00,25000,PayPal,872870.98,445.89,7,True,
2026-09-10T22:05:19.699612+00:00,50000,Wise,1808754.3,101.03,1,True,
2026-09-10T22:05:19.699612+00:00,50000,ASB NZ,1784828.78,231.97,2,True,
2026-09-10T22:05:19.699612+00:00,50000,BNZ,1783795.96,237.63,3,True,
2026-09-10T22:05:19.699612+00:00,50000,KiwiBank,1774891.67,286.36,4,True,
2026-09-10T22:05:19.699612+00:00,50000,Westpac NZ,1768884.49,319.23,5,True,
2026-09-10T22:05:19.699612+00:00,50000,OFX,1761561.4,359.31,6,True,
2026-09-10T23:05:19.832912+00:00,200,Wise,7205.08,142.0,1,True,
2026-09-10T23:05:19.832912+00:00,200,BNZ,7142.77,227.25,2,True,
2026-09-10T23:05:19.832912+00:00,200,Westpac NZ,7077.2,316.96,3,True,
2026-09-10T23:05:19.832912+00:00,200,ASB NZ,6958.49,479.38,4,True,
2026-09-10T23:05:19.832912+00:00,200,PayPal,6688.98,848.12,5,True,
2026-09-10T23:05:19.832912+00:00,200,KiwiBank,6382.07,1268.04,6,True,
2026-09-10T23:05:19.832912+00:00,1000,Wise,36195.41,95.47,1,True,
2026-09-10T23:05:19.832912+00:00,1000,BNZ,35713.85,227.25,2,True,
2026-09-10T23:05:19.832912+00:00,1000,ASB NZ,35506.12,284.09,3,True,
2026-09-10T23:05:19.832912+00:00,1000,Westpac NZ,35386.02,316.96,4,True,
2026-09-10T23:05:19.832912+00:00,1000,KiwiBank,34746.81,491.87,5,True,
2026-09-10T23:05:19.832912+00:00,1000,PayPal,34413.9,582.97,6,True,
2026-09-10T23:05:19.832912+00:00,1000,OFX,34373.97,593.89,7,True,
2026-09-10T23:05:19.832912+00:00,5000,Wise,181144.12,86.33,1,True,
2026-09-10T23:05:19.832912+00:00,5000,BNZ,178569.23,227.25,2,True,
2026-09-10T23:05:19.832912+00:00,5000,ASB NZ,178244.3,245.03,3,True,
2026-09-10T23:05:19.832912+00:00,5000,Westpac NZ,176930.1,316.96,4,True,
2026-09-10T23:05:19.832912+00:00,5000,KiwiBank,176570.51,336.63,5,True,
2026-09-10T23:05:19.832912+00:00,5000,OFX,173539.85,502.5,6,True,
2026-09-10T23:05:19.832912+00:00,5000,PayPal,173038.46,529.94,7,True,
2026-09-10T23:05:19.832912+00:00,25000,Wise,905890.61,84.47,1,True,
2026-09-10T23:05:19.832912+00:00,25000,BNZ,892846.15,227.25,2,True,
2026-09-10T23:05:19.832912+00:00,25000,ASB NZ,891935.17,237.22,3,True,
2026-09-10T23:05:19.832912+00:00,25000,KiwiBank,885689.0,305.59,4,True,
2026-09-10T23:05:19.832912+00:00,25000,Westpac NZ,884650.48,316.96,5,True,
2026-09-10T23:05:19.832912+00:00,25000,OFX,877389.88,396.43,6,True,
2026-09-10T23:05:19.832912+00:00,25000,PayPal,866161.3,519.33,7,True,
2026-09-10T23:05:19.832912+00:00,50000,Wise,1812066.25,82.91,1,True,
2026-09-10T23:05:19.832912+00:00,50000,BNZ,1785692.31,227.25,2,True,
2026-09-10T23:05:19.832912+00:00,50000,ASB NZ,1784048.76,236.24,3,True,
2026-09-10T23:05:19.832912+00:00,50000,KiwiBank,1772087.13,301.71,4,True,
2026-09-10T23:05:19.832912+00:00,50000,Westpac NZ,1769300.96,316.96,5,True,
2026-09-10T23:05:19.832912+00:00,50000,OFX,1754779.76,396.43,6,True,
2026-09-11T00:05:17.516193+00:00,200,Wise,7206.5,140.05,1,True,
2026-09-11T00:05:17.516193+00:00,200,BNZ,7143.74,225.92,2,True,
2026-09-11T00:05:17.516193+00:00,200,Westpac NZ,7080.11,312.98,3,True,
2026-09-11T00:05:17.516193+00:00,200,ASB NZ,6958.24,479.72,4,True,
2026-09-11T00:05:17.516193+00:00,200,PayPal,6687.59,850.03,5,True,
2026-09-11T00:05:17.516193+00:00,200,KiwiBank,6393.17,1252.85,6,True,
2026-09-11T00:05:17.516193+00:00,1000,Wise,36202.56,93.52,1,True,
2026-09-11T00:05:17.516193+00:00,1000,BNZ,35718.69,225.92,2,True,
2026-09-11T00:05:17.516193+00:00,1000,ASB NZ,35504.85,284.44,3,True,
2026-09-11T00:05:17.516193+00:00,1000,Westpac NZ,35400.53,312.98,4,True,
2026-09-11T00:05:17.516193+00:00,1000,KiwiBank,34807.26,475.33,5,True,
2026-09-11T00:05:17.516193+00:00,1000,PayPal,34406.71,584.93,6,True,
2026-09-11T00:05:17.516193+00:00,1000,OFX,34392.87,588.72,7,True,
2026-09-11T00:05:17.516193+00:00,5000,Wise,181179.95,84.37,1,True,
2026-09-11T00:05:17.516193+00:00,5000,BNZ,178593.43,225.92,2,True,
2026-09-11T00:05:17.516193+00:00,5000,ASB NZ,178237.9,245.38,3,True,
2026-09-11T00:05:17.516193+00:00,5000,Westpac NZ,177002.63,312.99,4,True,
2026-09-11T00:05:17.516193+00:00,5000,KiwiBank,176877.71,319.82,5,True,
2026-09-11T00:05:17.516193+00:00,5000,OFX,173635.28,497.27,6,True,
2026-09-11T00:05:17.516193+00:00,5000,PayPal,173002.33,531.91,7,True,
2026-09-11T00:05:17.516193+00:00,25000,Wise,906069.77,82.51,1,True,
2026-09-11T00:05:17.516193+00:00,25000,BNZ,892967.16,225.92,2,True,
2026-09-11T00:05:17.516193+00:00,25000,ASB NZ,891903.18,237.57,3,True,
2026-09-11T00:05:17.516193+00:00,25000,KiwiBank,887229.94,288.72,4,True,
2026-09-11T00:05:17.516193+00:00,25000,Westpac NZ,885013.16,312.99,5,True,
2026-09-11T00:05:17.516193+00:00,25000,OFX,877871.56,391.15,6,True,
2026-09-11T00:05:17.516193+00:00,25000,PayPal,865980.41,521.31,7,True,
2026-09-11T00:05:17.516193+00:00,50000,Wise,1812425.37,80.94,1,True,
2026-09-11T00:05:17.516193+00:00,50000,BNZ,1785934.31,225.92,2,True,
2026-09-11T00:05:17.516193+00:00,50000,ASB NZ,1783984.77,236.59,3,True,
2026-09-11T00:05:17.516193+00:00,50000,KiwiBank,1775170.23,284.83,4,True,
2026-09-11T00:05:17.516193+00:00,50000,Westpac NZ,1770026.32,312.99,5,True,
2026-09-11T00:05:17.516193+00:00,50000,OFX,1755743.13,391.15,6,True,
2026-09-11T01:05:22.813231+00:00,200,Wise,7217.92,88.69,1,True,
2026-09-11T01:05:22.813231+00:00,200,BNZ,7158.96,169.65,2,True,
2026-09-11T01:05:22.813231+00:00,200,Westpac NZ,7089.82,264.59,3,True,
2026-09-11T01:05:22.813231+00:00,200,ASB NZ,6959.6,443.4,4,True,
2026-09-11T01:05:22.813231+00:00,200,PayPal,6693.76,808.44,5,True,
2026-09-11T01:05:22.813231+00:00,200,KiwiBank,6407.97,1200.88,6,True,
2026-09-11T01:05:22.813231+00:00,1000,Wise,36259.93,41.91,1,True,
2026-09-11T01:05:22.813231+00:00,1000,BNZ,35794.79,169.65,2,True,
2026-09-11T01:05:22.813231+00:00,1000,ASB NZ,35511.79,247.37,3,True,
2026-09-11T01:05:22.813231+00:00,1000,Westpac NZ,35449.11,264.59,4,True,
2026-09-11T01:05:22.813231+00:00,1000,KiwiBank,34887.84,418.73,5,True,
2026-09-11T01:05:22.813231+00:00,1000,OFX,34447.75,539.59,6,True,
2026-09-11T01:05:22.813231+00:00,1000,PayPal,34438.46,542.14,7,True,
2026-09-11T01:05:22.813231+00:00,5000,Wise,181467.06,32.72,1,True,
2026-09-11T01:05:22.813231+00:00,5000,BNZ,178973.94,169.65,2,True,
2026-09-11T01:05:22.813231+00:00,5000,ASB NZ,178272.77,208.17,3,True,
2026-09-11T01:05:22.813231+00:00,5000,KiwiBank,177287.17,262.3,4,True,
2026-09-11T01:05:22.813231+00:00,5000,Westpac NZ,177245.56,264.59,5,True,
2026-09-11T01:05:22.813231+00:00,5000,OFX,173912.35,447.67,6,True,
2026-09-11T01:05:22.813231+00:00,5000,PayPal,173162.0,488.88,7,True,
2026-09-11T01:05:22.813231+00:00,25000,Wise,907505.6,30.85,1,True,
2026-09-11T01:05:22.813231+00:00,25000,BNZ,894869.69,169.66,2,True,
2026-09-11T01:05:22.813231+00:00,25000,ASB NZ,892077.67,200.33,3,True,
2026-09-11T01:05:22.813231+00:00,25000,KiwiBank,889283.82,231.02,4,True,
2026-09-11T01:05:22.813231+00:00,25000,Westpac NZ,886227.82,264.59,5,True,
2026-09-11T01:05:22.813231+00:00,25000,OFX,879272.28,341.0,6,True,
2026-09-11T01:05:22.813231+00:00,25000,PayPal,866779.69,478.23,7,True,
2026-09-11T01:05:22.813231+00:00,50000,Wise,1815300.04,29.26,1,True,
2026-09-11T01:05:22.813231+00:00,50000,BNZ,1789739.39,169.66,2,True,
2026-09-11T01:05:22.813231+00:00,50000,ASB NZ,1784333.78,199.35,3,True,
2026-09-11T01:05:22.813231+00:00,50000,KiwiBank,1779279.63,227.11,4,True,
2026-09-11T01:05:22.813231+00:00,50000,Westpac NZ,1772455.63,264.59,5,True,
2026-09-11T01:05:22.813231+00:00,50000,OFX,1758544.56,341.0,6,True,
2026-09-11T02:05:16.260800+00:00,200,Wise,7216.08,91.22,1,True,
2026-09-11T02:05:16.260800+00:00,200,BNZ,7166.13,159.81,2,True,
2026-09-11T02:05:16.260800+00:00,200,Westpac NZ,7096.92,254.84,3,True,
2026-09-11T02:05:16.260800+00:00,200,ASB NZ,6966.57,433.83,4,True,
2026-09-11T02:05:16.260800+00:00,200,PayPal,6689.37,814.47,5,True,
2026-09-11T02:05:16.260800+00:00,200,KiwiBank,6414.42,1192.02,6,True,
2026-09-11T02:05:16.260800+00:00,1000,Wise,36250.69,44.45,1,True,
2026-09-11T02:05:16.260800+00:00,1000,BNZ,35830.64,159.81,2,True,
2026-09-11T02:05:16.260800+00:00,1000,ASB NZ,35547.37,237.6,3,True,
2026-09-11T02:05:16.260800+00:00,1000,Westpac NZ,35484.62,254.84,4,True,
2026-09-11T02:05:16.260800+00:00,1000,KiwiBank,34922.97,409.08,5,True,
2026-09-11T02:05:16.260800+00:00,1000,OFX,34763.59,452.85,6,True,
2026-09-11T02:05:16.260800+00:00,1000,PayPal,34415.87,548.35,7,True,
2026-09-11T02:05:16.260800+00:00,5000,Wise,181420.78,35.26,1,True,
2026-09-11T02:05:16.260800+00:00,5000,BNZ,179153.22,159.81,2,True,
2026-09-11T02:05:16.260800+00:00,5000,ASB NZ,178451.35,198.36,3,True,
2026-09-11T02:05:16.260800+00:00,5000,KiwiBank,177465.7,252.5,4,True,
2026-09-11T02:05:16.260800+00:00,5000,Westpac NZ,177423.11,254.84,5,True,
2026-09-11T02:05:16.260800+00:00,5000,OFX,175506.87,360.09,6,True,
2026-09-11T02:05:16.260800+00:00,5000,PayPal,173048.38,495.12,7,True,
2026-09-11T02:05:16.260800+00:00,25000,Wise,907274.18,33.39,1,True,
2026-09-11T02:05:16.260800+00:00,25000,BNZ,895766.08,159.81,2,True,
2026-09-11T02:05:16.260800+00:00,25000,ASB NZ,892971.25,190.51,3,True,
2026-09-11T02:05:16.260800+00:00,25000,KiwiBank,890179.35,221.18,4,True,
2026-09-11T02:05:16.260800+00:00,25000,OFX,887336.57,252.41,5,True,
2026-09-11T02:05:16.260800+00:00,25000,Westpac NZ,887115.54,254.84,6,True,
2026-09-11T02:05:16.260800+00:00,25000,PayPal,866210.96,484.48,7,True,
2026-09-11T02:05:16.260800+00:00,50000,Wise,1814835.29,31.81,1,True,
2026-09-11T02:05:16.260800+00:00,50000,BNZ,1791532.15,159.81,2,True,
2026-09-11T02:05:16.260800+00:00,50000,ASB NZ,1786121.13,189.53,3,True,
2026-09-11T02:05:16.260800+00:00,50000,KiwiBank,1781071.42,217.26,4,True,
2026-09-11T02:05:16.260800+00:00,50000,OFX,1774673.14,252.41,5,True,
2026-09-11T02:05:16.260800+00:00,50000,Westpac NZ,1774231.09,254.84,6,True,
2026-09-11T03:05:19.978502+00:00,200,Wise,7217.59,89.14,1,True,
2026-09-11T03:05:19.978502+00:00,200,BNZ,7165.07,161.26,2,True,
2026-09-11T03:05:19.978502+00:00,200,Westpac NZ,7095.87,256.28,3,True,
2026-09-11T03:05:19.978502+00:00,200,ASB NZ,6978.21,417.85,4,True,
2026-09-11T03:05:19.978502+00:00,200,PayPal,6687.66,816.82,5,True,
2026-09-11T03:05:19.978502+00:00,200,KiwiBank,6411.01,1196.7,6,True,
2026-09-11T03:05:19.978502+00:00,1000,Wise,36258.24,42.38,1,True,
2026-09-11T03:05:19.978502+00:00,1000,BNZ,35825.34,161.26,2,True,
2026-09-11T03:05:19.978502+00:00,1000,ASB NZ,35606.76,221.29,3,True,
2026-09-11T03:05:19.978502+00:00,1000,Westpac NZ,35479.37,256.28,4,True,
2026-09-11T03:05:19.978502+00:00,1000,KiwiBank,34904.36,414.19,5,True,
2026-09-11T03:05:19.978502+00:00,1000,OFX,34707.9,468.15,6,True,
2026-09-11T03:05:19.978502+00:00,1000,PayPal,34407.09,550.76,7,True,
2026-09-11T03:05:19.978502+00:00,5000,Wise,181458.6,33.18,1,True,
2026-09-11T03:05:19.978502+00:00,5000,BNZ,179126.69,161.27,2,True,
2026-09-11T03:05:19.978502+00:00,5000,ASB NZ,178749.51,181.98,3,True,
2026-09-11T03:05:19.978502+00:00,5000,Westpac NZ,177396.84,256.28,4,True,
2026-09-11T03:05:19.978502+00:00,5000,KiwiBank,177371.16,257.69,5,True,
2026-09-11T03:05:19.978502+00:00,5000,OFX,175225.72,375.53,6,True,
2026-09-11T03:05:19.978502+00:00,5000,PayPal,173004.26,497.55,7,True,
2026-09-11T03:05:19.978502+00:00,25000,Wise,907463.3,31.31,1,True,
2026-09-11T03:05:19.978502+00:00,25000,BNZ,895633.46,161.26,2,True,
2026-09-11T03:05:19.978502+00:00,25000,ASB NZ,894463.24,174.12,3,True,
2026-09-11T03:05:19.978502+00:00,25000,KiwiBank,889705.12,226.39,4,True,
2026-09-11T03:05:19.978502+00:00,25000,Westpac NZ,886984.21,256.28,5,True,
2026-09-11T03:05:19.978502+00:00,25000,OFX,885915.47,268.02,6,True,
2026-09-11T03:05:19.978502+00:00,25000,PayPal,865990.12,486.9,7,True,
2026-09-11T03:05:19.978502+00:00,50000,Wise,1815214.69,29.73,1,True,
2026-09-11T03:05:19.978502+00:00,50000,BNZ,1791266.92,161.26,2,True,
2026-09-11T03:05:19.978502+00:00,50000,ASB NZ,1789105.42,173.14,3,True,
2026-09-11T03:05:19.978502+00:00,50000,KiwiBank,1780122.58,222.48,4,True,
2026-09-11T03:05:19.978502+00:00,50000,Westpac NZ,1773968.42,256.28,5,True,
2026-09-11T03:05:19.978502+00:00,50000,OFX,1771830.95,268.02,6,True,
2026-09-11T04:05:15.632357+00:00,200,Wise,7228.3,74.44,1,True,
2026-09-11T04:05:15.632357+00:00,200,BNZ,7169.0,155.87,2,True,
2026-09-11T04:05:15.632357+00:00,200,Westpac NZ,7112.11,233.98,3,True,
2026-09-11T04:05:15.632357+00:00,200,ASB NZ,6982.04,412.59,4,True,
2026-09-11T04:05:15.632357+00:00,200,PayPal,6692.23,810.54,5,True,
2026-09-11T04:05:15.632357+00:00,200,KiwiBank,6411.84,1195.56,6,True,
2026-09-11T04:05:15.632357+00:00,1000,Wise,36312.03,27.6,1,True,
2026-09-11T04:05:15.632357+00:00,1000,BNZ,35844.99,155.87,2,True,
2026-09-11T04:05:15.632357+00:00,1000,ASB NZ,35626.29,215.93,3,True,
2026-09-11T04:05:15.632357+00:00,1000,Westpac NZ,35560.57,233.98,4,True,
2026-09-11T04:05:15.632357+00:00,1000,KiwiBank,34908.88,412.95,5,True,
2026-09-11T04:05:15.632357+00:00,1000,OFX,34734.47,460.85,6,True,
2026-09-11T04:05:15.632357+00:00,1000,PayPal,34430.59,544.31,7,True,
2026-09-11T04:05:15.632357+00:00,5000,Wise,181727.8,18.4,1,True,
2026-09-11T04:05:15.632357+00:00,5000,BNZ,179224.93,155.87,2,True,
2026-09-11T04:05:15.632357+00:00,5000,ASB NZ,178847.53,176.6,3,True,
2026-09-11T04:05:15.632357+00:00,5000,Westpac NZ,177802.87,233.98,4,True,
2026-09-11T04:05:15.632357+00:00,5000,KiwiBank,177394.11,256.43,5,True,
2026-09-11T04:05:15.632357+00:00,5000,OFX,175359.84,368.16,6,True,
2026-09-11T04:05:15.632357+00:00,5000,PayPal,173122.4,491.06,7,True,
2026-09-11T04:05:15.632357+00:00,25000,Wise,908809.54,16.52,1,True,
2026-09-11T04:05:15.632357+00:00,25000,BNZ,896124.63,155.87,2,True,
2026-09-11T04:05:15.632357+00:00,25000,ASB NZ,894953.77,168.73,3,True,
2026-09-11T04:05:15.632357+00:00,25000,KiwiBank,889820.26,225.12,4,True,
2026-09-11T04:05:15.632357+00:00,25000,Westpac NZ,889014.33,233.98,5,True,
2026-09-11T04:05:15.632357+00:00,25000,OFX,886592.95,260.58,6,True,
2026-09-11T04:05:15.632357+00:00,25000,PayPal,866581.45,480.41,7,True,
2026-09-11T04:05:15.632357+00:00,50000,Wise,1817909.79,14.93,1,True,
2026-09-11T04:05:15.632357+00:00,50000,BNZ,1792249.26,155.87,2,True,
2026-09-11T04:05:15.632357+00:00,50000,ASB NZ,1790086.57,167.75,3,True,
2026-09-11T04:05:15.632357+00:00,50000,KiwiBank,1780352.95,221.21,4,True,
2026-09-11T04:05:15.632357+00:00,50000,Westpac NZ,1778028.65,233.98,5,True,
2026-09-11T04:05:15.632357+00:00,50000,OFX,1773185.9,260.58,6,True,
2026-09-11T05:05:17.860919+00:00,200,Wise,7233.28,67.6,1,True,
2026-09-11T05:05:17.860919+00:00,200,BNZ,7184.3,134.86,2,True,
2026-09-11T05:05:17.860919+00:00,200,Westpac NZ,7120.13,222.97,3,True,
2026-09-11T05:05:17.860919+00:00,200,ASB NZ,6997.07,391.95,4,True,
2026-09-11T05:05:17.860919+00:00,200,PayPal,6691.6,811.41,5,True,
2026-09-11T05:05:17.860919+00:00,200,KiwiBank,6425.46,1176.86,6,True,
2026-09-11T05:05:17.860919+00:00,1000,Wise,36337.09,20.72,1,True,
2026-09-11T05:05:17.860919+00:00,1000,BNZ,35921.51,134.85,2,True,
2026-09-11T05:05:17.860919+00:00,1000,ASB NZ,35703.02,194.86,3,True,
2026-09-11T05:05:17.860919+00:00,1000,Westpac NZ,35600.65,222.97,4,True,
2026-09-11T05:05:17.860919+00:00,1000,KiwiBank,34983.06,392.58,5,True,
2026-09-11T05:05:17.860919+00:00,1000,OFX,34831.83,434.11,6,True,
2026-09-11T05:05:17.860919+00:00,1000,PayPal,34427.36,545.19,7,True,
2026-09-11T05:05:17.860919+00:00,5000,Wise,181853.19,11.51,1,True,
2026-09-11T05:05:17.860919+00:00,5000,BNZ,179607.53,134.85,2,True,
2026-09-11T05:05:17.860919+00:00,5000,ASB NZ,179232.74,155.44,3,True,
2026-09-11T05:05:17.860919+00:00,5000,Westpac NZ,178003.27,222.97,4,True,
2026-09-11T05:05:17.860919+00:00,5000,KiwiBank,177771.06,235.72,5,True,
2026-09-11T05:05:17.860919+00:00,5000,OFX,175851.39,341.16,6,True,
2026-09-11T05:05:17.860919+00:00,5000,PayPal,173106.14,491.95,7,True,
2026-09-11T05:05:17.860919+00:00,25000,Wise,909436.63,9.63,1,True,
2026-09-11T05:05:17.860919+00:00,25000,BNZ,898037.66,134.85,2,True,
2026-09-11T05:05:17.860919+00:00,25000,ASB NZ,896881.33,147.56,3,True,
2026-09-11T05:05:17.860919+00:00,25000,KiwiBank,891711.06,204.35,4,True,
2026-09-11T05:05:17.860919+00:00,25000,Westpac NZ,890016.36,222.97,5,True,
2026-09-11T05:05:17.860919+00:00,25000,OFX,889078.42,233.27,6,True,
2026-09-11T05:05:17.860919+00:00,25000,PayPal,866500.07,481.3,7,True,
2026-09-11T05:05:17.860919+00:00,50000,Wise,1819165.26,8.03,1,True,
2026-09-11T05:05:17.860919+00:00,50000,BNZ,1796075.31,134.85,2,True,
2026-09-11T05:05:17.860919+00:00,50000,ASB NZ,1793942.07,146.57,3,True,
2026-09-11T05:05:17.860919+00:00,50000,KiwiBank,1784136.06,200.43,4,True,
2026-09-11T05:05:17.860919+00:00,50000,Westpac NZ,1780032.72,222.97,5,True,
2026-09-11T05:05:17.860919+00:00,50000,OFX,1778156.83,233.27,6,True,
2026-09-11T06:05:20.481759+00:00,200,Wise,7234.37,66.1,1,True,
2026-09-11T06:05:20.481759+00:00,200,BNZ,7186.84,131.37,2,True,
2026-09-11T06:05:20.481759+00:00,200,Westpac NZ,7122.64,219.52,3,True,
2026-09-11T06:05:20.481759+00:00,200,ASB NZ,6999.54,388.56,4,True,
2026-09-11T06:05:20.481759+00:00,200,PayPal,6691.51,811.53,5,True,
2026-09-11T06:05:20.481759+00:00,200,KiwiBank,6428.92,1172.11,6,True,
2026-09-11T06:05:20.481759+00:00,1000,Wise,36342.56,19.22,1,True,
2026-09-11T06:05:20.481759+00:00,1000,BNZ,35934.19,131.37,2,True,
2026-09-11T06:05:20.481759+00:00,1000,ASB NZ,35715.62,191.4,3,True,
2026-09-11T06:05:20.481759+00:00,1000,Westpac NZ,35613.22,219.52,4,True,
2026-09-11T06:05:20.481759+00:00,1000,KiwiBank,35001.89,387.41,5,True,
2026-09-11T06:05:20.481759+00:00,1000,OFX,34822.95,436.55,6,True,
2026-09-11T06:05:20.481759+00:00,1000,PayPal,34426.88,545.32,7,True,
2026-09-11T06:05:20.481759+00:00,5000,Wise,181880.56,10.01,1,True,
2026-09-11T06:05:20.481759+00:00,5000,BNZ,179670.94,131.37,2,True,
2026-09-11T06:05:20.481759+00:00,5000,ASB NZ,179296.01,151.96,3,True,
2026-09-11T06:05:20.481759+00:00,5000,Westpac NZ,178066.11,219.52,4,True,
2026-09-11T06:05:20.481759+00:00,5000,KiwiBank,177866.75,230.47,5,True,
2026-09-11T06:05:20.481759+00:00,5000,OFX,175806.54,343.63,6,True,
2026-09-11T06:05:20.481759+00:00,5000,PayPal,173103.74,492.08,7,True,
2026-09-11T06:05:20.481759+00:00,25000,Wise,909573.49,8.13,1,True,
2026-09-11T06:05:20.481759+00:00,25000,BNZ,898354.68,131.37,2,True,
2026-09-11T06:05:20.481759+00:00,25000,ASB NZ,897197.94,144.08,3,True,
2026-09-11T06:05:20.481759+00:00,25000,KiwiBank,892191.04,199.08,4,True,
2026-09-11T06:05:20.481759+00:00,25000,Westpac NZ,890330.55,219.52,5,True,
2026-09-11T06:05:20.481759+00:00,25000,OFX,888851.0,235.77,6,True,
2026-09-11T06:05:20.481759+00:00,25000,PayPal,866488.07,481.43,7,True,
2026-09-11T06:05:20.481759+00:00,50000,Wise,1819440.13,6.52,1,True,
2026-09-11T06:05:20.481759+00:00,50000,BNZ,1796709.36,131.37,2,True,
2026-09-11T06:05:20.481759+00:00,50000,ASB NZ,1794575.37,143.09,3,True,
2026-09-11T06:05:20.481759+00:00,50000,KiwiBank,1785096.41,195.16,4,True,
2026-09-11T06:05:20.481759+00:00,50000,Westpac NZ,1780661.11,219.52,5,True,
2026-09-11T06:05:20.481759+00:00,50000,OFX,1777702.0,235.77,6,True,
2026-09-11T07:05:20.645205+00:00,200,Wise,7236.87,62.67,1,True,
2026-09-11T07:05:20.645205+00:00,200,BNZ,7185.58,133.1,2,True,
2026-09-11T07:05:20.645205+00:00,200,Westpac NZ,7118.17,225.66,3,True,
2026-09-11T07:05:20.645205+00:00,200,ASB NZ,6998.32,390.24,4,True,
2026-09-11T07:05:20.645205+00:00,200,PayPal,6687.22,817.42,5,True,
2026-09-11T07:05:20.645205+00:00,200,KiwiBank,6426.59,1175.31,6,True,
2026-09-11T07:05:20.645205+00:00,1000,Wise,36351.01,16.9,1,True,
2026-09-11T07:05:20.645205+00:00,1000,BNZ,35927.9,133.1,2,True,
2026-09-11T07:05:20.645205+00:00,1000,ASB NZ,35709.37,193.11,3,True,
2026-09-11T07:05:20.645205+00:00,1000,Westpac NZ,35590.87,225.66,4,True,
2026-09-11T07:05:20.645205+00:00,1000,KiwiBank,34989.19,390.9,5,True,
2026-09-11T07:05:20.645205+00:00,1000,OFX,34798.39,443.3,6,True,
2026-09-11T07:05:20.645205+00:00,1000,PayPal,34404.84,551.38,7,True,
2026-09-11T07:05:20.645205+00:00,5000,Wise,181943.26,6.56,1,True,
2026-09-11T07:05:20.645205+00:00,5000,BNZ,179639.48,133.1,2,True,
2026-09-11T07:05:20.645205+00:00,5000,ASB NZ,179264.62,153.69,3,True,
2026-09-11T07:05:20.645205+00:00,5000,Westpac NZ,177954.36,225.66,4,True,
2026-09-11T07:05:20.645205+00:00,5000,KiwiBank,177802.2,234.01,5,True,
2026-09-11T07:05:20.645205+00:00,5000,OFX,175682.55,350.44,6,True,
2026-09-11T07:05:20.645205+00:00,5000,PayPal,172992.95,498.17,7,True,
2026-09-11T07:05:20.645205+00:00,25000,Wise,909887.04,4.69,1,True,
2026-09-11T07:05:20.645205+00:00,25000,BNZ,898197.4,133.1,2,True,
2026-09-11T07:05:20.645205+00:00,25000,ASB NZ,897040.86,145.8,3,True,
2026-09-11T07:05:20.645205+00:00,25000,KiwiBank,891867.25,202.64,4,True,
2026-09-11T07:05:20.645205+00:00,25000,Westpac NZ,889771.82,225.66,5,True,
2026-09-11T07:05:20.645205+00:00,25000,OFX,888224.6,242.65,6,True,
2026-09-11T07:05:20.645205+00:00,25000,PayPal,865933.48,487.53,7,True,
2026-09-11T07:05:20.645205+00:00,50000,Wise,1820067.68,3.07,1,True,
2026-09-11T07:05:20.645205+00:00,50000,BNZ,1796394.8,133.1,2,True,
2026-09-11T07:05:20.645205+00:00,50000,ASB NZ,1794261.17,144.82,3,True,
2026-09-11T07:05:20.645205+00:00,50000,KiwiBank,1784448.57,198.72,4,True,
2026-09-11T07:05:20.645205+00:00,50000,Westpac NZ,1779543.65,225.66,5,True,
2026-09-11T07:05:20.645205+00:00,50000,OFX,1776449.2,242.65,6,True,
2026-09-11T08:05:23.415058+00:00,200,Wise,7234.15,66.4,1,True,
2026-09-11T08:05:23.415058+00:00,200,BNZ,7183.73,135.64,2,True,
2026-09-11T08:05:23.415058+00:00,200,Westpac NZ,7115.7,229.05,3,True,
2026-09-11T08:05:23.415058+00:00,200,ASB NZ,6991.28,399.9,4,True,
2026-09-11T08:05:23.415058+00:00,200,PayPal,6684.9,820.61,5,True,
2026-09-11T08:05:23.415058+00:00,200,KiwiBank,6426.12,1175.95,6,True,
2026-09-11T08:05:23.415058+00:00,1000,Wise,36341.46,19.52,1,True,
2026-09-11T08:05:23.415058+00:00,1000,BNZ,35918.66,135.64,2,True,
2026-09-11T08:05:23.415058+00:00,1000,ASB NZ,35673.44,202.98,3,True,
2026-09-11T08:05:23.415058+00:00,1000,Westpac NZ,35578.51,229.05,4,True,
2026-09-11T08:05:23.415058+00:00,1000,KiwiBank,34986.63,391.6,5,True,
2026-09-11T08:05:23.415058+00:00,1000,OFX,34811.08,439.81,6,True,
2026-09-11T08:05:23.415058+00:00,1000,PayPal,34392.89,554.66,7,True,
2026-09-11T08:05:23.415058+00:00,5000,Wise,181875.09,10.31,1,True,
2026-09-11T08:05:23.415058+00:00,5000,BNZ,179593.28,135.64,2,True,
2026-09-11T08:05:23.415058+00:00,5000,ASB NZ,179084.27,163.59,3,True,
2026-09-11T08:05:23.415058+00:00,5000,Westpac NZ,177892.54,229.05,4,True,
2026-09-11T08:05:23.415058+00:00,5000,KiwiBank,177789.2,234.73,5,True,
2026-09-11T08:05:23.415058+00:00,5000,OFX,175746.64,346.92,6,True,
2026-09-11T08:05:23.415058+00:00,5000,PayPal,172932.84,501.47,7,True,
2026-09-11T08:05:23.415058+00:00,25000,Wise,909546.12,8.43,1,True,
2026-09-11T08:05:23.415058+00:00,25000,BNZ,897966.39,135.64,2,True,
2026-09-11T08:05:23.415058+00:00,25000,ASB NZ,896138.39,155.72,3,True,
2026-09-11T08:05:23.415058+00:00,25000,KiwiBank,891802.06,203.35,4,True,
2026-09-11T08:05:23.415058+00:00,25000,Westpac NZ,889462.68,229.05,5,True,
2026-09-11T08:05:23.415058+00:00,25000,OFX,888548.17,239.1,6,True,
2026-09-11T08:05:23.415058+00:00,25000,PayPal,865632.62,490.83,7,True,
2026-09-11T08:05:23.415058+00:00,50000,Wise,1819385.01,6.82,1,True,
2026-09-11T08:05:23.415058+00:00,50000,BNZ,1795932.78,135.64,2,True,
2026-09-11T08:05:23.415058+00:00,50000,ASB NZ,1792456.04,154.73,3,True,
2026-09-11T08:05:23.415058+00:00,50000,KiwiBank,1784318.13,199.43,4,True,
2026-09-11T08:05:23.415058+00:00,50000,Westpac NZ,1778925.37,229.05,5,True,
2026-09-11T08:05:23.415058+00:00,50000,OFX,1777096.33,239.1,6,True,
2026-09-11T09:05:20.164285+00:00,200,Wise,7223.7,80.75,1,True,
2026-09-11T09:05:20.164285+00:00,200,BNZ,7178.36,143.01,2,True,
2026-09-11T09:05:20.164285+00:00,200,Westpac NZ,7110.38,236.36,3,True,
2026-09-11T09:05:20.164285+00:00,200,ASB NZ,6990.1,401.52,4,True,
2026-09-11T09:05:20.164285+00:00,200,PayPal,6680.45,826.72,5,True,
2026-09-11T09:05:20.164285+00:00,200,KiwiBank,6416.52,1189.14,6,True,
2026-09-11T09:05:20.164285+00:00,1000,Wise,36288.97,33.94,1,True,
2026-09-11T09:05:20.164285+00:00,1000,BNZ,35891.82,143.01,2,True,
2026-09-11T09:05:20.164285+00:00,1000,ASB NZ,35667.43,204.63,3,True,
2026-09-11T09:05:20.164285+00:00,1000,Westpac NZ,35551.92,236.35,4,True,
2026-09-11T09:05:20.164285+00:00,1000,KiwiBank,34934.39,405.95,5,True,
2026-09-11T09:05:20.164285+00:00,1000,OFX,34753.49,455.63,6,True,
2026-09-11T09:05:20.164285+00:00,1000,PayPal,34370.01,560.94,7,True,
2026-09-11T09:05:20.164285+00:00,5000,Wise,181612.36,24.74,1,True,
2026-09-11T09:05:20.164285+00:00,5000,BNZ,179459.1,143.01,2,True,
2026-09-11T09:05:20.164285+00:00,5000,ASB NZ,179054.07,165.25,3,True,
2026-09-11T09:05:20.164285+00:00,5000,Westpac NZ,177759.62,236.35,4,True,
2026-09-11T09:05:20.164285+00:00,5000,KiwiBank,177523.71,249.31,5,True,
2026-09-11T09:05:20.164285+00:00,5000,OFX,175455.87,362.89,6,True,
2026-09-11T09:05:20.164285+00:00,5000,PayPal,172817.82,507.79,7,True,
2026-09-11T09:05:20.164285+00:00,25000,Wise,908232.22,22.86,1,True,
2026-09-11T09:05:20.164285+00:00,25000,BNZ,897295.48,143.01,2,True,
2026-09-11T09:05:20.164285+00:00,25000,ASB NZ,895987.31,157.38,3,True,
2026-09-11T09:05:20.164285+00:00,25000,KiwiBank,890470.36,217.98,4,True,
2026-09-11T09:05:20.164285+00:00,25000,Westpac NZ,888798.12,236.35,5,True,
2026-09-11T09:05:20.164285+00:00,25000,OFX,887078.21,255.25,6,True,
2026-09-11T09:05:20.164285+00:00,25000,PayPal,865056.85,497.16,7,True,
2026-09-11T09:05:20.164285+00:00,50000,Wise,1816755.34,21.27,1,True,
2026-09-11T09:05:20.164285+00:00,50000,BNZ,1794590.95,143.01,2,True,
2026-09-11T09:05:20.164285+00:00,50000,ASB NZ,1792153.85,156.39,3,True,
2026-09-11T09:05:20.164285+00:00,50000,KiwiBank,1781653.66,214.07,4,True,
2026-09-11T09:05:20.164285+00:00,50000,Westpac NZ,1777596.25,236.35,5,True,
2026-09-11T09:05:20.164285+00:00,50000,OFX,1774156.41,255.25,6,True,
2026-09-11T10:05:17.849443+00:00,200,Wise,7224.67,79.42,1,True,
2026-09-11T10:05:17.849443+00:00,200,BNZ,7172.86,150.56,2,True,
2026-09-11T10:05:17.849443+00:00,200,Westpac NZ,7104.93,243.84,3,True,
2026-09-11T10:05:17.849443+00:00,200,ASB NZ,6984.74,408.88,4,True,
2026-09-11T10:05:17.849443+00:00,200,PayPal,6684.69,820.9,5,True,
2026-09-11T10:05:17.849443+00:00,200,KiwiBank,6409.94,1198.17,6,True,
2026-09-11T10:05:17.849443+00:00,1000,Wise,36293.84,32.6,1,True,
2026-09-11T10:05:17.849443+00:00,1000,BNZ,35864.29,150.57,2,True,
2026-09-11T10:05:17.849443+00:00,1000,ASB NZ,35640.08,212.14,3,True,
2026-09-11T10:05:17.849443+00:00,1000,Westpac NZ,35524.66,243.84,4,True,
2026-09-11T10:05:17.849443+00:00,1000,KiwiBank,34898.57,415.78,5,True,
2026-09-11T10:05:17.849443+00:00,1000,OFX,34635.13,488.13,6,True,
2026-09-11T10:05:17.849443+00:00,1000,PayPal,34391.83,554.95,7,True,
2026-09-11T10:05:17.849443+00:00,5000,Wise,181636.74,23.4,1,True,
2026-09-11T10:05:17.849443+00:00,5000,BNZ,179321.47,150.57,2,True,
2026-09-11T10:05:17.849443+00:00,5000,ASB NZ,178916.76,172.8,3,True,
2026-09-11T10:05:17.849443+00:00,5000,Westpac NZ,177623.3,243.84,4,True,
2026-09-11T10:05:17.849443+00:00,5000,KiwiBank,177341.72,259.31,5,True,
2026-09-11T10:05:17.849443+00:00,5000,OFX,174858.32,395.71,6,True,
2026-09-11T10:05:17.849443+00:00,5000,PayPal,172927.5,501.76,7,True,
2026-09-11T10:05:17.849443+00:00,25000,Wise,908354.16,21.53,1,True,
2026-09-11T10:05:17.849443+00:00,25000,BNZ,896607.36,150.57,2,True,
2026-09-11T10:05:17.849443+00:00,25000,ASB NZ,895300.19,164.93,3,True,
2026-09-11T10:05:17.849443+00:00,25000,KiwiBank,889557.49,228.01,4,True,
2026-09-11T10:05:17.849443+00:00,25000,Westpac NZ,888116.52,243.84,5,True,
2026-09-11T10:05:17.849443+00:00,25000,OFX,884058.18,288.42,6,True,
2026-09-11T10:05:17.849443+00:00,25000,PayPal,865605.84,491.13,7,True,
2026-09-11T10:05:17.849443+00:00,50000,Wise,1816999.25,19.93,1,True,
2026-09-11T10:05:17.849443+00:00,50000,BNZ,1793214.72,150.57,2,True,
2026-09-11T10:05:17.849443+00:00,50000,ASB NZ,1790779.48,163.94,3,True,
2026-09-11T10:05:17.849443+00:00,50000,KiwiBank,1779827.19,224.1,4,True,
2026-09-11T10:05:17.849443+00:00,50000,Westpac NZ,1776233.05,243.84,5,True,
2026-09-11T10:05:17.849443+00:00,50000,OFX,1768116.35,288.42,6,True,
2026-09-11T11:05:21.233337+00:00,200,Wise,7216.6,90.5,1,True,
2026-09-11T11:05:21.233337+00:00,200,BNZ,7166.31,159.56,2,True,
2026-09-11T11:05:21.233337+00:00,200,Westpac NZ,7114.03,231.35,3,True,
2026-09-11T11:05:21.233337+00:00,200,ASB NZ,6978.36,417.64,4,True,
2026-09-11T11:05:21.233337+00:00,200,PayPal,6683.33,822.76,5,True,
2026-09-11T11:05:21.233337+00:00,200,KiwiBank,6408.64,1199.96,6,True,
2026-09-11T11:05:21.233337+00:00,1000,Wise,36253.27,43.74,1,True,
2026-09-11T11:05:21.233337+00:00,1000,BNZ,35831.56,159.56,2,True,
2026-09-11T11:05:21.233337+00:00,1000,ASB NZ,35607.55,221.08,3,True,
2026-09-11T11:05:21.233337+00:00,1000,Westpac NZ,35570.17,231.34,4,True,
2026-09-11T11:05:21.233337+00:00,1000,KiwiBank,34891.47,417.73,5,True,
2026-09-11T11:05:21.233337+00:00,1000,OFX,34628.09,490.07,6,True,
2026-09-11T11:05:21.233337+00:00,1000,PayPal,34384.83,556.87,7,True,
2026-09-11T11:05:21.233337+00:00,5000,Wise,181433.72,34.55,1,True,
2026-09-11T11:05:21.233337+00:00,5000,BNZ,179157.8,159.56,2,True,
2026-09-11T11:05:21.233337+00:00,5000,ASB NZ,178753.46,181.77,3,True,
2026-09-11T11:05:21.233337+00:00,5000,Westpac NZ,177850.86,231.34,4,True,
2026-09-11T11:05:21.233337+00:00,5000,KiwiBank,177305.66,261.29,5,True,
2026-09-11T11:05:21.233337+00:00,5000,OFX,174822.76,397.66,6,True,
2026-09-11T11:05:21.233337+00:00,5000,PayPal,172892.33,503.69,7,True,
2026-09-11T11:05:21.233337+00:00,25000,Wise,907338.88,32.68,1,True,
2026-09-11T11:05:21.233337+00:00,25000,BNZ,895788.99,159.56,2,True,
2026-09-11T11:05:21.233337+00:00,25000,ASB NZ,894483.02,173.9,3,True,
2026-09-11T11:05:21.233337+00:00,25000,KiwiBank,889376.58,230.0,4,True,
2026-09-11T11:05:21.233337+00:00,25000,Westpac NZ,889254.28,231.34,5,True,
2026-09-11T11:05:21.233337+00:00,25000,OFX,883878.38,290.4,6,True,
2026-09-11T11:05:21.233337+00:00,25000,PayPal,865429.8,493.06,7,True,
2026-09-11T11:05:21.233337+00:00,50000,Wise,1814967.63,31.09,1,True,
2026-09-11T11:05:21.233337+00:00,50000,BNZ,1791577.99,159.56,2,True,
2026-09-11T11:05:21.233337+00:00,50000,ASB NZ,1789144.97,172.92,3,True,
2026-09-11T11:05:21.233337+00:00,50000,KiwiBank,1779465.22,226.09,4,True,
2026-09-11T11:05:21.233337+00:00,50000,Westpac NZ,1778508.57,231.34,5,True,
2026-09-11T11:05:21.233337+00:00,50000,OFX,1767756.77,290.4,6,True,
2026-09-11T12:05:18.519841+00:00,200,Wise,7216.92,90.06,1,True,
2026-09-11T12:05:18.519841+00:00,200,BNZ,7163.85,162.94,2,True,
2026-09-11T12:05:18.519841+00:00,200,Westpac NZ,7122.33,219.95,3,True,
2026-09-11T12:05:18.519841+00:00,200,ASB NZ,6981.69,413.07,4,True,
2026-09-11T12:05:18.519841+00:00,200,PayPal,6691.13,812.05,5,True,
2026-09-11T12:05:18.519841+00:00,200,KiwiBank,6407.23,1201.89,6,True,
2026-09-11T12:05:18.519841+00:00,1000,Wise,36254.86,43.31,1,True,
2026-09-11T12:05:18.519841+00:00,1000,BNZ,35819.24,162.94,2,True,
2026-09-11T12:05:18.519841+00:00,1000,ASB NZ,35624.51,216.42,3,True,
2026-09-11T12:05:18.519841+00:00,1000,Westpac NZ,35611.66,219.95,4,True,
2026-09-11T12:05:18.519841+00:00,1000,KiwiBank,34883.83,419.83,5,True,
2026-09-11T12:05:18.519841+00:00,1000,OFX,34678.65,476.18,6,True,
2026-09-11T12:05:18.519841+00:00,1000,PayPal,34424.93,545.86,7,True,
2026-09-11T12:05:18.519841+00:00,5000,Wise,181441.68,34.11,1,True,
2026-09-11T12:05:18.519841+00:00,5000,BNZ,179096.19,162.94,2,True,
2026-09-11T12:05:18.519841+00:00,5000,ASB NZ,178838.64,177.09,3,True,
2026-09-11T12:05:18.519841+00:00,5000,Westpac NZ,178058.28,219.95,4,True,
2026-09-11T12:05:18.519841+00:00,5000,KiwiBank,177266.83,263.42,5,True,
2026-09-11T12:05:18.519841+00:00,5000,OFX,175078.05,383.64,6,True,
2026-09-11T12:05:18.519841+00:00,5000,PayPal,173093.96,492.62,7,True,
2026-09-11T12:05:18.519841+00:00,25000,Wise,907378.69,32.24,1,True,
2026-09-11T12:05:18.519841+00:00,25000,BNZ,895480.97,162.94,2,True,
2026-09-11T12:05:18.519841+00:00,25000,ASB NZ,894909.25,169.22,3,True,
2026-09-11T12:05:18.519841+00:00,25000,Westpac NZ,890291.38,219.95,4,True,
2026-09-11T12:05:18.519841+00:00,25000,KiwiBank,889181.81,232.14,5,True,
2026-09-11T12:05:18.519841+00:00,25000,OFX,885166.82,276.24,6,True,
2026-09-11T12:05:18.519841+00:00,25000,PayPal,866439.12,481.97,7,True,
2026-09-11T12:05:18.519841+00:00,50000,Wise,1815047.63,30.65,1,True,
2026-09-11T12:05:18.519841+00:00,50000,BNZ,1790961.95,162.94,2,True,
2026-09-11T12:05:18.519841+00:00,50000,ASB NZ,1789997.53,168.24,3,True,
2026-09-11T12:05:18.519841+00:00,50000,Westpac NZ,1780582.76,219.95,4,True,
2026-09-11T12:05:18.519841+00:00,50000,KiwiBank,1779075.53,228.23,5,True,
2026-09-11T12:05:18.519841+00:00,50000,OFX,1770333.63,276.24,6,True,
2026-09-11T13:05:19.933202+00:00,200,Wise,7221.01,84.45,1,True,
2026-09-11T13:05:19.933202+00:00,200,BNZ,7157.62,171.49,2,True,
2026-09-11T13:05:19.933202+00:00,200,Westpac NZ,7116.04,228.59,3,True,
2026-09-11T13:05:19.933202+00:00,200,ASB NZ,6972.2,426.1,4,True,
2026-09-11T13:05:19.933202+00:00,200,PayPal,6685.22,820.17,5,True,
2026-09-11T13:05:19.933202+00:00,200,KiwiBank,6406.9,1202.35,6,True,
2026-09-11T13:05:19.933202+00:00,1000,Wise,36275.44,37.65,1,True,
2026-09-11T13:05:19.933202+00:00,1000,BNZ,35788.12,171.49,2,True,
2026-09-11T13:05:19.933202+00:00,1000,Westpac NZ,35580.22,228.58,3,True,
2026-09-11T13:05:19.933202+00:00,1000,ASB NZ,35576.09,229.72,4,True,
2026-09-11T13:05:19.933202+00:00,1000,KiwiBank,34882.03,420.33,5,True,
2026-09-11T13:05:19.933202+00:00,1000,OFX,34605.18,496.36,6,True,
2026-09-11T13:05:19.933202+00:00,1000,PayPal,34394.54,554.21,7,True,
2026-09-11T13:05:19.933202+00:00,5000,Wise,181544.68,28.45,1,True,
2026-09-11T13:05:19.933202+00:00,5000,BNZ,178940.58,171.49,2,True,
2026-09-11T13:05:19.933202+00:00,5000,ASB NZ,178595.57,190.44,3,True,
2026-09-11T13:05:19.933202+00:00,5000,Westpac NZ,177901.08,228.58,4,True,
2026-09-11T13:05:19.933202+00:00,5000,KiwiBank,177257.67,263.92,5,True,
2026-09-11T13:05:19.933202+00:00,5000,OFX,174707.1,404.02,6,True,
2026-09-11T13:05:19.933202+00:00,5000,PayPal,172941.15,501.01,7,True,
2026-09-11T13:05:19.933202+00:00,25000,Wise,907893.8,26.58,1,True,
2026-09-11T13:05:19.933202+00:00,25000,BNZ,894702.89,171.49,2,True,
2026-09-11T13:05:19.933202+00:00,25000,ASB NZ,893692.92,182.58,3,True,
2026-09-11T13:05:19.933202+00:00,25000,Westpac NZ,889505.39,228.58,4,True,
2026-09-11T13:05:19.933202+00:00,25000,KiwiBank,889135.84,232.64,5,True,
2026-09-11T13:05:19.933202+00:00,25000,OFX,883290.87,296.85,6,True,
2026-09-11T13:05:19.933202+00:00,25000,PayPal,865674.18,490.37,7,True,
2026-09-11T13:05:19.933202+00:00,50000,Wise,1816079.47,24.98,1,True,
2026-09-11T13:05:19.933202+00:00,50000,BNZ,1789405.78,171.49,2,True,
2026-09-11T13:05:19.933202+00:00,50000,ASB NZ,1787564.62,181.6,3,True,
2026-09-11T13:05:19.933202+00:00,50000,Westpac NZ,1779010.77,228.58,4,True,
2026-09-11T13:05:19.933202+00:00,50000,KiwiBank,1778983.57,228.73,5,True,
2026-09-11T13:05:19.933202+00:00,50000,OFX,1766581.74,296.85,6,True,
2026-09-11T14:05:22.883195+00:00,200,Wise,7208.19,102.05,1,True,
2026-09-11T14:05:22.883195+00:00,200,BNZ,7137.84,198.65,2,True,
2026-09-11T14:05:22.883195+00:00,200,Westpac NZ,7105.65,242.85,3,True,
2026-09-11T14:05:22.883195+00:00,200,ASB NZ,6977.24,419.18,4,True,
2026-09-11T14:05:22.883195+00:00,200,PayPal,6675.45,833.58,5,True,
2026-09-11T14:05:22.883195+00:00,200,KiwiBank,6388.67,1227.38,6,True,
2026-09-11T14:05:22.883195+00:00,1000,Wise,36211.02,55.34,1,True,
2026-09-11T14:05:22.883195+00:00,1000,BNZ,35689.22,198.65,2,True,
2026-09-11T14:05:22.883195+00:00,1000,ASB NZ,35601.84,222.64,3,True,
2026-09-11T14:05:22.883195+00:00,1000,Westpac NZ,35528.23,242.86,4,True,
2026-09-11T14:05:22.883195+00:00,1000,KiwiBank,34782.75,447.59,5,True,
2026-09-11T14:05:22.883195+00:00,1000,OFX,34606.88,495.89,6,True,
2026-09-11T14:05:22.883195+00:00,1000,PayPal,34344.29,568.01,7,True,
2026-09-11T14:05:22.883195+00:00,5000,Wise,181222.24,46.16,1,True,
2026-09-11T14:05:22.883195+00:00,5000,ASB NZ,178724.8,183.34,2,True,
2026-09-11T14:05:22.883195+00:00,5000,BNZ,178446.11,198.65,3,True,
2026-09-11T14:05:22.883195+00:00,5000,Westpac NZ,177641.17,242.86,4,True,
2026-09-11T14:05:22.883195+00:00,5000,KiwiBank,176753.17,291.63,5,True,
2026-09-11T14:05:22.883195+00:00,5000,OFX,174715.72,403.54,6,True,
2026-09-11T14:05:22.883195+00:00,5000,PayPal,172688.49,514.89,7,True,
2026-09-11T14:05:22.883195+00:00,25000,Wise,906281.29,44.3,1,True,
2026-09-11T14:05:22.883195+00:00,25000,ASB NZ,894339.62,175.48,2,True,
2026-09-11T14:05:22.883195+00:00,25000,BNZ,892230.54,198.65,3,True,
2026-09-11T14:05:22.883195+00:00,25000,Westpac NZ,888205.86,242.86,4,True,
2026-09-11T14:05:22.883195+00:00,25000,KiwiBank,886605.24,260.44,5,True,
2026-09-11T14:05:22.883195+00:00,25000,OFX,883335.33,296.36,6,True,
2026-09-11T14:05:22.883195+00:00,25000,PayPal,864409.47,504.27,7,True,
2026-09-11T14:05:22.883195+00:00,50000,Wise,1812852.48,42.7,1,True,
2026-09-11T14:05:22.883195+00:00,50000,ASB NZ,1788858.14,174.5,2,True,
2026-09-11T14:05:22.883195+00:00,50000,BNZ,1784461.08,198.65,3,True,
2026-09-11T14:05:22.883195+00:00,50000,Westpac NZ,1776411.73,242.86,4,True,
2026-09-11T14:05:22.883195+00:00,50000,KiwiBank,1773920.34,256.54,5,True,
2026-09-11T14:05:22.883195+00:00,50000,OFX,1766670.66,296.36,6,True,
2026-09-11T15:05:16.141182+00:00,200,Wise,7201.99,110.56,1,True,
2026-09-11T15:05:16.141182+00:00,200,BNZ,7135.18,202.31,2,True,
2026-09-11T15:05:16.141182+00:00,200,Westpac NZ,7113.01,232.75,3,True,
2026-09-11T15:05:16.141182+00:00,200,ASB NZ,6968.35,431.39,4,True,
2026-09-11T15:05:16.141182+00:00,200,PayPal,6682.37,824.08,5,True,
2026-09-11T15:05:16.141182+00:00,200,KiwiBank,6395.29,1218.29,6,True,
2026-09-11T15:05:16.141182+00:00,1000,Wise,36179.89,63.89,1,True,
2026-09-11T15:05:16.141182+00:00,1000,BNZ,35675.89,202.31,2,True,
2026-09-11T15:05:16.141182+00:00,1000,Westpac NZ,35565.06,232.75,3,True,
2026-09-11T15:05:16.141182+00:00,1000,ASB NZ,35556.44,235.11,4,True,
2026-09-11T15:05:16.141182+00:00,1000,KiwiBank,34818.81,437.69,5,True,
2026-09-11T15:05:16.141182+00:00,1000,OFX,34593.96,499.44,6,True,
2026-09-11T15:05:16.141182+00:00,1000,PayPal,34379.89,558.23,7,True,
2026-09-11T15:05:16.141182+00:00,5000,Wise,181066.5,54.72,1,True,
2026-09-11T15:05:16.141182+00:00,5000,ASB NZ,178496.89,195.86,2,True,
2026-09-11T15:05:16.141182+00:00,5000,BNZ,178379.47,202.31,3,True,
2026-09-11T15:05:16.141182+00:00,5000,Westpac NZ,177825.32,232.74,4,True,
2026-09-11T15:05:16.141182+00:00,5000,KiwiBank,176936.39,281.57,5,True,
2026-09-11T15:05:16.141182+00:00,5000,OFX,174650.47,407.13,6,True,
2026-09-11T15:05:16.141182+00:00,5000,PayPal,172867.5,505.06,7,True,
2026-09-11T15:05:16.141182+00:00,25000,Wise,905502.41,52.85,1,True,
2026-09-11T15:05:16.141182+00:00,25000,ASB NZ,893199.15,188.01,2,True,
2026-09-11T15:05:16.141182+00:00,25000,BNZ,891897.37,202.31,3,True,
2026-09-11T15:05:16.141182+00:00,25000,Westpac NZ,889126.58,232.74,4,True,
2026-09-11T15:05:16.141182+00:00,25000,KiwiBank,887524.3,250.35,5,True,
2026-09-11T15:05:16.141182+00:00,25000,OFX,883005.48,299.99,6,True,
2026-09-11T15:05:16.141182+00:00,25000,PayPal,865305.52,494.42,7,True,
2026-09-11T15:05:16.141182+00:00,50000,Wise,1811292.65,51.27,1,True,
2026-09-11T15:05:16.141182+00:00,50000,ASB NZ,1786576.97,187.02,2,True,
2026-09-11T15:05:16.141182+00:00,50000,BNZ,1783794.73,202.31,3,True,
2026-09-11T15:05:16.141182+00:00,50000,Westpac NZ,1778253.15,232.74,4,True,
2026-09-11T15:05:16.141182+00:00,50000,KiwiBank,1775759.18,246.44,5,True,
2026-09-11T15:05:16.141182+00:00,50000,OFX,1766010.96,299.99,6,True,
2026-09-11T16:05:17.483468+00:00,200,Wise,7206.56,104.29,1,True,
2026-09-11T16:05:17.483468+00:00,200,BNZ,7143.81,190.45,2,True,
2026-09-11T16:05:17.483468+00:00,200,Westpac NZ,7116.64,227.76,3,True,
2026-09-11T16:05:17.483468+00:00,200,ASB NZ,6964.18,437.11,4,True,
2026-09-11T16:05:17.483468+00:00,200,PayPal,6685.78,819.4,5,True,
2026-09-11T16:05:17.483468+00:00,200,KiwiBank,6386.12,1230.88,6,True,
2026-09-11T16:05:17.483468+00:00,1000,Wise,36202.27,57.75,1,True,
2026-09-11T16:05:17.483468+00:00,1000,BNZ,35719.07,190.45,2,True,
2026-09-11T16:05:17.483468+00:00,1000,Westpac NZ,35583.22,227.76,3,True,
2026-09-11T16:05:17.483468+00:00,1000,ASB NZ,35535.17,240.95,4,True,
2026-09-11T16:05:17.483468+00:00,1000,KiwiBank,34768.89,451.4,5,True,
2026-09-11T16:05:17.483468+00:00,1000,OFX,34620.54,492.14,6,True,
2026-09-11T16:05:17.483468+00:00,1000,PayPal,34397.45,553.41,7,True,
2026-09-11T16:05:17.483468+00:00,5000,Wise,181181.44,48.41,1,True,
2026-09-11T16:05:17.483468+00:00,5000,BNZ,178595.33,190.45,2,True,
2026-09-11T16:05:17.483468+00:00,5000,ASB NZ,178390.12,201.72,3,True,
2026-09-11T16:05:17.483468+00:00,5000,Westpac NZ,177916.1,227.76,4,True,
2026-09-11T16:05:17.483468+00:00,5000,KiwiBank,176682.74,295.5,5,True,
2026-09-11T16:05:17.483468+00:00,5000,OFX,174784.68,399.75,6,True,
2026-09-11T16:05:17.483468+00:00,5000,PayPal,172955.75,500.21,7,True,
2026-09-11T16:05:17.483468+00:00,25000,Wise,906077.24,46.54,1,True,
2026-09-11T16:05:17.483468+00:00,25000,BNZ,892976.67,190.45,2,True,
2026-09-11T16:05:17.483468+00:00,25000,ASB NZ,892664.89,193.88,3,True,
2026-09-11T16:05:17.483468+00:00,25000,Westpac NZ,889580.51,227.76,4,True,
2026-09-11T16:05:17.483468+00:00,25000,KiwiBank,886251.98,264.32,5,True,
2026-09-11T16:05:17.483468+00:00,25000,OFX,883685.34,292.52,6,True,
2026-09-11T16:05:17.483468+00:00,25000,PayPal,865747.29,489.57,7,True,
2026-09-11T16:05:17.483468+00:00,50000,Wise,1812442.86,44.95,1,True,
2026-09-11T16:05:17.483468+00:00,50000,BNZ,1785953.34,190.45,2,True,
2026-09-11T16:05:17.483468+00:00,50000,ASB NZ,1785508.34,192.89,3,True,
2026-09-11T16:05:17.483468+00:00,50000,Westpac NZ,1779161.02,227.76,4,True,
2026-09-11T16:05:17.483468+00:00,50000,KiwiBank,1773213.53,260.43,5,True,
2026-09-11T16:05:17.483468+00:00,50000,OFX,1767370.69,292.52,6,True,
2026-09-11T17:05:18.436112+00:00,200,Wise,7203.83,108.04,1,True,
2026-09-11T17:05:18.436112+00:00,200,BNZ,7147.99,184.72,2,True,
2026-09-11T17:05:18.436112+00:00,200,Westpac NZ,7120.81,222.04,3,True,
2026-09-11T17:05:18.436112+00:00,200,ASB NZ,6968.48,431.21,4,True,
2026-09-11T17:05:18.436112+00:00,200,PayPal,6689.7,814.02,5,True,
2026-09-11T17:05:18.436112+00:00,200,KiwiBank,6400.52,1211.11,6,True,
2026-09-11T17:05:18.436112+00:00,1000,Wise,36189.14,61.35,1,True,
2026-09-11T17:05:18.436112+00:00,1000,BNZ,35739.97,184.71,2,True,
2026-09-11T17:05:18.436112+00:00,1000,Westpac NZ,35604.05,222.04,3,True,
2026-09-11T17:05:18.436112+00:00,1000,ASB NZ,35557.12,234.93,4,True,
2026-09-11T17:05:18.436112+00:00,1000,KiwiBank,34847.27,429.87,5,True,
2026-09-11T17:05:18.436112+00:00,1000,OFX,34660.47,481.17,6,True,
2026-09-11T17:05:18.436112+00:00,1000,PayPal,34417.58,547.88,7,True,
2026-09-11T17:05:18.436112+00:00,5000,Wise,181112.77,52.18,1,True,
2026-09-11T17:05:18.436112+00:00,5000,BNZ,178699.87,184.71,2,True,
2026-09-11T17:05:18.436112+00:00,5000,ASB NZ,178500.32,195.67,3,True,
2026-09-11T17:05:18.436112+00:00,5000,Westpac NZ,178020.24,222.04,4,True,
2026-09-11T17:05:18.436112+00:00,5000,KiwiBank,177081.03,273.63,5,True,
2026-09-11T17:05:18.436112+00:00,5000,OFX,174986.27,388.68,6,True,
2026-09-11T17:05:18.436112+00:00,5000,PayPal,173056.99,494.65,7,True,
2026-09-11T17:05:18.436112+00:00,25000,Wise,905733.83,50.31,1,True,
2026-09-11T17:05:18.436112+00:00,25000,BNZ,893499.34,184.71,2,True,
2026-09-11T17:05:18.436112+00:00,25000,ASB NZ,893216.32,187.82,3,True,
2026-09-11T17:05:18.436112+00:00,25000,Westpac NZ,890101.19,222.04,4,True,
2026-09-11T17:05:18.436112+00:00,25000,KiwiBank,888249.81,242.38,5,True,
2026-09-11T17:05:18.436112+00:00,25000,OFX,884705.17,281.31,6,True,
2026-09-11T17:05:18.436112+00:00,25000,PayPal,866254.02,484.0,7,True,
2026-09-11T17:05:18.436112+00:00,50000,Wise,1811755.21,48.73,1,True,
2026-09-11T17:05:18.436112+00:00,50000,BNZ,1786998.67,184.71,2,True,
2026-09-11T17:05:18.436112+00:00,50000,ASB NZ,1786611.32,186.84,3,True,
2026-09-11T17:05:18.436112+00:00,50000,Westpac NZ,1780202.39,222.04,4,True,
2026-09-11T17:05:18.436112+00:00,50000,KiwiBank,1777210.79,238.47,5,True,
2026-09-11T17:05:18.436112+00:00,50000,OFX,1769410.34,281.31,6,True,
2026-09-11T18:05:26.486157+00:00,200,Wise,7208.78,101.24,1,True,
2026-09-11T18:05:26.486157+00:00,200,BNZ,7154.72,175.47,2,True,
2026-09-11T18:05:26.486157+00:00,200,Westpac NZ,7123.92,217.77,3,True,
2026-09-11T18:05:26.486157+00:00,200,ASB NZ,6972.69,425.43,4,True,
2026-09-11T18:05:26.486157+00:00,200,PayPal,6692.62,810.01,5,True,
2026-09-11T18:05:26.486157+00:00,200,KiwiBank,6403.31,1207.27,6,True,
2026-09-11T18:05:26.486157+00:00,1000,Wise,36214.0,54.53,1,True,
2026-09-11T18:05:26.486157+00:00,1000,BNZ,35773.59,175.48,2,True,
2026-09-11T18:05:26.486157+00:00,1000,Westpac NZ,35619.59,217.77,3,True,
2026-09-11T18:05:26.486157+00:00,1000,ASB NZ,35578.61,229.02,4,True,
2026-09-11T18:05:26.486157+00:00,1000,KiwiBank,34862.48,425.7,5,True,
2026-09-11T18:05:26.486157+00:00,1000,OFX,34667.3,479.3,6,True,
2026-09-11T18:05:26.486157+00:00,1000,PayPal,34432.61,543.75,7,True,
2026-09-11T18:05:26.486157+00:00,5000,Wise,181237.17,45.34,1,True,
2026-09-11T18:05:26.486157+00:00,5000,BNZ,178867.94,175.48,2,True,
2026-09-11T18:05:26.486157+00:00,5000,ASB NZ,178608.18,189.74,3,True,
2026-09-11T18:05:26.486157+00:00,5000,Westpac NZ,178097.96,217.77,4,True,
2026-09-11T18:05:26.486157+00:00,5000,KiwiBank,177158.34,269.38,5,True,
2026-09-11T18:05:26.486157+00:00,5000,OFX,175020.74,386.79,6,True,
2026-09-11T18:05:26.486157+00:00,5000,PayPal,173132.54,490.5,7,True,
2026-09-11T18:05:26.486157+00:00,25000,Wise,906355.94,43.48,1,True,
2026-09-11T18:05:26.486157+00:00,25000,BNZ,894339.72,175.48,2,True,
2026-09-11T18:05:26.486157+00:00,25000,ASB NZ,893756.05,181.89,3,True,
2026-09-11T18:05:26.486157+00:00,25000,Westpac NZ,890489.82,217.77,4,True,
2026-09-11T18:05:26.486157+00:00,25000,KiwiBank,888637.62,238.12,5,True,
2026-09-11T18:05:26.486157+00:00,25000,OFX,884876.3,279.43,6,True,
2026-09-11T18:05:26.486157+00:00,25000,PayPal,866632.23,479.85,7,True,
2026-09-11T18:05:26.486157+00:00,50000,Wise,1813000.35,41.89,1,True,
2026-09-11T18:05:26.486157+00:00,50000,BNZ,1788679.45,175.48,2,True,
2026-09-11T18:05:26.486157+00:00,50000,ASB NZ,1787690.89,180.91,3,True,
2026-09-11T18:05:26.486157+00:00,50000,Westpac NZ,1780979.63,217.77,4,True,
2026-09-11T18:05:26.486157+00:00,50000,KiwiBank,1777986.72,234.21,5,True,
2026-09-11T18:05:26.486157+00:00,50000,OFX,1769752.6,279.43,6,True,
2026-09-11T19:05:17.224234+00:00,200,Wise,7201.93,110.65,1,True,
2026-09-11T19:05:17.224234+00:00,200,BNZ,7142.3,192.53,2,True,
2026-09-11T19:05:17.224234+00:00,200,Westpac NZ,7116.45,228.02,3,True,
2026-09-11T19:05:17.224234+00:00,200,ASB NZ,6962.71,439.13,4,True,
2026-09-11T19:05:17.224234+00:00,200,PayPal,6685.75,819.44,5,True,
2026-09-11T19:05:17.224234+00:00,200,KiwiBank,6394.84,1218.91,6,True,
2026-09-11T19:05:17.224234+00:00,1000,Wise,36179.6,63.97,1,True,
2026-09-11T19:05:17.224234+00:00,1000,BNZ,35711.49,192.53,2,True,
2026-09-11T19:05:17.224234+00:00,1000,Westpac NZ,35582.24,228.03,3,True,
2026-09-11T19:05:17.224234+00:00,1000,ASB NZ,35527.67,243.01,4,True,
2026-09-11T19:05:17.224234+00:00,1000,KiwiBank,34816.33,438.37,5,True,
2026-09-11T19:05:17.224234+00:00,1000,OFX,34631.71,489.07,6,True,
2026-09-11T19:05:17.224234+00:00,1000,PayPal,34397.26,553.46,7,True,
2026-09-11T19:05:17.224234+00:00,5000,Wise,181065.0,54.8,1,True,
2026-09-11T19:05:17.224234+00:00,5000,BNZ,178557.44,192.53,2,True,
2026-09-11T19:05:17.224234+00:00,5000,ASB NZ,178352.47,203.79,3,True,
2026-09-11T19:05:17.224234+00:00,5000,Westpac NZ,177911.22,228.03,4,True,
2026-09-11T19:05:17.224234+00:00,5000,KiwiBank,176923.8,282.26,5,True,
2026-09-11T19:05:17.224234+00:00,5000,OFX,174841.06,396.66,6,True,
2026-09-11T19:05:17.224234+00:00,5000,PayPal,172954.8,500.26,7,True,
2026-09-11T19:05:17.224234+00:00,25000,Wise,905494.94,52.93,1,True,
2026-09-11T19:05:17.224234+00:00,25000,BNZ,892787.21,192.53,2,True,
2026-09-11T19:05:17.224234+00:00,25000,ASB NZ,892476.47,195.95,3,True,
2026-09-11T19:05:17.224234+00:00,25000,Westpac NZ,889556.08,228.03,4,True,
2026-09-11T19:05:17.224234+00:00,25000,KiwiBank,887461.12,251.04,5,True,
2026-09-11T19:05:17.224234+00:00,25000,OFX,883967.87,289.41,6,True,
2026-09-11T19:05:17.224234+00:00,25000,PayPal,865742.53,489.62,7,True,
2026-09-11T19:05:17.224234+00:00,50000,Wise,1811276.99,51.36,1,True,
2026-09-11T19:05:17.224234+00:00,50000,BNZ,1785574.42,192.53,2,True,
2026-09-11T19:05:17.224234+00:00,50000,ASB NZ,1785131.47,194.96,3,True,
2026-09-11T19:05:17.224234+00:00,50000,Westpac NZ,1779112.15,228.03,4,True,
2026-09-11T19:05:17.224234+00:00,50000,KiwiBank,1775632.79,247.14,5,True,
2026-09-11T19:05:17.224234+00:00,50000,OFX,1767935.74,289.41,6,True,
2026-09-11T20:05:19.189234+00:00,200,Wise,7205.16,106.21,1,True,
2026-09-11T20:05:19.189234+00:00,200,BNZ,7143.89,190.35,2,True,
2026-09-11T20:05:19.189234+00:00,200,Westpac NZ,7119.99,223.16,3,True,
2026-09-11T20:05:19.189234+00:00,200,ASB NZ,6965.54,435.25,4,True,
2026-09-11T20:05:19.189234+00:00,200,PayPal,6691.76,811.19,5,True,
2026-09-11T20:05:19.189234+00:00,200,KiwiBank,6395.39,1218.15,6,True,
2026-09-11T20:05:19.189234+00:00,1000,Wise,36195.8,59.52,1,True,
2026-09-11T20:05:19.189234+00:00,1000,BNZ,35719.46,190.34,2,True,
2026-09-11T20:05:19.189234+00:00,1000,Westpac NZ,35599.94,223.17,3,True,
2026-09-11T20:05:19.189234+00:00,1000,ASB NZ,35542.1,239.05,4,True,
2026-09-11T20:05:19.189234+00:00,1000,KiwiBank,34819.36,437.54,5,True,
2026-09-11T20:05:19.189234+00:00,1000,OFX,34632.98,488.72,6,True,
2026-09-11T20:05:19.189234+00:00,1000,PayPal,34428.17,544.97,7,True,
2026-09-11T20:05:19.189234+00:00,5000,Wise,181146.11,50.35,1,True,
2026-09-11T20:05:19.189234+00:00,5000,BNZ,178597.28,190.34,2,True,
2026-09-11T20:05:19.189234+00:00,5000,ASB NZ,178424.92,199.81,3,True,
2026-09-11T20:05:19.189234+00:00,5000,Westpac NZ,177999.7,223.17,4,True,
2026-09-11T20:05:19.189234+00:00,5000,KiwiBank,176939.21,281.41,5,True,
2026-09-11T20:05:19.189234+00:00,5000,OFX,174847.48,396.31,6,True,
2026-09-11T20:05:19.189234+00:00,5000,PayPal,173110.24,491.73,7,True,
2026-09-11T20:05:19.189234+00:00,25000,Wise,905900.56,48.48,1,True,
2026-09-11T20:05:19.189234+00:00,25000,BNZ,892986.41,190.34,2,True,
2026-09-11T20:05:19.189234+00:00,25000,ASB NZ,892839.04,191.96,3,True,
2026-09-11T20:05:19.189234+00:00,25000,Westpac NZ,889998.5,223.17,4,True,
2026-09-11T20:05:19.189234+00:00,25000,KiwiBank,887538.45,250.19,5,True,
2026-09-11T20:05:19.189234+00:00,25000,OFX,884001.94,289.04,6,True,
2026-09-11T20:05:19.189234+00:00,25000,PayPal,866520.6,481.08,7,True,
2026-09-11T20:05:19.189234+00:00,50000,Wise,1812088.35,46.9,1,True,
2026-09-11T20:05:19.189234+00:00,50000,BNZ,1785972.81,190.34,2,True,
2026-09-11T20:05:19.189234+00:00,50000,ASB NZ,1785856.68,190.98,3,True,
2026-09-11T20:05:19.189234+00:00,50000,Westpac NZ,1779996.99,223.17,4,True,
2026-09-11T20:05:19.189234+00:00,50000,KiwiBank,1775787.5,246.29,5,True,
2026-09-11T20:05:19.189234+00:00,50000,OFX,1768003.88,289.04,6,True,
2026-09-11T21:05:24.873108+00:00,200,Wise,7205.28,106.05,1,True,
2026-09-11T21:05:24.873108+00:00,200,BNZ,7150.64,181.08,2,True,
2026-09-11T21:05:24.873108+00:00,200,Westpac NZ,7118.23,225.58,3,True,
2026-09-11T21:05:24.873108+00:00,200,ASB NZ,6969.04,430.44,4,True,
2026-09-11T21:05:24.873108+00:00,200,PayPal,6687.27,817.35,5,True,
2026-09-11T21:05:24.873108+00:00,200,KiwiBank,6389.33,1226.47,6,True,
2026-09-11T21:05:24.873108+00:00,1000,Wise,36196.4,59.36,1,True,
2026-09-11T21:05:24.873108+00:00,1000,BNZ,35753.21,181.07,2,True,
2026-09-11T21:05:24.873108+00:00,1000,Westpac NZ,35591.14,225.58,3,True,
2026-09-11T21:05:24.873108+00:00,1000,ASB NZ,35559.95,234.15,4,True,
2026-09-11T21:05:24.873108+00:00,1000,KiwiBank,34786.33,446.61,5,True,
2026-09-11T21:05:24.873108+00:00,1000,OFX,34594.37,499.33,6,True,
2026-09-11T21:05:24.873108+00:00,1000,PayPal,34405.1,551.31,7,True,
2026-09-11T21:05:24.873108+00:00,5000,Wise,181149.1,50.18,1,True,
2026-09-11T21:05:24.873108+00:00,5000,BNZ,178766.06,181.07,2,True,
2026-09-11T21:05:24.873108+00:00,5000,ASB NZ,178514.54,194.89,3,True,
2026-09-11T21:05:24.873108+00:00,5000,Westpac NZ,177955.7,225.58,4,True,
2026-09-11T21:05:24.873108+00:00,5000,KiwiBank,176771.36,290.63,5,True,
2026-09-11T21:05:24.873108+00:00,5000,OFX,174652.53,407.01,6,True,
2026-09-11T21:05:24.873108+00:00,5000,PayPal,172994.25,498.1,7,True,
2026-09-11T21:05:24.873108+00:00,25000,Wise,905915.49,48.31,1,True,
2026-09-11T21:05:24.873108+00:00,25000,BNZ,893830.32,181.07,2,True,
2026-09-11T21:05:24.873108+00:00,25000,ASB NZ,893287.48,187.04,3,True,
2026-09-11T21:05:24.873108+00:00,25000,Westpac NZ,889778.52,225.58,4,True,
2026-09-11T21:05:24.873108+00:00,25000,KiwiBank,886696.51,259.44,5,True,
2026-09-11T21:05:24.873108+00:00,25000,OFX,883014.69,299.88,6,True,
2026-09-11T21:05:24.873108+00:00,25000,PayPal,865939.99,487.45,7,True,
2026-09-11T21:05:24.873108+00:00,50000,Wise,1812118.58,46.73,1,True,
2026-09-11T21:05:24.873108+00:00,50000,BNZ,1787660.64,181.07,2,True,
2026-09-11T21:05:24.873108+00:00,50000,ASB NZ,1786753.65,186.05,3,True,
2026-09-11T21:05:24.873108+00:00,50000,Westpac NZ,1779557.04,225.58,4,True,
2026-09-11T21:05:24.873108+00:00,50000,KiwiBank,1774102.94,255.54,5,True,
2026-09-11T21:05:24.873108+00:00,50000,OFX,1766029.38,299.88,6,True,
2026-09-11T22:05:16.808725+00:00,200,Wise,7205.28,106.05,1,True,
2026-09-11T22:05:16.808725+00:00,200,BNZ,7124.21,217.37,2,True,
2026-09-11T22:05:16.808725+00:00,200,Westpac NZ,7120.03,223.11,3,True,
2026-09-11T22:05:16.808725+00:00,200,ASB NZ,6972.32,425.94,4,True,
2026-09-11T22:05:16.808725+00:00,200,PayPal,6688.96,815.03,5,True,
2026-09-11T22:05:16.808725+00:00,200,KiwiBank,6392.72,1221.82,6,True,
2026-09-11T22:05:16.808725+00:00,1000,Wise,36196.4,59.36,1,True,
2026-09-11T22:05:16.808725+00:00,1000,BNZ,35621.04,217.37,2,True,
2026-09-11T22:05:16.808725+00:00,1000,Westpac NZ,35600.14,223.11,3,True,
2026-09-11T22:05:16.808725+00:00,1000,ASB NZ,35576.72,229.54,4,True,
2026-09-11T22:05:16.808725+00:00,1000,KiwiBank,34804.83,441.53,5,True,
2026-09-11T22:05:16.808725+00:00,1000,OFX,34529.7,517.09,6,True,
2026-09-11T22:05:16.808725+00:00,1000,PayPal,34413.8,548.92,7,True,
2026-09-11T22:05:16.808725+00:00,5000,Wise,181149.1,50.18,1,True,
2026-09-11T22:05:16.808725+00:00,5000,ASB NZ,178598.72,190.26,2,True,
2026-09-11T22:05:16.808725+00:00,5000,BNZ,178105.19,217.37,3,True,
2026-09-11T22:05:16.808725+00:00,5000,Westpac NZ,178000.68,223.11,4,True,
2026-09-11T22:05:16.808725+00:00,5000,KiwiBank,176865.34,285.47,5,True,
2026-09-11T22:05:16.808725+00:00,5000,OFX,174326.03,424.95,6,True,
2026-09-11T22:05:16.808725+00:00,5000,PayPal,173037.97,495.69,7,True,
2026-09-11T22:05:16.808725+00:00,25000,Wise,905915.49,48.31,1,True,
2026-09-11T22:05:16.808725+00:00,25000,ASB NZ,893708.72,182.41,2,True,
2026-09-11T22:05:16.808725+00:00,25000,BNZ,890525.94,217.37,3,True,
2026-09-11T22:05:16.808725+00:00,25000,Westpac NZ,890003.4,223.11,4,True,
2026-09-11T22:05:16.808725+00:00,25000,KiwiBank,887167.93,254.26,5,True,
2026-09-11T22:05:16.808725+00:00,25000,OFX,881365.21,318.0,6,True,
2026-09-11T22:05:16.808725+00:00,25000,PayPal,866158.85,485.05,7,True,
2026-09-11T22:05:16.808725+00:00,50000,Wise,1812118.58,46.73,1,True,
2026-09-11T22:05:16.808725+00:00,50000,ASB NZ,1787596.22,181.43,2,True,
2026-09-11T22:05:16.808725+00:00,50000,BNZ,1781051.88,217.37,3,True,
2026-09-11T22:05:16.808725+00:00,50000,Westpac NZ,1780006.79,223.11,4,True,
2026-09-11T22:05:16.808725+00:00,50000,KiwiBank,1775046.15,250.36,5,True,
2026-09-11T22:05:16.808725+00:00,50000,OFX,1762730.42,318.0,6,True,
2026-09-11T23:05:18.638119+00:00,200,Wise,7205.28,106.05,1,True,
2026-09-11T23:05:18.638119+00:00,200,BNZ,7124.21,217.37,2,True,
2026-09-11T23:05:18.638119+00:00,200,Westpac NZ,7119.46,223.89,3,True,
2026-09-11T23:05:18.638119+00:00,200,ASB NZ,6972.32,425.94,4,True,
2026-09-11T23:05:18.638119+00:00,200,PayPal,6697.26,803.64,5,True,
2026-09-11T23:05:18.638119+00:00,200,KiwiBank,6392.21,1222.52,6,True,
2026-09-11T23:05:18.638119+00:00,1000,Wise,36196.4,59.36,1,True,
2026-09-11T23:05:18.638119+00:00,1000,BNZ,35621.04,217.37,2,True,
2026-09-11T23:05:18.638119+00:00,1000,Westpac NZ,35597.3,223.89,3,True,
2026-09-11T23:05:18.638119+00:00,1000,ASB NZ,35576.72,229.54,4,True,
2026-09-11T23:05:18.638119+00:00,1000,KiwiBank,34802.05,442.29,5,True,
2026-09-11T23:05:18.638119+00:00,1000,OFX,34526.94,517.84,6,True,
2026-09-11T23:05:18.638119+00:00,1000,PayPal,34456.49,537.19,7,True,
2026-09-11T23:05:18.638119+00:00,5000,Wise,181149.1,50.18,1,True,
2026-09-11T23:05:18.638119+00:00,5000,ASB NZ,178598.72,190.26,2,True,
2026-09-11T23:05:18.638119+00:00,5000,BNZ,178105.19,217.37,3,True,
2026-09-11T23:05:18.638119+00:00,5000,Westpac NZ,177986.5,223.89,4,True,
2026-09-11T23:05:18.638119+00:00,5000,KiwiBank,176851.25,286.25,5,True,
2026-09-11T23:05:18.638119+00:00,5000,OFX,174312.14,425.71,6,True,
2026-09-11T23:05:18.638119+00:00,5000,PayPal,173252.64,483.9,7,True,
2026-09-11T23:05:18.638119+00:00,25000,Wise,905915.49,48.31,1,True,
2026-09-11T23:05:18.638119+00:00,25000,ASB NZ,893708.72,182.41,2,True,
2026-09-11T23:05:18.638119+00:00,25000,BNZ,890525.94,217.37,3,True,
2026-09-11T23:05:18.638119+00:00,25000,Westpac NZ,889932.5,223.89,4,True,
2026-09-11T23:05:18.638119+00:00,25000,KiwiBank,887097.25,255.04,5,True,
2026-09-11T23:05:18.638119+00:00,25000,OFX,881295.0,318.78,6,True,
2026-09-11T23:05:18.638119+00:00,25000,PayPal,867233.38,473.25,7,True,
2026-09-11T23:05:18.638119+00:00,50000,Wise,1812118.58,46.73,1,True,
2026-09-11T23:05:18.638119+00:00,50000,ASB NZ,1787596.22,181.43,2,True,
2026-09-11T23:05:18.638119+00:00,50000,BNZ,1781051.88,217.37,3,True,
2026-09-11T23:05:18.638119+00:00,50000,Westpac NZ,1779865.0,223.89,4,True,
2026-09-11T23:05:18.638119+00:00,50000,KiwiBank,1774904.75,251.14,5,True,
2026-09-11T23:05:18.638119+00:00,50000,OFX,1762590.0,318.78,6,True,
2026-09-12T00:05:18.607254+00:00,200,Wise,7205.28,106.05,1,True,
2026-09-12T00:05:18.607254+00:00,200,Westpac NZ,7119.46,223.89,2,True,
2026-09-12T00:05:18.607254+00:00,200,BNZ,7112.06,234.05,3,True,
2026-09-12T00:05:18.607254+00:00,200,ASB NZ,6972.32,425.94,4,True,
2026-09-12T00:05:18.607254+00:00,200,PayPal,6697.26,803.64,5,True,
2026-09-12T00:05:18.607254+00:00,200,KiwiBank,6392.21,1222.52,6,True,
2026-09-12T00:05:18.607254+00:00,1000,Wise,36196.4,59.36,1,True,
2026-09-12T00:05:18.607254+00:00,1000,Westpac NZ,35597.3,223.89,2,True,
2026-09-12T00:05:18.607254+00:00,1000,ASB NZ,35576.72,229.54,3,True,
2026-09-12T00:05:18.607254+00:00,1000,BNZ,35560.3,234.05,4,True,
2026-09-12T00:05:18.607254+00:00,1000,KiwiBank,34802.05,442.29,5,True,
2026-09-12T00:05:18.607254+00:00,1000,OFX,34526.94,517.84,6,True,
2026-09-12T00:05:18.607254+00:00,1000,PayPal,34456.49,537.19,7,True,
2026-09-12T00:05:18.607254+00:00,5000,Wise,181149.1,50.18,1,True,
2026-09-12T00:05:18.607254+00:00,5000,ASB NZ,178598.72,190.26,2,True,
2026-09-12T00:05:18.607254+00:00,5000,Westpac NZ,177986.5,223.89,3,True,
2026-09-12T00:05:18.607254+00:00,5000,BNZ,177801.5,234.05,4,True,
2026-09-12T00:05:18.607254+00:00,5000,KiwiBank,176851.25,286.25,5,True,
2026-09-12T00:05:18.607254+00:00,5000,OFX,174312.14,425.71,6,True,
2026-09-12T00:05:18.607254+00:00,5000,PayPal,173252.64,483.9,7,True,
2026-09-12T00:05:18.607254+00:00,25000,Wise,905915.49,48.31,1,True,
2026-09-12T00:05:18.607254+00:00,25000,ASB NZ,893708.72,182.41,2,True,
2026-09-12T00:05:18.607254+00:00,25000,Westpac NZ,889932.5,223.89,3,True,
2026-09-12T00:05:18.607254+00:00,25000,BNZ,889007.5,234.05,4,True,
2026-09-12T00:05:18.607254+00:00,25000,KiwiBank,887097.25,255.04,5,True,
2026-09-12T00:05:18.607254+00:00,25000,OFX,881295.0,318.78,6,True,
2026-09-12T00:05:18.607254+00:00,25000,PayPal,867233.38,473.25,7,True,
2026-09-12T00:05:18.607254+00:00,50000,Wise,1812118.58,46.73,1,True,
2026-09-12T00:05:18.607254+00:00,50000,ASB NZ,1787596.22,181.43,2,True,
2026-09-12T00:05:18.607254+00:00,50000,Westpac NZ,1779865.0,223.89,3,True,
2026-09-12T00:05:18.607254+00:00,50000,BNZ,1778015.0,234.05,4,True,
2026-09-12T00:05:18.607254+00:00,50000,KiwiBank,1774904.75,251.14,5,True,
2026-09-12T00:05:18.607254+00:00,50000,OFX,1762590.0,318.78,6,True,
2026-09-12T01:05:19.469770+00:00,200,Wise,7205.28,117.77,1,True,
2026-09-12T01:05:19.469770+00:00,200,Westpac NZ,7119.46,235.47,2,True,
2026-09-12T01:05:19.469770+00:00,200,BNZ,7112.06,245.62,3,True,
2026-09-12T01:05:19.469770+00:00,200,ASB NZ,6972.32,437.28,4,True,
2026-09-12T01:05:19.469770+00:00,200,PayPal,6697.26,814.53,5,True,
2026-09-12T01:05:19.469770+00:00,200,KiwiBank,6392.21,1232.91,6,True,
2026-09-12T01:05:19.469770+00:00,1000,Wise,36196.4,71.13,1,True,
2026-09-12T01:05:19.469770+00:00,1000,Westpac NZ,35597.3,235.47,2,True,
2026-09-12T01:05:19.469770+00:00,1000,ASB NZ,35576.72,241.12,3,True,
2026-09-12T01:05:19.469770+00:00,1000,BNZ,35560.3,245.62,4,True,
2026-09-12T01:05:19.469770+00:00,1000,KiwiBank,34802.05,453.61,5,True,
2026-09-12T01:05:19.469770+00:00,1000,OFX,34526.94,529.08,6,True,
2026-09-12T01:05:19.469770+00:00,1000,PayPal,34456.49,548.4,7,True,
2026-09-12T01:05:19.469770+00:00,5000,Wise,181149.1,61.97,1,True,
2026-09-12T01:05:19.469770+00:00,5000,ASB NZ,178598.72,201.88,2,True,
2026-09-12T01:05:19.469770+00:00,5000,Westpac NZ,177986.5,235.47,3,True,
2026-09-12T01:05:19.469770+00:00,5000,BNZ,177801.5,245.62,4,True,
2026-09-12T01:05:19.469770+00:00,5000,KiwiBank,176851.25,297.75,5,True,
2026-09-12T01:05:19.469770+00:00,5000,OFX,174312.14,437.05,6,True,
2026-09-12T01:05:19.469770+00:00,5000,PayPal,173252.64,495.18,7,True,
2026-09-12T01:05:19.469770+00:00,25000,Wise,905915.49,60.1,1,True,
2026-09-12T01:05:19.469770+00:00,25000,ASB NZ,893708.72,194.04,2,True,
2026-09-12T01:05:19.469770+00:00,25000,Westpac NZ,889932.5,235.47,3,True,
2026-09-12T01:05:19.469770+00:00,25000,BNZ,889007.5,245.62,4,True,
2026-09-12T01:05:19.469770+00:00,25000,KiwiBank,887097.25,266.58,5,True,
2026-09-12T01:05:19.469770+00:00,25000,OFX,881295.0,330.24,6,True,
2026-09-12T01:05:19.469770+00:00,25000,PayPal,867233.38,484.53,7,True,
2026-09-12T01:05:19.469770+00:00,50000,Wise,1812118.58,58.52,1,True,
2026-09-12T01:05:19.469770+00:00,50000,ASB NZ,1787596.22,193.06,2,True,
2026-09-12T01:05:19.469770+00:00,50000,Westpac NZ,1779865.0,235.47,3,True,
2026-09-12T01:05:19.469770+00:00,50000,BNZ,1778015.0,245.62,4,True,
2026-09-12T01:05:19.469770+00:00,50000,KiwiBank,1774904.75,262.68,5,True,
2026-09-12T01:05:19.469770+00:00,50000,OFX,1762590.0,330.24,6,True,
2026-09-12T02:05:17.368362+00:00,200,Wise,7205.28,117.77,1,True,
2026-09-12T02:05:17.368362+00:00,200,Westpac NZ,7119.46,235.47,2,True,
2026-09-12T02:05:17.368362+00:00,200,BNZ,7112.06,245.62,3,True,
2026-09-12T02:05:17.368362+00:00,200,ASB NZ,6972.32,437.28,4,True,
2026-09-12T02:05:17.368362+00:00,200,PayPal,6697.26,814.53,5,True,
2026-09-12T02:05:17.368362+00:00,200,KiwiBank,6392.21,1232.91,6,True,
2026-09-12T02:05:17.368362+00:00,1000,Wise,36196.4,71.13,1,True,
2026-09-12T02:05:17.368362+00:00,1000,Westpac NZ,35597.3,235.47,2,True,
2026-09-12T02:05:17.368362+00:00,1000,ASB NZ,35576.72,241.12,3,True,
2026-09-12T02:05:17.368362+00:00,1000,BNZ,35560.3,245.62,4,True,
2026-09-12T02:05:17.368362+00:00,1000,KiwiBank,34802.05,453.61,5,True,
2026-09-12T02:05:17.368362+00:00,1000,OFX,34526.94,529.08,6,True,
2026-09-12T02:05:17.368362+00:00,1000,PayPal,34456.49,548.4,7,True,
2026-09-12T02:05:17.368362+00:00,5000,Wise,181149.1,61.97,1,True,
2026-09-12T02:05:17.368362+00:00,5000,ASB NZ,178598.72,201.88,2,True,
2026-09-12T02:05:17.368362+00:00,5000,Westpac NZ,177986.5,235.47,3,True,
2026-09-12T02:05:17.368362+00:00,5000,BNZ,177801.5,245.62,4,True,
2026-09-12T02:05:17.368362+00:00,5000,KiwiBank,176851.25,297.75,5,True,
2026-09-12T02:05:17.368362+00:00,5000,OFX,174312.14,437.05,6,True,
2026-09-12T02:05:17.368362+00:00,5000,PayPal,173252.64,495.18,7,True,
2026-09-12T02:05:17.368362+00:00,25000,Wise,905915.49,60.1,1,True,
2026-09-12T02:05:17.368362+00:00,25000,ASB NZ,893708.72,194.04,2,True,
2026-09-12T02:05:17.368362+00:00,25000,Westpac NZ,889932.5,235.47,3,True,
2026-09-12T02:05:17.368362+00:00,25000,BNZ,889007.5,245.62,4,True,
2026-09-12T02:05:17.368362+00:00,25000,KiwiBank,887097.25,266.58,5,True,
2026-09-12T02:05:17.368362+00:00,25000,OFX,881295.0,330.24,6,True,
2026-09-12T02:05:17.368362+00:00,25000,PayPal,867233.38,484.53,7,True,
2026-09-12T02:05:17.368362+00:00,50000,Wise,1812118.58,58.52,1,True,
2026-09-12T02:05:17.368362+00:00,50000,ASB NZ,1787596.22,193.06,2,True,
2026-09-12T02:05:17.368362+00:00,50000,Westpac NZ,1779865.0,235.47,3,True,
2026-09-12T02:05:17.368362+00:00,50000,BNZ,1778015.0,245.62,4,True,
2026-09-12T02:05:17.368362+00:00,50000,KiwiBank,1774904.75,262.68,5,True,
2026-09-12T02:05:17.368362+00:00,50000,OFX,1762590.0,330.24,6,True,
2026-09-12T03:05:17.005055+00:00,200,Wise,7205.28,117.77,1,True,
2026-09-12T03:05:17.005055+00:00,200,Westpac NZ,7119.46,235.47,2,True,
2026-09-12T03:05:17.005055+00:00,200,BNZ,7112.06,245.62,3,True,
2026-09-12T03:05:17.005055+00:00,200,ASB NZ,6972.32,437.28,4,True,
2026-09-12T03:05:17.005055+00:00,200,PayPal,6697.26,814.53,5,True,
2026-09-12T03:05:17.005055+00:00,200,KiwiBank,6392.21,1232.91,6,True,
2026-09-12T03:05:17.005055+00:00,1000,Wise,36196.4,71.13,1,True,
2026-09-12T03:05:17.005055+00:00,1000,Westpac NZ,35597.3,235.47,2,True,
2026-09-12T03:05:17.005055+00:00,1000,ASB NZ,35576.72,241.12,3,True,
2026-09-12T03:05:17.005055+00:00,1000,BNZ,35560.3,245.62,4,True,
2026-09-12T03:05:17.005055+00:00,1000,KiwiBank,34802.05,453.61,5,True,
2026-09-12T03:05:17.005055+00:00,1000,OFX,34526.94,529.08,6,True,
2026-09-12T03:05:17.005055+00:00,1000,PayPal,34456.49,548.4,7,True,
2026-09-12T03:05:17.005055+00:00,5000,Wise,181149.1,61.97,1,True,
2026-09-12T03:05:17.005055+00:00,5000,ASB NZ,178598.72,201.88,2,True,
2026-09-12T03:05:17.005055+00:00,5000,Westpac NZ,177986.5,235.47,3,True,
2026-09-12T03:05:17.005055+00:00,5000,BNZ,177801.5,245.62,4,True,
2026-09-12T03:05:17.005055+00:00,5000,KiwiBank,176851.25,297.75,5,True,
2026-09-12T03:05:17.005055+00:00,5000,OFX,174312.14,437.05,6,True,
2026-09-12T03:05:17.005055+00:00,5000,PayPal,173252.64,495.18,7,True,
2026-09-12T03:05:17.005055+00:00,25000,Wise,905915.49,60.1,1,True,
2026-09-12T03:05:17.005055+00:00,25000,ASB NZ,893708.72,194.04,2,True,
2026-09-12T03:05:17.005055+00:00,25000,Westpac NZ,889932.5,235.47,3,True,
2026-09-12T03:05:17.005055+00:00,25000,BNZ,889007.5,245.62,4,True,
2026-09-12T03:05:17.005055+00:00,25000,KiwiBank,887097.25,266.58,5,True,
2026-09-12T03:05:17.005055+00:00,25000,OFX,881295.0,330.24,6,True,
2026-09-12T03:05:17.005055+00:00,25000,PayPal,867233.38,484.53,7,True,
2026-09-12T03:05:17.005055+00:00,50000,Wise,1812118.58,58.52,1,True,
2026-09-12T03:05:17.005055+00:00,50000,ASB NZ,1787596.22,193.06,2,True,
2026-09-12T03:05:17.005055+00:00,50000,Westpac NZ,1779865.0,235.47,3,True,
2026-09-12T03:05:17.005055+00:00,50000,BNZ,1778015.0,245.62,4,True,
2026-09-12T03:05:17.005055+00:00,50000,KiwiBank,1774904.75,262.68,5,True,
2026-09-12T03:05:17.005055+00:00,50000,OFX,1762590.0,330.24,6,True,
2026-09-12T04:05:16.192445+00:00,200,Wise,7205.28,117.77,1,True,
2026-09-12T04:05:16.192445+00:00,200,Westpac NZ,7119.46,235.47,2,True,
2026-09-12T04:05:16.192445+00:00,200,BNZ,7112.06,245.62,3,True,
2026-09-12T04:05:16.192445+00:00,200,ASB NZ,6972.32,437.28,4,True,
2026-09-12T04:05:16.192445+00:00,200,PayPal,6697.26,814.53,5,True,
2026-09-12T04:05:16.192445+00:00,200,KiwiBank,6392.21,1232.91,6,True,
2026-09-12T04:05:16.192445+00:00,1000,Wise,36196.4,71.13,1,True,
2026-09-12T04:05:16.192445+00:00,1000,Westpac NZ,35597.3,235.47,2,True,
2026-09-12T04:05:16.192445+00:00,1000,ASB NZ,35576.72,241.12,3,True,
2026-09-12T04:05:16.192445+00:00,1000,BNZ,35560.3,245.62,4,True,
2026-09-12T04:05:16.192445+00:00,1000,KiwiBank,34802.05,453.61,5,True,
2026-09-12T04:05:16.192445+00:00,1000,OFX,34526.94,529.08,6,True,
2026-09-12T04:05:16.192445+00:00,1000,PayPal,34456.49,548.4,7,True,
2026-09-12T04:05:16.192445+00:00,5000,Wise,181149.1,61.97,1,True,
2026-09-12T04:05:16.192445+00:00,5000,ASB NZ,178598.72,201.88,2,True,
2026-09-12T04:05:16.192445+00:00,5000,Westpac NZ,177986.5,235.47,3,True,
2026-09-12T04:05:16.192445+00:00,5000,BNZ,177801.5,245.62,4,True,
2026-09-12T04:05:16.192445+00:00,5000,KiwiBank,176851.25,297.75,5,True,
2026-09-12T04:05:16.192445+00:00,5000,OFX,174312.14,437.05,6,True,
2026-09-12T04:05:16.192445+00:00,5000,PayPal,173252.64,495.18,7,True,
2026-09-12T04:05:16.192445+00:00,25000,Wise,905915.49,60.1,1,True,
2026-09-12T04:05:16.192445+00:00,25000,ASB NZ,893708.72,194.04,2,True,
2026-09-12T04:05:16.192445+00:00,25000,Westpac NZ,889932.5,235.47,3,True,
2026-09-12T04:05:16.192445+00:00,25000,BNZ,889007.5,245.62,4,True,
2026-09-12T04:05:16.192445+00:00,25000,KiwiBank,887097.25,266.58,5,True,
2026-09-12T04:05:16.192445+00:00,25000,OFX,881295.0,330.24,6,True,
2026-09-12T04:05:16.192445+00:00,25000,PayPal,867233.38,484.53,7,True,
2026-09-12T04:05:16.192445+00:00,50000,Wise,1812118.58,58.52,1,True,
2026-09-12T04:05:16.192445+00:00,50000,ASB NZ,1787596.22,193.06,2,True,
2026-09-12T04:05:16.192445+00:00,50000,Westpac NZ,1779865.0,235.47,3,True,
2026-09-12T04:05:16.192445+00:00,50000,BNZ,1778015.0,245.62,4,True,
2026-09-12T04:05:16.192445+00:00,50000,KiwiBank,1774904.75,262.68,5,True,
2026-09-12T04:05:16.192445+00:00,50000,OFX,1762590.0,330.24,6,True,
2026-09-12T05:05:21.971815+00:00,200,Wise,7205.28,117.77,1,True,
2026-09-12T05:05:21.971815+00:00,200,Westpac NZ,7119.46,235.47,2,True,
2026-09-12T05:05:21.971815+00:00,200,BNZ,7112.06,245.62,3,True,
2026-09-12T05:05:21.971815+00:00,200,ASB NZ,6972.32,437.28,4,True,
2026-09-12T05:05:21.971815+00:00,200,PayPal,6697.26,814.53,5,True,
2026-09-12T05:05:21.971815+00:00,200,KiwiBank,6392.21,1232.91,6,True,
2026-09-12T05:05:21.971815+00:00,1000,Wise,36196.4,71.13,1,True,
2026-09-12T05:05:21.971815+00:00,1000,Westpac NZ,35597.3,235.47,2,True,
2026-09-12T05:05:21.971815+00:00,1000,ASB NZ,35576.72,241.12,3,True,
2026-09-12T05:05:21.971815+00:00,1000,BNZ,35560.3,245.62,4,True,
2026-09-12T05:05:21.971815+00:00,1000,KiwiBank,34802.05,453.61,5,True,
2026-09-12T05:05:21.971815+00:00,1000,OFX,34526.94,529.08,6,True,
2026-09-12T05:05:21.971815+00:00,1000,PayPal,34456.49,548.4,7,True,
2026-09-12T05:05:21.971815+00:00,5000,Wise,181149.1,61.97,1,True,
2026-09-12T05:05:21.971815+00:00,5000,ASB NZ,178598.72,201.88,2,True,
2026-09-12T05:05:21.971815+00:00,5000,Westpac NZ,177986.5,235.47,3,True,
2026-09-12T05:05:21.971815+00:00,5000,BNZ,177801.5,245.62,4,True,
2026-09-12T05:05:21.971815+00:00,5000,KiwiBank,176851.25,297.75,5,True,
2026-09-12T05:05:21.971815+00:00,5000,OFX,174312.14,437.05,6,True,
2026-09-12T05:05:21.971815+00:00,5000,PayPal,173252.64,495.18,7,True,
2026-09-12T05:05:21.971815+00:00,25000,Wise,905915.49,60.1,1,True,
2026-09-12T05:05:21.971815+00:00,25000,ASB NZ,893708.72,194.04,2,True,
2026-09-12T05:05:21.971815+00:00,25000,Westpac NZ,889932.5,235.47,3,True,
2026-09-12T05:05:21.971815+00:00,25000,BNZ,889007.5,245.62,4,True,
2026-09-12T05:05:21.971815+00:00,25000,KiwiBank,887097.25,266.58,5,True,
2026-09-12T05:05:21.971815+00:00,25000,OFX,881295.0,330.24,6,True,
2026-09-12T05:05:21.971815+00:00,25000,PayPal,867233.38,484.53,7,True,
2026-09-12T05:05:21.971815+00:00,50000,Wise,1812118.58,58.52,1,True,
2026-09-12T05:05:21.971815+00:00,50000,ASB NZ,1787596.22,193.06,2,True,
2026-09-12T05:05:21.971815+00:00,50000,Westpac NZ,1779865.0,235.47,3,True,
2026-09-12T05:05:21.971815+00:00,50000,BNZ,1778015.0,245.62,4,True,
2026-09-12T05:05:21.971815+00:00,50000,KiwiBank,1774904.75,262.68,5,True,
2026-09-12T05:05:21.971815+00:00,50000,OFX,1762590.0,330.24,6,True,
2026-09-12T06:05:18.882342+00:00,200,Wise,7205.28,117.77,1,True,
2026-09-12T06:05:18.882342+00:00,200,Westpac NZ,7119.46,235.47,2,True,
2026-09-12T06:05:18.882342+00:00,200,BNZ,7112.06,245.62,3,True,
2026-09-12T06:05:18.882342+00:00,200,ASB NZ,6972.32,437.28,4,True,
2026-09-12T06:05:18.882342+00:00,200,PayPal,6697.26,814.53,5,True,
2026-09-12T06:05:18.882342+00:00,200,KiwiBank,6392.21,1232.91,6,True,
2026-09-12T06:05:18.882342+00:00,1000,Wise,36196.4,71.13,1,True,
2026-09-12T06:05:18.882342+00:00,1000,Westpac NZ,35597.3,235.47,2,True,
2026-09-12T06:05:18.882342+00:00,1000,ASB NZ,35576.72,241.12,3,True,
2026-09-12T06:05:18.882342+00:00,1000,BNZ,35560.3,245.62,4,True,
2026-09-12T06:05:18.882342+00:00,1000,KiwiBank,34802.05,453.61,5,True,
2026-09-12T06:05:18.882342+00:00,1000,OFX,34526.94,529.08,6,True,
2026-09-12T06:05:18.882342+00:00,1000,PayPal,34456.49,548.4,7,True,
2026-09-12T06:05:18.882342+00:00,5000,Wise,181149.1,61.97,1,True,
2026-09-12T06:05:18.882342+00:00,5000,ASB NZ,178598.72,201.88,2,True,
2026-09-12T06:05:18.882342+00:00,5000,Westpac NZ,177986.5,235.47,3,True,
2026-09-12T06:05:18.882342+00:00,5000,BNZ,177801.5,245.62,4,True,
2026-09-12T06:05:18.882342+00:00,5000,KiwiBank,176851.25,297.75,5,True,
2026-09-12T06:05:18.882342+00:00,5000,OFX,174312.14,437.05,6,True,
2026-09-12T06:05:18.882342+00:00,5000,PayPal,173252.64,495.18,7,True,
2026-09-12T06:05:18.882342+00:00,25000,Wise,905915.49,60.1,1,True,
2026-09-12T06:05:18.882342+00:00,25000,ASB NZ,893708.72,194.04,2,True,
2026-09-12T06:05:18.882342+00:00,25000,Westpac NZ,889932.5,235.47,3,True,
2026-09-12T06:05:18.882342+00:00,25000,BNZ,889007.5,245.62,4,True,
2026-09-12T06:05:18.882342+00:00,25000,KiwiBank,887097.25,266.58,5,True,
2026-09-12T06:05:18.882342+00:00,25000,OFX,881295.0,330.24,6,True,
2026-09-12T06:05:18.882342+00:00,25000,PayPal,867233.38,484.53,7,True,
2026-09-12T06:05:18.882342+00:00,50000,Wise,1812118.58,58.52,1,True,
2026-09-12T06:05:18.882342+00:00,50000,ASB NZ,1787596.22,193.06,2,True,
2026-09-12T06:05:18.882342+00:00,50000,Westpac NZ,1779865.0,235.47,3,True,
2026-09-12T06:05:18.882342+00:00,50000,BNZ,1778015.0,245.62,4,True,
2026-09-12T06:05:18.882342+00:00,50000,KiwiBank,1774904.75,262.68,5,True,
2026-09-12T06:05:18.882342+00:00,50000,OFX,1762590.0,330.24,6,True,
2026-09-12T07:05:18.487269+00:00,200,Wise,7205.28,117.77,1,True,
2026-09-12T07:05:18.487269+00:00,200,Westpac NZ,7119.46,235.47,2,True,
2026-09-12T07:05:18.487269+00:00,200,BNZ,7112.06,245.62,3,True,
2026-09-12T07:05:18.487269+00:00,200,ASB NZ,6972.32,437.28,4,True,
2026-09-12T07:05:18.487269+00:00,200,PayPal,6697.26,814.53,5,True,
2026-09-12T07:05:18.487269+00:00,200,KiwiBank,6392.21,1232.91,6,True,
2026-09-12T07:05:18.487269+00:00,1000,Wise,36196.4,71.13,1,True,
2026-09-12T07:05:18.487269+00:00,1000,Westpac NZ,35597.3,235.47,2,True,
2026-09-12T07:05:18.487269+00:00,1000,ASB NZ,35576.72,241.12,3,True,
2026-09-12T07:05:18.487269+00:00,1000,BNZ,35560.3,245.62,4,True,
2026-09-12T07:05:18.487269+00:00,1000,KiwiBank,34802.05,453.61,5,True,
2026-09-12T07:05:18.487269+00:00,1000,OFX,34526.94,529.08,6,True,
2026-09-12T07:05:18.487269+00:00,1000,PayPal,34456.49,548.4,7,True,
2026-09-12T07:05:18.487269+00:00,5000,Wise,181149.1,61.97,1,True,
2026-09-12T07:05:18.487269+00:00,5000,ASB NZ,178598.72,201.88,2,True,
2026-09-12T07:05:18.487269+00:00,5000,Westpac NZ,177986.5,235.47,3,True,
2026-09-12T07:05:18.487269+00:00,5000,BNZ,177801.5,245.62,4,True,
2026-09-12T07:05:18.487269+00:00,5000,KiwiBank,176851.25,297.75,5,True,
2026-09-12T07:05:18.487269+00:00,5000,OFX,174312.14,437.05,6,True,
2026-09-12T07:05:18.487269+00:00,5000,PayPal,173252.64,495.18,7,True,
2026-09-12T07:05:18.487269+00:00,25000,Wise,905915.49,60.1,1,True,
2026-09-12T07:05:18.487269+00:00,25000,ASB NZ,893708.72,194.04,2,True,
2026-09-12T07:05:18.487269+00:00,25000,Westpac NZ,889932.5,235.47,3,True,
2026-09-12T07:05:18.487269+00:00,25000,BNZ,889007.5,245.62,4,True,
2026-09-12T07:05:18.487269+00:00,25000,KiwiBank,887097.25,266.58,5,True,
2026-09-12T07:05:18.487269+00:00,25000,OFX,881295.0,330.24,6,True,
2026-09-12T07:05:18.487269+00:00,25000,PayPal,867233.38,484.53,7,True,
2026-09-12T07:05:18.487269+00:00,50000,Wise,1812118.58,58.52,1,True,
2026-09-12T07:05:18.487269+00:00,50000,ASB NZ,1787596.22,193.06,2,True,
2026-09-12T07:05:18.487269+00:00,50000,Westpac NZ,1779865.0,235.47,3,True,
2026-09-12T07:05:18.487269+00:00,50000,BNZ,1778015.0,245.62,4,True,
2026-09-12T07:05:18.487269+00:00,50000,KiwiBank,1774904.75,262.68,5,True,
2026-09-12T07:05:18.487269+00:00,50000,OFX,1762590.0,330.24,6,True,
2026-09-12T08:05:19.705012+00:00,200,Wise,7205.28,117.77,1,True,
2026-09-12T08:05:19.705012+00:00,200,Westpac NZ,7119.46,235.47,2,True,
2026-09-12T08:05:19.705012+00:00,200,BNZ,7112.06,245.62,3,True,
2026-09-12T08:05:19.705012+00:00,200,ASB NZ,6972.32,437.28,4,True,
2026-09-12T08:05:19.705012+00:00,200,PayPal,6697.26,814.53,5,True,
2026-09-12T08:05:19.705012+00:00,200,KiwiBank,6392.21,1232.91,6,True,
2026-09-12T08:05:19.705012+00:00,1000,Wise,36196.4,71.13,1,True,
2026-09-12T08:05:19.705012+00:00,1000,Westpac NZ,35597.3,235.47,2,True,
2026-09-12T08:05:19.705012+00:00,1000,ASB NZ,35576.72,241.12,3,True,
2026-09-12T08:05:19.705012+00:00,1000,BNZ,35560.3,245.62,4,True,
2026-09-12T08:05:19.705012+00:00,1000,KiwiBank,34802.05,453.61,5,True,
2026-09-12T08:05:19.705012+00:00,1000,OFX,34526.94,529.08,6,True,
2026-09-12T08:05:19.705012+00:00,1000,PayPal,34456.49,548.4,7,True,
2026-09-12T08:05:19.705012+00:00,5000,Wise,181149.1,61.97,1,True,
2026-09-12T08:05:19.705012+00:00,5000,ASB NZ,178598.72,201.88,2,True,
2026-09-12T08:05:19.705012+00:00,5000,Westpac NZ,177986.5,235.47,3,True,
2026-09-12T08:05:19.705012+00:00,5000,BNZ,177801.5,245.62,4,True,
2026-09-12T08:05:19.705012+00:00,5000,KiwiBank,176851.25,297.75,5,True,
2026-09-12T08:05:19.705012+00:00,5000,OFX,174312.14,437.05,6,True,
2026-09-12T08:05:19.705012+00:00,5000,PayPal,173252.64,495.18,7,True,
2026-09-12T08:05:19.705012+00:00,25000,Wise,905915.49,60.1,1,True,
2026-09-12T08:05:19.705012+00:00,25000,ASB NZ,893708.72,194.04,2,True,
2026-09-12T08:05:19.705012+00:00,25000,Westpac NZ,889932.5,235.47,3,True,
2026-09-12T08:05:19.705012+00:00,25000,BNZ,889007.5,245.62,4,True,
2026-09-12T08:05:19.705012+00:00,25000,KiwiBank,887097.25,266.58,5,True,
2026-09-12T08:05:19.705012+00:00,25000,OFX,881295.0,330.24,6,True,
2026-09-12T08:05:19.705012+00:00,25000,PayPal,867233.38,484.53,7,True,
2026-09-12T08:05:19.705012+00:00,50000,Wise,1812118.58,58.52,1,True,
2026-09-12T08:05:19.705012+00:00,50000,ASB NZ,1787596.22,193.06,2,True,
2026-09-12T08:05:19.705012+00:00,50000,Westpac NZ,1779865.0,235.47,3,True,
2026-09-12T08:05:19.705012+00:00,50000,BNZ,1778015.0,245.62,4,True,
2026-09-12T08:05:19.705012+00:00,50000,KiwiBank,1774904.75,262.68,5,True,
2026-09-12T08:05:19.705012+00:00,50000,OFX,1762590.0,330.24,6,True,
2026-09-12T09:05:31.238165+00:00,200,Wise,7205.28,117.77,1,True,
2026-09-12T09:05:31.238165+00:00,200,Westpac NZ,7119.46,235.47,2,True,
2026-09-12T09:05:31.238165+00:00,200,BNZ,7106.28,253.55,3,True,
2026-09-12T09:05:31.238165+00:00,200,ASB NZ,6972.32,437.28,4,True,
2026-09-12T09:05:31.238165+00:00,200,PayPal,6697.26,814.53,5,True,
2026-09-12T09:05:31.238165+00:00,200,KiwiBank,6392.21,1232.91,6,True,
2026-09-12T09:05:31.238165+00:00,1000,Wise,36196.4,71.13,1,True,
2026-09-12T09:05:31.238165+00:00,1000,Westpac NZ,35597.3,235.47,2,True,
2026-09-12T09:05:31.238165+00:00,1000,ASB NZ,35576.72,241.12,3,True,
2026-09-12T09:05:31.238165+00:00,1000,BNZ,35531.4,253.55,4,True,
2026-09-12T09:05:31.238165+00:00,1000,KiwiBank,34802.05,453.61,5,True,
2026-09-12T09:05:31.238165+00:00,1000,OFX,34526.94,529.08,6,True,
2026-09-12T09:05:31.238165+00:00,1000,PayPal,34456.49,548.4,7,True,
2026-09-12T09:05:31.238165+00:00,5000,Wise,181149.1,61.97,1,True,
2026-09-12T09:05:31.238165+00:00,5000,ASB NZ,178598.72,201.88,2,True,
2026-09-12T09:05:31.238165+00:00,5000,Westpac NZ,177986.5,235.47,3,True,
2026-09-12T09:05:31.238165+00:00,5000,BNZ,177657.0,253.55,4,True,
2026-09-12T09:05:31.238165+00:00,5000,KiwiBank,176851.25,297.75,5,True,
2026-09-12T09:05:31.238165+00:00,5000,OFX,174312.14,437.05,6,True,
2026-09-12T09:05:31.238165+00:00,5000,PayPal,173252.64,495.18,7,True,
2026-09-12T09:05:31.238165+00:00,25000,Wise,905915.49,60.1,1,True,
2026-09-12T09:05:31.238165+00:00,25000,ASB NZ,893708.72,194.04,2,True,
2026-09-12T09:05:31.238165+00:00,25000,Westpac NZ,889932.5,235.47,3,True,
2026-09-12T09:05:31.238165+00:00,25000,BNZ,888285.0,253.55,4,True,
2026-09-12T09:05:31.238165+00:00,25000,KiwiBank,887097.25,266.58,5,True,
2026-09-12T09:05:31.238165+00:00,25000,OFX,881295.0,330.24,6,True,
2026-09-12T09:05:31.238165+00:00,25000,PayPal,867233.38,484.53,7,True,
2026-09-12T09:05:31.238165+00:00,50000,Wise,1812118.58,58.52,1,True,
2026-09-12T09:05:31.238165+00:00,50000,ASB NZ,1787596.22,193.06,2,True,
2026-09-12T09:05:31.238165+00:00,50000,Westpac NZ,1779865.0,235.47,3,True,
2026-09-12T09:05:31.238165+00:00,50000,BNZ,1776570.0,253.55,4,True,
2026-09-12T09:05:31.238165+00:00,50000,KiwiBank,1774904.75,262.68,5,True,
2026-09-12T09:05:31.238165+00:00,50000,OFX,1762590.0,330.24,6,True,
2026-09-12T10:05:16.292872+00:00,200,Wise,7205.28,117.77,1,True,
2026-09-12T10:05:16.292872+00:00,200,Westpac NZ,7119.46,235.47,2,True,
2026-09-12T10:05:16.292872+00:00,200,BNZ,7106.28,253.55,3,True,
2026-09-12T10:05:16.292872+00:00,200,ASB NZ,6972.32,437.28,4,True,
2026-09-12T10:05:16.292872+00:00,200,PayPal,6697.26,814.53,5,True,
2026-09-12T10:05:16.292872+00:00,200,KiwiBank,6392.21,1232.91,6,True,
2026-09-12T10:05:16.292872+00:00,1000,Wise,36196.4,71.13,1,True,
2026-09-12T10:05:16.292872+00:00,1000,Westpac NZ,35597.3,235.47,2,True,
2026-09-12T10:05:16.292872+00:00,1000,ASB NZ,35576.72,241.12,3,True,
2026-09-12T10:05:16.292872+00:00,1000,BNZ,35531.4,253.55,4,True,
2026-09-12T10:05:16.292872+00:00,1000,KiwiBank,34802.05,453.61,5,True,
2026-09-12T10:05:16.292872+00:00,1000,OFX,34526.94,529.08,6,True,
2026-09-12T10:05:16.292872+00:00,1000,PayPal,34456.49,548.4,7,True,
2026-09-12T10:05:16.292872+00:00,5000,Wise,181149.1,61.97,1,True,
2026-09-12T10:05:16.292872+00:00,5000,ASB NZ,178598.72,201.88,2,True,
2026-09-12T10:05:16.292872+00:00,5000,Westpac NZ,177986.5,235.47,3,True,
2026-09-12T10:05:16.292872+00:00,5000,BNZ,177657.0,253.55,4,True,
2026-09-12T10:05:16.292872+00:00,5000,KiwiBank,176851.25,297.75,5,True,
2026-09-12T10:05:16.292872+00:00,5000,OFX,174312.14,437.05,6,True,
2026-09-12T10:05:16.292872+00:00,5000,PayPal,173252.64,495.18,7,True,
2026-09-12T10:05:16.292872+00:00,25000,Wise,905915.49,60.1,1,True,
2026-09-12T10:05:16.292872+00:00,25000,ASB NZ,893708.72,194.04,2,True,
2026-09-12T10:05:16.292872+00:00,25000,Westpac NZ,889932.5,235.47,3,True,
2026-09-12T10:05:16.292872+00:00,25000,BNZ,888285.0,253.55,4,True,
2026-09-12T10:05:16.292872+00:00,25000,KiwiBank,887097.25,266.58,5,True,
2026-09-12T10:05:16.292872+00:00,25000,OFX,881295.0,330.24,6,True,
2026-09-12T10:05:16.292872+00:00,25000,PayPal,867233.38,484.53,7,True,
2026-09-12T10:05:16.292872+00:00,50000,Wise,1812118.58,58.52,1,True,
2026-09-12T10:05:16.292872+00:00,50000,ASB NZ,1787596.22,193.06,2,True,
2026-09-12T10:05:16.292872+00:00,50000,Westpac NZ,1779865.0,235.47,3,True,
2026-09-12T10:05:16.292872+00:00,50000,BNZ,1776570.0,253.55,4,True,
2026-09-12T10:05:16.292872+00:00,50000,KiwiBank,1774904.75,262.68,5,True,
2026-09-12T10:05:16.292872+00:00,50000,OFX,1762590.0,330.24,6,True,
2026-09-12T11:05:19.592346+00:00,200,Wise,7205.28,117.77,1,True,
2026-09-12T11:05:19.592346+00:00,200,Westpac NZ,7119.46,235.47,2,True,
2026-09-12T11:05:19.592346+00:00,200,BNZ,7106.28,253.55,3,True,
2026-09-12T11:05:19.592346+00:00,200,ASB NZ,6972.32,437.28,4,True,
2026-09-12T11:05:19.592346+00:00,200,PayPal,6697.26,814.53,5,True,
2026-09-12T11:05:19.592346+00:00,200,KiwiBank,6392.21,1232.91,6,True,
2026-09-12T11:05:19.592346+00:00,1000,Wise,36196.4,71.13,1,True,
2026-09-12T11:05:19.592346+00:00,1000,Westpac NZ,35597.3,235.47,2,True,
2026-09-12T11:05:19.592346+00:00,1000,ASB NZ,35576.72,241.12,3,True,
2026-09-12T11:05:19.592346+00:00,1000,BNZ,35531.4,253.55,4,True,
2026-09-12T11:05:19.592346+00:00,1000,KiwiBank,34802.05,453.61,5,True,
2026-09-12T11:05:19.592346+00:00,1000,OFX,34526.94,529.08,6,True,
2026-09-12T11:05:19.592346+00:00,1000,PayPal,34456.49,548.4,7,True,
2026-09-12T11:05:19.592346+00:00,5000,Wise,181149.1,61.97,1,True,
2026-09-12T11:05:19.592346+00:00,5000,ASB NZ,178598.72,201.88,2,True,
2026-09-12T11:05:19.592346+00:00,5000,Westpac NZ,177986.5,235.47,3,True,
2026-09-12T11:05:19.592346+00:00,5000,BNZ,177657.0,253.55,4,True,
2026-09-12T11:05:19.592346+00:00,5000,KiwiBank,176851.25,297.75,5,True,
2026-09-12T11:05:19.592346+00:00,5000,OFX,174312.14,437.05,6,True,
2026-09-12T11:05:19.592346+00:00,5000,PayPal,173252.64,495.18,7,True,
2026-09-12T11:05:19.592346+00:00,25000,Wise,905915.49,60.1,1,True,
2026-09-12T11:05:19.592346+00:00,25000,ASB NZ,893708.72,194.04,2,True,
2026-09-12T11:05:19.592346+00:00,25000,Westpac NZ,889932.5,235.47,3,True,
2026-09-12T11:05:19.592346+00:00,25000,BNZ,888285.0,253.55,4,True,
2026-09-12T11:05:19.592346+00:00,25000,KiwiBank,887097.25,266.58,5,True,
2026-09-12T11:05:19.592346+00:00,25000,OFX,881295.0,330.24,6,True,
2026-09-12T11:05:19.592346+00:00,25000,PayPal,867233.38,484.53,7,True,
2026-09-12T11:05:19.592346+00:00,50000,Wise,1812118.58,58.52,1,True,
2026-09-12T11:05:19.592346+00:00,50000,ASB NZ,1787596.22,193.06,2,True,
2026-09-12T11:05:19.592346+00:00,50000,Westpac NZ,1779865.0,235.47,3,True,
2026-09-12T11:05:19.592346+00:00,50000,BNZ,1776570.0,253.55,4,True,
2026-09-12T11:05:19.592346+00:00,50000,KiwiBank,1774904.75,262.68,5,True,
2026-09-12T11:05:19.592346+00:00,50000,OFX,1762590.0,330.24,6,True,
2026-09-12T12:05:15.383566+00:00,200,Wise,7205.28,117.77,1,True,
2026-09-12T12:05:15.383566+00:00,200,Westpac NZ,7119.46,235.47,2,True,
2026-09-12T12:05:15.383566+00:00,200,BNZ,7106.28,253.55,3,True,
2026-09-12T12:05:15.383566+00:00,200,ASB NZ,6972.32,437.28,4,True,
2026-09-12T12:05:15.383566+00:00,200,PayPal,6697.26,814.53,5,True,
2026-09-12T12:05:15.383566+00:00,200,KiwiBank,6392.21,1232.91,6,True,
2026-09-12T12:05:15.383566+00:00,1000,Wise,36196.4,71.13,1,True,
2026-09-12T12:05:15.383566+00:00,1000,Westpac NZ,35597.3,235.47,2,True,
2026-09-12T12:05:15.383566+00:00,1000,ASB NZ,35576.72,241.12,3,True,
2026-09-12T12:05:15.383566+00:00,1000,BNZ,35531.4,253.55,4,True,
2026-09-12T12:05:15.383566+00:00,1000,KiwiBank,34802.05,453.61,5,True,
2026-09-12T12:05:15.383566+00:00,1000,OFX,34526.94,529.08,6,True,
2026-09-12T12:05:15.383566+00:00,1000,PayPal,34456.49,548.4,7,True,
2026-09-12T12:05:15.383566+00:00,5000,Wise,181149.1,61.97,1,True,
2026-09-12T12:05:15.383566+00:00,5000,ASB NZ,178598.72,201.88,2,True,
2026-09-12T12:05:15.383566+00:00,5000,Westpac NZ,177986.5,235.47,3,True,
2026-09-12T12:05:15.383566+00:00,5000,BNZ,177657.0,253.55,4,True,
2026-09-12T12:05:15.383566+00:00,5000,KiwiBank,176851.25,297.75,5,True,
2026-09-12T12:05:15.383566+00:00,5000,OFX,174312.14,437.05,6,True,
2026-09-12T12:05:15.383566+00:00,5000,PayPal,173252.64,495.18,7,True,
2026-09-12T12:05:15.383566+00:00,25000,Wise,905915.49,60.1,1,True,
2026-09-12T12:05:15.383566+00:00,25000,ASB NZ,893708.72,194.04,2,True,
2026-09-12T12:05:15.383566+00:00,25000,Westpac NZ,889932.5,235.47,3,True,
2026-09-12T12:05:15.383566+00:00,25000,BNZ,888285.0,253.55,4,True,
2026-09-12T12:05:15.383566+00:00,25000,KiwiBank,887097.25,266.58,5,True,
2026-09-12T12:05:15.383566+00:00,25000,OFX,881295.0,330.24,6,True,
2026-09-12T12:05:15.383566+00:00,25000,PayPal,867233.38,484.53,7,True,
2026-09-12T12:05:15.383566+00:00,50000,Wise,1812118.58,58.52,1,True,
2026-09-12T12:05:15.383566+00:00,50000,ASB NZ,1787596.22,193.06,2,True,
2026-09-12T12:05:15.383566+00:00,50000,Westpac NZ,1779865.0,235.47,3,True,
2026-09-12T12:05:15.383566+00:00,50000,BNZ,1776570.0,253.55,4,True,
2026-09-12T12:05:15.383566+00:00,50000,KiwiBank,1774904.75,262.68,5,True,
2026-09-12T12:05:15.383566+00:00,50000,OFX,1762590.0,330.24,6,True,
2026-09-12T13:05:16.106223+00:00,200,Wise,7205.28,117.77,1,True,
2026-09-12T13:05:16.106223+00:00,200,Westpac NZ,7119.46,235.47,2,True,
2026-09-12T13:05:16.106223+00:00,200,BNZ,7106.28,253.55,3,True,
2026-09-12T13:05:16.106223+00:00,200,ASB NZ,6972.32,437.28,4,True,
2026-09-12T13:05:16.106223+00:00,200,PayPal,6697.26,814.53,5,True,
2026-09-12T13:05:16.106223+00:00,200,KiwiBank,6392.21,1232.91,6,True,
2026-09-12T13:05:16.106223+00:00,1000,Wise,36196.4,71.13,1,True,
2026-09-12T13:05:16.106223+00:00,1000,Westpac NZ,35597.3,235.47,2,True,
2026-09-12T13:05:16.106223+00:00,1000,ASB NZ,35576.72,241.12,3,True,
2026-09-12T13:05:16.106223+00:00,1000,BNZ,35531.4,253.55,4,True,
2026-09-12T13:05:16.106223+00:00,1000,KiwiBank,34802.05,453.61,5,True,
2026-09-12T13:05:16.106223+00:00,1000,OFX,34526.94,529.08,6,True,
2026-09-12T13:05:16.106223+00:00,1000,PayPal,34456.49,548.4,7,True,
2026-09-12T13:05:16.106223+00:00,5000,Wise,181149.1,61.97,1,True,
2026-09-12T13:05:16.106223+00:00,5000,ASB NZ,178598.72,201.88,2,True,
2026-09-12T13:05:16.106223+00:00,5000,Westpac NZ,177986.5,235.47,3,True,
2026-09-12T13:05:16.106223+00:00,5000,BNZ,177657.0,253.55,4,True,
2026-09-12T13:05:16.106223+00:00,5000,KiwiBank,176851.25,297.75,5,True,
2026-09-12T13:05:16.106223+00:00,5000,OFX,174312.14,437.05,6,True,
2026-09-12T13:05:16.106223+00:00,5000,PayPal,173252.64,495.18,7,True,
2026-09-12T13:05:16.106223+00:00,25000,Wise,905915.49,60.1,1,True,
2026-09-12T13:05:16.106223+00:00,25000,ASB NZ,893708.72,194.04,2,True,
2026-09-12T13:05:16.106223+00:00,25000,Westpac NZ,889932.5,235.47,3,True,
2026-09-12T13:05:16.106223+00:00,25000,BNZ,888285.0,253.55,4,True,
2026-09-12T13:05:16.106223+00:00,25000,KiwiBank,887097.25,266.58,5,True,
2026-09-12T13:05:16.106223+00:00,25000,OFX,881295.0,330.24,6,True,
2026-09-12T13:05:16.106223+00:00,25000,PayPal,867233.38,484.53,7,True,
2026-09-12T13:05:16.106223+00:00,50000,Wise,1812118.58,58.52,1,True,
2026-09-12T13:05:16.106223+00:00,50000,ASB NZ,1787596.22,193.06,2,True,
2026-09-12T13:05:16.106223+00:00,50000,Westpac NZ,1779865.0,235.47,3,True,
2026-09-12T13:05:16.106223+00:00,50000,BNZ,1776570.0,253.55,4,True,
2026-09-12T13:05:16.106223+00:00,50000,KiwiBank,1774904.75,262.68,5,True,
2026-09-12T13:05:16.106223+00:00,50000,OFX,1762590.0,330.24,6,True,
2026-09-12T14:05:15.706599+00:00,200,Wise,7205.28,117.77,1,True,
2026-09-12T14:05:15.706599+00:00,200,Westpac NZ,7119.46,235.47,2,True,
2026-09-12T14:05:15.706599+00:00,200,BNZ,7106.28,253.55,3,True,
2026-09-12T14:05:15.706599+00:00,200,ASB NZ,6972.32,437.28,4,True,
2026-09-12T14:05:15.706599+00:00,200,PayPal,6697.26,814.53,5,True,
2026-09-12T14:05:15.706599+00:00,200,KiwiBank,6392.21,1232.91,6,True,
2026-09-12T14:05:15.706599+00:00,1000,Wise,36196.4,71.13,1,True,
2026-09-12T14:05:15.706599+00:00,1000,Westpac NZ,35597.3,235.47,2,True,
2026-09-12T14:05:15.706599+00:00,1000,ASB NZ,35576.72,241.12,3,True,
2026-09-12T14:05:15.706599+00:00,1000,BNZ,35531.4,253.55,4,True,
2026-09-12T14:05:15.706599+00:00,1000,KiwiBank,34802.05,453.61,5,True,
2026-09-12T14:05:15.706599+00:00,1000,OFX,34526.94,529.08,6,True,
2026-09-12T14:05:15.706599+00:00,1000,PayPal,34456.49,548.4,7,True,
2026-09-12T14:05:15.706599+00:00,5000,Wise,181149.1,61.97,1,True,
2026-09-12T14:05:15.706599+00:00,5000,ASB NZ,178598.72,201.88,2,True,
2026-09-12T14:05:15.706599+00:00,5000,Westpac NZ,177986.5,235.47,3,True,
2026-09-12T14:05:15.706599+00:00,5000,BNZ,177657.0,253.55,4,True,
2026-09-12T14:05:15.706599+00:00,5000,KiwiBank,176851.25,297.75,5,True,
2026-09-12T14:05:15.706599+00:00,5000,OFX,174312.14,437.05,6,True,
2026-09-12T14:05:15.706599+00:00,5000,PayPal,173252.64,495.18,7,True,
2026-09-12T14:05:15.706599+00:00,25000,Wise,905915.49,60.1,1,True,
2026-09-12T14:05:15.706599+00:00,25000,ASB NZ,893708.72,194.04,2,True,
2026-09-12T14:05:15.706599+00:00,25000,Westpac NZ,889932.5,235.47,3,True,
2026-09-12T14:05:15.706599+00:00,25000,BNZ,888285.0,253.55,4,True,
2026-09-12T14:05:15.706599+00:00,25000,KiwiBank,887097.25,266.58,5,True,
2026-09-12T14:05:15.706599+00:00,25000,OFX,881295.0,330.24,6,True,
2026-09-12T14:05:15.706599+00:00,25000,PayPal,867233.38,484.53,7,True,
2026-09-12T14:05:15.706599+00:00,50000,Wise,1812118.58,58.52,1,True,
2026-09-12T14:05:15.706599+00:00,50000,ASB NZ,1787596.22,193.06,2,True,
2026-09-12T14:05:15.706599+00:00,50000,Westpac NZ,1779865.0,235.47,3,True,
2026-09-12T14:05:15.706599+00:00,50000,BNZ,1776570.0,253.55,4,True,
2026-09-12T14:05:15.706599+00:00,50000,KiwiBank,1774904.75,262.68,5,True,
2026-09-12T14:05:15.706599+00:00,50000,OFX,1762590.0,330.24,6,True,
2026-09-12T15:05:19.085059+00:00,200,Wise,7205.28,117.77,1,True,
2026-09-12T15:05:19.085059+00:00,200,Westpac NZ,7119.46,235.47,2,True,
2026-09-12T15:05:19.085059+00:00,200,BNZ,7106.28,253.55,3,True,
2026-09-12T15:05:19.085059+00:00,200,ASB NZ,6972.32,437.28,4,True,
2026-09-12T15:05:19.085059+00:00,200,PayPal,6697.26,814.53,5,True,
2026-09-12T15:05:19.085059+00:00,200,KiwiBank,6392.21,1232.91,6,True,
2026-09-12T15:05:19.085059+00:00,1000,Wise,36196.4,71.13,1,True,
2026-09-12T15:05:19.085059+00:00,1000,Westpac NZ,35597.3,235.47,2,True,
2026-09-12T15:05:19.085059+00:00,1000,ASB NZ,35576.72,241.12,3,True,
2026-09-12T15:05:19.085059+00:00,1000,BNZ,35531.4,253.55,4,True,
2026-09-12T15:05:19.085059+00:00,1000,KiwiBank,34802.05,453.61,5,True,
2026-09-12T15:05:19.085059+00:00,1000,OFX,34526.94,529.08,6,True,
2026-09-12T15:05:19.085059+00:00,1000,PayPal,34456.49,548.4,7,True,
2026-09-12T15:05:19.085059+00:00,5000,Wise,181149.1,61.97,1,True,
2026-09-12T15:05:19.085059+00:00,5000,ASB NZ,178598.72,201.88,2,True,
2026-09-12T15:05:19.085059+00:00,5000,Westpac NZ,177986.5,235.47,3,True,
2026-09-12T15:05:19.085059+00:00,5000,BNZ,177657.0,253.55,4,True,
2026-09-12T15:05:19.085059+00:00,5000,KiwiBank,176851.25,297.75,5,True,
2026-09-12T15:05:19.085059+00:00,5000,OFX,174312.14,437.05,6,True,
2026-09-12T15:05:19.085059+00:00,5000,PayPal,173252.64,495.18,7,True,
2026-09-12T15:05:19.085059+00:00,25000,Wise,905915.49,60.1,1,True,
2026-09-12T15:05:19.085059+00:00,25000,ASB NZ,893708.72,194.04,2,True,
2026-09-12T15:05:19.085059+00:00,25000,Westpac NZ,889932.5,235.47,3,True,
2026-09-12T15:05:19.085059+00:00,25000,BNZ,888285.0,253.55,4,True,
2026-09-12T15:05:19.085059+00:00,25000,KiwiBank,887097.25,266.58,5,True,
2026-09-12T15:05:19.085059+00:00,25000,OFX,881295.0,330.24,6,True,
2026-09-12T15:05:19.085059+00:00,25000,PayPal,867233.38,484.53,7,True,
2026-09-12T15:05:19.085059+00:00,50000,Wise,1812118.58,58.52,1,True,
2026-09-12T15:05:19.085059+00:00,50000,ASB NZ,1787596.22,193.06,2,True,
2026-09-12T15:05:19.085059+00:00,50000,Westpac NZ,1779865.0,235.47,3,True,
2026-09-12T15:05:19.085059+00:00,50000,BNZ,1776570.0,253.55,4,True,
2026-09-12T15:05:19.085059+00:00,50000,KiwiBank,1774904.75,262.68,5,True,
2026-09-12T15:05:19.085059+00:00,50000,OFX,1762590.0,330.24,6,True,
2026-09-12T16:05:14.612898+00:00,200,Wise,7205.28,117.77,1,True,
2026-09-12T16:05:14.612898+00:00,200,Westpac NZ,7119.46,235.47,2,True,
2026-09-12T16:05:14.612898+00:00,200,BNZ,7106.28,253.55,3,True,
2026-09-12T16:05:14.612898+00:00,200,ASB NZ,6972.32,437.28,4,True,
2026-09-12T16:05:14.612898+00:00,200,PayPal,6697.26,814.53,5,True,
2026-09-12T16:05:14.612898+00:00,200,KiwiBank,6392.21,1232.91,6,True,
2026-09-12T16:05:14.612898+00:00,1000,Wise,36196.4,71.13,1,True,
2026-09-12T16:05:14.612898+00:00,1000,Westpac NZ,35597.3,235.47,2,True,
2026-09-12T16:05:14.612898+00:00,1000,ASB NZ,35576.72,241.12,3,True,
2026-09-12T16:05:14.612898+00:00,1000,BNZ,35531.4,253.55,4,True,
2026-09-12T16:05:14.612898+00:00,1000,KiwiBank,34802.05,453.61,5,True,
2026-09-12T16:05:14.612898+00:00,1000,OFX,34526.94,529.08,6,True,
2026-09-12T16:05:14.612898+00:00,1000,PayPal,34456.49,548.4,7,True,
2026-09-12T16:05:14.612898+00:00,5000,Wise,181149.1,61.97,1,True,
2026-09-12T16:05:14.612898+00:00,5000,ASB NZ,178598.72,201.88,2,True,
2026-09-12T16:05:14.612898+00:00,5000,Westpac NZ,177986.5,235.47,3,True,
2026-09-12T16:05:14.612898+00:00,5000,BNZ,177657.0,253.55,4,True,
2026-09-12T16:05:14.612898+00:00,5000,KiwiBank,176851.25,297.75,5,True,
2026-09-12T16:05:14.612898+00:00,5000,OFX,174312.14,437.05,6,True,
2026-09-12T16:05:14.612898+00:00,5000,PayPal,173252.64,495.18,7,True,
2026-09-12T16:05:14.612898+00:00,25000,Wise,905915.49,60.1,1,True,
2026-09-12T16:05:14.612898+00:00,25000,ASB NZ,893708.72,194.04,2,True,
2026-09-12T16:05:14.612898+00:00,25000,Westpac NZ,889932.5,235.47,3,True,
2026-09-12T16:05:14.612898+00:00,25000,BNZ,888285.0,253.55,4,True,
2026-09-12T16:05:14.612898+00:00,25000,KiwiBank,887097.25,266.58,5,True,
2026-09-12T16:05:14.612898+00:00,25000,OFX,881295.0,330.24,6,True,
2026-09-12T16:05:14.612898+00:00,25000,PayPal,867233.38,484.53,7,True,
2026-09-12T16:05:14.612898+00:00,50000,Wise,1812118.58,58.52,1,True,
2026-09-12T16:05:14.612898+00:00,50000,ASB NZ,1787596.22,193.06,2,True,
2026-09-12T16:05:14.612898+00:00,50000,Westpac NZ,1779865.0,235.47,3,True,
2026-09-12T16:05:14.612898+00:00,50000,BNZ,1776570.0,253.55,4,True,
2026-09-12T16:05:14.612898+00:00,50000,KiwiBank,1774904.75,262.68,5,True,
2026-09-12T16:05:14.612898+00:00,50000,OFX,1762590.0,330.24,6,True,
2026-09-12T17:06:54.502479+00:00,200,Wise,7205.28,117.77,1,True,
2026-09-12T17:06:54.502479+00:00,200,Westpac NZ,7119.46,235.47,2,True,
2026-09-12T17:06:54.502479+00:00,200,BNZ,7106.28,253.55,3,True,
2026-09-12T17:06:54.502479+00:00,200,ASB NZ,6972.32,437.28,4,True,
2026-09-12T17:06:54.502479+00:00,200,PayPal,6697.26,814.53,5,True,
2026-09-12T17:06:54.502479+00:00,200,KiwiBank,6392.21,1232.91,6,True,
2026-09-12T17:06:54.502479+00:00,1000,Wise,36196.4,71.13,1,True,
2026-09-12T17:06:54.502479+00:00,1000,Westpac NZ,35597.3,235.47,2,True,
2026-09-12T17:06:54.502479+00:00,1000,ASB NZ,35576.72,241.12,3,True,
2026-09-12T17:06:54.502479+00:00,1000,BNZ,35531.4,253.55,4,True,
2026-09-12T17:06:54.502479+00:00,1000,KiwiBank,34802.05,453.61,5,True,
2026-09-12T17:06:54.502479+00:00,1000,OFX,34526.94,529.08,6,True,
2026-09-12T17:06:54.502479+00:00,1000,PayPal,34456.49,548.4,7,True,
2026-09-12T17:06:54.502479+00:00,5000,Wise,181149.1,61.97,1,True,
2026-09-12T17:06:54.502479+00:00,5000,ASB NZ,178598.72,201.88,2,True,
2026-09-12T17:06:54.502479+00:00,5000,Westpac NZ,177986.5,235.47,3,True,
2026-09-12T17:06:54.502479+00:00,5000,BNZ,177657.0,253.55,4,True,
2026-09-12T17:06:54.502479+00:00,5000,KiwiBank,176851.25,297.75,5,True,
2026-09-12T17:06:54.502479+00:00,5000,OFX,174312.14,437.05,6,True,
2026-09-12T17:06:54.502479+00:00,5000,PayPal,173252.64,495.18,7,True,
2026-09-12T17:06:54.502479+00:00,25000,Wise,905915.49,60.1,1,True,
2026-09-12T17:06:54.502479+00:00,25000,ASB NZ,893708.72,194.04,2,True,
2026-09-12T17:06:54.502479+00:00,25000,Westpac NZ,889932.5,235.47,3,True,
2026-09-12T17:06:54.502479+00:00,25000,BNZ,888285.0,253.55,4,True,
2026-09-12T17:06:54.502479+00:00,25000,KiwiBank,887097.25,266.58,5,True,
2026-09-12T17:06:54.502479+00:00,25000,OFX,881295.0,330.24,6,True,
2026-09-12T17:06:54.502479+00:00,25000,PayPal,867233.38,484.53,7,True,
2026-09-12T17:06:54.502479+00:00,50000,Wise,1812118.58,58.52,1,True,
2026-09-12T17:06:54.502479+00:00,50000,ASB NZ,1787596.22,193.06,2,True,
2026-09-12T17:06:54.502479+00:00,50000,Westpac NZ,1779865.0,235.47,3,True,
2026-09-12T17:06:54.502479+00:00,50000,BNZ,1776570.0,253.55,4,True,
2026-09-12T17:06:54.502479+00:00,50000,KiwiBank,1774904.75,262.68,5,True,
2026-09-12T17:06:54.502479+00:00,50000,OFX,1762590.0,330.24,6,True,
2026-09-12T18:05:24.099273+00:00,200,Wise,7205.28,117.77,1,True,
2026-09-12T18:05:24.099273+00:00,200,Westpac NZ,7119.46,235.47,2,True,
2026-09-12T18:05:24.099273+00:00,200,BNZ,7106.28,253.55,3,True,
2026-09-12T18:05:24.099273+00:00,200,ASB NZ,6972.32,437.28,4,True,
2026-09-12T18:05:24.099273+00:00,200,PayPal,6697.26,814.53,5,True,
2026-09-12T18:05:24.099273+00:00,200,KiwiBank,6392.21,1232.91,6,True,
2026-09-12T18:05:24.099273+00:00,1000,Wise,36196.4,71.13,1,True,
2026-09-12T18:05:24.099273+00:00,1000,Westpac NZ,35597.3,235.47,2,True,
2026-09-12T18:05:24.099273+00:00,1000,ASB NZ,35576.72,241.12,3,True,
2026-09-12T18:05:24.099273+00:00,1000,BNZ,35531.4,253.55,4,True,
2026-09-12T18:05:24.099273+00:00,1000,KiwiBank,34802.05,453.61,5,True,
2026-09-12T18:05:24.099273+00:00,1000,OFX,34526.94,529.08,6,True,
2026-09-12T18:05:24.099273+00:00,1000,PayPal,34456.49,548.4,7,True,
2026-09-12T18:05:24.099273+00:00,5000,Wise,181149.1,61.97,1,True,
2026-09-12T18:05:24.099273+00:00,5000,ASB NZ,178598.72,201.88,2,True,
2026-09-12T18:05:24.099273+00:00,5000,Westpac NZ,177986.5,235.47,3,True,
2026-09-12T18:05:24.099273+00:00,5000,BNZ,177657.0,253.55,4,True,
2026-09-12T18:05:24.099273+00:00,5000,KiwiBank,176851.25,297.75,5,True,
2026-09-12T18:05:24.099273+00:00,5000,OFX,174312.14,437.05,6,True,
2026-09-12T18:05:24.099273+00:00,5000,PayPal,173252.64,495.18,7,True,
2026-09-12T18:05:24.099273+00:00,25000,Wise,905915.49,60.1,1,True,
2026-09-12T18:05:24.099273+00:00,25000,ASB NZ,893708.72,194.04,2,True,
2026-09-12T18:05:24.099273+00:00,25000,Westpac NZ,889932.5,235.47,3,True,
2026-09-12T18:05:24.099273+00:00,25000,BNZ,888285.0,253.55,4,True,
2026-09-12T18:05:24.099273+00:00,25000,KiwiBank,887097.25,266.58,5,True,
2026-09-12T18:05:24.099273+00:00,25000,OFX,881295.0,330.24,6,True,
2026-09-12T18:05:24.099273+00:00,25000,PayPal,867233.38,484.53,7,True,
2026-09-12T18:05:24.099273+00:00,50000,Wise,1812118.58,58.52,1,True,
2026-09-12T18:05:24.099273+00:00,50000,ASB NZ,1787596.22,193.06,2,True,
2026-09-12T18:05:24.099273+00:00,50000,Westpac NZ,1779865.0,235.47,3,True,
2026-09-12T18:05:24.099273+00:00,50000,BNZ,1776570.0,253.55,4,True,
2026-09-12T18:05:24.099273+00:00,50000,KiwiBank,1774904.75,262.68,5,True,
2026-09-12T18:05:24.099273+00:00,50000,OFX,1762590.0,330.24,6,True,
2026-09-12T19:05:17.204603+00:00,200,Wise,7205.28,117.77,1,True,
2026-09-12T19:05:17.204603+00:00,200,Westpac NZ,7119.46,235.47,2,True,
2026-09-12T19:05:17.204603+00:00,200,BNZ,7106.28,253.55,3,True,
2026-09-12T19:05:17.204603+00:00,200,ASB NZ,6972.32,437.28,4,True,
2026-09-12T19:05:17.204603+00:00,200,PayPal,6697.26,814.53,5,True,
2026-09-12T19:05:17.204603+00:00,200,KiwiBank,6392.21,1232.91,6,True,
2026-09-12T19:05:17.204603+00:00,1000,Wise,36196.4,71.13,1,True,
2026-09-12T19:05:17.204603+00:00,1000,Westpac NZ,35597.3,235.47,2,True,
2026-09-12T19:05:17.204603+00:00,1000,ASB NZ,35576.72,241.12,3,True,
2026-09-12T19:05:17.204603+00:00,1000,BNZ,35531.4,253.55,4,True,
2026-09-12T19:05:17.204603+00:00,1000,KiwiBank,34802.05,453.61,5,True,
2026-09-12T19:05:17.204603+00:00,1000,OFX,34526.94,529.08,6,True,
2026-09-12T19:05:17.204603+00:00,1000,PayPal,34456.49,548.4,7,True,
2026-09-12T19:05:17.204603+00:00,5000,Wise,181149.1,61.97,1,True,
2026-09-12T19:05:17.204603+00:00,5000,ASB NZ,178598.72,201.88,2,True,
2026-09-12T19:05:17.204603+00:00,5000,Westpac NZ,177986.5,235.47,3,True,
2026-09-12T19:05:17.204603+00:00,5000,BNZ,177657.0,253.55,4,True,
2026-09-12T19:05:17.204603+00:00,5000,KiwiBank,176851.25,297.75,5,True,
2026-09-12T19:05:17.204603+00:00,5000,OFX,174312.14,437.05,6,True,
2026-09-12T19:05:17.204603+00:00,5000,PayPal,173252.64,495.18,7,True,
2026-09-12T19:05:17.204603+00:00,25000,Wise,905915.49,60.1,1,True,
2026-09-12T19:05:17.204603+00:00,25000,ASB NZ,893708.72,194.04,2,True,
2026-09-12T19:05:17.204603+00:00,25000,Westpac NZ,889932.5,235.47,3,True,
2026-09-12T19:05:17.204603+00:00,25000,BNZ,888285.0,253.55,4,True,
2026-09-12T19:05:17.204603+00:00,25000,KiwiBank,887097.25,266.58,5,True,
2026-09-12T19:05:17.204603+00:00,25000,OFX,881295.0,330.24,6,True,
2026-09-12T19:05:17.204603+00:00,25000,PayPal,867233.38,484.53,7,True,
2026-09-12T19:05:17.204603+00:00,50000,Wise,1812118.58,58.52,1,True,
2026-09-12T19:05:17.204603+00:00,50000,ASB NZ,1787596.22,193.06,2,True,
2026-09-12T19:05:17.204603+00:00,50000,Westpac NZ,1779865.0,235.47,3,True,
2026-09-12T19:05:17.204603+00:00,50000,BNZ,1776570.0,253.55,4,True,
2026-09-12T19:05:17.204603+00:00,50000,KiwiBank,1774904.75,262.68,5,True,
2026-09-12T19:05:17.204603+00:00,50000,OFX,1762590.0,330.24,6,True,
2026-09-12T20:05:18.820975+00:00,200,Wise,7205.28,117.77,1,True,
2026-09-12T20:05:18.820975+00:00,200,Westpac NZ,7119.46,235.47,2,True,
2026-09-12T20:05:18.820975+00:00,200,BNZ,7106.28,253.55,3,True,
2026-09-12T20:05:18.820975+00:00,200,ASB NZ,6972.32,437.28,4,True,
2026-09-12T20:05:18.820975+00:00,200,PayPal,6697.26,814.53,5,True,
2026-09-12T20:05:18.820975+00:00,200,KiwiBank,6392.21,1232.91,6,True,
2026-09-12T20:05:18.820975+00:00,1000,Wise,36196.4,71.13,1,True,
2026-09-12T20:05:18.820975+00:00,1000,Westpac NZ,35597.3,235.47,2,True,
2026-09-12T20:05:18.820975+00:00,1000,ASB NZ,35576.72,241.12,3,True,
2026-09-12T20:05:18.820975+00:00,1000,BNZ,35531.4,253.55,4,True,
2026-09-12T20:05:18.820975+00:00,1000,KiwiBank,34802.05,453.61,5,True,
2026-09-12T20:05:18.820975+00:00,1000,OFX,34526.94,529.08,6,True,
2026-09-12T20:05:18.820975+00:00,1000,PayPal,34456.49,548.4,7,True,
2026-09-12T20:05:18.820975+00:00,5000,Wise,181149.1,61.97,1,True,
2026-09-12T20:05:18.820975+00:00,5000,ASB NZ,178598.72,201.88,2,True,
2026-09-12T20:05:18.820975+00:00,5000,Westpac NZ,177986.5,235.47,3,True,
2026-09-12T20:05:18.820975+00:00,5000,BNZ,177657.0,253.55,4,True,
2026-09-12T20:05:18.820975+00:00,5000,KiwiBank,176851.25,297.75,5,True,
2026-09-12T20:05:18.820975+00:00,5000,OFX,174312.14,437.05,6,True,
2026-09-12T20:05:18.820975+00:00,5000,PayPal,173252.64,495.18,7,True,
2026-09-12T20:05:18.820975+00:00,25000,Wise,905915.49,60.1,1,True,
2026-09-12T20:05:18.820975+00:00,25000,ASB NZ,893708.72,194.04,2,True,
2026-09-12T20:05:18.820975+00:00,25000,Westpac NZ,889932.5,235.47,3,True,
2026-09-12T20:05:18.820975+00:00,25000,BNZ,888285.0,253.55,4,True,
2026-09-12T20:05:18.820975+00:00,25000,KiwiBank,887097.25,266.58,5,True,
2026-09-12T20:05:18.820975+00:00,25000,OFX,881295.0,330.24,6,True,
2026-09-12T20:05:18.820975+00:00,25000,PayPal,867233.38,484.53,7,True,
2026-09-12T20:05:18.820975+00:00,50000,Wise,1812118.58,58.52,1,True,
2026-09-12T20:05:18.820975+00:00,50000,ASB NZ,1787596.22,193.06,2,True,
2026-09-12T20:05:18.820975+00:00,50000,Westpac NZ,1779865.0,235.47,3,True,
2026-09-12T20:05:18.820975+00:00,50000,BNZ,1776570.0,253.55,4,True,
2026-09-12T20:05:18.820975+00:00,50000,KiwiBank,1774904.75,262.68,5,True,
2026-09-12T20:05:18.820975+00:00,50000,OFX,1762590.0,330.24,6,True,
2026-09-12T21:05:22.116427+00:00,200,Wise,7205.28,117.77,1,True,
2026-09-12T21:05:22.116427+00:00,200,Westpac NZ,7119.46,235.47,2,True,
2026-09-12T21:05:22.116427+00:00,200,BNZ,7106.28,253.55,3,True,
2026-09-12T21:05:22.116427+00:00,200,ASB NZ,6972.32,437.28,4,True,
2026-09-12T21:05:22.116427+00:00,200,PayPal,6697.26,814.53,5,True,
2026-09-12T21:05:22.116427+00:00,200,KiwiBank,6392.21,1232.91,6,True,
2026-09-12T21:05:22.116427+00:00,1000,Wise,36196.4,71.13,1,True,
2026-09-12T21:05:22.116427+00:00,1000,Westpac NZ,35597.3,235.47,2,True,
2026-09-12T21:05:22.116427+00:00,1000,ASB NZ,35576.72,241.12,3,True,
2026-09-12T21:05:22.116427+00:00,1000,BNZ,35531.4,253.55,4,True,
2026-09-12T21:05:22.116427+00:00,1000,KiwiBank,34802.05,453.61,5,True,
2026-09-12T21:05:22.116427+00:00,1000,OFX,34526.94,529.08,6,True,
2026-09-12T21:05:22.116427+00:00,1000,PayPal,34456.49,548.4,7,True,
2026-09-12T21:05:22.116427+00:00,5000,Wise,181149.1,61.97,1,True,
2026-09-12T21:05:22.116427+00:00,5000,ASB NZ,178598.72,201.88,2,True,
2026-09-12T21:05:22.116427+00:00,5000,Westpac NZ,177986.5,235.47,3,True,
2026-09-12T21:05:22.116427+00:00,5000,BNZ,177657.0,253.55,4,True,
2026-09-12T21:05:22.116427+00:00,5000,KiwiBank,176851.25,297.75,5,True,
2026-09-12T21:05:22.116427+00:00,5000,OFX,174312.14,437.05,6,True,
2026-09-12T21:05:22.116427+00:00,5000,PayPal,173252.64,495.18,7,True,
2026-09-12T21:05:22.116427+00:00,25000,Wise,905915.49,60.1,1,True,
2026-09-12T21:05:22.116427+00:00,25000,ASB NZ,893708.72,194.04,2,True,
2026-09-12T21:05:22.116427+00:00,25000,Westpac NZ,889932.5,235.47,3,True,
2026-09-12T21:05:22.116427+00:00,25000,BNZ,888285.0,253.55,4,True,
2026-09-12T21:05:22.116427+00:00,25000,KiwiBank,887097.25,266.58,5,True,
2026-09-12T21:05:22.116427+00:00,25000,OFX,881295.0,330.24,6,True,
2026-09-12T21:05:22.116427+00:00,25000,PayPal,867233.38,484.53,7,True,
2026-09-12T21:05:22.116427+00:00,50000,Wise,1812118.58,58.52,1,True,
2026-09-12T21:05:22.116427+00:00,50000,ASB NZ,1787596.22,193.06,2,True,
2026-09-12T21:05:22.116427+00:00,50000,Westpac NZ,1779865.0,235.47,3,True,
2026-09-12T21:05:22.116427+00:00,50000,BNZ,1776570.0,253.55,4,True,
2026-09-12T21:05:22.116427+00:00,50000,KiwiBank,1774904.75,262.68,5,True,
2026-09-12T21:05:22.116427+00:00,50000,OFX,1762590.0,330.24,6,True,
2026-09-12T22:05:14.251045+00:00,200,Wise,7205.28,117.77,1,True,
2026-09-12T22:05:14.251045+00:00,200,Westpac NZ,7119.46,235.47,2,True,
2026-09-12T22:05:14.251045+00:00,200,BNZ,7106.28,253.55,3,True,
2026-09-12T22:05:14.251045+00:00,200,ASB NZ,6972.32,437.28,4,True,
2026-09-12T22:05:14.251045+00:00,200,PayPal,6697.26,814.53,5,True,
2026-09-12T22:05:14.251045+00:00,200,KiwiBank,6392.21,1232.91,6,True,
2026-09-12T22:05:14.251045+00:00,1000,Wise,36196.4,71.13,1,True,
2026-09-12T22:05:14.251045+00:00,1000,Westpac NZ,35597.3,235.47,2,True,
2026-09-12T22:05:14.251045+00:00,1000,ASB NZ,35576.72,241.12,3,True,
2026-09-12T22:05:14.251045+00:00,1000,BNZ,35531.4,253.55,4,True,
2026-09-12T22:05:14.251045+00:00,1000,KiwiBank,34802.05,453.61,5,True,
2026-09-12T22:05:14.251045+00:00,1000,OFX,34526.94,529.08,6,True,
2026-09-12T22:05:14.251045+00:00,1000,PayPal,34456.49,548.4,7,True,
2026-09-12T22:05:14.251045+00:00,5000,Wise,181149.1,61.97,1,True,
2026-09-12T22:05:14.251045+00:00,5000,ASB NZ,178598.72,201.88,2,True,
2026-09-12T22:05:14.251045+00:00,5000,Westpac NZ,177986.5,235.47,3,True,
2026-09-12T22:05:14.251045+00:00,5000,BNZ,177657.0,253.55,4,True,
2026-09-12T22:05:14.251045+00:00,5000,KiwiBank,176851.25,297.75,5,True,
2026-09-12T22:05:14.251045+00:00,5000,OFX,174312.14,437.05,6,True,
2026-09-12T22:05:14.251045+00:00,5000,PayPal,173252.64,495.18,7,True,
2026-09-12T22:05:14.251045+00:00,25000,Wise,905915.49,60.1,1,True,
2026-09-12T22:05:14.251045+00:00,25000,ASB NZ,893708.72,194.04,2,True,
2026-09-12T22:05:14.251045+00:00,25000,Westpac NZ,889932.5,235.47,3,True,
2026-09-12T22:05:14.251045+00:00,25000,BNZ,888285.0,253.55,4,True,
2026-09-12T22:05:14.251045+00:00,25000,KiwiBank,887097.25,266.58,5,True,
2026-09-12T22:05:14.251045+00:00,25000,OFX,881295.0,330.24,6,True,
2026-09-12T22:05:14.251045+00:00,25000,PayPal,867233.38,484.53,7,True,
2026-09-12T22:05:14.251045+00:00,50000,Wise,1812118.58,58.52,1,True,
2026-09-12T22:05:14.251045+00:00,50000,ASB NZ,1787596.22,193.06,2,True,
2026-09-12T22:05:14.251045+00:00,50000,Westpac NZ,1779865.0,235.47,3,True,
2026-09-12T22:05:14.251045+00:00,50000,BNZ,1776570.0,253.55,4,True,
2026-09-12T22:05:14.251045+00:00,50000,KiwiBank,1774904.75,262.68,5,True,
2026-09-12T22:05:14.251045+00:00,50000,OFX,1762590.0,330.24,6,True,
2026-09-12T23:23:01.111368+00:00,200,Wise,7205.28,117.77,1,True,
2026-09-12T23:23:01.111368+00:00,200,Westpac NZ,7119.46,235.47,2,True,
2026-09-12T23:23:01.111368+00:00,200,BNZ,7112.06,245.62,3,True,
2026-09-12T23:23:01.111368+00:00,200,ASB NZ,6972.32,437.28,4,True,
2026-09-12T23:23:01.111368+00:00,200,PayPal,6697.26,814.53,5,True,
2026-09-12T23:23:01.111368+00:00,200,KiwiBank,6392.21,1232.91,6,True,
2026-09-12T23:23:01.111368+00:00,1000,Wise,36196.4,71.13,1,True,
2026-09-12T23:23:01.111368+00:00,1000,Westpac NZ,35597.3,235.47,2,True,
2026-09-12T23:23:01.111368+00:00,1000,ASB NZ,35576.72,241.12,3,True,
2026-09-12T23:23:01.111368+00:00,1000,BNZ,35560.3,245.62,4,True,
2026-09-12T23:23:01.111368+00:00,1000,KiwiBank,34802.05,453.61,5,True,
2026-09-12T23:23:01.111368+00:00,1000,OFX,34526.94,529.08,6,True,
2026-09-12T23:23:01.111368+00:00,1000,PayPal,34456.49,548.4,7,True,
2026-09-12T23:23:01.111368+00:00,5000,Wise,181149.1,61.97,1,True,
2026-09-12T23:23:01.111368+00:00,5000,ASB NZ,178598.72,201.88,2,True,
2026-09-12T23:23:01.111368+00:00,5000,Westpac NZ,177986.5,235.47,3,True,
2026-09-12T23:23:01.111368+00:00,5000,BNZ,177801.5,245.62,4,True,
2026-09-12T23:23:01.111368+00:00,5000,KiwiBank,176851.25,297.75,5,True,
2026-09-12T23:23:01.111368+00:00,5000,OFX,174312.14,437.05,6,True,
2026-09-12T23:23:01.111368+00:00,5000,PayPal,173252.64,495.18,7,True,
2026-09-12T23:23:01.111368+00:00,25000,Wise,905915.49,60.1,1,True,
2026-09-12T23:23:01.111368+00:00,25000,ASB NZ,893708.72,194.04,2,True,
2026-09-12T23:23:01.111368+00:00,25000,Westpac NZ,889932.5,235.47,3,True,
2026-09-12T23:23:01.111368+00:00,25000,BNZ,889007.5,245.62,4,True,
2026-09-12T23:23:01.111368+00:00,25000,KiwiBank,887097.25,266.58,5,True,
2026-09-12T23:23:01.111368+00:00,25000,OFX,881295.0,330.24,6,True,
2026-09-12T23:23:01.111368+00:00,25000,PayPal,867233.38,484.53,7,True,
2026-09-12T23:23:01.111368+00:00,50000,Wise,1812118.58,58.52,1,True,
2026-09-12T23:23:01.111368+00:00,50000,ASB NZ,1787596.22,193.06,2,True,
2026-09-12T23:23:01.111368+00:00,50000,Westpac NZ,1779865.0,235.47,3,True,
2026-09-12T23:23:01.111368+00:00,50000,BNZ,1778015.0,245.62,4,True,
2026-09-12T23:23:01.111368+00:00,50000,KiwiBank,1774904.75,262.68,5,True,
2026-09-12T23:23:01.111368+00:00,50000,OFX,1762590.0,330.24,6,True,
2026-09-13T00:05:18.163315+00:00,200,Wise,7205.28,117.77,1,True,
2026-09-13T00:05:18.163315+00:00,200,Westpac NZ,7119.46,235.47,2,True,
2026-09-13T00:05:18.163315+00:00,200,BNZ,7112.06,245.62,3,True,
2026-09-13T00:05:18.163315+00:00,200,ASB NZ,6972.32,437.28,4,True,
2026-09-13T00:05:18.163315+00:00,200,PayPal,6697.26,814.53,5,True,
2026-09-13T00:05:18.163315+00:00,200,KiwiBank,6392.21,1232.91,6,True,
2026-09-13T00:05:18.163315+00:00,1000,Wise,36196.4,71.13,1,True,
2026-09-13T00:05:18.163315+00:00,1000,Westpac NZ,35597.3,235.47,2,True,
2026-09-13T00:05:18.163315+00:00,1000,ASB NZ,35576.72,241.12,3,True,
2026-09-13T00:05:18.163315+00:00,1000,BNZ,35560.3,245.62,4,True,
2026-09-13T00:05:18.163315+00:00,1000,KiwiBank,34802.05,453.61,5,True,
2026-09-13T00:05:18.163315+00:00,1000,OFX,34526.94,529.08,6,True,
2026-09-13T00:05:18.163315+00:00,1000,PayPal,34456.49,548.4,7,True,
2026-09-13T00:05:18.163315+00:00,5000,Wise,181149.1,61.97,1,True,
2026-09-13T00:05:18.163315+00:00,5000,ASB NZ,178598.72,201.88,2,True,
2026-09-13T00:05:18.163315+00:00,5000,Westpac NZ,177986.5,235.47,3,True,
2026-09-13T00:05:18.163315+00:00,5000,BNZ,177801.5,245.62,4,True,
2026-09-13T00:05:18.163315+00:00,5000,KiwiBank,176851.25,297.75,5,True,
2026-09-13T00:05:18.163315+00:00,5000,OFX,174312.14,437.05,6,True,
2026-09-13T00:05:18.163315+00:00,5000,PayPal,173252.64,495.18,7,True,
2026-09-13T00:05:18.163315+00:00,25000,Wise,905915.49,60.1,1,True,
2026-09-13T00:05:18.163315+00:00,25000,ASB NZ,893708.72,194.04,2,True,
2026-09-13T00:05:18.163315+00:00,25000,Westpac NZ,889932.5,235.47,3,True,
2026-09-13T00:05:18.163315+00:00,25000,BNZ,889007.5,245.62,4,True,
2026-09-13T00:05:18.163315+00:00,25000,KiwiBank,887097.25,266.58,5,True,
2026-09-13T00:05:18.163315+00:00,25000,OFX,881295.0,330.24,6,True,
2026-09-13T00:05:18.163315+00:00,25000,PayPal,867233.38,484.53,7,True,
2026-09-13T00:05:18.163315+00:00,50000,Wise,1812118.58,58.52,1,True,
2026-09-13T00:05:18.163315+00:00,50000,ASB NZ,1787596.22,193.06,2,True,
2026-09-13T00:05:18.163315+00:00,50000,Westpac NZ,1779865.0,235.47,3,True,
2026-09-13T00:05:18.163315+00:00,50000,BNZ,1778015.0,245.62,4,True,
2026-09-13T00:05:18.163315+00:00,50000,KiwiBank,1774904.75,262.68,5,True,
2026-09-13T00:05:18.163315+00:00,50000,OFX,1762590.0,330.24,6,True,
2026-09-13T01:05:21.803217+00:00,200,Wise,7205.28,115.75,1,True,
2026-09-13T01:05:21.803217+00:00,200,Westpac NZ,7119.46,233.48,2,True,
2026-09-13T01:05:21.803217+00:00,200,BNZ,7112.06,243.63,3,True,
2026-09-13T01:05:21.803217+00:00,200,ASB NZ,6972.32,435.33,4,True,
2026-09-13T01:05:21.803217+00:00,200,PayPal,6697.26,812.66,5,True,
2026-09-13T01:05:21.803217+00:00,200,KiwiBank,6392.21,1231.13,6,True,
2026-09-13T01:05:21.803217+00:00,1000,Wise,36196.4,69.11,1,True,
2026-09-13T01:05:21.803217+00:00,1000,Westpac NZ,35597.3,233.48,2,True,
2026-09-13T01:05:21.803217+00:00,1000,ASB NZ,35576.72,239.13,3,True,
2026-09-13T01:05:21.803217+00:00,1000,BNZ,35560.3,243.63,4,True,
2026-09-13T01:05:21.803217+00:00,1000,KiwiBank,34802.05,451.67,5,True,
2026-09-13T01:05:21.803217+00:00,1000,OFX,34526.94,527.15,6,True,
2026-09-13T01:05:21.803217+00:00,1000,PayPal,34456.49,546.48,7,True,
2026-09-13T01:05:21.803217+00:00,5000,Wise,181149.1,59.94,1,True,
2026-09-13T01:05:21.803217+00:00,5000,ASB NZ,178598.72,199.89,2,True,
2026-09-13T01:05:21.803217+00:00,5000,Westpac NZ,177986.5,233.48,3,True,
2026-09-13T01:05:21.803217+00:00,5000,BNZ,177801.5,243.63,4,True,
2026-09-13T01:05:21.803217+00:00,5000,KiwiBank,176851.25,295.78,5,True,
2026-09-13T01:05:21.803217+00:00,5000,OFX,174312.14,435.1,6,True,
2026-09-13T01:05:21.803217+00:00,5000,PayPal,173252.64,493.24,7,True,
2026-09-13T01:05:21.803217+00:00,25000,Wise,905915.49,58.08,1,True,
2026-09-13T01:05:21.803217+00:00,25000,ASB NZ,893708.72,192.04,2,True,
2026-09-13T01:05:21.803217+00:00,25000,Westpac NZ,889932.5,233.48,3,True,
2026-09-13T01:05:21.803217+00:00,25000,BNZ,889007.5,243.63,4,True,
2026-09-13T01:05:21.803217+00:00,25000,KiwiBank,887097.25,264.6,5,True,
2026-09-13T01:05:21.803217+00:00,25000,OFX,881295.0,328.28,6,True,
2026-09-13T01:05:21.803217+00:00,25000,PayPal,867233.38,482.59,7,True,
2026-09-13T01:05:21.803217+00:00,50000,Wise,1812118.58,56.5,1,True,
2026-09-13T01:05:21.803217+00:00,50000,ASB NZ,1787596.22,191.06,2,True,
2026-09-13T01:05:21.803217+00:00,50000,Westpac NZ,1779865.0,233.48,3,True,
2026-09-13T01:05:21.803217+00:00,50000,BNZ,1778015.0,243.63,4,True,
2026-09-13T01:05:21.803217+00:00,50000,KiwiBank,1774904.75,260.7,5,True,
2026-09-13T01:05:21.803217+00:00,50000,OFX,1762590.0,328.28,6,True,
2026-09-13T02:05:17.577515+00:00,200,Wise,7205.28,115.75,1,True,
2026-09-13T02:05:17.577515+00:00,200,Westpac NZ,7119.46,233.48,2,True,
2026-09-13T02:05:17.577515+00:00,200,BNZ,7112.06,243.63,3,True,
2026-09-13T02:05:17.577515+00:00,200,ASB NZ,6972.32,435.33,4,True,
2026-09-13T02:05:17.577515+00:00,200,PayPal,6697.26,812.66,5,True,
2026-09-13T02:05:17.577515+00:00,200,KiwiBank,6392.21,1231.13,6,True,
2026-09-13T02:05:17.577515+00:00,1000,Wise,36196.4,69.11,1,True,
2026-09-13T02:05:17.577515+00:00,1000,Westpac NZ,35597.3,233.48,2,True,
2026-09-13T02:05:17.577515+00:00,1000,ASB NZ,35576.72,239.13,3,True,
2026-09-13T02:05:17.577515+00:00,1000,BNZ,35560.3,243.63,4,True,
2026-09-13T02:05:17.577515+00:00,1000,KiwiBank,34802.05,451.67,5,True,
2026-09-13T02:05:17.577515+00:00,1000,OFX,34526.94,527.15,6,True,
2026-09-13T02:05:17.577515+00:00,1000,PayPal,34456.49,546.48,7,True,
2026-09-13T02:05:17.577515+00:00,5000,Wise,181149.1,59.94,1,True,
2026-09-13T02:05:17.577515+00:00,5000,ASB NZ,178598.72,199.89,2,True,
2026-09-13T02:05:17.577515+00:00,5000,Westpac NZ,177986.5,233.48,3,True,
2026-09-13T02:05:17.577515+00:00,5000,BNZ,177801.5,243.63,4,True,
2026-09-13T02:05:17.577515+00:00,5000,KiwiBank,176851.25,295.78,5,True,
2026-09-13T02:05:17.577515+00:00,5000,OFX,174312.14,435.1,6,True,
2026-09-13T02:05:17.577515+00:00,5000,PayPal,173252.64,493.24,7,True,
2026-09-13T02:05:17.577515+00:00,25000,Wise,905915.49,58.08,1,True,
2026-09-13T02:05:17.577515+00:00,25000,ASB NZ,893708.72,192.04,2,True,
2026-09-13T02:05:17.577515+00:00,25000,Westpac NZ,889932.5,233.48,3,True,
2026-09-13T02:05:17.577515+00:00,25000,BNZ,889007.5,243.63,4,True,
2026-09-13T02:05:17.577515+00:00,25000,KiwiBank,887097.25,264.6,5,True,
2026-09-13T02:05:17.577515+00:00,25000,OFX,881295.0,328.28,6,True,
2026-09-13T02:05:17.577515+00:00,25000,PayPal,867233.38,482.59,7,True,
2026-09-13T02:05:17.577515+00:00,50000,Wise,1812118.58,56.5,1,True,
2026-09-13T02:05:17.577515+00:00,50000,ASB NZ,1787596.22,191.06,2,True,
2026-09-13T02:05:17.577515+00:00,50000,Westpac NZ,1779865.0,233.48,3,True,
2026-09-13T02:05:17.577515+00:00,50000,BNZ,1778015.0,243.63,4,True,
2026-09-13T02:05:17.577515+00:00,50000,KiwiBank,1774904.75,260.7,5,True,
2026-09-13T02:05:17.577515+00:00,50000,OFX,1762590.0,328.28,6,True,
2026-09-13T03:05:16.034021+00:00,200,Wise,7205.28,115.75,1,True,
2026-09-13T03:05:16.034021+00:00,200,Westpac NZ,7119.46,233.48,2,True,
2026-09-13T03:05:16.034021+00:00,200,BNZ,7112.06,243.63,3,True,
2026-09-13T03:05:16.034021+00:00,200,ASB NZ,6972.32,435.33,4,True,
2026-09-13T03:05:16.034021+00:00,200,PayPal,6697.26,812.66,5,True,
2026-09-13T03:05:16.034021+00:00,200,KiwiBank,6392.21,1231.13,6,True,
2026-09-13T03:05:16.034021+00:00,1000,Wise,36196.4,69.11,1,True,
2026-09-13T03:05:16.034021+00:00,1000,Westpac NZ,35597.3,233.48,2,True,
2026-09-13T03:05:16.034021+00:00,1000,ASB NZ,35576.72,239.13,3,True,
2026-09-13T03:05:16.034021+00:00,1000,BNZ,35560.3,243.63,4,True,
2026-09-13T03:05:16.034021+00:00,1000,KiwiBank,34802.05,451.67,5,True,
2026-09-13T03:05:16.034021+00:00,1000,OFX,34526.94,527.15,6,True,
2026-09-13T03:05:16.034021+00:00,1000,PayPal,34456.49,546.48,7,True,
2026-09-13T03:05:16.034021+00:00,5000,Wise,181149.1,59.94,1,True,
2026-09-13T03:05:16.034021+00:00,5000,ASB NZ,178598.72,199.89,2,True,
2026-09-13T03:05:16.034021+00:00,5000,Westpac NZ,177986.5,233.48,3,True,
2026-09-13T03:05:16.034021+00:00,5000,BNZ,177801.5,243.63,4,True,
2026-09-13T03:05:16.034021+00:00,5000,KiwiBank,176851.25,295.78,5,True,
2026-09-13T03:05:16.034021+00:00,5000,OFX,174312.14,435.1,6,True,
2026-09-13T03:05:16.034021+00:00,5000,PayPal,173252.64,493.24,7,True,
2026-09-13T03:05:16.034021+00:00,25000,Wise,905915.49,58.08,1,True,
2026-09-13T03:05:16.034021+00:00,25000,ASB NZ,893708.72,192.04,2,True,
2026-09-13T03:05:16.034021+00:00,25000,Westpac NZ,889932.5,233.48,3,True,
2026-09-13T03:05:16.034021+00:00,25000,BNZ,889007.5,243.63,4,True,
2026-09-13T03:05:16.034021+00:00,25000,KiwiBank,887097.25,264.6,5,True,
2026-09-13T03:05:16.034021+00:00,25000,OFX,881295.0,328.28,6,True,
2026-09-13T03:05:16.034021+00:00,25000,PayPal,867233.38,482.59,7,True,
2026-09-13T03:05:16.034021+00:00,50000,Wise,1812118.58,56.5,1,True,
2026-09-13T03:05:16.034021+00:00,50000,ASB NZ,1787596.22,191.06,2,True,
2026-09-13T03:05:16.034021+00:00,50000,Westpac NZ,1779865.0,233.48,3,True,
2026-09-13T03:05:16.034021+00:00,50000,BNZ,1778015.0,243.63,4,True,
2026-09-13T03:05:16.034021+00:00,50000,KiwiBank,1774904.75,260.7,5,True,
2026-09-13T03:05:16.034021+00:00,50000,OFX,1762590.0,328.28,6,True,
2026-09-13T04:05:17.782663+00:00,200,Wise,7205.28,115.75,1,True,
2026-09-13T04:05:17.782663+00:00,200,Westpac NZ,7119.46,233.48,2,True,
2026-09-13T04:05:17.782663+00:00,200,BNZ,7112.06,243.63,3,True,
2026-09-13T04:05:17.782663+00:00,200,ASB NZ,6972.32,435.33,4,True,
2026-09-13T04:05:17.782663+00:00,200,PayPal,6697.26,812.66,5,True,
2026-09-13T04:05:17.782663+00:00,200,KiwiBank,6392.21,1231.13,6,True,
2026-09-13T04:05:17.782663+00:00,1000,Wise,36196.4,69.11,1,True,
2026-09-13T04:05:17.782663+00:00,1000,Westpac NZ,35597.3,233.48,2,True,
2026-09-13T04:05:17.782663+00:00,1000,ASB NZ,35576.72,239.13,3,True,
2026-09-13T04:05:17.782663+00:00,1000,BNZ,35560.3,243.63,4,True,
2026-09-13T04:05:17.782663+00:00,1000,KiwiBank,34802.05,451.67,5,True,
2026-09-13T04:05:17.782663+00:00,1000,OFX,34526.94,527.15,6,True,
2026-09-13T04:05:17.782663+00:00,1000,PayPal,34456.49,546.48,7,True,
2026-09-13T04:05:17.782663+00:00,5000,Wise,181149.1,59.94,1,True,
2026-09-13T04:05:17.782663+00:00,5000,ASB NZ,178598.72,199.89,2,True,
2026-09-13T04:05:17.782663+00:00,5000,Westpac NZ,177986.5,233.48,3,True,
2026-09-13T04:05:17.782663+00:00,5000,BNZ,177801.5,243.63,4,True,
2026-09-13T04:05:17.782663+00:00,5000,KiwiBank,176851.25,295.78,5,True,
2026-09-13T04:05:17.782663+00:00,5000,OFX,174312.14,435.1,6,True,
2026-09-13T04:05:17.782663+00:00,5000,PayPal,173252.64,493.24,7,True,
2026-09-13T04:05:17.782663+00:00,25000,Wise,905915.49,58.08,1,True,
2026-09-13T04:05:17.782663+00:00,25000,ASB NZ,893708.72,192.04,2,True,
2026-09-13T04:05:17.782663+00:00,25000,Westpac NZ,889932.5,233.48,3,True,
2026-09-13T04:05:17.782663+00:00,25000,BNZ,889007.5,243.63,4,True,
2026-09-13T04:05:17.782663+00:00,25000,KiwiBank,887097.25,264.6,5,True,
2026-09-13T04:05:17.782663+00:00,25000,OFX,881295.0,328.28,6,True,
2026-09-13T04:05:17.782663+00:00,25000,PayPal,867233.38,482.59,7,True,
2026-09-13T04:05:17.782663+00:00,50000,Wise,1812118.58,56.5,1,True,
2026-09-13T04:05:17.782663+00:00,50000,ASB NZ,1787596.22,191.06,2,True,
2026-09-13T04:05:17.782663+00:00,50000,Westpac NZ,1779865.0,233.48,3,True,
2026-09-13T04:05:17.782663+00:00,50000,BNZ,1778015.0,243.63,4,True,
2026-09-13T04:05:17.782663+00:00,50000,KiwiBank,1774904.75,260.7,5,True,
2026-09-13T04:05:17.782663+00:00,50000,OFX,1762590.0,328.28,6,True,
2026-09-13T05:05:15.920466+00:00,200,Wise,7205.28,115.75,1,True,
2026-09-13T05:05:15.920466+00:00,200,Westpac NZ,7119.46,233.48,2,True,
2026-09-13T05:05:15.920466+00:00,200,BNZ,7112.06,243.63,3,True,
2026-09-13T05:05:15.920466+00:00,200,ASB NZ,6972.32,435.33,4,True,
2026-09-13T05:05:15.920466+00:00,200,PayPal,6697.26,812.66,5,True,
2026-09-13T05:05:15.920466+00:00,200,KiwiBank,6392.21,1231.13,6,True,
2026-09-13T05:05:15.920466+00:00,1000,Wise,36196.4,69.11,1,True,
2026-09-13T05:05:15.920466+00:00,1000,Westpac NZ,35597.3,233.48,2,True,
2026-09-13T05:05:15.920466+00:00,1000,ASB NZ,35576.72,239.13,3,True,
2026-09-13T05:05:15.920466+00:00,1000,BNZ,35560.3,243.63,4,True,
2026-09-13T05:05:15.920466+00:00,1000,KiwiBank,34802.05,451.67,5,True,
2026-09-13T05:05:15.920466+00:00,1000,OFX,34526.94,527.15,6,True,
2026-09-13T05:05:15.920466+00:00,1000,PayPal,34456.49,546.48,7,True,
2026-09-13T05:05:15.920466+00:00,5000,Wise,181149.1,59.94,1,True,
2026-09-13T05:05:15.920466+00:00,5000,ASB NZ,178598.72,199.89,2,True,
2026-09-13T05:05:15.920466+00:00,5000,Westpac NZ,177986.5,233.48,3,True,
2026-09-13T05:05:15.920466+00:00,5000,BNZ,177801.5,243.63,4,True,
2026-09-13T05:05:15.920466+00:00,5000,KiwiBank,176851.25,295.78,5,True,
2026-09-13T05:05:15.920466+00:00,5000,OFX,174312.14,435.1,6,True,
2026-09-13T05:05:15.920466+00:00,5000,PayPal,173252.64,493.24,7,True,
2026-09-13T05:05:15.920466+00:00,25000,Wise,905915.49,58.08,1,True,
2026-09-13T05:05:15.920466+00:00,25000,ASB NZ,893708.72,192.04,2,True,
2026-09-13T05:05:15.920466+00:00,25000,Westpac NZ,889932.5,233.48,3,True,
2026-09-13T05:05:15.920466+00:00,25000,BNZ,889007.5,243.63,4,True,
2026-09-13T05:05:15.920466+00:00,25000,KiwiBank,887097.25,264.6,5,True,
2026-09-13T05:05:15.920466+00:00,25000,OFX,881295.0,328.28,6,True,
2026-09-13T05:05:15.920466+00:00,25000,PayPal,867233.38,482.59,7,True,
2026-09-13T05:05:15.920466+00:00,50000,Wise,1812118.58,56.5,1,True,
2026-09-13T05:05:15.920466+00:00,50000,ASB NZ,1787596.22,191.06,2,True,
2026-09-13T05:05:15.920466+00:00,50000,Westpac NZ,1779865.0,233.48,3,True,
2026-09-13T05:05:15.920466+00:00,50000,BNZ,1778015.0,243.63,4,True,
2026-09-13T05:05:15.920466+00:00,50000,KiwiBank,1774904.75,260.7,5,True,
2026-09-13T05:05:15.920466+00:00,50000,OFX,1762590.0,328.28,6,True,
2026-09-14T02:30:45.009809+00:00,200,Wise,7203.18,112.58,1,True,
2026-09-14T02:30:45.009809+00:00,200,BNZ,7161.42,169.9,2,True,
2026-09-14T02:30:45.009809+00:00,200,Westpac NZ,7101.98,251.49,3,True,
2026-09-14T02:30:45.009809+00:00,200,ASB NZ,6966.03,438.1,4,True,
2026-09-14T02:30:45.009809+00:00,200,PayPal,6701.97,800.56,5,True,
2026-09-14T02:30:45.009809+00:00,200,KiwiBank,6396.18,1220.31,6,True,
2026-09-14T02:30:45.009809+00:00,1000,Wise,36185.86,65.92,1,True,
2026-09-14T02:30:45.009809+00:00,1000,BNZ,35807.08,169.91,2,True,
2026-09-14T02:30:45.009809+00:00,1000,ASB NZ,35544.61,241.96,3,True,
2026-09-14T02:30:45.009809+00:00,1000,Westpac NZ,35509.88,251.5,4,True,
2026-09-14T02:30:45.009809+00:00,1000,KiwiBank,34823.64,439.89,5,True,
2026-09-14T02:30:45.009809+00:00,1000,OFX,34710.03,471.08,6,True,
2026-09-14T02:30:45.009809+00:00,1000,PayPal,34480.74,534.03,7,True,
2026-09-14T02:30:45.009809+00:00,5000,Wise,181096.35,56.75,1,True,
2026-09-14T02:30:45.009809+00:00,5000,BNZ,179035.42,169.91,2,True,
2026-09-14T02:30:45.009809+00:00,5000,ASB NZ,178437.53,202.73,3,True,
2026-09-14T02:30:45.009809+00:00,5000,Westpac NZ,177549.38,251.5,4,True,
2026-09-14T02:30:45.009809+00:00,5000,KiwiBank,176960.93,283.81,5,True,
2026-09-14T02:30:45.009809+00:00,5000,OFX,175236.47,378.49,6,True,
2026-09-14T02:30:45.009809+00:00,5000,PayPal,173374.58,480.72,7,True,
2026-09-14T02:30:45.009809+00:00,25000,Wise,905651.72,54.88,1,True,
2026-09-14T02:30:45.009809+00:00,25000,BNZ,895177.11,169.91,2,True,
2026-09-14T02:30:45.009809+00:00,25000,ASB NZ,892902.13,194.89,3,True,
2026-09-14T02:30:45.009809+00:00,25000,Westpac NZ,887746.88,251.5,4,True,
2026-09-14T02:30:45.009809+00:00,25000,KiwiBank,887647.37,252.59,5,True,
2026-09-14T02:30:45.009809+00:00,25000,OFX,885968.13,271.03,6,True,
2026-09-14T02:30:45.009809+00:00,25000,PayPal,867843.76,470.06,7,True,
2026-09-14T02:30:45.009809+00:00,50000,Wise,1811585.12,53.34,1,True,
2026-09-14T02:30:45.009809+00:00,50000,BNZ,1790354.22,169.91,2,True,
2026-09-14T02:30:45.009809+00:00,50000,ASB NZ,1785982.88,193.91,3,True,
2026-09-14T02:30:45.009809+00:00,50000,KiwiBank,1776005.43,248.69,4,True,
2026-09-14T02:30:45.009809+00:00,50000,Westpac NZ,1775493.77,251.5,5,True,
2026-09-14T02:30:45.009809+00:00,50000,OFX,1771936.27,271.03,6,True,
2026-09-14T03:05:19.763565+00:00,200,Wise,7195.86,122.63,1,True,
2026-09-14T03:05:19.763565+00:00,200,BNZ,7141.69,196.98,2,True,
2026-09-14T03:05:19.763565+00:00,200,Westpac NZ,7086.78,272.36,3,True,
2026-09-14T03:05:19.763565+00:00,200,ASB NZ,6966.31,437.72,4,True,
2026-09-14T03:05:19.763565+00:00,200,PayPal,6691.6,814.8,5,True,
2026-09-14T03:05:19.763565+00:00,200,KiwiBank,6393.89,1223.45,6,True,
2026-09-14T03:05:19.763565+00:00,1000,Wise,36152.15,75.17,1,True,
2026-09-14T03:05:19.763565+00:00,1000,BNZ,35708.47,196.98,2,True,
2026-09-14T03:05:19.763565+00:00,1000,ASB NZ,35546.04,241.57,3,True,
2026-09-14T03:05:19.763565+00:00,1000,Westpac NZ,35433.91,272.35,4,True,
2026-09-14T03:05:19.763565+00:00,1000,KiwiBank,34811.2,443.31,5,True,
2026-09-14T03:05:19.763565+00:00,1000,OFX,34635.55,491.53,6,True,
2026-09-14T03:05:19.763565+00:00,1000,PayPal,34427.35,548.68,7,True,
2026-09-14T03:05:19.763565+00:00,5000,Wise,180912.24,66.86,1,True,
2026-09-14T03:05:19.763565+00:00,5000,BNZ,178542.36,196.98,2,True,
2026-09-14T03:05:19.763565+00:00,5000,ASB NZ,178444.67,202.34,3,True,
2026-09-14T03:05:19.763565+00:00,5000,Westpac NZ,177169.53,272.35,4,True,
2026-09-14T03:05:19.763565+00:00,5000,KiwiBank,176897.72,287.28,5,True,
2026-09-14T03:05:19.763565+00:00,5000,OFX,174860.45,399.14,6,True,
2026-09-14T03:05:19.763565+00:00,5000,PayPal,173106.1,495.46,7,True,
2026-09-14T03:05:19.763565+00:00,25000,Wise,904730.99,64.99,1,True,
2026-09-14T03:05:19.763565+00:00,25000,ASB NZ,892937.85,194.5,2,True,
2026-09-14T03:05:19.763565+00:00,25000,BNZ,892711.82,196.98,3,True,
2026-09-14T03:05:19.763565+00:00,25000,KiwiBank,887330.34,256.07,4,True,
2026-09-14T03:05:19.763565+00:00,25000,Westpac NZ,885847.63,272.35,5,True,
2026-09-14T03:05:19.763565+00:00,25000,OFX,884069.13,291.88,6,True,
2026-09-14T03:05:19.763565+00:00,25000,PayPal,866499.88,484.82,7,True,
2026-09-14T03:05:19.763565+00:00,50000,Wise,1809741.58,63.46,1,True,
2026-09-14T03:05:19.763565+00:00,50000,ASB NZ,1786054.32,193.51,2,True,
2026-09-14T03:05:19.763565+00:00,50000,BNZ,1785423.63,196.98,3,True,
2026-09-14T03:05:19.763565+00:00,50000,KiwiBank,1775371.11,252.17,4,True,
2026-09-14T03:05:19.763565+00:00,50000,Westpac NZ,1771695.26,272.35,5,True,
2026-09-14T03:05:19.763565+00:00,50000,OFX,1768138.27,291.88,6,True,
2026-09-14T04:05:19.063393+00:00,200,Wise,7195.74,122.79,1,True,
2026-09-14T04:05:19.063393+00:00,200,BNZ,7140.34,198.84,2,True,
2026-09-14T04:05:19.063393+00:00,200,Westpac NZ,7080.65,280.77,3,True,
2026-09-14T04:05:19.063393+00:00,200,ASB NZ,6958.31,448.7,4,True,
2026-09-14T04:05:19.063393+00:00,200,PayPal,6694.08,811.39,5,True,
2026-09-14T04:05:19.063393+00:00,200,KiwiBank,6389.17,1229.93,6,True,
2026-09-14T04:05:19.063393+00:00,1000,Wise,36148.48,76.18,1,True,
2026-09-14T04:05:19.063393+00:00,1000,BNZ,35701.71,198.83,2,True,
2026-09-14T04:05:19.063393+00:00,1000,ASB NZ,35505.24,252.77,3,True,
2026-09-14T04:05:19.063393+00:00,1000,Westpac NZ,35403.25,280.77,4,True,
2026-09-14T04:05:19.063393+00:00,1000,KiwiBank,34785.5,450.36,5,True,
2026-09-14T04:05:19.063393+00:00,1000,OFX,34606.41,499.53,6,True,
2026-09-14T04:05:19.063393+00:00,1000,PayPal,34440.1,545.18,7,True,
2026-09-14T04:05:19.063393+00:00,5000,Wise,180909.26,67.02,1,True,
2026-09-14T04:05:19.063393+00:00,5000,BNZ,178508.54,198.83,2,True,
2026-09-14T04:05:19.063393+00:00,5000,ASB NZ,178239.89,213.58,3,True,
2026-09-14T04:05:19.063393+00:00,5000,Westpac NZ,177016.25,280.77,4,True,
2026-09-14T04:05:19.063393+00:00,5000,KiwiBank,176767.12,294.45,5,True,
2026-09-14T04:05:19.063393+00:00,5000,OFX,174713.33,407.21,6,True,
2026-09-14T04:05:19.063393+00:00,5000,PayPal,173170.22,491.94,7,True,
2026-09-14T04:05:19.063393+00:00,25000,Wise,904716.06,65.16,1,True,
2026-09-14T04:05:19.063393+00:00,25000,BNZ,892542.7,198.83,2,True,
2026-09-14T04:05:19.063393+00:00,25000,ASB NZ,891913.12,205.75,3,True,
2026-09-14T04:05:19.063393+00:00,25000,KiwiBank,886675.25,263.27,4,True,
2026-09-14T04:05:19.063393+00:00,25000,Westpac NZ,885081.25,280.77,5,True,
2026-09-14T04:05:19.063393+00:00,25000,OFX,883324.59,300.06,6,True,
2026-09-14T04:05:19.063393+00:00,25000,PayPal,866820.82,481.29,7,True,
2026-09-14T04:05:19.063393+00:00,50000,Wise,1809710.98,63.63,1,True,
2026-09-14T04:05:19.063393+00:00,50000,BNZ,1785085.4,198.83,2,True,
2026-09-14T04:05:19.063393+00:00,50000,ASB NZ,1784004.66,204.77,3,True,
2026-09-14T04:05:19.063393+00:00,50000,KiwiBank,1774060.4,259.37,4,True,
2026-09-14T04:05:19.063393+00:00,50000,Westpac NZ,1770162.5,280.77,5,True,
2026-09-14T04:05:19.063393+00:00,50000,OFX,1766649.18,300.06,6,True,
2026-09-14T07:06:35.602712+00:00,200,Wise,7191.74,128.28,1,True,
2026-09-14T07:06:35.602712+00:00,200,BNZ,7131.7,210.7,2,True,
2026-09-14T07:06:35.602712+00:00,200,Westpac NZ,7070.85,294.22,3,True,
2026-09-14T07:06:35.602712+00:00,200,ASB NZ,6957.17,450.26,4,True,
2026-09-14T07:06:35.602712+00:00,200,PayPal,6689.27,818.0,5,True,
2026-09-14T07:06:35.602712+00:00,200,KiwiBank,6381.03,1241.1,6,True,
2026-09-14T07:06:35.602712+00:00,1000,Wise,36133.36,80.33,1,True,
2026-09-14T07:06:35.602712+00:00,1000,BNZ,35658.5,210.7,2,True,
2026-09-14T07:06:35.602712+00:00,1000,ASB NZ,35499.4,254.37,3,True,
2026-09-14T07:06:35.602712+00:00,1000,Westpac NZ,35354.26,294.22,4,True,
2026-09-14T07:06:35.602712+00:00,1000,KiwiBank,34741.14,462.54,5,True,
2026-09-14T07:06:35.602712+00:00,1000,OFX,34584.62,505.51,6,True,
2026-09-14T07:06:35.602712+00:00,1000,PayPal,34415.37,551.97,7,True,
2026-09-14T07:06:35.602712+00:00,5000,Wise,180808.74,72.54,1,True,
2026-09-14T07:06:35.602712+00:00,5000,BNZ,178292.48,210.7,2,True,
2026-09-14T07:06:35.602712+00:00,5000,ASB NZ,178210.56,215.2,3,True,
2026-09-14T07:06:35.602712+00:00,5000,Westpac NZ,176771.29,294.22,4,True,
2026-09-14T07:06:35.602712+00:00,5000,KiwiBank,176541.72,306.82,5,True,
2026-09-14T07:06:35.602712+00:00,5000,OFX,174603.33,413.25,6,True,
2026-09-14T07:06:35.602712+00:00,5000,PayPal,173045.88,498.77,7,True,
2026-09-14T07:06:35.602712+00:00,25000,Wise,904213.4,70.68,1,True,
2026-09-14T07:06:35.602712+00:00,25000,ASB NZ,891766.35,207.36,2,True,
2026-09-14T07:06:35.602712+00:00,25000,BNZ,891462.38,210.7,3,True,
2026-09-14T07:06:35.602712+00:00,25000,KiwiBank,885544.61,275.68,4,True,
2026-09-14T07:06:35.602712+00:00,25000,Westpac NZ,883856.47,294.22,5,True,
2026-09-14T07:06:35.602712+00:00,25000,OFX,882767.77,306.17,6,True,
2026-09-14T07:06:35.602712+00:00,25000,PayPal,866198.45,488.13,7,True,
2026-09-14T07:06:35.602712+00:00,50000,Wise,1808705.14,69.15,1,True,
2026-09-14T07:06:35.602712+00:00,50000,ASB NZ,1783711.09,206.38,2,True,
2026-09-14T07:06:35.602712+00:00,50000,BNZ,1782924.77,210.7,3,True,
2026-09-14T07:06:35.602712+00:00,50000,KiwiBank,1771798.21,271.79,4,True,
2026-09-14T07:06:35.602712+00:00,50000,Westpac NZ,1767712.94,294.22,5,True,
2026-09-14T07:06:35.602712+00:00,50000,OFX,1765535.55,306.17,6,True,
2026-09-14T08:05:22.033058+00:00,200,Wise,7187.03,134.75,1,True,
2026-09-14T08:05:22.033058+00:00,200,BNZ,7129.56,213.63,2,True,
2026-09-14T08:05:22.033058+00:00,200,Westpac NZ,7078.33,283.95,3,True,
2026-09-14T08:05:22.033058+00:00,200,ASB NZ,6950.97,458.77,4,True,
2026-09-14T08:05:22.033058+00:00,200,PayPal,6696.34,808.29,5,True,
2026-09-14T08:05:22.033058+00:00,200,KiwiBank,6386.01,1234.27,6,True,
2026-09-14T08:05:22.033058+00:00,1000,Wise,36104.73,88.19,1,True,
2026-09-14T08:05:22.033058+00:00,1000,BNZ,35647.79,213.64,2,True,
2026-09-14T08:05:22.033058+00:00,1000,ASB NZ,35467.78,263.05,3,True,
2026-09-14T08:05:22.033058+00:00,1000,Westpac NZ,35391.63,283.96,4,True,
2026-09-14T08:05:22.033058+00:00,1000,KiwiBank,34768.26,455.09,5,True,
2026-09-14T08:05:22.033058+00:00,1000,OFX,34586.5,504.99,6,True,
2026-09-14T08:05:22.033058+00:00,1000,PayPal,34451.75,541.98,7,True,
2026-09-14T08:05:22.033058+00:00,5000,Wise,180690.31,79.04,1,True,
2026-09-14T08:05:22.033058+00:00,5000,BNZ,178238.96,213.64,2,True,
2026-09-14T08:05:22.033058+00:00,5000,ASB NZ,178051.83,223.91,3,True,
2026-09-14T08:05:22.033058+00:00,5000,Westpac NZ,176958.13,283.96,4,True,
2026-09-14T08:05:22.033058+00:00,5000,KiwiBank,176679.52,299.26,5,True,
2026-09-14T08:05:22.033058+00:00,5000,OFX,174612.82,412.73,6,True,
2026-09-14T08:05:22.033058+00:00,5000,PayPal,173228.79,488.72,7,True,
2026-09-14T08:05:22.033058+00:00,25000,Wise,903621.15,77.18,1,True,
2026-09-14T08:05:22.033058+00:00,25000,BNZ,891194.79,213.64,2,True,
2026-09-14T08:05:22.033058+00:00,25000,ASB NZ,890972.07,216.08,3,True,
2026-09-14T08:05:22.033058+00:00,25000,KiwiBank,886235.82,268.09,4,True,
2026-09-14T08:05:22.033058+00:00,25000,Westpac NZ,884790.67,283.96,5,True,
2026-09-14T08:05:22.033058+00:00,25000,OFX,882815.94,305.65,6,True,
2026-09-14T08:05:22.033058+00:00,25000,PayPal,867113.98,478.07,7,True,
2026-09-14T08:05:22.033058+00:00,50000,Wise,1807519.01,75.66,1,True,
2026-09-14T08:05:22.033058+00:00,50000,BNZ,1782389.58,213.64,2,True,
2026-09-14T08:05:22.033058+00:00,50000,ASB NZ,1782122.37,215.1,3,True,
2026-09-14T08:05:22.033058+00:00,50000,KiwiBank,1773181.19,264.2,4,True,
2026-09-14T08:05:22.033058+00:00,50000,Westpac NZ,1769581.34,283.96,5,True,
2026-09-14T08:05:22.033058+00:00,50000,OFX,1765631.89,305.65,6,True,
2026-09-14T09:05:22.014806+00:00,200,Wise,7187.25,134.45,1,True,
2026-09-14T09:05:22.014806+00:00,200,BNZ,7131.02,211.63,2,True,
2026-09-14T09:05:22.014806+00:00,200,Westpac NZ,7081.8,279.19,3,True,
2026-09-14T09:05:22.014806+00:00,200,ASB NZ,6954.38,454.09,4,True,
2026-09-14T09:05:22.014806+00:00,200,PayPal,6699.42,804.06,5,True,
2026-09-14T09:05:22.014806+00:00,200,KiwiBank,6378.27,1244.89,6,True,
2026-09-14T09:05:22.014806+00:00,1000,Wise,36105.82,87.89,1,True,
2026-09-14T09:05:22.014806+00:00,1000,BNZ,35655.08,211.64,2,True,
2026-09-14T09:05:22.014806+00:00,1000,ASB NZ,35485.17,258.28,3,True,
2026-09-14T09:05:22.014806+00:00,1000,Westpac NZ,35408.98,279.2,4,True,
2026-09-14T09:05:22.014806+00:00,1000,KiwiBank,34726.12,466.66,5,True,
2026-09-14T09:05:22.014806+00:00,1000,OFX,34563.07,511.42,6,True,
2026-09-14T09:05:22.014806+00:00,1000,PayPal,34467.59,537.64,7,True,
2026-09-14T09:05:22.014806+00:00,5000,Wise,180695.79,78.74,1,True,
2026-09-14T09:05:22.014806+00:00,5000,BNZ,178275.41,211.63,2,True,
2026-09-14T09:05:22.014806+00:00,5000,ASB NZ,178139.11,219.12,3,True,
2026-09-14T09:05:22.014806+00:00,5000,Westpac NZ,177044.88,279.2,4,True,
2026-09-14T09:05:22.014806+00:00,5000,KiwiBank,176465.36,311.02,5,True,
2026-09-14T09:05:22.014806+00:00,5000,OFX,174494.54,419.23,6,True,
2026-09-14T09:05:22.014806+00:00,5000,PayPal,173308.45,484.35,7,True,
2026-09-14T09:05:22.014806+00:00,25000,Wise,903648.52,76.88,1,True,
2026-09-14T09:05:22.014806+00:00,25000,ASB NZ,891408.81,211.29,2,True,
2026-09-14T09:05:22.014806+00:00,25000,BNZ,891377.06,211.63,3,True,
2026-09-14T09:05:22.014806+00:00,25000,Westpac NZ,885224.38,279.2,4,True,
2026-09-14T09:05:22.014806+00:00,25000,KiwiBank,885161.59,279.89,5,True,
2026-09-14T09:05:22.014806+00:00,25000,OFX,882216.61,312.23,6,True,
2026-09-14T09:05:22.014806+00:00,25000,PayPal,867512.75,473.69,7,True,
2026-09-14T09:05:22.014806+00:00,50000,Wise,1807572.31,75.37,1,True,
2026-09-14T09:05:22.014806+00:00,50000,ASB NZ,1782995.94,210.31,2,True,
2026-09-14T09:05:22.014806+00:00,50000,BNZ,1782754.12,211.63,3,True,
2026-09-14T09:05:22.014806+00:00,50000,KiwiBank,1771031.88,276.0,4,True,
2026-09-14T09:05:22.014806+00:00,50000,Westpac NZ,1770448.76,279.2,5,True,
2026-09-14T09:05:22.014806+00:00,50000,OFX,1764433.22,312.23,6,True,
2026-09-14T10:05:22.727705+00:00,200,Wise,7180.1,144.26,1,True,
2026-09-14T10:05:22.727705+00:00,200,BNZ,7124.52,220.55,2,True,
2026-09-14T10:05:22.727705+00:00,200,Westpac NZ,7072.67,291.72,3,True,
2026-09-14T10:05:22.727705+00:00,200,ASB NZ,6941.22,472.16,4,True,
2026-09-14T10:05:22.727705+00:00,200,PayPal,6690.99,815.64,5,True,
2026-09-14T10:05:22.727705+00:00,200,KiwiBank,6372.02,1253.47,6,True,
2026-09-14T10:05:22.727705+00:00,1000,Wise,36069.93,97.75,1,True,
2026-09-14T10:05:22.727705+00:00,1000,BNZ,35622.62,220.55,2,True,
2026-09-14T10:05:22.727705+00:00,1000,ASB NZ,35418.02,276.72,3,True,
2026-09-14T10:05:22.727705+00:00,1000,Westpac NZ,35363.36,291.72,4,True,
2026-09-14T10:05:22.727705+00:00,1000,KiwiBank,34692.12,476.0,5,True,
2026-09-14T10:05:22.727705+00:00,1000,OFX,34443.49,544.25,6,True,
2026-09-14T10:05:22.727705+00:00,1000,PayPal,34424.23,549.54,7,True,
2026-09-14T10:05:22.727705+00:00,5000,Wise,180516.16,88.6,1,True,
2026-09-14T10:05:22.727705+00:00,5000,BNZ,178113.08,220.55,2,True,
2026-09-14T10:05:22.727705+00:00,5000,ASB NZ,177802.03,237.63,3,True,
2026-09-14T10:05:22.727705+00:00,5000,Westpac NZ,176816.79,291.72,4,True,
2026-09-14T10:05:22.727705+00:00,5000,KiwiBank,176292.62,320.5,5,True,
2026-09-14T10:05:22.727705+00:00,5000,OFX,173890.8,452.38,6,True,
2026-09-14T10:05:22.727705+00:00,5000,PayPal,173090.42,496.32,7,True,
2026-09-14T10:05:22.727705+00:00,25000,Wise,902750.2,86.74,1,True,
2026-09-14T10:05:22.727705+00:00,25000,BNZ,890565.38,220.55,2,True,
2026-09-14T10:05:22.727705+00:00,25000,ASB NZ,889722.08,229.81,3,True,
2026-09-14T10:05:22.727705+00:00,25000,KiwiBank,884295.09,289.4,4,True,
2026-09-14T10:05:22.727705+00:00,25000,Westpac NZ,884083.95,291.72,5,True,
2026-09-14T10:05:22.727705+00:00,25000,OFX,879166.06,345.73,6,True,
2026-09-14T10:05:22.727705+00:00,25000,PayPal,866421.38,485.68,7,True,
2026-09-14T10:05:22.727705+00:00,50000,Wise,1805775.02,85.24,1,True,
2026-09-14T10:05:22.727705+00:00,50000,BNZ,1781130.76,220.55,2,True,
2026-09-14T10:05:22.727705+00:00,50000,ASB NZ,1779622.14,228.83,3,True,
2026-09-14T10:05:22.727705+00:00,50000,KiwiBank,1769298.18,285.52,4,True,
2026-09-14T10:05:22.727705+00:00,50000,Westpac NZ,1768167.91,291.72,5,True,
2026-09-14T10:05:22.727705+00:00,50000,OFX,1758332.12,345.73,6,True,
2026-09-14T11:05:23.880062+00:00,200,Wise,7187.33,134.34,1,True,
2026-09-14T11:05:23.880062+00:00,200,BNZ,7130.77,211.97,2,True,
2026-09-14T11:05:23.880062+00:00,200,Westpac NZ,7080.74,280.65,3,True,
2026-09-14T11:05:23.880062+00:00,200,ASB NZ,6949.31,461.05,4,True,
2026-09-14T11:05:23.880062+00:00,200,PayPal,6698.99,804.65,5,True,
2026-09-14T11:05:23.880062+00:00,200,KiwiBank,6383.19,1238.14,6,True,
2026-09-14T11:05:23.880062+00:00,1000,Wise,36106.22,87.78,1,True,
2026-09-14T11:05:23.880062+00:00,1000,BNZ,35653.83,211.98,2,True,
2026-09-14T11:05:23.880062+00:00,1000,ASB NZ,35459.32,265.38,3,True,
2026-09-14T11:05:23.880062+00:00,1000,Westpac NZ,35403.71,280.64,4,True,
2026-09-14T11:05:23.880062+00:00,1000,KiwiBank,34752.93,459.3,5,True,
2026-09-14T11:05:23.880062+00:00,1000,OFX,34511.67,525.53,6,True,
2026-09-14T11:05:23.880062+00:00,1000,PayPal,34465.41,538.23,7,True,
2026-09-14T11:05:23.880062+00:00,5000,Wise,180697.78,78.63,1,True,
2026-09-14T11:05:23.880062+00:00,5000,BNZ,178269.14,211.98,2,True,
2026-09-14T11:05:23.880062+00:00,5000,ASB NZ,178009.34,226.24,3,True,
2026-09-14T11:05:23.880062+00:00,5000,Westpac NZ,177018.57,280.64,4,True,
2026-09-14T11:05:23.880062+00:00,5000,KiwiBank,176601.65,303.53,5,True,
2026-09-14T11:05:23.880062+00:00,5000,OFX,174235.03,433.48,6,True,
2026-09-14T11:05:23.880062+00:00,5000,PayPal,173297.49,484.95,7,True,
2026-09-14T11:05:23.880062+00:00,25000,Wise,903658.48,76.77,1,True,
2026-09-14T11:05:23.880062+00:00,25000,BNZ,891345.69,211.98,2,True,
2026-09-14T11:05:23.880062+00:00,25000,ASB NZ,890759.47,218.42,3,True,
2026-09-14T11:05:23.880062+00:00,25000,KiwiBank,885845.2,272.38,4,True,
2026-09-14T11:05:23.880062+00:00,25000,Westpac NZ,885092.83,280.64,5,True,
2026-09-14T11:05:23.880062+00:00,25000,OFX,880905.49,326.62,6,True,
2026-09-14T11:05:23.880062+00:00,25000,PayPal,867457.88,474.3,7,True,
2026-09-14T11:05:23.880062+00:00,50000,Wise,1807592.94,75.25,1,True,
2026-09-14T11:05:23.880062+00:00,50000,BNZ,1782691.37,211.98,2,True,
2026-09-14T11:05:23.880062+00:00,50000,ASB NZ,1781697.13,217.44,3,True,
2026-09-14T11:05:23.880062+00:00,50000,KiwiBank,1772399.65,268.49,4,True,
2026-09-14T11:05:23.880062+00:00,50000,Westpac NZ,1770185.66,280.64,5,True,
2026-09-14T11:05:23.880062+00:00,50000,OFX,1761810.97,326.62,6,True,
2026-09-14T12:05:23.540730+00:00,200,Wise,7181.78,141.95,1,True,
2026-09-14T12:05:23.540730+00:00,200,BNZ,7123.27,222.27,2,True,
2026-09-14T12:05:23.540730+00:00,200,Westpac NZ,7072.26,292.29,3,True,
2026-09-14T12:05:23.540730+00:00,200,ASB NZ,6940.44,473.23,4,True,
2026-09-14T12:05:23.540730+00:00,200,PayPal,6690.6,816.17,5,True,
2026-09-14T12:05:23.540730+00:00,200,KiwiBank,6378.76,1244.22,6,True,
2026-09-14T12:05:23.540730+00:00,1000,Wise,36078.38,95.43,1,True,
2026-09-14T12:05:23.540730+00:00,1000,BNZ,35616.35,222.27,2,True,
2026-09-14T12:05:23.540730+00:00,1000,ASB NZ,35414.02,277.81,3,True,
2026-09-14T12:05:23.540730+00:00,1000,Westpac NZ,35361.31,292.28,4,True,
2026-09-14T12:05:23.540730+00:00,1000,KiwiBank,34728.78,465.93,5,True,
2026-09-14T12:05:23.540730+00:00,1000,OFX,34491.63,531.04,6,True,
2026-09-14T12:05:23.540730+00:00,1000,PayPal,34422.23,550.09,7,True,
2026-09-14T12:05:23.540730+00:00,5000,Wise,180558.45,86.28,1,True,
2026-09-14T12:05:23.540730+00:00,5000,BNZ,178081.77,222.27,2,True,
2026-09-14T12:05:23.540730+00:00,5000,ASB NZ,177781.93,238.73,3,True,
2026-09-14T12:05:23.540730+00:00,5000,Westpac NZ,176806.54,292.28,4,True,
2026-09-14T12:05:23.540730+00:00,5000,KiwiBank,176478.91,310.27,5,True,
2026-09-14T12:05:23.540730+00:00,5000,OFX,174133.86,439.03,6,True,
2026-09-14T12:05:23.540730+00:00,5000,PayPal,173080.39,496.87,7,True,
2026-09-14T12:05:23.540730+00:00,25000,Wise,902961.72,84.42,1,True,
2026-09-14T12:05:23.540730+00:00,25000,BNZ,890408.86,222.27,2,True,
2026-09-14T12:05:23.540730+00:00,25000,ASB NZ,889621.51,230.91,3,True,
2026-09-14T12:05:23.540730+00:00,25000,KiwiBank,885229.56,279.14,4,True,
2026-09-14T12:05:23.540730+00:00,25000,Westpac NZ,884032.71,292.28,5,True,
2026-09-14T12:05:23.540730+00:00,25000,OFX,880396.33,332.22,6,True,
2026-09-14T12:05:23.540730+00:00,25000,PayPal,866371.16,486.23,7,True,
2026-09-14T12:05:23.540730+00:00,50000,Wise,1806198.48,82.91,1,True,
2026-09-14T12:05:23.540730+00:00,50000,BNZ,1780817.72,222.27,2,True,
2026-09-14T12:05:23.540730+00:00,50000,ASB NZ,1779420.98,229.94,3,True,
2026-09-14T12:05:23.540730+00:00,50000,KiwiBank,1771167.87,275.25,4,True,
2026-09-14T12:05:23.540730+00:00,50000,Westpac NZ,1768065.42,292.28,5,True,
2026-09-14T12:05:23.540730+00:00,50000,OFX,1760792.65,332.22,6,True,
2026-09-14T13:05:24.746030+00:00,200,Wise,7164.96,165.04,1,True,
2026-09-14T13:05:24.746030+00:00,200,BNZ,7104.22,248.42,2,True,
2026-09-14T13:05:24.746030+00:00,200,Westpac NZ,7070.5,294.7,3,True,
2026-09-14T13:05:24.746030+00:00,200,ASB NZ,6935.44,480.09,4,True,
2026-09-14T13:05:24.746030+00:00,200,PayPal,6688.94,818.45,5,True,
2026-09-14T13:05:24.746030+00:00,200,KiwiBank,6368.29,1258.59,6,True,
2026-09-14T13:05:24.746030+00:00,1000,Wise,35993.87,118.63,1,True,
2026-09-14T13:05:24.746030+00:00,1000,BNZ,35521.1,248.42,2,True,
2026-09-14T13:05:24.746030+00:00,1000,ASB NZ,35388.54,284.81,3,True,
2026-09-14T13:05:24.746030+00:00,1000,Westpac NZ,35352.51,294.7,4,True,
2026-09-14T13:05:24.746030+00:00,1000,KiwiBank,34671.79,481.58,5,True,
2026-09-14T13:05:24.746030+00:00,1000,OFX,34421.58,550.27,6,True,
2026-09-14T13:05:24.746030+00:00,1000,PayPal,34413.67,552.44,7,True,
2026-09-14T13:05:24.746030+00:00,5000,Wise,180135.5,109.5,1,True,
2026-09-14T13:05:24.746030+00:00,5000,ASB NZ,177654.02,245.75,2,True,
2026-09-14T13:05:24.746030+00:00,5000,BNZ,177605.52,248.42,3,True,
2026-09-14T13:05:24.746030+00:00,5000,Westpac NZ,176762.57,294.7,4,True,
2026-09-14T13:05:24.746030+00:00,5000,KiwiBank,176189.32,326.17,5,True,
2026-09-14T13:05:24.746030+00:00,5000,OFX,173780.18,458.45,6,True,
2026-09-14T13:05:24.746030+00:00,5000,PayPal,173037.34,499.24,7,True,
2026-09-14T13:05:24.746030+00:00,25000,Wise,900846.54,107.65,1,True,
2026-09-14T13:05:24.746030+00:00,25000,ASB NZ,888981.41,237.94,2,True,
2026-09-14T13:05:24.746030+00:00,25000,BNZ,888027.61,248.42,3,True,
2026-09-14T13:05:24.746030+00:00,25000,Westpac NZ,883812.85,294.7,4,True,
2026-09-14T13:05:24.746030+00:00,25000,KiwiBank,883776.93,295.09,5,True,
2026-09-14T13:05:24.746030+00:00,25000,OFX,878606.83,351.87,6,True,
2026-09-14T13:05:24.746030+00:00,25000,PayPal,866155.7,488.59,7,True,
2026-09-14T13:05:24.746030+00:00,50000,Wise,1801963.87,106.16,1,True,
2026-09-14T13:05:24.746030+00:00,50000,ASB NZ,1778140.64,236.97,2,True,
2026-09-14T13:05:24.746030+00:00,50000,BNZ,1776055.21,248.42,3,True,
2026-09-14T13:05:24.746030+00:00,50000,KiwiBank,1768261.44,291.21,4,True,
2026-09-14T13:05:24.746030+00:00,50000,Westpac NZ,1767625.7,294.7,5,True,
2026-09-14T13:05:24.746030+00:00,50000,OFX,1757213.66,351.87,6,True,
2026-09-14T14:05:19.702510+00:00,200,Wise,7170.96,156.81,1,True,
2026-09-14T14:05:19.702510+00:00,200,BNZ,7117.23,230.56,2,True,
2026-09-14T14:05:19.702510+00:00,200,Westpac NZ,7080.06,281.58,3,True,
2026-09-14T14:05:19.702510+00:00,200,ASB NZ,6930.28,487.17,4,True,
2026-09-14T14:05:19.702510+00:00,200,PayPal,6697.98,806.04,5,True,
2026-09-14T14:05:19.702510+00:00,200,KiwiBank,6371.57,1254.09,6,True,
2026-09-14T14:05:19.702510+00:00,1000,Wise,36023.99,110.36,1,True,
2026-09-14T14:05:19.702510+00:00,1000,BNZ,35586.13,230.56,2,True,
2026-09-14T14:05:19.702510+00:00,1000,Westpac NZ,35400.31,281.58,3,True,
2026-09-14T14:05:19.702510+00:00,1000,ASB NZ,35362.18,292.04,4,True,
2026-09-14T14:05:19.702510+00:00,1000,KiwiBank,34689.66,476.67,5,True,
2026-09-14T14:05:19.702510+00:00,1000,PayPal,34460.2,539.66,6,True,
2026-09-14T14:05:19.702510+00:00,1000,OFX,34435.31,546.5,7,True,
2026-09-14T14:05:19.702510+00:00,5000,Wise,180286.27,101.23,1,True,
2026-09-14T14:05:19.702510+00:00,5000,BNZ,177930.66,230.56,2,True,
2026-09-14T14:05:19.702510+00:00,5000,ASB NZ,177521.69,253.02,3,True,
2026-09-14T14:05:19.702510+00:00,5000,Westpac NZ,177001.56,281.58,4,True,
2026-09-14T14:05:19.702510+00:00,5000,KiwiBank,176280.1,321.19,5,True,
2026-09-14T14:05:19.702510+00:00,5000,OFX,173849.52,454.64,6,True,
2026-09-14T14:05:19.702510+00:00,5000,PayPal,173271.3,486.39,7,True,
2026-09-14T14:05:19.702510+00:00,25000,Wise,901600.54,99.37,1,True,
2026-09-14T14:05:19.702510+00:00,25000,BNZ,889653.29,230.56,2,True,
2026-09-14T14:05:19.702510+00:00,25000,ASB NZ,888319.23,245.21,3,True,
2026-09-14T14:05:19.702510+00:00,25000,Westpac NZ,885007.79,281.58,4,True,
2026-09-14T14:05:19.702510+00:00,25000,KiwiBank,884232.33,290.09,5,True,
2026-09-14T14:05:19.702510+00:00,25000,OFX,878954.64,348.05,6,True,
2026-09-14T14:05:19.702510+00:00,25000,PayPal,867326.77,475.73,7,True,
2026-09-14T14:05:19.702510+00:00,50000,Wise,1803472.82,97.88,1,True,
2026-09-14T14:05:19.702510+00:00,50000,BNZ,1779306.58,230.56,2,True,
2026-09-14T14:05:19.702510+00:00,50000,ASB NZ,1776816.16,244.24,3,True,
2026-09-14T14:05:19.702510+00:00,50000,Westpac NZ,1770015.58,281.58,4,True,
2026-09-14T14:05:19.702510+00:00,50000,KiwiBank,1769172.62,286.2,5,True,
2026-09-14T14:05:19.702510+00:00,50000,OFX,1757909.28,348.05,6,True,
2026-09-14T15:05:20.905575+00:00,200,Wise,7176.62,149.04,1,True,
2026-09-14T15:05:20.905575+00:00,200,BNZ,7115.46,232.99,2,True,
2026-09-14T15:05:20.905575+00:00,200,Westpac NZ,7081.68,279.36,3,True,
2026-09-14T15:05:20.905575+00:00,200,ASB NZ,6932.51,484.11,4,True,
2026-09-14T15:05:20.905575+00:00,200,PayPal,6699.52,803.93,5,True,
2026-09-14T15:05:20.905575+00:00,200,KiwiBank,6373.03,1252.08,6,True,
2026-09-14T15:05:20.905575+00:00,1000,Wise,36052.43,102.55,1,True,
2026-09-14T15:05:20.905575+00:00,1000,BNZ,35577.28,232.99,2,True,
2026-09-14T15:05:20.905575+00:00,1000,Westpac NZ,35408.42,279.35,3,True,
2026-09-14T15:05:20.905575+00:00,1000,ASB NZ,35373.6,288.91,4,True,
2026-09-14T15:05:20.905575+00:00,1000,KiwiBank,34697.61,474.49,5,True,
2026-09-14T15:05:20.905575+00:00,1000,PayPal,34468.1,537.5,6,True,
2026-09-14T15:05:20.905575+00:00,1000,OFX,34438.95,545.5,7,True,
2026-09-14T15:05:20.905575+00:00,5000,Wise,180428.58,93.41,1,True,
2026-09-14T15:05:20.905575+00:00,5000,BNZ,177886.4,232.99,2,True,
2026-09-14T15:05:20.905575+00:00,5000,ASB NZ,177579.03,249.87,3,True,
2026-09-14T15:05:20.905575+00:00,5000,Westpac NZ,177042.11,279.35,4,True,
2026-09-14T15:05:20.905575+00:00,5000,KiwiBank,176320.49,318.97,5,True,
2026-09-14T15:05:20.905575+00:00,5000,OFX,173867.9,453.63,6,True,
2026-09-14T15:05:20.905575+00:00,5000,PayPal,173310.99,484.21,7,True,
2026-09-14T15:05:20.905575+00:00,25000,Wise,902312.23,91.55,1,True,
2026-09-14T15:05:20.905575+00:00,25000,BNZ,889431.98,232.99,2,True,
2026-09-14T15:05:20.905575+00:00,25000,ASB NZ,888606.17,242.06,3,True,
2026-09-14T15:05:20.905575+00:00,25000,Westpac NZ,885210.56,279.35,4,True,
2026-09-14T15:05:20.905575+00:00,25000,KiwiBank,884434.93,287.87,5,True,
2026-09-14T15:05:20.905575+00:00,25000,OFX,879050.99,346.99,6,True,
2026-09-14T15:05:20.905575+00:00,25000,PayPal,867525.49,473.55,7,True,
2026-09-14T15:05:20.905575+00:00,50000,Wise,1804897.87,90.05,1,True,
2026-09-14T15:05:20.905575+00:00,50000,BNZ,1778863.97,232.99,2,True,
2026-09-14T15:05:20.905575+00:00,50000,ASB NZ,1777390.1,241.09,3,True,
2026-09-14T15:05:20.905575+00:00,50000,Westpac NZ,1770421.12,279.35,4,True,
2026-09-14T15:05:20.905575+00:00,50000,KiwiBank,1769577.96,283.98,5,True,
2026-09-14T15:05:20.905575+00:00,50000,OFX,1758101.98,346.99,6,True,
2026-09-14T16:05:20.607205+00:00,200,Wise,7184.95,137.6,1,True,
2026-09-14T16:05:20.607205+00:00,200,BNZ,7140.73,198.3,2,True,
2026-09-14T16:05:20.607205+00:00,200,Westpac NZ,7089.22,269.01,3,True,
2026-09-14T16:05:20.607205+00:00,200,ASB NZ,6944.32,467.9,4,True,
2026-09-14T16:05:20.607205+00:00,200,PayPal,6706.65,794.14,5,True,
2026-09-14T16:05:20.607205+00:00,200,KiwiBank,6385.15,1235.45,6,True,
2026-09-14T16:05:20.607205+00:00,1000,Wise,36094.29,91.06,1,True,
2026-09-14T16:05:20.607205+00:00,1000,BNZ,35703.67,198.3,2,True,
2026-09-14T16:05:20.607205+00:00,1000,Westpac NZ,35446.11,269.0,3,True,
2026-09-14T16:05:20.607205+00:00,1000,ASB NZ,35433.84,272.37,4,True,
2026-09-14T16:05:20.607205+00:00,1000,KiwiBank,34763.59,456.38,5,True,
2026-09-14T16:05:20.607205+00:00,1000,OFX,34542.1,517.18,6,True,
2026-09-14T16:05:20.607205+00:00,1000,PayPal,34504.79,527.42,7,True,
2026-09-14T16:05:20.607205+00:00,5000,Wise,180638.07,81.91,1,True,
2026-09-14T16:05:20.607205+00:00,5000,BNZ,178518.37,198.29,2,True,
2026-09-14T16:05:20.607205+00:00,5000,ASB NZ,177881.43,233.27,3,True,
2026-09-14T16:05:20.607205+00:00,5000,Westpac NZ,177230.56,269.0,4,True,
2026-09-14T16:05:20.607205+00:00,5000,KiwiBank,176655.79,300.56,5,True,
2026-09-14T16:05:20.607205+00:00,5000,OFX,174388.63,425.04,6,True,
2026-09-14T16:05:20.607205+00:00,5000,PayPal,173495.47,474.08,7,True,
2026-09-14T16:05:20.607205+00:00,25000,Wise,903359.87,80.05,1,True,
2026-09-14T16:05:20.607205+00:00,25000,BNZ,892591.83,198.29,2,True,
2026-09-14T16:05:20.607205+00:00,25000,ASB NZ,890119.37,225.45,3,True,
2026-09-14T16:05:20.607205+00:00,25000,Westpac NZ,886152.82,269.0,4,True,
2026-09-14T16:05:20.607205+00:00,25000,KiwiBank,886116.8,269.4,5,True,
2026-09-14T16:05:20.607205+00:00,25000,OFX,881681.56,318.1,6,True,
2026-09-14T16:05:20.607205+00:00,25000,PayPal,868448.92,463.41,7,True,
2026-09-14T16:05:20.607205+00:00,50000,Wise,1806996.72,78.53,1,True,
2026-09-14T16:05:20.607205+00:00,50000,BNZ,1785183.67,198.29,2,True,
2026-09-14T16:05:20.607205+00:00,50000,ASB NZ,1780416.79,224.47,3,True,
2026-09-14T16:05:20.607205+00:00,50000,KiwiBank,1772943.07,265.5,4,True,
2026-09-14T16:05:20.607205+00:00,50000,Westpac NZ,1772305.64,269.0,5,True,
2026-09-14T16:05:20.607205+00:00,50000,OFX,1763363.12,318.1,6,True,
2026-09-14T17:05:20.801686+00:00,200,Wise,7189.25,131.7,1,True,
2026-09-14T17:05:20.801686+00:00,200,BNZ,7132.82,209.16,2,True,
2026-09-14T17:05:20.801686+00:00,200,Westpac NZ,7079.38,282.51,3,True,
2026-09-14T17:05:20.801686+00:00,200,ASB NZ,6946.14,465.4,4,True,
2026-09-14T17:05:20.801686+00:00,200,PayPal,6697.33,806.93,5,True,
2026-09-14T17:05:20.801686+00:00,200,KiwiBank,6381.61,1240.3,6,True,
2026-09-14T17:05:20.801686+00:00,1000,Wise,36115.86,85.14,1,True,
2026-09-14T17:05:20.801686+00:00,1000,BNZ,35664.09,209.16,2,True,
2026-09-14T17:05:20.801686+00:00,1000,ASB NZ,35443.11,269.83,3,True,
2026-09-14T17:05:20.801686+00:00,1000,Westpac NZ,35396.89,282.52,4,True,
2026-09-14T17:05:20.801686+00:00,1000,KiwiBank,34744.32,461.67,5,True,
2026-09-14T17:05:20.801686+00:00,1000,OFX,34544.91,516.41,6,True,
2026-09-14T17:05:20.801686+00:00,1000,PayPal,34456.87,540.58,7,True,
2026-09-14T17:05:20.801686+00:00,5000,Wise,180746.04,75.98,1,True,
2026-09-14T17:05:20.801686+00:00,5000,BNZ,178320.46,209.16,2,True,
2026-09-14T17:05:20.801686+00:00,5000,ASB NZ,177927.99,230.71,3,True,
2026-09-14T17:05:20.801686+00:00,5000,Westpac NZ,176984.45,282.52,4,True,
2026-09-14T17:05:20.801686+00:00,5000,KiwiBank,176557.89,305.94,5,True,
2026-09-14T17:05:20.801686+00:00,5000,OFX,174402.85,424.26,6,True,
2026-09-14T17:05:20.801686+00:00,5000,PayPal,173254.55,487.31,7,True,
2026-09-14T17:05:20.801686+00:00,25000,Wise,903899.86,74.12,1,True,
2026-09-14T17:05:20.801686+00:00,25000,BNZ,891602.32,209.16,2,True,
2026-09-14T17:05:20.801686+00:00,25000,ASB NZ,890352.36,222.89,3,True,
2026-09-14T17:05:20.801686+00:00,25000,KiwiBank,885625.7,274.79,4,True,
2026-09-14T17:05:20.801686+00:00,25000,Westpac NZ,884922.25,282.52,5,True,
2026-09-14T17:05:20.801686+00:00,25000,OFX,881754.72,317.3,6,True,
2026-09-14T17:05:20.801686+00:00,25000,PayPal,867242.93,476.66,7,True,
2026-09-14T17:05:20.801686+00:00,50000,Wise,1808079.04,72.59,1,True,
2026-09-14T17:05:20.801686+00:00,50000,BNZ,1783204.65,209.16,2,True,
2026-09-14T17:05:20.801686+00:00,50000,ASB NZ,1780882.82,221.91,3,True,
2026-09-14T17:05:20.801686+00:00,50000,KiwiBank,1771960.46,270.9,4,True,
2026-09-14T17:05:20.801686+00:00,50000,Westpac NZ,1769844.5,282.52,5,True,
2026-09-14T17:05:20.801686+00:00,50000,OFX,1763509.43,317.3,6,True,
2026-09-14T18:05:18.498388+00:00,200,Wise,7188.97,132.08,1,True,
2026-09-14T18:05:18.498388+00:00,200,BNZ,7138.12,201.88,2,True,
2026-09-14T18:05:18.498388+00:00,200,Westpac NZ,7080.76,280.62,3,True,
2026-09-14T18:05:18.498388+00:00,200,ASB NZ,6951.3,458.32,4,True,
2026-09-14T18:05:18.498388+00:00,200,PayPal,6698.64,805.13,5,True,
2026-09-14T18:05:18.498388+00:00,200,KiwiBank,6386.42,1233.7,6,True,
2026-09-14T18:05:18.498388+00:00,1000,Wise,36114.47,85.52,1,True,
2026-09-14T18:05:18.498388+00:00,1000,BNZ,35690.62,201.88,2,True,
2026-09-14T18:05:18.498388+00:00,1000,ASB NZ,35469.47,262.59,3,True,
2026-09-14T18:05:18.498388+00:00,1000,Westpac NZ,35403.81,280.62,4,True,
2026-09-14T18:05:18.498388+00:00,1000,KiwiBank,34770.52,454.47,5,True,
2026-09-14T18:05:18.498388+00:00,1000,OFX,34582.2,506.17,6,True,
2026-09-14T18:05:18.498388+00:00,1000,PayPal,34463.61,538.73,7,True,
2026-09-14T18:05:18.498388+00:00,5000,Wise,180739.08,76.36,1,True,
2026-09-14T18:05:18.498388+00:00,5000,BNZ,178453.09,201.88,2,True,
2026-09-14T18:05:18.498388+00:00,5000,ASB NZ,178060.32,223.44,3,True,
2026-09-14T18:05:18.498388+00:00,5000,Westpac NZ,177019.04,280.62,4,True,
2026-09-14T18:05:18.498388+00:00,5000,KiwiBank,176691.02,298.63,5,True,
2026-09-14T18:05:18.498388+00:00,5000,OFX,174591.1,413.92,6,True,
2026-09-14T18:05:18.498388+00:00,5000,PayPal,173288.41,485.45,7,True,
2026-09-14T18:05:18.498388+00:00,25000,Wise,903865.02,74.5,1,True,
2026-09-14T18:05:18.498388+00:00,25000,BNZ,892265.43,201.88,2,True,
2026-09-14T18:05:18.498388+00:00,25000,ASB NZ,891014.53,215.62,3,True,
2026-09-14T18:05:18.498388+00:00,25000,KiwiBank,886293.51,267.46,4,True,
2026-09-14T18:05:18.498388+00:00,25000,Westpac NZ,885095.22,280.62,5,True,
2026-09-14T18:05:18.498388+00:00,25000,OFX,882704.72,306.87,6,True,
2026-09-14T18:05:18.498388+00:00,25000,PayPal,867412.44,474.79,7,True,
2026-09-14T18:05:18.498388+00:00,50000,Wise,1808008.63,72.97,1,True,
2026-09-14T18:05:18.498388+00:00,50000,BNZ,1784530.86,201.88,2,True,
2026-09-14T18:05:18.498388+00:00,50000,ASB NZ,1782207.3,214.64,3,True,
2026-09-14T18:05:18.498388+00:00,50000,KiwiBank,1773296.62,263.56,4,True,
2026-09-14T18:05:18.498388+00:00,50000,Westpac NZ,1770190.43,280.62,5,True,
2026-09-14T18:05:18.498388+00:00,50000,OFX,1765409.44,306.87,6,True,
2026-09-14T19:05:21.255147+00:00,200,Wise,7191.38,128.78,1,True,
2026-09-14T19:05:21.255147+00:00,200,BNZ,7143.23,194.87,2,True,
2026-09-14T19:05:21.255147+00:00,200,Westpac NZ,7083.22,277.24,3,True,
2026-09-14T19:05:21.255147+00:00,200,ASB NZ,6962.6,442.81,4,True,
2026-09-14T19:05:21.255147+00:00,200,PayPal,6700.97,801.94,5,True,
2026-09-14T19:05:21.255147+00:00,200,KiwiBank,6390.42,1228.21,6,True,
2026-09-14T19:05:21.255147+00:00,1000,Wise,36126.6,82.19,1,True,
2026-09-14T19:05:21.255147+00:00,1000,BNZ,35716.15,194.87,2,True,
2026-09-14T19:05:21.255147+00:00,1000,ASB NZ,35527.09,246.77,3,True,
2026-09-14T19:05:21.255147+00:00,1000,Westpac NZ,35416.08,277.25,4,True,
2026-09-14T19:05:21.255147+00:00,1000,KiwiBank,34792.29,448.5,5,True,
2026-09-14T19:05:21.255147+00:00,1000,OFX,34590.53,503.89,6,True,
2026-09-14T19:05:21.255147+00:00,1000,PayPal,34475.56,535.45,7,True,
2026-09-14T19:05:21.255147+00:00,5000,Wise,180799.78,73.03,1,True,
2026-09-14T19:05:21.255147+00:00,5000,BNZ,178580.75,194.87,2,True,
2026-09-14T19:05:21.255147+00:00,5000,ASB NZ,178349.58,207.56,3,True,
2026-09-14T19:05:21.255147+00:00,5000,Westpac NZ,177080.42,277.25,4,True,
2026-09-14T19:05:21.255147+00:00,5000,KiwiBank,176801.62,292.55,5,True,
2026-09-14T19:05:21.255147+00:00,5000,OFX,174633.18,411.61,6,True,
2026-09-14T19:05:21.255147+00:00,5000,PayPal,173348.5,482.15,7,True,
2026-09-14T19:05:21.255147+00:00,25000,Wise,904168.61,71.17,1,True,
2026-09-14T19:05:21.255147+00:00,25000,BNZ,892903.77,194.87,2,True,
2026-09-14T19:05:21.255147+00:00,25000,ASB NZ,892462.03,199.72,3,True,
2026-09-14T19:05:21.255147+00:00,25000,KiwiBank,886848.27,261.37,4,True,
2026-09-14T19:05:21.255147+00:00,25000,Westpac NZ,885402.12,277.25,5,True,
2026-09-14T19:05:21.255147+00:00,25000,OFX,882918.25,304.52,6,True,
2026-09-14T19:05:21.255147+00:00,25000,PayPal,867713.22,471.49,7,True,
2026-09-14T19:05:21.255147+00:00,50000,Wise,1808616.27,69.64,1,True,
2026-09-14T19:05:21.255147+00:00,50000,BNZ,1785807.54,194.87,2,True,
2026-09-14T19:05:21.255147+00:00,50000,ASB NZ,1785102.59,198.74,3,True,
2026-09-14T19:05:21.255147+00:00,50000,KiwiBank,1774406.58,257.47,4,True,
2026-09-14T19:05:21.255147+00:00,50000,Westpac NZ,1770804.24,277.25,5,True,
2026-09-14T19:05:21.255147+00:00,50000,OFX,1765836.49,304.52,6,True,
2026-09-14T20:05:21.991563+00:00,200,Wise,7181.86,141.84,1,True,
2026-09-14T20:05:21.991563+00:00,200,BNZ,7140.85,198.14,2,True,
2026-09-14T20:05:21.991563+00:00,200,Westpac NZ,7084.93,274.89,3,True,
2026-09-14T20:05:21.991563+00:00,200,ASB NZ,6967.29,436.37,4,True,
2026-09-14T20:05:21.991563+00:00,200,PayPal,6702.59,799.71,5,True,
2026-09-14T20:05:21.991563+00:00,200,KiwiBank,6388.4,1230.98,6,True,
2026-09-14T20:05:21.991563+00:00,1000,Wise,36078.78,95.32,1,True,
2026-09-14T20:05:21.991563+00:00,1000,BNZ,35704.27,198.13,2,True,
2026-09-14T20:05:21.991563+00:00,1000,ASB NZ,35551.04,240.2,3,True,
2026-09-14T20:05:21.991563+00:00,1000,Westpac NZ,35424.65,274.89,4,True,
2026-09-14T20:05:21.991563+00:00,1000,KiwiBank,34781.28,451.52,5,True,
2026-09-14T20:05:21.991563+00:00,1000,OFX,34574.97,508.16,6,True,
2026-09-14T20:05:21.991563+00:00,1000,PayPal,34483.89,533.16,7,True,
2026-09-14T20:05:21.991563+00:00,5000,Wise,180560.44,86.17,1,True,
2026-09-14T20:05:21.991563+00:00,5000,BNZ,178521.35,198.13,2,True,
2026-09-14T20:05:21.991563+00:00,5000,ASB NZ,178469.8,200.96,3,True,
2026-09-14T20:05:21.991563+00:00,5000,Westpac NZ,177123.24,274.9,4,True,
2026-09-14T20:05:21.991563+00:00,5000,KiwiBank,176745.68,295.63,5,True,
2026-09-14T20:05:21.991563+00:00,5000,OFX,174554.59,415.93,6,True,
2026-09-14T20:05:21.991563+00:00,5000,PayPal,173390.41,479.85,7,True,
2026-09-14T20:05:21.991563+00:00,25000,Wise,902971.67,84.31,1,True,
2026-09-14T20:05:21.991563+00:00,25000,ASB NZ,893063.59,193.11,2,True,
2026-09-14T20:05:21.991563+00:00,25000,BNZ,892606.73,198.13,3,True,
2026-09-14T20:05:21.991563+00:00,25000,KiwiBank,886567.68,264.45,4,True,
2026-09-14T20:05:21.991563+00:00,25000,Westpac NZ,885616.18,274.9,5,True,
2026-09-14T20:05:21.991563+00:00,25000,OFX,882521.22,308.88,6,True,
2026-09-14T20:05:21.991563+00:00,25000,PayPal,867923.0,469.19,7,True,
2026-09-14T20:05:21.991563+00:00,50000,Wise,1806219.12,82.8,1,True,
2026-09-14T20:05:21.991563+00:00,50000,ASB NZ,1786305.83,192.13,2,True,
2026-09-14T20:05:21.991563+00:00,50000,BNZ,1785213.46,198.13,3,True,
2026-09-14T20:05:21.991563+00:00,50000,KiwiBank,1773845.17,260.55,4,True,
2026-09-14T20:05:21.991563+00:00,50000,Westpac NZ,1771232.36,274.9,5,True,
2026-09-14T20:05:21.991563+00:00,50000,OFX,1765042.44,308.88,6,True,
2026-09-14T21:05:21.055911+00:00,200,Wise,7194.29,124.78,1,True,
2026-09-14T21:05:21.055911+00:00,200,BNZ,7138.15,201.84,2,True,
2026-09-14T21:05:21.055911+00:00,200,Westpac NZ,7076.73,286.15,3,True,
2026-09-14T21:05:21.055911+00:00,200,ASB NZ,6951.24,458.4,4,True,
2026-09-14T21:05:21.055911+00:00,200,PayPal,6696.97,807.43,5,True,
2026-09-14T21:05:21.055911+00:00,200,KiwiBank,6381.26,1240.79,6,True,
2026-09-14T21:05:21.055911+00:00,1000,Wise,36141.22,78.18,1,True,
2026-09-14T21:05:21.055911+00:00,1000,BNZ,35690.73,201.85,2,True,
2026-09-14T21:05:21.055911+00:00,1000,ASB NZ,35469.13,262.68,3,True,
2026-09-14T21:05:21.055911+00:00,1000,Westpac NZ,35383.64,286.15,4,True,
2026-09-14T21:05:21.055911+00:00,1000,KiwiBank,34742.41,462.19,5,True,
2026-09-14T21:05:21.055911+00:00,1000,OFX,34585.79,505.19,6,True,
2026-09-14T21:05:21.055911+00:00,1000,PayPal,34454.97,541.1,7,True,
2026-09-14T21:05:21.055911+00:00,5000,Wise,180872.93,69.02,1,True,
2026-09-14T21:05:21.055911+00:00,5000,BNZ,178453.64,201.85,2,True,
2026-09-14T21:05:21.055911+00:00,5000,ASB NZ,178058.62,223.54,3,True,
2026-09-14T21:05:21.055911+00:00,5000,Westpac NZ,176918.2,286.15,4,True,
2026-09-14T21:05:21.055911+00:00,5000,KiwiBank,176548.16,306.47,5,True,
2026-09-14T21:05:21.055911+00:00,5000,OFX,174609.22,412.93,6,True,
2026-09-14T21:05:21.055911+00:00,5000,PayPal,173245.01,487.83,7,True,
2026-09-14T21:05:21.055911+00:00,25000,Wise,904534.41,67.15,1,True,
2026-09-14T21:05:21.055911+00:00,25000,BNZ,892268.19,201.85,2,True,
2026-09-14T21:05:21.055911+00:00,25000,ASB NZ,891006.04,215.71,3,True,
2026-09-14T21:05:21.055911+00:00,25000,KiwiBank,885576.92,275.33,4,True,
2026-09-14T21:05:21.055911+00:00,25000,Westpac NZ,884591.02,286.15,5,True,
2026-09-14T21:05:21.055911+00:00,25000,OFX,882796.1,305.86,6,True,
2026-09-14T21:05:21.055911+00:00,25000,PayPal,867195.17,477.18,7,True,
2026-09-14T21:05:21.055911+00:00,50000,Wise,1809346.16,65.63,1,True,
2026-09-14T21:05:21.055911+00:00,50000,BNZ,1784536.37,201.85,2,True,
2026-09-14T21:05:21.055911+00:00,50000,ASB NZ,1782190.33,214.73,3,True,
2026-09-14T21:05:21.055911+00:00,50000,KiwiBank,1771862.87,271.43,4,True,
2026-09-14T21:05:21.055911+00:00,50000,Westpac NZ,1769182.05,286.15,5,True,
2026-09-14T21:05:21.055911+00:00,50000,OFX,1765592.21,305.86,6,True,
