ts_utc,corridor,size_src,provider,rate,fee_src,received_dst,cost_bps,source,source_ok,error
2026-09-10T10:09:58.470449+00:00,AUD->PHP,200,Airwallex,45.018168,0.0,9003.63,29.48,airwallex.com,True,
2026-09-10T10:09:58.470449+00:00,AUD->PHP,200,Instarem,45.082,0.0,9016.4,15.34,instarem.com,True,
2026-09-10T10:09:58.470449+00:00,AUD->PHP,1000,Airwallex,45.017418,0.0,45017.42,29.64,airwallex.com,True,
2026-09-10T10:09:58.470449+00:00,AUD->PHP,1000,Instarem,45.082,0.0,45082.0,15.34,instarem.com,True,
2026-09-10T10:09:58.470449+00:00,AUD->PHP,5000,Airwallex,45.017418,0.0,225087.09,29.64,airwallex.com,True,
2026-09-10T10:09:58.470449+00:00,AUD->PHP,5000,Instarem,45.082,35.0,223832.13,85.23,instarem.com,True,
2026-09-10T10:09:58.470449+00:00,AUD->PHP,25000,Airwallex,45.017418,0.0,1125435.45,29.64,airwallex.com,True,
2026-09-10T10:09:58.470449+00:00,AUD->PHP,25000,Instarem,45.082,150.0,1120287.7,75.24,instarem.com,True,
2026-09-10T10:09:58.470449+00:00,AUD->PHP,50000,Airwallex,45.017418,0.0,2250870.9,29.64,airwallex.com,True,
2026-09-10T10:09:58.470449+00:00,AUD->PHP,50000,Instarem,45.082,300.0,2240575.4,75.24,instarem.com,True,
2026-09-10T10:09:58.470449+00:00,NZD->PHP,200,Airwallex,36.504055,0.0,7300.81,11.02,airwallex.com,True,
2026-09-10T10:09:58.470449+00:00,NZD->PHP,1000,Airwallex,36.504055,0.0,36504.06,11.01,airwallex.com,True,
2026-09-10T10:09:58.470449+00:00,NZD->PHP,5000,Airwallex,36.504055,0.0,182520.28,11.02,airwallex.com,True,
2026-09-10T10:09:58.470449+00:00,NZD->PHP,25000,Airwallex,36.504055,0.0,912601.38,11.02,airwallex.com,True,
2026-09-10T10:09:58.470449+00:00,NZD->PHP,50000,Airwallex,36.504055,0.0,1825202.75,11.02,airwallex.com,True,
2026-09-10T10:09:58.470449+00:00,SGD->PHP,200,Airwallex,49.368394,0.0,9873.68,17.55,airwallex.com,True,
2026-09-10T10:09:58.470449+00:00,SGD->PHP,200,Instarem,49.4199,0.0,9883.98,7.14,instarem.com,True,
2026-09-10T10:09:58.470449+00:00,SGD->PHP,1000,Airwallex,49.368394,0.0,49368.39,17.55,airwallex.com,True,
2026-09-10T10:09:58.470449+00:00,SGD->PHP,1000,Instarem,49.4199,0.0,49419.9,7.14,instarem.com,True,
2026-09-10T10:09:58.470449+00:00,SGD->PHP,5000,Airwallex,49.368394,0.0,246841.97,17.55,airwallex.com,True,
2026-09-10T10:09:58.470449+00:00,SGD->PHP,5000,Instarem,49.4199,22.5,245987.55,52.1,instarem.com,True,
2026-09-10T10:09:58.470449+00:00,SGD->PHP,25000,Airwallex,49.368394,0.0,1234209.85,17.55,airwallex.com,True,
2026-09-10T10:09:58.470449+00:00,SGD->PHP,25000,Instarem,49.4199,112.5,1229937.76,52.1,instarem.com,True,
2026-09-10T10:09:58.470449+00:00,SGD->PHP,50000,Airwallex,49.368394,0.0,2468419.7,17.55,airwallex.com,True,
2026-09-10T10:09:58.470449+00:00,SGD->PHP,50000,Instarem,49.4199,225.0,2459875.52,52.1,instarem.com,True,
2026-09-10T10:09:58.470449+00:00,USD->MXN,200,Airwallex,16.903164,0.0,3380.63,-2.62,airwallex.com,True,
2026-09-10T10:09:58.470449+00:00,USD->MXN,1000,Airwallex,16.903164,0.0,16903.16,-2.62,airwallex.com,True,
2026-09-10T10:09:58.470449+00:00,USD->MXN,5000,Airwallex,16.903164,0.0,84515.82,-2.63,airwallex.com,True,
2026-09-10T10:09:58.470449+00:00,USD->MXN,25000,Airwallex,16.903164,0.0,422579.1,-2.63,airwallex.com,True,
2026-09-10T10:09:58.470449+00:00,USD->MXN,50000,Airwallex,16.903164,0.0,845158.2,-2.63,airwallex.com,True,
2026-09-10T11:06:51.793681+00:00,AUD->PHP,200,Airwallex,44.96193,0.0,8992.39,41.93,airwallex.com,True,
2026-09-10T11:06:51.793681+00:00,AUD->PHP,200,Instarem,45.016,0.0,9003.2,29.95,instarem.com,True,
2026-09-10T11:06:51.793681+00:00,AUD->PHP,1000,Airwallex,44.96193,0.0,44961.93,41.93,airwallex.com,True,
2026-09-10T11:06:51.793681+00:00,AUD->PHP,1000,Instarem,45.016,0.0,45016.0,29.95,instarem.com,True,
2026-09-10T11:06:51.793681+00:00,AUD->PHP,5000,Airwallex,44.96193,0.0,224809.65,41.93,airwallex.com,True,
2026-09-10T11:06:51.793681+00:00,AUD->PHP,5000,Instarem,45.016,35.0,223504.44,99.74,instarem.com,True,
2026-09-10T11:06:51.793681+00:00,AUD->PHP,25000,Airwallex,44.96193,0.0,1124048.25,41.93,airwallex.com,True,
2026-09-10T11:06:51.793681+00:00,AUD->PHP,25000,Instarem,45.016,150.0,1118647.6,89.77,instarem.com,True,
2026-09-10T11:06:51.793681+00:00,AUD->PHP,50000,Airwallex,44.96193,0.0,2248096.5,41.93,airwallex.com,True,
2026-09-10T11:06:51.793681+00:00,AUD->PHP,50000,Instarem,45.016,300.0,2237295.2,89.77,instarem.com,True,
2026-09-10T11:06:51.793681+00:00,NZD->PHP,200,Airwallex,36.440216,0.0,7288.04,28.49,airwallex.com,True,
2026-09-10T11:06:51.793681+00:00,NZD->PHP,1000,Airwallex,36.440216,0.0,36440.22,28.48,airwallex.com,True,
2026-09-10T11:06:51.793681+00:00,NZD->PHP,5000,Airwallex,36.440216,0.0,182201.08,28.48,airwallex.com,True,
2026-09-10T11:06:51.793681+00:00,NZD->PHP,25000,Airwallex,36.440216,0.0,911005.4,28.48,airwallex.com,True,
2026-09-10T11:06:51.793681+00:00,NZD->PHP,50000,Airwallex,36.440216,0.0,1822010.8,28.48,airwallex.com,True,
2026-09-10T11:06:51.793681+00:00,SGD->PHP,200,Airwallex,49.350787,0.0,9870.16,21.11,airwallex.com,True,
2026-09-10T11:06:51.793681+00:00,SGD->PHP,200,Instarem,49.4131,0.0,9882.62,8.51,instarem.com,True,
2026-09-10T11:06:51.793681+00:00,SGD->PHP,1000,Airwallex,49.350787,0.0,49350.79,21.11,airwallex.com,True,
2026-09-10T11:06:51.793681+00:00,SGD->PHP,1000,Instarem,49.4131,0.0,49413.1,8.51,instarem.com,True,
2026-09-10T11:06:51.793681+00:00,SGD->PHP,5000,Airwallex,49.350787,0.0,246753.94,21.11,airwallex.com,True,
2026-09-10T11:06:51.793681+00:00,SGD->PHP,5000,Instarem,49.4131,22.5,245953.71,53.47,instarem.com,True,
2026-09-10T11:06:51.793681+00:00,SGD->PHP,25000,Airwallex,49.350787,0.0,1233769.68,21.11,airwallex.com,True,
2026-09-10T11:06:51.793681+00:00,SGD->PHP,25000,Instarem,49.4131,112.5,1229768.53,53.47,instarem.com,True,
2026-09-10T11:06:51.793681+00:00,SGD->PHP,50000,Airwallex,49.350787,0.0,2467539.35,21.11,airwallex.com,True,
2026-09-10T11:06:51.793681+00:00,SGD->PHP,50000,Instarem,49.4131,225.0,2459537.05,53.47,instarem.com,True,
2026-09-10T11:06:51.793681+00:00,USD->MXN,200,Airwallex,16.915014,0.0,3383.0,-9.63,airwallex.com,True,
2026-09-10T11:06:51.793681+00:00,USD->MXN,1000,Airwallex,16.915014,0.0,16915.01,-9.64,airwallex.com,True,
2026-09-10T11:06:51.793681+00:00,USD->MXN,5000,Airwallex,16.915014,0.0,84575.07,-9.64,airwallex.com,True,
2026-09-10T11:06:51.793681+00:00,USD->MXN,25000,Airwallex,16.915014,0.0,422875.35,-9.64,airwallex.com,True,
2026-09-10T11:06:51.793681+00:00,USD->MXN,50000,Airwallex,16.915014,0.0,845750.7,-9.64,airwallex.com,True,
2026-09-10T12:06:55.491669+00:00,AUD->PHP,200,Airwallex,44.875296,0.0,8975.06,61.12,airwallex.com,True,
2026-09-10T12:06:55.491669+00:00,AUD->PHP,200,Instarem,44.923,0.0,8984.6,50.55,instarem.com,True,
2026-09-10T12:06:55.491669+00:00,AUD->PHP,1000,Airwallex,44.875296,0.0,44875.3,61.12,airwallex.com,True,
2026-09-10T12:06:55.491669+00:00,AUD->PHP,1000,Instarem,44.923,0.0,44923.0,50.55,instarem.com,True,
2026-09-10T12:06:55.491669+00:00,AUD->PHP,5000,Airwallex,44.875296,0.0,224376.48,61.12,airwallex.com,True,
2026-09-10T12:06:55.491669+00:00,AUD->PHP,5000,Instarem,44.923,35.0,223042.7,120.2,instarem.com,True,
2026-09-10T12:06:55.491669+00:00,AUD->PHP,25000,Airwallex,44.875296,0.0,1121882.4,61.12,airwallex.com,True,
2026-09-10T12:06:55.491669+00:00,AUD->PHP,25000,Instarem,44.923,150.0,1116336.55,110.25,instarem.com,True,
2026-09-10T12:06:55.491669+00:00,AUD->PHP,50000,Airwallex,44.875296,0.0,2243764.8,61.12,airwallex.com,True,
2026-09-10T12:06:55.491669+00:00,AUD->PHP,50000,Instarem,44.923,300.0,2232673.1,110.25,instarem.com,True,
2026-09-10T12:06:55.491669+00:00,NZD->PHP,200,Airwallex,36.385398,0.0,7277.08,43.48,airwallex.com,True,
2026-09-10T12:06:55.491669+00:00,NZD->PHP,1000,Airwallex,36.385398,0.0,36385.4,43.48,airwallex.com,True,
2026-09-10T12:06:55.491669+00:00,NZD->PHP,5000,Airwallex,36.385398,0.0,181926.99,43.49,airwallex.com,True,
2026-09-10T12:06:55.491669+00:00,NZD->PHP,25000,Airwallex,36.385398,0.0,909634.95,43.49,airwallex.com,True,
2026-09-10T12:06:55.491669+00:00,NZD->PHP,50000,Airwallex,36.385398,0.0,1819269.9,43.49,airwallex.com,True,
2026-09-10T12:06:55.491669+00:00,SGD->PHP,200,Airwallex,49.315807,0.0,9863.16,28.19,airwallex.com,True,
2026-09-10T12:06:55.491669+00:00,SGD->PHP,200,Instarem,49.3675,0.0,9873.5,17.73,instarem.com,True,
2026-09-10T12:06:55.491669+00:00,SGD->PHP,1000,Airwallex,49.315807,0.0,49315.81,28.18,airwallex.com,True,
2026-09-10T12:06:55.491669+00:00,SGD->PHP,1000,Instarem,49.3675,0.0,49367.5,17.73,instarem.com,True,
2026-09-10T12:06:55.491669+00:00,SGD->PHP,5000,Airwallex,49.315807,0.0,246579.04,28.18,airwallex.com,True,
2026-09-10T12:06:55.491669+00:00,SGD->PHP,5000,Instarem,49.3675,22.5,245726.73,62.65,instarem.com,True,
2026-09-10T12:06:55.491669+00:00,SGD->PHP,25000,Airwallex,49.315807,0.0,1232895.18,28.18,airwallex.com,True,
2026-09-10T12:06:55.491669+00:00,SGD->PHP,25000,Instarem,49.3675,112.5,1228633.66,62.65,instarem.com,True,
2026-09-10T12:06:55.491669+00:00,SGD->PHP,50000,Airwallex,49.315807,0.0,2465790.35,28.18,airwallex.com,True,
2026-09-10T12:06:55.491669+00:00,SGD->PHP,50000,Instarem,49.3675,225.0,2457267.31,62.65,instarem.com,True,
2026-09-10T12:06:55.491669+00:00,USD->MXN,200,Airwallex,16.936684,0.0,3387.34,-22.47,airwallex.com,True,
2026-09-10T12:06:55.491669+00:00,USD->MXN,1000,Airwallex,16.936684,0.0,16936.68,-22.46,airwallex.com,True,
2026-09-10T12:06:55.491669+00:00,USD->MXN,5000,Airwallex,16.936684,0.0,84683.42,-22.46,airwallex.com,True,
2026-09-10T12:06:55.491669+00:00,USD->MXN,25000,Airwallex,16.936684,0.0,423417.1,-22.46,airwallex.com,True,
2026-09-10T12:06:55.491669+00:00,USD->MXN,50000,Airwallex,16.936684,0.0,846834.2,-22.46,airwallex.com,True,
2026-09-10T13:06:51.584007+00:00,AUD->PHP,200,Airwallex,44.775993,0.0,8955.2,83.11,airwallex.com,True,
2026-09-10T13:06:51.584007+00:00,AUD->PHP,200,Instarem,44.843,0.0,8968.6,68.27,instarem.com,True,
2026-09-10T13:06:51.584007+00:00,AUD->PHP,1000,Airwallex,44.775993,0.0,44775.99,83.11,airwallex.com,True,
2026-09-10T13:06:51.584007+00:00,AUD->PHP,1000,Instarem,44.843,0.0,44843.0,68.27,instarem.com,True,
2026-09-10T13:06:51.584007+00:00,AUD->PHP,5000,Airwallex,44.775993,0.0,223879.97,83.11,airwallex.com,True,
2026-09-10T13:06:51.584007+00:00,AUD->PHP,5000,Instarem,44.843,35.0,222645.5,137.79,instarem.com,True,
2026-09-10T13:06:51.584007+00:00,AUD->PHP,25000,Airwallex,44.775993,0.0,1119399.83,83.11,airwallex.com,True,
2026-09-10T13:06:51.584007+00:00,AUD->PHP,25000,Instarem,44.843,150.0,1114348.55,127.86,instarem.com,True,
2026-09-10T13:06:51.584007+00:00,AUD->PHP,50000,Airwallex,44.775993,0.0,2238799.65,83.11,airwallex.com,True,
2026-09-10T13:06:51.584007+00:00,AUD->PHP,50000,Instarem,44.843,300.0,2228697.1,127.86,instarem.com,True,
2026-09-10T13:06:51.584007+00:00,NZD->PHP,200,Airwallex,36.261017,0.0,7252.2,77.53,airwallex.com,True,
2026-09-10T13:06:51.584007+00:00,NZD->PHP,1000,Airwallex,36.261017,0.0,36261.02,77.52,airwallex.com,True,
2026-09-10T13:06:51.584007+00:00,NZD->PHP,5000,Airwallex,36.261017,0.0,181305.09,77.52,airwallex.com,True,
2026-09-10T13:06:51.584007+00:00,NZD->PHP,25000,Airwallex,36.261017,0.0,906525.43,77.52,airwallex.com,True,
2026-09-10T13:06:51.584007+00:00,NZD->PHP,50000,Airwallex,36.261017,0.0,1813050.85,77.52,airwallex.com,True,
2026-09-10T13:06:51.584007+00:00,SGD->PHP,200,Airwallex,49.2955,0.0,9859.1,32.29,airwallex.com,True,
2026-09-10T13:06:51.584007+00:00,SGD->PHP,200,Instarem,49.3602,0.0,9872.04,19.21,instarem.com,True,
2026-09-10T13:06:51.584007+00:00,SGD->PHP,1000,Airwallex,49.2955,0.0,49295.5,32.29,airwallex.com,True,
2026-09-10T13:06:51.584007+00:00,SGD->PHP,1000,Instarem,49.3602,0.0,49360.2,19.21,instarem.com,True,
2026-09-10T13:06:51.584007+00:00,SGD->PHP,5000,Airwallex,49.2955,0.0,246477.5,32.29,airwallex.com,True,
2026-09-10T13:06:51.584007+00:00,SGD->PHP,5000,Instarem,49.3602,22.5,245690.4,64.12,instarem.com,True,
2026-09-10T13:06:51.584007+00:00,SGD->PHP,25000,Airwallex,49.2955,0.0,1232387.5,32.29,airwallex.com,True,
2026-09-10T13:06:51.584007+00:00,SGD->PHP,25000,Instarem,49.3602,112.5,1228451.98,64.12,instarem.com,True,
2026-09-10T13:06:51.584007+00:00,SGD->PHP,50000,Airwallex,49.2955,0.0,2464775.0,32.29,airwallex.com,True,
2026-09-10T13:06:51.584007+00:00,SGD->PHP,50000,Instarem,49.3602,225.0,2456903.96,64.12,instarem.com,True,
2026-09-10T13:06:51.584007+00:00,USD->MXN,200,Airwallex,16.988625,0.0,3397.73,-53.21,airwallex.com,True,
2026-09-10T13:06:51.584007+00:00,USD->MXN,1000,Airwallex,16.988625,0.0,16988.63,-53.2,airwallex.com,True,
2026-09-10T13:06:51.584007+00:00,USD->MXN,5000,Airwallex,16.988625,0.0,84943.13,-53.2,airwallex.com,True,
2026-09-10T13:06:51.584007+00:00,USD->MXN,25000,Airwallex,16.988625,0.0,424715.63,-53.2,airwallex.com,True,
2026-09-10T13:06:51.584007+00:00,USD->MXN,50000,Airwallex,16.988625,0.0,849431.25,-53.2,airwallex.com,True,
2026-09-10T14:06:53.526539+00:00,AUD->PHP,200,Airwallex,44.786273,0.0,8957.25,80.84,airwallex.com,True,
2026-09-10T14:06:53.526539+00:00,AUD->PHP,200,Instarem,44.842,0.0,8968.4,68.49,instarem.com,True,
2026-09-10T14:06:53.526539+00:00,AUD->PHP,1000,Airwallex,44.786273,0.0,44786.27,80.83,airwallex.com,True,
2026-09-10T14:06:53.526539+00:00,AUD->PHP,1000,Instarem,44.842,0.0,44842.0,68.49,instarem.com,True,
2026-09-10T14:06:53.526539+00:00,AUD->PHP,5000,Airwallex,44.786273,0.0,223931.37,80.83,airwallex.com,True,
2026-09-10T14:06:53.526539+00:00,AUD->PHP,5000,Instarem,44.842,35.0,222640.53,138.01,instarem.com,True,
2026-09-10T14:06:53.526539+00:00,AUD->PHP,25000,Airwallex,44.786273,0.0,1119656.83,80.83,airwallex.com,True,
2026-09-10T14:06:53.526539+00:00,AUD->PHP,25000,Instarem,44.842,150.0,1114323.7,128.08,instarem.com,True,
2026-09-10T14:06:53.526539+00:00,AUD->PHP,50000,Airwallex,44.786273,0.0,2239313.65,80.83,airwallex.com,True,
2026-09-10T14:06:53.526539+00:00,AUD->PHP,50000,Instarem,44.842,300.0,2228647.4,128.08,instarem.com,True,
2026-09-10T14:06:53.526539+00:00,NZD->PHP,200,Airwallex,36.293448,0.0,7258.69,68.65,airwallex.com,True,
2026-09-10T14:06:53.526539+00:00,NZD->PHP,1000,Airwallex,36.293448,0.0,36293.45,68.65,airwallex.com,True,
2026-09-10T14:06:53.526539+00:00,NZD->PHP,5000,Airwallex,36.293448,0.0,181467.24,68.65,airwallex.com,True,
2026-09-10T14:06:53.526539+00:00,NZD->PHP,25000,Airwallex,36.293448,0.0,907336.2,68.65,airwallex.com,True,
2026-09-10T14:06:53.526539+00:00,NZD->PHP,50000,Airwallex,36.293448,0.0,1814672.4,68.65,airwallex.com,True,
2026-09-10T14:06:53.526539+00:00,SGD->PHP,200,Airwallex,49.322474,0.0,9864.49,26.84,airwallex.com,True,
2026-09-10T14:06:53.526539+00:00,SGD->PHP,200,Instarem,49.3859,0.0,9877.18,14.01,instarem.com,True,
2026-09-10T14:06:53.526539+00:00,SGD->PHP,1000,Airwallex,49.322474,0.0,49322.47,26.84,airwallex.com,True,
2026-09-10T14:06:53.526539+00:00,SGD->PHP,1000,Instarem,49.3859,0.0,49385.9,14.01,instarem.com,True,
2026-09-10T14:06:53.526539+00:00,SGD->PHP,5000,Airwallex,49.322474,0.0,246612.37,26.84,airwallex.com,True,
2026-09-10T14:06:53.526539+00:00,SGD->PHP,5000,Instarem,49.3859,22.5,245818.32,58.95,instarem.com,True,
2026-09-10T14:06:53.526539+00:00,SGD->PHP,25000,Airwallex,49.322474,0.0,1233061.85,26.84,airwallex.com,True,
2026-09-10T14:06:53.526539+00:00,SGD->PHP,25000,Instarem,49.3859,112.5,1229091.59,58.95,instarem.com,True,
2026-09-10T14:06:53.526539+00:00,SGD->PHP,50000,Airwallex,49.322474,0.0,2466123.7,26.84,airwallex.com,True,
2026-09-10T14:06:53.526539+00:00,SGD->PHP,50000,Instarem,49.3859,225.0,2458183.17,58.95,instarem.com,True,
2026-09-10T14:06:53.526539+00:00,USD->MXN,200,Airwallex,16.991756,0.0,3398.35,-55.05,airwallex.com,True,
2026-09-10T14:06:53.526539+00:00,USD->MXN,1000,Airwallex,16.991756,0.0,16991.76,-55.05,airwallex.com,True,
2026-09-10T14:06:53.526539+00:00,USD->MXN,5000,Airwallex,16.991756,0.0,84958.78,-55.05,airwallex.com,True,
2026-09-10T14:06:53.526539+00:00,USD->MXN,25000,Airwallex,16.991756,0.0,424793.9,-55.05,airwallex.com,True,
2026-09-10T14:06:53.526539+00:00,USD->MXN,50000,Airwallex,16.991756,0.0,849587.8,-55.05,airwallex.com,True,
2026-09-10T15:06:55.210212+00:00,AUD->PHP,200,Airwallex,44.785453,0.0,8957.09,81.02,airwallex.com,True,
2026-09-10T15:06:55.210212+00:00,AUD->PHP,200,Instarem,44.83,0.0,8966.0,71.15,instarem.com,True,
2026-09-10T15:06:55.210212+00:00,AUD->PHP,1000,Airwallex,44.785453,0.0,44785.45,81.02,airwallex.com,True,
2026-09-10T15:06:55.210212+00:00,AUD->PHP,1000,Instarem,44.83,0.0,44830.0,71.15,instarem.com,True,
2026-09-10T15:06:55.210212+00:00,AUD->PHP,5000,Airwallex,44.785453,0.0,223927.27,81.02,airwallex.com,True,
2026-09-10T15:06:55.210212+00:00,AUD->PHP,5000,Instarem,44.83,35.0,222580.95,140.65,instarem.com,True,
2026-09-10T15:06:55.210212+00:00,AUD->PHP,25000,Airwallex,44.785453,0.0,1119636.33,81.02,airwallex.com,True,
2026-09-10T15:06:55.210212+00:00,AUD->PHP,25000,Instarem,44.83,150.0,1114025.5,130.72,instarem.com,True,
2026-09-10T15:06:55.210212+00:00,AUD->PHP,50000,Airwallex,44.785453,0.0,2239272.65,81.02,airwallex.com,True,
2026-09-10T15:06:55.210212+00:00,AUD->PHP,50000,Instarem,44.83,300.0,2228051.0,130.72,instarem.com,True,
2026-09-10T15:06:55.210212+00:00,NZD->PHP,200,Airwallex,36.289572,0.0,7257.91,69.71,airwallex.com,True,
2026-09-10T15:06:55.210212+00:00,NZD->PHP,1000,Airwallex,36.289572,0.0,36289.57,69.71,airwallex.com,True,
2026-09-10T15:06:55.210212+00:00,NZD->PHP,5000,Airwallex,36.289572,0.0,181447.86,69.71,airwallex.com,True,
2026-09-10T15:06:55.210212+00:00,NZD->PHP,25000,Airwallex,36.289572,0.0,907239.3,69.71,airwallex.com,True,
2026-09-10T15:06:55.210212+00:00,NZD->PHP,50000,Airwallex,36.289572,0.0,1814478.6,69.71,airwallex.com,True,
2026-09-10T15:06:55.210212+00:00,SGD->PHP,200,Airwallex,49.326516,0.0,9865.3,26.02,airwallex.com,True,
2026-09-10T15:06:55.210212+00:00,SGD->PHP,200,Instarem,49.3796,0.0,9875.92,15.28,instarem.com,True,
2026-09-10T15:06:55.210212+00:00,SGD->PHP,1000,Airwallex,49.326516,0.0,49326.52,26.02,airwallex.com,True,
2026-09-10T15:06:55.210212+00:00,SGD->PHP,1000,Instarem,49.3796,0.0,49379.6,15.28,instarem.com,True,
2026-09-10T15:06:55.210212+00:00,SGD->PHP,5000,Airwallex,49.326516,0.0,246632.58,26.02,airwallex.com,True,
2026-09-10T15:06:55.210212+00:00,SGD->PHP,5000,Instarem,49.3796,22.5,245786.96,60.22,instarem.com,True,
2026-09-10T15:06:55.210212+00:00,SGD->PHP,25000,Airwallex,49.326516,0.0,1233162.9,26.02,airwallex.com,True,
2026-09-10T15:06:55.210212+00:00,SGD->PHP,25000,Instarem,49.3796,112.5,1228934.8,60.22,instarem.com,True,
2026-09-10T15:06:55.210212+00:00,SGD->PHP,50000,Airwallex,49.326516,0.0,2466325.8,26.02,airwallex.com,True,
2026-09-10T15:06:55.210212+00:00,SGD->PHP,50000,Instarem,49.3796,225.0,2457869.59,60.22,instarem.com,True,
2026-09-10T15:06:55.210212+00:00,USD->MXN,200,Airwallex,16.96924,0.0,3393.85,-41.73,airwallex.com,True,
2026-09-10T15:06:55.210212+00:00,USD->MXN,1000,Airwallex,16.96924,0.0,16969.24,-41.73,airwallex.com,True,
2026-09-10T15:06:55.210212+00:00,USD->MXN,5000,Airwallex,16.96924,0.0,84846.2,-41.73,airwallex.com,True,
2026-09-10T15:06:55.210212+00:00,USD->MXN,25000,Airwallex,16.96924,0.0,424231.0,-41.73,airwallex.com,True,
2026-09-10T15:06:55.210212+00:00,USD->MXN,50000,Airwallex,16.96924,0.0,848462.0,-41.73,airwallex.com,True,
2026-09-10T16:06:49.697248+00:00,AUD->PHP,200,Airwallex,44.791348,0.0,8958.27,79.71,airwallex.com,True,
2026-09-10T16:06:49.697248+00:00,AUD->PHP,200,Instarem,44.852,0.0,8970.4,66.28,instarem.com,True,
2026-09-10T16:06:49.697248+00:00,AUD->PHP,1000,Airwallex,44.791348,0.0,44791.35,79.71,airwallex.com,True,
2026-09-10T16:06:49.697248+00:00,AUD->PHP,1000,Instarem,44.852,0.0,44852.0,66.28,instarem.com,True,
2026-09-10T16:06:49.697248+00:00,AUD->PHP,5000,Airwallex,44.791348,0.0,223956.74,79.71,airwallex.com,True,
2026-09-10T16:06:49.697248+00:00,AUD->PHP,5000,Instarem,44.852,35.0,222690.18,135.81,instarem.com,True,
2026-09-10T16:06:49.697248+00:00,AUD->PHP,25000,Airwallex,44.791348,0.0,1119783.7,79.71,airwallex.com,True,
2026-09-10T16:06:49.697248+00:00,AUD->PHP,25000,Instarem,44.852,150.0,1114572.2,125.88,instarem.com,True,
2026-09-10T16:06:49.697248+00:00,AUD->PHP,50000,Airwallex,44.791348,0.0,2239567.4,79.71,airwallex.com,True,
2026-09-10T16:06:49.697248+00:00,AUD->PHP,50000,Instarem,44.852,300.0,2229144.4,125.88,instarem.com,True,
2026-09-10T16:06:49.697248+00:00,NZD->PHP,200,Airwallex,36.282565,0.0,7256.51,71.63,airwallex.com,True,
2026-09-10T16:06:49.697248+00:00,NZD->PHP,1000,Airwallex,36.282565,0.0,36282.57,71.62,airwallex.com,True,
2026-09-10T16:06:49.697248+00:00,NZD->PHP,5000,Airwallex,36.282565,0.0,181412.83,71.62,airwallex.com,True,
2026-09-10T16:06:49.697248+00:00,NZD->PHP,25000,Airwallex,36.282565,0.0,907064.13,71.62,airwallex.com,True,
2026-09-10T16:06:49.697248+00:00,NZD->PHP,50000,Airwallex,36.282565,0.0,1814128.25,71.62,airwallex.com,True,
2026-09-10T16:06:49.697248+00:00,SGD->PHP,200,Airwallex,49.332219,0.0,9866.44,24.87,airwallex.com,True,
2026-09-10T16:06:49.697248+00:00,SGD->PHP,200,Instarem,49.408,0.0,9881.6,9.54,instarem.com,True,
2026-09-10T16:06:49.697248+00:00,SGD->PHP,1000,Airwallex,49.332219,0.0,49332.22,24.87,airwallex.com,True,
2026-09-10T16:06:49.697248+00:00,SGD->PHP,1000,Instarem,49.408,0.0,49408.0,9.54,instarem.com,True,
2026-09-10T16:06:49.697248+00:00,SGD->PHP,5000,Airwallex,49.332219,0.0,246661.1,24.87,airwallex.com,True,
2026-09-10T16:06:49.697248+00:00,SGD->PHP,5000,Instarem,49.408,22.5,245928.32,54.5,instarem.com,True,
2026-09-10T16:06:49.697248+00:00,SGD->PHP,25000,Airwallex,49.332219,0.0,1233305.48,24.87,airwallex.com,True,
2026-09-10T16:06:49.697248+00:00,SGD->PHP,25000,Instarem,49.408,112.5,1229641.6,54.5,instarem.com,True,
2026-09-10T16:06:49.697248+00:00,SGD->PHP,50000,Airwallex,49.332219,0.0,2466610.95,24.87,airwallex.com,True,
2026-09-10T16:06:49.697248+00:00,SGD->PHP,50000,Instarem,49.408,225.0,2459283.2,54.5,instarem.com,True,
2026-09-10T16:06:49.697248+00:00,USD->MXN,200,Airwallex,16.965258,0.0,3393.05,-39.37,airwallex.com,True,
2026-09-10T16:06:49.697248+00:00,USD->MXN,1000,Airwallex,16.965187,0.0,16965.19,-39.33,airwallex.com,True,
2026-09-10T16:06:49.697248+00:00,USD->MXN,5000,Airwallex,16.965187,0.0,84825.94,-39.33,airwallex.com,True,
2026-09-10T16:06:49.697248+00:00,USD->MXN,25000,Airwallex,16.965187,0.0,424129.68,-39.33,airwallex.com,True,
2026-09-10T16:06:49.697248+00:00,USD->MXN,50000,Airwallex,16.965187,0.0,848259.35,-39.33,airwallex.com,True,
2026-09-10T17:06:49.931975+00:00,AUD->PHP,200,Airwallex,44.783628,0.0,8956.73,81.41,airwallex.com,True,
2026-09-10T17:06:49.931975+00:00,AUD->PHP,200,Instarem,44.85,0.0,8970.0,66.72,instarem.com,True,
2026-09-10T17:06:49.931975+00:00,AUD->PHP,1000,Airwallex,44.783628,0.0,44783.63,81.42,airwallex.com,True,
2026-09-10T17:06:49.931975+00:00,AUD->PHP,1000,Instarem,44.85,0.0,44850.0,66.72,instarem.com,True,
2026-09-10T17:06:49.931975+00:00,AUD->PHP,5000,Airwallex,44.783628,0.0,223918.14,81.42,airwallex.com,True,
2026-09-10T17:06:49.931975+00:00,AUD->PHP,5000,Instarem,44.85,35.0,222680.25,136.25,instarem.com,True,
2026-09-10T17:06:49.931975+00:00,AUD->PHP,25000,Airwallex,44.783628,0.0,1119590.7,81.42,airwallex.com,True,
2026-09-10T17:06:49.931975+00:00,AUD->PHP,25000,Instarem,44.85,150.0,1114522.5,126.32,instarem.com,True,
2026-09-10T17:06:49.931975+00:00,AUD->PHP,50000,Airwallex,44.783628,0.0,2239181.4,81.42,airwallex.com,True,
2026-09-10T17:06:49.931975+00:00,AUD->PHP,50000,Instarem,44.85,300.0,2229045.0,126.32,instarem.com,True,
2026-09-10T17:06:49.931975+00:00,NZD->PHP,200,Airwallex,36.274754,0.0,7254.95,73.76,airwallex.com,True,
2026-09-10T17:06:49.931975+00:00,NZD->PHP,1000,Airwallex,36.274754,0.0,36274.75,73.76,airwallex.com,True,
2026-09-10T17:06:49.931975+00:00,NZD->PHP,5000,Airwallex,36.274754,0.0,181373.77,73.76,airwallex.com,True,
2026-09-10T17:06:49.931975+00:00,NZD->PHP,25000,Airwallex,36.274754,0.0,906868.85,73.76,airwallex.com,True,
2026-09-10T17:06:49.931975+00:00,NZD->PHP,50000,Airwallex,36.274754,0.0,1813737.7,73.76,airwallex.com,True,
2026-09-10T17:06:49.931975+00:00,SGD->PHP,200,Airwallex,49.316183,0.0,9863.24,28.1,airwallex.com,True,
2026-09-10T17:06:49.931975+00:00,SGD->PHP,200,Instarem,49.3861,0.0,9877.22,13.97,instarem.com,True,
2026-09-10T17:06:49.931975+00:00,SGD->PHP,1000,Airwallex,49.316183,0.0,49316.18,28.11,airwallex.com,True,
2026-09-10T17:06:49.931975+00:00,SGD->PHP,1000,Instarem,49.3861,0.0,49386.1,13.97,instarem.com,True,
2026-09-10T17:06:49.931975+00:00,SGD->PHP,5000,Airwallex,49.316183,0.0,246580.92,28.11,airwallex.com,True,
2026-09-10T17:06:49.931975+00:00,SGD->PHP,5000,Instarem,49.3861,22.5,245819.31,58.91,instarem.com,True,
2026-09-10T17:06:49.931975+00:00,SGD->PHP,25000,Airwallex,49.316183,0.0,1232904.58,28.11,airwallex.com,True,
2026-09-10T17:06:49.931975+00:00,SGD->PHP,25000,Instarem,49.3861,112.5,1229096.56,58.91,instarem.com,True,
2026-09-10T17:06:49.931975+00:00,SGD->PHP,50000,Airwallex,49.316183,0.0,2465809.15,28.11,airwallex.com,True,
2026-09-10T17:06:49.931975+00:00,SGD->PHP,50000,Instarem,49.3861,225.0,2458193.13,58.91,instarem.com,True,
2026-09-10T17:06:49.931975+00:00,USD->MXN,200,Airwallex,16.9636,0.0,3392.72,-38.39,airwallex.com,True,
2026-09-10T17:06:49.931975+00:00,USD->MXN,1000,Airwallex,16.9636,0.0,16963.6,-38.39,airwallex.com,True,
2026-09-10T17:06:49.931975+00:00,USD->MXN,5000,Airwallex,16.9636,0.0,84818.0,-38.39,airwallex.com,True,
2026-09-10T17:06:49.931975+00:00,USD->MXN,25000,Airwallex,16.9636,0.0,424090.0,-38.39,airwallex.com,True,
2026-09-10T17:06:49.931975+00:00,USD->MXN,50000,Airwallex,16.9636,0.0,848180.0,-38.39,airwallex.com,True,
2026-09-10T18:06:50.693992+00:00,AUD->PHP,200,Airwallex,44.765877,0.0,8953.18,85.35,airwallex.com,True,
2026-09-10T18:06:50.693992+00:00,AUD->PHP,200,Instarem,44.831,0.0,8966.2,70.93,instarem.com,True,
2026-09-10T18:06:50.693992+00:00,AUD->PHP,1000,Airwallex,44.765877,0.0,44765.88,85.35,airwallex.com,True,
2026-09-10T18:06:50.693992+00:00,AUD->PHP,1000,Instarem,44.831,0.0,44831.0,70.93,instarem.com,True,
2026-09-10T18:06:50.693992+00:00,AUD->PHP,5000,Airwallex,44.765877,0.0,223829.39,85.35,airwallex.com,True,
2026-09-10T18:06:50.693992+00:00,AUD->PHP,5000,Instarem,44.831,35.0,222585.92,140.43,instarem.com,True,
2026-09-10T18:06:50.693992+00:00,AUD->PHP,25000,Airwallex,44.765877,0.0,1119146.93,85.35,airwallex.com,True,
2026-09-10T18:06:50.693992+00:00,AUD->PHP,25000,Instarem,44.831,150.0,1114050.35,130.5,instarem.com,True,
2026-09-10T18:06:50.693992+00:00,AUD->PHP,50000,Airwallex,44.765877,0.0,2238293.85,85.35,airwallex.com,True,
2026-09-10T18:06:50.693992+00:00,AUD->PHP,50000,Instarem,44.831,300.0,2228100.7,130.5,instarem.com,True,
2026-09-10T18:06:50.693992+00:00,NZD->PHP,200,Airwallex,36.25244,0.0,7250.49,79.87,airwallex.com,True,
2026-09-10T18:06:50.693992+00:00,NZD->PHP,1000,Airwallex,36.25244,0.0,36252.44,79.87,airwallex.com,True,
2026-09-10T18:06:50.693992+00:00,NZD->PHP,5000,Airwallex,36.25244,0.0,181262.2,79.87,airwallex.com,True,
2026-09-10T18:06:50.693992+00:00,NZD->PHP,25000,Airwallex,36.25244,0.0,906311.0,79.87,airwallex.com,True,
2026-09-10T18:06:50.693992+00:00,NZD->PHP,50000,Airwallex,36.25244,0.0,1812622.0,79.87,airwallex.com,True,
2026-09-10T18:06:50.693992+00:00,SGD->PHP,200,Airwallex,49.309063,0.0,9861.81,29.55,airwallex.com,True,
2026-09-10T18:06:50.693992+00:00,SGD->PHP,200,Instarem,49.3666,0.0,9873.32,17.91,instarem.com,True,
2026-09-10T18:06:50.693992+00:00,SGD->PHP,1000,Airwallex,49.309063,0.0,49309.06,29.55,airwallex.com,True,
2026-09-10T18:06:50.693992+00:00,SGD->PHP,1000,Instarem,49.3666,0.0,49366.6,17.91,instarem.com,True,
2026-09-10T18:06:50.693992+00:00,SGD->PHP,5000,Airwallex,49.309063,0.0,246545.32,29.55,airwallex.com,True,
2026-09-10T18:06:50.693992+00:00,SGD->PHP,5000,Instarem,49.3666,22.5,245722.25,62.83,instarem.com,True,
2026-09-10T18:06:50.693992+00:00,SGD->PHP,25000,Airwallex,49.309063,0.0,1232726.58,29.55,airwallex.com,True,
2026-09-10T18:06:50.693992+00:00,SGD->PHP,25000,Instarem,49.3666,112.5,1228611.26,62.83,instarem.com,True,
2026-09-10T18:06:50.693992+00:00,SGD->PHP,50000,Airwallex,49.309063,0.0,2465453.15,29.55,airwallex.com,True,
2026-09-10T18:06:50.693992+00:00,SGD->PHP,50000,Instarem,49.3666,225.0,2457222.52,62.83,instarem.com,True,
2026-09-10T18:06:50.693992+00:00,USD->MXN,200,Airwallex,16.965063,0.0,3393.01,-39.25,airwallex.com,True,
2026-09-10T18:06:50.693992+00:00,USD->MXN,1000,Airwallex,16.965063,0.0,16965.06,-39.25,airwallex.com,True,
2026-09-10T18:06:50.693992+00:00,USD->MXN,5000,Airwallex,16.965063,0.0,84825.32,-39.26,airwallex.com,True,
2026-09-10T18:06:50.693992+00:00,USD->MXN,25000,Airwallex,16.965063,0.0,424126.58,-39.26,airwallex.com,True,
2026-09-10T18:06:50.693992+00:00,USD->MXN,50000,Airwallex,16.965063,0.0,848253.15,-39.26,airwallex.com,True,
2026-09-10T19:06:54.901807+00:00,AUD->PHP,200,Airwallex,44.734874,0.0,8946.97,92.22,airwallex.com,True,
2026-09-10T19:06:54.901807+00:00,AUD->PHP,200,Instarem,44.794,0.0,8958.8,79.12,instarem.com,True,
2026-09-10T19:06:54.901807+00:00,AUD->PHP,1000,Airwallex,44.734874,0.0,44734.87,92.22,airwallex.com,True,
2026-09-10T19:06:54.901807+00:00,AUD->PHP,1000,Instarem,44.794,0.0,44794.0,79.12,instarem.com,True,
2026-09-10T19:06:54.901807+00:00,AUD->PHP,5000,Airwallex,44.734874,0.0,223674.37,92.22,airwallex.com,True,
2026-09-10T19:06:54.901807+00:00,AUD->PHP,5000,Instarem,44.794,35.0,222402.21,148.57,instarem.com,True,
2026-09-10T19:06:54.901807+00:00,AUD->PHP,25000,Airwallex,44.734874,0.0,1118371.85,92.22,airwallex.com,True,
2026-09-10T19:06:54.901807+00:00,AUD->PHP,25000,Instarem,44.794,150.0,1113130.9,138.65,instarem.com,True,
2026-09-10T19:06:54.901807+00:00,AUD->PHP,50000,Airwallex,44.734874,0.0,2236743.7,92.22,airwallex.com,True,
2026-09-10T19:06:54.901807+00:00,AUD->PHP,50000,Instarem,44.794,300.0,2226261.8,138.65,instarem.com,True,
2026-09-10T19:06:54.901807+00:00,NZD->PHP,200,Airwallex,36.217874,0.0,7243.57,89.33,airwallex.com,True,
2026-09-10T19:06:54.901807+00:00,NZD->PHP,1000,Airwallex,36.217874,0.0,36217.87,89.33,airwallex.com,True,
2026-09-10T19:06:54.901807+00:00,NZD->PHP,5000,Airwallex,36.217874,0.0,181089.37,89.33,airwallex.com,True,
2026-09-10T19:06:54.901807+00:00,NZD->PHP,25000,Airwallex,36.217874,0.0,905446.85,89.33,airwallex.com,True,
2026-09-10T19:06:54.901807+00:00,NZD->PHP,50000,Airwallex,36.217874,0.0,1810893.7,89.33,airwallex.com,True,
2026-09-10T19:06:54.901807+00:00,SGD->PHP,200,Airwallex,49.288961,0.0,9857.79,33.61,airwallex.com,True,
2026-09-10T19:06:54.901807+00:00,SGD->PHP,200,Instarem,49.3549,0.0,9870.98,20.28,instarem.com,True,
2026-09-10T19:06:54.901807+00:00,SGD->PHP,1000,Airwallex,49.288961,0.0,49288.96,33.61,airwallex.com,True,
2026-09-10T19:06:54.901807+00:00,SGD->PHP,1000,Instarem,49.3549,0.0,49354.9,20.28,instarem.com,True,
2026-09-10T19:06:54.901807+00:00,SGD->PHP,5000,Airwallex,49.288961,0.0,246444.81,33.61,airwallex.com,True,
2026-09-10T19:06:54.901807+00:00,SGD->PHP,5000,Instarem,49.3549,22.5,245664.01,65.19,instarem.com,True,
2026-09-10T19:06:54.901807+00:00,SGD->PHP,25000,Airwallex,49.288961,0.0,1232224.03,33.61,airwallex.com,True,
2026-09-10T19:06:54.901807+00:00,SGD->PHP,25000,Instarem,49.3549,112.5,1228320.07,65.19,instarem.com,True,
2026-09-10T19:06:54.901807+00:00,SGD->PHP,50000,Airwallex,49.288961,0.0,2464448.05,33.61,airwallex.com,True,
2026-09-10T19:06:54.901807+00:00,SGD->PHP,50000,Instarem,49.3549,225.0,2456640.15,65.19,instarem.com,True,
2026-09-10T19:06:54.901807+00:00,USD->MXN,200,Airwallex,16.980738,0.0,3396.15,-48.54,airwallex.com,True,
2026-09-10T19:06:54.901807+00:00,USD->MXN,1000,Airwallex,16.980738,0.0,16980.74,-48.53,airwallex.com,True,
2026-09-10T19:06:54.901807+00:00,USD->MXN,5000,Airwallex,16.980738,0.0,84903.69,-48.53,airwallex.com,True,
2026-09-10T19:06:54.901807+00:00,USD->MXN,25000,Airwallex,16.980738,0.0,424518.45,-48.53,airwallex.com,True,
2026-09-10T19:06:54.901807+00:00,USD->MXN,50000,Airwallex,16.980738,0.0,849036.9,-48.53,airwallex.com,True,
2026-09-10T20:06:53.770054+00:00,AUD->PHP,200,Airwallex,44.734811,0.0,8946.96,92.23,airwallex.com,True,
2026-09-10T20:06:53.770054+00:00,AUD->PHP,200,Instarem,44.794,0.0,8958.8,79.12,instarem.com,True,
2026-09-10T20:06:53.770054+00:00,AUD->PHP,1000,Airwallex,44.734811,0.0,44734.81,92.23,airwallex.com,True,
2026-09-10T20:06:53.770054+00:00,AUD->PHP,1000,Instarem,44.794,0.0,44794.0,79.12,instarem.com,True,
2026-09-10T20:06:53.770054+00:00,AUD->PHP,5000,Airwallex,44.734811,0.0,223674.06,92.23,airwallex.com,True,
2026-09-10T20:06:53.770054+00:00,AUD->PHP,5000,Instarem,44.794,35.0,222402.21,148.57,instarem.com,True,
2026-09-10T20:06:53.770054+00:00,AUD->PHP,25000,Airwallex,44.734811,0.0,1118370.28,92.23,airwallex.com,True,
2026-09-10T20:06:53.770054+00:00,AUD->PHP,25000,Instarem,44.794,150.0,1113130.9,138.65,instarem.com,True,
2026-09-10T20:06:53.770054+00:00,AUD->PHP,50000,Airwallex,44.734811,0.0,2236740.55,92.23,airwallex.com,True,
2026-09-10T20:06:53.770054+00:00,AUD->PHP,50000,Instarem,44.794,300.0,2226261.8,138.65,instarem.com,True,
2026-09-10T20:06:53.770054+00:00,NZD->PHP,200,Airwallex,36.22075,0.0,7244.15,88.54,airwallex.com,True,
2026-09-10T20:06:53.770054+00:00,NZD->PHP,1000,Airwallex,36.22075,0.0,36220.75,88.54,airwallex.com,True,
2026-09-10T20:06:53.770054+00:00,NZD->PHP,5000,Airwallex,36.22075,0.0,181103.75,88.54,airwallex.com,True,
2026-09-10T20:06:53.770054+00:00,NZD->PHP,25000,Airwallex,36.22075,0.0,905518.75,88.54,airwallex.com,True,
2026-09-10T20:06:53.770054+00:00,NZD->PHP,50000,Airwallex,36.22075,0.0,1811037.5,88.54,airwallex.com,True,
2026-09-10T20:06:53.770054+00:00,SGD->PHP,200,Airwallex,49.278586,0.0,9855.72,35.71,airwallex.com,True,
2026-09-10T20:06:53.770054+00:00,SGD->PHP,200,Instarem,49.3394,0.0,9867.88,23.41,instarem.com,True,
2026-09-10T20:06:53.770054+00:00,SGD->PHP,1000,Airwallex,49.278586,0.0,49278.59,35.71,airwallex.com,True,
2026-09-10T20:06:53.770054+00:00,SGD->PHP,1000,Instarem,49.3394,0.0,49339.4,23.41,instarem.com,True,
2026-09-10T20:06:53.770054+00:00,SGD->PHP,5000,Airwallex,49.278586,0.0,246392.93,35.71,airwallex.com,True,
2026-09-10T20:06:53.770054+00:00,SGD->PHP,5000,Instarem,49.3394,22.5,245586.86,68.31,instarem.com,True,
2026-09-10T20:06:53.770054+00:00,SGD->PHP,25000,Airwallex,49.278586,0.0,1231964.65,35.71,airwallex.com,True,
2026-09-10T20:06:53.770054+00:00,SGD->PHP,25000,Instarem,49.3394,112.5,1227934.32,68.31,instarem.com,True,
2026-09-10T20:06:53.770054+00:00,SGD->PHP,50000,Airwallex,49.278586,0.0,2463929.3,35.71,airwallex.com,True,
2026-09-10T20:06:53.770054+00:00,SGD->PHP,50000,Instarem,49.3394,225.0,2455868.64,68.31,instarem.com,True,
2026-09-10T20:06:53.770054+00:00,USD->MXN,200,Airwallex,16.995098,0.0,3399.02,-57.03,airwallex.com,True,
2026-09-10T20:06:53.770054+00:00,USD->MXN,1000,Airwallex,16.995098,0.0,16995.1,-57.03,airwallex.com,True,
2026-09-10T20:06:53.770054+00:00,USD->MXN,5000,Airwallex,16.995098,0.0,84975.49,-57.03,airwallex.com,True,
2026-09-10T20:06:53.770054+00:00,USD->MXN,25000,Airwallex,16.995098,0.0,424877.45,-57.03,airwallex.com,True,
2026-09-10T20:06:53.770054+00:00,USD->MXN,50000,Airwallex,16.995098,0.0,849754.9,-57.03,airwallex.com,True,
2026-09-10T21:06:53.191814+00:00,AUD->PHP,200,Airwallex,44.698321,0.0,8939.66,100.32,airwallex.com,True,
2026-09-10T21:06:53.191814+00:00,AUD->PHP,200,Instarem,44.759,0.0,8951.8,86.87,instarem.com,True,
2026-09-10T21:06:53.191814+00:00,AUD->PHP,1000,Airwallex,44.698321,0.0,44698.32,100.31,airwallex.com,True,
2026-09-10T21:06:53.191814+00:00,AUD->PHP,1000,Instarem,44.759,0.0,44759.0,86.87,instarem.com,True,
2026-09-10T21:06:53.191814+00:00,AUD->PHP,5000,Airwallex,44.698321,0.0,223491.61,100.31,airwallex.com,True,
2026-09-10T21:06:53.191814+00:00,AUD->PHP,5000,Instarem,44.759,35.0,222228.44,156.27,instarem.com,True,
2026-09-10T21:06:53.191814+00:00,AUD->PHP,25000,Airwallex,44.698321,0.0,1117458.03,100.31,airwallex.com,True,
2026-09-10T21:06:53.191814+00:00,AUD->PHP,25000,Instarem,44.759,150.0,1112261.15,146.35,instarem.com,True,
2026-09-10T21:06:53.191814+00:00,AUD->PHP,50000,Airwallex,44.698321,0.0,2234916.05,100.31,airwallex.com,True,
2026-09-10T21:06:53.191814+00:00,AUD->PHP,50000,Instarem,44.759,300.0,2224522.3,146.35,instarem.com,True,
2026-09-10T21:06:53.191814+00:00,NZD->PHP,200,Airwallex,36.195086,0.0,7239.02,95.56,airwallex.com,True,
2026-09-10T21:06:53.191814+00:00,NZD->PHP,1000,Airwallex,36.195086,0.0,36195.09,95.56,airwallex.com,True,
2026-09-10T21:06:53.191814+00:00,NZD->PHP,5000,Airwallex,36.195086,0.0,180975.43,95.56,airwallex.com,True,
2026-09-10T21:06:53.191814+00:00,NZD->PHP,25000,Airwallex,36.195086,0.0,904877.15,95.56,airwallex.com,True,
2026-09-10T21:06:53.191814+00:00,NZD->PHP,50000,Airwallex,36.195086,0.0,1809754.3,95.56,airwallex.com,True,
2026-09-10T21:06:53.191814+00:00,SGD->PHP,200,Airwallex,49.241529,0.0,9848.31,43.2,airwallex.com,True,
2026-09-10T21:06:53.191814+00:00,SGD->PHP,200,Instarem,49.3111,0.0,9862.22,29.14,instarem.com,True,
2026-09-10T21:06:53.191814+00:00,SGD->PHP,1000,Airwallex,49.241529,0.0,49241.53,43.2,airwallex.com,True,
2026-09-10T21:06:53.191814+00:00,SGD->PHP,1000,Instarem,49.3111,0.0,49311.1,29.14,instarem.com,True,
2026-09-10T21:06:53.191814+00:00,SGD->PHP,5000,Airwallex,49.241529,0.0,246207.65,43.2,airwallex.com,True,
2026-09-10T21:06:53.191814+00:00,SGD->PHP,5000,Instarem,49.3111,22.5,245446.0,74.0,instarem.com,True,
2026-09-10T21:06:53.191814+00:00,SGD->PHP,25000,Airwallex,49.241529,0.0,1231038.23,43.2,airwallex.com,True,
2026-09-10T21:06:53.191814+00:00,SGD->PHP,25000,Instarem,49.3111,112.5,1227230.0,74.0,instarem.com,True,
2026-09-10T21:06:53.191814+00:00,SGD->PHP,50000,Airwallex,49.241529,0.0,2462076.45,43.2,airwallex.com,True,
2026-09-10T21:06:53.191814+00:00,SGD->PHP,50000,Instarem,49.3111,225.0,2454460.0,74.0,instarem.com,True,
2026-09-10T21:06:53.191814+00:00,USD->MXN,200,Airwallex,16.972073,0.0,3394.41,-43.39,airwallex.com,True,
2026-09-10T21:06:53.191814+00:00,USD->MXN,1000,Airwallex,16.972073,0.0,16972.07,-43.4,airwallex.com,True,
2026-09-10T21:06:53.191814+00:00,USD->MXN,5000,Airwallex,16.972073,0.0,84860.37,-43.4,airwallex.com,True,
2026-09-10T21:06:53.191814+00:00,USD->MXN,25000,Airwallex,16.972073,0.0,424301.83,-43.4,airwallex.com,True,
2026-09-10T21:06:53.191814+00:00,USD->MXN,50000,Airwallex,16.972073,0.0,848603.65,-43.4,airwallex.com,True,
2026-09-10T22:07:10.829038+00:00,AUD->PHP,200,Airwallex,44.714344,0.0,8942.87,96.76,airwallex.com,True,
2026-09-10T22:07:10.829038+00:00,AUD->PHP,200,Instarem,44.769,0.0,8953.8,84.66,instarem.com,True,
2026-09-10T22:07:10.829038+00:00,AUD->PHP,1000,Airwallex,44.714344,0.0,44714.34,96.77,airwallex.com,True,
2026-09-10T22:07:10.829038+00:00,AUD->PHP,1000,Instarem,44.769,0.0,44769.0,84.66,instarem.com,True,
2026-09-10T22:07:10.829038+00:00,AUD->PHP,5000,Airwallex,44.714344,0.0,223571.72,96.76,airwallex.com,True,
2026-09-10T22:07:10.829038+00:00,AUD->PHP,5000,Instarem,44.769,35.0,222278.09,154.07,instarem.com,True,
2026-09-10T22:07:10.829038+00:00,AUD->PHP,25000,Airwallex,44.714344,0.0,1117858.6,96.76,airwallex.com,True,
2026-09-10T22:07:10.829038+00:00,AUD->PHP,25000,Instarem,44.769,150.0,1112509.65,144.15,instarem.com,True,
2026-09-10T22:07:10.829038+00:00,AUD->PHP,50000,Airwallex,44.714344,0.0,2235717.2,96.76,airwallex.com,True,
2026-09-10T22:07:10.829038+00:00,AUD->PHP,50000,Instarem,44.769,300.0,2225019.3,144.15,instarem.com,True,
2026-09-10T22:07:10.829038+00:00,NZD->PHP,200,Airwallex,36.20876,0.0,7241.75,91.82,airwallex.com,True,
2026-09-10T22:07:10.829038+00:00,NZD->PHP,1000,Airwallex,36.20876,0.0,36208.76,91.82,airwallex.com,True,
2026-09-10T22:07:10.829038+00:00,NZD->PHP,5000,Airwallex,36.20876,0.0,181043.8,91.82,airwallex.com,True,
2026-09-10T22:07:10.829038+00:00,NZD->PHP,25000,Airwallex,36.20876,0.0,905219.0,91.82,airwallex.com,True,
2026-09-10T22:07:10.829038+00:00,NZD->PHP,50000,Airwallex,36.20876,0.0,1810438.0,91.82,airwallex.com,True,
2026-09-10T22:07:10.829038+00:00,SGD->PHP,200,Airwallex,49.266582,0.0,9853.32,38.13,airwallex.com,True,
2026-09-10T22:07:10.829038+00:00,SGD->PHP,200,Instarem,49.3352,0.0,9867.04,24.26,instarem.com,True,
2026-09-10T22:07:10.829038+00:00,SGD->PHP,1000,Airwallex,49.266582,0.0,49266.58,38.14,airwallex.com,True,
2026-09-10T22:07:10.829038+00:00,SGD->PHP,1000,Instarem,49.3352,0.0,49335.2,24.26,instarem.com,True,
2026-09-10T22:07:10.829038+00:00,SGD->PHP,5000,Airwallex,49.266582,0.0,246332.91,38.14,airwallex.com,True,
2026-09-10T22:07:10.829038+00:00,SGD->PHP,5000,Instarem,49.3352,22.5,245565.96,69.15,instarem.com,True,
2026-09-10T22:07:10.829038+00:00,SGD->PHP,25000,Airwallex,49.266582,0.0,1231664.55,38.14,airwallex.com,True,
2026-09-10T22:07:10.829038+00:00,SGD->PHP,25000,Instarem,49.3352,112.5,1227829.79,69.15,instarem.com,True,
2026-09-10T22:07:10.829038+00:00,SGD->PHP,50000,Airwallex,49.266582,0.0,2463329.1,38.14,airwallex.com,True,
2026-09-10T22:07:10.829038+00:00,SGD->PHP,50000,Instarem,49.3352,225.0,2455659.58,69.15,instarem.com,True,
2026-09-10T22:07:10.829038+00:00,USD->MXN,200,Airwallex,16.978891,0.0,3395.78,-47.44,airwallex.com,True,
2026-09-10T22:07:10.829038+00:00,USD->MXN,1000,Airwallex,16.978891,0.0,16978.89,-47.44,airwallex.com,True,
2026-09-10T22:07:10.829038+00:00,USD->MXN,5000,Airwallex,16.978891,0.0,84894.46,-47.44,airwallex.com,True,
2026-09-10T22:07:10.829038+00:00,USD->MXN,25000,Airwallex,16.978891,0.0,424472.28,-47.44,airwallex.com,True,
2026-09-10T22:07:10.829038+00:00,USD->MXN,50000,Airwallex,16.978891,0.0,848944.55,-47.44,airwallex.com,True,
2026-09-10T23:06:52.146504+00:00,AUD->PHP,200,Airwallex,44.720717,0.0,8944.14,95.36,airwallex.com,True,
2026-09-10T23:06:52.146504+00:00,AUD->PHP,200,Instarem,44.782,0.0,8956.4,81.78,instarem.com,True,
2026-09-10T23:06:52.146504+00:00,AUD->PHP,1000,Airwallex,44.720717,0.0,44720.72,95.35,airwallex.com,True,
2026-09-10T23:06:52.146504+00:00,AUD->PHP,1000,Instarem,44.782,0.0,44782.0,81.78,instarem.com,True,
2026-09-10T23:06:52.146504+00:00,AUD->PHP,5000,Airwallex,44.720717,0.0,223603.59,95.35,airwallex.com,True,
2026-09-10T23:06:52.146504+00:00,AUD->PHP,5000,Instarem,44.782,35.0,222342.63,151.21,instarem.com,True,
2026-09-10T23:06:52.146504+00:00,AUD->PHP,25000,Airwallex,44.720717,0.0,1118017.93,95.35,airwallex.com,True,
2026-09-10T23:06:52.146504+00:00,AUD->PHP,25000,Instarem,44.782,150.0,1112832.7,141.29,instarem.com,True,
2026-09-10T23:06:52.146504+00:00,AUD->PHP,50000,Airwallex,44.720717,0.0,2236035.85,95.35,airwallex.com,True,
2026-09-10T23:06:52.146504+00:00,AUD->PHP,50000,Instarem,44.782,300.0,2225665.4,141.29,instarem.com,True,
2026-09-10T23:06:52.146504+00:00,NZD->PHP,200,Airwallex,36.266058,0.0,7253.21,76.14,airwallex.com,True,
2026-09-10T23:06:52.146504+00:00,NZD->PHP,1000,Airwallex,36.266058,0.0,36266.06,76.14,airwallex.com,True,
2026-09-10T23:06:52.146504+00:00,NZD->PHP,5000,Airwallex,36.266058,0.0,181330.29,76.14,airwallex.com,True,
2026-09-10T23:06:52.146504+00:00,NZD->PHP,25000,Airwallex,36.266058,0.0,906651.45,76.14,airwallex.com,True,
2026-09-10T23:06:52.146504+00:00,NZD->PHP,50000,Airwallex,36.266058,0.0,1813302.9,76.14,airwallex.com,True,
2026-09-10T23:06:52.146504+00:00,SGD->PHP,200,Airwallex,49.261805,0.0,9852.36,39.1,airwallex.com,True,
2026-09-10T23:06:52.146504+00:00,SGD->PHP,200,Instarem,49.3313,0.0,9866.26,25.05,instarem.com,True,
2026-09-10T23:06:52.146504+00:00,SGD->PHP,1000,Airwallex,49.261805,0.0,49261.81,39.1,airwallex.com,True,
2026-09-10T23:06:52.146504+00:00,SGD->PHP,1000,Instarem,49.3313,0.0,49331.3,25.05,instarem.com,True,
2026-09-10T23:06:52.146504+00:00,SGD->PHP,5000,Airwallex,49.261805,0.0,246309.03,39.1,airwallex.com,True,
2026-09-10T23:06:52.146504+00:00,SGD->PHP,5000,Instarem,49.3313,22.5,245546.55,69.94,instarem.com,True,
2026-09-10T23:06:52.146504+00:00,SGD->PHP,25000,Airwallex,49.261805,0.0,1231545.13,39.1,airwallex.com,True,
2026-09-10T23:06:52.146504+00:00,SGD->PHP,25000,Instarem,49.3313,112.5,1227732.73,69.94,instarem.com,True,
2026-09-10T23:06:52.146504+00:00,SGD->PHP,50000,Airwallex,49.261805,0.0,2463090.25,39.1,airwallex.com,True,
2026-09-10T23:06:52.146504+00:00,SGD->PHP,50000,Instarem,49.3313,225.0,2455465.46,69.94,instarem.com,True,
2026-09-10T23:06:52.146504+00:00,USD->MXN,200,Airwallex,16.979963,0.0,3395.99,-48.06,airwallex.com,True,
2026-09-10T23:06:52.146504+00:00,USD->MXN,1000,Airwallex,16.979963,0.0,16979.96,-48.07,airwallex.com,True,
2026-09-10T23:06:52.146504+00:00,USD->MXN,5000,Airwallex,16.979963,0.0,84899.82,-48.07,airwallex.com,True,
2026-09-10T23:06:52.146504+00:00,USD->MXN,25000,Airwallex,16.979963,0.0,424499.08,-48.07,airwallex.com,True,
2026-09-10T23:06:52.146504+00:00,USD->MXN,50000,Airwallex,16.979963,0.0,848998.15,-48.07,airwallex.com,True,
2026-09-11T00:06:50.759504+00:00,AUD->PHP,200,Airwallex,44.734463,0.0,8946.89,92.31,airwallex.com,True,
2026-09-11T00:06:50.759504+00:00,AUD->PHP,200,Instarem,44.788,0.0,8957.6,80.45,instarem.com,True,
2026-09-11T00:06:50.759504+00:00,AUD->PHP,1000,Airwallex,44.734463,0.0,44734.46,92.31,airwallex.com,True,
2026-09-11T00:06:50.759504+00:00,AUD->PHP,1000,Instarem,44.788,0.0,44788.0,80.45,instarem.com,True,
2026-09-11T00:06:50.759504+00:00,AUD->PHP,5000,Airwallex,44.734463,0.0,223672.32,92.31,airwallex.com,True,
2026-09-11T00:06:50.759504+00:00,AUD->PHP,5000,Instarem,44.788,35.0,222372.42,149.89,instarem.com,True,
2026-09-11T00:06:50.759504+00:00,AUD->PHP,25000,Airwallex,44.734463,0.0,1118361.58,92.31,airwallex.com,True,
2026-09-11T00:06:50.759504+00:00,AUD->PHP,25000,Instarem,44.788,150.0,1112981.8,139.97,instarem.com,True,
2026-09-11T00:06:50.759504+00:00,AUD->PHP,50000,Airwallex,44.734463,0.0,2236723.15,92.31,airwallex.com,True,
2026-09-11T00:06:50.759504+00:00,AUD->PHP,50000,Instarem,44.788,300.0,2225963.6,139.97,instarem.com,True,
2026-09-11T00:06:50.759504+00:00,NZD->PHP,200,Airwallex,36.286052,0.0,7257.21,70.67,airwallex.com,True,
2026-09-11T00:06:50.759504+00:00,NZD->PHP,1000,Airwallex,36.286052,0.0,36286.05,70.67,airwallex.com,True,
2026-09-11T00:06:50.759504+00:00,NZD->PHP,5000,Airwallex,36.286052,0.0,181430.26,70.67,airwallex.com,True,
2026-09-11T00:06:50.759504+00:00,NZD->PHP,25000,Airwallex,36.286052,0.0,907151.3,70.67,airwallex.com,True,
2026-09-11T00:06:50.759504+00:00,NZD->PHP,50000,Airwallex,36.286052,0.0,1814302.6,70.67,airwallex.com,True,
2026-09-11T00:06:50.759504+00:00,SGD->PHP,200,Airwallex,49.278394,0.0,9855.68,35.75,airwallex.com,True,
2026-09-11T00:06:50.759504+00:00,SGD->PHP,200,Instarem,49.343,0.0,9868.6,22.69,instarem.com,True,
2026-09-11T00:06:50.759504+00:00,SGD->PHP,1000,Airwallex,49.278394,0.0,49278.39,35.75,airwallex.com,True,
2026-09-11T00:06:50.759504+00:00,SGD->PHP,1000,Instarem,49.343,0.0,49343.0,22.69,instarem.com,True,
2026-09-11T00:06:50.759504+00:00,SGD->PHP,5000,Airwallex,49.278394,0.0,246391.97,35.75,airwallex.com,True,
2026-09-11T00:06:50.759504+00:00,SGD->PHP,5000,Instarem,49.343,22.5,245604.78,67.58,instarem.com,True,
2026-09-11T00:06:50.759504+00:00,SGD->PHP,25000,Airwallex,49.278394,0.0,1231959.85,35.75,airwallex.com,True,
2026-09-11T00:06:50.759504+00:00,SGD->PHP,25000,Instarem,49.343,112.5,1228023.91,67.58,instarem.com,True,
2026-09-11T00:06:50.759504+00:00,SGD->PHP,50000,Airwallex,49.278394,0.0,2463919.7,35.75,airwallex.com,True,
2026-09-11T00:06:50.759504+00:00,SGD->PHP,50000,Instarem,49.343,225.0,2456047.83,67.58,instarem.com,True,
2026-09-11T00:06:50.759504+00:00,USD->MXN,200,Airwallex,16.97638,0.0,3395.28,-45.96,airwallex.com,True,
2026-09-11T00:06:50.759504+00:00,USD->MXN,1000,Airwallex,16.97638,0.0,16976.38,-45.95,airwallex.com,True,
2026-09-11T00:06:50.759504+00:00,USD->MXN,5000,Airwallex,16.97638,0.0,84881.9,-45.95,airwallex.com,True,
2026-09-11T00:06:50.759504+00:00,USD->MXN,25000,Airwallex,16.97638,0.0,424409.5,-45.95,airwallex.com,True,
2026-09-11T00:06:50.759504+00:00,USD->MXN,50000,Airwallex,16.97638,0.0,848819.0,-45.95,airwallex.com,True,
2026-09-11T01:06:59.255306+00:00,AUD->PHP,200,Airwallex,44.820199,0.0,8964.04,24.26,airwallex.com,True,
2026-09-11T01:06:59.255306+00:00,AUD->PHP,200,Instarem,44.91,0.0,8982.0,4.27,instarem.com,True,
2026-09-11T01:06:59.255306+00:00,AUD->PHP,1000,Airwallex,44.820199,0.0,44820.2,24.26,airwallex.com,True,
2026-09-11T01:06:59.255306+00:00,AUD->PHP,1000,Instarem,44.91,0.0,44910.0,4.27,instarem.com,True,
2026-09-11T01:06:59.255306+00:00,AUD->PHP,5000,Airwallex,44.820199,0.0,224101.0,24.26,airwallex.com,True,
2026-09-11T01:06:59.255306+00:00,AUD->PHP,5000,Instarem,44.91,35.0,222978.15,74.24,instarem.com,True,
2026-09-11T01:06:59.255306+00:00,AUD->PHP,25000,Airwallex,44.822827,0.0,1120570.68,23.68,airwallex.com,True,
2026-09-11T01:06:59.255306+00:00,AUD->PHP,25000,Instarem,44.91,150.0,1116013.5,64.25,instarem.com,True,
2026-09-11T01:06:59.255306+00:00,AUD->PHP,50000,Airwallex,44.822827,0.0,2241141.35,23.68,airwallex.com,True,
2026-09-11T01:06:59.255306+00:00,AUD->PHP,50000,Instarem,44.91,300.0,2232027.0,64.25,instarem.com,True,
2026-09-11T01:06:59.255306+00:00,NZD->PHP,200,Airwallex,36.379203,0.0,7275.84,9.16,airwallex.com,True,
2026-09-11T01:06:59.255306+00:00,NZD->PHP,1000,Airwallex,36.379203,0.0,36379.2,9.16,airwallex.com,True,
2026-09-11T01:06:59.255306+00:00,NZD->PHP,5000,Airwallex,36.379203,0.0,181896.02,9.16,airwallex.com,True,
2026-09-11T01:06:59.255306+00:00,NZD->PHP,25000,Airwallex,36.379203,0.0,909480.08,9.16,airwallex.com,True,
2026-09-11T01:06:59.255306+00:00,NZD->PHP,50000,Airwallex,36.379203,0.0,1818960.15,9.16,airwallex.com,True,
2026-09-11T01:06:59.255306+00:00,SGD->PHP,200,Airwallex,49.364654,0.0,9872.93,18.26,airwallex.com,True,
2026-09-11T01:06:59.255306+00:00,SGD->PHP,200,Instarem,49.4556,0.0,9891.12,-0.13,instarem.com,True,
2026-09-11T01:06:59.255306+00:00,SGD->PHP,1000,Airwallex,49.364654,0.0,49364.65,18.26,airwallex.com,True,
2026-09-11T01:06:59.255306+00:00,SGD->PHP,1000,Instarem,49.4556,0.0,49455.6,-0.13,instarem.com,True,
2026-09-11T01:06:59.255306+00:00,SGD->PHP,5000,Airwallex,49.364654,0.0,246823.27,18.26,airwallex.com,True,
2026-09-11T01:06:59.255306+00:00,SGD->PHP,5000,Instarem,49.4556,22.5,246165.25,44.87,instarem.com,True,
2026-09-11T01:06:59.255306+00:00,SGD->PHP,25000,Airwallex,49.364654,0.0,1234116.35,18.26,airwallex.com,True,
2026-09-11T01:06:59.255306+00:00,SGD->PHP,25000,Instarem,49.4556,112.5,1230826.25,44.87,instarem.com,True,
2026-09-11T01:06:59.255306+00:00,SGD->PHP,50000,Airwallex,49.364654,0.0,2468232.7,18.26,airwallex.com,True,
2026-09-11T01:06:59.255306+00:00,SGD->PHP,50000,Instarem,49.4556,225.0,2461652.49,44.87,instarem.com,True,
2026-09-11T01:06:59.255306+00:00,USD->MXN,200,Airwallex,16.973818,0.0,3394.76,-3.06,airwallex.com,True,
2026-09-11T01:06:59.255306+00:00,USD->MXN,1000,Airwallex,16.973818,0.0,16973.82,-3.07,airwallex.com,True,
2026-09-11T01:06:59.255306+00:00,USD->MXN,5000,Airwallex,16.973818,0.0,84869.09,-3.07,airwallex.com,True,
2026-09-11T01:06:59.255306+00:00,USD->MXN,25000,Airwallex,16.973818,0.0,424345.45,-3.07,airwallex.com,True,
2026-09-11T01:06:59.255306+00:00,USD->MXN,50000,Airwallex,16.973818,0.0,848690.9,-3.07,airwallex.com,True,
2026-09-11T02:06:48.834633+00:00,AUD->PHP,200,Airwallex,44.819592,0.0,8963.92,24.39,airwallex.com,True,
2026-09-11T02:06:48.834633+00:00,AUD->PHP,200,Instarem,44.886,0.0,8977.2,9.62,instarem.com,True,
2026-09-11T02:06:48.834633+00:00,AUD->PHP,1000,Airwallex,44.819592,0.0,44819.59,24.4,airwallex.com,True,
2026-09-11T02:06:48.834633+00:00,AUD->PHP,1000,Instarem,44.886,0.0,44886.0,9.62,instarem.com,True,
2026-09-11T02:06:48.834633+00:00,AUD->PHP,5000,Airwallex,44.819592,0.0,224097.96,24.4,airwallex.com,True,
2026-09-11T02:06:48.834633+00:00,AUD->PHP,5000,Instarem,44.886,35.0,222858.99,79.55,instarem.com,True,
2026-09-11T02:06:48.834633+00:00,AUD->PHP,25000,Airwallex,44.819592,0.0,1120489.8,24.4,airwallex.com,True,
2026-09-11T02:06:48.834633+00:00,AUD->PHP,25000,Instarem,44.886,150.0,1115417.1,69.56,instarem.com,True,
2026-09-11T02:06:48.834633+00:00,AUD->PHP,50000,Airwallex,44.819592,0.0,2240979.6,24.4,airwallex.com,True,
2026-09-11T02:06:48.834633+00:00,AUD->PHP,50000,Instarem,44.886,300.0,2230834.2,69.56,instarem.com,True,
2026-09-11T02:06:48.834633+00:00,NZD->PHP,200,Airwallex,36.385002,0.0,7277.0,7.56,airwallex.com,True,
2026-09-11T02:06:48.834633+00:00,NZD->PHP,1000,Airwallex,36.385002,0.0,36385.0,7.56,airwallex.com,True,
2026-09-11T02:06:48.834633+00:00,NZD->PHP,5000,Airwallex,36.385002,0.0,181925.01,7.56,airwallex.com,True,
2026-09-11T02:06:48.834633+00:00,NZD->PHP,25000,Airwallex,36.385002,0.0,909625.05,7.56,airwallex.com,True,
2026-09-11T02:06:48.834633+00:00,NZD->PHP,50000,Airwallex,36.385002,0.0,1819250.1,7.56,airwallex.com,True,
2026-09-11T02:06:48.834633+00:00,SGD->PHP,200,Airwallex,49.378038,0.0,9875.61,15.55,airwallex.com,True,
2026-09-11T02:06:48.834633+00:00,SGD->PHP,200,Instarem,49.4457,0.0,9889.14,1.88,instarem.com,True,
2026-09-11T02:06:48.834633+00:00,SGD->PHP,1000,Airwallex,49.378038,0.0,49378.04,15.56,airwallex.com,True,
2026-09-11T02:06:48.834633+00:00,SGD->PHP,1000,Instarem,49.4457,0.0,49445.7,1.88,instarem.com,True,
2026-09-11T02:06:48.834633+00:00,SGD->PHP,5000,Airwallex,49.378038,0.0,246890.19,15.56,airwallex.com,True,
2026-09-11T02:06:48.834633+00:00,SGD->PHP,5000,Instarem,49.4457,22.5,246115.97,46.87,instarem.com,True,
2026-09-11T02:06:48.834633+00:00,SGD->PHP,25000,Airwallex,49.378038,0.0,1234450.95,15.56,airwallex.com,True,
2026-09-11T02:06:48.834633+00:00,SGD->PHP,25000,Instarem,49.4457,112.5,1230579.86,46.87,instarem.com,True,
2026-09-11T02:06:48.834633+00:00,SGD->PHP,50000,Airwallex,49.378038,0.0,2468901.9,15.56,airwallex.com,True,
2026-09-11T02:06:48.834633+00:00,SGD->PHP,50000,Instarem,49.4457,225.0,2461159.72,46.87,instarem.com,True,
2026-09-11T02:06:48.834633+00:00,USD->MXN,200,Airwallex,16.98337,0.0,3396.67,-8.69,airwallex.com,True,
2026-09-11T02:06:48.834633+00:00,USD->MXN,1000,Airwallex,16.983667,0.0,16983.67,-8.87,airwallex.com,True,
2026-09-11T02:06:48.834633+00:00,USD->MXN,5000,Airwallex,16.983667,0.0,84918.34,-8.87,airwallex.com,True,
2026-09-11T02:06:48.834633+00:00,USD->MXN,25000,Airwallex,16.983667,0.0,424591.68,-8.87,airwallex.com,True,
2026-09-11T02:06:48.834633+00:00,USD->MXN,50000,Airwallex,16.983667,0.0,849183.35,-8.87,airwallex.com,True,
2026-09-11T03:06:51.845398+00:00,AUD->PHP,200,Airwallex,44.786104,0.0,8957.22,31.85,airwallex.com,True,
2026-09-11T03:06:51.845398+00:00,AUD->PHP,200,Instarem,44.827,0.0,8965.4,22.75,instarem.com,True,
2026-09-11T03:06:51.845398+00:00,AUD->PHP,1000,Airwallex,44.786104,0.0,44786.1,31.85,airwallex.com,True,
2026-09-11T03:06:51.845398+00:00,AUD->PHP,1000,Instarem,44.827,0.0,44827.0,22.75,instarem.com,True,
2026-09-11T03:06:51.845398+00:00,AUD->PHP,5000,Airwallex,44.786104,0.0,223930.52,31.85,airwallex.com,True,
2026-09-11T03:06:51.845398+00:00,AUD->PHP,5000,Instarem,44.827,35.0,222566.06,92.59,instarem.com,True,
2026-09-11T03:06:51.845398+00:00,AUD->PHP,25000,Airwallex,44.786104,0.0,1119652.6,31.85,airwallex.com,True,
2026-09-11T03:06:51.845398+00:00,AUD->PHP,25000,Instarem,44.827,150.0,1113950.95,82.61,instarem.com,True,
2026-09-11T03:06:51.845398+00:00,AUD->PHP,50000,Airwallex,44.786104,0.0,2239305.2,31.85,airwallex.com,True,
2026-09-11T03:06:51.845398+00:00,AUD->PHP,50000,Instarem,44.827,300.0,2227901.9,82.61,instarem.com,True,
2026-09-11T03:06:51.845398+00:00,NZD->PHP,200,Airwallex,36.38107,0.0,7276.21,8.65,airwallex.com,True,
2026-09-11T03:06:51.845398+00:00,NZD->PHP,1000,Airwallex,36.38107,0.0,36381.07,8.64,airwallex.com,True,
2026-09-11T03:06:51.845398+00:00,NZD->PHP,5000,Airwallex,36.38107,0.0,181905.35,8.64,airwallex.com,True,
2026-09-11T03:06:51.845398+00:00,NZD->PHP,25000,Airwallex,36.38107,0.0,909526.75,8.64,airwallex.com,True,
2026-09-11T03:06:51.845398+00:00,NZD->PHP,50000,Airwallex,36.38107,0.0,1819053.5,8.64,airwallex.com,True,
2026-09-11T03:06:51.845398+00:00,SGD->PHP,200,Airwallex,49.362884,0.0,9872.58,18.62,airwallex.com,True,
2026-09-11T03:06:51.845398+00:00,SGD->PHP,200,Instarem,49.4213,0.0,9884.26,6.81,instarem.com,True,
2026-09-11T03:06:51.845398+00:00,SGD->PHP,1000,Airwallex,49.362884,0.0,49362.88,18.62,airwallex.com,True,
2026-09-11T03:06:51.845398+00:00,SGD->PHP,1000,Instarem,49.4213,0.0,49421.3,6.81,instarem.com,True,
2026-09-11T03:06:51.845398+00:00,SGD->PHP,5000,Airwallex,49.362884,0.0,246814.42,18.62,airwallex.com,True,
2026-09-11T03:06:51.845398+00:00,SGD->PHP,5000,Instarem,49.4213,22.5,245994.52,51.78,instarem.com,True,
2026-09-11T03:06:51.845398+00:00,SGD->PHP,25000,Airwallex,49.362884,0.0,1234072.1,18.62,airwallex.com,True,
2026-09-11T03:06:51.845398+00:00,SGD->PHP,25000,Instarem,49.4213,112.5,1229972.6,51.78,instarem.com,True,
2026-09-11T03:06:51.845398+00:00,SGD->PHP,50000,Airwallex,49.362884,0.0,2468144.2,18.62,airwallex.com,True,
2026-09-11T03:06:51.845398+00:00,SGD->PHP,50000,Instarem,49.4213,225.0,2459945.21,51.78,instarem.com,True,
2026-09-11T03:06:51.845398+00:00,USD->MXN,200,Airwallex,16.99266,0.0,3398.53,-14.17,airwallex.com,True,
2026-09-11T03:06:51.845398+00:00,USD->MXN,1000,Airwallex,16.99266,0.0,16992.66,-14.17,airwallex.com,True,
2026-09-11T03:06:51.845398+00:00,USD->MXN,5000,Airwallex,16.99266,0.0,84963.3,-14.17,airwallex.com,True,
2026-09-11T03:06:51.845398+00:00,USD->MXN,25000,Airwallex,16.99266,0.0,424816.5,-14.17,airwallex.com,True,
2026-09-11T03:06:51.845398+00:00,USD->MXN,50000,Airwallex,16.99266,0.0,849633.0,-14.17,airwallex.com,True,
2026-09-11T04:06:50.605404+00:00,AUD->PHP,200,Airwallex,44.805156,0.0,8961.03,27.61,airwallex.com,True,
2026-09-11T04:06:50.605404+00:00,AUD->PHP,200,Instarem,44.859,0.0,8971.8,15.63,instarem.com,True,
2026-09-11T04:06:50.605404+00:00,AUD->PHP,1000,Airwallex,44.805156,0.0,44805.16,27.61,airwallex.com,True,
2026-09-11T04:06:50.605404+00:00,AUD->PHP,1000,Instarem,44.859,0.0,44859.0,15.63,instarem.com,True,
2026-09-11T04:06:50.605404+00:00,AUD->PHP,5000,Airwallex,44.805156,0.0,224025.78,27.61,airwallex.com,True,
2026-09-11T04:06:50.605404+00:00,AUD->PHP,5000,Instarem,44.859,35.0,222724.94,85.52,instarem.com,True,
2026-09-11T04:06:50.605404+00:00,AUD->PHP,25000,Airwallex,44.805156,0.0,1120128.9,27.61,airwallex.com,True,
2026-09-11T04:06:50.605404+00:00,AUD->PHP,25000,Instarem,44.859,150.0,1114746.15,75.53,instarem.com,True,
2026-09-11T04:06:50.605404+00:00,AUD->PHP,50000,Airwallex,44.805156,0.0,2240257.8,27.61,airwallex.com,True,
2026-09-11T04:06:50.605404+00:00,AUD->PHP,50000,Instarem,44.859,300.0,2229492.3,75.53,instarem.com,True,
2026-09-11T04:06:50.605404+00:00,NZD->PHP,200,Airwallex,36.466369,0.0,7293.27,-14.78,airwallex.com,True,
2026-09-11T04:06:50.605404+00:00,NZD->PHP,1000,Airwallex,36.466369,0.0,36466.37,-14.78,airwallex.com,True,
2026-09-11T04:06:50.605404+00:00,NZD->PHP,5000,Airwallex,36.466369,0.0,182331.85,-14.78,airwallex.com,True,
2026-09-11T04:06:50.605404+00:00,NZD->PHP,25000,Airwallex,36.466369,0.0,911659.23,-14.78,airwallex.com,True,
2026-09-11T04:06:50.605404+00:00,NZD->PHP,50000,Airwallex,36.466369,0.0,1823318.45,-14.78,airwallex.com,True,
2026-09-11T04:06:50.605404+00:00,SGD->PHP,200,Airwallex,49.365214,0.0,9873.04,18.15,airwallex.com,True,
2026-09-11T04:06:50.605404+00:00,SGD->PHP,200,Instarem,49.4072,0.0,9881.44,9.66,instarem.com,True,
2026-09-11T04:06:50.605404+00:00,SGD->PHP,1000,Airwallex,49.365214,0.0,49365.21,18.15,airwallex.com,True,
2026-09-11T04:06:50.605404+00:00,SGD->PHP,1000,Instarem,49.4072,0.0,49407.2,9.66,instarem.com,True,
2026-09-11T04:06:50.605404+00:00,SGD->PHP,5000,Airwallex,49.365214,0.0,246826.07,18.15,airwallex.com,True,
2026-09-11T04:06:50.605404+00:00,SGD->PHP,5000,Instarem,49.4072,22.5,245924.34,54.62,instarem.com,True,
2026-09-11T04:06:50.605404+00:00,SGD->PHP,25000,Airwallex,49.365214,0.0,1234130.35,18.15,airwallex.com,True,
2026-09-11T04:06:50.605404+00:00,SGD->PHP,25000,Instarem,49.4072,112.5,1229621.69,54.62,instarem.com,True,
2026-09-11T04:06:50.605404+00:00,SGD->PHP,50000,Airwallex,49.365214,0.0,2468260.7,18.15,airwallex.com,True,
2026-09-11T04:06:50.605404+00:00,SGD->PHP,50000,Instarem,49.4072,225.0,2459243.38,54.62,instarem.com,True,
2026-09-11T04:06:50.605404+00:00,USD->MXN,200,Airwallex,16.985624,0.0,3397.12,-10.01,airwallex.com,True,
2026-09-11T04:06:50.605404+00:00,USD->MXN,1000,Airwallex,16.985624,0.0,16985.62,-10.02,airwallex.com,True,
2026-09-11T04:06:50.605404+00:00,USD->MXN,5000,Airwallex,16.985624,0.0,84928.12,-10.03,airwallex.com,True,
2026-09-11T04:06:50.605404+00:00,USD->MXN,25000,Airwallex,16.985624,0.0,424640.6,-10.03,airwallex.com,True,
2026-09-11T04:06:50.605404+00:00,USD->MXN,50000,Airwallex,16.985624,0.0,849281.2,-10.03,airwallex.com,True,
2026-09-11T05:06:53.913319+00:00,AUD->PHP,200,Airwallex,44.828843,0.0,8965.77,22.34,airwallex.com,True,
2026-09-11T05:06:53.913319+00:00,AUD->PHP,200,Instarem,44.854,0.0,8970.8,16.74,instarem.com,True,
2026-09-11T05:06:53.913319+00:00,AUD->PHP,1000,Airwallex,44.828843,0.0,44828.84,22.34,airwallex.com,True,
2026-09-11T05:06:53.913319+00:00,AUD->PHP,1000,Instarem,44.854,0.0,44854.0,16.74,instarem.com,True,
2026-09-11T05:06:53.913319+00:00,AUD->PHP,5000,Airwallex,44.828843,0.0,224144.22,22.34,airwallex.com,True,
2026-09-11T05:06:53.913319+00:00,AUD->PHP,5000,Instarem,44.854,35.0,222700.11,86.62,instarem.com,True,
2026-09-11T05:06:53.913319+00:00,AUD->PHP,25000,Airwallex,44.828843,0.0,1120721.08,22.34,airwallex.com,True,
2026-09-11T05:06:53.913319+00:00,AUD->PHP,25000,Instarem,44.854,150.0,1114621.9,76.64,instarem.com,True,
2026-09-11T05:06:53.913319+00:00,AUD->PHP,50000,Airwallex,44.828843,0.0,2241442.15,22.34,airwallex.com,True,
2026-09-11T05:06:53.913319+00:00,AUD->PHP,50000,Instarem,44.854,300.0,2229243.8,76.64,instarem.com,True,
2026-09-11T05:06:53.913319+00:00,NZD->PHP,200,Airwallex,36.474039,0.0,7294.81,-16.89,airwallex.com,True,
2026-09-11T05:06:53.913319+00:00,NZD->PHP,1000,Airwallex,36.474039,0.0,36474.04,-16.89,airwallex.com,True,
2026-09-11T05:06:53.913319+00:00,NZD->PHP,5000,Airwallex,36.474039,0.0,182370.2,-16.89,airwallex.com,True,
2026-09-11T05:06:53.913319+00:00,NZD->PHP,25000,Airwallex,36.474039,0.0,911850.98,-16.89,airwallex.com,True,
2026-09-11T05:06:53.913319+00:00,NZD->PHP,50000,Airwallex,36.474039,0.0,1823701.95,-16.89,airwallex.com,True,
2026-09-11T05:06:53.913319+00:00,SGD->PHP,200,Airwallex,49.36623,0.0,9873.25,17.94,airwallex.com,True,
2026-09-11T05:06:53.913319+00:00,SGD->PHP,200,Instarem,49.4149,0.0,9882.98,8.1,instarem.com,True,
2026-09-11T05:06:53.913319+00:00,SGD->PHP,1000,Airwallex,49.36623,0.0,49366.23,17.94,airwallex.com,True,
2026-09-11T05:06:53.913319+00:00,SGD->PHP,1000,Instarem,49.4149,0.0,49414.9,8.1,instarem.com,True,
2026-09-11T05:06:53.913319+00:00,SGD->PHP,5000,Airwallex,49.36623,0.0,246831.15,17.94,airwallex.com,True,
2026-09-11T05:06:53.913319+00:00,SGD->PHP,5000,Instarem,49.4149,22.5,245962.66,53.07,instarem.com,True,
2026-09-11T05:06:53.913319+00:00,SGD->PHP,25000,Airwallex,49.36623,0.0,1234155.75,17.94,airwallex.com,True,
2026-09-11T05:06:53.913319+00:00,SGD->PHP,25000,Instarem,49.4149,112.5,1229813.32,53.07,instarem.com,True,
2026-09-11T05:06:53.913319+00:00,SGD->PHP,50000,Airwallex,49.36623,0.0,2468311.5,17.94,airwallex.com,True,
2026-09-11T05:06:53.913319+00:00,SGD->PHP,50000,Instarem,49.4149,225.0,2459626.65,53.07,instarem.com,True,
2026-09-11T05:06:53.913319+00:00,USD->MXN,200,Airwallex,16.977997,0.0,3395.6,-5.53,airwallex.com,True,
2026-09-11T05:06:53.913319+00:00,USD->MXN,1000,Airwallex,16.977997,0.0,16978.0,-5.53,airwallex.com,True,
2026-09-11T05:06:53.913319+00:00,USD->MXN,5000,Airwallex,16.977997,0.0,84889.99,-5.53,airwallex.com,True,
2026-09-11T05:06:53.913319+00:00,USD->MXN,25000,Airwallex,16.977997,0.0,424449.93,-5.53,airwallex.com,True,
2026-09-11T05:06:53.913319+00:00,USD->MXN,50000,Airwallex,16.977997,0.0,848899.85,-5.53,airwallex.com,True,
2026-09-11T06:07:23.439687+00:00,AUD->PHP,200,Airwallex,44.866591,0.0,8973.32,13.93,airwallex.com,True,
2026-09-11T06:07:23.439687+00:00,AUD->PHP,200,Instarem,44.911,0.0,8982.2,4.05,instarem.com,True,
2026-09-11T06:07:23.439687+00:00,AUD->PHP,1000,Airwallex,44.866591,0.0,44866.59,13.94,airwallex.com,True,
2026-09-11T06:07:23.439687+00:00,AUD->PHP,1000,Instarem,44.911,0.0,44911.0,4.05,instarem.com,True,
2026-09-11T06:07:23.439687+00:00,AUD->PHP,5000,Airwallex,44.866591,0.0,224332.96,13.94,airwallex.com,True,
2026-09-11T06:07:23.439687+00:00,AUD->PHP,5000,Instarem,44.911,35.0,222983.12,74.02,instarem.com,True,
2026-09-11T06:07:23.439687+00:00,AUD->PHP,25000,Airwallex,44.866591,0.0,1121664.78,13.94,airwallex.com,True,
2026-09-11T06:07:23.439687+00:00,AUD->PHP,25000,Instarem,44.911,150.0,1116038.35,64.03,instarem.com,True,
2026-09-11T06:07:23.439687+00:00,AUD->PHP,50000,Airwallex,44.866591,0.0,2243329.55,13.94,airwallex.com,True,
2026-09-11T06:07:23.439687+00:00,AUD->PHP,50000,Instarem,44.911,300.0,2232076.7,64.03,instarem.com,True,
2026-09-11T06:07:23.439687+00:00,NZD->PHP,200,Airwallex,36.494526,0.0,7298.91,-22.52,airwallex.com,True,
2026-09-11T06:07:23.439687+00:00,NZD->PHP,1000,Airwallex,36.494526,0.0,36494.53,-22.52,airwallex.com,True,
2026-09-11T06:07:23.439687+00:00,NZD->PHP,5000,Airwallex,36.494526,0.0,182472.63,-22.51,airwallex.com,True,
2026-09-11T06:07:23.439687+00:00,NZD->PHP,25000,Airwallex,36.494526,0.0,912363.15,-22.51,airwallex.com,True,
2026-09-11T06:07:23.439687+00:00,NZD->PHP,50000,Airwallex,36.494526,0.0,1824726.3,-22.51,airwallex.com,True,
2026-09-11T06:07:23.439687+00:00,SGD->PHP,200,Airwallex,49.364479,0.0,9872.9,18.29,airwallex.com,True,
2026-09-11T06:07:23.439687+00:00,SGD->PHP,200,Instarem,49.41,0.0,9882.0,9.09,instarem.com,True,
2026-09-11T06:07:23.439687+00:00,SGD->PHP,1000,Airwallex,49.364479,0.0,49364.48,18.3,airwallex.com,True,
2026-09-11T06:07:23.439687+00:00,SGD->PHP,1000,Instarem,49.41,0.0,49410.0,9.09,instarem.com,True,
2026-09-11T06:07:23.439687+00:00,SGD->PHP,5000,Airwallex,49.364479,0.0,246822.4,18.3,airwallex.com,True,
2026-09-11T06:07:23.439687+00:00,SGD->PHP,5000,Instarem,49.41,22.5,245938.28,54.05,instarem.com,True,
2026-09-11T06:07:23.439687+00:00,SGD->PHP,25000,Airwallex,49.364479,0.0,1234111.98,18.3,airwallex.com,True,
2026-09-11T06:07:23.439687+00:00,SGD->PHP,25000,Instarem,49.41,112.5,1229691.38,54.05,instarem.com,True,
2026-09-11T06:07:23.439687+00:00,SGD->PHP,50000,Airwallex,49.364479,0.0,2468223.95,18.3,airwallex.com,True,
2026-09-11T06:07:23.439687+00:00,SGD->PHP,50000,Instarem,49.41,225.0,2459382.75,54.05,instarem.com,True,
2026-09-11T06:07:23.439687+00:00,USD->MXN,200,Airwallex,16.963724,0.0,3392.74,2.89,airwallex.com,True,
2026-09-11T06:07:23.439687+00:00,USD->MXN,1000,Airwallex,16.963724,0.0,16963.72,2.88,airwallex.com,True,
2026-09-11T06:07:23.439687+00:00,USD->MXN,5000,Airwallex,16.963724,0.0,84818.62,2.88,airwallex.com,True,
2026-09-11T06:07:23.439687+00:00,USD->MXN,25000,Airwallex,16.963724,0.0,424093.1,2.88,airwallex.com,True,
2026-09-11T06:07:23.439687+00:00,USD->MXN,50000,Airwallex,16.963724,0.0,848186.2,2.88,airwallex.com,True,
2026-09-11T07:06:52.954081+00:00,AUD->PHP,200,Airwallex,44.894961,0.0,8978.99,7.62,airwallex.com,True,
2026-09-11T07:06:52.954081+00:00,AUD->PHP,200,Instarem,44.956,0.0,8991.2,-5.96,instarem.com,True,
2026-09-11T07:06:52.954081+00:00,AUD->PHP,1000,Airwallex,44.894961,0.0,44894.96,7.62,airwallex.com,True,
2026-09-11T07:06:52.954081+00:00,AUD->PHP,1000,Instarem,44.956,0.0,44956.0,-5.96,instarem.com,True,
2026-09-11T07:06:52.954081+00:00,AUD->PHP,5000,Airwallex,44.894961,0.0,224474.81,7.62,airwallex.com,True,
2026-09-11T07:06:52.954081+00:00,AUD->PHP,5000,Instarem,44.956,35.0,223206.54,64.08,instarem.com,True,
2026-09-11T07:06:52.954081+00:00,AUD->PHP,25000,Airwallex,44.894961,0.0,1122374.03,7.62,airwallex.com,True,
2026-09-11T07:06:52.954081+00:00,AUD->PHP,25000,Instarem,44.956,150.0,1117156.6,54.07,instarem.com,True,
2026-09-11T07:06:52.954081+00:00,AUD->PHP,50000,Airwallex,44.894961,0.0,2244748.05,7.62,airwallex.com,True,
2026-09-11T07:06:52.954081+00:00,AUD->PHP,50000,Instarem,44.956,300.0,2234313.2,54.07,instarem.com,True,
2026-09-11T07:06:52.954081+00:00,NZD->PHP,200,Airwallex,36.490847,0.0,7298.17,-21.51,airwallex.com,True,
2026-09-11T07:06:52.954081+00:00,NZD->PHP,1000,Airwallex,36.490847,0.0,36490.85,-21.51,airwallex.com,True,
2026-09-11T07:06:52.954081+00:00,NZD->PHP,5000,Airwallex,36.490847,0.0,182454.24,-21.5,airwallex.com,True,
2026-09-11T07:06:52.954081+00:00,NZD->PHP,25000,Airwallex,36.490847,0.0,912271.18,-21.5,airwallex.com,True,
2026-09-11T07:06:52.954081+00:00,NZD->PHP,50000,Airwallex,36.490847,0.0,1824542.35,-21.5,airwallex.com,True,
2026-09-11T07:06:52.954081+00:00,SGD->PHP,200,Airwallex,49.370927,0.0,9874.19,16.99,airwallex.com,True,
2026-09-11T07:06:52.954081+00:00,SGD->PHP,200,Instarem,49.4335,0.0,9886.7,4.34,instarem.com,True,
2026-09-11T07:06:52.954081+00:00,SGD->PHP,1000,Airwallex,49.370927,0.0,49370.93,16.99,airwallex.com,True,
2026-09-11T07:06:52.954081+00:00,SGD->PHP,1000,Instarem,49.4335,0.0,49433.5,4.34,instarem.com,True,
2026-09-11T07:06:52.954081+00:00,SGD->PHP,5000,Airwallex,49.370927,0.0,246854.64,16.99,airwallex.com,True,
2026-09-11T07:06:52.954081+00:00,SGD->PHP,5000,Instarem,49.4335,22.5,246055.25,49.32,instarem.com,True,
2026-09-11T07:06:52.954081+00:00,SGD->PHP,25000,Airwallex,49.370927,0.0,1234273.18,17.0,airwallex.com,True,
2026-09-11T07:06:52.954081+00:00,SGD->PHP,25000,Instarem,49.4335,112.5,1230276.23,49.32,instarem.com,True,
2026-09-11T07:06:52.954081+00:00,SGD->PHP,50000,Airwallex,49.370927,0.0,2468546.35,17.0,airwallex.com,True,
2026-09-11T07:06:52.954081+00:00,SGD->PHP,50000,Instarem,49.4335,225.0,2460552.46,49.32,instarem.com,True,
2026-09-11T07:06:52.954081+00:00,USD->MXN,200,Airwallex,16.95354,0.0,3390.71,8.88,airwallex.com,True,
2026-09-11T07:06:52.954081+00:00,USD->MXN,1000,Airwallex,16.95354,0.0,16953.54,8.88,airwallex.com,True,
2026-09-11T07:06:52.954081+00:00,USD->MXN,5000,Airwallex,16.95354,0.0,84767.7,8.88,airwallex.com,True,
2026-09-11T07:06:52.954081+00:00,USD->MXN,25000,Airwallex,16.95354,0.0,423838.5,8.88,airwallex.com,True,
2026-09-11T07:06:52.954081+00:00,USD->MXN,50000,Airwallex,16.95354,0.0,847677.0,8.88,airwallex.com,True,
2026-09-11T08:06:58.701176+00:00,AUD->PHP,200,Airwallex,44.875178,0.0,8975.04,12.02,airwallex.com,True,
2026-09-11T08:06:58.701176+00:00,AUD->PHP,200,Instarem,44.925,0.0,8985.0,0.94,instarem.com,True,
2026-09-11T08:06:58.701176+00:00,AUD->PHP,1000,Airwallex,44.875178,0.0,44875.18,12.02,airwallex.com,True,
2026-09-11T08:06:58.701176+00:00,AUD->PHP,1000,Instarem,44.925,0.0,44925.0,0.94,instarem.com,True,
2026-09-11T08:06:58.701176+00:00,AUD->PHP,5000,Airwallex,44.875178,0.0,224375.89,12.02,airwallex.com,True,
2026-09-11T08:06:58.701176+00:00,AUD->PHP,5000,Instarem,44.925,35.0,223052.63,70.93,instarem.com,True,
2026-09-11T08:06:58.701176+00:00,AUD->PHP,25000,Airwallex,44.877431,0.0,1121935.78,11.52,airwallex.com,True,
2026-09-11T08:06:58.701176+00:00,AUD->PHP,25000,Instarem,44.925,150.0,1116386.25,60.93,instarem.com,True,
2026-09-11T08:06:58.701176+00:00,AUD->PHP,50000,Airwallex,44.877431,0.0,2243871.55,11.52,airwallex.com,True,
2026-09-11T08:06:58.701176+00:00,AUD->PHP,50000,Instarem,44.925,300.0,2232772.5,60.93,instarem.com,True,
2026-09-11T08:06:58.701176+00:00,NZD->PHP,200,Airwallex,36.484307,0.0,7296.86,-19.71,airwallex.com,True,
2026-09-11T08:06:58.701176+00:00,NZD->PHP,1000,Airwallex,36.484307,0.0,36484.31,-19.71,airwallex.com,True,
2026-09-11T08:06:58.701176+00:00,NZD->PHP,5000,Airwallex,36.484307,0.0,182421.54,-19.71,airwallex.com,True,
2026-09-11T08:06:58.701176+00:00,NZD->PHP,25000,Airwallex,36.484307,0.0,912107.68,-19.71,airwallex.com,True,
2026-09-11T08:06:58.701176+00:00,NZD->PHP,50000,Airwallex,36.484307,0.0,1824215.35,-19.71,airwallex.com,True,
2026-09-11T08:06:58.701176+00:00,SGD->PHP,200,Airwallex,49.374974,0.0,9874.99,16.18,airwallex.com,True,
2026-09-11T08:06:58.701176+00:00,SGD->PHP,200,Instarem,49.4281,0.0,9885.62,5.43,instarem.com,True,
2026-09-11T08:06:58.701176+00:00,SGD->PHP,1000,Airwallex,49.374974,0.0,49374.97,16.18,airwallex.com,True,
2026-09-11T08:06:58.701176+00:00,SGD->PHP,1000,Instarem,49.4281,0.0,49428.1,5.43,instarem.com,True,
2026-09-11T08:06:58.701176+00:00,SGD->PHP,5000,Airwallex,49.374974,0.0,246874.87,16.18,airwallex.com,True,
2026-09-11T08:06:58.701176+00:00,SGD->PHP,5000,Instarem,49.4281,22.5,246028.37,50.41,instarem.com,True,
2026-09-11T08:06:58.701176+00:00,SGD->PHP,25000,Airwallex,49.374974,0.0,1234374.35,16.18,airwallex.com,True,
2026-09-11T08:06:58.701176+00:00,SGD->PHP,25000,Instarem,49.4281,112.5,1230141.84,50.41,instarem.com,True,
2026-09-11T08:06:58.701176+00:00,SGD->PHP,50000,Airwallex,49.374974,0.0,2468748.7,16.18,airwallex.com,True,
2026-09-11T08:06:58.701176+00:00,SGD->PHP,50000,Instarem,49.4281,225.0,2460283.68,50.41,instarem.com,True,
2026-09-11T08:06:58.701176+00:00,USD->MXN,200,Airwallex,16.94805,0.0,3389.61,12.12,airwallex.com,True,
2026-09-11T08:06:58.701176+00:00,USD->MXN,1000,Airwallex,16.94805,0.0,16948.05,12.12,airwallex.com,True,
2026-09-11T08:06:58.701176+00:00,USD->MXN,5000,Airwallex,16.94805,0.0,84740.25,12.12,airwallex.com,True,
2026-09-11T08:06:58.701176+00:00,USD->MXN,25000,Airwallex,16.94805,0.0,423701.25,12.12,airwallex.com,True,
2026-09-11T08:06:58.701176+00:00,USD->MXN,50000,Airwallex,16.94805,0.0,847402.5,12.12,airwallex.com,True,
2026-09-11T09:06:54.660309+00:00,AUD->PHP,200,Airwallex,44.846488,0.0,8969.3,18.41,airwallex.com,True,
2026-09-11T09:06:54.660309+00:00,AUD->PHP,200,Instarem,44.887,0.0,8977.4,9.39,instarem.com,True,
2026-09-11T09:06:54.660309+00:00,AUD->PHP,1000,Airwallex,44.846488,0.0,44846.49,18.41,airwallex.com,True,
2026-09-11T09:06:54.660309+00:00,AUD->PHP,1000,Instarem,44.887,0.0,44887.0,9.39,instarem.com,True,
2026-09-11T09:06:54.660309+00:00,AUD->PHP,5000,Airwallex,44.846488,0.0,224232.44,18.41,airwallex.com,True,
2026-09-11T09:06:54.660309+00:00,AUD->PHP,5000,Instarem,44.887,35.0,222863.96,79.33,instarem.com,True,
2026-09-11T09:06:54.660309+00:00,AUD->PHP,25000,Airwallex,44.846488,0.0,1121162.2,18.41,airwallex.com,True,
2026-09-11T09:06:54.660309+00:00,AUD->PHP,25000,Instarem,44.887,150.0,1115441.95,69.34,instarem.com,True,
2026-09-11T09:06:54.660309+00:00,AUD->PHP,50000,Airwallex,44.846488,0.0,2242324.4,18.41,airwallex.com,True,
2026-09-11T09:06:54.660309+00:00,AUD->PHP,50000,Instarem,44.887,300.0,2230883.9,69.34,instarem.com,True,
2026-09-11T09:06:54.660309+00:00,NZD->PHP,200,Airwallex,36.432737,0.0,7286.55,-5.55,airwallex.com,True,
2026-09-11T09:06:54.660309+00:00,NZD->PHP,1000,Airwallex,36.432737,0.0,36432.74,-5.55,airwallex.com,True,
2026-09-11T09:06:54.660309+00:00,NZD->PHP,5000,Airwallex,36.432737,0.0,182163.69,-5.55,airwallex.com,True,
2026-09-11T09:06:54.660309+00:00,NZD->PHP,25000,Airwallex,36.432737,0.0,910818.43,-5.55,airwallex.com,True,
2026-09-11T09:06:54.660309+00:00,NZD->PHP,50000,Airwallex,36.432737,0.0,1821636.85,-5.55,airwallex.com,True,
2026-09-11T09:06:54.660309+00:00,SGD->PHP,200,Airwallex,49.348361,0.0,9869.67,21.56,airwallex.com,True,
2026-09-11T09:06:54.660309+00:00,SGD->PHP,200,Instarem,49.3779,0.0,9875.58,15.59,instarem.com,True,
2026-09-11T09:06:54.660309+00:00,SGD->PHP,1000,Airwallex,49.348361,0.0,49348.36,21.56,airwallex.com,True,
2026-09-11T09:06:54.660309+00:00,SGD->PHP,1000,Instarem,49.3779,0.0,49377.9,15.59,instarem.com,True,
2026-09-11T09:06:54.660309+00:00,SGD->PHP,5000,Airwallex,49.348361,0.0,246741.81,21.56,airwallex.com,True,
2026-09-11T09:06:54.660309+00:00,SGD->PHP,5000,Instarem,49.3779,22.5,245778.5,60.51,instarem.com,True,
2026-09-11T09:06:54.660309+00:00,SGD->PHP,25000,Airwallex,49.348361,0.0,1233709.03,21.56,airwallex.com,True,
2026-09-11T09:06:54.660309+00:00,SGD->PHP,25000,Instarem,49.3779,112.5,1228892.49,60.52,instarem.com,True,
2026-09-11T09:06:54.660309+00:00,SGD->PHP,50000,Airwallex,49.348361,0.0,2467418.05,21.56,airwallex.com,True,
2026-09-11T09:06:54.660309+00:00,SGD->PHP,50000,Instarem,49.3779,225.0,2457784.97,60.52,instarem.com,True,
2026-09-11T09:06:54.660309+00:00,USD->MXN,200,Airwallex,16.951836,0.0,3390.37,9.88,airwallex.com,True,
2026-09-11T09:06:54.660309+00:00,USD->MXN,1000,Airwallex,16.951836,0.0,16951.84,9.88,airwallex.com,True,
2026-09-11T09:06:54.660309+00:00,USD->MXN,5000,Airwallex,16.951836,0.0,84759.18,9.89,airwallex.com,True,
2026-09-11T09:06:54.660309+00:00,USD->MXN,25000,Airwallex,16.951836,0.0,423795.9,9.89,airwallex.com,True,
2026-09-11T09:06:54.660309+00:00,USD->MXN,50000,Airwallex,16.951836,0.0,847591.8,9.89,airwallex.com,True,
2026-09-11T10:06:52.737456+00:00,AUD->PHP,200,Airwallex,44.868054,0.0,8973.61,13.61,airwallex.com,True,
2026-09-11T10:06:52.737456+00:00,AUD->PHP,200,Instarem,44.914,0.0,8982.8,3.38,instarem.com,True,
2026-09-11T10:06:52.737456+00:00,AUD->PHP,1000,Airwallex,44.868054,0.0,44868.05,13.61,airwallex.com,True,
2026-09-11T10:06:52.737456+00:00,AUD->PHP,1000,Instarem,44.914,0.0,44914.0,3.38,instarem.com,True,
2026-09-11T10:06:52.737456+00:00,AUD->PHP,5000,Airwallex,44.868054,0.0,224340.27,13.61,airwallex.com,True,
2026-09-11T10:06:52.737456+00:00,AUD->PHP,5000,Instarem,44.914,35.0,222998.01,73.36,instarem.com,True,
2026-09-11T10:06:52.737456+00:00,AUD->PHP,25000,Airwallex,44.868054,0.0,1121701.35,13.61,airwallex.com,True,
2026-09-11T10:06:52.737456+00:00,AUD->PHP,25000,Instarem,44.914,150.0,1116112.9,63.36,instarem.com,True,
2026-09-11T10:06:52.737456+00:00,AUD->PHP,50000,Airwallex,44.868054,0.0,2243402.7,13.61,airwallex.com,True,
2026-09-11T10:06:52.737456+00:00,AUD->PHP,50000,Instarem,44.914,300.0,2232225.8,63.36,instarem.com,True,
2026-09-11T10:06:52.737456+00:00,NZD->PHP,200,Airwallex,36.431427,0.0,7286.29,-5.19,airwallex.com,True,
2026-09-11T10:06:52.737456+00:00,NZD->PHP,1000,Airwallex,36.431427,0.0,36431.43,-5.19,airwallex.com,True,
2026-09-11T10:06:52.737456+00:00,NZD->PHP,5000,Airwallex,36.431427,0.0,182157.14,-5.19,airwallex.com,True,
2026-09-11T10:06:52.737456+00:00,NZD->PHP,25000,Airwallex,36.431427,0.0,910785.68,-5.19,airwallex.com,True,
2026-09-11T10:06:52.737456+00:00,NZD->PHP,50000,Airwallex,36.431427,0.0,1821571.35,-5.19,airwallex.com,True,
2026-09-11T10:06:52.737456+00:00,SGD->PHP,200,Airwallex,49.354905,0.0,9870.98,20.24,airwallex.com,True,
2026-09-11T10:06:52.737456+00:00,SGD->PHP,200,Instarem,49.4028,0.0,9880.56,10.55,instarem.com,True,
2026-09-11T10:06:52.737456+00:00,SGD->PHP,1000,Airwallex,49.354905,0.0,49354.91,20.23,airwallex.com,True,
2026-09-11T10:06:52.737456+00:00,SGD->PHP,1000,Instarem,49.4028,0.0,49402.8,10.55,instarem.com,True,
2026-09-11T10:06:52.737456+00:00,SGD->PHP,5000,Airwallex,49.354905,0.0,246774.53,20.23,airwallex.com,True,
2026-09-11T10:06:52.737456+00:00,SGD->PHP,5000,Instarem,49.4028,22.5,245902.44,55.5,instarem.com,True,
2026-09-11T10:06:52.737456+00:00,SGD->PHP,25000,Airwallex,49.354905,0.0,1233872.63,20.23,airwallex.com,True,
2026-09-11T10:06:52.737456+00:00,SGD->PHP,25000,Instarem,49.4028,112.5,1229512.19,55.5,instarem.com,True,
2026-09-11T10:06:52.737456+00:00,SGD->PHP,50000,Airwallex,49.354905,0.0,2467745.25,20.23,airwallex.com,True,
2026-09-11T10:06:52.737456+00:00,SGD->PHP,50000,Instarem,49.4028,225.0,2459024.37,55.5,instarem.com,True,
2026-09-11T10:06:52.737456+00:00,USD->MXN,200,Airwallex,16.953655,0.0,3390.73,8.82,airwallex.com,True,
2026-09-11T10:06:52.737456+00:00,USD->MXN,1000,Airwallex,16.953655,0.0,16953.66,8.81,airwallex.com,True,
2026-09-11T10:06:52.737456+00:00,USD->MXN,5000,Airwallex,16.953655,0.0,84768.28,8.81,airwallex.com,True,
2026-09-11T10:06:52.737456+00:00,USD->MXN,25000,Airwallex,16.953655,0.0,423841.38,8.81,airwallex.com,True,
2026-09-11T10:06:52.737456+00:00,USD->MXN,50000,Airwallex,16.953655,0.0,847682.75,8.81,airwallex.com,True,
2026-09-11T11:06:53.648513+00:00,AUD->PHP,200,Airwallex,44.845018,0.0,8969.0,18.74,airwallex.com,True,
2026-09-11T11:06:53.648513+00:00,AUD->PHP,200,Instarem,44.877,0.0,8975.4,11.62,instarem.com,True,
2026-09-11T11:06:53.648513+00:00,AUD->PHP,1000,Airwallex,44.845018,0.0,44845.02,18.74,airwallex.com,True,
2026-09-11T11:06:53.648513+00:00,AUD->PHP,1000,Instarem,44.877,0.0,44877.0,11.62,instarem.com,True,
2026-09-11T11:06:53.648513+00:00,AUD->PHP,5000,Airwallex,44.845018,0.0,224225.09,18.74,airwallex.com,True,
2026-09-11T11:06:53.648513+00:00,AUD->PHP,5000,Instarem,44.877,35.0,222814.31,81.54,instarem.com,True,
2026-09-11T11:06:53.648513+00:00,AUD->PHP,25000,Airwallex,44.845018,0.0,1121125.45,18.74,airwallex.com,True,
2026-09-11T11:06:53.648513+00:00,AUD->PHP,25000,Instarem,44.877,150.0,1115193.45,71.55,instarem.com,True,
2026-09-11T11:06:53.648513+00:00,AUD->PHP,50000,Airwallex,44.845018,0.0,2242250.9,18.74,airwallex.com,True,
2026-09-11T11:06:53.648513+00:00,AUD->PHP,50000,Instarem,44.877,300.0,2230386.9,71.55,instarem.com,True,
2026-09-11T11:06:53.648513+00:00,NZD->PHP,200,Airwallex,36.401847,0.0,7280.37,2.94,airwallex.com,True,
2026-09-11T11:06:53.648513+00:00,NZD->PHP,1000,Airwallex,36.401847,0.0,36401.85,2.94,airwallex.com,True,
2026-09-11T11:06:53.648513+00:00,NZD->PHP,5000,Airwallex,36.401847,0.0,182009.24,2.94,airwallex.com,True,
2026-09-11T11:06:53.648513+00:00,NZD->PHP,25000,Airwallex,36.401847,0.0,910046.18,2.94,airwallex.com,True,
2026-09-11T11:06:53.648513+00:00,NZD->PHP,50000,Airwallex,36.401847,0.0,1820092.35,2.94,airwallex.com,True,
2026-09-11T11:06:53.648513+00:00,SGD->PHP,200,Airwallex,49.333745,0.0,9866.75,24.51,airwallex.com,True,
2026-09-11T11:06:53.648513+00:00,SGD->PHP,200,Instarem,49.3839,0.0,9876.78,14.37,instarem.com,True,
2026-09-11T11:06:53.648513+00:00,SGD->PHP,1000,Airwallex,49.333745,0.0,49333.75,24.51,airwallex.com,True,
2026-09-11T11:06:53.648513+00:00,SGD->PHP,1000,Instarem,49.3839,0.0,49383.9,14.37,instarem.com,True,
2026-09-11T11:06:53.648513+00:00,SGD->PHP,5000,Airwallex,49.333745,0.0,246668.73,24.51,airwallex.com,True,
2026-09-11T11:06:53.648513+00:00,SGD->PHP,5000,Instarem,49.3839,22.5,245808.36,59.31,instarem.com,True,
2026-09-11T11:06:53.648513+00:00,SGD->PHP,25000,Airwallex,49.333745,0.0,1233343.63,24.51,airwallex.com,True,
2026-09-11T11:06:53.648513+00:00,SGD->PHP,25000,Instarem,49.3839,112.5,1229041.81,59.31,instarem.com,True,
2026-09-11T11:06:53.648513+00:00,SGD->PHP,50000,Airwallex,49.333745,0.0,2466687.25,24.51,airwallex.com,True,
2026-09-11T11:06:53.648513+00:00,SGD->PHP,50000,Instarem,49.3839,225.0,2458083.62,59.31,instarem.com,True,
2026-09-11T11:06:53.648513+00:00,USD->MXN,200,Airwallex,16.965857,0.0,3393.17,1.63,airwallex.com,True,
2026-09-11T11:06:53.648513+00:00,USD->MXN,1000,Airwallex,16.965857,0.0,16965.86,1.62,airwallex.com,True,
2026-09-11T11:06:53.648513+00:00,USD->MXN,5000,Airwallex,16.965857,0.0,84829.29,1.62,airwallex.com,True,
2026-09-11T11:06:53.648513+00:00,USD->MXN,25000,Airwallex,16.965857,0.0,424146.43,1.62,airwallex.com,True,
2026-09-11T11:06:53.648513+00:00,USD->MXN,50000,Airwallex,16.965857,0.0,848292.85,1.62,airwallex.com,True,
2026-09-11T12:06:51.486769+00:00,AUD->PHP,200,Airwallex,44.852341,0.0,8970.47,17.11,airwallex.com,True,
2026-09-11T12:06:51.486769+00:00,AUD->PHP,200,Instarem,44.886,0.0,8977.2,9.62,instarem.com,True,
2026-09-11T12:06:51.486769+00:00,AUD->PHP,1000,Airwallex,44.852341,0.0,44852.34,17.11,airwallex.com,True,
2026-09-11T12:06:51.486769+00:00,AUD->PHP,1000,Instarem,44.886,0.0,44886.0,9.62,instarem.com,True,
2026-09-11T12:06:51.486769+00:00,AUD->PHP,5000,Airwallex,44.852341,0.0,224261.71,17.11,airwallex.com,True,
2026-09-11T12:06:51.486769+00:00,AUD->PHP,5000,Instarem,44.886,35.0,222858.99,79.55,instarem.com,True,
2026-09-11T12:06:51.486769+00:00,AUD->PHP,25000,Airwallex,44.852341,0.0,1121308.53,17.11,airwallex.com,True,
2026-09-11T12:06:51.486769+00:00,AUD->PHP,25000,Instarem,44.886,150.0,1115417.1,69.56,instarem.com,True,
2026-09-11T12:06:51.486769+00:00,AUD->PHP,50000,Airwallex,44.852341,0.0,2242617.05,17.11,airwallex.com,True,
2026-09-11T12:06:51.486769+00:00,AUD->PHP,50000,Instarem,44.886,300.0,2230834.2,69.56,instarem.com,True,
2026-09-11T12:06:51.486769+00:00,NZD->PHP,200,Airwallex,36.396452,0.0,7279.29,4.42,airwallex.com,True,
2026-09-11T12:06:51.486769+00:00,NZD->PHP,1000,Airwallex,36.396452,0.0,36396.45,4.42,airwallex.com,True,
2026-09-11T12:06:51.486769+00:00,NZD->PHP,5000,Airwallex,36.396452,0.0,181982.26,4.42,airwallex.com,True,
2026-09-11T12:06:51.486769+00:00,NZD->PHP,25000,Airwallex,36.396452,0.0,909911.3,4.42,airwallex.com,True,
2026-09-11T12:06:51.486769+00:00,NZD->PHP,50000,Airwallex,36.396452,0.0,1819822.6,4.42,airwallex.com,True,
2026-09-11T12:06:51.486769+00:00,SGD->PHP,200,Airwallex,49.32139,0.0,9864.28,27.01,airwallex.com,True,
2026-09-11T12:06:51.486769+00:00,SGD->PHP,200,Instarem,49.3579,0.0,9871.58,19.63,instarem.com,True,
2026-09-11T12:06:51.486769+00:00,SGD->PHP,1000,Airwallex,49.321001,0.0,49321.0,27.09,airwallex.com,True,
2026-09-11T12:06:51.486769+00:00,SGD->PHP,1000,Instarem,49.3579,0.0,49357.9,19.63,instarem.com,True,
2026-09-11T12:06:51.486769+00:00,SGD->PHP,5000,Airwallex,49.321001,0.0,246605.01,27.09,airwallex.com,True,
2026-09-11T12:06:51.486769+00:00,SGD->PHP,5000,Instarem,49.3579,22.5,245678.95,64.54,instarem.com,True,
2026-09-11T12:06:51.486769+00:00,SGD->PHP,25000,Airwallex,49.321001,0.0,1233025.03,27.09,airwallex.com,True,
2026-09-11T12:06:51.486769+00:00,SGD->PHP,25000,Instarem,49.3579,112.5,1228394.74,64.54,instarem.com,True,
2026-09-11T12:06:51.486769+00:00,SGD->PHP,50000,Airwallex,49.321001,0.0,2466050.05,27.09,airwallex.com,True,
2026-09-11T12:06:51.486769+00:00,SGD->PHP,50000,Instarem,49.3579,225.0,2456789.47,64.54,instarem.com,True,
2026-09-11T12:06:51.486769+00:00,USD->MXN,200,Airwallex,16.970388,0.0,3394.08,-1.05,airwallex.com,True,
2026-09-11T12:06:51.486769+00:00,USD->MXN,1000,Airwallex,16.970388,0.0,16970.39,-1.05,airwallex.com,True,
2026-09-11T12:06:51.486769+00:00,USD->MXN,5000,Airwallex,16.970388,0.0,84851.94,-1.05,airwallex.com,True,
2026-09-11T12:06:51.486769+00:00,USD->MXN,25000,Airwallex,16.970388,0.0,424259.7,-1.05,airwallex.com,True,
2026-09-11T12:06:51.486769+00:00,USD->MXN,50000,Airwallex,16.970388,0.0,848519.4,-1.05,airwallex.com,True,
2026-09-11T13:06:55.204011+00:00,AUD->PHP,200,Airwallex,44.868848,0.0,8973.77,13.43,airwallex.com,True,
2026-09-11T13:06:55.204011+00:00,AUD->PHP,200,Instarem,44.892,0.0,8978.4,8.28,instarem.com,True,
2026-09-11T13:06:55.204011+00:00,AUD->PHP,1000,Airwallex,44.868848,0.0,44868.85,13.43,airwallex.com,True,
2026-09-11T13:06:55.204011+00:00,AUD->PHP,1000,Instarem,44.892,0.0,44892.0,8.28,instarem.com,True,
2026-09-11T13:06:55.204011+00:00,AUD->PHP,5000,Airwallex,44.868848,0.0,224344.24,13.43,airwallex.com,True,
2026-09-11T13:06:55.204011+00:00,AUD->PHP,5000,Instarem,44.892,35.0,222888.78,78.22,instarem.com,True,
2026-09-11T13:06:55.204011+00:00,AUD->PHP,25000,Airwallex,44.868848,0.0,1121721.2,13.43,airwallex.com,True,
2026-09-11T13:06:55.204011+00:00,AUD->PHP,25000,Instarem,44.892,150.0,1115566.2,68.23,instarem.com,True,
2026-09-11T13:06:55.204011+00:00,AUD->PHP,50000,Airwallex,44.868848,0.0,2243442.4,13.43,airwallex.com,True,
2026-09-11T13:06:55.204011+00:00,AUD->PHP,50000,Instarem,44.892,300.0,2231132.4,68.23,instarem.com,True,
2026-09-11T13:06:55.204011+00:00,NZD->PHP,200,Airwallex,36.387424,0.0,7277.48,6.91,airwallex.com,True,
2026-09-11T13:06:55.204011+00:00,NZD->PHP,1000,Airwallex,36.387424,0.0,36387.42,6.9,airwallex.com,True,
2026-09-11T13:06:55.204011+00:00,NZD->PHP,5000,Airwallex,36.387424,0.0,181937.12,6.9,airwallex.com,True,
2026-09-11T13:06:55.204011+00:00,NZD->PHP,25000,Airwallex,36.387424,0.0,909685.6,6.9,airwallex.com,True,
2026-09-11T13:06:55.204011+00:00,NZD->PHP,50000,Airwallex,36.387424,0.0,1819371.2,6.9,airwallex.com,True,
2026-09-11T13:06:55.204011+00:00,SGD->PHP,200,Airwallex,49.316343,0.0,9863.27,28.03,airwallex.com,True,
2026-09-11T13:06:55.204011+00:00,SGD->PHP,200,Instarem,49.3579,0.0,9871.58,19.63,instarem.com,True,
2026-09-11T13:06:55.204011+00:00,SGD->PHP,1000,Airwallex,49.316343,0.0,49316.34,28.03,airwallex.com,True,
2026-09-11T13:06:55.204011+00:00,SGD->PHP,1000,Instarem,49.3579,0.0,49357.9,19.63,instarem.com,True,
2026-09-11T13:06:55.204011+00:00,SGD->PHP,5000,Airwallex,49.316343,0.0,246581.72,28.03,airwallex.com,True,
2026-09-11T13:06:55.204011+00:00,SGD->PHP,5000,Instarem,49.3579,22.5,245678.95,64.54,instarem.com,True,
2026-09-11T13:06:55.204011+00:00,SGD->PHP,25000,Airwallex,49.316343,0.0,1232908.58,28.03,airwallex.com,True,
2026-09-11T13:06:55.204011+00:00,SGD->PHP,25000,Instarem,49.3579,112.5,1228394.74,64.54,instarem.com,True,
2026-09-11T13:06:55.204011+00:00,SGD->PHP,50000,Airwallex,49.316343,0.0,2465817.15,28.03,airwallex.com,True,
2026-09-11T13:06:55.204011+00:00,SGD->PHP,50000,Instarem,49.3579,225.0,2456789.47,64.54,instarem.com,True,
2026-09-11T13:06:55.204011+00:00,USD->MXN,200,Airwallex,16.939173,0.0,3387.83,17.36,airwallex.com,True,
2026-09-11T13:06:55.204011+00:00,USD->MXN,1000,Airwallex,16.939173,0.0,16939.17,17.35,airwallex.com,True,
2026-09-11T13:06:55.204011+00:00,USD->MXN,5000,Airwallex,16.939173,0.0,84695.87,17.35,airwallex.com,True,
2026-09-11T13:06:55.204011+00:00,USD->MXN,25000,Airwallex,16.939173,0.0,423479.33,17.35,airwallex.com,True,
2026-09-11T13:06:55.204011+00:00,USD->MXN,50000,Airwallex,16.939173,0.0,846958.65,17.35,airwallex.com,True,
2026-09-11T14:06:56.542537+00:00,AUD->PHP,200,Airwallex,44.836302,0.0,8967.26,20.68,airwallex.com,True,
2026-09-11T14:06:56.542537+00:00,AUD->PHP,200,Instarem,44.855,0.0,8971.0,16.52,instarem.com,True,
2026-09-11T14:06:56.542537+00:00,AUD->PHP,1000,Airwallex,44.836302,0.0,44836.3,20.68,airwallex.com,True,
2026-09-11T14:06:56.542537+00:00,AUD->PHP,1000,Instarem,44.855,0.0,44855.0,16.52,instarem.com,True,
2026-09-11T14:06:56.542537+00:00,AUD->PHP,5000,Airwallex,44.836302,0.0,224181.51,20.68,airwallex.com,True,
2026-09-11T14:06:56.542537+00:00,AUD->PHP,5000,Instarem,44.855,35.0,222705.08,86.4,instarem.com,True,
2026-09-11T14:06:56.542537+00:00,AUD->PHP,25000,Airwallex,44.836302,0.0,1120907.55,20.68,airwallex.com,True,
2026-09-11T14:06:56.542537+00:00,AUD->PHP,25000,Instarem,44.855,150.0,1114646.75,76.42,instarem.com,True,
2026-09-11T14:06:56.542537+00:00,AUD->PHP,50000,Airwallex,44.836302,0.0,2241815.1,20.68,airwallex.com,True,
2026-09-11T14:06:56.542537+00:00,AUD->PHP,50000,Instarem,44.855,300.0,2229293.5,76.42,instarem.com,True,
2026-09-11T14:06:56.542537+00:00,NZD->PHP,200,Airwallex,36.370375,0.0,7274.08,11.57,airwallex.com,True,
2026-09-11T14:06:56.542537+00:00,NZD->PHP,1000,Airwallex,36.370375,0.0,36370.38,11.58,airwallex.com,True,
2026-09-11T14:06:56.542537+00:00,NZD->PHP,5000,Airwallex,36.370375,0.0,181851.88,11.58,airwallex.com,True,
2026-09-11T14:06:56.542537+00:00,NZD->PHP,25000,Airwallex,36.370375,0.0,909259.38,11.58,airwallex.com,True,
2026-09-11T14:06:56.542537+00:00,NZD->PHP,50000,Airwallex,36.370375,0.0,1818518.75,11.58,airwallex.com,True,
2026-09-11T14:06:56.542537+00:00,SGD->PHP,200,Airwallex,49.317638,0.0,9863.53,27.77,airwallex.com,True,
2026-09-11T14:06:56.542537+00:00,SGD->PHP,200,Instarem,49.3399,0.0,9867.98,23.27,instarem.com,True,
2026-09-11T14:06:56.542537+00:00,SGD->PHP,1000,Airwallex,49.317638,0.0,49317.64,27.77,airwallex.com,True,
2026-09-11T14:06:56.542537+00:00,SGD->PHP,1000,Instarem,49.3399,0.0,49339.9,23.27,instarem.com,True,
2026-09-11T14:06:56.542537+00:00,SGD->PHP,5000,Airwallex,49.317638,0.0,246588.19,27.77,airwallex.com,True,
2026-09-11T14:06:56.542537+00:00,SGD->PHP,5000,Instarem,49.3399,22.5,245589.35,68.16,instarem.com,True,
2026-09-11T14:06:56.542537+00:00,SGD->PHP,25000,Airwallex,49.317638,0.0,1232940.95,27.77,airwallex.com,True,
2026-09-11T14:06:56.542537+00:00,SGD->PHP,25000,Instarem,49.3399,112.5,1227946.76,68.16,instarem.com,True,
2026-09-11T14:06:56.542537+00:00,SGD->PHP,50000,Airwallex,49.317638,0.0,2465881.9,27.77,airwallex.com,True,
2026-09-11T14:06:56.542537+00:00,SGD->PHP,50000,Instarem,49.3399,225.0,2455893.52,68.16,instarem.com,True,
2026-09-11T14:06:56.542537+00:00,USD->MXN,200,Airwallex,16.95997,0.0,3391.99,5.1,airwallex.com,True,
2026-09-11T14:06:56.542537+00:00,USD->MXN,1000,Airwallex,16.95997,0.0,16959.97,5.09,airwallex.com,True,
2026-09-11T14:06:56.542537+00:00,USD->MXN,5000,Airwallex,16.95997,0.0,84799.85,5.09,airwallex.com,True,
2026-09-11T14:06:56.542537+00:00,USD->MXN,25000,Airwallex,16.95997,0.0,423999.25,5.09,airwallex.com,True,
2026-09-11T14:06:56.542537+00:00,USD->MXN,50000,Airwallex,16.95997,0.0,847998.5,5.09,airwallex.com,True,
2026-09-11T15:06:49.088414+00:00,AUD->PHP,200,Airwallex,44.809883,0.0,8961.98,26.55,airwallex.com,True,
2026-09-11T15:06:49.088414+00:00,AUD->PHP,200,Instarem,44.828,0.0,8965.6,22.53,instarem.com,True,
2026-09-11T15:06:49.088414+00:00,AUD->PHP,1000,Airwallex,44.809883,0.0,44809.88,26.56,airwallex.com,True,
2026-09-11T15:06:49.088414+00:00,AUD->PHP,1000,Instarem,44.828,0.0,44828.0,22.53,instarem.com,True,
2026-09-11T15:06:49.088414+00:00,AUD->PHP,5000,Airwallex,44.809883,0.0,224049.42,26.56,airwallex.com,True,
2026-09-11T15:06:49.088414+00:00,AUD->PHP,5000,Instarem,44.828,35.0,222571.02,92.37,instarem.com,True,
2026-09-11T15:06:49.088414+00:00,AUD->PHP,25000,Airwallex,44.809883,0.0,1120247.08,26.56,airwallex.com,True,
2026-09-11T15:06:49.088414+00:00,AUD->PHP,25000,Instarem,44.828,150.0,1113975.8,82.39,instarem.com,True,
2026-09-11T15:06:49.088414+00:00,AUD->PHP,50000,Airwallex,44.809883,0.0,2240494.15,26.56,airwallex.com,True,
2026-09-11T15:06:49.088414+00:00,AUD->PHP,50000,Instarem,44.828,300.0,2227951.6,82.39,instarem.com,True,
2026-09-11T15:06:49.088414+00:00,NZD->PHP,200,Airwallex,36.336073,0.0,7267.21,21.01,airwallex.com,True,
2026-09-11T15:06:49.088414+00:00,NZD->PHP,1000,Airwallex,36.336073,0.0,36336.07,21.0,airwallex.com,True,
2026-09-11T15:06:49.088414+00:00,NZD->PHP,5000,Airwallex,36.336073,0.0,181680.37,21.0,airwallex.com,True,
2026-09-11T15:06:49.088414+00:00,NZD->PHP,25000,Airwallex,36.336073,0.0,908401.83,21.0,airwallex.com,True,
2026-09-11T15:06:49.088414+00:00,NZD->PHP,50000,Airwallex,36.336073,0.0,1816803.65,21.0,airwallex.com,True,
2026-09-11T15:06:49.088414+00:00,SGD->PHP,200,Airwallex,49.312056,0.0,9862.41,28.9,airwallex.com,True,
2026-09-11T15:06:49.088414+00:00,SGD->PHP,200,Instarem,49.3362,0.0,9867.24,24.02,instarem.com,True,
2026-09-11T15:06:49.088414+00:00,SGD->PHP,1000,Airwallex,49.312056,0.0,49312.06,28.9,airwallex.com,True,
2026-09-11T15:06:49.088414+00:00,SGD->PHP,1000,Instarem,49.3362,0.0,49336.2,24.02,instarem.com,True,
2026-09-11T15:06:49.088414+00:00,SGD->PHP,5000,Airwallex,49.312056,0.0,246560.28,28.9,airwallex.com,True,
2026-09-11T15:06:49.088414+00:00,SGD->PHP,5000,Instarem,49.3362,22.5,245570.94,68.91,instarem.com,True,
2026-09-11T15:06:49.088414+00:00,SGD->PHP,25000,Airwallex,49.312056,0.0,1232801.4,28.9,airwallex.com,True,
2026-09-11T15:06:49.088414+00:00,SGD->PHP,25000,Instarem,49.3362,112.5,1227854.68,68.91,instarem.com,True,
2026-09-11T15:06:49.088414+00:00,SGD->PHP,50000,Airwallex,49.312056,0.0,2465602.8,28.9,airwallex.com,True,
2026-09-11T15:06:49.088414+00:00,SGD->PHP,50000,Instarem,49.3362,225.0,2455709.36,68.91,instarem.com,True,
2026-09-11T15:06:49.088414+00:00,USD->MXN,200,Airwallex,16.960789,0.0,3392.16,4.6,airwallex.com,True,
2026-09-11T15:06:49.088414+00:00,USD->MXN,1000,Airwallex,16.960789,0.0,16960.79,4.61,airwallex.com,True,
2026-09-11T15:06:49.088414+00:00,USD->MXN,5000,Airwallex,16.956844,0.0,84784.22,6.93,airwallex.com,True,
2026-09-11T15:06:49.088414+00:00,USD->MXN,25000,Airwallex,16.956844,0.0,423921.1,6.93,airwallex.com,True,
2026-09-11T15:06:49.088414+00:00,USD->MXN,50000,Airwallex,16.956844,0.0,847842.2,6.93,airwallex.com,True,
2026-09-11T16:06:50.619017+00:00,AUD->PHP,200,Airwallex,44.871781,0.0,8974.36,12.78,airwallex.com,True,
2026-09-11T16:06:50.619017+00:00,AUD->PHP,200,Instarem,44.874,0.0,8974.8,12.29,instarem.com,True,
2026-09-11T16:06:50.619017+00:00,AUD->PHP,1000,Airwallex,44.871781,0.0,44871.78,12.78,airwallex.com,True,
2026-09-11T16:06:50.619017+00:00,AUD->PHP,1000,Instarem,44.874,0.0,44874.0,12.29,instarem.com,True,
2026-09-11T16:06:50.619017+00:00,AUD->PHP,5000,Airwallex,44.871781,0.0,224358.91,12.78,airwallex.com,True,
2026-09-11T16:06:50.619017+00:00,AUD->PHP,5000,Instarem,44.874,35.0,222799.41,82.2,instarem.com,True,
2026-09-11T16:06:50.619017+00:00,AUD->PHP,25000,Airwallex,44.871781,0.0,1121794.53,12.78,airwallex.com,True,
2026-09-11T16:06:50.619017+00:00,AUD->PHP,25000,Instarem,44.874,150.0,1115118.9,72.21,instarem.com,True,
2026-09-11T16:06:50.619017+00:00,AUD->PHP,50000,Airwallex,44.871781,0.0,2243589.05,12.78,airwallex.com,True,
2026-09-11T16:06:50.619017+00:00,AUD->PHP,50000,Instarem,44.874,300.0,2230237.8,72.21,instarem.com,True,
2026-09-11T16:06:50.619017+00:00,NZD->PHP,200,Airwallex,36.374252,0.0,7274.85,10.52,airwallex.com,True,
2026-09-11T16:06:50.619017+00:00,NZD->PHP,1000,Airwallex,36.374252,0.0,36374.25,10.52,airwallex.com,True,
2026-09-11T16:06:50.619017+00:00,NZD->PHP,5000,Airwallex,36.374252,0.0,181871.26,10.52,airwallex.com,True,
2026-09-11T16:06:50.619017+00:00,NZD->PHP,25000,Airwallex,36.374252,0.0,909356.3,10.52,airwallex.com,True,
2026-09-11T16:06:50.619017+00:00,NZD->PHP,50000,Airwallex,36.374252,0.0,1818712.6,10.52,airwallex.com,True,
2026-09-11T16:06:50.619017+00:00,SGD->PHP,200,Airwallex,49.350147,0.0,9870.03,21.2,airwallex.com,True,
2026-09-11T16:06:50.619017+00:00,SGD->PHP,200,Instarem,49.356,0.0,9871.2,20.01,instarem.com,True,
2026-09-11T16:06:50.619017+00:00,SGD->PHP,1000,Airwallex,49.350147,0.0,49350.15,21.2,airwallex.com,True,
2026-09-11T16:06:50.619017+00:00,SGD->PHP,1000,Instarem,49.356,0.0,49356.0,20.01,instarem.com,True,
2026-09-11T16:06:50.619017+00:00,SGD->PHP,5000,Airwallex,49.350147,0.0,246750.74,21.2,airwallex.com,True,
2026-09-11T16:06:50.619017+00:00,SGD->PHP,5000,Instarem,49.356,22.5,245669.49,64.92,instarem.com,True,
2026-09-11T16:06:50.619017+00:00,SGD->PHP,25000,Airwallex,49.329635,0.0,1233240.88,25.34,airwallex.com,True,
2026-09-11T16:06:50.619017+00:00,SGD->PHP,25000,Instarem,49.356,112.5,1228347.45,64.92,instarem.com,True,
2026-09-11T16:06:50.619017+00:00,SGD->PHP,50000,Airwallex,49.329635,0.0,2466481.75,25.34,airwallex.com,True,
2026-09-11T16:06:50.619017+00:00,SGD->PHP,50000,Instarem,49.356,225.0,2456694.9,64.92,instarem.com,True,
2026-09-11T16:06:50.619017+00:00,USD->MXN,200,Airwallex,16.961613,0.0,3392.32,4.13,airwallex.com,True,
2026-09-11T16:06:50.619017+00:00,USD->MXN,1000,Airwallex,16.961613,0.0,16961.61,4.13,airwallex.com,True,
2026-09-11T16:06:50.619017+00:00,USD->MXN,5000,Airwallex,16.961613,0.0,84808.07,4.12,airwallex.com,True,
2026-09-11T16:06:50.619017+00:00,USD->MXN,25000,Airwallex,16.961613,0.0,424040.33,4.12,airwallex.com,True,
2026-09-11T16:06:50.619017+00:00,USD->MXN,50000,Airwallex,16.961613,0.0,848080.65,4.12,airwallex.com,True,
2026-09-11T17:06:51.728273+00:00,AUD->PHP,200,Airwallex,44.829758,0.0,8965.95,22.14,airwallex.com,True,
2026-09-11T17:06:51.728273+00:00,AUD->PHP,200,Instarem,44.852,0.0,8970.4,17.18,instarem.com,True,
2026-09-11T17:06:51.728273+00:00,AUD->PHP,1000,Airwallex,44.829758,0.0,44829.76,22.13,airwallex.com,True,
2026-09-11T17:06:51.728273+00:00,AUD->PHP,1000,Instarem,44.852,0.0,44852.0,17.18,instarem.com,True,
2026-09-11T17:06:51.728273+00:00,AUD->PHP,5000,Airwallex,44.829758,0.0,224148.79,22.13,airwallex.com,True,
2026-09-11T17:06:51.728273+00:00,AUD->PHP,5000,Instarem,44.852,35.0,222690.18,87.06,instarem.com,True,
2026-09-11T17:06:51.728273+00:00,AUD->PHP,25000,Airwallex,44.829758,0.0,1120743.95,22.13,airwallex.com,True,
2026-09-11T17:06:51.728273+00:00,AUD->PHP,25000,Instarem,44.852,150.0,1114572.2,77.08,instarem.com,True,
2026-09-11T17:06:51.728273+00:00,AUD->PHP,50000,Airwallex,44.829758,0.0,2241487.9,22.13,airwallex.com,True,
2026-09-11T17:06:51.728273+00:00,AUD->PHP,50000,Instarem,44.852,300.0,2229144.4,77.08,instarem.com,True,
2026-09-11T17:06:51.728273+00:00,NZD->PHP,200,Airwallex,36.336315,0.0,7267.26,20.94,airwallex.com,True,
2026-09-11T17:06:51.728273+00:00,NZD->PHP,1000,Airwallex,36.336315,0.0,36336.32,20.93,airwallex.com,True,
2026-09-11T17:06:51.728273+00:00,NZD->PHP,5000,Airwallex,36.336315,0.0,181681.58,20.93,airwallex.com,True,
2026-09-11T17:06:51.728273+00:00,NZD->PHP,25000,Airwallex,36.336315,0.0,908407.88,20.93,airwallex.com,True,
2026-09-11T17:06:51.728273+00:00,NZD->PHP,50000,Airwallex,36.336315,0.0,1816815.75,20.94,airwallex.com,True,
2026-09-11T17:06:51.728273+00:00,SGD->PHP,200,Airwallex,49.308742,0.0,9861.75,29.57,airwallex.com,True,
2026-09-11T17:06:51.728273+00:00,SGD->PHP,200,Instarem,49.3403,0.0,9868.06,23.19,instarem.com,True,
2026-09-11T17:06:51.728273+00:00,SGD->PHP,1000,Airwallex,49.308742,0.0,49308.74,29.57,airwallex.com,True,
2026-09-11T17:06:51.728273+00:00,SGD->PHP,1000,Instarem,49.3403,0.0,49340.3,23.19,instarem.com,True,
2026-09-11T17:06:51.728273+00:00,SGD->PHP,5000,Airwallex,49.309404,0.0,246547.02,29.44,airwallex.com,True,
2026-09-11T17:06:51.728273+00:00,SGD->PHP,5000,Instarem,49.3403,22.5,245591.34,68.08,instarem.com,True,
2026-09-11T17:06:51.728273+00:00,SGD->PHP,25000,Airwallex,49.309404,0.0,1232735.1,29.44,airwallex.com,True,
2026-09-11T17:06:51.728273+00:00,SGD->PHP,25000,Instarem,49.3403,112.5,1227956.72,68.08,instarem.com,True,
2026-09-11T17:06:51.728273+00:00,SGD->PHP,50000,Airwallex,49.309404,0.0,2465470.2,29.44,airwallex.com,True,
2026-09-11T17:06:51.728273+00:00,SGD->PHP,50000,Instarem,49.3403,225.0,2455913.43,68.08,instarem.com,True,
2026-09-11T17:06:51.728273+00:00,USD->MXN,200,Airwallex,16.97143,0.0,3394.29,-1.67,airwallex.com,True,
2026-09-11T17:06:51.728273+00:00,USD->MXN,1000,Airwallex,16.97143,0.0,16971.43,-1.66,airwallex.com,True,
2026-09-11T17:06:51.728273+00:00,USD->MXN,5000,Airwallex,16.97143,0.0,84857.15,-1.66,airwallex.com,True,
2026-09-11T17:06:51.728273+00:00,USD->MXN,25000,Airwallex,16.97143,0.0,424285.75,-1.66,airwallex.com,True,
2026-09-11T17:06:51.728273+00:00,USD->MXN,50000,Airwallex,16.97143,0.0,848571.5,-1.66,airwallex.com,True,
2026-09-11T18:07:01.583322+00:00,AUD->PHP,200,Airwallex,44.837758,0.0,8967.55,20.36,airwallex.com,True,
2026-09-11T18:07:01.583322+00:00,AUD->PHP,200,Instarem,44.865,0.0,8973.0,14.29,instarem.com,True,
2026-09-11T18:07:01.583322+00:00,AUD->PHP,1000,Airwallex,44.837758,0.0,44837.76,20.35,airwallex.com,True,
2026-09-11T18:07:01.583322+00:00,AUD->PHP,1000,Instarem,44.865,0.0,44865.0,14.29,instarem.com,True,
2026-09-11T18:07:01.583322+00:00,AUD->PHP,5000,Airwallex,44.836945,0.0,224184.73,20.53,airwallex.com,True,
2026-09-11T18:07:01.583322+00:00,AUD->PHP,5000,Instarem,44.865,35.0,222754.73,84.19,instarem.com,True,
2026-09-11T18:07:01.583322+00:00,AUD->PHP,25000,Airwallex,44.836945,0.0,1120923.63,20.53,airwallex.com,True,
2026-09-11T18:07:01.583322+00:00,AUD->PHP,25000,Instarem,44.865,150.0,1114895.25,74.2,instarem.com,True,
2026-09-11T18:07:01.583322+00:00,AUD->PHP,50000,Airwallex,44.836945,0.0,2241847.25,20.53,airwallex.com,True,
2026-09-11T18:07:01.583322+00:00,AUD->PHP,50000,Instarem,44.865,300.0,2229790.5,74.2,instarem.com,True,
2026-09-11T18:07:01.583322+00:00,NZD->PHP,200,Airwallex,36.349877,0.0,7269.98,17.2,airwallex.com,True,
2026-09-11T18:07:01.583322+00:00,NZD->PHP,1000,Airwallex,36.349877,0.0,36349.88,17.21,airwallex.com,True,
2026-09-11T18:07:01.583322+00:00,NZD->PHP,5000,Airwallex,36.349877,0.0,181749.39,17.21,airwallex.com,True,
2026-09-11T18:07:01.583322+00:00,NZD->PHP,25000,Airwallex,36.349877,0.0,908746.93,17.21,airwallex.com,True,
2026-09-11T18:07:01.583322+00:00,NZD->PHP,50000,Airwallex,36.349877,0.0,1817493.85,17.21,airwallex.com,True,
2026-09-11T18:07:01.583322+00:00,SGD->PHP,200,Airwallex,49.318548,0.0,9863.71,27.59,airwallex.com,True,
2026-09-11T18:07:01.583322+00:00,SGD->PHP,200,Instarem,49.3364,0.0,9867.28,23.98,instarem.com,True,
2026-09-11T18:07:01.583322+00:00,SGD->PHP,1000,Airwallex,49.318548,0.0,49318.55,27.59,airwallex.com,True,
2026-09-11T18:07:01.583322+00:00,SGD->PHP,1000,Instarem,49.3364,0.0,49336.4,23.98,instarem.com,True,
2026-09-11T18:07:01.583322+00:00,SGD->PHP,5000,Airwallex,49.318548,0.0,246592.74,27.59,airwallex.com,True,
2026-09-11T18:07:01.583322+00:00,SGD->PHP,5000,Instarem,49.3364,22.5,245571.93,68.87,instarem.com,True,
2026-09-11T18:07:01.583322+00:00,SGD->PHP,25000,Airwallex,49.318548,0.0,1232963.7,27.59,airwallex.com,True,
2026-09-11T18:07:01.583322+00:00,SGD->PHP,25000,Instarem,49.3364,112.5,1227859.66,68.87,instarem.com,True,
2026-09-11T18:07:01.583322+00:00,SGD->PHP,50000,Airwallex,49.318548,0.0,2465927.4,27.59,airwallex.com,True,
2026-09-11T18:07:01.583322+00:00,SGD->PHP,50000,Instarem,49.3364,225.0,2455719.31,68.87,instarem.com,True,
2026-09-11T18:07:01.583322+00:00,USD->MXN,200,Airwallex,16.95876,0.0,3391.75,5.81,airwallex.com,True,
2026-09-11T18:07:01.583322+00:00,USD->MXN,1000,Airwallex,16.95876,0.0,16958.76,5.81,airwallex.com,True,
2026-09-11T18:07:01.583322+00:00,USD->MXN,5000,Airwallex,16.95876,0.0,84793.8,5.81,airwallex.com,True,
2026-09-11T18:07:01.583322+00:00,USD->MXN,25000,Airwallex,16.95876,0.0,423969.0,5.81,airwallex.com,True,
2026-09-11T18:07:01.583322+00:00,USD->MXN,50000,Airwallex,16.95876,0.0,847938.0,5.81,airwallex.com,True,
2026-09-11T19:06:51.329689+00:00,AUD->PHP,200,Airwallex,44.814071,0.0,8962.81,25.63,airwallex.com,True,
2026-09-11T19:06:51.329689+00:00,AUD->PHP,200,Instarem,44.846,0.0,8969.2,18.52,instarem.com,True,
2026-09-11T19:06:51.329689+00:00,AUD->PHP,1000,Airwallex,44.814071,0.0,44814.07,25.63,airwallex.com,True,
2026-09-11T19:06:51.329689+00:00,AUD->PHP,1000,Instarem,44.846,0.0,44846.0,18.52,instarem.com,True,
2026-09-11T19:06:51.329689+00:00,AUD->PHP,5000,Airwallex,44.814071,0.0,224070.36,25.63,airwallex.com,True,
2026-09-11T19:06:51.329689+00:00,AUD->PHP,5000,Instarem,44.846,35.0,222660.39,88.39,instarem.com,True,
2026-09-11T19:06:51.329689+00:00,AUD->PHP,25000,Airwallex,44.814071,0.0,1120351.78,25.63,airwallex.com,True,
2026-09-11T19:06:51.329689+00:00,AUD->PHP,25000,Instarem,44.846,150.0,1114423.1,78.41,instarem.com,True,
2026-09-11T19:06:51.329689+00:00,AUD->PHP,50000,Airwallex,44.814071,0.0,2240703.55,25.63,airwallex.com,True,
2026-09-11T19:06:51.329689+00:00,AUD->PHP,50000,Instarem,44.846,300.0,2228846.2,78.41,instarem.com,True,
2026-09-11T19:06:51.329689+00:00,NZD->PHP,200,Airwallex,36.315003,0.0,7263.0,26.79,airwallex.com,True,
2026-09-11T19:06:51.329689+00:00,NZD->PHP,1000,Airwallex,36.315003,0.0,36315.0,26.79,airwallex.com,True,
2026-09-11T19:06:51.329689+00:00,NZD->PHP,5000,Airwallex,36.315003,0.0,181575.02,26.79,airwallex.com,True,
2026-09-11T19:06:51.329689+00:00,NZD->PHP,25000,Airwallex,36.315003,0.0,907875.08,26.79,airwallex.com,True,
2026-09-11T19:06:51.329689+00:00,NZD->PHP,50000,Airwallex,36.315003,0.0,1815750.15,26.79,airwallex.com,True,
2026-09-11T19:06:51.329689+00:00,SGD->PHP,200,Airwallex,49.304152,0.0,9860.83,30.5,airwallex.com,True,
2026-09-11T19:06:51.329689+00:00,SGD->PHP,200,Instarem,49.3325,0.0,9866.5,24.77,instarem.com,True,
2026-09-11T19:06:51.329689+00:00,SGD->PHP,1000,Airwallex,49.301663,0.0,49301.66,31.0,airwallex.com,True,
2026-09-11T19:06:51.329689+00:00,SGD->PHP,1000,Instarem,49.3325,0.0,49332.5,24.77,instarem.com,True,
2026-09-11T19:06:51.329689+00:00,SGD->PHP,5000,Airwallex,49.301663,0.0,246508.32,31.0,airwallex.com,True,
2026-09-11T19:06:51.329689+00:00,SGD->PHP,5000,Instarem,49.3325,22.5,245552.52,69.65,instarem.com,True,
2026-09-11T19:06:51.329689+00:00,SGD->PHP,25000,Airwallex,49.301663,0.0,1232541.58,31.0,airwallex.com,True,
2026-09-11T19:06:51.329689+00:00,SGD->PHP,25000,Instarem,49.3325,112.5,1227762.59,69.65,instarem.com,True,
2026-09-11T19:06:51.329689+00:00,SGD->PHP,50000,Airwallex,49.301663,0.0,2465083.15,31.0,airwallex.com,True,
2026-09-11T19:06:51.329689+00:00,SGD->PHP,50000,Instarem,49.3325,225.0,2455525.19,69.65,instarem.com,True,
2026-09-11T19:06:51.329689+00:00,USD->MXN,200,Airwallex,16.966076,0.0,3393.22,1.48,airwallex.com,True,
2026-09-11T19:06:51.329689+00:00,USD->MXN,1000,Airwallex,16.966076,0.0,16966.08,1.49,airwallex.com,True,
2026-09-11T19:06:51.329689+00:00,USD->MXN,5000,Airwallex,16.966076,0.0,84830.38,1.49,airwallex.com,True,
2026-09-11T19:06:51.329689+00:00,USD->MXN,25000,Airwallex,16.966076,0.0,424151.9,1.49,airwallex.com,True,
2026-09-11T19:06:51.329689+00:00,USD->MXN,50000,Airwallex,16.966076,0.0,848303.8,1.49,airwallex.com,True,
2026-09-11T20:06:51.447093+00:00,AUD->PHP,200,Airwallex,44.895043,0.0,8979.01,7.6,airwallex.com,True,
2026-09-11T20:06:51.447093+00:00,AUD->PHP,200,Instarem,44.948,0.0,8989.6,-4.18,instarem.com,True,
2026-09-11T20:06:51.447093+00:00,AUD->PHP,1000,Airwallex,44.895043,0.0,44895.04,7.6,airwallex.com,True,
2026-09-11T20:06:51.447093+00:00,AUD->PHP,1000,Instarem,44.948,0.0,44948.0,-4.18,instarem.com,True,
2026-09-11T20:06:51.447093+00:00,AUD->PHP,5000,Airwallex,44.895043,0.0,224475.22,7.6,airwallex.com,True,
2026-09-11T20:06:51.447093+00:00,AUD->PHP,5000,Instarem,44.948,35.0,223166.82,65.85,instarem.com,True,
2026-09-11T20:06:51.447093+00:00,AUD->PHP,25000,Airwallex,44.895043,0.0,1122376.08,7.6,airwallex.com,True,
2026-09-11T20:06:51.447093+00:00,AUD->PHP,25000,Instarem,44.948,150.0,1116957.8,55.84,instarem.com,True,
2026-09-11T20:06:51.447093+00:00,AUD->PHP,50000,Airwallex,44.895043,0.0,2244752.15,7.6,airwallex.com,True,
2026-09-11T20:06:51.447093+00:00,AUD->PHP,50000,Instarem,44.948,300.0,2233915.6,55.84,instarem.com,True,
2026-09-11T20:06:51.447093+00:00,NZD->PHP,200,Airwallex,36.386756,0.0,7277.35,7.08,airwallex.com,True,
2026-09-11T20:06:51.447093+00:00,NZD->PHP,1000,Airwallex,36.386756,0.0,36386.76,7.08,airwallex.com,True,
2026-09-11T20:06:51.447093+00:00,NZD->PHP,5000,Airwallex,36.386756,0.0,181933.78,7.08,airwallex.com,True,
2026-09-11T20:06:51.447093+00:00,NZD->PHP,25000,Airwallex,36.386756,0.0,909668.9,7.08,airwallex.com,True,
2026-09-11T20:06:51.447093+00:00,NZD->PHP,50000,Airwallex,36.386756,0.0,1819337.8,7.08,airwallex.com,True,
2026-09-11T20:06:51.447093+00:00,SGD->PHP,200,Airwallex,49.388394,0.0,9877.68,13.46,airwallex.com,True,
2026-09-11T20:06:51.447093+00:00,SGD->PHP,200,Instarem,49.4454,0.0,9889.08,1.94,instarem.com,True,
2026-09-11T20:06:51.447093+00:00,SGD->PHP,1000,Airwallex,49.388394,0.0,49388.39,13.46,airwallex.com,True,
2026-09-11T20:06:51.447093+00:00,SGD->PHP,1000,Instarem,49.4454,0.0,49445.4,1.94,instarem.com,True,
2026-09-11T20:06:51.447093+00:00,SGD->PHP,5000,Airwallex,49.388394,0.0,246941.97,13.46,airwallex.com,True,
2026-09-11T20:06:51.447093+00:00,SGD->PHP,5000,Instarem,49.4454,22.5,246114.48,46.93,instarem.com,True,
2026-09-11T20:06:51.447093+00:00,SGD->PHP,25000,Airwallex,49.389056,0.0,1234726.4,13.33,airwallex.com,True,
2026-09-11T20:06:51.447093+00:00,SGD->PHP,25000,Instarem,49.4454,112.5,1230572.39,46.93,instarem.com,True,
2026-09-11T20:06:51.447093+00:00,SGD->PHP,50000,Airwallex,49.389056,0.0,2469452.8,13.33,airwallex.com,True,
2026-09-11T20:06:51.447093+00:00,SGD->PHP,50000,Instarem,49.4454,225.0,2461144.79,46.93,instarem.com,True,
2026-09-11T20:06:51.447093+00:00,USD->MXN,200,Airwallex,16.967096,0.0,3393.42,0.89,airwallex.com,True,
2026-09-11T20:06:51.447093+00:00,USD->MXN,1000,Airwallex,16.967096,0.0,16967.1,0.89,airwallex.com,True,
2026-09-11T20:06:51.447093+00:00,USD->MXN,5000,Airwallex,16.967096,0.0,84835.48,0.89,airwallex.com,True,
2026-09-11T20:06:51.447093+00:00,USD->MXN,25000,Airwallex,16.967096,0.0,424177.4,0.89,airwallex.com,True,
2026-09-11T20:06:51.447093+00:00,USD->MXN,50000,Airwallex,16.967096,0.0,848354.8,0.89,airwallex.com,True,
2026-09-11T21:07:01.435229+00:00,AUD->PHP,200,Airwallex,44.755498,0.0,8951.1,38.66,airwallex.com,True,
2026-09-11T21:07:01.435229+00:00,AUD->PHP,200,Instarem,44.862,0.0,8972.4,14.96,instarem.com,True,
2026-09-11T21:07:01.435229+00:00,AUD->PHP,1000,Airwallex,44.755498,0.0,44755.5,38.66,airwallex.com,True,
2026-09-11T21:07:01.435229+00:00,AUD->PHP,1000,Instarem,44.862,0.0,44862.0,14.96,instarem.com,True,
2026-09-11T21:07:01.435229+00:00,AUD->PHP,5000,Airwallex,44.755498,0.0,223777.49,38.66,airwallex.com,True,
2026-09-11T21:07:01.435229+00:00,AUD->PHP,5000,Instarem,44.862,35.0,222739.83,84.85,instarem.com,True,
2026-09-11T21:07:01.435229+00:00,AUD->PHP,25000,Airwallex,44.755498,0.0,1118887.45,38.66,airwallex.com,True,
2026-09-11T21:07:01.435229+00:00,AUD->PHP,25000,Instarem,44.862,150.0,1114820.7,74.87,instarem.com,True,
2026-09-11T21:07:01.435229+00:00,AUD->PHP,50000,Airwallex,44.755498,0.0,2237774.9,38.66,airwallex.com,True,
2026-09-11T21:07:01.435229+00:00,AUD->PHP,50000,Instarem,44.862,300.0,2229641.4,74.87,instarem.com,True,
2026-09-11T21:07:01.435229+00:00,NZD->PHP,200,Airwallex,36.291829,0.0,7258.37,33.15,airwallex.com,True,
2026-09-11T21:07:01.435229+00:00,NZD->PHP,1000,Airwallex,36.291829,0.0,36291.83,33.15,airwallex.com,True,
2026-09-11T21:07:01.435229+00:00,NZD->PHP,5000,Airwallex,36.291829,0.0,181459.15,33.15,airwallex.com,True,
2026-09-11T21:07:01.435229+00:00,NZD->PHP,25000,Airwallex,36.291829,0.0,907295.73,33.15,airwallex.com,True,
2026-09-11T21:07:01.435229+00:00,NZD->PHP,50000,Airwallex,36.291829,0.0,1814591.45,33.15,airwallex.com,True,
2026-09-11T21:07:01.435229+00:00,SGD->PHP,200,Airwallex,49.259664,0.0,9851.93,39.5,airwallex.com,True,
2026-09-11T21:07:01.435229+00:00,SGD->PHP,200,Instarem,49.3892,0.0,9877.84,13.3,instarem.com,True,
2026-09-11T21:07:01.435229+00:00,SGD->PHP,1000,Airwallex,49.259664,0.0,49259.66,39.49,airwallex.com,True,
2026-09-11T21:07:01.435229+00:00,SGD->PHP,1000,Instarem,49.3892,0.0,49389.2,13.3,instarem.com,True,
2026-09-11T21:07:01.435229+00:00,SGD->PHP,5000,Airwallex,49.259664,0.0,246298.32,39.49,airwallex.com,True,
2026-09-11T21:07:01.435229+00:00,SGD->PHP,5000,Instarem,49.3892,22.5,245834.74,58.24,instarem.com,True,
2026-09-11T21:07:01.435229+00:00,SGD->PHP,25000,Airwallex,49.259664,0.0,1231491.6,39.49,airwallex.com,True,
2026-09-11T21:07:01.435229+00:00,SGD->PHP,25000,Instarem,49.3892,112.5,1229173.72,58.24,instarem.com,True,
2026-09-11T21:07:01.435229+00:00,SGD->PHP,50000,Airwallex,49.259664,0.0,2462983.2,39.49,airwallex.com,True,
2026-09-11T21:07:01.435229+00:00,SGD->PHP,50000,Instarem,49.3892,225.0,2458347.43,58.24,instarem.com,True,
2026-09-11T21:07:01.435229+00:00,USD->MXN,200,Airwallex,16.92083,0.0,3384.17,28.15,airwallex.com,True,
2026-09-11T21:07:01.435229+00:00,USD->MXN,1000,Airwallex,16.92083,0.0,16920.83,28.16,airwallex.com,True,
2026-09-11T21:07:01.435229+00:00,USD->MXN,5000,Airwallex,16.92083,0.0,84604.15,28.16,airwallex.com,True,
2026-09-11T21:07:01.435229+00:00,USD->MXN,25000,Airwallex,16.92083,0.0,423020.75,28.16,airwallex.com,True,
2026-09-11T21:07:01.435229+00:00,USD->MXN,50000,Airwallex,16.92083,0.0,846041.5,28.16,airwallex.com,True,
2026-09-11T22:06:47.652408+00:00,AUD->PHP,200,Airwallex,44.755498,0.0,8951.1,38.66,airwallex.com,True,
2026-09-11T22:06:47.652408+00:00,AUD->PHP,200,Instarem,44.862,0.0,8972.4,14.96,instarem.com,True,
2026-09-11T22:06:47.652408+00:00,AUD->PHP,1000,Airwallex,44.755498,0.0,44755.5,38.66,airwallex.com,True,
2026-09-11T22:06:47.652408+00:00,AUD->PHP,1000,Instarem,44.862,0.0,44862.0,14.96,instarem.com,True,
2026-09-11T22:06:47.652408+00:00,AUD->PHP,5000,Airwallex,44.755498,0.0,223777.49,38.66,airwallex.com,True,
2026-09-11T22:06:47.652408+00:00,AUD->PHP,5000,Instarem,44.862,35.0,222739.83,84.85,instarem.com,True,
2026-09-11T22:06:47.652408+00:00,AUD->PHP,25000,Airwallex,44.755498,0.0,1118887.45,38.66,airwallex.com,True,
2026-09-11T22:06:47.652408+00:00,AUD->PHP,25000,Instarem,44.862,150.0,1114820.7,74.87,instarem.com,True,
2026-09-11T22:06:47.652408+00:00,AUD->PHP,50000,Airwallex,44.755498,0.0,2237774.9,38.66,airwallex.com,True,
2026-09-11T22:06:47.652408+00:00,AUD->PHP,50000,Instarem,44.862,300.0,2229641.4,74.87,instarem.com,True,
2026-09-11T22:06:47.652408+00:00,NZD->PHP,200,Airwallex,36.291829,0.0,7258.37,33.15,airwallex.com,True,
2026-09-11T22:06:47.652408+00:00,NZD->PHP,1000,Airwallex,36.291829,0.0,36291.83,33.15,airwallex.com,True,
2026-09-11T22:06:47.652408+00:00,NZD->PHP,5000,Airwallex,36.291829,0.0,181459.15,33.15,airwallex.com,True,
2026-09-11T22:06:47.652408+00:00,NZD->PHP,25000,Airwallex,36.291829,0.0,907295.73,33.15,airwallex.com,True,
2026-09-11T22:06:47.652408+00:00,NZD->PHP,50000,Airwallex,36.291829,0.0,1814591.45,33.15,airwallex.com,True,
2026-09-11T22:06:47.652408+00:00,SGD->PHP,200,Airwallex,49.259664,0.0,9851.93,39.5,airwallex.com,True,
2026-09-11T22:06:47.652408+00:00,SGD->PHP,200,Instarem,49.3892,0.0,9877.84,13.3,instarem.com,True,
2026-09-11T22:06:47.652408+00:00,SGD->PHP,1000,Airwallex,49.259664,0.0,49259.66,39.49,airwallex.com,True,
2026-09-11T22:06:47.652408+00:00,SGD->PHP,1000,Instarem,49.3892,0.0,49389.2,13.3,instarem.com,True,
2026-09-11T22:06:47.652408+00:00,SGD->PHP,5000,Airwallex,49.259664,0.0,246298.32,39.49,airwallex.com,True,
2026-09-11T22:06:47.652408+00:00,SGD->PHP,5000,Instarem,49.3892,22.5,245834.74,58.24,instarem.com,True,
2026-09-11T22:06:47.652408+00:00,SGD->PHP,25000,Airwallex,49.259664,0.0,1231491.6,39.49,airwallex.com,True,
2026-09-11T22:06:47.652408+00:00,SGD->PHP,25000,Instarem,49.3892,112.5,1229173.72,58.24,instarem.com,True,
2026-09-11T22:06:47.652408+00:00,SGD->PHP,50000,Airwallex,49.259664,0.0,2462983.2,39.49,airwallex.com,True,
2026-09-11T22:06:47.652408+00:00,SGD->PHP,50000,Instarem,49.3892,225.0,2458347.43,58.24,instarem.com,True,
2026-09-11T22:06:47.652408+00:00,USD->MXN,200,Airwallex,16.92083,0.0,3384.17,28.15,airwallex.com,True,
2026-09-11T22:06:47.652408+00:00,USD->MXN,1000,Airwallex,16.92083,0.0,16920.83,28.16,airwallex.com,True,
2026-09-11T22:06:47.652408+00:00,USD->MXN,5000,Airwallex,16.92083,0.0,84604.15,28.16,airwallex.com,True,
2026-09-11T22:06:47.652408+00:00,USD->MXN,25000,Airwallex,16.92083,0.0,423020.75,28.16,airwallex.com,True,
2026-09-11T22:06:47.652408+00:00,USD->MXN,50000,Airwallex,16.92083,0.0,846041.5,28.16,airwallex.com,True,
2026-09-11T23:06:52.147069+00:00,AUD->PHP,200,Airwallex,44.755498,0.0,8951.1,38.66,airwallex.com,True,
2026-09-11T23:06:52.147069+00:00,AUD->PHP,200,Instarem,44.862,0.0,8972.4,14.96,instarem.com,True,
2026-09-11T23:06:52.147069+00:00,AUD->PHP,1000,Airwallex,44.755498,0.0,44755.5,38.66,airwallex.com,True,
2026-09-11T23:06:52.147069+00:00,AUD->PHP,1000,Instarem,44.862,0.0,44862.0,14.96,instarem.com,True,
2026-09-11T23:06:52.147069+00:00,AUD->PHP,5000,Airwallex,44.755498,0.0,223777.49,38.66,airwallex.com,True,
2026-09-11T23:06:52.147069+00:00,AUD->PHP,5000,Instarem,44.862,35.0,222739.83,84.85,instarem.com,True,
2026-09-11T23:06:52.147069+00:00,AUD->PHP,25000,Airwallex,44.755498,0.0,1118887.45,38.66,airwallex.com,True,
2026-09-11T23:06:52.147069+00:00,AUD->PHP,25000,Instarem,44.862,150.0,1114820.7,74.87,instarem.com,True,
2026-09-11T23:06:52.147069+00:00,AUD->PHP,50000,Airwallex,44.755498,0.0,2237774.9,38.66,airwallex.com,True,
2026-09-11T23:06:52.147069+00:00,AUD->PHP,50000,Instarem,44.862,300.0,2229641.4,74.87,instarem.com,True,
2026-09-11T23:06:52.147069+00:00,NZD->PHP,200,Airwallex,36.291829,0.0,7258.37,33.15,airwallex.com,True,
2026-09-11T23:06:52.147069+00:00,NZD->PHP,1000,Airwallex,36.291829,0.0,36291.83,33.15,airwallex.com,True,
2026-09-11T23:06:52.147069+00:00,NZD->PHP,5000,Airwallex,36.291829,0.0,181459.15,33.15,airwallex.com,True,
2026-09-11T23:06:52.147069+00:00,NZD->PHP,25000,Airwallex,36.291829,0.0,907295.73,33.15,airwallex.com,True,
2026-09-11T23:06:52.147069+00:00,NZD->PHP,50000,Airwallex,36.291829,0.0,1814591.45,33.15,airwallex.com,True,
2026-09-11T23:06:52.147069+00:00,SGD->PHP,200,Airwallex,49.259664,0.0,9851.93,39.5,airwallex.com,True,
2026-09-11T23:06:52.147069+00:00,SGD->PHP,200,Instarem,49.3892,0.0,9877.84,13.3,instarem.com,True,
2026-09-11T23:06:52.147069+00:00,SGD->PHP,1000,Airwallex,49.259664,0.0,49259.66,39.49,airwallex.com,True,
2026-09-11T23:06:52.147069+00:00,SGD->PHP,1000,Instarem,49.3892,0.0,49389.2,13.3,instarem.com,True,
2026-09-11T23:06:52.147069+00:00,SGD->PHP,5000,Airwallex,49.259664,0.0,246298.32,39.49,airwallex.com,True,
2026-09-11T23:06:52.147069+00:00,SGD->PHP,5000,Instarem,49.3892,22.5,245834.74,58.24,instarem.com,True,
2026-09-11T23:06:52.147069+00:00,SGD->PHP,25000,Airwallex,49.259664,0.0,1231491.6,39.49,airwallex.com,True,
2026-09-11T23:06:52.147069+00:00,SGD->PHP,25000,Instarem,49.3892,112.5,1229173.72,58.24,instarem.com,True,
2026-09-11T23:06:52.147069+00:00,SGD->PHP,50000,Airwallex,49.259664,0.0,2462983.2,39.49,airwallex.com,True,
2026-09-11T23:06:52.147069+00:00,SGD->PHP,50000,Instarem,49.3892,225.0,2458347.43,58.24,instarem.com,True,
2026-09-11T23:06:52.147069+00:00,USD->MXN,200,Airwallex,16.92083,0.0,3384.17,28.15,airwallex.com,True,
2026-09-11T23:06:52.147069+00:00,USD->MXN,1000,Airwallex,16.92083,0.0,16920.83,28.16,airwallex.com,True,
2026-09-11T23:06:52.147069+00:00,USD->MXN,5000,Airwallex,16.92083,0.0,84604.15,28.16,airwallex.com,True,
2026-09-11T23:06:52.147069+00:00,USD->MXN,25000,Airwallex,16.92083,0.0,423020.75,28.16,airwallex.com,True,
2026-09-11T23:06:52.147069+00:00,USD->MXN,50000,Airwallex,16.92083,0.0,846041.5,28.16,airwallex.com,True,
2026-09-12T00:06:51.150481+00:00,AUD->PHP,200,Airwallex,44.755498,0.0,8951.1,38.66,airwallex.com,True,
2026-09-12T00:06:51.150481+00:00,AUD->PHP,200,Instarem,44.862,0.0,8967.92,19.94,instarem.com,True,
2026-09-12T00:06:51.150481+00:00,AUD->PHP,1000,Airwallex,44.755498,0.0,44755.5,38.66,airwallex.com,True,
2026-09-12T00:06:51.150481+00:00,AUD->PHP,1000,Instarem,44.862,0.0,44839.6,19.94,instarem.com,True,
2026-09-12T00:06:51.150481+00:00,AUD->PHP,5000,Airwallex,44.755498,0.0,223777.49,38.66,airwallex.com,True,
2026-09-12T00:06:51.150481+00:00,AUD->PHP,5000,Instarem,44.862,35.0,222628.61,89.8,instarem.com,True,
2026-09-12T00:06:51.150481+00:00,AUD->PHP,25000,Airwallex,44.755498,0.0,1118887.45,38.66,airwallex.com,True,
2026-09-12T00:06:51.150481+00:00,AUD->PHP,25000,Instarem,44.862,150.0,1114264.06,79.82,instarem.com,True,
2026-09-12T00:06:51.150481+00:00,AUD->PHP,50000,Airwallex,44.755498,0.0,2237774.9,38.66,airwallex.com,True,
2026-09-12T00:06:51.150481+00:00,AUD->PHP,50000,Instarem,44.862,300.0,2228528.12,79.82,instarem.com,True,
2026-09-12T00:06:51.150481+00:00,NZD->PHP,200,Airwallex,36.291829,0.0,7258.37,33.15,airwallex.com,True,
2026-09-12T00:06:51.150481+00:00,NZD->PHP,1000,Airwallex,36.291829,0.0,36291.83,33.15,airwallex.com,True,
2026-09-12T00:06:51.150481+00:00,NZD->PHP,5000,Airwallex,36.291829,0.0,181459.15,33.15,airwallex.com,True,
2026-09-12T00:06:51.150481+00:00,NZD->PHP,25000,Airwallex,36.291829,0.0,907295.73,33.15,airwallex.com,True,
2026-09-12T00:06:51.150481+00:00,NZD->PHP,50000,Airwallex,36.291829,0.0,1814591.45,33.15,airwallex.com,True,
2026-09-12T00:06:51.150481+00:00,SGD->PHP,200,Airwallex,49.259664,0.0,9851.93,39.5,airwallex.com,True,
2026-09-12T00:06:51.150481+00:00,SGD->PHP,200,Instarem,49.3892,0.0,9872.9,18.29,instarem.com,True,
2026-09-12T00:06:51.150481+00:00,SGD->PHP,1000,Airwallex,49.259664,0.0,49259.66,39.49,airwallex.com,True,
2026-09-12T00:06:51.150481+00:00,SGD->PHP,1000,Instarem,49.3892,0.0,49364.5,18.29,instarem.com,True,
2026-09-12T00:06:51.150481+00:00,SGD->PHP,5000,Airwallex,49.259664,0.0,246298.32,39.49,airwallex.com,True,
2026-09-12T00:06:51.150481+00:00,SGD->PHP,5000,Instarem,49.3892,22.5,245711.8,63.21,instarem.com,True,
2026-09-12T00:06:51.150481+00:00,SGD->PHP,25000,Airwallex,49.259664,0.0,1231491.6,39.49,airwallex.com,True,
2026-09-12T00:06:51.150481+00:00,SGD->PHP,25000,Instarem,49.3892,112.5,1228558.99,63.21,instarem.com,True,
2026-09-12T00:06:51.150481+00:00,SGD->PHP,50000,Airwallex,49.259664,0.0,2462983.2,39.49,airwallex.com,True,
2026-09-12T00:06:51.150481+00:00,SGD->PHP,50000,Instarem,49.3892,225.0,2457117.99,63.21,instarem.com,True,
2026-09-12T00:06:51.150481+00:00,USD->MXN,200,Airwallex,16.92083,0.0,3384.17,28.15,airwallex.com,True,
2026-09-12T00:06:51.150481+00:00,USD->MXN,1000,Airwallex,16.92083,0.0,16920.83,28.16,airwallex.com,True,
2026-09-12T00:06:51.150481+00:00,USD->MXN,5000,Airwallex,16.92083,0.0,84604.15,28.16,airwallex.com,True,
2026-09-12T00:06:51.150481+00:00,USD->MXN,25000,Airwallex,16.92083,0.0,423020.75,28.16,airwallex.com,True,
2026-09-12T00:06:51.150481+00:00,USD->MXN,50000,Airwallex,16.92083,0.0,846041.5,28.16,airwallex.com,True,
2026-09-12T01:06:55.619337+00:00,AUD->PHP,200,Airwallex,44.755498,0.0,8951.1,42.78,airwallex.com,True,
2026-09-12T01:06:55.619337+00:00,AUD->PHP,200,Instarem,44.862,0.0,8967.92,24.07,instarem.com,True,
2026-09-12T01:06:55.619337+00:00,AUD->PHP,1000,Airwallex,44.755498,0.0,44755.5,42.78,airwallex.com,True,
2026-09-12T01:06:55.619337+00:00,AUD->PHP,1000,Instarem,44.862,0.0,44839.6,24.07,instarem.com,True,
2026-09-12T01:06:55.619337+00:00,AUD->PHP,5000,Airwallex,44.755498,0.0,223777.49,42.78,airwallex.com,True,
2026-09-12T01:06:55.619337+00:00,AUD->PHP,5000,Instarem,44.862,35.0,222628.61,93.9,instarem.com,True,
2026-09-12T01:06:55.619337+00:00,AUD->PHP,25000,Airwallex,44.755498,0.0,1118887.45,42.78,airwallex.com,True,
2026-09-12T01:06:55.619337+00:00,AUD->PHP,25000,Instarem,44.862,150.0,1114264.06,83.93,instarem.com,True,
2026-09-12T01:06:55.619337+00:00,AUD->PHP,50000,Airwallex,44.755498,0.0,2237774.9,42.78,airwallex.com,True,
2026-09-12T01:06:55.619337+00:00,AUD->PHP,50000,Instarem,44.862,300.0,2228528.12,83.93,instarem.com,True,
2026-09-12T01:06:55.619337+00:00,NZD->PHP,200,Airwallex,36.291829,0.0,7258.37,44.95,airwallex.com,True,
2026-09-12T01:06:55.619337+00:00,NZD->PHP,1000,Airwallex,36.291829,0.0,36291.83,44.96,airwallex.com,True,
2026-09-12T01:06:55.619337+00:00,NZD->PHP,5000,Airwallex,36.291829,0.0,181459.15,44.96,airwallex.com,True,
2026-09-12T01:06:55.619337+00:00,NZD->PHP,25000,Airwallex,36.291829,0.0,907295.73,44.96,airwallex.com,True,
2026-09-12T01:06:55.619337+00:00,NZD->PHP,50000,Airwallex,36.291829,0.0,1814591.45,44.96,airwallex.com,True,
2026-09-12T01:06:55.619337+00:00,SGD->PHP,200,Airwallex,49.259664,0.0,9851.93,43.21,airwallex.com,True,
2026-09-12T01:06:55.619337+00:00,SGD->PHP,200,Instarem,49.3892,0.0,9872.9,22.02,instarem.com,True,
2026-09-12T01:06:55.619337+00:00,SGD->PHP,1000,Airwallex,49.259664,0.0,49259.66,43.21,airwallex.com,True,
2026-09-12T01:06:55.619337+00:00,SGD->PHP,1000,Instarem,49.3892,0.0,49364.5,22.02,instarem.com,True,
2026-09-12T01:06:55.619337+00:00,SGD->PHP,5000,Airwallex,49.259664,0.0,246298.32,43.21,airwallex.com,True,
2026-09-12T01:06:55.619337+00:00,SGD->PHP,5000,Instarem,49.3892,22.5,245711.8,66.92,instarem.com,True,
2026-09-12T01:06:55.619337+00:00,SGD->PHP,25000,Airwallex,49.259664,0.0,1231491.6,43.21,airwallex.com,True,
2026-09-12T01:06:55.619337+00:00,SGD->PHP,25000,Instarem,49.3892,112.5,1228558.99,66.92,instarem.com,True,
2026-09-12T01:06:55.619337+00:00,SGD->PHP,50000,Airwallex,49.259664,0.0,2462983.2,43.21,airwallex.com,True,
2026-09-12T01:06:55.619337+00:00,SGD->PHP,50000,Instarem,49.3892,225.0,2457117.99,66.92,instarem.com,True,
2026-09-12T01:06:55.619337+00:00,USD->MXN,200,Airwallex,16.92083,0.0,3384.17,28.32,airwallex.com,True,
2026-09-12T01:06:55.619337+00:00,USD->MXN,1000,Airwallex,16.92083,0.0,16920.83,28.33,airwallex.com,True,
2026-09-12T01:06:55.619337+00:00,USD->MXN,5000,Airwallex,16.92083,0.0,84604.15,28.33,airwallex.com,True,
2026-09-12T01:06:55.619337+00:00,USD->MXN,25000,Airwallex,16.92083,0.0,423020.75,28.33,airwallex.com,True,
2026-09-12T01:06:55.619337+00:00,USD->MXN,50000,Airwallex,16.92083,0.0,846041.5,28.33,airwallex.com,True,
2026-09-12T02:06:52.426195+00:00,AUD->PHP,200,Airwallex,44.755498,0.0,8951.1,42.78,airwallex.com,True,
2026-09-12T02:06:52.426195+00:00,AUD->PHP,200,Instarem,44.862,0.0,8967.92,24.07,instarem.com,True,
2026-09-12T02:06:52.426195+00:00,AUD->PHP,1000,Airwallex,44.755498,0.0,44755.5,42.78,airwallex.com,True,
2026-09-12T02:06:52.426195+00:00,AUD->PHP,1000,Instarem,44.862,0.0,44839.6,24.07,instarem.com,True,
2026-09-12T02:06:52.426195+00:00,AUD->PHP,5000,Airwallex,44.755498,0.0,223777.49,42.78,airwallex.com,True,
2026-09-12T02:06:52.426195+00:00,AUD->PHP,5000,Instarem,44.862,35.0,222628.61,93.9,instarem.com,True,
2026-09-12T02:06:52.426195+00:00,AUD->PHP,25000,Airwallex,44.755498,0.0,1118887.45,42.78,airwallex.com,True,
2026-09-12T02:06:52.426195+00:00,AUD->PHP,25000,Instarem,44.862,150.0,1114264.06,83.93,instarem.com,True,
2026-09-12T02:06:52.426195+00:00,AUD->PHP,50000,Airwallex,44.755498,0.0,2237774.9,42.78,airwallex.com,True,
2026-09-12T02:06:52.426195+00:00,AUD->PHP,50000,Instarem,44.862,300.0,2228528.12,83.93,instarem.com,True,
2026-09-12T02:06:52.426195+00:00,NZD->PHP,200,Airwallex,36.291829,0.0,7258.37,44.95,airwallex.com,True,
2026-09-12T02:06:52.426195+00:00,NZD->PHP,1000,Airwallex,36.291829,0.0,36291.83,44.96,airwallex.com,True,
2026-09-12T02:06:52.426195+00:00,NZD->PHP,5000,Airwallex,36.291829,0.0,181459.15,44.96,airwallex.com,True,
2026-09-12T02:06:52.426195+00:00,NZD->PHP,25000,Airwallex,36.291829,0.0,907295.73,44.96,airwallex.com,True,
2026-09-12T02:06:52.426195+00:00,NZD->PHP,50000,Airwallex,36.291829,0.0,1814591.45,44.96,airwallex.com,True,
2026-09-12T02:06:52.426195+00:00,SGD->PHP,200,Airwallex,49.259664,0.0,9851.93,43.21,airwallex.com,True,
2026-09-12T02:06:52.426195+00:00,SGD->PHP,200,Instarem,49.3892,0.0,9872.9,22.02,instarem.com,True,
2026-09-12T02:06:52.426195+00:00,SGD->PHP,1000,Airwallex,49.259664,0.0,49259.66,43.21,airwallex.com,True,
2026-09-12T02:06:52.426195+00:00,SGD->PHP,1000,Instarem,49.3892,0.0,49364.5,22.02,instarem.com,True,
2026-09-12T02:06:52.426195+00:00,SGD->PHP,5000,Airwallex,49.259664,0.0,246298.32,43.21,airwallex.com,True,
2026-09-12T02:06:52.426195+00:00,SGD->PHP,5000,Instarem,49.3892,22.5,245711.8,66.92,instarem.com,True,
2026-09-12T02:06:52.426195+00:00,SGD->PHP,25000,Airwallex,49.259664,0.0,1231491.6,43.21,airwallex.com,True,
2026-09-12T02:06:52.426195+00:00,SGD->PHP,25000,Instarem,49.3892,112.5,1228558.99,66.92,instarem.com,True,
2026-09-12T02:06:52.426195+00:00,SGD->PHP,50000,Airwallex,49.259664,0.0,2462983.2,43.21,airwallex.com,True,
2026-09-12T02:06:52.426195+00:00,SGD->PHP,50000,Instarem,49.3892,225.0,2457117.99,66.92,instarem.com,True,
2026-09-12T02:06:52.426195+00:00,USD->MXN,200,Airwallex,16.92083,0.0,3384.17,28.32,airwallex.com,True,
2026-09-12T02:06:52.426195+00:00,USD->MXN,1000,Airwallex,16.92083,0.0,16920.83,28.33,airwallex.com,True,
2026-09-12T02:06:52.426195+00:00,USD->MXN,5000,Airwallex,16.92083,0.0,84604.15,28.33,airwallex.com,True,
2026-09-12T02:06:52.426195+00:00,USD->MXN,25000,Airwallex,16.92083,0.0,423020.75,28.33,airwallex.com,True,
2026-09-12T02:06:52.426195+00:00,USD->MXN,50000,Airwallex,16.92083,0.0,846041.5,28.33,airwallex.com,True,
2026-09-12T03:06:51.204160+00:00,AUD->PHP,200,Airwallex,44.755498,0.0,8951.1,42.78,airwallex.com,True,
2026-09-12T03:06:51.204160+00:00,AUD->PHP,200,Instarem,44.862,0.0,8967.92,24.07,instarem.com,True,
2026-09-12T03:06:51.204160+00:00,AUD->PHP,1000,Airwallex,44.755498,0.0,44755.5,42.78,airwallex.com,True,
2026-09-12T03:06:51.204160+00:00,AUD->PHP,1000,Instarem,44.862,0.0,44839.6,24.07,instarem.com,True,
2026-09-12T03:06:51.204160+00:00,AUD->PHP,5000,Airwallex,44.755498,0.0,223777.49,42.78,airwallex.com,True,
2026-09-12T03:06:51.204160+00:00,AUD->PHP,5000,Instarem,44.862,35.0,222628.61,93.9,instarem.com,True,
2026-09-12T03:06:51.204160+00:00,AUD->PHP,25000,Airwallex,44.755498,0.0,1118887.45,42.78,airwallex.com,True,
2026-09-12T03:06:51.204160+00:00,AUD->PHP,25000,Instarem,44.862,150.0,1114264.06,83.93,instarem.com,True,
2026-09-12T03:06:51.204160+00:00,AUD->PHP,50000,Airwallex,44.755498,0.0,2237774.9,42.78,airwallex.com,True,
2026-09-12T03:06:51.204160+00:00,AUD->PHP,50000,Instarem,44.862,300.0,2228528.12,83.93,instarem.com,True,
2026-09-12T03:06:51.204160+00:00,NZD->PHP,200,Airwallex,36.291829,0.0,7258.37,44.95,airwallex.com,True,
2026-09-12T03:06:51.204160+00:00,NZD->PHP,1000,Airwallex,36.291829,0.0,36291.83,44.96,airwallex.com,True,
2026-09-12T03:06:51.204160+00:00,NZD->PHP,5000,Airwallex,36.291829,0.0,181459.15,44.96,airwallex.com,True,
2026-09-12T03:06:51.204160+00:00,NZD->PHP,25000,Airwallex,36.291829,0.0,907295.73,44.96,airwallex.com,True,
2026-09-12T03:06:51.204160+00:00,NZD->PHP,50000,Airwallex,36.291829,0.0,1814591.45,44.96,airwallex.com,True,
2026-09-12T03:06:51.204160+00:00,SGD->PHP,200,Airwallex,49.259664,0.0,9851.93,43.21,airwallex.com,True,
2026-09-12T03:06:51.204160+00:00,SGD->PHP,200,Instarem,49.3892,0.0,9872.9,22.02,instarem.com,True,
2026-09-12T03:06:51.204160+00:00,SGD->PHP,1000,Airwallex,49.259664,0.0,49259.66,43.21,airwallex.com,True,
2026-09-12T03:06:51.204160+00:00,SGD->PHP,1000,Instarem,49.3892,0.0,49364.5,22.02,instarem.com,True,
2026-09-12T03:06:51.204160+00:00,SGD->PHP,5000,Airwallex,49.259664,0.0,246298.32,43.21,airwallex.com,True,
2026-09-12T03:06:51.204160+00:00,SGD->PHP,5000,Instarem,49.3892,22.5,245711.8,66.92,instarem.com,True,
2026-09-12T03:06:51.204160+00:00,SGD->PHP,25000,Airwallex,49.259664,0.0,1231491.6,43.21,airwallex.com,True,
2026-09-12T03:06:51.204160+00:00,SGD->PHP,25000,Instarem,49.3892,112.5,1228558.99,66.92,instarem.com,True,
2026-09-12T03:06:51.204160+00:00,SGD->PHP,50000,Airwallex,49.259664,0.0,2462983.2,43.21,airwallex.com,True,
2026-09-12T03:06:51.204160+00:00,SGD->PHP,50000,Instarem,49.3892,225.0,2457117.99,66.92,instarem.com,True,
2026-09-12T03:06:51.204160+00:00,USD->MXN,200,Airwallex,16.92083,0.0,3384.17,28.32,airwallex.com,True,
2026-09-12T03:06:51.204160+00:00,USD->MXN,1000,Airwallex,16.92083,0.0,16920.83,28.33,airwallex.com,True,
2026-09-12T03:06:51.204160+00:00,USD->MXN,5000,Airwallex,16.92083,0.0,84604.15,28.33,airwallex.com,True,
2026-09-12T03:06:51.204160+00:00,USD->MXN,25000,Airwallex,16.92083,0.0,423020.75,28.33,airwallex.com,True,
2026-09-12T03:06:51.204160+00:00,USD->MXN,50000,Airwallex,16.92083,0.0,846041.5,28.33,airwallex.com,True,
2026-09-12T04:06:50.889519+00:00,AUD->PHP,200,Airwallex,44.755498,0.0,8951.1,42.78,airwallex.com,True,
2026-09-12T04:06:50.889519+00:00,AUD->PHP,200,Instarem,44.862,0.0,8967.92,24.07,instarem.com,True,
2026-09-12T04:06:50.889519+00:00,AUD->PHP,1000,Airwallex,44.755498,0.0,44755.5,42.78,airwallex.com,True,
2026-09-12T04:06:50.889519+00:00,AUD->PHP,1000,Instarem,44.862,0.0,44839.6,24.07,instarem.com,True,
2026-09-12T04:06:50.889519+00:00,AUD->PHP,5000,Airwallex,44.755498,0.0,223777.49,42.78,airwallex.com,True,
2026-09-12T04:06:50.889519+00:00,AUD->PHP,5000,Instarem,44.862,35.0,222628.61,93.9,instarem.com,True,
2026-09-12T04:06:50.889519+00:00,AUD->PHP,25000,Airwallex,44.755498,0.0,1118887.45,42.78,airwallex.com,True,
2026-09-12T04:06:50.889519+00:00,AUD->PHP,25000,Instarem,44.862,150.0,1114264.06,83.93,instarem.com,True,
2026-09-12T04:06:50.889519+00:00,AUD->PHP,50000,Airwallex,44.755498,0.0,2237774.9,42.78,airwallex.com,True,
2026-09-12T04:06:50.889519+00:00,AUD->PHP,50000,Instarem,44.862,300.0,2228528.12,83.93,instarem.com,True,
2026-09-12T04:06:50.889519+00:00,NZD->PHP,200,Airwallex,36.291829,0.0,7258.37,44.95,airwallex.com,True,
2026-09-12T04:06:50.889519+00:00,NZD->PHP,1000,Airwallex,36.291829,0.0,36291.83,44.96,airwallex.com,True,
2026-09-12T04:06:50.889519+00:00,NZD->PHP,5000,Airwallex,36.291829,0.0,181459.15,44.96,airwallex.com,True,
2026-09-12T04:06:50.889519+00:00,NZD->PHP,25000,Airwallex,36.291829,0.0,907295.73,44.96,airwallex.com,True,
2026-09-12T04:06:50.889519+00:00,NZD->PHP,50000,Airwallex,36.291829,0.0,1814591.45,44.96,airwallex.com,True,
2026-09-12T04:06:50.889519+00:00,SGD->PHP,200,Airwallex,49.259664,0.0,9851.93,43.21,airwallex.com,True,
2026-09-12T04:06:50.889519+00:00,SGD->PHP,200,Instarem,49.3892,0.0,9872.9,22.02,instarem.com,True,
2026-09-12T04:06:50.889519+00:00,SGD->PHP,1000,Airwallex,49.259664,0.0,49259.66,43.21,airwallex.com,True,
2026-09-12T04:06:50.889519+00:00,SGD->PHP,1000,Instarem,49.3892,0.0,49364.5,22.02,instarem.com,True,
2026-09-12T04:06:50.889519+00:00,SGD->PHP,5000,Airwallex,49.259664,0.0,246298.32,43.21,airwallex.com,True,
2026-09-12T04:06:50.889519+00:00,SGD->PHP,5000,Instarem,49.3892,22.5,245711.8,66.92,instarem.com,True,
2026-09-12T04:06:50.889519+00:00,SGD->PHP,25000,Airwallex,49.259664,0.0,1231491.6,43.21,airwallex.com,True,
2026-09-12T04:06:50.889519+00:00,SGD->PHP,25000,Instarem,49.3892,112.5,1228558.99,66.92,instarem.com,True,
2026-09-12T04:06:50.889519+00:00,SGD->PHP,50000,Airwallex,49.259664,0.0,2462983.2,43.21,airwallex.com,True,
2026-09-12T04:06:50.889519+00:00,SGD->PHP,50000,Instarem,49.3892,225.0,2457117.99,66.92,instarem.com,True,
2026-09-12T04:06:50.889519+00:00,USD->MXN,200,Airwallex,16.92083,0.0,3384.17,28.32,airwallex.com,True,
2026-09-12T04:06:50.889519+00:00,USD->MXN,1000,Airwallex,16.92083,0.0,16920.83,28.33,airwallex.com,True,
2026-09-12T04:06:50.889519+00:00,USD->MXN,5000,Airwallex,16.92083,0.0,84604.15,28.33,airwallex.com,True,
2026-09-12T04:06:50.889519+00:00,USD->MXN,25000,Airwallex,16.92083,0.0,423020.75,28.33,airwallex.com,True,
2026-09-12T04:06:50.889519+00:00,USD->MXN,50000,Airwallex,16.92083,0.0,846041.5,28.33,airwallex.com,True,
2026-09-12T05:06:54.926252+00:00,AUD->PHP,200,Airwallex,44.755498,0.0,8951.1,42.78,airwallex.com,True,
2026-09-12T05:06:54.926252+00:00,AUD->PHP,200,Instarem,44.862,0.0,8967.92,24.07,instarem.com,True,
2026-09-12T05:06:54.926252+00:00,AUD->PHP,1000,Airwallex,44.755498,0.0,44755.5,42.78,airwallex.com,True,
2026-09-12T05:06:54.926252+00:00,AUD->PHP,1000,Instarem,44.862,0.0,44839.6,24.07,instarem.com,True,
2026-09-12T05:06:54.926252+00:00,AUD->PHP,5000,Airwallex,44.755498,0.0,223777.49,42.78,airwallex.com,True,
2026-09-12T05:06:54.926252+00:00,AUD->PHP,5000,Instarem,44.862,35.0,222628.61,93.9,instarem.com,True,
2026-09-12T05:06:54.926252+00:00,AUD->PHP,25000,Airwallex,44.755498,0.0,1118887.45,42.78,airwallex.com,True,
2026-09-12T05:06:54.926252+00:00,AUD->PHP,25000,Instarem,44.862,150.0,1114264.06,83.93,instarem.com,True,
2026-09-12T05:06:54.926252+00:00,AUD->PHP,50000,Airwallex,44.755498,0.0,2237774.9,42.78,airwallex.com,True,
2026-09-12T05:06:54.926252+00:00,AUD->PHP,50000,Instarem,44.862,300.0,2228528.12,83.93,instarem.com,True,
2026-09-12T05:06:54.926252+00:00,NZD->PHP,200,Airwallex,36.291829,0.0,7258.37,44.95,airwallex.com,True,
2026-09-12T05:06:54.926252+00:00,NZD->PHP,1000,Airwallex,36.291829,0.0,36291.83,44.96,airwallex.com,True,
2026-09-12T05:06:54.926252+00:00,NZD->PHP,5000,Airwallex,36.291829,0.0,181459.15,44.96,airwallex.com,True,
2026-09-12T05:06:54.926252+00:00,NZD->PHP,25000,Airwallex,36.291829,0.0,907295.73,44.96,airwallex.com,True,
2026-09-12T05:06:54.926252+00:00,NZD->PHP,50000,Airwallex,36.291829,0.0,1814591.45,44.96,airwallex.com,True,
2026-09-12T05:06:54.926252+00:00,SGD->PHP,200,Airwallex,49.259664,0.0,9851.93,43.21,airwallex.com,True,
2026-09-12T05:06:54.926252+00:00,SGD->PHP,200,Instarem,49.3892,0.0,9872.9,22.02,instarem.com,True,
2026-09-12T05:06:54.926252+00:00,SGD->PHP,1000,Airwallex,49.259664,0.0,49259.66,43.21,airwallex.com,True,
2026-09-12T05:06:54.926252+00:00,SGD->PHP,1000,Instarem,49.3892,0.0,49364.5,22.02,instarem.com,True,
2026-09-12T05:06:54.926252+00:00,SGD->PHP,5000,Airwallex,49.259664,0.0,246298.32,43.21,airwallex.com,True,
2026-09-12T05:06:54.926252+00:00,SGD->PHP,5000,Instarem,49.3892,22.5,245711.8,66.92,instarem.com,True,
2026-09-12T05:06:54.926252+00:00,SGD->PHP,25000,Airwallex,49.259664,0.0,1231491.6,43.21,airwallex.com,True,
2026-09-12T05:06:54.926252+00:00,SGD->PHP,25000,Instarem,49.3892,112.5,1228558.99,66.92,instarem.com,True,
2026-09-12T05:06:54.926252+00:00,SGD->PHP,50000,Airwallex,49.259664,0.0,2462983.2,43.21,airwallex.com,True,
2026-09-12T05:06:54.926252+00:00,SGD->PHP,50000,Instarem,49.3892,225.0,2457117.99,66.92,instarem.com,True,
2026-09-12T05:06:54.926252+00:00,USD->MXN,200,Airwallex,16.92083,0.0,3384.17,28.32,airwallex.com,True,
2026-09-12T05:06:54.926252+00:00,USD->MXN,1000,Airwallex,16.92083,0.0,16920.83,28.33,airwallex.com,True,
2026-09-12T05:06:54.926252+00:00,USD->MXN,5000,Airwallex,16.92083,0.0,84604.15,28.33,airwallex.com,True,
2026-09-12T05:06:54.926252+00:00,USD->MXN,25000,Airwallex,16.92083,0.0,423020.75,28.33,airwallex.com,True,
2026-09-12T05:06:54.926252+00:00,USD->MXN,50000,Airwallex,16.92083,0.0,846041.5,28.33,airwallex.com,True,
2026-09-12T06:06:52.578679+00:00,AUD->PHP,200,Airwallex,44.755498,0.0,8951.1,42.78,airwallex.com,True,
2026-09-12T06:06:52.578679+00:00,AUD->PHP,200,Instarem,44.862,0.0,8967.92,24.07,instarem.com,True,
2026-09-12T06:06:52.578679+00:00,AUD->PHP,1000,Airwallex,44.755498,0.0,44755.5,42.78,airwallex.com,True,
2026-09-12T06:06:52.578679+00:00,AUD->PHP,1000,Instarem,44.862,0.0,44839.6,24.07,instarem.com,True,
2026-09-12T06:06:52.578679+00:00,AUD->PHP,5000,Airwallex,44.755498,0.0,223777.49,42.78,airwallex.com,True,
2026-09-12T06:06:52.578679+00:00,AUD->PHP,5000,Instarem,44.862,35.0,222628.61,93.9,instarem.com,True,
2026-09-12T06:06:52.578679+00:00,AUD->PHP,25000,Airwallex,44.755498,0.0,1118887.45,42.78,airwallex.com,True,
2026-09-12T06:06:52.578679+00:00,AUD->PHP,25000,Instarem,44.862,150.0,1114264.06,83.93,instarem.com,True,
2026-09-12T06:06:52.578679+00:00,AUD->PHP,50000,Airwallex,44.755498,0.0,2237774.9,42.78,airwallex.com,True,
2026-09-12T06:06:52.578679+00:00,AUD->PHP,50000,Instarem,44.862,300.0,2228528.12,83.93,instarem.com,True,
2026-09-12T06:06:52.578679+00:00,NZD->PHP,200,Airwallex,36.291829,0.0,7258.37,44.95,airwallex.com,True,
2026-09-12T06:06:52.578679+00:00,NZD->PHP,1000,Airwallex,36.291829,0.0,36291.83,44.96,airwallex.com,True,
2026-09-12T06:06:52.578679+00:00,NZD->PHP,5000,Airwallex,36.291829,0.0,181459.15,44.96,airwallex.com,True,
2026-09-12T06:06:52.578679+00:00,NZD->PHP,25000,Airwallex,36.291829,0.0,907295.73,44.96,airwallex.com,True,
2026-09-12T06:06:52.578679+00:00,NZD->PHP,50000,Airwallex,36.291829,0.0,1814591.45,44.96,airwallex.com,True,
2026-09-12T06:06:52.578679+00:00,SGD->PHP,200,Airwallex,49.259664,0.0,9851.93,43.21,airwallex.com,True,
2026-09-12T06:06:52.578679+00:00,SGD->PHP,200,Instarem,49.3892,0.0,9872.9,22.02,instarem.com,True,
2026-09-12T06:06:52.578679+00:00,SGD->PHP,1000,Airwallex,49.259664,0.0,49259.66,43.21,airwallex.com,True,
2026-09-12T06:06:52.578679+00:00,SGD->PHP,1000,Instarem,49.3892,0.0,49364.5,22.02,instarem.com,True,
2026-09-12T06:06:52.578679+00:00,SGD->PHP,5000,Airwallex,49.259664,0.0,246298.32,43.21,airwallex.com,True,
2026-09-12T06:06:52.578679+00:00,SGD->PHP,5000,Instarem,49.3892,22.5,245711.8,66.92,instarem.com,True,
2026-09-12T06:06:52.578679+00:00,SGD->PHP,25000,Airwallex,49.259664,0.0,1231491.6,43.21,airwallex.com,True,
2026-09-12T06:06:52.578679+00:00,SGD->PHP,25000,Instarem,49.3892,112.5,1228558.99,66.92,instarem.com,True,
2026-09-12T06:06:52.578679+00:00,SGD->PHP,50000,Airwallex,49.259664,0.0,2462983.2,43.21,airwallex.com,True,
2026-09-12T06:06:52.578679+00:00,SGD->PHP,50000,Instarem,49.3892,225.0,2457117.99,66.92,instarem.com,True,
2026-09-12T06:06:52.578679+00:00,USD->MXN,200,Airwallex,16.92083,0.0,3384.17,28.32,airwallex.com,True,
2026-09-12T06:06:52.578679+00:00,USD->MXN,1000,Airwallex,16.92083,0.0,16920.83,28.33,airwallex.com,True,
2026-09-12T06:06:52.578679+00:00,USD->MXN,5000,Airwallex,16.92083,0.0,84604.15,28.33,airwallex.com,True,
2026-09-12T06:06:52.578679+00:00,USD->MXN,25000,Airwallex,16.92083,0.0,423020.75,28.33,airwallex.com,True,
2026-09-12T06:06:52.578679+00:00,USD->MXN,50000,Airwallex,16.92083,0.0,846041.5,28.33,airwallex.com,True,
2026-09-12T07:06:49.436904+00:00,AUD->PHP,200,Airwallex,44.755498,0.0,8951.1,42.78,airwallex.com,True,
2026-09-12T07:06:49.436904+00:00,AUD->PHP,200,Instarem,44.862,0.0,8967.92,24.07,instarem.com,True,
2026-09-12T07:06:49.436904+00:00,AUD->PHP,1000,Airwallex,44.755498,0.0,44755.5,42.78,airwallex.com,True,
2026-09-12T07:06:49.436904+00:00,AUD->PHP,1000,Instarem,44.862,0.0,44839.6,24.07,instarem.com,True,
2026-09-12T07:06:49.436904+00:00,AUD->PHP,5000,Airwallex,44.755498,0.0,223777.49,42.78,airwallex.com,True,
2026-09-12T07:06:49.436904+00:00,AUD->PHP,5000,Instarem,44.862,35.0,222628.61,93.9,instarem.com,True,
2026-09-12T07:06:49.436904+00:00,AUD->PHP,25000,Airwallex,44.755498,0.0,1118887.45,42.78,airwallex.com,True,
2026-09-12T07:06:49.436904+00:00,AUD->PHP,25000,Instarem,44.862,150.0,1114264.06,83.93,instarem.com,True,
2026-09-12T07:06:49.436904+00:00,AUD->PHP,50000,Airwallex,44.755498,0.0,2237774.9,42.78,airwallex.com,True,
2026-09-12T07:06:49.436904+00:00,AUD->PHP,50000,Instarem,44.862,300.0,2228528.12,83.93,instarem.com,True,
2026-09-12T07:06:49.436904+00:00,NZD->PHP,200,Airwallex,36.291829,0.0,7258.37,44.95,airwallex.com,True,
2026-09-12T07:06:49.436904+00:00,NZD->PHP,1000,Airwallex,36.291829,0.0,36291.83,44.96,airwallex.com,True,
2026-09-12T07:06:49.436904+00:00,NZD->PHP,5000,Airwallex,36.291829,0.0,181459.15,44.96,airwallex.com,True,
2026-09-12T07:06:49.436904+00:00,NZD->PHP,25000,Airwallex,36.291829,0.0,907295.73,44.96,airwallex.com,True,
2026-09-12T07:06:49.436904+00:00,NZD->PHP,50000,Airwallex,36.291829,0.0,1814591.45,44.96,airwallex.com,True,
2026-09-12T07:06:49.436904+00:00,SGD->PHP,200,Airwallex,49.259664,0.0,9851.93,43.21,airwallex.com,True,
2026-09-12T07:06:49.436904+00:00,SGD->PHP,200,Instarem,49.3892,0.0,9872.9,22.02,instarem.com,True,
2026-09-12T07:06:49.436904+00:00,SGD->PHP,1000,Airwallex,49.259664,0.0,49259.66,43.21,airwallex.com,True,
2026-09-12T07:06:49.436904+00:00,SGD->PHP,1000,Instarem,49.3892,0.0,49364.5,22.02,instarem.com,True,
2026-09-12T07:06:49.436904+00:00,SGD->PHP,5000,Airwallex,49.259664,0.0,246298.32,43.21,airwallex.com,True,
2026-09-12T07:06:49.436904+00:00,SGD->PHP,5000,Instarem,49.3892,22.5,245711.8,66.92,instarem.com,True,
2026-09-12T07:06:49.436904+00:00,SGD->PHP,25000,Airwallex,49.259664,0.0,1231491.6,43.21,airwallex.com,True,
2026-09-12T07:06:49.436904+00:00,SGD->PHP,25000,Instarem,49.3892,112.5,1228558.99,66.92,instarem.com,True,
2026-09-12T07:06:49.436904+00:00,SGD->PHP,50000,Airwallex,49.259664,0.0,2462983.2,43.21,airwallex.com,True,
2026-09-12T07:06:49.436904+00:00,SGD->PHP,50000,Instarem,49.3892,225.0,2457117.99,66.92,instarem.com,True,
2026-09-12T07:06:49.436904+00:00,USD->MXN,200,Airwallex,16.92083,0.0,3384.17,28.32,airwallex.com,True,
2026-09-12T07:06:49.436904+00:00,USD->MXN,1000,Airwallex,16.92083,0.0,16920.83,28.33,airwallex.com,True,
2026-09-12T07:06:49.436904+00:00,USD->MXN,5000,Airwallex,16.92083,0.0,84604.15,28.33,airwallex.com,True,
2026-09-12T07:06:49.436904+00:00,USD->MXN,25000,Airwallex,16.92083,0.0,423020.75,28.33,airwallex.com,True,
2026-09-12T07:06:49.436904+00:00,USD->MXN,50000,Airwallex,16.92083,0.0,846041.5,28.33,airwallex.com,True,
2026-09-12T08:06:53.307666+00:00,AUD->PHP,200,Airwallex,44.755498,0.0,8951.1,42.78,airwallex.com,True,
2026-09-12T08:06:53.307666+00:00,AUD->PHP,200,Instarem,44.862,0.0,8967.92,24.07,instarem.com,True,
2026-09-12T08:06:53.307666+00:00,AUD->PHP,1000,Airwallex,44.755498,0.0,44755.5,42.78,airwallex.com,True,
2026-09-12T08:06:53.307666+00:00,AUD->PHP,1000,Instarem,44.862,0.0,44839.6,24.07,instarem.com,True,
2026-09-12T08:06:53.307666+00:00,AUD->PHP,5000,Airwallex,44.755498,0.0,223777.49,42.78,airwallex.com,True,
2026-09-12T08:06:53.307666+00:00,AUD->PHP,5000,Instarem,44.862,35.0,222628.61,93.9,instarem.com,True,
2026-09-12T08:06:53.307666+00:00,AUD->PHP,25000,Airwallex,44.755498,0.0,1118887.45,42.78,airwallex.com,True,
2026-09-12T08:06:53.307666+00:00,AUD->PHP,25000,Instarem,44.862,150.0,1114264.06,83.93,instarem.com,True,
2026-09-12T08:06:53.307666+00:00,AUD->PHP,50000,Airwallex,44.755498,0.0,2237774.9,42.78,airwallex.com,True,
2026-09-12T08:06:53.307666+00:00,AUD->PHP,50000,Instarem,44.862,300.0,2228528.12,83.93,instarem.com,True,
2026-09-12T08:06:53.307666+00:00,NZD->PHP,200,Airwallex,36.291829,0.0,7258.37,44.95,airwallex.com,True,
2026-09-12T08:06:53.307666+00:00,NZD->PHP,1000,Airwallex,36.291829,0.0,36291.83,44.96,airwallex.com,True,
2026-09-12T08:06:53.307666+00:00,NZD->PHP,5000,Airwallex,36.291829,0.0,181459.15,44.96,airwallex.com,True,
2026-09-12T08:06:53.307666+00:00,NZD->PHP,25000,Airwallex,36.291829,0.0,907295.73,44.96,airwallex.com,True,
2026-09-12T08:06:53.307666+00:00,NZD->PHP,50000,Airwallex,36.291829,0.0,1814591.45,44.96,airwallex.com,True,
2026-09-12T08:06:53.307666+00:00,SGD->PHP,200,Airwallex,49.259664,0.0,9851.93,43.21,airwallex.com,True,
2026-09-12T08:06:53.307666+00:00,SGD->PHP,200,Instarem,49.3892,0.0,9872.9,22.02,instarem.com,True,
2026-09-12T08:06:53.307666+00:00,SGD->PHP,1000,Airwallex,49.259664,0.0,49259.66,43.21,airwallex.com,True,
2026-09-12T08:06:53.307666+00:00,SGD->PHP,1000,Instarem,49.3892,0.0,49364.5,22.02,instarem.com,True,
2026-09-12T08:06:53.307666+00:00,SGD->PHP,5000,Airwallex,49.259664,0.0,246298.32,43.21,airwallex.com,True,
2026-09-12T08:06:53.307666+00:00,SGD->PHP,5000,Instarem,49.3892,22.5,245711.8,66.92,instarem.com,True,
2026-09-12T08:06:53.307666+00:00,SGD->PHP,25000,Airwallex,49.259664,0.0,1231491.6,43.21,airwallex.com,True,
2026-09-12T08:06:53.307666+00:00,SGD->PHP,25000,Instarem,49.3892,112.5,1228558.99,66.92,instarem.com,True,
2026-09-12T08:06:53.307666+00:00,SGD->PHP,50000,Airwallex,49.259664,0.0,2462983.2,43.21,airwallex.com,True,
2026-09-12T08:06:53.307666+00:00,SGD->PHP,50000,Instarem,49.3892,225.0,2457117.99,66.92,instarem.com,True,
2026-09-12T08:06:53.307666+00:00,USD->MXN,200,Airwallex,16.92083,0.0,3384.17,28.32,airwallex.com,True,
2026-09-12T08:06:53.307666+00:00,USD->MXN,1000,Airwallex,16.92083,0.0,16920.83,28.33,airwallex.com,True,
2026-09-12T08:06:53.307666+00:00,USD->MXN,5000,Airwallex,16.92083,0.0,84604.15,28.33,airwallex.com,True,
2026-09-12T08:06:53.307666+00:00,USD->MXN,25000,Airwallex,16.92083,0.0,423020.75,28.33,airwallex.com,True,
2026-09-12T08:06:53.307666+00:00,USD->MXN,50000,Airwallex,16.92083,0.0,846041.5,28.33,airwallex.com,True,
2026-09-12T09:07:03.214620+00:00,AUD->PHP,200,Airwallex,44.755498,0.0,8951.1,42.78,airwallex.com,True,
2026-09-12T09:07:03.214620+00:00,AUD->PHP,200,Instarem,44.862,0.0,8967.92,24.07,instarem.com,True,
2026-09-12T09:07:03.214620+00:00,AUD->PHP,1000,Airwallex,44.755498,0.0,44755.5,42.78,airwallex.com,True,
2026-09-12T09:07:03.214620+00:00,AUD->PHP,1000,Instarem,44.862,0.0,44839.6,24.07,instarem.com,True,
2026-09-12T09:07:03.214620+00:00,AUD->PHP,5000,Airwallex,44.755498,0.0,223777.49,42.78,airwallex.com,True,
2026-09-12T09:07:03.214620+00:00,AUD->PHP,5000,Instarem,44.862,35.0,222628.61,93.9,instarem.com,True,
2026-09-12T09:07:03.214620+00:00,AUD->PHP,25000,Airwallex,44.755498,0.0,1118887.45,42.78,airwallex.com,True,
2026-09-12T09:07:03.214620+00:00,AUD->PHP,25000,Instarem,44.862,150.0,1114264.06,83.93,instarem.com,True,
2026-09-12T09:07:03.214620+00:00,AUD->PHP,50000,Airwallex,44.755498,0.0,2237774.9,42.78,airwallex.com,True,
2026-09-12T09:07:03.214620+00:00,AUD->PHP,50000,Instarem,44.862,300.0,2228528.12,83.93,instarem.com,True,
2026-09-12T09:07:03.214620+00:00,NZD->PHP,200,Airwallex,36.291829,0.0,7258.37,44.95,airwallex.com,True,
2026-09-12T09:07:03.214620+00:00,NZD->PHP,1000,Airwallex,36.291829,0.0,36291.83,44.96,airwallex.com,True,
2026-09-12T09:07:03.214620+00:00,NZD->PHP,5000,Airwallex,36.291829,0.0,181459.15,44.96,airwallex.com,True,
2026-09-12T09:07:03.214620+00:00,NZD->PHP,25000,Airwallex,36.291829,0.0,907295.73,44.96,airwallex.com,True,
2026-09-12T09:07:03.214620+00:00,NZD->PHP,50000,Airwallex,36.291829,0.0,1814591.45,44.96,airwallex.com,True,
2026-09-12T09:07:03.214620+00:00,SGD->PHP,200,Airwallex,49.259664,0.0,9851.93,43.21,airwallex.com,True,
2026-09-12T09:07:03.214620+00:00,SGD->PHP,200,Instarem,49.3892,0.0,9872.9,22.02,instarem.com,True,
2026-09-12T09:07:03.214620+00:00,SGD->PHP,1000,Airwallex,49.259664,0.0,49259.66,43.21,airwallex.com,True,
2026-09-12T09:07:03.214620+00:00,SGD->PHP,1000,Instarem,49.3892,0.0,49364.5,22.02,instarem.com,True,
2026-09-12T09:07:03.214620+00:00,SGD->PHP,5000,Airwallex,49.259664,0.0,246298.32,43.21,airwallex.com,True,
2026-09-12T09:07:03.214620+00:00,SGD->PHP,5000,Instarem,49.3892,22.5,245711.8,66.92,instarem.com,True,
2026-09-12T09:07:03.214620+00:00,SGD->PHP,25000,Airwallex,49.259664,0.0,1231491.6,43.21,airwallex.com,True,
2026-09-12T09:07:03.214620+00:00,SGD->PHP,25000,Instarem,49.3892,112.5,1228558.99,66.92,instarem.com,True,
2026-09-12T09:07:03.214620+00:00,SGD->PHP,50000,Airwallex,49.259664,0.0,2462983.2,43.21,airwallex.com,True,
2026-09-12T09:07:03.214620+00:00,SGD->PHP,50000,Instarem,49.3892,225.0,2457117.99,66.92,instarem.com,True,
2026-09-12T09:07:03.214620+00:00,USD->MXN,200,Airwallex,16.92083,0.0,3384.17,28.32,airwallex.com,True,
2026-09-12T09:07:03.214620+00:00,USD->MXN,1000,Airwallex,16.92083,0.0,16920.83,28.33,airwallex.com,True,
2026-09-12T09:07:03.214620+00:00,USD->MXN,5000,Airwallex,16.92083,0.0,84604.15,28.33,airwallex.com,True,
2026-09-12T09:07:03.214620+00:00,USD->MXN,25000,Airwallex,16.92083,0.0,423020.75,28.33,airwallex.com,True,
2026-09-12T09:07:03.214620+00:00,USD->MXN,50000,Airwallex,16.92083,0.0,846041.5,28.33,airwallex.com,True,
2026-09-12T10:06:49.735431+00:00,AUD->PHP,200,Airwallex,44.755498,0.0,8951.1,42.78,airwallex.com,True,
2026-09-12T10:06:49.735431+00:00,AUD->PHP,200,Instarem,44.862,0.0,8967.92,24.07,instarem.com,True,
2026-09-12T10:06:49.735431+00:00,AUD->PHP,1000,Airwallex,44.755498,0.0,44755.5,42.78,airwallex.com,True,
2026-09-12T10:06:49.735431+00:00,AUD->PHP,1000,Instarem,44.862,0.0,44839.6,24.07,instarem.com,True,
2026-09-12T10:06:49.735431+00:00,AUD->PHP,5000,Airwallex,44.755498,0.0,223777.49,42.78,airwallex.com,True,
2026-09-12T10:06:49.735431+00:00,AUD->PHP,5000,Instarem,44.862,35.0,222628.61,93.9,instarem.com,True,
2026-09-12T10:06:49.735431+00:00,AUD->PHP,25000,Airwallex,44.755498,0.0,1118887.45,42.78,airwallex.com,True,
2026-09-12T10:06:49.735431+00:00,AUD->PHP,25000,Instarem,44.862,150.0,1114264.06,83.93,instarem.com,True,
2026-09-12T10:06:49.735431+00:00,AUD->PHP,50000,Airwallex,44.755498,0.0,2237774.9,42.78,airwallex.com,True,
2026-09-12T10:06:49.735431+00:00,AUD->PHP,50000,Instarem,44.862,300.0,2228528.12,83.93,instarem.com,True,
2026-09-12T10:06:49.735431+00:00,NZD->PHP,200,Airwallex,36.291829,0.0,7258.37,44.95,airwallex.com,True,
2026-09-12T10:06:49.735431+00:00,NZD->PHP,1000,Airwallex,36.291829,0.0,36291.83,44.96,airwallex.com,True,
2026-09-12T10:06:49.735431+00:00,NZD->PHP,5000,Airwallex,36.291829,0.0,181459.15,44.96,airwallex.com,True,
2026-09-12T10:06:49.735431+00:00,NZD->PHP,25000,Airwallex,36.291829,0.0,907295.73,44.96,airwallex.com,True,
2026-09-12T10:06:49.735431+00:00,NZD->PHP,50000,Airwallex,36.291829,0.0,1814591.45,44.96,airwallex.com,True,
2026-09-12T10:06:49.735431+00:00,SGD->PHP,200,Airwallex,49.259664,0.0,9851.93,43.21,airwallex.com,True,
2026-09-12T10:06:49.735431+00:00,SGD->PHP,200,Instarem,49.3892,0.0,9872.9,22.02,instarem.com,True,
2026-09-12T10:06:49.735431+00:00,SGD->PHP,1000,Airwallex,49.259664,0.0,49259.66,43.21,airwallex.com,True,
2026-09-12T10:06:49.735431+00:00,SGD->PHP,1000,Instarem,49.3892,0.0,49364.5,22.02,instarem.com,True,
2026-09-12T10:06:49.735431+00:00,SGD->PHP,5000,Airwallex,49.259664,0.0,246298.32,43.21,airwallex.com,True,
2026-09-12T10:06:49.735431+00:00,SGD->PHP,5000,Instarem,49.3892,22.5,245711.8,66.92,instarem.com,True,
2026-09-12T10:06:49.735431+00:00,SGD->PHP,25000,Airwallex,49.259664,0.0,1231491.6,43.21,airwallex.com,True,
2026-09-12T10:06:49.735431+00:00,SGD->PHP,25000,Instarem,49.3892,112.5,1228558.99,66.92,instarem.com,True,
2026-09-12T10:06:49.735431+00:00,SGD->PHP,50000,Airwallex,49.259664,0.0,2462983.2,43.21,airwallex.com,True,
2026-09-12T10:06:49.735431+00:00,SGD->PHP,50000,Instarem,49.3892,225.0,2457117.99,66.92,instarem.com,True,
2026-09-12T10:06:49.735431+00:00,USD->MXN,200,Airwallex,16.92083,0.0,3384.17,28.32,airwallex.com,True,
2026-09-12T10:06:49.735431+00:00,USD->MXN,1000,Airwallex,16.92083,0.0,16920.83,28.33,airwallex.com,True,
2026-09-12T10:06:49.735431+00:00,USD->MXN,5000,Airwallex,16.92083,0.0,84604.15,28.33,airwallex.com,True,
2026-09-12T10:06:49.735431+00:00,USD->MXN,25000,Airwallex,16.92083,0.0,423020.75,28.33,airwallex.com,True,
2026-09-12T10:06:49.735431+00:00,USD->MXN,50000,Airwallex,16.92083,0.0,846041.5,28.33,airwallex.com,True,
2026-09-12T11:06:53.631575+00:00,AUD->PHP,200,Airwallex,44.755498,0.0,8951.1,42.78,airwallex.com,True,
2026-09-12T11:06:53.631575+00:00,AUD->PHP,200,Instarem,44.862,0.0,8967.92,24.07,instarem.com,True,
2026-09-12T11:06:53.631575+00:00,AUD->PHP,1000,Airwallex,44.755498,0.0,44755.5,42.78,airwallex.com,True,
2026-09-12T11:06:53.631575+00:00,AUD->PHP,1000,Instarem,44.862,0.0,44839.6,24.07,instarem.com,True,
2026-09-12T11:06:53.631575+00:00,AUD->PHP,5000,Airwallex,44.755498,0.0,223777.49,42.78,airwallex.com,True,
2026-09-12T11:06:53.631575+00:00,AUD->PHP,5000,Instarem,44.862,35.0,222628.61,93.9,instarem.com,True,
2026-09-12T11:06:53.631575+00:00,AUD->PHP,25000,Airwallex,44.755498,0.0,1118887.45,42.78,airwallex.com,True,
2026-09-12T11:06:53.631575+00:00,AUD->PHP,25000,Instarem,44.862,150.0,1114264.06,83.93,instarem.com,True,
2026-09-12T11:06:53.631575+00:00,AUD->PHP,50000,Airwallex,44.755498,0.0,2237774.9,42.78,airwallex.com,True,
2026-09-12T11:06:53.631575+00:00,AUD->PHP,50000,Instarem,44.862,300.0,2228528.12,83.93,instarem.com,True,
2026-09-12T11:06:53.631575+00:00,NZD->PHP,200,Airwallex,36.291829,0.0,7258.37,44.95,airwallex.com,True,
2026-09-12T11:06:53.631575+00:00,NZD->PHP,1000,Airwallex,36.291829,0.0,36291.83,44.96,airwallex.com,True,
2026-09-12T11:06:53.631575+00:00,NZD->PHP,5000,Airwallex,36.291829,0.0,181459.15,44.96,airwallex.com,True,
2026-09-12T11:06:53.631575+00:00,NZD->PHP,25000,Airwallex,36.291829,0.0,907295.73,44.96,airwallex.com,True,
2026-09-12T11:06:53.631575+00:00,NZD->PHP,50000,Airwallex,36.291829,0.0,1814591.45,44.96,airwallex.com,True,
2026-09-12T11:06:53.631575+00:00,SGD->PHP,200,Airwallex,49.259664,0.0,9851.93,43.21,airwallex.com,True,
2026-09-12T11:06:53.631575+00:00,SGD->PHP,200,Instarem,49.3892,0.0,9872.9,22.02,instarem.com,True,
2026-09-12T11:06:53.631575+00:00,SGD->PHP,1000,Airwallex,49.259664,0.0,49259.66,43.21,airwallex.com,True,
2026-09-12T11:06:53.631575+00:00,SGD->PHP,1000,Instarem,49.3892,0.0,49364.5,22.02,instarem.com,True,
2026-09-12T11:06:53.631575+00:00,SGD->PHP,5000,Airwallex,49.259664,0.0,246298.32,43.21,airwallex.com,True,
2026-09-12T11:06:53.631575+00:00,SGD->PHP,5000,Instarem,49.3892,22.5,245711.8,66.92,instarem.com,True,
2026-09-12T11:06:53.631575+00:00,SGD->PHP,25000,Airwallex,49.259664,0.0,1231491.6,43.21,airwallex.com,True,
2026-09-12T11:06:53.631575+00:00,SGD->PHP,25000,Instarem,49.3892,112.5,1228558.99,66.92,instarem.com,True,
2026-09-12T11:06:53.631575+00:00,SGD->PHP,50000,Airwallex,49.259664,0.0,2462983.2,43.21,airwallex.com,True,
2026-09-12T11:06:53.631575+00:00,SGD->PHP,50000,Instarem,49.3892,225.0,2457117.99,66.92,instarem.com,True,
2026-09-12T11:06:53.631575+00:00,USD->MXN,200,Airwallex,16.92083,0.0,3384.17,28.32,airwallex.com,True,
2026-09-12T11:06:53.631575+00:00,USD->MXN,1000,Airwallex,16.92083,0.0,16920.83,28.33,airwallex.com,True,
2026-09-12T11:06:53.631575+00:00,USD->MXN,5000,Airwallex,16.92083,0.0,84604.15,28.33,airwallex.com,True,
2026-09-12T11:06:53.631575+00:00,USD->MXN,25000,Airwallex,16.92083,0.0,423020.75,28.33,airwallex.com,True,
2026-09-12T11:06:53.631575+00:00,USD->MXN,50000,Airwallex,16.92083,0.0,846041.5,28.33,airwallex.com,True,
2026-09-12T12:06:47.417266+00:00,AUD->PHP,200,Airwallex,44.755498,0.0,8951.1,42.78,airwallex.com,True,
2026-09-12T12:06:47.417266+00:00,AUD->PHP,200,Instarem,44.862,0.0,8967.92,24.07,instarem.com,True,
2026-09-12T12:06:47.417266+00:00,AUD->PHP,1000,Airwallex,44.755498,0.0,44755.5,42.78,airwallex.com,True,
2026-09-12T12:06:47.417266+00:00,AUD->PHP,1000,Instarem,44.862,0.0,44839.6,24.07,instarem.com,True,
2026-09-12T12:06:47.417266+00:00,AUD->PHP,5000,Airwallex,44.755498,0.0,223777.49,42.78,airwallex.com,True,
2026-09-12T12:06:47.417266+00:00,AUD->PHP,5000,Instarem,44.862,35.0,222628.61,93.9,instarem.com,True,
2026-09-12T12:06:47.417266+00:00,AUD->PHP,25000,Airwallex,44.755498,0.0,1118887.45,42.78,airwallex.com,True,
2026-09-12T12:06:47.417266+00:00,AUD->PHP,25000,Instarem,44.862,150.0,1114264.06,83.93,instarem.com,True,
2026-09-12T12:06:47.417266+00:00,AUD->PHP,50000,Airwallex,44.755498,0.0,2237774.9,42.78,airwallex.com,True,
2026-09-12T12:06:47.417266+00:00,AUD->PHP,50000,Instarem,44.862,300.0,2228528.12,83.93,instarem.com,True,
2026-09-12T12:06:47.417266+00:00,NZD->PHP,200,Airwallex,36.291829,0.0,7258.37,44.95,airwallex.com,True,
2026-09-12T12:06:47.417266+00:00,NZD->PHP,1000,Airwallex,36.291829,0.0,36291.83,44.96,airwallex.com,True,
2026-09-12T12:06:47.417266+00:00,NZD->PHP,5000,Airwallex,36.291829,0.0,181459.15,44.96,airwallex.com,True,
2026-09-12T12:06:47.417266+00:00,NZD->PHP,25000,Airwallex,36.291829,0.0,907295.73,44.96,airwallex.com,True,
2026-09-12T12:06:47.417266+00:00,NZD->PHP,50000,Airwallex,36.291829,0.0,1814591.45,44.96,airwallex.com,True,
2026-09-12T12:06:47.417266+00:00,SGD->PHP,200,Airwallex,49.259664,0.0,9851.93,43.21,airwallex.com,True,
2026-09-12T12:06:47.417266+00:00,SGD->PHP,200,Instarem,49.3892,0.0,9872.9,22.02,instarem.com,True,
2026-09-12T12:06:47.417266+00:00,SGD->PHP,1000,Airwallex,49.259664,0.0,49259.66,43.21,airwallex.com,True,
2026-09-12T12:06:47.417266+00:00,SGD->PHP,1000,Instarem,49.3892,0.0,49364.5,22.02,instarem.com,True,
2026-09-12T12:06:47.417266+00:00,SGD->PHP,5000,Airwallex,49.259664,0.0,246298.32,43.21,airwallex.com,True,
2026-09-12T12:06:47.417266+00:00,SGD->PHP,5000,Instarem,49.3892,22.5,245711.8,66.92,instarem.com,True,
2026-09-12T12:06:47.417266+00:00,SGD->PHP,25000,Airwallex,49.259664,0.0,1231491.6,43.21,airwallex.com,True,
2026-09-12T12:06:47.417266+00:00,SGD->PHP,25000,Instarem,49.3892,112.5,1228558.99,66.92,instarem.com,True,
2026-09-12T12:06:47.417266+00:00,SGD->PHP,50000,Airwallex,49.259664,0.0,2462983.2,43.21,airwallex.com,True,
2026-09-12T12:06:47.417266+00:00,SGD->PHP,50000,Instarem,49.3892,225.0,2457117.99,66.92,instarem.com,True,
2026-09-12T12:06:47.417266+00:00,USD->MXN,200,Airwallex,16.92083,0.0,3384.17,28.32,airwallex.com,True,
2026-09-12T12:06:47.417266+00:00,USD->MXN,1000,Airwallex,16.92083,0.0,16920.83,28.33,airwallex.com,True,
2026-09-12T12:06:47.417266+00:00,USD->MXN,5000,Airwallex,16.92083,0.0,84604.15,28.33,airwallex.com,True,
2026-09-12T12:06:47.417266+00:00,USD->MXN,25000,Airwallex,16.92083,0.0,423020.75,28.33,airwallex.com,True,
2026-09-12T12:06:47.417266+00:00,USD->MXN,50000,Airwallex,16.92083,0.0,846041.5,28.33,airwallex.com,True,
2026-09-12T13:06:48.054915+00:00,AUD->PHP,200,Airwallex,44.755498,0.0,8951.1,42.78,airwallex.com,True,
2026-09-12T13:06:48.054915+00:00,AUD->PHP,200,Instarem,44.862,0.0,8967.92,24.07,instarem.com,True,
2026-09-12T13:06:48.054915+00:00,AUD->PHP,1000,Airwallex,44.755498,0.0,44755.5,42.78,airwallex.com,True,
2026-09-12T13:06:48.054915+00:00,AUD->PHP,1000,Instarem,44.862,0.0,44839.6,24.07,instarem.com,True,
2026-09-12T13:06:48.054915+00:00,AUD->PHP,5000,Airwallex,44.755498,0.0,223777.49,42.78,airwallex.com,True,
2026-09-12T13:06:48.054915+00:00,AUD->PHP,5000,Instarem,44.862,35.0,222628.61,93.9,instarem.com,True,
2026-09-12T13:06:48.054915+00:00,AUD->PHP,25000,Airwallex,44.755498,0.0,1118887.45,42.78,airwallex.com,True,
2026-09-12T13:06:48.054915+00:00,AUD->PHP,25000,Instarem,44.862,150.0,1114264.06,83.93,instarem.com,True,
2026-09-12T13:06:48.054915+00:00,AUD->PHP,50000,Airwallex,44.755498,0.0,2237774.9,42.78,airwallex.com,True,
2026-09-12T13:06:48.054915+00:00,AUD->PHP,50000,Instarem,44.862,300.0,2228528.12,83.93,instarem.com,True,
2026-09-12T13:06:48.054915+00:00,NZD->PHP,200,Airwallex,36.291829,0.0,7258.37,44.95,airwallex.com,True,
2026-09-12T13:06:48.054915+00:00,NZD->PHP,1000,Airwallex,36.291829,0.0,36291.83,44.96,airwallex.com,True,
2026-09-12T13:06:48.054915+00:00,NZD->PHP,5000,Airwallex,36.291829,0.0,181459.15,44.96,airwallex.com,True,
2026-09-12T13:06:48.054915+00:00,NZD->PHP,25000,Airwallex,36.291829,0.0,907295.73,44.96,airwallex.com,True,
2026-09-12T13:06:48.054915+00:00,NZD->PHP,50000,Airwallex,36.291829,0.0,1814591.45,44.96,airwallex.com,True,
2026-09-12T13:06:48.054915+00:00,SGD->PHP,200,Airwallex,49.259664,0.0,9851.93,43.21,airwallex.com,True,
2026-09-12T13:06:48.054915+00:00,SGD->PHP,200,Instarem,49.3892,0.0,9872.9,22.02,instarem.com,True,
2026-09-12T13:06:48.054915+00:00,SGD->PHP,1000,Airwallex,49.259664,0.0,49259.66,43.21,airwallex.com,True,
2026-09-12T13:06:48.054915+00:00,SGD->PHP,1000,Instarem,49.3892,0.0,49364.5,22.02,instarem.com,True,
2026-09-12T13:06:48.054915+00:00,SGD->PHP,5000,Airwallex,49.259664,0.0,246298.32,43.21,airwallex.com,True,
2026-09-12T13:06:48.054915+00:00,SGD->PHP,5000,Instarem,49.3892,22.5,245711.8,66.92,instarem.com,True,
2026-09-12T13:06:48.054915+00:00,SGD->PHP,25000,Airwallex,49.259664,0.0,1231491.6,43.21,airwallex.com,True,
2026-09-12T13:06:48.054915+00:00,SGD->PHP,25000,Instarem,49.3892,112.5,1228558.99,66.92,instarem.com,True,
2026-09-12T13:06:48.054915+00:00,SGD->PHP,50000,Airwallex,49.259664,0.0,2462983.2,43.21,airwallex.com,True,
2026-09-12T13:06:48.054915+00:00,SGD->PHP,50000,Instarem,49.3892,225.0,2457117.99,66.92,instarem.com,True,
2026-09-12T13:06:48.054915+00:00,USD->MXN,200,Airwallex,16.92083,0.0,3384.17,28.32,airwallex.com,True,
2026-09-12T13:06:48.054915+00:00,USD->MXN,1000,Airwallex,16.92083,0.0,16920.83,28.33,airwallex.com,True,
2026-09-12T13:06:48.054915+00:00,USD->MXN,5000,Airwallex,16.92083,0.0,84604.15,28.33,airwallex.com,True,
2026-09-12T13:06:48.054915+00:00,USD->MXN,25000,Airwallex,16.92083,0.0,423020.75,28.33,airwallex.com,True,
2026-09-12T13:06:48.054915+00:00,USD->MXN,50000,Airwallex,16.92083,0.0,846041.5,28.33,airwallex.com,True,
2026-09-12T14:06:47.757162+00:00,AUD->PHP,200,Airwallex,44.755498,0.0,8951.1,42.78,airwallex.com,True,
2026-09-12T14:06:47.757162+00:00,AUD->PHP,200,Instarem,44.862,0.0,8967.92,24.07,instarem.com,True,
2026-09-12T14:06:47.757162+00:00,AUD->PHP,1000,Airwallex,44.755498,0.0,44755.5,42.78,airwallex.com,True,
2026-09-12T14:06:47.757162+00:00,AUD->PHP,1000,Instarem,44.862,0.0,44839.6,24.07,instarem.com,True,
2026-09-12T14:06:47.757162+00:00,AUD->PHP,5000,Airwallex,44.755498,0.0,223777.49,42.78,airwallex.com,True,
2026-09-12T14:06:47.757162+00:00,AUD->PHP,5000,Instarem,44.862,35.0,222628.61,93.9,instarem.com,True,
2026-09-12T14:06:47.757162+00:00,AUD->PHP,25000,Airwallex,44.755498,0.0,1118887.45,42.78,airwallex.com,True,
2026-09-12T14:06:47.757162+00:00,AUD->PHP,25000,Instarem,44.862,150.0,1114264.06,83.93,instarem.com,True,
2026-09-12T14:06:47.757162+00:00,AUD->PHP,50000,Airwallex,44.755498,0.0,2237774.9,42.78,airwallex.com,True,
2026-09-12T14:06:47.757162+00:00,AUD->PHP,50000,Instarem,44.862,300.0,2228528.12,83.93,instarem.com,True,
2026-09-12T14:06:47.757162+00:00,NZD->PHP,200,Airwallex,36.291829,0.0,7258.37,44.95,airwallex.com,True,
2026-09-12T14:06:47.757162+00:00,NZD->PHP,1000,Airwallex,36.291829,0.0,36291.83,44.96,airwallex.com,True,
2026-09-12T14:06:47.757162+00:00,NZD->PHP,5000,Airwallex,36.291829,0.0,181459.15,44.96,airwallex.com,True,
2026-09-12T14:06:47.757162+00:00,NZD->PHP,25000,Airwallex,36.291829,0.0,907295.73,44.96,airwallex.com,True,
2026-09-12T14:06:47.757162+00:00,NZD->PHP,50000,Airwallex,36.291829,0.0,1814591.45,44.96,airwallex.com,True,
2026-09-12T14:06:47.757162+00:00,SGD->PHP,200,Airwallex,49.259664,0.0,9851.93,43.21,airwallex.com,True,
2026-09-12T14:06:47.757162+00:00,SGD->PHP,200,Instarem,49.3892,0.0,9872.9,22.02,instarem.com,True,
2026-09-12T14:06:47.757162+00:00,SGD->PHP,1000,Airwallex,49.259664,0.0,49259.66,43.21,airwallex.com,True,
2026-09-12T14:06:47.757162+00:00,SGD->PHP,1000,Instarem,49.3892,0.0,49364.5,22.02,instarem.com,True,
2026-09-12T14:06:47.757162+00:00,SGD->PHP,5000,Airwallex,49.259664,0.0,246298.32,43.21,airwallex.com,True,
2026-09-12T14:06:47.757162+00:00,SGD->PHP,5000,Instarem,49.3892,22.5,245711.8,66.92,instarem.com,True,
2026-09-12T14:06:47.757162+00:00,SGD->PHP,25000,Airwallex,49.259664,0.0,1231491.6,43.21,airwallex.com,True,
2026-09-12T14:06:47.757162+00:00,SGD->PHP,25000,Instarem,49.3892,112.5,1228558.99,66.92,instarem.com,True,
2026-09-12T14:06:47.757162+00:00,SGD->PHP,50000,Airwallex,49.259664,0.0,2462983.2,43.21,airwallex.com,True,
2026-09-12T14:06:47.757162+00:00,SGD->PHP,50000,Instarem,49.3892,225.0,2457117.99,66.92,instarem.com,True,
2026-09-12T14:06:47.757162+00:00,USD->MXN,200,Airwallex,16.92083,0.0,3384.17,28.32,airwallex.com,True,
2026-09-12T14:06:47.757162+00:00,USD->MXN,1000,Airwallex,16.92083,0.0,16920.83,28.33,airwallex.com,True,
2026-09-12T14:06:47.757162+00:00,USD->MXN,5000,Airwallex,16.92083,0.0,84604.15,28.33,airwallex.com,True,
2026-09-12T14:06:47.757162+00:00,USD->MXN,25000,Airwallex,16.92083,0.0,423020.75,28.33,airwallex.com,True,
2026-09-12T14:06:47.757162+00:00,USD->MXN,50000,Airwallex,16.92083,0.0,846041.5,28.33,airwallex.com,True,
2026-09-12T15:06:59.902276+00:00,AUD->PHP,200,Airwallex,44.755498,0.0,8951.1,42.78,airwallex.com,True,
2026-09-12T15:06:59.902276+00:00,AUD->PHP,200,Instarem,44.862,0.0,8967.92,24.07,instarem.com,True,
2026-09-12T15:06:59.902276+00:00,AUD->PHP,1000,Airwallex,44.755498,0.0,44755.5,42.78,airwallex.com,True,
2026-09-12T15:06:59.902276+00:00,AUD->PHP,1000,Instarem,44.862,0.0,44839.6,24.07,instarem.com,True,
2026-09-12T15:06:59.902276+00:00,AUD->PHP,5000,Airwallex,44.755498,0.0,223777.49,42.78,airwallex.com,True,
2026-09-12T15:06:59.902276+00:00,AUD->PHP,5000,Instarem,44.862,35.0,222628.61,93.9,instarem.com,True,
2026-09-12T15:06:59.902276+00:00,AUD->PHP,25000,Airwallex,44.755498,0.0,1118887.45,42.78,airwallex.com,True,
2026-09-12T15:06:59.902276+00:00,AUD->PHP,25000,Instarem,44.862,150.0,1114264.06,83.93,instarem.com,True,
2026-09-12T15:06:59.902276+00:00,AUD->PHP,50000,Airwallex,44.755498,0.0,2237774.9,42.78,airwallex.com,True,
2026-09-12T15:06:59.902276+00:00,AUD->PHP,50000,Instarem,44.862,300.0,2228528.12,83.93,instarem.com,True,
2026-09-12T15:06:59.902276+00:00,NZD->PHP,200,Airwallex,36.291829,0.0,7258.37,44.95,airwallex.com,True,
2026-09-12T15:06:59.902276+00:00,NZD->PHP,1000,Airwallex,36.291829,0.0,36291.83,44.96,airwallex.com,True,
2026-09-12T15:06:59.902276+00:00,NZD->PHP,5000,Airwallex,36.291829,0.0,181459.15,44.96,airwallex.com,True,
2026-09-12T15:06:59.902276+00:00,NZD->PHP,25000,Airwallex,36.291829,0.0,907295.73,44.96,airwallex.com,True,
2026-09-12T15:06:59.902276+00:00,NZD->PHP,50000,Airwallex,36.291829,0.0,1814591.45,44.96,airwallex.com,True,
2026-09-12T15:06:59.902276+00:00,SGD->PHP,200,Airwallex,49.259664,0.0,9851.93,43.21,airwallex.com,True,
2026-09-12T15:06:59.902276+00:00,SGD->PHP,200,Instarem,49.3892,0.0,9872.9,22.02,instarem.com,True,
2026-09-12T15:06:59.902276+00:00,SGD->PHP,1000,Airwallex,49.259664,0.0,49259.66,43.21,airwallex.com,True,
2026-09-12T15:06:59.902276+00:00,SGD->PHP,1000,Instarem,49.3892,0.0,49364.5,22.02,instarem.com,True,
2026-09-12T15:06:59.902276+00:00,SGD->PHP,5000,Airwallex,49.259664,0.0,246298.32,43.21,airwallex.com,True,
2026-09-12T15:06:59.902276+00:00,SGD->PHP,5000,Instarem,49.3892,22.5,245711.8,66.92,instarem.com,True,
2026-09-12T15:06:59.902276+00:00,SGD->PHP,25000,Airwallex,49.259664,0.0,1231491.6,43.21,airwallex.com,True,
2026-09-12T15:06:59.902276+00:00,SGD->PHP,25000,Instarem,49.3892,112.5,1228558.99,66.92,instarem.com,True,
2026-09-12T15:06:59.902276+00:00,SGD->PHP,50000,Airwallex,49.259664,0.0,2462983.2,43.21,airwallex.com,True,
2026-09-12T15:06:59.902276+00:00,SGD->PHP,50000,Instarem,49.3892,225.0,2457117.99,66.92,instarem.com,True,
2026-09-12T15:06:59.902276+00:00,USD->MXN,200,Airwallex,16.92083,0.0,3384.17,28.32,airwallex.com,True,
2026-09-12T15:06:59.902276+00:00,USD->MXN,1000,Airwallex,16.92083,0.0,16920.83,28.33,airwallex.com,True,
2026-09-12T15:06:59.902276+00:00,USD->MXN,5000,Airwallex,16.92083,0.0,84604.15,28.33,airwallex.com,True,
2026-09-12T15:06:59.902276+00:00,USD->MXN,25000,Airwallex,16.92083,0.0,423020.75,28.33,airwallex.com,True,
2026-09-12T15:06:59.902276+00:00,USD->MXN,50000,Airwallex,16.92083,0.0,846041.5,28.33,airwallex.com,True,
2026-09-12T16:06:46.780587+00:00,AUD->PHP,200,Airwallex,44.755498,0.0,8951.1,42.78,airwallex.com,True,
2026-09-12T16:06:46.780587+00:00,AUD->PHP,200,Instarem,44.862,0.0,8967.92,24.07,instarem.com,True,
2026-09-12T16:06:46.780587+00:00,AUD->PHP,1000,Airwallex,44.755498,0.0,44755.5,42.78,airwallex.com,True,
2026-09-12T16:06:46.780587+00:00,AUD->PHP,1000,Instarem,44.862,0.0,44839.6,24.07,instarem.com,True,
2026-09-12T16:06:46.780587+00:00,AUD->PHP,5000,Airwallex,44.755498,0.0,223777.49,42.78,airwallex.com,True,
2026-09-12T16:06:46.780587+00:00,AUD->PHP,5000,Instarem,44.862,35.0,222628.61,93.9,instarem.com,True,
2026-09-12T16:06:46.780587+00:00,AUD->PHP,25000,Airwallex,44.755498,0.0,1118887.45,42.78,airwallex.com,True,
2026-09-12T16:06:46.780587+00:00,AUD->PHP,25000,Instarem,44.862,150.0,1114264.06,83.93,instarem.com,True,
2026-09-12T16:06:46.780587+00:00,AUD->PHP,50000,Airwallex,44.755498,0.0,2237774.9,42.78,airwallex.com,True,
2026-09-12T16:06:46.780587+00:00,AUD->PHP,50000,Instarem,44.862,300.0,2228528.12,83.93,instarem.com,True,
2026-09-12T16:06:46.780587+00:00,NZD->PHP,200,Airwallex,36.291829,0.0,7258.37,44.95,airwallex.com,True,
2026-09-12T16:06:46.780587+00:00,NZD->PHP,1000,Airwallex,36.291829,0.0,36291.83,44.96,airwallex.com,True,
2026-09-12T16:06:46.780587+00:00,NZD->PHP,5000,Airwallex,36.291829,0.0,181459.15,44.96,airwallex.com,True,
2026-09-12T16:06:46.780587+00:00,NZD->PHP,25000,Airwallex,36.291829,0.0,907295.73,44.96,airwallex.com,True,
2026-09-12T16:06:46.780587+00:00,NZD->PHP,50000,Airwallex,36.291829,0.0,1814591.45,44.96,airwallex.com,True,
2026-09-12T16:06:46.780587+00:00,SGD->PHP,200,Airwallex,49.259664,0.0,9851.93,43.21,airwallex.com,True,
2026-09-12T16:06:46.780587+00:00,SGD->PHP,200,Instarem,49.3892,0.0,9872.9,22.02,instarem.com,True,
2026-09-12T16:06:46.780587+00:00,SGD->PHP,1000,Airwallex,49.259664,0.0,49259.66,43.21,airwallex.com,True,
2026-09-12T16:06:46.780587+00:00,SGD->PHP,1000,Instarem,49.3892,0.0,49364.5,22.02,instarem.com,True,
2026-09-12T16:06:46.780587+00:00,SGD->PHP,5000,Airwallex,49.259664,0.0,246298.32,43.21,airwallex.com,True,
2026-09-12T16:06:46.780587+00:00,SGD->PHP,5000,Instarem,49.3892,22.5,245711.8,66.92,instarem.com,True,
2026-09-12T16:06:46.780587+00:00,SGD->PHP,25000,Airwallex,49.259664,0.0,1231491.6,43.21,airwallex.com,True,
2026-09-12T16:06:46.780587+00:00,SGD->PHP,25000,Instarem,49.3892,112.5,1228558.99,66.92,instarem.com,True,
2026-09-12T16:06:46.780587+00:00,SGD->PHP,50000,Airwallex,49.259664,0.0,2462983.2,43.21,airwallex.com,True,
2026-09-12T16:06:46.780587+00:00,SGD->PHP,50000,Instarem,49.3892,225.0,2457117.99,66.92,instarem.com,True,
2026-09-12T16:06:46.780587+00:00,USD->MXN,200,Airwallex,16.92083,0.0,3384.17,28.32,airwallex.com,True,
2026-09-12T16:06:46.780587+00:00,USD->MXN,1000,Airwallex,16.92083,0.0,16920.83,28.33,airwallex.com,True,
2026-09-12T16:06:46.780587+00:00,USD->MXN,5000,Airwallex,16.92083,0.0,84604.15,28.33,airwallex.com,True,
2026-09-12T16:06:46.780587+00:00,USD->MXN,25000,Airwallex,16.92083,0.0,423020.75,28.33,airwallex.com,True,
2026-09-12T16:06:46.780587+00:00,USD->MXN,50000,Airwallex,16.92083,0.0,846041.5,28.33,airwallex.com,True,
2026-09-12T17:13:37.795107+00:00,AUD->PHP,200,Airwallex,44.755498,0.0,8951.1,42.78,airwallex.com,True,
2026-09-12T17:13:37.795107+00:00,AUD->PHP,200,Instarem,44.862,0.0,8967.92,24.07,instarem.com,True,
2026-09-12T17:13:37.795107+00:00,AUD->PHP,1000,Airwallex,44.755498,0.0,44755.5,42.78,airwallex.com,True,
2026-09-12T17:13:37.795107+00:00,AUD->PHP,1000,Instarem,44.862,0.0,44839.6,24.07,instarem.com,True,
2026-09-12T17:13:37.795107+00:00,AUD->PHP,5000,Airwallex,44.755498,0.0,223777.49,42.78,airwallex.com,True,
2026-09-12T17:13:37.795107+00:00,AUD->PHP,5000,Instarem,44.862,35.0,222628.61,93.9,instarem.com,True,
2026-09-12T17:13:37.795107+00:00,AUD->PHP,25000,Airwallex,44.755498,0.0,1118887.45,42.78,airwallex.com,True,
2026-09-12T17:13:37.795107+00:00,AUD->PHP,25000,Instarem,44.862,150.0,1114264.06,83.93,instarem.com,True,
2026-09-12T17:13:37.795107+00:00,AUD->PHP,50000,Airwallex,44.755498,0.0,2237774.9,42.78,airwallex.com,True,
2026-09-12T17:13:37.795107+00:00,AUD->PHP,50000,Instarem,44.862,300.0,2228528.12,83.93,instarem.com,True,
2026-09-12T17:13:37.795107+00:00,NZD->PHP,200,Airwallex,36.291829,0.0,7258.37,44.95,airwallex.com,True,
2026-09-12T17:13:37.795107+00:00,NZD->PHP,1000,Airwallex,36.291829,0.0,36291.83,44.96,airwallex.com,True,
2026-09-12T17:13:37.795107+00:00,NZD->PHP,5000,Airwallex,36.291829,0.0,181459.15,44.96,airwallex.com,True,
2026-09-12T17:13:37.795107+00:00,NZD->PHP,25000,Airwallex,36.291829,0.0,907295.73,44.96,airwallex.com,True,
2026-09-12T17:13:37.795107+00:00,NZD->PHP,50000,Airwallex,36.291829,0.0,1814591.45,44.96,airwallex.com,True,
2026-09-12T17:13:37.795107+00:00,SGD->PHP,200,Airwallex,49.259664,0.0,9851.93,43.21,airwallex.com,True,
2026-09-12T17:13:37.795107+00:00,SGD->PHP,200,Instarem,49.3892,0.0,9872.9,22.02,instarem.com,True,
2026-09-12T17:13:37.795107+00:00,SGD->PHP,1000,Airwallex,49.259664,0.0,49259.66,43.21,airwallex.com,True,
2026-09-12T17:13:37.795107+00:00,SGD->PHP,1000,Instarem,49.3892,0.0,49364.5,22.02,instarem.com,True,
2026-09-12T17:13:37.795107+00:00,SGD->PHP,5000,Airwallex,49.259664,0.0,246298.32,43.21,airwallex.com,True,
2026-09-12T17:13:37.795107+00:00,SGD->PHP,5000,Instarem,49.3892,22.5,245711.8,66.92,instarem.com,True,
2026-09-12T17:13:37.795107+00:00,SGD->PHP,25000,Airwallex,49.259664,0.0,1231491.6,43.21,airwallex.com,True,
2026-09-12T17:13:37.795107+00:00,SGD->PHP,25000,Instarem,49.3892,112.5,1228558.99,66.92,instarem.com,True,
2026-09-12T17:13:37.795107+00:00,SGD->PHP,50000,Airwallex,49.259664,0.0,2462983.2,43.21,airwallex.com,True,
2026-09-12T17:13:37.795107+00:00,SGD->PHP,50000,Instarem,49.3892,225.0,2457117.99,66.92,instarem.com,True,
2026-09-12T17:13:37.795107+00:00,USD->MXN,200,Airwallex,16.92083,0.0,3384.17,28.32,airwallex.com,True,
2026-09-12T17:13:37.795107+00:00,USD->MXN,1000,Airwallex,16.92083,0.0,16920.83,28.33,airwallex.com,True,
2026-09-12T17:13:37.795107+00:00,USD->MXN,5000,Airwallex,16.92083,0.0,84604.15,28.33,airwallex.com,True,
2026-09-12T17:13:37.795107+00:00,USD->MXN,25000,Airwallex,16.92083,0.0,423020.75,28.33,airwallex.com,True,
2026-09-12T17:13:37.795107+00:00,USD->MXN,50000,Airwallex,16.92083,0.0,846041.5,28.33,airwallex.com,True,
2026-09-12T18:06:58.244512+00:00,AUD->PHP,200,Airwallex,44.755498,0.0,8951.1,42.78,airwallex.com,True,
2026-09-12T18:06:58.244512+00:00,AUD->PHP,200,Instarem,44.862,0.0,8967.92,24.07,instarem.com,True,
2026-09-12T18:06:58.244512+00:00,AUD->PHP,1000,Airwallex,44.755498,0.0,44755.5,42.78,airwallex.com,True,
2026-09-12T18:06:58.244512+00:00,AUD->PHP,1000,Instarem,44.862,0.0,44839.6,24.07,instarem.com,True,
2026-09-12T18:06:58.244512+00:00,AUD->PHP,5000,Airwallex,44.755498,0.0,223777.49,42.78,airwallex.com,True,
2026-09-12T18:06:58.244512+00:00,AUD->PHP,5000,Instarem,44.862,35.0,222628.61,93.9,instarem.com,True,
2026-09-12T18:06:58.244512+00:00,AUD->PHP,25000,Airwallex,44.755498,0.0,1118887.45,42.78,airwallex.com,True,
2026-09-12T18:06:58.244512+00:00,AUD->PHP,25000,Instarem,44.862,150.0,1114264.06,83.93,instarem.com,True,
2026-09-12T18:06:58.244512+00:00,AUD->PHP,50000,Airwallex,44.755498,0.0,2237774.9,42.78,airwallex.com,True,
2026-09-12T18:06:58.244512+00:00,AUD->PHP,50000,Instarem,44.862,300.0,2228528.12,83.93,instarem.com,True,
2026-09-12T18:06:58.244512+00:00,NZD->PHP,200,Airwallex,36.291829,0.0,7258.37,44.95,airwallex.com,True,
2026-09-12T18:06:58.244512+00:00,NZD->PHP,1000,Airwallex,36.291829,0.0,36291.83,44.96,airwallex.com,True,
2026-09-12T18:06:58.244512+00:00,NZD->PHP,5000,Airwallex,36.291829,0.0,181459.15,44.96,airwallex.com,True,
2026-09-12T18:06:58.244512+00:00,NZD->PHP,25000,Airwallex,36.291829,0.0,907295.73,44.96,airwallex.com,True,
2026-09-12T18:06:58.244512+00:00,NZD->PHP,50000,Airwallex,36.291829,0.0,1814591.45,44.96,airwallex.com,True,
2026-09-12T18:06:58.244512+00:00,SGD->PHP,200,Airwallex,49.259664,0.0,9851.93,43.21,airwallex.com,True,
2026-09-12T18:06:58.244512+00:00,SGD->PHP,200,Instarem,49.3892,0.0,9872.9,22.02,instarem.com,True,
2026-09-12T18:06:58.244512+00:00,SGD->PHP,1000,Airwallex,49.259664,0.0,49259.66,43.21,airwallex.com,True,
2026-09-12T18:06:58.244512+00:00,SGD->PHP,1000,Instarem,49.3892,0.0,49364.5,22.02,instarem.com,True,
2026-09-12T18:06:58.244512+00:00,SGD->PHP,5000,Airwallex,49.259664,0.0,246298.32,43.21,airwallex.com,True,
2026-09-12T18:06:58.244512+00:00,SGD->PHP,5000,Instarem,49.3892,22.5,245711.8,66.92,instarem.com,True,
2026-09-12T18:06:58.244512+00:00,SGD->PHP,25000,Airwallex,49.259664,0.0,1231491.6,43.21,airwallex.com,True,
2026-09-12T18:06:58.244512+00:00,SGD->PHP,25000,Instarem,49.3892,112.5,1228558.99,66.92,instarem.com,True,
2026-09-12T18:06:58.244512+00:00,SGD->PHP,50000,Airwallex,49.259664,0.0,2462983.2,43.21,airwallex.com,True,
2026-09-12T18:06:58.244512+00:00,SGD->PHP,50000,Instarem,49.3892,225.0,2457117.99,66.92,instarem.com,True,
2026-09-12T18:06:58.244512+00:00,USD->MXN,200,Airwallex,16.92083,0.0,3384.17,28.32,airwallex.com,True,
2026-09-12T18:06:58.244512+00:00,USD->MXN,1000,Airwallex,16.92083,0.0,16920.83,28.33,airwallex.com,True,
2026-09-12T18:06:58.244512+00:00,USD->MXN,5000,Airwallex,16.92083,0.0,84604.15,28.33,airwallex.com,True,
2026-09-12T18:06:58.244512+00:00,USD->MXN,25000,Airwallex,16.92083,0.0,423020.75,28.33,airwallex.com,True,
2026-09-12T18:06:58.244512+00:00,USD->MXN,50000,Airwallex,16.92083,0.0,846041.5,28.33,airwallex.com,True,
2026-09-12T19:06:49.169511+00:00,AUD->PHP,200,Airwallex,44.755498,0.0,8951.1,42.78,airwallex.com,True,
2026-09-12T19:06:49.169511+00:00,AUD->PHP,200,Instarem,44.862,0.0,8967.92,24.07,instarem.com,True,
2026-09-12T19:06:49.169511+00:00,AUD->PHP,1000,Airwallex,44.755498,0.0,44755.5,42.78,airwallex.com,True,
2026-09-12T19:06:49.169511+00:00,AUD->PHP,1000,Instarem,44.862,0.0,44839.6,24.07,instarem.com,True,
2026-09-12T19:06:49.169511+00:00,AUD->PHP,5000,Airwallex,44.755498,0.0,223777.49,42.78,airwallex.com,True,
2026-09-12T19:06:49.169511+00:00,AUD->PHP,5000,Instarem,44.862,35.0,222628.61,93.9,instarem.com,True,
2026-09-12T19:06:49.169511+00:00,AUD->PHP,25000,Airwallex,44.755498,0.0,1118887.45,42.78,airwallex.com,True,
2026-09-12T19:06:49.169511+00:00,AUD->PHP,25000,Instarem,44.862,150.0,1114264.06,83.93,instarem.com,True,
2026-09-12T19:06:49.169511+00:00,AUD->PHP,50000,Airwallex,44.755498,0.0,2237774.9,42.78,airwallex.com,True,
2026-09-12T19:06:49.169511+00:00,AUD->PHP,50000,Instarem,44.862,300.0,2228528.12,83.93,instarem.com,True,
2026-09-12T19:06:49.169511+00:00,NZD->PHP,200,Airwallex,36.291829,0.0,7258.37,44.95,airwallex.com,True,
2026-09-12T19:06:49.169511+00:00,NZD->PHP,1000,Airwallex,36.291829,0.0,36291.83,44.96,airwallex.com,True,
2026-09-12T19:06:49.169511+00:00,NZD->PHP,5000,Airwallex,36.291829,0.0,181459.15,44.96,airwallex.com,True,
2026-09-12T19:06:49.169511+00:00,NZD->PHP,25000,Airwallex,36.291829,0.0,907295.73,44.96,airwallex.com,True,
2026-09-12T19:06:49.169511+00:00,NZD->PHP,50000,Airwallex,36.291829,0.0,1814591.45,44.96,airwallex.com,True,
2026-09-12T19:06:49.169511+00:00,SGD->PHP,200,Airwallex,49.259664,0.0,9851.93,43.21,airwallex.com,True,
2026-09-12T19:06:49.169511+00:00,SGD->PHP,200,Instarem,49.3892,0.0,9872.9,22.02,instarem.com,True,
2026-09-12T19:06:49.169511+00:00,SGD->PHP,1000,Airwallex,49.259664,0.0,49259.66,43.21,airwallex.com,True,
2026-09-12T19:06:49.169511+00:00,SGD->PHP,1000,Instarem,49.3892,0.0,49364.5,22.02,instarem.com,True,
2026-09-12T19:06:49.169511+00:00,SGD->PHP,5000,Airwallex,49.259664,0.0,246298.32,43.21,airwallex.com,True,
2026-09-12T19:06:49.169511+00:00,SGD->PHP,5000,Instarem,49.3892,22.5,245711.8,66.92,instarem.com,True,
2026-09-12T19:06:49.169511+00:00,SGD->PHP,25000,Airwallex,49.259664,0.0,1231491.6,43.21,airwallex.com,True,
2026-09-12T19:06:49.169511+00:00,SGD->PHP,25000,Instarem,49.3892,112.5,1228558.99,66.92,instarem.com,True,
2026-09-12T19:06:49.169511+00:00,SGD->PHP,50000,Airwallex,49.259664,0.0,2462983.2,43.21,airwallex.com,True,
2026-09-12T19:06:49.169511+00:00,SGD->PHP,50000,Instarem,49.3892,225.0,2457117.99,66.92,instarem.com,True,
2026-09-12T19:06:49.169511+00:00,USD->MXN,200,Airwallex,16.92083,0.0,3384.17,28.32,airwallex.com,True,
2026-09-12T19:06:49.169511+00:00,USD->MXN,1000,Airwallex,16.92083,0.0,16920.83,28.33,airwallex.com,True,
2026-09-12T19:06:49.169511+00:00,USD->MXN,5000,Airwallex,16.92083,0.0,84604.15,28.33,airwallex.com,True,
2026-09-12T19:06:49.169511+00:00,USD->MXN,25000,Airwallex,16.92083,0.0,423020.75,28.33,airwallex.com,True,
2026-09-12T19:06:49.169511+00:00,USD->MXN,50000,Airwallex,16.92083,0.0,846041.5,28.33,airwallex.com,True,
2026-09-12T20:06:53.695827+00:00,AUD->PHP,200,Airwallex,44.755498,0.0,8951.1,42.78,airwallex.com,True,
2026-09-12T20:06:53.695827+00:00,AUD->PHP,200,Instarem,44.862,0.0,8967.92,24.07,instarem.com,True,
2026-09-12T20:06:53.695827+00:00,AUD->PHP,1000,Airwallex,44.755498,0.0,44755.5,42.78,airwallex.com,True,
2026-09-12T20:06:53.695827+00:00,AUD->PHP,1000,Instarem,44.862,0.0,44839.6,24.07,instarem.com,True,
2026-09-12T20:06:53.695827+00:00,AUD->PHP,5000,Airwallex,44.755498,0.0,223777.49,42.78,airwallex.com,True,
2026-09-12T20:06:53.695827+00:00,AUD->PHP,5000,Instarem,44.862,35.0,222628.61,93.9,instarem.com,True,
2026-09-12T20:06:53.695827+00:00,AUD->PHP,25000,Airwallex,44.755498,0.0,1118887.45,42.78,airwallex.com,True,
2026-09-12T20:06:53.695827+00:00,AUD->PHP,25000,Instarem,44.862,150.0,1114264.06,83.93,instarem.com,True,
2026-09-12T20:06:53.695827+00:00,AUD->PHP,50000,Airwallex,44.755498,0.0,2237774.9,42.78,airwallex.com,True,
2026-09-12T20:06:53.695827+00:00,AUD->PHP,50000,Instarem,44.862,300.0,2228528.12,83.93,instarem.com,True,
2026-09-12T20:06:53.695827+00:00,NZD->PHP,200,Airwallex,36.291829,0.0,7258.37,44.95,airwallex.com,True,
2026-09-12T20:06:53.695827+00:00,NZD->PHP,1000,Airwallex,36.291829,0.0,36291.83,44.96,airwallex.com,True,
2026-09-12T20:06:53.695827+00:00,NZD->PHP,5000,Airwallex,36.291829,0.0,181459.15,44.96,airwallex.com,True,
2026-09-12T20:06:53.695827+00:00,NZD->PHP,25000,Airwallex,36.291829,0.0,907295.73,44.96,airwallex.com,True,
2026-09-12T20:06:53.695827+00:00,NZD->PHP,50000,Airwallex,36.291829,0.0,1814591.45,44.96,airwallex.com,True,
2026-09-12T20:06:53.695827+00:00,SGD->PHP,200,Airwallex,49.259664,0.0,9851.93,43.21,airwallex.com,True,
2026-09-12T20:06:53.695827+00:00,SGD->PHP,200,Instarem,49.3892,0.0,9872.9,22.02,instarem.com,True,
2026-09-12T20:06:53.695827+00:00,SGD->PHP,1000,Airwallex,49.259664,0.0,49259.66,43.21,airwallex.com,True,
2026-09-12T20:06:53.695827+00:00,SGD->PHP,1000,Instarem,49.3892,0.0,49364.5,22.02,instarem.com,True,
2026-09-12T20:06:53.695827+00:00,SGD->PHP,5000,Airwallex,49.259664,0.0,246298.32,43.21,airwallex.com,True,
2026-09-12T20:06:53.695827+00:00,SGD->PHP,5000,Instarem,49.3892,22.5,245711.8,66.92,instarem.com,True,
2026-09-12T20:06:53.695827+00:00,SGD->PHP,25000,Airwallex,49.259664,0.0,1231491.6,43.21,airwallex.com,True,
2026-09-12T20:06:53.695827+00:00,SGD->PHP,25000,Instarem,49.3892,112.5,1228558.99,66.92,instarem.com,True,
2026-09-12T20:06:53.695827+00:00,SGD->PHP,50000,Airwallex,49.259664,0.0,2462983.2,43.21,airwallex.com,True,
2026-09-12T20:06:53.695827+00:00,SGD->PHP,50000,Instarem,49.3892,225.0,2457117.99,66.92,instarem.com,True,
2026-09-12T20:06:53.695827+00:00,USD->MXN,200,Airwallex,16.92083,0.0,3384.17,28.32,airwallex.com,True,
2026-09-12T20:06:53.695827+00:00,USD->MXN,1000,Airwallex,16.92083,0.0,16920.83,28.33,airwallex.com,True,
2026-09-12T20:06:53.695827+00:00,USD->MXN,5000,Airwallex,16.92083,0.0,84604.15,28.33,airwallex.com,True,
2026-09-12T20:06:53.695827+00:00,USD->MXN,25000,Airwallex,16.92083,0.0,423020.75,28.33,airwallex.com,True,
2026-09-12T20:06:53.695827+00:00,USD->MXN,50000,Airwallex,16.92083,0.0,846041.5,28.33,airwallex.com,True,
2026-09-12T21:06:53.837191+00:00,AUD->PHP,200,Airwallex,44.755498,0.0,8951.1,42.78,airwallex.com,True,
2026-09-12T21:06:53.837191+00:00,AUD->PHP,200,Instarem,44.862,0.0,8967.92,24.07,instarem.com,True,
2026-09-12T21:06:53.837191+00:00,AUD->PHP,1000,Airwallex,44.755498,0.0,44755.5,42.78,airwallex.com,True,
2026-09-12T21:06:53.837191+00:00,AUD->PHP,1000,Instarem,44.862,0.0,44839.6,24.07,instarem.com,True,
2026-09-12T21:06:53.837191+00:00,AUD->PHP,5000,Airwallex,44.755498,0.0,223777.49,42.78,airwallex.com,True,
2026-09-12T21:06:53.837191+00:00,AUD->PHP,5000,Instarem,44.862,35.0,222628.61,93.9,instarem.com,True,
2026-09-12T21:06:53.837191+00:00,AUD->PHP,25000,Airwallex,44.755498,0.0,1118887.45,42.78,airwallex.com,True,
2026-09-12T21:06:53.837191+00:00,AUD->PHP,25000,Instarem,44.862,150.0,1114264.06,83.93,instarem.com,True,
2026-09-12T21:06:53.837191+00:00,AUD->PHP,50000,Airwallex,44.755498,0.0,2237774.9,42.78,airwallex.com,True,
2026-09-12T21:06:53.837191+00:00,AUD->PHP,50000,Instarem,44.862,300.0,2228528.12,83.93,instarem.com,True,
2026-09-12T21:06:53.837191+00:00,NZD->PHP,200,Airwallex,36.291829,0.0,7258.37,44.95,airwallex.com,True,
2026-09-12T21:06:53.837191+00:00,NZD->PHP,1000,Airwallex,36.291829,0.0,36291.83,44.96,airwallex.com,True,
2026-09-12T21:06:53.837191+00:00,NZD->PHP,5000,Airwallex,36.291829,0.0,181459.15,44.96,airwallex.com,True,
2026-09-12T21:06:53.837191+00:00,NZD->PHP,25000,Airwallex,36.291829,0.0,907295.73,44.96,airwallex.com,True,
2026-09-12T21:06:53.837191+00:00,NZD->PHP,50000,Airwallex,36.291829,0.0,1814591.45,44.96,airwallex.com,True,
2026-09-12T21:06:53.837191+00:00,SGD->PHP,200,Airwallex,49.259664,0.0,9851.93,43.21,airwallex.com,True,
2026-09-12T21:06:53.837191+00:00,SGD->PHP,200,Instarem,49.3892,0.0,9872.9,22.02,instarem.com,True,
2026-09-12T21:06:53.837191+00:00,SGD->PHP,1000,Airwallex,49.259664,0.0,49259.66,43.21,airwallex.com,True,
2026-09-12T21:06:53.837191+00:00,SGD->PHP,1000,Instarem,49.3892,0.0,49364.5,22.02,instarem.com,True,
2026-09-12T21:06:53.837191+00:00,SGD->PHP,5000,Airwallex,49.259664,0.0,246298.32,43.21,airwallex.com,True,
2026-09-12T21:06:53.837191+00:00,SGD->PHP,5000,Instarem,49.3892,22.5,245711.8,66.92,instarem.com,True,
2026-09-12T21:06:53.837191+00:00,SGD->PHP,25000,Airwallex,49.259664,0.0,1231491.6,43.21,airwallex.com,True,
2026-09-12T21:06:53.837191+00:00,SGD->PHP,25000,Instarem,49.3892,112.5,1228558.99,66.92,instarem.com,True,
2026-09-12T21:06:53.837191+00:00,SGD->PHP,50000,Airwallex,49.259664,0.0,2462983.2,43.21,airwallex.com,True,
2026-09-12T21:06:53.837191+00:00,SGD->PHP,50000,Instarem,49.3892,225.0,2457117.99,66.92,instarem.com,True,
2026-09-12T21:06:53.837191+00:00,USD->MXN,200,Airwallex,16.92083,0.0,3384.17,28.32,airwallex.com,True,
2026-09-12T21:06:53.837191+00:00,USD->MXN,1000,Airwallex,16.92083,0.0,16920.83,28.33,airwallex.com,True,
2026-09-12T21:06:53.837191+00:00,USD->MXN,5000,Airwallex,16.92083,0.0,84604.15,28.33,airwallex.com,True,
2026-09-12T21:06:53.837191+00:00,USD->MXN,25000,Airwallex,16.92083,0.0,423020.75,28.33,airwallex.com,True,
2026-09-12T21:06:53.837191+00:00,USD->MXN,50000,Airwallex,16.92083,0.0,846041.5,28.33,airwallex.com,True,
2026-09-12T22:06:45.316536+00:00,AUD->PHP,200,Airwallex,44.755498,0.0,8951.1,42.78,airwallex.com,True,
2026-09-12T22:06:45.316536+00:00,AUD->PHP,200,Instarem,44.862,0.0,8967.92,24.07,instarem.com,True,
2026-09-12T22:06:45.316536+00:00,AUD->PHP,1000,Airwallex,44.755498,0.0,44755.5,42.78,airwallex.com,True,
2026-09-12T22:06:45.316536+00:00,AUD->PHP,1000,Instarem,44.862,0.0,44839.6,24.07,instarem.com,True,
2026-09-12T22:06:45.316536+00:00,AUD->PHP,5000,Airwallex,44.755498,0.0,223777.49,42.78,airwallex.com,True,
2026-09-12T22:06:45.316536+00:00,AUD->PHP,5000,Instarem,44.862,35.0,222628.61,93.9,instarem.com,True,
2026-09-12T22:06:45.316536+00:00,AUD->PHP,25000,Airwallex,44.755498,0.0,1118887.45,42.78,airwallex.com,True,
2026-09-12T22:06:45.316536+00:00,AUD->PHP,25000,Instarem,44.862,150.0,1114264.06,83.93,instarem.com,True,
2026-09-12T22:06:45.316536+00:00,AUD->PHP,50000,Airwallex,44.755498,0.0,2237774.9,42.78,airwallex.com,True,
2026-09-12T22:06:45.316536+00:00,AUD->PHP,50000,Instarem,44.862,300.0,2228528.12,83.93,instarem.com,True,
2026-09-12T22:06:45.316536+00:00,NZD->PHP,200,Airwallex,36.291829,0.0,7258.37,44.95,airwallex.com,True,
2026-09-12T22:06:45.316536+00:00,NZD->PHP,1000,Airwallex,36.291829,0.0,36291.83,44.96,airwallex.com,True,
2026-09-12T22:06:45.316536+00:00,NZD->PHP,5000,Airwallex,36.291829,0.0,181459.15,44.96,airwallex.com,True,
2026-09-12T22:06:45.316536+00:00,NZD->PHP,25000,Airwallex,36.291829,0.0,907295.73,44.96,airwallex.com,True,
2026-09-12T22:06:45.316536+00:00,NZD->PHP,50000,Airwallex,36.291829,0.0,1814591.45,44.96,airwallex.com,True,
2026-09-12T22:06:45.316536+00:00,SGD->PHP,200,Airwallex,49.259664,0.0,9851.93,43.21,airwallex.com,True,
2026-09-12T22:06:45.316536+00:00,SGD->PHP,200,Instarem,49.3892,0.0,9872.9,22.02,instarem.com,True,
2026-09-12T22:06:45.316536+00:00,SGD->PHP,1000,Airwallex,49.259664,0.0,49259.66,43.21,airwallex.com,True,
2026-09-12T22:06:45.316536+00:00,SGD->PHP,1000,Instarem,49.3892,0.0,49364.5,22.02,instarem.com,True,
2026-09-12T22:06:45.316536+00:00,SGD->PHP,5000,Airwallex,49.259664,0.0,246298.32,43.21,airwallex.com,True,
2026-09-12T22:06:45.316536+00:00,SGD->PHP,5000,Instarem,49.3892,22.5,245711.8,66.92,instarem.com,True,
2026-09-12T22:06:45.316536+00:00,SGD->PHP,25000,Airwallex,49.259664,0.0,1231491.6,43.21,airwallex.com,True,
2026-09-12T22:06:45.316536+00:00,SGD->PHP,25000,Instarem,49.3892,112.5,1228558.99,66.92,instarem.com,True,
2026-09-12T22:06:45.316536+00:00,SGD->PHP,50000,Airwallex,49.259664,0.0,2462983.2,43.21,airwallex.com,True,
2026-09-12T22:06:45.316536+00:00,SGD->PHP,50000,Instarem,49.3892,225.0,2457117.99,66.92,instarem.com,True,
2026-09-12T22:06:45.316536+00:00,USD->MXN,200,Airwallex,16.92083,0.0,3384.17,28.32,airwallex.com,True,
2026-09-12T22:06:45.316536+00:00,USD->MXN,1000,Airwallex,16.92083,0.0,16920.83,28.33,airwallex.com,True,
2026-09-12T22:06:45.316536+00:00,USD->MXN,5000,Airwallex,16.92083,0.0,84604.15,28.33,airwallex.com,True,
2026-09-12T22:06:45.316536+00:00,USD->MXN,25000,Airwallex,16.92083,0.0,423020.75,28.33,airwallex.com,True,
2026-09-12T22:06:45.316536+00:00,USD->MXN,50000,Airwallex,16.92083,0.0,846041.5,28.33,airwallex.com,True,
2026-09-12T23:24:33.614258+00:00,AUD->PHP,200,Airwallex,44.755498,0.0,8951.1,42.78,airwallex.com,True,
2026-09-12T23:24:33.614258+00:00,AUD->PHP,200,Instarem,44.862,0.0,8967.92,24.07,instarem.com,True,
2026-09-12T23:24:33.614258+00:00,AUD->PHP,1000,Airwallex,44.755498,0.0,44755.5,42.78,airwallex.com,True,
2026-09-12T23:24:33.614258+00:00,AUD->PHP,1000,Instarem,44.862,0.0,44839.6,24.07,instarem.com,True,
2026-09-12T23:24:33.614258+00:00,AUD->PHP,5000,Airwallex,44.755498,0.0,223777.49,42.78,airwallex.com,True,
2026-09-12T23:24:33.614258+00:00,AUD->PHP,5000,Instarem,44.862,35.0,222628.61,93.9,instarem.com,True,
2026-09-12T23:24:33.614258+00:00,AUD->PHP,25000,Airwallex,44.755498,0.0,1118887.45,42.78,airwallex.com,True,
2026-09-12T23:24:33.614258+00:00,AUD->PHP,25000,Instarem,44.862,150.0,1114264.06,83.93,instarem.com,True,
2026-09-12T23:24:33.614258+00:00,AUD->PHP,50000,Airwallex,44.755498,0.0,2237774.9,42.78,airwallex.com,True,
2026-09-12T23:24:33.614258+00:00,AUD->PHP,50000,Instarem,44.862,300.0,2228528.12,83.93,instarem.com,True,
2026-09-12T23:24:33.614258+00:00,NZD->PHP,200,Airwallex,36.291829,0.0,7258.37,44.95,airwallex.com,True,
2026-09-12T23:24:33.614258+00:00,NZD->PHP,1000,Airwallex,36.291829,0.0,36291.83,44.96,airwallex.com,True,
2026-09-12T23:24:33.614258+00:00,NZD->PHP,5000,Airwallex,36.291829,0.0,181459.15,44.96,airwallex.com,True,
2026-09-12T23:24:33.614258+00:00,NZD->PHP,25000,Airwallex,36.291829,0.0,907295.73,44.96,airwallex.com,True,
2026-09-12T23:24:33.614258+00:00,NZD->PHP,50000,Airwallex,36.291829,0.0,1814591.45,44.96,airwallex.com,True,
2026-09-12T23:24:33.614258+00:00,SGD->PHP,200,Airwallex,49.259664,0.0,9851.93,43.21,airwallex.com,True,
2026-09-12T23:24:33.614258+00:00,SGD->PHP,200,Instarem,49.3892,0.0,9872.9,22.02,instarem.com,True,
2026-09-12T23:24:33.614258+00:00,SGD->PHP,1000,Airwallex,49.259664,0.0,49259.66,43.21,airwallex.com,True,
2026-09-12T23:24:33.614258+00:00,SGD->PHP,1000,Instarem,49.3892,0.0,49364.5,22.02,instarem.com,True,
2026-09-12T23:24:33.614258+00:00,SGD->PHP,5000,Airwallex,49.259664,0.0,246298.32,43.21,airwallex.com,True,
2026-09-12T23:24:33.614258+00:00,SGD->PHP,5000,Instarem,49.3892,22.5,245711.8,66.92,instarem.com,True,
2026-09-12T23:24:33.614258+00:00,SGD->PHP,25000,Airwallex,49.259664,0.0,1231491.6,43.21,airwallex.com,True,
2026-09-12T23:24:33.614258+00:00,SGD->PHP,25000,Instarem,49.3892,112.5,1228558.99,66.92,instarem.com,True,
2026-09-12T23:24:33.614258+00:00,SGD->PHP,50000,Airwallex,49.259664,0.0,2462983.2,43.21,airwallex.com,True,
2026-09-12T23:24:33.614258+00:00,SGD->PHP,50000,Instarem,49.3892,225.0,2457117.99,66.92,instarem.com,True,
2026-09-12T23:24:33.614258+00:00,USD->MXN,200,Airwallex,16.92083,0.0,3384.17,28.32,airwallex.com,True,
2026-09-12T23:24:33.614258+00:00,USD->MXN,1000,Airwallex,16.92083,0.0,16920.83,28.33,airwallex.com,True,
2026-09-12T23:24:33.614258+00:00,USD->MXN,5000,Airwallex,16.92083,0.0,84604.15,28.33,airwallex.com,True,
2026-09-12T23:24:33.614258+00:00,USD->MXN,25000,Airwallex,16.92083,0.0,423020.75,28.33,airwallex.com,True,
2026-09-12T23:24:33.614258+00:00,USD->MXN,50000,Airwallex,16.92083,0.0,846041.5,28.33,airwallex.com,True,
2026-09-13T00:06:50.453164+00:00,AUD->PHP,200,Airwallex,44.755498,0.0,8951.1,42.78,airwallex.com,True,
2026-09-13T00:06:50.453164+00:00,AUD->PHP,200,Instarem,44.862,0.0,8967.92,24.07,instarem.com,True,
2026-09-13T00:06:50.453164+00:00,AUD->PHP,1000,Airwallex,44.755498,0.0,44755.5,42.78,airwallex.com,True,
2026-09-13T00:06:50.453164+00:00,AUD->PHP,1000,Instarem,44.862,0.0,44839.6,24.07,instarem.com,True,
2026-09-13T00:06:50.453164+00:00,AUD->PHP,5000,Airwallex,44.755498,0.0,223777.49,42.78,airwallex.com,True,
2026-09-13T00:06:50.453164+00:00,AUD->PHP,5000,Instarem,44.862,35.0,222628.61,93.9,instarem.com,True,
2026-09-13T00:06:50.453164+00:00,AUD->PHP,25000,Airwallex,44.755498,0.0,1118887.45,42.78,airwallex.com,True,
2026-09-13T00:06:50.453164+00:00,AUD->PHP,25000,Instarem,44.862,150.0,1114264.06,83.93,instarem.com,True,
2026-09-13T00:06:50.453164+00:00,AUD->PHP,50000,Airwallex,44.755498,0.0,2237774.9,42.78,airwallex.com,True,
2026-09-13T00:06:50.453164+00:00,AUD->PHP,50000,Instarem,44.862,300.0,2228528.12,83.93,instarem.com,True,
2026-09-13T00:06:50.453164+00:00,NZD->PHP,200,Airwallex,36.291829,0.0,7258.37,44.95,airwallex.com,True,
2026-09-13T00:06:50.453164+00:00,NZD->PHP,1000,Airwallex,36.291829,0.0,36291.83,44.96,airwallex.com,True,
2026-09-13T00:06:50.453164+00:00,NZD->PHP,5000,Airwallex,36.291829,0.0,181459.15,44.96,airwallex.com,True,
2026-09-13T00:06:50.453164+00:00,NZD->PHP,25000,Airwallex,36.291829,0.0,907295.73,44.96,airwallex.com,True,
2026-09-13T00:06:50.453164+00:00,NZD->PHP,50000,Airwallex,36.291829,0.0,1814591.45,44.96,airwallex.com,True,
2026-09-13T00:06:50.453164+00:00,SGD->PHP,200,Airwallex,49.259664,0.0,9851.93,43.21,airwallex.com,True,
2026-09-13T00:06:50.453164+00:00,SGD->PHP,200,Instarem,49.3892,0.0,9872.9,22.02,instarem.com,True,
2026-09-13T00:06:50.453164+00:00,SGD->PHP,1000,Airwallex,49.259664,0.0,49259.66,43.21,airwallex.com,True,
2026-09-13T00:06:50.453164+00:00,SGD->PHP,1000,Instarem,49.3892,0.0,49364.5,22.02,instarem.com,True,
2026-09-13T00:06:50.453164+00:00,SGD->PHP,5000,Airwallex,49.259664,0.0,246298.32,43.21,airwallex.com,True,
2026-09-13T00:06:50.453164+00:00,SGD->PHP,5000,Instarem,49.3892,22.5,245711.8,66.92,instarem.com,True,
2026-09-13T00:06:50.453164+00:00,SGD->PHP,25000,Airwallex,49.259664,0.0,1231491.6,43.21,airwallex.com,True,
2026-09-13T00:06:50.453164+00:00,SGD->PHP,25000,Instarem,49.3892,112.5,1228558.99,66.92,instarem.com,True,
2026-09-13T00:06:50.453164+00:00,SGD->PHP,50000,Airwallex,49.259664,0.0,2462983.2,43.21,airwallex.com,True,
2026-09-13T00:06:50.453164+00:00,SGD->PHP,50000,Instarem,49.3892,225.0,2457117.99,66.92,instarem.com,True,
2026-09-13T00:06:50.453164+00:00,USD->MXN,200,Airwallex,16.92083,0.0,3384.17,28.32,airwallex.com,True,
2026-09-13T00:06:50.453164+00:00,USD->MXN,1000,Airwallex,16.92083,0.0,16920.83,28.33,airwallex.com,True,
2026-09-13T00:06:50.453164+00:00,USD->MXN,5000,Airwallex,16.92083,0.0,84604.15,28.33,airwallex.com,True,
2026-09-13T00:06:50.453164+00:00,USD->MXN,25000,Airwallex,16.92083,0.0,423020.75,28.33,airwallex.com,True,
2026-09-13T00:06:50.453164+00:00,USD->MXN,50000,Airwallex,16.92083,0.0,846041.5,28.33,airwallex.com,True,
2026-09-13T01:06:55.920404+00:00,AUD->PHP,200,Airwallex,44.755498,0.0,8951.1,36.46,airwallex.com,True,
2026-09-13T01:06:55.920404+00:00,AUD->PHP,200,Instarem,44.862,0.0,8967.92,17.74,instarem.com,True,
2026-09-13T01:06:55.920404+00:00,AUD->PHP,1000,Airwallex,44.755498,0.0,44755.5,36.46,airwallex.com,True,
2026-09-13T01:06:55.920404+00:00,AUD->PHP,1000,Instarem,44.862,0.0,44839.6,17.74,instarem.com,True,
2026-09-13T01:06:55.920404+00:00,AUD->PHP,5000,Airwallex,44.755498,0.0,223777.49,36.46,airwallex.com,True,
2026-09-13T01:06:55.920404+00:00,AUD->PHP,5000,Instarem,44.862,35.0,222628.61,87.61,instarem.com,True,
2026-09-13T01:06:55.920404+00:00,AUD->PHP,25000,Airwallex,44.755498,0.0,1118887.45,36.46,airwallex.com,True,
2026-09-13T01:06:55.920404+00:00,AUD->PHP,25000,Instarem,44.862,150.0,1114264.06,77.63,instarem.com,True,
2026-09-13T01:06:55.920404+00:00,AUD->PHP,50000,Airwallex,44.755498,0.0,2237774.9,36.46,airwallex.com,True,
2026-09-13T01:06:55.920404+00:00,AUD->PHP,50000,Instarem,44.862,300.0,2228528.12,77.63,instarem.com,True,
2026-09-13T01:06:55.920404+00:00,NZD->PHP,200,Airwallex,36.291829,0.0,7258.37,42.93,airwallex.com,True,
2026-09-13T01:06:55.920404+00:00,NZD->PHP,1000,Airwallex,36.291829,0.0,36291.83,42.93,airwallex.com,True,
2026-09-13T01:06:55.920404+00:00,NZD->PHP,5000,Airwallex,36.291829,0.0,181459.15,42.93,airwallex.com,True,
2026-09-13T01:06:55.920404+00:00,NZD->PHP,25000,Airwallex,36.291829,0.0,907295.73,42.93,airwallex.com,True,
2026-09-13T01:06:55.920404+00:00,NZD->PHP,50000,Airwallex,36.291829,0.0,1814591.45,42.93,airwallex.com,True,
2026-09-13T01:06:55.920404+00:00,SGD->PHP,200,Airwallex,49.259664,0.0,9851.93,40.41,airwallex.com,True,
2026-09-13T01:06:55.920404+00:00,SGD->PHP,200,Instarem,49.3892,0.0,9872.9,19.21,instarem.com,True,
2026-09-13T01:06:55.920404+00:00,SGD->PHP,1000,Airwallex,49.259664,0.0,49259.66,40.41,airwallex.com,True,
2026-09-13T01:06:55.920404+00:00,SGD->PHP,1000,Instarem,49.3892,0.0,49364.5,19.21,instarem.com,True,
2026-09-13T01:06:55.920404+00:00,SGD->PHP,5000,Airwallex,49.259664,0.0,246298.32,40.4,airwallex.com,True,
2026-09-13T01:06:55.920404+00:00,SGD->PHP,5000,Instarem,49.3892,22.5,245711.8,64.12,instarem.com,True,
2026-09-13T01:06:55.920404+00:00,SGD->PHP,25000,Airwallex,49.259664,0.0,1231491.6,40.4,airwallex.com,True,
2026-09-13T01:06:55.920404+00:00,SGD->PHP,25000,Instarem,49.3892,112.5,1228558.99,64.12,instarem.com,True,
2026-09-13T01:06:55.920404+00:00,SGD->PHP,50000,Airwallex,49.259664,0.0,2462983.2,40.4,airwallex.com,True,
2026-09-13T01:06:55.920404+00:00,SGD->PHP,50000,Instarem,49.3892,225.0,2457117.99,64.12,instarem.com,True,
2026-09-13T01:06:55.920404+00:00,USD->MXN,200,Airwallex,16.92083,0.0,3384.17,25.36,airwallex.com,True,
2026-09-13T01:06:55.920404+00:00,USD->MXN,1000,Airwallex,16.92083,0.0,16920.83,25.37,airwallex.com,True,
2026-09-13T01:06:55.920404+00:00,USD->MXN,5000,Airwallex,16.92083,0.0,84604.15,25.37,airwallex.com,True,
2026-09-13T01:06:55.920404+00:00,USD->MXN,25000,Airwallex,16.92083,0.0,423020.75,25.37,airwallex.com,True,
2026-09-13T01:06:55.920404+00:00,USD->MXN,50000,Airwallex,16.92083,0.0,846041.5,25.37,airwallex.com,True,
2026-09-13T02:06:50.604238+00:00,AUD->PHP,200,Airwallex,44.755498,0.0,8951.1,36.46,airwallex.com,True,
2026-09-13T02:06:50.604238+00:00,AUD->PHP,200,Instarem,44.862,0.0,8967.92,17.74,instarem.com,True,
2026-09-13T02:06:50.604238+00:00,AUD->PHP,1000,Airwallex,44.755498,0.0,44755.5,36.46,airwallex.com,True,
2026-09-13T02:06:50.604238+00:00,AUD->PHP,1000,Instarem,44.862,0.0,44839.6,17.74,instarem.com,True,
2026-09-13T02:06:50.604238+00:00,AUD->PHP,5000,Airwallex,44.755498,0.0,223777.49,36.46,airwallex.com,True,
2026-09-13T02:06:50.604238+00:00,AUD->PHP,5000,Instarem,44.862,35.0,222628.61,87.61,instarem.com,True,
2026-09-13T02:06:50.604238+00:00,AUD->PHP,25000,Airwallex,44.755498,0.0,1118887.45,36.46,airwallex.com,True,
2026-09-13T02:06:50.604238+00:00,AUD->PHP,25000,Instarem,44.862,150.0,1114264.06,77.63,instarem.com,True,
2026-09-13T02:06:50.604238+00:00,AUD->PHP,50000,Airwallex,44.755498,0.0,2237774.9,36.46,airwallex.com,True,
2026-09-13T02:06:50.604238+00:00,AUD->PHP,50000,Instarem,44.862,300.0,2228528.12,77.63,instarem.com,True,
2026-09-13T02:06:50.604238+00:00,NZD->PHP,200,Airwallex,36.291829,0.0,7258.37,42.93,airwallex.com,True,
2026-09-13T02:06:50.604238+00:00,NZD->PHP,1000,Airwallex,36.291829,0.0,36291.83,42.93,airwallex.com,True,
2026-09-13T02:06:50.604238+00:00,NZD->PHP,5000,Airwallex,36.291829,0.0,181459.15,42.93,airwallex.com,True,
2026-09-13T02:06:50.604238+00:00,NZD->PHP,25000,Airwallex,36.291829,0.0,907295.73,42.93,airwallex.com,True,
2026-09-13T02:06:50.604238+00:00,NZD->PHP,50000,Airwallex,36.291829,0.0,1814591.45,42.93,airwallex.com,True,
2026-09-13T02:06:50.604238+00:00,SGD->PHP,200,Airwallex,49.259664,0.0,9851.93,40.41,airwallex.com,True,
2026-09-13T02:06:50.604238+00:00,SGD->PHP,200,Instarem,49.3892,0.0,9872.9,19.21,instarem.com,True,
2026-09-13T02:06:50.604238+00:00,SGD->PHP,1000,Airwallex,49.259664,0.0,49259.66,40.41,airwallex.com,True,
2026-09-13T02:06:50.604238+00:00,SGD->PHP,1000,Instarem,49.3892,0.0,49364.5,19.21,instarem.com,True,
2026-09-13T02:06:50.604238+00:00,SGD->PHP,5000,Airwallex,49.259664,0.0,246298.32,40.4,airwallex.com,True,
2026-09-13T02:06:50.604238+00:00,SGD->PHP,5000,Instarem,49.3892,22.5,245711.8,64.12,instarem.com,True,
2026-09-13T02:06:50.604238+00:00,SGD->PHP,25000,Airwallex,49.259664,0.0,1231491.6,40.4,airwallex.com,True,
2026-09-13T02:06:50.604238+00:00,SGD->PHP,25000,Instarem,49.3892,112.5,1228558.99,64.12,instarem.com,True,
2026-09-13T02:06:50.604238+00:00,SGD->PHP,50000,Airwallex,49.259664,0.0,2462983.2,40.4,airwallex.com,True,
2026-09-13T02:06:50.604238+00:00,SGD->PHP,50000,Instarem,49.3892,225.0,2457117.99,64.12,instarem.com,True,
2026-09-13T02:06:50.604238+00:00,USD->MXN,200,Airwallex,16.92083,0.0,3384.17,25.36,airwallex.com,True,
2026-09-13T02:06:50.604238+00:00,USD->MXN,1000,Airwallex,16.92083,0.0,16920.83,25.37,airwallex.com,True,
2026-09-13T02:06:50.604238+00:00,USD->MXN,5000,Airwallex,16.92083,0.0,84604.15,25.37,airwallex.com,True,
2026-09-13T02:06:50.604238+00:00,USD->MXN,25000,Airwallex,16.92083,0.0,423020.75,25.37,airwallex.com,True,
2026-09-13T02:06:50.604238+00:00,USD->MXN,50000,Airwallex,16.92083,0.0,846041.5,25.37,airwallex.com,True,
2026-09-13T03:06:48.736261+00:00,AUD->PHP,200,Airwallex,44.755498,0.0,8951.1,36.46,airwallex.com,True,
2026-09-13T03:06:48.736261+00:00,AUD->PHP,200,Instarem,44.862,0.0,8967.92,17.74,instarem.com,True,
2026-09-13T03:06:48.736261+00:00,AUD->PHP,1000,Airwallex,44.755498,0.0,44755.5,36.46,airwallex.com,True,
2026-09-13T03:06:48.736261+00:00,AUD->PHP,1000,Instarem,44.862,0.0,44839.6,17.74,instarem.com,True,
2026-09-13T03:06:48.736261+00:00,AUD->PHP,5000,Airwallex,44.755498,0.0,223777.49,36.46,airwallex.com,True,
2026-09-13T03:06:48.736261+00:00,AUD->PHP,5000,Instarem,44.862,35.0,222628.61,87.61,instarem.com,True,
2026-09-13T03:06:48.736261+00:00,AUD->PHP,25000,Airwallex,44.755498,0.0,1118887.45,36.46,airwallex.com,True,
2026-09-13T03:06:48.736261+00:00,AUD->PHP,25000,Instarem,44.862,150.0,1114264.06,77.63,instarem.com,True,
2026-09-13T03:06:48.736261+00:00,AUD->PHP,50000,Airwallex,44.755498,0.0,2237774.9,36.46,airwallex.com,True,
2026-09-13T03:06:48.736261+00:00,AUD->PHP,50000,Instarem,44.862,300.0,2228528.12,77.63,instarem.com,True,
2026-09-13T03:06:48.736261+00:00,NZD->PHP,200,Airwallex,36.291829,0.0,7258.37,42.93,airwallex.com,True,
2026-09-13T03:06:48.736261+00:00,NZD->PHP,1000,Airwallex,36.291829,0.0,36291.83,42.93,airwallex.com,True,
2026-09-13T03:06:48.736261+00:00,NZD->PHP,5000,Airwallex,36.291829,0.0,181459.15,42.93,airwallex.com,True,
2026-09-13T03:06:48.736261+00:00,NZD->PHP,25000,Airwallex,36.291829,0.0,907295.73,42.93,airwallex.com,True,
2026-09-13T03:06:48.736261+00:00,NZD->PHP,50000,Airwallex,36.291829,0.0,1814591.45,42.93,airwallex.com,True,
2026-09-13T03:06:48.736261+00:00,SGD->PHP,200,Airwallex,49.259664,0.0,9851.93,40.41,airwallex.com,True,
2026-09-13T03:06:48.736261+00:00,SGD->PHP,200,Instarem,49.3892,0.0,9872.9,19.21,instarem.com,True,
2026-09-13T03:06:48.736261+00:00,SGD->PHP,1000,Airwallex,49.259664,0.0,49259.66,40.41,airwallex.com,True,
2026-09-13T03:06:48.736261+00:00,SGD->PHP,1000,Instarem,49.3892,0.0,49364.5,19.21,instarem.com,True,
2026-09-13T03:06:48.736261+00:00,SGD->PHP,5000,Airwallex,49.259664,0.0,246298.32,40.4,airwallex.com,True,
2026-09-13T03:06:48.736261+00:00,SGD->PHP,5000,Instarem,49.3892,22.5,245711.8,64.12,instarem.com,True,
2026-09-13T03:06:48.736261+00:00,SGD->PHP,25000,Airwallex,49.259664,0.0,1231491.6,40.4,airwallex.com,True,
2026-09-13T03:06:48.736261+00:00,SGD->PHP,25000,Instarem,49.3892,112.5,1228558.99,64.12,instarem.com,True,
2026-09-13T03:06:48.736261+00:00,SGD->PHP,50000,Airwallex,49.259664,0.0,2462983.2,40.4,airwallex.com,True,
2026-09-13T03:06:48.736261+00:00,SGD->PHP,50000,Instarem,49.3892,225.0,2457117.99,64.12,instarem.com,True,
2026-09-13T03:06:48.736261+00:00,USD->MXN,200,Airwallex,16.92083,0.0,3384.17,25.36,airwallex.com,True,
2026-09-13T03:06:48.736261+00:00,USD->MXN,1000,Airwallex,16.92083,0.0,16920.83,25.37,airwallex.com,True,
2026-09-13T03:06:48.736261+00:00,USD->MXN,5000,Airwallex,16.92083,0.0,84604.15,25.37,airwallex.com,True,
2026-09-13T03:06:48.736261+00:00,USD->MXN,25000,Airwallex,16.92083,0.0,423020.75,25.37,airwallex.com,True,
2026-09-13T03:06:48.736261+00:00,USD->MXN,50000,Airwallex,16.92083,0.0,846041.5,25.37,airwallex.com,True,
2026-09-13T04:06:49.586370+00:00,AUD->PHP,200,Airwallex,44.755498,0.0,8951.1,36.46,airwallex.com,True,
2026-09-13T04:06:49.586370+00:00,AUD->PHP,200,Instarem,44.862,0.0,8967.92,17.74,instarem.com,True,
2026-09-13T04:06:49.586370+00:00,AUD->PHP,1000,Airwallex,44.755498,0.0,44755.5,36.46,airwallex.com,True,
2026-09-13T04:06:49.586370+00:00,AUD->PHP,1000,Instarem,44.862,0.0,44839.6,17.74,instarem.com,True,
2026-09-13T04:06:49.586370+00:00,AUD->PHP,5000,Airwallex,44.755498,0.0,223777.49,36.46,airwallex.com,True,
2026-09-13T04:06:49.586370+00:00,AUD->PHP,5000,Instarem,44.862,35.0,222628.61,87.61,instarem.com,True,
2026-09-13T04:06:49.586370+00:00,AUD->PHP,25000,Airwallex,44.755498,0.0,1118887.45,36.46,airwallex.com,True,
2026-09-13T04:06:49.586370+00:00,AUD->PHP,25000,Instarem,44.862,150.0,1114264.06,77.63,instarem.com,True,
2026-09-13T04:06:49.586370+00:00,AUD->PHP,50000,Airwallex,44.755498,0.0,2237774.9,36.46,airwallex.com,True,
2026-09-13T04:06:49.586370+00:00,AUD->PHP,50000,Instarem,44.862,300.0,2228528.12,77.63,instarem.com,True,
2026-09-13T04:06:49.586370+00:00,NZD->PHP,200,Airwallex,36.291829,0.0,7258.37,42.93,airwallex.com,True,
2026-09-13T04:06:49.586370+00:00,NZD->PHP,1000,Airwallex,36.291829,0.0,36291.83,42.93,airwallex.com,True,
2026-09-13T04:06:49.586370+00:00,NZD->PHP,5000,Airwallex,36.291829,0.0,181459.15,42.93,airwallex.com,True,
2026-09-13T04:06:49.586370+00:00,NZD->PHP,25000,Airwallex,36.291829,0.0,907295.73,42.93,airwallex.com,True,
2026-09-13T04:06:49.586370+00:00,NZD->PHP,50000,Airwallex,36.291829,0.0,1814591.45,42.93,airwallex.com,True,
2026-09-13T04:06:49.586370+00:00,SGD->PHP,200,Airwallex,49.259664,0.0,9851.93,40.41,airwallex.com,True,
2026-09-13T04:06:49.586370+00:00,SGD->PHP,200,Instarem,49.3892,0.0,9872.9,19.21,instarem.com,True,
2026-09-13T04:06:49.586370+00:00,SGD->PHP,1000,Airwallex,49.259664,0.0,49259.66,40.41,airwallex.com,True,
2026-09-13T04:06:49.586370+00:00,SGD->PHP,1000,Instarem,49.3892,0.0,49364.5,19.21,instarem.com,True,
2026-09-13T04:06:49.586370+00:00,SGD->PHP,5000,Airwallex,49.259664,0.0,246298.32,40.4,airwallex.com,True,
2026-09-13T04:06:49.586370+00:00,SGD->PHP,5000,Instarem,49.3892,22.5,245711.8,64.12,instarem.com,True,
2026-09-13T04:06:49.586370+00:00,SGD->PHP,25000,Airwallex,49.259664,0.0,1231491.6,40.4,airwallex.com,True,
2026-09-13T04:06:49.586370+00:00,SGD->PHP,25000,Instarem,49.3892,112.5,1228558.99,64.12,instarem.com,True,
2026-09-13T04:06:49.586370+00:00,SGD->PHP,50000,Airwallex,49.259664,0.0,2462983.2,40.4,airwallex.com,True,
2026-09-13T04:06:49.586370+00:00,SGD->PHP,50000,Instarem,49.3892,225.0,2457117.99,64.12,instarem.com,True,
2026-09-13T04:06:49.586370+00:00,USD->MXN,200,Airwallex,16.92083,0.0,3384.17,25.36,airwallex.com,True,
2026-09-13T04:06:49.586370+00:00,USD->MXN,1000,Airwallex,16.92083,0.0,16920.83,25.37,airwallex.com,True,
2026-09-13T04:06:49.586370+00:00,USD->MXN,5000,Airwallex,16.92083,0.0,84604.15,25.37,airwallex.com,True,
2026-09-13T04:06:49.586370+00:00,USD->MXN,25000,Airwallex,16.92083,0.0,423020.75,25.37,airwallex.com,True,
2026-09-13T04:06:49.586370+00:00,USD->MXN,50000,Airwallex,16.92083,0.0,846041.5,25.37,airwallex.com,True,
2026-09-13T05:06:48.403114+00:00,AUD->PHP,200,Airwallex,44.755498,0.0,8951.1,36.46,airwallex.com,True,
2026-09-13T05:06:48.403114+00:00,AUD->PHP,200,Instarem,44.862,0.0,8967.92,17.74,instarem.com,True,
2026-09-13T05:06:48.403114+00:00,AUD->PHP,1000,Airwallex,44.755498,0.0,44755.5,36.46,airwallex.com,True,
2026-09-13T05:06:48.403114+00:00,AUD->PHP,1000,Instarem,44.862,0.0,44839.6,17.74,instarem.com,True,
2026-09-13T05:06:48.403114+00:00,AUD->PHP,5000,Airwallex,44.755498,0.0,223777.49,36.46,airwallex.com,True,
2026-09-13T05:06:48.403114+00:00,AUD->PHP,5000,Instarem,44.862,35.0,222628.61,87.61,instarem.com,True,
2026-09-13T05:06:48.403114+00:00,AUD->PHP,25000,Airwallex,44.755498,0.0,1118887.45,36.46,airwallex.com,True,
2026-09-13T05:06:48.403114+00:00,AUD->PHP,25000,Instarem,44.862,150.0,1114264.06,77.63,instarem.com,True,
2026-09-13T05:06:48.403114+00:00,AUD->PHP,50000,Airwallex,44.755498,0.0,2237774.9,36.46,airwallex.com,True,
2026-09-13T05:06:48.403114+00:00,AUD->PHP,50000,Instarem,44.862,300.0,2228528.12,77.63,instarem.com,True,
2026-09-13T05:06:48.403114+00:00,NZD->PHP,200,Airwallex,36.291829,0.0,7258.37,42.93,airwallex.com,True,
2026-09-13T05:06:48.403114+00:00,NZD->PHP,1000,Airwallex,36.291829,0.0,36291.83,42.93,airwallex.com,True,
2026-09-13T05:06:48.403114+00:00,NZD->PHP,5000,Airwallex,36.291829,0.0,181459.15,42.93,airwallex.com,True,
2026-09-13T05:06:48.403114+00:00,NZD->PHP,25000,Airwallex,36.291829,0.0,907295.73,42.93,airwallex.com,True,
2026-09-13T05:06:48.403114+00:00,NZD->PHP,50000,Airwallex,36.291829,0.0,1814591.45,42.93,airwallex.com,True,
2026-09-13T05:06:48.403114+00:00,SGD->PHP,200,Airwallex,49.259664,0.0,9851.93,40.41,airwallex.com,True,
2026-09-13T05:06:48.403114+00:00,SGD->PHP,200,Instarem,49.3892,0.0,9872.9,19.21,instarem.com,True,
2026-09-13T05:06:48.403114+00:00,SGD->PHP,1000,Airwallex,49.259664,0.0,49259.66,40.41,airwallex.com,True,
2026-09-13T05:06:48.403114+00:00,SGD->PHP,1000,Instarem,49.3892,0.0,49364.5,19.21,instarem.com,True,
2026-09-13T05:06:48.403114+00:00,SGD->PHP,5000,Airwallex,49.259664,0.0,246298.32,40.4,airwallex.com,True,
2026-09-13T05:06:48.403114+00:00,SGD->PHP,5000,Instarem,49.3892,22.5,245711.8,64.12,instarem.com,True,
2026-09-13T05:06:48.403114+00:00,SGD->PHP,25000,Airwallex,49.259664,0.0,1231491.6,40.4,airwallex.com,True,
2026-09-13T05:06:48.403114+00:00,SGD->PHP,25000,Instarem,49.3892,112.5,1228558.99,64.12,instarem.com,True,
2026-09-13T05:06:48.403114+00:00,SGD->PHP,50000,Airwallex,49.259664,0.0,2462983.2,40.4,airwallex.com,True,
2026-09-13T05:06:48.403114+00:00,SGD->PHP,50000,Instarem,49.3892,225.0,2457117.99,64.12,instarem.com,True,
2026-09-13T05:06:48.403114+00:00,USD->MXN,200,Airwallex,16.92083,0.0,3384.17,25.36,airwallex.com,True,
2026-09-13T05:06:48.403114+00:00,USD->MXN,1000,Airwallex,16.92083,0.0,16920.83,25.37,airwallex.com,True,
2026-09-13T05:06:48.403114+00:00,USD->MXN,5000,Airwallex,16.92083,0.0,84604.15,25.37,airwallex.com,True,
2026-09-13T05:06:48.403114+00:00,USD->MXN,25000,Airwallex,16.92083,0.0,423020.75,25.37,airwallex.com,True,
2026-09-13T05:06:48.403114+00:00,USD->MXN,50000,Airwallex,16.92083,0.0,846041.5,25.37,airwallex.com,True,
2026-09-14T02:32:18.237655+00:00,AUD->PHP,200,Airwallex,44.875165,0.0,8975.03,-4.96,airwallex.com,True,
2026-09-14T02:32:18.237655+00:00,AUD->PHP,200,Instarem,44.923,0.0,8984.6,-15.63,instarem.com,True,
2026-09-14T02:32:18.237655+00:00,AUD->PHP,1000,Airwallex,44.875165,0.0,44875.17,-4.96,airwallex.com,True,
2026-09-14T02:32:18.237655+00:00,AUD->PHP,1000,Instarem,44.923,0.0,44923.0,-15.63,instarem.com,True,
2026-09-14T02:32:18.237655+00:00,AUD->PHP,5000,Airwallex,44.875165,0.0,224375.83,-4.96,airwallex.com,True,
2026-09-14T02:32:18.237655+00:00,AUD->PHP,5000,Instarem,44.923,35.0,223042.7,54.48,instarem.com,True,
2026-09-14T02:32:18.237655+00:00,AUD->PHP,25000,Airwallex,44.875165,0.0,1121879.13,-4.96,airwallex.com,True,
2026-09-14T02:32:18.237655+00:00,AUD->PHP,25000,Instarem,44.923,150.0,1116336.55,44.47,instarem.com,True,
2026-09-14T02:32:18.237655+00:00,AUD->PHP,50000,Airwallex,44.875165,0.0,2243758.25,-4.96,airwallex.com,True,
2026-09-14T02:32:18.237655+00:00,AUD->PHP,50000,Instarem,44.923,300.0,2232673.1,44.47,instarem.com,True,
2026-09-14T02:32:18.237655+00:00,NZD->PHP,200,Airwallex,36.334127,0.0,7266.83,25.21,airwallex.com,True,
2026-09-14T02:32:18.237655+00:00,NZD->PHP,1000,Airwallex,36.334127,0.0,36334.13,25.22,airwallex.com,True,
2026-09-14T02:32:18.237655+00:00,NZD->PHP,5000,Airwallex,36.334127,0.0,181670.64,25.22,airwallex.com,True,
2026-09-14T02:32:18.237655+00:00,NZD->PHP,25000,Airwallex,36.334127,0.0,908353.18,25.22,airwallex.com,True,
2026-09-14T02:32:18.237655+00:00,NZD->PHP,50000,Airwallex,36.334127,0.0,1816706.35,25.22,airwallex.com,True,
2026-09-14T02:32:18.237655+00:00,SGD->PHP,200,Airwallex,49.449356,0.0,9889.87,4.75,airwallex.com,True,
2026-09-14T02:32:18.237655+00:00,SGD->PHP,200,Instarem,49.5143,0.0,9902.86,-8.38,instarem.com,True,
2026-09-14T02:32:18.237655+00:00,SGD->PHP,1000,Airwallex,49.449356,0.0,49449.36,4.75,airwallex.com,True,
2026-09-14T02:32:18.237655+00:00,SGD->PHP,1000,Instarem,49.5143,0.0,49514.3,-8.38,instarem.com,True,
2026-09-14T02:32:18.237655+00:00,SGD->PHP,5000,Airwallex,49.449356,0.0,247246.78,4.75,airwallex.com,True,
2026-09-14T02:32:18.237655+00:00,SGD->PHP,5000,Instarem,49.5143,22.5,246457.43,36.66,instarem.com,True,
2026-09-14T02:32:18.237655+00:00,SGD->PHP,25000,Airwallex,49.449356,0.0,1236233.9,4.75,airwallex.com,True,
2026-09-14T02:32:18.237655+00:00,SGD->PHP,25000,Instarem,49.5143,112.5,1232287.14,36.66,instarem.com,True,
2026-09-14T02:32:18.237655+00:00,SGD->PHP,50000,Airwallex,49.449356,0.0,2472467.8,4.75,airwallex.com,True,
2026-09-14T02:32:18.237655+00:00,SGD->PHP,50000,Instarem,49.5143,225.0,2464574.28,36.66,instarem.com,True,
2026-09-14T02:32:18.237655+00:00,USD->MXN,200,Airwallex,16.976353,0.0,3395.27,-1.09,airwallex.com,True,
2026-09-14T02:32:18.237655+00:00,USD->MXN,1000,Airwallex,16.976353,0.0,16976.35,-1.09,airwallex.com,True,
2026-09-14T02:32:18.237655+00:00,USD->MXN,5000,Airwallex,16.976353,0.0,84881.77,-1.09,airwallex.com,True,
2026-09-14T02:32:18.237655+00:00,USD->MXN,25000,Airwallex,16.976353,0.0,424408.83,-1.09,airwallex.com,True,
2026-09-14T02:32:18.237655+00:00,USD->MXN,50000,Airwallex,16.976353,0.0,848817.65,-1.09,airwallex.com,True,
2026-09-14T03:06:53.560073+00:00,AUD->PHP,200,Airwallex,44.865512,0.0,8973.1,-2.81,airwallex.com,True,
2026-09-14T03:06:53.560073+00:00,AUD->PHP,200,Instarem,44.914,0.0,8982.8,-13.62,instarem.com,True,
2026-09-14T03:06:53.560073+00:00,AUD->PHP,1000,Airwallex,44.865512,0.0,44865.51,-2.81,airwallex.com,True,
2026-09-14T03:06:53.560073+00:00,AUD->PHP,1000,Instarem,44.914,0.0,44914.0,-13.62,instarem.com,True,
2026-09-14T03:06:53.560073+00:00,AUD->PHP,5000,Airwallex,44.865512,0.0,224327.56,-2.81,airwallex.com,True,
2026-09-14T03:06:53.560073+00:00,AUD->PHP,5000,Instarem,44.914,35.0,222998.01,56.48,instarem.com,True,
2026-09-14T03:06:53.560073+00:00,AUD->PHP,25000,Airwallex,44.865512,0.0,1121637.8,-2.81,airwallex.com,True,
2026-09-14T03:06:53.560073+00:00,AUD->PHP,25000,Instarem,44.914,150.0,1116112.9,46.46,instarem.com,True,
2026-09-14T03:06:53.560073+00:00,AUD->PHP,50000,Airwallex,44.865512,0.0,2243275.6,-2.81,airwallex.com,True,
2026-09-14T03:06:53.560073+00:00,AUD->PHP,50000,Instarem,44.914,300.0,2232225.8,46.46,instarem.com,True,
2026-09-14T03:06:53.560073+00:00,NZD->PHP,200,Airwallex,36.304803,0.0,7260.96,33.27,airwallex.com,True,
2026-09-14T03:06:53.560073+00:00,NZD->PHP,1000,Airwallex,36.304803,0.0,36304.8,33.27,airwallex.com,True,
2026-09-14T03:06:53.560073+00:00,NZD->PHP,5000,Airwallex,36.304803,0.0,181524.02,33.27,airwallex.com,True,
2026-09-14T03:06:53.560073+00:00,NZD->PHP,25000,Airwallex,36.304803,0.0,907620.08,33.27,airwallex.com,True,
2026-09-14T03:06:53.560073+00:00,NZD->PHP,50000,Airwallex,36.304803,0.0,1815240.15,33.27,airwallex.com,True,
2026-09-14T03:06:53.560073+00:00,SGD->PHP,200,Airwallex,49.447151,0.0,9889.43,5.2,airwallex.com,True,
2026-09-14T03:06:53.560073+00:00,SGD->PHP,200,Instarem,49.4973,0.0,9899.46,-4.94,instarem.com,True,
2026-09-14T03:06:53.560073+00:00,SGD->PHP,1000,Airwallex,49.447151,0.0,49447.15,5.2,airwallex.com,True,
2026-09-14T03:06:53.560073+00:00,SGD->PHP,1000,Instarem,49.4973,0.0,49497.3,-4.94,instarem.com,True,
2026-09-14T03:06:53.560073+00:00,SGD->PHP,5000,Airwallex,49.447151,0.0,247235.76,5.2,airwallex.com,True,
2026-09-14T03:06:53.560073+00:00,SGD->PHP,5000,Instarem,49.4973,22.5,246372.81,40.08,instarem.com,True,
2026-09-14T03:06:53.560073+00:00,SGD->PHP,25000,Airwallex,49.447346,0.0,1236183.65,5.16,airwallex.com,True,
2026-09-14T03:06:53.560073+00:00,SGD->PHP,25000,Instarem,49.4973,112.5,1231864.05,40.08,instarem.com,True,
2026-09-14T03:06:53.560073+00:00,SGD->PHP,50000,Airwallex,49.447346,0.0,2472367.3,5.16,airwallex.com,True,
2026-09-14T03:06:53.560073+00:00,SGD->PHP,50000,Instarem,49.4973,225.0,2463728.11,40.08,instarem.com,True,
2026-09-14T03:06:53.560073+00:00,USD->MXN,200,Airwallex,16.983482,0.0,3396.7,-5.3,airwallex.com,True,
2026-09-14T03:06:53.560073+00:00,USD->MXN,1000,Airwallex,16.983482,0.0,16983.48,-5.29,airwallex.com,True,
2026-09-14T03:06:53.560073+00:00,USD->MXN,5000,Airwallex,16.983482,0.0,84917.41,-5.29,airwallex.com,True,
2026-09-14T03:06:53.560073+00:00,USD->MXN,25000,Airwallex,16.983482,0.0,424587.05,-5.29,airwallex.com,True,
2026-09-14T03:06:53.560073+00:00,USD->MXN,50000,Airwallex,16.983482,0.0,849174.1,-5.29,airwallex.com,True,
2026-09-14T04:06:50.475389+00:00,AUD->PHP,200,Airwallex,44.857155,0.0,8971.43,-0.94,airwallex.com,True,
2026-09-14T04:06:50.475389+00:00,AUD->PHP,200,Instarem,44.914,0.0,8982.8,-13.62,instarem.com,True,
2026-09-14T04:06:50.475389+00:00,AUD->PHP,1000,Airwallex,44.857155,0.0,44857.16,-0.95,airwallex.com,True,
2026-09-14T04:06:50.475389+00:00,AUD->PHP,1000,Instarem,44.914,0.0,44914.0,-13.62,instarem.com,True,
2026-09-14T04:06:50.475389+00:00,AUD->PHP,5000,Airwallex,44.857155,0.0,224285.78,-0.95,airwallex.com,True,
2026-09-14T04:06:50.475389+00:00,AUD->PHP,5000,Instarem,44.914,35.0,222998.01,56.48,instarem.com,True,
2026-09-14T04:06:50.475389+00:00,AUD->PHP,25000,Airwallex,44.857155,0.0,1121428.88,-0.94,airwallex.com,True,
2026-09-14T04:06:50.475389+00:00,AUD->PHP,25000,Instarem,44.914,150.0,1116112.9,46.46,instarem.com,True,
2026-09-14T04:06:50.475389+00:00,AUD->PHP,50000,Airwallex,44.857155,0.0,2242857.75,-0.94,airwallex.com,True,
2026-09-14T04:06:50.475389+00:00,AUD->PHP,50000,Instarem,44.914,300.0,2232225.8,46.46,instarem.com,True,
2026-09-14T04:06:50.475389+00:00,NZD->PHP,200,Airwallex,36.290809,0.0,7258.16,37.11,airwallex.com,True,
2026-09-14T04:06:50.475389+00:00,NZD->PHP,1000,Airwallex,36.290809,0.0,36290.81,37.11,airwallex.com,True,
2026-09-14T04:06:50.475389+00:00,NZD->PHP,5000,Airwallex,36.290809,0.0,181454.05,37.11,airwallex.com,True,
2026-09-14T04:06:50.475389+00:00,NZD->PHP,25000,Airwallex,36.290809,0.0,907270.23,37.11,airwallex.com,True,
2026-09-14T04:06:50.475389+00:00,NZD->PHP,50000,Airwallex,36.290809,0.0,1814540.45,37.11,airwallex.com,True,
2026-09-14T04:06:50.475389+00:00,SGD->PHP,200,Airwallex,49.447863,0.0,9889.57,5.06,airwallex.com,True,
2026-09-14T04:06:50.475389+00:00,SGD->PHP,200,Instarem,49.4958,0.0,9899.16,-4.64,instarem.com,True,
2026-09-14T04:06:50.475389+00:00,SGD->PHP,1000,Airwallex,49.447863,0.0,49447.86,5.05,airwallex.com,True,
2026-09-14T04:06:50.475389+00:00,SGD->PHP,1000,Instarem,49.4958,0.0,49495.8,-4.64,instarem.com,True,
2026-09-14T04:06:50.475389+00:00,SGD->PHP,5000,Airwallex,49.447863,0.0,247239.32,5.05,airwallex.com,True,
2026-09-14T04:06:50.475389+00:00,SGD->PHP,5000,Instarem,49.4958,22.5,246365.34,40.38,instarem.com,True,
2026-09-14T04:06:50.475389+00:00,SGD->PHP,25000,Airwallex,49.447863,0.0,1236196.58,5.05,airwallex.com,True,
2026-09-14T04:06:50.475389+00:00,SGD->PHP,25000,Instarem,49.4958,112.5,1231826.72,40.38,instarem.com,True,
2026-09-14T04:06:50.475389+00:00,SGD->PHP,50000,Airwallex,49.447863,0.0,2472393.15,5.05,airwallex.com,True,
2026-09-14T04:06:50.475389+00:00,SGD->PHP,50000,Instarem,49.4958,225.0,2463653.45,40.38,instarem.com,True,
2026-09-14T04:06:50.475389+00:00,USD->MXN,200,Airwallex,16.994596,0.0,3398.92,-11.84,airwallex.com,True,
2026-09-14T04:06:50.475389+00:00,USD->MXN,1000,Airwallex,16.994596,0.0,16994.6,-11.84,airwallex.com,True,
2026-09-14T04:06:50.475389+00:00,USD->MXN,5000,Airwallex,16.994596,0.0,84972.98,-11.84,airwallex.com,True,
2026-09-14T04:06:50.475389+00:00,USD->MXN,25000,Airwallex,16.994596,0.0,424864.9,-11.84,airwallex.com,True,
2026-09-14T04:06:50.475389+00:00,USD->MXN,50000,Airwallex,16.994596,0.0,849729.8,-11.84,airwallex.com,True,
2026-09-14T07:08:08.994734+00:00,AUD->PHP,200,Airwallex,44.786409,0.0,8957.28,14.83,airwallex.com,True,
2026-09-14T07:08:08.994734+00:00,AUD->PHP,200,Instarem,44.827,0.0,8965.4,5.78,instarem.com,True,
2026-09-14T07:08:08.994734+00:00,AUD->PHP,1000,Airwallex,44.786409,0.0,44786.41,14.83,airwallex.com,True,
2026-09-14T07:08:08.994734+00:00,AUD->PHP,1000,Instarem,44.827,0.0,44827.0,5.78,instarem.com,True,
2026-09-14T07:08:08.994734+00:00,AUD->PHP,5000,Airwallex,44.786409,0.0,223932.05,14.83,airwallex.com,True,
2026-09-14T07:08:08.994734+00:00,AUD->PHP,5000,Instarem,44.827,35.0,222566.06,75.74,instarem.com,True,
2026-09-14T07:08:08.994734+00:00,AUD->PHP,25000,Airwallex,44.786409,0.0,1119660.23,14.83,airwallex.com,True,
2026-09-14T07:08:08.994734+00:00,AUD->PHP,25000,Instarem,44.827,150.0,1113950.95,65.74,instarem.com,True,
2026-09-14T07:08:08.994734+00:00,AUD->PHP,50000,Airwallex,44.786409,0.0,2239320.45,14.83,airwallex.com,True,
2026-09-14T07:08:08.994734+00:00,AUD->PHP,50000,Instarem,44.827,300.0,2227901.9,65.74,instarem.com,True,
2026-09-14T07:08:08.994734+00:00,NZD->PHP,200,Airwallex,36.269839,0.0,7253.97,42.86,airwallex.com,True,
2026-09-14T07:08:08.994734+00:00,NZD->PHP,1000,Airwallex,36.269839,0.0,36269.84,42.87,airwallex.com,True,
2026-09-14T07:08:08.994734+00:00,NZD->PHP,5000,Airwallex,36.269839,0.0,181349.2,42.87,airwallex.com,True,
2026-09-14T07:08:08.994734+00:00,NZD->PHP,25000,Airwallex,36.269839,0.0,906745.98,42.87,airwallex.com,True,
2026-09-14T07:08:08.994734+00:00,NZD->PHP,50000,Airwallex,36.269839,0.0,1813491.95,42.87,airwallex.com,True,
2026-09-14T07:08:08.994734+00:00,SGD->PHP,200,Airwallex,49.405246,0.0,9881.05,13.67,airwallex.com,True,
2026-09-14T07:08:08.994734+00:00,SGD->PHP,200,Instarem,49.4464,0.0,9889.28,5.35,instarem.com,True,
2026-09-14T07:08:08.994734+00:00,SGD->PHP,1000,Airwallex,49.405246,0.0,49405.25,13.67,airwallex.com,True,
2026-09-14T07:08:08.994734+00:00,SGD->PHP,1000,Instarem,49.4464,0.0,49446.4,5.35,instarem.com,True,
2026-09-14T07:08:08.994734+00:00,SGD->PHP,5000,Airwallex,49.405246,0.0,247026.23,13.67,airwallex.com,True,
2026-09-14T07:08:08.994734+00:00,SGD->PHP,5000,Instarem,49.4464,22.5,246119.46,50.32,instarem.com,True,
2026-09-14T07:08:08.994734+00:00,SGD->PHP,25000,Airwallex,49.405246,0.0,1235131.15,13.67,airwallex.com,True,
2026-09-14T07:08:08.994734+00:00,SGD->PHP,25000,Instarem,49.4464,112.5,1230597.28,50.32,instarem.com,True,
2026-09-14T07:08:08.994734+00:00,SGD->PHP,50000,Airwallex,49.405246,0.0,2470262.3,13.67,airwallex.com,True,
2026-09-14T07:08:08.994734+00:00,SGD->PHP,50000,Instarem,49.4464,225.0,2461194.56,50.32,instarem.com,True,
2026-09-14T07:08:08.994734+00:00,USD->MXN,200,Airwallex,17.004286,0.0,3400.86,-17.55,airwallex.com,True,
2026-09-14T07:08:08.994734+00:00,USD->MXN,1000,Airwallex,17.003468,0.0,17003.47,-17.06,airwallex.com,True,
2026-09-14T07:08:08.994734+00:00,USD->MXN,5000,Airwallex,17.003468,0.0,85017.34,-17.06,airwallex.com,True,
2026-09-14T07:08:08.994734+00:00,USD->MXN,25000,Airwallex,17.003468,0.0,425086.7,-17.06,airwallex.com,True,
2026-09-14T07:08:08.994734+00:00,USD->MXN,50000,Airwallex,17.003468,0.0,850173.4,-17.06,airwallex.com,True,
2026-09-14T08:06:54.314394+00:00,AUD->PHP,200,Airwallex,44.760956,0.0,8952.19,20.5,airwallex.com,True,
2026-09-14T08:06:54.314394+00:00,AUD->PHP,200,Instarem,44.794,0.0,8958.8,13.14,instarem.com,True,
2026-09-14T08:06:54.314394+00:00,AUD->PHP,1000,Airwallex,44.760956,0.0,44760.96,20.5,airwallex.com,True,
2026-09-14T08:06:54.314394+00:00,AUD->PHP,1000,Instarem,44.794,0.0,44794.0,13.14,instarem.com,True,
2026-09-14T08:06:54.314394+00:00,AUD->PHP,5000,Airwallex,44.760956,0.0,223804.78,20.5,airwallex.com,True,
2026-09-14T08:06:54.314394+00:00,AUD->PHP,5000,Instarem,44.794,35.0,222402.21,83.04,instarem.com,True,
2026-09-14T08:06:54.314394+00:00,AUD->PHP,25000,Airwallex,44.760956,0.0,1119023.9,20.5,airwallex.com,True,
2026-09-14T08:06:54.314394+00:00,AUD->PHP,25000,Instarem,44.794,150.0,1113130.9,73.06,instarem.com,True,
2026-09-14T08:06:54.314394+00:00,AUD->PHP,50000,Airwallex,44.760956,0.0,2238047.8,20.5,airwallex.com,True,
2026-09-14T08:06:54.314394+00:00,AUD->PHP,50000,Instarem,44.794,300.0,2226261.8,73.06,instarem.com,True,
2026-09-14T08:06:54.314394+00:00,NZD->PHP,200,Airwallex,36.224444,0.0,7244.89,55.33,airwallex.com,True,
2026-09-14T08:06:54.314394+00:00,NZD->PHP,1000,Airwallex,36.224444,0.0,36224.44,55.33,airwallex.com,True,
2026-09-14T08:06:54.314394+00:00,NZD->PHP,5000,Airwallex,36.221872,0.0,181109.36,56.03,airwallex.com,True,
2026-09-14T08:06:54.314394+00:00,NZD->PHP,25000,Airwallex,36.221872,0.0,905546.8,56.03,airwallex.com,True,
2026-09-14T08:06:54.314394+00:00,NZD->PHP,50000,Airwallex,36.221872,0.0,1811093.6,56.03,airwallex.com,True,
2026-09-14T08:06:54.314394+00:00,SGD->PHP,200,Airwallex,49.373988,0.0,9874.8,19.98,airwallex.com,True,
2026-09-14T08:06:54.314394+00:00,SGD->PHP,200,Instarem,49.4239,0.0,9884.78,9.9,instarem.com,True,
2026-09-14T08:06:54.314394+00:00,SGD->PHP,1000,Airwallex,49.373988,0.0,49373.99,19.98,airwallex.com,True,
2026-09-14T08:06:54.314394+00:00,SGD->PHP,1000,Instarem,49.4239,0.0,49423.9,9.9,instarem.com,True,
2026-09-14T08:06:54.314394+00:00,SGD->PHP,5000,Airwallex,49.371618,0.0,246858.09,20.46,airwallex.com,True,
2026-09-14T08:06:54.314394+00:00,SGD->PHP,5000,Instarem,49.4239,22.5,246007.46,54.85,instarem.com,True,
2026-09-14T08:06:54.314394+00:00,SGD->PHP,25000,Airwallex,49.371618,0.0,1234290.45,20.46,airwallex.com,True,
2026-09-14T08:06:54.314394+00:00,SGD->PHP,25000,Instarem,49.4239,112.5,1230037.31,54.85,instarem.com,True,
2026-09-14T08:06:54.314394+00:00,SGD->PHP,50000,Airwallex,49.371618,0.0,2468580.9,20.46,airwallex.com,True,
2026-09-14T08:06:54.314394+00:00,SGD->PHP,50000,Instarem,49.4239,225.0,2460074.62,54.85,instarem.com,True,
2026-09-14T08:06:54.314394+00:00,USD->MXN,200,Airwallex,17.017706,0.0,3403.54,-25.45,airwallex.com,True,
2026-09-14T08:06:54.314394+00:00,USD->MXN,1000,Airwallex,17.017706,0.0,17017.71,-25.45,airwallex.com,True,
2026-09-14T08:06:54.314394+00:00,USD->MXN,5000,Airwallex,17.017706,0.0,85088.53,-25.45,airwallex.com,True,
2026-09-14T08:06:54.314394+00:00,USD->MXN,25000,Airwallex,17.017706,0.0,425442.65,-25.45,airwallex.com,True,
2026-09-14T08:06:54.314394+00:00,USD->MXN,50000,Airwallex,17.017706,0.0,850885.3,-25.45,airwallex.com,True,
2026-09-14T09:06:55.256047+00:00,AUD->PHP,200,Airwallex,44.753109,0.0,8950.62,22.25,airwallex.com,True,
2026-09-14T09:06:55.256047+00:00,AUD->PHP,200,Instarem,44.8,0.0,8960.0,11.8,instarem.com,True,
2026-09-14T09:06:55.256047+00:00,AUD->PHP,1000,Airwallex,44.753109,0.0,44753.11,22.25,airwallex.com,True,
2026-09-14T09:06:55.256047+00:00,AUD->PHP,1000,Instarem,44.8,0.0,44800.0,11.8,instarem.com,True,
2026-09-14T09:06:55.256047+00:00,AUD->PHP,5000,Airwallex,44.753109,0.0,223765.55,22.25,airwallex.com,True,
2026-09-14T09:06:55.256047+00:00,AUD->PHP,5000,Instarem,44.8,35.0,222432.0,81.72,instarem.com,True,
2026-09-14T09:06:55.256047+00:00,AUD->PHP,25000,Airwallex,44.753109,0.0,1118827.73,22.25,airwallex.com,True,
2026-09-14T09:06:55.256047+00:00,AUD->PHP,25000,Instarem,44.8,150.0,1113280.0,71.73,instarem.com,True,
2026-09-14T09:06:55.256047+00:00,AUD->PHP,50000,Airwallex,44.753109,0.0,2237655.45,22.25,airwallex.com,True,
2026-09-14T09:06:55.256047+00:00,AUD->PHP,50000,Instarem,44.8,300.0,2226560.0,71.73,instarem.com,True,
2026-09-14T09:06:55.256047+00:00,NZD->PHP,200,Airwallex,36.225954,0.0,7245.19,54.91,airwallex.com,True,
2026-09-14T09:06:55.256047+00:00,NZD->PHP,1000,Airwallex,36.225954,0.0,36225.95,54.91,airwallex.com,True,
2026-09-14T09:06:55.256047+00:00,NZD->PHP,5000,Airwallex,36.225954,0.0,181129.77,54.91,airwallex.com,True,
2026-09-14T09:06:55.256047+00:00,NZD->PHP,25000,Airwallex,36.225954,0.0,905648.85,54.91,airwallex.com,True,
2026-09-14T09:06:55.256047+00:00,NZD->PHP,50000,Airwallex,36.223893,0.0,1811194.65,55.48,airwallex.com,True,
2026-09-14T09:06:55.256047+00:00,SGD->PHP,200,Airwallex,49.399198,0.0,9879.84,14.89,airwallex.com,True,
2026-09-14T09:06:55.256047+00:00,SGD->PHP,200,Instarem,49.4578,0.0,9891.56,3.04,instarem.com,True,
2026-09-14T09:06:55.256047+00:00,SGD->PHP,1000,Airwallex,49.399198,0.0,49399.2,14.89,airwallex.com,True,
2026-09-14T09:06:55.256047+00:00,SGD->PHP,1000,Instarem,49.4578,0.0,49457.8,3.04,instarem.com,True,
2026-09-14T09:06:55.256047+00:00,SGD->PHP,5000,Airwallex,49.399198,0.0,246995.99,14.89,airwallex.com,True,
2026-09-14T09:06:55.256047+00:00,SGD->PHP,5000,Instarem,49.4578,22.5,246176.2,48.03,instarem.com,True,
2026-09-14T09:06:55.256047+00:00,SGD->PHP,25000,Airwallex,49.393759,0.0,1234843.98,15.99,airwallex.com,True,
2026-09-14T09:06:55.256047+00:00,SGD->PHP,25000,Instarem,49.4578,112.5,1230881.0,48.03,instarem.com,True,
2026-09-14T09:06:55.256047+00:00,SGD->PHP,50000,Airwallex,49.393759,0.0,2469687.95,15.99,airwallex.com,True,
2026-09-14T09:06:55.256047+00:00,SGD->PHP,50000,Instarem,49.4578,225.0,2461762.0,48.03,instarem.com,True,
2026-09-14T09:06:55.256047+00:00,USD->MXN,200,Airwallex,17.050222,0.0,3410.04,-44.59,airwallex.com,True,
2026-09-14T09:06:55.256047+00:00,USD->MXN,1000,Airwallex,17.050222,0.0,17050.22,-44.61,airwallex.com,True,
2026-09-14T09:06:55.256047+00:00,USD->MXN,5000,Airwallex,17.050222,0.0,85251.11,-44.61,airwallex.com,True,
2026-09-14T09:06:55.256047+00:00,USD->MXN,25000,Airwallex,17.050222,0.0,426255.55,-44.61,airwallex.com,True,
2026-09-14T09:06:55.256047+00:00,USD->MXN,50000,Airwallex,17.050222,0.0,852511.1,-44.61,airwallex.com,True,
2026-09-14T10:06:54.785848+00:00,AUD->PHP,200,Airwallex,44.739485,0.0,8947.9,25.29,airwallex.com,True,
2026-09-14T10:06:54.785848+00:00,AUD->PHP,200,Instarem,44.764,0.0,8952.8,19.82,instarem.com,True,
2026-09-14T10:06:54.785848+00:00,AUD->PHP,1000,Airwallex,44.739485,0.0,44739.49,25.29,airwallex.com,True,
2026-09-14T10:06:54.785848+00:00,AUD->PHP,1000,Instarem,44.764,0.0,44764.0,19.82,instarem.com,True,
2026-09-14T10:06:54.785848+00:00,AUD->PHP,5000,Airwallex,44.739485,0.0,223697.43,25.29,airwallex.com,True,
2026-09-14T10:06:54.785848+00:00,AUD->PHP,5000,Instarem,44.764,35.0,222253.26,89.69,instarem.com,True,
2026-09-14T10:06:54.785848+00:00,AUD->PHP,25000,Airwallex,44.739485,0.0,1118487.13,25.29,airwallex.com,True,
2026-09-14T10:06:54.785848+00:00,AUD->PHP,25000,Instarem,44.764,150.0,1112385.4,79.71,instarem.com,True,
2026-09-14T10:06:54.785848+00:00,AUD->PHP,50000,Airwallex,44.739485,0.0,2236974.25,25.29,airwallex.com,True,
2026-09-14T10:06:54.785848+00:00,AUD->PHP,50000,Instarem,44.764,300.0,2224770.8,79.71,instarem.com,True,
2026-09-14T10:06:54.785848+00:00,NZD->PHP,200,Airwallex,36.224384,0.0,7244.88,55.34,airwallex.com,True,
2026-09-14T10:06:54.785848+00:00,NZD->PHP,1000,Airwallex,36.224384,0.0,36224.38,55.35,airwallex.com,True,
2026-09-14T10:06:54.785848+00:00,NZD->PHP,5000,Airwallex,36.224384,0.0,181121.92,55.34,airwallex.com,True,
2026-09-14T10:06:54.785848+00:00,NZD->PHP,25000,Airwallex,36.224384,0.0,905609.6,55.34,airwallex.com,True,
2026-09-14T10:06:54.785848+00:00,NZD->PHP,50000,Airwallex,36.224384,0.0,1811219.2,55.34,airwallex.com,True,
2026-09-14T10:06:54.785848+00:00,SGD->PHP,200,Airwallex,49.392475,0.0,9878.5,16.24,airwallex.com,True,
2026-09-14T10:06:54.785848+00:00,SGD->PHP,200,Instarem,49.4343,0.0,9886.86,7.79,instarem.com,True,
2026-09-14T10:06:54.785848+00:00,SGD->PHP,1000,Airwallex,49.392475,0.0,49392.48,16.25,airwallex.com,True,
2026-09-14T10:06:54.785848+00:00,SGD->PHP,1000,Instarem,49.4343,0.0,49434.3,7.79,instarem.com,True,
2026-09-14T10:06:54.785848+00:00,SGD->PHP,5000,Airwallex,49.392475,0.0,246962.38,16.25,airwallex.com,True,
2026-09-14T10:06:54.785848+00:00,SGD->PHP,5000,Instarem,49.4343,22.5,246059.23,52.76,instarem.com,True,
2026-09-14T10:06:54.785848+00:00,SGD->PHP,25000,Airwallex,49.390438,0.0,1234760.95,16.66,airwallex.com,True,
2026-09-14T10:06:54.785848+00:00,SGD->PHP,25000,Instarem,49.4343,112.5,1230296.14,52.76,instarem.com,True,
2026-09-14T10:06:54.785848+00:00,SGD->PHP,50000,Airwallex,49.390438,0.0,2469521.9,16.66,airwallex.com,True,
2026-09-14T10:06:54.785848+00:00,SGD->PHP,50000,Instarem,49.4343,225.0,2460592.28,52.76,instarem.com,True,
2026-09-14T10:06:54.785848+00:00,USD->MXN,200,Airwallex,17.076982,0.0,3415.4,-60.38,airwallex.com,True,
2026-09-14T10:06:54.785848+00:00,USD->MXN,1000,Airwallex,17.076982,0.0,17076.98,-60.37,airwallex.com,True,
2026-09-14T10:06:54.785848+00:00,USD->MXN,5000,Airwallex,17.076982,0.0,85384.91,-60.37,airwallex.com,True,
2026-09-14T10:06:54.785848+00:00,USD->MXN,25000,Airwallex,17.076982,0.0,426924.55,-60.37,airwallex.com,True,
2026-09-14T10:06:54.785848+00:00,USD->MXN,50000,Airwallex,17.076982,0.0,853849.1,-60.37,airwallex.com,True,
2026-09-14T11:06:55.455915+00:00,AUD->PHP,200,Airwallex,44.750374,0.0,8950.07,22.87,airwallex.com,True,
2026-09-14T11:06:55.455915+00:00,AUD->PHP,200,Instarem,44.793,0.0,8958.6,13.36,instarem.com,True,
2026-09-14T11:06:55.455915+00:00,AUD->PHP,1000,Airwallex,44.750374,0.0,44750.37,22.86,airwallex.com,True,
2026-09-14T11:06:55.455915+00:00,AUD->PHP,1000,Instarem,44.793,0.0,44793.0,13.36,instarem.com,True,
2026-09-14T11:06:55.455915+00:00,AUD->PHP,5000,Airwallex,44.750374,0.0,223751.87,22.86,airwallex.com,True,
2026-09-14T11:06:55.455915+00:00,AUD->PHP,5000,Instarem,44.793,35.0,222397.25,83.26,instarem.com,True,
2026-09-14T11:06:55.455915+00:00,AUD->PHP,25000,Airwallex,44.750374,0.0,1118759.35,22.86,airwallex.com,True,
2026-09-14T11:06:55.455915+00:00,AUD->PHP,25000,Instarem,44.793,150.0,1113106.05,73.28,instarem.com,True,
2026-09-14T11:06:55.455915+00:00,AUD->PHP,50000,Airwallex,44.750374,0.0,2237518.7,22.86,airwallex.com,True,
2026-09-14T11:06:55.455915+00:00,AUD->PHP,50000,Instarem,44.793,300.0,2226212.1,73.28,instarem.com,True,
2026-09-14T11:06:55.455915+00:00,NZD->PHP,200,Airwallex,36.231658,0.0,7246.33,53.35,airwallex.com,True,
2026-09-14T11:06:55.455915+00:00,NZD->PHP,1000,Airwallex,36.231658,0.0,36231.66,53.35,airwallex.com,True,
2026-09-14T11:06:55.455915+00:00,NZD->PHP,5000,Airwallex,36.231658,0.0,181158.29,53.35,airwallex.com,True,
2026-09-14T11:06:55.455915+00:00,NZD->PHP,25000,Airwallex,36.231658,0.0,905791.45,53.35,airwallex.com,True,
2026-09-14T11:06:55.455915+00:00,NZD->PHP,50000,Airwallex,36.231658,0.0,1811582.9,53.35,airwallex.com,True,
2026-09-14T11:06:55.455915+00:00,SGD->PHP,200,Airwallex,49.389944,0.0,9877.99,16.76,airwallex.com,True,
2026-09-14T11:06:55.455915+00:00,SGD->PHP,200,Instarem,49.4468,0.0,9889.36,5.27,instarem.com,True,
2026-09-14T11:06:55.455915+00:00,SGD->PHP,1000,Airwallex,49.389944,0.0,49389.94,16.76,airwallex.com,True,
2026-09-14T11:06:55.455915+00:00,SGD->PHP,1000,Instarem,49.4468,0.0,49446.8,5.27,instarem.com,True,
2026-09-14T11:06:55.455915+00:00,SGD->PHP,5000,Airwallex,49.389944,0.0,246949.72,16.76,airwallex.com,True,
2026-09-14T11:06:55.455915+00:00,SGD->PHP,5000,Instarem,49.4468,22.5,246121.45,50.24,instarem.com,True,
2026-09-14T11:06:55.455915+00:00,SGD->PHP,25000,Airwallex,49.393069,0.0,1234826.73,16.13,airwallex.com,True,
2026-09-14T11:06:55.455915+00:00,SGD->PHP,25000,Instarem,49.4468,112.5,1230607.24,50.24,instarem.com,True,
2026-09-14T11:06:55.455915+00:00,SGD->PHP,50000,Airwallex,49.393069,0.0,2469653.45,16.13,airwallex.com,True,
2026-09-14T11:06:55.455915+00:00,SGD->PHP,50000,Instarem,49.4468,225.0,2461214.47,50.24,instarem.com,True,
2026-09-14T11:06:55.455915+00:00,USD->MXN,200,Airwallex,17.062222,0.0,3412.44,-51.66,airwallex.com,True,
2026-09-14T11:06:55.455915+00:00,USD->MXN,1000,Airwallex,17.062222,0.0,17062.22,-51.67,airwallex.com,True,
2026-09-14T11:06:55.455915+00:00,USD->MXN,5000,Airwallex,17.062222,0.0,85311.11,-51.68,airwallex.com,True,
2026-09-14T11:06:55.455915+00:00,USD->MXN,25000,Airwallex,17.062222,0.0,426555.55,-51.68,airwallex.com,True,
2026-09-14T11:06:55.455915+00:00,USD->MXN,50000,Airwallex,17.062222,0.0,853111.1,-51.68,airwallex.com,True,
2026-09-14T12:06:58.231408+00:00,AUD->PHP,200,Airwallex,44.739104,0.0,8947.82,25.38,airwallex.com,True,
2026-09-14T12:06:58.231408+00:00,AUD->PHP,200,Instarem,44.781,0.0,8956.2,16.03,instarem.com,True,
2026-09-14T12:06:58.231408+00:00,AUD->PHP,1000,Airwallex,44.739104,0.0,44739.1,25.38,airwallex.com,True,
2026-09-14T12:06:58.231408+00:00,AUD->PHP,1000,Instarem,44.781,0.0,44781.0,16.03,instarem.com,True,
2026-09-14T12:06:58.231408+00:00,AUD->PHP,5000,Airwallex,44.739104,0.0,223695.52,25.37,airwallex.com,True,
2026-09-14T12:06:58.231408+00:00,AUD->PHP,5000,Instarem,44.781,35.0,222337.67,85.92,instarem.com,True,
2026-09-14T12:06:58.231408+00:00,AUD->PHP,25000,Airwallex,44.739104,0.0,1118477.6,25.37,airwallex.com,True,
2026-09-14T12:06:58.231408+00:00,AUD->PHP,25000,Instarem,44.781,150.0,1112807.85,75.94,instarem.com,True,
2026-09-14T12:06:58.231408+00:00,AUD->PHP,50000,Airwallex,44.739104,0.0,2236955.2,25.37,airwallex.com,True,
2026-09-14T12:06:58.231408+00:00,AUD->PHP,50000,Instarem,44.781,300.0,2225615.7,75.94,instarem.com,True,
2026-09-14T12:06:58.231408+00:00,NZD->PHP,200,Airwallex,36.221239,0.0,7244.25,56.2,airwallex.com,True,
2026-09-14T12:06:58.231408+00:00,NZD->PHP,1000,Airwallex,36.221239,0.0,36221.24,56.21,airwallex.com,True,
2026-09-14T12:06:58.231408+00:00,NZD->PHP,5000,Airwallex,36.221239,0.0,181106.2,56.21,airwallex.com,True,
2026-09-14T12:06:58.231408+00:00,NZD->PHP,25000,Airwallex,36.221239,0.0,905530.98,56.21,airwallex.com,True,
2026-09-14T12:06:58.231408+00:00,NZD->PHP,50000,Airwallex,36.221239,0.0,1811061.95,56.21,airwallex.com,True,
2026-09-14T12:06:58.231408+00:00,SGD->PHP,200,Airwallex,49.393714,0.0,9878.74,16.0,airwallex.com,True,
2026-09-14T12:06:58.231408+00:00,SGD->PHP,200,Instarem,49.4413,0.0,9888.26,6.38,instarem.com,True,
2026-09-14T12:06:58.231408+00:00,SGD->PHP,1000,Airwallex,49.393714,0.0,49393.71,16.0,airwallex.com,True,
2026-09-14T12:06:58.231408+00:00,SGD->PHP,1000,Instarem,49.4413,0.0,49441.3,6.38,instarem.com,True,
2026-09-14T12:06:58.231408+00:00,SGD->PHP,5000,Airwallex,49.393714,0.0,246968.57,16.0,airwallex.com,True,
2026-09-14T12:06:58.231408+00:00,SGD->PHP,5000,Instarem,49.4413,22.5,246094.07,51.35,instarem.com,True,
2026-09-14T12:06:58.231408+00:00,SGD->PHP,25000,Airwallex,49.393714,0.0,1234842.85,16.0,airwallex.com,True,
2026-09-14T12:06:58.231408+00:00,SGD->PHP,25000,Instarem,49.4413,112.5,1230470.35,51.35,instarem.com,True,
2026-09-14T12:06:58.231408+00:00,SGD->PHP,50000,Airwallex,49.393714,0.0,2469685.7,16.0,airwallex.com,True,
2026-09-14T12:06:58.231408+00:00,SGD->PHP,50000,Instarem,49.4413,225.0,2460940.71,51.35,instarem.com,True,
2026-09-14T12:06:58.231408+00:00,USD->MXN,200,Airwallex,17.06644,0.0,3413.29,-54.17,airwallex.com,True,
2026-09-14T12:06:58.231408+00:00,USD->MXN,1000,Airwallex,17.06644,0.0,17066.44,-54.16,airwallex.com,True,
2026-09-14T12:06:58.231408+00:00,USD->MXN,5000,Airwallex,17.06644,0.0,85332.2,-54.16,airwallex.com,True,
2026-09-14T12:06:58.231408+00:00,USD->MXN,25000,Airwallex,17.06644,0.0,426661.0,-54.16,airwallex.com,True,
2026-09-14T12:06:58.231408+00:00,USD->MXN,50000,Airwallex,17.06644,0.0,853322.0,-54.16,airwallex.com,True,
2026-09-14T13:07:00.304608+00:00,AUD->PHP,200,Airwallex,44.632329,0.0,8926.47,49.18,airwallex.com,True,
2026-09-14T13:07:00.304608+00:00,AUD->PHP,200,Instarem,44.67,0.0,8934.0,40.78,instarem.com,True,
2026-09-14T13:07:00.304608+00:00,AUD->PHP,1000,Airwallex,44.632329,0.0,44632.33,49.18,airwallex.com,True,
2026-09-14T13:07:00.304608+00:00,AUD->PHP,1000,Instarem,44.67,0.0,44670.0,40.78,instarem.com,True,
2026-09-14T13:07:00.304608+00:00,AUD->PHP,5000,Airwallex,44.632329,0.0,223161.65,49.18,airwallex.com,True,
2026-09-14T13:07:00.304608+00:00,AUD->PHP,5000,Instarem,44.67,35.0,221786.55,110.5,instarem.com,True,
2026-09-14T13:07:00.304608+00:00,AUD->PHP,25000,Airwallex,44.632329,0.0,1115808.23,49.18,airwallex.com,True,
2026-09-14T13:07:00.304608+00:00,AUD->PHP,25000,Instarem,44.67,150.0,1110049.5,100.54,instarem.com,True,
2026-09-14T13:07:00.304608+00:00,AUD->PHP,50000,Airwallex,44.632329,0.0,2231616.45,49.18,airwallex.com,True,
2026-09-14T13:07:00.304608+00:00,AUD->PHP,50000,Instarem,44.67,300.0,2220099.0,100.54,instarem.com,True,
2026-09-14T13:07:00.304608+00:00,NZD->PHP,200,Airwallex,36.138698,0.0,7227.74,78.87,airwallex.com,True,
2026-09-14T13:07:00.304608+00:00,NZD->PHP,1000,Airwallex,36.138698,0.0,36138.7,78.87,airwallex.com,True,
2026-09-14T13:07:00.304608+00:00,NZD->PHP,5000,Airwallex,36.138698,0.0,180693.49,78.87,airwallex.com,True,
2026-09-14T13:07:00.304608+00:00,NZD->PHP,25000,Airwallex,36.138698,0.0,903467.45,78.87,airwallex.com,True,
2026-09-14T13:07:00.304608+00:00,NZD->PHP,50000,Airwallex,36.138698,0.0,1806934.9,78.87,airwallex.com,True,
2026-09-14T13:07:00.304608+00:00,SGD->PHP,200,Airwallex,49.328539,0.0,9865.71,29.17,airwallex.com,True,
2026-09-14T13:07:00.304608+00:00,SGD->PHP,200,Instarem,49.3806,0.0,9876.12,18.65,instarem.com,True,
2026-09-14T13:07:00.304608+00:00,SGD->PHP,1000,Airwallex,49.328539,0.0,49328.54,29.17,airwallex.com,True,
2026-09-14T13:07:00.304608+00:00,SGD->PHP,1000,Instarem,49.3806,0.0,49380.6,18.65,instarem.com,True,
2026-09-14T13:07:00.304608+00:00,SGD->PHP,5000,Airwallex,49.328539,0.0,246642.7,29.17,airwallex.com,True,
2026-09-14T13:07:00.304608+00:00,SGD->PHP,5000,Instarem,49.3806,22.5,245791.94,63.56,instarem.com,True,
2026-09-14T13:07:00.304608+00:00,SGD->PHP,25000,Airwallex,49.328539,0.0,1233213.48,29.17,airwallex.com,True,
2026-09-14T13:07:00.304608+00:00,SGD->PHP,25000,Instarem,49.3806,112.5,1228959.68,63.56,instarem.com,True,
2026-09-14T13:07:00.304608+00:00,SGD->PHP,50000,Airwallex,49.328539,0.0,2466426.95,29.17,airwallex.com,True,
2026-09-14T13:07:00.304608+00:00,SGD->PHP,50000,Instarem,49.3806,225.0,2457919.37,63.56,instarem.com,True,
2026-09-14T13:07:00.304608+00:00,USD->MXN,200,Airwallex,17.142168,0.0,3428.43,-98.76,airwallex.com,True,
2026-09-14T13:07:00.304608+00:00,USD->MXN,1000,Airwallex,17.142168,0.0,17142.17,-98.77,airwallex.com,True,
2026-09-14T13:07:00.304608+00:00,USD->MXN,5000,Airwallex,17.142168,0.0,85710.84,-98.77,airwallex.com,True,
2026-09-14T13:07:00.304608+00:00,USD->MXN,25000,Airwallex,17.142168,0.0,428554.2,-98.77,airwallex.com,True,
2026-09-14T13:07:00.304608+00:00,USD->MXN,50000,Airwallex,17.142168,0.0,857108.4,-98.77,airwallex.com,True,
2026-09-14T14:06:53.968807+00:00,AUD->PHP,200,Airwallex,44.641117,0.0,8928.22,47.22,airwallex.com,True,
2026-09-14T14:06:53.968807+00:00,AUD->PHP,200,Instarem,44.697,0.0,8939.4,34.76,instarem.com,True,
2026-09-14T14:06:53.968807+00:00,AUD->PHP,1000,Airwallex,44.641117,0.0,44641.12,47.22,airwallex.com,True,
2026-09-14T14:06:53.968807+00:00,AUD->PHP,1000,Instarem,44.697,0.0,44697.0,34.76,instarem.com,True,
2026-09-14T14:06:53.968807+00:00,AUD->PHP,5000,Airwallex,44.641117,0.0,223205.59,47.22,airwallex.com,True,
2026-09-14T14:06:53.968807+00:00,AUD->PHP,5000,Instarem,44.697,35.0,221920.61,104.52,instarem.com,True,
2026-09-14T14:06:53.968807+00:00,AUD->PHP,25000,Airwallex,44.641117,0.0,1116027.93,47.22,airwallex.com,True,
2026-09-14T14:06:53.968807+00:00,AUD->PHP,25000,Instarem,44.697,150.0,1110720.45,94.55,instarem.com,True,
2026-09-14T14:06:53.968807+00:00,AUD->PHP,50000,Airwallex,44.641117,0.0,2232055.85,47.22,airwallex.com,True,
2026-09-14T14:06:53.968807+00:00,AUD->PHP,50000,Instarem,44.697,300.0,2221440.9,94.55,instarem.com,True,
2026-09-14T14:06:53.968807+00:00,NZD->PHP,200,Airwallex,36.167172,0.0,7233.43,71.06,airwallex.com,True,
2026-09-14T14:06:53.968807+00:00,NZD->PHP,1000,Airwallex,36.167172,0.0,36167.17,71.05,airwallex.com,True,
2026-09-14T14:06:53.968807+00:00,NZD->PHP,5000,Airwallex,36.167172,0.0,180835.86,71.05,airwallex.com,True,
2026-09-14T14:06:53.968807+00:00,NZD->PHP,25000,Airwallex,36.167172,0.0,904179.3,71.05,airwallex.com,True,
2026-09-14T14:06:53.968807+00:00,NZD->PHP,50000,Airwallex,36.167172,0.0,1808358.6,71.05,airwallex.com,True,
2026-09-14T14:06:53.968807+00:00,SGD->PHP,200,Airwallex,49.325457,0.0,9865.09,29.8,airwallex.com,True,
2026-09-14T14:06:53.968807+00:00,SGD->PHP,200,Instarem,49.3862,0.0,9877.24,17.52,instarem.com,True,
2026-09-14T14:06:53.968807+00:00,SGD->PHP,1000,Airwallex,49.325457,0.0,49325.46,29.79,airwallex.com,True,
2026-09-14T14:06:53.968807+00:00,SGD->PHP,1000,Instarem,49.3862,0.0,49386.2,17.52,instarem.com,True,
2026-09-14T14:06:53.968807+00:00,SGD->PHP,5000,Airwallex,49.325457,0.0,246627.29,29.79,airwallex.com,True,
2026-09-14T14:06:53.968807+00:00,SGD->PHP,5000,Instarem,49.3862,22.5,245819.81,62.44,instarem.com,True,
2026-09-14T14:06:53.968807+00:00,SGD->PHP,25000,Airwallex,49.325457,0.0,1233136.43,29.79,airwallex.com,True,
2026-09-14T14:06:53.968807+00:00,SGD->PHP,25000,Instarem,49.3862,112.5,1229099.05,62.44,instarem.com,True,
2026-09-14T14:06:53.968807+00:00,SGD->PHP,50000,Airwallex,49.328815,0.0,2466440.75,29.12,airwallex.com,True,
2026-09-14T14:06:53.968807+00:00,SGD->PHP,50000,Instarem,49.3862,225.0,2458198.11,62.44,instarem.com,True,
2026-09-14T14:06:53.968807+00:00,USD->MXN,200,Airwallex,17.172836,0.0,3434.57,-116.85,airwallex.com,True,
2026-09-14T14:06:53.968807+00:00,USD->MXN,1000,Airwallex,17.172836,0.0,17172.84,-116.84,airwallex.com,True,
2026-09-14T14:06:53.968807+00:00,USD->MXN,5000,Airwallex,17.172836,0.0,85864.18,-116.84,airwallex.com,True,
2026-09-14T14:06:53.968807+00:00,USD->MXN,25000,Airwallex,17.172836,0.0,429320.9,-116.84,airwallex.com,True,
2026-09-14T14:06:53.968807+00:00,USD->MXN,50000,Airwallex,17.172836,0.0,858641.8,-116.84,airwallex.com,True,
2026-09-14T15:06:55.785827+00:00,AUD->PHP,200,Airwallex,44.76792,0.0,8953.58,18.95,airwallex.com,True,
2026-09-14T15:06:55.785827+00:00,AUD->PHP,200,Instarem,44.763,0.0,8952.6,20.05,instarem.com,True,
2026-09-14T15:06:55.785827+00:00,AUD->PHP,1000,Airwallex,44.76792,0.0,44767.92,18.95,airwallex.com,True,
2026-09-14T15:06:55.785827+00:00,AUD->PHP,1000,Instarem,44.763,0.0,44763.0,20.05,instarem.com,True,
2026-09-14T15:06:55.785827+00:00,AUD->PHP,5000,Airwallex,44.76792,0.0,223839.6,18.95,airwallex.com,True,
2026-09-14T15:06:55.785827+00:00,AUD->PHP,5000,Instarem,44.763,35.0,222248.3,89.91,instarem.com,True,
2026-09-14T15:06:55.785827+00:00,AUD->PHP,25000,Airwallex,44.76792,0.0,1119198.0,18.95,airwallex.com,True,
2026-09-14T15:06:55.785827+00:00,AUD->PHP,25000,Instarem,44.763,150.0,1112360.55,79.93,instarem.com,True,
2026-09-14T15:06:55.785827+00:00,AUD->PHP,50000,Airwallex,44.76792,0.0,2238396.0,18.95,airwallex.com,True,
2026-09-14T15:06:55.785827+00:00,AUD->PHP,50000,Instarem,44.763,300.0,2224721.1,79.93,instarem.com,True,
2026-09-14T15:06:55.785827+00:00,NZD->PHP,200,Airwallex,36.214381,0.0,7242.88,58.09,airwallex.com,True,
2026-09-14T15:06:55.785827+00:00,NZD->PHP,1000,Airwallex,36.214381,0.0,36214.38,58.09,airwallex.com,True,
2026-09-14T15:06:55.785827+00:00,NZD->PHP,5000,Airwallex,36.214381,0.0,181071.91,58.09,airwallex.com,True,
2026-09-14T15:06:55.785827+00:00,NZD->PHP,25000,Airwallex,36.214381,0.0,905359.53,58.09,airwallex.com,True,
2026-09-14T15:06:55.785827+00:00,NZD->PHP,50000,Airwallex,36.215906,0.0,1810795.3,57.67,airwallex.com,True,
2026-09-14T15:06:55.785827+00:00,SGD->PHP,200,Airwallex,49.389731,0.0,9877.95,16.8,airwallex.com,True,
2026-09-14T15:06:55.785827+00:00,SGD->PHP,200,Instarem,49.4133,0.0,9882.66,12.04,instarem.com,True,
2026-09-14T15:06:55.785827+00:00,SGD->PHP,1000,Airwallex,49.389731,0.0,49389.73,16.8,airwallex.com,True,
2026-09-14T15:06:55.785827+00:00,SGD->PHP,1000,Instarem,49.4133,0.0,49413.3,12.04,instarem.com,True,
2026-09-14T15:06:55.785827+00:00,SGD->PHP,5000,Airwallex,49.380595,0.0,246902.98,18.65,airwallex.com,True,
2026-09-14T15:06:55.785827+00:00,SGD->PHP,5000,Instarem,49.4133,22.5,245954.7,56.98,instarem.com,True,
2026-09-14T15:06:55.785827+00:00,SGD->PHP,25000,Airwallex,49.380595,0.0,1234514.88,18.65,airwallex.com,True,
2026-09-14T15:06:55.785827+00:00,SGD->PHP,25000,Instarem,49.4133,112.5,1229773.5,56.98,instarem.com,True,
2026-09-14T15:06:55.785827+00:00,SGD->PHP,50000,Airwallex,49.380595,0.0,2469029.75,18.65,airwallex.com,True,
2026-09-14T15:06:55.785827+00:00,SGD->PHP,50000,Instarem,49.4133,225.0,2459547.01,56.98,instarem.com,True,
2026-09-14T15:06:55.785827+00:00,USD->MXN,200,Airwallex,17.12232,0.0,3424.46,-87.07,airwallex.com,True,
2026-09-14T15:06:55.785827+00:00,USD->MXN,1000,Airwallex,17.12232,0.0,17122.32,-87.08,airwallex.com,True,
2026-09-14T15:06:55.785827+00:00,USD->MXN,5000,Airwallex,17.12232,0.0,85611.6,-87.08,airwallex.com,True,
2026-09-14T15:06:55.785827+00:00,USD->MXN,25000,Airwallex,17.12232,0.0,428058.0,-87.08,airwallex.com,True,
2026-09-14T15:06:55.785827+00:00,USD->MXN,50000,Airwallex,17.12232,0.0,856116.0,-87.08,airwallex.com,True,
2026-09-14T16:06:52.239465+00:00,AUD->PHP,200,Airwallex,44.767517,0.0,8953.5,19.04,airwallex.com,True,
2026-09-14T16:06:52.239465+00:00,AUD->PHP,200,Instarem,44.809,0.0,8961.8,9.79,instarem.com,True,
2026-09-14T16:06:52.239465+00:00,AUD->PHP,1000,Airwallex,44.767517,0.0,44767.52,19.04,airwallex.com,True,
2026-09-14T16:06:52.239465+00:00,AUD->PHP,1000,Instarem,44.809,0.0,44809.0,9.79,instarem.com,True,
2026-09-14T16:06:52.239465+00:00,AUD->PHP,5000,Airwallex,44.767517,0.0,223837.59,19.04,airwallex.com,True,
2026-09-14T16:06:52.239465+00:00,AUD->PHP,5000,Instarem,44.809,35.0,222476.69,79.72,instarem.com,True,
2026-09-14T16:06:52.239465+00:00,AUD->PHP,25000,Airwallex,44.767517,0.0,1119187.93,19.04,airwallex.com,True,
2026-09-14T16:06:52.239465+00:00,AUD->PHP,25000,Instarem,44.809,150.0,1113503.65,69.73,instarem.com,True,
2026-09-14T16:06:52.239465+00:00,AUD->PHP,50000,Airwallex,44.767517,0.0,2238375.85,19.04,airwallex.com,True,
2026-09-14T16:06:52.239465+00:00,AUD->PHP,50000,Instarem,44.809,300.0,2227007.3,69.73,instarem.com,True,
2026-09-14T16:06:52.239465+00:00,NZD->PHP,200,Airwallex,36.23564,0.0,7247.13,52.25,airwallex.com,True,
2026-09-14T16:06:52.239465+00:00,NZD->PHP,1000,Airwallex,36.23564,0.0,36235.64,52.25,airwallex.com,True,
2026-09-14T16:06:52.239465+00:00,NZD->PHP,5000,Airwallex,36.23564,0.0,181178.2,52.25,airwallex.com,True,
2026-09-14T16:06:52.239465+00:00,NZD->PHP,25000,Airwallex,36.23564,0.0,905891.0,52.25,airwallex.com,True,
2026-09-14T16:06:52.239465+00:00,NZD->PHP,50000,Airwallex,36.23564,0.0,1811782.0,52.25,airwallex.com,True,
2026-09-14T16:06:52.239465+00:00,SGD->PHP,200,Airwallex,49.36221,0.0,9872.44,22.37,airwallex.com,True,
2026-09-14T16:06:52.239465+00:00,SGD->PHP,200,Instarem,49.4207,0.0,9884.14,10.54,instarem.com,True,
2026-09-14T16:06:52.239465+00:00,SGD->PHP,1000,Airwallex,49.36221,0.0,49362.21,22.37,airwallex.com,True,
2026-09-14T16:06:52.239465+00:00,SGD->PHP,1000,Instarem,49.4207,0.0,49420.7,10.54,instarem.com,True,
2026-09-14T16:06:52.239465+00:00,SGD->PHP,5000,Airwallex,49.36221,0.0,246811.05,22.37,airwallex.com,True,
2026-09-14T16:06:52.239465+00:00,SGD->PHP,5000,Instarem,49.4207,22.5,245991.53,55.5,instarem.com,True,
2026-09-14T16:06:52.239465+00:00,SGD->PHP,25000,Airwallex,49.36221,0.0,1234055.25,22.37,airwallex.com,True,
2026-09-14T16:06:52.239465+00:00,SGD->PHP,25000,Instarem,49.4207,112.5,1229957.67,55.5,instarem.com,True,
2026-09-14T16:06:52.239465+00:00,SGD->PHP,50000,Airwallex,49.36221,0.0,2468110.5,22.37,airwallex.com,True,
2026-09-14T16:06:52.239465+00:00,SGD->PHP,50000,Instarem,49.4207,225.0,2459915.34,55.5,instarem.com,True,
2026-09-14T16:06:52.239465+00:00,USD->MXN,200,Airwallex,17.112246,0.0,3422.45,-81.15,airwallex.com,True,
2026-09-14T16:06:52.239465+00:00,USD->MXN,1000,Airwallex,17.112246,0.0,17112.25,-81.15,airwallex.com,True,
2026-09-14T16:06:52.239465+00:00,USD->MXN,5000,Airwallex,17.112246,0.0,85561.23,-81.15,airwallex.com,True,
2026-09-14T16:06:52.239465+00:00,USD->MXN,25000,Airwallex,17.112246,0.0,427806.15,-81.15,airwallex.com,True,
2026-09-14T16:06:52.239465+00:00,USD->MXN,50000,Airwallex,17.112246,0.0,855612.3,-81.15,airwallex.com,True,
2026-09-14T17:06:54.309637+00:00,AUD->PHP,200,Airwallex,44.786242,0.0,8957.25,14.86,airwallex.com,True,
2026-09-14T17:06:54.309637+00:00,AUD->PHP,200,Instarem,44.809,0.0,8961.8,9.79,instarem.com,True,
2026-09-14T17:06:54.309637+00:00,AUD->PHP,1000,Airwallex,44.786242,0.0,44786.24,14.87,airwallex.com,True,
2026-09-14T17:06:54.309637+00:00,AUD->PHP,1000,Instarem,44.809,0.0,44809.0,9.79,instarem.com,True,
2026-09-14T17:06:54.309637+00:00,AUD->PHP,5000,Airwallex,44.786242,0.0,223931.21,14.87,airwallex.com,True,
2026-09-14T17:06:54.309637+00:00,AUD->PHP,5000,Instarem,44.809,35.0,222476.69,79.72,instarem.com,True,
2026-09-14T17:06:54.309637+00:00,AUD->PHP,25000,Airwallex,44.786242,0.0,1119656.05,14.87,airwallex.com,True,
2026-09-14T17:06:54.309637+00:00,AUD->PHP,25000,Instarem,44.809,150.0,1113503.65,69.73,instarem.com,True,
2026-09-14T17:06:54.309637+00:00,AUD->PHP,50000,Airwallex,44.786242,0.0,2239312.1,14.87,airwallex.com,True,
2026-09-14T17:06:54.309637+00:00,AUD->PHP,50000,Instarem,44.809,300.0,2227007.3,69.73,instarem.com,True,
2026-09-14T17:06:54.309637+00:00,NZD->PHP,200,Airwallex,36.262845,0.0,7252.57,44.78,airwallex.com,True,
2026-09-14T17:06:54.309637+00:00,NZD->PHP,1000,Airwallex,36.262845,0.0,36262.85,44.78,airwallex.com,True,
2026-09-14T17:06:54.309637+00:00,NZD->PHP,5000,Airwallex,36.262845,0.0,181314.23,44.79,airwallex.com,True,
2026-09-14T17:06:54.309637+00:00,NZD->PHP,25000,Airwallex,36.262845,0.0,906571.13,44.79,airwallex.com,True,
2026-09-14T17:06:54.309637+00:00,NZD->PHP,50000,Airwallex,36.262845,0.0,1813142.25,44.79,airwallex.com,True,
2026-09-14T17:06:54.309637+00:00,SGD->PHP,200,Airwallex,49.360708,0.0,9872.14,22.67,airwallex.com,True,
2026-09-14T17:06:54.309637+00:00,SGD->PHP,200,Instarem,49.3889,0.0,9877.78,16.97,instarem.com,True,
2026-09-14T17:06:54.309637+00:00,SGD->PHP,1000,Airwallex,49.360708,0.0,49360.71,22.67,airwallex.com,True,
2026-09-14T17:06:54.309637+00:00,SGD->PHP,1000,Instarem,49.3889,0.0,49388.9,16.97,instarem.com,True,
2026-09-14T17:06:54.309637+00:00,SGD->PHP,5000,Airwallex,49.360708,0.0,246803.54,22.67,airwallex.com,True,
2026-09-14T17:06:54.309637+00:00,SGD->PHP,5000,Instarem,49.3889,22.5,245833.25,61.89,instarem.com,True,
2026-09-14T17:06:54.309637+00:00,SGD->PHP,25000,Airwallex,49.360708,0.0,1234017.7,22.67,airwallex.com,True,
2026-09-14T17:06:54.309637+00:00,SGD->PHP,25000,Instarem,49.3889,112.5,1229166.25,61.89,instarem.com,True,
2026-09-14T17:06:54.309637+00:00,SGD->PHP,50000,Airwallex,49.360708,0.0,2468035.4,22.67,airwallex.com,True,
2026-09-14T17:06:54.309637+00:00,SGD->PHP,50000,Instarem,49.3889,225.0,2458332.5,61.89,instarem.com,True,
2026-09-14T17:06:54.309637+00:00,USD->MXN,200,Airwallex,17.10755,0.0,3421.51,-78.38,airwallex.com,True,
2026-09-14T17:06:54.309637+00:00,USD->MXN,1000,Airwallex,17.10755,0.0,17107.55,-78.38,airwallex.com,True,
2026-09-14T17:06:54.309637+00:00,USD->MXN,5000,Airwallex,17.10755,0.0,85537.75,-78.38,airwallex.com,True,
2026-09-14T17:06:54.309637+00:00,USD->MXN,25000,Airwallex,17.10755,0.0,427688.75,-78.38,airwallex.com,True,
2026-09-14T17:06:54.309637+00:00,USD->MXN,50000,Airwallex,17.10755,0.0,855377.5,-78.38,airwallex.com,True,
2026-09-14T18:06:53.764862+00:00,AUD->PHP,200,Airwallex,44.802326,0.0,8960.47,11.27,airwallex.com,True,
2026-09-14T18:06:53.764862+00:00,AUD->PHP,200,Instarem,44.84,0.0,8968.0,2.88,instarem.com,True,
2026-09-14T18:06:53.764862+00:00,AUD->PHP,1000,Airwallex,44.802326,0.0,44802.33,11.28,airwallex.com,True,
2026-09-14T18:06:53.764862+00:00,AUD->PHP,1000,Instarem,44.84,0.0,44840.0,2.88,instarem.com,True,
2026-09-14T18:06:53.764862+00:00,AUD->PHP,5000,Airwallex,44.802326,0.0,224011.63,11.28,airwallex.com,True,
2026-09-14T18:06:53.764862+00:00,AUD->PHP,5000,Instarem,44.84,35.0,222630.6,72.86,instarem.com,True,
2026-09-14T18:06:53.764862+00:00,AUD->PHP,25000,Airwallex,44.802326,0.0,1120058.15,11.28,airwallex.com,True,
2026-09-14T18:06:53.764862+00:00,AUD->PHP,25000,Instarem,44.84,150.0,1114274.0,62.86,instarem.com,True,
2026-09-14T18:06:53.764862+00:00,AUD->PHP,50000,Airwallex,44.802326,0.0,2240116.3,11.28,airwallex.com,True,
2026-09-14T18:06:53.764862+00:00,AUD->PHP,50000,Instarem,44.84,300.0,2228548.0,62.86,instarem.com,True,
2026-09-14T18:06:53.764862+00:00,NZD->PHP,200,Airwallex,36.27243,0.0,7254.49,42.15,airwallex.com,True,
2026-09-14T18:06:53.764862+00:00,NZD->PHP,1000,Airwallex,36.27243,0.0,36272.43,42.15,airwallex.com,True,
2026-09-14T18:06:53.764862+00:00,NZD->PHP,5000,Airwallex,36.27243,0.0,181362.15,42.15,airwallex.com,True,
2026-09-14T18:06:53.764862+00:00,NZD->PHP,25000,Airwallex,36.27243,0.0,906810.75,42.15,airwallex.com,True,
2026-09-14T18:06:53.764862+00:00,NZD->PHP,50000,Airwallex,36.27243,0.0,1813621.5,42.15,airwallex.com,True,
2026-09-14T18:06:53.764862+00:00,SGD->PHP,200,Airwallex,49.388533,0.0,9877.71,17.04,airwallex.com,True,
2026-09-14T18:06:53.764862+00:00,SGD->PHP,200,Instarem,49.4245,0.0,9884.9,9.78,instarem.com,True,
2026-09-14T18:06:53.764862+00:00,SGD->PHP,1000,Airwallex,49.388533,0.0,49388.53,17.05,airwallex.com,True,
2026-09-14T18:06:53.764862+00:00,SGD->PHP,1000,Instarem,49.4245,0.0,49424.5,9.78,instarem.com,True,
2026-09-14T18:06:53.764862+00:00,SGD->PHP,5000,Airwallex,49.388533,0.0,246942.67,17.04,airwallex.com,True,
2026-09-14T18:06:53.764862+00:00,SGD->PHP,5000,Instarem,49.4245,22.5,246010.45,54.73,instarem.com,True,
2026-09-14T18:06:53.764862+00:00,SGD->PHP,25000,Airwallex,49.388533,0.0,1234713.33,17.05,airwallex.com,True,
2026-09-14T18:06:53.764862+00:00,SGD->PHP,25000,Instarem,49.4245,112.5,1230052.24,54.73,instarem.com,True,
2026-09-14T18:06:53.764862+00:00,SGD->PHP,50000,Airwallex,49.388533,0.0,2469426.65,17.05,airwallex.com,True,
2026-09-14T18:06:53.764862+00:00,SGD->PHP,50000,Instarem,49.4245,225.0,2460104.49,54.73,instarem.com,True,
2026-09-14T18:06:53.764862+00:00,USD->MXN,200,Airwallex,17.127054,0.0,3425.41,-89.87,airwallex.com,True,
2026-09-14T18:06:53.764862+00:00,USD->MXN,1000,Airwallex,17.127054,0.0,17127.05,-89.87,airwallex.com,True,
2026-09-14T18:06:53.764862+00:00,USD->MXN,5000,Airwallex,17.127054,0.0,85635.27,-89.87,airwallex.com,True,
2026-09-14T18:06:53.764862+00:00,USD->MXN,25000,Airwallex,17.127054,0.0,428176.35,-89.87,airwallex.com,True,
2026-09-14T18:06:53.764862+00:00,USD->MXN,50000,Airwallex,17.127054,0.0,856352.7,-89.87,airwallex.com,True,
2026-09-14T19:06:56.765894+00:00,AUD->PHP,200,Airwallex,44.812865,0.0,8962.57,8.93,airwallex.com,True,
2026-09-14T19:06:56.765894+00:00,AUD->PHP,200,Instarem,44.853,0.0,8970.6,-0.02,instarem.com,True,
2026-09-14T19:06:56.765894+00:00,AUD->PHP,1000,Airwallex,44.812865,0.0,44812.87,8.93,airwallex.com,True,
2026-09-14T19:06:56.765894+00:00,AUD->PHP,1000,Instarem,44.853,0.0,44853.0,-0.02,instarem.com,True,
2026-09-14T19:06:56.765894+00:00,AUD->PHP,5000,Airwallex,44.812865,0.0,224064.33,8.93,airwallex.com,True,
2026-09-14T19:06:56.765894+00:00,AUD->PHP,5000,Instarem,44.853,35.0,222695.15,69.98,instarem.com,True,
2026-09-14T19:06:56.765894+00:00,AUD->PHP,25000,Airwallex,44.812865,0.0,1120321.63,8.93,airwallex.com,True,
2026-09-14T19:06:56.765894+00:00,AUD->PHP,25000,Instarem,44.853,150.0,1114597.05,59.98,instarem.com,True,
2026-09-14T19:06:56.765894+00:00,AUD->PHP,50000,Airwallex,44.812865,0.0,2240643.25,8.93,airwallex.com,True,
2026-09-14T19:06:56.765894+00:00,AUD->PHP,50000,Instarem,44.853,300.0,2229194.1,59.98,instarem.com,True,
2026-09-14T19:06:56.765894+00:00,NZD->PHP,200,Airwallex,36.287172,0.0,7257.43,38.11,airwallex.com,True,
2026-09-14T19:06:56.765894+00:00,NZD->PHP,1000,Airwallex,36.287172,0.0,36287.17,38.11,airwallex.com,True,
2026-09-14T19:06:56.765894+00:00,NZD->PHP,5000,Airwallex,36.287172,0.0,181435.86,38.11,airwallex.com,True,
2026-09-14T19:06:56.765894+00:00,NZD->PHP,25000,Airwallex,36.285478,0.0,907136.95,38.57,airwallex.com,True,
2026-09-14T19:06:56.765894+00:00,NZD->PHP,50000,Airwallex,36.285478,0.0,1814273.9,38.57,airwallex.com,True,
2026-09-14T19:06:56.765894+00:00,SGD->PHP,200,Airwallex,49.397789,0.0,9879.56,15.17,airwallex.com,True,
2026-09-14T19:06:56.765894+00:00,SGD->PHP,200,Instarem,49.4323,0.0,9886.46,8.2,instarem.com,True,
2026-09-14T19:06:56.765894+00:00,SGD->PHP,1000,Airwallex,49.397789,0.0,49397.79,15.17,airwallex.com,True,
2026-09-14T19:06:56.765894+00:00,SGD->PHP,1000,Instarem,49.4323,0.0,49432.3,8.2,instarem.com,True,
2026-09-14T19:06:56.765894+00:00,SGD->PHP,5000,Airwallex,49.397789,0.0,246988.95,15.17,airwallex.com,True,
2026-09-14T19:06:56.765894+00:00,SGD->PHP,5000,Instarem,49.4323,22.5,246049.27,53.16,instarem.com,True,
2026-09-14T19:06:56.765894+00:00,SGD->PHP,25000,Airwallex,49.397789,0.0,1234944.73,15.17,airwallex.com,True,
2026-09-14T19:06:56.765894+00:00,SGD->PHP,25000,Instarem,49.4323,112.5,1230246.37,53.16,instarem.com,True,
2026-09-14T19:06:56.765894+00:00,SGD->PHP,50000,Airwallex,49.397789,0.0,2469889.45,15.17,airwallex.com,True,
2026-09-14T19:06:56.765894+00:00,SGD->PHP,50000,Instarem,49.4323,225.0,2460492.73,53.16,instarem.com,True,
2026-09-14T19:06:56.765894+00:00,USD->MXN,200,Airwallex,17.124338,0.0,3424.87,-88.28,airwallex.com,True,
2026-09-14T19:06:56.765894+00:00,USD->MXN,1000,Airwallex,17.124338,0.0,17124.34,-88.27,airwallex.com,True,
2026-09-14T19:06:56.765894+00:00,USD->MXN,5000,Airwallex,17.124338,0.0,85621.69,-88.27,airwallex.com,True,
2026-09-14T19:06:56.765894+00:00,USD->MXN,25000,Airwallex,17.124338,0.0,428108.45,-88.27,airwallex.com,True,
2026-09-14T19:06:56.765894+00:00,USD->MXN,50000,Airwallex,17.124338,0.0,856216.9,-88.27,airwallex.com,True,
2026-09-14T20:06:56.880836+00:00,AUD->PHP,200,Airwallex,44.794626,0.0,8958.93,12.99,airwallex.com,True,
2026-09-14T20:06:56.880836+00:00,AUD->PHP,200,Instarem,44.834,0.0,8966.8,4.22,instarem.com,True,
2026-09-14T20:06:56.880836+00:00,AUD->PHP,1000,Airwallex,44.794626,0.0,44794.63,13.0,airwallex.com,True,
2026-09-14T20:06:56.880836+00:00,AUD->PHP,1000,Instarem,44.834,0.0,44834.0,4.22,instarem.com,True,
2026-09-14T20:06:56.880836+00:00,AUD->PHP,5000,Airwallex,44.794626,0.0,223973.13,13.0,airwallex.com,True,
2026-09-14T20:06:56.880836+00:00,AUD->PHP,5000,Instarem,44.834,35.0,222600.81,74.19,instarem.com,True,
2026-09-14T20:06:56.880836+00:00,AUD->PHP,25000,Airwallex,44.794626,0.0,1119865.65,13.0,airwallex.com,True,
2026-09-14T20:06:56.880836+00:00,AUD->PHP,25000,Instarem,44.834,150.0,1114124.9,64.19,instarem.com,True,
2026-09-14T20:06:56.880836+00:00,AUD->PHP,50000,Airwallex,44.794626,0.0,2239731.3,13.0,airwallex.com,True,
2026-09-14T20:06:56.880836+00:00,AUD->PHP,50000,Instarem,44.834,300.0,2228249.8,64.19,instarem.com,True,
2026-09-14T20:06:56.880836+00:00,NZD->PHP,200,Airwallex,36.242706,0.0,7248.54,50.32,airwallex.com,True,
2026-09-14T20:06:56.880836+00:00,NZD->PHP,1000,Airwallex,36.242706,0.0,36242.71,50.31,airwallex.com,True,
2026-09-14T20:06:56.880836+00:00,NZD->PHP,5000,Airwallex,36.239881,0.0,181199.41,51.09,airwallex.com,True,
2026-09-14T20:06:56.880836+00:00,NZD->PHP,25000,Airwallex,36.239881,0.0,905997.03,51.09,airwallex.com,True,
2026-09-14T20:06:56.880836+00:00,NZD->PHP,50000,Airwallex,36.239881,0.0,1811994.05,51.09,airwallex.com,True,
2026-09-14T20:06:56.880836+00:00,SGD->PHP,200,Airwallex,49.390061,0.0,9878.01,16.74,airwallex.com,True,
2026-09-14T20:06:56.880836+00:00,SGD->PHP,200,Instarem,49.4436,0.0,9888.72,5.91,instarem.com,True,
2026-09-14T20:06:56.880836+00:00,SGD->PHP,1000,Airwallex,49.390061,0.0,49390.06,16.74,airwallex.com,True,
2026-09-14T20:06:56.880836+00:00,SGD->PHP,1000,Instarem,49.4436,0.0,49443.6,5.91,instarem.com,True,
2026-09-14T20:06:56.880836+00:00,SGD->PHP,5000,Airwallex,49.390061,0.0,246950.31,16.74,airwallex.com,True,
2026-09-14T20:06:56.880836+00:00,SGD->PHP,5000,Instarem,49.4436,22.5,246105.52,50.89,instarem.com,True,
2026-09-14T20:06:56.880836+00:00,SGD->PHP,25000,Airwallex,49.390061,0.0,1234751.53,16.74,airwallex.com,True,
2026-09-14T20:06:56.880836+00:00,SGD->PHP,25000,Instarem,49.4436,112.5,1230527.6,50.89,instarem.com,True,
2026-09-14T20:06:56.880836+00:00,SGD->PHP,50000,Airwallex,49.390061,0.0,2469503.05,16.74,airwallex.com,True,
2026-09-14T20:06:56.880836+00:00,SGD->PHP,50000,Instarem,49.4436,225.0,2461055.19,50.89,instarem.com,True,
2026-09-14T20:06:56.880836+00:00,USD->MXN,200,Airwallex,17.14512,0.0,3429.02,-100.5,airwallex.com,True,
2026-09-14T20:06:56.880836+00:00,USD->MXN,1000,Airwallex,17.14512,0.0,17145.12,-100.51,airwallex.com,True,
2026-09-14T20:06:56.880836+00:00,USD->MXN,5000,Airwallex,17.14512,0.0,85725.6,-100.51,airwallex.com,True,
2026-09-14T20:06:56.880836+00:00,USD->MXN,25000,Airwallex,17.14512,0.0,428628.0,-100.51,airwallex.com,True,
2026-09-14T20:06:56.880836+00:00,USD->MXN,50000,Airwallex,17.14512,0.0,857256.0,-100.51,airwallex.com,True,
2026-09-14T21:06:55.352213+00:00,AUD->PHP,200,Airwallex,44.747549,0.0,8949.51,23.49,airwallex.com,True,
2026-09-14T21:06:55.352213+00:00,AUD->PHP,200,Instarem,44.842,0.0,8968.4,2.43,instarem.com,True,
2026-09-14T21:06:55.352213+00:00,AUD->PHP,1000,Airwallex,44.747549,0.0,44747.55,23.49,airwallex.com,True,
2026-09-14T21:06:55.352213+00:00,AUD->PHP,1000,Instarem,44.842,0.0,44842.0,2.43,instarem.com,True,
2026-09-14T21:06:55.352213+00:00,AUD->PHP,5000,Airwallex,44.747549,0.0,223737.75,23.49,airwallex.com,True,
2026-09-14T21:06:55.352213+00:00,AUD->PHP,5000,Instarem,44.842,35.0,222640.53,72.42,instarem.com,True,
2026-09-14T21:06:55.352213+00:00,AUD->PHP,25000,Airwallex,44.747549,0.0,1118688.73,23.49,airwallex.com,True,
2026-09-14T21:06:55.352213+00:00,AUD->PHP,25000,Instarem,44.842,150.0,1114323.7,62.42,instarem.com,True,
2026-09-14T21:06:55.352213+00:00,AUD->PHP,50000,Airwallex,44.747549,0.0,2237377.45,23.49,airwallex.com,True,
2026-09-14T21:06:55.352213+00:00,AUD->PHP,50000,Instarem,44.842,300.0,2228647.4,62.42,instarem.com,True,
2026-09-14T21:06:55.352213+00:00,NZD->PHP,200,Airwallex,36.154453,0.0,7230.89,74.54,airwallex.com,True,
2026-09-14T21:06:55.352213+00:00,NZD->PHP,1000,Airwallex,36.154453,0.0,36154.45,74.54,airwallex.com,True,
2026-09-14T21:06:55.352213+00:00,NZD->PHP,5000,Airwallex,36.154453,0.0,180772.27,74.54,airwallex.com,True,
2026-09-14T21:06:55.352213+00:00,NZD->PHP,25000,Airwallex,36.154453,0.0,903861.33,74.54,airwallex.com,True,
2026-09-14T21:06:55.352213+00:00,NZD->PHP,50000,Airwallex,36.184205,0.0,1809210.25,66.37,airwallex.com,True,
2026-09-14T21:06:55.352213+00:00,SGD->PHP,200,Airwallex,49.305291,0.0,9861.06,33.87,airwallex.com,True,
2026-09-14T21:06:55.352213+00:00,SGD->PHP,200,Instarem,49.453,0.0,9890.6,4.01,instarem.com,True,
2026-09-14T21:06:55.352213+00:00,SGD->PHP,1000,Airwallex,49.305291,0.0,49305.29,33.87,airwallex.com,True,
2026-09-14T21:06:55.352213+00:00,SGD->PHP,1000,Instarem,49.453,0.0,49453.0,4.01,instarem.com,True,
2026-09-14T21:06:55.352213+00:00,SGD->PHP,5000,Airwallex,49.31823,0.0,246591.15,31.26,airwallex.com,True,
2026-09-14T21:06:55.352213+00:00,SGD->PHP,5000,Instarem,49.453,22.5,246152.31,49.0,instarem.com,True,
2026-09-14T21:06:55.352213+00:00,SGD->PHP,25000,Airwallex,49.31823,0.0,1232955.75,31.26,airwallex.com,True,
2026-09-14T21:06:55.352213+00:00,SGD->PHP,25000,Instarem,49.453,112.5,1230761.54,49.0,instarem.com,True,
2026-09-14T21:06:55.352213+00:00,SGD->PHP,50000,Airwallex,49.31823,0.0,2465911.5,31.26,airwallex.com,True,
2026-09-14T21:06:55.352213+00:00,SGD->PHP,50000,Instarem,49.453,225.0,2461523.08,49.0,instarem.com,True,
2026-09-14T21:06:55.352213+00:00,USD->MXN,200,Airwallex,17.114843,0.0,3422.97,-82.68,airwallex.com,True,
2026-09-14T21:06:55.352213+00:00,USD->MXN,1000,Airwallex,17.114843,0.0,17114.84,-82.67,airwallex.com,True,
2026-09-14T21:06:55.352213+00:00,USD->MXN,5000,Airwallex,17.114843,0.0,85574.22,-82.68,airwallex.com,True,
2026-09-14T21:06:55.352213+00:00,USD->MXN,25000,Airwallex,17.114843,0.0,427871.08,-82.68,airwallex.com,True,
2026-09-14T21:06:55.352213+00:00,USD->MXN,50000,Airwallex,17.114843,0.0,855742.15,-82.68,airwallex.com,True,
2026-09-14T22:06:52.764714+00:00,AUD->PHP,200,Airwallex,44.795657,0.0,8959.13,12.77,airwallex.com,True,
2026-09-14T22:06:52.764714+00:00,AUD->PHP,200,Instarem,44.846,0.0,8969.2,1.54,instarem.com,True,
2026-09-14T22:06:52.764714+00:00,AUD->PHP,1000,Airwallex,44.795657,0.0,44795.66,12.77,airwallex.com,True,
2026-09-14T22:06:52.764714+00:00,AUD->PHP,1000,Instarem,44.846,0.0,44846.0,1.54,instarem.com,True,
2026-09-14T22:06:52.764714+00:00,AUD->PHP,5000,Airwallex,44.795657,0.0,223978.29,12.77,airwallex.com,True,
2026-09-14T22:06:52.764714+00:00,AUD->PHP,5000,Instarem,44.846,35.0,222660.39,71.53,instarem.com,True,
2026-09-14T22:06:52.764714+00:00,AUD->PHP,25000,Airwallex,44.795657,0.0,1119891.43,12.77,airwallex.com,True,
2026-09-14T22:06:52.764714+00:00,AUD->PHP,25000,Instarem,44.846,150.0,1114423.1,61.53,instarem.com,True,
2026-09-14T22:06:52.764714+00:00,AUD->PHP,50000,Airwallex,44.795657,0.0,2239782.85,12.77,airwallex.com,True,
2026-09-14T22:06:52.764714+00:00,AUD->PHP,50000,Instarem,44.846,300.0,2228846.2,61.53,instarem.com,True,
2026-09-14T22:06:52.764714+00:00,NZD->PHP,200,Airwallex,36.255835,0.0,7251.17,46.71,airwallex.com,True,
2026-09-14T22:06:52.764714+00:00,NZD->PHP,1000,Airwallex,36.255835,0.0,36255.84,46.71,airwallex.com,True,
2026-09-14T22:06:52.764714+00:00,NZD->PHP,5000,Airwallex,36.255835,0.0,181279.18,46.71,airwallex.com,True,
2026-09-14T22:06:52.764714+00:00,NZD->PHP,25000,Airwallex,36.255835,0.0,906395.88,46.71,airwallex.com,True,
2026-09-14T22:06:52.764714+00:00,NZD->PHP,50000,Airwallex,36.255835,0.0,1812791.75,46.71,airwallex.com,True,
2026-09-14T22:06:52.764714+00:00,SGD->PHP,200,Airwallex,49.347054,0.0,9869.41,25.43,airwallex.com,True,
2026-09-14T22:06:52.764714+00:00,SGD->PHP,200,Instarem,49.4396,0.0,9887.92,6.72,instarem.com,True,
2026-09-14T22:06:52.764714+00:00,SGD->PHP,1000,Airwallex,49.347054,0.0,49347.05,25.43,airwallex.com,True,
2026-09-14T22:06:52.764714+00:00,SGD->PHP,1000,Instarem,49.4396,0.0,49439.6,6.72,instarem.com,True,
2026-09-14T22:06:52.764714+00:00,SGD->PHP,5000,Airwallex,49.347054,0.0,246735.27,25.43,airwallex.com,True,
2026-09-14T22:06:52.764714+00:00,SGD->PHP,5000,Instarem,49.4396,22.5,246085.61,51.69,instarem.com,True,
2026-09-14T22:06:52.764714+00:00,SGD->PHP,25000,Airwallex,49.365219,0.0,1234130.48,21.76,airwallex.com,True,
2026-09-14T22:06:52.764714+00:00,SGD->PHP,25000,Instarem,49.4396,112.5,1230428.05,51.69,instarem.com,True,
2026-09-14T22:06:52.764714+00:00,SGD->PHP,50000,Airwallex,49.365219,0.0,2468260.95,21.76,airwallex.com,True,
2026-09-14T22:06:52.764714+00:00,SGD->PHP,50000,Instarem,49.4396,225.0,2460856.09,51.69,instarem.com,True,
2026-09-14T22:06:52.764714+00:00,USD->MXN,200,Airwallex,17.130535,0.0,3426.11,-91.93,airwallex.com,True,
2026-09-14T22:06:52.764714+00:00,USD->MXN,1000,Airwallex,17.130535,0.0,17130.54,-91.92,airwallex.com,True,
2026-09-14T22:06:52.764714+00:00,USD->MXN,5000,Airwallex,17.130535,0.0,85652.68,-91.92,airwallex.com,True,
2026-09-14T22:06:52.764714+00:00,USD->MXN,25000,Airwallex,17.130535,0.0,428263.38,-91.92,airwallex.com,True,
2026-09-14T22:06:52.764714+00:00,USD->MXN,50000,Airwallex,17.130535,0.0,856526.75,-91.92,airwallex.com,True,
2026-09-14T23:06:56.755564+00:00,AUD->PHP,200,Airwallex,44.791048,0.0,8958.21,13.79,airwallex.com,True,
2026-09-14T23:06:56.755564+00:00,AUD->PHP,200,Instarem,44.846,0.0,8969.2,1.54,instarem.com,True,
2026-09-14T23:06:56.755564+00:00,AUD->PHP,1000,Airwallex,44.791048,0.0,44791.05,13.79,airwallex.com,True,
2026-09-14T23:06:56.755564+00:00,AUD->PHP,1000,Instarem,44.846,0.0,44846.0,1.54,instarem.com,True,
2026-09-14T23:06:56.755564+00:00,AUD->PHP,5000,Airwallex,44.791048,0.0,223955.24,13.79,airwallex.com,True,
2026-09-14T23:06:56.755564+00:00,AUD->PHP,5000,Instarem,44.846,35.0,222660.39,71.53,instarem.com,True,
2026-09-14T23:06:56.755564+00:00,AUD->PHP,25000,Airwallex,44.791048,0.0,1119776.2,13.79,airwallex.com,True,
2026-09-14T23:06:56.755564+00:00,AUD->PHP,25000,Instarem,44.846,150.0,1114423.1,61.53,instarem.com,True,
2026-09-14T23:06:56.755564+00:00,AUD->PHP,50000,Airwallex,44.791048,0.0,2239552.4,13.79,airwallex.com,True,
2026-09-14T23:06:56.755564+00:00,AUD->PHP,50000,Instarem,44.846,300.0,2228846.2,61.53,instarem.com,True,
2026-09-14T23:06:56.755564+00:00,NZD->PHP,200,Airwallex,36.260594,0.0,7252.12,45.4,airwallex.com,True,
2026-09-14T23:06:56.755564+00:00,NZD->PHP,1000,Airwallex,36.260594,0.0,36260.59,45.4,airwallex.com,True,
2026-09-14T23:06:56.755564+00:00,NZD->PHP,5000,Airwallex,36.259778,0.0,181298.89,45.63,airwallex.com,True,
2026-09-14T23:06:56.755564+00:00,NZD->PHP,25000,Airwallex,36.259778,0.0,906494.45,45.63,airwallex.com,True,
2026-09-14T23:06:56.755564+00:00,NZD->PHP,50000,Airwallex,36.259778,0.0,1812988.9,45.63,airwallex.com,True,
2026-09-14T23:06:56.755564+00:00,SGD->PHP,200,Airwallex,49.406207,0.0,9881.24,13.47,airwallex.com,True,
2026-09-14T23:06:56.755564+00:00,SGD->PHP,200,Instarem,49.4591,0.0,9891.82,2.78,instarem.com,True,
2026-09-14T23:06:56.755564+00:00,SGD->PHP,1000,Airwallex,49.406207,0.0,49406.21,13.47,airwallex.com,True,
2026-09-14T23:06:56.755564+00:00,SGD->PHP,1000,Instarem,49.4591,0.0,49459.1,2.78,instarem.com,True,
2026-09-14T23:06:56.755564+00:00,SGD->PHP,5000,Airwallex,49.406207,0.0,247031.04,13.47,airwallex.com,True,
2026-09-14T23:06:56.755564+00:00,SGD->PHP,5000,Instarem,49.4591,22.5,246182.67,47.77,instarem.com,True,
2026-09-14T23:06:56.755564+00:00,SGD->PHP,25000,Airwallex,49.406207,0.0,1235155.18,13.47,airwallex.com,True,
2026-09-14T23:06:56.755564+00:00,SGD->PHP,25000,Instarem,49.4591,112.5,1230913.35,47.77,instarem.com,True,
2026-09-14T23:06:56.755564+00:00,SGD->PHP,50000,Airwallex,49.406207,0.0,2470310.35,13.47,airwallex.com,True,
2026-09-14T23:06:56.755564+00:00,SGD->PHP,50000,Instarem,49.4591,225.0,2461826.7,47.77,instarem.com,True,
2026-09-14T23:06:56.755564+00:00,USD->MXN,200,Airwallex,17.129225,0.0,3425.85,-91.16,airwallex.com,True,
2026-09-14T23:06:56.755564+00:00,USD->MXN,1000,Airwallex,17.129225,0.0,17129.23,-91.15,airwallex.com,True,
2026-09-14T23:06:56.755564+00:00,USD->MXN,5000,Airwallex,17.129225,0.0,85646.13,-91.15,airwallex.com,True,
2026-09-14T23:06:56.755564+00:00,USD->MXN,25000,Airwallex,17.129225,0.0,428230.63,-91.15,airwallex.com,True,
2026-09-14T23:06:56.755564+00:00,USD->MXN,50000,Airwallex,17.129225,0.0,856461.25,-91.15,airwallex.com,True,
2026-09-15T00:06:57.697926+00:00,AUD->PHP,200,Airwallex,44.78038,0.0,8956.08,16.17,airwallex.com,True,
2026-09-15T00:06:57.697926+00:00,AUD->PHP,200,Instarem,44.826,0.0,8965.2,6.0,instarem.com,True,
2026-09-15T00:06:57.697926+00:00,AUD->PHP,1000,Airwallex,44.78038,0.0,44780.38,16.17,airwallex.com,True,
2026-09-15T00:06:57.697926+00:00,AUD->PHP,1000,Instarem,44.826,0.0,44826.0,6.0,instarem.com,True,
2026-09-15T00:06:57.697926+00:00,AUD->PHP,5000,Airwallex,44.78038,0.0,223901.9,16.17,airwallex.com,True,
2026-09-15T00:06:57.697926+00:00,AUD->PHP,5000,Instarem,44.826,35.0,222561.09,75.96,instarem.com,True,
2026-09-15T00:06:57.697926+00:00,AUD->PHP,25000,Airwallex,44.78038,0.0,1119509.5,16.17,airwallex.com,True,
2026-09-15T00:06:57.697926+00:00,AUD->PHP,25000,Instarem,44.826,150.0,1113926.1,65.97,instarem.com,True,
2026-09-15T00:06:57.697926+00:00,AUD->PHP,50000,Airwallex,44.78038,0.0,2239019.0,16.17,airwallex.com,True,
2026-09-15T00:06:57.697926+00:00,AUD->PHP,50000,Instarem,44.826,300.0,2227852.2,65.97,instarem.com,True,
2026-09-15T00:06:57.697926+00:00,NZD->PHP,200,Airwallex,36.255,0.0,7251.0,46.94,airwallex.com,True,
2026-09-15T00:06:57.697926+00:00,NZD->PHP,1000,Airwallex,36.252616,0.0,36252.62,47.59,airwallex.com,True,
2026-09-15T00:06:57.697926+00:00,NZD->PHP,5000,Airwallex,36.252616,0.0,181263.08,47.59,airwallex.com,True,
2026-09-15T00:06:57.697926+00:00,NZD->PHP,25000,Airwallex,36.252616,0.0,906315.4,47.59,airwallex.com,True,
2026-09-15T00:06:57.697926+00:00,NZD->PHP,50000,Airwallex,36.252616,0.0,1812630.8,47.59,airwallex.com,True,
2026-09-15T00:06:57.697926+00:00,SGD->PHP,200,Airwallex,49.392087,0.0,9878.42,16.32,airwallex.com,True,
2026-09-15T00:06:57.697926+00:00,SGD->PHP,200,Instarem,49.4343,0.0,9886.86,7.79,instarem.com,True,
2026-09-15T00:06:57.697926+00:00,SGD->PHP,1000,Airwallex,49.392087,0.0,49392.09,16.33,airwallex.com,True,
2026-09-15T00:06:57.697926+00:00,SGD->PHP,1000,Instarem,49.4343,0.0,49434.3,7.79,instarem.com,True,
2026-09-15T00:06:57.697926+00:00,SGD->PHP,5000,Airwallex,49.392087,0.0,246960.44,16.33,airwallex.com,True,
2026-09-15T00:06:57.697926+00:00,SGD->PHP,5000,Instarem,49.4343,22.5,246059.23,52.76,instarem.com,True,
2026-09-15T00:06:57.697926+00:00,SGD->PHP,25000,Airwallex,49.392087,0.0,1234802.18,16.33,airwallex.com,True,
2026-09-15T00:06:57.697926+00:00,SGD->PHP,25000,Instarem,49.4343,112.5,1230296.14,52.76,instarem.com,True,
2026-09-15T00:06:57.697926+00:00,SGD->PHP,50000,Airwallex,49.392087,0.0,2469604.35,16.33,airwallex.com,True,
2026-09-15T00:06:57.697926+00:00,SGD->PHP,50000,Instarem,49.4343,225.0,2460592.28,52.76,instarem.com,True,
2026-09-15T00:06:57.697926+00:00,USD->MXN,200,Airwallex,17.133652,0.0,3426.73,-93.76,airwallex.com,True,
2026-09-15T00:06:57.697926+00:00,USD->MXN,1000,Airwallex,17.133652,0.0,17133.65,-93.76,airwallex.com,True,
2026-09-15T00:06:57.697926+00:00,USD->MXN,5000,Airwallex,17.133652,0.0,85668.26,-93.76,airwallex.com,True,
2026-09-15T00:06:57.697926+00:00,USD->MXN,25000,Airwallex,17.133652,0.0,428341.3,-93.76,airwallex.com,True,
2026-09-15T00:06:57.697926+00:00,USD->MXN,50000,Airwallex,17.133652,0.0,856682.6,-93.76,airwallex.com,True,
2026-09-15T01:07:05.444161+00:00,AUD->PHP,200,Airwallex,44.783088,0.0,8956.62,22.6,airwallex.com,True,
2026-09-15T01:07:05.444161+00:00,AUD->PHP,200,Instarem,44.845,0.0,8969.0,8.81,instarem.com,True,
2026-09-15T01:07:05.444161+00:00,AUD->PHP,1000,Airwallex,44.783088,0.0,44783.09,22.6,airwallex.com,True,
2026-09-15T01:07:05.444161+00:00,AUD->PHP,1000,Instarem,44.845,0.0,44845.0,8.81,instarem.com,True,
2026-09-15T01:07:05.444161+00:00,AUD->PHP,5000,Airwallex,44.776147,0.0,223880.74,24.15,airwallex.com,True,
2026-09-15T01:07:05.444161+00:00,AUD->PHP,5000,Instarem,44.845,35.0,222655.43,78.74,instarem.com,True,
2026-09-15T01:07:05.444161+00:00,AUD->PHP,25000,Airwallex,44.776147,0.0,1119403.68,24.15,airwallex.com,True,
2026-09-15T01:07:05.444161+00:00,AUD->PHP,25000,Instarem,44.845,150.0,1114398.25,68.75,instarem.com,True,
2026-09-15T01:07:05.444161+00:00,AUD->PHP,50000,Airwallex,44.776147,0.0,2238807.35,24.15,airwallex.com,True,
2026-09-15T01:07:05.444161+00:00,AUD->PHP,50000,Instarem,44.845,300.0,2228796.5,68.75,instarem.com,True,
2026-09-15T01:07:05.444161+00:00,NZD->PHP,200,Airwallex,36.230145,0.0,7246.03,32.74,airwallex.com,True,
2026-09-15T01:07:05.444161+00:00,NZD->PHP,1000,Airwallex,36.230145,0.0,36230.15,32.74,airwallex.com,True,
2026-09-15T01:07:05.444161+00:00,NZD->PHP,5000,Airwallex,36.230145,0.0,181150.73,32.74,airwallex.com,True,
2026-09-15T01:07:05.444161+00:00,NZD->PHP,25000,Airwallex,36.230145,0.0,905753.63,32.74,airwallex.com,True,
2026-09-15T01:07:05.444161+00:00,NZD->PHP,50000,Airwallex,36.230145,0.0,1811507.25,32.74,airwallex.com,True,
2026-09-15T01:07:05.444161+00:00,SGD->PHP,200,Airwallex,49.385075,0.0,9877.02,26.21,airwallex.com,True,
2026-09-15T01:07:05.444161+00:00,SGD->PHP,200,Instarem,49.4625,0.0,9892.5,10.58,instarem.com,True,
2026-09-15T01:07:05.444161+00:00,SGD->PHP,1000,Airwallex,49.385075,0.0,49385.08,26.21,airwallex.com,True,
2026-09-15T01:07:05.444161+00:00,SGD->PHP,1000,Instarem,49.4625,0.0,49462.5,10.58,instarem.com,True,
2026-09-15T01:07:05.444161+00:00,SGD->PHP,5000,Airwallex,49.385075,0.0,246925.38,26.21,airwallex.com,True,
2026-09-15T01:07:05.444161+00:00,SGD->PHP,5000,Instarem,49.4625,22.5,246199.59,55.53,instarem.com,True,
2026-09-15T01:07:05.444161+00:00,SGD->PHP,25000,Airwallex,49.385075,0.0,1234626.88,26.21,airwallex.com,True,
2026-09-15T01:07:05.444161+00:00,SGD->PHP,25000,Instarem,49.4625,112.5,1230997.97,55.53,instarem.com,True,
2026-09-15T01:07:05.444161+00:00,SGD->PHP,50000,Airwallex,49.385075,0.0,2469253.75,26.21,airwallex.com,True,
2026-09-15T01:07:05.444161+00:00,SGD->PHP,50000,Instarem,49.4625,225.0,2461995.94,55.53,instarem.com,True,
2026-09-15T01:07:05.444161+00:00,USD->MXN,200,Airwallex,17.126688,0.0,3425.34,-3.29,airwallex.com,True,
2026-09-15T01:07:05.444161+00:00,USD->MXN,1000,Airwallex,17.126688,0.0,17126.69,-3.28,airwallex.com,True,
2026-09-15T01:07:05.444161+00:00,USD->MXN,5000,Airwallex,17.126688,0.0,85633.44,-3.28,airwallex.com,True,
2026-09-15T01:07:05.444161+00:00,USD->MXN,25000,Airwallex,17.126688,0.0,428167.2,-3.28,airwallex.com,True,
2026-09-15T01:07:05.444161+00:00,USD->MXN,50000,Airwallex,17.126688,0.0,856334.4,-3.28,airwallex.com,True,
2026-09-15T02:06:55.071287+00:00,AUD->PHP,200,Airwallex,44.733375,0.0,8946.68,33.67,airwallex.com,True,
2026-09-15T02:06:55.071287+00:00,AUD->PHP,200,Instarem,44.778,0.0,8955.6,23.73,instarem.com,True,
2026-09-15T02:06:55.071287+00:00,AUD->PHP,1000,Airwallex,44.733375,0.0,44733.38,33.67,airwallex.com,True,
2026-09-15T02:06:55.071287+00:00,AUD->PHP,1000,Instarem,44.778,0.0,44778.0,23.73,instarem.com,True,
2026-09-15T02:06:55.071287+00:00,AUD->PHP,5000,Airwallex,44.733375,0.0,223666.88,33.67,airwallex.com,True,
2026-09-15T02:06:55.071287+00:00,AUD->PHP,5000,Instarem,44.778,35.0,222322.77,93.57,instarem.com,True,
2026-09-15T02:06:55.071287+00:00,AUD->PHP,25000,Airwallex,44.733375,0.0,1118334.38,33.67,airwallex.com,True,
2026-09-15T02:06:55.071287+00:00,AUD->PHP,25000,Instarem,44.778,150.0,1112733.3,83.59,instarem.com,True,
2026-09-15T02:06:55.071287+00:00,AUD->PHP,50000,Airwallex,44.733375,0.0,2236668.75,33.67,airwallex.com,True,
2026-09-15T02:06:55.071287+00:00,AUD->PHP,50000,Instarem,44.778,300.0,2225466.6,83.59,instarem.com,True,
2026-09-15T02:06:55.071287+00:00,NZD->PHP,200,Airwallex,36.148977,0.0,7229.8,55.06,airwallex.com,True,
2026-09-15T02:06:55.071287+00:00,NZD->PHP,1000,Airwallex,36.148977,0.0,36148.98,55.07,airwallex.com,True,
2026-09-15T02:06:55.071287+00:00,NZD->PHP,5000,Airwallex,36.148977,0.0,180744.89,55.07,airwallex.com,True,
2026-09-15T02:06:55.071287+00:00,NZD->PHP,25000,Airwallex,36.148977,0.0,903724.43,55.07,airwallex.com,True,
2026-09-15T02:06:55.071287+00:00,NZD->PHP,50000,Airwallex,36.145088,0.0,1807254.4,56.14,airwallex.com,True,
2026-09-15T02:06:55.071287+00:00,SGD->PHP,200,Airwallex,49.321961,0.0,9864.39,38.96,airwallex.com,True,
2026-09-15T02:06:55.071287+00:00,SGD->PHP,200,Instarem,49.3741,0.0,9874.82,28.43,instarem.com,True,
2026-09-15T02:06:55.071287+00:00,SGD->PHP,1000,Airwallex,49.321961,0.0,49321.96,38.96,airwallex.com,True,
2026-09-15T02:06:55.071287+00:00,SGD->PHP,1000,Instarem,49.3741,0.0,49374.1,28.43,instarem.com,True,
2026-09-15T02:06:55.071287+00:00,SGD->PHP,5000,Airwallex,49.323008,0.0,246615.04,38.75,airwallex.com,True,
2026-09-15T02:06:55.071287+00:00,SGD->PHP,5000,Instarem,49.3741,22.5,245759.58,73.3,instarem.com,True,
2026-09-15T02:06:55.071287+00:00,SGD->PHP,25000,Airwallex,49.323008,0.0,1233075.2,38.75,airwallex.com,True,
2026-09-15T02:06:55.071287+00:00,SGD->PHP,25000,Instarem,49.3741,112.5,1228797.91,73.3,instarem.com,True,
2026-09-15T02:06:55.071287+00:00,SGD->PHP,50000,Airwallex,49.323008,0.0,2466150.4,38.75,airwallex.com,True,
2026-09-15T02:06:55.071287+00:00,SGD->PHP,50000,Instarem,49.3741,225.0,2457595.83,73.3,instarem.com,True,
2026-09-15T02:06:55.071287+00:00,USD->MXN,200,Airwallex,17.133112,0.0,3426.62,-7.03,airwallex.com,True,
2026-09-15T02:06:55.071287+00:00,USD->MXN,1000,Airwallex,17.133112,0.0,17133.11,-7.03,airwallex.com,True,
2026-09-15T02:06:55.071287+00:00,USD->MXN,5000,Airwallex,17.133112,0.0,85665.56,-7.03,airwallex.com,True,
2026-09-15T02:06:55.071287+00:00,USD->MXN,25000,Airwallex,17.133112,0.0,428327.8,-7.03,airwallex.com,True,
2026-09-15T02:06:55.071287+00:00,USD->MXN,50000,Airwallex,17.133112,0.0,856655.6,-7.03,airwallex.com,True,
2026-09-15T03:07:03.719235+00:00,AUD->PHP,200,Airwallex,44.744957,0.0,8948.99,31.1,airwallex.com,True,
2026-09-15T03:07:03.719235+00:00,AUD->PHP,200,Instarem,44.8,0.0,8960.0,18.83,instarem.com,True,
2026-09-15T03:07:03.719235+00:00,AUD->PHP,1000,Airwallex,44.744957,0.0,44744.96,31.09,airwallex.com,True,
2026-09-15T03:07:03.719235+00:00,AUD->PHP,1000,Instarem,44.8,0.0,44800.0,18.83,instarem.com,True,
2026-09-15T03:07:03.719235+00:00,AUD->PHP,5000,Airwallex,44.744957,0.0,223724.79,31.09,airwallex.com,True,
2026-09-15T03:07:03.719235+00:00,AUD->PHP,5000,Instarem,44.8,35.0,222432.0,88.7,instarem.com,True,
2026-09-15T03:07:03.719235+00:00,AUD->PHP,25000,Airwallex,44.744957,0.0,1118623.93,31.09,airwallex.com,True,
2026-09-15T03:07:03.719235+00:00,AUD->PHP,25000,Instarem,44.8,150.0,1113280.0,78.72,instarem.com,True,
2026-09-15T03:07:03.719235+00:00,AUD->PHP,50000,Airwallex,44.745736,0.0,2237286.8,30.92,airwallex.com,True,
2026-09-15T03:07:03.719235+00:00,AUD->PHP,50000,Instarem,44.8,300.0,2226560.0,78.72,instarem.com,True,
2026-09-15T03:07:03.719235+00:00,NZD->PHP,200,Airwallex,36.125602,0.0,7225.12,61.5,airwallex.com,True,
2026-09-15T03:07:03.719235+00:00,NZD->PHP,1000,Airwallex,36.125602,0.0,36125.6,61.5,airwallex.com,True,
2026-09-15T03:07:03.719235+00:00,NZD->PHP,5000,Airwallex,36.125602,0.0,180628.01,61.5,airwallex.com,True,
2026-09-15T03:07:03.719235+00:00,NZD->PHP,25000,Airwallex,36.125602,0.0,903140.05,61.5,airwallex.com,True,
2026-09-15T03:07:03.719235+00:00,NZD->PHP,50000,Airwallex,36.125602,0.0,1806280.1,61.5,airwallex.com,True,
2026-09-15T03:07:03.719235+00:00,SGD->PHP,200,Airwallex,49.333591,0.0,9866.72,36.61,airwallex.com,True,
2026-09-15T03:07:03.719235+00:00,SGD->PHP,200,Instarem,49.3953,0.0,9879.06,24.15,instarem.com,True,
2026-09-15T03:07:03.719235+00:00,SGD->PHP,1000,Airwallex,49.333591,0.0,49333.59,36.61,airwallex.com,True,
2026-09-15T03:07:03.719235+00:00,SGD->PHP,1000,Instarem,49.3953,0.0,49395.3,24.15,instarem.com,True,
2026-09-15T03:07:03.719235+00:00,SGD->PHP,5000,Airwallex,49.333591,0.0,246667.96,36.61,airwallex.com,True,
2026-09-15T03:07:03.719235+00:00,SGD->PHP,5000,Instarem,49.3953,22.5,245865.11,69.04,instarem.com,True,
2026-09-15T03:07:03.719235+00:00,SGD->PHP,25000,Airwallex,49.333591,0.0,1233339.78,36.61,airwallex.com,True,
2026-09-15T03:07:03.719235+00:00,SGD->PHP,25000,Instarem,49.3953,112.5,1229325.53,69.04,instarem.com,True,
2026-09-15T03:07:03.719235+00:00,SGD->PHP,50000,Airwallex,49.333591,0.0,2466679.55,36.61,airwallex.com,True,
2026-09-15T03:07:03.719235+00:00,SGD->PHP,50000,Instarem,49.3953,225.0,2458651.06,69.04,instarem.com,True,
2026-09-15T03:07:03.719235+00:00,USD->MXN,200,Airwallex,17.13822,0.0,3427.64,-10.0,airwallex.com,True,
2026-09-15T03:07:03.719235+00:00,USD->MXN,1000,Airwallex,17.13822,0.0,17138.22,-10.02,airwallex.com,True,
2026-09-15T03:07:03.719235+00:00,USD->MXN,5000,Airwallex,17.13822,0.0,85691.1,-10.02,airwallex.com,True,
2026-09-15T03:07:03.719235+00:00,USD->MXN,25000,Airwallex,17.13822,0.0,428455.5,-10.02,airwallex.com,True,
2026-09-15T03:07:03.719235+00:00,USD->MXN,50000,Airwallex,17.13822,0.0,856911.0,-10.02,airwallex.com,True,
2026-09-15T04:06:57.429968+00:00,AUD->PHP,200,Airwallex,44.685703,0.0,8937.14,44.3,airwallex.com,True,
2026-09-15T04:06:57.429968+00:00,AUD->PHP,200,Instarem,44.717,0.0,8943.4,37.32,instarem.com,True,
2026-09-15T04:06:57.429968+00:00,AUD->PHP,1000,Airwallex,44.685703,0.0,44685.7,44.3,airwallex.com,True,
2026-09-15T04:06:57.429968+00:00,AUD->PHP,1000,Instarem,44.717,0.0,44717.0,37.32,instarem.com,True,
2026-09-15T04:06:57.429968+00:00,AUD->PHP,5000,Airwallex,44.685703,0.0,223428.52,44.3,airwallex.com,True,
2026-09-15T04:06:57.429968+00:00,AUD->PHP,5000,Instarem,44.717,35.0,222019.91,107.06,instarem.com,True,
2026-09-15T04:06:57.429968+00:00,AUD->PHP,25000,Airwallex,44.685703,0.0,1117142.58,44.3,airwallex.com,True,
2026-09-15T04:06:57.429968+00:00,AUD->PHP,25000,Instarem,44.717,150.0,1111217.45,97.1,instarem.com,True,
2026-09-15T04:06:57.429968+00:00,AUD->PHP,50000,Airwallex,44.685703,0.0,2234285.15,44.3,airwallex.com,True,
2026-09-15T04:06:57.429968+00:00,AUD->PHP,50000,Instarem,44.717,300.0,2222434.9,97.1,instarem.com,True,
2026-09-15T04:06:57.429968+00:00,NZD->PHP,200,Airwallex,36.102511,0.0,7220.5,67.85,airwallex.com,True,
2026-09-15T04:06:57.429968+00:00,NZD->PHP,1000,Airwallex,36.102511,0.0,36102.51,67.85,airwallex.com,True,
2026-09-15T04:06:57.429968+00:00,NZD->PHP,5000,Airwallex,36.102511,0.0,180512.56,67.85,airwallex.com,True,
2026-09-15T04:06:57.429968+00:00,NZD->PHP,25000,Airwallex,36.10044,0.0,902511.0,68.42,airwallex.com,True,
2026-09-15T04:06:57.429968+00:00,NZD->PHP,50000,Airwallex,36.10044,0.0,1805022.0,68.42,airwallex.com,True,
2026-09-15T04:06:57.429968+00:00,SGD->PHP,200,Airwallex,49.343411,0.0,9868.68,34.63,airwallex.com,True,
2026-09-15T04:06:57.429968+00:00,SGD->PHP,200,Instarem,49.3969,0.0,9879.38,23.82,instarem.com,True,
2026-09-15T04:06:57.429968+00:00,SGD->PHP,1000,Airwallex,49.340967,0.0,49340.97,35.12,airwallex.com,True,
2026-09-15T04:06:57.429968+00:00,SGD->PHP,1000,Instarem,49.3969,0.0,49396.9,23.82,instarem.com,True,
2026-09-15T04:06:57.429968+00:00,SGD->PHP,5000,Airwallex,49.340967,0.0,246704.84,35.12,airwallex.com,True,
2026-09-15T04:06:57.429968+00:00,SGD->PHP,5000,Instarem,49.3969,22.5,245873.07,68.72,instarem.com,True,
2026-09-15T04:06:57.429968+00:00,SGD->PHP,25000,Airwallex,49.340967,0.0,1233524.18,35.12,airwallex.com,True,
2026-09-15T04:06:57.429968+00:00,SGD->PHP,25000,Instarem,49.3969,112.5,1229365.35,68.72,instarem.com,True,
2026-09-15T04:06:57.429968+00:00,SGD->PHP,50000,Airwallex,49.340967,0.0,2467048.35,35.12,airwallex.com,True,
2026-09-15T04:06:57.429968+00:00,SGD->PHP,50000,Instarem,49.3969,225.0,2458730.7,68.72,instarem.com,True,
2026-09-15T04:06:57.429968+00:00,USD->MXN,200,Airwallex,17.144367,0.0,3428.87,-13.6,airwallex.com,True,
2026-09-15T04:06:57.429968+00:00,USD->MXN,1000,Airwallex,17.144367,0.0,17144.37,-13.61,airwallex.com,True,
2026-09-15T04:06:57.429968+00:00,USD->MXN,5000,Airwallex,17.144367,0.0,85721.84,-13.61,airwallex.com,True,
2026-09-15T04:06:57.429968+00:00,USD->MXN,25000,Airwallex,17.144367,0.0,428609.18,-13.61,airwallex.com,True,
2026-09-15T04:06:57.429968+00:00,USD->MXN,50000,Airwallex,17.144367,0.0,857218.35,-13.61,airwallex.com,True,
2026-09-15T05:06:52.486948+00:00,AUD->PHP,200,Airwallex,44.695644,0.0,8939.13,42.08,airwallex.com,True,
2026-09-15T05:06:52.486948+00:00,AUD->PHP,200,Instarem,44.725,0.0,8945.0,35.54,instarem.com,True,
2026-09-15T05:06:52.486948+00:00,AUD->PHP,1000,Airwallex,44.695644,0.0,44695.64,42.08,airwallex.com,True,
2026-09-15T05:06:52.486948+00:00,AUD->PHP,1000,Instarem,44.725,0.0,44725.0,35.54,instarem.com,True,
2026-09-15T05:06:52.486948+00:00,AUD->PHP,5000,Airwallex,44.695644,0.0,223478.22,42.08,airwallex.com,True,
2026-09-15T05:06:52.486948+00:00,AUD->PHP,5000,Instarem,44.725,35.0,222059.63,105.29,instarem.com,True,
2026-09-15T05:06:52.486948+00:00,AUD->PHP,25000,Airwallex,44.695644,0.0,1117391.1,42.08,airwallex.com,True,
2026-09-15T05:06:52.486948+00:00,AUD->PHP,25000,Instarem,44.725,150.0,1111416.25,95.33,instarem.com,True,
2026-09-15T05:06:52.486948+00:00,AUD->PHP,50000,Airwallex,44.695644,0.0,2234782.2,42.08,airwallex.com,True,
2026-09-15T05:06:52.486948+00:00,AUD->PHP,50000,Instarem,44.725,300.0,2222832.5,95.33,instarem.com,True,
2026-09-15T05:06:52.486948+00:00,NZD->PHP,200,Airwallex,36.127024,0.0,7225.4,61.11,airwallex.com,True,
2026-09-15T05:06:52.486948+00:00,NZD->PHP,1000,Airwallex,36.127024,0.0,36127.02,61.11,airwallex.com,True,
2026-09-15T05:06:52.486948+00:00,NZD->PHP,5000,Airwallex,36.127024,0.0,180635.12,61.11,airwallex.com,True,
2026-09-15T05:06:52.486948+00:00,NZD->PHP,25000,Airwallex,36.127024,0.0,903175.6,61.11,airwallex.com,True,
2026-09-15T05:06:52.486948+00:00,NZD->PHP,50000,Airwallex,36.127024,0.0,1806351.2,61.11,airwallex.com,True,
2026-09-15T05:06:52.486948+00:00,SGD->PHP,200,Airwallex,49.33665,0.0,9867.33,35.99,airwallex.com,True,
2026-09-15T05:06:52.486948+00:00,SGD->PHP,200,Instarem,49.3931,0.0,9878.62,24.59,instarem.com,True,
2026-09-15T05:06:52.486948+00:00,SGD->PHP,1000,Airwallex,49.33665,0.0,49336.65,35.99,airwallex.com,True,
2026-09-15T05:06:52.486948+00:00,SGD->PHP,1000,Instarem,49.3931,0.0,49393.1,24.59,instarem.com,True,
2026-09-15T05:06:52.486948+00:00,SGD->PHP,5000,Airwallex,49.33665,0.0,246683.25,35.99,airwallex.com,True,
2026-09-15T05:06:52.486948+00:00,SGD->PHP,5000,Instarem,49.3931,22.5,245854.16,69.48,instarem.com,True,
2026-09-15T05:06:52.486948+00:00,SGD->PHP,25000,Airwallex,49.33665,0.0,1233416.25,35.99,airwallex.com,True,
2026-09-15T05:06:52.486948+00:00,SGD->PHP,25000,Instarem,49.3931,112.5,1229270.78,69.48,instarem.com,True,
2026-09-15T05:06:52.486948+00:00,SGD->PHP,50000,Airwallex,49.33665,0.0,2466832.5,35.99,airwallex.com,True,
2026-09-15T05:06:52.486948+00:00,SGD->PHP,50000,Instarem,49.3931,225.0,2458541.55,69.48,instarem.com,True,
2026-09-15T05:06:52.486948+00:00,USD->MXN,200,Airwallex,17.153168,0.0,3430.63,-18.74,airwallex.com,True,
2026-09-15T05:06:52.486948+00:00,USD->MXN,1000,Airwallex,17.153168,0.0,17153.17,-18.75,airwallex.com,True,
2026-09-15T05:06:52.486948+00:00,USD->MXN,5000,Airwallex,17.153168,0.0,85765.84,-18.75,airwallex.com,True,
2026-09-15T05:06:52.486948+00:00,USD->MXN,25000,Airwallex,17.153168,0.0,428829.2,-18.75,airwallex.com,True,
2026-09-15T05:06:52.486948+00:00,USD->MXN,50000,Airwallex,17.153168,0.0,857658.4,-18.75,airwallex.com,True,
