ts_utc,venue,ccy,usdt_mid,usdc_mid,spread_bps,source_ok,error
2026-09-02T10:00:17.713444+00:00,IndependentReserve,SGD,1.27305,1.27403,7.7,True,
2026-09-02T10:00:17.713444+00:00,Coins.ph,PHP,62.635,62.645,1.6,True,
2026-09-02T10:00:17.713444+00:00,BTCTurk,TRY,48.173,48.166,-1.45,True,
2026-09-02T10:00:17.713444+00:00,Upbit,KRW,1375.0,1375.0,0.0,True,
2026-09-02T10:00:17.713444+00:00,Indodax,IDR,17729.5,17709.5,-11.28,True,
2026-09-02T10:00:17.713444+00:00,Bitkub,THB,33.255,33.27,4.51,True,
2026-09-02T10:00:17.713444+00:00,Bithumb,KRW,1375.5,1376.0,3.64,True,
2026-09-02T10:00:17.713444+00:00,Coinone,KRW,1375.5,1375.5,0.0,True,
2026-09-02T10:00:17.713444+00:00,Paribu,TRY,48.2005,48.1875,-2.7,True,
2026-09-02T10:00:17.713444+00:00,Pintu,IDR,17738.0,17756.0,10.15,True,
2026-09-02T10:00:17.713444+00:00,Foxbit,BRL,5.17155,5.17205,0.97,True,
2026-09-02T10:00:17.713444+00:00,MercadoBitcoin,BRL,5.17005,5.173,5.71,True,
2026-09-02T11:44:36.839054+00:00,IndependentReserve,SGD,1.272095,1.27194,-1.22,True,
2026-09-02T11:44:36.839054+00:00,Coins.ph,PHP,62.575,62.585,1.6,True,
2026-09-02T11:44:36.839054+00:00,BTCTurk,TRY,48.1705,48.131,-8.2,True,
2026-09-02T11:44:36.839054+00:00,Upbit,KRW,1373.0,1373.0,0.0,True,
2026-09-02T11:44:36.839054+00:00,Indodax,IDR,17735.0,17712.0,-12.97,True,
2026-09-02T11:44:36.839054+00:00,Bitkub,THB,33.205,33.21,1.51,True,
2026-09-02T11:44:36.839054+00:00,Bithumb,KRW,1372.5,1373.0,3.64,True,
2026-09-02T11:44:36.839054+00:00,Coinone,KRW,1372.5,1372.5,0.0,True,
2026-09-02T11:44:36.839054+00:00,Paribu,TRY,48.1965,48.1675,-6.02,True,
2026-09-02T11:44:36.839054+00:00,Pintu,IDR,17725.0,17756.0,17.49,True,
2026-09-02T11:44:36.839054+00:00,Foxbit,BRL,5.16995,5.16965,-0.58,True,
2026-09-02T11:44:36.839054+00:00,MercadoBitcoin,BRL,5.17095,5.1689,-3.96,True,
2026-09-02T14:17:12.154336+00:00,IndependentReserve,SGD,1.2698,1.27021,3.23,True,
2026-09-02T14:17:12.154336+00:00,Coins.ph,PHP,62.505,62.515,1.6,True,
2026-09-02T14:17:12.154336+00:00,BTCTurk,TRY,48.2025,48.197,-1.14,True,
2026-09-02T14:17:12.154336+00:00,Upbit,KRW,1372.0,1373.0,7.29,True,
2026-09-02T14:17:12.154336+00:00,Indodax,IDR,17699.5,17691.5,-4.52,True,
2026-09-02T14:17:12.154336+00:00,Bitkub,THB,33.095,33.115,6.04,True,
2026-09-02T14:17:12.154336+00:00,Bithumb,KRW,1371.5,1372.5,7.29,True,
2026-09-02T14:17:12.154336+00:00,Coinone,KRW,1371.5,1372.5,7.29,True,
2026-09-02T14:17:12.154336+00:00,Paribu,TRY,48.1875,48.178,-1.97,True,
2026-09-02T14:17:12.154336+00:00,Pintu,IDR,17720.0,17746.0,14.67,True,
2026-09-02T14:17:12.154336+00:00,Foxbit,BRL,5.13635,5.1384,3.99,True,
2026-09-02T14:17:12.154336+00:00,MercadoBitcoin,BRL,5.13835,5.14065,4.48,True,
2026-09-02T15:05:17.139469+00:00,IndependentReserve,SGD,1.27005,1.27067,4.88,True,
2026-09-02T15:05:17.139469+00:00,Coins.ph,PHP,62.515,62.525,1.6,True,
2026-09-02T15:05:17.139469+00:00,BTCTurk,TRY,48.221,48.2025,-3.84,True,
2026-09-02T15:05:17.139469+00:00,Upbit,KRW,1373.0,1373.0,0.0,True,
2026-09-02T15:05:17.139469+00:00,Indodax,IDR,17701.5,17691.5,-5.65,True,
2026-09-02T15:05:17.139469+00:00,Bitkub,THB,33.12,33.12,0.0,True,
2026-09-02T15:05:17.139469+00:00,Bithumb,KRW,1373.5,1374.5,7.28,True,
2026-09-02T15:05:17.139469+00:00,Coinone,KRW,1373.5,1373.5,0.0,True,
2026-09-02T15:05:17.139469+00:00,Paribu,TRY,48.1975,48.169,-5.91,True,
2026-09-02T15:05:17.139469+00:00,Pintu,IDR,17710.0,17726.0,9.03,True,
2026-09-02T15:05:17.139469+00:00,Foxbit,BRL,5.11845,5.12085,4.69,True,
2026-09-02T15:05:17.139469+00:00,MercadoBitcoin,BRL,5.12055,5.1207,0.29,True,
2026-09-02T16:05:17.755649+00:00,IndependentReserve,SGD,1.270195,1.270445,1.97,True,
2026-09-02T16:05:17.755649+00:00,Coins.ph,PHP,62.505,62.525,3.2,True,
2026-09-02T16:05:17.755649+00:00,BTCTurk,TRY,48.2085,48.1705,-7.88,True,
2026-09-02T16:05:17.755649+00:00,Upbit,KRW,1374.0,1374.0,0.0,True,
2026-09-02T16:05:17.755649+00:00,Indodax,IDR,17700.5,17691.5,-5.08,True,
2026-09-02T16:05:17.755649+00:00,Bitkub,THB,33.135,33.145,3.02,True,
2026-09-02T16:05:17.755649+00:00,Bithumb,KRW,1374.5,1375.5,7.28,True,
2026-09-02T16:05:17.755649+00:00,Coinone,KRW,1374.5,1374.5,0.0,True,
2026-09-02T16:05:17.755649+00:00,Paribu,TRY,48.2205,48.1805,-8.3,True,
2026-09-02T16:05:17.755649+00:00,Pintu,IDR,17709.0,17728.0,10.73,True,
2026-09-02T16:05:17.755649+00:00,Foxbit,BRL,5.11815,5.11945,2.54,True,
2026-09-02T16:05:17.755649+00:00,MercadoBitcoin,BRL,5.11815,5.1224,8.3,True,
2026-09-02T17:05:16.659865+00:00,IndependentReserve,SGD,1.270755,1.27152,6.02,True,
2026-09-02T17:05:16.659865+00:00,Coins.ph,PHP,62.515,62.525,1.6,True,
2026-09-02T17:05:16.659865+00:00,BTCTurk,TRY,48.22,48.168,-10.78,True,
2026-09-02T17:05:16.659865+00:00,Upbit,KRW,1375.0,1375.0,0.0,True,
2026-09-02T17:05:16.659865+00:00,Indodax,IDR,17691.5,17711.5,11.3,True,
2026-09-02T17:05:16.659865+00:00,Bitkub,THB,33.135,33.15,4.53,True,
2026-09-02T17:05:16.659865+00:00,Bithumb,KRW,1374.5,1375.5,7.28,True,
2026-09-02T17:05:16.659865+00:00,Coinone,KRW,1374.5,1375.5,7.28,True,
2026-09-02T17:05:16.659865+00:00,Paribu,TRY,48.2205,48.1905,-6.22,True,
2026-09-02T17:05:16.659865+00:00,Pintu,IDR,17702.0,17726.0,13.56,True,
2026-09-02T17:05:16.659865+00:00,Foxbit,BRL,5.1147,5.1168,4.11,True,
2026-09-02T17:05:16.659865+00:00,MercadoBitcoin,BRL,5.11545,5.11665,2.35,True,
2026-09-02T18:05:21.692927+00:00,IndependentReserve,SGD,1.27075,1.27093,1.42,True,
2026-09-02T18:05:21.692927+00:00,Coins.ph,PHP,62.515,62.525,1.6,True,
2026-09-02T18:05:21.692927+00:00,BTCTurk,TRY,48.2295,48.1665,-13.06,True,
2026-09-02T18:05:21.692927+00:00,Upbit,KRW,1375.0,1378.0,21.82,True,
2026-09-02T18:05:21.692927+00:00,Indodax,IDR,17676.5,17692.0,8.77,True,
2026-09-02T18:05:21.692927+00:00,Bitkub,THB,33.115,33.145,9.06,True,
2026-09-02T18:05:21.692927+00:00,Bithumb,KRW,1374.5,1375.5,7.28,True,
2026-09-02T18:05:21.692927+00:00,Coinone,KRW,1375.5,1375.5,0.0,True,
2026-09-02T18:05:21.692927+00:00,Paribu,TRY,48.2205,48.1955,-5.18,True,
2026-09-02T18:05:21.692927+00:00,Pintu,IDR,17700.0,17726.0,14.69,True,
2026-09-02T18:05:21.692927+00:00,Foxbit,BRL,5.11655,5.1203,7.33,True,
2026-09-02T18:05:21.692927+00:00,MercadoBitcoin,BRL,5.11455,5.1207,12.02,True,
2026-09-02T19:05:19.540259+00:00,IndependentReserve,SGD,1.270995,1.270975,-0.16,True,
2026-09-02T19:05:19.540259+00:00,Coins.ph,PHP,62.525,62.535,1.6,True,
2026-09-02T19:05:19.540259+00:00,BTCTurk,TRY,48.2235,48.171,-10.89,True,
2026-09-02T19:05:19.540259+00:00,Upbit,KRW,1375.0,1378.0,21.82,True,
2026-09-02T19:05:19.540259+00:00,Indodax,IDR,17680.5,17704.5,13.57,True,
2026-09-02T19:05:19.540259+00:00,Bitkub,THB,33.135,33.145,3.02,True,
2026-09-02T19:05:19.540259+00:00,Bithumb,KRW,1374.5,1375.5,7.28,True,
2026-09-02T19:05:19.540259+00:00,Coinone,KRW,1375.5,1375.5,0.0,True,
2026-09-02T19:05:19.540259+00:00,Paribu,TRY,48.2205,48.195,-5.29,True,
2026-09-02T19:05:19.540259+00:00,Pintu,IDR,17705.0,17725.0,11.3,True,
2026-09-02T19:05:19.540259+00:00,Foxbit,BRL,5.1212,5.12375,4.98,True,
2026-09-02T19:05:19.540259+00:00,MercadoBitcoin,BRL,5.11985,5.12425,8.59,True,
2026-09-02T20:05:15.321203+00:00,IndependentReserve,SGD,1.27075,1.2711,2.75,True,
2026-09-02T20:05:15.321203+00:00,Coins.ph,PHP,62.525,62.535,1.6,True,
2026-09-02T20:05:15.321203+00:00,BTCTurk,TRY,48.2485,48.1785,-14.51,True,
2026-09-02T20:05:15.321203+00:00,Upbit,KRW,1375.0,1376.0,7.27,True,
2026-09-02T20:05:15.321203+00:00,Indodax,IDR,17695.5,17716.0,11.58,True,
2026-09-02T20:05:15.321203+00:00,Bitkub,THB,33.135,33.13,-1.51,True,
2026-09-02T20:05:15.321203+00:00,Bithumb,KRW,1374.5,1375.5,7.28,True,
2026-09-02T20:05:15.321203+00:00,Coinone,KRW,1374.5,1375.5,7.28,True,
2026-09-02T20:05:15.321203+00:00,Paribu,TRY,48.2065,48.196,-2.18,True,
2026-09-02T20:05:15.321203+00:00,Pintu,IDR,17697.0,17725.0,15.82,True,
2026-09-02T20:05:15.321203+00:00,Foxbit,BRL,5.12075,5.1206,-0.29,True,
2026-09-02T20:05:15.321203+00:00,MercadoBitcoin,BRL,5.11895,5.1194,0.88,True,
2026-09-02T21:05:16.704029+00:00,IndependentReserve,SGD,1.270685,1.270545,-1.1,True,
2026-09-02T21:05:16.704029+00:00,Coins.ph,PHP,62.595,62.595,0.0,True,
2026-09-02T21:05:16.704029+00:00,BTCTurk,TRY,48.2365,48.229,-1.55,True,
2026-09-02T21:05:16.704029+00:00,Upbit,KRW,1376.0,1375.0,-7.27,True,
2026-09-02T21:05:16.704029+00:00,Indodax,IDR,17695.5,17710.5,8.48,True,
2026-09-02T21:05:16.704029+00:00,Bitkub,THB,33.135,33.14,1.51,True,
2026-09-02T21:05:16.704029+00:00,Bithumb,KRW,1375.5,1376.5,7.27,True,
2026-09-02T21:05:16.704029+00:00,Coinone,KRW,1375.5,1376.5,7.27,True,
2026-09-02T21:05:16.704029+00:00,Paribu,TRY,48.2175,48.21,-1.56,True,
2026-09-02T21:05:16.704029+00:00,Pintu,IDR,17709.0,17723.0,7.91,True,
2026-09-02T21:05:16.704029+00:00,Foxbit,BRL,5.10325,5.10515,3.72,True,
2026-09-02T21:05:16.704029+00:00,MercadoBitcoin,BRL,5.10495,5.104,-1.86,True,
2026-09-02T22:05:14.937696+00:00,IndependentReserve,SGD,1.270805,1.27133,4.13,True,
2026-09-02T22:05:14.937696+00:00,Coins.ph,PHP,62.575,62.575,0.0,True,
2026-09-02T22:05:14.937696+00:00,BTCTurk,TRY,48.2275,48.22,-1.56,True,
2026-09-02T22:05:14.937696+00:00,Upbit,KRW,1378.0,1379.0,7.26,True,
2026-09-02T22:05:14.937696+00:00,Indodax,IDR,17692.5,17703.0,5.93,True,
2026-09-02T22:05:14.937696+00:00,Bitkub,THB,33.135,33.14,1.51,True,
2026-09-02T22:05:14.937696+00:00,Bithumb,KRW,1376.5,1377.5,7.26,True,
2026-09-02T22:05:14.937696+00:00,Coinone,KRW,1377.5,1377.5,0.0,True,
2026-09-02T22:05:14.937696+00:00,Paribu,TRY,48.2195,48.1975,-4.56,True,
2026-09-02T22:05:14.937696+00:00,Pintu,IDR,17708.0,17723.0,8.47,True,
2026-09-02T22:05:14.937696+00:00,Foxbit,BRL,5.11945,5.1201,1.27,True,
2026-09-02T22:05:14.937696+00:00,MercadoBitcoin,BRL,5.11995,5.11955,-0.78,True,
2026-09-02T23:05:20.120417+00:00,IndependentReserve,SGD,1.27097,1.271995,8.06,True,
2026-09-02T23:05:20.120417+00:00,Coins.ph,PHP,62.565,62.575,1.6,True,
2026-09-02T23:05:20.120417+00:00,BTCTurk,TRY,48.2405,48.223,-3.63,True,
2026-09-02T23:05:20.120417+00:00,Upbit,KRW,1377.0,1376.0,-7.26,True,
2026-09-02T23:05:20.120417+00:00,Indodax,IDR,17695.0,17695.5,0.28,True,
2026-09-02T23:05:20.120417+00:00,Bitkub,THB,33.135,33.14,1.51,True,
2026-09-02T23:05:20.120417+00:00,Bithumb,KRW,1376.5,1376.5,0.0,True,
2026-09-02T23:05:20.120417+00:00,Coinone,KRW,1376.5,1376.5,0.0,True,
2026-09-02T23:05:20.120417+00:00,Paribu,TRY,48.2275,48.205,-4.67,True,
2026-09-02T23:05:20.120417+00:00,Pintu,IDR,17687.0,17724.0,20.92,True,
2026-09-02T23:05:20.120417+00:00,Foxbit,BRL,5.11705,5.11615,-1.76,True,
2026-09-02T23:05:20.120417+00:00,MercadoBitcoin,BRL,5.11575,5.1164,1.27,True,
2026-09-03T00:05:28.791298+00:00,IndependentReserve,SGD,1.2711,1.27135,1.97,True,
2026-09-03T00:05:28.791298+00:00,Coins.ph,PHP,62.565,62.575,1.6,True,
2026-09-03T00:05:28.791298+00:00,BTCTurk,TRY,48.2415,48.162,-16.48,True,
2026-09-03T00:05:28.791298+00:00,Upbit,KRW,1376.0,1377.0,7.27,True,
2026-09-03T00:05:28.791298+00:00,Indodax,IDR,17690.5,17691.0,0.28,True,
2026-09-03T00:05:28.791298+00:00,Bitkub,THB,33.155,33.155,0.0,True,
2026-09-03T00:05:28.791298+00:00,Bithumb,KRW,1375.5,1376.5,7.27,True,
2026-09-03T00:05:28.791298+00:00,Coinone,KRW,1375.5,1376.5,7.27,True,
2026-09-03T00:05:28.791298+00:00,Paribu,TRY,48.2285,48.2055,-4.77,True,
2026-09-03T00:05:28.791298+00:00,Pintu,IDR,17677.0,17724.0,26.59,True,
2026-09-03T00:05:28.791298+00:00,Foxbit,BRL,5.11905,5.1161,-5.76,True,
2026-09-03T00:05:28.791298+00:00,MercadoBitcoin,BRL,5.11885,5.1173,-3.03,True,
2026-09-03T01:05:22.568332+00:00,IndependentReserve,SGD,1.27038,1.27147,8.58,True,
2026-09-03T01:05:22.568332+00:00,Coins.ph,PHP,62.505,62.515,1.6,True,
2026-09-03T01:05:22.568332+00:00,BTCTurk,TRY,48.2655,48.284,3.83,True,
2026-09-03T01:05:22.568332+00:00,Upbit,KRW,1374.0,1377.0,21.83,True,
2026-09-03T01:05:22.568332+00:00,Indodax,IDR,17694.5,17694.5,0.0,True,
2026-09-03T01:05:22.568332+00:00,Bitkub,THB,33.135,33.13,-1.51,True,
2026-09-03T01:05:22.568332+00:00,Bithumb,KRW,1373.5,1374.5,7.28,True,
2026-09-03T01:05:22.568332+00:00,Coinone,KRW,1374.5,1374.5,0.0,True,
2026-09-03T01:05:22.568332+00:00,Paribu,TRY,48.2285,48.2055,-4.77,True,
2026-09-03T01:05:22.568332+00:00,Pintu,IDR,17692.0,17724.0,18.09,True,
2026-09-03T01:05:22.568332+00:00,Foxbit,BRL,5.11795,5.11705,-1.76,True,
2026-09-03T01:05:22.568332+00:00,MercadoBitcoin,BRL,5.11715,5.11665,-0.98,True,
2026-09-03T02:05:16.442636+00:00,IndependentReserve,SGD,1.269945,1.269685,-2.05,True,
2026-09-03T02:05:16.442636+00:00,Coins.ph,PHP,62.495,62.495,0.0,True,
2026-09-03T02:05:16.442636+00:00,BTCTurk,TRY,48.2405,48.2795,8.08,True,
2026-09-03T02:05:16.442636+00:00,Upbit,KRW,1374.0,1372.0,-14.56,True,
2026-09-03T02:05:16.442636+00:00,Indodax,IDR,17693.5,17701.0,4.24,True,
2026-09-03T02:05:16.442636+00:00,Bitkub,THB,33.125,33.13,1.51,True,
2026-09-03T02:05:16.442636+00:00,Bithumb,KRW,1373.5,1373.5,0.0,True,
2026-09-03T02:05:16.442636+00:00,Coinone,KRW,1373.5,1374.0,3.64,True,
2026-09-03T02:05:16.442636+00:00,Paribu,TRY,48.2305,48.208,-4.67,True,
2026-09-03T02:05:16.442636+00:00,Pintu,IDR,17699.0,17724.0,14.13,True,
2026-09-03T02:05:16.442636+00:00,Foxbit,BRL,5.11235,5.11435,3.91,True,
2026-09-03T02:05:16.442636+00:00,MercadoBitcoin,BRL,5.11315,5.11275,-0.78,True,
2026-09-03T03:05:18.761668+00:00,IndependentReserve,SGD,1.2692,1.26928,0.63,True,
2026-09-03T03:05:18.761668+00:00,Coins.ph,PHP,62.475,62.485,1.6,True,
2026-09-03T03:05:18.761668+00:00,BTCTurk,TRY,48.2325,48.1785,-11.2,True,
2026-09-03T03:05:18.761668+00:00,Upbit,KRW,1372.0,1374.0,14.58,True,
2026-09-03T03:05:18.761668+00:00,Indodax,IDR,17685.5,17689.5,2.26,True,
2026-09-03T03:05:18.761668+00:00,Bitkub,THB,32.995,33.0,1.52,True,
2026-09-03T03:05:18.761668+00:00,Bithumb,KRW,1372.5,1373.5,7.29,True,
2026-09-03T03:05:18.761668+00:00,Coinone,KRW,1372.5,1372.5,0.0,True,
2026-09-03T03:05:18.761668+00:00,Paribu,TRY,48.2305,48.198,-6.74,True,
2026-09-03T03:05:18.761668+00:00,Pintu,IDR,17686.0,17669.0,-9.61,True,
2026-09-03T03:05:18.761668+00:00,Foxbit,BRL,5.11645,5.1161,-0.68,True,
2026-09-03T03:05:18.761668+00:00,MercadoBitcoin,BRL,5.11695,5.1159,-2.05,True,
2026-09-03T04:06:24.455181+00:00,IndependentReserve,SGD,1.2691,1.26948,2.99,True,
2026-09-03T04:06:24.455181+00:00,Coins.ph,PHP,62.475,62.485,1.6,True,
2026-09-03T04:06:24.455181+00:00,BTCTurk,TRY,48.2305,48.177,-11.09,True,
2026-09-03T04:06:24.455181+00:00,Upbit,KRW,1374.0,1375.0,7.28,True,
2026-09-03T04:06:24.455181+00:00,Indodax,IDR,17660.5,17677.5,9.63,True,
2026-09-03T04:06:24.455181+00:00,Bitkub,THB,33.005,32.995,-3.03,True,
2026-09-03T04:06:24.455181+00:00,Bithumb,KRW,1372.5,1373.5,7.29,True,
2026-09-03T04:06:24.455181+00:00,Coinone,KRW,1373.5,1373.5,0.0,True,
2026-09-03T04:06:24.455181+00:00,Paribu,TRY,48.2325,48.201,-6.53,True,
2026-09-03T04:06:24.455181+00:00,Pintu,IDR,17684.0,17640.0,-24.88,True,
2026-09-03T04:06:24.455181+00:00,Foxbit,BRL,5.11685,5.117,0.29,True,
2026-09-03T04:06:24.455181+00:00,MercadoBitcoin,BRL,5.11685,5.11645,-0.78,True,
2026-09-03T05:05:17.093539+00:00,IndependentReserve,SGD,1.269,1.26943,3.39,True,
2026-09-03T05:05:17.093539+00:00,Coins.ph,PHP,62.435,62.445,1.6,True,
2026-09-03T05:05:17.093539+00:00,BTCTurk,TRY,48.21,48.174,-7.47,True,
2026-09-03T05:05:17.093539+00:00,Upbit,KRW,1374.0,1376.0,14.56,True,
2026-09-03T05:05:17.093539+00:00,Indodax,IDR,17653.5,17646.5,-3.97,True,
2026-09-03T05:05:17.093539+00:00,Bitkub,THB,32.985,32.995,3.03,True,
2026-09-03T05:05:17.093539+00:00,Bithumb,KRW,1374.5,1374.5,0.0,True,
2026-09-03T05:05:17.093539+00:00,Coinone,KRW,1374.5,1374.5,0.0,True,
2026-09-03T05:05:17.093539+00:00,Paribu,TRY,48.2335,48.138,-19.8,True,
2026-09-03T05:05:17.093539+00:00,Pintu,IDR,17684.0,17640.0,-24.88,True,
2026-09-03T05:05:17.093539+00:00,Foxbit,BRL,5.11685,5.1154,-2.83,True,
2026-09-03T05:05:17.093539+00:00,MercadoBitcoin,BRL,5.11485,5.1152,0.68,True,
2026-09-03T06:05:14.808415+00:00,IndependentReserve,SGD,1.2685,1.26881,2.44,True,
2026-09-03T06:05:14.808415+00:00,Coins.ph,PHP,62.455,62.455,0.0,True,
2026-09-03T06:05:14.808415+00:00,BTCTurk,TRY,48.2045,48.164,-8.4,True,
2026-09-03T06:05:14.808415+00:00,Upbit,KRW,1374.0,1374.0,0.0,True,
2026-09-03T06:05:14.808415+00:00,Indodax,IDR,17653.5,17663.5,5.66,True,
2026-09-03T06:05:14.808415+00:00,Bitkub,THB,32.985,32.985,0.0,True,
2026-09-03T06:05:14.808415+00:00,Bithumb,KRW,1373.5,1374.5,7.28,True,
2026-09-03T06:05:14.808415+00:00,Coinone,KRW,1373.5,1374.5,7.28,True,
2026-09-03T06:05:14.808415+00:00,Paribu,TRY,48.218,48.2,-3.73,True,
2026-09-03T06:05:14.808415+00:00,Pintu,IDR,17669.0,17640.0,-16.41,True,
2026-09-03T06:05:14.808415+00:00,Foxbit,BRL,5.11685,5.11565,-2.35,True,
2026-09-03T06:05:14.808415+00:00,MercadoBitcoin,BRL,5.11495,5.1147,-0.49,True,
2026-09-03T07:05:23.040489+00:00,IndependentReserve,SGD,1.268585,1.268895,2.44,True,
2026-09-03T07:05:23.040489+00:00,Coins.ph,PHP,62.375,62.385,1.6,True,
2026-09-03T07:05:23.040489+00:00,BTCTurk,TRY,48.1735,48.153,-4.26,True,
2026-09-03T07:05:23.040489+00:00,Upbit,KRW,1373.0,1373.0,0.0,True,
2026-09-03T07:05:23.040489+00:00,Indodax,IDR,17648.5,17653.5,2.83,True,
2026-09-03T07:05:23.040489+00:00,Bitkub,THB,32.995,32.965,-9.09,True,
2026-09-03T07:05:23.040489+00:00,Bithumb,KRW,1372.5,1373.5,7.29,True,
2026-09-03T07:05:23.040489+00:00,Coinone,KRW,1372.5,1373.5,7.29,True,
2026-09-03T07:05:23.040489+00:00,Paribu,TRY,48.2105,48.2015,-1.87,True,
2026-09-03T07:05:23.040489+00:00,Pintu,IDR,17659.0,17635.0,-13.59,True,
2026-09-03T07:05:23.040489+00:00,Foxbit,BRL,5.11565,5.1158,0.29,True,
2026-09-03T07:05:23.040489+00:00,MercadoBitcoin,BRL,5.11655,5.11625,-0.59,True,
2026-09-03T08:05:55.442813+00:00,IndependentReserve,SGD,1.268915,1.26931,3.11,True,
2026-09-03T08:05:55.442813+00:00,Coins.ph,PHP,62.485,62.495,1.6,True,
2026-09-03T08:05:55.442813+00:00,BTCTurk,TRY,48.1815,48.1875,1.25,True,
2026-09-03T08:05:55.442813+00:00,Upbit,KRW,1373.0,1373.0,0.0,True,
2026-09-03T08:05:55.442813+00:00,Indodax,IDR,17638.5,17656.0,9.92,True,
2026-09-03T08:05:55.442813+00:00,Bitkub,THB,32.995,33.0,1.52,True,
2026-09-03T08:05:55.442813+00:00,Bithumb,KRW,1372.5,1373.5,7.29,True,
2026-09-03T08:05:55.442813+00:00,Coinone,KRW,1372.5,1373.5,7.29,True,
2026-09-03T08:05:55.442813+00:00,Paribu,TRY,48.1905,48.187,-0.73,True,
2026-09-03T08:05:55.442813+00:00,Pintu,IDR,17654.0,17636.0,-10.2,True,
2026-09-03T08:05:55.442813+00:00,Foxbit,BRL,5.11505,5.1162,2.25,True,
2026-09-03T08:05:55.442813+00:00,MercadoBitcoin,BRL,5.11605,5.11715,2.15,True,
2026-09-03T09:05:24.097051+00:00,IndependentReserve,SGD,1.26765,1.268635,7.77,True,
2026-09-03T09:05:24.097051+00:00,Coins.ph,PHP,62.475,62.485,1.6,True,
2026-09-03T09:05:24.097051+00:00,BTCTurk,TRY,48.2135,48.204,-1.97,True,
2026-09-03T09:05:24.097051+00:00,Upbit,KRW,1374.0,1373.0,-7.28,True,
2026-09-03T09:05:24.097051+00:00,Indodax,IDR,17638.5,17644.5,3.4,True,
2026-09-03T09:05:24.097051+00:00,Bitkub,THB,32.995,32.99,-1.52,True,
2026-09-03T09:05:24.097051+00:00,Bithumb,KRW,1372.5,1373.5,7.29,True,
2026-09-03T09:05:24.097051+00:00,Coinone,KRW,1373.5,1373.5,0.0,True,
2026-09-03T09:05:24.097051+00:00,Paribu,TRY,48.1955,48.1985,0.62,True,
2026-09-03T09:05:24.097051+00:00,Pintu,IDR,17655.0,17646.0,-5.1,True,
2026-09-03T09:05:24.097051+00:00,Foxbit,BRL,5.1078,5.11125,6.75,True,
2026-09-03T09:05:24.097051+00:00,MercadoBitcoin,BRL,5.10855,5.1107,4.21,True,
2026-09-03T10:05:16.333316+00:00,IndependentReserve,SGD,1.26745,1.268625,9.27,True,
2026-09-03T10:05:16.333316+00:00,Coins.ph,PHP,62.465,62.485,3.2,True,
2026-09-03T10:05:16.333316+00:00,BTCTurk,TRY,48.224,48.212,-2.49,True,
2026-09-03T10:05:16.333316+00:00,Upbit,KRW,1374.0,1374.0,0.0,True,
2026-09-03T10:05:16.333316+00:00,Indodax,IDR,17638.5,17642.0,1.98,True,
2026-09-03T10:05:16.333316+00:00,Bitkub,THB,32.975,32.99,4.55,True,
2026-09-03T10:05:16.333316+00:00,Bithumb,KRW,1373.5,1373.5,0.0,True,
2026-09-03T10:05:16.333316+00:00,Coinone,KRW,1373.5,1373.5,0.0,True,
2026-09-03T10:05:16.333316+00:00,Paribu,TRY,48.2105,48.2045,-1.24,True,
2026-09-03T10:05:16.333316+00:00,Pintu,IDR,17655.0,17646.0,-5.1,True,
2026-09-03T10:05:16.333316+00:00,Foxbit,BRL,5.10705,5.1069,-0.29,True,
2026-09-03T10:05:16.333316+00:00,MercadoBitcoin,BRL,5.10615,5.1073,2.25,True,
2026-09-03T11:05:18.363406+00:00,IndependentReserve,SGD,1.26745,1.26825,6.31,True,
2026-09-03T11:05:18.363406+00:00,Coins.ph,PHP,62.475,62.485,1.6,True,
2026-09-03T11:05:18.363406+00:00,BTCTurk,TRY,48.2385,48.175,-13.16,True,
2026-09-03T11:05:18.363406+00:00,Upbit,KRW,1373.0,1375.0,14.57,True,
2026-09-03T11:05:18.363406+00:00,Indodax,IDR,17650.5,17642.5,-4.53,True,
2026-09-03T11:05:18.363406+00:00,Bitkub,THB,32.985,32.995,3.03,True,
2026-09-03T11:05:18.363406+00:00,Bithumb,KRW,1372.5,1373.5,7.29,True,
2026-09-03T11:05:18.363406+00:00,Coinone,KRW,1372.5,1372.5,0.0,True,
2026-09-03T11:05:18.363406+00:00,Paribu,TRY,48.2295,48.1945,-7.26,True,
2026-09-03T11:05:18.363406+00:00,Pintu,IDR,17655.0,17645.0,-5.66,True,
2026-09-03T11:05:18.363406+00:00,Foxbit,BRL,5.10685,5.10485,-3.92,True,
2026-09-03T11:05:18.363406+00:00,MercadoBitcoin,BRL,5.10595,5.10535,-1.18,True,
2026-09-03T12:05:23.579418+00:00,IndependentReserve,SGD,1.26695,1.26764,5.45,True,
2026-09-03T12:05:23.579418+00:00,Coins.ph,PHP,62.445,62.455,1.6,True,
2026-09-03T12:05:23.579418+00:00,BTCTurk,TRY,48.2085,48.1975,-2.28,True,
2026-09-03T12:05:23.579418+00:00,Upbit,KRW,1373.0,1374.0,7.28,True,
2026-09-03T12:05:23.579418+00:00,Indodax,IDR,17638.5,17641.5,1.7,True,
2026-09-03T12:05:23.579418+00:00,Bitkub,THB,32.955,32.965,3.03,True,
2026-09-03T12:05:23.579418+00:00,Bithumb,KRW,1372.5,1372.5,0.0,True,
2026-09-03T12:05:23.579418+00:00,Coinone,KRW,1372.5,1372.5,0.0,True,
2026-09-03T12:05:23.579418+00:00,Paribu,TRY,48.2235,48.1855,-7.88,True,
2026-09-03T12:05:23.579418+00:00,Pintu,IDR,17659.0,17645.0,-7.93,True,
2026-09-03T12:05:23.579418+00:00,Foxbit,BRL,5.09455,5.09695,4.71,True,
2026-09-03T12:05:23.579418+00:00,MercadoBitcoin,BRL,5.09655,5.0974,1.67,True,
2026-09-03T13:05:25.108372+00:00,IndependentReserve,SGD,1.2659,1.265715,-1.46,True,
2026-09-03T13:05:25.108372+00:00,Coins.ph,PHP,62.415,62.425,1.6,True,
2026-09-03T13:05:25.108372+00:00,BTCTurk,TRY,48.2205,48.2075,-2.7,True,
2026-09-03T13:05:25.108372+00:00,Upbit,KRW,1373.0,1374.0,7.28,True,
2026-09-03T13:05:25.108372+00:00,Indodax,IDR,17620.5,17627.5,3.97,True,
2026-09-03T13:05:25.108372+00:00,Bitkub,THB,32.885,32.905,6.08,True,
2026-09-03T13:05:25.108372+00:00,Bithumb,KRW,1372.5,1372.5,0.0,True,
2026-09-03T13:05:25.108372+00:00,Coinone,KRW,1372.5,1372.5,0.0,True,
2026-09-03T13:05:25.108372+00:00,Paribu,TRY,48.2305,48.192,-7.98,True,
2026-09-03T13:05:25.108372+00:00,Pintu,IDR,17650.0,17645.0,-2.83,True,
2026-09-03T13:05:25.108372+00:00,Foxbit,BRL,5.10015,5.1028,5.2,True,
2026-09-03T13:05:25.108372+00:00,MercadoBitcoin,BRL,5.10185,5.10195,0.2,True,
2026-09-03T14:05:21.513658+00:00,IndependentReserve,SGD,1.26645,1.26622,-1.82,True,
2026-09-03T14:05:21.513658+00:00,Coins.ph,PHP,62.455,62.465,1.6,True,
2026-09-03T14:05:21.513658+00:00,BTCTurk,TRY,48.1985,48.1575,-8.51,True,
2026-09-03T14:05:21.513658+00:00,Upbit,KRW,1375.0,1374.0,-7.27,True,
2026-09-03T14:05:21.513658+00:00,Indodax,IDR,17642.5,17649.0,3.68,True,
2026-09-03T14:05:21.513658+00:00,Bitkub,THB,32.935,32.935,0.0,True,
2026-09-03T14:05:21.513658+00:00,Bithumb,KRW,1374.5,1374.5,0.0,True,
2026-09-03T14:05:21.513658+00:00,Coinone,KRW,1373.5,1374.5,7.28,True,
2026-09-03T14:05:21.513658+00:00,Paribu,TRY,48.2255,48.1845,-8.5,True,
2026-09-03T14:05:21.513658+00:00,Pintu,IDR,17656.0,17634.0,-12.46,True,
2026-09-03T14:05:21.513658+00:00,Foxbit,BRL,5.11185,5.11175,-0.2,True,
2026-09-03T14:05:21.513658+00:00,MercadoBitcoin,BRL,5.11025,5.1113,2.05,True,
2026-09-03T15:05:38.316573+00:00,IndependentReserve,SGD,1.2661,1.267015,7.23,True,
2026-09-03T15:05:38.316573+00:00,Coins.ph,PHP,62.435,62.425,-1.6,True,
2026-09-03T15:05:38.316573+00:00,BTCTurk,TRY,48.1265,48.096,-6.34,True,
2026-09-03T15:05:38.316573+00:00,Upbit,KRW,1372.0,1371.0,-7.29,True,
2026-09-03T15:05:38.316573+00:00,Indodax,IDR,17621.5,17629.5,4.54,True,
2026-09-03T15:05:38.316573+00:00,Bitkub,THB,32.915,32.935,6.08,True,
2026-09-03T15:05:38.316573+00:00,Bithumb,KRW,1371.5,1371.5,0.0,True,
2026-09-03T15:05:38.316573+00:00,Coinone,KRW,1371.5,1370.5,-7.29,True,
2026-09-03T15:05:38.316573+00:00,Paribu,TRY,48.2215,48.1755,-9.54,True,
2026-09-03T15:05:38.316573+00:00,Pintu,IDR,17652.0,17616.0,-20.39,True,
2026-09-03T15:05:38.316573+00:00,Foxbit,BRL,5.10805,5.1075,-1.08,True,
2026-09-03T15:05:38.316573+00:00,MercadoBitcoin,BRL,5.11005,5.10885,-2.35,True,
2026-09-03T16:05:19.308385+00:00,IndependentReserve,SGD,1.266005,1.26592,-0.67,True,
2026-09-03T16:05:19.308385+00:00,Coins.ph,PHP,62.425,62.415,-1.6,True,
2026-09-03T16:05:19.308385+00:00,BTCTurk,TRY,48.053,48.081,5.83,True,
2026-09-03T16:05:19.308385+00:00,Upbit,KRW,1370.0,1368.0,-14.6,True,
2026-09-03T16:05:19.308385+00:00,Indodax,IDR,17614.5,17619.0,2.55,True,
2026-09-03T16:05:19.308385+00:00,Bitkub,THB,32.895,32.88,-4.56,True,
2026-09-03T16:05:19.308385+00:00,Bithumb,KRW,1368.5,1368.5,0.0,True,
2026-09-03T16:05:19.308385+00:00,Coinone,KRW,1368.5,1368.5,0.0,True,
2026-09-03T16:05:19.308385+00:00,Paribu,TRY,48.1105,48.115,0.94,True,
2026-09-03T16:05:19.308385+00:00,Pintu,IDR,17631.0,17614.0,-9.64,True,
2026-09-03T16:05:19.308385+00:00,Foxbit,BRL,5.12055,5.11955,-1.95,True,
2026-09-03T16:05:19.308385+00:00,MercadoBitcoin,BRL,5.12005,5.1197,-0.68,True,
2026-09-03T17:05:20.000741+00:00,IndependentReserve,SGD,1.266745,1.26674,-0.04,True,
2026-09-03T17:05:20.000741+00:00,Coins.ph,PHP,62.425,62.415,-1.6,True,
2026-09-03T17:05:20.000741+00:00,BTCTurk,TRY,48.139,48.073,-13.71,True,
2026-09-03T17:05:20.000741+00:00,Upbit,KRW,1367.0,1368.0,7.32,True,
2026-09-03T17:05:20.000741+00:00,Indodax,IDR,17600.5,17607.5,3.98,True,
2026-09-03T17:05:20.000741+00:00,Bitkub,THB,32.815,32.805,-3.05,True,
2026-09-03T17:05:20.000741+00:00,Bithumb,KRW,1365.5,1366.5,7.32,True,
2026-09-03T17:05:20.000741+00:00,Coinone,KRW,1366.5,1365.5,-7.32,True,
2026-09-03T17:05:20.000741+00:00,Paribu,TRY,48.1705,48.164,-1.35,True,
2026-09-03T17:05:20.000741+00:00,Pintu,IDR,17604.0,17614.0,5.68,True,
2026-09-03T17:05:20.000741+00:00,Foxbit,BRL,5.12175,5.12145,-0.59,True,
2026-09-03T17:05:20.000741+00:00,MercadoBitcoin,BRL,5.12085,5.1225,3.22,True,
2026-09-03T18:05:21.174058+00:00,IndependentReserve,SGD,1.266685,1.266565,-0.95,True,
2026-09-03T18:05:21.174058+00:00,Coins.ph,PHP,62.435,62.415,-3.2,True,
2026-09-03T18:05:21.174058+00:00,BTCTurk,TRY,48.0925,48.0805,-2.5,True,
2026-09-03T18:05:21.174058+00:00,Upbit,KRW,1367.0,1366.0,-7.32,True,
2026-09-03T18:05:21.174058+00:00,Indodax,IDR,17576.5,17592.5,9.1,True,
2026-09-03T18:05:21.174058+00:00,Bitkub,THB,32.875,32.865,-3.04,True,
2026-09-03T18:05:21.174058+00:00,Bithumb,KRW,1365.5,1365.5,0.0,True,
2026-09-03T18:05:21.174058+00:00,Coinone,KRW,1365.5,1366.5,7.32,True,
2026-09-03T18:05:21.174058+00:00,Paribu,TRY,48.1565,48.1725,3.32,True,
2026-09-03T18:05:21.174058+00:00,Pintu,IDR,17576.0,17613.0,21.05,True,
2026-09-03T18:05:21.174058+00:00,Foxbit,BRL,5.11635,5.1151,-2.44,True,
2026-09-03T18:05:21.174058+00:00,MercadoBitcoin,BRL,5.11425,5.11455,0.59,True,
2026-09-03T19:05:23.844864+00:00,IndependentReserve,SGD,1.26654,1.266395,-1.14,True,
2026-09-03T19:05:23.844864+00:00,Coins.ph,PHP,62.465,62.455,-1.6,True,
2026-09-03T19:05:23.844864+00:00,BTCTurk,TRY,48.1085,48.071,-7.79,True,
2026-09-03T19:05:23.844864+00:00,Upbit,KRW,1365.0,1363.0,-14.65,True,
2026-09-03T19:05:23.844864+00:00,Indodax,IDR,17575.5,17560.0,-8.82,True,
2026-09-03T19:05:23.844864+00:00,Bitkub,THB,32.865,32.875,3.04,True,
2026-09-03T19:05:23.844864+00:00,Bithumb,KRW,1364.5,1363.5,-7.33,True,
2026-09-03T19:05:23.844864+00:00,Coinone,KRW,1364.5,1363.5,-7.33,True,
2026-09-03T19:05:23.844864+00:00,Paribu,TRY,48.1595,48.1355,-4.98,True,
2026-09-03T19:05:23.844864+00:00,Pintu,IDR,17577.0,17613.0,20.48,True,
2026-09-03T19:05:23.844864+00:00,Foxbit,BRL,5.11545,5.11515,-0.59,True,
2026-09-03T19:05:23.844864+00:00,MercadoBitcoin,BRL,5.11745,5.1165,-1.86,True,
2026-09-03T20:05:15.609476+00:00,IndependentReserve,SGD,1.266465,1.26639,-0.59,True,
2026-09-03T20:05:15.609476+00:00,Coins.ph,PHP,62.445,62.425,-3.2,True,
2026-09-03T20:05:15.609476+00:00,BTCTurk,TRY,48.0975,48.043,-11.33,True,
2026-09-03T20:05:15.609476+00:00,Upbit,KRW,1365.0,1365.0,0.0,True,
2026-09-03T20:05:15.609476+00:00,Indodax,IDR,17565.5,17548.5,-9.68,True,
2026-09-03T20:05:15.609476+00:00,Bitkub,THB,32.885,32.875,-3.04,True,
2026-09-03T20:05:15.609476+00:00,Bithumb,KRW,1364.5,1364.5,0.0,True,
2026-09-03T20:05:15.609476+00:00,Coinone,KRW,1364.5,1364.5,0.0,True,
2026-09-03T20:05:15.609476+00:00,Paribu,TRY,48.1505,48.126,-5.09,True,
2026-09-03T20:05:15.609476+00:00,Pintu,IDR,17578.0,17612.0,19.34,True,
2026-09-03T20:05:15.609476+00:00,Foxbit,BRL,5.11825,5.11775,-0.98,True,
2026-09-03T20:05:15.609476+00:00,MercadoBitcoin,BRL,5.11805,5.1194,2.64,True,
2026-09-03T21:05:16.745954+00:00,IndependentReserve,SGD,1.2672,1.266965,-1.85,True,
2026-09-03T21:05:16.745954+00:00,Coins.ph,PHP,62.465,62.445,-3.2,True,
2026-09-03T21:05:16.745954+00:00,BTCTurk,TRY,48.1605,48.139,-4.46,True,
2026-09-03T21:05:16.745954+00:00,Upbit,KRW,1364.0,1364.0,0.0,True,
2026-09-03T21:05:16.745954+00:00,Indodax,IDR,17564.5,17582.5,10.25,True,
2026-09-03T21:05:16.745954+00:00,Bitkub,THB,32.885,32.875,-3.04,True,
2026-09-03T21:05:16.745954+00:00,Bithumb,KRW,1363.5,1363.5,0.0,True,
2026-09-03T21:05:16.745954+00:00,Coinone,KRW,1363.5,1363.5,0.0,True,
2026-09-03T21:05:16.745954+00:00,Paribu,TRY,48.1405,48.0995,-8.52,True,
2026-09-03T21:05:16.745954+00:00,Pintu,IDR,17584.0,17612.0,15.92,True,
2026-09-03T21:05:16.745954+00:00,Foxbit,BRL,5.12195,5.11985,-4.1,True,
2026-09-03T21:05:16.745954+00:00,MercadoBitcoin,BRL,5.12235,5.12025,-4.1,True,
2026-09-03T22:05:17.264974+00:00,IndependentReserve,SGD,1.266805,1.26643,-2.96,True,
2026-09-03T22:05:17.264974+00:00,Coins.ph,PHP,62.465,62.445,-3.2,True,
2026-09-03T22:05:17.264974+00:00,BTCTurk,TRY,48.162,48.078,-17.44,True,
2026-09-03T22:05:17.264974+00:00,Upbit,KRW,1367.0,1366.0,-7.32,True,
2026-09-03T22:05:17.264974+00:00,Indodax,IDR,17564.5,17560.5,-2.28,True,
2026-09-03T22:05:17.264974+00:00,Bitkub,THB,32.895,32.885,-3.04,True,
2026-09-03T22:05:17.264974+00:00,Bithumb,KRW,1365.5,1365.5,0.0,True,
2026-09-03T22:05:17.264974+00:00,Coinone,KRW,1365.5,1365.5,0.0,True,
2026-09-03T22:05:17.264974+00:00,Paribu,TRY,48.1705,48.134,-7.58,True,
2026-09-03T22:05:17.264974+00:00,Pintu,IDR,17566.0,17610.0,25.05,True,
2026-09-03T22:05:17.264974+00:00,Foxbit,BRL,5.12455,5.12185,-5.27,True,
2026-09-03T22:05:17.264974+00:00,MercadoBitcoin,BRL,5.12445,5.12325,-2.34,True,
2026-09-03T23:05:15.931066+00:00,IndependentReserve,SGD,1.267045,1.26655,-3.91,True,
2026-09-03T23:05:15.931066+00:00,Coins.ph,PHP,62.465,62.445,-3.2,True,
2026-09-03T23:05:15.931066+00:00,BTCTurk,TRY,48.1575,48.062,-19.83,True,
2026-09-03T23:05:15.931066+00:00,Upbit,KRW,1365.0,1364.0,-7.33,True,
2026-09-03T23:05:15.931066+00:00,Indodax,IDR,17564.5,17560.5,-2.28,True,
2026-09-03T23:05:15.931066+00:00,Bitkub,THB,32.875,32.87,-1.52,True,
2026-09-03T23:05:15.931066+00:00,Bithumb,KRW,1364.5,1363.5,-7.33,True,
2026-09-03T23:05:15.931066+00:00,Coinone,KRW,1364.5,1363.5,-7.33,True,
2026-09-03T23:05:15.931066+00:00,Paribu,TRY,48.2015,48.1505,-10.58,True,
2026-09-03T23:05:15.931066+00:00,Pintu,IDR,17565.0,17611.0,26.19,True,
2026-09-03T23:05:15.931066+00:00,Foxbit,BRL,5.12555,5.1238,-3.41,True,
2026-09-03T23:05:15.931066+00:00,MercadoBitcoin,BRL,5.123,5.12225,-1.46,True,
2026-09-04T00:05:15.360834+00:00,IndependentReserve,SGD,1.2662,1.26639,1.5,True,
2026-09-04T00:05:15.360834+00:00,Coins.ph,PHP,62.445,62.425,-3.2,True,
2026-09-04T00:05:15.360834+00:00,BTCTurk,TRY,48.1605,48.1275,-6.85,True,
2026-09-04T00:05:15.360834+00:00,Upbit,KRW,1365.0,1365.0,0.0,True,
2026-09-04T00:05:15.360834+00:00,Indodax,IDR,17564.5,17562.5,-1.14,True,
2026-09-04T00:05:15.360834+00:00,Bitkub,THB,32.885,32.88,-1.52,True,
2026-09-04T00:05:15.360834+00:00,Bithumb,KRW,1365.5,1364.5,-7.32,True,
2026-09-04T00:05:15.360834+00:00,Coinone,KRW,1364.5,1364.5,0.0,True,
2026-09-04T00:05:15.360834+00:00,Paribu,TRY,48.1525,48.1435,-1.87,True,
2026-09-04T00:05:15.360834+00:00,Pintu,IDR,17578.0,17613.0,19.91,True,
2026-09-04T00:05:15.360834+00:00,Foxbit,BRL,5.12615,5.124,-4.19,True,
2026-09-04T00:05:15.360834+00:00,MercadoBitcoin,BRL,5.12685,5.124,-5.56,True,
2026-09-04T01:05:17.889837+00:00,IndependentReserve,SGD,1.267045,1.266335,-5.6,True,
2026-09-04T01:05:17.889837+00:00,Coins.ph,PHP,62.455,62.405,-8.01,True,
2026-09-04T01:05:17.889837+00:00,BTCTurk,TRY,48.1995,48.1285,-14.73,True,
2026-09-04T01:05:17.889837+00:00,Upbit,KRW,1370.0,1369.0,-7.3,True,
2026-09-04T01:05:17.889837+00:00,Indodax,IDR,17564.5,17588.5,13.66,True,
2026-09-04T01:05:17.889837+00:00,Bitkub,THB,32.9,32.885,-4.56,True,
2026-09-04T01:05:17.889837+00:00,Bithumb,KRW,1369.5,1369.5,0.0,True,
2026-09-04T01:05:17.889837+00:00,Coinone,KRW,1368.5,1369.5,7.31,True,
2026-09-04T01:05:17.889837+00:00,Paribu,TRY,48.2295,48.1705,-12.23,True,
2026-09-04T01:05:17.889837+00:00,Pintu,IDR,17575.0,17611.0,20.48,True,
2026-09-04T01:05:17.889837+00:00,Foxbit,BRL,5.12525,5.1204,-9.46,True,
2026-09-04T01:05:17.889837+00:00,MercadoBitcoin,BRL,5.12425,5.12065,-7.03,True,
2026-09-04T02:05:17.276662+00:00,IndependentReserve,SGD,1.2661,1.26637,2.13,True,
2026-09-04T02:05:17.276662+00:00,Coins.ph,PHP,62.325,62.315,-1.6,True,
2026-09-04T02:05:17.276662+00:00,BTCTurk,TRY,48.1015,48.085,-3.43,True,
2026-09-04T02:05:17.276662+00:00,Upbit,KRW,1368.0,1367.0,-7.31,True,
2026-09-04T02:05:17.276662+00:00,Indodax,IDR,17564.5,17545.0,-11.1,True,
2026-09-04T02:05:17.276662+00:00,Bitkub,THB,32.875,32.885,3.04,True,
2026-09-04T02:05:17.276662+00:00,Bithumb,KRW,1368.5,1367.5,-7.31,True,
2026-09-04T02:05:17.276662+00:00,Coinone,KRW,1367.5,1367.5,0.0,True,
2026-09-04T02:05:17.276662+00:00,Paribu,TRY,48.2295,48.1225,-22.19,True,
2026-09-04T02:05:17.276662+00:00,Pintu,IDR,17568.0,17576.0,4.55,True,
2026-09-04T02:05:17.276662+00:00,Foxbit,BRL,5.12565,5.1255,-0.29,True,
2026-09-04T02:05:17.276662+00:00,MercadoBitcoin,BRL,5.12545,5.12535,-0.2,True,
2026-09-04T03:05:16.277175+00:00,IndependentReserve,SGD,1.266595,1.266365,-1.82,True,
2026-09-04T03:05:16.277175+00:00,Coins.ph,PHP,62.365,62.365,-0.0,True,
2026-09-04T03:05:16.277175+00:00,BTCTurk,TRY,48.1125,48.0795,-6.86,True,
2026-09-04T03:05:16.277175+00:00,Upbit,KRW,1367.0,1366.0,-7.32,True,
2026-09-04T03:05:16.277175+00:00,Indodax,IDR,17576.5,17595.5,10.81,True,
2026-09-04T03:05:16.277175+00:00,Bitkub,THB,32.905,32.9,-1.52,True,
2026-09-04T03:05:16.277175+00:00,Bithumb,KRW,1365.5,1365.5,0.0,True,
2026-09-04T03:05:16.277175+00:00,Coinone,KRW,1365.5,1364.5,-7.32,True,
2026-09-04T03:05:16.277175+00:00,Paribu,TRY,48.2295,48.108,-25.19,True,
2026-09-04T03:05:16.277175+00:00,Pintu,IDR,17570.0,17567.0,-1.71,True,
2026-09-04T03:05:16.277175+00:00,Foxbit,BRL,5.12605,5.12815,4.1,True,
2026-09-04T03:05:16.277175+00:00,MercadoBitcoin,BRL,5.12475,5.1286,7.51,True,
2026-09-04T04:05:18.468904+00:00,IndependentReserve,SGD,1.267045,1.266465,-4.58,True,
2026-09-04T04:05:18.468904+00:00,Coins.ph,PHP,62.395,62.385,-1.6,True,
2026-09-04T04:05:18.468904+00:00,BTCTurk,TRY,48.1285,48.075,-11.12,True,
2026-09-04T04:05:18.468904+00:00,Upbit,KRW,1366.0,1364.0,-14.64,True,
2026-09-04T04:05:18.468904+00:00,Indodax,IDR,17583.5,17610.0,15.07,True,
2026-09-04T04:05:18.468904+00:00,Bitkub,THB,32.965,32.96,-1.52,True,
2026-09-04T04:05:18.468904+00:00,Bithumb,KRW,1365.5,1365.5,0.0,True,
2026-09-04T04:05:18.468904+00:00,Coinone,KRW,1365.5,1365.5,0.0,True,
2026-09-04T04:05:18.468904+00:00,Paribu,TRY,48.2295,48.143,-17.94,True,
2026-09-04T04:05:18.468904+00:00,Pintu,IDR,17574.0,17568.0,-3.41,True,
2026-09-04T04:05:18.468904+00:00,Foxbit,BRL,5.12725,5.13045,6.24,True,
2026-09-04T04:05:18.468904+00:00,MercadoBitcoin,BRL,5.12885,5.1323,6.73,True,
2026-09-04T05:05:17.786843+00:00,IndependentReserve,SGD,1.26695,1.26655,-3.16,True,
2026-09-04T05:05:17.786843+00:00,Coins.ph,PHP,62.425,62.425,0.0,True,
2026-09-04T05:05:17.786843+00:00,BTCTurk,TRY,48.1145,48.0735,-8.52,True,
2026-09-04T05:05:17.786843+00:00,Upbit,KRW,1366.0,1364.0,-14.64,True,
2026-09-04T05:05:17.786843+00:00,Indodax,IDR,17595.5,17640.0,25.29,True,
2026-09-04T05:05:17.786843+00:00,Bitkub,THB,32.945,32.935,-3.04,True,
2026-09-04T05:05:17.786843+00:00,Bithumb,KRW,1366.5,1365.5,-7.32,True,
2026-09-04T05:05:17.786843+00:00,Coinone,KRW,1365.5,1365.5,0.0,True,
2026-09-04T05:05:17.786843+00:00,Paribu,TRY,48.1405,48.119,-4.47,True,
2026-09-04T05:05:17.786843+00:00,Pintu,IDR,17567.0,17569.0,1.14,True,
2026-09-04T05:05:17.786843+00:00,Foxbit,BRL,5.12725,5.1306,6.53,True,
2026-09-04T05:05:17.786843+00:00,MercadoBitcoin,BRL,5.12805,5.13155,6.83,True,
2026-09-04T06:05:23.162566+00:00,IndependentReserve,SGD,1.26645,1.26655,0.79,True,
2026-09-04T06:05:23.162566+00:00,Coins.ph,PHP,62.435,62.435,0.0,True,
2026-09-04T06:05:23.162566+00:00,BTCTurk,TRY,48.0715,48.0735,0.42,True,
2026-09-04T06:05:23.162566+00:00,Upbit,KRW,1366.0,1364.0,-14.64,True,
2026-09-04T06:05:23.162566+00:00,Indodax,IDR,17599.5,17664.5,36.93,True,
2026-09-04T06:05:23.162566+00:00,Bitkub,THB,32.935,32.915,-6.07,True,
2026-09-04T06:05:23.162566+00:00,Bithumb,KRW,1365.5,1365.5,0.0,True,
2026-09-04T06:05:23.162566+00:00,Coinone,KRW,1365.5,1365.5,0.0,True,
2026-09-04T06:05:23.162566+00:00,Paribu,TRY,48.1505,48.119,-6.54,True,
2026-09-04T06:05:23.162566+00:00,Pintu,IDR,17574.0,17569.0,-2.85,True,
2026-09-04T06:05:23.162566+00:00,Foxbit,BRL,5.12685,5.1282,2.63,True,
2026-09-04T06:05:23.162566+00:00,MercadoBitcoin,BRL,5.12535,5.12735,3.9,True,
2026-09-04T07:05:16.267133+00:00,IndependentReserve,SGD,1.26649,1.26655,0.47,True,
2026-09-04T07:05:16.267133+00:00,Coins.ph,PHP,62.605,62.605,0.0,True,
2026-09-04T07:05:16.267133+00:00,BTCTurk,TRY,48.1115,48.0495,-12.89,True,
2026-09-04T07:05:16.267133+00:00,Upbit,KRW,1364.0,1366.0,14.66,True,
2026-09-04T07:05:16.267133+00:00,Indodax,IDR,17610.0,17636.0,14.76,True,
2026-09-04T07:05:16.267133+00:00,Bitkub,THB,32.935,32.925,-3.04,True,
2026-09-04T07:05:16.267133+00:00,Bithumb,KRW,1363.5,1363.5,0.0,True,
2026-09-04T07:05:16.267133+00:00,Coinone,KRW,1363.5,1363.5,0.0,True,
2026-09-04T07:05:16.267133+00:00,Paribu,TRY,48.1425,48.1265,-3.32,True,
2026-09-04T07:05:16.267133+00:00,Pintu,IDR,17633.0,17640.0,3.97,True,
2026-09-04T07:05:16.267133+00:00,Foxbit,BRL,5.12725,5.1288,3.02,True,
2026-09-04T07:05:16.267133+00:00,MercadoBitcoin,BRL,5.12665,5.1302,6.92,True,
2026-09-04T08:05:17.840117+00:00,IndependentReserve,SGD,1.2663,1.26655,1.97,True,
2026-09-04T08:05:17.840117+00:00,Coins.ph,PHP,62.665,62.665,0.0,True,
2026-09-04T08:05:17.840117+00:00,BTCTurk,TRY,48.1615,48.1295,-6.64,True,
2026-09-04T08:05:17.840117+00:00,Upbit,KRW,1366.0,1366.0,0.0,True,
2026-09-04T08:05:17.840117+00:00,Indodax,IDR,17595.5,17637.0,23.59,True,
2026-09-04T08:05:17.840117+00:00,Bitkub,THB,32.935,32.94,1.52,True,
2026-09-04T08:05:17.840117+00:00,Bithumb,KRW,1365.5,1365.5,0.0,True,
2026-09-04T08:05:17.840117+00:00,Coinone,KRW,1365.5,1365.5,0.0,True,
2026-09-04T08:05:17.840117+00:00,Paribu,TRY,48.1445,48.1035,-8.52,True,
2026-09-04T08:05:17.840117+00:00,Pintu,IDR,17629.0,17642.0,7.37,True,
2026-09-04T08:05:17.840117+00:00,Foxbit,BRL,5.12725,5.12885,3.12,True,
2026-09-04T08:05:17.840117+00:00,MercadoBitcoin,BRL,5.12665,5.12975,6.05,True,
2026-09-04T09:05:19.772601+00:00,IndependentReserve,SGD,1.266505,1.26655,0.36,True,
2026-09-04T09:05:19.772601+00:00,Coins.ph,PHP,62.625,62.625,0.0,True,
2026-09-04T09:05:19.772601+00:00,BTCTurk,TRY,48.2465,48.1615,-17.62,True,
2026-09-04T09:05:19.772601+00:00,Upbit,KRW,1366.0,1364.0,-14.64,True,
2026-09-04T09:05:19.772601+00:00,Indodax,IDR,17584.5,17600.5,9.1,True,
2026-09-04T09:05:19.772601+00:00,Bitkub,THB,32.915,32.925,3.04,True,
2026-09-04T09:05:19.772601+00:00,Bithumb,KRW,1364.5,1364.5,0.0,True,
2026-09-04T09:05:19.772601+00:00,Coinone,KRW,1365.5,1364.5,-7.32,True,
2026-09-04T09:05:19.772601+00:00,Paribu,TRY,48.2295,48.2395,2.07,True,
2026-09-04T09:05:19.772601+00:00,Pintu,IDR,17632.0,17635.0,1.7,True,
2026-09-04T09:05:19.772601+00:00,Foxbit,BRL,5.12725,5.12685,-0.78,True,
2026-09-04T09:05:19.772601+00:00,MercadoBitcoin,BRL,5.12915,5.1307,3.02,True,
2026-09-04T10:05:14.706159+00:00,IndependentReserve,SGD,1.26695,1.26683,-0.95,True,
2026-09-04T10:05:14.706159+00:00,Coins.ph,PHP,62.685,62.685,0.0,True,
2026-09-04T10:05:14.706159+00:00,BTCTurk,TRY,48.2245,48.133,-18.97,True,
2026-09-04T10:05:14.706159+00:00,Upbit,KRW,1367.0,1368.0,7.32,True,
2026-09-04T10:05:14.706159+00:00,Indodax,IDR,17591.5,17625.0,19.04,True,
2026-09-04T10:05:14.706159+00:00,Bitkub,THB,32.915,32.91,-1.52,True,
2026-09-04T10:05:14.706159+00:00,Bithumb,KRW,1365.5,1365.5,0.0,True,
2026-09-04T10:05:14.706159+00:00,Coinone,KRW,1366.5,1366.5,0.0,True,
2026-09-04T10:05:14.706159+00:00,Paribu,TRY,48.2155,48.231,3.21,True,
2026-09-04T10:05:14.706159+00:00,Pintu,IDR,17648.0,17653.0,2.83,True,
2026-09-04T10:05:14.706159+00:00,Foxbit,BRL,5.12665,5.12735,1.37,True,
2026-09-04T10:05:14.706159+00:00,MercadoBitcoin,BRL,5.12515,5.1269,3.41,True,
2026-09-04T11:05:14.132861+00:00,IndependentReserve,SGD,1.266545,1.26664,0.75,True,
2026-09-04T11:05:14.132861+00:00,Coins.ph,PHP,62.665,62.665,0.0,True,
2026-09-04T11:05:14.132861+00:00,BTCTurk,TRY,48.246,48.1495,-20.0,True,
2026-09-04T11:05:14.132861+00:00,Upbit,KRW,1367.0,1369.0,14.63,True,
2026-09-04T11:05:14.132861+00:00,Indodax,IDR,17598.5,17613.0,8.24,True,
2026-09-04T11:05:14.132861+00:00,Bitkub,THB,32.915,32.9,-4.56,True,
2026-09-04T11:05:14.132861+00:00,Bithumb,KRW,1366.5,1366.5,0.0,True,
2026-09-04T11:05:14.132861+00:00,Coinone,KRW,1367.5,1367.5,0.0,True,
2026-09-04T11:05:14.132861+00:00,Paribu,TRY,48.2155,48.236,4.25,True,
2026-09-04T11:05:14.132861+00:00,Pintu,IDR,17649.0,17651.0,1.13,True,
2026-09-04T11:05:14.132861+00:00,Foxbit,BRL,5.12675,5.12645,-0.59,True,
2026-09-04T11:05:14.132861+00:00,MercadoBitcoin,BRL,5.12645,5.12405,-4.68,True,
2026-09-04T12:05:16.917239+00:00,IndependentReserve,SGD,1.266545,1.26635,-1.54,True,
2026-09-04T12:05:16.917239+00:00,Coins.ph,PHP,62.645,62.635,-1.6,True,
2026-09-04T12:05:16.917239+00:00,BTCTurk,TRY,48.2555,48.1535,-21.14,True,
2026-09-04T12:05:16.917239+00:00,Upbit,KRW,1368.0,1367.0,-7.31,True,
2026-09-04T12:05:16.917239+00:00,Indodax,IDR,17600.0,17603.0,1.7,True,
2026-09-04T12:05:16.917239+00:00,Bitkub,THB,32.925,32.91,-4.56,True,
2026-09-04T12:05:16.917239+00:00,Bithumb,KRW,1367.5,1367.5,0.0,True,
2026-09-04T12:05:16.917239+00:00,Coinone,KRW,1367.5,1367.5,0.0,True,
2026-09-04T12:05:16.917239+00:00,Paribu,TRY,48.2465,48.223,-4.87,True,
2026-09-04T12:05:16.917239+00:00,Pintu,IDR,17652.0,17651.0,-0.57,True,
2026-09-04T12:05:16.917239+00:00,Foxbit,BRL,5.12615,5.12485,-2.54,True,
2026-09-04T12:05:16.917239+00:00,MercadoBitcoin,BRL,5.12805,5.1268,-2.44,True,
2026-09-04T13:05:14.950292+00:00,IndependentReserve,SGD,1.267815,1.268225,3.23,True,
2026-09-04T13:05:14.950292+00:00,Coins.ph,PHP,62.675,62.665,-1.6,True,
2026-09-04T13:05:14.950292+00:00,BTCTurk,TRY,48.2505,48.1585,-19.07,True,
2026-09-04T13:05:14.950292+00:00,Upbit,KRW,1368.0,1369.0,7.31,True,
2026-09-04T13:05:14.950292+00:00,Indodax,IDR,17644.5,17632.5,-6.8,True,
2026-09-04T13:05:14.950292+00:00,Bitkub,THB,32.995,32.98,-4.55,True,
2026-09-04T13:05:14.950292+00:00,Bithumb,KRW,1367.5,1367.5,0.0,True,
2026-09-04T13:05:14.950292+00:00,Coinone,KRW,1367.5,1367.5,0.0,True,
2026-09-04T13:05:14.950292+00:00,Paribu,TRY,48.2645,48.24,-5.08,True,
2026-09-04T13:05:14.950292+00:00,Pintu,IDR,17667.0,17674.0,3.96,True,
2026-09-04T13:05:14.950292+00:00,Foxbit,BRL,5.14805,5.14765,-0.78,True,
2026-09-04T13:05:14.950292+00:00,MercadoBitcoin,BRL,5.14915,5.14815,-1.94,True,
2026-09-04T14:05:14.739765+00:00,IndependentReserve,SGD,1.267405,1.26773,2.56,True,
2026-09-04T14:05:14.739765+00:00,Coins.ph,PHP,62.575,62.575,0.0,True,
2026-09-04T14:05:14.739765+00:00,BTCTurk,TRY,48.296,48.2435,-10.87,True,
2026-09-04T14:05:14.739765+00:00,Upbit,KRW,1367.0,1368.0,7.32,True,
2026-09-04T14:05:14.739765+00:00,Indodax,IDR,17627.5,17627.0,-0.28,True,
2026-09-04T14:05:14.739765+00:00,Bitkub,THB,32.905,32.91,1.52,True,
2026-09-04T14:05:14.739765+00:00,Bithumb,KRW,1367.5,1367.5,0.0,True,
2026-09-04T14:05:14.739765+00:00,Coinone,KRW,1366.5,1366.5,0.0,True,
2026-09-04T14:05:14.739765+00:00,Paribu,TRY,48.3565,48.289,-13.96,True,
2026-09-04T14:05:14.739765+00:00,Pintu,IDR,17651.0,17650.0,-0.57,True,
2026-09-04T14:05:14.739765+00:00,Foxbit,BRL,5.14295,5.14145,-2.92,True,
2026-09-04T14:05:14.739765+00:00,MercadoBitcoin,BRL,5.14375,5.14295,-1.56,True,
2026-09-04T15:05:14.183882+00:00,IndependentReserve,SGD,1.26736,1.26792,4.42,True,
2026-09-04T15:05:14.183882+00:00,Coins.ph,PHP,62.615,62.615,-0.0,True,
2026-09-04T15:05:14.183882+00:00,BTCTurk,TRY,48.3655,48.259,-22.02,True,
2026-09-04T15:05:14.183882+00:00,Upbit,KRW,1369.0,1369.0,0.0,True,
2026-09-04T15:05:14.183882+00:00,Indodax,IDR,17624.5,17623.0,-0.85,True,
2026-09-04T15:05:14.183882+00:00,Bitkub,THB,32.925,32.915,-3.04,True,
2026-09-04T15:05:14.183882+00:00,Bithumb,KRW,1368.5,1368.5,0.0,True,
2026-09-04T15:05:14.183882+00:00,Coinone,KRW,1368.5,1368.5,0.0,True,
2026-09-04T15:05:14.183882+00:00,Paribu,TRY,48.3655,48.3095,-11.58,True,
2026-09-04T15:05:14.183882+00:00,Pintu,IDR,17651.0,17649.0,-1.13,True,
2026-09-04T15:05:14.183882+00:00,Foxbit,BRL,5.13075,5.12885,-3.7,True,
2026-09-04T15:05:14.183882+00:00,MercadoBitcoin,BRL,5.12905,5.13115,4.09,True,
2026-09-04T16:05:13.928135+00:00,IndependentReserve,SGD,1.267305,1.26762,2.49,True,
2026-09-04T16:05:13.928135+00:00,Coins.ph,PHP,62.635,62.625,-1.6,True,
2026-09-04T16:05:13.928135+00:00,BTCTurk,TRY,48.3645,48.2755,-18.4,True,
2026-09-04T16:05:13.928135+00:00,Upbit,KRW,1369.0,1370.0,7.3,True,
2026-09-04T16:05:13.928135+00:00,Indodax,IDR,17620.5,17617.0,-1.99,True,
2026-09-04T16:05:13.928135+00:00,Bitkub,THB,32.895,32.89,-1.52,True,
2026-09-04T16:05:13.928135+00:00,Bithumb,KRW,1369.5,1369.5,0.0,True,
2026-09-04T16:05:13.928135+00:00,Coinone,KRW,1368.5,1368.5,0.0,True,
2026-09-04T16:05:13.928135+00:00,Paribu,TRY,48.3665,48.3165,-10.34,True,
2026-09-04T16:05:13.928135+00:00,Pintu,IDR,17651.0,17648.0,-1.7,True,
2026-09-04T16:05:13.928135+00:00,Foxbit,BRL,5.13475,5.13415,-1.17,True,
2026-09-04T16:05:13.928135+00:00,MercadoBitcoin,BRL,5.13645,5.13675,0.58,True,
2026-09-04T17:05:13.588669+00:00,IndependentReserve,SGD,1.2683,1.268085,-1.7,True,
2026-09-04T17:05:13.588669+00:00,Coins.ph,PHP,62.635,62.625,-1.6,True,
2026-09-04T17:05:13.588669+00:00,BTCTurk,TRY,48.3915,48.32,-14.78,True,
2026-09-04T17:05:13.588669+00:00,Upbit,KRW,1368.0,1369.0,7.31,True,
2026-09-04T17:05:13.588669+00:00,Indodax,IDR,17605.5,17613.5,4.54,True,
2026-09-04T17:05:13.588669+00:00,Bitkub,THB,32.895,32.89,-1.52,True,
2026-09-04T17:05:13.588669+00:00,Bithumb,KRW,1368.5,1367.5,-7.31,True,
2026-09-04T17:05:13.588669+00:00,Coinone,KRW,1367.5,1367.5,0.0,True,
2026-09-04T17:05:13.588669+00:00,Paribu,TRY,48.3675,48.339,-5.89,True,
2026-09-04T17:05:13.588669+00:00,Pintu,IDR,17651.0,17647.0,-2.27,True,
2026-09-04T17:05:13.588669+00:00,Foxbit,BRL,5.13615,5.1359,-0.49,True,
2026-09-04T17:05:13.588669+00:00,MercadoBitcoin,BRL,5.13515,5.1344,-1.46,True,
2026-09-04T18:05:20.090070+00:00,IndependentReserve,SGD,1.268745,1.26818,-4.45,True,
2026-09-04T18:05:20.090070+00:00,Coins.ph,PHP,62.655,62.635,-3.19,True,
2026-09-04T18:05:20.090070+00:00,BTCTurk,TRY,48.3865,48.354,-6.72,True,
2026-09-04T18:05:20.090070+00:00,Upbit,KRW,1369.0,1367.0,-14.61,True,
2026-09-04T18:05:20.090070+00:00,Indodax,IDR,17611.5,17616.0,2.56,True,
2026-09-04T18:05:20.090070+00:00,Bitkub,THB,32.905,32.895,-3.04,True,
2026-09-04T18:05:20.090070+00:00,Bithumb,KRW,1369.5,1368.5,-7.3,True,
2026-09-04T18:05:20.090070+00:00,Coinone,KRW,1368.5,1368.5,0.0,True,
2026-09-04T18:05:20.090070+00:00,Paribu,TRY,48.3675,48.337,-6.31,True,
2026-09-04T18:05:20.090070+00:00,Pintu,IDR,17651.0,17645.0,-3.4,True,
2026-09-04T18:05:20.090070+00:00,Foxbit,BRL,5.13915,5.13725,-3.7,True,
2026-09-04T18:05:20.090070+00:00,MercadoBitcoin,BRL,5.13965,5.1391,-1.07,True,
2026-09-04T19:05:19.803932+00:00,IndependentReserve,SGD,1.268545,1.26811,-3.43,True,
2026-09-04T19:05:19.803932+00:00,Coins.ph,PHP,62.655,62.645,-1.6,True,
2026-09-04T19:05:19.803932+00:00,BTCTurk,TRY,48.3685,48.289,-16.44,True,
2026-09-04T19:05:19.803932+00:00,Upbit,KRW,1369.0,1370.0,7.3,True,
2026-09-04T19:05:19.803932+00:00,Indodax,IDR,17611.5,17617.0,3.12,True,
2026-09-04T19:05:19.803932+00:00,Bitkub,THB,32.925,32.92,-1.52,True,
2026-09-04T19:05:19.803932+00:00,Bithumb,KRW,1369.5,1368.5,-7.3,True,
2026-09-04T19:05:19.803932+00:00,Coinone,KRW,1368.5,1368.5,0.0,True,
2026-09-04T19:05:19.803932+00:00,Paribu,TRY,48.3675,48.3295,-7.86,True,
2026-09-04T19:05:19.803932+00:00,Pintu,IDR,17651.0,17647.0,-2.27,True,
2026-09-04T19:05:19.803932+00:00,Foxbit,BRL,5.14415,5.1457,3.01,True,
2026-09-04T19:05:19.803932+00:00,MercadoBitcoin,BRL,5.14405,5.1459,3.6,True,
2026-09-04T20:05:20.244992+00:00,IndependentReserve,SGD,1.26849,1.26799,-3.94,True,
2026-09-04T20:05:20.244992+00:00,Coins.ph,PHP,62.665,62.645,-3.19,True,
2026-09-04T20:05:20.244992+00:00,BTCTurk,TRY,48.365,48.2745,-18.71,True,
2026-09-04T20:05:20.244992+00:00,Upbit,KRW,1369.0,1368.0,-7.3,True,
2026-09-04T20:05:20.244992+00:00,Indodax,IDR,17611.5,17617.0,3.12,True,
2026-09-04T20:05:20.244992+00:00,Bitkub,THB,32.925,32.92,-1.52,True,
2026-09-04T20:05:20.244992+00:00,Bithumb,KRW,1368.5,1368.5,0.0,True,
2026-09-04T20:05:20.244992+00:00,Coinone,KRW,1368.5,1368.5,0.0,True,
2026-09-04T20:05:20.244992+00:00,Paribu,TRY,48.3685,48.31,-12.09,True,
2026-09-04T20:05:20.244992+00:00,Pintu,IDR,17652.0,17646.0,-3.4,True,
2026-09-04T20:05:20.244992+00:00,Foxbit,BRL,5.14425,5.1439,-0.68,True,
2026-09-04T20:05:20.244992+00:00,MercadoBitcoin,BRL,5.14425,5.1438,-0.87,True,
2026-09-04T21:05:20.679911+00:00,IndependentReserve,SGD,1.267975,1.267745,-1.81,True,
2026-09-04T21:05:20.679911+00:00,Coins.ph,PHP,62.675,62.645,-4.79,True,
2026-09-04T21:05:20.679911+00:00,BTCTurk,TRY,48.3475,48.2585,-18.41,True,
2026-09-04T21:05:20.679911+00:00,Upbit,KRW,1369.0,1368.0,-7.3,True,
2026-09-04T21:05:20.679911+00:00,Indodax,IDR,17611.5,17617.0,3.12,True,
2026-09-04T21:05:20.679911+00:00,Bitkub,THB,32.925,32.91,-4.56,True,
2026-09-04T21:05:20.679911+00:00,Bithumb,KRW,1369.5,1368.5,-7.3,True,
2026-09-04T21:05:20.679911+00:00,Coinone,KRW,1369.5,1368.5,-7.3,True,
2026-09-04T21:05:20.679911+00:00,Paribu,TRY,48.3715,48.3145,-11.78,True,
2026-09-04T21:05:20.679911+00:00,Pintu,IDR,17653.0,17644.0,-5.1,True,
2026-09-04T21:05:20.679911+00:00,Foxbit,BRL,5.14895,5.1497,1.46,True,
2026-09-04T21:05:20.679911+00:00,MercadoBitcoin,BRL,5.15105,5.14885,-4.27,True,
2026-09-04T22:05:21.212391+00:00,IndependentReserve,SGD,1.269195,1.268145,-8.27,True,
2026-09-04T22:05:21.212391+00:00,Coins.ph,PHP,62.675,62.645,-4.79,True,
2026-09-04T22:05:21.212391+00:00,BTCTurk,TRY,48.3685,48.3325,-7.44,True,
2026-09-04T22:05:21.212391+00:00,Upbit,KRW,1371.0,1369.0,-14.59,True,
2026-09-04T22:05:21.212391+00:00,Indodax,IDR,17620.5,17618.0,-1.42,True,
2026-09-04T22:05:21.212391+00:00,Bitkub,THB,32.925,32.915,-3.04,True,
2026-09-04T22:05:21.212391+00:00,Bithumb,KRW,1371.5,1371.5,0.0,True,
2026-09-04T22:05:21.212391+00:00,Coinone,KRW,1371.5,1370.5,-7.29,True,
2026-09-04T22:05:21.212391+00:00,Paribu,TRY,48.3675,48.317,-10.44,True,
2026-09-04T22:05:21.212391+00:00,Pintu,IDR,17653.0,17643.0,-5.66,True,
2026-09-04T22:05:21.212391+00:00,Foxbit,BRL,5.15155,5.15045,-2.14,True,
2026-09-04T22:05:21.212391+00:00,MercadoBitcoin,BRL,5.14975,5.15045,1.36,True,
2026-09-04T23:05:20.385872+00:00,IndependentReserve,SGD,1.269435,1.267565,-14.73,True,
2026-09-04T23:05:20.385872+00:00,Coins.ph,PHP,62.675,62.645,-4.79,True,
2026-09-04T23:05:20.385872+00:00,BTCTurk,TRY,48.3925,48.327,-13.54,True,
2026-09-04T23:05:20.385872+00:00,Upbit,KRW,1371.0,1369.0,-14.59,True,
2026-09-04T23:05:20.385872+00:00,Indodax,IDR,17614.5,17611.5,-1.7,True,
2026-09-04T23:05:20.385872+00:00,Bitkub,THB,32.925,32.91,-4.56,True,
2026-09-04T23:05:20.385872+00:00,Bithumb,KRW,1371.5,1370.5,-7.29,True,
2026-09-04T23:05:20.385872+00:00,Coinone,KRW,1370.5,1370.5,0.0,True,
2026-09-04T23:05:20.385872+00:00,Paribu,TRY,48.397,48.33,-13.84,True,
2026-09-04T23:05:20.385872+00:00,Pintu,IDR,17653.0,17644.0,-5.1,True,
2026-09-04T23:05:20.385872+00:00,Foxbit,BRL,5.15315,5.151,-4.17,True,
2026-09-04T23:05:20.385872+00:00,MercadoBitcoin,BRL,5.15255,5.1498,-5.34,True,
2026-09-05T00:05:21.049956+00:00,IndependentReserve,SGD,1.269435,1.268765,-5.28,True,
2026-09-05T00:05:21.049956+00:00,Coins.ph,PHP,62.675,62.645,-4.79,True,
2026-09-05T00:05:21.049956+00:00,BTCTurk,TRY,48.393,48.2965,-19.94,True,
2026-09-05T00:05:21.049956+00:00,Upbit,KRW,1371.0,1371.0,0.0,True,
2026-09-05T00:05:21.049956+00:00,Indodax,IDR,17611.5,17614.0,1.42,True,
2026-09-05T00:05:21.049956+00:00,Bitkub,THB,32.925,32.91,-4.56,True,
2026-09-05T00:05:21.049956+00:00,Bithumb,KRW,1370.5,1370.5,0.0,True,
2026-09-05T00:05:21.049956+00:00,Coinone,KRW,1370.5,1369.5,-7.3,True,
2026-09-05T00:05:21.049956+00:00,Paribu,TRY,48.3675,48.352,-3.2,True,
2026-09-05T00:05:21.049956+00:00,Pintu,IDR,17653.0,17644.0,-5.1,True,
2026-09-05T00:05:21.049956+00:00,Foxbit,BRL,5.15345,5.15055,-5.63,True,
2026-09-05T00:05:21.049956+00:00,MercadoBitcoin,BRL,5.15415,5.1508,-6.5,True,
2026-09-05T01:05:20.467779+00:00,IndependentReserve,SGD,1.269075,1.26776,-10.36,True,
2026-09-05T01:05:20.467779+00:00,Coins.ph,PHP,62.675,62.645,-4.79,True,
2026-09-05T01:05:20.467779+00:00,BTCTurk,TRY,48.3825,48.304,-16.22,True,
2026-09-05T01:05:20.467779+00:00,Upbit,KRW,1371.0,1370.0,-7.29,True,
2026-09-05T01:05:20.467779+00:00,Indodax,IDR,17611.5,17607.5,-2.27,True,
2026-09-05T01:05:20.467779+00:00,Bitkub,THB,32.925,32.91,-4.56,True,
2026-09-05T01:05:20.467779+00:00,Bithumb,KRW,1370.5,1370.5,0.0,True,
2026-09-05T01:05:20.467779+00:00,Coinone,KRW,1370.5,1369.5,-7.3,True,
2026-09-05T01:05:20.467779+00:00,Paribu,TRY,48.3675,48.332,-7.34,True,
2026-09-05T01:05:20.467779+00:00,Pintu,IDR,17653.0,17644.0,-5.1,True,
2026-09-05T01:05:20.467779+00:00,Foxbit,BRL,5.15325,5.14955,-7.18,True,
2026-09-05T01:05:20.467779+00:00,MercadoBitcoin,BRL,5.15155,5.1477,-7.47,True,
2026-09-05T02:05:21.129037+00:00,IndependentReserve,SGD,1.26931,1.268475,-6.58,True,
2026-09-05T02:05:21.129037+00:00,Coins.ph,PHP,62.675,62.645,-4.79,True,
2026-09-05T02:05:21.129037+00:00,BTCTurk,TRY,48.37,48.3035,-13.75,True,
2026-09-05T02:05:21.129037+00:00,Upbit,KRW,1370.0,1370.0,0.0,True,
2026-09-05T02:05:21.129037+00:00,Indodax,IDR,17613.5,17612.0,-0.85,True,
2026-09-05T02:05:21.129037+00:00,Bitkub,THB,32.925,32.915,-3.04,True,
2026-09-05T02:05:21.129037+00:00,Bithumb,KRW,1370.5,1370.5,0.0,True,
2026-09-05T02:05:21.129037+00:00,Coinone,KRW,1370.5,1370.5,0.0,True,
2026-09-05T02:05:21.129037+00:00,Paribu,TRY,48.3675,48.346,-4.45,True,
2026-09-05T02:05:21.129037+00:00,Pintu,IDR,17653.0,17644.0,-5.1,True,
2026-09-05T02:05:21.129037+00:00,Foxbit,BRL,5.15325,5.15,-6.31,True,
2026-09-05T02:05:21.129037+00:00,MercadoBitcoin,BRL,5.15115,5.15055,-1.16,True,
2026-09-05T03:05:20.218104+00:00,IndependentReserve,SGD,1.269095,1.268485,-4.81,True,
2026-09-05T03:05:20.218104+00:00,Coins.ph,PHP,62.665,62.645,-3.19,True,
2026-09-05T03:05:20.218104+00:00,BTCTurk,TRY,48.324,48.2875,-7.55,True,
2026-09-05T03:05:20.218104+00:00,Upbit,KRW,1371.0,1370.0,-7.29,True,
2026-09-05T03:05:20.218104+00:00,Indodax,IDR,17609.5,17613.0,1.99,True,
2026-09-05T03:05:20.218104+00:00,Bitkub,THB,32.925,32.915,-3.04,True,
2026-09-05T03:05:20.218104+00:00,Bithumb,KRW,1370.5,1369.5,-7.3,True,
2026-09-05T03:05:20.218104+00:00,Coinone,KRW,1370.5,1369.5,-7.3,True,
2026-09-05T03:05:20.218104+00:00,Paribu,TRY,48.3675,48.294,-15.2,True,
2026-09-05T03:05:20.218104+00:00,Pintu,IDR,17651.0,17645.0,-3.4,True,
2026-09-05T03:05:20.218104+00:00,Foxbit,BRL,5.15315,5.14955,-6.99,True,
2026-09-05T03:05:20.218104+00:00,MercadoBitcoin,BRL,5.15345,5.14955,-7.57,True,
2026-09-05T04:05:18.355037+00:00,IndependentReserve,SGD,1.26988,1.26867,-9.53,True,
2026-09-05T04:05:18.355037+00:00,Coins.ph,PHP,62.675,62.655,-3.19,True,
2026-09-05T04:05:18.355037+00:00,BTCTurk,TRY,48.3325,48.2775,-11.38,True,
2026-09-05T04:05:18.355037+00:00,Upbit,KRW,1370.0,1369.0,-7.3,True,
2026-09-05T04:05:18.355037+00:00,Indodax,IDR,17605.0,17608.0,1.7,True,
2026-09-05T04:05:18.355037+00:00,Bitkub,THB,32.925,32.925,0.0,True,
2026-09-05T04:05:18.355037+00:00,Bithumb,KRW,1369.5,1369.5,0.0,True,
2026-09-05T04:05:18.355037+00:00,Coinone,KRW,1369.5,1369.5,0.0,True,
2026-09-05T04:05:18.355037+00:00,Paribu,TRY,48.3665,48.3035,-13.03,True,
2026-09-05T04:05:18.355037+00:00,Pintu,IDR,17652.0,17645.0,-3.97,True,
2026-09-05T04:05:18.355037+00:00,Foxbit,BRL,5.15225,5.15005,-4.27,True,
2026-09-05T04:05:18.355037+00:00,MercadoBitcoin,BRL,5.15205,5.1505,-3.01,True,
2026-09-05T05:05:17.382404+00:00,IndependentReserve,SGD,1.26921,1.26867,-4.25,True,
2026-09-05T05:05:17.382404+00:00,Coins.ph,PHP,62.685,62.665,-3.19,True,
2026-09-05T05:05:17.382404+00:00,BTCTurk,TRY,48.326,48.2945,-6.52,True,
2026-09-05T05:05:17.382404+00:00,Upbit,KRW,1369.0,1370.0,7.3,True,
2026-09-05T05:05:17.382404+00:00,Indodax,IDR,17607.5,17610.5,1.7,True,
2026-09-05T05:05:17.382404+00:00,Bitkub,THB,32.925,32.915,-3.04,True,
2026-09-05T05:05:17.382404+00:00,Bithumb,KRW,1368.5,1368.5,0.0,True,
2026-09-05T05:05:17.382404+00:00,Coinone,KRW,1368.5,1368.5,0.0,True,
2026-09-05T05:05:17.382404+00:00,Paribu,TRY,48.3605,48.303,-11.89,True,
2026-09-05T05:05:17.382404+00:00,Pintu,IDR,17652.0,17645.0,-3.97,True,
2026-09-05T05:05:17.382404+00:00,Foxbit,BRL,5.15195,5.1505,-2.81,True,
2026-09-05T05:05:17.382404+00:00,MercadoBitcoin,BRL,5.15105,5.1517,1.26,True,
2026-09-05T06:05:14.402160+00:00,IndependentReserve,SGD,1.269195,1.26833,-6.82,True,
2026-09-05T06:05:14.402160+00:00,Coins.ph,PHP,62.685,62.665,-3.19,True,
2026-09-05T06:05:14.402160+00:00,BTCTurk,TRY,48.347,48.294,-10.96,True,
2026-09-05T06:05:14.402160+00:00,Upbit,KRW,1367.0,1367.0,0.0,True,
2026-09-05T06:05:14.402160+00:00,Indodax,IDR,17601.5,17597.0,-2.56,True,
2026-09-05T06:05:14.402160+00:00,Bitkub,THB,32.935,32.92,-4.55,True,
2026-09-05T06:05:14.402160+00:00,Bithumb,KRW,1367.5,1367.5,0.0,True,
2026-09-05T06:05:14.402160+00:00,Coinone,KRW,1367.5,1366.5,-7.31,True,
2026-09-05T06:05:14.402160+00:00,Paribu,TRY,48.3285,48.314,-3.0,True,
2026-09-05T06:05:14.402160+00:00,Pintu,IDR,17668.0,17660.0,-4.53,True,
2026-09-05T06:05:14.402160+00:00,Foxbit,BRL,5.15135,5.14935,-3.88,True,
2026-09-05T06:05:14.402160+00:00,MercadoBitcoin,BRL,5.15165,5.15125,-0.78,True,
2026-09-05T07:05:16.111106+00:00,IndependentReserve,SGD,1.268225,1.267975,-1.97,True,
2026-09-05T07:05:16.111106+00:00,Coins.ph,PHP,62.675,62.665,-1.6,True,
2026-09-05T07:05:16.111106+00:00,BTCTurk,TRY,48.2865,48.277,-1.97,True,
2026-09-05T07:05:16.111106+00:00,Upbit,KRW,1368.0,1368.0,0.0,True,
2026-09-05T07:05:16.111106+00:00,Indodax,IDR,17599.5,17589.0,-5.97,True,
2026-09-05T07:05:16.111106+00:00,Bitkub,THB,32.955,32.925,-9.1,True,
2026-09-05T07:05:16.111106+00:00,Bithumb,KRW,1367.5,1366.5,-7.31,True,
2026-09-05T07:05:16.111106+00:00,Coinone,KRW,1366.5,1366.5,0.0,True,
2026-09-05T07:05:16.111106+00:00,Paribu,TRY,48.3235,48.265,-12.11,True,
2026-09-05T07:05:16.111106+00:00,Pintu,IDR,17668.0,17660.0,-4.53,True,
2026-09-05T07:05:16.111106+00:00,Foxbit,BRL,5.15135,5.15085,-0.97,True,
2026-09-05T07:05:16.111106+00:00,MercadoBitcoin,BRL,5.15135,5.1513,-0.1,True,
2026-09-05T08:05:15.318424+00:00,IndependentReserve,SGD,1.26824,1.267985,-2.01,True,
2026-09-05T08:05:15.318424+00:00,Coins.ph,PHP,62.685,62.665,-3.19,True,
2026-09-05T08:05:15.318424+00:00,BTCTurk,TRY,48.264,48.277,2.69,True,
2026-09-05T08:05:15.318424+00:00,Upbit,KRW,1367.0,1368.0,7.32,True,
2026-09-05T08:05:15.318424+00:00,Indodax,IDR,17599.0,17606.0,3.98,True,
2026-09-05T08:05:15.318424+00:00,Bitkub,THB,32.965,32.96,-1.52,True,
2026-09-05T08:05:15.318424+00:00,Bithumb,KRW,1367.5,1367.5,0.0,True,
2026-09-05T08:05:15.318424+00:00,Coinone,KRW,1367.5,1367.5,0.0,True,
2026-09-05T08:05:15.318424+00:00,Paribu,TRY,48.2995,48.2235,-15.74,True,
2026-09-05T08:05:15.318424+00:00,Pintu,IDR,17652.0,17646.0,-3.4,True,
2026-09-05T08:05:15.318424+00:00,Foxbit,BRL,5.15285,5.15065,-4.27,True,
2026-09-05T08:05:15.318424+00:00,MercadoBitcoin,BRL,5.15305,5.15115,-3.69,True,
2026-09-05T09:05:15.616387+00:00,IndependentReserve,SGD,1.268205,1.267985,-1.73,True,
2026-09-05T09:05:15.616387+00:00,Coins.ph,PHP,62.675,62.665,-1.6,True,
2026-09-05T09:05:15.616387+00:00,BTCTurk,TRY,48.2595,48.2185,-8.5,True,
2026-09-05T09:05:15.616387+00:00,Upbit,KRW,1367.0,1368.0,7.32,True,
2026-09-05T09:05:15.616387+00:00,Indodax,IDR,17596.5,17590.5,-3.41,True,
2026-09-05T09:05:15.616387+00:00,Bitkub,THB,32.965,32.96,-1.52,True,
2026-09-05T09:05:15.616387+00:00,Bithumb,KRW,1367.5,1367.5,0.0,True,
2026-09-05T09:05:15.616387+00:00,Coinone,KRW,1367.5,1366.5,-7.31,True,
2026-09-05T09:05:15.616387+00:00,Paribu,TRY,48.2605,48.204,-11.71,True,
2026-09-05T09:05:15.616387+00:00,Pintu,IDR,17652.0,17648.0,-2.27,True,
2026-09-05T09:05:15.616387+00:00,Foxbit,BRL,5.15215,5.1513,-1.65,True,
2026-09-05T09:05:15.616387+00:00,MercadoBitcoin,BRL,5.15415,5.1519,-4.37,True,
2026-09-05T10:05:17.804520+00:00,IndependentReserve,SGD,1.26814,1.267565,-4.53,True,
2026-09-05T10:05:17.804520+00:00,Coins.ph,PHP,62.675,62.665,-1.6,True,
2026-09-05T10:05:17.804520+00:00,BTCTurk,TRY,48.24,48.2365,-0.73,True,
2026-09-05T10:05:17.804520+00:00,Upbit,KRW,1367.0,1368.0,7.32,True,
2026-09-05T10:05:17.804520+00:00,Indodax,IDR,17594.5,17591.0,-1.99,True,
2026-09-05T10:05:17.804520+00:00,Bitkub,THB,32.945,32.945,0.0,True,
2026-09-05T10:05:17.804520+00:00,Bithumb,KRW,1366.5,1367.5,7.32,True,
2026-09-05T10:05:17.804520+00:00,Coinone,KRW,1366.5,1366.5,0.0,True,
2026-09-05T10:05:17.804520+00:00,Paribu,TRY,48.2225,48.209,-2.8,True,
2026-09-05T10:05:17.804520+00:00,Pintu,IDR,17652.0,17648.0,-2.27,True,
2026-09-05T10:05:17.804520+00:00,Foxbit,BRL,5.15255,5.15155,-1.94,True,
2026-09-05T10:05:17.804520+00:00,MercadoBitcoin,BRL,5.15365,5.1524,-2.43,True,
2026-09-05T11:05:15.031510+00:00,IndependentReserve,SGD,1.26794,1.267635,-2.41,True,
2026-09-05T11:05:15.031510+00:00,Coins.ph,PHP,62.675,62.665,-1.6,True,
2026-09-05T11:05:15.031510+00:00,BTCTurk,TRY,48.2285,48.2135,-3.11,True,
2026-09-05T11:05:15.031510+00:00,Upbit,KRW,1367.0,1365.0,-14.63,True,
2026-09-05T11:05:15.031510+00:00,Indodax,IDR,17586.0,17586.5,0.28,True,
2026-09-05T11:05:15.031510+00:00,Bitkub,THB,32.935,32.915,-6.07,True,
2026-09-05T11:05:15.031510+00:00,Bithumb,KRW,1366.5,1366.5,0.0,True,
2026-09-05T11:05:15.031510+00:00,Coinone,KRW,1366.5,1366.5,0.0,True,
2026-09-05T11:05:15.031510+00:00,Paribu,TRY,48.2515,48.15,-21.04,True,
2026-09-05T11:05:15.031510+00:00,Pintu,IDR,17652.0,17648.0,-2.27,True,
2026-09-05T11:05:15.031510+00:00,Foxbit,BRL,5.15305,5.1517,-2.62,True,
2026-09-05T11:05:15.031510+00:00,MercadoBitcoin,BRL,5.15385,5.152,-3.59,True,
2026-09-05T12:05:15.770544+00:00,IndependentReserve,SGD,1.26788,1.26763,-1.97,True,
2026-09-05T12:05:15.770544+00:00,Coins.ph,PHP,62.675,62.665,-1.6,True,
2026-09-05T12:05:15.770544+00:00,BTCTurk,TRY,48.2445,48.132,-23.32,True,
2026-09-05T12:05:15.770544+00:00,Upbit,KRW,1367.0,1367.0,0.0,True,
2026-09-05T12:05:15.770544+00:00,Indodax,IDR,17581.5,17576.5,-2.84,True,
2026-09-05T12:05:15.770544+00:00,Bitkub,THB,32.935,32.925,-3.04,True,
2026-09-05T12:05:15.770544+00:00,Bithumb,KRW,1366.5,1366.5,0.0,True,
2026-09-05T12:05:15.770544+00:00,Coinone,KRW,1366.5,1366.5,0.0,True,
2026-09-05T12:05:15.770544+00:00,Paribu,TRY,48.2705,48.229,-8.6,True,
2026-09-05T12:05:15.770544+00:00,Pintu,IDR,17652.0,17647.0,-2.83,True,
2026-09-05T12:05:15.770544+00:00,Foxbit,BRL,5.15365,5.15155,-4.07,True,
2026-09-05T12:05:15.770544+00:00,MercadoBitcoin,BRL,5.15415,5.1521,-3.98,True,
2026-09-05T13:05:17.055213+00:00,IndependentReserve,SGD,1.267865,1.26762,-1.93,True,
2026-09-05T13:05:17.055213+00:00,Coins.ph,PHP,62.685,62.675,-1.6,True,
2026-09-05T13:05:17.055213+00:00,BTCTurk,TRY,48.2905,48.2175,-15.12,True,
2026-09-05T13:05:17.055213+00:00,Upbit,KRW,1367.0,1367.0,0.0,True,
2026-09-05T13:05:17.055213+00:00,Indodax,IDR,17580.5,17578.5,-1.14,True,
2026-09-05T13:05:17.055213+00:00,Bitkub,THB,32.935,32.925,-3.04,True,
2026-09-05T13:05:17.055213+00:00,Bithumb,KRW,1366.5,1365.5,-7.32,True,
2026-09-05T13:05:17.055213+00:00,Coinone,KRW,1366.5,1365.5,-7.32,True,
2026-09-05T13:05:17.055213+00:00,Paribu,TRY,48.2705,48.238,-6.73,True,
2026-09-05T13:05:17.055213+00:00,Pintu,IDR,17652.0,17647.0,-2.83,True,
2026-09-05T13:05:17.055213+00:00,Foxbit,BRL,5.15735,5.154,-6.5,True,
2026-09-05T13:05:17.055213+00:00,MercadoBitcoin,BRL,5.15585,5.15295,-5.62,True,
2026-09-05T14:05:15.982311+00:00,IndependentReserve,SGD,1.266295,1.267465,9.24,True,
2026-09-05T14:05:15.982311+00:00,Coins.ph,PHP,62.695,62.675,-3.19,True,
2026-09-05T14:05:15.982311+00:00,BTCTurk,TRY,48.329,48.246,-17.17,True,
2026-09-05T14:05:15.982311+00:00,Upbit,KRW,1366.0,1365.0,-7.32,True,
2026-09-05T14:05:15.982311+00:00,Indodax,IDR,17581.5,17577.0,-2.56,True,
2026-09-05T14:05:15.982311+00:00,Bitkub,THB,32.965,32.95,-4.55,True,
2026-09-05T14:05:15.982311+00:00,Bithumb,KRW,1366.5,1366.5,0.0,True,
2026-09-05T14:05:15.982311+00:00,Coinone,KRW,1366.5,1366.5,0.0,True,
2026-09-05T14:05:15.982311+00:00,Paribu,TRY,48.3125,48.2815,-6.42,True,
2026-09-05T14:05:15.982311+00:00,Pintu,IDR,17653.0,17647.0,-3.4,True,
2026-09-05T14:05:15.982311+00:00,Foxbit,BRL,5.15725,5.1554,-3.59,True,
2026-09-05T14:05:15.982311+00:00,MercadoBitcoin,BRL,5.15825,5.15565,-5.04,True,
2026-09-05T15:05:16.864988+00:00,IndependentReserve,SGD,1.267695,1.267465,-1.81,True,
2026-09-05T15:05:16.864988+00:00,Coins.ph,PHP,62.685,62.675,-1.6,True,
2026-09-05T15:05:16.864988+00:00,BTCTurk,TRY,48.344,48.28,-13.24,True,
2026-09-05T15:05:16.864988+00:00,Upbit,KRW,1367.0,1367.0,0.0,True,
2026-09-05T15:05:16.864988+00:00,Indodax,IDR,17576.5,17572.5,-2.28,True,
2026-09-05T15:05:16.864988+00:00,Bitkub,THB,32.975,32.98,1.52,True,
2026-09-05T15:05:16.864988+00:00,Bithumb,KRW,1366.5,1366.5,0.0,True,
2026-09-05T15:05:16.864988+00:00,Coinone,KRW,1366.5,1366.5,0.0,True,
2026-09-05T15:05:16.864988+00:00,Paribu,TRY,48.3545,48.291,-13.13,True,
2026-09-05T15:05:16.864988+00:00,Pintu,IDR,17653.0,17647.0,-3.4,True,
2026-09-05T15:05:16.864988+00:00,Foxbit,BRL,5.15815,5.15565,-4.85,True,
2026-09-05T15:05:16.864988+00:00,MercadoBitcoin,BRL,5.15765,5.15655,-2.13,True,
2026-09-05T16:05:17.684343+00:00,IndependentReserve,SGD,1.266445,1.267535,8.61,True,
2026-09-05T16:05:17.684343+00:00,Coins.ph,PHP,62.685,62.665,-3.19,True,
2026-09-05T16:05:17.684343+00:00,BTCTurk,TRY,48.3745,48.283,-18.91,True,
2026-09-05T16:05:17.684343+00:00,Upbit,KRW,1366.0,1366.0,0.0,True,
2026-09-05T16:05:17.684343+00:00,Indodax,IDR,17575.5,17570.5,-2.84,True,
2026-09-05T16:05:17.684343+00:00,Bitkub,THB,32.955,32.95,-1.52,True,
2026-09-05T16:05:17.684343+00:00,Bithumb,KRW,1365.5,1366.0,3.66,True,
2026-09-05T16:05:17.684343+00:00,Coinone,KRW,1365.5,1365.5,0.0,True,
2026-09-05T16:05:17.684343+00:00,Paribu,TRY,48.3545,48.298,-11.68,True,
2026-09-05T16:05:17.684343+00:00,Pintu,IDR,17668.0,17657.0,-6.23,True,
2026-09-05T16:05:17.684343+00:00,Foxbit,BRL,5.16225,5.15955,-5.23,True,
2026-09-05T16:05:17.684343+00:00,MercadoBitcoin,BRL,5.16205,5.15865,-6.59,True,
2026-09-05T17:05:13.089712+00:00,IndependentReserve,SGD,1.267725,1.267855,1.03,True,
2026-09-05T17:05:13.089712+00:00,Coins.ph,PHP,62.685,62.665,-3.19,True,
2026-09-05T17:05:13.089712+00:00,BTCTurk,TRY,48.3795,48.2825,-20.05,True,
2026-09-05T17:05:13.089712+00:00,Upbit,KRW,1365.0,1365.0,0.0,True,
2026-09-05T17:05:13.089712+00:00,Indodax,IDR,17572.5,17569.0,-1.99,True,
2026-09-05T17:05:13.089712+00:00,Bitkub,THB,32.955,32.93,-7.59,True,
2026-09-05T17:05:13.089712+00:00,Bithumb,KRW,1365.5,1365.5,0.0,True,
2026-09-05T17:05:13.089712+00:00,Coinone,KRW,1365.5,1365.5,0.0,True,
2026-09-05T17:05:13.089712+00:00,Paribu,TRY,48.3655,48.292,-15.2,True,
2026-09-05T17:05:13.089712+00:00,Pintu,IDR,17653.0,17647.0,-3.4,True,
2026-09-05T17:05:13.089712+00:00,Foxbit,BRL,5.16195,5.15885,-6.01,True,
2026-09-05T17:05:13.089712+00:00,MercadoBitcoin,BRL,5.16245,5.15865,-7.36,True,
2026-09-05T18:05:16.992491+00:00,IndependentReserve,SGD,1.268835,1.26877,-0.51,True,
2026-09-05T18:05:16.992491+00:00,Coins.ph,PHP,62.675,62.665,-1.6,True,
2026-09-05T18:05:16.992491+00:00,BTCTurk,TRY,48.3855,48.3045,-16.74,True,
2026-09-05T18:05:16.992491+00:00,Upbit,KRW,1365.0,1365.0,0.0,True,
2026-09-05T18:05:16.992491+00:00,Indodax,IDR,17572.5,17567.0,-3.13,True,
2026-09-05T18:05:16.992491+00:00,Bitkub,THB,32.955,32.95,-1.52,True,
2026-09-05T18:05:16.992491+00:00,Bithumb,KRW,1364.5,1364.0,-3.66,True,
2026-09-05T18:05:16.992491+00:00,Coinone,KRW,1364.5,1364.5,0.0,True,
2026-09-05T18:05:16.992491+00:00,Paribu,TRY,48.3535,48.299,-11.27,True,
2026-09-05T18:05:16.992491+00:00,Pintu,IDR,17653.0,17648.0,-2.83,True,
2026-09-05T18:05:16.992491+00:00,Foxbit,BRL,5.15865,5.15845,-0.39,True,
2026-09-05T18:05:16.992491+00:00,MercadoBitcoin,BRL,5.15705,5.1571,0.1,True,
2026-09-05T19:05:17.109095+00:00,IndependentReserve,SGD,1.268835,1.268675,-1.26,True,
2026-09-05T19:05:17.109095+00:00,Coins.ph,PHP,62.675,62.665,-1.6,True,
2026-09-05T19:05:17.109095+00:00,BTCTurk,TRY,48.376,48.2885,-18.09,True,
2026-09-05T19:05:17.109095+00:00,Upbit,KRW,1364.0,1366.0,14.66,True,
2026-09-05T19:05:17.109095+00:00,Indodax,IDR,17572.5,17566.0,-3.7,True,
2026-09-05T19:05:17.109095+00:00,Bitkub,THB,32.955,32.95,-1.52,True,
2026-09-05T19:05:17.109095+00:00,Bithumb,KRW,1364.5,1364.5,0.0,True,
2026-09-05T19:05:17.109095+00:00,Coinone,KRW,1364.5,1364.5,0.0,True,
2026-09-05T19:05:17.109095+00:00,Paribu,TRY,48.3535,48.2995,-11.17,True,
2026-09-05T19:05:17.109095+00:00,Pintu,IDR,17653.0,17647.0,-3.4,True,
2026-09-05T19:05:17.109095+00:00,Foxbit,BRL,5.15985,5.1596,-0.48,True,
2026-09-05T19:05:17.109095+00:00,MercadoBitcoin,BRL,5.16105,5.15845,-5.04,True,
2026-09-05T20:05:17.357173+00:00,IndependentReserve,SGD,1.26894,1.268875,-0.51,True,
2026-09-05T20:05:17.357173+00:00,Coins.ph,PHP,62.675,62.665,-1.6,True,
2026-09-05T20:05:17.357173+00:00,BTCTurk,TRY,48.3905,48.293,-20.15,True,
2026-09-05T20:05:17.357173+00:00,Upbit,KRW,1365.0,1364.0,-7.33,True,
2026-09-05T20:05:17.357173+00:00,Indodax,IDR,17572.5,17566.5,-3.41,True,
2026-09-05T20:05:17.357173+00:00,Bitkub,THB,32.955,32.95,-1.52,True,
2026-09-05T20:05:17.357173+00:00,Bithumb,KRW,1364.5,1364.5,0.0,True,
2026-09-05T20:05:17.357173+00:00,Coinone,KRW,1364.5,1364.5,0.0,True,
2026-09-05T20:05:17.357173+00:00,Paribu,TRY,48.3685,48.3185,-10.34,True,
2026-09-05T20:05:17.357173+00:00,Pintu,IDR,17653.0,17648.0,-2.83,True,
2026-09-05T20:05:17.357173+00:00,Foxbit,BRL,5.16175,5.1597,-3.97,True,
2026-09-05T20:05:17.357173+00:00,MercadoBitcoin,BRL,5.16205,5.16255,0.97,True,
2026-09-05T21:05:15.178359+00:00,IndependentReserve,SGD,1.268935,1.26887,-0.51,True,
2026-09-05T21:05:15.178359+00:00,Coins.ph,PHP,62.675,62.665,-1.6,True,
2026-09-05T21:05:15.178359+00:00,BTCTurk,TRY,48.3875,48.362,-5.27,True,
2026-09-05T21:05:15.178359+00:00,Upbit,KRW,1365.0,1364.0,-7.33,True,
2026-09-05T21:05:15.178359+00:00,Indodax,IDR,17572.5,17566.5,-3.41,True,
2026-09-05T21:05:15.178359+00:00,Bitkub,THB,32.955,32.95,-1.52,True,
2026-09-05T21:05:15.178359+00:00,Bithumb,KRW,1364.5,1364.5,0.0,True,
2026-09-05T21:05:15.178359+00:00,Coinone,KRW,1364.5,1364.5,0.0,True,
2026-09-05T21:05:15.178359+00:00,Paribu,TRY,48.3685,48.3225,-9.51,True,
2026-09-05T21:05:15.178359+00:00,Pintu,IDR,17653.0,17648.0,-2.83,True,
2026-09-05T21:05:15.178359+00:00,Foxbit,BRL,5.16275,5.15955,-6.2,True,
2026-09-05T21:05:15.178359+00:00,MercadoBitcoin,BRL,5.16315,5.16255,-1.16,True,
2026-09-05T22:05:17.480980+00:00,IndependentReserve,SGD,1.268675,1.26837,-2.4,True,
2026-09-05T22:05:17.480980+00:00,Coins.ph,PHP,62.675,62.665,-1.6,True,
2026-09-05T22:05:17.480980+00:00,BTCTurk,TRY,48.3285,48.2755,-10.97,True,
2026-09-05T22:05:17.480980+00:00,Upbit,KRW,1365.0,1365.0,0.0,True,
2026-09-05T22:05:17.480980+00:00,Indodax,IDR,17573.0,17565.0,-4.55,True,
2026-09-05T22:05:17.480980+00:00,Bitkub,THB,32.945,32.935,-3.04,True,
2026-09-05T22:05:17.480980+00:00,Bithumb,KRW,1364.5,1364.5,0.0,True,
2026-09-05T22:05:17.480980+00:00,Coinone,KRW,1364.5,1364.5,0.0,True,
2026-09-05T22:05:17.480980+00:00,Paribu,TRY,48.3325,48.3125,-4.14,True,
2026-09-05T22:05:17.480980+00:00,Pintu,IDR,17653.0,17647.0,-3.4,True,
2026-09-05T22:05:17.480980+00:00,Foxbit,BRL,5.16285,5.16015,-5.23,True,
2026-09-05T22:05:17.480980+00:00,MercadoBitcoin,BRL,5.16275,5.1623,-0.87,True,
2026-09-05T23:05:16.848313+00:00,IndependentReserve,SGD,1.26849,1.26834,-1.18,True,
2026-09-05T23:05:16.848313+00:00,Coins.ph,PHP,62.675,62.665,-1.6,True,
2026-09-05T23:05:16.848313+00:00,BTCTurk,TRY,48.3285,48.2775,-10.55,True,
2026-09-05T23:05:16.848313+00:00,Upbit,KRW,1364.0,1363.0,-7.33,True,
2026-09-05T23:05:16.848313+00:00,Indodax,IDR,17571.5,17565.0,-3.7,True,
2026-09-05T23:05:16.848313+00:00,Bitkub,THB,32.945,32.935,-3.04,True,
2026-09-05T23:05:16.848313+00:00,Bithumb,KRW,1364.5,1364.5,0.0,True,
2026-09-05T23:05:16.848313+00:00,Coinone,KRW,1364.5,1364.5,0.0,True,
2026-09-05T23:05:16.848313+00:00,Paribu,TRY,48.3495,48.3025,-9.72,True,
2026-09-05T23:05:16.848313+00:00,Pintu,IDR,17654.0,17647.0,-3.97,True,
2026-09-05T23:05:16.848313+00:00,Foxbit,BRL,5.16545,5.16255,-5.61,True,
2026-09-05T23:05:16.848313+00:00,MercadoBitcoin,BRL,5.16135,5.16205,1.36,True,
2026-09-06T00:05:16.624944+00:00,IndependentReserve,SGD,1.26767,1.267455,-1.7,True,
2026-09-06T00:05:16.624944+00:00,Coins.ph,PHP,62.675,62.665,-1.6,True,
2026-09-06T00:05:16.624944+00:00,BTCTurk,TRY,48.3325,48.276,-11.69,True,
2026-09-06T00:05:16.624944+00:00,Upbit,KRW,1366.0,1365.0,-7.32,True,
2026-09-06T00:05:16.624944+00:00,Indodax,IDR,17571.5,17563.0,-4.84,True,
2026-09-06T00:05:16.624944+00:00,Bitkub,THB,32.955,32.955,0.0,True,
2026-09-06T00:05:16.624944+00:00,Bithumb,KRW,1365.5,1365.5,0.0,True,
2026-09-06T00:05:16.624944+00:00,Coinone,KRW,1365.5,1364.5,-7.32,True,
2026-09-06T00:05:16.624944+00:00,Paribu,TRY,48.3495,48.303,-9.62,True,
2026-09-06T00:05:16.624944+00:00,Pintu,IDR,17654.0,17647.0,-3.97,True,
2026-09-06T00:05:16.624944+00:00,Foxbit,BRL,5.16325,5.1619,-2.61,True,
2026-09-06T00:05:16.624944+00:00,MercadoBitcoin,BRL,5.16225,5.1618,-0.87,True,
2026-09-06T01:05:17.400559+00:00,IndependentReserve,SGD,1.26737,1.267065,-2.41,True,
2026-09-06T01:05:17.400559+00:00,Coins.ph,PHP,62.685,62.665,-3.19,True,
2026-09-06T01:05:17.400559+00:00,BTCTurk,TRY,48.3365,48.2815,-11.38,True,
2026-09-06T01:05:17.400559+00:00,Upbit,KRW,1365.0,1366.0,7.33,True,
2026-09-06T01:05:17.400559+00:00,Indodax,IDR,17571.5,17564.5,-3.98,True,
2026-09-06T01:05:17.400559+00:00,Bitkub,THB,32.955,32.95,-1.52,True,
2026-09-06T01:05:17.400559+00:00,Bithumb,KRW,1365.5,1365.5,0.0,True,
2026-09-06T01:05:17.400559+00:00,Coinone,KRW,1365.5,1365.5,0.0,True,
2026-09-06T01:05:17.400559+00:00,Paribu,TRY,48.3415,48.303,-7.96,True,
2026-09-06T01:05:17.400559+00:00,Pintu,IDR,17653.0,17647.0,-3.4,True,
2026-09-06T01:05:17.400559+00:00,Foxbit,BRL,5.16485,5.16415,-1.36,True,
2026-09-06T01:05:17.400559+00:00,MercadoBitcoin,BRL,5.16375,5.16395,0.39,True,
2026-09-06T02:05:15.949585+00:00,IndependentReserve,SGD,1.2695,1.269255,-1.93,True,
2026-09-06T02:05:15.949585+00:00,Coins.ph,PHP,62.675,62.665,-1.6,True,
2026-09-06T02:05:15.949585+00:00,BTCTurk,TRY,48.2765,48.2615,-3.11,True,
2026-09-06T02:05:15.949585+00:00,Upbit,KRW,1365.0,1366.0,7.33,True,
2026-09-06T02:05:15.949585+00:00,Indodax,IDR,17570.5,17565.0,-3.13,True,
2026-09-06T02:05:15.949585+00:00,Bitkub,THB,32.955,32.95,-1.52,True,
2026-09-06T02:05:15.949585+00:00,Bithumb,KRW,1365.5,1364.5,-7.32,True,
2026-09-06T02:05:15.949585+00:00,Coinone,KRW,1365.5,1365.5,0.0,True,
2026-09-06T02:05:15.949585+00:00,Paribu,TRY,48.2215,48.201,-4.25,True,
2026-09-06T02:05:15.949585+00:00,Pintu,IDR,17653.0,17647.0,-3.4,True,
2026-09-06T02:05:15.949585+00:00,Foxbit,BRL,5.16545,5.16405,-2.71,True,
2026-09-06T02:05:15.949585+00:00,MercadoBitcoin,BRL,5.16415,5.16345,-1.36,True,
2026-09-06T03:05:13.357486+00:00,IndependentReserve,SGD,1.26998,1.269705,-2.17,True,
2026-09-06T03:05:13.357486+00:00,Coins.ph,PHP,62.675,62.665,-1.6,True,
2026-09-06T03:05:13.357486+00:00,BTCTurk,TRY,48.2295,48.177,-10.89,True,
2026-09-06T03:05:13.357486+00:00,Upbit,KRW,1365.0,1366.0,7.33,True,
2026-09-06T03:05:13.357486+00:00,Indodax,IDR,17564.5,17565.0,0.28,True,
2026-09-06T03:05:13.357486+00:00,Bitkub,THB,32.955,32.925,-9.1,True,
2026-09-06T03:05:13.357486+00:00,Bithumb,KRW,1365.5,1364.5,-7.32,True,
2026-09-06T03:05:13.357486+00:00,Coinone,KRW,1365.5,1364.5,-7.32,True,
2026-09-06T03:05:13.357486+00:00,Paribu,TRY,48.239,48.2585,4.04,True,
2026-09-06T03:05:13.357486+00:00,Pintu,IDR,17653.0,17647.0,-3.4,True,
2026-09-06T03:05:13.357486+00:00,Foxbit,BRL,5.16565,5.1645,-2.23,True,
2026-09-06T03:05:13.357486+00:00,MercadoBitcoin,BRL,5.16645,5.16295,-6.77,True,
2026-09-06T04:05:15.769806+00:00,IndependentReserve,SGD,1.26981,1.26951,-2.36,True,
2026-09-06T04:05:15.769806+00:00,Coins.ph,PHP,62.675,62.665,-1.6,True,
2026-09-06T04:05:15.769806+00:00,BTCTurk,TRY,48.1425,48.191,10.07,True,
2026-09-06T04:05:15.769806+00:00,Upbit,KRW,1365.0,1365.0,0.0,True,
2026-09-06T04:05:15.769806+00:00,Indodax,IDR,17564.5,17557.0,-4.27,True,
2026-09-06T04:05:15.769806+00:00,Bitkub,THB,32.945,32.945,0.0,True,
2026-09-06T04:05:15.769806+00:00,Bithumb,KRW,1364.5,1364.5,0.0,True,
2026-09-06T04:05:15.769806+00:00,Coinone,KRW,1364.5,1363.5,-7.33,True,
2026-09-06T04:05:15.769806+00:00,Paribu,TRY,48.2515,48.1935,-12.02,True,
2026-09-06T04:05:15.769806+00:00,Pintu,IDR,17638.0,17637.0,-0.57,True,
2026-09-06T04:05:15.769806+00:00,Foxbit,BRL,5.16565,5.16265,-5.81,True,
2026-09-06T04:05:15.769806+00:00,MercadoBitcoin,BRL,5.16445,5.1635,-1.84,True,
2026-09-06T05:05:13.401409+00:00,IndependentReserve,SGD,1.26958,1.269285,-2.32,True,
2026-09-06T05:05:13.401409+00:00,Coins.ph,PHP,62.675,62.665,-1.6,True,
2026-09-06T05:05:13.401409+00:00,BTCTurk,TRY,48.26,48.228,-6.63,True,
2026-09-06T05:05:13.401409+00:00,Upbit,KRW,1365.0,1364.0,-7.33,True,
2026-09-06T05:05:13.401409+00:00,Indodax,IDR,17556.5,17560.5,2.28,True,
2026-09-06T05:05:13.401409+00:00,Bitkub,THB,,,,False,ValueError:no USDT mid captured this run
2026-09-06T05:05:13.401409+00:00,Bithumb,KRW,1364.5,1364.5,0.0,True,
2026-09-06T05:05:13.401409+00:00,Coinone,KRW,1364.5,1364.5,0.0,True,
2026-09-06T05:05:13.401409+00:00,Paribu,TRY,48.2575,48.2195,-7.87,True,
2026-09-06T05:05:13.401409+00:00,Pintu,IDR,17638.0,17637.0,-0.57,True,
2026-09-06T05:05:13.401409+00:00,Foxbit,BRL,5.16565,5.16445,-2.32,True,
2026-09-06T05:05:13.401409+00:00,MercadoBitcoin,BRL,5.16515,5.16455,-1.16,True,
2026-09-06T06:05:22.411540+00:00,IndependentReserve,SGD,1.269265,1.26906,-1.62,True,
2026-09-06T06:05:22.411540+00:00,Coins.ph,PHP,62.685,62.675,-1.6,True,
2026-09-06T06:05:22.411540+00:00,BTCTurk,TRY,48.2375,48.1995,-7.88,True,
2026-09-06T06:05:22.411540+00:00,Upbit,KRW,1363.0,1364.0,7.34,True,
2026-09-06T06:05:22.411540+00:00,Indodax,IDR,17525.5,17550.0,13.98,True,
2026-09-06T06:05:22.411540+00:00,Bitkub,THB,32.955,32.935,-6.07,True,
2026-09-06T06:05:22.411540+00:00,Bithumb,KRW,1362.5,1362.5,0.0,True,
2026-09-06T06:05:22.411540+00:00,Coinone,KRW,1362.5,1362.5,0.0,True,
2026-09-06T06:05:22.411540+00:00,Paribu,TRY,48.2905,48.2515,-8.08,True,
2026-09-06T06:05:22.411540+00:00,Pintu,IDR,17637.0,17637.0,0.0,True,
2026-09-06T06:05:22.411540+00:00,Foxbit,BRL,5.16565,5.16245,-6.19,True,
2026-09-06T06:05:22.411540+00:00,MercadoBitcoin,BRL,5.16525,5.1634,-3.58,True,
2026-09-06T07:05:13.549955+00:00,IndependentReserve,SGD,1.26934,1.26923,-0.87,True,
2026-09-06T07:05:13.549955+00:00,Coins.ph,PHP,62.685,62.675,-1.6,True,
2026-09-06T07:05:13.549955+00:00,BTCTurk,TRY,48.233,48.1795,-11.09,True,
2026-09-06T07:05:13.549955+00:00,Upbit,KRW,1363.0,1365.0,14.67,True,
2026-09-06T07:05:13.549955+00:00,Indodax,IDR,17512.5,17532.5,11.42,True,
2026-09-06T07:05:13.549955+00:00,Bitkub,THB,32.955,32.945,-3.03,True,
2026-09-06T07:05:13.549955+00:00,Bithumb,KRW,1363.5,1363.5,0.0,True,
2026-09-06T07:05:13.549955+00:00,Coinone,KRW,1363.5,1363.0,-3.67,True,
2026-09-06T07:05:13.549955+00:00,Paribu,TRY,48.2375,48.18,-11.92,True,
2026-09-06T07:05:13.549955+00:00,Pintu,IDR,17637.0,17637.0,0.0,True,
2026-09-06T07:05:13.549955+00:00,Foxbit,BRL,5.16555,5.16265,-5.61,True,
2026-09-06T07:05:13.549955+00:00,MercadoBitcoin,BRL,5.16515,5.1632,-3.78,True,
2026-09-06T08:05:16.600082+00:00,IndependentReserve,SGD,1.26886,1.26891,0.39,True,
2026-09-06T08:05:16.600082+00:00,Coins.ph,PHP,62.675,62.655,-3.19,True,
2026-09-06T08:05:16.600082+00:00,BTCTurk,TRY,48.2365,48.1945,-8.71,True,
2026-09-06T08:05:16.600082+00:00,Upbit,KRW,1363.0,1365.0,14.67,True,
2026-09-06T08:05:16.600082+00:00,Indodax,IDR,17469.5,17521.5,29.77,True,
2026-09-06T08:05:16.600082+00:00,Bitkub,THB,32.955,32.955,0.0,True,
2026-09-06T08:05:16.600082+00:00,Bithumb,KRW,1363.5,1363.5,0.0,True,
2026-09-06T08:05:16.600082+00:00,Coinone,KRW,1363.5,1363.5,0.0,True,
2026-09-06T08:05:16.600082+00:00,Paribu,TRY,48.2215,48.183,-7.98,True,
2026-09-06T08:05:16.600082+00:00,Pintu,IDR,17637.0,17637.0,0.0,True,
2026-09-06T08:05:16.600082+00:00,Foxbit,BRL,5.16395,5.1625,-2.81,True,
2026-09-06T08:05:16.600082+00:00,MercadoBitcoin,BRL,5.16475,5.1625,-4.36,True,
2026-09-06T09:05:18.296851+00:00,IndependentReserve,SGD,1.268565,1.26858,0.12,True,
2026-09-06T09:05:18.296851+00:00,Coins.ph,PHP,62.675,62.655,-3.19,True,
2026-09-06T09:05:18.296851+00:00,BTCTurk,TRY,48.2825,48.213,-14.39,True,
2026-09-06T09:05:18.296851+00:00,Upbit,KRW,1364.0,1363.0,-7.33,True,
2026-09-06T09:05:18.296851+00:00,Indodax,IDR,17543.5,17531.0,-7.13,True,
2026-09-06T09:05:18.296851+00:00,Bitkub,THB,32.975,32.95,-7.58,True,
2026-09-06T09:05:18.296851+00:00,Bithumb,KRW,1363.5,1362.5,-7.33,True,
2026-09-06T09:05:18.296851+00:00,Coinone,KRW,1363.5,1363.5,0.0,True,
2026-09-06T09:05:18.296851+00:00,Paribu,TRY,48.2495,48.1885,-12.64,True,
2026-09-06T09:05:18.296851+00:00,Pintu,IDR,17637.0,17638.0,0.57,True,
2026-09-06T09:05:18.296851+00:00,Foxbit,BRL,5.16325,5.1626,-1.26,True,
2026-09-06T09:05:18.296851+00:00,MercadoBitcoin,BRL,5.16465,5.1625,-4.16,True,
2026-09-06T10:05:16.061136+00:00,IndependentReserve,SGD,1.2681,1.268495,3.11,True,
2026-09-06T10:05:16.061136+00:00,Coins.ph,PHP,62.675,62.655,-3.19,True,
2026-09-06T10:05:16.061136+00:00,BTCTurk,TRY,48.2815,48.306,5.07,True,
2026-09-06T10:05:16.061136+00:00,Upbit,KRW,1363.0,1364.0,7.34,True,
2026-09-06T10:05:16.061136+00:00,Indodax,IDR,17537.5,17543.5,3.42,True,
2026-09-06T10:05:16.061136+00:00,Bitkub,THB,32.975,32.97,-1.52,True,
2026-09-06T10:05:16.061136+00:00,Bithumb,KRW,1362.5,1363.0,3.67,True,
2026-09-06T10:05:16.061136+00:00,Coinone,KRW,1362.5,1362.5,0.0,True,
2026-09-06T10:05:16.061136+00:00,Paribu,TRY,48.2375,48.2015,-7.46,True,
2026-09-06T10:05:16.061136+00:00,Pintu,IDR,17637.0,17638.0,0.57,True,
2026-09-06T10:05:16.061136+00:00,Foxbit,BRL,5.16275,5.16095,-3.49,True,
2026-09-06T10:05:16.061136+00:00,MercadoBitcoin,BRL,5.16185,5.1606,-2.42,True,
2026-09-06T11:05:18.549039+00:00,IndependentReserve,SGD,1.2681,1.268405,2.41,True,
2026-09-06T11:05:18.549039+00:00,Coins.ph,PHP,62.675,62.655,-3.19,True,
2026-09-06T11:05:18.549039+00:00,BTCTurk,TRY,48.2445,48.302,11.92,True,
2026-09-06T11:05:18.549039+00:00,Upbit,KRW,1363.0,1361.0,-14.67,True,
2026-09-06T11:05:18.549039+00:00,Indodax,IDR,17497.5,17495.0,-1.43,True,
2026-09-06T11:05:18.549039+00:00,Bitkub,THB,33.015,32.995,-6.06,True,
2026-09-06T11:05:18.549039+00:00,Bithumb,KRW,1362.5,1362.5,0.0,True,
2026-09-06T11:05:18.549039+00:00,Coinone,KRW,1362.5,1362.5,0.0,True,
2026-09-06T11:05:18.549039+00:00,Paribu,TRY,48.2625,48.2295,-6.84,True,
2026-09-06T11:05:18.549039+00:00,Pintu,IDR,17653.0,17648.0,-2.83,True,
2026-09-06T11:05:18.549039+00:00,Foxbit,BRL,5.16145,5.1603,-2.23,True,
2026-09-06T11:05:18.549039+00:00,MercadoBitcoin,BRL,5.16135,5.1606,-1.45,True,
2026-09-06T12:05:16.944924+00:00,IndependentReserve,SGD,1.26791,1.267975,0.51,True,
2026-09-06T12:05:16.944924+00:00,Coins.ph,PHP,62.675,62.655,-3.19,True,
2026-09-06T12:05:16.944924+00:00,BTCTurk,TRY,48.2695,48.2035,-13.67,True,
2026-09-06T12:05:16.944924+00:00,Upbit,KRW,1362.0,1363.0,7.34,True,
2026-09-06T12:05:16.944924+00:00,Indodax,IDR,17510.5,17489.0,-12.28,True,
2026-09-06T12:05:16.944924+00:00,Bitkub,THB,33.055,32.995,-18.15,True,
2026-09-06T12:05:16.944924+00:00,Bithumb,KRW,1362.5,1362.5,0.0,True,
2026-09-06T12:05:16.944924+00:00,Coinone,KRW,1362.5,1361.5,-7.34,True,
2026-09-06T12:05:16.944924+00:00,Paribu,TRY,48.2625,48.2475,-3.11,True,
2026-09-06T12:05:16.944924+00:00,Pintu,IDR,17653.0,17648.0,-2.83,True,
2026-09-06T12:05:16.944924+00:00,Foxbit,BRL,5.16185,5.16065,-2.32,True,
2026-09-06T12:05:16.944924+00:00,MercadoBitcoin,BRL,5.15985,5.1603,0.87,True,
2026-09-06T13:05:13.819479+00:00,IndependentReserve,SGD,1.26727,1.26766,3.08,True,
2026-09-06T13:05:13.819479+00:00,Coins.ph,PHP,62.675,62.655,-3.19,True,
2026-09-06T13:05:13.819479+00:00,BTCTurk,TRY,48.298,48.26,-7.87,True,
2026-09-06T13:05:13.819479+00:00,Upbit,KRW,1362.0,1363.0,7.34,True,
2026-09-06T13:05:13.819479+00:00,Indodax,IDR,17522.5,17521.0,-0.86,True,
2026-09-06T13:05:13.819479+00:00,Bitkub,THB,33.055,33.04,-4.54,True,
2026-09-06T13:05:13.819479+00:00,Bithumb,KRW,1362.5,1362.5,0.0,True,
2026-09-06T13:05:13.819479+00:00,Coinone,KRW,1362.5,1362.5,0.0,True,
2026-09-06T13:05:13.819479+00:00,Paribu,TRY,48.2935,48.27,-4.87,True,
2026-09-06T13:05:13.819479+00:00,Pintu,IDR,17653.0,17648.0,-2.83,True,
2026-09-06T13:05:13.819479+00:00,Foxbit,BRL,5.16815,5.16965,2.9,True,
2026-09-06T13:05:13.819479+00:00,MercadoBitcoin,BRL,5.16995,5.1703,0.68,True,
2026-09-06T14:05:15.241233+00:00,IndependentReserve,SGD,1.26689,1.267125,1.85,True,
2026-09-06T14:05:15.241233+00:00,Coins.ph,PHP,62.665,62.655,-1.6,True,
2026-09-06T14:05:15.241233+00:00,BTCTurk,TRY,48.3065,48.274,-6.73,True,
2026-09-06T14:05:15.241233+00:00,Upbit,KRW,1362.0,1363.0,7.34,True,
2026-09-06T14:05:15.241233+00:00,Indodax,IDR,17544.5,17517.5,-15.39,True,
2026-09-06T14:05:15.241233+00:00,Bitkub,THB,33.075,33.075,0.0,True,
2026-09-06T14:05:15.241233+00:00,Bithumb,KRW,1362.5,1362.5,0.0,True,
2026-09-06T14:05:15.241233+00:00,Coinone,KRW,1362.5,1362.5,0.0,True,
2026-09-06T14:05:15.241233+00:00,Paribu,TRY,48.2935,48.269,-5.07,True,
2026-09-06T14:05:15.241233+00:00,Pintu,IDR,17652.0,17650.0,-1.13,True,
2026-09-06T14:05:15.241233+00:00,Foxbit,BRL,5.17285,5.1708,-3.96,True,
2026-09-06T14:05:15.241233+00:00,MercadoBitcoin,BRL,5.17085,5.17025,-1.16,True,
2026-09-06T15:05:13.054643+00:00,IndependentReserve,SGD,1.268095,1.268205,0.87,True,
2026-09-06T15:05:13.054643+00:00,Coins.ph,PHP,62.675,62.655,-3.19,True,
2026-09-06T15:05:13.054643+00:00,BTCTurk,TRY,48.3755,48.3125,-13.02,True,
2026-09-06T15:05:13.054643+00:00,Upbit,KRW,1364.0,1365.0,7.33,True,
2026-09-06T15:05:13.054643+00:00,Indodax,IDR,17552.5,17524.5,-15.95,True,
2026-09-06T15:05:13.054643+00:00,Bitkub,THB,33.035,33.03,-1.51,True,
2026-09-06T15:05:13.054643+00:00,Bithumb,KRW,1363.5,1364.5,7.33,True,
2026-09-06T15:05:13.054643+00:00,Coinone,KRW,1364.5,1363.5,-7.33,True,
2026-09-06T15:05:13.054643+00:00,Paribu,TRY,48.3595,48.312,-9.82,True,
2026-09-06T15:05:13.054643+00:00,Pintu,IDR,17653.0,17650.0,-1.7,True,
2026-09-06T15:05:13.054643+00:00,Foxbit,BRL,5.17735,5.17545,-3.67,True,
2026-09-06T15:05:13.054643+00:00,MercadoBitcoin,BRL,5.17625,5.1759,-0.68,True,
2026-09-06T16:05:19.526132+00:00,IndependentReserve,SGD,1.267965,1.267835,-1.03,True,
2026-09-06T16:05:19.526132+00:00,Coins.ph,PHP,62.675,62.655,-3.19,True,
2026-09-06T16:05:19.526132+00:00,BTCTurk,TRY,48.3875,48.301,-17.88,True,
2026-09-06T16:05:19.526132+00:00,Upbit,KRW,1363.0,1362.0,-7.34,True,
2026-09-06T16:05:19.526132+00:00,Indodax,IDR,17559.5,17530.5,-16.52,True,
2026-09-06T16:05:19.526132+00:00,Bitkub,THB,33.045,33.04,-1.51,True,
2026-09-06T16:05:19.526132+00:00,Bithumb,KRW,1363.5,1364.5,7.33,True,
2026-09-06T16:05:19.526132+00:00,Coinone,KRW,1363.5,1363.5,0.0,True,
2026-09-06T16:05:19.526132+00:00,Paribu,TRY,48.3535,48.299,-11.27,True,
2026-09-06T16:05:19.526132+00:00,Pintu,IDR,17637.0,17634.0,-1.7,True,
2026-09-06T16:05:19.526132+00:00,Foxbit,BRL,5.17735,5.17655,-1.55,True,
2026-09-06T16:05:19.526132+00:00,MercadoBitcoin,BRL,5.17745,5.17715,-0.58,True,
2026-09-06T17:05:14.128925+00:00,IndependentReserve,SGD,1.267775,1.26791,1.06,True,
2026-09-06T17:05:14.128925+00:00,Coins.ph,PHP,62.675,62.655,-3.19,True,
2026-09-06T17:05:14.128925+00:00,BTCTurk,TRY,48.3755,48.305,-14.57,True,
2026-09-06T17:05:14.128925+00:00,Upbit,KRW,1362.0,1362.0,0.0,True,
2026-09-06T17:05:14.128925+00:00,Indodax,IDR,17559.5,17532.5,-15.38,True,
2026-09-06T17:05:14.128925+00:00,Bitkub,THB,,,,False,ValueError:no USDT mid captured this run
2026-09-06T17:05:14.128925+00:00,Bithumb,KRW,1363.5,1363.5,0.0,True,
2026-09-06T17:05:14.128925+00:00,Coinone,KRW,1363.5,1363.5,0.0,True,
2026-09-06T17:05:14.128925+00:00,Paribu,TRY,48.3565,48.2845,-14.89,True,
2026-09-06T17:05:14.128925+00:00,Pintu,IDR,17637.0,17635.0,-1.13,True,
2026-09-06T17:05:14.128925+00:00,Foxbit,BRL,5.17715,5.17585,-2.51,True,
2026-09-06T17:05:14.128925+00:00,MercadoBitcoin,BRL,5.17785,5.17585,-3.86,True,
2026-09-06T18:05:15.556061+00:00,IndependentReserve,SGD,1.267585,1.267805,1.74,True,
2026-09-06T18:05:15.556061+00:00,Coins.ph,PHP,62.665,62.655,-1.6,True,
2026-09-06T18:05:15.556061+00:00,BTCTurk,TRY,48.3775,48.32,-11.89,True,
2026-09-06T18:05:15.556061+00:00,Upbit,KRW,1362.0,1362.0,0.0,True,
2026-09-06T18:05:15.556061+00:00,Indodax,IDR,17561.5,17546.5,-8.54,True,
2026-09-06T18:05:15.556061+00:00,Bitkub,THB,33.035,33.04,1.51,True,
2026-09-06T18:05:15.556061+00:00,Bithumb,KRW,1362.5,1363.5,7.34,True,
2026-09-06T18:05:15.556061+00:00,Coinone,KRW,1362.5,1362.5,0.0,True,
2026-09-06T18:05:15.556061+00:00,Paribu,TRY,48.352,48.301,-10.55,True,
2026-09-06T18:05:15.556061+00:00,Pintu,IDR,17653.0,17645.0,-4.53,True,
2026-09-06T18:05:15.556061+00:00,Foxbit,BRL,5.17715,5.1757,-2.8,True,
2026-09-06T18:05:15.556061+00:00,MercadoBitcoin,BRL,5.17925,5.1759,-6.47,True,
2026-09-06T19:05:16.845592+00:00,IndependentReserve,SGD,1.26807,1.26773,-2.68,True,
2026-09-06T19:05:16.845592+00:00,Coins.ph,PHP,62.665,62.655,-1.6,True,
2026-09-06T19:05:16.845592+00:00,BTCTurk,TRY,48.3545,48.306,-10.03,True,
2026-09-06T19:05:16.845592+00:00,Upbit,KRW,1363.0,1362.0,-7.34,True,
2026-09-06T19:05:16.845592+00:00,Indodax,IDR,17561.5,17543.5,-10.25,True,
2026-09-06T19:05:16.845592+00:00,Bitkub,THB,33.035,33.035,0.0,True,
2026-09-06T19:05:16.845592+00:00,Bithumb,KRW,1362.5,1362.5,0.0,True,
2026-09-06T19:05:16.845592+00:00,Coinone,KRW,1362.5,1362.5,0.0,True,
2026-09-06T19:05:16.845592+00:00,Paribu,TRY,48.3605,48.313,-9.82,True,
2026-09-06T19:05:16.845592+00:00,Pintu,IDR,17653.0,17645.0,-4.53,True,
2026-09-06T19:05:16.845592+00:00,Foxbit,BRL,5.17615,5.17605,-0.19,True,
2026-09-06T19:05:16.845592+00:00,MercadoBitcoin,BRL,5.17815,5.1767,-2.8,True,
2026-09-06T20:05:12.843769+00:00,IndependentReserve,SGD,1.26757,1.267485,-0.67,True,
2026-09-06T20:05:12.843769+00:00,Coins.ph,PHP,62.665,62.655,-1.6,True,
2026-09-06T20:05:12.843769+00:00,BTCTurk,TRY,48.325,48.311,-2.9,True,
2026-09-06T20:05:12.843769+00:00,Upbit,KRW,1362.0,1361.0,-7.34,True,
2026-09-06T20:05:12.843769+00:00,Indodax,IDR,17561.5,17541.5,-11.39,True,
2026-09-06T20:05:12.843769+00:00,Bitkub,THB,33.035,33.01,-7.57,True,
2026-09-06T20:05:12.843769+00:00,Bithumb,KRW,1362.5,1362.5,0.0,True,
2026-09-06T20:05:12.843769+00:00,Coinone,KRW,1362.5,1362.5,0.0,True,
2026-09-06T20:05:12.843769+00:00,Paribu,TRY,48.3205,48.2625,-12.0,True,
2026-09-06T20:05:12.843769+00:00,Pintu,IDR,17653.0,17644.0,-5.1,True,
2026-09-06T20:05:12.843769+00:00,Foxbit,BRL,5.17725,5.17645,-1.55,True,
2026-09-06T20:05:12.843769+00:00,MercadoBitcoin,BRL,5.17795,5.17915,2.32,True,
2026-09-06T21:05:15.817030+00:00,IndependentReserve,SGD,1.267055,1.26728,1.78,True,
2026-09-06T21:05:15.817030+00:00,Coins.ph,PHP,62.665,62.655,-1.6,True,
2026-09-06T21:05:15.817030+00:00,BTCTurk,TRY,48.277,48.2885,2.38,True,
2026-09-06T21:05:15.817030+00:00,Upbit,KRW,1362.0,1361.0,-7.34,True,
2026-09-06T21:05:15.817030+00:00,Indodax,IDR,17562.5,17543.5,-10.82,True,
2026-09-06T21:05:15.817030+00:00,Bitkub,THB,33.035,33.03,-1.51,True,
2026-09-06T21:05:15.817030+00:00,Bithumb,KRW,1362.5,1362.5,0.0,True,
2026-09-06T21:05:15.817030+00:00,Coinone,KRW,1361.5,1361.5,0.0,True,
2026-09-06T21:05:15.817030+00:00,Paribu,TRY,48.3465,48.2625,-17.37,True,
2026-09-06T21:05:15.817030+00:00,Pintu,IDR,17653.0,17644.0,-5.1,True,
2026-09-06T21:05:15.817030+00:00,Foxbit,BRL,5.17755,5.176,-2.99,True,
2026-09-06T21:05:15.817030+00:00,MercadoBitcoin,BRL,5.17595,5.1779,3.77,True,
2026-09-06T22:05:13.823566+00:00,IndependentReserve,SGD,1.268375,1.26762,-5.95,True,
2026-09-06T22:05:13.823566+00:00,Coins.ph,PHP,62.685,62.655,-4.79,True,
2026-09-06T22:05:13.823566+00:00,BTCTurk,TRY,48.3295,48.2725,-11.79,True,
2026-09-06T22:05:13.823566+00:00,Upbit,KRW,1361.0,1359.0,-14.7,True,
2026-09-06T22:05:13.823566+00:00,Indodax,IDR,17561.5,17541.5,-11.39,True,
2026-09-06T22:05:13.823566+00:00,Bitkub,THB,33.025,33.025,0.0,True,
2026-09-06T22:05:13.823566+00:00,Bithumb,KRW,1361.5,1361.0,-3.67,True,
2026-09-06T22:05:13.823566+00:00,Coinone,KRW,1361.5,1360.5,-7.34,True,
2026-09-06T22:05:13.823566+00:00,Paribu,TRY,48.3055,48.321,3.21,True,
2026-09-06T22:05:13.823566+00:00,Pintu,IDR,17653.0,17644.0,-5.1,True,
2026-09-06T22:05:13.823566+00:00,Foxbit,BRL,5.17745,5.1757,-3.38,True,
2026-09-06T22:05:13.823566+00:00,MercadoBitcoin,BRL,5.17785,5.17795,0.19,True,
2026-09-06T23:05:13.165224+00:00,IndependentReserve,SGD,1.26835,1.26817,-1.42,True,
2026-09-06T23:05:13.165224+00:00,Coins.ph,PHP,62.695,62.655,-6.38,True,
2026-09-06T23:05:13.165224+00:00,BTCTurk,TRY,48.359,48.2725,-17.89,True,
2026-09-06T23:05:13.165224+00:00,Upbit,KRW,1360.0,1360.0,0.0,True,
2026-09-06T23:05:13.165224+00:00,Indodax,IDR,17560.5,17538.0,-12.81,True,
2026-09-06T23:05:13.165224+00:00,Bitkub,THB,33.015,33.01,-1.51,True,
2026-09-06T23:05:13.165224+00:00,Bithumb,KRW,1360.5,1360.5,0.0,True,
2026-09-06T23:05:13.165224+00:00,Coinone,KRW,1360.5,1360.5,0.0,True,
2026-09-06T23:05:13.165224+00:00,Paribu,TRY,48.3265,48.3225,-0.83,True,
2026-09-06T23:05:13.165224+00:00,Pintu,IDR,17652.0,17645.0,-3.97,True,
2026-09-06T23:05:13.165224+00:00,Foxbit,BRL,5.17635,5.17575,-1.16,True,
2026-09-06T23:05:13.165224+00:00,MercadoBitcoin,BRL,5.17615,5.17755,2.7,True,
2026-09-07T00:05:14.961519+00:00,IndependentReserve,SGD,1.2684,1.26817,-1.81,True,
2026-09-07T00:05:14.961519+00:00,Coins.ph,PHP,62.695,62.655,-6.38,True,
2026-09-07T00:05:14.961519+00:00,BTCTurk,TRY,48.3665,48.2725,-19.43,True,
2026-09-07T00:05:14.961519+00:00,Upbit,KRW,1362.0,1362.0,0.0,True,
2026-09-07T00:05:14.961519+00:00,Indodax,IDR,17560.5,17543.5,-9.68,True,
2026-09-07T00:05:14.961519+00:00,Bitkub,THB,32.965,32.955,-3.03,True,
2026-09-07T00:05:14.961519+00:00,Bithumb,KRW,1361.5,1361.0,-3.67,True,
2026-09-07T00:05:14.961519+00:00,Coinone,KRW,1361.5,1361.5,0.0,True,
2026-09-07T00:05:14.961519+00:00,Paribu,TRY,48.3025,48.3175,3.11,True,
2026-09-07T00:05:14.961519+00:00,Pintu,IDR,17651.0,17645.0,-3.4,True,
2026-09-07T00:05:14.961519+00:00,Foxbit,BRL,5.16175,5.1604,-2.62,True,
2026-09-07T00:05:14.961519+00:00,MercadoBitcoin,BRL,5.16385,5.1609,-5.71,True,
2026-09-07T01:05:15.426329+00:00,IndependentReserve,SGD,1.2681,1.26759,-4.02,True,
2026-09-07T01:05:15.426329+00:00,Coins.ph,PHP,62.645,62.655,1.6,True,
2026-09-07T01:05:15.426329+00:00,BTCTurk,TRY,48.2605,48.259,-0.31,True,
2026-09-07T01:05:15.426329+00:00,Upbit,KRW,1356.0,1357.0,7.37,True,
2026-09-07T01:05:15.426329+00:00,Indodax,IDR,17560.5,17555.0,-3.13,True,
2026-09-07T01:05:15.426329+00:00,Bitkub,THB,32.945,32.95,1.52,True,
2026-09-07T01:05:15.426329+00:00,Bithumb,KRW,1356.5,1357.0,3.69,True,
2026-09-07T01:05:15.426329+00:00,Coinone,KRW,1356.5,1356.5,0.0,True,
2026-09-07T01:05:15.426329+00:00,Paribu,TRY,48.2665,48.214,-10.88,True,
2026-09-07T01:05:15.426329+00:00,Pintu,IDR,17650.0,17645.0,-2.83,True,
2026-09-07T01:05:15.426329+00:00,Foxbit,BRL,5.16995,5.16905,-1.74,True,
2026-09-07T01:05:15.426329+00:00,MercadoBitcoin,BRL,5.16865,5.16935,1.35,True,
2026-09-07T02:05:18.634251+00:00,IndependentReserve,SGD,1.2685,1.26783,-5.28,True,
2026-09-07T02:05:18.634251+00:00,Coins.ph,PHP,62.725,62.725,-0.0,True,
2026-09-07T02:05:18.634251+00:00,BTCTurk,TRY,48.2555,48.2495,-1.24,True,
2026-09-07T02:05:18.634251+00:00,Upbit,KRW,1361.0,1361.0,0.0,True,
2026-09-07T02:05:18.634251+00:00,Indodax,IDR,17543.5,17540.0,-2.0,True,
2026-09-07T02:05:18.634251+00:00,Bitkub,THB,32.975,32.975,-0.0,True,
2026-09-07T02:05:18.634251+00:00,Bithumb,KRW,1360.5,1360.5,0.0,True,
2026-09-07T02:05:18.634251+00:00,Coinone,KRW,1361.5,1361.5,0.0,True,
2026-09-07T02:05:18.634251+00:00,Paribu,TRY,48.2665,48.222,-9.22,True,
2026-09-07T02:05:18.634251+00:00,Pintu,IDR,17651.0,17655.0,2.27,True,
2026-09-07T02:05:18.634251+00:00,Foxbit,BRL,5.16945,5.16715,-4.45,True,
2026-09-07T02:05:18.634251+00:00,MercadoBitcoin,BRL,5.16965,5.1682,-2.8,True,
2026-09-07T03:05:15.264234+00:00,IndependentReserve,SGD,1.2687,1.26875,0.39,True,
2026-09-07T03:05:15.264234+00:00,Coins.ph,PHP,62.785,62.775,-1.59,True,
2026-09-07T03:05:15.264234+00:00,BTCTurk,TRY,48.2965,48.2495,-9.73,True,
2026-09-07T03:05:15.264234+00:00,Upbit,KRW,1362.0,1360.0,-14.68,True,
2026-09-07T03:05:15.264234+00:00,Indodax,IDR,17547.5,17548.5,0.57,True,
2026-09-07T03:05:15.264234+00:00,Bitkub,THB,32.965,32.97,1.52,True,
2026-09-07T03:05:15.264234+00:00,Bithumb,KRW,1362.5,1361.5,-7.34,True,
2026-09-07T03:05:15.264234+00:00,Coinone,KRW,1361.5,1361.5,0.0,True,
2026-09-07T03:05:15.264234+00:00,Paribu,TRY,48.2665,48.2125,-11.19,True,
2026-09-07T03:05:15.264234+00:00,Pintu,IDR,17603.0,17646.0,24.43,True,
2026-09-07T03:05:15.264234+00:00,Foxbit,BRL,5.17225,5.17065,-3.09,True,
2026-09-07T03:05:15.264234+00:00,MercadoBitcoin,BRL,5.17055,5.17175,2.32,True,
2026-09-07T04:05:20.211973+00:00,IndependentReserve,SGD,1.26865,1.268875,1.77,True,
2026-09-07T04:05:20.211973+00:00,Coins.ph,PHP,62.725,62.725,-0.0,True,
2026-09-07T04:05:20.211973+00:00,BTCTurk,TRY,48.2755,48.26,-3.21,True,
2026-09-07T04:05:20.211973+00:00,Upbit,KRW,1363.0,1363.0,0.0,True,
2026-09-07T04:05:20.211973+00:00,Indodax,IDR,17574.0,17570.0,-2.28,True,
2026-09-07T04:05:20.211973+00:00,Bitkub,THB,32.955,32.96,1.52,True,
2026-09-07T04:05:20.211973+00:00,Bithumb,KRW,1362.5,1363.5,7.34,True,
2026-09-07T04:05:20.211973+00:00,Coinone,KRW,1363.5,1363.5,0.0,True,
2026-09-07T04:05:20.211973+00:00,Paribu,TRY,48.2665,48.2125,-11.19,True,
2026-09-07T04:05:20.211973+00:00,Pintu,IDR,17604.0,17656.0,29.54,True,
2026-09-07T04:05:20.211973+00:00,Foxbit,BRL,5.17145,5.1715,0.1,True,
2026-09-07T04:05:20.211973+00:00,MercadoBitcoin,BRL,5.17185,5.17185,0.0,True,
2026-09-07T05:05:13.608789+00:00,IndependentReserve,SGD,1.26865,1.268215,-3.43,True,
2026-09-07T05:05:13.608789+00:00,Coins.ph,PHP,62.745,62.735,-1.59,True,
2026-09-07T05:05:13.608789+00:00,BTCTurk,TRY,48.2985,48.2485,-10.35,True,
2026-09-07T05:05:13.608789+00:00,Upbit,KRW,1362.0,1362.0,0.0,True,
2026-09-07T05:05:13.608789+00:00,Indodax,IDR,17579.5,17570.5,-5.12,True,
2026-09-07T05:05:13.608789+00:00,Bitkub,THB,32.965,32.955,-3.03,True,
2026-09-07T05:05:13.608789+00:00,Bithumb,KRW,1363.5,1363.5,0.0,True,
2026-09-07T05:05:13.608789+00:00,Coinone,KRW,1362.5,1362.5,0.0,True,
2026-09-07T05:05:13.608789+00:00,Paribu,TRY,48.2705,48.2395,-6.42,True,
2026-09-07T05:05:13.608789+00:00,Pintu,IDR,17612.0,17651.0,22.14,True,
2026-09-07T05:05:13.608789+00:00,Foxbit,BRL,5.17415,5.17675,5.02,True,
2026-09-07T05:05:13.608789+00:00,MercadoBitcoin,BRL,5.17465,5.17545,1.55,True,
2026-09-07T06:05:19.249440+00:00,IndependentReserve,SGD,1.2683,1.26739,-7.17,True,
2026-09-07T06:05:19.249440+00:00,Coins.ph,PHP,62.755,62.745,-1.59,True,
2026-09-07T06:05:19.249440+00:00,BTCTurk,TRY,48.2705,48.2555,-3.11,True,
2026-09-07T06:05:19.249440+00:00,Upbit,KRW,1362.0,1363.0,7.34,True,
2026-09-07T06:05:19.249440+00:00,Indodax,IDR,17579.5,17576.5,-1.71,True,
2026-09-07T06:05:19.249440+00:00,Bitkub,THB,32.955,32.96,1.52,True,
2026-09-07T06:05:19.249440+00:00,Bithumb,KRW,1362.5,1363.5,7.34,True,
2026-09-07T06:05:19.249440+00:00,Coinone,KRW,1362.5,1362.5,0.0,True,
2026-09-07T06:05:19.249440+00:00,Paribu,TRY,48.2705,48.2225,-9.94,True,
2026-09-07T06:05:19.249440+00:00,Pintu,IDR,17628.0,17641.0,7.37,True,
2026-09-07T06:05:19.249440+00:00,Foxbit,BRL,5.17585,5.1755,-0.68,True,
2026-09-07T06:05:19.249440+00:00,MercadoBitcoin,BRL,5.17605,5.17615,0.19,True,
2026-09-07T07:05:16.771895+00:00,IndependentReserve,SGD,1.26725,1.2671,-1.18,True,
2026-09-07T07:05:16.771895+00:00,Coins.ph,PHP,62.655,62.635,-3.19,True,
2026-09-07T07:05:16.771895+00:00,BTCTurk,TRY,48.3105,48.2975,-2.69,True,
2026-09-07T07:05:16.771895+00:00,Upbit,KRW,1361.0,1360.0,-7.35,True,
2026-09-07T07:05:16.771895+00:00,Indodax,IDR,17579.5,17565.0,-8.25,True,
2026-09-07T07:05:16.771895+00:00,Bitkub,THB,32.895,32.915,6.08,True,
2026-09-07T07:05:16.771895+00:00,Bithumb,KRW,1360.5,1361.5,7.35,True,
2026-09-07T07:05:16.771895+00:00,Coinone,KRW,1361.5,1361.5,0.0,True,
2026-09-07T07:05:16.771895+00:00,Paribu,TRY,48.2735,48.278,0.93,True,
2026-09-07T07:05:16.771895+00:00,Pintu,IDR,17638.0,17641.0,1.7,True,
2026-09-07T07:05:16.771895+00:00,Foxbit,BRL,5.17585,5.17545,-0.77,True,
2026-09-07T07:05:16.771895+00:00,MercadoBitcoin,BRL,5.17705,5.1751,-3.77,True,
2026-09-07T08:05:22.133019+00:00,IndependentReserve,SGD,1.2658,1.265905,0.83,True,
2026-09-07T08:05:22.133019+00:00,Coins.ph,PHP,62.615,62.605,-1.6,True,
2026-09-07T08:05:22.133019+00:00,BTCTurk,TRY,48.3425,48.2605,-16.96,True,
2026-09-07T08:05:22.133019+00:00,Upbit,KRW,1363.0,1365.0,14.67,True,
2026-09-07T08:05:22.133019+00:00,Indodax,IDR,17599.5,17559.5,-22.73,True,
2026-09-07T08:05:22.133019+00:00,Bitkub,THB,32.925,32.915,-3.04,True,
2026-09-07T08:05:22.133019+00:00,Bithumb,KRW,1363.5,1363.5,0.0,True,
2026-09-07T08:05:22.133019+00:00,Coinone,KRW,1364.5,1364.5,0.0,True,
2026-09-07T08:05:22.133019+00:00,Paribu,TRY,48.3215,48.328,1.35,True,
2026-09-07T08:05:22.133019+00:00,Pintu,IDR,17637.0,17641.0,2.27,True,
2026-09-07T08:05:22.133019+00:00,Foxbit,BRL,5.17895,5.17825,-1.35,True,
2026-09-07T08:05:22.133019+00:00,MercadoBitcoin,BRL,5.17685,5.1804,6.86,True,
2026-09-07T09:05:17.483116+00:00,IndependentReserve,SGD,1.26515,1.26477,-3.0,True,
2026-09-07T09:05:17.483116+00:00,Coins.ph,PHP,62.645,62.655,1.6,True,
2026-09-07T09:05:17.483116+00:00,BTCTurk,TRY,48.3415,48.256,-17.69,True,
2026-09-07T09:05:17.483116+00:00,Upbit,KRW,1361.0,1362.0,7.35,True,
2026-09-07T09:05:17.483116+00:00,Indodax,IDR,17599.5,17578.0,-12.22,True,
2026-09-07T09:05:17.483116+00:00,Bitkub,THB,32.865,32.89,7.61,True,
2026-09-07T09:05:17.483116+00:00,Bithumb,KRW,1361.5,1361.5,0.0,True,
2026-09-07T09:05:17.483116+00:00,Coinone,KRW,1361.5,1362.0,3.67,True,
2026-09-07T09:05:17.483116+00:00,Paribu,TRY,48.3305,48.2915,-8.07,True,
2026-09-07T09:05:17.483116+00:00,Pintu,IDR,17609.0,17641.0,18.17,True,
2026-09-07T09:05:17.483116+00:00,Foxbit,BRL,5.17735,5.17585,-2.9,True,
2026-09-07T09:05:17.483116+00:00,MercadoBitcoin,BRL,5.17695,5.178,2.03,True,
2026-09-07T10:05:52.654615+00:00,IndependentReserve,SGD,1.2656,1.26547,-1.03,True,
2026-09-07T10:05:52.654615+00:00,Coins.ph,PHP,62.63,62.615,-2.4,True,
2026-09-07T10:05:52.654615+00:00,BTCTurk,TRY,48.289,48.242,-9.73,True,
2026-09-07T10:05:52.654615+00:00,Upbit,KRW,1361.0,1361.0,0.0,True,
2026-09-07T10:05:52.654615+00:00,Indodax,IDR,17600.5,17583.0,-9.94,True,
2026-09-07T10:05:52.654615+00:00,Bitkub,THB,32.915,32.935,6.08,True,
2026-09-07T10:05:52.654615+00:00,Bithumb,KRW,1361.5,1361.5,0.0,True,
2026-09-07T10:05:52.654615+00:00,Coinone,KRW,1361.5,1361.5,0.0,True,
2026-09-07T10:05:52.654615+00:00,Paribu,TRY,48.2995,48.2835,-3.31,True,
2026-09-07T10:05:52.654615+00:00,Pintu,IDR,17629.0,17660.0,17.58,True,
2026-09-07T10:05:52.654615+00:00,Foxbit,BRL,5.17575,5.1735,-4.35,True,
2026-09-07T10:05:52.654615+00:00,MercadoBitcoin,BRL,5.17485,5.1724,-4.73,True,
2026-09-07T11:05:20.345554+00:00,IndependentReserve,SGD,1.2658,1.265485,-2.49,True,
2026-09-07T11:05:20.345554+00:00,Coins.ph,PHP,62.665,62.655,-1.6,True,
2026-09-07T11:05:20.345554+00:00,BTCTurk,TRY,48.2665,48.2635,-0.62,True,
2026-09-07T11:05:20.345554+00:00,Upbit,KRW,1360.0,1362.0,14.71,True,
2026-09-07T11:05:20.345554+00:00,Indodax,IDR,17609.0,17604.0,-2.84,True,
2026-09-07T11:05:20.345554+00:00,Bitkub,THB,32.925,32.92,-1.52,True,
2026-09-07T11:05:20.345554+00:00,Bithumb,KRW,1361.5,1361.5,0.0,True,
2026-09-07T11:05:20.345554+00:00,Coinone,KRW,1361.5,1361.0,-3.67,True,
2026-09-07T11:05:20.345554+00:00,Paribu,TRY,48.3085,48.2835,-5.18,True,
2026-09-07T11:05:20.345554+00:00,Pintu,IDR,17633.0,17660.0,15.31,True,
2026-09-07T11:05:20.345554+00:00,Foxbit,BRL,5.17565,5.1736,-3.96,True,
2026-09-07T11:05:20.345554+00:00,MercadoBitcoin,BRL,5.17365,5.1763,5.12,True,
2026-09-07T12:05:15.832227+00:00,IndependentReserve,SGD,1.2659,1.26618,2.21,True,
2026-09-07T12:05:15.832227+00:00,Coins.ph,PHP,62.665,62.665,0.0,True,
2026-09-07T12:05:15.832227+00:00,BTCTurk,TRY,48.2725,48.262,-2.18,True,
2026-09-07T12:05:15.832227+00:00,Upbit,KRW,1362.0,1360.0,-14.68,True,
2026-09-07T12:05:15.832227+00:00,Indodax,IDR,17612.0,17621.0,5.11,True,
2026-09-07T12:05:15.832227+00:00,Bitkub,THB,32.935,32.945,3.04,True,
2026-09-07T12:05:15.832227+00:00,Bithumb,KRW,1361.5,1361.5,0.0,True,
2026-09-07T12:05:15.832227+00:00,Coinone,KRW,1362.5,1361.5,-7.34,True,
2026-09-07T12:05:15.832227+00:00,Paribu,TRY,48.3105,48.275,-7.35,True,
2026-09-07T12:05:15.832227+00:00,Pintu,IDR,17631.0,17660.0,16.45,True,
2026-09-07T12:05:15.832227+00:00,Foxbit,BRL,5.18125,5.181,-0.48,True,
2026-09-07T12:05:15.832227+00:00,MercadoBitcoin,BRL,5.17935,5.18135,3.86,True,
2026-09-07T13:05:14.129261+00:00,IndependentReserve,SGD,1.26575,1.26586,0.87,True,
2026-09-07T13:05:14.129261+00:00,Coins.ph,PHP,62.67,62.645,-3.99,True,
2026-09-07T13:05:14.129261+00:00,BTCTurk,TRY,48.3245,48.26,-13.35,True,
2026-09-07T13:05:14.129261+00:00,Upbit,KRW,1361.0,1361.0,0.0,True,
2026-09-07T13:05:14.129261+00:00,Indodax,IDR,17601.5,17550.0,-29.26,True,
2026-09-07T13:05:14.129261+00:00,Bitkub,THB,32.945,32.945,0.0,True,
2026-09-07T13:05:14.129261+00:00,Bithumb,KRW,1361.5,1362.0,3.67,True,
2026-09-07T13:05:14.129261+00:00,Coinone,KRW,1361.5,1361.5,0.0,True,
2026-09-07T13:05:14.129261+00:00,Paribu,TRY,48.3235,48.2825,-8.48,True,
2026-09-07T13:05:14.129261+00:00,Pintu,IDR,17617.0,17660.0,24.41,True,
2026-09-07T13:05:14.129261+00:00,Foxbit,BRL,5.18825,5.1873,-1.83,True,
2026-09-07T13:05:14.129261+00:00,MercadoBitcoin,BRL,5.18995,5.19055,1.16,True,
2026-09-07T14:05:16.784786+00:00,IndependentReserve,SGD,1.265675,1.26672,8.26,True,
2026-09-07T14:05:16.784786+00:00,Coins.ph,PHP,62.66,62.645,-2.39,True,
2026-09-07T14:05:16.784786+00:00,BTCTurk,TRY,48.3325,48.262,-14.59,True,
2026-09-07T14:05:16.784786+00:00,Upbit,KRW,1361.0,1359.0,-14.7,True,
2026-09-07T14:05:16.784786+00:00,Indodax,IDR,17600.5,17578.5,-12.5,True,
2026-09-07T14:05:16.784786+00:00,Bitkub,THB,32.955,32.965,3.03,True,
2026-09-07T14:05:16.784786+00:00,Bithumb,KRW,1360.5,1361.0,3.68,True,
2026-09-07T14:05:16.784786+00:00,Coinone,KRW,1360.5,1360.5,0.0,True,
2026-09-07T14:05:16.784786+00:00,Paribu,TRY,48.3415,48.2975,-9.1,True,
2026-09-07T14:05:16.784786+00:00,Pintu,IDR,17643.0,17660.0,9.64,True,
2026-09-07T14:05:16.784786+00:00,Foxbit,BRL,5.18875,5.1883,-0.87,True,
2026-09-07T14:05:16.784786+00:00,MercadoBitcoin,BRL,5.18795,5.18905,2.12,True,
2026-09-07T15:05:19.120226+00:00,IndependentReserve,SGD,1.265305,1.265825,4.11,True,
2026-09-07T15:05:19.120226+00:00,Coins.ph,PHP,62.665,62.645,-3.19,True,
2026-09-07T15:05:19.120226+00:00,BTCTurk,TRY,48.3605,48.2635,-20.06,True,
2026-09-07T15:05:19.120226+00:00,Upbit,KRW,1362.0,1362.0,0.0,True,
2026-09-07T15:05:19.120226+00:00,Indodax,IDR,17601.5,17606.5,2.84,True,
2026-09-07T15:05:19.120226+00:00,Bitkub,THB,32.965,32.975,3.03,True,
2026-09-07T15:05:19.120226+00:00,Bithumb,KRW,1361.5,1362.5,7.34,True,
2026-09-07T15:05:19.120226+00:00,Coinone,KRW,1362.5,1362.5,0.0,True,
2026-09-07T15:05:19.120226+00:00,Paribu,TRY,48.3275,48.2855,-8.69,True,
2026-09-07T15:05:19.120226+00:00,Pintu,IDR,17648.0,17661.0,7.37,True,
2026-09-07T15:05:19.120226+00:00,Foxbit,BRL,5.18735,5.18845,2.12,True,
2026-09-07T15:05:19.120226+00:00,MercadoBitcoin,BRL,5.18575,5.1878,3.95,True,
2026-09-07T16:05:15.736414+00:00,IndependentReserve,SGD,1.2662,1.26715,7.5,True,
2026-09-07T16:05:15.736414+00:00,Coins.ph,PHP,62.72,62.705,-2.39,True,
2026-09-07T16:05:15.736414+00:00,BTCTurk,TRY,48.3615,48.3155,-9.51,True,
2026-09-07T16:05:15.736414+00:00,Upbit,KRW,1364.0,1365.0,7.33,True,
2026-09-07T16:05:15.736414+00:00,Indodax,IDR,17624.5,17582.5,-23.83,True,
2026-09-07T16:05:15.736414+00:00,Bitkub,THB,33.0,33.01,3.03,True,
2026-09-07T16:05:15.736414+00:00,Bithumb,KRW,1364.5,1364.0,-3.66,True,
2026-09-07T16:05:15.736414+00:00,Coinone,KRW,1364.5,1364.5,0.0,True,
2026-09-07T16:05:15.736414+00:00,Paribu,TRY,48.3445,48.3065,-7.86,True,
2026-09-07T16:05:15.736414+00:00,Pintu,IDR,17650.0,17661.0,6.23,True,
2026-09-07T16:05:15.736414+00:00,Foxbit,BRL,5.1879,5.18805,0.29,True,
2026-09-07T16:05:15.736414+00:00,MercadoBitcoin,BRL,5.18865,5.18765,-1.93,True,
2026-09-07T17:05:16.820287+00:00,IndependentReserve,SGD,1.26645,1.26717,5.69,True,
2026-09-07T17:05:16.820287+00:00,Coins.ph,PHP,62.675,62.675,0.0,True,
2026-09-07T17:05:16.820287+00:00,BTCTurk,TRY,48.3775,48.3245,-10.96,True,
2026-09-07T17:05:16.820287+00:00,Upbit,KRW,1364.0,1363.0,-7.33,True,
2026-09-07T17:05:16.820287+00:00,Indodax,IDR,17628.5,17615.5,-7.37,True,
2026-09-07T17:05:16.820287+00:00,Bitkub,THB,32.985,32.985,0.0,True,
2026-09-07T17:05:16.820287+00:00,Bithumb,KRW,1363.5,1363.5,0.0,True,
2026-09-07T17:05:16.820287+00:00,Coinone,KRW,1363.5,1363.5,0.0,True,
2026-09-07T17:05:16.820287+00:00,Paribu,TRY,48.3745,48.3095,-13.44,True,
2026-09-07T17:05:16.820287+00:00,Pintu,IDR,17648.0,17656.0,4.53,True,
2026-09-07T17:05:16.820287+00:00,Foxbit,BRL,5.18465,5.1836,-2.03,True,
2026-09-07T17:05:16.820287+00:00,MercadoBitcoin,BRL,5.18615,5.1842,-3.76,True,
2026-09-07T18:05:18.273079+00:00,IndependentReserve,SGD,1.266405,1.26589,-4.07,True,
2026-09-07T18:05:18.273079+00:00,Coins.ph,PHP,62.635,62.635,0.0,True,
2026-09-07T18:05:18.273079+00:00,BTCTurk,TRY,48.3725,48.2925,-16.54,True,
2026-09-07T18:05:18.273079+00:00,Upbit,KRW,1364.0,1363.0,-7.33,True,
2026-09-07T18:05:18.273079+00:00,Indodax,IDR,17634.5,17635.0,0.28,True,
2026-09-07T18:05:18.273079+00:00,Bitkub,THB,32.975,33.005,9.1,True,
2026-09-07T18:05:18.273079+00:00,Bithumb,KRW,1363.5,1363.5,0.0,True,
2026-09-07T18:05:18.273079+00:00,Coinone,KRW,1363.5,1363.5,0.0,True,
2026-09-07T18:05:18.273079+00:00,Paribu,TRY,48.3715,48.324,-9.82,True,
2026-09-07T18:05:18.273079+00:00,Pintu,IDR,17629.0,17656.0,15.32,True,
2026-09-07T18:05:18.273079+00:00,Foxbit,BRL,5.18465,5.18425,-0.77,True,
2026-09-07T18:05:18.273079+00:00,MercadoBitcoin,BRL,5.18665,5.18745,1.54,True,
2026-09-07T19:05:18.000923+00:00,IndependentReserve,SGD,1.26674,1.26758,6.63,True,
2026-09-07T19:05:18.000923+00:00,Coins.ph,PHP,62.635,62.645,1.6,True,
2026-09-07T19:05:18.000923+00:00,BTCTurk,TRY,48.3755,48.3455,-6.2,True,
2026-09-07T19:05:18.000923+00:00,Upbit,KRW,1362.0,1364.0,14.68,True,
2026-09-07T19:05:18.000923+00:00,Indodax,IDR,17634.5,17609.5,-14.18,True,
2026-09-07T19:05:18.000923+00:00,Bitkub,THB,32.945,32.965,6.07,True,
2026-09-07T19:05:18.000923+00:00,Bithumb,KRW,1362.5,1363.5,7.34,True,
2026-09-07T19:05:18.000923+00:00,Coinone,KRW,1362.5,1363.5,7.34,True,
2026-09-07T19:05:18.000923+00:00,Paribu,TRY,48.3775,48.3165,-12.61,True,
2026-09-07T19:05:18.000923+00:00,Pintu,IDR,17628.0,17656.0,15.88,True,
2026-09-07T19:05:18.000923+00:00,Foxbit,BRL,5.19155,5.1903,-2.41,True,
2026-09-07T19:05:18.000923+00:00,MercadoBitcoin,BRL,5.18995,5.18965,-0.58,True,
2026-09-07T20:05:12.713879+00:00,IndependentReserve,SGD,1.2665,1.266715,1.7,True,
2026-09-07T20:05:12.713879+00:00,Coins.ph,PHP,62.635,62.645,1.6,True,
2026-09-07T20:05:12.713879+00:00,BTCTurk,TRY,48.3785,48.286,-19.12,True,
2026-09-07T20:05:12.713879+00:00,Upbit,KRW,1363.0,1362.0,-7.34,True,
2026-09-07T20:05:12.713879+00:00,Indodax,IDR,17634.5,17618.0,-9.36,True,
2026-09-07T20:05:12.713879+00:00,Bitkub,THB,32.945,32.965,6.07,True,
2026-09-07T20:05:12.713879+00:00,Bithumb,KRW,1362.5,1362.5,0.0,True,
2026-09-07T20:05:12.713879+00:00,Coinone,KRW,1362.5,1363.5,7.34,True,
2026-09-07T20:05:12.713879+00:00,Paribu,TRY,48.3775,48.3165,-12.61,True,
2026-09-07T20:05:12.713879+00:00,Pintu,IDR,17614.0,17657.0,24.41,True,
2026-09-07T20:05:12.713879+00:00,Foxbit,BRL,5.18445,5.18335,-2.12,True,
2026-09-07T20:05:12.713879+00:00,MercadoBitcoin,BRL,5.18425,5.18395,-0.58,True,
2026-09-07T21:05:16.282390+00:00,IndependentReserve,SGD,1.26694,1.267615,5.33,True,
2026-09-07T21:05:16.282390+00:00,Coins.ph,PHP,62.635,62.645,1.6,True,
2026-09-07T21:05:16.282390+00:00,BTCTurk,TRY,48.375,48.2855,-18.5,True,
2026-09-07T21:05:16.282390+00:00,Upbit,KRW,1362.0,1362.0,0.0,True,
2026-09-07T21:05:16.282390+00:00,Indodax,IDR,17634.5,17636.5,1.13,True,
2026-09-07T21:05:16.282390+00:00,Bitkub,THB,32.945,32.965,6.07,True,
2026-09-07T21:05:16.282390+00:00,Bithumb,KRW,1362.5,1363.5,7.34,True,
2026-09-07T21:05:16.282390+00:00,Coinone,KRW,1362.5,1362.5,0.0,True,
2026-09-07T21:05:16.282390+00:00,Paribu,TRY,48.3755,48.3165,-12.2,True,
2026-09-07T21:05:16.282390+00:00,Pintu,IDR,17614.0,17657.0,24.41,True,
2026-09-07T21:05:16.282390+00:00,Foxbit,BRL,5.18375,5.18015,-6.94,True,
2026-09-07T21:05:16.282390+00:00,MercadoBitcoin,BRL,5.18145,5.1817,0.48,True,
2026-09-07T22:05:16.846398+00:00,IndependentReserve,SGD,1.26689,1.26757,5.37,True,
2026-09-07T22:05:16.846398+00:00,Coins.ph,PHP,62.635,62.645,1.6,True,
2026-09-07T22:05:16.846398+00:00,BTCTurk,TRY,48.3795,48.3195,-12.4,True,
2026-09-07T22:05:16.846398+00:00,Upbit,KRW,1363.0,1364.0,7.34,True,
2026-09-07T22:05:16.846398+00:00,Indodax,IDR,17636.5,17638.0,0.85,True,
2026-09-07T22:05:16.846398+00:00,Bitkub,THB,32.95,32.955,1.52,True,
2026-09-07T22:05:16.846398+00:00,Bithumb,KRW,1362.5,1363.0,3.67,True,
2026-09-07T22:05:16.846398+00:00,Coinone,KRW,1362.5,1362.5,0.0,True,
2026-09-07T22:05:16.846398+00:00,Paribu,TRY,48.3565,48.3285,-5.79,True,
2026-09-07T22:05:16.846398+00:00,Pintu,IDR,17607.0,17657.0,28.4,True,
2026-09-07T22:05:16.846398+00:00,Foxbit,BRL,5.18755,5.18565,-3.66,True,
2026-09-07T22:05:16.846398+00:00,MercadoBitcoin,BRL,5.18725,5.1855,-3.37,True,
2026-09-07T23:05:18.703784+00:00,IndependentReserve,SGD,1.266875,1.267065,1.5,True,
2026-09-07T23:05:18.703784+00:00,Coins.ph,PHP,62.635,62.645,1.6,True,
2026-09-07T23:05:18.703784+00:00,BTCTurk,TRY,48.387,48.307,-16.53,True,
2026-09-07T23:05:18.703784+00:00,Upbit,KRW,1362.0,1364.0,14.68,True,
2026-09-07T23:05:18.703784+00:00,Indodax,IDR,17636.5,17610.0,-15.03,True,
2026-09-07T23:05:18.703784+00:00,Bitkub,THB,32.975,32.955,-6.07,True,
2026-09-07T23:05:18.703784+00:00,Bithumb,KRW,1362.5,1363.0,3.67,True,
2026-09-07T23:05:18.703784+00:00,Coinone,KRW,1362.5,1362.5,0.0,True,
2026-09-07T23:05:18.703784+00:00,Paribu,TRY,48.3575,48.336,-4.45,True,
2026-09-07T23:05:18.703784+00:00,Pintu,IDR,17639.0,17657.0,10.2,True,
2026-09-07T23:05:18.703784+00:00,Foxbit,BRL,5.18495,5.1829,-3.95,True,
2026-09-07T23:05:18.703784+00:00,MercadoBitcoin,BRL,5.18435,5.18465,0.58,True,
2026-09-08T00:05:14.006233+00:00,IndependentReserve,SGD,1.2659,1.265955,0.43,True,
2026-09-08T00:05:14.006233+00:00,Coins.ph,PHP,62.575,62.585,1.6,True,
2026-09-08T00:05:14.006233+00:00,BTCTurk,TRY,48.3945,48.336,-12.09,True,
2026-09-08T00:05:14.006233+00:00,Upbit,KRW,1361.0,1361.0,0.0,True,
2026-09-08T00:05:14.006233+00:00,Indodax,IDR,17636.5,17603.0,-18.99,True,
2026-09-08T00:05:14.006233+00:00,Bitkub,THB,32.885,32.925,12.16,True,
2026-09-08T00:05:14.006233+00:00,Bithumb,KRW,1360.5,1361.5,7.35,True,
2026-09-08T00:05:14.006233+00:00,Coinone,KRW,1360.5,1360.5,0.0,True,
2026-09-08T00:05:14.006233+00:00,Paribu,TRY,48.3605,48.339,-4.45,True,
2026-09-08T00:05:14.006233+00:00,Pintu,IDR,17648.0,17657.0,5.1,True,
2026-09-08T00:05:14.006233+00:00,Foxbit,BRL,5.18535,5.18435,-1.93,True,
2026-09-08T00:05:14.006233+00:00,MercadoBitcoin,BRL,5.18485,5.1849,0.1,True,
2026-09-08T01:05:14.754173+00:00,IndependentReserve,SGD,1.26545,1.26539,-0.47,True,
2026-09-08T01:05:14.754173+00:00,Coins.ph,PHP,62.585,62.595,1.6,True,
2026-09-08T01:05:14.754173+00:00,BTCTurk,TRY,48.3865,48.315,-14.78,True,
2026-09-08T01:05:14.754173+00:00,Upbit,KRW,1357.0,1357.0,0.0,True,
2026-09-08T01:05:14.754173+00:00,Indodax,IDR,17603.5,17612.0,4.83,True,
2026-09-08T01:05:14.754173+00:00,Bitkub,THB,32.905,32.895,-3.04,True,
2026-09-08T01:05:14.754173+00:00,Bithumb,KRW,1358.5,1358.5,0.0,True,
2026-09-08T01:05:14.754173+00:00,Coinone,KRW,1358.5,1358.5,0.0,True,
2026-09-08T01:05:14.754173+00:00,Paribu,TRY,48.3605,48.3395,-4.34,True,
2026-09-08T01:05:14.754173+00:00,Pintu,IDR,17616.0,17657.0,23.27,True,
2026-09-08T01:05:14.754173+00:00,Foxbit,BRL,5.18815,5.18825,0.19,True,
2026-09-08T01:05:14.754173+00:00,MercadoBitcoin,BRL,5.18795,5.1882,0.48,True,
2026-09-08T02:05:12.980932+00:00,IndependentReserve,SGD,1.264705,1.264175,-4.19,True,
2026-09-08T02:05:12.980932+00:00,Coins.ph,PHP,62.505,62.505,-0.0,True,
2026-09-08T02:05:12.980932+00:00,BTCTurk,TRY,48.344,48.3175,-5.48,True,
2026-09-08T02:05:12.980932+00:00,Upbit,KRW,1358.0,1358.0,0.0,True,
2026-09-08T02:05:12.980932+00:00,Indodax,IDR,17583.0,17611.0,15.92,True,
2026-09-08T02:05:12.980932+00:00,Bitkub,THB,32.875,32.855,-6.08,True,
2026-09-08T02:05:12.980932+00:00,Bithumb,KRW,1357.5,1357.5,0.0,True,
2026-09-08T02:05:12.980932+00:00,Coinone,KRW,1357.5,1357.5,0.0,True,
2026-09-08T02:05:12.980932+00:00,Paribu,TRY,48.3605,48.2415,-24.61,True,
2026-09-08T02:05:12.980932+00:00,Pintu,IDR,17626.0,17637.0,6.24,True,
2026-09-08T02:05:12.980932+00:00,Foxbit,BRL,5.18695,5.18685,-0.19,True,
2026-09-08T02:05:12.980932+00:00,MercadoBitcoin,BRL,5.18765,5.18695,-1.35,True,
2026-09-08T03:05:18.106329+00:00,IndependentReserve,SGD,1.265205,1.26447,-5.81,True,
2026-09-08T03:05:18.106329+00:00,Coins.ph,PHP,62.525,62.525,0.0,True,
2026-09-08T03:05:18.106329+00:00,BTCTurk,TRY,48.3365,48.2955,-8.48,True,
2026-09-08T03:05:18.106329+00:00,Upbit,KRW,1358.0,1358.0,0.0,True,
2026-09-08T03:05:18.106329+00:00,Indodax,IDR,17599.5,17572.0,-15.63,True,
2026-09-08T03:05:18.106329+00:00,Bitkub,THB,32.895,32.875,-6.08,True,
2026-09-08T03:05:18.106329+00:00,Bithumb,KRW,1357.5,1358.0,3.68,True,
2026-09-08T03:05:18.106329+00:00,Coinone,KRW,1357.5,1358.5,7.37,True,
2026-09-08T03:05:18.106329+00:00,Paribu,TRY,48.3605,48.316,-9.2,True,
2026-09-08T03:05:18.106329+00:00,Pintu,IDR,17625.0,17627.0,1.13,True,
2026-09-08T03:05:18.106329+00:00,Foxbit,BRL,5.18595,5.1856,-0.67,True,
2026-09-08T03:05:18.106329+00:00,MercadoBitcoin,BRL,5.18525,5.1874,4.15,True,
2026-09-08T04:05:15.530522+00:00,IndependentReserve,SGD,1.265205,1.26454,-5.26,True,
2026-09-08T04:05:15.530522+00:00,Coins.ph,PHP,62.485,62.495,1.6,True,
2026-09-08T04:05:15.530522+00:00,BTCTurk,TRY,48.3475,48.295,-10.86,True,
2026-09-08T04:05:15.530522+00:00,Upbit,KRW,1357.0,1358.0,7.37,True,
2026-09-08T04:05:15.530522+00:00,Indodax,IDR,17592.5,17564.5,-15.92,True,
2026-09-08T04:05:15.530522+00:00,Bitkub,THB,32.875,32.885,3.04,True,
2026-09-08T04:05:15.530522+00:00,Bithumb,KRW,1357.5,1357.5,0.0,True,
2026-09-08T04:05:15.530522+00:00,Coinone,KRW,1357.5,1357.5,0.0,True,
2026-09-08T04:05:15.530522+00:00,Paribu,TRY,48.3305,48.3395,1.86,True,
2026-09-08T04:05:15.530522+00:00,Pintu,IDR,17634.0,17598.0,-20.42,True,
2026-09-08T04:05:15.530522+00:00,Foxbit,BRL,5.18465,5.18575,2.12,True,
2026-09-08T04:05:15.530522+00:00,MercadoBitcoin,BRL,5.18675,5.18625,-0.96,True,
2026-09-08T05:05:17.470016+00:00,IndependentReserve,SGD,1.265155,1.265715,4.43,True,
2026-09-08T05:05:17.470016+00:00,Coins.ph,PHP,62.475,62.495,3.2,True,
2026-09-08T05:05:17.470016+00:00,BTCTurk,TRY,48.359,48.3,-12.2,True,
2026-09-08T05:05:17.470016+00:00,Upbit,KRW,1358.0,1359.0,7.36,True,
2026-09-08T05:05:17.470016+00:00,Indodax,IDR,17589.5,17587.0,-1.42,True,
2026-09-08T05:05:17.470016+00:00,Bitkub,THB,32.875,32.915,12.17,True,
2026-09-08T05:05:17.470016+00:00,Bithumb,KRW,1357.5,1357.5,0.0,True,
2026-09-08T05:05:17.470016+00:00,Coinone,KRW,1358.5,1358.5,0.0,True,
2026-09-08T05:05:17.470016+00:00,Paribu,TRY,48.3565,48.3395,-3.52,True,
2026-09-08T05:05:17.470016+00:00,Pintu,IDR,17635.0,17619.0,-9.07,True,
2026-09-08T05:05:17.470016+00:00,Foxbit,BRL,5.18015,5.1819,3.38,True,
2026-09-08T05:05:17.470016+00:00,MercadoBitcoin,BRL,5.18145,5.1824,1.83,True,
2026-09-08T06:05:18.232510+00:00,IndependentReserve,SGD,1.26536,1.26591,4.35,True,
2026-09-08T06:05:18.232510+00:00,Coins.ph,PHP,62.535,62.525,-1.6,True,
2026-09-08T06:05:18.232510+00:00,BTCTurk,TRY,48.3595,48.3095,-10.34,True,
2026-09-08T06:05:18.232510+00:00,Upbit,KRW,1360.0,1360.0,0.0,True,
2026-09-08T06:05:18.232510+00:00,Indodax,IDR,17590.0,17596.5,3.7,True,
2026-09-08T06:05:18.232510+00:00,Bitkub,THB,32.915,32.945,9.11,True,
2026-09-08T06:05:18.232510+00:00,Bithumb,KRW,1360.5,1360.5,0.0,True,
2026-09-08T06:05:18.232510+00:00,Coinone,KRW,1360.5,1360.5,0.0,True,
2026-09-08T06:05:18.232510+00:00,Paribu,TRY,48.3645,48.3545,-2.07,True,
2026-09-08T06:05:18.232510+00:00,Pintu,IDR,17622.0,17608.0,-7.94,True,
2026-09-08T06:05:18.232510+00:00,Foxbit,BRL,5.16735,5.16815,1.55,True,
2026-09-08T06:05:18.232510+00:00,MercadoBitcoin,BRL,5.16625,5.16745,2.32,True,
2026-09-08T07:05:16.703113+00:00,IndependentReserve,SGD,1.26615,1.26616,0.08,True,
2026-09-08T07:05:16.703113+00:00,Coins.ph,PHP,62.585,62.585,0.0,True,
2026-09-08T07:05:16.703113+00:00,BTCTurk,TRY,48.3865,48.32,-13.74,True,
2026-09-08T07:05:16.703113+00:00,Upbit,KRW,1361.0,1361.0,0.0,True,
2026-09-08T07:05:16.703113+00:00,Indodax,IDR,17596.5,17602.5,3.41,True,
2026-09-08T07:05:16.703113+00:00,Bitkub,THB,32.945,32.945,0.0,True,
2026-09-08T07:05:16.703113+00:00,Bithumb,KRW,1361.5,1361.5,0.0,True,
2026-09-08T07:05:16.703113+00:00,Coinone,KRW,1360.5,1361.0,3.68,True,
2026-09-08T07:05:16.703113+00:00,Paribu,TRY,48.3895,48.3545,-7.23,True,
2026-09-08T07:05:16.703113+00:00,Pintu,IDR,17631.0,17633.0,1.13,True,
2026-09-08T07:05:16.703113+00:00,Foxbit,BRL,5.16725,5.16915,3.68,True,
2026-09-08T07:05:16.703113+00:00,MercadoBitcoin,BRL,5.16905,5.1699,1.64,True,
2026-09-08T08:05:28.630624+00:00,IndependentReserve,SGD,1.2669,1.266955,0.43,True,
2026-09-08T08:05:28.630624+00:00,Coins.ph,PHP,62.595,62.595,0.0,True,
2026-09-08T08:05:28.630624+00:00,BTCTurk,TRY,48.3925,48.327,-13.54,True,
2026-09-08T08:05:28.630624+00:00,Upbit,KRW,1361.0,1359.0,-14.7,True,
2026-09-08T08:05:28.630624+00:00,Indodax,IDR,17592.0,17585.0,-3.98,True,
2026-09-08T08:05:28.630624+00:00,Bitkub,THB,32.975,32.98,1.52,True,
2026-09-08T08:05:28.630624+00:00,Bithumb,KRW,1360.5,1361.5,7.35,True,
2026-09-08T08:05:28.630624+00:00,Coinone,KRW,1360.5,1360.5,0.0,True,
2026-09-08T08:05:28.630624+00:00,Paribu,TRY,48.398,48.3545,-8.99,True,
2026-09-08T08:05:28.630624+00:00,Pintu,IDR,17642.0,17634.0,-4.53,True,
2026-09-08T08:05:28.630624+00:00,Foxbit,BRL,5.16765,5.16975,4.06,True,
2026-09-08T08:05:28.630624+00:00,MercadoBitcoin,BRL,5.16935,5.17005,1.35,True,
2026-09-08T09:05:16.961916+00:00,IndependentReserve,SGD,1.2663,1.267005,5.57,True,
2026-09-08T09:05:16.961916+00:00,Coins.ph,PHP,62.635,62.645,1.6,True,
2026-09-08T09:05:16.961916+00:00,BTCTurk,TRY,48.3945,48.33,-13.33,True,
2026-09-08T09:05:16.961916+00:00,Upbit,KRW,1358.0,1357.0,-7.36,True,
2026-09-08T09:05:16.961916+00:00,Indodax,IDR,17590.0,17590.0,0.0,True,
2026-09-08T09:05:16.961916+00:00,Bitkub,THB,32.975,32.98,1.52,True,
2026-09-08T09:05:16.961916+00:00,Bithumb,KRW,1359.5,1360.0,3.68,True,
2026-09-08T09:05:16.961916+00:00,Coinone,KRW,1359.5,1359.5,0.0,True,
2026-09-08T09:05:16.961916+00:00,Paribu,TRY,48.3955,48.35,-9.4,True,
2026-09-08T09:05:16.961916+00:00,Pintu,IDR,17637.0,17634.0,-1.7,True,
2026-09-08T09:05:16.961916+00:00,Foxbit,BRL,5.16765,5.17085,6.19,True,
2026-09-08T09:05:16.961916+00:00,MercadoBitcoin,BRL,5.1686,5.1707,4.06,True,
2026-09-08T10:05:16.178731+00:00,IndependentReserve,SGD,1.266095,1.2655,-4.7,True,
2026-09-08T10:05:16.178731+00:00,Coins.ph,PHP,62.605,62.615,1.6,True,
2026-09-08T10:05:16.178731+00:00,BTCTurk,TRY,48.4155,48.3345,-16.73,True,
2026-09-08T10:05:16.178731+00:00,Upbit,KRW,1357.0,1357.0,0.0,True,
2026-09-08T10:05:16.178731+00:00,Indodax,IDR,17559.5,17594.5,19.93,True,
2026-09-08T10:05:16.178731+00:00,Bitkub,THB,32.935,32.975,12.15,True,
2026-09-08T10:05:16.178731+00:00,Bithumb,KRW,1357.5,1357.5,0.0,True,
2026-09-08T10:05:16.178731+00:00,Coinone,KRW,1357.5,1357.5,0.0,True,
2026-09-08T10:05:16.178731+00:00,Paribu,TRY,48.3945,48.349,-9.4,True,
2026-09-08T10:05:16.178731+00:00,Pintu,IDR,17625.0,17644.0,10.78,True,
2026-09-08T10:05:16.178731+00:00,Foxbit,BRL,5.16575,5.1679,4.16,True,
2026-09-08T10:05:16.178731+00:00,MercadoBitcoin,BRL,5.16525,5.1672,3.78,True,
2026-09-08T11:05:13.196768+00:00,IndependentReserve,SGD,1.26575,1.26615,3.16,True,
2026-09-08T11:05:13.196768+00:00,Coins.ph,PHP,62.575,62.575,0.0,True,
2026-09-08T11:05:13.196768+00:00,BTCTurk,TRY,48.3985,48.339,-12.29,True,
2026-09-08T11:05:13.196768+00:00,Upbit,KRW,1357.0,1358.0,7.37,True,
2026-09-08T11:05:13.196768+00:00,Indodax,IDR,17556.5,17601.0,25.35,True,
2026-09-08T11:05:13.196768+00:00,Bitkub,THB,32.935,32.97,10.63,True,
2026-09-08T11:05:13.196768+00:00,Bithumb,KRW,1357.5,1356.5,-7.37,True,
2026-09-08T11:05:13.196768+00:00,Coinone,KRW,1357.5,1357.5,0.0,True,
2026-09-08T11:05:13.196768+00:00,Paribu,TRY,48.4045,48.3475,-11.78,True,
2026-09-08T11:05:13.196768+00:00,Pintu,IDR,17624.0,17644.0,11.35,True,
2026-09-08T11:05:13.196768+00:00,Foxbit,BRL,5.16665,5.1658,-1.65,True,
2026-09-08T11:05:13.196768+00:00,MercadoBitcoin,BRL,5.16705,5.16475,-4.45,True,
2026-09-08T12:05:18.805117+00:00,IndependentReserve,SGD,1.265395,1.266225,6.56,True,
2026-09-08T12:05:18.805117+00:00,Coins.ph,PHP,62.505,62.515,1.6,True,
2026-09-08T12:05:18.805117+00:00,BTCTurk,TRY,48.3935,48.402,1.76,True,
2026-09-08T12:05:18.805117+00:00,Upbit,KRW,1358.0,1359.0,7.36,True,
2026-09-08T12:05:18.805117+00:00,Indodax,IDR,17565.0,17604.5,22.49,True,
2026-09-08T12:05:18.805117+00:00,Bitkub,THB,32.915,32.93,4.56,True,
2026-09-08T12:05:18.805117+00:00,Bithumb,KRW,1358.5,1358.0,-3.68,True,
2026-09-08T12:05:18.805117+00:00,Coinone,KRW,1358.5,1358.5,0.0,True,
2026-09-08T12:05:18.805117+00:00,Paribu,TRY,48.401,48.3725,-5.89,True,
2026-09-08T12:05:18.805117+00:00,Pintu,IDR,17600.0,17645.0,25.57,True,
2026-09-08T12:05:18.805117+00:00,Foxbit,BRL,5.1443,5.14425,-0.1,True,
2026-09-08T12:05:18.805117+00:00,MercadoBitcoin,BRL,5.14525,5.14515,-0.19,True,
2026-09-08T13:05:18.170785+00:00,IndependentReserve,SGD,1.26442,1.265505,8.58,True,
2026-09-08T13:05:18.170785+00:00,Coins.ph,PHP,62.455,62.475,3.2,True,
2026-09-08T13:05:18.170785+00:00,BTCTurk,TRY,48.4165,48.4025,-2.89,True,
2026-09-08T13:05:18.170785+00:00,Upbit,KRW,1358.0,1356.0,-14.73,True,
2026-09-08T13:05:18.170785+00:00,Indodax,IDR,17580.5,17578.5,-1.14,True,
2026-09-08T13:05:18.170785+00:00,Bitkub,THB,32.945,32.95,1.52,True,
2026-09-08T13:05:18.170785+00:00,Bithumb,KRW,1357.5,1359.0,11.05,True,
2026-09-08T13:05:18.170785+00:00,Coinone,KRW,1357.5,1357.5,0.0,True,
2026-09-08T13:05:18.170785+00:00,Paribu,TRY,48.3895,48.362,-5.68,True,
2026-09-08T13:05:18.170785+00:00,Pintu,IDR,17595.0,17635.0,22.73,True,
2026-09-08T13:05:18.170785+00:00,Foxbit,BRL,5.1217,5.1186,-6.05,True,
2026-09-08T13:05:18.170785+00:00,MercadoBitcoin,BRL,5.12205,5.1245,4.78,True,
2026-09-08T14:05:16.152993+00:00,IndependentReserve,SGD,1.2652,1.264815,-3.04,True,
2026-09-08T14:05:16.152993+00:00,Coins.ph,PHP,62.395,62.415,3.21,True,
2026-09-08T14:05:16.152993+00:00,BTCTurk,TRY,48.4275,48.413,-2.99,True,
2026-09-08T14:05:16.152993+00:00,Upbit,KRW,1360.0,1361.0,7.35,True,
2026-09-08T14:05:16.152993+00:00,Indodax,IDR,17601.5,17604.0,1.42,True,
2026-09-08T14:05:16.152993+00:00,Bitkub,THB,32.945,32.95,1.52,True,
2026-09-08T14:05:16.152993+00:00,Bithumb,KRW,1358.5,1359.5,7.36,True,
2026-09-08T14:05:16.152993+00:00,Coinone,KRW,1358.5,1359.5,7.36,True,
2026-09-08T14:05:16.152993+00:00,Paribu,TRY,48.3975,48.3825,-3.1,True,
2026-09-08T14:05:16.152993+00:00,Pintu,IDR,17593.0,17634.0,23.3,True,
2026-09-08T14:05:16.152993+00:00,Foxbit,BRL,5.10595,5.10665,1.37,True,
2026-09-08T14:05:16.152993+00:00,MercadoBitcoin,BRL,5.10575,5.1085,5.39,True,
2026-09-08T15:05:20.713132+00:00,IndependentReserve,SGD,1.26436,1.26375,-4.82,True,
2026-09-08T15:05:20.713132+00:00,Coins.ph,PHP,62.375,62.385,1.6,True,
2026-09-08T15:05:20.713132+00:00,BTCTurk,TRY,48.401,48.3685,-6.71,True,
2026-09-08T15:05:20.713132+00:00,Upbit,KRW,1357.0,1356.0,-7.37,True,
2026-09-08T15:05:20.713132+00:00,Indodax,IDR,17613.5,17613.5,0.0,True,
2026-09-08T15:05:20.713132+00:00,Bitkub,THB,32.935,32.94,1.52,True,
2026-09-08T15:05:20.713132+00:00,Bithumb,KRW,1356.5,1357.5,7.37,True,
2026-09-08T15:05:20.713132+00:00,Coinone,KRW,1356.5,1356.5,0.0,True,
2026-09-08T15:05:20.713132+00:00,Paribu,TRY,48.4255,48.383,-8.78,True,
2026-09-08T15:05:20.713132+00:00,Pintu,IDR,17629.0,17634.0,2.84,True,
2026-09-08T15:05:20.713132+00:00,Foxbit,BRL,5.1031,5.10525,4.21,True,
2026-09-08T15:05:20.713132+00:00,MercadoBitcoin,BRL,5.1047,5.10725,5.0,True,
2026-09-08T16:05:16.389243+00:00,IndependentReserve,SGD,1.26461,1.264905,2.33,True,
2026-09-08T16:05:16.389243+00:00,Coins.ph,PHP,62.385,62.395,1.6,True,
2026-09-08T16:05:16.389243+00:00,BTCTurk,TRY,48.4105,48.336,-15.39,True,
2026-09-08T16:05:16.389243+00:00,Upbit,KRW,1355.0,1355.0,0.0,True,
2026-09-08T16:05:16.389243+00:00,Indodax,IDR,17624.5,17611.0,-7.66,True,
2026-09-08T16:05:16.389243+00:00,Bitkub,THB,32.955,32.975,6.07,True,
2026-09-08T16:05:16.389243+00:00,Bithumb,KRW,1354.5,1355.5,7.38,True,
2026-09-08T16:05:16.389243+00:00,Coinone,KRW,1354.5,1354.5,0.0,True,
2026-09-08T16:05:16.389243+00:00,Paribu,TRY,48.4075,48.3705,-7.64,True,
2026-09-08T16:05:16.389243+00:00,Pintu,IDR,17628.0,17632.0,2.27,True,
2026-09-08T16:05:16.389243+00:00,Foxbit,BRL,5.10655,5.10835,3.52,True,
2026-09-08T16:05:16.389243+00:00,MercadoBitcoin,BRL,5.10865,5.10755,-2.15,True,
2026-09-08T17:05:21.625835+00:00,IndependentReserve,SGD,1.264905,1.26512,1.7,True,
2026-09-08T17:05:21.625835+00:00,Coins.ph,PHP,62.395,62.395,-0.0,True,
2026-09-08T17:05:21.625835+00:00,BTCTurk,TRY,48.4295,48.406,-4.85,True,
2026-09-08T17:05:21.625835+00:00,Upbit,KRW,1356.0,1356.0,0.0,True,
2026-09-08T17:05:21.625835+00:00,Indodax,IDR,17624.5,17634.5,5.67,True,
2026-09-08T17:05:21.625835+00:00,Bitkub,THB,32.965,32.965,0.0,True,
2026-09-08T17:05:21.625835+00:00,Bithumb,KRW,1355.5,1356.0,3.69,True,
2026-09-08T17:05:21.625835+00:00,Coinone,KRW,1355.5,1355.5,0.0,True,
2026-09-08T17:05:21.625835+00:00,Paribu,TRY,48.4465,48.3625,-17.34,True,
2026-09-08T17:05:21.625835+00:00,Pintu,IDR,17628.0,17630.0,1.13,True,
2026-09-08T17:05:21.625835+00:00,Foxbit,BRL,5.11175,5.11035,-2.74,True,
2026-09-08T17:05:21.625835+00:00,MercadoBitcoin,BRL,5.11205,5.1135,2.84,True,
2026-09-08T18:05:16.270469+00:00,IndependentReserve,SGD,1.26485,1.26456,-2.29,True,
2026-09-08T18:05:16.270469+00:00,Coins.ph,PHP,62.385,62.385,0.0,True,
2026-09-08T18:05:16.270469+00:00,BTCTurk,TRY,48.4225,48.4155,-1.45,True,
2026-09-08T18:05:16.270469+00:00,Upbit,KRW,1355.0,1354.0,-7.38,True,
2026-09-08T18:05:16.270469+00:00,Indodax,IDR,17590.5,17614.5,13.64,True,
2026-09-08T18:05:16.270469+00:00,Bitkub,THB,32.955,32.955,0.0,True,
2026-09-08T18:05:16.270469+00:00,Bithumb,KRW,1354.5,1355.5,7.38,True,
2026-09-08T18:05:16.270469+00:00,Coinone,KRW,1355.5,1354.5,-7.38,True,
2026-09-08T18:05:16.270469+00:00,Paribu,TRY,48.4145,48.379,-7.33,True,
2026-09-08T18:05:16.270469+00:00,Pintu,IDR,17629.0,17632.0,1.7,True,
2026-09-08T18:05:16.270469+00:00,Foxbit,BRL,5.11005,5.1088,-2.45,True,
2026-09-08T18:05:16.270469+00:00,MercadoBitcoin,BRL,5.10885,5.1091,0.49,True,
2026-09-08T19:05:15.351309+00:00,IndependentReserve,SGD,1.264925,1.265345,3.32,True,
2026-09-08T19:05:15.351309+00:00,Coins.ph,PHP,62.385,62.385,0.0,True,
2026-09-08T19:05:15.351309+00:00,BTCTurk,TRY,48.4515,48.428,-4.85,True,
2026-09-08T19:05:15.351309+00:00,Upbit,KRW,1355.0,1356.0,7.38,True,
2026-09-08T19:05:15.351309+00:00,Indodax,IDR,17606.5,17619.5,7.38,True,
2026-09-08T19:05:15.351309+00:00,Bitkub,THB,32.955,32.94,-4.55,True,
2026-09-08T19:05:15.351309+00:00,Bithumb,KRW,1355.5,1356.0,3.69,True,
2026-09-08T19:05:15.351309+00:00,Coinone,KRW,1355.5,1355.5,0.0,True,
2026-09-08T19:05:15.351309+00:00,Paribu,TRY,48.4165,48.3795,-7.64,True,
2026-09-08T19:05:15.351309+00:00,Pintu,IDR,17630.0,17631.0,0.57,True,
2026-09-08T19:05:15.351309+00:00,Foxbit,BRL,5.10375,5.10675,5.88,True,
2026-09-08T19:05:15.351309+00:00,MercadoBitcoin,BRL,5.10535,5.10695,3.13,True,
2026-09-08T20:05:22.745669+00:00,IndependentReserve,SGD,1.265095,1.265005,-0.71,True,
2026-09-08T20:05:22.745669+00:00,Coins.ph,PHP,62.385,62.385,0.0,True,
2026-09-08T20:05:22.745669+00:00,BTCTurk,TRY,48.437,48.442,1.03,True,
2026-09-08T20:05:22.745669+00:00,Upbit,KRW,1355.0,1356.0,7.38,True,
2026-09-08T20:05:22.745669+00:00,Indodax,IDR,17615.5,17607.5,-4.54,True,
2026-09-08T20:05:22.745669+00:00,Bitkub,THB,32.955,32.965,3.03,True,
2026-09-08T20:05:22.745669+00:00,Bithumb,KRW,1355.5,1356.5,7.38,True,
2026-09-08T20:05:22.745669+00:00,Coinone,KRW,1355.5,1355.5,0.0,True,
2026-09-08T20:05:22.745669+00:00,Paribu,TRY,48.4445,48.4035,-8.46,True,
2026-09-08T20:05:22.745669+00:00,Pintu,IDR,17630.0,17631.0,0.57,True,
2026-09-08T20:05:22.745669+00:00,Foxbit,BRL,5.10795,5.10725,-1.37,True,
2026-09-08T20:05:22.745669+00:00,MercadoBitcoin,BRL,5.11145,5.1112,-0.49,True,
2026-09-08T21:05:13.819810+00:00,IndependentReserve,SGD,1.26538,1.264925,-3.6,True,
2026-09-08T21:05:13.819810+00:00,Coins.ph,PHP,62.385,62.375,-1.6,True,
2026-09-08T21:05:13.819810+00:00,BTCTurk,TRY,48.4445,48.434,-2.17,True,
2026-09-08T21:05:13.819810+00:00,Upbit,KRW,1357.0,1357.0,0.0,True,
2026-09-08T21:05:13.819810+00:00,Indodax,IDR,17602.5,17612.0,5.4,True,
2026-09-08T21:05:13.819810+00:00,Bitkub,THB,32.965,32.97,1.52,True,
2026-09-08T21:05:13.819810+00:00,Bithumb,KRW,1356.5,1357.0,3.69,True,
2026-09-08T21:05:13.819810+00:00,Coinone,KRW,1356.5,1356.5,0.0,True,
2026-09-08T21:05:13.819810+00:00,Paribu,TRY,48.4445,48.3925,-10.73,True,
2026-09-08T21:05:13.819810+00:00,Pintu,IDR,17632.0,17631.0,-0.57,True,
2026-09-08T21:05:13.819810+00:00,Foxbit,BRL,5.10765,5.10435,-6.46,True,
2026-09-08T21:05:13.819810+00:00,MercadoBitcoin,BRL,5.10615,5.10865,4.9,True,
2026-09-08T22:05:17.238540+00:00,IndependentReserve,SGD,1.264905,1.26506,1.23,True,
2026-09-08T22:05:17.238540+00:00,Coins.ph,PHP,62.385,62.375,-1.6,True,
2026-09-08T22:05:17.238540+00:00,BTCTurk,TRY,48.4585,48.4365,-4.54,True,
2026-09-08T22:05:17.238540+00:00,Upbit,KRW,1357.0,1356.0,-7.37,True,
2026-09-08T22:05:17.238540+00:00,Indodax,IDR,17617.5,17615.0,-1.42,True,
2026-09-08T22:05:17.238540+00:00,Bitkub,THB,32.965,32.97,1.52,True,
2026-09-08T22:05:17.238540+00:00,Bithumb,KRW,1356.5,1357.5,7.37,True,
2026-09-08T22:05:17.238540+00:00,Coinone,KRW,1356.5,1356.5,0.0,True,
2026-09-08T22:05:17.238540+00:00,Paribu,TRY,48.4505,48.4025,-9.91,True,
2026-09-08T22:05:17.238540+00:00,Pintu,IDR,17632.0,17630.0,-1.13,True,
2026-09-08T22:05:17.238540+00:00,Foxbit,BRL,5.11245,5.11095,-2.93,True,
2026-09-08T22:05:17.238540+00:00,MercadoBitcoin,BRL,5.11075,5.1114,1.27,True,
2026-09-08T23:05:14.329574+00:00,IndependentReserve,SGD,1.2647,1.264605,-0.75,True,
2026-09-08T23:05:14.329574+00:00,Coins.ph,PHP,62.385,62.375,-1.6,True,
2026-09-08T23:05:14.329574+00:00,BTCTurk,TRY,48.4575,48.4395,-3.71,True,
2026-09-08T23:05:14.329574+00:00,Upbit,KRW,1356.0,1356.0,0.0,True,
2026-09-08T23:05:14.329574+00:00,Indodax,IDR,17620.5,17628.5,4.54,True,
2026-09-08T23:05:14.329574+00:00,Bitkub,THB,32.965,32.96,-1.52,True,
2026-09-08T23:05:14.329574+00:00,Bithumb,KRW,1356.5,1357.0,3.69,True,
2026-09-08T23:05:14.329574+00:00,Coinone,KRW,1356.5,1356.5,0.0,True,
2026-09-08T23:05:14.329574+00:00,Paribu,TRY,48.4505,48.3915,-12.18,True,
2026-09-08T23:05:14.329574+00:00,Pintu,IDR,17631.0,17631.0,0.0,True,
2026-09-08T23:05:14.329574+00:00,Foxbit,BRL,5.11155,5.11415,5.09,True,
2026-09-08T23:05:14.329574+00:00,MercadoBitcoin,BRL,5.11005,5.11115,2.15,True,
2026-09-09T00:05:17.935389+00:00,IndependentReserve,SGD,1.2644,1.264305,-0.75,True,
2026-09-09T00:05:17.935389+00:00,Coins.ph,PHP,62.425,62.415,-1.6,True,
2026-09-09T00:05:17.935389+00:00,BTCTurk,TRY,48.4325,48.4255,-1.45,True,
2026-09-09T00:05:17.935389+00:00,Upbit,KRW,1355.0,1354.0,-7.38,True,
2026-09-09T00:05:17.935389+00:00,Indodax,IDR,17596.5,17615.0,10.51,True,
2026-09-09T00:05:17.935389+00:00,Bitkub,THB,32.945,32.975,9.11,True,
2026-09-09T00:05:17.935389+00:00,Bithumb,KRW,1354.5,1355.5,7.38,True,
2026-09-09T00:05:17.935389+00:00,Coinone,KRW,1354.5,1354.5,0.0,True,
2026-09-09T00:05:17.935389+00:00,Paribu,TRY,48.4505,48.4005,-10.32,True,
2026-09-09T00:05:17.935389+00:00,Pintu,IDR,17632.0,17631.0,-0.57,True,
2026-09-09T00:05:17.935389+00:00,Foxbit,BRL,5.11255,5.11435,3.52,True,
2026-09-09T00:05:17.935389+00:00,MercadoBitcoin,BRL,5.11265,5.1123,-0.68,True,
2026-09-09T01:05:16.768735+00:00,IndependentReserve,SGD,1.264315,1.263335,-7.75,True,
2026-09-09T01:05:16.768735+00:00,Coins.ph,PHP,62.455,62.455,0.0,True,
2026-09-09T01:05:16.768735+00:00,BTCTurk,TRY,48.4235,48.4255,0.41,True,
2026-09-09T01:05:16.768735+00:00,Upbit,KRW,1357.0,1358.0,7.37,True,
2026-09-09T01:05:16.768735+00:00,Indodax,IDR,17591.5,17618.0,15.06,True,
2026-09-09T01:05:16.768735+00:00,Bitkub,THB,32.925,32.945,6.07,True,
2026-09-09T01:05:16.768735+00:00,Bithumb,KRW,1356.5,1357.0,3.69,True,
2026-09-09T01:05:16.768735+00:00,Coinone,KRW,1356.5,1356.5,0.0,True,
2026-09-09T01:05:16.768735+00:00,Paribu,TRY,48.3925,48.398,1.14,True,
2026-09-09T01:05:16.768735+00:00,Pintu,IDR,17632.0,17630.0,-1.13,True,
2026-09-09T01:05:16.768735+00:00,Foxbit,BRL,5.11375,5.11545,3.32,True,
2026-09-09T01:05:16.768735+00:00,MercadoBitcoin,BRL,5.11295,5.1124,-1.08,True,
2026-09-09T02:05:18.237459+00:00,IndependentReserve,SGD,1.26439,1.264125,-2.1,True,
2026-09-09T02:05:18.237459+00:00,Coins.ph,PHP,62.475,62.475,-0.0,True,
2026-09-09T02:05:18.237459+00:00,BTCTurk,TRY,48.4485,48.4255,-4.75,True,
2026-09-09T02:05:18.237459+00:00,Upbit,KRW,1357.0,1357.0,0.0,True,
2026-09-09T02:05:18.237459+00:00,Indodax,IDR,17579.5,17598.5,10.81,True,
2026-09-09T02:05:18.237459+00:00,Bitkub,THB,32.945,32.945,0.0,True,
2026-09-09T02:05:18.237459+00:00,Bithumb,KRW,1356.5,1357.5,7.37,True,
2026-09-09T02:05:18.237459+00:00,Coinone,KRW,1356.5,1356.5,0.0,True,
2026-09-09T02:05:18.237459+00:00,Paribu,TRY,48.4135,48.4105,-0.62,True,
2026-09-09T02:05:18.237459+00:00,Pintu,IDR,17570.0,17580.0,5.69,True,
2026-09-09T02:05:18.237459+00:00,Foxbit,BRL,5.11515,5.116,1.66,True,
2026-09-09T02:05:18.237459+00:00,MercadoBitcoin,BRL,5.11395,5.11475,1.56,True,
2026-09-09T03:05:14.099206+00:00,IndependentReserve,SGD,1.2642,1.26417,-0.24,True,
2026-09-09T03:05:14.099206+00:00,Coins.ph,PHP,62.415,62.415,0.0,True,
2026-09-09T03:05:14.099206+00:00,BTCTurk,TRY,48.4385,48.4255,-2.68,True,
2026-09-09T03:05:14.099206+00:00,Upbit,KRW,1356.0,1356.0,0.0,True,
2026-09-09T03:05:14.099206+00:00,Indodax,IDR,17577.5,17543.0,-19.63,True,
2026-09-09T03:05:14.099206+00:00,Bitkub,THB,32.935,32.94,1.52,True,
2026-09-09T03:05:14.099206+00:00,Bithumb,KRW,1356.5,1358.5,14.74,True,
2026-09-09T03:05:14.099206+00:00,Coinone,KRW,1356.5,1356.5,0.0,True,
2026-09-09T03:05:14.099206+00:00,Paribu,TRY,48.425,48.411,-2.89,True,
2026-09-09T03:05:14.099206+00:00,Pintu,IDR,17570.0,17576.0,3.41,True,
2026-09-09T03:05:14.099206+00:00,Foxbit,BRL,5.11115,5.11325,4.11,True,
2026-09-09T03:05:14.099206+00:00,MercadoBitcoin,BRL,5.11225,5.11335,2.15,True,
2026-09-09T04:05:15.946314+00:00,IndependentReserve,SGD,1.264295,1.264225,-0.55,True,
2026-09-09T04:05:15.946314+00:00,Coins.ph,PHP,62.445,62.445,0.0,True,
2026-09-09T04:05:15.946314+00:00,BTCTurk,TRY,48.4355,48.4255,-2.06,True,
2026-09-09T04:05:15.946314+00:00,Upbit,KRW,1356.0,1355.0,-7.37,True,
2026-09-09T04:05:15.946314+00:00,Indodax,IDR,17568.5,17552.0,-9.39,True,
2026-09-09T04:05:15.946314+00:00,Bitkub,THB,32.895,32.905,3.04,True,
2026-09-09T04:05:15.946314+00:00,Bithumb,KRW,1355.5,1357.5,14.75,True,
2026-09-09T04:05:15.946314+00:00,Coinone,KRW,1355.5,1355.5,0.0,True,
2026-09-09T04:05:15.946314+00:00,Paribu,TRY,48.4325,48.413,-4.03,True,
2026-09-09T04:05:15.946314+00:00,Pintu,IDR,17588.0,17567.0,-11.94,True,
2026-09-09T04:05:15.946314+00:00,Foxbit,BRL,5.11135,5.11615,9.39,True,
2026-09-09T04:05:15.946314+00:00,MercadoBitcoin,BRL,5.11395,5.1138,-0.29,True,
2026-09-09T05:05:15.860729+00:00,IndependentReserve,SGD,1.264195,1.264075,-0.95,True,
2026-09-09T05:05:15.860729+00:00,Coins.ph,PHP,62.445,62.455,1.6,True,
2026-09-09T05:05:15.860729+00:00,BTCTurk,TRY,48.4445,48.4255,-3.92,True,
2026-09-09T05:05:15.860729+00:00,Upbit,KRW,1353.0,1353.0,0.0,True,
2026-09-09T05:05:15.860729+00:00,Indodax,IDR,17560.5,17562.5,1.14,True,
2026-09-09T05:05:15.860729+00:00,Bitkub,THB,32.895,32.9,1.52,True,
2026-09-09T05:05:15.860729+00:00,Bithumb,KRW,1353.5,1354.0,3.69,True,
2026-09-09T05:05:15.860729+00:00,Coinone,KRW,1353.5,1353.5,0.0,True,
2026-09-09T05:05:15.860729+00:00,Paribu,TRY,48.3955,48.4015,1.24,True,
2026-09-09T05:05:15.860729+00:00,Pintu,IDR,17600.0,17557.0,-24.43,True,
2026-09-09T05:05:15.860729+00:00,Foxbit,BRL,5.11415,5.117,5.57,True,
2026-09-09T05:05:15.860729+00:00,MercadoBitcoin,BRL,5.11295,5.11555,5.09,True,
2026-09-09T06:05:22.369039+00:00,IndependentReserve,SGD,1.26436,1.26515,6.25,True,
2026-09-09T06:05:22.369039+00:00,Coins.ph,PHP,62.445,62.455,1.6,True,
2026-09-09T06:05:22.369039+00:00,BTCTurk,TRY,48.4445,48.4335,-2.27,True,
2026-09-09T06:05:22.369039+00:00,Upbit,KRW,1353.0,1355.0,14.78,True,
2026-09-09T06:05:22.369039+00:00,Indodax,IDR,17527.0,17518.5,-4.85,True,
2026-09-09T06:05:22.369039+00:00,Bitkub,THB,32.855,32.865,3.04,True,
2026-09-09T06:05:22.369039+00:00,Bithumb,KRW,1354.5,1354.5,0.0,True,
2026-09-09T06:05:22.369039+00:00,Coinone,KRW,1354.5,1354.5,0.0,True,
2026-09-09T06:05:22.369039+00:00,Paribu,TRY,48.4105,48.3955,-3.1,True,
2026-09-09T06:05:22.369039+00:00,Pintu,IDR,17571.0,17557.0,-7.97,True,
2026-09-09T06:05:22.369039+00:00,Foxbit,BRL,5.11495,5.11685,3.71,True,
2026-09-09T06:05:22.369039+00:00,MercadoBitcoin,BRL,5.11515,5.117,3.62,True,
2026-09-09T07:05:17.008022+00:00,IndependentReserve,SGD,1.264145,1.26401,-1.07,True,
2026-09-09T07:05:17.008022+00:00,Coins.ph,PHP,62.455,62.455,0.0,True,
2026-09-09T07:05:17.008022+00:00,BTCTurk,TRY,48.4165,48.422,1.14,True,
2026-09-09T07:05:17.008022+00:00,Upbit,KRW,1351.0,1352.0,7.4,True,
2026-09-09T07:05:17.008022+00:00,Indodax,IDR,17491.5,17511.5,11.43,True,
2026-09-09T07:05:17.008022+00:00,Bitkub,THB,32.865,32.865,-0.0,True,
2026-09-09T07:05:17.008022+00:00,Bithumb,KRW,1351.5,1352.5,7.4,True,
2026-09-09T07:05:17.008022+00:00,Coinone,KRW,1351.5,1352.0,3.7,True,
2026-09-09T07:05:17.008022+00:00,Paribu,TRY,48.4175,48.3925,-5.16,True,
2026-09-09T07:05:17.008022+00:00,Pintu,IDR,17583.0,17557.0,-14.79,True,
2026-09-09T07:05:17.008022+00:00,Foxbit,BRL,5.11445,5.11685,4.69,True,
2026-09-09T07:05:17.008022+00:00,MercadoBitcoin,BRL,5.11535,5.11605,1.37,True,
2026-09-09T08:05:22.928136+00:00,IndependentReserve,SGD,1.2643,1.26436,0.47,True,
2026-09-09T08:05:22.928136+00:00,Coins.ph,PHP,62.495,62.495,0.0,True,
2026-09-09T08:05:22.928136+00:00,BTCTurk,TRY,48.4245,48.4145,-2.07,True,
2026-09-09T08:05:22.928136+00:00,Upbit,KRW,1350.0,1349.0,-7.41,True,
2026-09-09T08:05:22.928136+00:00,Indodax,IDR,17482.5,17501.5,10.87,True,
2026-09-09T08:05:22.928136+00:00,Bitkub,THB,32.865,32.875,3.04,True,
2026-09-09T08:05:22.928136+00:00,Bithumb,KRW,1349.5,1350.5,7.41,True,
2026-09-09T08:05:22.928136+00:00,Coinone,KRW,1349.5,1350.0,3.71,True,
2026-09-09T08:05:22.928136+00:00,Paribu,TRY,48.4285,48.3605,-14.04,True,
2026-09-09T08:05:22.928136+00:00,Pintu,IDR,17564.0,17521.0,-24.48,True,
2026-09-09T08:05:22.928136+00:00,Foxbit,BRL,5.10845,5.11145,5.87,True,
2026-09-09T08:05:22.928136+00:00,MercadoBitcoin,BRL,5.10875,5.1111,4.6,True,
2026-09-09T09:05:17.204517+00:00,IndependentReserve,SGD,1.264345,1.264195,-1.19,True,
2026-09-09T09:05:17.204517+00:00,Coins.ph,PHP,62.465,62.475,1.6,True,
2026-09-09T09:05:17.204517+00:00,BTCTurk,TRY,48.4255,48.369,-11.67,True,
2026-09-09T09:05:17.204517+00:00,Upbit,KRW,1351.0,1351.0,0.0,True,
2026-09-09T09:05:17.204517+00:00,Indodax,IDR,17481.5,17492.0,6.01,True,
2026-09-09T09:05:17.204517+00:00,Bitkub,THB,32.865,32.87,1.52,True,
2026-09-09T09:05:17.204517+00:00,Bithumb,KRW,1352.5,1351.5,-7.39,True,
2026-09-09T09:05:17.204517+00:00,Coinone,KRW,1352.5,1351.5,-7.39,True,
2026-09-09T09:05:17.204517+00:00,Paribu,TRY,48.4305,48.3975,-6.81,True,
2026-09-09T09:05:17.204517+00:00,Pintu,IDR,17558.0,17522.0,-20.5,True,
2026-09-09T09:05:17.204517+00:00,Foxbit,BRL,5.10895,5.10945,0.98,True,
2026-09-09T09:05:17.204517+00:00,MercadoBitcoin,BRL,5.10635,5.10895,5.09,True,
2026-09-09T10:05:15.322270+00:00,IndependentReserve,SGD,1.26529,1.266065,6.13,True,
2026-09-09T10:05:15.322270+00:00,Coins.ph,PHP,62.515,62.525,1.6,True,
2026-09-09T10:05:15.322270+00:00,BTCTurk,TRY,48.4565,48.433,-4.85,True,
2026-09-09T10:05:15.322270+00:00,Upbit,KRW,1355.0,1355.0,0.0,True,
2026-09-09T10:05:15.322270+00:00,Indodax,IDR,17504.0,17506.5,1.43,True,
2026-09-09T10:05:15.322270+00:00,Bitkub,THB,32.885,32.88,-1.52,True,
2026-09-09T10:05:15.322270+00:00,Bithumb,KRW,1354.5,1355.0,3.69,True,
2026-09-09T10:05:15.322270+00:00,Coinone,KRW,1354.5,1355.5,7.38,True,
2026-09-09T10:05:15.322270+00:00,Paribu,TRY,48.4325,48.3975,-7.23,True,
2026-09-09T10:05:15.322270+00:00,Pintu,IDR,17570.0,17522.0,-27.32,True,
2026-09-09T10:05:15.322270+00:00,Foxbit,BRL,5.10775,5.10645,-2.55,True,
2026-09-09T10:05:15.322270+00:00,MercadoBitcoin,BRL,5.10595,5.1068,1.66,True,
2026-09-09T11:05:17.193481+00:00,IndependentReserve,SGD,1.265125,1.26504,-0.67,True,
2026-09-09T11:05:17.193481+00:00,Coins.ph,PHP,62.505,62.495,-1.6,True,
2026-09-09T11:05:17.193481+00:00,BTCTurk,TRY,48.4525,48.4385,-2.89,True,
2026-09-09T11:05:17.193481+00:00,Upbit,KRW,1355.0,1354.0,-7.38,True,
2026-09-09T11:05:17.193481+00:00,Indodax,IDR,17510.5,17529.5,10.85,True,
2026-09-09T11:05:17.193481+00:00,Bitkub,THB,32.885,32.89,1.52,True,
2026-09-09T11:05:17.193481+00:00,Bithumb,KRW,1354.5,1355.5,7.38,True,
2026-09-09T11:05:17.193481+00:00,Coinone,KRW,1354.5,1355.5,7.38,True,
2026-09-09T11:05:17.193481+00:00,Paribu,TRY,48.4495,48.4295,-4.13,True,
2026-09-09T11:05:17.193481+00:00,Pintu,IDR,17553.0,17522.0,-17.66,True,
2026-09-09T11:05:17.193481+00:00,Foxbit,BRL,5.10895,5.115,11.84,True,
2026-09-09T11:05:17.193481+00:00,MercadoBitcoin,BRL,5.11115,5.11185,1.37,True,
2026-09-09T12:05:15.437648+00:00,IndependentReserve,SGD,1.26376,1.263205,-4.39,True,
2026-09-09T12:05:15.437648+00:00,Coins.ph,PHP,62.465,62.465,0.0,True,
2026-09-09T12:05:15.437648+00:00,BTCTurk,TRY,48.4595,48.449,-2.17,True,
2026-09-09T12:05:15.437648+00:00,Upbit,KRW,1352.0,1354.0,14.79,True,
2026-09-09T12:05:15.437648+00:00,Indodax,IDR,17484.5,17515.5,17.73,True,
2026-09-09T12:05:15.437648+00:00,Bitkub,THB,32.885,32.89,1.52,True,
2026-09-09T12:05:15.437648+00:00,Bithumb,KRW,1353.5,1354.5,7.39,True,
2026-09-09T12:05:15.437648+00:00,Coinone,KRW,1353.5,1353.5,0.0,True,
2026-09-09T12:05:15.437648+00:00,Paribu,TRY,48.4425,48.425,-3.61,True,
2026-09-09T12:05:15.437648+00:00,Pintu,IDR,17563.0,17524.0,-22.21,True,
2026-09-09T12:05:15.437648+00:00,Foxbit,BRL,5.11765,5.11665,-1.95,True,
2026-09-09T12:05:15.437648+00:00,MercadoBitcoin,BRL,5.11615,5.11645,0.59,True,
2026-09-09T13:05:17.435206+00:00,IndependentReserve,SGD,1.262895,1.262895,-0.0,True,
2026-09-09T13:05:17.435206+00:00,Coins.ph,PHP,62.465,62.465,0.0,True,
2026-09-09T13:05:17.435206+00:00,BTCTurk,TRY,48.4405,48.449,1.75,True,
2026-09-09T13:05:17.435206+00:00,Upbit,KRW,1350.0,1352.0,14.81,True,
2026-09-09T13:05:17.435206+00:00,Indodax,IDR,17472.5,17484.5,6.87,True,
2026-09-09T13:05:17.435206+00:00,Bitkub,THB,32.885,32.89,1.52,True,
2026-09-09T13:05:17.435206+00:00,Bithumb,KRW,1351.5,1352.0,3.7,True,
2026-09-09T13:05:17.435206+00:00,Coinone,KRW,1350.5,1351.5,7.4,True,
2026-09-09T13:05:17.435206+00:00,Paribu,TRY,48.4415,48.4335,-1.65,True,
2026-09-09T13:05:17.435206+00:00,Pintu,IDR,17540.0,17523.0,-9.69,True,
2026-09-09T13:05:17.435206+00:00,Foxbit,BRL,5.10815,5.1083,0.29,True,
2026-09-09T13:05:17.435206+00:00,MercadoBitcoin,BRL,5.10995,5.11055,1.17,True,
2026-09-09T14:05:18.307225+00:00,IndependentReserve,SGD,1.26345,1.263785,2.65,True,
2026-09-09T14:05:18.307225+00:00,Coins.ph,PHP,62.465,62.465,0.0,True,
2026-09-09T14:05:18.307225+00:00,BTCTurk,TRY,48.4615,48.43,-6.5,True,
2026-09-09T14:05:18.307225+00:00,Upbit,KRW,1351.0,1351.0,0.0,True,
2026-09-09T14:05:18.307225+00:00,Indodax,IDR,17504.5,17482.5,-12.57,True,
2026-09-09T14:05:18.307225+00:00,Bitkub,THB,32.865,32.865,-0.0,True,
2026-09-09T14:05:18.307225+00:00,Bithumb,KRW,1352.5,1352.0,-3.7,True,
2026-09-09T14:05:18.307225+00:00,Coinone,KRW,1352.5,1352.5,0.0,True,
2026-09-09T14:05:18.307225+00:00,Paribu,TRY,48.4535,48.4105,-8.87,True,
2026-09-09T14:05:18.307225+00:00,Pintu,IDR,17544.0,17513.0,-17.67,True,
2026-09-09T14:05:18.307225+00:00,Foxbit,BRL,5.10935,5.10895,-0.78,True,
2026-09-09T14:05:18.307225+00:00,MercadoBitcoin,BRL,5.10895,5.11205,6.07,True,
2026-09-09T15:05:16.663538+00:00,IndependentReserve,SGD,1.26425,1.263995,-2.02,True,
2026-09-09T15:05:16.663538+00:00,Coins.ph,PHP,62.415,62.415,0.0,True,
2026-09-09T15:05:16.663538+00:00,BTCTurk,TRY,48.467,48.475,1.65,True,
2026-09-09T15:05:16.663538+00:00,Upbit,KRW,1353.0,1354.0,7.39,True,
2026-09-09T15:05:16.663538+00:00,Indodax,IDR,17522.5,17509.0,-7.7,True,
2026-09-09T15:05:16.663538+00:00,Bitkub,THB,32.865,32.875,3.04,True,
2026-09-09T15:05:16.663538+00:00,Bithumb,KRW,1353.5,1354.5,7.39,True,
2026-09-09T15:05:16.663538+00:00,Coinone,KRW,1353.5,1354.5,7.39,True,
2026-09-09T15:05:16.663538+00:00,Paribu,TRY,48.4555,48.4045,-10.53,True,
2026-09-09T15:05:16.663538+00:00,Pintu,IDR,17544.0,17512.0,-18.24,True,
2026-09-09T15:05:16.663538+00:00,Foxbit,BRL,5.12005,5.11955,-0.98,True,
2026-09-09T15:05:16.663538+00:00,MercadoBitcoin,BRL,5.11995,5.1219,3.81,True,
2026-09-09T16:05:26.869351+00:00,IndependentReserve,SGD,1.2642,1.264435,1.86,True,
2026-09-09T16:05:26.869351+00:00,Coins.ph,PHP,62.475,62.475,-0.0,True,
2026-09-09T16:05:26.869351+00:00,BTCTurk,TRY,48.4695,48.462,-1.55,True,
2026-09-09T16:05:26.869351+00:00,Upbit,KRW,1355.0,1355.0,0.0,True,
2026-09-09T16:05:26.869351+00:00,Indodax,IDR,17528.5,17558.5,17.11,True,
2026-09-09T16:05:26.869351+00:00,Bitkub,THB,32.905,32.91,1.52,True,
2026-09-09T16:05:26.869351+00:00,Bithumb,KRW,1354.5,1356.5,14.77,True,
2026-09-09T16:05:26.869351+00:00,Coinone,KRW,1354.5,1354.5,0.0,True,
2026-09-09T16:05:26.869351+00:00,Paribu,TRY,48.4695,48.455,-2.99,True,
2026-09-09T16:05:26.869351+00:00,Pintu,IDR,17544.0,17512.0,-18.24,True,
2026-09-09T16:05:26.869351+00:00,Foxbit,BRL,5.11465,5.11375,-1.76,True,
2026-09-09T16:05:26.869351+00:00,MercadoBitcoin,BRL,5.11525,5.117,3.42,True,
2026-09-09T17:05:19.495215+00:00,IndependentReserve,SGD,1.26415,1.26434,1.5,True,
2026-09-09T17:05:19.495215+00:00,Coins.ph,PHP,62.455,62.455,0.0,True,
2026-09-09T17:05:19.495215+00:00,BTCTurk,TRY,48.4795,48.4625,-3.51,True,
2026-09-09T17:05:19.495215+00:00,Upbit,KRW,1354.0,1354.0,0.0,True,
2026-09-09T17:05:19.495215+00:00,Indodax,IDR,17521.5,17511.0,-5.99,True,
2026-09-09T17:05:19.495215+00:00,Bitkub,THB,32.905,32.915,3.04,True,
2026-09-09T17:05:19.495215+00:00,Bithumb,KRW,1353.5,1354.0,3.69,True,
2026-09-09T17:05:19.495215+00:00,Coinone,KRW,1353.5,1353.5,0.0,True,
2026-09-09T17:05:19.495215+00:00,Paribu,TRY,48.4745,48.4535,-4.33,True,
2026-09-09T17:05:19.495215+00:00,Pintu,IDR,17547.0,17512.0,-19.95,True,
2026-09-09T17:05:19.495215+00:00,Foxbit,BRL,5.11485,5.11765,5.47,True,
2026-09-09T17:05:19.495215+00:00,MercadoBitcoin,BRL,5.11495,5.11605,2.15,True,
2026-09-09T18:05:50.539671+00:00,IndependentReserve,SGD,1.264175,1.264475,2.37,True,
2026-09-09T18:05:50.539671+00:00,Coins.ph,PHP,62.455,62.455,0.0,True,
2026-09-09T18:05:50.539671+00:00,BTCTurk,TRY,48.4795,48.4555,-4.95,True,
2026-09-09T18:05:50.539671+00:00,Upbit,KRW,1354.0,1354.0,0.0,True,
2026-09-09T18:05:50.539671+00:00,Indodax,IDR,17521.5,17499.5,-12.56,True,
2026-09-09T18:05:50.539671+00:00,Bitkub,THB,32.905,32.91,1.52,True,
2026-09-09T18:05:50.539671+00:00,Bithumb,KRW,1353.5,1354.0,3.69,True,
2026-09-09T18:05:50.539671+00:00,Coinone,KRW,1353.5,1353.5,0.0,True,
2026-09-09T18:05:50.539671+00:00,Paribu,TRY,48.4695,48.443,-5.47,True,
2026-09-09T18:05:50.539671+00:00,Pintu,IDR,17502.0,17512.0,5.71,True,
2026-09-09T18:05:50.539671+00:00,Foxbit,BRL,5.11305,5.11285,-0.39,True,
2026-09-09T18:05:50.539671+00:00,MercadoBitcoin,BRL,5.11335,5.1137,0.68,True,
2026-09-09T19:05:15.397112+00:00,IndependentReserve,SGD,1.26507,1.2654,2.61,True,
2026-09-09T19:05:15.397112+00:00,Coins.ph,PHP,62.455,62.455,0.0,True,
2026-09-09T19:05:15.397112+00:00,BTCTurk,TRY,48.4795,48.4545,-5.16,True,
2026-09-09T19:05:15.397112+00:00,Upbit,KRW,1355.0,1356.0,7.38,True,
2026-09-09T19:05:15.397112+00:00,Indodax,IDR,17513.5,17537.0,13.42,True,
2026-09-09T19:05:15.397112+00:00,Bitkub,THB,32.905,32.91,1.52,True,
2026-09-09T19:05:15.397112+00:00,Bithumb,KRW,1354.5,1355.0,3.69,True,
2026-09-09T19:05:15.397112+00:00,Coinone,KRW,1354.5,1354.5,0.0,True,
2026-09-09T19:05:15.397112+00:00,Paribu,TRY,48.4765,48.4575,-3.92,True,
2026-09-09T19:05:15.397112+00:00,Pintu,IDR,17507.0,17512.0,2.86,True,
2026-09-09T19:05:15.397112+00:00,Foxbit,BRL,5.12245,5.12225,-0.39,True,
2026-09-09T19:05:15.397112+00:00,MercadoBitcoin,BRL,5.12105,5.1217,1.27,True,
2026-09-09T20:05:22.214769+00:00,IndependentReserve,SGD,1.265145,1.26555,3.2,True,
2026-09-09T20:05:22.214769+00:00,Coins.ph,PHP,62.465,62.465,0.0,True,
2026-09-09T20:05:22.214769+00:00,BTCTurk,TRY,48.4795,48.455,-5.05,True,
2026-09-09T20:05:22.214769+00:00,Upbit,KRW,1358.0,1357.0,-7.36,True,
2026-09-09T20:05:22.214769+00:00,Indodax,IDR,17513.5,17531.0,9.99,True,
2026-09-09T20:05:22.214769+00:00,Bitkub,THB,32.905,32.905,0.0,True,
2026-09-09T20:05:22.214769+00:00,Bithumb,KRW,1357.5,1358.5,7.37,True,
2026-09-09T20:05:22.214769+00:00,Coinone,KRW,1357.5,1357.5,0.0,True,
2026-09-09T20:05:22.214769+00:00,Paribu,TRY,48.4875,48.4845,-0.62,True,
2026-09-09T20:05:22.214769+00:00,Pintu,IDR,17502.0,17512.0,5.71,True,
2026-09-09T20:05:22.214769+00:00,Foxbit,BRL,5.12475,5.1219,-5.56,True,
2026-09-09T20:05:22.214769+00:00,MercadoBitcoin,BRL,5.12315,5.1232,0.1,True,
2026-09-09T21:05:16.317543+00:00,IndependentReserve,SGD,1.265625,1.265305,-2.53,True,
2026-09-09T21:05:16.317543+00:00,Coins.ph,PHP,62.465,62.465,0.0,True,
2026-09-09T21:05:16.317543+00:00,BTCTurk,TRY,48.4825,48.455,-5.67,True,
2026-09-09T21:05:16.317543+00:00,Upbit,KRW,1359.0,1360.0,7.36,True,
2026-09-09T21:05:16.317543+00:00,Indodax,IDR,17513.5,17509.5,-2.28,True,
2026-09-09T21:05:16.317543+00:00,Bitkub,THB,32.905,32.91,1.52,True,
2026-09-09T21:05:16.317543+00:00,Bithumb,KRW,1359.5,1359.0,-3.68,True,
2026-09-09T21:05:16.317543+00:00,Coinone,KRW,1358.5,1359.5,7.36,True,
2026-09-09T21:05:16.317543+00:00,Paribu,TRY,48.4705,48.4815,2.27,True,
2026-09-09T21:05:16.317543+00:00,Pintu,IDR,17519.0,17513.0,-3.42,True,
2026-09-09T21:05:16.317543+00:00,Foxbit,BRL,5.12385,5.1253,2.83,True,
2026-09-09T21:05:16.317543+00:00,MercadoBitcoin,BRL,5.12385,5.12455,1.37,True,
2026-09-09T22:05:14.599362+00:00,IndependentReserve,SGD,1.265235,1.265275,0.32,True,
2026-09-09T22:05:14.599362+00:00,Coins.ph,PHP,62.475,62.475,-0.0,True,
2026-09-09T22:05:14.599362+00:00,BTCTurk,TRY,48.4865,48.4605,-5.36,True,
2026-09-09T22:05:14.599362+00:00,Upbit,KRW,1360.0,1360.0,0.0,True,
2026-09-09T22:05:14.599362+00:00,Indodax,IDR,17520.5,17510.0,-5.99,True,
2026-09-09T22:05:14.599362+00:00,Bitkub,THB,32.905,32.915,3.04,True,
2026-09-09T22:05:14.599362+00:00,Bithumb,KRW,1359.5,1360.0,3.68,True,
2026-09-09T22:05:14.599362+00:00,Coinone,KRW,1359.5,1359.5,0.0,True,
2026-09-09T22:05:14.599362+00:00,Paribu,TRY,48.4705,48.487,3.4,True,
2026-09-09T22:05:14.599362+00:00,Pintu,IDR,17537.0,17512.0,-14.26,True,
2026-09-09T22:05:14.599362+00:00,Foxbit,BRL,5.16455,5.1637,-1.65,True,
2026-09-09T22:05:14.599362+00:00,MercadoBitcoin,BRL,5.16155,5.16205,0.97,True,
2026-09-09T23:05:15.507557+00:00,IndependentReserve,SGD,1.2644,1.264735,2.65,True,
2026-09-09T23:05:15.507557+00:00,Coins.ph,PHP,62.505,62.505,-0.0,True,
2026-09-09T23:05:15.507557+00:00,BTCTurk,TRY,48.5245,48.4995,-5.15,True,
2026-09-09T23:05:15.507557+00:00,Upbit,KRW,1361.0,1361.0,0.0,True,
2026-09-09T23:05:15.507557+00:00,Indodax,IDR,17529.5,17521.5,-4.56,True,
2026-09-09T23:05:15.507557+00:00,Bitkub,THB,32.96,32.945,-4.55,True,
2026-09-09T23:05:15.507557+00:00,Bithumb,KRW,1360.5,1361.5,7.35,True,
2026-09-09T23:05:15.507557+00:00,Coinone,KRW,1360.5,1360.5,0.0,True,
2026-09-09T23:05:15.507557+00:00,Paribu,TRY,48.4985,48.4945,-0.82,True,
2026-09-09T23:05:15.507557+00:00,Pintu,IDR,17537.0,17513.0,-13.69,True,
2026-09-09T23:05:15.507557+00:00,Foxbit,BRL,5.12775,5.12805,0.59,True,
2026-09-09T23:05:15.507557+00:00,MercadoBitcoin,BRL,5.12735,5.12705,-0.59,True,
2026-09-10T00:05:13.737829+00:00,IndependentReserve,SGD,1.26465,1.26474,0.71,True,
2026-09-10T00:05:13.737829+00:00,Coins.ph,PHP,62.515,62.515,0.0,True,
2026-09-10T00:05:13.737829+00:00,BTCTurk,TRY,48.5115,48.4995,-2.47,True,
2026-09-10T00:05:13.737829+00:00,Upbit,KRW,1360.0,1361.0,7.35,True,
2026-09-10T00:05:13.737829+00:00,Indodax,IDR,17529.5,17513.5,-9.13,True,
2026-09-10T00:05:13.737829+00:00,Bitkub,THB,32.955,32.965,3.03,True,
2026-09-10T00:05:13.737829+00:00,Bithumb,KRW,1359.5,1360.5,7.36,True,
2026-09-10T00:05:13.737829+00:00,Coinone,KRW,1359.5,1359.5,0.0,True,
2026-09-10T00:05:13.737829+00:00,Paribu,TRY,48.4985,48.4995,0.21,True,
2026-09-10T00:05:13.737829+00:00,Pintu,IDR,17527.0,17513.0,-7.99,True,
2026-09-10T00:05:13.737829+00:00,Foxbit,BRL,5.12815,5.12815,0.0,True,
2026-09-10T00:05:13.737829+00:00,MercadoBitcoin,BRL,5.1266,5.12725,1.27,True,
2026-09-10T01:05:14.297130+00:00,IndependentReserve,SGD,1.264405,1.26515,5.89,True,
2026-09-10T01:05:14.297130+00:00,Coins.ph,PHP,62.495,62.505,1.6,True,
2026-09-10T01:05:14.297130+00:00,BTCTurk,TRY,48.521,48.4995,-4.43,True,
2026-09-10T01:05:14.297130+00:00,Upbit,KRW,1356.0,1356.0,0.0,True,
2026-09-10T01:05:14.297130+00:00,Indodax,IDR,17534.5,17527.5,-3.99,True,
2026-09-10T01:05:14.297130+00:00,Bitkub,THB,32.955,32.965,3.03,True,
2026-09-10T01:05:14.297130+00:00,Bithumb,KRW,1357.5,1358.0,3.68,True,
2026-09-10T01:05:14.297130+00:00,Coinone,KRW,1356.5,1356.5,0.0,True,
2026-09-10T01:05:14.297130+00:00,Paribu,TRY,48.4985,48.493,-1.13,True,
2026-09-10T01:05:14.297130+00:00,Pintu,IDR,17529.0,17513.0,-9.13,True,
2026-09-10T01:05:14.297130+00:00,Foxbit,BRL,5.13025,5.12955,-1.36,True,
2026-09-10T01:05:14.297130+00:00,MercadoBitcoin,BRL,5.1266,5.12725,1.27,True,
2026-09-10T02:05:17.948132+00:00,IndependentReserve,SGD,1.264115,1.265155,8.23,True,
2026-09-10T02:05:17.948132+00:00,Coins.ph,PHP,62.515,62.525,1.6,True,
2026-09-10T02:05:17.948132+00:00,BTCTurk,TRY,48.5225,48.545,4.64,True,
2026-09-10T02:05:17.948132+00:00,Upbit,KRW,1358.0,1357.0,-7.36,True,
2026-09-10T02:05:17.948132+00:00,Indodax,IDR,17539.5,17510.0,-16.82,True,
2026-09-10T02:05:17.948132+00:00,Bitkub,THB,32.925,32.945,6.07,True,
2026-09-10T02:05:17.948132+00:00,Bithumb,KRW,1357.5,1358.5,7.37,True,
2026-09-10T02:05:17.948132+00:00,Coinone,KRW,1357.5,1357.5,0.0,True,
2026-09-10T02:05:17.948132+00:00,Paribu,TRY,48.491,48.493,0.41,True,
2026-09-10T02:05:17.948132+00:00,Pintu,IDR,17535.0,17504.0,-17.68,True,
2026-09-10T02:05:17.948132+00:00,Foxbit,BRL,5.13015,5.13175,3.12,True,
2026-09-10T02:05:17.948132+00:00,MercadoBitcoin,BRL,5.12865,5.129,0.68,True,
2026-09-10T03:05:16.338473+00:00,IndependentReserve,SGD,1.264145,1.26408,-0.51,True,
2026-09-10T03:05:16.338473+00:00,Coins.ph,PHP,62.505,62.515,1.6,True,
2026-09-10T03:05:16.338473+00:00,BTCTurk,TRY,48.5225,48.5385,3.3,True,
2026-09-10T03:05:16.338473+00:00,Upbit,KRW,1357.0,1356.0,-7.37,True,
2026-09-10T03:05:16.338473+00:00,Indodax,IDR,17549.5,17615.0,37.32,True,
2026-09-10T03:05:16.338473+00:00,Bitkub,THB,32.915,32.925,3.04,True,
2026-09-10T03:05:16.338473+00:00,Bithumb,KRW,1356.5,1356.5,0.0,True,
2026-09-10T03:05:16.338473+00:00,Coinone,KRW,1356.5,1357.5,7.37,True,
2026-09-10T03:05:16.338473+00:00,Paribu,TRY,48.4975,48.491,-1.34,True,
2026-09-10T03:05:16.338473+00:00,Pintu,IDR,17554.0,17505.0,-27.91,True,
2026-09-10T03:05:16.338473+00:00,Foxbit,BRL,5.13005,5.13045,0.78,True,
2026-09-10T03:05:16.338473+00:00,MercadoBitcoin,BRL,5.12655,5.12945,5.66,True,
2026-09-10T04:05:20.744578+00:00,IndependentReserve,SGD,1.2641,1.2644,2.37,True,
2026-09-10T04:05:20.744578+00:00,Coins.ph,PHP,62.515,62.505,-1.6,True,
2026-09-10T04:05:20.744578+00:00,BTCTurk,TRY,48.5295,48.536,1.34,True,
2026-09-10T04:05:20.744578+00:00,Upbit,KRW,1357.0,1356.0,-7.37,True,
2026-09-10T04:05:20.744578+00:00,Indodax,IDR,17547.5,17592.0,25.36,True,
2026-09-10T04:05:20.744578+00:00,Bitkub,THB,32.905,32.91,1.52,True,
2026-09-10T04:05:20.744578+00:00,Bithumb,KRW,1356.5,1357.5,7.37,True,
2026-09-10T04:05:20.744578+00:00,Coinone,KRW,1356.5,1356.5,0.0,True,
2026-09-10T04:05:20.744578+00:00,Paribu,TRY,48.4965,48.496,-0.1,True,
2026-09-10T04:05:20.744578+00:00,Pintu,IDR,17544.0,17525.0,-10.83,True,
2026-09-10T04:05:20.744578+00:00,Foxbit,BRL,5.13005,5.13065,1.17,True,
2026-09-10T04:05:20.744578+00:00,MercadoBitcoin,BRL,5.13025,5.1299,-0.68,True,
2026-09-10T05:05:15.944157+00:00,IndependentReserve,SGD,1.2643,1.264665,2.89,True,
2026-09-10T05:05:15.944157+00:00,Coins.ph,PHP,62.505,62.505,-0.0,True,
2026-09-10T05:05:15.944157+00:00,BTCTurk,TRY,48.5685,48.536,-6.69,True,
2026-09-10T05:05:15.944157+00:00,Upbit,KRW,1356.0,1357.0,7.37,True,
2026-09-10T05:05:15.944157+00:00,Indodax,IDR,17539.5,17559.5,11.4,True,
2026-09-10T05:05:15.944157+00:00,Bitkub,THB,32.925,32.925,0.0,True,
2026-09-10T05:05:15.944157+00:00,Bithumb,KRW,1355.5,1356.0,3.69,True,
2026-09-10T05:05:15.944157+00:00,Coinone,KRW,1355.5,1356.5,7.38,True,
2026-09-10T05:05:15.944157+00:00,Paribu,TRY,48.4865,48.531,9.18,True,
2026-09-10T05:05:15.944157+00:00,Pintu,IDR,17539.0,17525.0,-7.98,True,
2026-09-10T05:05:15.944157+00:00,Foxbit,BRL,5.12985,5.12755,-4.48,True,
2026-09-10T05:05:15.944157+00:00,MercadoBitcoin,BRL,5.12745,5.1292,3.41,True,
2026-09-10T06:05:20.076789+00:00,IndependentReserve,SGD,1.264,1.26468,5.38,True,
2026-09-10T06:05:20.076789+00:00,Coins.ph,PHP,62.505,62.495,-1.6,True,
2026-09-10T06:05:20.076789+00:00,BTCTurk,TRY,48.5355,48.522,-2.78,True,
2026-09-10T06:05:20.076789+00:00,Upbit,KRW,1355.0,1356.0,7.38,True,
2026-09-10T06:05:20.076789+00:00,Indodax,IDR,17528.5,17559.0,17.4,True,
2026-09-10T06:05:20.076789+00:00,Bitkub,THB,32.925,32.955,9.11,True,
2026-09-10T06:05:20.076789+00:00,Bithumb,KRW,1355.5,1355.5,0.0,True,
2026-09-10T06:05:20.076789+00:00,Coinone,KRW,1354.5,1355.5,7.38,True,
2026-09-10T06:05:20.076789+00:00,Paribu,TRY,48.5205,48.544,4.84,True,
2026-09-10T06:05:20.076789+00:00,Pintu,IDR,17512.0,17514.0,1.14,True,
2026-09-10T06:05:20.076789+00:00,Foxbit,BRL,5.12945,5.12855,-1.75,True,
2026-09-10T06:05:20.076789+00:00,MercadoBitcoin,BRL,5.12775,5.1292,2.83,True,
2026-09-10T07:05:16.670776+00:00,IndependentReserve,SGD,1.2647,1.26518,3.8,True,
2026-09-10T07:05:16.670776+00:00,Coins.ph,PHP,62.505,62.505,-0.0,True,
2026-09-10T07:05:16.670776+00:00,BTCTurk,TRY,48.4805,48.496,3.2,True,
2026-09-10T07:05:16.670776+00:00,Upbit,KRW,1357.0,1357.0,0.0,True,
2026-09-10T07:05:16.670776+00:00,Indodax,IDR,17508.5,17495.5,-7.42,True,
2026-09-10T07:05:16.670776+00:00,Bitkub,THB,32.905,32.91,1.52,True,
2026-09-10T07:05:16.670776+00:00,Bithumb,KRW,1356.5,1357.5,7.37,True,
2026-09-10T07:05:16.670776+00:00,Coinone,KRW,1356.5,1357.5,7.37,True,
2026-09-10T07:05:16.670776+00:00,Paribu,TRY,48.4735,48.463,-2.17,True,
2026-09-10T07:05:16.670776+00:00,Pintu,IDR,17511.0,17535.0,13.71,True,
2026-09-10T07:05:16.670776+00:00,Foxbit,BRL,5.12655,5.12845,3.71,True,
2026-09-10T07:05:16.670776+00:00,MercadoBitcoin,BRL,5.12715,5.1279,1.46,True,
2026-09-10T08:05:19.045962+00:00,IndependentReserve,SGD,1.26506,1.265005,-0.43,True,
2026-09-10T08:05:19.045962+00:00,Coins.ph,PHP,62.525,62.525,0.0,True,
2026-09-10T08:05:19.045962+00:00,BTCTurk,TRY,48.4995,48.5035,0.82,True,
2026-09-10T08:05:19.045962+00:00,Upbit,KRW,1359.0,1358.0,-7.36,True,
2026-09-10T08:05:19.045962+00:00,Indodax,IDR,17504.0,17490.5,-7.71,True,
2026-09-10T08:05:19.045962+00:00,Bitkub,THB,32.895,32.91,4.56,True,
2026-09-10T08:05:19.045962+00:00,Bithumb,KRW,1358.5,1360.5,14.72,True,
2026-09-10T08:05:19.045962+00:00,Coinone,KRW,1358.5,1359.5,7.36,True,
2026-09-10T08:05:19.045962+00:00,Paribu,TRY,48.497,48.496,-0.21,True,
2026-09-10T08:05:19.045962+00:00,Pintu,IDR,17539.0,17535.0,-2.28,True,
2026-09-10T08:05:19.045962+00:00,Foxbit,BRL,5.12625,5.12945,6.24,True,
2026-09-10T08:05:19.045962+00:00,MercadoBitcoin,BRL,5.12695,5.1275,1.07,True,
2026-09-10T09:05:20.559931+00:00,IndependentReserve,SGD,1.2655,1.265545,0.36,True,
2026-09-10T09:05:20.559931+00:00,Coins.ph,PHP,62.555,62.565,1.6,True,
2026-09-10T09:05:20.559931+00:00,BTCTurk,TRY,48.483,48.479,-0.83,True,
2026-09-10T09:05:20.559931+00:00,Upbit,KRW,1358.0,1358.0,0.0,True,
2026-09-10T09:05:20.559931+00:00,Indodax,IDR,17503.0,17512.5,5.43,True,
2026-09-10T09:05:20.559931+00:00,Bitkub,THB,32.905,32.91,1.52,True,
2026-09-10T09:05:20.559931+00:00,Bithumb,KRW,1357.5,1359.5,14.73,True,
2026-09-10T09:05:20.559931+00:00,Coinone,KRW,1357.5,1357.5,0.0,True,
2026-09-10T09:05:20.559931+00:00,Paribu,TRY,48.4885,48.4975,1.86,True,
2026-09-10T09:05:20.559931+00:00,Pintu,IDR,17542.0,17541.0,-0.57,True,
2026-09-10T09:05:20.559931+00:00,Foxbit,BRL,5.12585,5.12895,6.05,True,
2026-09-10T09:05:20.559931+00:00,MercadoBitcoin,BRL,5.12585,5.1266,1.46,True,
2026-09-10T10:05:22.035049+00:00,IndependentReserve,SGD,1.26605,1.26605,0.0,True,
2026-09-10T10:05:22.035049+00:00,Coins.ph,PHP,62.565,62.575,1.6,True,
2026-09-10T10:05:22.035049+00:00,BTCTurk,TRY,48.485,48.4535,-6.5,True,
2026-09-10T10:05:22.035049+00:00,Upbit,KRW,1358.0,1358.0,0.0,True,
2026-09-10T10:05:22.035049+00:00,Indodax,IDR,17500.5,17511.5,6.29,True,
2026-09-10T10:05:22.035049+00:00,Bitkub,THB,32.925,32.92,-1.52,True,
2026-09-10T10:05:22.035049+00:00,Bithumb,KRW,1358.5,1359.5,7.36,True,
2026-09-10T10:05:22.035049+00:00,Coinone,KRW,1358.5,1358.5,0.0,True,
2026-09-10T10:05:22.035049+00:00,Paribu,TRY,48.4835,48.4875,0.83,True,
2026-09-10T10:05:22.035049+00:00,Pintu,IDR,17514.0,17540.0,14.85,True,
2026-09-10T10:05:22.035049+00:00,Foxbit,BRL,5.12585,5.1297,7.51,True,
2026-09-10T10:05:22.035049+00:00,MercadoBitcoin,BRL,5.12595,5.1278,3.61,True,
2026-09-10T11:05:19.191049+00:00,IndependentReserve,SGD,1.26695,1.26678,-1.34,True,
2026-09-10T11:05:19.191049+00:00,Coins.ph,PHP,62.565,62.565,0.0,True,
2026-09-10T11:05:19.191049+00:00,BTCTurk,TRY,48.4795,48.5165,7.63,True,
2026-09-10T11:05:19.191049+00:00,Upbit,KRW,1360.0,1359.0,-7.35,True,
2026-09-10T11:05:19.191049+00:00,Indodax,IDR,17539.5,17537.0,-1.43,True,
2026-09-10T11:05:19.191049+00:00,Bitkub,THB,32.965,32.965,0.0,True,
2026-09-10T11:05:19.191049+00:00,Bithumb,KRW,1359.5,1360.0,3.68,True,
2026-09-10T11:05:19.191049+00:00,Coinone,KRW,1359.5,1359.5,0.0,True,
2026-09-10T11:05:19.191049+00:00,Paribu,TRY,48.4835,48.4625,-4.33,True,
2026-09-10T11:05:19.191049+00:00,Pintu,IDR,17545.0,17539.0,-3.42,True,
2026-09-10T11:05:19.191049+00:00,Foxbit,BRL,5.12745,5.13235,9.56,True,
2026-09-10T11:05:19.191049+00:00,MercadoBitcoin,BRL,5.12905,5.1302,2.24,True,
2026-09-10T12:05:24.328153+00:00,IndependentReserve,SGD,1.26773,1.2674,-2.6,True,
2026-09-10T12:05:24.328153+00:00,Coins.ph,PHP,62.515,62.525,1.6,True,
2026-09-10T12:05:24.328153+00:00,BTCTurk,TRY,48.4795,48.409,-14.54,True,
2026-09-10T12:05:24.328153+00:00,Upbit,KRW,1360.0,1360.0,0.0,True,
2026-09-10T12:05:24.328153+00:00,Indodax,IDR,17566.5,17537.5,-16.51,True,
2026-09-10T12:05:24.328153+00:00,Bitkub,THB,32.965,32.97,1.52,True,
2026-09-10T12:05:24.328153+00:00,Bithumb,KRW,1359.5,1360.0,3.68,True,
2026-09-10T12:05:24.328153+00:00,Coinone,KRW,1359.5,1360.0,3.68,True,
2026-09-10T12:05:24.328153+00:00,Paribu,TRY,48.4855,48.469,-3.4,True,
2026-09-10T12:05:24.328153+00:00,Pintu,IDR,17547.0,17540.0,-3.99,True,
2026-09-10T12:05:24.328153+00:00,Foxbit,BRL,5.13845,5.1378,-1.26,True,
2026-09-10T12:05:24.328153+00:00,MercadoBitcoin,BRL,5.13915,5.14095,3.5,True,
2026-09-10T13:05:20.351939+00:00,IndependentReserve,SGD,1.268825,1.267125,-13.4,True,
2026-09-10T13:05:20.351939+00:00,Coins.ph,PHP,62.555,62.565,1.6,True,
2026-09-10T13:05:20.351939+00:00,BTCTurk,TRY,48.5155,48.456,-12.26,True,
2026-09-10T13:05:20.351939+00:00,Upbit,KRW,1366.0,1367.0,7.32,True,
2026-09-10T13:05:20.351939+00:00,Indodax,IDR,17597.5,17570.0,-15.63,True,
2026-09-10T13:05:20.351939+00:00,Bitkub,THB,33.045,33.065,6.05,True,
2026-09-10T13:05:20.351939+00:00,Bithumb,KRW,1365.5,1365.5,0.0,True,
2026-09-10T13:05:20.351939+00:00,Coinone,KRW,1364.5,1365.5,7.33,True,
2026-09-10T13:05:20.351939+00:00,Paribu,TRY,48.4865,48.5065,4.12,True,
2026-09-10T13:05:20.351939+00:00,Pintu,IDR,17547.0,17565.0,10.26,True,
2026-09-10T13:05:20.351939+00:00,Foxbit,BRL,5.14605,5.14725,2.33,True,
2026-09-10T13:05:20.351939+00:00,MercadoBitcoin,BRL,5.14695,5.1488,3.59,True,
2026-09-10T14:05:21.649475+00:00,IndependentReserve,SGD,1.26805,1.26699,-8.36,True,
2026-09-10T14:05:21.649475+00:00,Coins.ph,PHP,62.565,62.575,1.6,True,
2026-09-10T14:05:21.649475+00:00,BTCTurk,TRY,48.482,48.4755,-1.34,True,
2026-09-10T14:05:21.649475+00:00,Upbit,KRW,1365.0,1365.0,0.0,True,
2026-09-10T14:05:21.649475+00:00,Indodax,IDR,17570.0,17595.0,14.23,True,
2026-09-10T14:05:21.649475+00:00,Bitkub,THB,33.045,33.055,3.03,True,
2026-09-10T14:05:21.649475+00:00,Bithumb,KRW,1364.5,1365.5,7.33,True,
2026-09-10T14:05:21.649475+00:00,Coinone,KRW,1364.5,1365.5,7.33,True,
2026-09-10T14:05:21.649475+00:00,Paribu,TRY,48.4755,48.485,1.96,True,
2026-09-10T14:05:21.649475+00:00,Pintu,IDR,17548.0,17564.0,9.12,True,
2026-09-10T14:05:21.649475+00:00,Foxbit,BRL,5.15065,5.14975,-1.75,True,
2026-09-10T14:05:21.649475+00:00,MercadoBitcoin,BRL,5.15285,5.15255,-0.58,True,
2026-09-10T15:05:23.810778+00:00,IndependentReserve,SGD,1.267145,1.26688,-2.09,True,
2026-09-10T15:05:23.810778+00:00,Coins.ph,PHP,62.545,62.565,3.2,True,
2026-09-10T15:05:23.810778+00:00,BTCTurk,TRY,48.5075,48.4855,-4.54,True,
2026-09-10T15:05:23.810778+00:00,Upbit,KRW,1364.0,1364.0,0.0,True,
2026-09-10T15:05:23.810778+00:00,Indodax,IDR,17569.5,17614.0,25.33,True,
2026-09-10T15:05:23.810778+00:00,Bitkub,THB,33.045,33.05,1.51,True,
2026-09-10T15:05:23.810778+00:00,Bithumb,KRW,1364.5,1365.5,7.33,True,
2026-09-10T15:05:23.810778+00:00,Coinone,KRW,1364.5,1365.5,7.33,True,
2026-09-10T15:05:23.810778+00:00,Paribu,TRY,48.5115,48.4895,-4.54,True,
2026-09-10T15:05:23.810778+00:00,Pintu,IDR,17550.0,17565.0,8.55,True,
2026-09-10T15:05:23.810778+00:00,Foxbit,BRL,5.10295,5.1024,-1.08,True,
2026-09-10T15:05:23.810778+00:00,MercadoBitcoin,BRL,5.10095,5.10535,8.63,True,
2026-09-10T16:05:19.349246+00:00,IndependentReserve,SGD,1.26778,1.26728,-3.94,True,
2026-09-10T16:05:19.349246+00:00,Coins.ph,PHP,62.595,62.605,1.6,True,
2026-09-10T16:05:19.349246+00:00,BTCTurk,TRY,48.511,48.5045,-1.34,True,
2026-09-10T16:05:19.349246+00:00,Upbit,KRW,1365.0,1366.0,7.33,True,
2026-09-10T16:05:19.349246+00:00,Indodax,IDR,17568.5,17597.5,16.51,True,
2026-09-10T16:05:19.349246+00:00,Bitkub,THB,33.045,33.055,3.03,True,
2026-09-10T16:05:19.349246+00:00,Bithumb,KRW,1364.5,1365.5,7.33,True,
2026-09-10T16:05:19.349246+00:00,Coinone,KRW,1364.5,1364.5,0.0,True,
2026-09-10T16:05:19.349246+00:00,Paribu,TRY,48.4985,48.4765,-4.54,True,
2026-09-10T16:05:19.349246+00:00,Pintu,IDR,17561.0,17564.0,1.71,True,
2026-09-10T16:05:19.349246+00:00,Foxbit,BRL,5.11295,5.11455,3.13,True,
2026-09-10T16:05:19.349246+00:00,MercadoBitcoin,BRL,5.11115,5.116,9.49,True,
2026-09-10T17:05:20.828115+00:00,IndependentReserve,SGD,1.26781,1.266885,-7.3,True,
2026-09-10T17:05:20.828115+00:00,Coins.ph,PHP,62.575,62.595,3.2,True,
2026-09-10T17:05:20.828115+00:00,BTCTurk,TRY,48.511,48.5015,-1.96,True,
2026-09-10T17:05:20.828115+00:00,Upbit,KRW,1368.0,1367.0,-7.31,True,
2026-09-10T17:05:20.828115+00:00,Indodax,IDR,17568.5,17585.5,9.68,True,
2026-09-10T17:05:20.828115+00:00,Bitkub,THB,33.055,33.06,1.51,True,
2026-09-10T17:05:20.828115+00:00,Bithumb,KRW,1367.5,1368.5,7.31,True,
2026-09-10T17:05:20.828115+00:00,Coinone,KRW,1366.5,1367.5,7.32,True,
2026-09-10T17:05:20.828115+00:00,Paribu,TRY,48.5045,48.4765,-5.77,True,
2026-09-10T17:05:20.828115+00:00,Pintu,IDR,17561.0,17596.0,19.93,True,
2026-09-10T17:05:20.828115+00:00,Foxbit,BRL,5.11095,5.11235,2.74,True,
2026-09-10T17:05:20.828115+00:00,MercadoBitcoin,BRL,5.11005,5.11085,1.57,True,
2026-09-10T18:05:19.484581+00:00,IndependentReserve,SGD,1.2676,1.26735,-1.97,True,
2026-09-10T18:05:19.484581+00:00,Coins.ph,PHP,62.575,62.595,3.2,True,
2026-09-10T18:05:19.484581+00:00,BTCTurk,TRY,48.5145,48.5235,1.86,True,
2026-09-10T18:05:19.484581+00:00,Upbit,KRW,1367.0,1368.0,7.32,True,
2026-09-10T18:05:19.484581+00:00,Indodax,IDR,17568.5,17610.5,23.91,True,
2026-09-10T18:05:19.484581+00:00,Bitkub,THB,33.065,33.08,4.54,True,
2026-09-10T18:05:19.484581+00:00,Bithumb,KRW,1366.5,1367.5,7.32,True,
2026-09-10T18:05:19.484581+00:00,Coinone,KRW,1366.5,1366.5,0.0,True,
2026-09-10T18:05:19.484581+00:00,Paribu,TRY,48.5165,48.4855,-6.39,True,
2026-09-10T18:05:19.484581+00:00,Pintu,IDR,17561.0,17595.0,19.36,True,
2026-09-10T18:05:19.484581+00:00,Foxbit,BRL,5.11565,5.11845,5.47,True,
2026-09-10T18:05:19.484581+00:00,MercadoBitcoin,BRL,5.11345,5.1166,6.16,True,
2026-09-10T19:05:20.227104+00:00,IndependentReserve,SGD,1.26865,1.26881,1.26,True,
2026-09-10T19:05:20.227104+00:00,Coins.ph,PHP,62.585,62.595,1.6,True,
2026-09-10T19:05:20.227104+00:00,BTCTurk,TRY,48.5145,48.4795,-7.21,True,
2026-09-10T19:05:20.227104+00:00,Upbit,KRW,1367.0,1366.0,-7.32,True,
2026-09-10T19:05:20.227104+00:00,Indodax,IDR,17568.5,17600.5,18.21,True,
2026-09-10T19:05:20.227104+00:00,Bitkub,THB,33.065,33.065,0.0,True,
2026-09-10T19:05:20.227104+00:00,Bithumb,KRW,1366.5,1367.0,3.66,True,
2026-09-10T19:05:20.227104+00:00,Coinone,KRW,1365.5,1366.5,7.32,True,
2026-09-10T19:05:20.227104+00:00,Paribu,TRY,48.5045,48.501,-0.72,True,
2026-09-10T19:05:20.227104+00:00,Pintu,IDR,17561.0,17594.0,18.79,True,
2026-09-10T19:05:20.227104+00:00,Foxbit,BRL,5.11285,5.11375,1.76,True,
2026-09-10T19:05:20.227104+00:00,MercadoBitcoin,BRL,5.11255,5.116,6.75,True,
2026-09-10T20:05:23.434741+00:00,IndependentReserve,SGD,1.2692,1.269225,0.2,True,
2026-09-10T20:05:23.434741+00:00,Coins.ph,PHP,62.585,62.595,1.6,True,
2026-09-10T20:05:23.434741+00:00,BTCTurk,TRY,48.5145,48.5235,1.86,True,
2026-09-10T20:05:23.434741+00:00,Upbit,KRW,1366.0,1368.0,14.64,True,
2026-09-10T20:05:23.434741+00:00,Indodax,IDR,17568.5,17648.0,45.25,True,
2026-09-10T20:05:23.434741+00:00,Bitkub,THB,33.085,33.08,-1.51,True,
2026-09-10T20:05:23.434741+00:00,Bithumb,KRW,1366.5,1367.0,3.66,True,
2026-09-10T20:05:23.434741+00:00,Coinone,KRW,1366.5,1366.5,0.0,True,
2026-09-10T20:05:23.434741+00:00,Paribu,TRY,48.5045,48.4905,-2.89,True,
2026-09-10T20:05:23.434741+00:00,Pintu,IDR,17561.0,17594.0,18.79,True,
2026-09-10T20:05:23.434741+00:00,Foxbit,BRL,5.11945,5.11975,0.59,True,
2026-09-10T20:05:23.434741+00:00,MercadoBitcoin,BRL,5.11705,5.11835,2.54,True,
2026-09-10T21:05:22.975934+00:00,IndependentReserve,SGD,1.268935,1.26795,-7.76,True,
2026-09-10T21:05:22.975934+00:00,Coins.ph,PHP,62.575,62.585,1.6,True,
2026-09-10T21:05:22.975934+00:00,BTCTurk,TRY,48.5145,48.512,-0.52,True,
2026-09-10T21:05:22.975934+00:00,Upbit,KRW,1367.0,1366.0,-7.32,True,
2026-09-10T21:05:22.975934+00:00,Indodax,IDR,17568.5,17609.0,23.05,True,
2026-09-10T21:05:22.975934+00:00,Bitkub,THB,33.095,33.09,-1.51,True,
2026-09-10T21:05:22.975934+00:00,Bithumb,KRW,1366.5,1367.0,3.66,True,
2026-09-10T21:05:22.975934+00:00,Coinone,KRW,1366.5,1366.5,0.0,True,
2026-09-10T21:05:22.975934+00:00,Paribu,TRY,48.5035,48.497,-1.34,True,
2026-09-10T21:05:22.975934+00:00,Pintu,IDR,17561.0,17594.0,18.79,True,
2026-09-10T21:05:22.975934+00:00,Foxbit,BRL,5.12295,5.12365,1.37,True,
2026-09-10T21:05:22.975934+00:00,MercadoBitcoin,BRL,5.11975,5.12335,7.03,True,
2026-09-10T22:05:21.970034+00:00,IndependentReserve,SGD,1.268785,1.26908,2.33,True,
2026-09-10T22:05:21.970034+00:00,Coins.ph,PHP,62.575,62.585,1.6,True,
2026-09-10T22:05:21.970034+00:00,BTCTurk,TRY,48.5145,48.5135,-0.21,True,
2026-09-10T22:05:21.970034+00:00,Upbit,KRW,1367.0,1368.0,7.32,True,
2026-09-10T22:05:21.970034+00:00,Indodax,IDR,17568.5,17549.5,-10.81,True,
2026-09-10T22:05:21.970034+00:00,Bitkub,THB,33.095,33.09,-1.51,True,
2026-09-10T22:05:21.970034+00:00,Bithumb,KRW,1366.5,1367.5,7.32,True,
2026-09-10T22:05:21.970034+00:00,Coinone,KRW,1366.5,1366.5,0.0,True,
2026-09-10T22:05:21.970034+00:00,Paribu,TRY,,,,False,ValueError:no USDT mid captured this run
2026-09-10T22:05:21.970034+00:00,Pintu,IDR,17561.0,17593.0,18.22,True,
2026-09-10T22:05:21.970034+00:00,Foxbit,BRL,5.12705,5.1292,4.19,True,
2026-09-10T22:05:21.970034+00:00,MercadoBitcoin,BRL,5.12815,5.128,-0.29,True,
2026-09-10T23:05:22.191594+00:00,IndependentReserve,SGD,1.26964,1.269765,0.98,True,
2026-09-10T23:05:22.191594+00:00,Coins.ph,PHP,62.575,62.585,1.6,True,
2026-09-10T23:05:22.191594+00:00,BTCTurk,TRY,48.5255,48.5135,-2.47,True,
2026-09-10T23:05:22.191594+00:00,Upbit,KRW,1367.0,1366.0,-7.32,True,
2026-09-10T23:05:22.191594+00:00,Indodax,IDR,17568.5,17610.0,23.62,True,
2026-09-10T23:05:22.191594+00:00,Bitkub,THB,33.095,33.09,-1.51,True,
2026-09-10T23:05:22.191594+00:00,Bithumb,KRW,1367.5,1368.5,7.31,True,
2026-09-10T23:05:22.191594+00:00,Coinone,KRW,1367.5,1367.5,0.0,True,
2026-09-10T23:05:22.191594+00:00,Paribu,TRY,48.5195,48.4945,-5.15,True,
2026-09-10T23:05:22.191594+00:00,Pintu,IDR,17560.0,17594.0,19.36,True,
2026-09-10T23:05:22.191594+00:00,Foxbit,BRL,5.12665,5.12985,6.24,True,
2026-09-10T23:05:22.191594+00:00,MercadoBitcoin,BRL,5.12665,5.128,2.63,True,
2026-09-11T00:05:19.942085+00:00,IndependentReserve,SGD,1.2671,1.267705,4.77,True,
2026-09-11T00:05:19.942085+00:00,Coins.ph,PHP,62.575,62.585,1.6,True,
2026-09-11T00:05:19.942085+00:00,BTCTurk,TRY,48.5165,48.5075,-1.86,True,
2026-09-11T00:05:19.942085+00:00,Upbit,KRW,1367.0,1368.0,7.32,True,
2026-09-11T00:05:19.942085+00:00,Indodax,IDR,17568.5,17616.5,27.32,True,
2026-09-11T00:05:19.942085+00:00,Bitkub,THB,33.095,33.095,0.0,True,
2026-09-11T00:05:19.942085+00:00,Bithumb,KRW,1367.5,1368.0,3.66,True,
2026-09-11T00:05:19.942085+00:00,Coinone,KRW,1367.5,1367.5,0.0,True,
2026-09-11T00:05:19.942085+00:00,Paribu,TRY,48.4975,48.506,1.75,True,
2026-09-11T00:05:19.942085+00:00,Pintu,IDR,17561.0,17594.0,18.79,True,
2026-09-11T00:05:19.942085+00:00,Foxbit,BRL,5.12665,5.12645,-0.39,True,
2026-09-11T00:05:19.942085+00:00,MercadoBitcoin,BRL,5.12485,5.126,2.24,True,
2026-09-11T01:05:25.505746+00:00,IndependentReserve,SGD,1.26635,1.267005,5.17,True,
2026-09-11T01:05:25.505746+00:00,Coins.ph,PHP,62.675,62.685,1.6,True,
2026-09-11T01:05:25.505746+00:00,BTCTurk,TRY,48.5025,48.5075,1.03,True,
2026-09-11T01:05:25.505746+00:00,Upbit,KRW,1366.0,1366.0,0.0,True,
2026-09-11T01:05:25.505746+00:00,Indodax,IDR,17594.5,17610.5,9.09,True,
2026-09-11T01:05:25.505746+00:00,Bitkub,THB,33.075,33.085,3.02,True,
2026-09-11T01:05:25.505746+00:00,Bithumb,KRW,1365.5,1366.5,7.32,True,
2026-09-11T01:05:25.505746+00:00,Coinone,KRW,1365.5,1366.5,7.32,True,
2026-09-11T01:05:25.505746+00:00,Paribu,TRY,48.488,48.505,3.51,True,
2026-09-11T01:05:25.505746+00:00,Pintu,IDR,17560.0,17594.0,19.36,True,
2026-09-11T01:05:25.505746+00:00,Foxbit,BRL,5.12655,5.12525,-2.54,True,
2026-09-11T01:05:25.505746+00:00,MercadoBitcoin,BRL,5.12345,5.1249,2.83,True,
2026-09-11T02:05:18.502100+00:00,IndependentReserve,SGD,1.26685,1.26743,4.58,True,
2026-09-11T02:05:18.502100+00:00,Coins.ph,PHP,62.715,62.715,0.0,True,
2026-09-11T02:05:18.502100+00:00,BTCTurk,TRY,48.5065,48.4645,-8.66,True,
2026-09-11T02:05:18.502100+00:00,Upbit,KRW,1366.0,1366.0,0.0,True,
2026-09-11T02:05:18.502100+00:00,Indodax,IDR,17570.0,17609.5,22.48,True,
2026-09-11T02:05:18.502100+00:00,Bitkub,THB,33.085,33.085,0.0,True,
2026-09-11T02:05:18.502100+00:00,Bithumb,KRW,1365.5,1367.0,10.98,True,
2026-09-11T02:05:18.502100+00:00,Coinone,KRW,1365.5,1366.5,7.32,True,
2026-09-11T02:05:18.502100+00:00,Paribu,TRY,48.4955,48.5205,5.16,True,
2026-09-11T02:05:18.502100+00:00,Pintu,IDR,17566.0,17585.0,10.82,True,
2026-09-11T02:05:18.502100+00:00,Foxbit,BRL,5.12655,5.12835,3.51,True,
2026-09-11T02:05:18.502100+00:00,MercadoBitcoin,BRL,5.12325,5.12565,4.68,True,
2026-09-11T03:05:22.226382+00:00,IndependentReserve,SGD,1.2673,1.26828,7.73,True,
2026-09-11T03:05:22.226382+00:00,Coins.ph,PHP,62.685,62.685,0.0,True,
2026-09-11T03:05:22.226382+00:00,BTCTurk,TRY,48.5065,48.464,-8.76,True,
2026-09-11T03:05:22.226382+00:00,Upbit,KRW,1366.0,1366.0,0.0,True,
2026-09-11T03:05:22.226382+00:00,Indodax,IDR,17569.5,17552.5,-9.68,True,
2026-09-11T03:05:22.226382+00:00,Bitkub,THB,33.135,33.125,-3.02,True,
2026-09-11T03:05:22.226382+00:00,Bithumb,KRW,1365.5,1366.0,3.66,True,
2026-09-11T03:05:22.226382+00:00,Coinone,KRW,1365.5,1366.5,7.32,True,
2026-09-11T03:05:22.226382+00:00,Paribu,TRY,48.5035,48.5235,4.12,True,
2026-09-11T03:05:22.226382+00:00,Pintu,IDR,17569.0,17604.0,19.92,True,
2026-09-11T03:05:22.226382+00:00,Foxbit,BRL,5.12655,5.12895,4.68,True,
2026-09-11T03:05:22.226382+00:00,MercadoBitcoin,BRL,5.12565,5.128,4.58,True,
2026-09-11T04:05:18.351091+00:00,IndependentReserve,SGD,1.267135,1.26846,10.46,True,
2026-09-11T04:05:18.351091+00:00,Coins.ph,PHP,62.695,62.715,3.19,True,
2026-09-11T04:05:18.351091+00:00,BTCTurk,TRY,48.5585,48.5365,-4.53,True,
2026-09-11T04:05:18.351091+00:00,Upbit,KRW,1364.0,1366.0,14.66,True,
2026-09-11T04:05:18.351091+00:00,Indodax,IDR,17576.5,17625.0,27.59,True,
2026-09-11T04:05:18.351091+00:00,Bitkub,THB,33.125,33.12,-1.51,True,
2026-09-11T04:05:18.351091+00:00,Bithumb,KRW,1364.5,1365.5,7.33,True,
2026-09-11T04:05:18.351091+00:00,Coinone,KRW,1364.5,1364.5,0.0,True,
2026-09-11T04:05:18.351091+00:00,Paribu,TRY,48.4995,48.5155,3.3,True,
2026-09-11T04:05:18.351091+00:00,Pintu,IDR,17634.0,17604.0,-17.01,True,
2026-09-11T04:05:18.351091+00:00,Foxbit,BRL,5.12645,5.12885,4.68,True,
2026-09-11T04:05:18.351091+00:00,MercadoBitcoin,BRL,5.12575,5.1306,9.46,True,
2026-09-11T05:05:20.266002+00:00,IndependentReserve,SGD,1.26659,1.26707,3.79,True,
2026-09-11T05:05:20.266002+00:00,Coins.ph,PHP,62.695,62.705,1.6,True,
2026-09-11T05:05:20.266002+00:00,BTCTurk,TRY,48.523,48.5365,2.78,True,
2026-09-11T05:05:20.266002+00:00,Upbit,KRW,1362.0,1363.0,7.34,True,
2026-09-11T05:05:20.266002+00:00,Indodax,IDR,17578.5,17602.5,13.65,True,
2026-09-11T05:05:20.266002+00:00,Bitkub,THB,33.11,33.12,3.02,True,
2026-09-11T05:05:20.266002+00:00,Bithumb,KRW,1362.5,1363.0,3.67,True,
2026-09-11T05:05:20.266002+00:00,Coinone,KRW,1362.5,1363.5,7.34,True,
2026-09-11T05:05:20.266002+00:00,Paribu,TRY,48.4995,48.52,4.23,True,
2026-09-11T05:05:20.266002+00:00,Pintu,IDR,17617.0,17589.0,-15.89,True,
2026-09-11T05:05:20.266002+00:00,Foxbit,BRL,5.12345,5.12875,10.34,True,
2026-09-11T05:05:20.266002+00:00,MercadoBitcoin,BRL,5.12385,5.1272,6.54,True,
2026-09-11T06:05:22.807159+00:00,IndependentReserve,SGD,1.266095,1.266875,6.16,True,
2026-09-11T06:05:22.807159+00:00,Coins.ph,PHP,62.685,62.685,0.0,True,
2026-09-11T06:05:22.807159+00:00,BTCTurk,TRY,48.5115,48.5345,4.74,True,
2026-09-11T06:05:22.807159+00:00,Upbit,KRW,1363.0,1363.0,0.0,True,
2026-09-11T06:05:22.807159+00:00,Indodax,IDR,17575.5,17586.0,5.97,True,
2026-09-11T06:05:22.807159+00:00,Bitkub,THB,33.055,33.09,10.59,True,
2026-09-11T06:05:22.807159+00:00,Bithumb,KRW,1362.5,1363.0,3.67,True,
2026-09-11T06:05:22.807159+00:00,Coinone,KRW,1362.5,1362.5,0.0,True,
2026-09-11T06:05:22.807159+00:00,Paribu,TRY,48.5015,48.5275,5.36,True,
2026-09-11T06:05:22.807159+00:00,Pintu,IDR,17573.0,17590.0,9.67,True,
2026-09-11T06:05:22.807159+00:00,Foxbit,BRL,5.12345,5.12545,3.9,True,
2026-09-11T06:05:22.807159+00:00,MercadoBitcoin,BRL,5.12435,5.1279,6.93,True,
2026-09-11T07:05:23.213510+00:00,IndependentReserve,SGD,1.26636,1.26743,8.45,True,
2026-09-11T07:05:23.213510+00:00,Coins.ph,PHP,62.695,62.705,1.6,True,
2026-09-11T07:05:23.213510+00:00,BTCTurk,TRY,48.4995,48.4625,-7.63,True,
2026-09-11T07:05:23.213510+00:00,Upbit,KRW,1363.0,1364.0,7.34,True,
2026-09-11T07:05:23.213510+00:00,Indodax,IDR,17563.5,17586.5,13.1,True,
2026-09-11T07:05:23.213510+00:00,Bitkub,THB,33.065,33.07,1.51,True,
2026-09-11T07:05:23.213510+00:00,Bithumb,KRW,1362.5,1363.5,7.34,True,
2026-09-11T07:05:23.213510+00:00,Coinone,KRW,1362.5,1363.5,7.34,True,
2026-09-11T07:05:23.213510+00:00,Paribu,TRY,48.4995,48.5055,1.24,True,
2026-09-11T07:05:23.213510+00:00,Pintu,IDR,17622.0,17585.0,-21.0,True,
2026-09-11T07:05:23.213510+00:00,Foxbit,BRL,5.12295,5.12545,4.88,True,
2026-09-11T07:05:23.213510+00:00,MercadoBitcoin,BRL,5.12235,5.12535,5.86,True,
2026-09-11T08:05:26.073896+00:00,IndependentReserve,SGD,1.266605,1.267355,5.92,True,
2026-09-11T08:05:26.073896+00:00,Coins.ph,PHP,62.695,62.705,1.6,True,
2026-09-11T08:05:26.073896+00:00,BTCTurk,TRY,48.4995,48.4585,-8.45,True,
2026-09-11T08:05:26.073896+00:00,Upbit,KRW,1363.0,1363.0,0.0,True,
2026-09-11T08:05:26.073896+00:00,Indodax,IDR,17564.5,17597.5,18.79,True,
2026-09-11T08:05:26.073896+00:00,Bitkub,THB,33.065,33.065,0.0,True,
2026-09-11T08:05:26.073896+00:00,Bithumb,KRW,1362.5,1363.5,7.34,True,
2026-09-11T08:05:26.073896+00:00,Coinone,KRW,1362.5,1362.5,0.0,True,
2026-09-11T08:05:26.073896+00:00,Paribu,TRY,48.5055,48.4865,-3.92,True,
2026-09-11T08:05:26.073896+00:00,Pintu,IDR,17563.0,17590.0,15.37,True,
2026-09-11T08:05:26.073896+00:00,Foxbit,BRL,5.12295,5.12545,4.88,True,
2026-09-11T08:05:26.073896+00:00,MercadoBitcoin,BRL,5.12245,5.12415,3.32,True,
2026-09-11T09:05:22.792796+00:00,IndependentReserve,SGD,1.2668,1.26733,4.18,True,
2026-09-11T09:05:22.792796+00:00,Coins.ph,PHP,62.665,62.675,1.6,True,
2026-09-11T09:05:22.792796+00:00,BTCTurk,TRY,48.4885,48.4485,-8.25,True,
2026-09-11T09:05:22.792796+00:00,Upbit,KRW,1363.0,1364.0,7.34,True,
2026-09-11T09:05:22.792796+00:00,Indodax,IDR,17551.5,17590.0,21.94,True,
2026-09-11T09:05:22.792796+00:00,Bitkub,THB,33.015,33.02,1.51,True,
2026-09-11T09:05:22.792796+00:00,Bithumb,KRW,1362.5,1362.5,0.0,True,
2026-09-11T09:05:22.792796+00:00,Coinone,KRW,1362.5,1363.5,7.34,True,
2026-09-11T09:05:22.792796+00:00,Paribu,TRY,48.5045,48.4825,-4.54,True,
2026-09-11T09:05:22.792796+00:00,Pintu,IDR,17568.0,17590.0,12.52,True,
2026-09-11T09:05:22.792796+00:00,Foxbit,BRL,5.12295,5.12165,-2.54,True,
2026-09-11T09:05:22.792796+00:00,MercadoBitcoin,BRL,5.12005,5.12305,5.86,True,
2026-09-11T10:05:20.557882+00:00,IndependentReserve,SGD,1.26714,1.268145,7.93,True,
2026-09-11T10:05:20.557882+00:00,Coins.ph,PHP,62.675,62.675,0.0,True,
2026-09-11T10:05:20.557882+00:00,BTCTurk,TRY,48.498,48.4105,-18.04,True,
2026-09-11T10:05:20.557882+00:00,Upbit,KRW,1364.0,1363.0,-7.33,True,
2026-09-11T10:05:20.557882+00:00,Indodax,IDR,17549.0,17600.0,29.06,True,
2026-09-11T10:05:20.557882+00:00,Bitkub,THB,33.025,33.035,3.03,True,
2026-09-11T10:05:20.557882+00:00,Bithumb,KRW,1362.5,1363.5,7.34,True,
2026-09-11T10:05:20.557882+00:00,Coinone,KRW,1362.5,1363.5,7.34,True,
2026-09-11T10:05:20.557882+00:00,Paribu,TRY,48.5175,48.47,-9.79,True,
2026-09-11T10:05:20.557882+00:00,Pintu,IDR,17568.0,17590.0,12.52,True,
2026-09-11T10:05:20.557882+00:00,Foxbit,BRL,5.12295,5.12165,-2.54,True,
2026-09-11T10:05:20.557882+00:00,MercadoBitcoin,BRL,5.12005,5.1226,4.98,True,
2026-09-11T11:05:23.780352+00:00,IndependentReserve,SGD,1.266815,1.268165,10.66,True,
2026-09-11T11:05:23.780352+00:00,Coins.ph,PHP,62.655,62.655,0.0,True,
2026-09-11T11:05:23.780352+00:00,BTCTurk,TRY,48.499,48.5225,4.85,True,
2026-09-11T11:05:23.780352+00:00,Upbit,KRW,1365.0,1366.0,7.33,True,
2026-09-11T11:05:23.780352+00:00,Indodax,IDR,17560.0,17594.0,19.36,True,
2026-09-11T11:05:23.780352+00:00,Bitkub,THB,33.025,33.04,4.54,True,
2026-09-11T11:05:23.780352+00:00,Bithumb,KRW,1364.5,1365.5,7.33,True,
2026-09-11T11:05:23.780352+00:00,Coinone,KRW,1364.5,1365.0,3.66,True,
2026-09-11T11:05:23.780352+00:00,Paribu,TRY,48.4945,48.475,-4.02,True,
2026-09-11T11:05:23.780352+00:00,Pintu,IDR,17598.0,17611.0,7.39,True,
2026-09-11T11:05:23.780352+00:00,Foxbit,BRL,5.12295,5.12155,-2.73,True,
2026-09-11T11:05:23.780352+00:00,MercadoBitcoin,BRL,5.11855,5.1231,8.89,True,
2026-09-11T12:05:20.989909+00:00,IndependentReserve,SGD,1.26705,1.267985,7.38,True,
2026-09-11T12:05:20.989909+00:00,Coins.ph,PHP,62.595,62.605,1.6,True,
2026-09-11T12:05:20.989909+00:00,BTCTurk,TRY,48.4805,48.535,11.24,True,
2026-09-11T12:05:20.989909+00:00,Upbit,KRW,1366.0,1367.0,7.32,True,
2026-09-11T12:05:20.989909+00:00,Indodax,IDR,17558.5,17609.0,28.76,True,
2026-09-11T12:05:20.989909+00:00,Bitkub,THB,33.025,33.04,4.54,True,
2026-09-11T12:05:20.989909+00:00,Bithumb,KRW,1364.5,1365.5,7.33,True,
2026-09-11T12:05:20.989909+00:00,Coinone,KRW,1364.5,1365.5,7.33,True,
2026-09-11T12:05:20.989909+00:00,Paribu,TRY,48.5135,48.5125,-0.21,True,
2026-09-11T12:05:20.989909+00:00,Pintu,IDR,17613.0,17621.0,4.54,True,
2026-09-11T12:05:20.989909+00:00,Foxbit,BRL,5.11825,5.12055,4.49,True,
2026-09-11T12:05:20.989909+00:00,MercadoBitcoin,BRL,5.12005,5.12295,5.66,True,
2026-09-11T13:05:22.726797+00:00,IndependentReserve,SGD,1.265555,1.266885,10.51,True,
2026-09-11T13:05:22.726797+00:00,Coins.ph,PHP,62.615,62.625,1.6,True,
2026-09-11T13:05:22.726797+00:00,BTCTurk,TRY,48.5555,48.5155,-8.24,True,
2026-09-11T13:05:22.726797+00:00,Upbit,KRW,1365.0,1365.0,0.0,True,
2026-09-11T13:05:22.726797+00:00,Indodax,IDR,17555.5,17622.5,38.16,True,
2026-09-11T13:05:22.726797+00:00,Bitkub,THB,32.985,33.015,9.1,True,
2026-09-11T13:05:22.726797+00:00,Bithumb,KRW,1364.5,1364.5,0.0,True,
2026-09-11T13:05:22.726797+00:00,Coinone,KRW,1364.5,1364.5,0.0,True,
2026-09-11T13:05:22.726797+00:00,Paribu,TRY,48.5375,48.527,-2.16,True,
2026-09-11T13:05:22.726797+00:00,Pintu,IDR,17614.0,17620.0,3.41,True,
2026-09-11T13:05:22.726797+00:00,Foxbit,BRL,5.0879,5.08925,2.65,True,
2026-09-11T13:05:22.726797+00:00,MercadoBitcoin,BRL,5.08995,5.09285,5.7,True,
2026-09-11T14:05:25.307933+00:00,IndependentReserve,SGD,1.26595,1.266175,1.78,True,
2026-09-11T14:05:25.307933+00:00,Coins.ph,PHP,62.615,62.605,-1.6,True,
2026-09-11T14:05:25.307933+00:00,BTCTurk,TRY,48.5055,48.473,-6.7,True,
2026-09-11T14:05:25.307933+00:00,Upbit,KRW,1357.0,1359.0,14.74,True,
2026-09-11T14:05:25.307933+00:00,Indodax,IDR,17544.5,17557.5,7.41,True,
2026-09-11T14:05:25.307933+00:00,Bitkub,THB,33.005,33.02,4.54,True,
2026-09-11T14:05:25.307933+00:00,Bithumb,KRW,1357.5,1356.5,-7.37,True,
2026-09-11T14:05:25.307933+00:00,Coinone,KRW,1357.5,1357.5,0.0,True,
2026-09-11T14:05:25.307933+00:00,Paribu,TRY,48.5385,48.5225,-3.3,True,
2026-09-11T14:05:25.307933+00:00,Pintu,IDR,17615.0,17620.0,2.84,True,
2026-09-11T14:05:25.307933+00:00,Foxbit,BRL,5.10475,5.10445,-0.59,True,
2026-09-11T14:05:25.307933+00:00,MercadoBitcoin,BRL,5.10525,5.1081,5.58,True,
2026-09-11T15:05:18.651010+00:00,IndependentReserve,SGD,1.26624,1.26588,-2.84,True,
2026-09-11T15:05:18.651010+00:00,Coins.ph,PHP,62.585,62.585,0.0,True,
2026-09-11T15:05:18.651010+00:00,BTCTurk,TRY,48.4905,48.5525,12.79,True,
2026-09-11T15:05:18.651010+00:00,Upbit,KRW,1356.0,1356.0,0.0,True,
2026-09-11T15:05:18.651010+00:00,Indodax,IDR,17515.5,17568.0,29.97,True,
2026-09-11T15:05:18.651010+00:00,Bitkub,THB,33.005,33.02,4.54,True,
2026-09-11T15:05:18.651010+00:00,Bithumb,KRW,1356.5,1356.5,0.0,True,
2026-09-11T15:05:18.651010+00:00,Coinone,KRW,1355.5,1355.5,0.0,True,
2026-09-11T15:05:18.651010+00:00,Paribu,TRY,48.5075,48.5245,3.5,True,
2026-09-11T15:05:18.651010+00:00,Pintu,IDR,17613.0,17618.0,2.84,True,
2026-09-11T15:05:18.651010+00:00,Foxbit,BRL,5.10995,5.10905,-1.76,True,
2026-09-11T15:05:18.651010+00:00,MercadoBitcoin,BRL,5.11065,5.1107,0.1,True,
2026-09-11T16:05:19.769016+00:00,IndependentReserve,SGD,1.266455,1.266565,0.87,True,
2026-09-11T16:05:19.769016+00:00,Coins.ph,PHP,62.585,62.585,0.0,True,
2026-09-11T16:05:19.769016+00:00,BTCTurk,TRY,48.5085,48.5125,0.82,True,
2026-09-11T16:05:19.769016+00:00,Upbit,KRW,1358.0,1356.0,-14.73,True,
2026-09-11T16:05:19.769016+00:00,Indodax,IDR,17554.5,17565.5,6.27,True,
2026-09-11T16:05:19.769016+00:00,Bitkub,THB,33.005,33.02,4.54,True,
2026-09-11T16:05:19.769016+00:00,Bithumb,KRW,1357.5,1358.0,3.68,True,
2026-09-11T16:05:19.769016+00:00,Coinone,KRW,1357.5,1357.5,0.0,True,
2026-09-11T16:05:19.769016+00:00,Paribu,TRY,48.5315,48.5315,-0.0,True,
2026-09-11T16:05:19.769016+00:00,Pintu,IDR,17616.0,17618.0,1.14,True,
2026-09-11T16:05:19.769016+00:00,Foxbit,BRL,5.11375,5.11405,0.59,True,
2026-09-11T16:05:19.769016+00:00,MercadoBitcoin,BRL,5.11455,5.11485,0.59,True,
2026-09-11T17:05:20.811911+00:00,IndependentReserve,SGD,1.266905,1.266765,-1.11,True,
2026-09-11T17:05:20.811911+00:00,Coins.ph,PHP,62.585,62.585,0.0,True,
2026-09-11T17:05:20.811911+00:00,BTCTurk,TRY,48.5365,48.54,0.72,True,
2026-09-11T17:05:20.811911+00:00,Upbit,KRW,1357.0,1356.0,-7.37,True,
2026-09-11T17:05:20.811911+00:00,Indodax,IDR,17554.5,17578.5,13.67,True,
2026-09-11T17:05:20.811911+00:00,Bitkub,THB,33.005,33.02,4.54,True,
2026-09-11T17:05:20.811911+00:00,Bithumb,KRW,1357.5,1358.0,3.68,True,
2026-09-11T17:05:20.811911+00:00,Coinone,KRW,1357.5,1357.5,0.0,True,
2026-09-11T17:05:20.811911+00:00,Paribu,TRY,48.524,48.5005,-4.84,True,
2026-09-11T17:05:20.811911+00:00,Pintu,IDR,17618.0,17617.0,-0.57,True,
2026-09-11T17:05:20.811911+00:00,Foxbit,BRL,5.11985,5.1192,-1.27,True,
2026-09-11T17:05:20.811911+00:00,MercadoBitcoin,BRL,5.12085,5.12195,2.15,True,
2026-09-11T18:05:29.748232+00:00,IndependentReserve,SGD,1.267155,1.268155,7.89,True,
2026-09-11T18:05:29.748232+00:00,Coins.ph,PHP,62.595,62.585,-1.6,True,
2026-09-11T18:05:29.748232+00:00,BTCTurk,TRY,48.5165,48.5755,12.16,True,
2026-09-11T18:05:29.748232+00:00,Upbit,KRW,1356.0,1358.0,14.75,True,
2026-09-11T18:05:29.748232+00:00,Indodax,IDR,17554.5,17578.5,13.67,True,
2026-09-11T18:05:29.748232+00:00,Bitkub,THB,33.005,33.02,4.54,True,
2026-09-11T18:05:29.748232+00:00,Bithumb,KRW,1357.5,1357.0,-3.68,True,
2026-09-11T18:05:29.748232+00:00,Coinone,KRW,1357.5,1357.5,0.0,True,
2026-09-11T18:05:29.748232+00:00,Paribu,TRY,48.5125,48.4915,-4.33,True,
2026-09-11T18:05:29.748232+00:00,Pintu,IDR,17618.0,17617.0,-0.57,True,
2026-09-11T18:05:29.748232+00:00,Foxbit,BRL,5.13725,5.13635,-1.75,True,
2026-09-11T18:05:29.748232+00:00,MercadoBitcoin,BRL,5.13975,5.1389,-1.65,True,
2026-09-11T19:05:19.771362+00:00,IndependentReserve,SGD,1.26706,1.26797,7.18,True,
2026-09-11T19:05:19.771362+00:00,Coins.ph,PHP,62.595,62.585,-1.6,True,
2026-09-11T19:05:19.771362+00:00,BTCTurk,TRY,48.5395,48.4455,-19.37,True,
2026-09-11T19:05:19.771362+00:00,Upbit,KRW,1358.0,1360.0,14.73,True,
2026-09-11T19:05:19.771362+00:00,Indodax,IDR,17564.5,17571.5,3.99,True,
2026-09-11T19:05:19.771362+00:00,Bitkub,THB,33.045,33.035,-3.03,True,
2026-09-11T19:05:19.771362+00:00,Bithumb,KRW,1358.5,1359.5,7.36,True,
2026-09-11T19:05:19.771362+00:00,Coinone,KRW,1358.5,1358.5,0.0,True,
2026-09-11T19:05:19.771362+00:00,Paribu,TRY,48.532,48.499,-6.8,True,
2026-09-11T19:05:19.771362+00:00,Pintu,IDR,17617.0,17618.0,0.57,True,
2026-09-11T19:05:19.771362+00:00,Foxbit,BRL,5.14405,5.14005,-7.78,True,
2026-09-11T19:05:19.771362+00:00,MercadoBitcoin,BRL,5.13975,5.14185,4.09,True,
2026-09-11T20:05:21.561721+00:00,IndependentReserve,SGD,1.26711,1.26736,1.97,True,
2026-09-11T20:05:21.561721+00:00,Coins.ph,PHP,62.595,62.605,1.6,True,
2026-09-11T20:05:21.561721+00:00,BTCTurk,TRY,48.518,48.502,-3.3,True,
2026-09-11T20:05:21.561721+00:00,Upbit,KRW,1360.0,1361.0,7.35,True,
2026-09-11T20:05:21.561721+00:00,Indodax,IDR,17569.5,17577.5,4.55,True,
2026-09-11T20:05:21.561721+00:00,Bitkub,THB,33.045,33.05,1.51,True,
2026-09-11T20:05:21.561721+00:00,Bithumb,KRW,1358.5,1360.0,11.04,True,
2026-09-11T20:05:21.561721+00:00,Coinone,KRW,1359.5,1359.5,0.0,True,
2026-09-11T20:05:21.561721+00:00,Paribu,TRY,48.529,48.5225,-1.34,True,
2026-09-11T20:05:21.561721+00:00,Pintu,IDR,17618.0,17618.0,0.0,True,
2026-09-11T20:05:21.561721+00:00,Foxbit,BRL,5.13995,5.13675,-6.23,True,
2026-09-11T20:05:21.561721+00:00,MercadoBitcoin,BRL,5.13815,5.13785,-0.58,True,
2026-09-11T21:05:27.590825+00:00,IndependentReserve,SGD,1.26813,1.267805,-2.56,True,
2026-09-11T21:05:27.590825+00:00,Coins.ph,PHP,62.595,62.605,1.6,True,
2026-09-11T21:05:27.590825+00:00,BTCTurk,TRY,48.5465,48.471,-15.55,True,
2026-09-11T21:05:27.590825+00:00,Upbit,KRW,1360.0,1361.0,7.35,True,
2026-09-11T21:05:27.590825+00:00,Indodax,IDR,17570.5,17558.5,-6.83,True,
2026-09-11T21:05:27.590825+00:00,Bitkub,THB,33.055,33.055,0.0,True,
2026-09-11T21:05:27.590825+00:00,Bithumb,KRW,1359.5,1360.0,3.68,True,
2026-09-11T21:05:27.590825+00:00,Coinone,KRW,1359.5,1359.5,0.0,True,
2026-09-11T21:05:27.590825+00:00,Paribu,TRY,48.5205,48.517,-0.72,True,
2026-09-11T21:05:27.590825+00:00,Pintu,IDR,17618.0,17617.0,-0.57,True,
2026-09-11T21:05:27.590825+00:00,Foxbit,BRL,5.14045,5.14085,0.78,True,
2026-09-11T21:05:27.590825+00:00,MercadoBitcoin,BRL,5.14135,5.14075,-1.17,True,
2026-09-11T22:05:19.030494+00:00,IndependentReserve,SGD,1.26787,1.268035,1.3,True,
2026-09-11T22:05:19.030494+00:00,Coins.ph,PHP,62.595,62.605,1.6,True,
2026-09-11T22:05:19.030494+00:00,BTCTurk,TRY,48.5405,48.5145,-5.36,True,
2026-09-11T22:05:19.030494+00:00,Upbit,KRW,1361.0,1360.0,-7.35,True,
2026-09-11T22:05:19.030494+00:00,Indodax,IDR,17572.5,17578.5,3.41,True,
2026-09-11T22:05:19.030494+00:00,Bitkub,THB,33.055,33.055,0.0,True,
2026-09-11T22:05:19.030494+00:00,Bithumb,KRW,1360.5,1360.5,0.0,True,
2026-09-11T22:05:19.030494+00:00,Coinone,KRW,1360.5,1360.5,0.0,True,
2026-09-11T22:05:19.030494+00:00,Paribu,TRY,48.5295,48.502,-5.67,True,
2026-09-11T22:05:19.030494+00:00,Pintu,IDR,17618.0,17617.0,-0.57,True,
2026-09-11T22:05:19.030494+00:00,Foxbit,BRL,5.15,5.15175,3.4,True,
2026-09-11T22:05:19.030494+00:00,MercadoBitcoin,BRL,5.14975,5.14985,0.19,True,
2026-09-11T23:05:21.071548+00:00,IndependentReserve,SGD,1.268005,1.268145,1.1,True,
2026-09-11T23:05:21.071548+00:00,Coins.ph,PHP,62.595,62.605,1.6,True,
2026-09-11T23:05:21.071548+00:00,BTCTurk,TRY,48.5185,48.4765,-8.66,True,
2026-09-11T23:05:21.071548+00:00,Upbit,KRW,1362.0,1363.0,7.34,True,
2026-09-11T23:05:21.071548+00:00,Indodax,IDR,17578.5,17580.5,1.14,True,
2026-09-11T23:05:21.071548+00:00,Bitkub,THB,33.055,33.055,0.0,True,
2026-09-11T23:05:21.071548+00:00,Bithumb,KRW,1361.5,1362.0,3.67,True,
2026-09-11T23:05:21.071548+00:00,Coinone,KRW,1361.5,1361.5,0.0,True,
2026-09-11T23:05:21.071548+00:00,Paribu,TRY,48.5215,48.5035,-3.71,True,
2026-09-11T23:05:21.071548+00:00,Pintu,IDR,17618.0,17617.0,-0.57,True,
2026-09-11T23:05:21.071548+00:00,Foxbit,BRL,5.1526,5.15675,8.05,True,
2026-09-11T23:05:21.071548+00:00,MercadoBitcoin,BRL,5.15355,5.15425,1.36,True,
2026-09-12T00:05:21.078609+00:00,IndependentReserve,SGD,1.26771,1.26767,-0.32,True,
2026-09-12T00:05:21.078609+00:00,Coins.ph,PHP,62.635,62.635,0.0,True,
2026-09-12T00:05:21.078609+00:00,BTCTurk,TRY,48.5185,48.5125,-1.24,True,
2026-09-12T00:05:21.078609+00:00,Upbit,KRW,1363.0,1364.0,7.34,True,
2026-09-12T00:05:21.078609+00:00,Indodax,IDR,17596.5,17584.0,-7.1,True,
2026-09-12T00:05:21.078609+00:00,Bitkub,THB,33.055,33.03,-7.56,True,
2026-09-12T00:05:21.078609+00:00,Bithumb,KRW,1361.5,1361.5,0.0,True,
2026-09-12T00:05:21.078609+00:00,Coinone,KRW,1362.5,1362.5,0.0,True,
2026-09-12T00:05:21.078609+00:00,Paribu,TRY,48.536,48.495,-8.45,True,
2026-09-12T00:05:21.078609+00:00,Pintu,IDR,17617.0,17617.0,0.0,True,
2026-09-12T00:05:21.078609+00:00,Foxbit,BRL,5.15905,5.15675,-4.46,True,
2026-09-12T00:05:21.078609+00:00,MercadoBitcoin,BRL,5.15685,5.1556,-2.42,True,
2026-09-12T01:05:22.161047+00:00,IndependentReserve,SGD,1.26743,1.267405,-0.2,True,
2026-09-12T01:05:22.161047+00:00,Coins.ph,PHP,62.645,62.635,-1.6,True,
2026-09-12T01:05:22.161047+00:00,BTCTurk,TRY,48.5185,48.5125,-1.24,True,
2026-09-12T01:05:22.161047+00:00,Upbit,KRW,1363.0,1364.0,7.34,True,
2026-09-12T01:05:22.161047+00:00,Indodax,IDR,17596.5,17594.5,-1.14,True,
2026-09-12T01:05:22.161047+00:00,Bitkub,THB,33.055,33.065,3.03,True,
2026-09-12T01:05:22.161047+00:00,Bithumb,KRW,1363.5,1364.0,3.67,True,
2026-09-12T01:05:22.161047+00:00,Coinone,KRW,1363.5,1363.5,0.0,True,
2026-09-12T01:05:22.161047+00:00,Paribu,TRY,48.5205,48.501,-4.02,True,
2026-09-12T01:05:22.161047+00:00,Pintu,IDR,17617.0,17616.0,-0.57,True,
2026-09-12T01:05:22.161047+00:00,Foxbit,BRL,5.15905,5.15535,-7.17,True,
2026-09-12T01:05:22.161047+00:00,MercadoBitcoin,BRL,5.15485,5.1545,-0.68,True,
2026-09-12T02:05:20.083147+00:00,IndependentReserve,SGD,1.269155,1.26699,-17.06,True,
2026-09-12T02:05:20.083147+00:00,Coins.ph,PHP,62.625,62.625,0.0,True,
2026-09-12T02:05:20.083147+00:00,BTCTurk,TRY,48.5185,48.5125,-1.24,True,
2026-09-12T02:05:20.083147+00:00,Upbit,KRW,1362.0,1363.0,7.34,True,
2026-09-12T02:05:20.083147+00:00,Indodax,IDR,17594.5,17640.5,26.14,True,
2026-09-12T02:05:20.083147+00:00,Bitkub,THB,33.095,33.1,1.51,True,
2026-09-12T02:05:20.083147+00:00,Bithumb,KRW,1362.5,1363.0,3.67,True,
2026-09-12T02:05:20.083147+00:00,Coinone,KRW,1361.5,1362.5,7.34,True,
2026-09-12T02:05:20.083147+00:00,Paribu,TRY,48.5205,48.4945,-5.36,True,
2026-09-12T02:05:20.083147+00:00,Pintu,IDR,17616.0,17615.0,-0.57,True,
2026-09-12T02:05:20.083147+00:00,Foxbit,BRL,5.15735,5.15455,-5.43,True,
2026-09-12T02:05:20.083147+00:00,MercadoBitcoin,BRL,5.15465,5.15395,-1.36,True,
2026-09-12T03:05:19.397356+00:00,IndependentReserve,SGD,1.26945,1.26743,-15.91,True,
2026-09-12T03:05:19.397356+00:00,Coins.ph,PHP,62.625,62.625,0.0,True,
2026-09-12T03:05:19.397356+00:00,BTCTurk,TRY,48.5185,48.494,-5.05,True,
2026-09-12T03:05:19.397356+00:00,Upbit,KRW,1359.0,1359.0,0.0,True,
2026-09-12T03:05:19.397356+00:00,Indodax,IDR,17566.5,17597.0,17.36,True,
2026-09-12T03:05:19.397356+00:00,Bitkub,THB,33.095,33.085,-3.02,True,
2026-09-12T03:05:19.397356+00:00,Bithumb,KRW,1359.5,1360.0,3.68,True,
2026-09-12T03:05:19.397356+00:00,Coinone,KRW,1359.5,1359.5,0.0,True,
2026-09-12T03:05:19.397356+00:00,Paribu,TRY,48.5205,48.494,-5.46,True,
2026-09-12T03:05:19.397356+00:00,Pintu,IDR,17601.0,17615.0,7.95,True,
2026-09-12T03:05:19.397356+00:00,Foxbit,BRL,5.15755,5.15625,-2.52,True,
2026-09-12T03:05:19.397356+00:00,MercadoBitcoin,BRL,5.15525,5.1544,-1.65,True,
2026-09-12T04:05:18.690321+00:00,IndependentReserve,SGD,1.269485,1.267655,-14.42,True,
2026-09-12T04:05:18.690321+00:00,Coins.ph,PHP,62.645,62.635,-1.6,True,
2026-09-12T04:05:18.690321+00:00,BTCTurk,TRY,48.5265,48.426,-20.71,True,
2026-09-12T04:05:18.690321+00:00,Upbit,KRW,1358.0,1358.0,0.0,True,
2026-09-12T04:05:18.690321+00:00,Indodax,IDR,17593.5,17580.5,-7.39,True,
2026-09-12T04:05:18.690321+00:00,Bitkub,THB,33.095,33.065,-9.06,True,
2026-09-12T04:05:18.690321+00:00,Bithumb,KRW,1358.5,1358.5,0.0,True,
2026-09-12T04:05:18.690321+00:00,Coinone,KRW,1358.5,1358.5,0.0,True,
2026-09-12T04:05:18.690321+00:00,Paribu,TRY,48.5205,48.4985,-4.53,True,
2026-09-12T04:05:18.690321+00:00,Pintu,IDR,17601.0,17615.0,7.95,True,
2026-09-12T04:05:18.690321+00:00,Foxbit,BRL,5.15765,5.15725,-0.78,True,
2026-09-12T04:05:18.690321+00:00,MercadoBitcoin,BRL,5.15575,5.1548,-1.84,True,
2026-09-12T05:05:24.477613+00:00,IndependentReserve,SGD,1.269485,1.267675,-14.26,True,
2026-09-12T05:05:24.477613+00:00,Coins.ph,PHP,62.665,62.655,-1.6,True,
2026-09-12T05:05:24.477613+00:00,BTCTurk,TRY,48.5195,48.5355,3.3,True,
2026-09-12T05:05:24.477613+00:00,Upbit,KRW,1358.0,1358.0,0.0,True,
2026-09-12T05:05:24.477613+00:00,Indodax,IDR,17593.5,17580.5,-7.39,True,
2026-09-12T05:05:24.477613+00:00,Bitkub,THB,33.095,33.1,1.51,True,
2026-09-12T05:05:24.477613+00:00,Bithumb,KRW,1358.5,1359.5,7.36,True,
2026-09-12T05:05:24.477613+00:00,Coinone,KRW,1359.5,1359.5,0.0,True,
2026-09-12T05:05:24.477613+00:00,Paribu,TRY,48.5115,48.4975,-2.89,True,
2026-09-12T05:05:24.477613+00:00,Pintu,IDR,17602.0,17615.0,7.39,True,
2026-09-12T05:05:24.477613+00:00,Foxbit,BRL,5.15525,5.155,-0.48,True,
2026-09-12T05:05:24.477613+00:00,MercadoBitcoin,BRL,5.15525,5.15515,-0.19,True,
2026-09-12T06:05:21.507174+00:00,IndependentReserve,SGD,1.267955,1.26798,0.2,True,
2026-09-12T06:05:21.507174+00:00,Coins.ph,PHP,62.675,62.665,-1.6,True,
2026-09-12T06:05:21.507174+00:00,BTCTurk,TRY,48.5365,48.4365,-20.6,True,
2026-09-12T06:05:21.507174+00:00,Upbit,KRW,1359.0,1360.0,7.36,True,
2026-09-12T06:05:21.507174+00:00,Indodax,IDR,17589.5,17580.5,-5.12,True,
2026-09-12T06:05:21.507174+00:00,Bitkub,THB,33.095,33.1,1.51,True,
2026-09-12T06:05:21.507174+00:00,Bithumb,KRW,1358.5,1359.5,7.36,True,
2026-09-12T06:05:21.507174+00:00,Coinone,KRW,1358.5,1358.5,0.0,True,
2026-09-12T06:05:21.507174+00:00,Paribu,TRY,48.5075,48.5025,-1.03,True,
2026-09-12T06:05:21.507174+00:00,Pintu,IDR,17602.0,17616.0,7.95,True,
2026-09-12T06:05:21.507174+00:00,Foxbit,BRL,5.15405,5.15445,0.78,True,
2026-09-12T06:05:21.507174+00:00,MercadoBitcoin,BRL,5.15315,5.15445,2.52,True,
2026-09-12T07:05:20.718066+00:00,IndependentReserve,SGD,1.26946,1.267945,-11.93,True,
2026-09-12T07:05:20.718066+00:00,Coins.ph,PHP,62.675,62.665,-1.6,True,
2026-09-12T07:05:20.718066+00:00,BTCTurk,TRY,48.5375,48.5205,-3.5,True,
2026-09-12T07:05:20.718066+00:00,Upbit,KRW,1359.0,1358.0,-7.36,True,
2026-09-12T07:05:20.718066+00:00,Indodax,IDR,17574.0,17570.5,-1.99,True,
2026-09-12T07:05:20.718066+00:00,Bitkub,THB,33.095,33.095,0.0,True,
2026-09-12T07:05:20.718066+00:00,Bithumb,KRW,1357.5,1358.5,7.37,True,
2026-09-12T07:05:20.718066+00:00,Coinone,KRW,1357.5,1358.5,7.37,True,
2026-09-12T07:05:20.718066+00:00,Paribu,TRY,48.5075,48.494,-2.78,True,
2026-09-12T07:05:20.718066+00:00,Pintu,IDR,17601.0,17617.0,9.09,True,
2026-09-12T07:05:20.718066+00:00,Foxbit,BRL,5.15565,5.15625,1.16,True,
2026-09-12T07:05:20.718066+00:00,MercadoBitcoin,BRL,5.15325,5.15535,4.08,True,
2026-09-12T08:05:22.306325+00:00,IndependentReserve,SGD,1.269645,1.26844,-9.49,True,
2026-09-12T08:05:22.306325+00:00,Coins.ph,PHP,62.655,62.645,-1.6,True,
2026-09-12T08:05:22.306325+00:00,BTCTurk,TRY,48.5315,48.442,-18.44,True,
2026-09-12T08:05:22.306325+00:00,Upbit,KRW,1358.0,1358.0,0.0,True,
2026-09-12T08:05:22.306325+00:00,Indodax,IDR,17566.0,17568.5,1.42,True,
2026-09-12T08:05:22.306325+00:00,Bitkub,THB,33.095,33.095,0.0,True,
2026-09-12T08:05:22.306325+00:00,Bithumb,KRW,1358.5,1358.5,0.0,True,
2026-09-12T08:05:22.306325+00:00,Coinone,KRW,1358.5,1358.5,0.0,True,
2026-09-12T08:05:22.306325+00:00,Paribu,TRY,48.5145,48.492,-4.64,True,
2026-09-12T08:05:22.306325+00:00,Pintu,IDR,17602.0,17616.0,7.95,True,
2026-09-12T08:05:22.306325+00:00,Foxbit,BRL,5.15405,5.15625,4.27,True,
2026-09-12T08:05:22.306325+00:00,MercadoBitcoin,BRL,5.15305,5.1557,5.14,True,
2026-09-12T09:05:33.482555+00:00,IndependentReserve,SGD,1.26965,1.268245,-11.07,True,
2026-09-12T09:05:33.482555+00:00,Coins.ph,PHP,62.655,62.655,0.0,True,
2026-09-12T09:05:33.482555+00:00,BTCTurk,TRY,48.517,48.43,-17.93,True,
2026-09-12T09:05:33.482555+00:00,Upbit,KRW,1360.0,1361.0,7.35,True,
2026-09-12T09:05:33.482555+00:00,Indodax,IDR,17551.5,17549.5,-1.14,True,
2026-09-12T09:05:33.482555+00:00,Bitkub,THB,33.085,33.09,1.51,True,
2026-09-12T09:05:33.482555+00:00,Bithumb,KRW,1359.5,1359.5,0.0,True,
2026-09-12T09:05:33.482555+00:00,Coinone,KRW,1360.5,1360.5,0.0,True,
2026-09-12T09:05:33.482555+00:00,Paribu,TRY,48.5495,48.4855,-13.18,True,
2026-09-12T09:05:33.482555+00:00,Pintu,IDR,17602.0,17617.0,8.52,True,
2026-09-12T09:05:33.482555+00:00,Foxbit,BRL,5.15415,5.15625,4.07,True,
2026-09-12T09:05:33.482555+00:00,MercadoBitcoin,BRL,5.15305,5.15615,6.02,True,
2026-09-12T10:05:19.848420+00:00,IndependentReserve,SGD,1.26834,1.26828,-0.47,True,
2026-09-12T10:05:19.848420+00:00,Coins.ph,PHP,62.655,62.645,-1.6,True,
2026-09-12T10:05:19.848420+00:00,BTCTurk,TRY,48.5445,48.5405,-0.82,True,
2026-09-12T10:05:19.848420+00:00,Upbit,KRW,1359.0,1361.0,14.72,True,
2026-09-12T10:05:19.848420+00:00,Indodax,IDR,17534.5,17541.5,3.99,True,
2026-09-12T10:05:19.848420+00:00,Bitkub,THB,33.085,33.09,1.51,True,
2026-09-12T10:05:19.848420+00:00,Bithumb,KRW,1359.5,1360.5,7.36,True,
2026-09-12T10:05:19.848420+00:00,Coinone,KRW,1359.5,1359.5,0.0,True,
2026-09-12T10:05:19.848420+00:00,Paribu,TRY,48.5305,48.503,-5.67,True,
2026-09-12T10:05:19.848420+00:00,Pintu,IDR,17602.0,17607.0,2.84,True,
2026-09-12T10:05:19.848420+00:00,Foxbit,BRL,5.15415,5.15615,3.88,True,
2026-09-12T10:05:19.848420+00:00,MercadoBitcoin,BRL,5.15465,5.1549,0.48,True,
2026-09-12T11:05:22.496532+00:00,IndependentReserve,SGD,1.26823,1.26828,0.39,True,
2026-09-12T11:05:22.496532+00:00,Coins.ph,PHP,62.655,62.645,-1.6,True,
2026-09-12T11:05:22.496532+00:00,BTCTurk,TRY,48.5365,48.5305,-1.24,True,
2026-09-12T11:05:22.496532+00:00,Upbit,KRW,1360.0,1358.0,-14.71,True,
2026-09-12T11:05:22.496532+00:00,Indodax,IDR,17535.5,17520.0,-8.84,True,
2026-09-12T11:05:22.496532+00:00,Bitkub,THB,33.085,33.09,1.51,True,
2026-09-12T11:05:22.496532+00:00,Bithumb,KRW,1359.5,1360.0,3.68,True,
2026-09-12T11:05:22.496532+00:00,Coinone,KRW,1359.5,1360.5,7.36,True,
2026-09-12T11:05:22.496532+00:00,Paribu,TRY,48.525,48.5015,-4.84,True,
2026-09-12T11:05:22.496532+00:00,Pintu,IDR,17602.0,17607.0,2.84,True,
2026-09-12T11:05:22.496532+00:00,Foxbit,BRL,5.15415,5.15615,3.88,True,
2026-09-12T11:05:22.496532+00:00,MercadoBitcoin,BRL,5.15365,5.1549,2.43,True,
2026-09-12T12:05:17.736862+00:00,IndependentReserve,SGD,1.26823,1.26828,0.39,True,
2026-09-12T12:05:17.736862+00:00,Coins.ph,PHP,62.665,62.665,0.0,True,
2026-09-12T12:05:17.736862+00:00,BTCTurk,TRY,48.539,48.4945,-9.17,True,
2026-09-12T12:05:17.736862+00:00,Upbit,KRW,1360.0,1362.0,14.71,True,
2026-09-12T12:05:17.736862+00:00,Indodax,IDR,17536.5,17543.5,3.99,True,
2026-09-12T12:05:17.736862+00:00,Bitkub,THB,33.085,33.095,3.02,True,
2026-09-12T12:05:17.736862+00:00,Bithumb,KRW,1360.5,1360.5,0.0,True,
2026-09-12T12:05:17.736862+00:00,Coinone,KRW,1360.5,1360.5,0.0,True,
2026-09-12T12:05:17.736862+00:00,Paribu,TRY,48.5195,48.4955,-4.95,True,
2026-09-12T12:05:17.736862+00:00,Pintu,IDR,17602.0,17607.0,2.84,True,
2026-09-12T12:05:17.736862+00:00,Foxbit,BRL,5.15495,5.15535,0.78,True,
2026-09-12T12:05:17.736862+00:00,MercadoBitcoin,BRL,5.15505,5.1542,-1.65,True,
2026-09-12T13:05:18.351455+00:00,IndependentReserve,SGD,1.26823,1.26828,0.39,True,
2026-09-12T13:05:18.351455+00:00,Coins.ph,PHP,62.665,62.665,0.0,True,
2026-09-12T13:05:18.351455+00:00,BTCTurk,TRY,48.5135,48.533,4.02,True,
2026-09-12T13:05:18.351455+00:00,Upbit,KRW,1360.0,1362.0,14.71,True,
2026-09-12T13:05:18.351455+00:00,Indodax,IDR,17538.5,17547.0,4.85,True,
2026-09-12T13:05:18.351455+00:00,Bitkub,THB,33.085,33.09,1.51,True,
2026-09-12T13:05:18.351455+00:00,Bithumb,KRW,1360.5,1361.5,7.35,True,
2026-09-12T13:05:18.351455+00:00,Coinone,KRW,1360.5,1360.5,0.0,True,
2026-09-12T13:05:18.351455+00:00,Paribu,TRY,48.5125,48.4975,-3.09,True,
2026-09-12T13:05:18.351455+00:00,Pintu,IDR,17603.0,17606.0,1.7,True,
2026-09-12T13:05:18.351455+00:00,Foxbit,BRL,5.15675,5.1552,-3.01,True,
2026-09-12T13:05:18.351455+00:00,MercadoBitcoin,BRL,5.15455,5.15425,-0.58,True,
2026-09-12T14:05:18.001999+00:00,IndependentReserve,SGD,1.26831,1.268485,1.38,True,
2026-09-12T14:05:18.001999+00:00,Coins.ph,PHP,62.675,62.665,-1.6,True,
2026-09-12T14:05:18.001999+00:00,BTCTurk,TRY,48.5325,48.4985,-7.01,True,
2026-09-12T14:05:18.001999+00:00,Upbit,KRW,1360.0,1359.0,-7.35,True,
2026-09-12T14:05:18.001999+00:00,Indodax,IDR,17540.5,17549.0,4.85,True,
2026-09-12T14:05:18.001999+00:00,Bitkub,THB,33.085,33.095,3.02,True,
2026-09-12T14:05:18.001999+00:00,Bithumb,KRW,1359.5,1361.0,11.03,True,
2026-09-12T14:05:18.001999+00:00,Coinone,KRW,1360.5,1360.5,0.0,True,
2026-09-12T14:05:18.001999+00:00,Paribu,TRY,48.5155,48.4965,-3.92,True,
2026-09-12T14:05:18.001999+00:00,Pintu,IDR,17604.0,17607.0,1.7,True,
2026-09-12T14:05:18.001999+00:00,Foxbit,BRL,5.15565,5.15515,-0.97,True,
2026-09-12T14:05:18.001999+00:00,MercadoBitcoin,BRL,5.15495,5.1534,-3.01,True,
2026-09-12T15:05:22.155009+00:00,IndependentReserve,SGD,1.268455,1.268445,-0.08,True,
2026-09-12T15:05:22.155009+00:00,Coins.ph,PHP,62.665,62.665,0.0,True,
2026-09-12T15:05:22.155009+00:00,BTCTurk,TRY,48.5435,48.5005,-8.86,True,
2026-09-12T15:05:22.155009+00:00,Upbit,KRW,1360.0,1361.0,7.35,True,
2026-09-12T15:05:22.155009+00:00,Indodax,IDR,17536.5,17545.0,4.85,True,
2026-09-12T15:05:22.155009+00:00,Bitkub,THB,33.085,33.09,1.51,True,
2026-09-12T15:05:22.155009+00:00,Bithumb,KRW,1360.5,1361.5,7.35,True,
2026-09-12T15:05:22.155009+00:00,Coinone,KRW,1360.5,1360.5,0.0,True,
2026-09-12T15:05:22.155009+00:00,Paribu,TRY,48.5355,48.501,-7.11,True,
2026-09-12T15:05:22.155009+00:00,Pintu,IDR,17604.0,17607.0,1.7,True,
2026-09-12T15:05:22.155009+00:00,Foxbit,BRL,5.15645,5.15665,0.39,True,
2026-09-12T15:05:22.155009+00:00,MercadoBitcoin,BRL,5.15455,5.15465,0.19,True,
2026-09-12T16:05:16.925609+00:00,IndependentReserve,SGD,1.26845,1.26849,0.32,True,
2026-09-12T16:05:16.925609+00:00,Coins.ph,PHP,62.665,62.665,0.0,True,
2026-09-12T16:05:16.925609+00:00,BTCTurk,TRY,48.5465,48.508,-7.93,True,
2026-09-12T16:05:16.925609+00:00,Upbit,KRW,1359.0,1361.0,14.72,True,
2026-09-12T16:05:16.925609+00:00,Indodax,IDR,17546.5,17589.5,24.51,True,
2026-09-12T16:05:16.925609+00:00,Bitkub,THB,33.085,33.105,6.05,True,
2026-09-12T16:05:16.925609+00:00,Bithumb,KRW,1358.5,1359.0,3.68,True,
2026-09-12T16:05:16.925609+00:00,Coinone,KRW,1358.5,1358.5,0.0,True,
2026-09-12T16:05:16.925609+00:00,Paribu,TRY,48.58,48.494,-17.7,True,
2026-09-12T16:05:16.925609+00:00,Pintu,IDR,17604.0,17606.0,1.14,True,
2026-09-12T16:05:16.925609+00:00,Foxbit,BRL,5.15425,5.15505,1.55,True,
2026-09-12T16:05:16.925609+00:00,MercadoBitcoin,BRL,5.15435,5.15335,-1.94,True,
2026-09-12T17:07:15.453073+00:00,IndependentReserve,SGD,1.26855,1.26866,0.87,True,
2026-09-12T17:07:15.453073+00:00,Coins.ph,PHP,62.665,62.665,0.0,True,
2026-09-12T17:07:15.453073+00:00,BTCTurk,TRY,48.5485,48.5325,-3.3,True,
2026-09-12T17:07:15.453073+00:00,Upbit,KRW,1359.0,1358.0,-7.36,True,
2026-09-12T17:07:15.453073+00:00,Indodax,IDR,17542.5,17566.5,13.68,True,
2026-09-12T17:07:15.453073+00:00,Bitkub,THB,33.085,33.09,1.51,True,
2026-09-12T17:07:15.453073+00:00,Bithumb,KRW,1358.5,1359.0,3.68,True,
2026-09-12T17:07:15.453073+00:00,Coinone,KRW,1358.5,1358.5,0.0,True,
2026-09-12T17:07:15.453073+00:00,Paribu,TRY,48.5745,48.5045,-14.41,True,
2026-09-12T17:07:15.453073+00:00,Pintu,IDR,17604.0,17606.0,1.14,True,
2026-09-12T17:07:15.453073+00:00,Foxbit,BRL,5.15295,5.15115,-3.49,True,
2026-09-12T17:07:15.453073+00:00,MercadoBitcoin,BRL,5.15205,5.1513,-1.46,True,
2026-09-12T18:05:26.688925+00:00,IndependentReserve,SGD,1.26855,1.268685,1.06,True,
2026-09-12T18:05:26.688925+00:00,Coins.ph,PHP,62.665,62.665,0.0,True,
2026-09-12T18:05:26.688925+00:00,BTCTurk,TRY,48.5585,48.5955,7.62,True,
2026-09-12T18:05:26.688925+00:00,Upbit,KRW,1359.0,1358.0,-7.36,True,
2026-09-12T18:05:26.688925+00:00,Indodax,IDR,17552.5,17567.0,8.26,True,
2026-09-12T18:05:26.688925+00:00,Bitkub,THB,33.085,33.095,3.02,True,
2026-09-12T18:05:26.688925+00:00,Bithumb,KRW,1358.5,1359.5,7.36,True,
2026-09-12T18:05:26.688925+00:00,Coinone,KRW,1358.5,1358.5,0.0,True,
2026-09-12T18:05:26.688925+00:00,Paribu,TRY,48.5505,48.5155,-7.21,True,
2026-09-12T18:05:26.688925+00:00,Pintu,IDR,17603.0,17607.0,2.27,True,
2026-09-12T18:05:26.688925+00:00,Foxbit,BRL,5.15295,5.1551,4.17,True,
2026-09-12T18:05:26.688925+00:00,MercadoBitcoin,BRL,5.14955,5.15165,4.08,True,
2026-09-12T19:05:19.754057+00:00,IndependentReserve,SGD,1.26855,1.26862,0.55,True,
2026-09-12T19:05:19.754057+00:00,Coins.ph,PHP,62.665,62.665,0.0,True,
2026-09-12T19:05:19.754057+00:00,BTCTurk,TRY,48.5545,48.5325,-4.53,True,
2026-09-12T19:05:19.754057+00:00,Upbit,KRW,1359.0,1360.0,7.36,True,
2026-09-12T19:05:19.754057+00:00,Indodax,IDR,17558.5,17566.0,4.27,True,
2026-09-12T19:05:19.754057+00:00,Bitkub,THB,33.085,33.085,0.0,True,
2026-09-12T19:05:19.754057+00:00,Bithumb,KRW,1359.5,1360.5,7.36,True,
2026-09-12T19:05:19.754057+00:00,Coinone,KRW,1359.5,1358.5,-7.36,True,
2026-09-12T19:05:19.754057+00:00,Paribu,TRY,48.5315,48.513,-3.81,True,
2026-09-12T19:05:19.754057+00:00,Pintu,IDR,17602.0,17607.0,2.84,True,
2026-09-12T19:05:19.754057+00:00,Foxbit,BRL,5.15045,5.15185,2.72,True,
2026-09-12T19:05:19.754057+00:00,MercadoBitcoin,BRL,5.14925,5.15115,3.69,True,
2026-09-12T20:05:21.533482+00:00,IndependentReserve,SGD,1.26855,1.26862,0.55,True,
2026-09-12T20:05:21.533482+00:00,Coins.ph,PHP,62.665,62.665,0.0,True,
2026-09-12T20:05:21.533482+00:00,BTCTurk,TRY,48.5625,48.5785,3.29,True,
2026-09-12T20:05:21.533482+00:00,Upbit,KRW,1358.0,1361.0,22.09,True,
2026-09-12T20:05:21.533482+00:00,Indodax,IDR,17561.5,17572.5,6.26,True,
2026-09-12T20:05:21.533482+00:00,Bitkub,THB,33.085,33.085,0.0,True,
2026-09-12T20:05:21.533482+00:00,Bithumb,KRW,1359.5,1360.0,3.68,True,
2026-09-12T20:05:21.533482+00:00,Coinone,KRW,1359.5,1359.5,0.0,True,
2026-09-12T20:05:21.533482+00:00,Paribu,TRY,48.5505,48.5135,-7.62,True,
2026-09-12T20:05:21.533482+00:00,Pintu,IDR,17602.0,17606.0,2.27,True,
2026-09-12T20:05:21.533482+00:00,Foxbit,BRL,5.15045,5.14555,-9.51,True,
2026-09-12T20:05:21.533482+00:00,MercadoBitcoin,BRL,5.14735,5.1486,2.43,True,
2026-09-12T21:05:24.348077+00:00,IndependentReserve,SGD,1.268635,1.26863,-0.04,True,
2026-09-12T21:05:24.348077+00:00,Coins.ph,PHP,62.665,62.665,0.0,True,
2026-09-12T21:05:24.348077+00:00,BTCTurk,TRY,48.555,48.5785,4.84,True,
2026-09-12T21:05:24.348077+00:00,Upbit,KRW,1360.0,1361.0,7.35,True,
2026-09-12T21:05:24.348077+00:00,Indodax,IDR,17555.5,17546.5,-5.13,True,
2026-09-12T21:05:24.348077+00:00,Bitkub,THB,33.085,33.085,0.0,True,
2026-09-12T21:05:24.348077+00:00,Bithumb,KRW,1359.5,1360.0,3.68,True,
2026-09-12T21:05:24.348077+00:00,Coinone,KRW,1360.5,1360.5,0.0,True,
2026-09-12T21:05:24.348077+00:00,Paribu,TRY,48.5525,48.5335,-3.91,True,
2026-09-12T21:05:24.348077+00:00,Pintu,IDR,17602.0,17607.0,2.84,True,
2026-09-12T21:05:24.348077+00:00,Foxbit,BRL,5.15045,5.14735,-6.02,True,
2026-09-12T21:05:24.348077+00:00,MercadoBitcoin,BRL,5.14875,5.14855,-0.39,True,
2026-09-12T22:05:16.385274+00:00,IndependentReserve,SGD,1.26863,1.26862,-0.08,True,
2026-09-12T22:05:16.385274+00:00,Coins.ph,PHP,62.665,62.665,0.0,True,
2026-09-12T22:05:16.385274+00:00,BTCTurk,TRY,48.5775,48.5785,0.21,True,
2026-09-12T22:05:16.385274+00:00,Upbit,KRW,1360.0,1361.0,7.35,True,
2026-09-12T22:05:16.385274+00:00,Indodax,IDR,17552.5,17548.5,-2.28,True,
2026-09-12T22:05:16.385274+00:00,Bitkub,THB,33.085,33.085,0.0,True,
2026-09-12T22:05:16.385274+00:00,Bithumb,KRW,1359.5,1360.0,3.68,True,
2026-09-12T22:05:16.385274+00:00,Coinone,KRW,1360.5,1360.5,0.0,True,
2026-09-12T22:05:16.385274+00:00,Paribu,TRY,48.5805,48.5275,-10.91,True,
2026-09-12T22:05:16.385274+00:00,Pintu,IDR,17601.0,17606.0,2.84,True,
2026-09-12T22:05:16.385274+00:00,Foxbit,BRL,5.15045,5.1473,-6.12,True,
2026-09-12T22:05:16.385274+00:00,MercadoBitcoin,BRL,5.14735,5.148,1.26,True,
2026-09-12T23:23:03.537415+00:00,IndependentReserve,SGD,1.26863,1.268615,-0.12,True,
2026-09-12T23:23:03.537415+00:00,Coins.ph,PHP,62.665,62.665,0.0,True,
2026-09-12T23:23:03.537415+00:00,BTCTurk,TRY,48.6095,48.535,-15.33,True,
2026-09-12T23:23:03.537415+00:00,Upbit,KRW,1361.0,1359.0,-14.7,True,
2026-09-12T23:23:03.537415+00:00,Indodax,IDR,17554.5,17542.0,-7.12,True,
2026-09-12T23:23:03.537415+00:00,Bitkub,THB,33.085,33.085,0.0,True,
2026-09-12T23:23:03.537415+00:00,Bithumb,KRW,1360.5,1359.5,-7.35,True,
2026-09-12T23:23:03.537415+00:00,Coinone,KRW,1360.5,1360.5,0.0,True,
2026-09-12T23:23:03.537415+00:00,Paribu,TRY,48.5835,48.545,-7.92,True,
2026-09-12T23:23:03.537415+00:00,Pintu,IDR,17603.0,17606.0,1.7,True,
2026-09-12T23:23:03.537415+00:00,Foxbit,BRL,5.14425,5.14565,2.72,True,
2026-09-12T23:23:03.537415+00:00,MercadoBitcoin,BRL,5.14415,5.1442,0.1,True,
2026-09-13T00:05:20.426260+00:00,IndependentReserve,SGD,1.26863,1.268615,-0.12,True,
2026-09-13T00:05:20.426260+00:00,Coins.ph,PHP,62.655,62.655,0.0,True,
2026-09-13T00:05:20.426260+00:00,BTCTurk,TRY,48.6095,48.5275,-16.87,True,
2026-09-13T00:05:20.426260+00:00,Upbit,KRW,1362.0,1362.0,0.0,True,
2026-09-13T00:05:20.426260+00:00,Indodax,IDR,17547.5,17543.5,-2.28,True,
2026-09-13T00:05:20.426260+00:00,Bitkub,THB,33.085,33.085,0.0,True,
2026-09-13T00:05:20.426260+00:00,Bithumb,KRW,1360.5,1360.5,0.0,True,
2026-09-13T00:05:20.426260+00:00,Coinone,KRW,1360.5,1360.5,0.0,True,
2026-09-13T00:05:20.426260+00:00,Paribu,TRY,48.5835,48.5205,-12.97,True,
2026-09-13T00:05:20.426260+00:00,Pintu,IDR,17603.0,17606.0,1.7,True,
2026-09-13T00:05:20.426260+00:00,Foxbit,BRL,5.14575,5.14565,-0.19,True,
2026-09-13T00:05:20.426260+00:00,MercadoBitcoin,BRL,5.14335,5.14435,1.94,True,
2026-09-13T01:05:24.278456+00:00,IndependentReserve,SGD,1.26863,1.268575,-0.43,True,
2026-09-13T01:05:24.278456+00:00,Coins.ph,PHP,62.655,62.655,0.0,True,
2026-09-13T01:05:24.278456+00:00,BTCTurk,TRY,48.6095,48.523,-17.79,True,
2026-09-13T01:05:24.278456+00:00,Upbit,KRW,1362.0,1360.0,-14.68,True,
2026-09-13T01:05:24.278456+00:00,Indodax,IDR,17548.5,17540.0,-4.84,True,
2026-09-13T01:05:24.278456+00:00,Bitkub,THB,33.085,33.095,3.02,True,
2026-09-13T01:05:24.278456+00:00,Bithumb,KRW,1361.5,1361.5,0.0,True,
2026-09-13T01:05:24.278456+00:00,Coinone,KRW,1361.5,1361.5,0.0,True,
2026-09-13T01:05:24.278456+00:00,Paribu,TRY,48.5835,48.521,-12.86,True,
2026-09-13T01:05:24.278456+00:00,Pintu,IDR,17604.0,17606.0,1.14,True,
2026-09-13T01:05:24.278456+00:00,Foxbit,BRL,5.14575,5.14565,-0.19,True,
2026-09-13T01:05:24.278456+00:00,MercadoBitcoin,BRL,5.14345,5.1439,0.87,True,
2026-09-13T02:05:19.811368+00:00,IndependentReserve,SGD,1.26863,1.26857,-0.47,True,
2026-09-13T02:05:19.811368+00:00,Coins.ph,PHP,62.655,62.655,0.0,True,
2026-09-13T02:05:19.811368+00:00,BTCTurk,TRY,48.578,48.5295,-9.98,True,
2026-09-13T02:05:19.811368+00:00,Upbit,KRW,1363.0,1363.0,0.0,True,
2026-09-13T02:05:19.811368+00:00,Indodax,IDR,17543.5,17566.5,13.11,True,
2026-09-13T02:05:19.811368+00:00,Bitkub,THB,33.085,33.09,1.51,True,
2026-09-13T02:05:19.811368+00:00,Bithumb,KRW,1362.5,1362.5,0.0,True,
2026-09-13T02:05:19.811368+00:00,Coinone,KRW,1362.5,1361.5,-7.34,True,
2026-09-13T02:05:19.811368+00:00,Paribu,TRY,48.5835,48.5255,-11.94,True,
2026-09-13T02:05:19.811368+00:00,Pintu,IDR,17603.0,17606.0,1.7,True,
2026-09-13T02:05:19.811368+00:00,Foxbit,BRL,5.14805,5.15085,5.44,True,
2026-09-13T02:05:19.811368+00:00,MercadoBitcoin,BRL,5.14915,5.15065,2.91,True,
2026-09-13T03:05:18.479019+00:00,IndependentReserve,SGD,1.26865,1.27047,14.35,True,
2026-09-13T03:05:18.479019+00:00,Coins.ph,PHP,62.675,62.655,-3.19,True,
2026-09-13T03:05:18.479019+00:00,BTCTurk,TRY,48.568,48.5495,-3.81,True,
2026-09-13T03:05:18.479019+00:00,Upbit,KRW,1362.0,1362.0,0.0,True,
2026-09-13T03:05:18.479019+00:00,Indodax,IDR,17537.5,17577.5,22.81,True,
2026-09-13T03:05:18.479019+00:00,Bitkub,THB,33.085,33.085,0.0,True,
2026-09-13T03:05:18.479019+00:00,Bithumb,KRW,1361.5,1360.5,-7.34,True,
2026-09-13T03:05:18.479019+00:00,Coinone,KRW,1361.5,1361.5,0.0,True,
2026-09-13T03:05:18.479019+00:00,Paribu,TRY,48.5835,48.5165,-13.79,True,
2026-09-13T03:05:18.479019+00:00,Pintu,IDR,17603.0,17606.0,1.7,True,
2026-09-13T03:05:18.479019+00:00,Foxbit,BRL,5.14805,5.15185,7.38,True,
2026-09-13T03:05:18.479019+00:00,MercadoBitcoin,BRL,5.14915,5.1514,4.37,True,
2026-09-13T04:05:20.032222+00:00,IndependentReserve,SGD,1.268725,1.270545,14.35,True,
2026-09-13T04:05:20.032222+00:00,Coins.ph,PHP,62.685,62.655,-4.79,True,
2026-09-13T04:05:20.032222+00:00,BTCTurk,TRY,48.5805,48.5305,-10.29,True,
2026-09-13T04:05:20.032222+00:00,Upbit,KRW,1363.0,1362.0,-7.34,True,
2026-09-13T04:05:20.032222+00:00,Indodax,IDR,17540.5,17570.5,17.1,True,
2026-09-13T04:05:20.032222+00:00,Bitkub,THB,33.085,33.095,3.02,True,
2026-09-13T04:05:20.032222+00:00,Bithumb,KRW,1361.5,1361.5,0.0,True,
2026-09-13T04:05:20.032222+00:00,Coinone,KRW,1361.5,1361.5,0.0,True,
2026-09-13T04:05:20.032222+00:00,Paribu,TRY,48.5835,48.5215,-12.76,True,
2026-09-13T04:05:20.032222+00:00,Pintu,IDR,17604.0,17607.0,1.7,True,
2026-09-13T04:05:20.032222+00:00,Foxbit,BRL,5.14855,5.15335,9.32,True,
2026-09-13T04:05:20.032222+00:00,MercadoBitcoin,BRL,5.14915,5.1518,5.15,True,
2026-09-13T05:05:18.260405+00:00,IndependentReserve,SGD,1.268725,1.26883,0.83,True,
2026-09-13T05:05:18.260405+00:00,Coins.ph,PHP,62.675,62.655,-3.19,True,
2026-09-13T05:05:18.260405+00:00,BTCTurk,TRY,48.579,48.566,-2.68,True,
2026-09-13T05:05:18.260405+00:00,Upbit,KRW,1361.0,1359.0,-14.7,True,
2026-09-13T05:05:18.260405+00:00,Indodax,IDR,17539.0,17546.0,3.99,True,
2026-09-13T05:05:18.260405+00:00,Bitkub,THB,33.085,33.09,1.51,True,
2026-09-13T05:05:18.260405+00:00,Bithumb,KRW,1360.5,1360.5,0.0,True,
2026-09-13T05:05:18.260405+00:00,Coinone,KRW,1360.5,1360.5,0.0,True,
2026-09-13T05:05:18.260405+00:00,Paribu,TRY,48.5795,48.507,-14.92,True,
2026-09-13T05:05:18.260405+00:00,Pintu,IDR,17603.0,17607.0,2.27,True,
2026-09-13T05:05:18.260405+00:00,Foxbit,BRL,5.15045,5.15365,6.21,True,
2026-09-13T05:05:18.260405+00:00,MercadoBitcoin,BRL,5.1498,5.15175,3.79,True,
2026-09-14T02:30:47.339177+00:00,IndependentReserve,SGD,1.26725,1.266405,-6.67,True,
2026-09-14T02:30:47.339177+00:00,Coins.ph,PHP,62.785,62.785,0.0,True,
2026-09-14T02:30:47.339177+00:00,BTCTurk,TRY,48.6085,48.526,-16.97,True,
2026-09-14T02:30:47.339177+00:00,Upbit,KRW,1360.0,1358.0,-14.71,True,
2026-09-14T02:30:47.339177+00:00,Indodax,IDR,17569.5,17588.5,10.81,True,
2026-09-14T02:30:47.339177+00:00,Bitkub,THB,33.115,33.09,-7.55,True,
2026-09-14T02:30:47.339177+00:00,Bithumb,KRW,1360.5,1360.0,-3.68,True,
2026-09-14T02:30:47.339177+00:00,Coinone,KRW,1359.5,1359.5,0.0,True,
2026-09-14T02:30:47.339177+00:00,Paribu,TRY,48.6005,48.58,-4.22,True,
2026-09-14T02:30:47.339177+00:00,Pintu,IDR,17576.0,17586.0,5.69,True,
2026-09-14T02:30:47.339177+00:00,Foxbit,BRL,5.14855,5.14895,0.78,True,
2026-09-14T02:30:47.339177+00:00,MercadoBitcoin,BRL,5.14455,5.1472,5.15,True,
2026-09-14T03:05:22.147191+00:00,IndependentReserve,SGD,1.26748,1.26732,-1.26,True,
2026-09-14T03:05:22.147191+00:00,Coins.ph,PHP,62.825,62.835,1.59,True,
2026-09-14T03:05:22.147191+00:00,BTCTurk,TRY,48.6415,48.524,-24.16,True,
2026-09-14T03:05:22.147191+00:00,Upbit,KRW,1359.0,1359.0,0.0,True,
2026-09-14T03:05:22.147191+00:00,Indodax,IDR,17589.5,17586.0,-1.99,True,
2026-09-14T03:05:22.147191+00:00,Bitkub,THB,33.115,33.09,-7.55,True,
2026-09-14T03:05:22.147191+00:00,Bithumb,KRW,1359.5,1360.0,3.68,True,
2026-09-14T03:05:22.147191+00:00,Coinone,KRW,1359.5,1359.5,0.0,True,
2026-09-14T03:05:22.147191+00:00,Paribu,TRY,48.6005,48.5615,-8.02,True,
2026-09-14T03:05:22.147191+00:00,Pintu,IDR,17583.0,17586.0,1.71,True,
2026-09-14T03:05:22.147191+00:00,Foxbit,BRL,5.14645,5.14755,2.14,True,
2026-09-14T03:05:22.147191+00:00,MercadoBitcoin,BRL,5.14375,5.1473,6.9,True,
2026-09-14T04:05:21.502003+00:00,IndependentReserve,SGD,1.268155,1.26969,12.1,True,
2026-09-14T04:05:21.502003+00:00,Coins.ph,PHP,62.835,62.845,1.59,True,
2026-09-14T04:05:21.502003+00:00,BTCTurk,TRY,48.609,48.5745,-7.1,True,
2026-09-14T04:05:21.502003+00:00,Upbit,KRW,1358.0,1358.0,0.0,True,
2026-09-14T04:05:21.502003+00:00,Indodax,IDR,17574.5,17591.0,9.39,True,
2026-09-14T04:05:21.502003+00:00,Bitkub,THB,33.115,33.12,1.51,True,
2026-09-14T04:05:21.502003+00:00,Bithumb,KRW,1358.5,1359.5,7.36,True,
2026-09-14T04:05:21.502003+00:00,Coinone,KRW,1358.5,1358.5,0.0,True,
2026-09-14T04:05:21.502003+00:00,Paribu,TRY,48.6005,48.561,-8.13,True,
2026-09-14T04:05:21.502003+00:00,Pintu,IDR,17588.0,17615.0,15.35,True,
2026-09-14T04:05:21.502003+00:00,Foxbit,BRL,5.14635,5.14745,2.14,True,
2026-09-14T04:05:21.502003+00:00,MercadoBitcoin,BRL,5.14365,5.14615,4.86,True,
2026-09-14T07:06:38.341504+00:00,IndependentReserve,SGD,1.26875,1.269385,5.0,True,
2026-09-14T07:06:38.341504+00:00,Coins.ph,PHP,62.775,62.795,3.19,True,
2026-09-14T07:06:38.341504+00:00,BTCTurk,TRY,48.5555,48.533,-4.63,True,
2026-09-14T07:06:38.341504+00:00,Upbit,KRW,1357.0,1358.0,7.37,True,
2026-09-14T07:06:38.341504+00:00,Indodax,IDR,17580.5,17574.5,-3.41,True,
2026-09-14T07:06:38.341504+00:00,Bitkub,THB,33.185,33.185,0.0,True,
2026-09-14T07:06:38.341504+00:00,Bithumb,KRW,1356.5,1357.0,3.69,True,
2026-09-14T07:06:38.341504+00:00,Coinone,KRW,1356.5,1356.5,0.0,True,
2026-09-14T07:06:38.341504+00:00,Paribu,TRY,48.5755,48.5565,-3.91,True,
2026-09-14T07:06:38.341504+00:00,Pintu,IDR,17624.0,17636.0,6.81,True,
2026-09-14T07:06:38.341504+00:00,Foxbit,BRL,5.14435,5.1512,13.32,True,
2026-09-14T07:06:38.341504+00:00,MercadoBitcoin,BRL,5.14515,5.1504,10.2,True,
2026-09-14T08:05:24.284279+00:00,IndependentReserve,SGD,1.2692,1.27004,6.62,True,
2026-09-14T08:05:24.284279+00:00,Coins.ph,PHP,62.83,62.835,0.8,True,
2026-09-14T08:05:24.284279+00:00,BTCTurk,TRY,48.5645,48.4935,-14.62,True,
2026-09-14T08:05:24.284279+00:00,Upbit,KRW,1355.0,1357.0,14.76,True,
2026-09-14T08:05:24.284279+00:00,Indodax,IDR,17574.0,17551.0,-13.09,True,
2026-09-14T08:05:24.284279+00:00,Bitkub,THB,33.195,33.195,0.0,True,
2026-09-14T08:05:24.284279+00:00,Bithumb,KRW,1355.5,1356.0,3.69,True,
2026-09-14T08:05:24.284279+00:00,Coinone,KRW,1355.5,1356.5,7.38,True,
2026-09-14T08:05:24.284279+00:00,Paribu,TRY,48.5825,48.564,-3.81,True,
2026-09-14T08:05:24.284279+00:00,Pintu,IDR,17637.0,17636.0,-0.57,True,
2026-09-14T08:05:24.284279+00:00,Foxbit,BRL,5.14435,5.15195,14.77,True,
2026-09-14T08:05:24.284279+00:00,MercadoBitcoin,BRL,5.14675,5.1503,6.9,True,
2026-09-14T09:05:24.424022+00:00,IndependentReserve,SGD,1.2692,1.27056,10.72,True,
2026-09-14T09:05:24.424022+00:00,Coins.ph,PHP,62.875,62.885,1.59,True,
2026-09-14T09:05:24.424022+00:00,BTCTurk,TRY,48.5495,48.4885,-12.56,True,
2026-09-14T09:05:24.424022+00:00,Upbit,KRW,1356.0,1354.0,-14.75,True,
2026-09-14T09:05:24.424022+00:00,Indodax,IDR,17597.5,17567.0,-17.33,True,
2026-09-14T09:05:24.424022+00:00,Bitkub,THB,33.215,33.21,-1.51,True,
2026-09-14T09:05:24.424022+00:00,Bithumb,KRW,1355.5,1355.5,0.0,True,
2026-09-14T09:05:24.424022+00:00,Coinone,KRW,1355.5,1355.5,0.0,True,
2026-09-14T09:05:24.424022+00:00,Paribu,TRY,48.5775,48.546,-6.48,True,
2026-09-14T09:05:24.424022+00:00,Pintu,IDR,17596.0,17656.0,34.1,True,
2026-09-14T09:05:24.424022+00:00,Foxbit,BRL,5.14455,5.15005,10.69,True,
2026-09-14T09:05:24.424022+00:00,MercadoBitcoin,BRL,5.14785,5.15075,5.63,True,
2026-09-14T10:05:25.102078+00:00,IndependentReserve,SGD,1.2697,1.26968,-0.16,True,
2026-09-14T10:05:25.102078+00:00,Coins.ph,PHP,62.835,62.845,1.59,True,
2026-09-14T10:05:25.102078+00:00,BTCTurk,TRY,48.5495,48.4885,-12.56,True,
2026-09-14T10:05:25.102078+00:00,Upbit,KRW,1354.0,1353.0,-7.39,True,
2026-09-14T10:05:25.102078+00:00,Indodax,IDR,17553.5,17567.0,7.69,True,
2026-09-14T10:05:25.102078+00:00,Bitkub,THB,33.205,33.21,1.51,True,
2026-09-14T10:05:25.102078+00:00,Bithumb,KRW,1354.5,1354.5,0.0,True,
2026-09-14T10:05:25.102078+00:00,Coinone,KRW,1354.5,1354.5,0.0,True,
2026-09-14T10:05:25.102078+00:00,Paribu,TRY,48.5775,48.5455,-6.59,True,
2026-09-14T10:05:25.102078+00:00,Pintu,IDR,17587.0,17655.0,38.66,True,
2026-09-14T10:05:25.102078+00:00,Foxbit,BRL,5.15905,5.16215,6.01,True,
2026-09-14T10:05:25.102078+00:00,MercadoBitcoin,BRL,5.15655,5.1597,6.11,True,
2026-09-14T11:05:26.213980+00:00,IndependentReserve,SGD,1.269775,1.271355,12.44,True,
2026-09-14T11:05:26.213980+00:00,Coins.ph,PHP,62.825,62.845,3.18,True,
2026-09-14T11:05:26.213980+00:00,BTCTurk,TRY,48.5585,48.5015,-11.74,True,
2026-09-14T11:05:26.213980+00:00,Upbit,KRW,1357.0,1357.0,0.0,True,
2026-09-14T11:05:26.213980+00:00,Indodax,IDR,17560.5,17568.0,4.27,True,
2026-09-14T11:05:26.213980+00:00,Bitkub,THB,33.195,33.205,3.01,True,
2026-09-14T11:05:26.213980+00:00,Bithumb,KRW,1356.5,1356.5,0.0,True,
2026-09-14T11:05:26.213980+00:00,Coinone,KRW,1356.5,1356.5,0.0,True,
2026-09-14T11:05:26.213980+00:00,Paribu,TRY,48.5975,48.5795,-3.7,True,
2026-09-14T11:05:26.213980+00:00,Pintu,IDR,17584.0,17655.0,40.38,True,
2026-09-14T11:05:26.213980+00:00,Foxbit,BRL,5.16005,5.16305,5.81,True,
2026-09-14T11:05:26.213980+00:00,MercadoBitcoin,BRL,5.15855,5.163,8.63,True,
2026-09-14T12:05:26.300192+00:00,IndependentReserve,SGD,1.26975,1.270905,9.1,True,
2026-09-14T12:05:26.300192+00:00,Coins.ph,PHP,62.835,62.835,0.0,True,
2026-09-14T12:05:26.300192+00:00,BTCTurk,TRY,48.5805,48.587,1.34,True,
2026-09-14T12:05:26.300192+00:00,Upbit,KRW,1357.0,1357.0,0.0,True,
2026-09-14T12:05:26.300192+00:00,Indodax,IDR,17587.5,17584.0,-1.99,True,
2026-09-14T12:05:26.300192+00:00,Bitkub,THB,33.215,33.195,-6.02,True,
2026-09-14T12:05:26.300192+00:00,Bithumb,KRW,1356.5,1357.5,7.37,True,
2026-09-14T12:05:26.300192+00:00,Coinone,KRW,1356.5,1356.5,0.0,True,
2026-09-14T12:05:26.300192+00:00,Paribu,TRY,48.5825,48.55,-6.69,True,
2026-09-14T12:05:26.300192+00:00,Pintu,IDR,17576.0,17645.0,39.26,True,
2026-09-14T12:05:26.300192+00:00,Foxbit,BRL,5.16915,5.17135,4.26,True,
2026-09-14T12:05:26.300192+00:00,MercadoBitcoin,BRL,5.16965,5.17215,4.84,True,
2026-09-14T13:05:27.243124+00:00,IndependentReserve,SGD,1.27145,1.27133,-0.94,True,
2026-09-14T13:05:27.243124+00:00,Coins.ph,PHP,62.805,62.82,2.39,True,
2026-09-14T13:05:27.243124+00:00,BTCTurk,TRY,48.576,48.581,1.03,True,
2026-09-14T13:05:27.243124+00:00,Upbit,KRW,1358.0,1360.0,14.73,True,
2026-09-14T13:05:27.243124+00:00,Indodax,IDR,17587.5,17587.0,-0.28,True,
2026-09-14T13:05:27.243124+00:00,Bitkub,THB,33.245,33.24,-1.5,True,
2026-09-14T13:05:27.243124+00:00,Bithumb,KRW,1358.5,1359.0,3.68,True,
2026-09-14T13:05:27.243124+00:00,Coinone,KRW,1358.5,1359.5,7.36,True,
2026-09-14T13:05:27.243124+00:00,Paribu,TRY,48.5835,48.555,-5.87,True,
2026-09-14T13:05:27.243124+00:00,Pintu,IDR,17623.0,17645.0,12.48,True,
2026-09-14T13:05:27.243124+00:00,Foxbit,BRL,5.18655,5.18995,6.56,True,
2026-09-14T13:05:27.243124+00:00,MercadoBitcoin,BRL,5.18695,5.1892,4.34,True,
2026-09-14T14:05:22.108010+00:00,IndependentReserve,SGD,1.2716,1.271325,-2.16,True,
2026-09-14T14:05:22.108010+00:00,Coins.ph,PHP,62.82,62.825,0.8,True,
2026-09-14T14:05:22.108010+00:00,BTCTurk,TRY,48.5945,48.531,-13.07,True,
2026-09-14T14:05:22.108010+00:00,Upbit,KRW,1359.0,1358.0,-7.36,True,
2026-09-14T14:05:22.108010+00:00,Indodax,IDR,17581.5,17585.5,2.28,True,
2026-09-14T14:05:22.108010+00:00,Bitkub,THB,33.245,33.255,3.01,True,
2026-09-14T14:05:22.108010+00:00,Bithumb,KRW,1358.5,1358.5,0.0,True,
2026-09-14T14:05:22.108010+00:00,Coinone,KRW,1358.5,1358.5,0.0,True,
2026-09-14T14:05:22.108010+00:00,Paribu,TRY,48.591,48.5485,-8.75,True,
2026-09-14T14:05:22.108010+00:00,Pintu,IDR,17641.0,17645.0,2.27,True,
2026-09-14T14:05:22.108010+00:00,Foxbit,BRL,5.19075,5.19285,4.05,True,
2026-09-14T14:05:22.108010+00:00,MercadoBitcoin,BRL,5.18925,5.1935,8.19,True,
2026-09-14T15:05:23.454071+00:00,IndependentReserve,SGD,1.2705,1.271275,6.1,True,
2026-09-14T15:05:23.454071+00:00,Coins.ph,PHP,62.82,62.825,0.8,True,
2026-09-14T15:05:23.454071+00:00,BTCTurk,TRY,48.5995,48.5435,-11.52,True,
2026-09-14T15:05:23.454071+00:00,Upbit,KRW,1358.0,1358.0,0.0,True,
2026-09-14T15:05:23.454071+00:00,Indodax,IDR,17607.5,17589.5,-10.22,True,
2026-09-14T15:05:23.454071+00:00,Bitkub,THB,33.225,33.225,-0.0,True,
2026-09-14T15:05:23.454071+00:00,Bithumb,KRW,1357.5,1358.5,7.37,True,
2026-09-14T15:05:23.454071+00:00,Coinone,KRW,1358.5,1358.5,0.0,True,
2026-09-14T15:05:23.454071+00:00,Paribu,TRY,48.5885,48.558,-6.28,True,
2026-09-14T15:05:23.454071+00:00,Pintu,IDR,17640.0,17634.0,-3.4,True,
2026-09-14T15:05:23.454071+00:00,Foxbit,BRL,5.17915,5.17955,0.77,True,
2026-09-14T15:05:23.454071+00:00,MercadoBitcoin,BRL,5.17945,5.1787,-1.45,True,
2026-09-14T16:05:22.943731+00:00,IndependentReserve,SGD,1.2696,1.269405,-1.54,True,
2026-09-14T16:05:22.943731+00:00,Coins.ph,PHP,62.8,62.805,0.8,True,
2026-09-14T16:05:22.943731+00:00,BTCTurk,TRY,48.6025,48.54,-12.86,True,
2026-09-14T16:05:22.943731+00:00,Upbit,KRW,1356.0,1359.0,22.12,True,
2026-09-14T16:05:22.943731+00:00,Indodax,IDR,17600.5,17597.0,-1.99,True,
2026-09-14T16:05:22.943731+00:00,Bitkub,THB,33.205,33.205,0.0,True,
2026-09-14T16:05:22.943731+00:00,Bithumb,KRW,1356.5,1356.5,0.0,True,
2026-09-14T16:05:22.943731+00:00,Coinone,KRW,1356.5,1356.5,0.0,True,
2026-09-14T16:05:22.943731+00:00,Paribu,TRY,48.6035,48.562,-8.54,True,
2026-09-14T16:05:22.943731+00:00,Pintu,IDR,17634.0,17633.0,-0.57,True,
2026-09-14T16:05:22.943731+00:00,Foxbit,BRL,5.16495,5.16765,5.23,True,
2026-09-14T16:05:22.943731+00:00,MercadoBitcoin,BRL,5.16435,5.1667,4.55,True,
2026-09-14T17:05:23.078440+00:00,IndependentReserve,SGD,1.2689,1.269055,1.22,True,
2026-09-14T17:05:23.078440+00:00,Coins.ph,PHP,62.795,62.805,1.59,True,
2026-09-14T17:05:23.078440+00:00,BTCTurk,TRY,48.582,48.5335,-9.98,True,
2026-09-14T17:05:23.078440+00:00,Upbit,KRW,1354.0,1354.0,0.0,True,
2026-09-14T17:05:23.078440+00:00,Indodax,IDR,17587.5,17588.5,0.57,True,
2026-09-14T17:05:23.078440+00:00,Bitkub,THB,33.115,33.08,-10.57,True,
2026-09-14T17:05:23.078440+00:00,Bithumb,KRW,1354.5,1355.5,7.38,True,
2026-09-14T17:05:23.078440+00:00,Coinone,KRW,1354.5,1354.5,0.0,True,
2026-09-14T17:05:23.078440+00:00,Paribu,TRY,48.5905,48.551,-8.13,True,
2026-09-14T17:05:23.078440+00:00,Pintu,IDR,17614.0,17631.0,9.65,True,
2026-09-14T17:05:23.078440+00:00,Foxbit,BRL,5.15915,5.1611,3.78,True,
2026-09-14T17:05:23.078440+00:00,MercadoBitcoin,BRL,5.15795,5.1601,4.17,True,
2026-09-14T18:05:20.788838+00:00,IndependentReserve,SGD,1.2692,1.269815,4.85,True,
2026-09-14T18:05:20.788838+00:00,Coins.ph,PHP,62.805,62.805,0.0,True,
2026-09-14T18:05:20.788838+00:00,BTCTurk,TRY,48.6165,48.5355,-16.66,True,
2026-09-14T18:05:20.788838+00:00,Upbit,KRW,1354.0,1352.0,-14.77,True,
2026-09-14T18:05:20.788838+00:00,Indodax,IDR,17586.5,17588.0,0.85,True,
2026-09-14T18:05:20.788838+00:00,Bitkub,THB,33.125,33.125,0.0,True,
2026-09-14T18:05:20.788838+00:00,Bithumb,KRW,1353.5,1354.5,7.39,True,
2026-09-14T18:05:20.788838+00:00,Coinone,KRW,1353.5,1353.5,0.0,True,
2026-09-14T18:05:20.788838+00:00,Paribu,TRY,48.5905,48.524,-13.69,True,
2026-09-14T18:05:20.788838+00:00,Pintu,IDR,17622.0,17631.0,5.11,True,
2026-09-14T18:05:20.788838+00:00,Foxbit,BRL,5.16015,5.16095,1.55,True,
2026-09-14T18:05:20.788838+00:00,MercadoBitcoin,BRL,5.16055,5.1603,-0.48,True,
2026-09-14T19:05:23.897621+00:00,IndependentReserve,SGD,1.269,1.26897,-0.24,True,
2026-09-14T19:05:23.897621+00:00,Coins.ph,PHP,62.805,62.805,0.0,True,
2026-09-14T19:05:23.897621+00:00,BTCTurk,TRY,48.58,48.5095,-14.51,True,
2026-09-14T19:05:23.897621+00:00,Upbit,KRW,1350.0,1349.0,-7.41,True,
2026-09-14T19:05:23.897621+00:00,Indodax,IDR,17574.5,17587.0,7.11,True,
2026-09-14T19:05:23.897621+00:00,Bitkub,THB,33.125,33.085,-12.08,True,
2026-09-14T19:05:23.897621+00:00,Bithumb,KRW,1351.5,1351.0,-3.7,True,
2026-09-14T19:05:23.897621+00:00,Coinone,KRW,1350.5,1350.5,0.0,True,
2026-09-14T19:05:23.897621+00:00,Paribu,TRY,48.5655,48.545,-4.22,True,
2026-09-14T19:05:23.897621+00:00,Pintu,IDR,17613.0,17630.0,9.65,True,
2026-09-14T19:05:23.897621+00:00,Foxbit,BRL,5.16305,5.16145,-3.1,True,
2026-09-14T19:05:23.897621+00:00,MercadoBitcoin,BRL,5.16175,5.1603,-2.81,True,
2026-09-14T20:05:24.686037+00:00,IndependentReserve,SGD,1.2699,1.269725,-1.38,True,
2026-09-14T20:05:24.686037+00:00,Coins.ph,PHP,62.815,62.815,0.0,True,
2026-09-14T20:05:24.686037+00:00,BTCTurk,TRY,48.5835,48.513,-14.51,True,
2026-09-14T20:05:24.686037+00:00,Upbit,KRW,1350.0,1351.0,7.41,True,
2026-09-14T20:05:24.686037+00:00,Indodax,IDR,17560.5,17587.0,15.09,True,
2026-09-14T20:05:24.686037+00:00,Bitkub,THB,33.155,33.13,-7.54,True,
2026-09-14T20:05:24.686037+00:00,Bithumb,KRW,1351.5,1351.5,0.0,True,
2026-09-14T20:05:24.686037+00:00,Coinone,KRW,1351.5,1350.5,-7.4,True,
2026-09-14T20:05:24.686037+00:00,Paribu,TRY,48.5905,48.5405,-10.29,True,
2026-09-14T20:05:24.686037+00:00,Pintu,IDR,17613.0,17630.0,9.65,True,
2026-09-14T20:05:24.686037+00:00,Foxbit,BRL,5.16145,5.1607,-1.45,True,
2026-09-14T20:05:24.686037+00:00,MercadoBitcoin,BRL,5.16165,5.1624,1.45,True,
2026-09-14T21:05:23.509853+00:00,IndependentReserve,SGD,1.27085,1.27094,0.71,True,
2026-09-14T21:05:23.509853+00:00,Coins.ph,PHP,62.815,62.825,1.59,True,
2026-09-14T21:05:23.509853+00:00,BTCTurk,TRY,48.5775,48.507,-14.51,True,
2026-09-14T21:05:23.509853+00:00,Upbit,KRW,1348.0,1347.0,-7.42,True,
2026-09-14T21:05:23.509853+00:00,Indodax,IDR,17540.5,17563.0,12.83,True,
2026-09-14T21:05:23.509853+00:00,Bitkub,THB,33.155,33.165,3.02,True,
2026-09-14T21:05:23.509853+00:00,Bithumb,KRW,1349.5,1350.5,7.41,True,
2026-09-14T21:05:23.509853+00:00,Coinone,KRW,1349.5,1348.5,-7.41,True,
2026-09-14T21:05:23.509853+00:00,Paribu,TRY,48.5645,48.538,-5.46,True,
2026-09-14T21:05:23.509853+00:00,Pintu,IDR,17612.0,17630.0,10.22,True,
2026-09-14T21:05:23.509853+00:00,Foxbit,BRL,5.16505,5.16235,-5.23,True,
2026-09-14T21:05:23.509853+00:00,MercadoBitcoin,BRL,5.16315,5.16295,-0.39,True,
2026-09-14T22:05:23.129434+00:00,IndependentReserve,SGD,1.27033,1.270715,3.03,True,
2026-09-14T22:05:23.129434+00:00,Coins.ph,PHP,62.81,62.82,1.59,True,
2026-09-14T22:05:23.129434+00:00,BTCTurk,TRY,48.5455,48.501,-9.17,True,
2026-09-14T22:05:23.129434+00:00,Upbit,KRW,1347.0,1347.0,0.0,True,
2026-09-14T22:05:23.129434+00:00,Indodax,IDR,17530.5,17558.5,15.97,True,
2026-09-14T22:05:23.129434+00:00,Bitkub,THB,33.155,33.165,3.02,True,
2026-09-14T22:05:23.129434+00:00,Bithumb,KRW,1348.5,1349.0,3.71,True,
2026-09-14T22:05:23.129434+00:00,Coinone,KRW,1348.5,1348.5,0.0,True,
2026-09-14T22:05:23.129434+00:00,Paribu,TRY,48.5645,48.5045,-12.35,True,
2026-09-14T22:05:23.129434+00:00,Pintu,IDR,17603.0,17631.0,15.91,True,
2026-09-14T22:05:23.129434+00:00,Foxbit,BRL,5.16105,5.1603,-1.45,True,
2026-09-14T22:05:23.129434+00:00,MercadoBitcoin,BRL,5.15915,5.15895,-0.39,True,
2026-09-14T23:05:24.081008+00:00,IndependentReserve,SGD,1.2697,1.270265,4.45,True,
2026-09-14T23:05:24.081008+00:00,Coins.ph,PHP,62.805,62.81,0.8,True,
2026-09-14T23:05:24.081008+00:00,BTCTurk,TRY,48.571,48.504,-13.79,True,
2026-09-14T23:05:24.081008+00:00,Upbit,KRW,1349.0,1348.0,-7.41,True,
2026-09-14T23:05:24.081008+00:00,Indodax,IDR,17517.5,17557.0,22.55,True,
2026-09-14T23:05:24.081008+00:00,Bitkub,THB,33.165,33.18,4.52,True,
2026-09-14T23:05:24.081008+00:00,Bithumb,KRW,1349.5,1349.5,0.0,True,
2026-09-14T23:05:24.081008+00:00,Coinone,KRW,1349.5,1349.5,0.0,True,
2026-09-14T23:05:24.081008+00:00,Paribu,TRY,48.5725,48.536,-7.51,True,
2026-09-14T23:05:24.081008+00:00,Pintu,IDR,17604.0,17631.0,15.34,True,
2026-09-14T23:05:24.081008+00:00,Foxbit,BRL,5.16245,5.1617,-1.45,True,
2026-09-14T23:05:24.081008+00:00,MercadoBitcoin,BRL,5.15985,5.1606,1.45,True,
2026-09-15T00:05:24.208051+00:00,IndependentReserve,SGD,1.27038,1.27123,6.69,True,
2026-09-15T00:05:24.208051+00:00,Coins.ph,PHP,62.795,62.81,2.39,True,
2026-09-15T00:05:24.208051+00:00,BTCTurk,TRY,48.587,48.5235,-13.07,True,
2026-09-15T00:05:24.208051+00:00,Upbit,KRW,1351.0,1349.0,-14.8,True,
2026-09-15T00:05:24.208051+00:00,Indodax,IDR,17519.5,17567.0,27.11,True,
2026-09-15T00:05:24.208051+00:00,Bitkub,THB,33.185,33.18,-1.51,True,
2026-09-15T00:05:24.208051+00:00,Bithumb,KRW,1351.5,1351.5,0.0,True,
2026-09-15T00:05:24.208051+00:00,Coinone,KRW,1352.5,1352.5,0.0,True,
2026-09-15T00:05:24.208051+00:00,Paribu,TRY,48.5725,48.553,-4.01,True,
2026-09-15T00:05:24.208051+00:00,Pintu,IDR,17580.0,17631.0,29.01,True,
2026-09-15T00:05:24.208051+00:00,Foxbit,BRL,5.16375,5.16105,-5.23,True,
2026-09-15T00:05:24.208051+00:00,MercadoBitcoin,BRL,5.16125,5.16275,2.91,True,
2026-09-15T01:05:32.508996+00:00,IndependentReserve,SGD,1.2707,1.271485,6.18,True,
2026-09-15T01:05:32.508996+00:00,Coins.ph,PHP,62.865,62.865,-0.0,True,
2026-09-15T01:05:32.508996+00:00,BTCTurk,TRY,48.5895,48.5155,-15.23,True,
2026-09-15T01:05:32.508996+00:00,Upbit,KRW,1354.0,1354.0,0.0,True,
2026-09-15T01:05:32.508996+00:00,Indodax,IDR,17539.5,17559.5,11.4,True,
2026-09-15T01:05:32.508996+00:00,Bitkub,THB,33.175,33.135,-12.06,True,
2026-09-15T01:05:32.508996+00:00,Bithumb,KRW,1353.5,1353.5,0.0,True,
2026-09-15T01:05:32.508996+00:00,Coinone,KRW,1353.5,1353.5,0.0,True,
2026-09-15T01:05:32.508996+00:00,Paribu,TRY,48.5725,48.5415,-6.38,True,
2026-09-15T01:05:32.508996+00:00,Pintu,IDR,17579.0,17632.0,30.15,True,
2026-09-15T01:05:32.508996+00:00,Foxbit,BRL,5.16205,5.16135,-1.36,True,
2026-09-15T01:05:32.508996+00:00,MercadoBitcoin,BRL,5.16035,5.16185,2.91,True,
2026-09-15T02:05:22.730630+00:00,IndependentReserve,SGD,1.2717,1.27131,-3.07,True,
2026-09-15T02:05:22.730630+00:00,Coins.ph,PHP,62.805,62.805,0.0,True,
2026-09-15T02:05:22.730630+00:00,BTCTurk,TRY,48.5645,48.514,-10.4,True,
2026-09-15T02:05:22.730630+00:00,Upbit,KRW,1355.0,1355.0,0.0,True,
2026-09-15T02:05:22.730630+00:00,Indodax,IDR,17540.5,17562.0,12.26,True,
2026-09-15T02:05:22.730630+00:00,Bitkub,THB,33.22,33.205,-4.52,True,
2026-09-15T02:05:22.730630+00:00,Bithumb,KRW,1355.5,1354.5,-7.38,True,
2026-09-15T02:05:22.730630+00:00,Coinone,KRW,1354.5,1355.5,7.38,True,
2026-09-15T02:05:22.730630+00:00,Paribu,TRY,48.5735,48.5415,-6.59,True,
2026-09-15T02:05:22.730630+00:00,Pintu,IDR,17581.0,17642.0,34.7,True,
2026-09-15T02:05:22.730630+00:00,Foxbit,BRL,5.16545,5.16755,4.07,True,
2026-09-15T02:05:22.730630+00:00,MercadoBitcoin,BRL,5.16205,5.16435,4.46,True,
2026-09-15T03:05:31.759793+00:00,IndependentReserve,SGD,1.27161,1.272615,7.9,True,
2026-09-15T03:05:31.759793+00:00,Coins.ph,PHP,62.825,62.835,1.59,True,
2026-09-15T03:05:31.759793+00:00,BTCTurk,TRY,48.5395,48.514,-5.25,True,
2026-09-15T03:05:31.759793+00:00,Upbit,KRW,1357.0,1358.0,7.37,True,
2026-09-15T03:05:31.759793+00:00,Indodax,IDR,17596.5,17547.5,-27.85,True,
2026-09-15T03:05:31.759793+00:00,Bitkub,THB,33.215,33.22,1.51,True,
2026-09-15T03:05:31.759793+00:00,Bithumb,KRW,1357.5,1358.0,3.68,True,
2026-09-15T03:05:31.759793+00:00,Coinone,KRW,1357.5,1357.5,0.0,True,
2026-09-15T03:05:31.759793+00:00,Paribu,TRY,48.5735,48.5415,-6.59,True,
2026-09-15T03:05:31.759793+00:00,Pintu,IDR,17607.0,17643.0,20.45,True,
2026-09-15T03:05:31.759793+00:00,Foxbit,BRL,5.16755,5.1712,7.06,True,
2026-09-15T03:05:31.759793+00:00,MercadoBitcoin,BRL,5.16655,5.16845,3.68,True,
2026-09-15T04:05:25.968782+00:00,IndependentReserve,SGD,1.2715,1.271835,2.63,True,
2026-09-15T04:05:25.968782+00:00,Coins.ph,PHP,62.845,62.855,1.59,True,
2026-09-15T04:05:25.968782+00:00,BTCTurk,TRY,48.596,48.559,-7.61,True,
2026-09-15T04:05:25.968782+00:00,Upbit,KRW,1359.0,1359.0,0.0,True,
2026-09-15T04:05:25.968782+00:00,Indodax,IDR,17603.5,17586.5,-9.66,True,
2026-09-15T04:05:25.968782+00:00,Bitkub,THB,33.215,33.225,3.01,True,
2026-09-15T04:05:25.968782+00:00,Bithumb,KRW,1358.5,1358.5,0.0,True,
2026-09-15T04:05:25.968782+00:00,Coinone,KRW,1358.5,1358.5,0.0,True,
2026-09-15T04:05:25.968782+00:00,Paribu,TRY,48.5825,48.541,-8.54,True,
2026-09-15T04:05:25.968782+00:00,Pintu,IDR,17627.0,17643.0,9.08,True,
2026-09-15T04:05:25.968782+00:00,Foxbit,BRL,5.16775,5.1701,4.55,True,
2026-09-15T04:05:25.968782+00:00,MercadoBitcoin,BRL,5.16995,5.17025,0.58,True,
2026-09-15T05:05:22.298300+00:00,IndependentReserve,SGD,1.2721,1.27236,2.04,True,
2026-09-15T05:05:22.298300+00:00,Coins.ph,PHP,62.865,62.865,-0.0,True,
2026-09-15T05:05:22.298300+00:00,BTCTurk,TRY,48.606,48.556,-10.29,True,
2026-09-15T05:05:22.298300+00:00,Upbit,KRW,1357.0,1358.0,7.37,True,
2026-09-15T05:05:22.298300+00:00,Indodax,IDR,17620.5,17599.5,-11.92,True,
2026-09-15T05:05:22.298300+00:00,Bitkub,THB,33.215,33.205,-3.01,True,
2026-09-15T05:05:22.298300+00:00,Bithumb,KRW,1357.5,1358.0,3.68,True,
2026-09-15T05:05:22.298300+00:00,Coinone,KRW,1357.5,1357.5,0.0,True,
2026-09-15T05:05:22.298300+00:00,Paribu,TRY,48.5785,48.5415,-7.62,True,
2026-09-15T05:05:22.298300+00:00,Pintu,IDR,17628.0,17663.0,19.85,True,
2026-09-15T05:05:22.298300+00:00,Foxbit,BRL,5.16775,5.1707,5.71,True,
2026-09-15T05:05:22.298300+00:00,MercadoBitcoin,BRL,5.16995,5.17115,2.32,True,
2026-09-15T06:05:20.614334+00:00,IndependentReserve,SGD,1.27234,1.27168,-5.19,True,
2026-09-15T06:05:20.614334+00:00,Coins.ph,PHP,62.855,62.855,0.0,True,
2026-09-15T06:05:20.614334+00:00,BTCTurk,TRY,48.6045,48.588,-3.39,True,
2026-09-15T06:05:20.614334+00:00,Upbit,KRW,1359.0,1359.0,0.0,True,
2026-09-15T06:05:20.614334+00:00,Indodax,IDR,17619.5,17599.5,-11.35,True,
2026-09-15T06:05:20.614334+00:00,Bitkub,THB,33.235,33.235,0.0,True,
2026-09-15T06:05:20.614334+00:00,Bithumb,KRW,1359.5,1359.5,0.0,True,
2026-09-15T06:05:20.614334+00:00,Coinone,KRW,1359.5,1359.5,0.0,True,
2026-09-15T06:05:20.614334+00:00,Paribu,TRY,48.5895,48.5945,1.03,True,
2026-09-15T06:05:20.614334+00:00,Pintu,IDR,17654.0,17653.0,-0.57,True,
2026-09-15T06:05:20.614334+00:00,Foxbit,BRL,5.16945,5.17075,2.51,True,
2026-09-15T06:05:20.614334+00:00,MercadoBitcoin,BRL,5.16995,5.1703,0.68,True,
2026-09-15T07:05:25.437569+00:00,IndependentReserve,SGD,1.2716,1.272565,7.59,True,
2026-09-15T07:05:25.437569+00:00,Coins.ph,PHP,62.845,62.845,0.0,True,
2026-09-15T07:05:25.437569+00:00,BTCTurk,TRY,48.5935,48.546,-9.77,True,
2026-09-15T07:05:25.437569+00:00,Upbit,KRW,1360.0,1358.0,-14.71,True,
2026-09-15T07:05:25.437569+00:00,Indodax,IDR,17637.5,17599.5,-21.55,True,
2026-09-15T07:05:25.437569+00:00,Bitkub,THB,33.255,33.255,-0.0,True,
2026-09-15T07:05:25.437569+00:00,Bithumb,KRW,1360.5,1361.0,3.68,True,
2026-09-15T07:05:25.437569+00:00,Coinone,KRW,1360.5,1360.5,0.0,True,
2026-09-15T07:05:25.437569+00:00,Paribu,TRY,48.6155,48.5995,-3.29,True,
2026-09-15T07:05:25.437569+00:00,Pintu,IDR,17662.0,17653.0,-5.1,True,
2026-09-15T07:05:25.437569+00:00,Foxbit,BRL,5.17575,5.17695,2.32,True,
2026-09-15T07:05:25.437569+00:00,MercadoBitcoin,BRL,5.17495,5.1776,5.12,True,
2026-09-15T08:05:20.734786+00:00,IndependentReserve,SGD,1.272015,1.27304,8.06,True,
2026-09-15T08:05:20.734786+00:00,Coins.ph,PHP,62.8,62.805,0.8,True,
2026-09-15T08:05:20.734786+00:00,BTCTurk,TRY,48.608,48.5335,-15.33,True,
2026-09-15T08:05:20.734786+00:00,Upbit,KRW,1361.0,1362.0,7.35,True,
2026-09-15T08:05:20.734786+00:00,Indodax,IDR,17654.5,17620.5,-19.26,True,
2026-09-15T08:05:20.734786+00:00,Bitkub,THB,33.225,33.235,3.01,True,
2026-09-15T08:05:20.734786+00:00,Bithumb,KRW,1361.5,1361.5,0.0,True,
2026-09-15T08:05:20.734786+00:00,Coinone,KRW,1361.5,1362.5,7.34,True,
2026-09-15T08:05:20.734786+00:00,Paribu,TRY,48.6225,48.5915,-6.38,True,
2026-09-15T08:05:20.734786+00:00,Pintu,IDR,17663.0,17655.0,-4.53,True,
2026-09-15T08:05:20.734786+00:00,Foxbit,BRL,5.17885,5.17695,-3.67,True,
2026-09-15T08:05:20.734786+00:00,MercadoBitcoin,BRL,5.17905,5.1798,1.45,True,
2026-09-15T09:05:21.714421+00:00,IndependentReserve,SGD,1.2717,1.271935,1.85,True,
2026-09-15T09:05:21.714421+00:00,Coins.ph,PHP,62.845,62.855,1.59,True,
2026-09-15T09:05:21.714421+00:00,BTCTurk,TRY,48.613,48.605,-1.65,True,
2026-09-15T09:05:21.714421+00:00,Upbit,KRW,1362.0,1361.0,-7.34,True,
2026-09-15T09:05:21.714421+00:00,Indodax,IDR,17667.5,17665.0,-1.42,True,
2026-09-15T09:05:21.714421+00:00,Bitkub,THB,33.245,33.295,15.04,True,
2026-09-15T09:05:21.714421+00:00,Bithumb,KRW,1362.5,1362.5,0.0,True,
2026-09-15T09:05:21.714421+00:00,Coinone,KRW,1362.5,1362.5,0.0,True,
2026-09-15T09:05:21.714421+00:00,Paribu,TRY,48.596,48.6215,5.25,True,
2026-09-15T09:05:21.714421+00:00,Pintu,IDR,17654.0,17665.0,6.23,True,
2026-09-15T09:05:21.714421+00:00,Foxbit,BRL,5.17735,5.17695,-0.77,True,
2026-09-15T09:05:21.714421+00:00,MercadoBitcoin,BRL,5.17795,5.17975,3.48,True,
2026-09-15T10:05:22.768833+00:00,IndependentReserve,SGD,1.27135,1.27215,6.29,True,
2026-09-15T10:05:22.768833+00:00,Coins.ph,PHP,62.82,62.815,-0.8,True,
2026-09-15T10:05:22.768833+00:00,BTCTurk,TRY,48.6045,48.6035,-0.21,True,
2026-09-15T10:05:22.768833+00:00,Upbit,KRW,1364.0,1363.0,-7.33,True,
2026-09-15T10:05:22.768833+00:00,Indodax,IDR,17646.0,17661.0,8.5,True,
2026-09-15T10:05:22.768833+00:00,Bitkub,THB,33.225,33.245,6.02,True,
2026-09-15T10:05:22.768833+00:00,Bithumb,KRW,1364.5,1364.0,-3.66,True,
2026-09-15T10:05:22.768833+00:00,Coinone,KRW,1364.5,1364.5,0.0,True,
2026-09-15T10:05:22.768833+00:00,Paribu,TRY,48.6125,48.5445,-13.99,True,
2026-09-15T10:05:22.768833+00:00,Pintu,IDR,17662.0,17665.0,1.7,True,
2026-09-15T10:05:22.768833+00:00,Foxbit,BRL,5.17555,5.17675,2.32,True,
2026-09-15T10:05:22.768833+00:00,MercadoBitcoin,BRL,5.17735,5.17815,1.55,True,
2026-09-15T11:05:24.450696+00:00,IndependentReserve,SGD,1.2714,1.271515,0.9,True,
2026-09-15T11:05:24.450696+00:00,Coins.ph,PHP,62.845,62.86,2.39,True,
2026-09-15T11:05:24.450696+00:00,BTCTurk,TRY,48.599,48.5495,-10.19,True,
2026-09-15T11:05:24.450696+00:00,Upbit,KRW,1365.0,1363.0,-14.65,True,
2026-09-15T11:05:24.450696+00:00,Indodax,IDR,17637.5,17659.0,12.19,True,
2026-09-15T11:05:24.450696+00:00,Bitkub,THB,33.205,33.245,12.05,True,
2026-09-15T11:05:24.450696+00:00,Bithumb,KRW,1364.5,1364.5,0.0,True,
2026-09-15T11:05:24.450696+00:00,Coinone,KRW,1363.5,1364.5,7.33,True,
2026-09-15T11:05:24.450696+00:00,Paribu,TRY,48.6085,48.5555,-10.9,True,
2026-09-15T11:05:24.450696+00:00,Pintu,IDR,17677.0,17666.0,-6.22,True,
2026-09-15T11:05:24.450696+00:00,Foxbit,BRL,5.17495,5.17685,3.67,True,
2026-09-15T11:05:24.450696+00:00,MercadoBitcoin,BRL,5.17345,5.17635,5.61,True,
2026-09-15T12:05:25.545137+00:00,IndependentReserve,SGD,1.271355,1.27214,6.17,True,
2026-09-15T12:05:25.545137+00:00,Coins.ph,PHP,62.815,62.82,0.8,True,
2026-09-15T12:05:25.545137+00:00,BTCTurk,TRY,48.6135,48.5975,-3.29,True,
2026-09-15T12:05:25.545137+00:00,Upbit,KRW,1362.0,1362.0,0.0,True,
2026-09-15T12:05:25.545137+00:00,Indodax,IDR,17636.5,17670.5,19.28,True,
2026-09-15T12:05:25.545137+00:00,Bitkub,THB,33.225,33.235,3.01,True,
2026-09-15T12:05:25.545137+00:00,Bithumb,KRW,1362.5,1363.5,7.34,True,
2026-09-15T12:05:25.545137+00:00,Coinone,KRW,1361.5,1362.5,7.34,True,
2026-09-15T12:05:25.545137+00:00,Paribu,TRY,48.6035,48.5565,-9.67,True,
2026-09-15T12:05:25.545137+00:00,Pintu,IDR,17674.0,17664.0,-5.66,True,
2026-09-15T12:05:25.545137+00:00,Foxbit,BRL,5.16855,5.1694,1.64,True,
2026-09-15T12:05:25.545137+00:00,MercadoBitcoin,BRL,5.16965,5.17075,2.13,True,
2026-09-15T13:05:22.303847+00:00,IndependentReserve,SGD,1.271,1.271285,2.24,True,
2026-09-15T13:05:22.303847+00:00,Coins.ph,PHP,62.815,62.805,-1.59,True,
2026-09-15T13:05:22.303847+00:00,BTCTurk,TRY,48.6075,48.5955,-2.47,True,
2026-09-15T13:05:22.303847+00:00,Upbit,KRW,1360.0,1362.0,14.71,True,
2026-09-15T13:05:22.303847+00:00,Indodax,IDR,17633.5,17674.5,23.25,True,
2026-09-15T13:05:22.303847+00:00,Bitkub,THB,33.215,33.24,7.53,True,
2026-09-15T13:05:22.303847+00:00,Bithumb,KRW,1360.5,1360.5,0.0,True,
2026-09-15T13:05:22.303847+00:00,Coinone,KRW,1360.5,1361.5,7.35,True,
2026-09-15T13:05:22.303847+00:00,Paribu,TRY,48.5835,48.553,-6.28,True,
2026-09-15T13:05:22.303847+00:00,Pintu,IDR,17659.0,17665.0,3.4,True,
2026-09-15T13:05:22.303847+00:00,Foxbit,BRL,5.14835,5.14795,-0.78,True,
2026-09-15T13:05:22.303847+00:00,MercadoBitcoin,BRL,5.15065,5.14905,-3.11,True,
2026-09-15T14:05:38.204137+00:00,IndependentReserve,SGD,1.2716,1.27159,-0.08,True,
2026-09-15T14:05:38.204137+00:00,Coins.ph,PHP,62.815,62.815,0.0,True,
2026-09-15T14:05:38.204137+00:00,BTCTurk,TRY,48.621,48.5705,-10.39,True,
2026-09-15T14:05:38.204137+00:00,Upbit,KRW,1363.0,1362.0,-7.34,True,
2026-09-15T14:05:38.204137+00:00,Indodax,IDR,17638.5,17650.5,6.8,True,
2026-09-15T14:05:38.204137+00:00,Bitkub,THB,33.255,33.265,3.01,True,
2026-09-15T14:05:38.204137+00:00,Bithumb,KRW,1362.5,1364.0,11.01,True,
2026-09-15T14:05:38.204137+00:00,Coinone,KRW,1362.5,1363.5,7.34,True,
2026-09-15T14:05:38.204137+00:00,Paribu,TRY,48.6115,48.5715,-8.23,True,
2026-09-15T14:05:38.204137+00:00,Pintu,IDR,17665.0,17667.0,1.13,True,
2026-09-15T14:05:38.204137+00:00,Foxbit,BRL,5.15565,5.15495,-1.36,True,
2026-09-15T14:05:38.204137+00:00,MercadoBitcoin,BRL,5.15505,5.1576,4.95,True,
2026-09-15T15:05:31.345220+00:00,IndependentReserve,SGD,1.27275,1.27223,-4.09,True,
2026-09-15T15:05:31.345220+00:00,Coins.ph,PHP,62.795,62.82,3.98,True,
2026-09-15T15:05:31.345220+00:00,BTCTurk,TRY,48.6315,48.5725,-12.13,True,
2026-09-15T15:05:31.345220+00:00,Upbit,KRW,1368.0,1370.0,14.62,True,
2026-09-15T15:05:31.345220+00:00,Indodax,IDR,17644.5,17694.0,28.05,True,
2026-09-15T15:05:31.345220+00:00,Bitkub,THB,33.265,33.27,1.5,True,
2026-09-15T15:05:31.345220+00:00,Bithumb,KRW,1367.5,1369.0,10.97,True,
2026-09-15T15:05:31.345220+00:00,Coinone,KRW,1367.5,1368.5,7.31,True,
2026-09-15T15:05:31.345220+00:00,Paribu,TRY,48.6575,48.642,-3.19,True,
2026-09-15T15:05:31.345220+00:00,Pintu,IDR,17678.0,17668.0,-5.66,True,
2026-09-15T15:05:31.345220+00:00,Foxbit,BRL,5.16735,5.16985,4.84,True,
2026-09-15T15:05:31.345220+00:00,MercadoBitcoin,BRL,5.16555,5.16915,6.97,True,
2026-09-15T16:05:20.576060+00:00,IndependentReserve,SGD,1.27235,1.272625,2.16,True,
2026-09-15T16:05:20.576060+00:00,Coins.ph,PHP,62.805,62.825,3.18,True,
2026-09-15T16:05:20.576060+00:00,BTCTurk,TRY,48.636,48.6245,-2.36,True,
2026-09-15T16:05:20.576060+00:00,Upbit,KRW,1369.0,1369.0,0.0,True,
2026-09-15T16:05:20.576060+00:00,Indodax,IDR,17646.5,17685.5,22.1,True,
2026-09-15T16:05:20.576060+00:00,Bitkub,THB,33.265,33.285,6.01,True,
2026-09-15T16:05:20.576060+00:00,Bithumb,KRW,1369.5,1369.5,0.0,True,
2026-09-15T16:05:20.576060+00:00,Coinone,KRW,1369.5,1370.0,3.65,True,
2026-09-15T16:05:20.576060+00:00,Paribu,TRY,48.638,48.627,-2.26,True,
2026-09-15T16:05:20.576060+00:00,Pintu,IDR,17677.0,17669.0,-4.53,True,
2026-09-15T16:05:20.576060+00:00,Foxbit,BRL,5.15675,5.1574,1.26,True,
2026-09-15T16:05:20.576060+00:00,MercadoBitcoin,BRL,5.15605,5.15915,6.01,True,
2026-09-15T17:05:23.227667+00:00,IndependentReserve,SGD,1.27214,1.273185,8.21,True,
2026-09-15T17:05:23.227667+00:00,Coins.ph,PHP,62.785,62.81,3.98,True,
2026-09-15T17:05:23.227667+00:00,BTCTurk,TRY,48.6475,48.6445,-0.62,True,
2026-09-15T17:05:23.227667+00:00,Upbit,KRW,1368.0,1369.0,7.31,True,
2026-09-15T17:05:23.227667+00:00,Indodax,IDR,17646.5,17688.5,23.8,True,
2026-09-15T17:05:23.227667+00:00,Bitkub,THB,33.265,33.265,0.0,True,
2026-09-15T17:05:23.227667+00:00,Bithumb,KRW,1368.5,1369.5,7.31,True,
2026-09-15T17:05:23.227667+00:00,Coinone,KRW,1367.5,1368.5,7.31,True,
2026-09-15T17:05:23.227667+00:00,Paribu,TRY,48.6385,48.624,-2.98,True,
2026-09-15T17:05:23.227667+00:00,Pintu,IDR,17684.0,17669.0,-8.48,True,
2026-09-15T17:05:23.227667+00:00,Foxbit,BRL,5.15765,5.15875,2.13,True,
2026-09-15T17:05:23.227667+00:00,MercadoBitcoin,BRL,5.15835,5.1611,5.33,True,
2026-09-15T18:05:22.519662+00:00,IndependentReserve,SGD,1.27245,1.27301,4.4,True,
2026-09-15T18:05:22.519662+00:00,Coins.ph,PHP,62.775,62.815,6.37,True,
2026-09-15T18:05:22.519662+00:00,BTCTurk,TRY,48.6495,48.634,-3.19,True,
2026-09-15T18:05:22.519662+00:00,Upbit,KRW,1366.0,1365.0,-7.32,True,
2026-09-15T18:05:22.519662+00:00,Indodax,IDR,17646.5,17692.5,26.07,True,
2026-09-15T18:05:22.519662+00:00,Bitkub,THB,33.265,33.265,0.0,True,
2026-09-15T18:05:22.519662+00:00,Bithumb,KRW,1365.5,1365.5,0.0,True,
2026-09-15T18:05:22.519662+00:00,Coinone,KRW,1365.5,1365.5,0.0,True,
2026-09-15T18:05:22.519662+00:00,Paribu,TRY,48.6395,48.632,-1.54,True,
2026-09-15T18:05:22.519662+00:00,Pintu,IDR,17681.0,17669.0,-6.79,True,
2026-09-15T18:05:22.519662+00:00,Foxbit,BRL,5.16385,5.16385,0.0,True,
2026-09-15T18:05:22.519662+00:00,MercadoBitcoin,BRL,5.16075,5.1648,7.85,True,
2026-09-15T19:05:22.404770+00:00,IndependentReserve,SGD,1.2721,1.273135,8.14,True,
2026-09-15T19:05:22.404770+00:00,Coins.ph,PHP,62.785,62.815,4.78,True,
2026-09-15T19:05:22.404770+00:00,BTCTurk,TRY,48.6495,48.633,-3.39,True,
2026-09-15T19:05:22.404770+00:00,Upbit,KRW,1368.0,1367.0,-7.31,True,
2026-09-15T19:05:22.404770+00:00,Indodax,IDR,17649.5,17676.0,15.01,True,
2026-09-15T19:05:22.404770+00:00,Bitkub,THB,33.295,33.265,-9.01,True,
2026-09-15T19:05:22.404770+00:00,Bithumb,KRW,1367.5,1368.5,7.31,True,
2026-09-15T19:05:22.404770+00:00,Coinone,KRW,1367.5,1368.5,7.31,True,
2026-09-15T19:05:22.404770+00:00,Paribu,TRY,48.686,48.624,-12.73,True,
2026-09-15T19:05:22.404770+00:00,Pintu,IDR,17650.0,17670.0,11.33,True,
2026-09-15T19:05:22.404770+00:00,Foxbit,BRL,5.16315,5.16455,2.71,True,
2026-09-15T19:05:22.404770+00:00,MercadoBitcoin,BRL,5.16105,5.16555,8.72,True,
2026-09-15T20:05:24.077711+00:00,IndependentReserve,SGD,1.27246,1.27339,7.31,True,
2026-09-15T20:05:24.077711+00:00,Coins.ph,PHP,62.785,62.82,5.57,True,
2026-09-15T20:05:24.077711+00:00,BTCTurk,TRY,48.6505,48.6525,0.41,True,
2026-09-15T20:05:24.077711+00:00,Upbit,KRW,1366.0,1367.0,7.32,True,
2026-09-15T20:05:24.077711+00:00,Indodax,IDR,17659.5,17687.0,15.57,True,
2026-09-15T20:05:24.077711+00:00,Bitkub,THB,33.295,33.295,0.0,True,
2026-09-15T20:05:24.077711+00:00,Bithumb,KRW,1366.5,1367.5,7.32,True,
2026-09-15T20:05:24.077711+00:00,Coinone,KRW,1366.5,1367.5,7.32,True,
2026-09-15T20:05:24.077711+00:00,Paribu,TRY,48.6265,48.607,-4.01,True,
2026-09-15T20:05:24.077711+00:00,Pintu,IDR,17699.0,17672.0,-15.26,True,
2026-09-15T20:05:24.077711+00:00,Foxbit,BRL,5.16245,5.16495,4.84,True,
2026-09-15T20:05:24.077711+00:00,MercadoBitcoin,BRL,5.16335,5.16685,6.78,True,
2026-09-15T21:05:21.727999+00:00,IndependentReserve,SGD,1.2722,1.272195,-0.04,True,
2026-09-15T21:05:21.727999+00:00,Coins.ph,PHP,62.785,62.82,5.57,True,
2026-09-15T21:05:21.727999+00:00,BTCTurk,TRY,48.6505,48.653,0.51,True,
2026-09-15T21:05:21.727999+00:00,Upbit,KRW,1367.0,1366.0,-7.32,True,
2026-09-15T21:05:21.727999+00:00,Indodax,IDR,17663.5,17690.0,15.0,True,
2026-09-15T21:05:21.727999+00:00,Bitkub,THB,33.295,33.295,0.0,True,
2026-09-15T21:05:21.727999+00:00,Bithumb,KRW,1366.5,1367.0,3.66,True,
2026-09-15T21:05:21.727999+00:00,Coinone,KRW,1366.5,1367.5,7.32,True,
2026-09-15T21:05:21.727999+00:00,Paribu,TRY,48.6405,48.6355,-1.03,True,
2026-09-15T21:05:21.727999+00:00,Pintu,IDR,17695.0,17672.0,-13.0,True,
2026-09-15T21:05:21.727999+00:00,Foxbit,BRL,5.16335,5.1686,10.17,True,
2026-09-15T21:05:21.727999+00:00,MercadoBitcoin,BRL,5.16335,5.1681,9.2,True,
2026-09-15T22:05:22.769180+00:00,IndependentReserve,SGD,1.272,1.272355,2.79,True,
2026-09-15T22:05:22.769180+00:00,Coins.ph,PHP,62.785,62.82,5.57,True,
2026-09-15T22:05:22.769180+00:00,BTCTurk,TRY,48.6505,48.6645,2.88,True,
2026-09-15T22:05:22.769180+00:00,Upbit,KRW,1361.0,1360.0,-7.35,True,
2026-09-15T22:05:22.769180+00:00,Indodax,IDR,17669.5,17668.0,-0.85,True,
2026-09-15T22:05:22.769180+00:00,Bitkub,THB,33.275,33.315,12.02,True,
2026-09-15T22:05:22.769180+00:00,Bithumb,KRW,1360.5,1361.0,3.68,True,
2026-09-15T22:05:22.769180+00:00,Coinone,KRW,1360.5,1361.5,7.35,True,
2026-09-15T22:05:22.769180+00:00,Paribu,TRY,48.6435,48.6375,-1.23,True,
2026-09-15T22:05:22.769180+00:00,Pintu,IDR,17695.0,17671.0,-13.56,True,
2026-09-15T22:05:22.769180+00:00,Foxbit,BRL,5.16975,5.17115,2.71,True,
2026-09-15T22:05:22.769180+00:00,MercadoBitcoin,BRL,5.16775,5.1711,6.48,True,
2026-09-15T23:05:23.463099+00:00,IndependentReserve,SGD,1.272345,1.271945,-3.14,True,
2026-09-15T23:05:23.463099+00:00,Coins.ph,PHP,62.785,62.815,4.78,True,
2026-09-15T23:05:23.463099+00:00,BTCTurk,TRY,48.6505,48.6645,2.88,True,
2026-09-15T23:05:23.463099+00:00,Upbit,KRW,1358.0,1358.0,0.0,True,
2026-09-15T23:05:23.463099+00:00,Indodax,IDR,17669.5,17673.5,2.26,True,
2026-09-15T23:05:23.463099+00:00,Bitkub,THB,33.275,33.285,3.01,True,
2026-09-15T23:05:23.463099+00:00,Bithumb,KRW,1359.5,1358.5,-7.36,True,
2026-09-15T23:05:23.463099+00:00,Coinone,KRW,1358.5,1359.5,7.36,True,
2026-09-15T23:05:23.463099+00:00,Paribu,TRY,48.6435,48.633,-2.16,True,
2026-09-15T23:05:23.463099+00:00,Pintu,IDR,17685.0,17670.0,-8.48,True,
2026-09-15T23:05:23.463099+00:00,Foxbit,BRL,5.17125,5.1726,2.61,True,
2026-09-15T23:05:23.463099+00:00,MercadoBitcoin,BRL,5.16945,5.17265,6.19,True,
2026-09-16T00:05:22.364103+00:00,IndependentReserve,SGD,1.27245,1.273535,8.53,True,
2026-09-16T00:05:22.364103+00:00,Coins.ph,PHP,62.785,62.815,4.78,True,
2026-09-16T00:05:22.364103+00:00,BTCTurk,TRY,48.6375,48.6645,5.55,True,
2026-09-16T00:05:22.364103+00:00,Upbit,KRW,1362.0,1361.0,-7.34,True,
2026-09-16T00:05:22.364103+00:00,Indodax,IDR,17684.5,17673.0,-6.5,True,
2026-09-16T00:05:22.364103+00:00,Bitkub,THB,33.275,33.32,13.52,True,
2026-09-16T00:05:22.364103+00:00,Bithumb,KRW,1362.5,1363.5,7.34,True,
2026-09-16T00:05:22.364103+00:00,Coinone,KRW,1362.5,1363.5,7.34,True,
2026-09-16T00:05:22.364103+00:00,Paribu,TRY,48.6435,48.657,2.78,True,
2026-09-16T00:05:22.364103+00:00,Pintu,IDR,17676.0,17671.0,-2.83,True,
2026-09-16T00:05:22.364103+00:00,Foxbit,BRL,5.17165,5.17355,3.67,True,
2026-09-16T00:05:22.364103+00:00,MercadoBitcoin,BRL,5.17025,5.17365,6.58,True,
2026-09-16T01:05:21.726649+00:00,IndependentReserve,SGD,1.272505,1.27348,7.66,True,
2026-09-16T01:05:21.726649+00:00,Coins.ph,PHP,62.775,62.805,4.78,True,
2026-09-16T01:05:21.726649+00:00,BTCTurk,TRY,48.6455,48.671,5.24,True,
2026-09-16T01:05:21.726649+00:00,Upbit,KRW,1370.0,1370.0,0.0,True,
2026-09-16T01:05:21.726649+00:00,Indodax,IDR,17679.5,17665.0,-8.2,True,
2026-09-16T01:05:21.726649+00:00,Bitkub,THB,33.285,33.305,6.01,True,
2026-09-16T01:05:21.726649+00:00,Bithumb,KRW,1369.5,1369.5,0.0,True,
2026-09-16T01:05:21.726649+00:00,Coinone,KRW,1369.5,1370.5,7.3,True,
2026-09-16T01:05:21.726649+00:00,Paribu,TRY,48.6435,48.664,4.21,True,
2026-09-16T01:05:21.726649+00:00,Pintu,IDR,17675.0,17671.0,-2.26,True,
2026-09-16T01:05:21.726649+00:00,Foxbit,BRL,5.17155,5.17335,3.48,True,
2026-09-16T01:05:21.726649+00:00,MercadoBitcoin,BRL,5.17135,5.17365,4.45,True,
2026-09-16T02:05:25.862864+00:00,IndependentReserve,SGD,1.27294,1.273935,7.82,True,
2026-09-16T02:05:25.862864+00:00,Coins.ph,PHP,62.745,62.775,4.78,True,
2026-09-16T02:05:25.862864+00:00,BTCTurk,TRY,48.6455,48.649,0.72,True,
2026-09-16T02:05:25.862864+00:00,Upbit,KRW,1367.0,1367.0,0.0,True,
2026-09-16T02:05:25.862864+00:00,Indodax,IDR,17678.5,17692.5,7.92,True,
2026-09-16T02:05:25.862864+00:00,Bitkub,THB,33.295,33.315,6.01,True,
2026-09-16T02:05:25.862864+00:00,Bithumb,KRW,1367.5,1370.0,18.28,True,
2026-09-16T02:05:25.862864+00:00,Coinone,KRW,1367.5,1368.5,7.31,True,
2026-09-16T02:05:25.862864+00:00,Paribu,TRY,48.6435,48.63,-2.78,True,
2026-09-16T02:05:25.862864+00:00,Pintu,IDR,17697.0,17722.0,14.13,True,
2026-09-16T02:05:25.862864+00:00,Foxbit,BRL,5.17035,5.17325,5.61,True,
2026-09-16T02:05:25.862864+00:00,MercadoBitcoin,BRL,5.17105,5.17385,5.41,True,
2026-09-16T03:05:25.679333+00:00,IndependentReserve,SGD,1.27185,1.27296,8.73,True,
2026-09-16T03:05:25.679333+00:00,Coins.ph,PHP,62.725,62.74,2.39,True,
2026-09-16T03:05:25.679333+00:00,BTCTurk,TRY,48.6495,48.6785,5.96,True,
2026-09-16T03:05:25.679333+00:00,Upbit,KRW,1365.0,1365.0,0.0,True,
2026-09-16T03:05:25.679333+00:00,Indodax,IDR,17698.5,17707.0,4.8,True,
2026-09-16T03:05:25.679333+00:00,Bitkub,THB,33.215,33.255,12.04,True,
2026-09-16T03:05:25.679333+00:00,Bithumb,KRW,1365.5,1366.5,7.32,True,
2026-09-16T03:05:25.679333+00:00,Coinone,KRW,1365.5,1366.5,7.32,True,
2026-09-16T03:05:25.679333+00:00,Paribu,TRY,48.6435,48.653,1.95,True,
2026-09-16T03:05:25.679333+00:00,Pintu,IDR,17698.0,17732.0,19.21,True,
2026-09-16T03:05:25.679333+00:00,Foxbit,BRL,5.17295,5.1752,4.35,True,
2026-09-16T03:05:25.679333+00:00,MercadoBitcoin,BRL,5.17245,5.17615,7.15,True,
2026-09-16T04:05:24.454937+00:00,IndependentReserve,SGD,1.272895,1.2738,7.11,True,
2026-09-16T04:05:24.454937+00:00,Coins.ph,PHP,62.735,62.755,3.19,True,
2026-09-16T04:05:24.454937+00:00,BTCTurk,TRY,48.6495,48.621,-5.86,True,
2026-09-16T04:05:24.454937+00:00,Upbit,KRW,1366.0,1368.0,14.64,True,
2026-09-16T04:05:24.454937+00:00,Indodax,IDR,17709.5,17713.0,1.98,True,
2026-09-16T04:05:24.454937+00:00,Bitkub,THB,33.235,33.265,9.03,True,
2026-09-16T04:05:24.454937+00:00,Bithumb,KRW,1366.5,1367.5,7.32,True,
2026-09-16T04:05:24.454937+00:00,Coinone,KRW,1366.5,1367.5,7.32,True,
2026-09-16T04:05:24.454937+00:00,Paribu,TRY,48.6435,48.64,-0.72,True,
2026-09-16T04:05:24.454937+00:00,Pintu,IDR,17732.0,17738.0,3.38,True,
2026-09-16T04:05:24.454937+00:00,Foxbit,BRL,5.17205,5.17655,8.7,True,
2026-09-16T04:05:24.454937+00:00,MercadoBitcoin,BRL,5.17455,5.17635,3.48,True,
2026-09-16T05:05:25.628986+00:00,IndependentReserve,SGD,1.2727,1.27254,-1.26,True,
2026-09-16T05:05:25.628986+00:00,Coins.ph,PHP,62.745,62.765,3.19,True,
2026-09-16T05:05:25.628986+00:00,BTCTurk,TRY,48.6495,48.6665,3.49,True,
2026-09-16T05:05:25.628986+00:00,Upbit,KRW,1366.0,1368.0,14.64,True,
2026-09-16T05:05:25.628986+00:00,Indodax,IDR,17709.5,17706.0,-1.98,True,
2026-09-16T05:05:25.628986+00:00,Bitkub,THB,33.285,33.305,6.01,True,
2026-09-16T05:05:25.628986+00:00,Bithumb,KRW,1366.5,1367.5,7.32,True,
2026-09-16T05:05:25.628986+00:00,Coinone,KRW,1366.5,1367.5,7.32,True,
2026-09-16T05:05:25.628986+00:00,Paribu,TRY,48.6125,48.6485,7.41,True,
2026-09-16T05:05:25.628986+00:00,Pintu,IDR,17705.0,17748.0,24.29,True,
2026-09-16T05:05:25.628986+00:00,Foxbit,BRL,5.17085,5.17385,5.8,True,
2026-09-16T05:05:25.628986+00:00,MercadoBitcoin,BRL,5.16815,5.17145,6.39,True,
2026-09-16T06:05:24.572409+00:00,IndependentReserve,SGD,1.27265,1.27344,6.21,True,
2026-09-16T06:05:24.572409+00:00,Coins.ph,PHP,62.735,62.755,3.19,True,
2026-09-16T06:05:24.572409+00:00,BTCTurk,TRY,48.6455,48.663,3.6,True,
2026-09-16T06:05:24.572409+00:00,Upbit,KRW,1368.0,1369.0,7.31,True,
2026-09-16T06:05:24.572409+00:00,Indodax,IDR,17708.5,17705.0,-1.98,True,
2026-09-16T06:05:24.572409+00:00,Bitkub,THB,33.27,33.29,6.01,True,
2026-09-16T06:05:24.572409+00:00,Bithumb,KRW,1367.5,1367.5,0.0,True,
2026-09-16T06:05:24.572409+00:00,Coinone,KRW,1367.5,1368.5,7.31,True,
2026-09-16T06:05:24.572409+00:00,Paribu,TRY,48.627,48.6415,2.98,True,
2026-09-16T06:05:24.572409+00:00,Pintu,IDR,17718.0,17748.0,16.93,True,
2026-09-16T06:05:24.572409+00:00,Foxbit,BRL,5.16755,5.16815,1.16,True,
2026-09-16T06:05:24.572409+00:00,MercadoBitcoin,BRL,5.16465,5.16845,7.36,True,
2026-09-16T07:05:20.708050+00:00,IndependentReserve,SGD,1.27245,1.272735,2.24,True,
2026-09-16T07:05:20.708050+00:00,Coins.ph,PHP,62.72,62.735,2.39,True,
2026-09-16T07:05:20.708050+00:00,BTCTurk,TRY,48.6355,48.6875,10.69,True,
2026-09-16T07:05:20.708050+00:00,Upbit,KRW,1366.0,1367.0,7.32,True,
2026-09-16T07:05:20.708050+00:00,Indodax,IDR,17711.5,17707.0,-2.54,True,
2026-09-16T07:05:20.708050+00:00,Bitkub,THB,33.275,33.3,7.51,True,
2026-09-16T07:05:20.708050+00:00,Bithumb,KRW,1366.5,1367.5,7.32,True,
2026-09-16T07:05:20.708050+00:00,Coinone,KRW,1366.5,1367.5,7.32,True,
2026-09-16T07:05:20.708050+00:00,Paribu,TRY,48.5995,48.64,8.33,True,
2026-09-16T07:05:20.708050+00:00,Pintu,IDR,17718.0,17724.0,3.39,True,
2026-09-16T07:05:20.708050+00:00,Foxbit,BRL,5.16315,5.16785,9.1,True,
2026-09-16T07:05:20.708050+00:00,MercadoBitcoin,BRL,5.16435,5.16845,7.94,True,
2026-09-16T08:05:21.594203+00:00,IndependentReserve,SGD,1.2721,1.273825,13.56,True,
2026-09-16T08:05:21.594203+00:00,Coins.ph,PHP,62.725,62.735,1.59,True,
2026-09-16T08:05:21.594203+00:00,BTCTurk,TRY,48.6445,48.6765,6.58,True,
2026-09-16T08:05:21.594203+00:00,Upbit,KRW,1366.0,1366.0,0.0,True,
2026-09-16T08:05:21.594203+00:00,Indodax,IDR,17691.5,17701.0,5.37,True,
2026-09-16T08:05:21.594203+00:00,Bitkub,THB,33.235,33.26,7.52,True,
2026-09-16T08:05:21.594203+00:00,Bithumb,KRW,1366.5,1368.0,10.98,True,
2026-09-16T08:05:21.594203+00:00,Coinone,KRW,1366.5,1367.5,7.32,True,
2026-09-16T08:05:21.594203+00:00,Paribu,TRY,48.6045,48.596,-1.75,True,
2026-09-16T08:05:21.594203+00:00,Pintu,IDR,17699.0,17714.0,8.48,True,
2026-09-16T08:05:21.594203+00:00,Foxbit,BRL,5.16305,5.1683,10.17,True,
2026-09-16T08:05:21.594203+00:00,MercadoBitcoin,BRL,5.16425,5.1683,7.84,True,
2026-09-16T09:05:25.053945+00:00,IndependentReserve,SGD,1.2726,1.273485,6.95,True,
2026-09-16T09:05:25.053945+00:00,Coins.ph,PHP,62.745,62.74,-0.8,True,
2026-09-16T09:05:25.053945+00:00,BTCTurk,TRY,48.6185,48.6455,5.55,True,
2026-09-16T09:05:25.053945+00:00,Upbit,KRW,1367.0,1365.0,-14.63,True,
2026-09-16T09:05:25.053945+00:00,Indodax,IDR,17687.5,17692.0,2.54,True,
2026-09-16T09:05:25.053945+00:00,Bitkub,THB,33.265,33.285,6.01,True,
2026-09-16T09:05:25.053945+00:00,Bithumb,KRW,1366.5,1367.5,7.32,True,
2026-09-16T09:05:25.053945+00:00,Coinone,KRW,1366.5,1367.5,7.32,True,
2026-09-16T09:05:25.053945+00:00,Paribu,TRY,48.6275,48.63,0.51,True,
2026-09-16T09:05:25.053945+00:00,Pintu,IDR,17688.0,17713.0,14.13,True,
2026-09-16T09:05:25.053945+00:00,Foxbit,BRL,5.16445,5.1688,8.42,True,
2026-09-16T09:05:25.053945+00:00,MercadoBitcoin,BRL,5.16305,5.1685,10.56,True,
2026-09-16T10:05:21.058679+00:00,IndependentReserve,SGD,1.27285,1.272965,0.9,True,
2026-09-16T10:05:21.058679+00:00,Coins.ph,PHP,62.735,62.735,0.0,True,
2026-09-16T10:05:21.058679+00:00,BTCTurk,TRY,48.6325,48.6395,1.44,True,
2026-09-16T10:05:21.058679+00:00,Upbit,KRW,1366.0,1367.0,7.32,True,
2026-09-16T10:05:21.058679+00:00,Indodax,IDR,17654.5,17677.5,13.03,True,
2026-09-16T10:05:21.058679+00:00,Bitkub,THB,33.235,33.285,15.04,True,
2026-09-16T10:05:21.058679+00:00,Bithumb,KRW,1366.5,1366.5,0.0,True,
2026-09-16T10:05:21.058679+00:00,Coinone,KRW,1365.5,1367.5,14.65,True,
2026-09-16T10:05:21.058679+00:00,Paribu,TRY,48.6305,48.62,-2.16,True,
2026-09-16T10:05:21.058679+00:00,Pintu,IDR,17674.0,17714.0,22.63,True,
2026-09-16T10:05:21.058679+00:00,Foxbit,BRL,5.16725,5.1708,6.87,True,
2026-09-16T10:05:21.058679+00:00,MercadoBitcoin,BRL,5.16675,5.1709,8.03,True,
2026-09-16T11:05:20.296160+00:00,IndependentReserve,SGD,1.27285,1.2733,3.54,True,
2026-09-16T11:05:20.296160+00:00,Coins.ph,PHP,62.705,62.74,5.58,True,
2026-09-16T11:05:20.296160+00:00,BTCTurk,TRY,48.6095,48.678,14.09,True,
2026-09-16T11:05:20.296160+00:00,Upbit,KRW,1366.0,1365.0,-7.32,True,
2026-09-16T11:05:20.296160+00:00,Indodax,IDR,17618.5,17637.5,10.78,True,
2026-09-16T11:05:20.296160+00:00,Bitkub,THB,33.225,33.25,7.52,True,
2026-09-16T11:05:20.296160+00:00,Bithumb,KRW,1365.5,1367.5,14.65,True,
2026-09-16T11:05:20.296160+00:00,Coinone,KRW,1365.5,1366.5,7.32,True,
2026-09-16T11:05:20.296160+00:00,Paribu,TRY,48.6485,48.6325,-3.29,True,
2026-09-16T11:05:20.296160+00:00,Pintu,IDR,17673.0,17714.0,23.2,True,
2026-09-16T11:05:20.296160+00:00,Foxbit,BRL,5.16735,5.1706,6.29,True,
2026-09-16T11:05:20.296160+00:00,MercadoBitcoin,BRL,5.16815,5.16955,2.71,True,
2026-09-16T12:05:22.310654+00:00,IndependentReserve,SGD,1.272605,1.27203,-4.52,True,
2026-09-16T12:05:22.310654+00:00,Coins.ph,PHP,62.705,62.74,5.58,True,
2026-09-16T12:05:22.310654+00:00,BTCTurk,TRY,48.5995,48.5985,-0.21,True,
2026-09-16T12:05:22.310654+00:00,Upbit,KRW,1364.0,1366.0,14.66,True,
2026-09-16T12:05:22.310654+00:00,Indodax,IDR,17609.5,17656.0,26.41,True,
2026-09-16T12:05:22.310654+00:00,Bitkub,THB,33.225,33.245,6.02,True,
2026-09-16T12:05:22.310654+00:00,Bithumb,KRW,1365.5,1367.0,10.98,True,
2026-09-16T12:05:22.310654+00:00,Coinone,KRW,1364.5,1366.5,14.66,True,
2026-09-16T12:05:22.310654+00:00,Paribu,TRY,48.5975,48.6405,8.85,True,
2026-09-16T12:05:22.310654+00:00,Pintu,IDR,17655.0,17703.0,27.19,True,
2026-09-16T12:05:22.310654+00:00,Foxbit,BRL,5.15885,5.1635,9.01,True,
2026-09-16T12:05:22.310654+00:00,MercadoBitcoin,BRL,5.16195,5.16515,6.2,True,
2026-09-16T13:05:25.388318+00:00,IndependentReserve,SGD,1.27375,1.273745,-0.04,True,
2026-09-16T13:05:25.388318+00:00,Coins.ph,PHP,62.705,62.74,5.58,True,
2026-09-16T13:05:25.388318+00:00,BTCTurk,TRY,48.611,48.639,5.76,True,
2026-09-16T13:05:25.388318+00:00,Upbit,KRW,1365.0,1368.0,21.98,True,
2026-09-16T13:05:25.388318+00:00,Indodax,IDR,17618.5,17664.5,26.11,True,
2026-09-16T13:05:25.388318+00:00,Bitkub,THB,33.225,33.25,7.52,True,
2026-09-16T13:05:25.388318+00:00,Bithumb,KRW,1366.5,1368.0,10.98,True,
2026-09-16T13:05:25.388318+00:00,Coinone,KRW,1366.5,1367.5,7.32,True,
2026-09-16T13:05:25.388318+00:00,Paribu,TRY,48.6135,48.606,-1.54,True,
2026-09-16T13:05:25.388318+00:00,Pintu,IDR,17661.0,17703.0,23.78,True,
2026-09-16T13:05:25.388318+00:00,Foxbit,BRL,5.16935,5.17165,4.45,True,
2026-09-16T13:05:25.388318+00:00,MercadoBitcoin,BRL,5.16945,5.17335,7.54,True,
2026-09-16T14:05:25.644506+00:00,IndependentReserve,SGD,1.2741,1.273955,-1.14,True,
2026-09-16T14:05:25.644506+00:00,Coins.ph,PHP,62.705,62.735,4.78,True,
2026-09-16T14:05:25.644506+00:00,BTCTurk,TRY,48.6275,48.649,4.42,True,
2026-09-16T14:05:25.644506+00:00,Upbit,KRW,1368.0,1370.0,14.62,True,
2026-09-16T14:05:25.644506+00:00,Indodax,IDR,17617.5,17632.5,8.51,True,
2026-09-16T14:05:25.644506+00:00,Bitkub,THB,33.245,33.275,9.02,True,
2026-09-16T14:05:25.644506+00:00,Bithumb,KRW,1368.5,1369.0,3.65,True,
2026-09-16T14:05:25.644506+00:00,Coinone,KRW,1368.5,1369.5,7.31,True,
2026-09-16T14:05:25.644506+00:00,Paribu,TRY,48.6185,48.627,1.75,True,
2026-09-16T14:05:25.644506+00:00,Pintu,IDR,17646.0,17703.0,32.3,True,
2026-09-16T14:05:25.644506+00:00,Foxbit,BRL,5.16445,5.16825,7.36,True,
2026-09-16T14:05:25.644506+00:00,MercadoBitcoin,BRL,5.16675,5.169,4.35,True,
2026-09-16T15:05:21.322688+00:00,IndependentReserve,SGD,1.2737,1.273185,-4.04,True,
2026-09-16T15:05:21.322688+00:00,Coins.ph,PHP,62.715,62.735,3.19,True,
2026-09-16T15:05:21.322688+00:00,BTCTurk,TRY,48.6095,48.606,-0.72,True,
2026-09-16T15:05:21.322688+00:00,Upbit,KRW,1367.0,1369.0,14.63,True,
2026-09-16T15:05:21.322688+00:00,Indodax,IDR,17647.5,17679.0,17.85,True,
2026-09-16T15:05:21.322688+00:00,Bitkub,THB,33.225,33.255,9.03,True,
2026-09-16T15:05:21.322688+00:00,Bithumb,KRW,1368.5,1369.5,7.31,True,
2026-09-16T15:05:21.322688+00:00,Coinone,KRW,1368.5,1369.5,7.31,True,
2026-09-16T15:05:21.322688+00:00,Paribu,TRY,48.6295,48.64,2.16,True,
2026-09-16T15:05:21.322688+00:00,Pintu,IDR,17647.0,17700.0,30.03,True,
2026-09-16T15:05:21.322688+00:00,Foxbit,BRL,5.16015,5.1619,3.39,True,
2026-09-16T15:05:21.322688+00:00,MercadoBitcoin,BRL,5.15875,5.1626,7.46,True,
2026-09-16T16:05:25.369060+00:00,IndependentReserve,SGD,1.27379,1.273125,-5.22,True,
2026-09-16T16:05:25.369060+00:00,Coins.ph,PHP,62.725,62.735,1.59,True,
2026-09-16T16:05:25.369060+00:00,BTCTurk,TRY,48.632,48.6035,-5.86,True,
2026-09-16T16:05:25.369060+00:00,Upbit,KRW,1368.0,1368.0,0.0,True,
2026-09-16T16:05:25.369060+00:00,Indodax,IDR,17646.5,17644.0,-1.42,True,
2026-09-16T16:05:25.369060+00:00,Bitkub,THB,33.235,33.245,3.01,True,
2026-09-16T16:05:25.369060+00:00,Bithumb,KRW,1369.5,1370.5,7.3,True,
2026-09-16T16:05:25.369060+00:00,Coinone,KRW,1369.5,1370.5,7.3,True,
2026-09-16T16:05:25.369060+00:00,Paribu,TRY,48.6285,48.6385,2.06,True,
2026-09-16T16:05:25.369060+00:00,Pintu,IDR,17639.0,17700.0,34.58,True,
2026-09-16T16:05:25.369060+00:00,Foxbit,BRL,5.1527,5.15335,1.26,True,
2026-09-16T16:05:25.369060+00:00,MercadoBitcoin,BRL,5.15015,5.15405,7.57,True,
2026-09-16T17:05:28.207552+00:00,IndependentReserve,SGD,1.273835,1.273215,-4.87,True,
2026-09-16T17:05:28.207552+00:00,Coins.ph,PHP,62.715,62.735,3.19,True,
2026-09-16T17:05:28.207552+00:00,BTCTurk,TRY,48.6375,48.6195,-3.7,True,
2026-09-16T17:05:28.207552+00:00,Upbit,KRW,1369.0,1369.0,0.0,True,
2026-09-16T17:05:28.207552+00:00,Indodax,IDR,17634.5,17649.5,8.51,True,
2026-09-16T17:05:28.207552+00:00,Bitkub,THB,33.245,33.265,6.02,True,
2026-09-16T17:05:28.207552+00:00,Bithumb,KRW,1370.5,1371.5,7.3,True,
2026-09-16T17:05:28.207552+00:00,Coinone,KRW,1369.5,1370.5,7.3,True,
2026-09-16T17:05:28.207552+00:00,Paribu,TRY,48.6425,48.624,-3.8,True,
2026-09-16T17:05:28.207552+00:00,Pintu,IDR,17629.0,17700.0,40.27,True,
2026-09-16T17:05:28.207552+00:00,Foxbit,BRL,5.15355,5.1556,3.98,True,
2026-09-16T17:05:28.207552+00:00,MercadoBitcoin,BRL,5.15265,5.15825,10.87,True,
2026-09-16T18:05:24.466313+00:00,IndependentReserve,SGD,1.274405,1.273775,-4.94,True,
2026-09-16T18:05:24.466313+00:00,Coins.ph,PHP,62.705,62.74,5.58,True,
2026-09-16T18:05:24.466313+00:00,BTCTurk,TRY,48.6385,48.6235,-3.08,True,
2026-09-16T18:05:24.466313+00:00,Upbit,KRW,1369.0,1370.0,7.3,True,
2026-09-16T18:05:24.466313+00:00,Indodax,IDR,17646.5,17665.5,10.77,True,
2026-09-16T18:05:24.466313+00:00,Bitkub,THB,33.265,33.285,6.01,True,
2026-09-16T18:05:24.466313+00:00,Bithumb,KRW,1370.5,1372.0,10.94,True,
2026-09-16T18:05:24.466313+00:00,Coinone,KRW,1369.5,1371.5,14.6,True,
2026-09-16T18:05:24.466313+00:00,Paribu,TRY,48.6295,48.6245,-1.03,True,
2026-09-16T18:05:24.466313+00:00,Pintu,IDR,17641.0,17654.0,7.37,True,
2026-09-16T18:05:24.466313+00:00,Foxbit,BRL,5.15595,5.15955,6.98,True,
2026-09-16T18:05:24.466313+00:00,MercadoBitcoin,BRL,5.15735,5.161,7.08,True,
2026-09-16T19:05:29.342995+00:00,IndependentReserve,SGD,1.2764,1.277115,5.6,True,
2026-09-16T19:05:29.342995+00:00,Coins.ph,PHP,62.695,62.75,8.77,True,
2026-09-16T19:05:29.342995+00:00,BTCTurk,TRY,48.6435,48.64,-0.72,True,
2026-09-16T19:05:29.342995+00:00,Upbit,KRW,1373.0,1372.0,-7.28,True,
2026-09-16T19:05:29.342995+00:00,Indodax,IDR,17659.5,17658.5,-0.57,True,
2026-09-16T19:05:29.342995+00:00,Bitkub,THB,33.325,33.355,9.0,True,
2026-09-16T19:05:29.342995+00:00,Bithumb,KRW,1372.5,1374.0,10.93,True,
2026-09-16T19:05:29.342995+00:00,Coinone,KRW,1372.5,1374.5,14.57,True,
2026-09-16T19:05:29.342995+00:00,Paribu,TRY,48.6365,48.665,5.86,True,
2026-09-16T19:05:29.342995+00:00,Pintu,IDR,17650.0,17715.0,36.83,True,
2026-09-16T19:05:29.342995+00:00,Foxbit,BRL,5.17025,5.1723,3.96,True,
2026-09-16T19:05:29.342995+00:00,MercadoBitcoin,BRL,5.17185,5.17485,5.8,True,
2026-09-16T20:05:22.031015+00:00,IndependentReserve,SGD,1.2772,1.27759,3.05,True,
2026-09-16T20:05:22.031015+00:00,Coins.ph,PHP,62.695,62.735,6.38,True,
2026-09-16T20:05:22.031015+00:00,BTCTurk,TRY,48.6505,48.64,-2.16,True,
2026-09-16T20:05:22.031015+00:00,Upbit,KRW,1373.0,1374.0,7.28,True,
2026-09-16T20:05:22.031015+00:00,Indodax,IDR,17690.5,17697.5,3.96,True,
2026-09-16T20:05:22.031015+00:00,Bitkub,THB,33.345,33.355,3.0,True,
2026-09-16T20:05:22.031015+00:00,Bithumb,KRW,1372.5,1374.0,10.93,True,
2026-09-16T20:05:22.031015+00:00,Coinone,KRW,1373.5,1374.5,7.28,True,
2026-09-16T20:05:22.031015+00:00,Paribu,TRY,48.6305,48.6535,4.73,True,
2026-09-16T20:05:22.031015+00:00,Pintu,IDR,17678.0,17716.0,21.5,True,
2026-09-16T20:05:22.031015+00:00,Foxbit,BRL,5.16805,5.16925,2.32,True,
2026-09-16T20:05:22.031015+00:00,MercadoBitcoin,BRL,5.16705,5.1705,6.68,True,
2026-09-16T21:05:21.367406+00:00,IndependentReserve,SGD,1.27536,1.27668,10.35,True,
2026-09-16T21:05:21.367406+00:00,Coins.ph,PHP,62.705,62.75,7.18,True,
2026-09-16T21:05:21.367406+00:00,BTCTurk,TRY,48.642,48.6395,-0.51,True,
2026-09-16T21:05:21.367406+00:00,Upbit,KRW,1374.0,1374.0,0.0,True,
2026-09-16T21:05:21.367406+00:00,Indodax,IDR,17690.5,17697.5,3.96,True,
2026-09-16T21:05:21.367406+00:00,Bitkub,THB,33.345,33.385,12.0,True,
2026-09-16T21:05:21.367406+00:00,Bithumb,KRW,1374.5,1376.0,10.91,True,
2026-09-16T21:05:21.367406+00:00,Coinone,KRW,1373.5,1374.5,7.28,True,
2026-09-16T21:05:21.367406+00:00,Paribu,TRY,48.6455,48.6695,4.93,True,
2026-09-16T21:05:21.367406+00:00,Pintu,IDR,17676.0,17714.0,21.5,True,
2026-09-16T21:05:21.367406+00:00,Foxbit,BRL,5.17055,5.17365,6.0,True,
2026-09-16T21:05:21.367406+00:00,MercadoBitcoin,BRL,5.16985,5.17405,8.12,True,
2026-09-16T22:05:23.378456+00:00,IndependentReserve,SGD,1.27765,1.27801,2.82,True,
2026-09-16T22:05:23.378456+00:00,Coins.ph,PHP,62.725,62.75,3.99,True,
2026-09-16T22:05:23.378456+00:00,BTCTurk,TRY,48.6445,48.6405,-0.82,True,
2026-09-16T22:05:23.378456+00:00,Upbit,KRW,1375.0,1376.0,7.27,True,
2026-09-16T22:05:23.378456+00:00,Indodax,IDR,17694.5,17697.5,1.7,True,
2026-09-16T22:05:23.378456+00:00,Bitkub,THB,33.345,33.37,7.5,True,
2026-09-16T22:05:23.378456+00:00,Bithumb,KRW,1374.5,1375.5,7.28,True,
2026-09-16T22:05:23.378456+00:00,Coinone,KRW,1374.5,1374.5,0.0,True,
2026-09-16T22:05:23.378456+00:00,Paribu,TRY,48.6475,48.652,0.93,True,
2026-09-16T22:05:23.378456+00:00,Pintu,IDR,17694.0,17709.0,8.48,True,
2026-09-16T22:05:23.378456+00:00,Foxbit,BRL,5.16735,5.16975,4.64,True,
2026-09-16T22:05:23.378456+00:00,MercadoBitcoin,BRL,5.16815,5.16945,2.52,True,
2026-09-16T23:05:22.017314+00:00,IndependentReserve,SGD,1.27775,1.277995,1.92,True,
2026-09-16T23:05:22.017314+00:00,Coins.ph,PHP,62.715,62.735,3.19,True,
2026-09-16T23:05:22.017314+00:00,BTCTurk,TRY,48.64,48.6835,8.94,True,
2026-09-16T23:05:22.017314+00:00,Upbit,KRW,1376.0,1376.0,0.0,True,
2026-09-16T23:05:22.017314+00:00,Indodax,IDR,17709.5,17697.5,-6.78,True,
2026-09-16T23:05:22.017314+00:00,Bitkub,THB,33.355,33.375,6.0,True,
2026-09-16T23:05:22.017314+00:00,Bithumb,KRW,1374.5,1375.0,3.64,True,
2026-09-16T23:05:22.017314+00:00,Coinone,KRW,1374.5,1375.5,7.28,True,
2026-09-16T23:05:22.017314+00:00,Paribu,TRY,48.6495,48.6285,-4.32,True,
2026-09-16T23:05:22.017314+00:00,Pintu,IDR,17706.0,17711.0,2.82,True,
2026-09-16T23:05:22.017314+00:00,Foxbit,BRL,5.17195,5.17475,5.41,True,
2026-09-16T23:05:22.017314+00:00,MercadoBitcoin,BRL,5.16975,5.1762,12.48,True,
2026-09-17T00:05:22.279721+00:00,IndependentReserve,SGD,1.277305,1.27686,-3.48,True,
2026-09-17T00:05:22.279721+00:00,Coins.ph,PHP,62.74,62.755,2.39,True,
2026-09-17T00:05:22.279721+00:00,BTCTurk,TRY,48.6315,48.6785,9.66,True,
2026-09-17T00:05:22.279721+00:00,Upbit,KRW,1377.0,1377.0,0.0,True,
2026-09-17T00:05:22.279721+00:00,Indodax,IDR,17709.5,17701.5,-4.52,True,
2026-09-17T00:05:22.279721+00:00,Bitkub,THB,33.365,33.385,5.99,True,
2026-09-17T00:05:22.279721+00:00,Bithumb,KRW,1376.5,1377.5,7.26,True,
2026-09-17T00:05:22.279721+00:00,Coinone,KRW,1376.5,1377.5,7.26,True,
2026-09-17T00:05:22.279721+00:00,Paribu,TRY,48.6495,48.645,-0.92,True,
2026-09-17T00:05:22.279721+00:00,Pintu,IDR,17696.0,17712.0,9.04,True,
2026-09-17T00:05:22.279721+00:00,Foxbit,BRL,5.16865,5.1698,2.22,True,
2026-09-17T00:05:22.279721+00:00,MercadoBitcoin,BRL,5.16505,5.1689,7.45,True,
2026-09-17T01:05:23.505756+00:00,IndependentReserve,SGD,1.2775,1.27806,4.38,True,
2026-09-17T01:05:23.505756+00:00,Coins.ph,PHP,62.745,62.765,3.19,True,
2026-09-17T01:05:23.505756+00:00,BTCTurk,TRY,48.6355,48.6935,11.93,True,
2026-09-17T01:05:23.505756+00:00,Upbit,KRW,1375.0,1376.0,7.27,True,
2026-09-17T01:05:23.505756+00:00,Indodax,IDR,17709.5,17720.5,6.21,True,
2026-09-17T01:05:23.505756+00:00,Bitkub,THB,33.365,33.395,8.99,True,
2026-09-17T01:05:23.505756+00:00,Bithumb,KRW,1376.5,1376.5,0.0,True,
2026-09-17T01:05:23.505756+00:00,Coinone,KRW,1375.5,1376.5,7.27,True,
2026-09-17T01:05:23.505756+00:00,Paribu,TRY,48.6275,48.634,1.34,True,
2026-09-17T01:05:23.505756+00:00,Pintu,IDR,17696.0,17712.0,9.04,True,
2026-09-17T01:05:23.505756+00:00,Foxbit,BRL,5.16495,5.1696,9.0,True,
2026-09-17T01:05:23.505756+00:00,MercadoBitcoin,BRL,5.16645,5.1688,4.55,True,
2026-09-17T02:05:40.426537+00:00,IndependentReserve,SGD,1.2765,1.277205,5.52,True,
2026-09-17T02:05:40.426537+00:00,Coins.ph,PHP,62.765,62.795,4.78,True,
2026-09-17T02:05:40.426537+00:00,BTCTurk,TRY,48.6455,48.693,9.76,True,
2026-09-17T02:05:40.426537+00:00,Upbit,KRW,1377.0,1376.0,-7.26,True,
2026-09-17T02:05:40.426537+00:00,Indodax,IDR,17709.5,17724.0,8.19,True,
2026-09-17T02:05:40.426537+00:00,Bitkub,THB,33.385,33.395,3.0,True,
2026-09-17T02:05:40.426537+00:00,Bithumb,KRW,1377.5,1378.5,7.26,True,
2026-09-17T02:05:40.426537+00:00,Coinone,KRW,1377.5,1378.5,7.26,True,
2026-09-17T02:05:40.426537+00:00,Paribu,TRY,48.6255,48.637,2.37,True,
2026-09-17T02:05:40.426537+00:00,Pintu,IDR,17698.0,17742.0,24.86,True,
2026-09-17T02:05:40.426537+00:00,Foxbit,BRL,5.16495,5.1689,7.65,True,
2026-09-17T02:05:40.426537+00:00,MercadoBitcoin,BRL,5.16315,5.16835,10.07,True,
2026-09-17T03:05:24.233709+00:00,IndependentReserve,SGD,1.2761,1.27618,0.63,True,
2026-09-17T03:05:24.233709+00:00,Coins.ph,PHP,62.74,62.78,6.38,True,
2026-09-17T03:05:24.233709+00:00,BTCTurk,TRY,48.636,48.714,16.04,True,
2026-09-17T03:05:24.233709+00:00,Upbit,KRW,1375.0,1377.0,14.55,True,
2026-09-17T03:05:24.233709+00:00,Indodax,IDR,17707.5,17718.0,5.93,True,
2026-09-17T03:05:24.233709+00:00,Bitkub,THB,33.385,33.395,3.0,True,
2026-09-17T03:05:24.233709+00:00,Bithumb,KRW,1376.5,1378.0,10.9,True,
2026-09-17T03:05:24.233709+00:00,Coinone,KRW,1375.5,1376.5,7.27,True,
2026-09-17T03:05:24.233709+00:00,Paribu,TRY,48.6325,48.635,0.51,True,
2026-09-17T03:05:24.233709+00:00,Pintu,IDR,17696.0,17743.0,26.56,True,
2026-09-17T03:05:24.233709+00:00,Foxbit,BRL,5.16665,5.16915,4.84,True,
2026-09-17T03:05:24.233709+00:00,MercadoBitcoin,BRL,5.16355,5.1688,10.17,True,
2026-09-17T04:05:22.669102+00:00,IndependentReserve,SGD,1.275465,1.275735,2.12,True,
2026-09-17T04:05:22.669102+00:00,Coins.ph,PHP,62.755,62.775,3.19,True,
2026-09-17T04:05:22.669102+00:00,BTCTurk,TRY,48.6295,48.6855,11.52,True,
2026-09-17T04:05:22.669102+00:00,Upbit,KRW,1376.0,1378.0,14.53,True,
2026-09-17T04:05:22.669102+00:00,Indodax,IDR,17703.5,17722.5,10.73,True,
2026-09-17T04:05:22.669102+00:00,Bitkub,THB,33.365,33.385,5.99,True,
2026-09-17T04:05:22.669102+00:00,Bithumb,KRW,1376.5,1377.5,7.26,True,
2026-09-17T04:05:22.669102+00:00,Coinone,KRW,1375.5,1377.5,14.54,True,
2026-09-17T04:05:22.669102+00:00,Paribu,TRY,48.6345,48.6455,2.26,True,
2026-09-17T04:05:22.669102+00:00,Pintu,IDR,17715.0,17749.0,19.19,True,
2026-09-17T04:05:22.669102+00:00,Foxbit,BRL,5.16785,5.17185,7.74,True,
2026-09-17T04:05:22.669102+00:00,MercadoBitcoin,BRL,5.16645,5.1705,7.84,True,
2026-09-17T05:05:24.284313+00:00,IndependentReserve,SGD,1.27456,1.2746,0.31,True,
2026-09-17T05:05:24.284313+00:00,Coins.ph,PHP,62.745,62.765,3.19,True,
2026-09-17T05:05:24.284313+00:00,BTCTurk,TRY,48.63,48.6645,7.09,True,
2026-09-17T05:05:24.284313+00:00,Upbit,KRW,1376.0,1377.0,7.27,True,
2026-09-17T05:05:24.284313+00:00,Indodax,IDR,17700.5,17709.0,4.8,True,
2026-09-17T05:05:24.284313+00:00,Bitkub,THB,33.335,33.345,3.0,True,
2026-09-17T05:05:24.284313+00:00,Bithumb,KRW,1376.5,1377.5,7.26,True,
2026-09-17T05:05:24.284313+00:00,Coinone,KRW,1376.5,1377.5,7.26,True,
2026-09-17T05:05:24.284313+00:00,Paribu,TRY,48.6275,48.645,3.6,True,
2026-09-17T05:05:24.284313+00:00,Pintu,IDR,17706.0,17754.0,27.11,True,
2026-09-17T05:05:24.284313+00:00,Foxbit,BRL,5.16785,5.1707,5.51,True,
2026-09-17T05:05:24.284313+00:00,MercadoBitcoin,BRL,5.16705,5.17075,7.16,True,
2026-09-17T06:05:20.905923+00:00,IndependentReserve,SGD,1.274015,1.275715,13.34,True,
2026-09-17T06:05:20.905923+00:00,Coins.ph,PHP,62.745,62.77,3.98,True,
2026-09-17T06:05:20.905923+00:00,BTCTurk,TRY,48.6285,48.664,7.3,True,
2026-09-17T06:05:20.905923+00:00,Upbit,KRW,1378.0,1377.0,-7.26,True,
2026-09-17T06:05:20.905923+00:00,Indodax,IDR,17698.5,17712.0,7.63,True,
2026-09-17T06:05:20.905923+00:00,Bitkub,THB,33.295,33.31,4.51,True,
2026-09-17T06:05:20.905923+00:00,Bithumb,KRW,1377.5,1378.5,7.26,True,
2026-09-17T06:05:20.905923+00:00,Coinone,KRW,1377.5,1378.5,7.26,True,
2026-09-17T06:05:20.905923+00:00,Paribu,TRY,48.6295,48.634,0.93,True,
2026-09-17T06:05:20.905923+00:00,Pintu,IDR,17713.0,17755.0,23.71,True,
2026-09-17T06:05:20.905923+00:00,Foxbit,BRL,5.16795,5.17215,8.13,True,
2026-09-17T06:05:20.905923+00:00,MercadoBitcoin,BRL,5.16665,5.17135,9.1,True,
2026-09-17T07:05:26.653001+00:00,IndependentReserve,SGD,1.273445,1.27503,12.45,True,
2026-09-17T07:05:26.653001+00:00,Coins.ph,PHP,62.745,62.765,3.19,True,
2026-09-17T07:05:26.653001+00:00,BTCTurk,TRY,48.6125,48.659,9.57,True,
2026-09-17T07:05:26.653001+00:00,Upbit,KRW,1377.0,1378.0,7.26,True,
2026-09-17T07:05:26.653001+00:00,Indodax,IDR,17686.5,17704.0,9.89,True,
2026-09-17T07:05:26.653001+00:00,Bitkub,THB,33.265,33.275,3.01,True,
2026-09-17T07:05:26.653001+00:00,Bithumb,KRW,1377.5,1378.5,7.26,True,
2026-09-17T07:05:26.653001+00:00,Coinone,KRW,1377.5,1378.5,7.26,True,
2026-09-17T07:05:26.653001+00:00,Paribu,TRY,48.6505,48.6425,-1.64,True,
2026-09-17T07:05:26.653001+00:00,Pintu,IDR,17687.0,17755.0,38.45,True,
2026-09-17T07:05:26.653001+00:00,Foxbit,BRL,5.16635,5.169,5.13,True,
2026-09-17T07:05:26.653001+00:00,MercadoBitcoin,BRL,5.16515,5.1715,12.29,True,
2026-09-17T08:05:30.962296+00:00,IndependentReserve,SGD,1.2737,1.275005,10.25,True,
2026-09-17T08:05:30.962296+00:00,Coins.ph,PHP,62.725,62.76,5.58,True,
2026-09-17T08:05:30.962296+00:00,BTCTurk,TRY,48.622,48.623,0.21,True,
2026-09-17T08:05:30.962296+00:00,Upbit,KRW,1376.0,1377.0,7.27,True,
2026-09-17T08:05:30.962296+00:00,Indodax,IDR,17686.5,17705.5,10.74,True,
2026-09-17T08:05:30.962296+00:00,Bitkub,THB,33.295,33.28,-4.51,True,
2026-09-17T08:05:30.962296+00:00,Bithumb,KRW,1376.5,1377.5,7.26,True,
2026-09-17T08:05:30.962296+00:00,Coinone,KRW,1376.5,1377.5,7.26,True,
2026-09-17T08:05:30.962296+00:00,Paribu,TRY,48.6375,48.6385,0.21,True,
2026-09-17T08:05:30.962296+00:00,Pintu,IDR,17694.0,17751.0,32.21,True,
2026-09-17T08:05:30.962296+00:00,Foxbit,BRL,5.16645,5.1696,6.1,True,
2026-09-17T08:05:30.962296+00:00,MercadoBitcoin,BRL,5.16485,5.17145,12.78,True,
2026-09-17T09:05:23.750382+00:00,IndependentReserve,SGD,1.27385,1.27503,9.26,True,
2026-09-17T09:05:23.750382+00:00,Coins.ph,PHP,62.735,62.755,3.19,True,
2026-09-17T09:05:23.750382+00:00,BTCTurk,TRY,48.6195,48.6105,-1.85,True,
2026-09-17T09:05:23.750382+00:00,Upbit,KRW,1378.0,1379.0,7.26,True,
2026-09-17T09:05:23.750382+00:00,Indodax,IDR,17689.5,17686.0,-1.98,True,
2026-09-17T09:05:23.750382+00:00,Bitkub,THB,33.275,33.305,9.02,True,
2026-09-17T09:05:23.750382+00:00,Bithumb,KRW,1378.5,1380.0,10.88,True,
2026-09-17T09:05:23.750382+00:00,Coinone,KRW,1378.5,1379.5,7.25,True,
2026-09-17T09:05:23.750382+00:00,Paribu,TRY,48.6245,48.6285,0.82,True,
2026-09-17T09:05:23.750382+00:00,Pintu,IDR,17684.0,17750.0,37.32,True,
2026-09-17T09:05:23.750382+00:00,Foxbit,BRL,5.16645,5.1694,5.71,True,
2026-09-17T09:05:23.750382+00:00,MercadoBitcoin,BRL,5.16305,5.1695,12.49,True,
2026-09-17T10:05:21.267957+00:00,IndependentReserve,SGD,1.274105,1.275875,13.89,True,
2026-09-17T10:05:21.267957+00:00,Coins.ph,PHP,62.715,62.735,3.19,True,
2026-09-17T10:05:21.267957+00:00,BTCTurk,TRY,48.5975,48.6115,2.88,True,
2026-09-17T10:05:21.267957+00:00,Upbit,KRW,1382.0,1380.0,-14.47,True,
2026-09-17T10:05:21.267957+00:00,Indodax,IDR,17676.5,17663.5,-7.35,True,
2026-09-17T10:05:21.267957+00:00,Bitkub,THB,33.275,33.28,1.5,True,
2026-09-17T10:05:21.267957+00:00,Bithumb,KRW,1381.5,1383.5,14.48,True,
2026-09-17T10:05:21.267957+00:00,Coinone,KRW,1381.5,1382.5,7.24,True,
2026-09-17T10:05:21.267957+00:00,Paribu,TRY,48.6135,48.634,4.22,True,
2026-09-17T10:05:21.267957+00:00,Pintu,IDR,17708.0,17739.0,17.51,True,
2026-09-17T10:05:21.267957+00:00,Foxbit,BRL,5.16645,5.16925,5.42,True,
2026-09-17T10:05:21.267957+00:00,MercadoBitcoin,BRL,5.16295,5.16905,11.81,True,
2026-09-17T11:05:23.163441+00:00,IndependentReserve,SGD,1.274,1.275265,9.93,True,
2026-09-17T11:05:23.163441+00:00,Coins.ph,PHP,62.725,62.745,3.19,True,
2026-09-17T11:05:23.163441+00:00,BTCTurk,TRY,48.6145,48.627,2.57,True,
2026-09-17T11:05:23.163441+00:00,Upbit,KRW,1382.0,1383.0,7.24,True,
2026-09-17T11:05:23.163441+00:00,Indodax,IDR,17690.5,17671.5,-10.74,True,
2026-09-17T11:05:23.163441+00:00,Bitkub,THB,33.275,33.275,0.0,True,
2026-09-17T11:05:23.163441+00:00,Bithumb,KRW,1381.5,1383.5,14.48,True,
2026-09-17T11:05:23.163441+00:00,Coinone,KRW,1381.5,1382.5,7.24,True,
2026-09-17T11:05:23.163441+00:00,Paribu,TRY,48.6225,48.606,-3.39,True,
2026-09-17T11:05:23.163441+00:00,Pintu,IDR,17689.0,17739.0,28.27,True,
2026-09-17T11:05:23.163441+00:00,Foxbit,BRL,5.16765,5.17035,5.22,True,
2026-09-17T11:05:23.163441+00:00,MercadoBitcoin,BRL,5.16415,5.16965,10.65,True,
2026-09-17T12:05:24.967713+00:00,IndependentReserve,SGD,1.273655,1.274845,9.34,True,
2026-09-17T12:05:24.967713+00:00,Coins.ph,PHP,62.735,62.765,4.78,True,
2026-09-17T12:05:24.967713+00:00,BTCTurk,TRY,48.6015,48.6275,5.35,True,
2026-09-17T12:05:24.967713+00:00,Upbit,KRW,1382.0,1382.0,0.0,True,
2026-09-17T12:05:24.967713+00:00,Indodax,IDR,17684.5,17697.5,7.35,True,
2026-09-17T12:05:24.967713+00:00,Bitkub,THB,33.235,33.245,3.01,True,
2026-09-17T12:05:24.967713+00:00,Bithumb,KRW,1381.5,1382.5,7.24,True,
2026-09-17T12:05:24.967713+00:00,Coinone,KRW,1380.5,1381.5,7.24,True,
2026-09-17T12:05:24.967713+00:00,Paribu,TRY,48.6175,48.643,5.25,True,
2026-09-17T12:05:24.967713+00:00,Pintu,IDR,17684.0,17739.0,31.1,True,
2026-09-17T12:05:24.967713+00:00,Foxbit,BRL,5.14605,5.1456,-0.87,True,
2026-09-17T12:05:24.967713+00:00,MercadoBitcoin,BRL,5.14915,5.15215,5.83,True,
2026-09-17T13:05:23.685951+00:00,IndependentReserve,SGD,1.27325,1.27488,12.8,True,
2026-09-17T13:05:23.685951+00:00,Coins.ph,PHP,62.705,62.73,3.99,True,
2026-09-17T13:05:23.685951+00:00,BTCTurk,TRY,48.622,48.5975,-5.04,True,
2026-09-17T13:05:23.685951+00:00,Upbit,KRW,1376.0,1377.0,7.27,True,
2026-09-17T13:05:23.685951+00:00,Indodax,IDR,17659.5,17673.0,7.64,True,
2026-09-17T13:05:23.685951+00:00,Bitkub,THB,33.215,33.22,1.51,True,
2026-09-17T13:05:23.685951+00:00,Bithumb,KRW,1376.5,1378.0,10.9,True,
2026-09-17T13:05:23.685951+00:00,Coinone,KRW,1376.5,1377.5,7.26,True,
2026-09-17T13:05:23.685951+00:00,Paribu,TRY,48.623,48.636,2.67,True,
2026-09-17T13:05:23.685951+00:00,Pintu,IDR,17697.0,17738.0,23.17,True,
2026-09-17T13:05:23.685951+00:00,Foxbit,BRL,5.14565,5.1523,12.92,True,
2026-09-17T13:05:23.685951+00:00,MercadoBitcoin,BRL,5.14755,5.15255,9.71,True,
2026-09-17T14:05:22.845273+00:00,IndependentReserve,SGD,1.274005,1.275455,11.38,True,
2026-09-17T14:05:22.845273+00:00,Coins.ph,PHP,62.705,62.73,3.99,True,
2026-09-17T14:05:22.845273+00:00,BTCTurk,TRY,48.6195,48.602,-3.6,True,
2026-09-17T14:05:22.845273+00:00,Upbit,KRW,1379.0,1381.0,14.5,True,
2026-09-17T14:05:22.845273+00:00,Indodax,IDR,17651.5,17655.0,1.98,True,
2026-09-17T14:05:22.845273+00:00,Bitkub,THB,33.215,33.195,-6.02,True,
2026-09-17T14:05:22.845273+00:00,Bithumb,KRW,1379.5,1381.0,10.87,True,
2026-09-17T14:05:22.845273+00:00,Coinone,KRW,1379.5,1380.5,7.25,True,
2026-09-17T14:05:22.845273+00:00,Paribu,TRY,48.6255,48.615,-2.16,True,
2026-09-17T14:05:22.845273+00:00,Pintu,IDR,17693.0,17739.0,26.0,True,
2026-09-17T14:05:22.845273+00:00,Foxbit,BRL,5.17115,5.17505,7.54,True,
2026-09-17T14:05:22.845273+00:00,MercadoBitcoin,BRL,5.16855,5.17385,10.25,True,
2026-09-17T15:05:27.458687+00:00,IndependentReserve,SGD,1.27455,1.27582,9.96,True,
2026-09-17T15:05:27.458687+00:00,Coins.ph,PHP,62.695,62.715,3.19,True,
2026-09-17T15:05:27.458687+00:00,BTCTurk,TRY,48.6165,48.604,-2.57,True,
2026-09-17T15:05:27.458687+00:00,Upbit,KRW,1379.0,1380.0,7.25,True,
2026-09-17T15:05:27.458687+00:00,Indodax,IDR,17641.5,17658.5,9.64,True,
2026-09-17T15:05:27.458687+00:00,Bitkub,THB,33.205,33.185,-6.02,True,
2026-09-17T15:05:27.458687+00:00,Bithumb,KRW,1378.5,1379.5,7.25,True,
2026-09-17T15:05:27.458687+00:00,Coinone,KRW,1378.5,1379.5,7.25,True,
2026-09-17T15:05:27.458687+00:00,Paribu,TRY,48.6255,48.5945,-6.38,True,
2026-09-17T15:05:27.458687+00:00,Pintu,IDR,17685.0,17740.0,31.1,True,
2026-09-17T15:05:27.458687+00:00,Foxbit,BRL,5.16345,5.16665,6.2,True,
2026-09-17T15:05:27.458687+00:00,MercadoBitcoin,BRL,5.16145,5.1663,9.4,True,
2026-09-17T16:05:22.106179+00:00,IndependentReserve,SGD,1.27495,1.27561,5.18,True,
2026-09-17T16:05:22.106179+00:00,Coins.ph,PHP,62.695,62.72,3.99,True,
2026-09-17T16:05:22.106179+00:00,BTCTurk,TRY,48.6195,48.597,-4.63,True,
2026-09-17T16:05:22.106179+00:00,Upbit,KRW,1380.0,1379.0,-7.25,True,
2026-09-17T16:05:22.106179+00:00,Indodax,IDR,17648.5,17648.5,0.0,True,
2026-09-17T16:05:22.106179+00:00,Bitkub,THB,33.175,33.225,15.07,True,
2026-09-17T16:05:22.106179+00:00,Bithumb,KRW,1379.5,1380.5,7.25,True,
2026-09-17T16:05:22.106179+00:00,Coinone,KRW,1379.5,1380.5,7.25,True,
2026-09-17T16:05:22.106179+00:00,Paribu,TRY,48.6145,48.605,-1.95,True,
2026-09-17T16:05:22.106179+00:00,Pintu,IDR,17690.0,17738.0,27.13,True,
2026-09-17T16:05:22.106179+00:00,Foxbit,BRL,5.16355,5.169,10.55,True,
2026-09-17T16:05:22.106179+00:00,MercadoBitcoin,BRL,5.16435,5.1687,8.42,True,
2026-09-17T17:05:23.585701+00:00,IndependentReserve,SGD,1.27505,1.27541,2.82,True,
2026-09-17T17:05:23.585701+00:00,Coins.ph,PHP,62.695,62.715,3.19,True,
2026-09-17T17:05:23.585701+00:00,BTCTurk,TRY,48.6245,48.598,-5.45,True,
2026-09-17T17:05:23.585701+00:00,Upbit,KRW,1379.0,1380.0,7.25,True,
2026-09-17T17:05:23.585701+00:00,Indodax,IDR,17646.5,17675.0,16.15,True,
2026-09-17T17:05:23.585701+00:00,Bitkub,THB,33.195,33.225,9.04,True,
2026-09-17T17:05:23.585701+00:00,Bithumb,KRW,1379.5,1380.5,7.25,True,
2026-09-17T17:05:23.585701+00:00,Coinone,KRW,1378.5,1379.5,7.25,True,
2026-09-17T17:05:23.585701+00:00,Paribu,TRY,48.6145,48.571,-8.95,True,
2026-09-17T17:05:23.585701+00:00,Pintu,IDR,17686.0,17738.0,29.4,True,
2026-09-17T17:05:23.585701+00:00,Foxbit,BRL,5.16455,5.16855,7.75,True,
2026-09-17T17:05:23.585701+00:00,MercadoBitcoin,BRL,5.16355,5.16695,6.58,True,
2026-09-17T18:05:22.396361+00:00,IndependentReserve,SGD,1.2751,1.2759,6.27,True,
2026-09-17T18:05:22.396361+00:00,Coins.ph,PHP,62.705,62.725,3.19,True,
2026-09-17T18:05:22.396361+00:00,BTCTurk,TRY,48.603,48.595,-1.65,True,
2026-09-17T18:05:22.396361+00:00,Upbit,KRW,1380.0,1380.0,0.0,True,
2026-09-17T18:05:22.396361+00:00,Indodax,IDR,17646.5,17603.0,-24.65,True,
2026-09-17T18:05:22.396361+00:00,Bitkub,THB,33.235,33.26,7.52,True,
2026-09-17T18:05:22.396361+00:00,Bithumb,KRW,1379.5,1380.5,7.25,True,
2026-09-17T18:05:22.396361+00:00,Coinone,KRW,1379.5,1380.5,7.25,True,
2026-09-17T18:05:22.396361+00:00,Paribu,TRY,48.6135,48.587,-5.45,True,
2026-09-17T18:05:22.396361+00:00,Pintu,IDR,17664.0,17739.0,42.46,True,
2026-09-17T18:05:22.396361+00:00,Foxbit,BRL,5.15765,5.1628,9.99,True,
2026-09-17T18:05:22.396361+00:00,MercadoBitcoin,BRL,5.15695,5.1616,9.02,True,
2026-09-17T19:05:21.273189+00:00,IndependentReserve,SGD,1.27515,1.276265,8.74,True,
2026-09-17T19:05:21.273189+00:00,Coins.ph,PHP,62.705,62.725,3.19,True,
2026-09-17T19:05:21.273189+00:00,BTCTurk,TRY,48.6145,48.595,-4.01,True,
2026-09-17T19:05:21.273189+00:00,Upbit,KRW,1379.0,1382.0,21.75,True,
2026-09-17T19:05:21.273189+00:00,Indodax,IDR,17646.5,17598.0,-27.48,True,
2026-09-17T19:05:21.273189+00:00,Bitkub,THB,33.235,33.265,9.03,True,
2026-09-17T19:05:21.273189+00:00,Bithumb,KRW,1379.5,1381.0,10.87,True,
2026-09-17T19:05:21.273189+00:00,Coinone,KRW,1379.5,1380.5,7.25,True,
2026-09-17T19:05:21.273189+00:00,Paribu,TRY,48.6145,48.5885,-5.35,True,
2026-09-17T19:05:21.273189+00:00,Pintu,IDR,17659.0,17738.0,44.74,True,
2026-09-17T19:05:21.273189+00:00,Foxbit,BRL,5.15565,5.1596,7.66,True,
2026-09-17T19:05:21.273189+00:00,MercadoBitcoin,BRL,5.15645,5.15965,6.21,True,
2026-09-17T20:05:31.940508+00:00,IndependentReserve,SGD,1.27505,1.276085,8.12,True,
2026-09-17T20:05:31.940508+00:00,Coins.ph,PHP,62.705,62.72,2.39,True,
2026-09-17T20:05:31.940508+00:00,BTCTurk,TRY,48.62,48.593,-5.55,True,
2026-09-17T20:05:31.940508+00:00,Upbit,KRW,1379.0,1382.0,21.75,True,
2026-09-17T20:05:31.940508+00:00,Indodax,IDR,17647.5,17623.0,-13.88,True,
2026-09-17T20:05:31.940508+00:00,Bitkub,THB,33.235,33.26,7.52,True,
2026-09-17T20:05:31.940508+00:00,Bithumb,KRW,1379.5,1380.5,7.25,True,
2026-09-17T20:05:31.940508+00:00,Coinone,KRW,1379.5,1379.5,0.0,True,
2026-09-17T20:05:31.940508+00:00,Paribu,TRY,48.6305,48.603,-5.65,True,
2026-09-17T20:05:31.940508+00:00,Pintu,IDR,17673.0,17736.0,35.65,True,
2026-09-17T20:05:31.940508+00:00,Foxbit,BRL,5.14795,5.15165,7.19,True,
2026-09-17T20:05:31.940508+00:00,MercadoBitcoin,BRL,5.14855,5.15345,9.52,True,
2026-09-17T21:05:29.343497+00:00,IndependentReserve,SGD,1.27475,1.2757,7.45,True,
2026-09-17T21:05:29.343497+00:00,Coins.ph,PHP,62.705,62.725,3.19,True,
2026-09-17T21:05:29.343497+00:00,BTCTurk,TRY,48.6315,48.5985,-6.79,True,
2026-09-17T21:05:29.343497+00:00,Upbit,KRW,1379.0,1378.0,-7.25,True,
2026-09-17T21:05:29.343497+00:00,Indodax,IDR,17647.5,17644.5,-1.7,True,
2026-09-17T21:05:29.343497+00:00,Bitkub,THB,33.235,33.255,6.02,True,
2026-09-17T21:05:29.343497+00:00,Bithumb,KRW,1379.5,1380.5,7.25,True,
2026-09-17T21:05:29.343497+00:00,Coinone,KRW,1379.5,1379.5,0.0,True,
2026-09-17T21:05:29.343497+00:00,Paribu,TRY,48.6365,48.621,-3.19,True,
2026-09-17T21:05:29.343497+00:00,Pintu,IDR,17665.0,17736.0,40.19,True,
2026-09-17T21:05:29.343497+00:00,Foxbit,BRL,5.14495,5.14695,3.89,True,
2026-09-17T21:05:29.343497+00:00,MercadoBitcoin,BRL,5.14475,5.14625,2.92,True,
2026-09-17T22:05:37.160898+00:00,IndependentReserve,SGD,1.27545,1.276425,7.64,True,
2026-09-17T22:05:37.160898+00:00,Coins.ph,PHP,62.705,62.72,2.39,True,
2026-09-17T22:05:37.160898+00:00,BTCTurk,TRY,48.6235,48.5975,-5.35,True,
2026-09-17T22:05:37.160898+00:00,Upbit,KRW,1379.0,1381.0,14.5,True,
2026-09-17T22:05:37.160898+00:00,Indodax,IDR,17647.5,17660.0,7.08,True,
2026-09-17T22:05:37.160898+00:00,Bitkub,THB,33.235,33.255,6.02,True,
2026-09-17T22:05:37.160898+00:00,Bithumb,KRW,1379.5,1380.0,3.62,True,
2026-09-17T22:05:37.160898+00:00,Coinone,KRW,1379.5,1380.0,3.62,True,
2026-09-17T22:05:37.160898+00:00,Paribu,TRY,48.6365,48.6215,-3.08,True,
2026-09-17T22:05:37.160898+00:00,Pintu,IDR,17663.0,17736.0,41.33,True,
2026-09-17T22:05:37.160898+00:00,Foxbit,BRL,5.14685,5.15085,7.77,True,
2026-09-17T22:05:37.160898+00:00,MercadoBitcoin,BRL,5.14665,5.1488,4.18,True,
2026-09-17T23:05:25.206563+00:00,IndependentReserve,SGD,1.274895,1.275415,4.08,True,
2026-09-17T23:05:25.206563+00:00,Coins.ph,PHP,62.705,62.73,3.99,True,
2026-09-17T23:05:25.206563+00:00,BTCTurk,TRY,48.6365,48.6035,-6.79,True,
2026-09-17T23:05:25.206563+00:00,Upbit,KRW,1379.0,1380.0,7.25,True,
2026-09-17T23:05:25.206563+00:00,Indodax,IDR,17640.5,17662.0,12.19,True,
2026-09-17T23:05:25.206563+00:00,Bitkub,THB,33.205,33.195,-3.01,True,
2026-09-17T23:05:25.206563+00:00,Bithumb,KRW,1379.5,1381.0,10.87,True,
2026-09-17T23:05:25.206563+00:00,Coinone,KRW,1379.5,1380.5,7.25,True,
2026-09-17T23:05:25.206563+00:00,Paribu,TRY,48.6365,48.659,4.63,True,
2026-09-17T23:05:25.206563+00:00,Pintu,IDR,17662.0,17737.0,42.46,True,
2026-09-17T23:05:25.206563+00:00,Foxbit,BRL,5.1482,5.15185,7.09,True,
2026-09-17T23:05:25.206563+00:00,MercadoBitcoin,BRL,5.14755,5.1523,9.23,True,
2026-09-18T00:05:21.677402+00:00,IndependentReserve,SGD,1.274495,1.274775,2.2,True,
2026-09-18T00:05:21.677402+00:00,Coins.ph,PHP,62.705,62.72,2.39,True,
2026-09-18T00:05:21.677402+00:00,BTCTurk,TRY,48.5755,48.6075,6.59,True,
2026-09-18T00:05:21.677402+00:00,Upbit,KRW,1378.0,1380.0,14.51,True,
2026-09-18T00:05:21.677402+00:00,Indodax,IDR,17631.5,17641.0,5.39,True,
2026-09-18T00:05:21.677402+00:00,Bitkub,THB,33.225,33.245,6.02,True,
2026-09-18T00:05:21.677402+00:00,Bithumb,KRW,1379.5,1380.5,7.25,True,
2026-09-18T00:05:21.677402+00:00,Coinone,KRW,1378.5,1379.5,7.25,True,
2026-09-18T00:05:21.677402+00:00,Paribu,TRY,48.6405,48.6395,-0.21,True,
2026-09-18T00:05:21.677402+00:00,Pintu,IDR,17674.0,17738.0,36.21,True,
2026-09-18T00:05:21.677402+00:00,Foxbit,BRL,5.14815,5.15145,6.41,True,
2026-09-18T00:05:21.677402+00:00,MercadoBitcoin,BRL,5.14615,5.15135,10.1,True,
2026-09-18T01:05:20.966482+00:00,IndependentReserve,SGD,1.274845,1.2751,2.0,True,
2026-09-18T01:05:20.966482+00:00,Coins.ph,PHP,62.645,62.69,7.18,True,
2026-09-18T01:05:20.966482+00:00,BTCTurk,TRY,48.5505,48.5865,7.41,True,
2026-09-18T01:05:20.966482+00:00,Upbit,KRW,1379.0,1378.0,-7.25,True,
2026-09-18T01:05:20.966482+00:00,Indodax,IDR,17613.5,17637.5,13.63,True,
2026-09-18T01:05:20.966482+00:00,Bitkub,THB,33.185,33.185,0.0,True,
2026-09-18T01:05:20.966482+00:00,Bithumb,KRW,1378.5,1380.0,10.88,True,
2026-09-18T01:05:20.966482+00:00,Coinone,KRW,1378.5,1379.5,7.25,True,
2026-09-18T01:05:20.966482+00:00,Paribu,TRY,48.6395,48.637,-0.51,True,
2026-09-18T01:05:20.966482+00:00,Pintu,IDR,17675.0,17737.0,35.08,True,
2026-09-18T01:05:20.966482+00:00,Foxbit,BRL,5.14785,5.1497,3.59,True,
2026-09-18T01:05:20.966482+00:00,MercadoBitcoin,BRL,5.14605,5.1503,8.26,True,
2026-09-18T02:05:26.080612+00:00,IndependentReserve,SGD,1.27388,1.274385,3.96,True,
2026-09-18T02:05:26.080612+00:00,Coins.ph,PHP,62.615,62.635,3.19,True,
2026-09-18T02:05:26.080612+00:00,BTCTurk,TRY,48.467,48.5725,21.77,True,
2026-09-18T02:05:26.080612+00:00,Upbit,KRW,1379.0,1378.0,-7.25,True,
2026-09-18T02:05:26.080612+00:00,Indodax,IDR,17610.5,17647.5,21.01,True,
2026-09-18T02:05:26.080612+00:00,Bitkub,THB,,,,False,ValueError:no USDT mid captured this run
2026-09-18T02:05:26.080612+00:00,Bithumb,KRW,1379.5,1380.5,7.25,True,
2026-09-18T02:05:26.080612+00:00,Coinone,KRW,1378.5,1380.5,14.51,True,
2026-09-18T02:05:26.080612+00:00,Paribu,TRY,48.6395,48.6345,-1.03,True,
2026-09-18T02:05:26.080612+00:00,Pintu,IDR,17665.0,17733.0,38.49,True,
2026-09-18T02:05:26.080612+00:00,Foxbit,BRL,5.1456,5.1481,4.86,True,
2026-09-18T02:05:26.080612+00:00,MercadoBitcoin,BRL,5.14335,5.14875,10.5,True,
2026-09-18T03:05:24.365658+00:00,IndependentReserve,SGD,1.274395,1.275095,5.49,True,
2026-09-18T03:05:24.365658+00:00,Coins.ph,PHP,62.645,62.685,6.39,True,
2026-09-18T03:05:24.365658+00:00,BTCTurk,TRY,48.4735,48.5745,20.84,True,
2026-09-18T03:05:24.365658+00:00,Upbit,KRW,1378.0,1378.0,0.0,True,
2026-09-18T03:05:24.365658+00:00,Indodax,IDR,17649.5,17663.0,7.65,True,
2026-09-18T03:05:24.365658+00:00,Bitkub,THB,33.215,33.23,4.52,True,
2026-09-18T03:05:24.365658+00:00,Bithumb,KRW,1378.5,1379.5,7.25,True,
2026-09-18T03:05:24.365658+00:00,Coinone,KRW,1377.5,1378.5,7.26,True,
2026-09-18T03:05:24.365658+00:00,Paribu,TRY,48.6395,48.6345,-1.03,True,
2026-09-18T03:05:24.365658+00:00,Pintu,IDR,17708.0,17733.0,14.12,True,
2026-09-18T03:05:24.365658+00:00,Foxbit,BRL,5.14455,5.145,0.87,True,
2026-09-18T03:05:24.365658+00:00,MercadoBitcoin,BRL,5.14245,5.1456,6.13,True,
2026-09-18T04:05:23.159837+00:00,IndependentReserve,SGD,1.273755,1.274625,6.83,True,
2026-09-18T04:05:23.159837+00:00,Coins.ph,PHP,62.675,62.705,4.79,True,
2026-09-18T04:05:23.159837+00:00,BTCTurk,TRY,48.5325,48.5725,8.24,True,
2026-09-18T04:05:23.159837+00:00,Upbit,KRW,1377.0,1379.0,14.52,True,
2026-09-18T04:05:23.159837+00:00,Indodax,IDR,17649.5,17676.0,15.01,True,
2026-09-18T04:05:23.159837+00:00,Bitkub,THB,33.215,33.22,1.51,True,
2026-09-18T04:05:23.159837+00:00,Bithumb,KRW,1377.5,1379.0,10.89,True,
2026-09-18T04:05:23.159837+00:00,Coinone,KRW,1377.5,1378.5,7.26,True,
2026-09-18T04:05:23.159837+00:00,Paribu,TRY,48.6105,48.619,1.75,True,
2026-09-18T04:05:23.159837+00:00,Pintu,IDR,17710.0,17733.0,12.99,True,
2026-09-18T04:05:23.159837+00:00,Foxbit,BRL,5.13875,5.14305,8.37,True,
2026-09-18T04:05:23.159837+00:00,MercadoBitcoin,BRL,5.13775,5.14335,10.9,True,
2026-09-18T05:05:24.185078+00:00,IndependentReserve,SGD,1.274295,1.275865,12.32,True,
2026-09-18T05:05:24.185078+00:00,Coins.ph,PHP,62.675,62.695,3.19,True,
2026-09-18T05:05:24.185078+00:00,BTCTurk,TRY,48.4,48.4685,14.15,True,
2026-09-18T05:05:24.185078+00:00,Upbit,KRW,1377.0,1376.0,-7.26,True,
2026-09-18T05:05:24.185078+00:00,Indodax,IDR,17627.5,17675.5,27.23,True,
2026-09-18T05:05:24.185078+00:00,Bitkub,THB,33.225,33.25,7.52,True,
2026-09-18T05:05:24.185078+00:00,Bithumb,KRW,1376.5,1377.5,7.26,True,
2026-09-18T05:05:24.185078+00:00,Coinone,KRW,1376.5,1377.5,7.26,True,
2026-09-18T05:05:24.185078+00:00,Paribu,TRY,48.4735,48.558,17.43,True,
2026-09-18T05:05:24.185078+00:00,Pintu,IDR,17688.0,17702.0,7.91,True,
2026-09-18T05:05:24.185078+00:00,Foxbit,BRL,5.13575,5.1393,6.91,True,
2026-09-18T05:05:24.185078+00:00,MercadoBitcoin,BRL,5.13495,5.1377,5.36,True,
2026-09-18T06:05:24.757894+00:00,IndependentReserve,SGD,1.274975,1.275835,6.75,True,
2026-09-18T06:05:24.757894+00:00,Coins.ph,PHP,62.665,62.685,3.19,True,
2026-09-18T06:05:24.757894+00:00,BTCTurk,TRY,48.4185,48.46,8.57,True,
2026-09-18T06:05:24.757894+00:00,Upbit,KRW,1375.0,1377.0,14.55,True,
2026-09-18T06:05:24.757894+00:00,Indodax,IDR,17555.5,17601.0,25.92,True,
2026-09-18T06:05:24.757894+00:00,Bitkub,THB,33.235,33.24,1.5,True,
2026-09-18T06:05:24.757894+00:00,Bithumb,KRW,1375.5,1376.5,7.27,True,
2026-09-18T06:05:24.757894+00:00,Coinone,KRW,1375.5,1376.5,7.27,True,
2026-09-18T06:05:24.757894+00:00,Paribu,TRY,48.4295,48.488,12.08,True,
2026-09-18T06:05:24.757894+00:00,Pintu,IDR,17678.0,17703.0,14.14,True,
2026-09-18T06:05:24.757894+00:00,Foxbit,BRL,5.1353,5.14035,9.83,True,
2026-09-18T06:05:24.757894+00:00,MercadoBitcoin,BRL,5.13635,5.13935,5.84,True,
2026-09-18T07:05:24.331417+00:00,IndependentReserve,SGD,1.274555,1.276355,14.12,True,
2026-09-18T07:05:24.331417+00:00,Coins.ph,PHP,62.685,62.715,4.79,True,
2026-09-18T07:05:24.331417+00:00,BTCTurk,TRY,48.3745,48.413,7.96,True,
2026-09-18T07:05:24.331417+00:00,Upbit,KRW,1376.0,1377.0,7.27,True,
2026-09-18T07:05:24.331417+00:00,Indodax,IDR,17599.5,17627.0,15.63,True,
2026-09-18T07:05:24.331417+00:00,Bitkub,THB,33.225,33.245,6.02,True,
2026-09-18T07:05:24.331417+00:00,Bithumb,KRW,1375.5,1376.5,7.27,True,
2026-09-18T07:05:24.331417+00:00,Coinone,KRW,1375.5,1376.5,7.27,True,
2026-09-18T07:05:24.331417+00:00,Paribu,TRY,48.5,48.4415,-12.06,True,
2026-09-18T07:05:24.331417+00:00,Pintu,IDR,17653.0,17703.0,28.32,True,
2026-09-18T07:05:24.331417+00:00,Foxbit,BRL,5.13495,5.14075,11.3,True,
2026-09-18T07:05:24.331417+00:00,MercadoBitcoin,BRL,5.13725,5.1401,5.55,True,
2026-09-18T08:05:21.328624+00:00,IndependentReserve,SGD,1.27516,1.276295,8.9,True,
2026-09-18T08:05:21.328624+00:00,Coins.ph,PHP,62.775,62.785,1.59,True,
2026-09-18T08:05:21.328624+00:00,BTCTurk,TRY,48.385,48.4435,12.09,True,
2026-09-18T08:05:21.328624+00:00,Upbit,KRW,1374.0,1375.0,7.28,True,
2026-09-18T08:05:21.328624+00:00,Indodax,IDR,17629.5,17632.0,1.42,True,
2026-09-18T08:05:21.328624+00:00,Bitkub,THB,33.235,33.265,9.03,True,
2026-09-18T08:05:21.328624+00:00,Bithumb,KRW,1374.5,1375.0,3.64,True,
2026-09-18T08:05:21.328624+00:00,Coinone,KRW,1373.5,1374.5,7.28,True,
2026-09-18T08:05:21.328624+00:00,Paribu,TRY,48.5625,48.5815,3.91,True,
2026-09-18T08:05:21.328624+00:00,Pintu,IDR,17684.0,17673.0,-6.22,True,
2026-09-18T08:05:21.328624+00:00,Foxbit,BRL,5.13535,5.1404,9.83,True,
2026-09-18T08:05:21.328624+00:00,MercadoBitcoin,BRL,5.13655,5.14,6.72,True,
2026-09-18T09:05:23.953871+00:00,IndependentReserve,SGD,1.275605,1.27682,9.52,True,
2026-09-18T09:05:23.953871+00:00,Coins.ph,PHP,62.785,62.795,1.59,True,
2026-09-18T09:05:23.953871+00:00,BTCTurk,TRY,48.5075,48.4475,-12.37,True,
2026-09-18T09:05:23.953871+00:00,Upbit,KRW,1374.0,1374.0,0.0,True,
2026-09-18T09:05:23.953871+00:00,Indodax,IDR,17663.5,17641.5,-12.46,True,
2026-09-18T09:05:23.953871+00:00,Bitkub,THB,33.265,33.29,7.52,True,
2026-09-18T09:05:23.953871+00:00,Bithumb,KRW,1374.5,1375.5,7.28,True,
2026-09-18T09:05:23.953871+00:00,Coinone,KRW,1374.5,1375.5,7.28,True,
2026-09-18T09:05:23.953871+00:00,Paribu,TRY,48.5965,48.517,-16.36,True,
2026-09-18T09:05:23.953871+00:00,Pintu,IDR,17652.0,17673.0,11.9,True,
2026-09-18T09:05:23.953871+00:00,Foxbit,BRL,5.13495,5.14035,10.52,True,
2026-09-18T09:05:23.953871+00:00,MercadoBitcoin,BRL,5.13615,5.14105,9.54,True,
2026-09-18T10:05:25.170098+00:00,IndependentReserve,SGD,1.275625,1.27729,13.05,True,
2026-09-18T10:05:25.170098+00:00,Coins.ph,PHP,62.775,62.795,3.19,True,
2026-09-18T10:05:25.170098+00:00,BTCTurk,TRY,48.4335,48.4175,-3.3,True,
2026-09-18T10:05:25.170098+00:00,Upbit,KRW,1376.0,1377.0,7.27,True,
2026-09-18T10:05:25.170098+00:00,Indodax,IDR,17653.5,17642.5,-6.23,True,
2026-09-18T10:05:25.170098+00:00,Bitkub,THB,33.265,33.285,6.01,True,
2026-09-18T10:05:25.170098+00:00,Bithumb,KRW,1376.5,1376.5,0.0,True,
2026-09-18T10:05:25.170098+00:00,Coinone,KRW,1376.5,1376.5,0.0,True,
2026-09-18T10:05:25.170098+00:00,Paribu,TRY,48.5355,48.4665,-14.22,True,
2026-09-18T10:05:25.170098+00:00,Pintu,IDR,17650.0,17673.0,13.03,True,
2026-09-18T10:05:25.170098+00:00,Foxbit,BRL,5.13805,5.14255,8.76,True,
2026-09-18T10:05:25.170098+00:00,MercadoBitcoin,BRL,5.13795,5.1419,7.69,True,
2026-09-18T11:05:25.942546+00:00,IndependentReserve,SGD,1.276455,1.27808,12.73,True,
2026-09-18T11:05:25.942546+00:00,Coins.ph,PHP,62.805,62.825,3.18,True,
2026-09-18T11:05:25.942546+00:00,BTCTurk,TRY,48.5015,48.447,-11.24,True,
2026-09-18T11:05:25.942546+00:00,Upbit,KRW,1377.0,1377.0,0.0,True,
2026-09-18T11:05:25.942546+00:00,Indodax,IDR,17664.5,17680.5,9.06,True,
2026-09-18T11:05:25.942546+00:00,Bitkub,THB,33.245,33.24,-1.5,True,
2026-09-18T11:05:25.942546+00:00,Bithumb,KRW,1376.5,1377.5,7.26,True,
2026-09-18T11:05:25.942546+00:00,Coinone,KRW,1376.5,1377.5,7.26,True,
2026-09-18T11:05:25.942546+00:00,Paribu,TRY,48.5265,48.4575,-14.22,True,
2026-09-18T11:05:25.942546+00:00,Pintu,IDR,17653.0,17673.0,11.33,True,
2026-09-18T11:05:25.942546+00:00,Foxbit,BRL,5.13975,5.1442,8.66,True,
2026-09-18T11:05:25.942546+00:00,MercadoBitcoin,BRL,5.14045,5.14365,6.23,True,
2026-09-18T12:05:21.808549+00:00,IndependentReserve,SGD,1.276995,1.27878,13.98,True,
2026-09-18T12:05:21.808549+00:00,Coins.ph,PHP,62.775,62.805,4.78,True,
2026-09-18T12:05:21.808549+00:00,BTCTurk,TRY,48.554,48.494,-12.36,True,
2026-09-18T12:05:21.808549+00:00,Upbit,KRW,1378.0,1379.0,7.26,True,
2026-09-18T12:05:21.808549+00:00,Indodax,IDR,17664.5,17705.5,23.21,True,
2026-09-18T12:05:21.808549+00:00,Bitkub,THB,33.265,33.27,1.5,True,
2026-09-18T12:05:21.808549+00:00,Bithumb,KRW,1378.5,1378.0,-3.63,True,
2026-09-18T12:05:21.808549+00:00,Coinone,KRW,1377.5,1378.5,7.26,True,
2026-09-18T12:05:21.808549+00:00,Paribu,TRY,48.5565,48.5405,-3.3,True,
2026-09-18T12:05:21.808549+00:00,Pintu,IDR,17654.0,17674.0,11.33,True,
2026-09-18T12:05:21.808549+00:00,Foxbit,BRL,5.13615,5.14055,8.57,True,
2026-09-18T12:05:21.808549+00:00,MercadoBitcoin,BRL,5.13755,5.141,6.72,True,
2026-09-18T13:05:20.955848+00:00,IndependentReserve,SGD,1.27705,1.278925,14.68,True,
2026-09-18T13:05:20.955848+00:00,Coins.ph,PHP,62.785,62.815,4.78,True,
2026-09-18T13:05:20.955848+00:00,BTCTurk,TRY,48.5965,48.5375,-12.14,True,
2026-09-18T13:05:20.955848+00:00,Upbit,KRW,1377.0,1379.0,14.52,True,
2026-09-18T13:05:20.955848+00:00,Indodax,IDR,17678.5,17683.5,2.83,True,
2026-09-18T13:05:20.955848+00:00,Bitkub,THB,33.285,33.26,-7.51,True,
2026-09-18T13:05:20.955848+00:00,Bithumb,KRW,1377.5,1378.5,7.26,True,
2026-09-18T13:05:20.955848+00:00,Coinone,KRW,1377.5,1378.5,7.26,True,
2026-09-18T13:05:20.955848+00:00,Paribu,TRY,48.6075,48.6115,0.82,True,
2026-09-18T13:05:20.955848+00:00,Pintu,IDR,17659.0,17673.0,7.93,True,
2026-09-18T13:05:20.955848+00:00,Foxbit,BRL,5.15285,5.1556,5.34,True,
2026-09-18T13:05:20.955848+00:00,MercadoBitcoin,BRL,5.15245,5.1565,7.86,True,
2026-09-18T14:05:23.544399+00:00,IndependentReserve,SGD,1.27741,1.28007,20.82,True,
2026-09-18T14:05:23.544399+00:00,Coins.ph,PHP,62.855,62.895,6.36,True,
2026-09-18T14:05:23.544399+00:00,BTCTurk,TRY,48.5425,48.4725,-14.42,True,
2026-09-18T14:05:23.544399+00:00,Upbit,KRW,1375.0,1377.0,14.55,True,
2026-09-18T14:05:23.544399+00:00,Indodax,IDR,17601.5,17657.0,31.53,True,
2026-09-18T14:05:23.544399+00:00,Bitkub,THB,33.265,33.255,-3.01,True,
2026-09-18T14:05:23.544399+00:00,Bithumb,KRW,1374.5,1375.5,7.28,True,
2026-09-18T14:05:23.544399+00:00,Coinone,KRW,1374.5,1375.5,7.28,True,
2026-09-18T14:05:23.544399+00:00,Paribu,TRY,48.5695,48.515,-11.22,True,
2026-09-18T14:05:23.544399+00:00,Pintu,IDR,17658.0,17671.0,7.36,True,
2026-09-18T14:05:23.544399+00:00,Foxbit,BRL,5.16235,5.16555,6.2,True,
2026-09-18T14:05:23.544399+00:00,MercadoBitcoin,BRL,5.16255,5.1668,8.23,True,
2026-09-18T15:05:21.221596+00:00,IndependentReserve,SGD,1.2776,1.27862,7.98,True,
2026-09-18T15:05:21.221596+00:00,Coins.ph,PHP,62.905,62.91,0.79,True,
2026-09-18T15:05:21.221596+00:00,BTCTurk,TRY,48.5215,48.453,-14.12,True,
2026-09-18T15:05:21.221596+00:00,Upbit,KRW,1371.0,1372.0,7.29,True,
2026-09-18T15:05:21.221596+00:00,Indodax,IDR,17552.5,17582.5,17.09,True,
2026-09-18T15:05:21.221596+00:00,Bitkub,THB,33.21,33.235,7.53,True,
2026-09-18T15:05:21.221596+00:00,Bithumb,KRW,1372.5,1372.0,-3.64,True,
2026-09-18T15:05:21.221596+00:00,Coinone,KRW,1373.5,1373.5,0.0,True,
2026-09-18T15:05:21.221596+00:00,Paribu,TRY,48.5635,48.4555,-22.24,True,
2026-09-18T15:05:21.221596+00:00,Pintu,IDR,17661.0,17667.0,3.4,True,
2026-09-18T15:05:21.221596+00:00,Foxbit,BRL,5.16845,5.171,4.93,True,
2026-09-18T15:05:21.221596+00:00,MercadoBitcoin,BRL,5.16895,5.17155,5.03,True,
2026-09-18T16:05:20.812011+00:00,IndependentReserve,SGD,1.277405,1.278255,6.65,True,
2026-09-18T16:05:20.812011+00:00,Coins.ph,PHP,62.91,62.9,-1.59,True,
2026-09-18T16:05:20.812011+00:00,BTCTurk,TRY,48.5015,48.438,-13.09,True,
2026-09-18T16:05:20.812011+00:00,Upbit,KRW,1369.0,1369.0,0.0,True,
2026-09-18T16:05:20.812011+00:00,Indodax,IDR,17565.5,17608.5,24.48,True,
2026-09-18T16:05:20.812011+00:00,Bitkub,THB,33.245,33.245,0.0,True,
2026-09-18T16:05:20.812011+00:00,Bithumb,KRW,1370.5,1370.5,0.0,True,
2026-09-18T16:05:20.812011+00:00,Coinone,KRW,1370.5,1370.5,0.0,True,
2026-09-18T16:05:20.812011+00:00,Paribu,TRY,48.5435,48.4605,-17.1,True,
2026-09-18T16:05:20.812011+00:00,Pintu,IDR,17597.0,17606.0,5.11,True,
2026-09-18T16:05:20.812011+00:00,Foxbit,BRL,5.16965,5.17415,8.7,True,
2026-09-18T16:05:20.812011+00:00,MercadoBitcoin,BRL,5.16895,5.17255,6.96,True,
2026-09-18T17:05:29.327018+00:00,IndependentReserve,SGD,1.27625,1.276865,4.82,True,
2026-09-18T17:05:29.327018+00:00,Coins.ph,PHP,62.84,62.825,-2.39,True,
2026-09-18T17:05:29.327018+00:00,BTCTurk,TRY,48.4685,48.4525,-3.3,True,
2026-09-18T17:05:29.327018+00:00,Upbit,KRW,1368.0,1369.0,7.31,True,
2026-09-18T17:05:29.327018+00:00,Indodax,IDR,17567.5,17572.5,2.85,True,
2026-09-18T17:05:29.327018+00:00,Bitkub,THB,33.16,33.155,-1.51,True,
2026-09-18T17:05:29.327018+00:00,Bithumb,KRW,1369.5,1369.0,-3.65,True,
2026-09-18T17:05:29.327018+00:00,Coinone,KRW,1368.5,1368.5,0.0,True,
2026-09-18T17:05:29.327018+00:00,Paribu,TRY,48.5015,48.4455,-11.55,True,
2026-09-18T17:05:29.327018+00:00,Pintu,IDR,17598.0,17604.0,3.41,True,
2026-09-18T17:05:29.327018+00:00,Foxbit,BRL,5.15695,5.1579,1.84,True,
2026-09-18T17:05:29.327018+00:00,MercadoBitcoin,BRL,5.15555,5.15585,0.58,True,
2026-09-18T18:05:24.247885+00:00,IndependentReserve,SGD,1.276005,1.27626,2.0,True,
2026-09-18T18:05:24.247885+00:00,Coins.ph,PHP,62.835,62.83,-0.8,True,
2026-09-18T18:05:24.247885+00:00,BTCTurk,TRY,48.4385,48.4035,-7.23,True,
2026-09-18T18:05:24.247885+00:00,Upbit,KRW,1366.0,1369.0,21.96,True,
2026-09-18T18:05:24.247885+00:00,Indodax,IDR,17567.5,17595.5,15.94,True,
2026-09-18T18:05:24.247885+00:00,Bitkub,THB,32.94,33.0,18.21,True,
2026-09-18T18:05:24.247885+00:00,Bithumb,KRW,1367.5,1368.5,7.31,True,
2026-09-18T18:05:24.247885+00:00,Coinone,KRW,1367.5,1367.5,0.0,True,
2026-09-18T18:05:24.247885+00:00,Paribu,TRY,48.4915,48.484,-1.55,True,
2026-09-18T18:05:24.247885+00:00,Pintu,IDR,17599.0,17604.0,2.84,True,
2026-09-18T18:05:24.247885+00:00,Foxbit,BRL,5.15735,5.15905,3.3,True,
2026-09-18T18:05:24.247885+00:00,MercadoBitcoin,BRL,5.15815,5.1588,1.26,True,
2026-09-18T19:05:22.404979+00:00,IndependentReserve,SGD,1.2761,1.276185,0.67,True,
2026-09-18T19:05:22.404979+00:00,Coins.ph,PHP,62.835,62.825,-1.59,True,
2026-09-18T19:05:22.404979+00:00,BTCTurk,TRY,48.5285,48.4635,-13.39,True,
2026-09-18T19:05:22.404979+00:00,Upbit,KRW,1366.0,1365.0,-7.32,True,
2026-09-18T19:05:22.404979+00:00,Indodax,IDR,17545.5,17569.0,13.39,True,
2026-09-18T19:05:22.404979+00:00,Bitkub,THB,32.965,32.955,-3.03,True,
2026-09-18T19:05:22.404979+00:00,Bithumb,KRW,1367.5,1367.5,0.0,True,
2026-09-18T19:05:22.404979+00:00,Coinone,KRW,1366.5,1366.5,0.0,True,
2026-09-18T19:05:22.404979+00:00,Paribu,TRY,48.5385,48.5525,2.88,True,
2026-09-18T19:05:22.404979+00:00,Pintu,IDR,17599.0,17605.0,3.41,True,
2026-09-18T19:05:22.404979+00:00,Foxbit,BRL,5.1564,5.15855,4.17,True,
2026-09-18T19:05:22.404979+00:00,MercadoBitcoin,BRL,5.15675,5.15755,1.55,True,
2026-09-18T20:05:28.740620+00:00,IndependentReserve,SGD,1.27505,1.275125,0.59,True,
2026-09-18T20:05:28.740620+00:00,Coins.ph,PHP,62.835,62.835,0.0,True,
2026-09-18T20:05:28.740620+00:00,BTCTurk,TRY,48.536,48.422,-23.49,True,
2026-09-18T20:05:28.740620+00:00,Upbit,KRW,1363.0,1363.0,0.0,True,
2026-09-18T20:05:28.740620+00:00,Indodax,IDR,17502.5,17574.0,40.85,True,
2026-09-18T20:05:28.740620+00:00,Bitkub,THB,32.94,32.955,4.55,True,
2026-09-18T20:05:28.740620+00:00,Bithumb,KRW,1363.5,1364.5,7.33,True,
2026-09-18T20:05:28.740620+00:00,Coinone,KRW,1363.5,1364.0,3.67,True,
2026-09-18T20:05:28.740620+00:00,Paribu,TRY,48.5285,48.4955,-6.8,True,
2026-09-18T20:05:28.740620+00:00,Pintu,IDR,17599.0,17603.0,2.27,True,
2026-09-18T20:05:28.740620+00:00,Foxbit,BRL,5.15575,5.15745,3.3,True,
2026-09-18T20:05:28.740620+00:00,MercadoBitcoin,BRL,5.15735,5.1589,3.01,True,
2026-09-18T21:05:22.339413+00:00,IndependentReserve,SGD,1.276405,1.276455,0.39,True,
2026-09-18T21:05:22.339413+00:00,Coins.ph,PHP,62.835,62.825,-1.59,True,
2026-09-18T21:05:22.339413+00:00,BTCTurk,TRY,48.507,48.423,-17.32,True,
2026-09-18T21:05:22.339413+00:00,Upbit,KRW,1364.0,1365.0,7.33,True,
2026-09-18T21:05:22.339413+00:00,Indodax,IDR,17505.5,17561.0,31.7,True,
2026-09-18T21:05:22.339413+00:00,Bitkub,THB,32.955,32.955,0.0,True,
2026-09-18T21:05:22.339413+00:00,Bithumb,KRW,1364.5,1364.5,0.0,True,
2026-09-18T21:05:22.339413+00:00,Coinone,KRW,1364.5,1364.5,0.0,True,
2026-09-18T21:05:22.339413+00:00,Paribu,TRY,48.5065,48.488,-3.81,True,
2026-09-18T21:05:22.339413+00:00,Pintu,IDR,17601.0,17602.0,0.57,True,
2026-09-18T21:05:22.339413+00:00,Foxbit,BRL,5.16275,5.16085,-3.68,True,
2026-09-18T21:05:22.339413+00:00,MercadoBitcoin,BRL,5.16355,5.16195,-3.1,True,
2026-09-18T22:05:25.010484+00:00,IndependentReserve,SGD,1.27674,1.27651,-1.8,True,
2026-09-18T22:05:25.010484+00:00,Coins.ph,PHP,62.845,62.825,-3.18,True,
2026-09-18T22:05:25.010484+00:00,BTCTurk,TRY,48.394,48.367,-5.58,True,
2026-09-18T22:05:25.010484+00:00,Upbit,KRW,1365.0,1367.0,14.65,True,
2026-09-18T22:05:25.010484+00:00,Indodax,IDR,17505.5,17518.0,7.14,True,
2026-09-18T22:05:25.010484+00:00,Bitkub,THB,32.945,32.94,-1.52,True,
2026-09-18T22:05:25.010484+00:00,Bithumb,KRW,1365.5,1365.5,0.0,True,
2026-09-18T22:05:25.010484+00:00,Coinone,KRW,1364.5,1365.5,7.33,True,
2026-09-18T22:05:25.010484+00:00,Paribu,TRY,48.4245,48.4365,2.48,True,
2026-09-18T22:05:25.010484+00:00,Pintu,IDR,17602.0,17602.0,0.0,True,
2026-09-18T22:05:25.010484+00:00,Foxbit,BRL,5.16795,5.1677,-0.48,True,
2026-09-18T22:05:25.010484+00:00,MercadoBitcoin,BRL,5.16805,5.16835,0.58,True,
2026-09-18T23:05:23.591008+00:00,IndependentReserve,SGD,1.27688,1.27656,-2.51,True,
2026-09-18T23:05:23.591008+00:00,Coins.ph,PHP,62.845,62.825,-3.18,True,
2026-09-18T23:05:23.591008+00:00,BTCTurk,TRY,48.42,48.31,-22.72,True,
2026-09-18T23:05:23.591008+00:00,Upbit,KRW,1367.0,1367.0,0.0,True,
2026-09-18T23:05:23.591008+00:00,Indodax,IDR,17502.5,17548.0,26.0,True,
2026-09-18T23:05:23.591008+00:00,Bitkub,THB,32.945,32.95,1.52,True,
2026-09-18T23:05:23.591008+00:00,Bithumb,KRW,1366.5,1367.5,7.32,True,
2026-09-18T23:05:23.591008+00:00,Coinone,KRW,1367.5,1367.5,0.0,True,
2026-09-18T23:05:23.591008+00:00,Paribu,TRY,48.4225,48.3775,-9.29,True,
2026-09-18T23:05:23.591008+00:00,Pintu,IDR,17603.0,17602.0,-0.57,True,
2026-09-18T23:05:23.591008+00:00,Foxbit,BRL,5.16745,5.16715,-0.58,True,
2026-09-18T23:05:23.591008+00:00,MercadoBitcoin,BRL,5.16755,5.16785,0.58,True,
2026-09-19T00:05:24.083938+00:00,IndependentReserve,SGD,1.27688,1.276575,-2.39,True,
2026-09-19T00:05:24.083938+00:00,Coins.ph,PHP,62.845,62.825,-3.18,True,
2026-09-19T00:05:24.083938+00:00,BTCTurk,TRY,48.2885,48.312,4.87,True,
2026-09-19T00:05:24.083938+00:00,Upbit,KRW,1369.0,1366.0,-21.91,True,
2026-09-19T00:05:24.083938+00:00,Indodax,IDR,17502.5,17502.5,0.0,True,
2026-09-19T00:05:24.083938+00:00,Bitkub,THB,33.115,33.085,-9.06,True,
2026-09-19T00:05:24.083938+00:00,Bithumb,KRW,1368.5,1367.5,-7.31,True,
2026-09-19T00:05:24.083938+00:00,Coinone,KRW,1368.5,1368.5,0.0,True,
2026-09-19T00:05:24.083938+00:00,Paribu,TRY,48.4115,48.4135,0.41,True,
2026-09-19T00:05:24.083938+00:00,Pintu,IDR,17604.0,17602.0,-1.14,True,
2026-09-19T00:05:24.083938+00:00,Foxbit,BRL,5.16615,5.16815,3.87,True,
2026-09-19T00:05:24.083938+00:00,MercadoBitcoin,BRL,5.16625,5.1681,3.58,True,
2026-09-19T01:05:24.353757+00:00,IndependentReserve,SGD,1.27654,1.2766,0.47,True,
2026-09-19T01:05:24.353757+00:00,Coins.ph,PHP,62.845,62.845,0.0,True,
2026-09-19T01:05:24.353757+00:00,BTCTurk,TRY,48.2755,48.2645,-2.28,True,
2026-09-19T01:05:24.353757+00:00,Upbit,KRW,1374.0,1373.0,-7.28,True,
2026-09-19T01:05:24.353757+00:00,Indodax,IDR,17509.5,17511.5,1.14,True,
2026-09-19T01:05:24.353757+00:00,Bitkub,THB,33.09,33.1,3.02,True,
2026-09-19T01:05:24.353757+00:00,Bithumb,KRW,1373.5,1374.5,7.28,True,
2026-09-19T01:05:24.353757+00:00,Coinone,KRW,1374.5,1375.5,7.28,True,
2026-09-19T01:05:24.353757+00:00,Paribu,TRY,48.3905,48.354,-7.54,True,
2026-09-19T01:05:24.353757+00:00,Pintu,IDR,17604.0,17602.0,-1.14,True,
2026-09-19T01:05:24.353757+00:00,Foxbit,BRL,5.16585,5.16655,1.36,True,
2026-09-19T01:05:24.353757+00:00,MercadoBitcoin,BRL,5.16465,5.1652,1.06,True,
2026-09-19T02:05:22.067117+00:00,IndependentReserve,SGD,1.27705,1.2767,-2.74,True,
2026-09-19T02:05:22.067117+00:00,Coins.ph,PHP,62.85,62.845,-0.8,True,
2026-09-19T02:05:22.067117+00:00,BTCTurk,TRY,48.243,48.263,4.15,True,
2026-09-19T02:05:22.067117+00:00,Upbit,KRW,1373.0,1373.0,0.0,True,
2026-09-19T02:05:22.067117+00:00,Indodax,IDR,17512.5,17504.5,-4.57,True,
2026-09-19T02:05:22.067117+00:00,Bitkub,THB,33.135,33.15,4.53,True,
2026-09-19T02:05:22.067117+00:00,Bithumb,KRW,1373.5,1374.5,7.28,True,
2026-09-19T02:05:22.067117+00:00,Coinone,KRW,1373.5,1373.5,0.0,True,
2026-09-19T02:05:22.067117+00:00,Paribu,TRY,48.3735,48.351,-4.65,True,
2026-09-19T02:05:22.067117+00:00,Pintu,IDR,17601.0,17603.0,1.14,True,
2026-09-19T02:05:22.067117+00:00,Foxbit,BRL,5.16435,5.16685,4.84,True,
2026-09-19T02:05:22.067117+00:00,MercadoBitcoin,BRL,5.16535,5.1659,1.06,True,
2026-09-19T03:05:21.464739+00:00,IndependentReserve,SGD,1.276535,1.27624,-2.31,True,
2026-09-19T03:05:21.464739+00:00,Coins.ph,PHP,62.835,62.845,1.59,True,
2026-09-19T03:05:21.464739+00:00,BTCTurk,TRY,47.9615,48.1525,39.82,True,
2026-09-19T03:05:21.464739+00:00,Upbit,KRW,1372.0,1372.0,0.0,True,
2026-09-19T03:05:21.464739+00:00,Indodax,IDR,17522.5,17525.0,1.43,True,
2026-09-19T03:05:21.464739+00:00,Bitkub,THB,33.14,33.145,1.51,True,
2026-09-19T03:05:21.464739+00:00,Bithumb,KRW,1372.5,1373.5,7.29,True,
2026-09-19T03:05:21.464739+00:00,Coinone,KRW,1371.5,1371.5,0.0,True,
2026-09-19T03:05:21.464739+00:00,Paribu,TRY,48.3605,48.3445,-3.31,True,
2026-09-19T03:05:21.464739+00:00,Pintu,IDR,17601.0,17603.0,1.14,True,
2026-09-19T03:05:21.464739+00:00,Foxbit,BRL,5.16295,5.16625,6.39,True,
2026-09-19T03:05:21.464739+00:00,MercadoBitcoin,BRL,5.16315,5.1659,5.33,True,
2026-09-19T04:05:24.855706+00:00,IndependentReserve,SGD,1.276595,1.276465,-1.02,True,
2026-09-19T04:05:24.855706+00:00,Coins.ph,PHP,62.84,62.85,1.59,True,
2026-09-19T04:05:24.855706+00:00,BTCTurk,TRY,48.1475,48.1265,-4.36,True,
2026-09-19T04:05:24.855706+00:00,Upbit,KRW,1372.0,1372.0,0.0,True,
2026-09-19T04:05:24.855706+00:00,Indodax,IDR,17524.5,17515.5,-5.14,True,
2026-09-19T04:05:24.855706+00:00,Bitkub,THB,33.215,33.23,4.52,True,
2026-09-19T04:05:24.855706+00:00,Bithumb,KRW,1372.5,1373.0,3.64,True,
2026-09-19T04:05:24.855706+00:00,Coinone,KRW,1371.5,1372.5,7.29,True,
2026-09-19T04:05:24.855706+00:00,Paribu,TRY,48.2935,48.2635,-6.21,True,
2026-09-19T04:05:24.855706+00:00,Pintu,IDR,17603.0,17603.0,0.0,True,
2026-09-19T04:05:24.855706+00:00,Foxbit,BRL,5.16325,5.1665,6.29,True,
2026-09-19T04:05:24.855706+00:00,MercadoBitcoin,BRL,5.16145,5.1652,7.27,True,
2026-09-19T05:05:24.187596+00:00,IndependentReserve,SGD,1.27645,1.27633,-0.94,True,
2026-09-19T05:05:24.187596+00:00,Coins.ph,PHP,62.84,62.845,0.8,True,
2026-09-19T05:05:24.187596+00:00,BTCTurk,TRY,48.1735,48.1425,-6.44,True,
2026-09-19T05:05:24.187596+00:00,Upbit,KRW,1371.0,1370.0,-7.29,True,
2026-09-19T05:05:24.187596+00:00,Indodax,IDR,17519.5,17516.0,-2.0,True,
2026-09-19T05:05:24.187596+00:00,Bitkub,THB,33.175,33.18,1.51,True,
2026-09-19T05:05:24.187596+00:00,Bithumb,KRW,1370.5,1370.5,0.0,True,
2026-09-19T05:05:24.187596+00:00,Coinone,KRW,1369.5,1370.5,7.3,True,
2026-09-19T05:05:24.187596+00:00,Paribu,TRY,48.2855,48.328,8.8,True,
2026-09-19T05:05:24.187596+00:00,Pintu,IDR,17555.0,17563.0,4.56,True,
2026-09-19T05:05:24.187596+00:00,Foxbit,BRL,5.16305,5.16615,6.0,True,
2026-09-19T05:05:24.187596+00:00,MercadoBitcoin,BRL,5.16115,5.1649,7.27,True,
2026-09-19T06:05:20.579008+00:00,IndependentReserve,SGD,1.27587,1.276065,1.53,True,
2026-09-19T06:05:20.579008+00:00,Coins.ph,PHP,62.845,62.85,0.8,True,
2026-09-19T06:05:20.579008+00:00,BTCTurk,TRY,48.218,48.1755,-8.81,True,
2026-09-19T06:05:20.579008+00:00,Upbit,KRW,1369.0,1369.0,0.0,True,
2026-09-19T06:05:20.579008+00:00,Indodax,IDR,17521.5,17559.5,21.69,True,
2026-09-19T06:05:20.579008+00:00,Bitkub,THB,33.175,33.175,0.0,True,
2026-09-19T06:05:20.579008+00:00,Bithumb,KRW,1368.5,1368.0,-3.65,True,
2026-09-19T06:05:20.579008+00:00,Coinone,KRW,1368.5,1368.5,0.0,True,
2026-09-19T06:05:20.579008+00:00,Paribu,TRY,48.339,48.2795,-12.31,True,
2026-09-19T06:05:20.579008+00:00,Pintu,IDR,17555.0,17563.0,4.56,True,
2026-09-19T06:05:20.579008+00:00,Foxbit,BRL,5.16305,5.1648,3.39,True,
2026-09-19T06:05:20.579008+00:00,MercadoBitcoin,BRL,5.16095,5.16505,7.94,True,
2026-09-19T07:05:27.231940+00:00,IndependentReserve,SGD,1.275775,1.276065,2.27,True,
2026-09-19T07:05:27.231940+00:00,Coins.ph,PHP,62.845,62.855,1.59,True,
2026-09-19T07:05:27.231940+00:00,BTCTurk,TRY,48.3625,48.338,-5.07,True,
2026-09-19T07:05:27.231940+00:00,Upbit,KRW,1370.0,1369.0,-7.3,True,
2026-09-19T07:05:27.231940+00:00,Indodax,IDR,17528.5,17515.0,-7.7,True,
2026-09-19T07:05:27.231940+00:00,Bitkub,THB,33.125,33.13,1.51,True,
2026-09-19T07:05:27.231940+00:00,Bithumb,KRW,1368.5,1368.0,-3.65,True,
2026-09-19T07:05:27.231940+00:00,Coinone,KRW,1368.5,1368.5,0.0,True,
2026-09-19T07:05:27.231940+00:00,Paribu,TRY,48.3955,48.38,-3.2,True,
2026-09-19T07:05:27.231940+00:00,Pintu,IDR,17553.0,17564.0,6.27,True,
2026-09-19T07:05:27.231940+00:00,Foxbit,BRL,5.16265,5.16465,3.87,True,
2026-09-19T07:05:27.231940+00:00,MercadoBitcoin,BRL,5.16125,5.16515,7.56,True,
2026-09-19T08:05:19.237325+00:00,IndependentReserve,SGD,1.27604,1.27624,1.57,True,
2026-09-19T08:05:19.237325+00:00,Coins.ph,PHP,62.855,62.855,0.0,True,
2026-09-19T08:05:19.237325+00:00,BTCTurk,TRY,48.274,48.2975,4.87,True,
2026-09-19T08:05:19.237325+00:00,Upbit,KRW,1368.0,1368.0,0.0,True,
2026-09-19T08:05:19.237325+00:00,Indodax,IDR,17570.5,17529.0,-23.62,True,
2026-09-19T08:05:19.237325+00:00,Bitkub,THB,33.155,33.145,-3.02,True,
2026-09-19T08:05:19.237325+00:00,Bithumb,KRW,1368.5,1369.5,7.31,True,
2026-09-19T08:05:19.237325+00:00,Coinone,KRW,1368.5,1368.5,0.0,True,
2026-09-19T08:05:19.237325+00:00,Paribu,TRY,48.301,48.275,-5.38,True,
2026-09-19T08:05:19.237325+00:00,Pintu,IDR,17554.0,17563.0,5.13,True,
2026-09-19T08:05:19.237325+00:00,Foxbit,BRL,5.16325,5.16695,7.17,True,
2026-09-19T08:05:19.237325+00:00,MercadoBitcoin,BRL,5.16195,5.16605,7.94,True,
2026-09-19T09:05:23.026781+00:00,IndependentReserve,SGD,1.2761,1.27624,1.1,True,
2026-09-19T09:05:23.026781+00:00,Coins.ph,PHP,62.855,62.855,0.0,True,
2026-09-19T09:05:23.026781+00:00,BTCTurk,TRY,48.1985,48.1975,-0.21,True,
2026-09-19T09:05:23.026781+00:00,Upbit,KRW,1370.0,1369.0,-7.3,True,
2026-09-19T09:05:23.026781+00:00,Indodax,IDR,17526.5,17523.0,-2.0,True,
2026-09-19T09:05:23.026781+00:00,Bitkub,THB,33.15,33.145,-1.51,True,
2026-09-19T09:05:23.026781+00:00,Bithumb,KRW,1368.5,1368.0,-3.65,True,
2026-09-19T09:05:23.026781+00:00,Coinone,KRW,1368.5,1368.5,0.0,True,
2026-09-19T09:05:23.026781+00:00,Paribu,TRY,48.3205,48.3245,0.83,True,
2026-09-19T09:05:23.026781+00:00,Pintu,IDR,17555.0,17563.0,4.56,True,
2026-09-19T09:05:23.026781+00:00,Foxbit,BRL,5.16325,5.1671,7.46,True,
2026-09-19T09:05:23.026781+00:00,MercadoBitcoin,BRL,5.16325,5.16645,6.2,True,
2026-09-19T10:05:23.082705+00:00,IndependentReserve,SGD,1.27609,1.27624,1.18,True,
2026-09-19T10:05:23.082705+00:00,Coins.ph,PHP,62.845,62.855,1.59,True,
2026-09-19T10:05:23.082705+00:00,BTCTurk,TRY,,,,False,ValueError:no USDT mid captured this run
2026-09-19T10:05:23.082705+00:00,Upbit,KRW,1370.0,1371.0,7.3,True,
2026-09-19T10:05:23.082705+00:00,Indodax,IDR,17526.5,17497.5,-16.55,True,
2026-09-19T10:05:23.082705+00:00,Bitkub,THB,33.145,33.14,-1.51,True,
2026-09-19T10:05:23.082705+00:00,Bithumb,KRW,1369.5,1370.5,7.3,True,
2026-09-19T10:05:23.082705+00:00,Coinone,KRW,1370.5,1370.5,0.0,True,
2026-09-19T10:05:23.082705+00:00,Paribu,TRY,48.3665,48.322,-9.2,True,
2026-09-19T10:05:23.082705+00:00,Pintu,IDR,17537.0,17544.0,3.99,True,
2026-09-19T10:05:23.082705+00:00,Foxbit,BRL,5.16315,5.1672,7.84,True,
2026-09-19T10:05:23.082705+00:00,MercadoBitcoin,BRL,5.16435,5.1667,4.55,True,
2026-09-19T11:05:24.790131+00:00,IndependentReserve,SGD,1.276195,1.276275,0.63,True,
2026-09-19T11:05:24.790131+00:00,Coins.ph,PHP,62.865,62.865,-0.0,True,
2026-09-19T11:05:24.790131+00:00,BTCTurk,TRY,48.3115,48.2585,-10.97,True,
2026-09-19T11:05:24.790131+00:00,Upbit,KRW,1370.0,1370.0,0.0,True,
2026-09-19T11:05:24.790131+00:00,Indodax,IDR,17528.5,17489.5,-22.25,True,
2026-09-19T11:05:24.790131+00:00,Bitkub,THB,33.125,33.145,6.04,True,
2026-09-19T11:05:24.790131+00:00,Bithumb,KRW,1369.5,1370.5,7.3,True,
2026-09-19T11:05:24.790131+00:00,Coinone,KRW,1368.5,1369.5,7.31,True,
2026-09-19T11:05:24.790131+00:00,Paribu,TRY,48.3245,48.303,-4.45,True,
2026-09-19T11:05:24.790131+00:00,Pintu,IDR,17540.0,17543.0,1.71,True,
2026-09-19T11:05:24.790131+00:00,Foxbit,BRL,5.16325,5.16775,8.72,True,
2026-09-19T11:05:24.790131+00:00,MercadoBitcoin,BRL,5.16495,5.1668,3.58,True,
2026-09-19T12:05:24.572037+00:00,IndependentReserve,SGD,1.27622,1.27631,0.71,True,
2026-09-19T12:05:24.572037+00:00,Coins.ph,PHP,62.875,62.875,0.0,True,
2026-09-19T12:05:24.572037+00:00,BTCTurk,TRY,48.293,48.256,-7.66,True,
2026-09-19T12:05:24.572037+00:00,Upbit,KRW,1367.0,1369.0,14.63,True,
2026-09-19T12:05:24.572037+00:00,Indodax,IDR,17529.5,17527.5,-1.14,True,
2026-09-19T12:05:24.572037+00:00,Bitkub,THB,33.135,33.125,-3.02,True,
2026-09-19T12:05:24.572037+00:00,Bithumb,KRW,1366.5,1367.5,7.32,True,
2026-09-19T12:05:24.572037+00:00,Coinone,KRW,1367.5,1367.5,0.0,True,
2026-09-19T12:05:24.572037+00:00,Paribu,TRY,48.3245,48.3245,0.0,True,
2026-09-19T12:05:24.572037+00:00,Pintu,IDR,17510.0,17524.0,8.0,True,
2026-09-19T12:05:24.572037+00:00,Foxbit,BRL,5.16475,5.168,6.29,True,
2026-09-19T12:05:24.572037+00:00,MercadoBitcoin,BRL,5.16565,5.1673,3.19,True,
2026-09-19T13:05:20.277800+00:00,IndependentReserve,SGD,1.27546,1.276265,6.31,True,
2026-09-19T13:05:20.277800+00:00,Coins.ph,PHP,62.895,62.895,-0.0,True,
2026-09-19T13:05:20.277800+00:00,BTCTurk,TRY,48.3155,48.245,-14.59,True,
2026-09-19T13:05:20.277800+00:00,Upbit,KRW,1365.0,1365.0,0.0,True,
2026-09-19T13:05:20.277800+00:00,Indodax,IDR,17529.5,17530.0,0.29,True,
2026-09-19T13:05:20.277800+00:00,Bitkub,THB,33.155,33.155,0.0,True,
2026-09-19T13:05:20.277800+00:00,Bithumb,KRW,1365.5,1366.5,7.32,True,
2026-09-19T13:05:20.277800+00:00,Coinone,KRW,1365.5,1365.5,0.0,True,
2026-09-19T13:05:20.277800+00:00,Paribu,TRY,48.3255,48.2685,-11.8,True,
2026-09-19T13:05:20.277800+00:00,Pintu,IDR,17510.0,17523.0,7.42,True,
2026-09-19T13:05:20.277800+00:00,Foxbit,BRL,5.16565,5.16745,3.48,True,
2026-09-19T13:05:20.277800+00:00,MercadoBitcoin,BRL,5.16615,5.1681,3.77,True,
2026-09-19T14:05:21.631978+00:00,IndependentReserve,SGD,1.275545,1.27635,6.31,True,
2026-09-19T14:05:21.631978+00:00,Coins.ph,PHP,62.915,62.915,0.0,True,
2026-09-19T14:05:21.631978+00:00,BTCTurk,TRY,48.3695,48.3705,0.21,True,
2026-09-19T14:05:21.631978+00:00,Upbit,KRW,1370.0,1367.0,-21.9,True,
2026-09-19T14:05:21.631978+00:00,Indodax,IDR,17529.5,17532.5,1.71,True,
2026-09-19T14:05:21.631978+00:00,Bitkub,THB,33.105,33.13,7.55,True,
2026-09-19T14:05:21.631978+00:00,Bithumb,KRW,1368.5,1367.5,-7.31,True,
2026-09-19T14:05:21.631978+00:00,Coinone,KRW,1368.5,1368.5,0.0,True,
2026-09-19T14:05:21.631978+00:00,Paribu,TRY,48.3505,48.3705,4.14,True,
2026-09-19T14:05:21.631978+00:00,Pintu,IDR,17510.0,17523.0,7.42,True,
2026-09-19T14:05:21.631978+00:00,Foxbit,BRL,5.16575,5.16715,2.71,True,
2026-09-19T14:05:21.631978+00:00,MercadoBitcoin,BRL,5.16435,5.1663,3.78,True,
2026-09-19T15:05:27.891516+00:00,IndependentReserve,SGD,1.27553,1.276365,6.55,True,
2026-09-19T15:05:27.891516+00:00,Coins.ph,PHP,62.925,62.915,-1.59,True,
2026-09-19T15:05:27.891516+00:00,BTCTurk,TRY,48.3955,48.3595,-7.44,True,
2026-09-19T15:05:27.891516+00:00,Upbit,KRW,1367.0,1366.0,-7.32,True,
2026-09-19T15:05:27.891516+00:00,Indodax,IDR,17524.5,17533.5,5.14,True,
2026-09-19T15:05:27.891516+00:00,Bitkub,THB,33.155,33.16,1.51,True,
2026-09-19T15:05:27.891516+00:00,Bithumb,KRW,1366.5,1367.5,7.32,True,
2026-09-19T15:05:27.891516+00:00,Coinone,KRW,1366.5,1367.5,7.32,True,
2026-09-19T15:05:27.891516+00:00,Paribu,TRY,48.398,48.338,-12.4,True,
2026-09-19T15:05:27.891516+00:00,Pintu,IDR,17509.0,17513.0,2.28,True,
2026-09-19T15:05:27.891516+00:00,Foxbit,BRL,5.16645,5.16675,0.58,True,
2026-09-19T15:05:27.891516+00:00,MercadoBitcoin,BRL,5.16635,5.1673,1.84,True,
2026-09-19T16:05:23.333815+00:00,IndependentReserve,SGD,1.275515,1.276335,6.43,True,
2026-09-19T16:05:23.333815+00:00,Coins.ph,PHP,62.925,62.915,-1.59,True,
2026-09-19T16:05:23.333815+00:00,BTCTurk,TRY,48.3835,48.357,-5.48,True,
2026-09-19T16:05:23.333815+00:00,Upbit,KRW,1367.0,1368.0,7.32,True,
2026-09-19T16:05:23.333815+00:00,Indodax,IDR,17524.5,17534.5,5.71,True,
2026-09-19T16:05:23.333815+00:00,Bitkub,THB,33.185,33.11,-22.6,True,
2026-09-19T16:05:23.333815+00:00,Bithumb,KRW,1366.5,1365.5,-7.32,True,
2026-09-19T16:05:23.333815+00:00,Coinone,KRW,1366.5,1366.5,0.0,True,
2026-09-19T16:05:23.333815+00:00,Paribu,TRY,48.3445,48.3445,0.0,True,
2026-09-19T16:05:23.333815+00:00,Pintu,IDR,17494.0,17503.0,5.14,True,
2026-09-19T16:05:23.333815+00:00,Foxbit,BRL,5.16535,5.16585,0.97,True,
2026-09-19T16:05:23.333815+00:00,MercadoBitcoin,BRL,5.16275,5.16395,2.32,True,
2026-09-19T17:05:22.026579+00:00,IndependentReserve,SGD,1.275515,1.276505,7.76,True,
2026-09-19T17:05:22.026579+00:00,Coins.ph,PHP,62.925,62.915,-1.59,True,
2026-09-19T17:05:22.026579+00:00,BTCTurk,TRY,48.2475,48.337,18.55,True,
2026-09-19T17:05:22.026579+00:00,Upbit,KRW,1365.0,1366.0,7.33,True,
2026-09-19T17:05:22.026579+00:00,Indodax,IDR,17524.5,17538.0,7.7,True,
2026-09-19T17:05:22.026579+00:00,Bitkub,THB,33.185,33.18,-1.51,True,
2026-09-19T17:05:22.026579+00:00,Bithumb,KRW,1366.5,1365.5,-7.32,True,
2026-09-19T17:05:22.026579+00:00,Coinone,KRW,1365.5,1365.5,0.0,True,
2026-09-19T17:05:22.026579+00:00,Paribu,TRY,48.3485,48.2925,-11.58,True,
2026-09-19T17:05:22.026579+00:00,Pintu,IDR,17494.0,17503.0,5.14,True,
2026-09-19T17:05:22.026579+00:00,Foxbit,BRL,5.16555,5.16475,-1.55,True,
2026-09-19T17:05:22.026579+00:00,MercadoBitcoin,BRL,5.16295,5.16435,2.71,True,
2026-09-19T18:05:24.136024+00:00,IndependentReserve,SGD,1.275565,1.27663,8.35,True,
2026-09-19T18:05:24.136024+00:00,Coins.ph,PHP,62.925,62.915,-1.59,True,
2026-09-19T18:05:24.136024+00:00,BTCTurk,TRY,48.3245,48.34,3.21,True,
2026-09-19T18:05:24.136024+00:00,Upbit,KRW,1367.0,1364.0,-21.95,True,
2026-09-19T18:05:24.136024+00:00,Indodax,IDR,17515.5,17538.5,13.13,True,
2026-09-19T18:05:24.136024+00:00,Bitkub,THB,33.175,33.175,0.0,True,
2026-09-19T18:05:24.136024+00:00,Bithumb,KRW,1365.5,1366.0,3.66,True,
2026-09-19T18:05:24.136024+00:00,Coinone,KRW,1365.5,1366.0,3.66,True,
2026-09-19T18:05:24.136024+00:00,Paribu,TRY,48.3235,48.3415,3.72,True,
2026-09-19T18:05:24.136024+00:00,Pintu,IDR,17495.0,17503.0,4.57,True,
2026-09-19T18:05:24.136024+00:00,Foxbit,BRL,5.16575,5.16595,0.39,True,
2026-09-19T18:05:24.136024+00:00,MercadoBitcoin,BRL,5.16525,5.16495,-0.58,True,
2026-09-19T19:05:23.145023+00:00,IndependentReserve,SGD,1.275645,1.27677,8.82,True,
2026-09-19T19:05:23.145023+00:00,Coins.ph,PHP,62.925,62.915,-1.59,True,
2026-09-19T19:05:23.145023+00:00,BTCTurk,TRY,48.3785,48.3585,-4.13,True,
2026-09-19T19:05:23.145023+00:00,Upbit,KRW,1367.0,1367.0,0.0,True,
2026-09-19T19:05:23.145023+00:00,Indodax,IDR,17513.5,17537.5,13.7,True,
2026-09-19T19:05:23.145023+00:00,Bitkub,THB,33.175,33.17,-1.51,True,
2026-09-19T19:05:23.145023+00:00,Bithumb,KRW,1366.5,1366.5,0.0,True,
2026-09-19T19:05:23.145023+00:00,Coinone,KRW,1366.5,1366.5,0.0,True,
2026-09-19T19:05:23.145023+00:00,Paribu,TRY,48.3225,48.3175,-1.03,True,
2026-09-19T19:05:23.145023+00:00,Pintu,IDR,17494.0,17503.0,5.14,True,
2026-09-19T19:05:23.145023+00:00,Foxbit,BRL,5.16575,5.16535,-0.77,True,
2026-09-19T19:05:23.145023+00:00,MercadoBitcoin,BRL,5.16345,5.1647,2.42,True,
2026-09-19T20:05:29.238921+00:00,IndependentReserve,SGD,1.2758,1.277085,10.07,True,
2026-09-19T20:05:29.238921+00:00,Coins.ph,PHP,62.925,62.915,-1.59,True,
2026-09-19T20:05:29.238921+00:00,BTCTurk,TRY,48.279,48.4005,25.17,True,
2026-09-19T20:05:29.238921+00:00,Upbit,KRW,1366.0,1365.0,-7.32,True,
2026-09-19T20:05:29.238921+00:00,Indodax,IDR,17507.5,17538.5,17.71,True,
2026-09-19T20:05:29.238921+00:00,Bitkub,THB,33.175,33.175,0.0,True,
2026-09-19T20:05:29.238921+00:00,Bithumb,KRW,1365.5,1366.5,7.32,True,
2026-09-19T20:05:29.238921+00:00,Coinone,KRW,1366.5,1366.5,0.0,True,
2026-09-19T20:05:29.238921+00:00,Paribu,TRY,48.36,48.256,-21.51,True,
2026-09-19T20:05:29.238921+00:00,Pintu,IDR,17495.0,17503.0,4.57,True,
2026-09-19T20:05:29.238921+00:00,Foxbit,BRL,5.16575,5.1655,-0.48,True,
2026-09-19T20:05:29.238921+00:00,MercadoBitcoin,BRL,5.16345,5.1647,2.42,True,
2026-09-19T21:05:24.580623+00:00,IndependentReserve,SGD,1.276935,1.277115,1.41,True,
2026-09-19T21:05:24.580623+00:00,Coins.ph,PHP,62.925,62.915,-1.59,True,
2026-09-19T21:05:24.580623+00:00,BTCTurk,TRY,48.3175,48.403,17.7,True,
2026-09-19T21:05:24.580623+00:00,Upbit,KRW,1366.0,1367.0,7.32,True,
2026-09-19T21:05:24.580623+00:00,Indodax,IDR,17515.5,17534.0,10.56,True,
2026-09-19T21:05:24.580623+00:00,Bitkub,THB,33.175,33.18,1.51,True,
2026-09-19T21:05:24.580623+00:00,Bithumb,KRW,1366.5,1366.5,0.0,True,
2026-09-19T21:05:24.580623+00:00,Coinone,KRW,1365.5,1366.5,7.32,True,
2026-09-19T21:05:24.580623+00:00,Paribu,TRY,48.3325,48.2985,-7.03,True,
2026-09-19T21:05:24.580623+00:00,Pintu,IDR,17495.0,17503.0,4.57,True,
2026-09-19T21:05:24.580623+00:00,Foxbit,BRL,5.16535,5.1657,0.68,True,
2026-09-19T21:05:24.580623+00:00,MercadoBitcoin,BRL,5.16295,5.16585,5.62,True,
2026-09-19T22:05:23.305573+00:00,IndependentReserve,SGD,1.27617,1.276445,2.15,True,
2026-09-19T22:05:23.305573+00:00,Coins.ph,PHP,62.925,62.925,0.0,True,
2026-09-19T22:05:23.305573+00:00,BTCTurk,TRY,48.261,48.3445,17.3,True,
2026-09-19T22:05:23.305573+00:00,Upbit,KRW,1366.0,1369.0,21.96,True,
2026-09-19T22:05:23.305573+00:00,Indodax,IDR,17524.5,17539.5,8.56,True,
2026-09-19T22:05:23.305573+00:00,Bitkub,THB,33.175,33.18,1.51,True,
2026-09-19T22:05:23.305573+00:00,Bithumb,KRW,1366.5,1367.5,7.32,True,
2026-09-19T22:05:23.305573+00:00,Coinone,KRW,1366.5,1367.0,3.66,True,
2026-09-19T22:05:23.305573+00:00,Paribu,TRY,48.3435,48.319,-5.07,True,
2026-09-19T22:05:23.305573+00:00,Pintu,IDR,17494.0,17504.0,5.72,True,
2026-09-19T22:05:23.305573+00:00,Foxbit,BRL,5.16315,5.1637,1.07,True,
2026-09-19T22:05:23.305573+00:00,MercadoBitcoin,BRL,5.16245,5.16465,4.26,True,
2026-09-19T23:05:21.312152+00:00,IndependentReserve,SGD,1.275915,1.27622,2.39,True,
2026-09-19T23:05:21.312152+00:00,Coins.ph,PHP,62.945,62.945,0.0,True,
2026-09-19T23:05:21.312152+00:00,BTCTurk,TRY,48.3245,48.274,-10.45,True,
2026-09-19T23:05:21.312152+00:00,Upbit,KRW,1365.0,1365.0,0.0,True,
2026-09-19T23:05:21.312152+00:00,Indodax,IDR,17511.5,17541.5,17.13,True,
2026-09-19T23:05:21.312152+00:00,Bitkub,THB,33.145,33.15,1.51,True,
2026-09-19T23:05:21.312152+00:00,Bithumb,KRW,1365.5,1365.5,0.0,True,
2026-09-19T23:05:21.312152+00:00,Coinone,KRW,1364.5,1365.5,7.33,True,
2026-09-19T23:05:21.312152+00:00,Paribu,TRY,48.3215,48.3165,-1.03,True,
2026-09-19T23:05:21.312152+00:00,Pintu,IDR,17494.0,17504.0,5.72,True,
2026-09-19T23:05:21.312152+00:00,Foxbit,BRL,5.16185,5.1638,3.78,True,
2026-09-19T23:05:21.312152+00:00,MercadoBitcoin,BRL,5.16145,5.1633,3.58,True,
2026-09-20T00:05:19.722172+00:00,IndependentReserve,SGD,1.2759,1.27615,1.96,True,
2026-09-20T00:05:19.722172+00:00,Coins.ph,PHP,62.945,62.945,0.0,True,
2026-09-20T00:05:19.722172+00:00,BTCTurk,TRY,48.274,48.269,-1.04,True,
2026-09-20T00:05:19.722172+00:00,Upbit,KRW,1366.0,1367.0,7.32,True,
2026-09-20T00:05:19.722172+00:00,Indodax,IDR,17522.0,17536.5,8.28,True,
2026-09-20T00:05:19.722172+00:00,Bitkub,THB,33.135,33.16,7.54,True,
2026-09-20T00:05:19.722172+00:00,Bithumb,KRW,1365.5,1365.5,0.0,True,
2026-09-20T00:05:19.722172+00:00,Coinone,KRW,1365.5,1365.5,0.0,True,
2026-09-20T00:05:19.722172+00:00,Paribu,TRY,48.2715,48.256,-3.21,True,
2026-09-20T00:05:19.722172+00:00,Pintu,IDR,17494.0,17504.0,5.72,True,
2026-09-20T00:05:19.722172+00:00,Foxbit,BRL,5.16425,5.16385,-0.77,True,
2026-09-20T00:05:19.722172+00:00,MercadoBitcoin,BRL,5.16315,5.1637,1.07,True,
2026-09-20T01:05:21.632113+00:00,IndependentReserve,SGD,1.27638,1.27633,-0.39,True,
2026-09-20T01:05:21.632113+00:00,Coins.ph,PHP,62.945,62.935,-1.59,True,
2026-09-20T01:05:21.632113+00:00,BTCTurk,TRY,48.1865,48.2575,14.73,True,
2026-09-20T01:05:21.632113+00:00,Upbit,KRW,1367.0,1367.0,0.0,True,
2026-09-20T01:05:21.632113+00:00,Indodax,IDR,17523.5,17535.0,6.56,True,
2026-09-20T01:05:21.632113+00:00,Bitkub,THB,33.155,33.15,-1.51,True,
2026-09-20T01:05:21.632113+00:00,Bithumb,KRW,1366.5,1366.5,0.0,True,
2026-09-20T01:05:21.632113+00:00,Coinone,KRW,1366.5,1366.5,0.0,True,
2026-09-20T01:05:21.632113+00:00,Paribu,TRY,48.2215,48.231,1.97,True,
2026-09-20T01:05:21.632113+00:00,Pintu,IDR,17480.0,17493.0,7.44,True,
2026-09-20T01:05:21.632113+00:00,Foxbit,BRL,5.16485,5.16375,-2.13,True,
2026-09-20T01:05:21.632113+00:00,MercadoBitcoin,BRL,5.16325,5.1639,1.26,True,
2026-09-20T02:05:21.212854+00:00,IndependentReserve,SGD,1.27701,1.277115,0.82,True,
2026-09-20T02:05:21.212854+00:00,Coins.ph,PHP,62.935,62.935,0.0,True,
2026-09-20T02:05:21.212854+00:00,BTCTurk,TRY,48.1875,48.258,14.63,True,
2026-09-20T02:05:21.212854+00:00,Upbit,KRW,1365.0,1364.0,-7.33,True,
2026-09-20T02:05:21.212854+00:00,Indodax,IDR,17514.5,17542.0,15.7,True,
2026-09-20T02:05:21.212854+00:00,Bitkub,THB,33.145,33.135,-3.02,True,
2026-09-20T02:05:21.212854+00:00,Bithumb,KRW,1364.5,1365.5,7.33,True,
2026-09-20T02:05:21.212854+00:00,Coinone,KRW,1364.5,1364.5,0.0,True,
2026-09-20T02:05:21.212854+00:00,Paribu,TRY,48.2065,48.2885,17.01,True,
2026-09-20T02:05:21.212854+00:00,Pintu,IDR,17477.0,17494.0,9.73,True,
2026-09-20T02:05:21.212854+00:00,Foxbit,BRL,5.16425,5.16585,3.1,True,
2026-09-20T02:05:21.212854+00:00,MercadoBitcoin,BRL,5.16215,5.16475,5.04,True,
2026-09-20T03:05:21.108168+00:00,IndependentReserve,SGD,1.276845,1.277345,3.92,True,
2026-09-20T03:05:21.108168+00:00,Coins.ph,PHP,62.945,62.935,-1.59,True,
2026-09-20T03:05:21.108168+00:00,BTCTurk,TRY,48.2305,48.269,7.98,True,
2026-09-20T03:05:21.108168+00:00,Upbit,KRW,1363.0,1365.0,14.67,True,
2026-09-20T03:05:21.108168+00:00,Indodax,IDR,17513.5,17501.5,-6.85,True,
2026-09-20T03:05:21.108168+00:00,Bitkub,THB,33.155,33.135,-6.03,True,
2026-09-20T03:05:21.108168+00:00,Bithumb,KRW,1364.5,1365.5,7.33,True,
2026-09-20T03:05:21.108168+00:00,Coinone,KRW,1363.5,1364.5,7.33,True,
2026-09-20T03:05:21.108168+00:00,Paribu,TRY,48.1555,48.2135,12.04,True,
2026-09-20T03:05:21.108168+00:00,Pintu,IDR,17477.0,17494.0,9.73,True,
2026-09-20T03:05:21.108168+00:00,Foxbit,BRL,5.16335,5.16445,2.13,True,
2026-09-20T03:05:21.108168+00:00,MercadoBitcoin,BRL,5.16165,5.1647,5.91,True,
2026-09-20T04:05:20.069046+00:00,IndependentReserve,SGD,1.27516,1.27553,2.9,True,
2026-09-20T04:05:20.069046+00:00,Coins.ph,PHP,62.935,62.935,0.0,True,
2026-09-20T04:05:20.069046+00:00,BTCTurk,TRY,48.2005,48.266,13.59,True,
2026-09-20T04:05:20.069046+00:00,Upbit,KRW,1365.0,1365.0,0.0,True,
2026-09-20T04:05:20.069046+00:00,Indodax,IDR,17509.5,17542.5,18.85,True,
2026-09-20T04:05:20.069046+00:00,Bitkub,THB,33.195,33.165,-9.04,True,
2026-09-20T04:05:20.069046+00:00,Bithumb,KRW,1364.5,1364.5,0.0,True,
2026-09-20T04:05:20.069046+00:00,Coinone,KRW,1364.5,1364.5,0.0,True,
2026-09-20T04:05:20.069046+00:00,Paribu,TRY,48.187,48.2235,7.57,True,
2026-09-20T04:05:20.069046+00:00,Pintu,IDR,17477.0,17494.0,9.73,True,
2026-09-20T04:05:20.069046+00:00,Foxbit,BRL,5.16225,5.1645,4.36,True,
2026-09-20T04:05:20.069046+00:00,MercadoBitcoin,BRL,5.16225,5.16445,4.26,True,
2026-09-20T05:05:20.383238+00:00,IndependentReserve,SGD,1.275655,1.27599,2.63,True,
2026-09-20T05:05:20.383238+00:00,Coins.ph,PHP,62.935,62.935,0.0,True,
2026-09-20T05:05:20.383238+00:00,BTCTurk,TRY,48.2005,48.2155,3.11,True,
2026-09-20T05:05:20.383238+00:00,Upbit,KRW,1366.0,1368.0,14.64,True,
2026-09-20T05:05:20.383238+00:00,Indodax,IDR,17527.5,17550.0,12.84,True,
2026-09-20T05:05:20.383238+00:00,Bitkub,THB,33.195,33.165,-9.04,True,
2026-09-20T05:05:20.383238+00:00,Bithumb,KRW,1365.5,1366.0,3.66,True,
2026-09-20T05:05:20.383238+00:00,Coinone,KRW,1366.5,1366.5,0.0,True,
2026-09-20T05:05:20.383238+00:00,Paribu,TRY,48.1565,48.214,11.94,True,
2026-09-20T05:05:20.383238+00:00,Pintu,IDR,17478.0,17494.0,9.15,True,
2026-09-20T05:05:20.383238+00:00,Foxbit,BRL,5.16345,5.1638,0.68,True,
2026-09-20T05:05:20.383238+00:00,MercadoBitcoin,BRL,5.16235,5.1643,3.78,True,
2026-09-20T06:05:21.009751+00:00,IndependentReserve,SGD,1.275735,1.276545,6.35,True,
2026-09-20T06:05:21.009751+00:00,Coins.ph,PHP,62.935,62.935,0.0,True,
2026-09-20T06:05:21.009751+00:00,BTCTurk,TRY,48.1935,48.216,4.67,True,
2026-09-20T06:05:21.009751+00:00,Upbit,KRW,1366.0,1366.0,0.0,True,
2026-09-20T06:05:21.009751+00:00,Indodax,IDR,17527.5,17550.0,12.84,True,
2026-09-20T06:05:21.009751+00:00,Bitkub,THB,33.21,33.215,1.51,True,
2026-09-20T06:05:21.009751+00:00,Bithumb,KRW,1366.5,1367.0,3.66,True,
2026-09-20T06:05:21.009751+00:00,Coinone,KRW,1366.5,1366.5,0.0,True,
2026-09-20T06:05:21.009751+00:00,Paribu,TRY,48.1605,48.2445,17.44,True,
2026-09-20T06:05:21.009751+00:00,Pintu,IDR,17478.0,17484.0,3.43,True,
2026-09-20T06:05:21.009751+00:00,Foxbit,BRL,5.16345,5.16455,2.13,True,
2026-09-20T06:05:21.009751+00:00,MercadoBitcoin,BRL,5.16335,5.16455,2.32,True,
2026-09-20T07:05:21.635760+00:00,IndependentReserve,SGD,1.27589,1.2767,6.35,True,
2026-09-20T07:05:21.635760+00:00,Coins.ph,PHP,62.935,62.935,0.0,True,
2026-09-20T07:05:21.635760+00:00,BTCTurk,TRY,48.267,48.2205,-9.63,True,
2026-09-20T07:05:21.635760+00:00,Upbit,KRW,1368.0,1367.0,-7.31,True,
2026-09-20T07:05:21.635760+00:00,Indodax,IDR,17529.5,17514.0,-8.84,True,
2026-09-20T07:05:21.635760+00:00,Bitkub,THB,33.225,33.23,1.5,True,
2026-09-20T07:05:21.635760+00:00,Bithumb,KRW,1366.5,1367.0,3.66,True,
2026-09-20T07:05:21.635760+00:00,Coinone,KRW,1366.5,1366.5,0.0,True,
2026-09-20T07:05:21.635760+00:00,Paribu,TRY,48.2765,48.222,-11.29,True,
2026-09-20T07:05:21.635760+00:00,Pintu,IDR,17475.0,17484.0,5.15,True,
2026-09-20T07:05:21.635760+00:00,Foxbit,BRL,5.16345,5.1639,0.87,True,
2026-09-20T07:05:21.635760+00:00,MercadoBitcoin,BRL,5.16255,5.16295,0.77,True,
2026-09-20T08:05:25.205992+00:00,IndependentReserve,SGD,1.27529,1.276105,6.39,True,
2026-09-20T08:05:25.205992+00:00,Coins.ph,PHP,62.955,62.945,-1.59,True,
2026-09-20T08:05:25.205992+00:00,BTCTurk,TRY,48.406,48.3135,-19.11,True,
2026-09-20T08:05:25.205992+00:00,Upbit,KRW,1368.0,1369.0,7.31,True,
2026-09-20T08:05:25.205992+00:00,Indodax,IDR,17529.5,17555.0,14.55,True,
2026-09-20T08:05:25.205992+00:00,Bitkub,THB,33.235,33.24,1.5,True,
2026-09-20T08:05:25.205992+00:00,Bithumb,KRW,1368.5,1368.5,0.0,True,
2026-09-20T08:05:25.205992+00:00,Coinone,KRW,1368.5,1368.5,0.0,True,
2026-09-20T08:05:25.205992+00:00,Paribu,TRY,48.4135,48.389,-5.06,True,
2026-09-20T08:05:25.205992+00:00,Pintu,IDR,17475.0,17484.0,5.15,True,
2026-09-20T08:05:25.205992+00:00,Foxbit,BRL,5.16345,5.1646,2.23,True,
2026-09-20T08:05:25.205992+00:00,MercadoBitcoin,BRL,5.16245,5.1653,5.52,True,
2026-09-20T09:05:21.661869+00:00,IndependentReserve,SGD,1.27536,1.275865,3.96,True,
2026-09-20T09:05:21.661869+00:00,Coins.ph,PHP,62.945,62.945,0.0,True,
2026-09-20T09:05:21.661869+00:00,BTCTurk,TRY,48.4755,48.372,-21.35,True,
2026-09-20T09:05:21.661869+00:00,Upbit,KRW,1370.0,1370.0,0.0,True,
2026-09-20T09:05:21.661869+00:00,Indodax,IDR,17528.5,17551.5,13.12,True,
2026-09-20T09:05:21.661869+00:00,Bitkub,THB,33.225,33.235,3.01,True,
2026-09-20T09:05:21.661869+00:00,Bithumb,KRW,1369.5,1370.0,3.65,True,
2026-09-20T09:05:21.661869+00:00,Coinone,KRW,1369.5,1369.5,0.0,True,
2026-09-20T09:05:21.661869+00:00,Paribu,TRY,48.4885,48.4215,-13.82,True,
2026-09-20T09:05:21.661869+00:00,Pintu,IDR,17475.0,17484.0,5.15,True,
2026-09-20T09:05:21.661869+00:00,Foxbit,BRL,5.16415,5.16575,3.1,True,
2026-09-20T09:05:21.661869+00:00,MercadoBitcoin,BRL,5.16445,5.16645,3.87,True,
2026-09-20T10:05:22.409908+00:00,IndependentReserve,SGD,1.27526,1.275615,2.78,True,
2026-09-20T10:05:22.409908+00:00,Coins.ph,PHP,62.945,62.945,0.0,True,
2026-09-20T10:05:22.409908+00:00,BTCTurk,TRY,48.5695,48.458,-22.96,True,
2026-09-20T10:05:22.409908+00:00,Upbit,KRW,1370.0,1371.0,7.3,True,
2026-09-20T10:05:22.409908+00:00,Indodax,IDR,17519.5,17552.0,18.55,True,
2026-09-20T10:05:22.409908+00:00,Bitkub,THB,33.235,33.235,0.0,True,
2026-09-20T10:05:22.409908+00:00,Bithumb,KRW,1369.5,1369.5,0.0,True,
2026-09-20T10:05:22.409908+00:00,Coinone,KRW,1369.5,1370.5,7.3,True,
2026-09-20T10:05:22.409908+00:00,Paribu,TRY,48.5375,48.562,5.05,True,
2026-09-20T10:05:22.409908+00:00,Pintu,IDR,17473.0,17485.0,6.87,True,
2026-09-20T10:05:22.409908+00:00,Foxbit,BRL,5.16255,5.16585,6.39,True,
2026-09-20T10:05:22.409908+00:00,MercadoBitcoin,BRL,5.16435,5.1667,4.55,True,
2026-09-20T11:05:23.137042+00:00,IndependentReserve,SGD,1.275265,1.275615,2.74,True,
2026-09-20T11:05:23.137042+00:00,Coins.ph,PHP,62.945,62.945,0.0,True,
2026-09-20T11:05:23.137042+00:00,BTCTurk,TRY,48.5985,48.5145,-17.28,True,
2026-09-20T11:05:23.137042+00:00,Upbit,KRW,1371.0,1369.0,-14.59,True,
2026-09-20T11:05:23.137042+00:00,Indodax,IDR,17529.5,17552.0,12.84,True,
2026-09-20T11:05:23.137042+00:00,Bitkub,THB,33.265,33.215,-15.03,True,
2026-09-20T11:05:23.137042+00:00,Bithumb,KRW,1370.5,1370.5,0.0,True,
2026-09-20T11:05:23.137042+00:00,Coinone,KRW,1370.5,1370.5,0.0,True,
2026-09-20T11:05:23.137042+00:00,Paribu,TRY,48.6215,48.6565,7.2,True,
2026-09-20T11:05:23.137042+00:00,Pintu,IDR,17475.0,17484.0,5.15,True,
2026-09-20T11:05:23.137042+00:00,Foxbit,BRL,5.16345,5.16485,2.71,True,
2026-09-20T11:05:23.137042+00:00,MercadoBitcoin,BRL,5.16415,5.1666,4.74,True,
2026-09-20T12:05:22.137666+00:00,IndependentReserve,SGD,1.275315,1.275535,1.73,True,
2026-09-20T12:05:22.137666+00:00,Coins.ph,PHP,62.945,62.945,0.0,True,
2026-09-20T12:05:22.137666+00:00,BTCTurk,TRY,48.603,48.5245,-16.15,True,
2026-09-20T12:05:22.137666+00:00,Upbit,KRW,1369.0,1368.0,-7.3,True,
2026-09-20T12:05:22.137666+00:00,Indodax,IDR,17486.5,17551.5,37.17,True,
2026-09-20T12:05:22.137666+00:00,Bitkub,THB,33.255,33.235,-6.01,True,
2026-09-20T12:05:22.137666+00:00,Bithumb,KRW,1368.5,1369.0,3.65,True,
2026-09-20T12:05:22.137666+00:00,Coinone,KRW,1368.5,1368.5,0.0,True,
2026-09-20T12:05:22.137666+00:00,Paribu,TRY,48.6205,48.639,3.8,True,
2026-09-20T12:05:22.137666+00:00,Pintu,IDR,17474.0,17484.0,5.72,True,
2026-09-20T12:05:22.137666+00:00,Foxbit,BRL,5.1629,5.16395,2.03,True,
2026-09-20T12:05:22.137666+00:00,MercadoBitcoin,BRL,5.16385,5.165,2.23,True,
2026-09-20T13:05:24.432460+00:00,IndependentReserve,SGD,1.27536,1.275615,2.0,True,
2026-09-20T13:05:24.432460+00:00,Coins.ph,PHP,62.945,62.945,0.0,True,
2026-09-20T13:05:24.432460+00:00,BTCTurk,TRY,48.6125,48.546,-13.68,True,
2026-09-20T13:05:24.432460+00:00,Upbit,KRW,1370.0,1371.0,7.3,True,
2026-09-20T13:05:24.432460+00:00,Indodax,IDR,17488.5,17552.5,36.6,True,
2026-09-20T13:05:24.432460+00:00,Bitkub,THB,33.255,33.195,-18.04,True,
2026-09-20T13:05:24.432460+00:00,Bithumb,KRW,1369.5,1370.0,3.65,True,
2026-09-20T13:05:24.432460+00:00,Coinone,KRW,1369.5,1370.5,7.3,True,
2026-09-20T13:05:24.432460+00:00,Paribu,TRY,48.6205,48.63,1.95,True,
2026-09-20T13:05:24.432460+00:00,Pintu,IDR,17477.0,17484.0,4.01,True,
2026-09-20T13:05:24.432460+00:00,Foxbit,BRL,5.16275,5.16265,-0.19,True,
2026-09-20T13:05:24.432460+00:00,MercadoBitcoin,BRL,5.16435,5.1641,-0.48,True,
2026-09-20T14:05:22.533390+00:00,IndependentReserve,SGD,1.275325,1.275595,2.12,True,
2026-09-20T14:05:22.533390+00:00,Coins.ph,PHP,62.945,62.945,0.0,True,
2026-09-20T14:05:22.533390+00:00,BTCTurk,TRY,48.658,48.584,-15.21,True,
2026-09-20T14:05:22.533390+00:00,Upbit,KRW,1370.0,1372.0,14.6,True,
2026-09-20T14:05:22.533390+00:00,Indodax,IDR,17523.5,17536.5,7.42,True,
2026-09-20T14:05:22.533390+00:00,Bitkub,THB,33.255,33.19,-19.55,True,
2026-09-20T14:05:22.533390+00:00,Bithumb,KRW,1369.5,1370.5,7.3,True,
2026-09-20T14:05:22.533390+00:00,Coinone,KRW,1369.5,1370.5,7.3,True,
2026-09-20T14:05:22.533390+00:00,Paribu,TRY,48.6205,48.599,-4.42,True,
2026-09-20T14:05:22.533390+00:00,Pintu,IDR,17476.0,17484.0,4.58,True,
2026-09-20T14:05:22.533390+00:00,Foxbit,BRL,5.16345,5.1641,1.26,True,
2026-09-20T14:05:22.533390+00:00,MercadoBitcoin,BRL,5.16455,5.1652,1.26,True,
2026-09-20T15:05:25.620301+00:00,IndependentReserve,SGD,1.275205,1.275595,3.06,True,
2026-09-20T15:05:25.620301+00:00,Coins.ph,PHP,62.955,62.945,-1.59,True,
2026-09-20T15:05:25.620301+00:00,BTCTurk,TRY,48.6275,48.602,-5.24,True,
2026-09-20T15:05:25.620301+00:00,Upbit,KRW,1370.0,1368.0,-14.6,True,
2026-09-20T15:05:25.620301+00:00,Indodax,IDR,17570.5,17541.0,-16.79,True,
2026-09-20T15:05:25.620301+00:00,Bitkub,THB,33.265,33.245,-6.01,True,
2026-09-20T15:05:25.620301+00:00,Bithumb,KRW,1369.5,1370.0,3.65,True,
2026-09-20T15:05:25.620301+00:00,Coinone,KRW,1369.5,1369.5,0.0,True,
2026-09-20T15:05:25.620301+00:00,Paribu,TRY,48.6205,48.5695,-10.49,True,
2026-09-20T15:05:25.620301+00:00,Pintu,IDR,17477.0,17484.0,4.01,True,
2026-09-20T15:05:25.620301+00:00,Foxbit,BRL,5.16455,5.16385,-1.36,True,
2026-09-20T15:05:25.620301+00:00,MercadoBitcoin,BRL,5.16235,5.1652,5.52,True,
2026-09-20T16:05:30.468787+00:00,IndependentReserve,SGD,1.2752,1.2755,2.35,True,
2026-09-20T16:05:30.468787+00:00,Coins.ph,PHP,62.945,62.945,0.0,True,
2026-09-20T16:05:30.468787+00:00,BTCTurk,TRY,48.644,48.61,-6.99,True,
2026-09-20T16:05:30.468787+00:00,Upbit,KRW,1370.0,1371.0,7.3,True,
2026-09-20T16:05:30.468787+00:00,Indodax,IDR,17592.5,17552.5,-22.74,True,
2026-09-20T16:05:30.468787+00:00,Bitkub,THB,33.265,33.27,1.5,True,
2026-09-20T16:05:30.468787+00:00,Bithumb,KRW,1369.5,1370.0,3.65,True,
2026-09-20T16:05:30.468787+00:00,Coinone,KRW,1369.5,1369.5,0.0,True,
2026-09-20T16:05:30.468787+00:00,Paribu,TRY,48.6195,48.578,-8.54,True,
2026-09-20T16:05:30.468787+00:00,Pintu,IDR,17476.0,17484.0,4.58,True,
2026-09-20T16:05:30.468787+00:00,Foxbit,BRL,5.16305,5.1636,1.07,True,
2026-09-20T16:05:30.468787+00:00,MercadoBitcoin,BRL,5.16405,5.16435,0.58,True,
2026-09-20T17:05:21.524102+00:00,IndependentReserve,SGD,1.273645,1.27399,2.71,True,
2026-09-20T17:05:21.524102+00:00,Coins.ph,PHP,62.945,62.945,0.0,True,
2026-09-20T17:05:21.524102+00:00,BTCTurk,TRY,48.558,48.54,-3.71,True,
2026-09-20T17:05:21.524102+00:00,Upbit,KRW,1365.0,1366.0,7.33,True,
2026-09-20T17:05:21.524102+00:00,Indodax,IDR,17541.5,17540.5,-0.57,True,
2026-09-20T17:05:21.524102+00:00,Bitkub,THB,33.255,33.25,-1.5,True,
2026-09-20T17:05:21.524102+00:00,Bithumb,KRW,1365.5,1366.0,3.66,True,
2026-09-20T17:05:21.524102+00:00,Coinone,KRW,1365.0,1365.5,3.66,True,
2026-09-20T17:05:21.524102+00:00,Paribu,TRY,48.6155,48.641,5.25,True,
2026-09-20T17:05:21.524102+00:00,Pintu,IDR,17583.0,17594.0,6.26,True,
2026-09-20T17:05:21.524102+00:00,Foxbit,BRL,5.16365,5.16385,0.39,True,
2026-09-20T17:05:21.524102+00:00,MercadoBitcoin,BRL,5.16265,5.16105,-3.1,True,
2026-09-20T18:05:22.297771+00:00,IndependentReserve,SGD,1.27523,1.27551,2.2,True,
2026-09-20T18:05:22.297771+00:00,Coins.ph,PHP,62.935,62.925,-1.59,True,
2026-09-20T18:05:22.297771+00:00,BTCTurk,TRY,48.4885,48.4665,-4.54,True,
2026-09-20T18:05:22.297771+00:00,Upbit,KRW,1366.0,1365.0,-7.32,True,
2026-09-20T18:05:22.297771+00:00,Indodax,IDR,17587.5,17549.5,-21.61,True,
2026-09-20T18:05:22.297771+00:00,Bitkub,THB,33.255,33.265,3.01,True,
2026-09-20T18:05:22.297771+00:00,Bithumb,KRW,1366.5,1366.0,-3.66,True,
2026-09-20T18:05:22.297771+00:00,Coinone,KRW,1365.5,1366.5,7.32,True,
2026-09-20T18:05:22.297771+00:00,Paribu,TRY,48.4895,48.558,14.13,True,
2026-09-20T18:05:22.297771+00:00,Pintu,IDR,17583.0,17594.0,6.26,True,
2026-09-20T18:05:22.297771+00:00,Foxbit,BRL,5.16305,5.16275,-0.58,True,
2026-09-20T18:05:22.297771+00:00,MercadoBitcoin,BRL,5.16245,5.16135,-2.13,True,
2026-09-20T19:05:25.359738+00:00,IndependentReserve,SGD,1.275385,1.27551,0.98,True,
2026-09-20T19:05:25.359738+00:00,Coins.ph,PHP,62.935,62.925,-1.59,True,
2026-09-20T19:05:25.359738+00:00,BTCTurk,TRY,48.4945,48.4545,-8.25,True,
2026-09-20T19:05:25.359738+00:00,Upbit,KRW,1366.0,1365.0,-7.32,True,
2026-09-20T19:05:25.359738+00:00,Indodax,IDR,17572.5,17531.5,-23.33,True,
2026-09-20T19:05:25.359738+00:00,Bitkub,THB,33.245,33.245,0.0,True,
2026-09-20T19:05:25.359738+00:00,Bithumb,KRW,1365.5,1366.0,3.66,True,
2026-09-20T19:05:25.359738+00:00,Coinone,KRW,1365.5,1365.5,0.0,True,
2026-09-20T19:05:25.359738+00:00,Paribu,TRY,48.4885,48.52,6.5,True,
2026-09-20T19:05:25.359738+00:00,Pintu,IDR,17584.0,17593.0,5.12,True,
2026-09-20T19:05:25.359738+00:00,Foxbit,BRL,5.16305,5.16245,-1.16,True,
2026-09-20T19:05:25.359738+00:00,MercadoBitcoin,BRL,5.16215,5.16135,-1.55,True,
2026-09-20T20:05:22.700411+00:00,IndependentReserve,SGD,1.275235,1.275365,1.02,True,
2026-09-20T20:05:22.700411+00:00,Coins.ph,PHP,62.935,62.925,-1.59,True,
2026-09-20T20:05:22.700411+00:00,BTCTurk,TRY,48.5115,48.47,-8.55,True,
2026-09-20T20:05:22.700411+00:00,Upbit,KRW,1366.0,1365.0,-7.32,True,
2026-09-20T20:05:22.700411+00:00,Indodax,IDR,17572.5,17532.5,-22.76,True,
2026-09-20T20:05:22.700411+00:00,Bitkub,THB,33.245,33.245,0.0,True,
2026-09-20T20:05:22.700411+00:00,Bithumb,KRW,1365.5,1366.5,7.32,True,
2026-09-20T20:05:22.700411+00:00,Coinone,KRW,1365.5,1364.5,-7.32,True,
2026-09-20T20:05:22.700411+00:00,Paribu,TRY,48.4885,48.5415,10.93,True,
2026-09-20T20:05:22.700411+00:00,Pintu,IDR,17585.0,17593.0,4.55,True,
2026-09-20T20:05:22.700411+00:00,Foxbit,BRL,5.16305,5.16245,-1.16,True,
2026-09-20T20:05:22.700411+00:00,MercadoBitcoin,BRL,5.16315,5.16115,-3.87,True,
2026-09-20T21:05:26.856093+00:00,IndependentReserve,SGD,1.275295,1.27536,0.51,True,
2026-09-20T21:05:26.856093+00:00,Coins.ph,PHP,62.935,62.925,-1.59,True,
2026-09-20T21:05:26.856093+00:00,BTCTurk,TRY,48.568,48.4855,-16.99,True,
2026-09-20T21:05:26.856093+00:00,Upbit,KRW,1367.0,1364.0,-21.95,True,
2026-09-20T21:05:26.856093+00:00,Indodax,IDR,17572.5,17521.5,-29.02,True,
2026-09-20T21:05:26.856093+00:00,Bitkub,THB,33.245,33.255,3.01,True,
2026-09-20T21:05:26.856093+00:00,Bithumb,KRW,1365.5,1366.0,3.66,True,
2026-09-20T21:05:26.856093+00:00,Coinone,KRW,1365.5,1365.5,0.0,True,
2026-09-20T21:05:26.856093+00:00,Paribu,TRY,48.5215,48.516,-1.13,True,
2026-09-20T21:05:26.856093+00:00,Pintu,IDR,17585.0,17593.0,4.55,True,
2026-09-20T21:05:26.856093+00:00,Foxbit,BRL,5.16305,5.1627,-0.68,True,
2026-09-20T21:05:26.856093+00:00,MercadoBitcoin,BRL,5.16085,5.16175,1.74,True,
2026-09-20T22:05:21.047597+00:00,IndependentReserve,SGD,1.2754,1.27527,-1.02,True,
2026-09-20T22:05:21.047597+00:00,Coins.ph,PHP,62.935,62.925,-1.59,True,
2026-09-20T22:05:21.047597+00:00,BTCTurk,TRY,48.5625,48.4865,-15.65,True,
2026-09-20T22:05:21.047597+00:00,Upbit,KRW,1366.0,1365.0,-7.32,True,
2026-09-20T22:05:21.047597+00:00,Indodax,IDR,17571.5,17544.0,-15.65,True,
2026-09-20T22:05:21.047597+00:00,Bitkub,THB,33.245,33.25,1.5,True,
2026-09-20T22:05:21.047597+00:00,Bithumb,KRW,1365.5,1366.5,7.32,True,
2026-09-20T22:05:21.047597+00:00,Coinone,KRW,1365.5,1365.5,0.0,True,
2026-09-20T22:05:21.047597+00:00,Paribu,TRY,48.547,48.514,-6.8,True,
2026-09-20T22:05:21.047597+00:00,Pintu,IDR,17584.0,17592.0,4.55,True,
2026-09-20T22:05:21.047597+00:00,Foxbit,BRL,5.16175,5.16235,1.16,True,
2026-09-20T22:05:21.047597+00:00,MercadoBitcoin,BRL,5.16165,5.16275,2.13,True,
2026-09-20T23:05:23.591906+00:00,IndependentReserve,SGD,1.27425,1.27498,5.73,True,
2026-09-20T23:05:23.591906+00:00,Coins.ph,PHP,62.935,62.925,-1.59,True,
2026-09-20T23:05:23.591906+00:00,BTCTurk,TRY,48.5695,48.485,-17.4,True,
2026-09-20T23:05:23.591906+00:00,Upbit,KRW,1366.0,1365.0,-7.32,True,
2026-09-20T23:05:23.591906+00:00,Indodax,IDR,17556.5,17544.0,-7.12,True,
2026-09-20T23:05:23.591906+00:00,Bitkub,THB,33.265,33.255,-3.01,True,
2026-09-20T23:05:23.591906+00:00,Bithumb,KRW,1366.5,1366.5,0.0,True,
2026-09-20T23:05:23.591906+00:00,Coinone,KRW,1366.5,1366.5,0.0,True,
2026-09-20T23:05:23.591906+00:00,Paribu,TRY,48.4685,48.5255,11.76,True,
2026-09-20T23:05:23.591906+00:00,Pintu,IDR,17584.0,17593.0,5.12,True,
2026-09-20T23:05:23.591906+00:00,Foxbit,BRL,5.16055,5.16195,2.71,True,
2026-09-20T23:05:23.591906+00:00,MercadoBitcoin,BRL,5.16125,5.1609,-0.68,True,
2026-09-21T00:05:24.003620+00:00,IndependentReserve,SGD,1.27403,1.2754,10.75,True,
2026-09-21T00:05:24.003620+00:00,Coins.ph,PHP,62.935,62.925,-1.59,True,
2026-09-21T00:05:24.003620+00:00,BTCTurk,TRY,48.575,48.4965,-16.16,True,
2026-09-21T00:05:24.003620+00:00,Upbit,KRW,1368.0,1369.0,7.31,True,
2026-09-21T00:05:24.003620+00:00,Indodax,IDR,17559.5,17545.0,-8.26,True,
2026-09-21T00:05:24.003620+00:00,Bitkub,THB,33.305,33.275,-9.01,True,
2026-09-21T00:05:24.003620+00:00,Bithumb,KRW,1368.5,1368.5,0.0,True,
2026-09-21T00:05:24.003620+00:00,Coinone,KRW,1368.5,1368.5,0.0,True,
2026-09-21T00:05:24.003620+00:00,Paribu,TRY,48.4845,48.5865,21.04,True,
2026-09-21T00:05:24.003620+00:00,Pintu,IDR,17584.0,17592.0,4.55,True,
2026-09-21T00:05:24.003620+00:00,Foxbit,BRL,5.16005,5.1609,1.65,True,
2026-09-21T00:05:24.003620+00:00,MercadoBitcoin,BRL,5.16005,5.1605,0.87,True,
2026-09-21T01:05:25.323265+00:00,IndependentReserve,SGD,1.275665,1.276185,4.08,True,
2026-09-21T01:05:25.323265+00:00,Coins.ph,PHP,62.855,62.825,-4.77,True,
2026-09-21T01:05:25.323265+00:00,BTCTurk,TRY,48.4215,48.4245,0.62,True,
2026-09-21T01:05:25.323265+00:00,Upbit,KRW,1366.0,1366.0,0.0,True,
2026-09-21T01:05:25.323265+00:00,Indodax,IDR,17501.5,17548.5,26.85,True,
2026-09-21T01:05:25.323265+00:00,Bitkub,THB,33.275,33.285,3.01,True,
2026-09-21T01:05:25.323265+00:00,Bithumb,KRW,1366.5,1365.5,-7.32,True,
2026-09-21T01:05:25.323265+00:00,Coinone,KRW,1366.5,1366.5,0.0,True,
2026-09-21T01:05:25.323265+00:00,Paribu,TRY,48.4065,48.4455,8.06,True,
2026-09-21T01:05:25.323265+00:00,Pintu,IDR,17584.0,17593.0,5.12,True,
2026-09-21T01:05:25.323265+00:00,Foxbit,BRL,5.15885,5.16,2.23,True,
2026-09-21T01:05:25.323265+00:00,MercadoBitcoin,BRL,5.15815,5.16075,5.04,True,
2026-09-21T02:05:24.298084+00:00,IndependentReserve,SGD,1.276605,1.276995,3.05,True,
2026-09-21T02:05:24.298084+00:00,Coins.ph,PHP,62.805,62.805,0.0,True,
2026-09-21T02:05:24.298084+00:00,BTCTurk,TRY,48.394,48.446,10.75,True,
2026-09-21T02:05:24.298084+00:00,Upbit,KRW,1367.0,1367.0,0.0,True,
2026-09-21T02:05:24.298084+00:00,Indodax,IDR,17618.5,17552.5,-37.46,True,
2026-09-21T02:05:24.298084+00:00,Bitkub,THB,33.225,33.195,-9.03,True,
2026-09-21T02:05:24.298084+00:00,Bithumb,KRW,1366.5,1367.0,3.66,True,
2026-09-21T02:05:24.298084+00:00,Coinone,KRW,1366.5,1366.5,0.0,True,
2026-09-21T02:05:24.298084+00:00,Paribu,TRY,48.401,48.4245,4.86,True,
2026-09-21T02:05:24.298084+00:00,Pintu,IDR,17709.0,17712.0,1.69,True,
2026-09-21T02:05:24.298084+00:00,Foxbit,BRL,5.15805,5.1601,3.97,True,
2026-09-21T02:05:24.298084+00:00,MercadoBitcoin,BRL,5.15935,5.1601,1.45,True,
2026-09-21T03:05:22.361708+00:00,IndependentReserve,SGD,1.275745,1.27571,-0.27,True,
2026-09-21T03:05:22.361708+00:00,Coins.ph,PHP,62.815,62.825,1.59,True,
2026-09-21T03:05:22.361708+00:00,BTCTurk,TRY,48.4425,48.413,-6.09,True,
2026-09-21T03:05:22.361708+00:00,Upbit,KRW,1366.0,1365.0,-7.32,True,
2026-09-21T03:05:22.361708+00:00,Indodax,IDR,17679.5,17606.0,-41.57,True,
2026-09-21T03:05:22.361708+00:00,Bitkub,THB,33.255,33.245,-3.01,True,
2026-09-21T03:05:22.361708+00:00,Bithumb,KRW,1366.5,1366.5,0.0,True,
2026-09-21T03:05:22.361708+00:00,Coinone,KRW,1365.5,1365.5,0.0,True,
2026-09-21T03:05:22.361708+00:00,Paribu,TRY,48.383,48.3925,1.96,True,
2026-09-21T03:05:22.361708+00:00,Pintu,IDR,17692.0,17714.0,12.43,True,
2026-09-21T03:05:22.361708+00:00,Foxbit,BRL,5.15775,5.1589,2.23,True,
2026-09-21T03:05:22.361708+00:00,MercadoBitcoin,BRL,5.15825,5.16135,6.01,True,
2026-09-21T04:05:23.183645+00:00,IndependentReserve,SGD,1.27565,1.27622,4.47,True,
2026-09-21T04:05:23.183645+00:00,Coins.ph,PHP,62.825,62.825,0.0,True,
2026-09-21T04:05:23.183645+00:00,BTCTurk,TRY,48.3885,48.438,10.23,True,
2026-09-21T04:05:23.183645+00:00,Upbit,KRW,1366.0,1365.0,-7.32,True,
2026-09-21T04:05:23.183645+00:00,Indodax,IDR,17713.5,17652.5,-34.44,True,
2026-09-21T04:05:23.183645+00:00,Bitkub,THB,33.245,33.24,-1.5,True,
2026-09-21T04:05:23.183645+00:00,Bithumb,KRW,1366.5,1365.5,-7.32,True,
2026-09-21T04:05:23.183645+00:00,Coinone,KRW,1365.5,1366.5,7.32,True,
2026-09-21T04:05:23.183645+00:00,Paribu,TRY,48.4085,48.4365,5.78,True,
2026-09-21T04:05:23.183645+00:00,Pintu,IDR,17708.0,17713.0,2.82,True,
2026-09-21T04:05:23.183645+00:00,Foxbit,BRL,5.15835,5.1601,3.39,True,
2026-09-21T04:05:23.183645+00:00,MercadoBitcoin,BRL,5.15895,5.16105,4.07,True,
2026-09-21T05:05:25.751799+00:00,IndependentReserve,SGD,1.27524,1.27475,-3.84,True,
2026-09-21T05:05:25.751799+00:00,Coins.ph,PHP,62.815,62.815,0.0,True,
2026-09-21T05:05:25.751799+00:00,BTCTurk,TRY,48.385,48.38,-1.03,True,
2026-09-21T05:05:25.751799+00:00,Upbit,KRW,1366.0,1365.0,-7.32,True,
2026-09-21T05:05:25.751799+00:00,Indodax,IDR,17713.5,17706.0,-4.23,True,
2026-09-21T05:05:25.751799+00:00,Bitkub,THB,33.265,33.235,-9.02,True,
2026-09-21T05:05:25.751799+00:00,Bithumb,KRW,1365.5,1365.5,0.0,True,
2026-09-21T05:05:25.751799+00:00,Coinone,KRW,1365.5,1365.5,0.0,True,
2026-09-21T05:05:25.751799+00:00,Paribu,TRY,48.5605,48.545,-3.19,True,
2026-09-21T05:05:25.751799+00:00,Pintu,IDR,17714.0,17713.0,-0.56,True,
2026-09-21T05:05:25.751799+00:00,Foxbit,BRL,5.15875,5.16125,4.85,True,
2026-09-21T05:05:25.751799+00:00,MercadoBitcoin,BRL,5.16055,5.1591,-2.81,True,
2026-09-21T06:05:57.893237+00:00,IndependentReserve,SGD,1.275175,1.276015,6.59,True,
2026-09-21T06:05:57.893237+00:00,Coins.ph,PHP,62.825,62.815,-1.59,True,
2026-09-21T06:05:57.893237+00:00,BTCTurk,TRY,48.4085,48.366,-8.78,True,
2026-09-21T06:05:57.893237+00:00,Upbit,KRW,1365.0,1364.0,-7.33,True,
2026-09-21T06:05:57.893237+00:00,Indodax,IDR,17714.5,17686.0,-16.09,True,
2026-09-21T06:05:57.893237+00:00,Bitkub,THB,33.265,33.25,-4.51,True,
2026-09-21T06:05:57.893237+00:00,Bithumb,KRW,1364.5,1364.0,-3.66,True,
2026-09-21T06:05:57.893237+00:00,Coinone,KRW,1364.5,1364.5,0.0,True,
2026-09-21T06:05:57.893237+00:00,Paribu,TRY,48.4015,48.452,10.43,True,
2026-09-21T06:05:57.893237+00:00,Pintu,IDR,17709.0,17783.0,41.79,True,
2026-09-21T06:05:57.893237+00:00,Foxbit,BRL,5.15865,5.1619,6.3,True,
2026-09-21T06:05:57.893237+00:00,MercadoBitcoin,BRL,5.16025,5.15945,-1.55,True,
2026-09-21T07:05:24.278170+00:00,IndependentReserve,SGD,1.2747,1.275115,3.26,True,
2026-09-21T07:05:24.278170+00:00,Coins.ph,PHP,62.82,62.81,-1.59,True,
2026-09-21T07:05:24.278170+00:00,BTCTurk,TRY,48.5735,48.478,-19.66,True,
2026-09-21T07:05:24.278170+00:00,Upbit,KRW,1363.0,1364.0,7.34,True,
2026-09-21T07:05:24.278170+00:00,Indodax,IDR,17707.5,17682.0,-14.4,True,
2026-09-21T07:05:24.278170+00:00,Bitkub,THB,33.275,33.26,-4.51,True,
2026-09-21T07:05:24.278170+00:00,Bithumb,KRW,1362.5,1362.5,0.0,True,
2026-09-21T07:05:24.278170+00:00,Coinone,KRW,1361.5,1361.5,0.0,True,
2026-09-21T07:05:24.278170+00:00,Paribu,TRY,48.5995,48.5735,-5.35,True,
2026-09-21T07:05:24.278170+00:00,Pintu,IDR,17713.0,17782.0,38.95,True,
2026-09-21T07:05:24.278170+00:00,Foxbit,BRL,5.15705,5.1599,5.53,True,
2026-09-21T07:05:24.278170+00:00,MercadoBitcoin,BRL,5.15875,5.1583,-0.87,True,
2026-09-21T08:05:28.515540+00:00,IndependentReserve,SGD,1.274695,1.27455,-1.14,True,
2026-09-21T08:05:28.515540+00:00,Coins.ph,PHP,62.805,62.81,0.8,True,
2026-09-21T08:05:28.515540+00:00,BTCTurk,TRY,48.5415,48.472,-14.32,True,
2026-09-21T08:05:28.515540+00:00,Upbit,KRW,1360.0,1360.0,0.0,True,
2026-09-21T08:05:28.515540+00:00,Indodax,IDR,17715.5,17693.5,-12.42,True,
2026-09-21T08:05:28.515540+00:00,Bitkub,THB,33.275,33.275,0.0,True,
2026-09-21T08:05:28.515540+00:00,Bithumb,KRW,1360.5,1360.5,0.0,True,
2026-09-21T08:05:28.515540+00:00,Coinone,KRW,1360.5,1360.5,0.0,True,
2026-09-21T08:05:28.515540+00:00,Paribu,TRY,48.6405,48.5825,-11.92,True,
2026-09-21T08:05:28.515540+00:00,Pintu,IDR,17722.0,17722.0,0.0,True,
2026-09-21T08:05:28.515540+00:00,Foxbit,BRL,5.15705,5.1592,4.17,True,
2026-09-21T08:05:28.515540+00:00,MercadoBitcoin,BRL,5.15985,5.16055,1.36,True,
2026-09-21T09:05:27.182117+00:00,IndependentReserve,SGD,1.274005,1.273655,-2.75,True,
2026-09-21T09:05:27.182117+00:00,Coins.ph,PHP,62.795,62.78,-2.39,True,
2026-09-21T09:05:27.182117+00:00,BTCTurk,TRY,48.5705,48.443,-26.25,True,
2026-09-21T09:05:27.182117+00:00,Upbit,KRW,1355.0,1353.0,-14.76,True,
2026-09-21T09:05:27.182117+00:00,Indodax,IDR,17700.5,17671.0,-16.67,True,
2026-09-21T09:05:27.182117+00:00,Bitkub,THB,33.225,33.215,-3.01,True,
2026-09-21T09:05:27.182117+00:00,Bithumb,KRW,1354.5,1354.5,0.0,True,
2026-09-21T09:05:27.182117+00:00,Coinone,KRW,1354.5,1355.0,3.69,True,
2026-09-21T09:05:27.182117+00:00,Paribu,TRY,48.6285,48.586,-8.74,True,
2026-09-21T09:05:27.182117+00:00,Pintu,IDR,17729.0,17702.0,-15.23,True,
2026-09-21T09:05:27.182117+00:00,Foxbit,BRL,5.14945,5.15455,9.9,True,
2026-09-21T09:05:27.182117+00:00,MercadoBitcoin,BRL,5.15135,5.151,-0.68,True,
2026-09-21T10:05:39.092872+00:00,IndependentReserve,SGD,1.273965,1.27562,12.99,True,
2026-09-21T10:05:39.092872+00:00,Coins.ph,PHP,62.825,62.805,-3.18,True,
2026-09-21T10:05:39.092872+00:00,BTCTurk,TRY,48.6485,48.53,-24.36,True,
2026-09-21T10:05:39.092872+00:00,Upbit,KRW,1355.0,1355.0,0.0,True,
2026-09-21T10:05:39.092872+00:00,Indodax,IDR,17700.5,17646.0,-30.79,True,
2026-09-21T10:05:39.092872+00:00,Bitkub,THB,33.255,33.225,-9.02,True,
2026-09-21T10:05:39.092872+00:00,Bithumb,KRW,1354.5,1353.5,-7.38,True,
2026-09-21T10:05:39.092872+00:00,Coinone,KRW,1354.5,1355.0,3.69,True,
2026-09-21T10:05:39.092872+00:00,Paribu,TRY,48.6315,48.5905,-8.43,True,
2026-09-21T10:05:39.092872+00:00,Pintu,IDR,17740.0,17702.0,-21.42,True,
2026-09-21T10:05:39.092872+00:00,Foxbit,BRL,5.15305,5.15485,3.49,True,
2026-09-21T10:05:39.092872+00:00,MercadoBitcoin,BRL,5.15475,5.15595,2.33,True,
2026-09-21T11:05:26.269527+00:00,IndependentReserve,SGD,1.27447,1.275195,5.69,True,
2026-09-21T11:05:26.269527+00:00,Coins.ph,PHP,62.795,62.805,1.59,True,
2026-09-21T11:05:26.269527+00:00,BTCTurk,TRY,48.6375,48.5475,-18.5,True,
2026-09-21T11:05:26.269527+00:00,Upbit,KRW,1354.0,1352.0,-14.77,True,
2026-09-21T11:05:26.269527+00:00,Indodax,IDR,17700.5,17653.5,-26.55,True,
2026-09-21T11:05:26.269527+00:00,Bitkub,THB,33.235,33.235,0.0,True,
2026-09-21T11:05:26.269527+00:00,Bithumb,KRW,1352.5,1352.0,-3.7,True,
2026-09-21T11:05:26.269527+00:00,Coinone,KRW,1352.5,1353.0,3.7,True,
2026-09-21T11:05:26.269527+00:00,Paribu,TRY,48.6395,48.581,-12.03,True,
2026-09-21T11:05:26.269527+00:00,Pintu,IDR,17713.0,17703.0,-5.65,True,
2026-09-21T11:05:26.269527+00:00,Foxbit,BRL,5.15565,5.157,2.62,True,
2026-09-21T11:05:26.269527+00:00,MercadoBitcoin,BRL,5.15705,5.15475,-4.46,True,
2026-09-21T12:05:25.246063+00:00,IndependentReserve,SGD,1.272955,1.273485,4.16,True,
2026-09-21T12:05:25.246063+00:00,Coins.ph,PHP,62.79,62.79,0.0,True,
2026-09-21T12:05:25.246063+00:00,BTCTurk,TRY,48.5475,48.505,-8.75,True,
2026-09-21T12:05:25.246063+00:00,Upbit,KRW,1354.0,1352.0,-14.77,True,
2026-09-21T12:05:25.246063+00:00,Indodax,IDR,17700.5,17630.5,-39.55,True,
2026-09-21T12:05:25.246063+00:00,Bitkub,THB,33.185,33.2,4.52,True,
2026-09-21T12:05:25.246063+00:00,Bithumb,KRW,1353.5,1355.5,14.78,True,
2026-09-21T12:05:25.246063+00:00,Coinone,KRW,1353.5,1353.5,0.0,True,
2026-09-21T12:05:25.246063+00:00,Paribu,TRY,48.6365,48.603,-6.89,True,
2026-09-21T12:05:25.246063+00:00,Pintu,IDR,17720.0,17704.0,-9.03,True,
2026-09-21T12:05:25.246063+00:00,Foxbit,BRL,5.13705,5.13895,3.7,True,
2026-09-21T12:05:25.246063+00:00,MercadoBitcoin,BRL,5.13765,5.14075,6.03,True,
2026-09-21T13:05:22.495222+00:00,IndependentReserve,SGD,1.273305,1.273945,5.03,True,
2026-09-21T13:05:22.495222+00:00,Coins.ph,PHP,62.79,62.785,-0.8,True,
2026-09-21T13:05:22.495222+00:00,BTCTurk,TRY,48.6015,48.516,-17.59,True,
2026-09-21T13:05:22.495222+00:00,Upbit,KRW,1352.0,1354.0,14.79,True,
2026-09-21T13:05:22.495222+00:00,Indodax,IDR,17700.5,17631.5,-38.98,True,
2026-09-21T13:05:22.495222+00:00,Bitkub,THB,33.215,33.19,-7.53,True,
2026-09-21T13:05:22.495222+00:00,Bithumb,KRW,1351.5,1352.0,3.7,True,
2026-09-21T13:05:22.495222+00:00,Coinone,KRW,1352.5,1352.5,0.0,True,
2026-09-21T13:05:22.495222+00:00,Paribu,TRY,48.6625,48.603,-12.23,True,
2026-09-21T13:05:22.495222+00:00,Pintu,IDR,17743.0,17703.0,-22.54,True,
2026-09-21T13:05:22.495222+00:00,Foxbit,BRL,5.12085,5.1227,3.61,True,
2026-09-21T13:05:22.495222+00:00,MercadoBitcoin,BRL,5.12105,5.12275,3.32,True,
2026-09-21T14:05:26.690933+00:00,IndependentReserve,SGD,1.27485,1.275125,2.16,True,
2026-09-21T14:05:26.690933+00:00,Coins.ph,PHP,62.795,62.785,-1.59,True,
2026-09-21T14:05:26.690933+00:00,BTCTurk,TRY,48.6665,48.5935,-15.0,True,
2026-09-21T14:05:26.690933+00:00,Upbit,KRW,1351.0,1352.0,7.4,True,
2026-09-21T14:05:26.690933+00:00,Indodax,IDR,17700.5,17658.5,-23.73,True,
2026-09-21T14:05:26.690933+00:00,Bitkub,THB,33.235,33.21,-7.52,True,
2026-09-21T14:05:26.690933+00:00,Bithumb,KRW,1351.5,1351.5,0.0,True,
2026-09-21T14:05:26.690933+00:00,Coinone,KRW,1351.5,1352.5,7.4,True,
2026-09-21T14:05:26.690933+00:00,Paribu,TRY,48.6655,48.6195,-9.45,True,
2026-09-21T14:05:26.690933+00:00,Pintu,IDR,17682.0,17705.0,13.01,True,
2026-09-21T14:05:26.690933+00:00,Foxbit,BRL,5.12395,5.1296,11.03,True,
2026-09-21T14:05:26.690933+00:00,MercadoBitcoin,BRL,5.12575,5.13035,8.97,True,
2026-09-21T15:05:22.322953+00:00,IndependentReserve,SGD,1.274795,1.27449,-2.39,True,
2026-09-21T15:05:22.322953+00:00,Coins.ph,PHP,62.78,62.78,0.0,True,
2026-09-21T15:05:22.322953+00:00,BTCTurk,TRY,48.5915,48.5465,-9.26,True,
2026-09-21T15:05:22.322953+00:00,Upbit,KRW,1351.0,1349.0,-14.8,True,
2026-09-21T15:05:22.322953+00:00,Indodax,IDR,17613.5,17646.5,18.74,True,
2026-09-21T15:05:22.322953+00:00,Bitkub,THB,33.205,33.19,-4.52,True,
2026-09-21T15:05:22.322953+00:00,Bithumb,KRW,1350.5,1349.5,-7.4,True,
2026-09-21T15:05:22.322953+00:00,Coinone,KRW,1350.5,1350.5,0.0,True,
2026-09-21T15:05:22.322953+00:00,Paribu,TRY,48.6385,48.6265,-2.47,True,
2026-09-21T15:05:22.322953+00:00,Pintu,IDR,17660.0,17703.0,24.35,True,
2026-09-21T15:05:22.322953+00:00,Foxbit,BRL,5.11625,5.11875,4.89,True,
2026-09-21T15:05:22.322953+00:00,MercadoBitcoin,BRL,5.11675,5.1195,5.37,True,
2026-09-21T16:05:28.678134+00:00,IndependentReserve,SGD,1.27559,1.27633,5.8,True,
2026-09-21T16:05:28.678134+00:00,Coins.ph,PHP,62.765,62.76,-0.8,True,
2026-09-21T16:05:28.678134+00:00,BTCTurk,TRY,48.5485,48.5645,3.3,True,
2026-09-21T16:05:28.678134+00:00,Upbit,KRW,1351.0,1351.0,0.0,True,
2026-09-21T16:05:28.678134+00:00,Indodax,IDR,17678.5,17636.5,-23.76,True,
2026-09-21T16:05:28.678134+00:00,Bitkub,THB,33.2,33.19,-3.01,True,
2026-09-21T16:05:28.678134+00:00,Bithumb,KRW,1349.5,1348.5,-7.41,True,
2026-09-21T16:05:28.678134+00:00,Coinone,KRW,1350.5,1350.5,0.0,True,
2026-09-21T16:05:28.678134+00:00,Paribu,TRY,48.6395,48.616,-4.83,True,
2026-09-21T16:05:28.678134+00:00,Pintu,IDR,17698.0,17700.0,1.13,True,
2026-09-21T16:05:28.678134+00:00,Foxbit,BRL,5.1217,5.12305,2.64,True,
2026-09-21T16:05:28.678134+00:00,MercadoBitcoin,BRL,5.12235,5.12275,0.78,True,
2026-09-21T17:05:25.646942+00:00,IndependentReserve,SGD,1.276385,1.276805,3.29,True,
2026-09-21T17:05:25.646942+00:00,Coins.ph,PHP,62.75,62.74,-1.59,True,
2026-09-21T17:05:25.646942+00:00,BTCTurk,TRY,48.6685,48.549,-24.55,True,
2026-09-21T17:05:25.646942+00:00,Upbit,KRW,1351.0,1350.0,-7.4,True,
2026-09-21T17:05:25.646942+00:00,Indodax,IDR,17678.5,17681.0,1.41,True,
2026-09-21T17:05:25.646942+00:00,Bitkub,THB,33.205,33.2,-1.51,True,
2026-09-21T17:05:25.646942+00:00,Bithumb,KRW,1350.5,1350.0,-3.7,True,
2026-09-21T17:05:25.646942+00:00,Coinone,KRW,1350.5,1350.5,0.0,True,
2026-09-21T17:05:25.646942+00:00,Paribu,TRY,48.6625,48.618,-9.14,True,
2026-09-21T17:05:25.646942+00:00,Pintu,IDR,17692.0,17700.0,4.52,True,
2026-09-21T17:05:25.646942+00:00,Foxbit,BRL,5.11985,5.12355,7.23,True,
2026-09-21T17:05:25.646942+00:00,MercadoBitcoin,BRL,5.11925,5.12035,2.15,True,
2026-09-21T18:05:26.602213+00:00,IndependentReserve,SGD,1.276445,1.27592,-4.11,True,
2026-09-21T18:05:26.602213+00:00,Coins.ph,PHP,62.755,62.74,-2.39,True,
2026-09-21T18:05:26.602213+00:00,BTCTurk,TRY,48.6535,48.5475,-21.79,True,
2026-09-21T18:05:26.602213+00:00,Upbit,KRW,1350.0,1350.0,0.0,True,
2026-09-21T18:05:26.602213+00:00,Indodax,IDR,17679.5,17665.0,-8.2,True,
2026-09-21T18:05:26.602213+00:00,Bitkub,THB,33.185,33.21,7.53,True,
2026-09-21T18:05:26.602213+00:00,Bithumb,KRW,1350.5,1350.5,0.0,True,
2026-09-21T18:05:26.602213+00:00,Coinone,KRW,1350.5,1350.0,-3.7,True,
2026-09-21T18:05:26.602213+00:00,Paribu,TRY,48.6405,48.606,-7.09,True,
2026-09-21T18:05:26.602213+00:00,Pintu,IDR,17687.0,17699.0,6.78,True,
2026-09-21T18:05:26.602213+00:00,Foxbit,BRL,5.11855,5.1177,-1.66,True,
2026-09-21T18:05:26.602213+00:00,MercadoBitcoin,BRL,5.11765,5.11795,0.59,True,
2026-09-21T19:05:25.631110+00:00,IndependentReserve,SGD,1.27597,1.275125,-6.62,True,
2026-09-21T19:05:25.631110+00:00,Coins.ph,PHP,62.755,62.75,-0.8,True,
2026-09-21T19:05:25.631110+00:00,BTCTurk,TRY,48.6605,48.546,-23.53,True,
2026-09-21T19:05:25.631110+00:00,Upbit,KRW,1350.0,1352.0,14.81,True,
2026-09-21T19:05:25.631110+00:00,Indodax,IDR,17679.5,17666.5,-7.35,True,
2026-09-21T19:05:25.631110+00:00,Bitkub,THB,33.195,33.16,-10.54,True,
2026-09-21T19:05:25.631110+00:00,Bithumb,KRW,1349.5,1349.5,0.0,True,
2026-09-21T19:05:25.631110+00:00,Coinone,KRW,1350.5,1349.5,-7.4,True,
2026-09-21T19:05:25.631110+00:00,Paribu,TRY,48.6495,48.609,-8.32,True,
2026-09-21T19:05:25.631110+00:00,Pintu,IDR,17678.0,17700.0,12.44,True,
2026-09-21T19:05:25.631110+00:00,Foxbit,BRL,5.11745,5.11795,0.98,True,
2026-09-21T19:05:25.631110+00:00,MercadoBitcoin,BRL,5.11645,5.11875,4.5,True,
2026-09-21T20:05:23.699945+00:00,IndependentReserve,SGD,1.275535,1.275325,-1.65,True,
2026-09-21T20:05:23.699945+00:00,Coins.ph,PHP,62.755,62.75,-0.8,True,
2026-09-21T20:05:23.699945+00:00,BTCTurk,TRY,48.6495,48.564,-17.57,True,
2026-09-21T20:05:23.699945+00:00,Upbit,KRW,1348.0,1347.0,-7.42,True,
2026-09-21T20:05:23.699945+00:00,Indodax,IDR,17679.5,17665.0,-8.2,True,
2026-09-21T20:05:23.699945+00:00,Bitkub,THB,33.185,33.205,6.03,True,
2026-09-21T20:05:23.699945+00:00,Bithumb,KRW,1348.5,1348.5,0.0,True,
2026-09-21T20:05:23.699945+00:00,Coinone,KRW,1348.5,1348.5,0.0,True,
2026-09-21T20:05:23.699945+00:00,Paribu,TRY,48.6505,48.621,-6.06,True,
2026-09-21T20:05:23.699945+00:00,Pintu,IDR,17691.0,17700.0,5.09,True,
2026-09-21T20:05:23.699945+00:00,Foxbit,BRL,5.11545,5.11705,3.13,True,
2026-09-21T20:05:23.699945+00:00,MercadoBitcoin,BRL,5.11575,5.11695,2.35,True,
2026-09-21T21:05:22.475023+00:00,IndependentReserve,SGD,1.276315,1.27676,3.49,True,
2026-09-21T21:05:22.475023+00:00,Coins.ph,PHP,62.755,62.75,-0.8,True,
2026-09-21T21:05:22.475023+00:00,BTCTurk,TRY,48.6355,48.5045,-26.94,True,
2026-09-21T21:05:22.475023+00:00,Upbit,KRW,1348.0,1349.0,7.42,True,
2026-09-21T21:05:22.475023+00:00,Indodax,IDR,17679.5,17666.0,-7.64,True,
2026-09-21T21:05:22.475023+00:00,Bitkub,THB,33.165,33.145,-6.03,True,
2026-09-21T21:05:22.475023+00:00,Bithumb,KRW,1348.5,1347.5,-7.42,True,
2026-09-21T21:05:22.475023+00:00,Coinone,KRW,1349.5,1348.5,-7.41,True,
2026-09-21T21:05:22.475023+00:00,Paribu,TRY,48.6505,48.6275,-4.73,True,
2026-09-21T21:05:22.475023+00:00,Pintu,IDR,17687.0,17700.0,7.35,True,
2026-09-21T21:05:22.475023+00:00,Foxbit,BRL,5.11785,5.1193,2.83,True,
2026-09-21T21:05:22.475023+00:00,MercadoBitcoin,BRL,5.11705,5.1181,2.05,True,
2026-09-21T22:05:25.913828+00:00,IndependentReserve,SGD,1.275625,1.275225,-3.14,True,
2026-09-21T22:05:25.913828+00:00,Coins.ph,PHP,62.755,62.75,-0.8,True,
2026-09-21T22:05:25.913828+00:00,BTCTurk,TRY,48.642,48.558,-17.27,True,
2026-09-21T22:05:25.913828+00:00,Upbit,KRW,1350.0,1349.0,-7.41,True,
2026-09-21T22:05:25.913828+00:00,Indodax,IDR,17679.5,17665.0,-8.2,True,
2026-09-21T22:05:25.913828+00:00,Bitkub,THB,33.175,33.175,0.0,True,
2026-09-21T22:05:25.913828+00:00,Bithumb,KRW,1349.5,1349.5,0.0,True,
2026-09-21T22:05:25.913828+00:00,Coinone,KRW,1349.5,1349.5,0.0,True,
2026-09-21T22:05:25.913828+00:00,Paribu,TRY,48.6515,48.429,-45.73,True,
2026-09-21T22:05:25.913828+00:00,Pintu,IDR,17689.0,17702.0,7.35,True,
2026-09-21T22:05:25.913828+00:00,Foxbit,BRL,5.12735,5.12895,3.12,True,
2026-09-21T22:05:25.913828+00:00,MercadoBitcoin,BRL,5.12765,5.12685,-1.56,True,
2026-09-21T23:05:29.179985+00:00,IndependentReserve,SGD,1.275595,1.27565,0.43,True,
2026-09-21T23:05:29.179985+00:00,Coins.ph,PHP,62.755,62.755,-0.0,True,
2026-09-21T23:05:29.179985+00:00,BTCTurk,TRY,48.6635,48.5595,-21.37,True,
2026-09-21T23:05:29.179985+00:00,Upbit,KRW,1349.0,1351.0,14.83,True,
2026-09-21T23:05:29.179985+00:00,Indodax,IDR,17679.5,17664.0,-8.77,True,
2026-09-21T23:05:29.179985+00:00,Bitkub,THB,33.165,33.165,0.0,True,
2026-09-21T23:05:29.179985+00:00,Bithumb,KRW,1348.5,1349.0,3.71,True,
2026-09-21T23:05:29.179985+00:00,Coinone,KRW,1348.5,1349.0,3.71,True,
2026-09-21T23:05:29.179985+00:00,Paribu,TRY,48.6745,48.6325,-8.63,True,
2026-09-21T23:05:29.179985+00:00,Pintu,IDR,17686.0,17702.0,9.05,True,
2026-09-21T23:05:29.179985+00:00,Foxbit,BRL,5.12825,5.1288,1.07,True,
2026-09-21T23:05:29.179985+00:00,MercadoBitcoin,BRL,5.12695,5.12925,4.49,True,
2026-09-22T00:05:25.979062+00:00,IndependentReserve,SGD,1.27475,1.275075,2.55,True,
2026-09-22T00:05:25.979062+00:00,Coins.ph,PHP,62.755,62.765,1.59,True,
2026-09-22T00:05:25.979062+00:00,BTCTurk,TRY,48.6265,48.5265,-20.56,True,
2026-09-22T00:05:25.979062+00:00,Upbit,KRW,1353.0,1354.0,7.39,True,
2026-09-22T00:05:25.979062+00:00,Indodax,IDR,17679.5,17662.5,-9.62,True,
2026-09-22T00:05:25.979062+00:00,Bitkub,THB,33.195,33.195,0.0,True,
2026-09-22T00:05:25.979062+00:00,Bithumb,KRW,1352.5,1353.5,7.39,True,
2026-09-22T00:05:25.979062+00:00,Coinone,KRW,1353.0,1352.5,-3.7,True,
2026-09-22T00:05:25.979062+00:00,Paribu,TRY,48.6515,48.6375,-2.88,True,
2026-09-22T00:05:25.979062+00:00,Pintu,IDR,17710.0,17703.0,-3.95,True,
2026-09-22T00:05:25.979062+00:00,Foxbit,BRL,5.12795,5.1277,-0.49,True,
2026-09-22T00:05:25.979062+00:00,MercadoBitcoin,BRL,5.12725,5.1286,2.63,True,
2026-09-22T01:05:21.747246+00:00,IndependentReserve,SGD,1.274635,1.275305,5.26,True,
2026-09-22T01:05:21.747246+00:00,Coins.ph,PHP,62.665,62.665,0.0,True,
2026-09-22T01:05:21.747246+00:00,BTCTurk,TRY,48.453,48.457,0.83,True,
2026-09-22T01:05:21.747246+00:00,Upbit,KRW,1346.0,1346.0,0.0,True,
2026-09-22T01:05:21.747246+00:00,Indodax,IDR,17679.5,17664.5,-8.48,True,
2026-09-22T01:05:21.747246+00:00,Bitkub,THB,33.185,33.185,0.0,True,
2026-09-22T01:05:21.747246+00:00,Bithumb,KRW,1346.5,1347.0,3.71,True,
2026-09-22T01:05:21.747246+00:00,Coinone,KRW,1346.5,1346.5,0.0,True,
2026-09-22T01:05:21.747246+00:00,Paribu,TRY,48.6515,48.637,-2.98,True,
2026-09-22T01:05:21.747246+00:00,Pintu,IDR,17723.0,17703.0,-11.28,True,
2026-09-22T01:05:21.747246+00:00,Foxbit,BRL,5.12665,5.1261,-1.07,True,
2026-09-22T01:05:21.747246+00:00,MercadoBitcoin,BRL,5.12495,5.1269,3.8,True,
2026-09-22T02:05:26.710145+00:00,IndependentReserve,SGD,1.27507,1.27573,5.18,True,
2026-09-22T02:05:26.710145+00:00,Coins.ph,PHP,62.75,62.735,-2.39,True,
2026-09-22T02:05:26.710145+00:00,BTCTurk,TRY,48.532,48.4555,-15.76,True,
2026-09-22T02:05:26.710145+00:00,Upbit,KRW,1346.0,1345.0,-7.43,True,
2026-09-22T02:05:26.710145+00:00,Indodax,IDR,17679.5,17667.0,-7.07,True,
2026-09-22T02:05:26.710145+00:00,Bitkub,THB,33.205,33.215,3.01,True,
2026-09-22T02:05:26.710145+00:00,Bithumb,KRW,1345.5,1345.5,0.0,True,
2026-09-22T02:05:26.710145+00:00,Coinone,KRW,1345.5,1346.5,7.43,True,
2026-09-22T02:05:26.710145+00:00,Paribu,TRY,48.6515,48.6035,-9.87,True,
2026-09-22T02:05:26.710145+00:00,Pintu,IDR,17720.0,17703.0,-9.59,True,
2026-09-22T02:05:26.710145+00:00,Foxbit,BRL,5.12555,5.12645,1.76,True,
2026-09-22T02:05:26.710145+00:00,MercadoBitcoin,BRL,5.12475,5.12765,5.66,True,
2026-09-22T03:05:26.318709+00:00,IndependentReserve,SGD,1.27515,1.27573,4.55,True,
2026-09-22T03:05:26.318709+00:00,Coins.ph,PHP,62.72,62.705,-2.39,True,
2026-09-22T03:05:26.318709+00:00,BTCTurk,TRY,48.5465,48.498,-9.99,True,
2026-09-22T03:05:26.318709+00:00,Upbit,KRW,1348.0,1350.0,14.84,True,
2026-09-22T03:05:26.318709+00:00,Indodax,IDR,17709.5,17676.5,-18.63,True,
2026-09-22T03:05:26.318709+00:00,Bitkub,THB,33.215,33.205,-3.01,True,
2026-09-22T03:05:26.318709+00:00,Bithumb,KRW,1347.5,1348.5,7.42,True,
2026-09-22T03:05:26.318709+00:00,Coinone,KRW,1347.5,1348.5,7.42,True,
2026-09-22T03:05:26.318709+00:00,Paribu,TRY,48.6515,48.6045,-9.66,True,
2026-09-22T03:05:26.318709+00:00,Pintu,IDR,17789.0,17793.0,2.25,True,
2026-09-22T03:05:26.318709+00:00,Foxbit,BRL,5.12545,5.1264,1.85,True,
2026-09-22T03:05:26.318709+00:00,MercadoBitcoin,BRL,5.12565,5.12815,4.88,True,
2026-09-22T04:05:31.949779+00:00,IndependentReserve,SGD,1.274635,1.275425,6.2,True,
2026-09-22T04:05:31.949779+00:00,Coins.ph,PHP,62.665,62.68,2.39,True,
2026-09-22T04:05:31.949779+00:00,BTCTurk,TRY,48.5495,48.5,-10.2,True,
2026-09-22T04:05:31.949779+00:00,Upbit,KRW,1347.0,1347.0,0.0,True,
2026-09-22T04:05:31.949779+00:00,Indodax,IDR,17744.5,17718.5,-14.65,True,
2026-09-22T04:05:31.949779+00:00,Bitkub,THB,33.18,33.165,-4.52,True,
2026-09-22T04:05:31.949779+00:00,Bithumb,KRW,1346.5,1346.5,0.0,True,
2026-09-22T04:05:31.949779+00:00,Coinone,KRW,1347.5,1346.5,-7.42,True,
2026-09-22T04:05:31.949779+00:00,Paribu,TRY,48.6515,48.575,-15.72,True,
2026-09-22T04:05:31.949779+00:00,Pintu,IDR,17763.0,17783.0,11.26,True,
2026-09-22T04:05:31.949779+00:00,Foxbit,BRL,5.12285,5.12375,1.76,True,
2026-09-22T04:05:31.949779+00:00,MercadoBitcoin,BRL,5.12255,5.123,0.88,True,
2026-09-22T05:05:21.394659+00:00,IndependentReserve,SGD,1.2742,1.274955,5.93,True,
2026-09-22T05:05:21.394659+00:00,Coins.ph,PHP,62.665,62.675,1.6,True,
2026-09-22T05:05:21.394659+00:00,BTCTurk,TRY,48.637,48.524,-23.23,True,
2026-09-22T05:05:21.394659+00:00,Upbit,KRW,1344.0,1347.0,22.32,True,
2026-09-22T05:05:21.394659+00:00,Indodax,IDR,17745.5,17734.5,-6.2,True,
2026-09-22T05:05:21.394659+00:00,Bitkub,THB,33.195,33.205,3.01,True,
2026-09-22T05:05:21.394659+00:00,Bithumb,KRW,1344.5,1345.0,3.72,True,
2026-09-22T05:05:21.394659+00:00,Coinone,KRW,1344.5,1344.5,0.0,True,
2026-09-22T05:05:21.394659+00:00,Paribu,TRY,48.6525,48.651,-0.31,True,
2026-09-22T05:05:21.394659+00:00,Pintu,IDR,17779.0,17773.0,-3.37,True,
2026-09-22T05:05:21.394659+00:00,Foxbit,BRL,5.12335,5.12415,1.56,True,
2026-09-22T05:05:21.394659+00:00,MercadoBitcoin,BRL,5.12305,5.12355,0.98,True,
2026-09-22T06:05:25.486864+00:00,IndependentReserve,SGD,1.274505,1.27486,2.79,True,
2026-09-22T06:05:25.486864+00:00,Coins.ph,PHP,62.665,62.675,1.6,True,
2026-09-22T06:05:25.486864+00:00,BTCTurk,TRY,48.5505,48.4915,-12.15,True,
2026-09-22T06:05:25.486864+00:00,Upbit,KRW,1345.0,1345.0,0.0,True,
2026-09-22T06:05:25.486864+00:00,Indodax,IDR,17749.5,17738.5,-6.2,True,
2026-09-22T06:05:25.486864+00:00,Bitkub,THB,33.225,33.225,-0.0,True,
2026-09-22T06:05:25.486864+00:00,Bithumb,KRW,1345.5,1345.5,0.0,True,
2026-09-22T06:05:25.486864+00:00,Coinone,KRW,1345.5,1345.5,0.0,True,
2026-09-22T06:05:25.486864+00:00,Paribu,TRY,48.6525,48.665,2.57,True,
2026-09-22T06:05:25.486864+00:00,Pintu,IDR,17800.0,17763.0,-20.79,True,
2026-09-22T06:05:25.486864+00:00,Foxbit,BRL,5.12485,5.1248,-0.1,True,
2026-09-22T06:05:25.486864+00:00,MercadoBitcoin,BRL,5.12385,5.1249,2.05,True,
2026-09-22T07:05:33.716474+00:00,IndependentReserve,SGD,1.27515,1.27541,2.04,True,
2026-09-22T07:05:33.716474+00:00,Coins.ph,PHP,62.695,62.705,1.6,True,
2026-09-22T07:05:33.716474+00:00,BTCTurk,TRY,48.6785,48.584,-19.41,True,
2026-09-22T07:05:33.716474+00:00,Upbit,KRW,1347.0,1347.0,0.0,True,
2026-09-22T07:05:33.716474+00:00,Indodax,IDR,17749.5,17719.5,-16.9,True,
2026-09-22T07:05:33.716474+00:00,Bitkub,THB,33.235,33.195,-12.04,True,
2026-09-22T07:05:33.716474+00:00,Bithumb,KRW,1346.5,1347.5,7.43,True,
2026-09-22T07:05:33.716474+00:00,Coinone,KRW,1346.5,1346.5,0.0,True,
2026-09-22T07:05:33.716474+00:00,Paribu,TRY,48.6805,48.664,-3.39,True,
2026-09-22T07:05:33.716474+00:00,Pintu,IDR,17785.0,17764.0,-11.81,True,
2026-09-22T07:05:33.716474+00:00,Foxbit,BRL,5.12505,5.12575,1.37,True,
2026-09-22T07:05:33.716474+00:00,MercadoBitcoin,BRL,5.12495,5.1256,1.27,True,
2026-09-22T08:05:23.276998+00:00,IndependentReserve,SGD,1.2758,1.27589,0.71,True,
2026-09-22T08:05:23.276998+00:00,Coins.ph,PHP,62.695,62.705,1.6,True,
2026-09-22T08:05:23.276998+00:00,BTCTurk,TRY,48.6785,48.5845,-19.31,True,
2026-09-22T08:05:23.276998+00:00,Upbit,KRW,1348.0,1348.0,0.0,True,
2026-09-22T08:05:23.276998+00:00,Indodax,IDR,17769.5,17767.5,-1.13,True,
2026-09-22T08:05:23.276998+00:00,Bitkub,THB,33.245,33.195,-15.04,True,
2026-09-22T08:05:23.276998+00:00,Bithumb,KRW,1347.5,1347.0,-3.71,True,
2026-09-22T08:05:23.276998+00:00,Coinone,KRW,1347.5,1347.5,0.0,True,
2026-09-22T08:05:23.276998+00:00,Paribu,TRY,48.6625,48.6485,-2.88,True,
2026-09-22T08:05:23.276998+00:00,Pintu,IDR,17813.0,17763.0,-28.07,True,
2026-09-22T08:05:23.276998+00:00,Foxbit,BRL,5.12505,5.1258,1.46,True,
2026-09-22T08:05:23.276998+00:00,MercadoBitcoin,BRL,5.12495,5.125,0.1,True,
2026-09-22T09:05:25.264479+00:00,IndependentReserve,SGD,1.275145,1.275545,3.14,True,
2026-09-22T09:05:25.264479+00:00,Coins.ph,PHP,62.625,62.645,3.19,True,
2026-09-22T09:05:25.264479+00:00,BTCTurk,TRY,48.6995,48.597,-21.05,True,
2026-09-22T09:05:25.264479+00:00,Upbit,KRW,1349.0,1347.0,-14.83,True,
2026-09-22T09:05:25.264479+00:00,Indodax,IDR,17818.5,17753.5,-36.48,True,
2026-09-22T09:05:25.264479+00:00,Bitkub,THB,33.195,33.165,-9.04,True,
2026-09-22T09:05:25.264479+00:00,Bithumb,KRW,1348.5,1349.0,3.71,True,
2026-09-22T09:05:25.264479+00:00,Coinone,KRW,1348.5,1348.5,0.0,True,
2026-09-22T09:05:25.264479+00:00,Paribu,TRY,48.6975,48.6685,-5.96,True,
2026-09-22T09:05:25.264479+00:00,Pintu,IDR,17820.0,17764.0,-31.43,True,
2026-09-22T09:05:25.264479+00:00,Foxbit,BRL,5.12645,5.1262,-0.49,True,
2026-09-22T09:05:25.264479+00:00,MercadoBitcoin,BRL,5.1238,5.1252,2.73,True,
2026-09-22T10:05:23.335072+00:00,IndependentReserve,SGD,1.27326,1.27434,8.48,True,
2026-09-22T10:05:23.335072+00:00,Coins.ph,PHP,62.475,62.485,1.6,True,
2026-09-22T10:05:23.335072+00:00,BTCTurk,TRY,48.7145,48.6205,-19.3,True,
2026-09-22T10:05:23.335072+00:00,Upbit,KRW,1349.0,1350.0,7.41,True,
2026-09-22T10:05:23.335072+00:00,Indodax,IDR,17818.5,17793.0,-14.31,True,
2026-09-22T10:05:23.335072+00:00,Bitkub,THB,33.135,33.135,0.0,True,
2026-09-22T10:05:23.335072+00:00,Bithumb,KRW,1348.5,1349.0,3.71,True,
2026-09-22T10:05:23.335072+00:00,Coinone,KRW,1348.5,1349.5,7.42,True,
2026-09-22T10:05:23.335072+00:00,Paribu,TRY,48.6965,48.6905,-1.23,True,
2026-09-22T10:05:23.335072+00:00,Pintu,IDR,17816.0,17765.0,-28.63,True,
2026-09-22T10:05:23.335072+00:00,Foxbit,BRL,5.12285,5.12495,4.1,True,
2026-09-22T10:05:23.335072+00:00,MercadoBitcoin,BRL,5.12355,5.1249,2.63,True,
2026-09-22T11:05:22.626940+00:00,IndependentReserve,SGD,1.273535,1.273875,2.67,True,
2026-09-22T11:05:22.626940+00:00,Coins.ph,PHP,62.445,62.455,1.6,True,
2026-09-22T11:05:22.626940+00:00,BTCTurk,TRY,48.673,48.64,-6.78,True,
2026-09-22T11:05:22.626940+00:00,Upbit,KRW,1350.0,1352.0,14.81,True,
2026-09-22T11:05:22.626940+00:00,Indodax,IDR,17818.5,17790.0,-15.99,True,
2026-09-22T11:05:22.626940+00:00,Bitkub,THB,33.065,33.095,9.07,True,
2026-09-22T11:05:22.626940+00:00,Bithumb,KRW,1348.5,1350.5,14.83,True,
2026-09-22T11:05:22.626940+00:00,Coinone,KRW,1349.5,1349.5,0.0,True,
2026-09-22T11:05:22.626940+00:00,Paribu,TRY,48.6835,48.6805,-0.62,True,
2026-09-22T11:05:22.626940+00:00,Pintu,IDR,17819.0,17765.0,-30.3,True,
2026-09-22T11:05:22.626940+00:00,Foxbit,BRL,5.12695,5.126,-1.85,True,
2026-09-22T11:05:22.626940+00:00,MercadoBitcoin,BRL,5.12585,5.1254,-0.88,True,
2026-09-22T12:05:25.917132+00:00,IndependentReserve,SGD,1.273105,1.273865,5.97,True,
2026-09-22T12:05:25.917132+00:00,Coins.ph,PHP,62.545,62.555,1.6,True,
2026-09-22T12:05:25.917132+00:00,BTCTurk,TRY,48.7195,48.623,-19.81,True,
2026-09-22T12:05:25.917132+00:00,Upbit,KRW,1350.0,1351.0,7.41,True,
2026-09-22T12:05:25.917132+00:00,Indodax,IDR,17800.5,17776.5,-13.48,True,
2026-09-22T12:05:25.917132+00:00,Bitkub,THB,33.135,33.14,1.51,True,
2026-09-22T12:05:25.917132+00:00,Bithumb,KRW,1349.5,1349.5,0.0,True,
2026-09-22T12:05:25.917132+00:00,Coinone,KRW,1348.5,1349.5,7.42,True,
2026-09-22T12:05:25.917132+00:00,Paribu,TRY,48.7105,48.691,-4.0,True,
2026-09-22T12:05:25.917132+00:00,Pintu,IDR,17816.0,17764.0,-29.19,True,
2026-09-22T12:05:25.917132+00:00,Foxbit,BRL,5.12705,5.1294,4.58,True,
2026-09-22T12:05:25.917132+00:00,MercadoBitcoin,BRL,5.12915,5.12935,0.39,True,
2026-09-22T13:05:27.192475+00:00,IndependentReserve,SGD,1.27375,1.273875,0.98,True,
2026-09-22T13:05:27.192475+00:00,Coins.ph,PHP,62.515,62.525,1.6,True,
2026-09-22T13:05:27.192475+00:00,BTCTurk,TRY,48.7235,48.6655,-11.9,True,
2026-09-22T13:05:27.192475+00:00,Upbit,KRW,1348.0,1350.0,14.84,True,
2026-09-22T13:05:27.192475+00:00,Indodax,IDR,17814.5,17806.5,-4.49,True,
2026-09-22T13:05:27.192475+00:00,Bitkub,THB,33.165,33.175,3.02,True,
2026-09-22T13:05:27.192475+00:00,Bithumb,KRW,1347.5,1348.5,7.42,True,
2026-09-22T13:05:27.192475+00:00,Coinone,KRW,1347.5,1348.5,7.42,True,
2026-09-22T13:05:27.192475+00:00,Paribu,TRY,48.6975,48.6875,-2.05,True,
2026-09-22T13:05:27.192475+00:00,Pintu,IDR,17819.0,17764.0,-30.87,True,
2026-09-22T13:05:27.192475+00:00,Foxbit,BRL,5.13185,5.13245,1.17,True,
2026-09-22T13:05:27.192475+00:00,MercadoBitcoin,BRL,5.13245,5.1333,1.66,True,
2026-09-22T14:05:46.541970+00:00,IndependentReserve,SGD,1.2736,1.27388,2.2,True,
2026-09-22T14:05:46.541970+00:00,Coins.ph,PHP,62.435,62.445,1.6,True,
2026-09-22T14:05:46.541970+00:00,BTCTurk,TRY,48.7235,48.6525,-14.57,True,
2026-09-22T14:05:46.541970+00:00,Upbit,KRW,1346.0,1347.0,7.43,True,
2026-09-22T14:05:46.541970+00:00,Indodax,IDR,17790.5,17810.5,11.24,True,
2026-09-22T14:05:46.541970+00:00,Bitkub,THB,33.145,33.14,-1.51,True,
2026-09-22T14:05:46.541970+00:00,Bithumb,KRW,1345.5,1346.0,3.72,True,
2026-09-22T14:05:46.541970+00:00,Coinone,KRW,1345.5,1346.5,7.43,True,
2026-09-22T14:05:46.541970+00:00,Paribu,TRY,48.7135,48.688,-5.23,True,
2026-09-22T14:05:46.541970+00:00,Pintu,IDR,,,,False,ValueError:no USDT mid captured this run
2026-09-22T14:05:46.541970+00:00,Foxbit,BRL,5.12895,5.129,0.1,True,
2026-09-22T14:05:46.541970+00:00,MercadoBitcoin,BRL,5.12785,5.13025,4.68,True,
2026-09-22T15:05:28.430006+00:00,IndependentReserve,SGD,1.27412,1.27546,10.52,True,
2026-09-22T15:05:28.430006+00:00,Coins.ph,PHP,62.525,62.525,0.0,True,
2026-09-22T15:05:28.430006+00:00,BTCTurk,TRY,48.7235,48.705,-3.8,True,
2026-09-22T15:05:28.430006+00:00,Upbit,KRW,1348.0,1348.0,0.0,True,
2026-09-22T15:05:28.430006+00:00,Indodax,IDR,17833.0,17818.5,-8.13,True,
2026-09-22T15:05:28.430006+00:00,Bitkub,THB,33.18,33.175,-1.51,True,
2026-09-22T15:05:28.430006+00:00,Bithumb,KRW,1348.5,1348.5,0.0,True,
2026-09-22T15:05:28.430006+00:00,Coinone,KRW,1348.5,1348.5,0.0,True,
2026-09-22T15:05:28.430006+00:00,Paribu,TRY,48.7305,48.8285,20.11,True,
2026-09-22T15:05:28.430006+00:00,Pintu,IDR,17834.0,17832.0,-1.12,True,
2026-09-22T15:05:28.430006+00:00,Foxbit,BRL,5.11915,5.12025,2.15,True,
2026-09-22T15:05:28.430006+00:00,MercadoBitcoin,BRL,5.12055,5.1216,2.05,True,
2026-09-22T16:05:26.101772+00:00,IndependentReserve,SGD,1.274845,1.27558,5.77,True,
2026-09-22T16:05:26.101772+00:00,Coins.ph,PHP,62.485,62.495,1.6,True,
2026-09-22T16:05:26.101772+00:00,BTCTurk,TRY,48.7245,48.64,-17.34,True,
2026-09-22T16:05:26.101772+00:00,Upbit,KRW,1348.0,1349.0,7.42,True,
2026-09-22T16:05:26.101772+00:00,Indodax,IDR,17846.5,17818.5,-15.69,True,
2026-09-22T16:05:26.101772+00:00,Bitkub,THB,33.165,33.165,0.0,True,
2026-09-22T16:05:26.101772+00:00,Bithumb,KRW,1347.5,1347.0,-3.71,True,
2026-09-22T16:05:26.101772+00:00,Coinone,KRW,1347.5,1347.5,0.0,True,
2026-09-22T16:05:26.101772+00:00,Paribu,TRY,48.7215,49.22,102.32,True,
2026-09-22T16:05:26.101772+00:00,Pintu,IDR,17845.0,17831.0,-7.85,True,
2026-09-22T16:05:26.101772+00:00,Foxbit,BRL,5.12375,5.12325,-0.98,True,
2026-09-22T16:05:26.101772+00:00,MercadoBitcoin,BRL,5.12165,5.12395,4.49,True,
2026-09-22T17:05:23.573145+00:00,IndependentReserve,SGD,1.274495,1.274455,-0.31,True,
2026-09-22T17:05:23.573145+00:00,Coins.ph,PHP,62.555,62.555,0.0,True,
2026-09-22T17:05:23.573145+00:00,BTCTurk,TRY,48.7235,48.6675,-11.49,True,
2026-09-22T17:05:23.573145+00:00,Upbit,KRW,1348.0,1348.0,0.0,True,
2026-09-22T17:05:23.573145+00:00,Indodax,IDR,17849.5,17818.5,-17.37,True,
2026-09-22T17:05:23.573145+00:00,Bitkub,THB,33.145,33.145,-0.0,True,
2026-09-22T17:05:23.573145+00:00,Bithumb,KRW,1347.5,1348.5,7.42,True,
2026-09-22T17:05:23.573145+00:00,Coinone,KRW,1347.5,1348.5,7.42,True,
2026-09-22T17:05:23.573145+00:00,Paribu,TRY,48.7215,48.799,15.91,True,
2026-09-22T17:05:23.573145+00:00,Pintu,IDR,17826.0,17830.0,2.24,True,
2026-09-22T17:05:23.573145+00:00,Foxbit,BRL,5.12455,5.12545,1.76,True,
2026-09-22T17:05:23.573145+00:00,MercadoBitcoin,BRL,5.12425,5.1269,5.17,True,
2026-09-22T18:05:26.217275+00:00,IndependentReserve,SGD,1.274145,1.274135,-0.08,True,
2026-09-22T18:05:26.217275+00:00,Coins.ph,PHP,62.555,62.555,0.0,True,
2026-09-22T18:05:26.217275+00:00,BTCTurk,TRY,48.7025,48.656,-9.55,True,
2026-09-22T18:05:26.217275+00:00,Upbit,KRW,1347.0,1346.0,-7.42,True,
2026-09-22T18:05:26.217275+00:00,Indodax,IDR,17834.5,17821.5,-7.29,True,
2026-09-22T18:05:26.217275+00:00,Bitkub,THB,33.145,33.14,-1.51,True,
2026-09-22T18:05:26.217275+00:00,Bithumb,KRW,1346.5,1347.0,3.71,True,
2026-09-22T18:05:26.217275+00:00,Coinone,KRW,1346.5,1346.5,0.0,True,
2026-09-22T18:05:26.217275+00:00,Paribu,TRY,48.7005,48.766,13.45,True,
2026-09-22T18:05:26.217275+00:00,Pintu,IDR,17822.0,17829.0,3.93,True,
2026-09-22T18:05:26.217275+00:00,Foxbit,BRL,5.11865,5.11735,-2.54,True,
2026-09-22T18:05:26.217275+00:00,MercadoBitcoin,BRL,5.11715,5.118,1.66,True,
2026-09-22T19:05:33.809914+00:00,IndependentReserve,SGD,1.274045,1.27399,-0.43,True,
2026-09-22T19:05:33.809914+00:00,Coins.ph,PHP,62.555,62.555,0.0,True,
2026-09-22T19:05:33.809914+00:00,BTCTurk,TRY,48.7025,48.7355,6.78,True,
2026-09-22T19:05:33.809914+00:00,Upbit,KRW,1344.0,1346.0,14.88,True,
2026-09-22T19:05:33.809914+00:00,Indodax,IDR,17839.5,17828.5,-6.17,True,
2026-09-22T19:05:33.809914+00:00,Bitkub,THB,33.145,33.145,-0.0,True,
2026-09-22T19:05:33.809914+00:00,Bithumb,KRW,1344.5,1344.5,0.0,True,
2026-09-22T19:05:33.809914+00:00,Coinone,KRW,1344.5,1343.5,-7.44,True,
2026-09-22T19:05:33.809914+00:00,Paribu,TRY,48.7455,48.7675,4.51,True,
2026-09-22T19:05:33.809914+00:00,Pintu,IDR,17837.0,17830.0,-3.92,True,
2026-09-22T19:05:33.809914+00:00,Foxbit,BRL,5.11705,5.1151,-3.81,True,
2026-09-22T19:05:33.809914+00:00,MercadoBitcoin,BRL,5.11665,5.11575,-1.76,True,
2026-09-22T20:05:33.570197+00:00,IndependentReserve,SGD,1.2736,1.27348,-0.94,True,
2026-09-22T20:05:33.570197+00:00,Coins.ph,PHP,62.555,62.555,0.0,True,
2026-09-22T20:05:33.570197+00:00,BTCTurk,TRY,48.7115,48.7305,3.9,True,
2026-09-22T20:05:33.570197+00:00,Upbit,KRW,1343.0,1341.0,-14.89,True,
2026-09-22T20:05:33.570197+00:00,Indodax,IDR,17819.5,17823.5,2.24,True,
2026-09-22T20:05:33.570197+00:00,Bitkub,THB,33.115,33.125,3.02,True,
2026-09-22T20:05:33.570197+00:00,Bithumb,KRW,1342.5,1341.5,-7.45,True,
2026-09-22T20:05:33.570197+00:00,Coinone,KRW,1342.5,1342.5,0.0,True,
2026-09-22T20:05:33.570197+00:00,Paribu,TRY,48.7495,48.7705,4.31,True,
2026-09-22T20:05:33.570197+00:00,Pintu,IDR,17846.0,17829.0,-9.53,True,
2026-09-22T20:05:33.570197+00:00,Foxbit,BRL,5.11275,5.11145,-2.54,True,
2026-09-22T20:05:33.570197+00:00,MercadoBitcoin,BRL,5.11085,5.111,0.29,True,
2026-09-22T21:05:22.266548+00:00,IndependentReserve,SGD,1.27338,1.27334,-0.31,True,
2026-09-22T21:05:22.266548+00:00,Coins.ph,PHP,62.555,62.555,0.0,True,
2026-09-22T21:05:22.266548+00:00,BTCTurk,TRY,48.7245,48.7435,3.9,True,
2026-09-22T21:05:22.266548+00:00,Upbit,KRW,1342.0,1341.0,-7.45,True,
2026-09-22T21:05:22.266548+00:00,Indodax,IDR,17816.5,17813.0,-1.96,True,
2026-09-22T21:05:22.266548+00:00,Bitkub,THB,33.105,33.125,6.04,True,
2026-09-22T21:05:22.266548+00:00,Bithumb,KRW,1341.5,1342.0,3.73,True,
2026-09-22T21:05:22.266548+00:00,Coinone,KRW,1341.5,1341.5,0.0,True,
2026-09-22T21:05:22.266548+00:00,Paribu,TRY,48.7315,48.6925,-8.0,True,
2026-09-22T21:05:22.266548+00:00,Pintu,IDR,17818.0,17828.0,5.61,True,
2026-09-22T21:05:22.266548+00:00,Foxbit,BRL,5.11225,5.1112,-2.05,True,
2026-09-22T21:05:22.266548+00:00,MercadoBitcoin,BRL,5.11005,5.11155,2.94,True,
2026-09-22T22:05:24.157418+00:00,IndependentReserve,SGD,1.274345,1.2742,-1.14,True,
2026-09-22T22:05:24.157418+00:00,Coins.ph,PHP,62.555,62.555,0.0,True,
2026-09-22T22:05:24.157418+00:00,BTCTurk,TRY,48.7355,48.6665,-14.16,True,
2026-09-22T22:05:24.157418+00:00,Upbit,KRW,1342.0,1343.0,7.45,True,
2026-09-22T22:05:24.157418+00:00,Indodax,IDR,17831.5,17828.5,-1.68,True,
2026-09-22T22:05:24.157418+00:00,Bitkub,THB,33.105,33.125,6.04,True,
2026-09-22T22:05:24.157418+00:00,Bithumb,KRW,1342.5,1342.5,0.0,True,
2026-09-22T22:05:24.157418+00:00,Coinone,KRW,1342.5,1343.0,3.72,True,
2026-09-22T22:05:24.157418+00:00,Paribu,TRY,48.74,48.6985,-8.51,True,
2026-09-22T22:05:24.157418+00:00,Pintu,IDR,17843.0,17829.0,-7.85,True,
2026-09-22T22:05:24.157418+00:00,Foxbit,BRL,5.11375,5.1147,1.86,True,
2026-09-22T22:05:24.157418+00:00,MercadoBitcoin,BRL,5.11415,5.115,1.66,True,
2026-09-22T23:05:26.268894+00:00,IndependentReserve,SGD,1.274355,1.27436,0.04,True,
2026-09-22T23:05:26.268894+00:00,Coins.ph,PHP,62.555,62.555,0.0,True,
2026-09-22T23:05:26.268894+00:00,BTCTurk,TRY,48.7245,48.663,-12.62,True,
2026-09-22T23:05:26.268894+00:00,Upbit,KRW,1342.0,1343.0,7.45,True,
2026-09-22T23:05:26.268894+00:00,Indodax,IDR,17801.5,17793.5,-4.49,True,
2026-09-22T23:05:26.268894+00:00,Bitkub,THB,33.095,33.075,-6.04,True,
2026-09-22T23:05:26.268894+00:00,Bithumb,KRW,1342.5,1342.5,0.0,True,
2026-09-22T23:05:26.268894+00:00,Coinone,KRW,1342.5,1341.5,-7.45,True,
2026-09-22T23:05:26.268894+00:00,Paribu,TRY,48.7495,48.6945,-11.28,True,
2026-09-22T23:05:26.268894+00:00,Pintu,IDR,17835.0,17829.0,-3.36,True,
2026-09-22T23:05:26.268894+00:00,Foxbit,BRL,5.12435,5.12455,0.39,True,
2026-09-22T23:05:26.268894+00:00,MercadoBitcoin,BRL,5.12365,5.124,0.68,True,
2026-09-23T00:05:22.030520+00:00,IndependentReserve,SGD,1.273945,1.274285,2.67,True,
2026-09-23T00:05:22.030520+00:00,Coins.ph,PHP,62.555,62.555,0.0,True,
2026-09-23T00:05:22.030520+00:00,BTCTurk,TRY,48.6525,48.6375,-3.08,True,
2026-09-23T00:05:22.030520+00:00,Upbit,KRW,1342.0,1343.0,7.45,True,
2026-09-23T00:05:22.030520+00:00,Indodax,IDR,17839.5,17792.5,-26.35,True,
2026-09-23T00:05:22.030520+00:00,Bitkub,THB,33.085,33.085,0.0,True,
2026-09-23T00:05:22.030520+00:00,Bithumb,KRW,1341.5,1342.5,7.45,True,
2026-09-23T00:05:22.030520+00:00,Coinone,KRW,1341.5,1341.5,0.0,True,
2026-09-23T00:05:22.030520+00:00,Paribu,TRY,48.7315,48.736,0.92,True,
2026-09-23T00:05:22.030520+00:00,Pintu,IDR,17846.0,17831.0,-8.41,True,
2026-09-23T00:05:22.030520+00:00,Foxbit,BRL,5.12225,5.124,3.42,True,
2026-09-23T00:05:22.030520+00:00,MercadoBitcoin,BRL,5.12325,5.1243,2.05,True,
2026-09-23T01:05:28.973061+00:00,IndependentReserve,SGD,1.27393,1.274245,2.47,True,
2026-09-23T01:05:28.973061+00:00,Coins.ph,PHP,62.565,62.565,0.0,True,
2026-09-23T01:05:28.973061+00:00,BTCTurk,TRY,48.6525,48.6375,-3.08,True,
2026-09-23T01:05:28.973061+00:00,Upbit,KRW,1341.0,1341.0,0.0,True,
2026-09-23T01:05:28.973061+00:00,Indodax,IDR,17839.5,17802.5,-20.74,True,
2026-09-23T01:05:28.973061+00:00,Bitkub,THB,33.105,33.095,-3.02,True,
2026-09-23T01:05:28.973061+00:00,Bithumb,KRW,1340.5,1341.5,7.46,True,
2026-09-23T01:05:28.973061+00:00,Coinone,KRW,1341.5,1341.5,0.0,True,
2026-09-23T01:05:28.973061+00:00,Paribu,TRY,48.7025,48.7225,4.11,True,
2026-09-23T01:05:28.973061+00:00,Pintu,IDR,17868.0,17830.0,-21.27,True,
2026-09-23T01:05:28.973061+00:00,Foxbit,BRL,5.12275,5.12415,2.73,True,
2026-09-23T01:05:28.973061+00:00,MercadoBitcoin,BRL,5.12235,5.12415,3.51,True,
2026-09-23T02:05:23.514753+00:00,IndependentReserve,SGD,1.27425,1.27464,3.06,True,
2026-09-23T02:05:23.514753+00:00,Coins.ph,PHP,62.595,62.605,1.6,True,
2026-09-23T02:05:23.514753+00:00,BTCTurk,TRY,48.6225,48.632,1.95,True,
2026-09-23T02:05:23.514753+00:00,Upbit,KRW,1343.0,1345.0,14.89,True,
2026-09-23T02:05:23.514753+00:00,Indodax,IDR,17844.5,17828.0,-9.25,True,
2026-09-23T02:05:23.514753+00:00,Bitkub,THB,33.145,33.135,-3.02,True,
2026-09-23T02:05:23.514753+00:00,Bithumb,KRW,1343.5,1343.5,0.0,True,
2026-09-23T02:05:23.514753+00:00,Coinone,KRW,1343.5,1344.5,7.44,True,
2026-09-23T02:05:23.514753+00:00,Paribu,TRY,48.7025,48.7185,3.29,True,
2026-09-23T02:05:23.514753+00:00,Pintu,IDR,17866.0,17831.0,-19.59,True,
2026-09-23T02:05:23.514753+00:00,Foxbit,BRL,5.12485,5.12545,1.17,True,
2026-09-23T02:05:23.514753+00:00,MercadoBitcoin,BRL,5.12595,5.12685,1.76,True,
2026-09-23T03:05:24.634012+00:00,IndependentReserve,SGD,1.274385,1.27499,4.75,True,
2026-09-23T03:05:24.634012+00:00,Coins.ph,PHP,62.585,62.585,0.0,True,
2026-09-23T03:05:24.634012+00:00,BTCTurk,TRY,48.6355,48.632,-0.72,True,
2026-09-23T03:05:24.634012+00:00,Upbit,KRW,1344.0,1343.0,-7.44,True,
2026-09-23T03:05:24.634012+00:00,Indodax,IDR,17822.5,17843.5,11.78,True,
2026-09-23T03:05:24.634012+00:00,Bitkub,THB,33.175,33.175,0.0,True,
2026-09-23T03:05:24.634012+00:00,Bithumb,KRW,1343.5,1345.5,14.89,True,
2026-09-23T03:05:24.634012+00:00,Coinone,KRW,1343.5,1343.5,0.0,True,
2026-09-23T03:05:24.634012+00:00,Paribu,TRY,48.7035,48.723,4.0,True,
2026-09-23T03:05:24.634012+00:00,Pintu,IDR,17860.0,17792.0,-38.07,True,
2026-09-23T03:05:24.634012+00:00,Foxbit,BRL,5.12315,5.1248,3.22,True,
2026-09-23T03:05:24.634012+00:00,MercadoBitcoin,BRL,5.12435,5.125,1.27,True,
2026-09-23T04:05:21.921227+00:00,IndependentReserve,SGD,1.274705,1.27613,11.18,True,
2026-09-23T04:05:21.921227+00:00,Coins.ph,PHP,62.645,62.655,1.6,True,
2026-09-23T04:05:21.921227+00:00,BTCTurk,TRY,48.558,48.605,9.68,True,
2026-09-23T04:05:21.921227+00:00,Upbit,KRW,1343.0,1345.0,14.89,True,
2026-09-23T04:05:21.921227+00:00,Indodax,IDR,17822.5,17836.5,7.86,True,
2026-09-23T04:05:21.921227+00:00,Bitkub,THB,33.185,33.175,-3.01,True,
2026-09-23T04:05:21.921227+00:00,Bithumb,KRW,1343.5,1343.5,0.0,True,
2026-09-23T04:05:21.921227+00:00,Coinone,KRW,1343.5,1343.5,0.0,True,
2026-09-23T04:05:21.921227+00:00,Paribu,TRY,48.7035,48.7355,6.57,True,
2026-09-23T04:05:21.921227+00:00,Pintu,IDR,17842.0,17792.0,-28.02,True,
2026-09-23T04:05:21.921227+00:00,Foxbit,BRL,5.12235,5.1242,3.61,True,
2026-09-23T04:05:21.921227+00:00,MercadoBitcoin,BRL,5.12155,5.12295,2.73,True,
2026-09-23T05:05:26.199510+00:00,IndependentReserve,SGD,1.274605,1.275165,4.39,True,
2026-09-23T05:05:26.199510+00:00,Coins.ph,PHP,62.595,62.595,0.0,True,
2026-09-23T05:05:26.199510+00:00,BTCTurk,TRY,48.588,48.587,-0.21,True,
2026-09-23T05:05:26.199510+00:00,Upbit,KRW,1342.0,1341.0,-7.45,True,
2026-09-23T05:05:26.199510+00:00,Indodax,IDR,17769.5,17805.5,20.26,True,
2026-09-23T05:05:26.199510+00:00,Bitkub,THB,33.195,33.195,0.0,True,
2026-09-23T05:05:26.199510+00:00,Bithumb,KRW,1340.5,1341.5,7.46,True,
2026-09-23T05:05:26.199510+00:00,Coinone,KRW,1341.5,1341.5,0.0,True,
2026-09-23T05:05:26.199510+00:00,Paribu,TRY,48.6905,48.7115,4.31,True,
2026-09-23T05:05:26.199510+00:00,Pintu,IDR,17803.0,17781.0,-12.36,True,
2026-09-23T05:05:26.199510+00:00,Foxbit,BRL,5.12115,5.1228,3.22,True,
2026-09-23T05:05:26.199510+00:00,MercadoBitcoin,BRL,5.11985,5.12055,1.37,True,
2026-09-23T06:05:20.996657+00:00,IndependentReserve,SGD,1.27476,1.27514,2.98,True,
2026-09-23T06:05:20.996657+00:00,Coins.ph,PHP,62.615,62.625,1.6,True,
2026-09-23T06:05:20.996657+00:00,BTCTurk,TRY,48.6905,48.7325,8.63,True,
2026-09-23T06:05:20.996657+00:00,Upbit,KRW,1346.0,1346.0,0.0,True,
2026-09-23T06:05:20.996657+00:00,Indodax,IDR,17807.5,17801.5,-3.37,True,
2026-09-23T06:05:20.996657+00:00,Bitkub,THB,33.185,33.185,0.0,True,
2026-09-23T06:05:20.996657+00:00,Bithumb,KRW,1345.5,1346.5,7.43,True,
2026-09-23T06:05:20.996657+00:00,Coinone,KRW,1346.5,1346.5,0.0,True,
2026-09-23T06:05:20.996657+00:00,Paribu,TRY,48.7025,48.6925,-2.05,True,
2026-09-23T06:05:20.996657+00:00,Pintu,IDR,17820.0,17772.0,-26.94,True,
2026-09-23T06:05:20.996657+00:00,Foxbit,BRL,5.12065,5.1217,2.05,True,
2026-09-23T06:05:20.996657+00:00,MercadoBitcoin,BRL,5.11985,5.12115,2.54,True,
2026-09-23T07:05:23.825372+00:00,IndependentReserve,SGD,1.27522,1.275275,0.43,True,
2026-09-23T07:05:23.825372+00:00,Coins.ph,PHP,62.675,62.695,3.19,True,
2026-09-23T07:05:23.825372+00:00,BTCTurk,TRY,48.6905,48.7365,9.45,True,
2026-09-23T07:05:23.825372+00:00,Upbit,KRW,1347.0,1347.0,0.0,True,
2026-09-23T07:05:23.825372+00:00,Indodax,IDR,17806.0,17826.5,11.51,True,
2026-09-23T07:05:23.825372+00:00,Bitkub,THB,33.195,33.195,0.0,True,
2026-09-23T07:05:23.825372+00:00,Bithumb,KRW,1347.5,1347.5,0.0,True,
2026-09-23T07:05:23.825372+00:00,Coinone,KRW,1347.5,1347.5,0.0,True,
2026-09-23T07:05:23.825372+00:00,Paribu,TRY,48.7295,48.693,-7.49,True,
2026-09-23T07:05:23.825372+00:00,Pintu,IDR,17810.0,17772.0,-21.34,True,
2026-09-23T07:05:23.825372+00:00,Foxbit,BRL,5.12065,5.12125,1.17,True,
2026-09-23T07:05:23.825372+00:00,MercadoBitcoin,BRL,5.11985,5.12125,2.73,True,
2026-09-23T08:05:20.976288+00:00,IndependentReserve,SGD,1.275915,1.276205,2.27,True,
2026-09-23T08:05:20.976288+00:00,Coins.ph,PHP,62.615,62.605,-1.6,True,
2026-09-23T08:05:20.976288+00:00,BTCTurk,TRY,48.7595,48.7295,-6.15,True,
2026-09-23T08:05:20.976288+00:00,Upbit,KRW,1352.0,1351.0,-7.4,True,
2026-09-23T08:05:20.976288+00:00,Indodax,IDR,17799.5,17765.5,-19.1,True,
2026-09-23T08:05:20.976288+00:00,Bitkub,THB,33.225,33.215,-3.01,True,
2026-09-23T08:05:20.976288+00:00,Bithumb,KRW,1351.5,1351.5,0.0,True,
2026-09-23T08:05:20.976288+00:00,Coinone,KRW,1351.5,1352.5,7.4,True,
2026-09-23T08:05:20.976288+00:00,Paribu,TRY,48.7265,48.6995,-5.54,True,
2026-09-23T08:05:20.976288+00:00,Pintu,IDR,17808.0,17771.0,-20.78,True,
2026-09-23T08:05:20.976288+00:00,Foxbit,BRL,5.12025,5.1205,0.49,True,
2026-09-23T08:05:20.976288+00:00,MercadoBitcoin,BRL,5.11985,5.12095,2.15,True,
2026-09-23T09:05:24.819974+00:00,IndependentReserve,SGD,1.27635,1.276775,3.33,True,
2026-09-23T09:05:24.819974+00:00,Coins.ph,PHP,62.595,62.595,0.0,True,
2026-09-23T09:05:24.819974+00:00,BTCTurk,TRY,48.7355,48.686,-10.16,True,
2026-09-23T09:05:24.819974+00:00,Upbit,KRW,1354.0,1354.0,0.0,True,
2026-09-23T09:05:24.819974+00:00,Indodax,IDR,17804.5,17790.0,-8.14,True,
2026-09-23T09:05:24.819974+00:00,Bitkub,THB,33.225,33.22,-1.5,True,
2026-09-23T09:05:24.819974+00:00,Bithumb,KRW,1353.5,1353.5,0.0,True,
2026-09-23T09:05:24.819974+00:00,Coinone,KRW,1353.5,1353.5,0.0,True,
2026-09-23T09:05:24.819974+00:00,Paribu,TRY,48.7245,48.6995,-5.13,True,
2026-09-23T09:05:24.819974+00:00,Pintu,IDR,17810.0,17771.0,-21.9,True,
2026-09-23T09:05:24.819974+00:00,Foxbit,BRL,5.12025,5.12285,5.08,True,
2026-09-23T09:05:24.819974+00:00,MercadoBitcoin,BRL,5.12065,5.1233,5.18,True,
2026-09-23T10:05:22.071725+00:00,IndependentReserve,SGD,1.2763,1.27678,3.76,True,
2026-09-23T10:05:22.071725+00:00,Coins.ph,PHP,62.585,62.575,-1.6,True,
2026-09-23T10:05:22.071725+00:00,BTCTurk,TRY,48.739,48.727,-2.46,True,
2026-09-23T10:05:22.071725+00:00,Upbit,KRW,1353.0,1354.0,7.39,True,
2026-09-23T10:05:22.071725+00:00,Indodax,IDR,17791.5,17774.5,-9.56,True,
2026-09-23T10:05:22.071725+00:00,Bitkub,THB,33.225,33.225,-0.0,True,
2026-09-23T10:05:22.071725+00:00,Bithumb,KRW,1353.5,1354.5,7.39,True,
2026-09-23T10:05:22.071725+00:00,Coinone,KRW,1353.5,1353.5,0.0,True,
2026-09-23T10:05:22.071725+00:00,Paribu,TRY,48.7405,48.7515,2.26,True,
2026-09-23T10:05:22.071725+00:00,Pintu,IDR,17790.0,17771.0,-10.68,True,
2026-09-23T10:05:22.071725+00:00,Foxbit,BRL,5.12285,5.12475,3.71,True,
2026-09-23T10:05:22.071725+00:00,MercadoBitcoin,BRL,5.12295,5.12555,5.08,True,
2026-09-23T11:05:25.505242+00:00,IndependentReserve,SGD,1.2763,1.276735,3.41,True,
2026-09-23T11:05:25.505242+00:00,Coins.ph,PHP,62.525,62.515,-1.6,True,
2026-09-23T11:05:25.505242+00:00,BTCTurk,TRY,48.7645,48.7295,-7.18,True,
2026-09-23T11:05:25.505242+00:00,Upbit,KRW,1355.0,1355.0,0.0,True,
2026-09-23T11:05:25.505242+00:00,Indodax,IDR,17762.5,17763.0,0.28,True,
2026-09-23T11:05:25.505242+00:00,Bitkub,THB,33.215,33.215,0.0,True,
2026-09-23T11:05:25.505242+00:00,Bithumb,KRW,1355.5,1355.5,0.0,True,
2026-09-23T11:05:25.505242+00:00,Coinone,KRW,1355.5,1355.5,0.0,True,
2026-09-23T11:05:25.505242+00:00,Paribu,TRY,48.7555,48.786,6.26,True,
2026-09-23T11:05:25.505242+00:00,Pintu,IDR,17779.0,17771.0,-4.5,True,
2026-09-23T11:05:25.505242+00:00,Foxbit,BRL,5.12335,5.12465,2.54,True,
2026-09-23T11:05:25.505242+00:00,MercadoBitcoin,BRL,5.12285,5.12475,3.71,True,
2026-09-23T12:05:27.755379+00:00,IndependentReserve,SGD,1.2763,1.27688,4.54,True,
2026-09-23T12:05:27.755379+00:00,Coins.ph,PHP,62.565,62.565,0.0,True,
2026-09-23T12:05:27.755379+00:00,BTCTurk,TRY,48.7775,48.6775,-20.5,True,
2026-09-23T12:05:27.755379+00:00,Upbit,KRW,1358.0,1359.0,7.36,True,
2026-09-23T12:05:27.755379+00:00,Indodax,IDR,17776.5,17777.5,0.56,True,
2026-09-23T12:05:27.755379+00:00,Bitkub,THB,33.235,33.22,-4.51,True,
2026-09-23T12:05:27.755379+00:00,Bithumb,KRW,1357.5,1358.0,3.68,True,
2026-09-23T12:05:27.755379+00:00,Coinone,KRW,1358.5,1358.5,0.0,True,
2026-09-23T12:05:27.755379+00:00,Paribu,TRY,48.7765,48.745,-6.46,True,
2026-09-23T12:05:27.755379+00:00,Pintu,IDR,17793.0,17773.0,-11.24,True,
2026-09-23T12:05:27.755379+00:00,Foxbit,BRL,5.14205,5.14285,1.56,True,
2026-09-23T12:05:27.755379+00:00,MercadoBitcoin,BRL,5.14125,5.14365,4.67,True,
2026-09-23T13:05:25.380723+00:00,IndependentReserve,SGD,1.2763,1.276965,5.21,True,
2026-09-23T13:05:25.380723+00:00,Coins.ph,PHP,62.635,62.625,-1.6,True,
2026-09-23T13:05:25.380723+00:00,BTCTurk,TRY,48.7905,48.752,-7.89,True,
2026-09-23T13:05:25.380723+00:00,Upbit,KRW,1358.0,1359.0,7.36,True,
2026-09-23T13:05:25.380723+00:00,Indodax,IDR,17764.5,17741.5,-12.95,True,
2026-09-23T13:05:25.380723+00:00,Bitkub,THB,33.285,33.285,0.0,True,
2026-09-23T13:05:25.380723+00:00,Bithumb,KRW,1357.5,1358.5,7.37,True,
2026-09-23T13:05:25.380723+00:00,Coinone,KRW,1358.5,1358.5,0.0,True,
2026-09-23T13:05:25.380723+00:00,Paribu,TRY,48.755,48.7385,-3.38,True,
2026-09-23T13:05:25.380723+00:00,Pintu,IDR,17769.0,17772.0,1.69,True,
2026-09-23T13:05:25.380723+00:00,Foxbit,BRL,5.14155,5.14415,5.06,True,
2026-09-23T13:05:25.380723+00:00,MercadoBitcoin,BRL,5.14335,5.1456,4.37,True,
2026-09-23T14:05:26.435743+00:00,IndependentReserve,SGD,1.27647,1.277335,6.78,True,
2026-09-23T14:05:26.435743+00:00,Coins.ph,PHP,62.685,62.685,0.0,True,
2026-09-23T14:05:26.435743+00:00,BTCTurk,TRY,48.7815,48.766,-3.18,True,
2026-09-23T14:05:26.435743+00:00,Upbit,KRW,1359.0,1360.0,7.36,True,
2026-09-23T14:05:26.435743+00:00,Indodax,IDR,17784.5,17759.0,-14.34,True,
2026-09-23T14:05:26.435743+00:00,Bitkub,THB,33.345,33.325,-6.0,True,
2026-09-23T14:05:26.435743+00:00,Bithumb,KRW,1359.5,1360.0,3.68,True,
2026-09-23T14:05:26.435743+00:00,Coinone,KRW,1359.5,1359.5,0.0,True,
2026-09-23T14:05:26.435743+00:00,Paribu,TRY,48.7615,48.732,-6.05,True,
2026-09-23T14:05:26.435743+00:00,Pintu,IDR,17772.0,17772.0,0.0,True,
2026-09-23T14:05:26.435743+00:00,Foxbit,BRL,5.14715,5.14855,2.72,True,
2026-09-23T14:05:26.435743+00:00,MercadoBitcoin,BRL,5.14645,5.14895,4.86,True,
2026-09-23T15:05:23.702133+00:00,IndependentReserve,SGD,1.277515,1.2779,3.01,True,
2026-09-23T15:05:23.702133+00:00,Coins.ph,PHP,62.695,62.695,0.0,True,
2026-09-23T15:05:23.702133+00:00,BTCTurk,TRY,48.8065,48.8,-1.33,True,
2026-09-23T15:05:23.702133+00:00,Upbit,KRW,1363.0,1361.0,-14.67,True,
2026-09-23T15:05:23.702133+00:00,Indodax,IDR,17810.5,17809.5,-0.56,True,
2026-09-23T15:05:23.702133+00:00,Bitkub,THB,33.355,33.355,0.0,True,
2026-09-23T15:05:23.702133+00:00,Bithumb,KRW,1362.5,1364.0,11.01,True,
2026-09-23T15:05:23.702133+00:00,Coinone,KRW,1362.5,1362.5,0.0,True,
2026-09-23T15:05:23.702133+00:00,Paribu,TRY,48.7695,48.7475,-4.51,True,
2026-09-23T15:05:23.702133+00:00,Pintu,IDR,17796.0,17772.0,-13.49,True,
2026-09-23T15:05:23.702133+00:00,Foxbit,BRL,5.15085,5.15115,0.58,True,
2026-09-23T15:05:23.702133+00:00,MercadoBitcoin,BRL,5.15035,5.152,3.2,True,
2026-09-23T16:05:27.709625+00:00,IndependentReserve,SGD,1.27763,1.2778,1.33,True,
2026-09-23T16:05:27.709625+00:00,Coins.ph,PHP,62.735,62.725,-1.59,True,
2026-09-23T16:05:27.709625+00:00,BTCTurk,TRY,48.8195,48.784,-7.27,True,
2026-09-23T16:05:27.709625+00:00,Upbit,KRW,1367.0,1367.0,0.0,True,
2026-09-23T16:05:27.709625+00:00,Indodax,IDR,17809.5,17799.0,-5.9,True,
2026-09-23T16:05:27.709625+00:00,Bitkub,THB,33.395,33.385,-2.99,True,
2026-09-23T16:05:27.709625+00:00,Bithumb,KRW,1366.5,1368.5,14.64,True,
2026-09-23T16:05:27.709625+00:00,Coinone,KRW,1367.5,1367.5,0.0,True,
2026-09-23T16:05:27.709625+00:00,Paribu,TRY,48.7795,48.7355,-9.02,True,
2026-09-23T16:05:27.709625+00:00,Pintu,IDR,17816.0,17769.0,-26.38,True,
2026-09-23T16:05:27.709625+00:00,Foxbit,BRL,5.15795,5.15875,1.55,True,
2026-09-23T16:05:27.709625+00:00,MercadoBitcoin,BRL,5.15895,5.15815,-1.55,True,
2026-09-23T17:05:25.180517+00:00,IndependentReserve,SGD,1.278245,1.278745,3.91,True,
2026-09-23T17:05:25.180517+00:00,Coins.ph,PHP,62.765,62.755,-1.59,True,
2026-09-23T17:05:25.180517+00:00,BTCTurk,TRY,48.8185,48.804,-2.97,True,
2026-09-23T17:05:25.180517+00:00,Upbit,KRW,1369.0,1369.0,0.0,True,
2026-09-23T17:05:25.180517+00:00,Indodax,IDR,17809.5,17799.5,-5.61,True,
2026-09-23T17:05:25.180517+00:00,Bitkub,THB,33.415,33.385,-8.98,True,
2026-09-23T17:05:25.180517+00:00,Bithumb,KRW,1367.5,1368.0,3.66,True,
2026-09-23T17:05:25.180517+00:00,Coinone,KRW,1368.5,1368.5,0.0,True,
2026-09-23T17:05:25.180517+00:00,Paribu,TRY,48.7805,48.774,-1.33,True,
2026-09-23T17:05:25.180517+00:00,Pintu,IDR,17801.0,17770.0,-17.41,True,
2026-09-23T17:05:25.180517+00:00,Foxbit,BRL,5.17535,5.17635,1.93,True,
2026-09-23T17:05:25.180517+00:00,MercadoBitcoin,BRL,5.17545,5.1778,4.54,True,
2026-09-23T18:05:26.271401+00:00,IndependentReserve,SGD,1.27807,1.278185,0.9,True,
2026-09-23T18:05:26.271401+00:00,Coins.ph,PHP,62.725,62.725,-0.0,True,
2026-09-23T18:05:26.271401+00:00,BTCTurk,TRY,48.839,48.848,1.84,True,
2026-09-23T18:05:26.271401+00:00,Upbit,KRW,1368.0,1369.0,7.31,True,
2026-09-23T18:05:26.271401+00:00,Indodax,IDR,17809.5,17811.5,1.12,True,
2026-09-23T18:05:26.271401+00:00,Bitkub,THB,33.375,33.38,1.5,True,
2026-09-23T18:05:26.271401+00:00,Bithumb,KRW,1367.5,1368.5,7.31,True,
2026-09-23T18:05:26.271401+00:00,Coinone,KRW,1367.5,1367.5,0.0,True,
2026-09-23T18:05:26.271401+00:00,Paribu,TRY,48.7895,48.7865,-0.61,True,
2026-09-23T18:05:26.271401+00:00,Pintu,IDR,17804.0,17772.0,-17.97,True,
2026-09-23T18:05:26.271401+00:00,Foxbit,BRL,5.16695,5.16725,0.58,True,
2026-09-23T18:05:26.271401+00:00,MercadoBitcoin,BRL,5.16745,5.16565,-3.48,True,
2026-09-23T19:05:28.373841+00:00,IndependentReserve,SGD,1.27814,1.27826,0.94,True,
2026-09-23T19:05:28.373841+00:00,Coins.ph,PHP,62.725,62.725,-0.0,True,
2026-09-23T19:05:28.373841+00:00,BTCTurk,TRY,48.8405,48.7955,-9.21,True,
2026-09-23T19:05:28.373841+00:00,Upbit,KRW,1370.0,1370.0,0.0,True,
2026-09-23T19:05:28.373841+00:00,Indodax,IDR,17801.5,17813.0,6.46,True,
2026-09-23T19:05:28.373841+00:00,Bitkub,THB,33.395,33.385,-2.99,True,
2026-09-23T19:05:28.373841+00:00,Bithumb,KRW,1368.5,1369.0,3.65,True,
2026-09-23T19:05:28.373841+00:00,Coinone,KRW,1369.5,1369.5,0.0,True,
2026-09-23T19:05:28.373841+00:00,Paribu,TRY,48.8205,48.8065,-2.87,True,
2026-09-23T19:05:28.373841+00:00,Pintu,IDR,17801.0,17771.0,-16.85,True,
2026-09-23T19:05:28.373841+00:00,Foxbit,BRL,5.17475,5.1745,-0.48,True,
2026-09-23T19:05:28.373841+00:00,MercadoBitcoin,BRL,5.17585,5.17605,0.39,True,
2026-09-23T20:05:27.139756+00:00,IndependentReserve,SGD,1.278175,1.27826,0.67,True,
2026-09-23T20:05:27.139756+00:00,Coins.ph,PHP,62.725,62.725,-0.0,True,
2026-09-23T20:05:27.139756+00:00,BTCTurk,TRY,48.8425,48.8115,-6.35,True,
2026-09-23T20:05:27.139756+00:00,Upbit,KRW,1371.0,1372.0,7.29,True,
2026-09-23T20:05:27.139756+00:00,Indodax,IDR,17809.5,17809.5,0.0,True,
2026-09-23T20:05:27.139756+00:00,Bitkub,THB,33.405,33.375,-8.98,True,
2026-09-23T20:05:27.139756+00:00,Bithumb,KRW,1370.5,1370.5,0.0,True,
2026-09-23T20:05:27.139756+00:00,Coinone,KRW,1370.5,1370.5,0.0,True,
2026-09-23T20:05:27.139756+00:00,Paribu,TRY,48.8295,48.8575,5.73,True,
2026-09-23T20:05:27.139756+00:00,Pintu,IDR,17799.0,17770.0,-16.29,True,
2026-09-23T20:05:27.139756+00:00,Foxbit,BRL,5.17215,5.17265,0.97,True,
2026-09-23T20:05:27.139756+00:00,MercadoBitcoin,BRL,5.17375,5.17395,0.39,True,
2026-09-23T21:05:24.190507+00:00,IndependentReserve,SGD,1.278395,1.27854,1.13,True,
2026-09-23T21:05:24.190507+00:00,Coins.ph,PHP,62.725,62.725,-0.0,True,
2026-09-23T21:05:24.190507+00:00,BTCTurk,TRY,48.8415,48.8045,-7.58,True,
2026-09-23T21:05:24.190507+00:00,Upbit,KRW,1371.0,1370.0,-7.29,True,
2026-09-23T21:05:24.190507+00:00,Indodax,IDR,17809.5,17808.0,-0.84,True,
2026-09-23T21:05:24.190507+00:00,Bitkub,THB,33.395,33.385,-2.99,True,
2026-09-23T21:05:24.190507+00:00,Bithumb,KRW,1370.5,1371.0,3.65,True,
2026-09-23T21:05:24.190507+00:00,Coinone,KRW,1371.5,1371.5,0.0,True,
2026-09-23T21:05:24.190507+00:00,Paribu,TRY,48.8605,48.855,-1.13,True,
2026-09-23T21:05:24.190507+00:00,Pintu,IDR,17807.0,17770.0,-20.78,True,
2026-09-23T21:05:24.190507+00:00,Foxbit,BRL,5.17355,5.1742,1.26,True,
2026-09-23T21:05:24.190507+00:00,MercadoBitcoin,BRL,5.17515,5.1748,-0.68,True,
2026-09-23T22:05:24.809645+00:00,IndependentReserve,SGD,1.27818,1.27819,0.08,True,
2026-09-23T22:05:24.809645+00:00,Coins.ph,PHP,62.725,62.725,-0.0,True,
2026-09-23T22:05:24.809645+00:00,BTCTurk,TRY,48.8455,48.859,2.76,True,
2026-09-23T22:05:24.809645+00:00,Upbit,KRW,1372.0,1372.0,0.0,True,
2026-09-23T22:05:24.809645+00:00,Indodax,IDR,17809.5,17809.0,-0.28,True,
2026-09-23T22:05:24.809645+00:00,Bitkub,THB,33.395,33.385,-2.99,True,
2026-09-23T22:05:24.809645+00:00,Bithumb,KRW,1371.5,1371.0,-3.65,True,
2026-09-23T22:05:24.809645+00:00,Coinone,KRW,1371.5,1371.5,0.0,True,
2026-09-23T22:05:24.809645+00:00,Paribu,TRY,48.8605,48.8615,0.2,True,
2026-09-23T22:05:24.809645+00:00,Pintu,IDR,17813.0,17771.0,-23.58,True,
2026-09-23T22:05:24.809645+00:00,Foxbit,BRL,5.17795,5.17735,-1.16,True,
2026-09-23T22:05:24.809645+00:00,MercadoBitcoin,BRL,5.17755,5.17825,1.35,True,
2026-09-23T23:05:21.389338+00:00,IndependentReserve,SGD,1.27821,1.27829,0.63,True,
2026-09-23T23:05:21.389338+00:00,Coins.ph,PHP,62.725,62.725,-0.0,True,
2026-09-23T23:05:21.389338+00:00,BTCTurk,TRY,48.8425,48.8485,1.23,True,
2026-09-23T23:05:21.389338+00:00,Upbit,KRW,1373.0,1375.0,14.57,True,
2026-09-23T23:05:21.389338+00:00,Indodax,IDR,17809.5,17811.5,1.12,True,
2026-09-23T23:05:21.389338+00:00,Bitkub,THB,33.395,33.405,2.99,True,
2026-09-23T23:05:21.389338+00:00,Bithumb,KRW,1372.5,1373.5,7.29,True,
2026-09-23T23:05:21.389338+00:00,Coinone,KRW,1373.5,1373.5,0.0,True,
2026-09-23T23:05:21.389338+00:00,Paribu,TRY,48.8605,48.8475,-2.66,True,
2026-09-23T23:05:21.389338+00:00,Pintu,IDR,17812.0,17771.0,-23.02,True,
2026-09-23T23:05:21.389338+00:00,Foxbit,BRL,5.17825,5.1796,2.61,True,
2026-09-23T23:05:21.389338+00:00,MercadoBitcoin,BRL,5.179,5.17865,-0.68,True,
2026-09-24T00:05:24.465318+00:00,IndependentReserve,SGD,1.27822,1.27829,0.55,True,
2026-09-24T00:05:24.465318+00:00,Coins.ph,PHP,62.725,62.71,-2.39,True,
2026-09-24T00:05:24.465318+00:00,BTCTurk,TRY,48.8345,48.798,-7.47,True,
2026-09-24T00:05:24.465318+00:00,Upbit,KRW,1371.0,1374.0,21.88,True,
2026-09-24T00:05:24.465318+00:00,Indodax,IDR,17793.5,17805.5,6.74,True,
2026-09-24T00:05:24.465318+00:00,Bitkub,THB,33.425,33.405,-5.98,True,
2026-09-24T00:05:24.465318+00:00,Bithumb,KRW,1371.5,1372.5,7.29,True,
2026-09-24T00:05:24.465318+00:00,Coinone,KRW,1371.5,1371.5,0.0,True,
2026-09-24T00:05:24.465318+00:00,Paribu,TRY,48.8605,48.86,-0.1,True,
2026-09-24T00:05:24.465318+00:00,Pintu,IDR,17810.0,17772.0,-21.34,True,
2026-09-24T00:05:24.465318+00:00,Foxbit,BRL,5.18235,5.18015,-4.25,True,
2026-09-24T00:05:24.465318+00:00,MercadoBitcoin,BRL,5.18045,5.1816,2.22,True,
2026-09-24T01:05:25.223578+00:00,IndependentReserve,SGD,1.27831,1.278355,0.35,True,
2026-09-24T01:05:25.223578+00:00,Coins.ph,PHP,62.745,62.75,0.8,True,
2026-09-24T01:05:25.223578+00:00,BTCTurk,TRY,48.8405,48.7835,-11.67,True,
2026-09-24T01:05:25.223578+00:00,Upbit,KRW,1375.0,1376.0,7.27,True,
2026-09-24T01:05:25.223578+00:00,Indodax,IDR,17809.5,17796.0,-7.58,True,
2026-09-24T01:05:25.223578+00:00,Bitkub,THB,33.445,33.405,-11.96,True,
2026-09-24T01:05:25.223578+00:00,Bithumb,KRW,1374.5,1374.0,-3.64,True,
2026-09-24T01:05:25.223578+00:00,Coinone,KRW,1375.5,1374.5,-7.27,True,
2026-09-24T01:05:25.223578+00:00,Paribu,TRY,48.8605,48.8605,0.0,True,
2026-09-24T01:05:25.223578+00:00,Pintu,IDR,17806.0,17771.0,-19.66,True,
2026-09-24T01:05:25.223578+00:00,Foxbit,BRL,5.19195,5.191,-1.83,True,
2026-09-24T01:05:25.223578+00:00,MercadoBitcoin,BRL,5.18965,5.1908,2.22,True,
2026-09-24T02:05:25.465948+00:00,IndependentReserve,SGD,1.279155,1.27924,0.66,True,
2026-09-24T02:05:25.465948+00:00,Coins.ph,PHP,62.765,62.745,-3.19,True,
2026-09-24T02:05:25.465948+00:00,BTCTurk,TRY,48.837,48.748,-18.22,True,
2026-09-24T02:05:25.465948+00:00,Upbit,KRW,1375.0,1376.0,7.27,True,
2026-09-24T02:05:25.465948+00:00,Indodax,IDR,17814.5,17821.0,3.65,True,
2026-09-24T02:05:25.465948+00:00,Bitkub,THB,33.435,33.41,-7.48,True,
2026-09-24T02:05:25.465948+00:00,Bithumb,KRW,1374.5,1375.0,3.64,True,
2026-09-24T02:05:25.465948+00:00,Coinone,KRW,1374.5,1375.5,7.28,True,
2026-09-24T02:05:25.465948+00:00,Paribu,TRY,48.8605,48.84,-4.2,True,
2026-09-24T02:05:25.465948+00:00,Pintu,IDR,17805.0,17771.0,-19.1,True,
2026-09-24T02:05:25.465948+00:00,Foxbit,BRL,5.18955,5.1905,1.83,True,
2026-09-24T02:05:25.465948+00:00,MercadoBitcoin,BRL,5.18995,5.19085,1.73,True,
2026-09-24T03:05:21.451193+00:00,IndependentReserve,SGD,1.2791,1.280125,8.01,True,
2026-09-24T03:05:21.451193+00:00,Coins.ph,PHP,62.735,62.735,0.0,True,
2026-09-24T03:05:21.451193+00:00,BTCTurk,TRY,48.8425,48.753,-18.32,True,
2026-09-24T03:05:21.451193+00:00,Upbit,KRW,1372.0,1372.0,0.0,True,
2026-09-24T03:05:21.451193+00:00,Indodax,IDR,17819.5,17813.5,-3.37,True,
2026-09-24T03:05:21.451193+00:00,Bitkub,THB,33.385,33.385,0.0,True,
2026-09-24T03:05:21.451193+00:00,Bithumb,KRW,1372.5,1372.5,0.0,True,
2026-09-24T03:05:21.451193+00:00,Coinone,KRW,1372.5,1372.5,0.0,True,
2026-09-24T03:05:21.451193+00:00,Paribu,TRY,48.8605,48.857,-0.72,True,
2026-09-24T03:05:21.451193+00:00,Pintu,IDR,17812.0,17802.0,-5.61,True,
2026-09-24T03:05:21.451193+00:00,Foxbit,BRL,5.19035,5.18925,-2.12,True,
2026-09-24T03:05:21.451193+00:00,MercadoBitcoin,BRL,5.19015,5.1903,0.29,True,
2026-09-24T04:05:22.141288+00:00,IndependentReserve,SGD,1.279205,1.280005,6.25,True,
2026-09-24T04:05:22.141288+00:00,Coins.ph,PHP,62.745,62.74,-0.8,True,
2026-09-24T04:05:22.141288+00:00,BTCTurk,TRY,48.8435,48.751,-18.94,True,
2026-09-24T04:05:22.141288+00:00,Upbit,KRW,1374.0,1374.0,0.0,True,
2026-09-24T04:05:22.141288+00:00,Indodax,IDR,17819.5,17834.5,8.42,True,
2026-09-24T04:05:22.141288+00:00,Bitkub,THB,33.405,33.395,-2.99,True,
2026-09-24T04:05:22.141288+00:00,Bithumb,KRW,1373.5,1374.5,7.28,True,
2026-09-24T04:05:22.141288+00:00,Coinone,KRW,1373.5,1373.5,0.0,True,
2026-09-24T04:05:22.141288+00:00,Paribu,TRY,48.8595,48.8595,0.0,True,
2026-09-24T04:05:22.141288+00:00,Pintu,IDR,17818.0,17802.0,-8.98,True,
2026-09-24T04:05:22.141288+00:00,Foxbit,BRL,5.19125,5.19075,-0.96,True,
2026-09-24T04:05:22.141288+00:00,MercadoBitcoin,BRL,5.19055,5.1915,1.83,True,
2026-09-24T05:05:23.627961+00:00,IndependentReserve,SGD,1.279405,1.27927,-1.06,True,
2026-09-24T05:05:23.627961+00:00,Coins.ph,PHP,62.735,62.735,0.0,True,
2026-09-24T05:05:23.627961+00:00,BTCTurk,TRY,48.8435,48.756,-17.91,True,
2026-09-24T05:05:23.627961+00:00,Upbit,KRW,1371.0,1372.0,7.29,True,
2026-09-24T05:05:23.627961+00:00,Indodax,IDR,17819.5,17818.5,-0.56,True,
2026-09-24T05:05:23.627961+00:00,Bitkub,THB,33.365,33.37,1.5,True,
2026-09-24T05:05:23.627961+00:00,Bithumb,KRW,1371.5,1371.5,0.0,True,
2026-09-24T05:05:23.627961+00:00,Coinone,KRW,1370.5,1370.5,0.0,True,
2026-09-24T05:05:23.627961+00:00,Paribu,TRY,48.8475,48.842,-1.13,True,
2026-09-24T05:05:23.627961+00:00,Pintu,IDR,17818.0,17802.0,-8.98,True,
2026-09-24T05:05:23.627961+00:00,Foxbit,BRL,5.18955,5.1902,1.25,True,
2026-09-24T05:05:23.627961+00:00,MercadoBitcoin,BRL,5.18945,5.19005,1.16,True,
2026-09-24T06:05:22.467517+00:00,IndependentReserve,SGD,1.27902,1.279415,3.09,True,
2026-09-24T06:05:22.467517+00:00,Coins.ph,PHP,62.745,62.74,-0.8,True,
2026-09-24T06:05:22.467517+00:00,BTCTurk,TRY,48.8435,48.7605,-16.99,True,
2026-09-24T06:05:22.467517+00:00,Upbit,KRW,1370.0,1370.0,0.0,True,
2026-09-24T06:05:22.467517+00:00,Indodax,IDR,17819.5,17840.0,11.5,True,
2026-09-24T06:05:22.467517+00:00,Bitkub,THB,33.365,33.375,3.0,True,
2026-09-24T06:05:22.467517+00:00,Bithumb,KRW,1369.5,1369.5,0.0,True,
2026-09-24T06:05:22.467517+00:00,Coinone,KRW,1369.5,1369.5,0.0,True,
2026-09-24T06:05:22.467517+00:00,Paribu,TRY,48.837,48.8065,-6.25,True,
2026-09-24T06:05:22.467517+00:00,Pintu,IDR,17826.0,17801.0,-14.02,True,
2026-09-24T06:05:22.467517+00:00,Foxbit,BRL,5.18725,5.1888,2.99,True,
2026-09-24T06:05:22.467517+00:00,MercadoBitcoin,BRL,5.18725,5.1889,3.18,True,
2026-09-24T07:05:21.834344+00:00,IndependentReserve,SGD,1.279145,1.27968,4.18,True,
2026-09-24T07:05:21.834344+00:00,Coins.ph,PHP,62.75,62.745,-0.8,True,
2026-09-24T07:05:21.834344+00:00,BTCTurk,TRY,48.8425,48.7765,-13.51,True,
2026-09-24T07:05:21.834344+00:00,Upbit,KRW,1371.0,1373.0,14.59,True,
2026-09-24T07:05:21.834344+00:00,Indodax,IDR,17823.5,17838.5,8.42,True,
2026-09-24T07:05:21.834344+00:00,Bitkub,THB,33.405,33.37,-10.48,True,
2026-09-24T07:05:21.834344+00:00,Bithumb,KRW,1370.5,1370.5,0.0,True,
2026-09-24T07:05:21.834344+00:00,Coinone,KRW,1370.5,1371.5,7.3,True,
2026-09-24T07:05:21.834344+00:00,Paribu,TRY,48.844,48.8065,-7.68,True,
2026-09-24T07:05:21.834344+00:00,Pintu,IDR,17872.0,17862.0,-5.6,True,
2026-09-24T07:05:21.834344+00:00,Foxbit,BRL,5.18715,5.1889,3.37,True,
2026-09-24T07:05:21.834344+00:00,MercadoBitcoin,BRL,5.18635,5.1884,3.95,True,
2026-09-24T08:05:26.062668+00:00,IndependentReserve,SGD,1.27914,1.279805,5.2,True,
2026-09-24T08:05:26.062668+00:00,Coins.ph,PHP,62.735,62.735,0.0,True,
2026-09-24T08:05:26.062668+00:00,BTCTurk,TRY,48.834,48.809,-5.12,True,
2026-09-24T08:05:26.062668+00:00,Upbit,KRW,1369.0,1370.0,7.3,True,
2026-09-24T08:05:26.062668+00:00,Indodax,IDR,17824.5,17839.0,8.13,True,
2026-09-24T08:05:26.062668+00:00,Bitkub,THB,33.405,33.385,-5.99,True,
2026-09-24T08:05:26.062668+00:00,Bithumb,KRW,1368.5,1369.5,7.31,True,
2026-09-24T08:05:26.062668+00:00,Coinone,KRW,1368.5,1368.5,0.0,True,
2026-09-24T08:05:26.062668+00:00,Paribu,TRY,48.8385,48.837,-0.31,True,
2026-09-24T08:05:26.062668+00:00,Pintu,IDR,17883.0,17862.0,-11.74,True,
2026-09-24T08:05:26.062668+00:00,Foxbit,BRL,5.18465,5.1861,2.8,True,
2026-09-24T08:05:26.062668+00:00,MercadoBitcoin,BRL,5.18395,5.18585,3.67,True,
2026-09-24T09:05:26.777013+00:00,IndependentReserve,SGD,1.279275,1.280135,6.72,True,
2026-09-24T09:05:26.777013+00:00,Coins.ph,PHP,62.775,62.77,-0.8,True,
2026-09-24T09:05:26.777013+00:00,BTCTurk,TRY,48.8305,48.8015,-5.94,True,
2026-09-24T09:05:26.777013+00:00,Upbit,KRW,1374.0,1372.0,-14.56,True,
2026-09-24T09:05:26.777013+00:00,Indodax,IDR,17849.5,17852.5,1.68,True,
2026-09-24T09:05:26.777013+00:00,Bitkub,THB,33.435,33.415,-5.98,True,
2026-09-24T09:05:26.777013+00:00,Bithumb,KRW,1373.5,1374.5,7.28,True,
2026-09-24T09:05:26.777013+00:00,Coinone,KRW,1373.5,1373.5,0.0,True,
2026-09-24T09:05:26.777013+00:00,Paribu,TRY,48.8215,48.8015,-4.1,True,
2026-09-24T09:05:26.777013+00:00,Pintu,IDR,17891.0,17864.0,-15.09,True,
2026-09-24T09:05:26.777013+00:00,Foxbit,BRL,5.18435,5.1879,6.85,True,
2026-09-24T09:05:26.777013+00:00,MercadoBitcoin,BRL,5.18555,5.18655,1.93,True,
2026-09-24T10:05:28.747504+00:00,IndependentReserve,SGD,1.279535,1.28039,6.68,True,
2026-09-24T10:05:28.747504+00:00,Coins.ph,PHP,62.755,62.745,-1.59,True,
2026-09-24T10:05:28.747504+00:00,BTCTurk,TRY,48.8305,48.7885,-8.6,True,
2026-09-24T10:05:28.747504+00:00,Upbit,KRW,1376.0,1375.0,-7.27,True,
2026-09-24T10:05:28.747504+00:00,Indodax,IDR,17883.5,17925.0,23.21,True,
2026-09-24T10:05:28.747504+00:00,Bitkub,THB,33.435,33.41,-7.48,True,
2026-09-24T10:05:28.747504+00:00,Bithumb,KRW,1374.5,1374.5,0.0,True,
2026-09-24T10:05:28.747504+00:00,Coinone,KRW,1374.5,1375.5,7.28,True,
2026-09-24T10:05:28.747504+00:00,Paribu,TRY,48.8225,48.84,3.58,True,
2026-09-24T10:05:28.747504+00:00,Pintu,IDR,17843.0,17863.0,11.21,True,
2026-09-24T10:05:28.747504+00:00,Foxbit,BRL,5.18685,5.1887,3.57,True,
2026-09-24T10:05:28.747504+00:00,MercadoBitcoin,BRL,5.18845,5.18815,-0.58,True,
2026-09-24T11:06:01.076372+00:00,IndependentReserve,SGD,1.27926,1.280145,6.92,True,
2026-09-24T11:06:01.076372+00:00,Coins.ph,PHP,62.755,62.745,-1.59,True,
2026-09-24T11:06:01.076372+00:00,BTCTurk,TRY,48.8305,48.782,-9.93,True,
2026-09-24T11:06:01.076372+00:00,Upbit,KRW,1373.0,1377.0,29.13,True,
2026-09-24T11:06:01.076372+00:00,Indodax,IDR,17899.5,17903.0,1.96,True,
2026-09-24T11:06:01.076372+00:00,Bitkub,THB,33.395,33.415,5.99,True,
2026-09-24T11:06:01.076372+00:00,Bithumb,KRW,1374.5,1375.5,7.28,True,
2026-09-24T11:06:01.076372+00:00,Coinone,KRW,1374.5,1374.5,0.0,True,
2026-09-24T11:06:01.076372+00:00,Paribu,TRY,48.8295,48.847,3.58,True,
2026-09-24T11:06:01.076372+00:00,Pintu,IDR,17879.0,17863.0,-8.95,True,
2026-09-24T11:06:01.076372+00:00,Foxbit,BRL,5.18765,5.1903,5.11,True,
2026-09-24T11:06:01.076372+00:00,MercadoBitcoin,BRL,5.18915,5.1911,3.76,True,
2026-09-24T12:05:27.223252+00:00,IndependentReserve,SGD,1.27975,1.28006,2.42,True,
2026-09-24T12:05:27.223252+00:00,Coins.ph,PHP,62.745,62.745,0.0,True,
2026-09-24T12:05:27.223252+00:00,BTCTurk,TRY,48.8335,48.8415,1.64,True,
2026-09-24T12:05:27.223252+00:00,Upbit,KRW,1375.0,1374.0,-7.27,True,
2026-09-24T12:05:27.223252+00:00,Indodax,IDR,17904.5,17900.5,-2.23,True,
2026-09-24T12:05:27.223252+00:00,Bitkub,THB,33.415,33.41,-1.5,True,
2026-09-24T12:05:27.223252+00:00,Bithumb,KRW,1373.5,1374.0,3.64,True,
2026-09-24T12:05:27.223252+00:00,Coinone,KRW,1373.5,1373.5,0.0,True,
2026-09-24T12:05:27.223252+00:00,Paribu,TRY,48.8325,48.8055,-5.53,True,
2026-09-24T12:05:27.223252+00:00,Pintu,IDR,17907.0,17864.0,-24.01,True,
2026-09-24T12:05:27.223252+00:00,Foxbit,BRL,5.19105,5.19275,3.27,True,
2026-09-24T12:05:27.223252+00:00,MercadoBitcoin,BRL,5.19115,5.19335,4.24,True,
2026-09-24T13:05:23.534289+00:00,IndependentReserve,SGD,1.279775,1.28003,1.99,True,
2026-09-24T13:05:23.534289+00:00,Coins.ph,PHP,62.695,62.7,0.8,True,
2026-09-24T13:05:23.534289+00:00,BTCTurk,TRY,48.8355,48.782,-10.96,True,
2026-09-24T13:05:23.534289+00:00,Upbit,KRW,1371.0,1372.0,7.29,True,
2026-09-24T13:05:23.534289+00:00,Indodax,IDR,17903.5,17894.0,-5.31,True,
2026-09-24T13:05:23.534289+00:00,Bitkub,THB,33.385,33.375,-3.0,True,
2026-09-24T13:05:23.534289+00:00,Bithumb,KRW,1371.5,1372.5,7.29,True,
2026-09-24T13:05:23.534289+00:00,Coinone,KRW,1371.5,1372.5,7.29,True,
2026-09-24T13:05:23.534289+00:00,Paribu,TRY,48.8515,48.8205,-6.35,True,
2026-09-24T13:05:23.534289+00:00,Pintu,IDR,17904.0,17863.0,-22.9,True,
2026-09-24T13:05:23.534289+00:00,Foxbit,BRL,5.17765,5.178,0.68,True,
2026-09-24T13:05:23.534289+00:00,MercadoBitcoin,BRL,5.17745,5.1784,1.83,True,
2026-09-24T14:05:24.697269+00:00,IndependentReserve,SGD,1.27976,1.27998,1.72,True,
2026-09-24T14:05:24.697269+00:00,Coins.ph,PHP,62.735,62.74,0.8,True,
2026-09-24T14:05:24.697269+00:00,BTCTurk,TRY,48.85,48.8235,-5.42,True,
2026-09-24T14:05:24.697269+00:00,Upbit,KRW,1369.0,1370.0,7.3,True,
2026-09-24T14:05:24.697269+00:00,Indodax,IDR,17919.5,17923.5,2.23,True,
2026-09-24T14:05:24.697269+00:00,Bitkub,THB,33.385,33.375,-3.0,True,
2026-09-24T14:05:24.697269+00:00,Bithumb,KRW,1368.5,1369.0,3.65,True,
2026-09-24T14:05:24.697269+00:00,Coinone,KRW,1368.5,1368.5,0.0,True,
2026-09-24T14:05:24.697269+00:00,Paribu,TRY,48.8385,48.857,3.79,True,
2026-09-24T14:05:24.697269+00:00,Pintu,IDR,17868.0,17864.0,-2.24,True,
2026-09-24T14:05:24.697269+00:00,Foxbit,BRL,5.17695,5.17645,-0.97,True,
2026-09-24T14:05:24.697269+00:00,MercadoBitcoin,BRL,5.17615,5.1768,1.26,True,
2026-09-24T15:05:24.608851+00:00,IndependentReserve,SGD,1.280145,1.28047,2.54,True,
2026-09-24T15:05:24.608851+00:00,Coins.ph,PHP,62.75,62.77,3.19,True,
2026-09-24T15:05:24.608851+00:00,BTCTurk,TRY,48.853,48.787,-13.51,True,
2026-09-24T15:05:24.608851+00:00,Upbit,KRW,1366.0,1366.0,0.0,True,
2026-09-24T15:05:24.608851+00:00,Indodax,IDR,17919.5,17909.5,-5.58,True,
2026-09-24T15:05:24.608851+00:00,Bitkub,THB,33.445,33.42,-7.47,True,
2026-09-24T15:05:24.608851+00:00,Bithumb,KRW,1366.5,1367.0,3.66,True,
2026-09-24T15:05:24.608851+00:00,Coinone,KRW,1366.5,1366.5,0.0,True,
2026-09-24T15:05:24.608851+00:00,Paribu,TRY,48.8405,48.826,-2.97,True,
2026-09-24T15:05:24.608851+00:00,Pintu,IDR,17863.0,17865.0,1.12,True,
2026-09-24T15:05:24.608851+00:00,Foxbit,BRL,5.19165,5.19545,7.32,True,
2026-09-24T15:05:24.608851+00:00,MercadoBitcoin,BRL,5.19335,5.19485,2.89,True,
2026-09-24T16:05:28.621247+00:00,IndependentReserve,SGD,1.28012,1.280425,2.38,True,
2026-09-24T16:05:28.621247+00:00,Coins.ph,PHP,62.815,62.83,2.39,True,
2026-09-24T16:05:28.621247+00:00,BTCTurk,TRY,48.853,48.7765,-15.66,True,
2026-09-24T16:05:28.621247+00:00,Upbit,KRW,1365.0,1365.0,0.0,True,
2026-09-24T16:05:28.621247+00:00,Indodax,IDR,17920.5,17941.0,11.44,True,
2026-09-24T16:05:28.621247+00:00,Bitkub,THB,33.465,33.445,-5.98,True,
2026-09-24T16:05:28.621247+00:00,Bithumb,KRW,1365.5,1365.5,0.0,True,
2026-09-24T16:05:28.621247+00:00,Coinone,KRW,1364.5,1365.5,7.33,True,
2026-09-24T16:05:28.621247+00:00,Paribu,TRY,48.8405,48.841,0.1,True,
2026-09-24T16:05:28.621247+00:00,Pintu,IDR,17876.0,17864.0,-6.71,True,
2026-09-24T16:05:28.621247+00:00,Foxbit,BRL,5.20025,5.2002,-0.1,True,
2026-09-24T16:05:28.621247+00:00,MercadoBitcoin,BRL,5.20125,5.2006,-1.25,True,
2026-09-24T17:05:25.384609+00:00,IndependentReserve,SGD,1.27904,1.279365,2.54,True,
2026-09-24T17:05:25.384609+00:00,Coins.ph,PHP,62.74,62.745,0.8,True,
2026-09-24T17:05:25.384609+00:00,BTCTurk,TRY,48.8585,48.864,1.13,True,
2026-09-24T17:05:25.384609+00:00,Upbit,KRW,1361.0,1362.0,7.35,True,
2026-09-24T17:05:25.384609+00:00,Indodax,IDR,17920.5,17923.0,1.4,True,
2026-09-24T17:05:25.384609+00:00,Bitkub,THB,33.395,33.405,2.99,True,
2026-09-24T17:05:25.384609+00:00,Bithumb,KRW,1361.5,1361.5,0.0,True,
2026-09-24T17:05:25.384609+00:00,Coinone,KRW,1361.5,1362.0,3.67,True,
2026-09-24T17:05:25.384609+00:00,Paribu,TRY,48.8405,48.836,-0.92,True,
2026-09-24T17:05:25.384609+00:00,Pintu,IDR,17930.0,17865.0,-36.25,True,
2026-09-24T17:05:25.384609+00:00,Foxbit,BRL,5.19105,5.1903,-1.44,True,
2026-09-24T17:05:25.384609+00:00,MercadoBitcoin,BRL,5.19045,5.19145,1.93,True,
2026-09-24T18:05:27.235925+00:00,IndependentReserve,SGD,1.279,1.279185,1.45,True,
2026-09-24T18:05:27.235925+00:00,Coins.ph,PHP,62.745,62.77,3.98,True,
2026-09-24T18:05:27.235925+00:00,BTCTurk,TRY,48.8605,48.8585,-0.41,True,
2026-09-24T18:05:27.235925+00:00,Upbit,KRW,1362.0,1363.0,7.34,True,
2026-09-24T18:05:27.235925+00:00,Indodax,IDR,17939.5,17929.5,-5.57,True,
2026-09-24T18:05:27.235925+00:00,Bitkub,THB,33.46,33.435,-7.47,True,
2026-09-24T18:05:27.235925+00:00,Bithumb,KRW,1362.5,1363.5,7.34,True,
2026-09-24T18:05:27.235925+00:00,Coinone,KRW,1362.5,1363.5,7.34,True,
2026-09-24T18:05:27.235925+00:00,Paribu,TRY,48.8415,48.8195,-4.5,True,
2026-09-24T18:05:27.235925+00:00,Pintu,IDR,17899.0,17865.0,-19.0,True,
2026-09-24T18:05:27.235925+00:00,Foxbit,BRL,5.20535,5.20505,-0.58,True,
2026-09-24T18:05:27.235925+00:00,MercadoBitcoin,BRL,5.20325,5.2055,4.32,True,
2026-09-24T19:05:21.972491+00:00,IndependentReserve,SGD,1.279,1.27918,1.41,True,
2026-09-24T19:05:21.972491+00:00,Coins.ph,PHP,62.76,62.77,1.59,True,
2026-09-24T19:05:21.972491+00:00,BTCTurk,TRY,48.8605,48.8505,-2.05,True,
2026-09-24T19:05:21.972491+00:00,Upbit,KRW,1362.0,1364.0,14.68,True,
2026-09-24T19:05:21.972491+00:00,Indodax,IDR,17938.5,17930.0,-4.74,True,
2026-09-24T19:05:21.972491+00:00,Bitkub,THB,33.435,33.435,0.0,True,
2026-09-24T19:05:21.972491+00:00,Bithumb,KRW,1362.5,1363.0,3.67,True,
2026-09-24T19:05:21.972491+00:00,Coinone,KRW,1362.5,1363.5,7.34,True,
2026-09-24T19:05:21.972491+00:00,Paribu,TRY,48.8495,48.8045,-9.21,True,
2026-09-24T19:05:21.972491+00:00,Pintu,IDR,17893.0,17864.0,-16.21,True,
2026-09-24T19:05:21.972491+00:00,Foxbit,BRL,5.19495,5.19785,5.58,True,
2026-09-24T19:05:21.972491+00:00,MercadoBitcoin,BRL,5.19675,5.19715,0.77,True,
2026-09-24T20:05:28.870118+00:00,IndependentReserve,SGD,1.279,1.27921,1.64,True,
2026-09-24T20:05:28.870118+00:00,Coins.ph,PHP,62.745,62.77,3.98,True,
2026-09-24T20:05:28.870118+00:00,BTCTurk,TRY,48.8555,48.819,-7.47,True,
2026-09-24T20:05:28.870118+00:00,Upbit,KRW,1360.0,1361.0,7.35,True,
2026-09-24T20:05:28.870118+00:00,Indodax,IDR,17933.5,17926.0,-4.18,True,
2026-09-24T20:05:28.870118+00:00,Bitkub,THB,33.435,33.445,2.99,True,
2026-09-24T20:05:28.870118+00:00,Bithumb,KRW,1360.5,1361.0,3.68,True,
2026-09-24T20:05:28.870118+00:00,Coinone,KRW,1359.5,1361.0,11.03,True,
2026-09-24T20:05:28.870118+00:00,Paribu,TRY,48.8495,48.815,-7.06,True,
2026-09-24T20:05:28.870118+00:00,Pintu,IDR,17876.0,17865.0,-6.15,True,
2026-09-24T20:05:28.870118+00:00,Foxbit,BRL,5.19795,5.19745,-0.96,True,
2026-09-24T20:05:28.870118+00:00,MercadoBitcoin,BRL,5.19845,5.19935,1.73,True,
2026-09-24T21:05:24.326829+00:00,IndependentReserve,SGD,1.279045,1.279215,1.33,True,
2026-09-24T21:05:24.326829+00:00,Coins.ph,PHP,62.735,62.74,0.8,True,
2026-09-24T21:05:24.326829+00:00,BTCTurk,TRY,48.85,48.818,-6.55,True,
2026-09-24T21:05:24.326829+00:00,Upbit,KRW,1361.0,1360.0,-7.35,True,
2026-09-24T21:05:24.326829+00:00,Indodax,IDR,17934.5,17936.5,1.12,True,
2026-09-24T21:05:24.326829+00:00,Bitkub,THB,33.445,33.445,0.0,True,
2026-09-24T21:05:24.326829+00:00,Bithumb,KRW,1361.5,1361.0,-3.67,True,
2026-09-24T21:05:24.326829+00:00,Coinone,KRW,1361.5,1361.5,0.0,True,
2026-09-24T21:05:24.326829+00:00,Paribu,TRY,48.8495,48.8615,2.46,True,
2026-09-24T21:05:24.326829+00:00,Pintu,IDR,17884.0,17863.0,-11.74,True,
2026-09-24T21:05:24.326829+00:00,Foxbit,BRL,5.20235,5.202,-0.67,True,
2026-09-24T21:05:24.326829+00:00,MercadoBitcoin,BRL,5.20155,5.20305,2.88,True,
2026-09-24T22:05:29.675690+00:00,IndependentReserve,SGD,1.279075,1.279205,1.02,True,
2026-09-24T22:05:29.675690+00:00,Coins.ph,PHP,62.735,62.74,0.8,True,
2026-09-24T22:05:29.675690+00:00,BTCTurk,TRY,48.8205,48.78,-8.3,True,
2026-09-24T22:05:29.675690+00:00,Upbit,KRW,1361.0,1361.0,0.0,True,
2026-09-24T22:05:29.675690+00:00,Indodax,IDR,17934.5,17926.5,-4.46,True,
2026-09-24T22:05:29.675690+00:00,Bitkub,THB,33.445,33.445,0.0,True,
2026-09-24T22:05:29.675690+00:00,Bithumb,KRW,1361.5,1361.5,0.0,True,
2026-09-24T22:05:29.675690+00:00,Coinone,KRW,1360.5,1361.5,7.35,True,
2026-09-24T22:05:29.675690+00:00,Paribu,TRY,48.8365,48.8575,4.3,True,
2026-09-24T22:05:29.675690+00:00,Pintu,IDR,17799.0,17863.0,35.96,True,
2026-09-24T22:05:29.675690+00:00,Foxbit,BRL,5.20465,5.20465,0.0,True,
2026-09-24T22:05:29.675690+00:00,MercadoBitcoin,BRL,5.20355,5.20395,0.77,True,
2026-09-24T23:05:23.704790+00:00,IndependentReserve,SGD,1.279055,1.279205,1.17,True,
2026-09-24T23:05:23.704790+00:00,Coins.ph,PHP,62.73,62.74,1.59,True,
2026-09-24T23:05:23.704790+00:00,BTCTurk,TRY,48.8555,48.7795,-15.56,True,
2026-09-24T23:05:23.704790+00:00,Upbit,KRW,1364.0,1364.0,0.0,True,
2026-09-24T23:05:23.704790+00:00,Indodax,IDR,17934.5,17933.0,-0.84,True,
2026-09-24T23:05:23.704790+00:00,Bitkub,THB,33.425,33.425,0.0,True,
2026-09-24T23:05:23.704790+00:00,Bithumb,KRW,1363.5,1363.5,0.0,True,
2026-09-24T23:05:23.704790+00:00,Coinone,KRW,1363.5,1363.5,0.0,True,
2026-09-24T23:05:23.704790+00:00,Paribu,TRY,48.8365,48.8415,1.02,True,
2026-09-24T23:05:23.704790+00:00,Pintu,IDR,17885.0,17864.0,-11.74,True,
2026-09-24T23:05:23.704790+00:00,Foxbit,BRL,5.20615,5.2069,1.44,True,
2026-09-24T23:05:23.704790+00:00,MercadoBitcoin,BRL,5.20625,5.20725,1.92,True,
2026-09-25T00:05:23.666984+00:00,IndependentReserve,SGD,1.2795,1.27958,0.63,True,
2026-09-25T00:05:23.666984+00:00,Coins.ph,PHP,62.74,62.745,0.8,True,
2026-09-25T00:05:23.666984+00:00,BTCTurk,TRY,48.8585,48.854,-0.92,True,
2026-09-25T00:05:23.666984+00:00,Upbit,KRW,1364.0,1363.0,-7.33,True,
2026-09-25T00:05:23.666984+00:00,Indodax,IDR,17916.5,17917.5,0.56,True,
2026-09-25T00:05:23.666984+00:00,Bitkub,THB,33.445,33.435,-2.99,True,
2026-09-25T00:05:23.666984+00:00,Bithumb,KRW,1363.5,1363.5,0.0,True,
2026-09-25T00:05:23.666984+00:00,Coinone,KRW,1363.5,1363.5,0.0,True,
2026-09-25T00:05:23.666984+00:00,Paribu,TRY,48.8365,48.8445,1.64,True,
2026-09-25T00:05:23.666984+00:00,Pintu,IDR,17787.0,17864.0,43.29,True,
2026-09-25T00:05:23.666984+00:00,Foxbit,BRL,5.20635,5.20835,3.84,True,
2026-09-25T00:05:23.666984+00:00,MercadoBitcoin,BRL,5.20555,5.20845,5.57,True,
2026-09-25T01:05:27.630087+00:00,IndependentReserve,SGD,1.279945,1.280435,3.83,True,
2026-09-25T01:05:27.630087+00:00,Coins.ph,PHP,62.745,62.765,3.19,True,
2026-09-25T01:05:27.630087+00:00,BTCTurk,TRY,48.8245,48.854,6.04,True,
2026-09-25T01:05:27.630087+00:00,Upbit,KRW,1363.0,1365.0,14.67,True,
2026-09-25T01:05:27.630087+00:00,Indodax,IDR,17903.5,17924.5,11.73,True,
2026-09-25T01:05:27.630087+00:00,Bitkub,THB,33.455,33.44,-4.48,True,
2026-09-25T01:05:27.630087+00:00,Bithumb,KRW,1362.5,1364.5,14.68,True,
2026-09-25T01:05:27.630087+00:00,Coinone,KRW,1363.5,1363.5,0.0,True,
2026-09-25T01:05:27.630087+00:00,Paribu,TRY,48.8365,48.8275,-1.84,True,
2026-09-25T01:05:27.630087+00:00,Pintu,IDR,17903.0,17864.0,-21.78,True,
2026-09-25T01:05:27.630087+00:00,Foxbit,BRL,5.20715,5.2085,2.59,True,
2026-09-25T01:05:27.630087+00:00,MercadoBitcoin,BRL,5.20615,5.20885,5.19,True,
2026-09-25T02:05:24.195251+00:00,IndependentReserve,SGD,1.27992,1.27989,-0.23,True,
2026-09-25T02:05:24.195251+00:00,Coins.ph,PHP,62.705,62.715,1.59,True,
2026-09-25T02:05:24.195251+00:00,BTCTurk,TRY,48.852,48.8545,0.51,True,
2026-09-25T02:05:24.195251+00:00,Upbit,KRW,1362.0,1365.0,22.03,True,
2026-09-25T02:05:24.195251+00:00,Indodax,IDR,17928.5,17925.0,-1.95,True,
2026-09-25T02:05:24.195251+00:00,Bitkub,THB,33.415,33.425,2.99,True,
2026-09-25T02:05:24.195251+00:00,Bithumb,KRW,1362.5,1363.0,3.67,True,
2026-09-25T02:05:24.195251+00:00,Coinone,KRW,1361.5,1362.5,7.34,True,
2026-09-25T02:05:24.195251+00:00,Paribu,TRY,48.8365,48.8125,-4.91,True,
2026-09-25T02:05:24.195251+00:00,Pintu,IDR,17902.0,17903.0,0.56,True,
2026-09-25T02:05:24.195251+00:00,Foxbit,BRL,5.2055,5.2081,4.99,True,
2026-09-25T02:05:24.195251+00:00,MercadoBitcoin,BRL,5.20445,5.20815,7.11,True,
2026-09-25T03:05:25.281732+00:00,IndependentReserve,SGD,1.27957,1.27983,2.03,True,
2026-09-25T03:05:25.281732+00:00,Coins.ph,PHP,62.665,62.665,0.0,True,
2026-09-25T03:05:25.281732+00:00,BTCTurk,TRY,48.8595,48.854,-1.13,True,
2026-09-25T03:05:25.281732+00:00,Upbit,KRW,1363.0,1365.0,14.67,True,
2026-09-25T03:05:25.281732+00:00,Indodax,IDR,17926.5,17933.5,3.9,True,
2026-09-25T03:05:25.281732+00:00,Bitkub,THB,33.435,33.435,0.0,True,
2026-09-25T03:05:25.281732+00:00,Bithumb,KRW,1363.5,1363.5,0.0,True,
2026-09-25T03:05:25.281732+00:00,Coinone,KRW,1363.5,1363.5,0.0,True,
2026-09-25T03:05:25.281732+00:00,Paribu,TRY,48.8365,48.8385,0.41,True,
2026-09-25T03:05:25.281732+00:00,Pintu,IDR,17906.0,17924.0,10.05,True,
2026-09-25T03:05:25.281732+00:00,Foxbit,BRL,5.20675,5.2091,4.51,True,
2026-09-25T03:05:25.281732+00:00,MercadoBitcoin,BRL,5.20495,5.2079,5.67,True,
2026-09-25T04:05:28.978681+00:00,IndependentReserve,SGD,1.279455,1.27965,1.52,True,
2026-09-25T04:05:28.978681+00:00,Coins.ph,PHP,62.595,62.595,0.0,True,
2026-09-25T04:05:28.978681+00:00,BTCTurk,TRY,48.8605,48.7785,-16.78,True,
2026-09-25T04:05:28.978681+00:00,Upbit,KRW,1365.0,1365.0,0.0,True,
2026-09-25T04:05:28.978681+00:00,Indodax,IDR,17928.5,17921.0,-4.18,True,
2026-09-25T04:05:28.978681+00:00,Bitkub,THB,33.445,33.435,-2.99,True,
2026-09-25T04:05:28.978681+00:00,Bithumb,KRW,1364.5,1364.5,0.0,True,
2026-09-25T04:05:28.978681+00:00,Coinone,KRW,1364.5,1365.5,7.33,True,
2026-09-25T04:05:28.978681+00:00,Paribu,TRY,48.8365,48.838,0.31,True,
2026-09-25T04:05:28.978681+00:00,Pintu,IDR,17904.0,17924.0,11.17,True,
2026-09-25T04:05:28.978681+00:00,Foxbit,BRL,5.20675,5.2077,1.82,True,
2026-09-25T04:05:28.978681+00:00,MercadoBitcoin,BRL,5.20625,5.20705,1.54,True,
2026-09-25T05:05:25.776657+00:00,IndependentReserve,SGD,1.279275,1.27958,2.38,True,
2026-09-25T05:05:25.776657+00:00,Coins.ph,PHP,62.595,62.595,0.0,True,
2026-09-25T05:05:25.776657+00:00,BTCTurk,TRY,48.8605,48.775,-17.5,True,
2026-09-25T05:05:25.776657+00:00,Upbit,KRW,1364.0,1366.0,14.66,True,
2026-09-25T05:05:25.776657+00:00,Indodax,IDR,17924.5,17937.0,6.97,True,
2026-09-25T05:05:25.776657+00:00,Bitkub,THB,33.435,33.43,-1.5,True,
2026-09-25T05:05:25.776657+00:00,Bithumb,KRW,1364.5,1364.5,0.0,True,
2026-09-25T05:05:25.776657+00:00,Coinone,KRW,1364.5,1364.5,0.0,True,
2026-09-25T05:05:25.776657+00:00,Paribu,TRY,48.8355,48.849,2.76,True,
2026-09-25T05:05:25.776657+00:00,Pintu,IDR,17886.0,17923.0,20.69,True,
2026-09-25T05:05:25.776657+00:00,Foxbit,BRL,5.20665,5.20835,3.27,True,
2026-09-25T05:05:25.776657+00:00,MercadoBitcoin,BRL,5.20855,5.20815,-0.77,True,
2026-09-25T06:05:26.308561+00:00,IndependentReserve,SGD,1.279195,1.279205,0.08,True,
2026-09-25T06:05:26.308561+00:00,Coins.ph,PHP,62.615,62.615,-0.0,True,
2026-09-25T06:05:26.308561+00:00,BTCTurk,TRY,48.8355,48.7745,-12.49,True,
2026-09-25T06:05:26.308561+00:00,Upbit,KRW,1365.0,1364.0,-7.33,True,
2026-09-25T06:05:26.308561+00:00,Indodax,IDR,17880.5,17897.5,9.51,True,
2026-09-25T06:05:26.308561+00:00,Bitkub,THB,33.425,33.425,0.0,True,
2026-09-25T06:05:26.308561+00:00,Bithumb,KRW,1365.5,1365.0,-3.66,True,
2026-09-25T06:05:26.308561+00:00,Coinone,KRW,1365.5,1366.5,7.32,True,
2026-09-25T06:05:26.308561+00:00,Paribu,TRY,48.8355,48.8365,0.2,True,
2026-09-25T06:05:26.308561+00:00,Pintu,IDR,17877.0,17921.0,24.61,True,
2026-09-25T06:05:26.308561+00:00,Foxbit,BRL,5.2037,5.20535,3.17,True,
2026-09-25T06:05:26.308561+00:00,MercadoBitcoin,BRL,5.20455,5.20665,4.03,True,
2026-09-25T07:05:25.030512+00:00,IndependentReserve,SGD,1.27905,1.27906,0.08,True,
2026-09-25T07:05:25.030512+00:00,Coins.ph,PHP,62.555,62.555,0.0,True,
2026-09-25T07:05:25.030512+00:00,BTCTurk,TRY,48.85,48.8295,-4.2,True,
2026-09-25T07:05:25.030512+00:00,Upbit,KRW,1365.0,1366.0,7.33,True,
2026-09-25T07:05:25.030512+00:00,Indodax,IDR,17880.5,17884.0,1.96,True,
2026-09-25T07:05:25.030512+00:00,Bitkub,THB,33.405,33.395,-2.99,True,
2026-09-25T07:05:25.030512+00:00,Bithumb,KRW,1363.5,1365.5,14.67,True,
2026-09-25T07:05:25.030512+00:00,Coinone,KRW,1364.5,1365.5,7.33,True,
2026-09-25T07:05:25.030512+00:00,Paribu,TRY,48.8365,48.8055,-6.35,True,
2026-09-25T07:05:25.030512+00:00,Pintu,IDR,17889.0,17921.0,17.89,True,
2026-09-25T07:05:25.030512+00:00,Foxbit,BRL,5.20015,5.2004,0.48,True,
2026-09-25T07:05:25.030512+00:00,MercadoBitcoin,BRL,5.20045,5.2008,0.67,True,
2026-09-25T08:05:22.526473+00:00,IndependentReserve,SGD,1.27871,1.27905,2.66,True,
2026-09-25T08:05:22.526473+00:00,Coins.ph,PHP,62.495,62.495,0.0,True,
2026-09-25T08:05:22.526473+00:00,BTCTurk,TRY,48.851,48.8575,1.33,True,
2026-09-25T08:05:22.526473+00:00,Upbit,KRW,1363.0,1363.0,0.0,True,
2026-09-25T08:05:22.526473+00:00,Indodax,IDR,17819.5,17832.0,7.01,True,
2026-09-25T08:05:22.526473+00:00,Bitkub,THB,33.385,33.395,3.0,True,
2026-09-25T08:05:22.526473+00:00,Bithumb,KRW,1364.5,1364.5,0.0,True,
2026-09-25T08:05:22.526473+00:00,Coinone,KRW,1363.5,1364.5,7.33,True,
2026-09-25T08:05:22.526473+00:00,Paribu,TRY,48.8385,48.881,8.7,True,
2026-09-25T08:05:22.526473+00:00,Pintu,IDR,17867.0,17882.0,8.4,True,
2026-09-25T08:05:22.526473+00:00,Foxbit,BRL,5.19735,5.19645,-1.73,True,
2026-09-25T08:05:22.526473+00:00,MercadoBitcoin,BRL,5.19545,5.19655,2.12,True,
2026-09-25T09:05:22.146219+00:00,IndependentReserve,SGD,1.27849,1.27851,0.16,True,
2026-09-25T09:05:22.146219+00:00,Coins.ph,PHP,62.535,62.525,-1.6,True,
2026-09-25T09:05:22.146219+00:00,BTCTurk,TRY,48.847,48.778,-14.13,True,
2026-09-25T09:05:22.146219+00:00,Upbit,KRW,1361.0,1361.0,0.0,True,
2026-09-25T09:05:22.146219+00:00,Indodax,IDR,17792.0,17792.5,0.28,True,
2026-09-25T09:05:22.146219+00:00,Bitkub,THB,33.335,33.33,-1.5,True,
2026-09-25T09:05:22.146219+00:00,Bithumb,KRW,1361.5,1361.5,0.0,True,
2026-09-25T09:05:22.146219+00:00,Coinone,KRW,1361.5,1361.5,0.0,True,
2026-09-25T09:05:22.146219+00:00,Paribu,TRY,48.8335,48.8715,7.78,True,
2026-09-25T09:05:22.146219+00:00,Pintu,IDR,17864.0,17882.0,10.08,True,
2026-09-25T09:05:22.146219+00:00,Foxbit,BRL,5.19165,5.1921,0.87,True,
2026-09-25T09:05:22.146219+00:00,MercadoBitcoin,BRL,5.19215,5.19225,0.19,True,
2026-09-25T10:05:27.698272+00:00,IndependentReserve,SGD,1.277865,1.278325,3.6,True,
2026-09-25T10:05:27.698272+00:00,Coins.ph,PHP,62.545,62.535,-1.6,True,
2026-09-25T10:05:27.698272+00:00,BTCTurk,TRY,48.8385,48.7275,-22.73,True,
2026-09-25T10:05:27.698272+00:00,Upbit,KRW,1358.0,1360.0,14.73,True,
2026-09-25T10:05:27.698272+00:00,Indodax,IDR,17806.5,17810.0,1.97,True,
2026-09-25T10:05:27.698272+00:00,Bitkub,THB,33.325,33.33,1.5,True,
2026-09-25T10:05:27.698272+00:00,Bithumb,KRW,1359.5,1359.0,-3.68,True,
2026-09-25T10:05:27.698272+00:00,Coinone,KRW,1359.5,1359.5,0.0,True,
2026-09-25T10:05:27.698272+00:00,Paribu,TRY,48.8255,48.868,8.7,True,
2026-09-25T10:05:27.698272+00:00,Pintu,IDR,17866.0,17882.0,8.96,True,
2026-09-25T10:05:27.698272+00:00,Foxbit,BRL,5.19065,5.1911,0.87,True,
2026-09-25T10:05:27.698272+00:00,MercadoBitcoin,BRL,5.18945,5.19085,2.7,True,
2026-09-25T11:05:25.862173+00:00,IndependentReserve,SGD,1.275765,1.278035,17.79,True,
2026-09-25T11:05:25.862173+00:00,Coins.ph,PHP,62.575,62.565,-1.6,True,
2026-09-25T11:05:25.862173+00:00,BTCTurk,TRY,48.818,48.7275,-18.54,True,
2026-09-25T11:05:25.862173+00:00,Upbit,KRW,1357.0,1355.0,-14.74,True,
2026-09-25T11:05:25.862173+00:00,Indodax,IDR,17788.5,17795.0,3.65,True,
2026-09-25T11:05:25.862173+00:00,Bitkub,THB,33.295,33.295,0.0,True,
2026-09-25T11:05:25.862173+00:00,Bithumb,KRW,1357.5,1357.5,0.0,True,
2026-09-25T11:05:25.862173+00:00,Coinone,KRW,1356.5,1356.5,0.0,True,
2026-09-25T11:05:25.862173+00:00,Paribu,TRY,48.8235,48.868,9.11,True,
2026-09-25T11:05:25.862173+00:00,Pintu,IDR,17866.0,17881.0,8.4,True,
2026-09-25T11:05:25.862173+00:00,Foxbit,BRL,5.1906,5.1919,2.5,True,
2026-09-25T11:05:25.862173+00:00,MercadoBitcoin,BRL,5.18935,5.192,5.11,True,
2026-09-25T12:05:25.271867+00:00,IndependentReserve,SGD,1.27523,1.27752,17.96,True,
2026-09-25T12:05:25.271867+00:00,Coins.ph,PHP,62.515,62.515,0.0,True,
2026-09-25T12:05:25.271867+00:00,BTCTurk,TRY,48.7885,48.7245,-13.12,True,
2026-09-25T12:05:25.271867+00:00,Upbit,KRW,1352.0,1354.0,14.79,True,
2026-09-25T12:05:25.271867+00:00,Indodax,IDR,17792.5,17766.0,-14.89,True,
2026-09-25T12:05:25.271867+00:00,Bitkub,THB,33.305,33.285,-6.01,True,
2026-09-25T12:05:25.271867+00:00,Bithumb,KRW,1352.5,1353.5,7.39,True,
2026-09-25T12:05:25.271867+00:00,Coinone,KRW,1352.5,1352.5,0.0,True,
2026-09-25T12:05:25.271867+00:00,Paribu,TRY,48.8195,48.7875,-6.55,True,
2026-09-25T12:05:25.271867+00:00,Pintu,IDR,17867.0,17882.0,8.4,True,
2026-09-25T12:05:25.271867+00:00,Foxbit,BRL,5.19055,5.19125,1.35,True,
2026-09-25T12:05:25.271867+00:00,MercadoBitcoin,BRL,5.19195,5.19205,0.19,True,
2026-09-25T13:05:28.795353+00:00,IndependentReserve,SGD,1.27724,1.277525,2.23,True,
2026-09-25T13:05:28.795353+00:00,Coins.ph,PHP,62.515,62.525,1.6,True,
2026-09-25T13:05:28.795353+00:00,BTCTurk,TRY,48.767,48.723,-9.02,True,
2026-09-25T13:05:28.795353+00:00,Upbit,KRW,1352.0,1349.0,-22.19,True,
2026-09-25T13:05:28.795353+00:00,Indodax,IDR,17799.5,17798.0,-0.84,True,
2026-09-25T13:05:28.795353+00:00,Bitkub,THB,33.345,33.315,-9.0,True,
2026-09-25T13:05:28.795353+00:00,Bithumb,KRW,1350.5,1351.5,7.4,True,
2026-09-25T13:05:28.795353+00:00,Coinone,KRW,1350.5,1351.5,7.4,True,
2026-09-25T13:05:28.795353+00:00,Paribu,TRY,48.7975,48.7565,-8.4,True,
2026-09-25T13:05:28.795353+00:00,Pintu,IDR,17868.0,17883.0,8.39,True,
2026-09-25T13:05:28.795353+00:00,Foxbit,BRL,5.20455,5.2056,2.02,True,
2026-09-25T13:05:28.795353+00:00,MercadoBitcoin,BRL,5.20255,5.20525,5.19,True,
2026-09-25T14:05:27.804037+00:00,IndependentReserve,SGD,1.27816,1.278975,6.38,True,
2026-09-25T14:05:27.804037+00:00,Coins.ph,PHP,62.505,62.505,-0.0,True,
2026-09-25T14:05:27.804037+00:00,BTCTurk,TRY,48.8055,48.7075,-20.08,True,
2026-09-25T14:05:27.804037+00:00,Upbit,KRW,1357.0,1356.0,-7.37,True,
2026-09-25T14:05:27.804037+00:00,Indodax,IDR,17849.5,17802.0,-26.61,True,
2026-09-25T14:05:27.804037+00:00,Bitkub,THB,33.395,33.345,-14.97,True,
2026-09-25T14:05:27.804037+00:00,Bithumb,KRW,1356.5,1356.5,0.0,True,
2026-09-25T14:05:27.804037+00:00,Coinone,KRW,1356.5,1357.5,7.37,True,
2026-09-25T14:05:27.804037+00:00,Paribu,TRY,48.7975,48.775,-4.61,True,
2026-09-25T14:05:27.804037+00:00,Pintu,IDR,17868.0,17882.0,7.84,True,
2026-09-25T14:05:27.804037+00:00,Foxbit,BRL,5.20975,5.2099,0.29,True,
2026-09-25T14:05:27.804037+00:00,MercadoBitcoin,BRL,5.20705,5.20895,3.65,True,
2026-09-25T15:05:22.292575+00:00,IndependentReserve,SGD,1.27866,1.2786,-0.47,True,
2026-09-25T15:05:22.292575+00:00,Coins.ph,PHP,62.495,62.495,0.0,True,
2026-09-25T15:05:22.292575+00:00,BTCTurk,TRY,48.8355,48.8205,-3.07,True,
2026-09-25T15:05:22.292575+00:00,Upbit,KRW,1354.0,1353.0,-7.39,True,
2026-09-25T15:05:22.292575+00:00,Indodax,IDR,17841.0,17842.5,0.84,True,
2026-09-25T15:05:22.292575+00:00,Bitkub,THB,33.365,33.375,3.0,True,
2026-09-25T15:05:22.292575+00:00,Bithumb,KRW,1353.5,1354.5,7.39,True,
2026-09-25T15:05:22.292575+00:00,Coinone,KRW,1353.5,1353.5,0.0,True,
2026-09-25T15:05:22.292575+00:00,Paribu,TRY,48.8435,48.8355,-1.64,True,
2026-09-25T15:05:22.292575+00:00,Pintu,IDR,17868.0,17882.0,7.84,True,
2026-09-25T15:05:22.292575+00:00,Foxbit,BRL,5.21095,5.21205,2.11,True,
2026-09-25T15:05:22.292575+00:00,MercadoBitcoin,BRL,5.21155,5.21255,1.92,True,
2026-09-25T16:05:26.790934+00:00,IndependentReserve,SGD,1.278295,1.27814,-1.21,True,
2026-09-25T16:05:26.790934+00:00,Coins.ph,PHP,62.42,62.415,-0.8,True,
2026-09-25T16:05:26.790934+00:00,BTCTurk,TRY,48.8965,48.797,-20.35,True,
2026-09-25T16:05:26.790934+00:00,Upbit,KRW,1355.0,1358.0,22.14,True,
2026-09-25T16:05:26.790934+00:00,Indodax,IDR,17851.5,17850.0,-0.84,True,
2026-09-25T16:05:26.790934+00:00,Bitkub,THB,33.295,33.315,6.01,True,
2026-09-25T16:05:26.790934+00:00,Bithumb,KRW,1354.5,1355.5,7.38,True,
2026-09-25T16:05:26.790934+00:00,Coinone,KRW,1355.5,1355.5,0.0,True,
2026-09-25T16:05:26.790934+00:00,Paribu,TRY,48.8545,48.8475,-1.43,True,
2026-09-25T16:05:26.790934+00:00,Pintu,IDR,17836.0,17842.0,3.36,True,
2026-09-25T16:05:26.790934+00:00,Foxbit,BRL,5.19685,5.1955,-2.6,True,
2026-09-25T16:05:26.790934+00:00,MercadoBitcoin,BRL,5.19555,5.195,-1.06,True,
2026-09-25T17:05:25.363152+00:00,IndependentReserve,SGD,1.278605,1.27813,-3.71,True,
2026-09-25T17:05:25.363152+00:00,Coins.ph,PHP,62.425,62.425,0.0,True,
2026-09-25T17:05:25.363152+00:00,BTCTurk,TRY,48.872,48.798,-15.14,True,
2026-09-25T17:05:25.363152+00:00,Upbit,KRW,1354.0,1351.0,-22.16,True,
2026-09-25T17:05:25.363152+00:00,Indodax,IDR,17845.5,17851.0,3.08,True,
2026-09-25T17:05:25.363152+00:00,Bitkub,THB,33.335,33.32,-4.5,True,
2026-09-25T17:05:25.363152+00:00,Bithumb,KRW,1353.5,1354.0,3.69,True,
2026-09-25T17:05:25.363152+00:00,Coinone,KRW,1353.5,1353.5,0.0,True,
2026-09-25T17:05:25.363152+00:00,Paribu,TRY,48.8765,48.833,-8.9,True,
2026-09-25T17:05:25.363152+00:00,Pintu,IDR,17836.0,17843.0,3.92,True,
2026-09-25T17:05:25.363152+00:00,Foxbit,BRL,5.20435,5.20305,-2.5,True,
2026-09-25T17:05:25.363152+00:00,MercadoBitcoin,BRL,5.20265,5.20395,2.5,True,
2026-09-25T18:05:26.071217+00:00,IndependentReserve,SGD,1.27835,1.27841,0.47,True,
2026-09-25T18:05:26.071217+00:00,Coins.ph,PHP,62.395,62.405,1.6,True,
2026-09-25T18:05:26.071217+00:00,BTCTurk,TRY,48.8965,48.822,-15.24,True,
2026-09-25T18:05:26.071217+00:00,Upbit,KRW,1355.0,1356.0,7.38,True,
2026-09-25T18:05:26.071217+00:00,Indodax,IDR,17835.0,17837.0,1.12,True,
2026-09-25T18:05:26.071217+00:00,Bitkub,THB,33.335,33.345,3.0,True,
2026-09-25T18:05:26.071217+00:00,Bithumb,KRW,1354.5,1354.5,0.0,True,
2026-09-25T18:05:26.071217+00:00,Coinone,KRW,1354.5,1354.5,0.0,True,
2026-09-25T18:05:26.071217+00:00,Paribu,TRY,48.8875,48.8315,-11.45,True,
2026-09-25T18:05:26.071217+00:00,Pintu,IDR,17836.0,17843.0,3.92,True,
2026-09-25T18:05:26.071217+00:00,Foxbit,BRL,5.20735,5.20605,-2.5,True,
2026-09-25T18:05:26.071217+00:00,MercadoBitcoin,BRL,5.20555,5.2042,-2.59,True,
2026-09-25T19:05:23.210523+00:00,IndependentReserve,SGD,1.27853,1.278165,-2.85,True,
2026-09-25T19:05:23.210523+00:00,Coins.ph,PHP,62.395,62.405,1.6,True,
2026-09-25T19:05:23.210523+00:00,BTCTurk,TRY,48.8555,48.818,-7.68,True,
2026-09-25T19:05:23.210523+00:00,Upbit,KRW,1352.0,1354.0,14.79,True,
2026-09-25T19:05:23.210523+00:00,Indodax,IDR,17831.5,17831.0,-0.28,True,
2026-09-25T19:05:23.210523+00:00,Bitkub,THB,33.345,33.335,-3.0,True,
2026-09-25T19:05:23.210523+00:00,Bithumb,KRW,1352.5,1353.5,7.39,True,
2026-09-25T19:05:23.210523+00:00,Coinone,KRW,1352.5,1352.5,0.0,True,
2026-09-25T19:05:23.210523+00:00,Paribu,TRY,48.8875,48.835,-10.74,True,
2026-09-25T19:05:23.210523+00:00,Pintu,IDR,17836.0,17842.0,3.36,True,
2026-09-25T19:05:23.210523+00:00,Foxbit,BRL,5.20145,5.19975,-3.27,True,
2026-09-25T19:05:23.210523+00:00,MercadoBitcoin,BRL,5.20155,5.19885,-5.19,True,
2026-09-25T20:05:24.459873+00:00,IndependentReserve,SGD,1.278685,1.278085,-4.69,True,
2026-09-25T20:05:24.459873+00:00,Coins.ph,PHP,62.395,62.405,1.6,True,
2026-09-25T20:05:24.459873+00:00,BTCTurk,TRY,48.855,48.835,-4.09,True,
2026-09-25T20:05:24.459873+00:00,Upbit,KRW,1351.0,1353.0,14.8,True,
2026-09-25T20:05:24.459873+00:00,Indodax,IDR,17827.5,17833.5,3.37,True,
2026-09-25T20:05:24.459873+00:00,Bitkub,THB,33.345,33.355,3.0,True,
2026-09-25T20:05:24.459873+00:00,Bithumb,KRW,1351.5,1352.5,7.4,True,
2026-09-25T20:05:24.459873+00:00,Coinone,KRW,1351.5,1351.5,0.0,True,
2026-09-25T20:05:24.459873+00:00,Paribu,TRY,48.8885,48.8345,-11.05,True,
2026-09-25T20:05:24.459873+00:00,Pintu,IDR,17836.0,17843.0,3.92,True,
2026-09-25T20:05:24.459873+00:00,Foxbit,BRL,5.19285,5.19275,-0.19,True,
2026-09-25T20:05:24.459873+00:00,MercadoBitcoin,BRL,5.19305,5.19305,-0.0,True,
2026-09-25T21:05:22.625278+00:00,IndependentReserve,SGD,1.278505,1.278565,0.47,True,
2026-09-25T21:05:22.625278+00:00,Coins.ph,PHP,62.405,62.415,1.6,True,
2026-09-25T21:05:22.625278+00:00,BTCTurk,TRY,48.8795,48.775,-21.38,True,
2026-09-25T21:05:22.625278+00:00,Upbit,KRW,1352.0,1350.0,-14.79,True,
2026-09-25T21:05:22.625278+00:00,Indodax,IDR,17826.5,17844.0,9.82,True,
2026-09-25T21:05:22.625278+00:00,Bitkub,THB,33.355,33.355,0.0,True,
2026-09-25T21:05:22.625278+00:00,Bithumb,KRW,1352.5,1352.5,0.0,True,
2026-09-25T21:05:22.625278+00:00,Coinone,KRW,1352.5,1352.5,0.0,True,
2026-09-25T21:05:22.625278+00:00,Paribu,TRY,48.8765,48.8235,-10.84,True,
2026-09-25T21:05:22.625278+00:00,Pintu,IDR,17837.0,17842.0,2.8,True,
2026-09-25T21:05:22.625278+00:00,Foxbit,BRL,5.19165,5.19335,3.27,True,
2026-09-25T21:05:22.625278+00:00,MercadoBitcoin,BRL,5.19395,5.1934,-1.06,True,
2026-09-25T22:05:23.041098+00:00,IndependentReserve,SGD,1.278465,1.278495,0.23,True,
2026-09-25T22:05:23.041098+00:00,Coins.ph,PHP,62.405,62.415,1.6,True,
2026-09-25T22:05:23.041098+00:00,BTCTurk,TRY,48.8985,48.841,-11.76,True,
2026-09-25T22:05:23.041098+00:00,Upbit,KRW,1354.0,1352.0,-14.77,True,
2026-09-25T22:05:23.041098+00:00,Indodax,IDR,17827.5,17817.0,-5.89,True,
2026-09-25T22:05:23.041098+00:00,Bitkub,THB,33.365,33.355,-3.0,True,
2026-09-25T22:05:23.041098+00:00,Bithumb,KRW,1353.5,1353.5,0.0,True,
2026-09-25T22:05:23.041098+00:00,Coinone,KRW,1353.5,1353.5,0.0,True,
2026-09-25T22:05:23.041098+00:00,Paribu,TRY,48.8875,48.815,-14.83,True,
2026-09-25T22:05:23.041098+00:00,Pintu,IDR,17837.0,17842.0,2.8,True,
2026-09-25T22:05:23.041098+00:00,Foxbit,BRL,5.19105,5.1914,0.67,True,
2026-09-25T22:05:23.041098+00:00,MercadoBitcoin,BRL,5.19135,5.19015,-2.31,True,
2026-09-25T23:05:22.081383+00:00,IndependentReserve,SGD,1.278465,1.27842,-0.35,True,
2026-09-25T23:05:22.081383+00:00,Coins.ph,PHP,62.405,62.415,1.6,True,
2026-09-25T23:05:22.081383+00:00,BTCTurk,TRY,48.8405,48.8485,1.64,True,
2026-09-25T23:05:22.081383+00:00,Upbit,KRW,1352.0,1353.0,7.4,True,
2026-09-25T23:05:22.081383+00:00,Indodax,IDR,17827.5,17808.0,-10.94,True,
2026-09-25T23:05:22.081383+00:00,Bitkub,THB,33.365,33.355,-3.0,True,
2026-09-25T23:05:22.081383+00:00,Bithumb,KRW,1351.5,1351.5,0.0,True,
2026-09-25T23:05:22.081383+00:00,Coinone,KRW,1351.5,1351.5,0.0,True,
2026-09-25T23:05:22.081383+00:00,Paribu,TRY,48.8875,48.8165,-14.52,True,
2026-09-25T23:05:22.081383+00:00,Pintu,IDR,17837.0,17842.0,2.8,True,
2026-09-25T23:05:22.081383+00:00,Foxbit,BRL,5.19585,5.1975,3.18,True,
2026-09-25T23:05:22.081383+00:00,MercadoBitcoin,BRL,5.19725,5.1967,-1.06,True,
2026-09-26T00:05:24.159859+00:00,IndependentReserve,SGD,1.278465,1.27824,-1.76,True,
2026-09-26T00:05:24.159859+00:00,Coins.ph,PHP,62.405,62.415,1.6,True,
2026-09-26T00:05:24.159859+00:00,BTCTurk,TRY,48.793,48.7355,-11.78,True,
2026-09-26T00:05:24.159859+00:00,Upbit,KRW,1354.0,1354.0,0.0,True,
2026-09-26T00:05:24.159859+00:00,Indodax,IDR,17803.5,17802.0,-0.84,True,
2026-09-26T00:05:24.159859+00:00,Bitkub,THB,33.37,33.365,-1.5,True,
2026-09-26T00:05:24.159859+00:00,Bithumb,KRW,1353.5,1353.0,-3.69,True,
2026-09-26T00:05:24.159859+00:00,Coinone,KRW,1354.5,1354.5,0.0,True,
2026-09-26T00:05:24.159859+00:00,Paribu,TRY,48.7395,48.8015,12.72,True,
2026-09-26T00:05:24.159859+00:00,Pintu,IDR,17837.0,17842.0,2.8,True,
2026-09-26T00:05:24.159859+00:00,Foxbit,BRL,5.19675,5.19765,1.73,True,
2026-09-26T00:05:24.159859+00:00,MercadoBitcoin,BRL,5.19575,5.1968,2.02,True,
2026-09-26T01:05:23.102437+00:00,IndependentReserve,SGD,1.278465,1.27835,-0.9,True,
2026-09-26T01:05:23.102437+00:00,Coins.ph,PHP,62.395,62.395,-0.0,True,
2026-09-26T01:05:23.102437+00:00,BTCTurk,TRY,48.7915,48.7355,-11.48,True,
2026-09-26T01:05:23.102437+00:00,Upbit,KRW,1356.0,1356.0,0.0,True,
2026-09-26T01:05:23.102437+00:00,Indodax,IDR,17817.5,17802.5,-8.42,True,
2026-09-26T01:05:23.102437+00:00,Bitkub,THB,33.385,33.375,-3.0,True,
2026-09-26T01:05:23.102437+00:00,Bithumb,KRW,1355.5,1356.5,7.38,True,
2026-09-26T01:05:23.102437+00:00,Coinone,KRW,1355.5,1356.5,7.38,True,
2026-09-26T01:05:23.102437+00:00,Paribu,TRY,48.7425,48.773,6.26,True,
2026-09-26T01:05:23.102437+00:00,Pintu,IDR,17837.0,17842.0,2.8,True,
2026-09-26T01:05:23.102437+00:00,Foxbit,BRL,5.19805,5.19765,-0.77,True,
2026-09-26T01:05:23.102437+00:00,MercadoBitcoin,BRL,5.19465,5.196,2.6,True,
2026-09-26T02:05:26.890678+00:00,IndependentReserve,SGD,1.278465,1.27864,1.37,True,
2026-09-26T02:05:26.890678+00:00,Coins.ph,PHP,62.415,62.415,0.0,True,
2026-09-26T02:05:26.890678+00:00,BTCTurk,TRY,48.7905,48.731,-12.19,True,
2026-09-26T02:05:26.890678+00:00,Upbit,KRW,1354.0,1355.0,7.39,True,
2026-09-26T02:05:26.890678+00:00,Indodax,IDR,17789.0,17793.0,2.25,True,
2026-09-26T02:05:26.890678+00:00,Bitkub,THB,33.375,33.38,1.5,True,
2026-09-26T02:05:26.890678+00:00,Bithumb,KRW,1354.5,1355.0,3.69,True,
2026-09-26T02:05:26.890678+00:00,Coinone,KRW,1354.5,1354.5,0.0,True,
2026-09-26T02:05:26.890678+00:00,Paribu,TRY,48.812,48.7795,-6.66,True,
2026-09-26T02:05:26.890678+00:00,Pintu,IDR,17838.0,17842.0,2.24,True,
2026-09-26T02:05:26.890678+00:00,Foxbit,BRL,5.19805,5.1978,-0.48,True,
2026-09-26T02:05:26.890678+00:00,MercadoBitcoin,BRL,5.19945,5.19695,-4.81,True,
2026-09-26T03:05:25.214824+00:00,IndependentReserve,SGD,1.278465,1.279415,7.43,True,
2026-09-26T03:05:25.214824+00:00,Coins.ph,PHP,62.415,62.415,0.0,True,
2026-09-26T03:05:25.214824+00:00,BTCTurk,TRY,48.6615,48.678,3.39,True,
2026-09-26T03:05:25.214824+00:00,Upbit,KRW,1356.0,1356.0,0.0,True,
2026-09-26T03:05:25.214824+00:00,Indodax,IDR,17796.0,17792.5,-1.97,True,
2026-09-26T03:05:25.214824+00:00,Bitkub,THB,33.375,33.38,1.5,True,
2026-09-26T03:05:25.214824+00:00,Bithumb,KRW,1355.5,1356.0,3.69,True,
2026-09-26T03:05:25.214824+00:00,Coinone,KRW,1355.5,1356.0,3.69,True,
2026-09-26T03:05:25.214824+00:00,Paribu,TRY,48.7415,48.7745,6.77,True,
2026-09-26T03:05:25.214824+00:00,Pintu,IDR,17835.0,17842.0,3.92,True,
2026-09-26T03:05:25.214824+00:00,Foxbit,BRL,5.19985,5.20095,2.12,True,
2026-09-26T03:05:25.214824+00:00,MercadoBitcoin,BRL,5.20065,5.20155,1.73,True,
2026-09-26T04:05:26.613571+00:00,IndependentReserve,SGD,1.278865,1.2817,22.17,True,
2026-09-26T04:05:26.613571+00:00,Coins.ph,PHP,62.415,62.415,0.0,True,
2026-09-26T04:05:26.613571+00:00,BTCTurk,TRY,48.6665,48.733,13.66,True,
2026-09-26T04:05:26.613571+00:00,Upbit,KRW,1357.0,1358.0,7.37,True,
2026-09-26T04:05:26.613571+00:00,Indodax,IDR,17805.0,17802.5,-1.4,True,
2026-09-26T04:05:26.613571+00:00,Bitkub,THB,33.365,33.385,5.99,True,
2026-09-26T04:05:26.613571+00:00,Bithumb,KRW,1356.5,1357.5,7.37,True,
2026-09-26T04:05:26.613571+00:00,Coinone,KRW,1356.5,1356.5,0.0,True,
2026-09-26T04:05:26.613571+00:00,Paribu,TRY,48.7435,48.78,7.49,True,
2026-09-26T04:05:26.613571+00:00,Pintu,IDR,17836.0,17842.0,3.36,True,
2026-09-26T04:05:26.613571+00:00,Foxbit,BRL,5.19985,5.201,2.21,True,
2026-09-26T04:05:26.613571+00:00,MercadoBitcoin,BRL,5.19985,5.2005,1.25,True,
2026-09-26T05:05:26.218683+00:00,IndependentReserve,SGD,1.278045,1.27976,13.42,True,
2026-09-26T05:05:26.218683+00:00,Coins.ph,PHP,62.425,62.415,-1.6,True,
2026-09-26T05:05:26.218683+00:00,BTCTurk,TRY,48.706,48.7545,9.96,True,
2026-09-26T05:05:26.218683+00:00,Upbit,KRW,1358.0,1359.0,7.36,True,
2026-09-26T05:05:26.218683+00:00,Indodax,IDR,17801.0,17805.5,2.53,True,
2026-09-26T05:05:26.218683+00:00,Bitkub,THB,33.375,33.37,-1.5,True,
2026-09-26T05:05:26.218683+00:00,Bithumb,KRW,1357.5,1357.0,-3.68,True,
2026-09-26T05:05:26.218683+00:00,Coinone,KRW,1357.5,1358.5,7.37,True,
2026-09-26T05:05:26.218683+00:00,Paribu,TRY,48.7415,48.7405,-0.21,True,
2026-09-26T05:05:26.218683+00:00,Pintu,IDR,17836.0,17841.0,2.8,True,
2026-09-26T05:05:26.218683+00:00,Foxbit,BRL,5.19985,5.20095,2.12,True,
2026-09-26T05:05:26.218683+00:00,MercadoBitcoin,BRL,5.19795,5.2011,6.06,True,
2026-09-26T06:05:23.263616+00:00,IndependentReserve,SGD,1.278465,1.279945,11.58,True,
2026-09-26T06:05:23.263616+00:00,Coins.ph,PHP,62.435,62.425,-1.6,True,
2026-09-26T06:05:23.263616+00:00,BTCTurk,TRY,48.6395,48.7105,14.6,True,
2026-09-26T06:05:23.263616+00:00,Upbit,KRW,1360.0,1358.0,-14.71,True,
2026-09-26T06:05:23.263616+00:00,Indodax,IDR,17812.5,17819.5,3.93,True,
2026-09-26T06:05:23.263616+00:00,Bitkub,THB,33.375,33.38,1.5,True,
2026-09-26T06:05:23.263616+00:00,Bithumb,KRW,1358.5,1359.0,3.68,True,
2026-09-26T06:05:23.263616+00:00,Coinone,KRW,1359.5,1359.5,0.0,True,
2026-09-26T06:05:23.263616+00:00,Paribu,TRY,48.7405,48.7355,-1.03,True,
2026-09-26T06:05:23.263616+00:00,Pintu,IDR,17836.0,17841.0,2.8,True,
2026-09-26T06:05:23.263616+00:00,Foxbit,BRL,5.19985,5.20105,2.31,True,
2026-09-26T06:05:23.263616+00:00,MercadoBitcoin,BRL,5.19865,5.20095,4.42,True,
2026-09-26T07:05:23.794238+00:00,IndependentReserve,SGD,1.278465,1.279945,11.58,True,
2026-09-26T07:05:23.794238+00:00,Coins.ph,PHP,62.435,62.425,-1.6,True,
2026-09-26T07:05:23.794238+00:00,BTCTurk,TRY,48.5555,48.604,9.99,True,
2026-09-26T07:05:23.794238+00:00,Upbit,KRW,1359.0,1358.0,-7.36,True,
2026-09-26T07:05:23.794238+00:00,Indodax,IDR,17804.5,17804.5,0.0,True,
2026-09-26T07:05:23.794238+00:00,Bitkub,THB,33.375,33.375,0.0,True,
2026-09-26T07:05:23.794238+00:00,Bithumb,KRW,1359.5,1360.0,3.68,True,
2026-09-26T07:05:23.794238+00:00,Coinone,KRW,1359.5,1359.5,0.0,True,
2026-09-26T07:05:23.794238+00:00,Paribu,TRY,48.67,48.7145,9.14,True,
2026-09-26T07:05:23.794238+00:00,Pintu,IDR,17804.0,17812.0,4.49,True,
2026-09-26T07:05:23.794238+00:00,Foxbit,BRL,5.19985,5.201,2.21,True,
2026-09-26T07:05:23.794238+00:00,MercadoBitcoin,BRL,5.19845,5.2005,3.94,True,
2026-09-26T08:05:21.707552+00:00,IndependentReserve,SGD,1.278005,1.279905,14.87,True,
2026-09-26T08:05:21.707552+00:00,Coins.ph,PHP,62.435,62.425,-1.6,True,
2026-09-26T08:05:21.707552+00:00,BTCTurk,TRY,48.722,48.6995,-4.62,True,
2026-09-26T08:05:21.707552+00:00,Upbit,KRW,1361.0,1361.0,0.0,True,
2026-09-26T08:05:21.707552+00:00,Indodax,IDR,17796.0,17800.5,2.53,True,
2026-09-26T08:05:21.707552+00:00,Bitkub,THB,33.375,33.38,1.5,True,
2026-09-26T08:05:21.707552+00:00,Bithumb,KRW,1360.5,1360.5,0.0,True,
2026-09-26T08:05:21.707552+00:00,Coinone,KRW,1361.5,1361.5,0.0,True,
2026-09-26T08:05:21.707552+00:00,Paribu,TRY,48.7485,48.7145,-6.97,True,
2026-09-26T08:05:21.707552+00:00,Pintu,IDR,17802.0,17812.0,5.62,True,
2026-09-26T08:05:21.707552+00:00,Foxbit,BRL,5.19985,5.201,2.21,True,
2026-09-26T08:05:21.707552+00:00,MercadoBitcoin,BRL,5.19845,5.20045,3.85,True,
2026-09-26T09:05:20.915669+00:00,IndependentReserve,SGD,1.277985,1.279615,12.75,True,
2026-09-26T09:05:20.915669+00:00,Coins.ph,PHP,62.435,62.425,-1.6,True,
2026-09-26T09:05:20.915669+00:00,BTCTurk,TRY,48.7285,48.6995,-5.95,True,
2026-09-26T09:05:20.915669+00:00,Upbit,KRW,1359.0,1359.0,0.0,True,
2026-09-26T09:05:20.915669+00:00,Indodax,IDR,17799.5,17803.0,1.97,True,
2026-09-26T09:05:20.915669+00:00,Bitkub,THB,33.375,33.365,-3.0,True,
2026-09-26T09:05:20.915669+00:00,Bithumb,KRW,1359.5,1359.5,0.0,True,
2026-09-26T09:05:20.915669+00:00,Coinone,KRW,1359.5,1360.5,7.36,True,
2026-09-26T09:05:20.915669+00:00,Paribu,TRY,48.7385,48.738,-0.1,True,
2026-09-26T09:05:20.915669+00:00,Pintu,IDR,17802.0,17813.0,6.18,True,
2026-09-26T09:05:20.915669+00:00,Foxbit,BRL,5.19985,5.20105,2.31,True,
2026-09-26T09:05:20.915669+00:00,MercadoBitcoin,BRL,5.19835,5.2006,4.33,True,
2026-09-26T10:05:24.686756+00:00,IndependentReserve,SGD,1.27789,1.279615,13.5,True,
2026-09-26T10:05:24.686756+00:00,Coins.ph,PHP,62.435,62.425,-1.6,True,
2026-09-26T10:05:24.686756+00:00,BTCTurk,TRY,48.8305,48.7275,-21.09,True,
2026-09-26T10:05:24.686756+00:00,Upbit,KRW,1362.0,1362.0,0.0,True,
2026-09-26T10:05:24.686756+00:00,Indodax,IDR,17798.5,17801.0,1.4,True,
2026-09-26T10:05:24.686756+00:00,Bitkub,THB,33.375,33.385,3.0,True,
2026-09-26T10:05:24.686756+00:00,Bithumb,KRW,1360.5,1362.0,11.03,True,
2026-09-26T10:05:24.686756+00:00,Coinone,KRW,1361.5,1361.5,0.0,True,
2026-09-26T10:05:24.686756+00:00,Paribu,TRY,48.7405,48.7965,11.49,True,
2026-09-26T10:05:24.686756+00:00,Pintu,IDR,17802.0,17812.0,5.62,True,
2026-09-26T10:05:24.686756+00:00,Foxbit,BRL,5.19985,5.20105,2.31,True,
2026-09-26T10:05:24.686756+00:00,MercadoBitcoin,BRL,5.20075,5.2006,-0.29,True,
2026-09-26T11:05:31.850893+00:00,IndependentReserve,SGD,1.278385,1.27946,8.41,True,
2026-09-26T11:05:31.850893+00:00,Coins.ph,PHP,62.435,62.425,-1.6,True,
2026-09-26T11:05:31.850893+00:00,BTCTurk,TRY,48.7205,48.6915,-5.95,True,
2026-09-26T11:05:31.850893+00:00,Upbit,KRW,1360.0,1362.0,14.71,True,
2026-09-26T11:05:31.850893+00:00,Indodax,IDR,17791.5,17799.5,4.5,True,
2026-09-26T11:05:31.850893+00:00,Bitkub,THB,33.375,33.38,1.5,True,
2026-09-26T11:05:31.850893+00:00,Bithumb,KRW,1359.5,1361.5,14.71,True,
2026-09-26T11:05:31.850893+00:00,Coinone,KRW,1359.5,1360.5,7.36,True,
2026-09-26T11:05:31.850893+00:00,Paribu,TRY,48.8305,48.866,7.27,True,
2026-09-26T11:05:31.850893+00:00,Pintu,IDR,17802.0,17812.0,5.62,True,
2026-09-26T11:05:31.850893+00:00,Foxbit,BRL,5.20165,5.20095,-1.35,True,
2026-09-26T11:05:31.850893+00:00,MercadoBitcoin,BRL,5.20005,5.20085,1.54,True,
2026-09-26T12:54:45.877366+00:00,IndependentReserve,SGD,1.278465,1.27962,9.03,True,
2026-09-26T12:54:45.877366+00:00,Coins.ph,PHP,62.435,62.425,-1.6,True,
2026-09-26T12:54:45.877366+00:00,BTCTurk,TRY,48.6845,48.6565,-5.75,True,
2026-09-26T12:54:45.877366+00:00,Upbit,KRW,1362.0,1360.0,-14.68,True,
2026-09-26T12:54:45.877366+00:00,Indodax,IDR,17797.0,17800.5,1.97,True,
2026-09-26T12:54:45.877366+00:00,Bitkub,THB,33.385,33.385,0.0,True,
2026-09-26T12:54:45.877366+00:00,Bithumb,KRW,1361.5,1361.5,0.0,True,
2026-09-26T12:54:45.877366+00:00,Coinone,KRW,1361.5,1361.5,0.0,True,
2026-09-26T12:54:45.877366+00:00,Paribu,TRY,48.7825,48.824,8.51,True,
2026-09-26T12:54:45.877366+00:00,Pintu,IDR,17783.0,17792.0,5.06,True,
2026-09-26T12:54:45.877366+00:00,Foxbit,BRL,5.19855,5.2005,3.75,True,
2026-09-26T12:54:45.877366+00:00,MercadoBitcoin,BRL,5.19855,5.2001,2.98,True,
2026-09-26T13:05:25.851276+00:00,IndependentReserve,SGD,1.278465,1.27962,9.03,True,
2026-09-26T13:05:25.851276+00:00,Coins.ph,PHP,62.435,62.425,-1.6,True,
2026-09-26T13:05:25.851276+00:00,BTCTurk,TRY,48.7045,48.686,-3.8,True,
2026-09-26T13:05:25.851276+00:00,Upbit,KRW,1362.0,1360.0,-14.68,True,
2026-09-26T13:05:25.851276+00:00,Indodax,IDR,17791.5,17801.0,5.34,True,
2026-09-26T13:05:25.851276+00:00,Bitkub,THB,33.385,33.385,0.0,True,
2026-09-26T13:05:25.851276+00:00,Bithumb,KRW,1361.5,1361.5,0.0,True,
2026-09-26T13:05:25.851276+00:00,Coinone,KRW,1361.5,1361.5,0.0,True,
2026-09-26T13:05:25.851276+00:00,Paribu,TRY,48.7825,48.8205,7.79,True,
2026-09-26T13:05:25.851276+00:00,Pintu,IDR,17783.0,17792.0,5.06,True,
2026-09-26T13:05:25.851276+00:00,Foxbit,BRL,5.19855,5.20035,3.46,True,
2026-09-26T13:05:25.851276+00:00,MercadoBitcoin,BRL,5.19935,5.19985,0.96,True,
2026-09-26T14:05:24.985837+00:00,IndependentReserve,SGD,1.278425,1.27961,9.27,True,
2026-09-26T14:05:24.985837+00:00,Coins.ph,PHP,62.455,62.445,-1.6,True,
2026-09-26T14:05:24.985837+00:00,BTCTurk,TRY,48.8115,48.728,-17.11,True,
2026-09-26T14:05:24.985837+00:00,Upbit,KRW,1359.0,1360.0,7.36,True,
2026-09-26T14:05:24.985837+00:00,Indodax,IDR,17800.5,17805.5,2.81,True,
2026-09-26T14:05:24.985837+00:00,Bitkub,THB,33.395,33.395,-0.0,True,
2026-09-26T14:05:24.985837+00:00,Bithumb,KRW,1359.5,1360.5,7.36,True,
2026-09-26T14:05:24.985837+00:00,Coinone,KRW,1359.5,1359.5,0.0,True,
2026-09-26T14:05:24.985837+00:00,Paribu,TRY,48.7815,48.747,-7.07,True,
2026-09-26T14:05:24.985837+00:00,Pintu,IDR,17783.0,17792.0,5.06,True,
2026-09-26T14:05:24.985837+00:00,Foxbit,BRL,5.19865,5.20075,4.04,True,
2026-09-26T14:05:24.985837+00:00,MercadoBitcoin,BRL,5.19665,5.2005,7.41,True,
2026-09-26T15:05:23.232469+00:00,IndependentReserve,SGD,1.278425,1.27961,9.27,True,
2026-09-26T15:05:23.232469+00:00,Coins.ph,PHP,62.455,62.445,-1.6,True,
2026-09-26T15:05:23.232469+00:00,BTCTurk,TRY,48.8105,48.7185,-18.85,True,
2026-09-26T15:05:23.232469+00:00,Upbit,KRW,1356.0,1355.0,-7.37,True,
2026-09-26T15:05:23.232469+00:00,Indodax,IDR,17801.0,17800.5,-0.28,True,
2026-09-26T15:05:23.232469+00:00,Bitkub,THB,33.395,33.395,-0.0,True,
2026-09-26T15:05:23.232469+00:00,Bithumb,KRW,1355.5,1356.5,7.38,True,
2026-09-26T15:05:23.232469+00:00,Coinone,KRW,1355.5,1355.5,0.0,True,
2026-09-26T15:05:23.232469+00:00,Paribu,TRY,48.7815,48.733,-9.94,True,
2026-09-26T15:05:23.232469+00:00,Pintu,IDR,17783.0,17792.0,5.06,True,
2026-09-26T15:05:23.232469+00:00,Foxbit,BRL,5.19865,5.20005,2.69,True,
2026-09-26T15:05:23.232469+00:00,MercadoBitcoin,BRL,5.19705,5.19955,4.81,True,
2026-09-26T16:05:22.967819+00:00,IndependentReserve,SGD,1.277495,1.279855,18.47,True,
2026-09-26T16:05:22.967819+00:00,Coins.ph,PHP,62.455,62.445,-1.6,True,
2026-09-26T16:05:22.967819+00:00,BTCTurk,TRY,48.7665,48.692,-15.28,True,
2026-09-26T16:05:22.967819+00:00,Upbit,KRW,1355.0,1356.0,7.38,True,
2026-09-26T16:05:22.967819+00:00,Indodax,IDR,17798.0,17797.0,-0.56,True,
2026-09-26T16:05:22.967819+00:00,Bitkub,THB,33.395,33.4,1.5,True,
2026-09-26T16:05:22.967819+00:00,Bithumb,KRW,1355.0,1354.5,-3.69,True,
2026-09-26T16:05:22.967819+00:00,Coinone,KRW,1354.5,1355.5,7.38,True,
2026-09-26T16:05:22.967819+00:00,Paribu,TRY,48.7205,48.7275,1.44,True,
2026-09-26T16:05:22.967819+00:00,Pintu,IDR,17780.0,17793.0,7.31,True,
2026-09-26T16:05:22.967819+00:00,Foxbit,BRL,5.19795,5.19985,3.66,True,
2026-09-26T16:05:22.967819+00:00,MercadoBitcoin,BRL,5.19945,5.19765,-3.46,True,
2026-09-26T17:06:00.427998+00:00,IndependentReserve,SGD,1.277865,1.28031,19.13,True,
2026-09-26T17:06:00.427998+00:00,Coins.ph,PHP,62.455,62.445,-1.6,True,
2026-09-26T17:06:00.427998+00:00,BTCTurk,TRY,48.801,48.733,-13.93,True,
2026-09-26T17:06:00.427998+00:00,Upbit,KRW,1355.0,1356.0,7.38,True,
2026-09-26T17:06:00.427998+00:00,Indodax,IDR,17808.5,17788.5,-11.23,True,
2026-09-26T17:06:00.427998+00:00,Bitkub,THB,33.395,33.4,1.5,True,
2026-09-26T17:06:00.427998+00:00,Bithumb,KRW,1355.5,1355.0,-3.69,True,
2026-09-26T17:06:00.427998+00:00,Coinone,KRW,1355.5,1355.5,0.0,True,
2026-09-26T17:06:00.427998+00:00,Paribu,TRY,48.7455,48.76,2.97,True,
2026-09-26T17:06:00.427998+00:00,Pintu,IDR,17780.0,17792.0,6.75,True,
2026-09-26T17:06:00.427998+00:00,Foxbit,BRL,5.19835,5.19975,2.69,True,
2026-09-26T17:06:00.427998+00:00,MercadoBitcoin,BRL,5.19945,5.19865,-1.54,True,
2026-09-26T18:05:23.981997+00:00,IndependentReserve,SGD,1.27788,1.28003,16.82,True,
2026-09-26T18:05:23.981997+00:00,Coins.ph,PHP,62.455,62.445,-1.6,True,
2026-09-26T18:05:23.981997+00:00,BTCTurk,TRY,48.8355,48.8005,-7.17,True,
2026-09-26T18:05:23.981997+00:00,Upbit,KRW,1355.0,1357.0,14.76,True,
2026-09-26T18:05:23.981997+00:00,Indodax,IDR,17816.0,17786.0,-16.84,True,
2026-09-26T18:05:23.981997+00:00,Bitkub,THB,33.395,33.4,1.5,True,
2026-09-26T18:05:23.981997+00:00,Bithumb,KRW,1354.5,1355.5,7.38,True,
2026-09-26T18:05:23.981997+00:00,Coinone,KRW,1354.5,1356.0,11.07,True,
2026-09-26T18:05:23.981997+00:00,Paribu,TRY,48.8265,48.823,-0.72,True,
2026-09-26T18:05:23.981997+00:00,Pintu,IDR,17780.0,17792.0,6.75,True,
2026-09-26T18:05:23.981997+00:00,Foxbit,BRL,5.19855,5.2,2.79,True,
2026-09-26T18:05:23.981997+00:00,MercadoBitcoin,BRL,5.19745,5.20075,6.35,True,
2026-09-26T19:05:22.377830+00:00,IndependentReserve,SGD,1.278415,1.28,12.4,True,
2026-09-26T19:05:22.377830+00:00,Coins.ph,PHP,62.455,62.445,-1.6,True,
2026-09-26T19:05:22.377830+00:00,BTCTurk,TRY,48.8205,48.8345,2.87,True,
2026-09-26T19:05:22.377830+00:00,Upbit,KRW,1357.0,1358.0,7.37,True,
2026-09-26T19:05:22.377830+00:00,Indodax,IDR,17834.5,17788.5,-25.79,True,
2026-09-26T19:05:22.377830+00:00,Bitkub,THB,33.395,33.4,1.5,True,
2026-09-26T19:05:22.377830+00:00,Bithumb,KRW,1356.5,1357.0,3.69,True,
2026-09-26T19:05:22.377830+00:00,Coinone,KRW,1357.5,1357.0,-3.68,True,
2026-09-26T19:05:22.377830+00:00,Paribu,TRY,48.8325,48.815,-3.58,True,
2026-09-26T19:05:22.377830+00:00,Pintu,IDR,17780.0,17792.0,6.75,True,
2026-09-26T19:05:22.377830+00:00,Foxbit,BRL,5.19855,5.2,2.79,True,
2026-09-26T19:05:22.377830+00:00,MercadoBitcoin,BRL,5.19885,5.20075,3.65,True,
2026-09-26T20:05:27.753810+00:00,IndependentReserve,SGD,1.278415,1.279585,9.15,True,
2026-09-26T20:05:27.753810+00:00,Coins.ph,PHP,62.465,62.445,-3.2,True,
2026-09-26T20:05:27.753810+00:00,BTCTurk,TRY,48.8105,48.8435,6.76,True,
2026-09-26T20:05:27.753810+00:00,Upbit,KRW,1359.0,1358.0,-7.36,True,
2026-09-26T20:05:27.753810+00:00,Indodax,IDR,17834.5,17788.5,-25.79,True,
2026-09-26T20:05:27.753810+00:00,Bitkub,THB,33.395,33.395,-0.0,True,
2026-09-26T20:05:27.753810+00:00,Bithumb,KRW,1357.5,1357.5,0.0,True,
2026-09-26T20:05:27.753810+00:00,Coinone,KRW,1358.5,1358.5,0.0,True,
2026-09-26T20:05:27.753810+00:00,Paribu,TRY,48.8605,48.847,-2.76,True,
2026-09-26T20:05:27.753810+00:00,Pintu,IDR,17782.0,17792.0,5.62,True,
2026-09-26T20:05:27.753810+00:00,Foxbit,BRL,5.19695,5.20005,5.97,True,
2026-09-26T20:05:27.753810+00:00,MercadoBitcoin,BRL,5.19715,5.20055,6.54,True,
2026-09-26T21:05:27.628114+00:00,IndependentReserve,SGD,1.2788,1.27953,5.71,True,
2026-09-26T21:05:27.628114+00:00,Coins.ph,PHP,62.465,62.445,-3.2,True,
2026-09-26T21:05:27.628114+00:00,BTCTurk,TRY,48.8565,48.8485,-1.64,True,
2026-09-26T21:05:27.628114+00:00,Upbit,KRW,1361.0,1359.0,-14.7,True,
2026-09-26T21:05:27.628114+00:00,Indodax,IDR,17837.5,17788.5,-27.47,True,
2026-09-26T21:05:27.628114+00:00,Bitkub,THB,33.395,33.395,-0.0,True,
2026-09-26T21:05:27.628114+00:00,Bithumb,KRW,1359.5,1361.5,14.71,True,
2026-09-26T21:05:27.628114+00:00,Coinone,KRW,1360.5,1360.0,-3.68,True,
2026-09-26T21:05:27.628114+00:00,Paribu,TRY,48.8145,48.812,-0.51,True,
2026-09-26T21:05:27.628114+00:00,Pintu,IDR,17781.0,17792.0,6.19,True,
2026-09-26T21:05:27.628114+00:00,Foxbit,BRL,5.19705,5.1997,5.1,True,
2026-09-26T21:05:27.628114+00:00,MercadoBitcoin,BRL,5.19925,5.1988,-0.87,True,
2026-09-26T22:05:22.866457+00:00,IndependentReserve,SGD,1.278865,1.279485,4.85,True,
2026-09-26T22:05:22.866457+00:00,Coins.ph,PHP,62.465,62.445,-3.2,True,
2026-09-26T22:05:22.866457+00:00,BTCTurk,TRY,48.8795,48.775,-21.38,True,
2026-09-26T22:05:22.866457+00:00,Upbit,KRW,1360.0,1361.0,7.35,True,
2026-09-26T22:05:22.866457+00:00,Indodax,IDR,17837.5,17788.5,-27.47,True,
2026-09-26T22:05:22.866457+00:00,Bitkub,THB,33.395,33.395,-0.0,True,
2026-09-26T22:05:22.866457+00:00,Bithumb,KRW,1360.5,1361.0,3.68,True,
2026-09-26T22:05:22.866457+00:00,Coinone,KRW,1360.5,1360.5,0.0,True,
2026-09-26T22:05:22.866457+00:00,Paribu,TRY,48.8715,48.8615,-2.05,True,
2026-09-26T22:05:22.866457+00:00,Pintu,IDR,17781.0,17792.0,6.19,True,
2026-09-26T22:05:22.866457+00:00,Foxbit,BRL,5.19705,5.19955,4.81,True,
2026-09-26T22:05:22.866457+00:00,MercadoBitcoin,BRL,5.19815,5.19965,2.89,True,
2026-09-26T23:05:25.164434+00:00,IndependentReserve,SGD,1.2788,1.279435,4.97,True,
2026-09-26T23:05:25.164434+00:00,Coins.ph,PHP,62.465,62.445,-3.2,True,
2026-09-26T23:05:25.164434+00:00,BTCTurk,TRY,48.8575,48.8735,3.27,True,
2026-09-26T23:05:25.164434+00:00,Upbit,KRW,1360.0,1360.0,0.0,True,
2026-09-26T23:05:25.164434+00:00,Indodax,IDR,17837.5,17786.5,-28.59,True,
2026-09-26T23:05:25.164434+00:00,Bitkub,THB,33.395,33.395,-0.0,True,
2026-09-26T23:05:25.164434+00:00,Bithumb,KRW,1360.5,1360.5,0.0,True,
2026-09-26T23:05:25.164434+00:00,Coinone,KRW,1360.5,1359.5,-7.35,True,
2026-09-26T23:05:25.164434+00:00,Paribu,TRY,48.8725,48.8295,-8.8,True,
2026-09-26T23:05:25.164434+00:00,Pintu,IDR,17781.0,17792.0,6.19,True,
2026-09-26T23:05:25.164434+00:00,Foxbit,BRL,5.19695,5.19955,5.0,True,
2026-09-26T23:05:25.164434+00:00,MercadoBitcoin,BRL,5.19615,5.19865,4.81,True,
2026-09-27T00:05:22.470019+00:00,IndependentReserve,SGD,1.2788,1.278915,0.9,True,
2026-09-27T00:05:22.470019+00:00,Coins.ph,PHP,62.465,62.445,-3.2,True,
2026-09-27T00:05:22.470019+00:00,BTCTurk,TRY,48.8305,48.762,-14.03,True,
2026-09-27T00:05:22.470019+00:00,Upbit,KRW,1362.0,1362.0,0.0,True,
2026-09-27T00:05:22.470019+00:00,Indodax,IDR,17836.5,17806.5,-16.82,True,
2026-09-27T00:05:22.470019+00:00,Bitkub,THB,33.395,33.395,-0.0,True,
2026-09-27T00:05:22.470019+00:00,Bithumb,KRW,1361.5,1361.0,-3.67,True,
2026-09-27T00:05:22.470019+00:00,Coinone,KRW,1361.5,1361.5,0.0,True,
2026-09-27T00:05:22.470019+00:00,Paribu,TRY,48.8185,48.82,0.31,True,
2026-09-27T00:05:22.470019+00:00,Pintu,IDR,17781.0,17792.0,6.19,True,
2026-09-27T00:05:22.470019+00:00,Foxbit,BRL,5.19695,5.19685,-0.19,True,
2026-09-27T00:05:22.470019+00:00,MercadoBitcoin,BRL,5.19755,5.19875,2.31,True,
2026-09-27T01:05:29.166018+00:00,IndependentReserve,SGD,1.2788,1.27883,0.23,True,
2026-09-27T01:05:29.166018+00:00,Coins.ph,PHP,62.465,62.455,-1.6,True,
2026-09-27T01:05:29.166018+00:00,BTCTurk,TRY,48.837,48.76,-15.77,True,
2026-09-27T01:05:29.166018+00:00,Upbit,KRW,1361.0,1361.0,0.0,True,
2026-09-27T01:05:29.166018+00:00,Indodax,IDR,17837.5,17806.5,-17.38,True,
2026-09-27T01:05:29.166018+00:00,Bitkub,THB,33.395,33.395,-0.0,True,
2026-09-27T01:05:29.166018+00:00,Bithumb,KRW,1361.5,1361.5,0.0,True,
2026-09-27T01:05:29.166018+00:00,Coinone,KRW,1361.5,1361.5,0.0,True,
2026-09-27T01:05:29.166018+00:00,Paribu,TRY,48.8215,48.817,-0.92,True,
2026-09-27T01:05:29.166018+00:00,Pintu,IDR,17781.0,17791.0,5.62,True,
2026-09-27T01:05:29.166018+00:00,Foxbit,BRL,5.19695,5.19685,-0.19,True,
2026-09-27T01:05:29.166018+00:00,MercadoBitcoin,BRL,5.19785,5.1976,-0.48,True,
2026-09-27T02:05:24.006299+00:00,IndependentReserve,SGD,1.2788,1.279215,3.25,True,
2026-09-27T02:05:24.006299+00:00,Coins.ph,PHP,62.465,62.455,-1.6,True,
2026-09-27T02:05:24.006299+00:00,BTCTurk,TRY,48.8675,48.764,-21.18,True,
2026-09-27T02:05:24.006299+00:00,Upbit,KRW,1359.0,1361.0,14.72,True,
2026-09-27T02:05:24.006299+00:00,Indodax,IDR,17837.5,17814.0,-13.17,True,
2026-09-27T02:05:24.006299+00:00,Bitkub,THB,33.395,33.395,-0.0,True,
2026-09-27T02:05:24.006299+00:00,Bithumb,KRW,1359.5,1358.5,-7.36,True,
2026-09-27T02:05:24.006299+00:00,Coinone,KRW,1359.5,1359.5,0.0,True,
2026-09-27T02:05:24.006299+00:00,Paribu,TRY,48.8215,48.8065,-3.07,True,
2026-09-27T02:05:24.006299+00:00,Pintu,IDR,17783.0,17792.0,5.06,True,
2026-09-27T02:05:24.006299+00:00,Foxbit,BRL,5.19695,5.19695,0.0,True,
2026-09-27T02:05:24.006299+00:00,MercadoBitcoin,BRL,5.19835,5.199,1.25,True,
2026-09-27T03:05:22.324615+00:00,IndependentReserve,SGD,1.2788,1.279335,4.18,True,
2026-09-27T03:05:22.324615+00:00,Coins.ph,PHP,62.465,62.455,-1.6,True,
2026-09-27T03:05:22.324615+00:00,BTCTurk,TRY,48.8645,48.764,-20.57,True,
2026-09-27T03:05:22.324615+00:00,Upbit,KRW,1361.0,1362.0,7.35,True,
2026-09-27T03:05:22.324615+00:00,Indodax,IDR,17837.5,17865.0,15.42,True,
2026-09-27T03:05:22.324615+00:00,Bitkub,THB,33.395,33.395,-0.0,True,
2026-09-27T03:05:22.324615+00:00,Bithumb,KRW,1361.5,1360.5,-7.34,True,
2026-09-27T03:05:22.324615+00:00,Coinone,KRW,1361.5,1361.5,0.0,True,
2026-09-27T03:05:22.324615+00:00,Paribu,TRY,48.8215,48.784,-7.68,True,
2026-09-27T03:05:22.324615+00:00,Pintu,IDR,17783.0,17793.0,5.62,True,
2026-09-27T03:05:22.324615+00:00,Foxbit,BRL,5.19695,5.19685,-0.19,True,
2026-09-27T03:05:22.324615+00:00,MercadoBitcoin,BRL,5.19735,5.19945,4.04,True,
2026-09-27T04:05:25.407115+00:00,IndependentReserve,SGD,,,,False,ValueError:no USDT mid captured this run
2026-09-27T04:05:25.407115+00:00,Coins.ph,PHP,62.465,62.455,-1.6,True,
2026-09-27T04:05:25.407115+00:00,BTCTurk,TRY,48.8775,48.7625,-23.53,True,
2026-09-27T04:05:25.407115+00:00,Upbit,KRW,1362.0,1363.0,7.34,True,
2026-09-27T04:05:25.407115+00:00,Indodax,IDR,17837.5,17866.0,15.98,True,
2026-09-27T04:05:25.407115+00:00,Bitkub,THB,33.395,33.395,-0.0,True,
2026-09-27T04:05:25.407115+00:00,Bithumb,KRW,1362.5,1362.5,0.0,True,
2026-09-27T04:05:25.407115+00:00,Coinone,KRW,1362.5,1362.5,0.0,True,
2026-09-27T04:05:25.407115+00:00,Paribu,TRY,48.8215,48.814,-1.54,True,
2026-09-27T04:05:25.407115+00:00,Pintu,IDR,17783.0,17794.0,6.19,True,
2026-09-27T04:05:25.407115+00:00,Foxbit,BRL,5.19665,5.19695,0.58,True,
2026-09-27T04:05:25.407115+00:00,MercadoBitcoin,BRL,5.19855,5.19935,1.54,True,
2026-09-27T05:05:23.692083+00:00,IndependentReserve,SGD,,,,False,ValueError:no USDT mid captured this run
2026-09-27T05:05:23.692083+00:00,Coins.ph,PHP,62.465,62.455,-1.6,True,
2026-09-27T05:05:23.692083+00:00,BTCTurk,TRY,48.8595,48.7635,-19.65,True,
2026-09-27T05:05:23.692083+00:00,Upbit,KRW,1362.0,1362.0,0.0,True,
2026-09-27T05:05:23.692083+00:00,Indodax,IDR,17833.5,17844.0,5.89,True,
2026-09-27T05:05:23.692083+00:00,Bitkub,THB,33.395,33.4,1.5,True,
2026-09-27T05:05:23.692083+00:00,Bithumb,KRW,1361.5,1362.5,7.34,True,
2026-09-27T05:05:23.692083+00:00,Coinone,KRW,1362.5,1362.5,0.0,True,
2026-09-27T05:05:23.692083+00:00,Paribu,TRY,48.8695,48.855,-2.97,True,
2026-09-27T05:05:23.692083+00:00,Pintu,IDR,17783.0,17793.0,5.62,True,
2026-09-27T05:05:23.692083+00:00,Foxbit,BRL,5.19665,5.19695,0.58,True,
2026-09-27T05:05:23.692083+00:00,MercadoBitcoin,BRL,5.19895,5.19925,0.58,True,
2026-09-27T06:05:21.401079+00:00,IndependentReserve,SGD,,,,False,ValueError:no USDT mid captured this run
2026-09-27T06:05:21.401079+00:00,Coins.ph,PHP,62.465,62.455,-1.6,True,
2026-09-27T06:05:21.401079+00:00,BTCTurk,TRY,48.8945,48.846,-9.92,True,
2026-09-27T06:05:21.401079+00:00,Upbit,KRW,1360.0,1360.0,0.0,True,
2026-09-27T06:05:21.401079+00:00,Indodax,IDR,17834.5,17842.5,4.49,True,
2026-09-27T06:05:21.401079+00:00,Bitkub,THB,33.395,33.4,1.5,True,
2026-09-27T06:05:21.401079+00:00,Bithumb,KRW,1360.5,1360.5,0.0,True,
2026-09-27T06:05:21.401079+00:00,Coinone,KRW,1360.5,1360.5,0.0,True,
2026-09-27T06:05:21.401079+00:00,Paribu,TRY,48.8725,48.815,-11.77,True,
2026-09-27T06:05:21.401079+00:00,Pintu,IDR,17783.0,17793.0,5.62,True,
2026-09-27T06:05:21.401079+00:00,Foxbit,BRL,5.19505,5.19715,4.04,True,
2026-09-27T06:05:21.401079+00:00,MercadoBitcoin,BRL,5.19815,5.19925,2.12,True,
2026-09-27T07:05:24.812754+00:00,IndependentReserve,SGD,,,,False,ValueError:no USDT mid captured this run
2026-09-27T07:05:24.812754+00:00,Coins.ph,PHP,62.5,62.455,-7.2,True,
2026-09-27T07:05:24.812754+00:00,BTCTurk,TRY,48.8935,48.8455,-9.82,True,
2026-09-27T07:05:24.812754+00:00,Upbit,KRW,1360.0,1360.0,0.0,True,
2026-09-27T07:05:24.812754+00:00,Indodax,IDR,17848.5,17847.0,-0.84,True,
2026-09-27T07:05:24.812754+00:00,Bitkub,THB,33.395,33.4,1.5,True,
2026-09-27T07:05:24.812754+00:00,Bithumb,KRW,1359.5,1359.5,0.0,True,
2026-09-27T07:05:24.812754+00:00,Coinone,KRW,1359.5,1359.5,0.0,True,
2026-09-27T07:05:24.812754+00:00,Paribu,TRY,48.8875,48.8835,-0.82,True,
2026-09-27T07:05:24.812754+00:00,Pintu,IDR,17783.0,17793.0,5.62,True,
2026-09-27T07:05:24.812754+00:00,Foxbit,BRL,5.19525,5.19805,5.39,True,
2026-09-27T07:05:24.812754+00:00,MercadoBitcoin,BRL,5.19775,5.1989,2.21,True,
2026-09-27T08:05:25.935234+00:00,IndependentReserve,SGD,1.278205,1.278155,-0.39,True,
2026-09-27T08:05:25.935234+00:00,Coins.ph,PHP,62.555,62.455,-15.99,True,
2026-09-27T08:05:25.935234+00:00,BTCTurk,TRY,48.8745,48.84,-7.06,True,
2026-09-27T08:05:25.935234+00:00,Upbit,KRW,1357.0,1358.0,7.37,True,
2026-09-27T08:05:25.935234+00:00,Indodax,IDR,17849.5,17824.5,-14.01,True,
2026-09-27T08:05:25.935234+00:00,Bitkub,THB,33.395,33.395,-0.0,True,
2026-09-27T08:05:25.935234+00:00,Bithumb,KRW,1356.5,1356.5,0.0,True,
2026-09-27T08:05:25.935234+00:00,Coinone,KRW,1357.5,1357.5,0.0,True,
2026-09-27T08:05:25.935234+00:00,Paribu,TRY,48.8535,48.8385,-3.07,True,
2026-09-27T08:05:25.935234+00:00,Pintu,IDR,17783.0,17792.0,5.06,True,
2026-09-27T08:05:25.935234+00:00,Foxbit,BRL,5.19535,5.1971,3.37,True,
2026-09-27T08:05:25.935234+00:00,MercadoBitcoin,BRL,5.19795,5.198,0.1,True,
2026-09-27T09:05:25.414169+00:00,IndependentReserve,SGD,1.27942,1.2791,-2.5,True,
2026-09-27T09:05:25.414169+00:00,Coins.ph,PHP,62.485,62.485,0.0,True,
2026-09-27T09:05:25.414169+00:00,BTCTurk,TRY,48.8915,48.847,-9.1,True,
2026-09-27T09:05:25.414169+00:00,Upbit,KRW,1359.0,1360.0,7.36,True,
2026-09-27T09:05:25.414169+00:00,Indodax,IDR,17841.5,17821.0,-11.49,True,
2026-09-27T09:05:25.414169+00:00,Bitkub,THB,33.395,33.405,2.99,True,
2026-09-27T09:05:25.414169+00:00,Bithumb,KRW,1359.5,1360.0,3.68,True,
2026-09-27T09:05:25.414169+00:00,Coinone,KRW,1359.5,1359.5,0.0,True,
2026-09-27T09:05:25.414169+00:00,Paribu,TRY,48.8845,48.8345,-10.23,True,
2026-09-27T09:05:25.414169+00:00,Pintu,IDR,17783.0,17792.0,5.06,True,
2026-09-27T09:05:25.414169+00:00,Foxbit,BRL,5.19535,5.1971,3.37,True,
2026-09-27T09:05:25.414169+00:00,MercadoBitcoin,BRL,5.19695,5.19805,2.12,True,
2026-09-27T10:05:25.263573+00:00,IndependentReserve,SGD,1.279155,1.278505,-5.08,True,
2026-09-27T10:05:25.263573+00:00,Coins.ph,PHP,62.505,62.485,-3.2,True,
2026-09-27T10:05:25.263573+00:00,BTCTurk,TRY,48.9045,48.8035,-20.65,True,
2026-09-27T10:05:25.263573+00:00,Upbit,KRW,1358.0,1358.0,0.0,True,
2026-09-27T10:05:25.263573+00:00,Indodax,IDR,17800.5,17805.0,2.53,True,
2026-09-27T10:05:25.263573+00:00,Bitkub,THB,33.395,33.4,1.5,True,
2026-09-27T10:05:25.263573+00:00,Bithumb,KRW,1358.5,1359.0,3.68,True,
2026-09-27T10:05:25.263573+00:00,Coinone,KRW,1358.5,1358.5,0.0,True,
2026-09-27T10:05:25.263573+00:00,Paribu,TRY,48.8555,48.8245,-6.35,True,
2026-09-27T10:05:25.263573+00:00,Pintu,IDR,17783.0,17792.0,5.06,True,
2026-09-27T10:05:25.263573+00:00,Foxbit,BRL,5.19605,5.19725,2.31,True,
2026-09-27T10:05:25.263573+00:00,MercadoBitcoin,BRL,5.19785,5.1978,-0.1,True,
2026-09-27T11:05:23.435314+00:00,IndependentReserve,SGD,1.2757,1.278535,22.22,True,
2026-09-27T11:05:23.435314+00:00,Coins.ph,PHP,62.525,62.505,-3.2,True,
2026-09-27T11:05:23.435314+00:00,BTCTurk,TRY,48.9155,48.857,-11.96,True,
2026-09-27T11:05:23.435314+00:00,Upbit,KRW,1358.0,1358.0,0.0,True,
2026-09-27T11:05:23.435314+00:00,Indodax,IDR,17812.0,17805.0,-3.93,True,
2026-09-27T11:05:23.435314+00:00,Bitkub,THB,33.395,33.4,1.5,True,
2026-09-27T11:05:23.435314+00:00,Bithumb,KRW,1358.5,1358.5,0.0,True,
2026-09-27T11:05:23.435314+00:00,Coinone,KRW,1358.5,1359.0,3.68,True,
2026-09-27T11:05:23.435314+00:00,Paribu,TRY,48.8875,48.8365,-10.43,True,
2026-09-27T11:05:23.435314+00:00,Pintu,IDR,17783.0,17792.0,5.06,True,
2026-09-27T11:05:23.435314+00:00,Foxbit,BRL,5.19605,5.1977,3.18,True,
2026-09-27T11:05:23.435314+00:00,MercadoBitcoin,BRL,5.19655,5.1976,2.02,True,
2026-09-27T12:05:25.534490+00:00,IndependentReserve,SGD,1.275725,1.27904,25.99,True,
2026-09-27T12:05:25.534490+00:00,Coins.ph,PHP,62.525,62.505,-3.2,True,
2026-09-27T12:05:25.534490+00:00,BTCTurk,TRY,48.9155,48.8655,-10.22,True,
2026-09-27T12:05:25.534490+00:00,Upbit,KRW,1358.0,1357.0,-7.36,True,
2026-09-27T12:05:25.534490+00:00,Indodax,IDR,17811.5,17806.5,-2.81,True,
2026-09-27T12:05:25.534490+00:00,Bitkub,THB,33.405,33.405,0.0,True,
2026-09-27T12:05:25.534490+00:00,Bithumb,KRW,1358.5,1359.5,7.36,True,
2026-09-27T12:05:25.534490+00:00,Coinone,KRW,1358.5,1358.5,0.0,True,
2026-09-27T12:05:25.534490+00:00,Paribu,TRY,48.8855,48.8645,-4.3,True,
2026-09-27T12:05:25.534490+00:00,Pintu,IDR,17783.0,17792.0,5.06,True,
2026-09-27T12:05:25.534490+00:00,Foxbit,BRL,5.19605,5.19615,0.19,True,
2026-09-27T12:05:25.534490+00:00,MercadoBitcoin,BRL,5.19545,5.1953,-0.29,True,
2026-09-27T13:05:26.341659+00:00,IndependentReserve,SGD,1.276695,1.27968,23.38,True,
2026-09-27T13:05:26.341659+00:00,Coins.ph,PHP,62.525,62.505,-3.2,True,
2026-09-27T13:05:26.341659+00:00,BTCTurk,TRY,48.9185,48.865,-10.94,True,
2026-09-27T13:05:26.341659+00:00,Upbit,KRW,1358.0,1360.0,14.73,True,
2026-09-27T13:05:26.341659+00:00,Indodax,IDR,17839.5,17812.5,-15.13,True,
2026-09-27T13:05:26.341659+00:00,Bitkub,THB,33.435,33.415,-5.98,True,
2026-09-27T13:05:26.341659+00:00,Bithumb,KRW,1358.5,1358.5,0.0,True,
2026-09-27T13:05:26.341659+00:00,Coinone,KRW,1358.5,1358.5,0.0,True,
2026-09-27T13:05:26.341659+00:00,Paribu,TRY,48.8995,48.8575,-8.59,True,
2026-09-27T13:05:26.341659+00:00,Pintu,IDR,17784.0,17792.0,4.5,True,
2026-09-27T13:05:26.341659+00:00,Foxbit,BRL,5.19645,5.1968,0.67,True,
2026-09-27T13:05:26.341659+00:00,MercadoBitcoin,BRL,5.19675,5.19585,-1.73,True,
2026-09-27T14:05:26.324824+00:00,IndependentReserve,SGD,1.276695,1.28015,27.06,True,
2026-09-27T14:05:26.324824+00:00,Coins.ph,PHP,62.535,62.515,-3.2,True,
2026-09-27T14:05:26.324824+00:00,BTCTurk,TRY,48.9235,48.9015,-4.5,True,
2026-09-27T14:05:26.324824+00:00,Upbit,KRW,1359.0,1360.0,7.36,True,
2026-09-27T14:05:26.324824+00:00,Indodax,IDR,17840.5,17812.5,-15.69,True,
2026-09-27T14:05:26.324824+00:00,Bitkub,THB,33.435,33.415,-5.98,True,
2026-09-27T14:05:26.324824+00:00,Bithumb,KRW,1358.5,1359.0,3.68,True,
2026-09-27T14:05:26.324824+00:00,Coinone,KRW,1359.0,1359.5,3.68,True,
2026-09-27T14:05:26.324824+00:00,Paribu,TRY,48.9085,48.957,9.92,True,
2026-09-27T14:05:26.324824+00:00,Pintu,IDR,17785.0,17792.0,3.94,True,
2026-09-27T14:05:26.324824+00:00,Foxbit,BRL,5.19785,5.1967,-2.21,True,
2026-09-27T14:05:26.324824+00:00,MercadoBitcoin,BRL,5.19745,5.19715,-0.58,True,
2026-09-27T15:05:24.553437+00:00,IndependentReserve,SGD,1.276715,1.28218,42.81,True,
2026-09-27T15:05:24.553437+00:00,Coins.ph,PHP,62.545,62.525,-3.2,True,
2026-09-27T15:05:24.553437+00:00,BTCTurk,TRY,48.942,48.8485,-19.1,True,
2026-09-27T15:05:24.553437+00:00,Upbit,KRW,1360.0,1359.0,-7.35,True,
2026-09-27T15:05:24.553437+00:00,Indodax,IDR,17859.5,17812.5,-26.32,True,
2026-09-27T15:05:24.553437+00:00,Bitkub,THB,33.46,33.415,-13.45,True,
2026-09-27T15:05:24.553437+00:00,Bithumb,KRW,1359.5,1360.5,7.36,True,
2026-09-27T15:05:24.553437+00:00,Coinone,KRW,1359.5,1359.5,0.0,True,
2026-09-27T15:05:24.553437+00:00,Paribu,TRY,48.9095,48.936,5.42,True,
2026-09-27T15:05:24.553437+00:00,Pintu,IDR,17786.0,17792.0,3.37,True,
2026-09-27T15:05:24.553437+00:00,Foxbit,BRL,5.19785,5.1984,1.06,True,
2026-09-27T15:05:24.553437+00:00,MercadoBitcoin,BRL,5.19935,5.19805,-2.5,True,
2026-09-27T16:05:23.517526+00:00,IndependentReserve,SGD,1.2767,1.28237,44.41,True,
2026-09-27T16:05:23.517526+00:00,Coins.ph,PHP,62.545,62.525,-3.2,True,
2026-09-27T16:05:23.517526+00:00,BTCTurk,TRY,48.9325,48.847,-17.47,True,
2026-09-27T16:05:23.517526+00:00,Upbit,KRW,1360.0,1360.0,0.0,True,
2026-09-27T16:05:23.517526+00:00,Indodax,IDR,17859.5,17812.5,-26.32,True,
2026-09-27T16:05:23.517526+00:00,Bitkub,THB,33.465,33.415,-14.94,True,
2026-09-27T16:05:23.517526+00:00,Bithumb,KRW,1360.5,1360.5,0.0,True,
2026-09-27T16:05:23.517526+00:00,Coinone,KRW,1360.5,1360.5,0.0,True,
2026-09-27T16:05:23.517526+00:00,Paribu,TRY,48.8995,48.955,11.35,True,
2026-09-27T16:05:23.517526+00:00,Pintu,IDR,17786.0,17793.0,3.94,True,
2026-09-27T16:05:23.517526+00:00,Foxbit,BRL,5.19805,5.19805,0.0,True,
2026-09-27T16:05:23.517526+00:00,MercadoBitcoin,BRL,5.19675,5.1975,1.44,True,
2026-09-27T17:05:28.357262+00:00,IndependentReserve,SGD,1.277535,1.283475,46.5,True,
2026-09-27T17:05:28.357262+00:00,Coins.ph,PHP,62.545,62.525,-3.2,True,
2026-09-27T17:05:28.357262+00:00,BTCTurk,TRY,48.9365,48.904,-6.64,True,
2026-09-27T17:05:28.357262+00:00,Upbit,KRW,1360.0,1362.0,14.71,True,
2026-09-27T17:05:28.357262+00:00,Indodax,IDR,17859.5,17834.5,-14.0,True,
2026-09-27T17:05:28.357262+00:00,Bitkub,THB,33.455,33.465,2.99,True,
2026-09-27T17:05:28.357262+00:00,Bithumb,KRW,1359.5,1359.5,0.0,True,
2026-09-27T17:05:28.357262+00:00,Coinone,KRW,1359.5,1359.5,0.0,True,
2026-09-27T17:05:28.357262+00:00,Paribu,TRY,48.9085,48.8935,-3.07,True,
2026-09-27T17:05:28.357262+00:00,Pintu,IDR,17786.0,17794.0,4.5,True,
2026-09-27T17:05:28.357262+00:00,Foxbit,BRL,5.19905,5.19865,-0.77,True,
2026-09-27T17:05:28.357262+00:00,MercadoBitcoin,BRL,5.19625,5.1993,5.87,True,
2026-09-27T18:05:27.612017+00:00,IndependentReserve,SGD,1.277595,1.283015,42.42,True,
2026-09-27T18:05:27.612017+00:00,Coins.ph,PHP,62.545,62.525,-3.2,True,
2026-09-27T18:05:27.612017+00:00,BTCTurk,TRY,48.9375,48.902,-7.25,True,
2026-09-27T18:05:27.612017+00:00,Upbit,KRW,1357.0,1357.0,0.0,True,
2026-09-27T18:05:27.612017+00:00,Indodax,IDR,17859.5,17834.5,-14.0,True,
2026-09-27T18:05:27.612017+00:00,Bitkub,THB,33.455,33.46,1.49,True,
2026-09-27T18:05:27.612017+00:00,Bithumb,KRW,1356.5,1358.5,14.74,True,
2026-09-27T18:05:27.612017+00:00,Coinone,KRW,1356.5,1357.5,7.37,True,
2026-09-27T18:05:27.612017+00:00,Paribu,TRY,48.9095,48.8915,-3.68,True,
2026-09-27T18:05:27.612017+00:00,Pintu,IDR,17787.0,17793.0,3.37,True,
2026-09-27T18:05:27.612017+00:00,Foxbit,BRL,5.19895,5.19865,-0.58,True,
2026-09-27T18:05:27.612017+00:00,MercadoBitcoin,BRL,5.19625,5.1987,4.71,True,
2026-09-27T19:05:24.486757+00:00,IndependentReserve,SGD,1.27756,1.28181,33.27,True,
2026-09-27T19:05:24.486757+00:00,Coins.ph,PHP,62.545,62.525,-3.2,True,
2026-09-27T19:05:24.486757+00:00,BTCTurk,TRY,48.9265,48.847,-16.25,True,
2026-09-27T19:05:24.486757+00:00,Upbit,KRW,1355.0,1356.0,7.38,True,
2026-09-27T19:05:24.486757+00:00,Indodax,IDR,17849.0,17834.5,-8.12,True,
2026-09-27T19:05:24.486757+00:00,Bitkub,THB,33.445,33.465,5.98,True,
2026-09-27T19:05:24.486757+00:00,Bithumb,KRW,1355.5,1356.5,7.38,True,
2026-09-27T19:05:24.486757+00:00,Coinone,KRW,1354.5,1355.5,7.38,True,
2026-09-27T19:05:24.486757+00:00,Paribu,TRY,48.9205,48.89,-6.23,True,
2026-09-27T19:05:24.486757+00:00,Pintu,IDR,17787.0,17794.0,3.94,True,
2026-09-27T19:05:24.486757+00:00,Foxbit,BRL,5.19965,5.1989,-1.44,True,
2026-09-27T19:05:24.486757+00:00,MercadoBitcoin,BRL,5.19925,5.1988,-0.87,True,
2026-09-27T20:05:27.666047+00:00,IndependentReserve,SGD,1.27744,1.28135,30.61,True,
2026-09-27T20:05:27.666047+00:00,Coins.ph,PHP,62.545,62.525,-3.2,True,
2026-09-27T20:05:27.666047+00:00,BTCTurk,TRY,48.9485,48.8565,-18.8,True,
2026-09-27T20:05:27.666047+00:00,Upbit,KRW,1354.0,1353.0,-7.39,True,
2026-09-27T20:05:27.666047+00:00,Indodax,IDR,17855.5,17834.5,-11.76,True,
2026-09-27T20:05:27.666047+00:00,Bitkub,THB,33.455,33.455,0.0,True,
2026-09-27T20:05:27.666047+00:00,Bithumb,KRW,1354.5,1355.5,7.38,True,
2026-09-27T20:05:27.666047+00:00,Coinone,KRW,1354.5,1354.5,0.0,True,
2026-09-27T20:05:27.666047+00:00,Paribu,TRY,48.9575,48.89,-13.79,True,
2026-09-27T20:05:27.666047+00:00,Pintu,IDR,17787.0,17793.0,3.37,True,
2026-09-27T20:05:27.666047+00:00,Foxbit,BRL,5.20125,5.20205,1.54,True,
2026-09-27T20:05:27.666047+00:00,MercadoBitcoin,BRL,5.19955,5.20075,2.31,True,
2026-09-27T21:05:32.355086+00:00,IndependentReserve,SGD,1.277485,1.28115,28.69,True,
2026-09-27T21:05:32.355086+00:00,Coins.ph,PHP,62.545,62.525,-3.2,True,
2026-09-27T21:05:32.355086+00:00,BTCTurk,TRY,48.9535,48.9405,-2.66,True,
2026-09-27T21:05:32.355086+00:00,Upbit,KRW,1355.0,1355.0,0.0,True,
2026-09-27T21:05:32.355086+00:00,Indodax,IDR,17854.5,17834.5,-11.2,True,
2026-09-27T21:05:32.355086+00:00,Bitkub,THB,33.455,33.445,-2.99,True,
2026-09-27T21:05:32.355086+00:00,Bithumb,KRW,1355.5,1355.5,0.0,True,
2026-09-27T21:05:32.355086+00:00,Coinone,KRW,1355.5,1355.5,0.0,True,
2026-09-27T21:05:32.355086+00:00,Paribu,TRY,48.9505,48.9385,-2.45,True,
2026-09-27T21:05:32.355086+00:00,Pintu,IDR,17787.0,17793.0,3.37,True,
2026-09-27T21:05:32.355086+00:00,Foxbit,BRL,5.20105,5.20155,0.96,True,
2026-09-27T21:05:32.355086+00:00,MercadoBitcoin,BRL,5.19995,5.20025,0.58,True,
2026-09-27T22:05:27.605216+00:00,IndependentReserve,SGD,1.27753,1.28087,26.14,True,
2026-09-27T22:05:27.605216+00:00,Coins.ph,PHP,62.545,62.525,-3.2,True,
2026-09-27T22:05:27.605216+00:00,BTCTurk,TRY,48.9585,48.8665,-18.79,True,
2026-09-27T22:05:27.605216+00:00,Upbit,KRW,1358.0,1357.0,-7.36,True,
2026-09-27T22:05:27.605216+00:00,Indodax,IDR,17861.5,17834.5,-15.12,True,
2026-09-27T22:05:27.605216+00:00,Bitkub,THB,33.445,33.45,1.49,True,
2026-09-27T22:05:27.605216+00:00,Bithumb,KRW,1355.5,1355.5,0.0,True,
2026-09-27T22:05:27.605216+00:00,Coinone,KRW,1356.5,1356.5,0.0,True,
2026-09-27T22:05:27.605216+00:00,Paribu,TRY,48.9265,48.963,7.46,True,
2026-09-27T22:05:27.605216+00:00,Pintu,IDR,17787.0,17792.0,2.81,True,
2026-09-27T22:05:27.605216+00:00,Foxbit,BRL,5.19995,5.2003,0.67,True,
2026-09-27T22:05:27.605216+00:00,MercadoBitcoin,BRL,5.20005,5.1999,-0.29,True,
2026-09-27T23:05:27.386798+00:00,IndependentReserve,SGD,1.277495,1.280765,25.6,True,
2026-09-27T23:05:27.386798+00:00,Coins.ph,PHP,62.465,62.475,1.6,True,
2026-09-27T23:05:27.386798+00:00,BTCTurk,TRY,48.9455,48.948,0.51,True,
2026-09-27T23:05:27.386798+00:00,Upbit,KRW,1358.0,1357.0,-7.36,True,
2026-09-27T23:05:27.386798+00:00,Indodax,IDR,17867.5,17834.5,-18.47,True,
2026-09-27T23:05:27.386798+00:00,Bitkub,THB,33.435,33.445,2.99,True,
2026-09-27T23:05:27.386798+00:00,Bithumb,KRW,1358.5,1359.5,7.36,True,
2026-09-27T23:05:27.386798+00:00,Coinone,KRW,1358.5,1358.5,0.0,True,
2026-09-27T23:05:27.386798+00:00,Paribu,TRY,48.9285,48.938,1.94,True,
2026-09-27T23:05:27.386798+00:00,Pintu,IDR,17787.0,17793.0,3.37,True,
2026-09-27T23:05:27.386798+00:00,Foxbit,BRL,5.19995,5.2011,2.21,True,
2026-09-27T23:05:27.386798+00:00,MercadoBitcoin,BRL,5.20065,5.20175,2.12,True,
2026-09-28T00:05:27.489826+00:00,IndependentReserve,SGD,1.2781,1.28061,19.64,True,
2026-09-28T00:05:27.489826+00:00,Coins.ph,PHP,62.465,62.475,1.6,True,
2026-09-28T00:05:27.489826+00:00,BTCTurk,TRY,48.939,48.9435,0.92,True,
2026-09-28T00:05:27.489826+00:00,Upbit,KRW,1354.0,1356.0,14.77,True,
2026-09-28T00:05:27.489826+00:00,Indodax,IDR,17866.5,17834.5,-17.91,True,
2026-09-28T00:05:27.489826+00:00,Bitkub,THB,33.455,33.45,-1.49,True,
2026-09-28T00:05:27.489826+00:00,Bithumb,KRW,1354.5,1355.5,7.38,True,
2026-09-28T00:05:27.489826+00:00,Coinone,KRW,1354.5,1354.5,0.0,True,
2026-09-28T00:05:27.489826+00:00,Paribu,TRY,48.9285,48.9755,9.61,True,
2026-09-28T00:05:27.489826+00:00,Pintu,IDR,17787.0,17793.0,3.37,True,
2026-09-28T00:05:27.489826+00:00,Foxbit,BRL,5.20415,5.20275,-2.69,True,
2026-09-28T00:05:27.489826+00:00,MercadoBitcoin,BRL,5.20305,5.20295,-0.19,True,
2026-09-28T01:06:00.230778+00:00,IndependentReserve,SGD,1.278145,1.27858,3.4,True,
2026-09-28T01:06:00.230778+00:00,Coins.ph,PHP,62.51,62.52,1.6,True,
2026-09-28T01:06:00.230778+00:00,BTCTurk,TRY,48.949,48.871,-15.93,True,
2026-09-28T01:06:00.230778+00:00,Upbit,KRW,1357.0,1358.0,7.37,True,
2026-09-28T01:06:00.230778+00:00,Indodax,IDR,17869.5,17834.5,-19.59,True,
2026-09-28T01:06:00.230778+00:00,Bitkub,THB,,,,False,ValueError:no USDT mid captured this run
2026-09-28T01:06:00.230778+00:00,Bithumb,KRW,1357.5,1357.5,0.0,True,
2026-09-28T01:06:00.230778+00:00,Coinone,KRW,1358.5,1358.5,0.0,True,
2026-09-28T01:06:00.230778+00:00,Paribu,TRY,48.9285,48.935,1.33,True,
2026-09-28T01:06:00.230778+00:00,Pintu,IDR,17787.0,17792.0,2.81,True,
2026-09-28T01:06:00.230778+00:00,Foxbit,BRL,5.20735,5.2071,-0.48,True,
2026-09-28T01:06:00.230778+00:00,MercadoBitcoin,BRL,5.20705,5.20675,-0.58,True,
2026-09-28T02:05:27.584924+00:00,IndependentReserve,SGD,1.278145,1.279945,14.08,True,
2026-09-28T02:05:27.584924+00:00,Coins.ph,PHP,62.505,62.505,-0.0,True,
2026-09-28T02:05:27.584924+00:00,BTCTurk,TRY,48.9575,48.8745,-16.95,True,
2026-09-28T02:05:27.584924+00:00,Upbit,KRW,1358.0,1358.0,0.0,True,
2026-09-28T02:05:27.584924+00:00,Indodax,IDR,17879.5,17855.0,-13.7,True,
2026-09-28T02:05:27.584924+00:00,Bitkub,THB,33.495,33.465,-8.96,True,
2026-09-28T02:05:27.584924+00:00,Bithumb,KRW,1359.5,1359.5,0.0,True,
2026-09-28T02:05:27.584924+00:00,Coinone,KRW,1359.5,1359.5,0.0,True,
2026-09-28T02:05:27.584924+00:00,Paribu,TRY,48.9305,48.9465,3.27,True,
2026-09-28T02:05:27.584924+00:00,Pintu,IDR,17834.0,17882.0,26.91,True,
2026-09-28T02:05:27.584924+00:00,Foxbit,BRL,5.20935,5.2106,2.4,True,
2026-09-28T02:05:27.584924+00:00,MercadoBitcoin,BRL,5.20665,5.2086,3.75,True,
2026-09-28T03:05:28.046277+00:00,IndependentReserve,SGD,1.278505,1.279805,10.17,True,
2026-09-28T03:05:28.046277+00:00,Coins.ph,PHP,62.505,62.485,-3.2,True,
2026-09-28T03:05:28.046277+00:00,BTCTurk,TRY,48.957,48.919,-7.76,True,
2026-09-28T03:05:28.046277+00:00,Upbit,KRW,1356.0,1355.0,-7.37,True,
2026-09-28T03:05:28.046277+00:00,Indodax,IDR,17894.5,17888.0,-3.63,True,
2026-09-28T03:05:28.046277+00:00,Bitkub,THB,33.545,33.495,-14.91,True,
2026-09-28T03:05:28.046277+00:00,Bithumb,KRW,1356.5,1356.5,0.0,True,
2026-09-28T03:05:28.046277+00:00,Coinone,KRW,1356.5,1356.5,0.0,True,
2026-09-28T03:05:28.046277+00:00,Paribu,TRY,48.9305,48.939,1.74,True,
2026-09-28T03:05:28.046277+00:00,Pintu,IDR,17901.0,17882.0,-10.61,True,
2026-09-28T03:05:28.046277+00:00,Foxbit,BRL,5.20855,5.20915,1.15,True,
2026-09-28T03:05:28.046277+00:00,MercadoBitcoin,BRL,5.20695,5.20785,1.73,True,
2026-09-28T04:05:23.485334+00:00,IndependentReserve,SGD,1.277695,1.27971,15.77,True,
2026-09-28T04:05:23.485334+00:00,Coins.ph,PHP,62.505,62.495,-1.6,True,
2026-09-28T04:05:23.485334+00:00,BTCTurk,TRY,48.9645,48.9405,-4.9,True,
2026-09-28T04:05:23.485334+00:00,Upbit,KRW,1356.0,1357.0,7.37,True,
2026-09-28T04:05:23.485334+00:00,Indodax,IDR,17885.5,17878.5,-3.91,True,
2026-09-28T04:05:23.485334+00:00,Bitkub,THB,33.575,33.58,1.49,True,
2026-09-28T04:05:23.485334+00:00,Bithumb,KRW,1356.5,1357.5,7.37,True,
2026-09-28T04:05:23.485334+00:00,Coinone,KRW,1356.5,1356.5,0.0,True,
2026-09-28T04:05:23.485334+00:00,Paribu,TRY,48.9465,48.944,-0.51,True,
2026-09-28T04:05:23.485334+00:00,Pintu,IDR,17911.0,17884.0,-15.07,True,
2026-09-28T04:05:23.485334+00:00,Foxbit,BRL,5.20995,5.2122,4.32,True,
2026-09-28T04:05:23.485334+00:00,MercadoBitcoin,BRL,5.21215,5.2127,1.06,True,
2026-09-28T05:05:28.091307+00:00,IndependentReserve,SGD,1.27762,1.277745,0.98,True,
2026-09-28T05:05:28.091307+00:00,Coins.ph,PHP,62.515,62.495,-3.2,True,
2026-09-28T05:05:28.091307+00:00,BTCTurk,TRY,48.9645,48.941,-4.8,True,
2026-09-28T05:05:28.091307+00:00,Upbit,KRW,1355.0,1356.0,7.38,True,
2026-09-28T05:05:28.091307+00:00,Indodax,IDR,17889.5,17893.0,1.96,True,
2026-09-28T05:05:28.091307+00:00,Bitkub,THB,33.545,33.555,2.98,True,
2026-09-28T05:05:28.091307+00:00,Bithumb,KRW,1356.5,1356.0,-3.69,True,
2026-09-28T05:05:28.091307+00:00,Coinone,KRW,1356.5,1356.5,0.0,True,
2026-09-28T05:05:28.091307+00:00,Paribu,TRY,48.9685,48.9645,-0.82,True,
2026-09-28T05:05:28.091307+00:00,Pintu,IDR,17925.0,17909.0,-8.93,True,
2026-09-28T05:05:28.091307+00:00,Foxbit,BRL,5.20845,5.2116,6.05,True,
2026-09-28T05:05:28.091307+00:00,MercadoBitcoin,BRL,5.21045,5.21165,2.3,True,
2026-09-28T06:05:26.947277+00:00,IndependentReserve,SGD,1.277695,1.27849,6.22,True,
2026-09-28T06:05:26.947277+00:00,Coins.ph,PHP,62.545,62.535,-1.6,True,
2026-09-28T06:05:26.947277+00:00,BTCTurk,TRY,48.9605,48.965,0.92,True,
2026-09-28T06:05:26.947277+00:00,Upbit,KRW,1358.0,1357.0,-7.36,True,
2026-09-28T06:05:26.947277+00:00,Indodax,IDR,17899.5,17881.0,-10.34,True,
2026-09-28T06:05:26.947277+00:00,Bitkub,THB,33.595,33.595,0.0,True,
2026-09-28T06:05:26.947277+00:00,Bithumb,KRW,1358.5,1359.5,7.36,True,
2026-09-28T06:05:26.947277+00:00,Coinone,KRW,1359.5,1358.5,-7.36,True,
2026-09-28T06:05:26.947277+00:00,Paribu,TRY,48.9625,48.975,2.55,True,
2026-09-28T06:05:26.947277+00:00,Pintu,IDR,17930.0,17909.0,-11.71,True,
2026-09-28T06:05:26.947277+00:00,Foxbit,BRL,5.21235,5.21285,0.96,True,
2026-09-28T06:05:26.947277+00:00,MercadoBitcoin,BRL,5.21155,5.21325,3.26,True,
2026-09-28T07:05:25.195646+00:00,IndependentReserve,SGD,1.276995,1.278915,15.04,True,
2026-09-28T07:05:25.195646+00:00,Coins.ph,PHP,62.53,62.545,2.4,True,
2026-09-28T07:05:25.195646+00:00,BTCTurk,TRY,48.9645,48.9305,-6.94,True,
2026-09-28T07:05:25.195646+00:00,Upbit,KRW,1360.0,1360.0,0.0,True,
2026-09-28T07:05:25.195646+00:00,Indodax,IDR,17929.5,17914.0,-8.64,True,
2026-09-28T07:05:25.195646+00:00,Bitkub,THB,33.575,33.595,5.96,True,
2026-09-28T07:05:25.195646+00:00,Bithumb,KRW,1359.5,1360.5,7.36,True,
2026-09-28T07:05:25.195646+00:00,Coinone,KRW,1359.5,1359.5,0.0,True,
2026-09-28T07:05:25.195646+00:00,Paribu,TRY,48.9695,48.9605,-1.84,True,
2026-09-28T07:05:25.195646+00:00,Pintu,IDR,17936.0,17911.0,-13.94,True,
2026-09-28T07:05:25.195646+00:00,Foxbit,BRL,5.21185,5.2131,2.4,True,
2026-09-28T07:05:25.195646+00:00,MercadoBitcoin,BRL,5.21155,5.21405,4.8,True,
2026-09-28T08:05:27.422945+00:00,IndependentReserve,SGD,1.27738,1.276595,-6.15,True,
2026-09-28T08:05:27.422945+00:00,Coins.ph,PHP,62.555,62.56,0.8,True,
2026-09-28T08:05:27.422945+00:00,BTCTurk,TRY,48.966,48.9575,-1.74,True,
2026-09-28T08:05:27.422945+00:00,Upbit,KRW,1360.0,1359.0,-7.35,True,
2026-09-28T08:05:27.422945+00:00,Indodax,IDR,17940.5,17911.5,-16.16,True,
2026-09-28T08:05:27.422945+00:00,Bitkub,THB,33.545,33.55,1.49,True,
2026-09-28T08:05:27.422945+00:00,Bithumb,KRW,1360.5,1361.5,7.35,True,
2026-09-28T08:05:27.422945+00:00,Coinone,KRW,1360.5,1360.5,0.0,True,
2026-09-28T08:05:27.422945+00:00,Paribu,TRY,48.9665,48.939,-5.62,True,
2026-09-28T08:05:27.422945+00:00,Pintu,IDR,17925.0,17917.0,-4.46,True,
2026-09-28T08:05:27.422945+00:00,Foxbit,BRL,5.21225,5.2134,2.21,True,
2026-09-28T08:05:27.422945+00:00,MercadoBitcoin,BRL,5.21405,5.21405,0.0,True,
2026-09-28T09:05:26.257554+00:00,IndependentReserve,SGD,1.278125,1.27687,-9.82,True,
2026-09-28T09:05:26.257554+00:00,Coins.ph,PHP,62.555,62.505,-7.99,True,
2026-09-28T09:05:26.257554+00:00,BTCTurk,TRY,48.9705,48.969,-0.31,True,
2026-09-28T09:05:26.257554+00:00,Upbit,KRW,1359.0,1360.0,7.36,True,
2026-09-28T09:05:26.257554+00:00,Indodax,IDR,17949.0,17920.0,-16.16,True,
2026-09-28T09:05:26.257554+00:00,Bitkub,THB,33.545,33.54,-1.49,True,
2026-09-28T09:05:26.257554+00:00,Bithumb,KRW,1359.5,1359.5,0.0,True,
2026-09-28T09:05:26.257554+00:00,Coinone,KRW,1359.5,1360.5,7.36,True,
2026-09-28T09:05:26.257554+00:00,Paribu,TRY,48.9795,48.944,-7.25,True,
2026-09-28T09:05:26.257554+00:00,Pintu,IDR,17936.0,17917.0,-10.59,True,
2026-09-28T09:05:26.257554+00:00,Foxbit,BRL,5.21095,5.2123,2.59,True,
2026-09-28T09:05:26.257554+00:00,MercadoBitcoin,BRL,5.21045,5.21325,5.37,True,
2026-09-28T10:05:27.465550+00:00,IndependentReserve,SGD,1.277795,1.28074,23.05,True,
2026-09-28T10:05:27.465550+00:00,Coins.ph,PHP,62.545,62.545,0.0,True,
2026-09-28T10:05:27.465550+00:00,BTCTurk,TRY,48.9705,48.983,2.55,True,
2026-09-28T10:05:27.465550+00:00,Upbit,KRW,1356.0,1356.0,0.0,True,
2026-09-28T10:05:27.465550+00:00,Indodax,IDR,17958.0,17950.0,-4.45,True,
2026-09-28T10:05:27.465550+00:00,Bitkub,THB,33.555,33.555,0.0,True,
2026-09-28T10:05:27.465550+00:00,Bithumb,KRW,1356.5,1357.5,7.37,True,
2026-09-28T10:05:27.465550+00:00,Coinone,KRW,1356.5,1357.5,7.37,True,
2026-09-28T10:05:27.465550+00:00,Paribu,TRY,48.9645,48.985,4.19,True,
2026-09-28T10:05:27.465550+00:00,Pintu,IDR,17949.0,17916.0,-18.39,True,
2026-09-28T10:05:27.465550+00:00,Foxbit,BRL,5.20945,5.2122,5.28,True,
2026-09-28T10:05:27.465550+00:00,MercadoBitcoin,BRL,5.21055,5.21355,5.76,True,
2026-09-28T11:05:24.421083+00:00,IndependentReserve,SGD,1.277825,1.278805,7.67,True,
2026-09-28T11:05:24.421083+00:00,Coins.ph,PHP,62.525,62.535,1.6,True,
2026-09-28T11:05:24.421083+00:00,BTCTurk,TRY,48.9695,48.981,2.35,True,
2026-09-28T11:05:24.421083+00:00,Upbit,KRW,1358.0,1359.0,7.36,True,
2026-09-28T11:05:24.421083+00:00,Indodax,IDR,17935.5,17913.5,-12.27,True,
2026-09-28T11:05:24.421083+00:00,Bitkub,THB,33.555,33.55,-1.49,True,
2026-09-28T11:05:24.421083+00:00,Bithumb,KRW,1357.5,1358.5,7.37,True,
2026-09-28T11:05:24.421083+00:00,Coinone,KRW,1357.5,1358.5,7.37,True,
2026-09-28T11:05:24.421083+00:00,Paribu,TRY,48.9645,48.9575,-1.43,True,
2026-09-28T11:05:24.421083+00:00,Pintu,IDR,17955.0,17917.0,-21.16,True,
2026-09-28T11:05:24.421083+00:00,Foxbit,BRL,5.21235,5.21355,2.3,True,
2026-09-28T11:05:24.421083+00:00,MercadoBitcoin,BRL,5.21395,5.21475,1.53,True,
2026-09-28T12:05:31.551587+00:00,IndependentReserve,SGD,1.27767,1.278245,4.5,True,
2026-09-28T12:05:31.551587+00:00,Coins.ph,PHP,62.535,62.525,-1.6,True,
2026-09-28T12:05:31.551587+00:00,BTCTurk,TRY,48.962,48.968,1.23,True,
2026-09-28T12:05:31.551587+00:00,Upbit,KRW,1359.0,1358.0,-7.36,True,
2026-09-28T12:05:31.551587+00:00,Indodax,IDR,17957.5,17938.5,-10.58,True,
2026-09-28T12:05:31.551587+00:00,Bitkub,THB,33.555,33.55,-1.49,True,
2026-09-28T12:05:31.551587+00:00,Bithumb,KRW,1358.5,1358.5,0.0,True,
2026-09-28T12:05:31.551587+00:00,Coinone,KRW,1358.5,1358.5,0.0,True,
2026-09-28T12:05:31.551587+00:00,Paribu,TRY,48.9525,48.951,-0.31,True,
2026-09-28T12:05:31.551587+00:00,Pintu,IDR,17962.0,17915.0,-26.17,True,
2026-09-28T12:05:31.551587+00:00,Foxbit,BRL,5.21345,5.2139,0.86,True,
2026-09-28T12:05:31.551587+00:00,MercadoBitcoin,BRL,5.21205,5.21535,6.33,True,
2026-09-28T13:05:28.419753+00:00,IndependentReserve,SGD,1.277785,1.27959,14.13,True,
2026-09-28T13:05:28.419753+00:00,Coins.ph,PHP,62.505,62.49,-2.4,True,
2026-09-28T13:05:28.419753+00:00,BTCTurk,TRY,48.9665,48.8805,-17.56,True,
2026-09-28T13:05:28.419753+00:00,Upbit,KRW,1357.0,1358.0,7.37,True,
2026-09-28T13:05:28.419753+00:00,Indodax,IDR,17959.5,17974.5,8.35,True,
2026-09-28T13:05:28.419753+00:00,Bitkub,THB,33.575,33.55,-7.45,True,
2026-09-28T13:05:28.419753+00:00,Bithumb,KRW,1357.5,1359.0,11.05,True,
2026-09-28T13:05:28.419753+00:00,Coinone,KRW,1358.5,1358.5,0.0,True,
2026-09-28T13:05:28.419753+00:00,Paribu,TRY,48.9505,48.955,0.92,True,
2026-09-28T13:05:28.419753+00:00,Pintu,IDR,17956.0,17924.0,-17.82,True,
2026-09-28T13:05:28.419753+00:00,Foxbit,BRL,5.21635,5.2168,0.86,True,
2026-09-28T13:05:28.419753+00:00,MercadoBitcoin,BRL,5.21435,5.21715,5.37,True,
2026-09-28T14:05:31.266408+00:00,IndependentReserve,SGD,1.27804,1.27875,5.56,True,
2026-09-28T14:05:31.266408+00:00,Coins.ph,PHP,62.515,62.5,-2.4,True,
2026-09-28T14:05:31.266408+00:00,BTCTurk,TRY,48.9615,48.9705,1.84,True,
2026-09-28T14:05:31.266408+00:00,Upbit,KRW,1356.0,1357.0,7.37,True,
2026-09-28T14:05:31.266408+00:00,Indodax,IDR,17943.5,17955.5,6.69,True,
2026-09-28T14:05:31.266408+00:00,Bitkub,THB,33.575,33.575,0.0,True,
2026-09-28T14:05:31.266408+00:00,Bithumb,KRW,1357.5,1358.5,7.37,True,
2026-09-28T14:05:31.266408+00:00,Coinone,KRW,1357.5,1357.5,0.0,True,
2026-09-28T14:05:31.266408+00:00,Paribu,TRY,48.9695,48.9565,-2.65,True,
2026-09-28T14:05:31.266408+00:00,Pintu,IDR,17964.0,17924.0,-22.27,True,
2026-09-28T14:05:31.266408+00:00,Foxbit,BRL,5.21565,5.21765,3.83,True,
2026-09-28T14:05:31.266408+00:00,MercadoBitcoin,BRL,5.21505,5.21765,4.99,True,
2026-09-28T15:05:28.575071+00:00,IndependentReserve,SGD,1.277915,1.278775,6.73,True,
2026-09-28T15:05:28.575071+00:00,Coins.ph,PHP,62.59,62.565,-3.99,True,
2026-09-28T15:05:28.575071+00:00,BTCTurk,TRY,49.0065,49.018,2.35,True,
2026-09-28T15:05:28.575071+00:00,Upbit,KRW,1361.0,1361.0,0.0,True,
2026-09-28T15:05:28.575071+00:00,Indodax,IDR,17999.5,17972.5,-15.0,True,
2026-09-28T15:05:28.575071+00:00,Bitkub,THB,33.615,33.61,-1.49,True,
2026-09-28T15:05:28.575071+00:00,Bithumb,KRW,1360.5,1361.5,7.35,True,
2026-09-28T15:05:28.575071+00:00,Coinone,KRW,1360.5,1360.5,0.0,True,
2026-09-28T15:05:28.575071+00:00,Paribu,TRY,48.9785,48.9555,-4.7,True,
2026-09-28T15:05:28.575071+00:00,Pintu,IDR,17982.0,17926.0,-31.14,True,
2026-09-28T15:05:28.575071+00:00,Foxbit,BRL,5.22405,5.22495,1.72,True,
2026-09-28T15:05:28.575071+00:00,MercadoBitcoin,BRL,5.22305,5.22445,2.68,True,
2026-09-28T16:05:27.369549+00:00,IndependentReserve,SGD,1.277915,1.278595,5.32,True,
2026-09-28T16:05:27.369549+00:00,Coins.ph,PHP,62.575,62.58,0.8,True,
2026-09-28T16:05:27.369549+00:00,BTCTurk,TRY,49.0005,49.0165,3.27,True,
2026-09-28T16:05:27.369549+00:00,Upbit,KRW,1359.0,1361.0,14.72,True,
2026-09-28T16:05:27.369549+00:00,Indodax,IDR,17999.5,17974.5,-13.89,True,
2026-09-28T16:05:27.369549+00:00,Bitkub,THB,33.6,33.615,4.46,True,
2026-09-28T16:05:27.369549+00:00,Bithumb,KRW,1360.5,1361.5,7.35,True,
2026-09-28T16:05:27.369549+00:00,Coinone,KRW,1360.5,1361.5,7.35,True,
2026-09-28T16:05:27.369549+00:00,Paribu,TRY,48.9875,48.9785,-1.84,True,
2026-09-28T16:05:27.369549+00:00,Pintu,IDR,17985.0,17926.0,-32.81,True,
2026-09-28T16:05:27.369549+00:00,Foxbit,BRL,5.22695,5.22925,4.4,True,
2026-09-28T16:05:27.369549+00:00,MercadoBitcoin,BRL,5.22395,5.22715,6.13,True,
2026-09-28T17:05:50.853283+00:00,IndependentReserve,SGD,1.27796,1.27789,-0.55,True,
2026-09-28T17:05:50.853283+00:00,Coins.ph,PHP,62.56,62.545,-2.4,True,
2026-09-28T17:05:50.853283+00:00,BTCTurk,TRY,49.0005,49.0155,3.06,True,
2026-09-28T17:05:50.853283+00:00,Upbit,KRW,1358.0,1359.0,7.36,True,
2026-09-28T17:05:50.853283+00:00,Indodax,IDR,17998.5,17974.5,-13.33,True,
2026-09-28T17:05:50.853283+00:00,Bitkub,THB,33.565,33.565,0.0,True,
2026-09-28T17:05:50.853283+00:00,Bithumb,KRW,1359.5,1360.0,3.68,True,
2026-09-28T17:05:50.853283+00:00,Coinone,KRW,1359.5,1360.0,3.68,True,
2026-09-28T17:05:50.853283+00:00,Paribu,TRY,48.9755,48.9665,-1.84,True,
2026-09-28T17:05:50.853283+00:00,Pintu,IDR,17972.0,17926.0,-25.6,True,
2026-09-28T17:05:50.853283+00:00,Foxbit,BRL,5.22405,5.22525,2.3,True,
2026-09-28T17:05:50.853283+00:00,MercadoBitcoin,BRL,5.22245,5.22585,6.51,True,
2026-09-28T18:05:29.751505+00:00,IndependentReserve,SGD,1.27645,1.27757,8.77,True,
2026-09-28T18:05:29.751505+00:00,Coins.ph,PHP,62.55,62.555,0.8,True,
2026-09-28T18:05:29.751505+00:00,BTCTurk,TRY,49.0005,48.986,-2.96,True,
2026-09-28T18:05:29.751505+00:00,Upbit,KRW,1356.0,1358.0,14.75,True,
2026-09-28T18:05:29.751505+00:00,Indodax,IDR,17995.0,17974.5,-11.39,True,
2026-09-28T18:05:29.751505+00:00,Bitkub,THB,33.535,33.545,2.98,True,
2026-09-28T18:05:29.751505+00:00,Bithumb,KRW,1357.5,1358.5,7.37,True,
2026-09-28T18:05:29.751505+00:00,Coinone,KRW,1356.5,1357.5,7.37,True,
2026-09-28T18:05:29.751505+00:00,Paribu,TRY,49.0055,48.9925,-2.65,True,
2026-09-28T18:05:29.751505+00:00,Pintu,IDR,17982.0,17927.0,-30.59,True,
2026-09-28T18:05:29.751505+00:00,Foxbit,BRL,5.22075,5.2233,4.88,True,
2026-09-28T18:05:29.751505+00:00,MercadoBitcoin,BRL,5.21975,5.22395,8.05,True,
2026-09-28T19:05:33.420821+00:00,IndependentReserve,SGD,1.276465,1.277865,10.97,True,
2026-09-28T19:05:33.420821+00:00,Coins.ph,PHP,62.53,62.545,2.4,True,
2026-09-28T19:05:33.420821+00:00,BTCTurk,TRY,49.0005,48.986,-2.96,True,
2026-09-28T19:05:33.420821+00:00,Upbit,KRW,1356.0,1359.0,22.12,True,
2026-09-28T19:05:33.420821+00:00,Indodax,IDR,17993.5,17974.5,-10.56,True,
2026-09-28T19:05:33.420821+00:00,Bitkub,THB,33.555,33.545,-2.98,True,
2026-09-28T19:05:33.420821+00:00,Bithumb,KRW,1357.5,1358.0,3.68,True,
2026-09-28T19:05:33.420821+00:00,Coinone,KRW,1357.5,1358.5,7.37,True,
2026-09-28T19:05:33.420821+00:00,Paribu,TRY,48.9835,48.9925,1.84,True,
2026-09-28T19:05:33.420821+00:00,Pintu,IDR,17983.0,17927.0,-31.14,True,
2026-09-28T19:05:33.420821+00:00,Foxbit,BRL,5.22315,5.22555,4.59,True,
2026-09-28T19:05:33.420821+00:00,MercadoBitcoin,BRL,5.22445,5.22505,1.15,True,
2026-09-28T20:05:26.912935+00:00,IndependentReserve,SGD,1.277,1.277985,7.71,True,
2026-09-28T20:05:26.912935+00:00,Coins.ph,PHP,62.545,62.545,0.0,True,
2026-09-28T20:05:26.912935+00:00,BTCTurk,TRY,49.0005,49.016,3.16,True,
2026-09-28T20:05:26.912935+00:00,Upbit,KRW,1361.0,1361.0,0.0,True,
2026-09-28T20:05:26.912935+00:00,Indodax,IDR,17997.5,17974.5,-12.78,True,
2026-09-28T20:05:26.912935+00:00,Bitkub,THB,33.575,33.585,2.98,True,
2026-09-28T20:05:26.912935+00:00,Bithumb,KRW,1361.5,1362.5,7.34,True,
2026-09-28T20:05:26.912935+00:00,Coinone,KRW,1360.5,1361.5,7.35,True,
2026-09-28T20:05:26.912935+00:00,Paribu,TRY,48.9625,48.994,6.43,True,
2026-09-28T20:05:26.912935+00:00,Pintu,IDR,17969.0,17928.0,-22.82,True,
2026-09-28T20:05:26.912935+00:00,Foxbit,BRL,5.22565,5.22965,7.65,True,
2026-09-28T20:05:26.912935+00:00,MercadoBitcoin,BRL,5.22625,5.2296,6.41,True,
2026-09-28T21:05:25.192770+00:00,IndependentReserve,SGD,1.276885,1.278545,13.0,True,
2026-09-28T21:05:25.192770+00:00,Coins.ph,PHP,62.545,62.545,0.0,True,
2026-09-28T21:05:25.192770+00:00,BTCTurk,TRY,48.9995,48.9935,-1.22,True,
2026-09-28T21:05:25.192770+00:00,Upbit,KRW,1360.0,1360.0,0.0,True,
2026-09-28T21:05:25.192770+00:00,Indodax,IDR,17998.5,17974.5,-13.33,True,
2026-09-28T21:05:25.192770+00:00,Bitkub,THB,33.555,33.585,8.94,True,
2026-09-28T21:05:25.192770+00:00,Bithumb,KRW,1359.5,1360.5,7.36,True,
2026-09-28T21:05:25.192770+00:00,Coinone,KRW,1359.5,1360.5,7.36,True,
2026-09-28T21:05:25.192770+00:00,Paribu,TRY,49.0095,48.996,-2.75,True,
2026-09-28T21:05:25.192770+00:00,Pintu,IDR,17973.0,17929.0,-24.48,True,
2026-09-28T21:05:25.192770+00:00,Foxbit,BRL,5.22775,5.23225,8.61,True,
2026-09-28T21:05:25.192770+00:00,MercadoBitcoin,BRL,5.22735,5.23165,8.23,True,
2026-09-28T22:05:26.709505+00:00,IndependentReserve,SGD,1.276775,1.278995,17.39,True,
2026-09-28T22:05:26.709505+00:00,Coins.ph,PHP,62.55,62.53,-3.2,True,
2026-09-28T22:05:26.709505+00:00,BTCTurk,TRY,49.0005,48.9645,-7.35,True,
2026-09-28T22:05:26.709505+00:00,Upbit,KRW,1362.0,1363.0,7.34,True,
2026-09-28T22:05:26.709505+00:00,Indodax,IDR,17999.5,17974.5,-13.89,True,
2026-09-28T22:05:26.709505+00:00,Bitkub,THB,33.555,33.565,2.98,True,
2026-09-28T22:05:26.709505+00:00,Bithumb,KRW,1362.5,1362.0,-3.67,True,
2026-09-28T22:05:26.709505+00:00,Coinone,KRW,1361.5,1362.5,7.34,True,
2026-09-28T22:05:26.709505+00:00,Paribu,TRY,49.0095,48.9965,-2.65,True,
2026-09-28T22:05:26.709505+00:00,Pintu,IDR,17962.0,17929.0,-18.37,True,
2026-09-28T22:05:26.709505+00:00,Foxbit,BRL,5.23085,5.23265,3.44,True,
2026-09-28T22:05:26.709505+00:00,MercadoBitcoin,BRL,5.23115,5.23265,2.87,True,
2026-09-28T23:05:28.696806+00:00,IndependentReserve,SGD,1.27681,1.27917,18.48,True,
2026-09-28T23:05:28.696806+00:00,Coins.ph,PHP,62.55,62.545,-0.8,True,
2026-09-28T23:05:28.696806+00:00,BTCTurk,TRY,49.0075,48.959,-9.9,True,
2026-09-28T23:05:28.696806+00:00,Upbit,KRW,1359.0,1360.0,7.36,True,
2026-09-28T23:05:28.696806+00:00,Indodax,IDR,17988.0,17974.5,-7.51,True,
2026-09-28T23:05:28.696806+00:00,Bitkub,THB,33.555,33.545,-2.98,True,
2026-09-28T23:05:28.696806+00:00,Bithumb,KRW,1359.5,1361.5,14.71,True,
2026-09-28T23:05:28.696806+00:00,Coinone,KRW,1359.5,1360.5,7.36,True,
2026-09-28T23:05:28.696806+00:00,Paribu,TRY,48.9845,48.9965,2.45,True,
2026-09-28T23:05:28.696806+00:00,Pintu,IDR,17958.0,17929.0,-16.15,True,
2026-09-28T23:05:28.696806+00:00,Foxbit,BRL,5.23105,5.23355,4.78,True,
2026-09-28T23:05:28.696806+00:00,MercadoBitcoin,BRL,5.23175,5.23445,5.16,True,
2026-09-29T00:05:30.426641+00:00,IndependentReserve,SGD,1.276765,1.279255,19.5,True,
2026-09-29T00:05:30.426641+00:00,Coins.ph,PHP,62.545,62.56,2.4,True,
2026-09-29T00:05:30.426641+00:00,BTCTurk,TRY,49.0055,48.9425,-12.86,True,
2026-09-29T00:05:30.426641+00:00,Upbit,KRW,1358.0,1360.0,14.73,True,
2026-09-29T00:05:30.426641+00:00,Indodax,IDR,17982.5,17958.0,-13.62,True,
2026-09-29T00:05:30.426641+00:00,Bitkub,THB,33.585,33.545,-11.91,True,
2026-09-29T00:05:30.426641+00:00,Bithumb,KRW,1359.5,1359.5,0.0,True,
2026-09-29T00:05:30.426641+00:00,Coinone,KRW,1358.5,1359.5,7.36,True,
2026-09-29T00:05:30.426641+00:00,Paribu,TRY,48.9625,48.996,6.84,True,
2026-09-29T00:05:30.426641+00:00,Pintu,IDR,17948.0,17928.0,-11.14,True,
2026-09-29T00:05:30.426641+00:00,Foxbit,BRL,5.23255,5.23375,2.29,True,
2026-09-29T00:05:30.426641+00:00,MercadoBitcoin,BRL,5.23445,5.23435,-0.19,True,
2026-09-29T01:05:24.620817+00:00,IndependentReserve,SGD,1.2768,1.279495,21.11,True,
2026-09-29T01:05:24.620817+00:00,Coins.ph,PHP,62.485,62.505,3.2,True,
2026-09-29T01:05:24.620817+00:00,BTCTurk,TRY,48.9985,48.9515,-9.59,True,
2026-09-29T01:05:24.620817+00:00,Upbit,KRW,1358.0,1360.0,14.73,True,
2026-09-29T01:05:24.620817+00:00,Indodax,IDR,17981.5,17974.5,-3.89,True,
2026-09-29T01:05:24.620817+00:00,Bitkub,THB,33.595,33.595,0.0,True,
2026-09-29T01:05:24.620817+00:00,Bithumb,KRW,1359.5,1360.5,7.36,True,
2026-09-29T01:05:24.620817+00:00,Coinone,KRW,1359.5,1360.5,7.36,True,
2026-09-29T01:05:24.620817+00:00,Paribu,TRY,48.9625,48.996,6.84,True,
2026-09-29T01:05:24.620817+00:00,Pintu,IDR,17952.0,17928.0,-13.37,True,
2026-09-29T01:05:24.620817+00:00,Foxbit,BRL,5.23315,5.234,1.62,True,
2026-09-29T01:05:24.620817+00:00,MercadoBitcoin,BRL,5.23275,5.23435,3.06,True,
2026-09-29T02:05:29.638001+00:00,IndependentReserve,SGD,1.277425,1.27969,17.73,True,
2026-09-29T02:05:29.638001+00:00,Coins.ph,PHP,62.405,62.42,2.4,True,
2026-09-29T02:05:29.638001+00:00,BTCTurk,TRY,48.999,48.9405,-11.94,True,
2026-09-29T02:05:29.638001+00:00,Upbit,KRW,1360.0,1359.0,-7.35,True,
2026-09-29T02:05:29.638001+00:00,Indodax,IDR,17983.5,17974.5,-5.0,True,
2026-09-29T02:05:29.638001+00:00,Bitkub,THB,33.595,33.605,2.98,True,
2026-09-29T02:05:29.638001+00:00,Bithumb,KRW,1360.5,1361.5,7.35,True,
2026-09-29T02:05:29.638001+00:00,Coinone,KRW,1360.5,1361.5,7.35,True,
2026-09-29T02:05:29.638001+00:00,Paribu,TRY,48.9625,48.996,6.84,True,
2026-09-29T02:05:29.638001+00:00,Pintu,IDR,17983.0,17978.0,-2.78,True,
2026-09-29T02:05:29.638001+00:00,Foxbit,BRL,5.23405,5.2365,4.68,True,
2026-09-29T02:05:29.638001+00:00,MercadoBitcoin,BRL,5.23345,5.2362,5.25,True,
2026-09-29T03:05:27.605369+00:00,IndependentReserve,SGD,1.27741,1.27971,18.01,True,
2026-09-29T03:05:27.605369+00:00,Coins.ph,PHP,62.505,62.5,-0.8,True,
2026-09-29T03:05:27.605369+00:00,BTCTurk,TRY,49.0055,48.9375,-13.88,True,
2026-09-29T03:05:27.605369+00:00,Upbit,KRW,1357.0,1359.0,14.74,True,
2026-09-29T03:05:27.605369+00:00,Indodax,IDR,17975.5,17974.5,-0.56,True,
2026-09-29T03:05:27.605369+00:00,Bitkub,THB,33.555,33.575,5.96,True,
2026-09-29T03:05:27.605369+00:00,Bithumb,KRW,1358.5,1359.5,7.36,True,
2026-09-29T03:05:27.605369+00:00,Coinone,KRW,1358.5,1359.5,7.36,True,
2026-09-29T03:05:27.605369+00:00,Paribu,TRY,48.9625,48.996,6.84,True,
2026-09-29T03:05:27.605369+00:00,Pintu,IDR,18005.0,17979.0,-14.44,True,
2026-09-29T03:05:27.605369+00:00,Foxbit,BRL,5.23425,5.23695,5.16,True,
2026-09-29T03:05:27.605369+00:00,MercadoBitcoin,BRL,5.23485,5.23725,4.58,True,
2026-09-29T04:05:24.847721+00:00,IndependentReserve,SGD,1.277375,1.28004,20.86,True,
2026-09-29T04:05:24.847721+00:00,Coins.ph,PHP,62.485,62.495,1.6,True,
2026-09-29T04:05:24.847721+00:00,BTCTurk,TRY,49.009,48.938,-14.49,True,
2026-09-29T04:05:24.847721+00:00,Upbit,KRW,1357.0,1359.0,14.74,True,
2026-09-29T04:05:24.847721+00:00,Indodax,IDR,17970.5,17974.0,1.95,True,
2026-09-29T04:05:24.847721+00:00,Bitkub,THB,33.615,33.615,-0.0,True,
2026-09-29T04:05:24.847721+00:00,Bithumb,KRW,1357.5,1359.5,14.73,True,
2026-09-29T04:05:24.847721+00:00,Coinone,KRW,1357.5,1358.5,7.37,True,
2026-09-29T04:05:24.847721+00:00,Paribu,TRY,48.9625,48.996,6.84,True,
2026-09-29T04:05:24.847721+00:00,Pintu,IDR,17989.0,17978.0,-6.11,True,
2026-09-29T04:05:24.847721+00:00,Foxbit,BRL,5.23705,5.2383,2.39,True,
2026-09-29T04:05:24.847721+00:00,MercadoBitcoin,BRL,5.23655,5.23845,3.63,True,
2026-09-29T05:05:30.612056+00:00,IndependentReserve,SGD,1.277345,1.280135,21.84,True,
2026-09-29T05:05:30.612056+00:00,Coins.ph,PHP,62.495,62.515,3.2,True,
2026-09-29T05:05:30.612056+00:00,BTCTurk,TRY,49.0165,48.9425,-15.1,True,
2026-09-29T05:05:30.612056+00:00,Upbit,KRW,1358.0,1359.0,7.36,True,
2026-09-29T05:05:30.612056+00:00,Indodax,IDR,17974.0,17974.5,0.28,True,
2026-09-29T05:05:30.612056+00:00,Bitkub,THB,33.605,33.615,2.98,True,
2026-09-29T05:05:30.612056+00:00,Bithumb,KRW,1358.5,1359.5,7.36,True,
2026-09-29T05:05:30.612056+00:00,Coinone,KRW,1358.5,1359.5,7.36,True,
2026-09-29T05:05:30.612056+00:00,Paribu,TRY,48.9625,48.996,6.84,True,
2026-09-29T05:05:30.612056+00:00,Pintu,IDR,18002.0,17998.0,-2.22,True,
2026-09-29T05:05:30.612056+00:00,Foxbit,BRL,5.23965,5.2424,5.25,True,
2026-09-29T05:05:30.612056+00:00,MercadoBitcoin,BRL,5.23955,5.24245,5.53,True,
2026-09-29T06:05:35.195178+00:00,IndependentReserve,SGD,1.27819,1.280385,17.17,True,
2026-09-29T06:05:35.195178+00:00,Coins.ph,PHP,62.495,62.515,3.2,True,
2026-09-29T06:05:35.195178+00:00,BTCTurk,TRY,49.0155,48.9405,-15.3,True,
2026-09-29T06:05:35.195178+00:00,Upbit,KRW,1357.0,1359.0,14.74,True,
2026-09-29T06:05:35.195178+00:00,Indodax,IDR,17970.0,17974.0,2.23,True,
2026-09-29T06:05:35.195178+00:00,Bitkub,THB,33.605,33.61,1.49,True,
2026-09-29T06:05:35.195178+00:00,Bithumb,KRW,1357.5,1358.5,7.37,True,
2026-09-29T06:05:35.195178+00:00,Coinone,KRW,1356.5,1357.0,3.69,True,
2026-09-29T06:05:35.195178+00:00,Paribu,TRY,48.9915,48.996,0.92,True,
2026-09-29T06:05:35.195178+00:00,Pintu,IDR,18003.0,17998.0,-2.78,True,
2026-09-29T06:05:35.195178+00:00,Foxbit,BRL,5.23985,5.243,6.01,True,
2026-09-29T06:05:35.195178+00:00,MercadoBitcoin,BRL,5.24225,5.24265,0.76,True,
2026-09-29T07:05:34.170901+00:00,IndependentReserve,SGD,1.278505,1.280515,15.72,True,
2026-09-29T07:05:34.170901+00:00,Coins.ph,PHP,62.575,62.585,1.6,True,
2026-09-29T07:05:34.170901+00:00,BTCTurk,TRY,48.9905,48.9755,-3.06,True,
2026-09-29T07:05:34.170901+00:00,Upbit,KRW,1356.0,1355.0,-7.37,True,
2026-09-29T07:05:34.170901+00:00,Indodax,IDR,17962.5,17973.5,6.12,True,
2026-09-29T07:05:34.170901+00:00,Bitkub,THB,33.605,33.625,5.95,True,
2026-09-29T07:05:34.170901+00:00,Bithumb,KRW,1356.5,1357.5,7.37,True,
2026-09-29T07:05:34.170901+00:00,Coinone,KRW,1356.5,1356.5,0.0,True,
2026-09-29T07:05:34.170901+00:00,Paribu,TRY,48.9665,48.996,6.02,True,
2026-09-29T07:05:34.170901+00:00,Pintu,IDR,18004.0,17998.0,-3.33,True,
2026-09-29T07:05:34.170901+00:00,Foxbit,BRL,5.2355,5.23805,4.87,True,
2026-09-29T07:05:34.170901+00:00,MercadoBitcoin,BRL,5.23485,5.2392,8.31,True,
2026-09-29T08:05:32.331929+00:00,IndependentReserve,SGD,1.2783,1.28071,18.85,True,
2026-09-29T08:05:32.331929+00:00,Coins.ph,PHP,62.555,62.565,1.6,True,
2026-09-29T08:05:32.331929+00:00,BTCTurk,TRY,48.9595,48.964,0.92,True,
2026-09-29T08:05:32.331929+00:00,Upbit,KRW,1356.0,1355.0,-7.37,True,
2026-09-29T08:05:32.331929+00:00,Indodax,IDR,17951.5,17973.5,12.26,True,
2026-09-29T08:05:32.331929+00:00,Bitkub,THB,33.575,33.59,4.47,True,
2026-09-29T08:05:32.331929+00:00,Bithumb,KRW,1356.5,1356.5,0.0,True,
2026-09-29T08:05:32.331929+00:00,Coinone,KRW,1356.5,1356.5,0.0,True,
2026-09-29T08:05:32.331929+00:00,Paribu,TRY,48.9885,48.996,1.53,True,
2026-09-29T08:05:32.331929+00:00,Pintu,IDR,17987.0,17998.0,6.12,True,
2026-09-29T08:05:32.331929+00:00,Foxbit,BRL,5.23465,5.2353,1.24,True,
2026-09-29T08:05:32.331929+00:00,MercadoBitcoin,BRL,5.23315,5.235,3.54,True,
2026-09-29T09:05:34.325739+00:00,IndependentReserve,SGD,1.27836,1.280635,17.8,True,
2026-09-29T09:05:34.325739+00:00,Coins.ph,PHP,62.525,62.555,4.8,True,
2026-09-29T09:05:34.325739+00:00,BTCTurk,TRY,48.986,48.9685,-3.57,True,
2026-09-29T09:05:34.325739+00:00,Upbit,KRW,1356.0,1356.0,0.0,True,
2026-09-29T09:05:34.325739+00:00,Indodax,IDR,17950.5,17973.5,12.81,True,
2026-09-29T09:05:34.325739+00:00,Bitkub,THB,33.585,33.595,2.98,True,
2026-09-29T09:05:34.325739+00:00,Bithumb,KRW,1356.5,1357.5,7.37,True,
2026-09-29T09:05:34.325739+00:00,Coinone,KRW,1356.5,1357.5,7.37,True,
2026-09-29T09:05:34.325739+00:00,Paribu,TRY,48.9695,48.996,5.41,True,
2026-09-29T09:05:34.325739+00:00,Pintu,IDR,17983.0,17997.0,7.79,True,
2026-09-29T09:05:34.325739+00:00,Foxbit,BRL,5.23215,5.2355,6.4,True,
2026-09-29T09:05:34.325739+00:00,MercadoBitcoin,BRL,5.23165,5.2359,8.12,True,
2026-09-29T10:05:36.509499+00:00,IndependentReserve,SGD,1.278535,1.280855,18.15,True,
2026-09-29T10:05:36.509499+00:00,Coins.ph,PHP,62.555,62.555,0.0,True,
2026-09-29T10:05:36.509499+00:00,BTCTurk,TRY,48.9555,48.96,0.92,True,
2026-09-29T10:05:36.509499+00:00,Upbit,KRW,1355.0,1357.0,14.76,True,
2026-09-29T10:05:36.509499+00:00,Indodax,IDR,17926.0,17888.5,-20.92,True,
2026-09-29T10:05:36.509499+00:00,Bitkub,THB,33.575,33.585,2.98,True,
2026-09-29T10:05:36.509499+00:00,Bithumb,KRW,1356.5,1357.5,7.37,True,
2026-09-29T10:05:36.509499+00:00,Coinone,KRW,1356.5,1356.5,0.0,True,
2026-09-29T10:05:36.509499+00:00,Paribu,TRY,48.9605,48.994,6.84,True,
2026-09-29T10:05:36.509499+00:00,Pintu,IDR,17969.0,17997.0,15.58,True,
2026-09-29T10:05:36.509499+00:00,Foxbit,BRL,5.23515,5.2366,2.77,True,
2026-09-29T10:05:36.509499+00:00,MercadoBitcoin,BRL,5.23305,5.2359,5.45,True,
2026-09-29T11:05:31.744584+00:00,IndependentReserve,SGD,1.27853,1.27995,11.11,True,
2026-09-29T11:05:31.744584+00:00,Coins.ph,PHP,62.535,62.555,3.2,True,
2026-09-29T11:05:31.744584+00:00,BTCTurk,TRY,48.9505,48.96,1.94,True,
2026-09-29T11:05:31.744584+00:00,Upbit,KRW,1356.0,1355.0,-7.37,True,
2026-09-29T11:05:31.744584+00:00,Indodax,IDR,17918.0,17917.5,-0.28,True,
2026-09-29T11:05:31.744584+00:00,Bitkub,THB,33.505,33.52,4.48,True,
2026-09-29T11:05:31.744584+00:00,Bithumb,KRW,1356.5,1358.5,14.74,True,
2026-09-29T11:05:31.744584+00:00,Coinone,KRW,1356.5,1356.5,0.0,True,
2026-09-29T11:05:31.744584+00:00,Paribu,TRY,48.955,48.9645,1.94,True,
2026-09-29T11:05:31.744584+00:00,Pintu,IDR,17961.0,17967.0,3.34,True,
2026-09-29T11:05:31.744584+00:00,Foxbit,BRL,5.23315,5.2336,0.86,True,
2026-09-29T11:05:31.744584+00:00,MercadoBitcoin,BRL,5.23055,5.23395,6.5,True,
2026-09-29T12:05:32.550100+00:00,IndependentReserve,SGD,1.27751,1.27922,13.39,True,
2026-09-29T12:05:32.550100+00:00,Coins.ph,PHP,62.535,62.555,3.2,True,
2026-09-29T12:05:32.550100+00:00,BTCTurk,TRY,48.9385,48.968,6.03,True,
2026-09-29T12:05:32.550100+00:00,Upbit,KRW,1354.0,1356.0,14.77,True,
2026-09-29T12:05:32.550100+00:00,Indodax,IDR,17914.5,17915.5,0.56,True,
2026-09-29T12:05:32.550100+00:00,Bitkub,THB,33.485,33.49,1.49,True,
2026-09-29T12:05:32.550100+00:00,Bithumb,KRW,1354.5,1354.5,0.0,True,
2026-09-29T12:05:32.550100+00:00,Coinone,KRW,1354.5,1354.5,0.0,True,
2026-09-29T12:05:32.550100+00:00,Paribu,TRY,48.9485,48.922,-5.41,True,
2026-09-29T12:05:32.550100+00:00,Pintu,IDR,17941.0,17966.0,13.93,True,
2026-09-29T12:05:32.550100+00:00,Foxbit,BRL,5.21705,5.2189,3.55,True,
2026-09-29T12:05:32.550100+00:00,MercadoBitcoin,BRL,5.21795,5.2192,2.4,True,
2026-09-29T13:05:33.125642+00:00,IndependentReserve,SGD,1.277605,1.279395,14.01,True,
2026-09-29T13:05:33.125642+00:00,Coins.ph,PHP,62.525,62.535,1.6,True,
2026-09-29T13:05:33.125642+00:00,BTCTurk,TRY,48.937,48.9005,-7.46,True,
2026-09-29T13:05:33.125642+00:00,Upbit,KRW,1351.0,1351.0,0.0,True,
2026-09-29T13:05:33.125642+00:00,Indodax,IDR,17903.5,17910.0,3.63,True,
2026-09-29T13:05:33.125642+00:00,Bitkub,THB,33.525,33.545,5.97,True,
2026-09-29T13:05:33.125642+00:00,Bithumb,KRW,1351.5,1351.5,0.0,True,
2026-09-29T13:05:33.125642+00:00,Coinone,KRW,1351.5,1351.5,0.0,True,
2026-09-29T13:05:33.125642+00:00,Paribu,TRY,48.9365,48.8955,-8.38,True,
2026-09-29T13:05:33.125642+00:00,Pintu,IDR,17951.0,17964.0,7.24,True,
2026-09-29T13:05:33.125642+00:00,Foxbit,BRL,5.21555,5.2154,-0.29,True,
2026-09-29T13:05:33.125642+00:00,MercadoBitcoin,BRL,5.21375,5.2169,6.04,True,
2026-09-29T14:05:33.969336+00:00,IndependentReserve,SGD,1.27791,1.279975,16.16,True,
2026-09-29T14:05:33.969336+00:00,Coins.ph,PHP,62.555,62.565,1.6,True,
2026-09-29T14:05:33.969336+00:00,BTCTurk,TRY,48.9495,48.876,-15.02,True,
2026-09-29T14:05:33.969336+00:00,Upbit,KRW,1352.0,1350.0,-14.79,True,
2026-09-29T14:05:33.969336+00:00,Indodax,IDR,17909.5,17893.0,-9.21,True,
2026-09-29T14:05:33.969336+00:00,Bitkub,THB,33.535,33.53,-1.49,True,
2026-09-29T14:05:33.969336+00:00,Bithumb,KRW,1351.5,1352.5,7.4,True,
2026-09-29T14:05:33.969336+00:00,Coinone,KRW,1351.5,1351.5,0.0,True,
2026-09-29T14:05:33.969336+00:00,Paribu,TRY,48.9385,48.918,-4.19,True,
2026-09-29T14:05:33.969336+00:00,Pintu,IDR,17980.0,17965.0,-8.34,True,
2026-09-29T14:05:33.969336+00:00,Foxbit,BRL,5.21775,5.2187,1.82,True,
2026-09-29T14:05:33.969336+00:00,MercadoBitcoin,BRL,5.21685,5.21945,4.98,True,
2026-09-29T15:05:33.369115+00:00,IndependentReserve,SGD,1.277765,1.27994,17.02,True,
2026-09-29T15:05:33.369115+00:00,Coins.ph,PHP,62.605,62.625,3.19,True,
2026-09-29T15:05:33.369115+00:00,BTCTurk,TRY,48.9225,48.873,-10.12,True,
2026-09-29T15:05:33.369115+00:00,Upbit,KRW,1352.0,1352.0,0.0,True,
2026-09-29T15:05:33.369115+00:00,Indodax,IDR,17903.5,17905.0,0.84,True,
2026-09-29T15:05:33.369115+00:00,Bitkub,THB,33.535,33.535,0.0,True,
2026-09-29T15:05:33.369115+00:00,Bithumb,KRW,1352.5,1352.5,0.0,True,
2026-09-29T15:05:33.369115+00:00,Coinone,KRW,1352.5,1353.5,7.39,True,
2026-09-29T15:05:33.369115+00:00,Paribu,TRY,48.942,48.912,-6.13,True,
2026-09-29T15:05:33.369115+00:00,Pintu,IDR,17943.0,17967.0,13.38,True,
2026-09-29T15:05:33.369115+00:00,Foxbit,BRL,5.23095,5.2338,5.45,True,
2026-09-29T15:05:33.369115+00:00,MercadoBitcoin,BRL,5.23055,5.2332,5.07,True,
2026-09-29T16:05:42.328596+00:00,IndependentReserve,SGD,1.27829,1.280345,16.08,True,
2026-09-29T16:05:42.328596+00:00,Coins.ph,PHP,62.615,62.625,1.6,True,
2026-09-29T16:05:42.328596+00:00,BTCTurk,TRY,48.969,48.9295,-8.07,True,
2026-09-29T16:05:42.328596+00:00,Upbit,KRW,1355.0,1356.0,7.38,True,
2026-09-29T16:05:42.328596+00:00,Indodax,IDR,17918.5,17907.0,-6.42,True,
2026-09-29T16:05:42.328596+00:00,Bitkub,THB,33.535,33.545,2.98,True,
2026-09-29T16:05:42.328596+00:00,Bithumb,KRW,1354.5,1355.5,7.38,True,
2026-09-29T16:05:42.328596+00:00,Coinone,KRW,1354.5,1354.5,0.0,True,
2026-09-29T16:05:42.328596+00:00,Paribu,TRY,48.9605,48.9095,-10.42,True,
2026-09-29T16:05:42.328596+00:00,Pintu,IDR,17973.0,17964.0,-5.01,True,
2026-09-29T16:05:42.328596+00:00,Foxbit,BRL,5.23685,5.24085,7.64,True,
2026-09-29T16:05:42.328596+00:00,MercadoBitcoin,BRL,5.2391,5.24155,4.68,True,
2026-09-29T17:05:36.166657+00:00,IndependentReserve,SGD,1.278175,1.280995,22.06,True,
2026-09-29T17:05:36.166657+00:00,Coins.ph,PHP,62.625,62.635,1.6,True,
2026-09-29T17:05:36.166657+00:00,BTCTurk,TRY,48.987,48.9705,-3.37,True,
2026-09-29T17:05:36.166657+00:00,Upbit,KRW,1358.0,1358.0,0.0,True,
2026-09-29T17:05:36.166657+00:00,Indodax,IDR,17918.5,17898.0,-11.44,True,
2026-09-29T17:05:36.166657+00:00,Bitkub,THB,33.555,33.55,-1.49,True,
2026-09-29T17:05:36.166657+00:00,Bithumb,KRW,1358.5,1359.5,7.36,True,
2026-09-29T17:05:36.166657+00:00,Coinone,KRW,1358.5,1358.5,0.0,True,
2026-09-29T17:05:36.166657+00:00,Paribu,TRY,48.9605,48.948,-2.55,True,
2026-09-29T17:05:36.166657+00:00,Pintu,IDR,17963.0,17964.0,0.56,True,
2026-09-29T17:05:36.166657+00:00,Foxbit,BRL,5.24335,5.24445,2.1,True,
2026-09-29T17:05:36.166657+00:00,MercadoBitcoin,BRL,5.24085,5.2439,5.82,True,
2026-09-29T18:06:07.319102+00:00,IndependentReserve,SGD,1.27872,1.2802,11.57,True,
2026-09-29T18:06:07.319102+00:00,Coins.ph,PHP,62.595,62.605,1.6,True,
2026-09-29T18:06:07.319102+00:00,BTCTurk,TRY,49.0095,48.9895,-4.08,True,
2026-09-29T18:06:07.319102+00:00,Upbit,KRW,1358.0,1359.0,7.36,True,
2026-09-29T18:06:07.319102+00:00,Indodax,IDR,17924.5,17906.0,-10.32,True,
2026-09-29T18:06:07.319102+00:00,Bitkub,THB,33.565,33.555,-2.98,True,
2026-09-29T18:06:07.319102+00:00,Bithumb,KRW,1358.5,1360.0,11.04,True,
2026-09-29T18:06:07.319102+00:00,Coinone,KRW,1358.5,1359.5,7.36,True,
2026-09-29T18:06:07.319102+00:00,Paribu,TRY,48.9605,48.9625,0.41,True,
2026-09-29T18:06:07.319102+00:00,Pintu,IDR,18008.0,17966.0,-23.32,True,
2026-09-29T18:06:07.319102+00:00,Foxbit,BRL,5.22975,5.2307,1.82,True,
2026-09-29T18:06:07.319102+00:00,MercadoBitcoin,BRL,5.23035,5.22955,-1.53,True,
2026-09-29T19:05:40.366806+00:00,IndependentReserve,SGD,1.278695,1.27987,9.19,True,
2026-09-29T19:05:40.366806+00:00,Coins.ph,PHP,62.575,62.595,3.2,True,
2026-09-29T19:05:40.366806+00:00,BTCTurk,TRY,49.0015,48.9555,-9.39,True,
2026-09-29T19:05:40.366806+00:00,Upbit,KRW,1357.0,1358.0,7.37,True,
2026-09-29T19:05:40.366806+00:00,Indodax,IDR,17924.5,17909.0,-8.65,True,
2026-09-29T19:05:40.366806+00:00,Bitkub,THB,33.545,33.555,2.98,True,
2026-09-29T19:05:40.366806+00:00,Bithumb,KRW,1356.5,1357.5,7.37,True,
2026-09-29T19:05:40.366806+00:00,Coinone,KRW,1356.5,1356.5,0.0,True,
2026-09-29T19:05:40.366806+00:00,Paribu,TRY,48.9605,48.9335,-5.51,True,
2026-09-29T19:05:40.366806+00:00,Pintu,IDR,18017.0,17967.0,-27.75,True,
2026-09-29T19:05:40.366806+00:00,Foxbit,BRL,5.21945,5.22035,1.72,True,
2026-09-29T19:05:40.366806+00:00,MercadoBitcoin,BRL,5.21845,5.21965,2.3,True,
2026-09-29T20:05:36.163496+00:00,IndependentReserve,SGD,1.27753,1.27997,19.1,True,
2026-09-29T20:05:36.163496+00:00,Coins.ph,PHP,62.565,62.585,3.2,True,
2026-09-29T20:05:36.163496+00:00,BTCTurk,TRY,49.0015,49.006,0.92,True,
2026-09-29T20:05:36.163496+00:00,Upbit,KRW,1356.0,1357.0,7.37,True,
2026-09-29T20:05:36.163496+00:00,Indodax,IDR,17927.5,17857.5,-39.05,True,
2026-09-29T20:05:36.163496+00:00,Bitkub,THB,33.545,33.555,2.98,True,
2026-09-29T20:05:36.163496+00:00,Bithumb,KRW,1355.5,1356.5,7.38,True,
2026-09-29T20:05:36.163496+00:00,Coinone,KRW,1355.5,1356.0,3.69,True,
2026-09-29T20:05:36.163496+00:00,Paribu,TRY,48.9605,48.9365,-4.9,True,
2026-09-29T20:05:36.163496+00:00,Pintu,IDR,18003.0,17967.0,-20.0,True,
2026-09-29T20:05:36.163496+00:00,Foxbit,BRL,5.22355,5.22535,3.45,True,
2026-09-29T20:05:36.163496+00:00,MercadoBitcoin,BRL,5.22285,5.22585,5.74,True,
2026-09-29T21:05:39.321245+00:00,IndependentReserve,SGD,1.277565,1.27997,18.82,True,
2026-09-29T21:05:39.321245+00:00,Coins.ph,PHP,62.575,62.585,1.6,True,
2026-09-29T21:05:39.321245+00:00,BTCTurk,TRY,48.9865,48.943,-8.88,True,
2026-09-29T21:05:39.321245+00:00,Upbit,KRW,1357.0,1358.0,7.37,True,
2026-09-29T21:05:39.321245+00:00,Indodax,IDR,17921.5,17902.5,-10.6,True,
2026-09-29T21:05:39.321245+00:00,Bitkub,THB,33.545,33.555,2.98,True,
2026-09-29T21:05:39.321245+00:00,Bithumb,KRW,1356.5,1356.5,0.0,True,
2026-09-29T21:05:39.321245+00:00,Coinone,KRW,1356.5,1356.5,0.0,True,
2026-09-29T21:05:39.321245+00:00,Paribu,TRY,48.9605,48.9295,-6.33,True,
2026-09-29T21:05:39.321245+00:00,Pintu,IDR,17986.0,17966.0,-11.12,True,
2026-09-29T21:05:39.321245+00:00,Foxbit,BRL,5.20235,5.2046,4.32,True,
2026-09-29T21:05:39.321245+00:00,MercadoBitcoin,BRL,5.20555,5.20335,-4.23,True,
2026-09-29T22:05:41.368104+00:00,IndependentReserve,SGD,1.27508,1.27945,34.27,True,
2026-09-29T22:05:41.368104+00:00,Coins.ph,PHP,62.575,62.585,1.6,True,
2026-09-29T22:05:41.368104+00:00,BTCTurk,TRY,49.0015,49.004,0.51,True,
2026-09-29T22:05:41.368104+00:00,Upbit,KRW,1357.0,1356.0,-7.37,True,
2026-09-29T22:05:41.368104+00:00,Indodax,IDR,17919.5,17906.0,-7.53,True,
2026-09-29T22:05:41.368104+00:00,Bitkub,THB,33.545,33.565,5.96,True,
2026-09-29T22:05:41.368104+00:00,Bithumb,KRW,1356.5,1357.5,7.37,True,
2026-09-29T22:05:41.368104+00:00,Coinone,KRW,1356.5,1357.5,7.37,True,
2026-09-29T22:05:41.368104+00:00,Paribu,TRY,48.9605,48.9495,-2.25,True,
2026-09-29T22:05:41.368104+00:00,Pintu,IDR,18034.0,17967.0,-37.15,True,
2026-09-29T22:05:41.368104+00:00,Foxbit,BRL,5.20935,5.2114,3.94,True,
2026-09-29T22:05:41.368104+00:00,MercadoBitcoin,BRL,5.20785,5.2117,7.39,True,
2026-09-29T23:05:34.550577+00:00,IndependentReserve,SGD,1.277485,1.279465,15.5,True,
2026-09-29T23:05:34.550577+00:00,Coins.ph,PHP,62.575,62.585,1.6,True,
2026-09-29T23:05:34.550577+00:00,BTCTurk,TRY,48.9855,48.8965,-18.17,True,
2026-09-29T23:05:34.550577+00:00,Upbit,KRW,1355.0,1357.0,14.76,True,
2026-09-29T23:05:34.550577+00:00,Indodax,IDR,17909.0,17901.5,-4.19,True,
2026-09-29T23:05:34.550577+00:00,Bitkub,THB,33.545,33.565,5.96,True,
2026-09-29T23:05:34.550577+00:00,Bithumb,KRW,1356.5,1356.5,0.0,True,
2026-09-29T23:05:34.550577+00:00,Coinone,KRW,1355.5,1356.0,3.69,True,
2026-09-29T23:05:34.550577+00:00,Paribu,TRY,48.9605,48.943,-3.57,True,
2026-09-29T23:05:34.550577+00:00,Pintu,IDR,17992.0,17967.0,-13.9,True,
2026-09-29T23:05:34.550577+00:00,Foxbit,BRL,5.21585,5.21455,-2.49,True,
2026-09-29T23:05:34.550577+00:00,MercadoBitcoin,BRL,5.21505,5.21775,5.18,True,
2026-09-30T00:05:33.549223+00:00,IndependentReserve,SGD,1.27738,1.279465,16.32,True,
2026-09-30T00:05:33.549223+00:00,Coins.ph,PHP,62.575,62.585,1.6,True,
2026-09-30T00:05:33.549223+00:00,BTCTurk,TRY,48.995,48.9205,-15.21,True,
2026-09-30T00:05:33.549223+00:00,Upbit,KRW,1358.0,1359.0,7.36,True,
2026-09-30T00:05:33.549223+00:00,Indodax,IDR,17924.5,17900.0,-13.67,True,
2026-09-30T00:05:33.549223+00:00,Bitkub,THB,33.545,33.56,4.47,True,
2026-09-30T00:05:33.549223+00:00,Bithumb,KRW,1356.5,1358.5,14.74,True,
2026-09-30T00:05:33.549223+00:00,Coinone,KRW,1356.5,1357.5,7.37,True,
2026-09-30T00:05:33.549223+00:00,Paribu,TRY,48.9615,48.943,-3.78,True,
2026-09-30T00:05:33.549223+00:00,Pintu,IDR,17951.0,17967.0,8.91,True,
2026-09-30T00:05:33.549223+00:00,Foxbit,BRL,5.21785,5.2193,2.78,True,
2026-09-30T00:05:33.549223+00:00,MercadoBitcoin,BRL,5.21845,5.21925,1.53,True,
2026-09-30T01:05:32.186595+00:00,IndependentReserve,SGD,1.277325,1.279615,17.93,True,
2026-09-30T01:05:32.186595+00:00,Coins.ph,PHP,62.555,62.585,4.8,True,
2026-09-30T01:05:32.186595+00:00,BTCTurk,TRY,48.9855,48.9105,-15.31,True,
2026-09-30T01:05:32.186595+00:00,Upbit,KRW,1358.0,1359.0,7.36,True,
2026-09-30T01:05:32.186595+00:00,Indodax,IDR,17887.5,17912.0,13.7,True,
2026-09-30T01:05:32.186595+00:00,Bitkub,THB,33.525,33.54,4.47,True,
2026-09-30T01:05:32.186595+00:00,Bithumb,KRW,1358.5,1359.5,7.36,True,
2026-09-30T01:05:32.186595+00:00,Coinone,KRW,1358.5,1358.5,0.0,True,
2026-09-30T01:05:32.186595+00:00,Paribu,TRY,48.9615,48.942,-3.98,True,
2026-09-30T01:05:32.186595+00:00,Pintu,IDR,17938.0,17967.0,16.17,True,
2026-09-30T01:05:32.186595+00:00,Foxbit,BRL,5.22005,5.22175,3.26,True,
2026-09-30T01:05:32.186595+00:00,MercadoBitcoin,BRL,5.21875,5.22105,4.41,True,
2026-09-30T02:05:33.985621+00:00,IndependentReserve,SGD,1.27747,1.27949,15.81,True,
2026-09-30T02:05:33.985621+00:00,Coins.ph,PHP,62.595,62.625,4.79,True,
2026-09-30T02:05:33.985621+00:00,BTCTurk,TRY,48.9855,48.911,-15.21,True,
2026-09-30T02:05:33.985621+00:00,Upbit,KRW,1358.0,1356.0,-14.73,True,
2026-09-30T02:05:33.985621+00:00,Indodax,IDR,17866.5,17903.0,20.43,True,
2026-09-30T02:05:33.985621+00:00,Bitkub,THB,33.535,33.55,4.47,True,
2026-09-30T02:05:33.985621+00:00,Bithumb,KRW,1357.5,1358.5,7.37,True,
2026-09-30T02:05:33.985621+00:00,Coinone,KRW,1357.5,1358.5,7.37,True,
2026-09-30T02:05:33.985621+00:00,Paribu,TRY,48.9615,48.936,-5.21,True,
2026-09-30T02:05:33.985621+00:00,Pintu,IDR,17952.0,17898.0,-30.08,True,
2026-09-30T02:05:33.985621+00:00,Foxbit,BRL,5.22005,5.22055,0.96,True,
2026-09-30T02:05:33.985621+00:00,MercadoBitcoin,BRL,5.21845,5.2204,3.74,True,
2026-09-30T04:00:23.812336+00:00,IndependentReserve,SGD,1.277465,1.279245,13.93,True,
2026-09-30T04:00:23.812336+00:00,Coins.ph,PHP,62.575,62.585,1.6,True,
2026-09-30T04:00:23.812336+00:00,BTCTurk,TRY,48.9895,48.922,-13.78,True,
2026-09-30T04:00:23.812336+00:00,Upbit,KRW,1358.0,1359.0,7.36,True,
2026-09-30T04:00:23.812336+00:00,Indodax,IDR,17845.0,17862.5,9.81,True,
2026-09-30T04:00:23.812336+00:00,Bitkub,THB,33.535,33.555,5.96,True,
2026-09-30T04:00:23.812336+00:00,Bithumb,KRW,1357.5,1359.5,14.73,True,
2026-09-30T04:00:23.812336+00:00,Coinone,KRW,1357.5,1358.0,3.68,True,
2026-09-30T04:00:23.812336+00:00,Paribu,TRY,48.9615,48.9455,-3.27,True,
2026-09-30T04:00:23.812336+00:00,Pintu,IDR,17911.0,17878.0,-18.42,True,
2026-09-30T04:00:23.812336+00:00,Foxbit,BRL,5.21965,5.22115,2.87,True,
2026-09-30T04:00:23.812336+00:00,MercadoBitcoin,BRL,5.21695,5.2205,6.8,True,
2026-09-30T06:01:04.169096+00:00,IndependentReserve,SGD,1.276665,1.279,18.29,True,
2026-09-30T06:01:04.169096+00:00,Coins.ph,PHP,62.545,62.555,1.6,True,
2026-09-30T06:01:04.169096+00:00,BTCTurk,TRY,48.9885,48.924,-13.17,True,
2026-09-30T06:01:04.169096+00:00,Upbit,KRW,1355.0,1356.0,7.38,True,
2026-09-30T06:01:04.169096+00:00,Indodax,IDR,17812.0,17833.5,12.07,True,
2026-09-30T06:01:04.169096+00:00,Bitkub,THB,33.555,33.565,2.98,True,
2026-09-30T06:01:04.169096+00:00,Bithumb,KRW,1355.5,1357.0,11.07,True,
2026-09-30T06:01:04.169096+00:00,Coinone,KRW,1355.5,1356.5,7.38,True,
2026-09-30T06:01:04.169096+00:00,Paribu,TRY,48.9655,48.947,-3.78,True,
2026-09-30T06:01:04.169096+00:00,Pintu,IDR,17846.0,17848.0,1.12,True,
2026-09-30T06:01:04.169096+00:00,Foxbit,BRL,5.21835,5.2215,6.04,True,
2026-09-30T06:01:04.169096+00:00,MercadoBitcoin,BRL,5.21875,5.22165,5.56,True,
2026-09-30T07:05:33.277496+00:00,IndependentReserve,SGD,1.27672,1.2786,14.73,True,
2026-09-30T07:05:33.277496+00:00,Coins.ph,PHP,62.61,62.635,3.99,True,
2026-09-30T07:05:33.277496+00:00,BTCTurk,TRY,48.9865,48.9265,-12.25,True,
2026-09-30T07:05:33.277496+00:00,Upbit,KRW,1358.0,1358.0,0.0,True,
2026-09-30T07:05:33.277496+00:00,Indodax,IDR,17846.5,17839.5,-3.92,True,
2026-09-30T07:05:33.277496+00:00,Bitkub,THB,33.535,33.515,-5.96,True,
2026-09-30T07:05:33.277496+00:00,Bithumb,KRW,1357.5,1358.5,7.37,True,
2026-09-30T07:05:33.277496+00:00,Coinone,KRW,1357.5,1358.5,7.37,True,
2026-09-30T07:05:33.277496+00:00,Paribu,TRY,48.9685,48.957,-2.35,True,
2026-09-30T07:05:33.277496+00:00,Pintu,IDR,17887.0,17848.0,-21.8,True,
2026-09-30T07:05:33.277496+00:00,Foxbit,BRL,5.21835,5.21945,2.11,True,
2026-09-30T07:05:33.277496+00:00,MercadoBitcoin,BRL,5.21935,5.22135,3.83,True,
2026-09-30T08:05:33.196760+00:00,IndependentReserve,SGD,1.276135,1.27815,15.79,True,
2026-09-30T08:05:33.196760+00:00,Coins.ph,PHP,62.625,62.655,4.79,True,
2026-09-30T08:05:33.196760+00:00,BTCTurk,TRY,48.99,48.927,-12.86,True,
2026-09-30T08:05:33.196760+00:00,Upbit,KRW,1357.0,1358.0,7.37,True,
2026-09-30T08:05:33.196760+00:00,Indodax,IDR,17837.5,17849.5,6.73,True,
2026-09-30T08:05:33.196760+00:00,Bitkub,THB,33.555,33.545,-2.98,True,
2026-09-30T08:05:33.196760+00:00,Bithumb,KRW,1356.5,1356.5,0.0,True,
2026-09-30T08:05:33.196760+00:00,Coinone,KRW,1356.5,1357.5,7.37,True,
2026-09-30T08:05:33.196760+00:00,Paribu,TRY,48.9735,48.969,-0.92,True,
2026-09-30T08:05:33.196760+00:00,Pintu,IDR,17882.0,17848.0,-19.01,True,
2026-09-30T08:05:33.196760+00:00,Foxbit,BRL,5.21835,5.22025,3.64,True,
2026-09-30T08:05:33.196760+00:00,MercadoBitcoin,BRL,5.21915,5.22085,3.26,True,
2026-09-30T09:05:34.081565+00:00,IndependentReserve,SGD,1.27614,1.2781,15.36,True,
2026-09-30T09:05:34.081565+00:00,Coins.ph,PHP,62.615,62.635,3.19,True,
2026-09-30T09:05:34.081565+00:00,BTCTurk,TRY,48.9835,48.9215,-12.66,True,
2026-09-30T09:05:34.081565+00:00,Upbit,KRW,1356.0,1356.0,0.0,True,
2026-09-30T09:05:34.081565+00:00,Indodax,IDR,17832.0,17843.0,6.17,True,
2026-09-30T09:05:34.081565+00:00,Bitkub,THB,33.535,33.545,2.98,True,
2026-09-30T09:05:34.081565+00:00,Bithumb,KRW,1356.5,1357.5,7.37,True,
2026-09-30T09:05:34.081565+00:00,Coinone,KRW,1355.5,1356.5,7.38,True,
2026-09-30T09:05:34.081565+00:00,Paribu,TRY,48.947,48.9695,4.6,True,
2026-09-30T09:05:34.081565+00:00,Pintu,IDR,17861.0,17869.0,4.48,True,
2026-09-30T09:05:34.081565+00:00,Foxbit,BRL,5.21835,5.2204,3.93,True,
2026-09-30T09:05:34.081565+00:00,MercadoBitcoin,BRL,5.21905,5.2211,3.93,True,
2026-09-30T10:05:35.178816+00:00,IndependentReserve,SGD,1.276135,1.27659,3.57,True,
2026-09-30T10:05:35.178816+00:00,Coins.ph,PHP,62.615,62.635,3.19,True,
2026-09-30T10:05:35.178816+00:00,BTCTurk,TRY,48.977,48.907,-14.29,True,
2026-09-30T10:05:35.178816+00:00,Upbit,KRW,1354.0,1357.0,22.16,True,
2026-09-30T10:05:35.178816+00:00,Indodax,IDR,17896.5,17844.5,-29.06,True,
2026-09-30T10:05:35.178816+00:00,Bitkub,THB,33.55,33.555,1.49,True,
2026-09-30T10:05:35.178816+00:00,Bithumb,KRW,1355.5,1356.5,7.38,True,
2026-09-30T10:05:35.178816+00:00,Coinone,KRW,1355.5,1355.5,0.0,True,
2026-09-30T10:05:35.178816+00:00,Paribu,TRY,48.9475,48.949,0.31,True,
2026-09-30T10:05:35.178816+00:00,Pintu,IDR,17883.0,17899.0,8.95,True,
2026-09-30T10:05:35.178816+00:00,Foxbit,BRL,5.21985,5.22105,2.3,True,
2026-09-30T10:05:35.178816+00:00,MercadoBitcoin,BRL,5.21905,5.2219,5.46,True,
2026-09-30T11:05:35.002598+00:00,IndependentReserve,SGD,1.27673,1.27831,12.38,True,
2026-09-30T11:05:35.002598+00:00,Coins.ph,PHP,62.635,62.655,3.19,True,
2026-09-30T11:05:35.002598+00:00,BTCTurk,TRY,48.9475,48.901,-9.5,True,
2026-09-30T11:05:35.002598+00:00,Upbit,KRW,1355.0,1354.0,-7.38,True,
2026-09-30T11:05:35.002598+00:00,Indodax,IDR,17867.5,17857.5,-5.6,True,
2026-09-30T11:05:35.002598+00:00,Bitkub,THB,33.545,33.55,1.49,True,
2026-09-30T11:05:35.002598+00:00,Bithumb,KRW,1356.5,1356.0,-3.69,True,
2026-09-30T11:05:35.002598+00:00,Coinone,KRW,1355.5,1355.5,0.0,True,
2026-09-30T11:05:35.002598+00:00,Paribu,TRY,48.9475,48.959,2.35,True,
2026-09-30T11:05:35.002598+00:00,Pintu,IDR,17879.0,17898.0,10.63,True,
2026-09-30T11:05:35.002598+00:00,Foxbit,BRL,5.22225,5.22475,4.79,True,
2026-09-30T11:05:35.002598+00:00,MercadoBitcoin,BRL,5.22235,5.2235,2.2,True,
2026-09-30T12:05:34.911367+00:00,IndependentReserve,SGD,1.27617,1.27865,19.43,True,
2026-09-30T12:05:34.911367+00:00,Coins.ph,PHP,62.655,62.675,3.19,True,
2026-09-30T12:05:34.911367+00:00,BTCTurk,TRY,48.9475,48.902,-9.3,True,
2026-09-30T12:05:34.911367+00:00,Upbit,KRW,1354.0,1355.0,7.39,True,
2026-09-30T12:05:34.911367+00:00,Indodax,IDR,17877.5,17875.0,-1.4,True,
2026-09-30T12:05:34.911367+00:00,Bitkub,THB,33.565,33.575,2.98,True,
2026-09-30T12:05:34.911367+00:00,Bithumb,KRW,1354.5,1356.0,11.07,True,
2026-09-30T12:05:34.911367+00:00,Coinone,KRW,1354.5,1355.5,7.38,True,
2026-09-30T12:05:34.911367+00:00,Paribu,TRY,48.9495,48.943,-1.33,True,
2026-09-30T12:05:34.911367+00:00,Pintu,IDR,17927.0,17898.0,-16.18,True,
2026-09-30T12:05:34.911367+00:00,Foxbit,BRL,5.2151,5.21595,1.63,True,
2026-09-30T12:05:34.911367+00:00,MercadoBitcoin,BRL,5.21795,5.21945,2.87,True,
2026-09-30T13:05:34.489526+00:00,IndependentReserve,SGD,1.2767,1.278345,12.88,True,
2026-09-30T13:05:34.489526+00:00,Coins.ph,PHP,62.655,62.67,2.39,True,
2026-09-30T13:05:34.489526+00:00,BTCTurk,TRY,48.8115,48.8465,7.17,True,
2026-09-30T13:05:34.489526+00:00,Upbit,KRW,1352.0,1352.0,0.0,True,
2026-09-30T13:05:34.489526+00:00,Indodax,IDR,17831.5,17850.5,10.66,True,
2026-09-30T13:05:34.489526+00:00,Bitkub,THB,33.505,33.51,1.49,True,
2026-09-30T13:05:34.489526+00:00,Bithumb,KRW,1353.5,1353.5,0.0,True,
2026-09-30T13:05:34.489526+00:00,Coinone,KRW,1351.5,1352.5,7.4,True,
2026-09-30T13:05:34.489526+00:00,Paribu,TRY,48.8995,48.86,-8.08,True,
2026-09-30T13:05:34.489526+00:00,Pintu,IDR,17929.0,17897.0,-17.85,True,
2026-09-30T13:05:34.489526+00:00,Foxbit,BRL,5.18495,5.1879,5.69,True,
2026-09-30T13:05:34.489526+00:00,MercadoBitcoin,BRL,5.18495,5.1886,7.04,True,
2026-09-30T14:05:34.080916+00:00,IndependentReserve,SGD,1.27696,1.278385,11.16,True,
2026-09-30T14:05:34.080916+00:00,Coins.ph,PHP,62.665,62.685,3.19,True,
2026-09-30T14:05:34.080916+00:00,BTCTurk,TRY,48.9375,48.921,-3.37,True,
2026-09-30T14:05:34.080916+00:00,Upbit,KRW,1354.0,1355.0,7.39,True,
2026-09-30T14:05:34.080916+00:00,Indodax,IDR,17877.5,17871.0,-3.64,True,
2026-09-30T14:05:34.080916+00:00,Bitkub,THB,33.495,33.51,4.48,True,
2026-09-30T14:05:34.080916+00:00,Bithumb,KRW,1354.5,1355.5,7.38,True,
2026-09-30T14:05:34.080916+00:00,Coinone,KRW,1353.5,1354.0,3.69,True,
2026-09-30T14:05:34.080916+00:00,Paribu,TRY,48.9275,48.9385,2.25,True,
2026-09-30T14:05:34.080916+00:00,Pintu,IDR,17897.0,17897.0,0.0,True,
2026-09-30T14:05:34.080916+00:00,Foxbit,BRL,5.19295,5.1937,1.44,True,
2026-09-30T14:05:34.080916+00:00,MercadoBitcoin,BRL,5.19175,5.192,0.48,True,
2026-09-30T15:05:36.595998+00:00,IndependentReserve,SGD,1.27595,1.27855,20.38,True,
2026-09-30T15:05:36.595998+00:00,Coins.ph,PHP,62.685,62.705,3.19,True,
2026-09-30T15:05:36.595998+00:00,BTCTurk,TRY,48.9705,48.968,-0.51,True,
2026-09-30T15:05:36.595998+00:00,Upbit,KRW,1357.0,1359.0,14.74,True,
2026-09-30T15:05:36.595998+00:00,Indodax,IDR,17887.5,17879.0,-4.75,True,
2026-09-30T15:05:36.595998+00:00,Bitkub,THB,33.525,33.525,0.0,True,
2026-09-30T15:05:36.595998+00:00,Bithumb,KRW,1356.5,1357.5,7.37,True,
2026-09-30T15:05:36.595998+00:00,Coinone,KRW,1356.5,1357.5,7.37,True,
2026-09-30T15:05:36.595998+00:00,Paribu,TRY,48.9635,48.968,0.92,True,
2026-09-30T15:05:36.595998+00:00,Pintu,IDR,17933.0,17899.0,-18.96,True,
2026-09-30T15:05:36.595998+00:00,Foxbit,BRL,5.18335,5.18295,-0.77,True,
2026-09-30T15:05:36.595998+00:00,MercadoBitcoin,BRL,5.18345,5.18385,0.77,True,
2026-09-30T16:05:35.463772+00:00,IndependentReserve,SGD,1.27646,1.27885,18.72,True,
2026-09-30T16:05:35.463772+00:00,Coins.ph,PHP,62.655,62.685,4.79,True,
2026-09-30T16:05:35.463772+00:00,BTCTurk,TRY,48.9865,49.009,4.59,True,
2026-09-30T16:05:35.463772+00:00,Upbit,KRW,1357.0,1359.0,14.74,True,
2026-09-30T16:05:35.463772+00:00,Indodax,IDR,17887.5,17873.0,-8.11,True,
2026-09-30T16:05:35.463772+00:00,Bitkub,THB,33.565,33.59,7.45,True,
2026-09-30T16:05:35.463772+00:00,Bithumb,KRW,1356.5,1357.5,7.37,True,
2026-09-30T16:05:35.463772+00:00,Coinone,KRW,1356.5,1357.5,7.37,True,
2026-09-30T16:05:35.463772+00:00,Paribu,TRY,48.9825,48.9875,1.02,True,
2026-09-30T16:05:35.463772+00:00,Pintu,IDR,17948.0,17901.0,-26.19,True,
2026-09-30T16:05:35.463772+00:00,Foxbit,BRL,5.19025,5.19155,2.5,True,
2026-09-30T16:05:35.463772+00:00,MercadoBitcoin,BRL,5.18985,5.1906,1.45,True,
2026-09-30T17:05:34.099673+00:00,IndependentReserve,SGD,1.27705,1.278885,14.37,True,
2026-09-30T17:05:34.099673+00:00,Coins.ph,PHP,62.665,62.695,4.79,True,
2026-09-30T17:05:34.099673+00:00,BTCTurk,TRY,49.0095,48.948,-12.55,True,
2026-09-30T17:05:34.099673+00:00,Upbit,KRW,1357.0,1357.0,0.0,True,
2026-09-30T17:05:34.099673+00:00,Indodax,IDR,17890.5,17891.5,0.56,True,
2026-09-30T17:05:34.099673+00:00,Bitkub,THB,33.565,33.565,0.0,True,
2026-09-30T17:05:34.099673+00:00,Bithumb,KRW,1356.5,1357.5,7.37,True,
2026-09-30T17:05:34.099673+00:00,Coinone,KRW,1356.5,1356.5,0.0,True,
2026-09-30T17:05:34.099673+00:00,Paribu,TRY,48.9885,48.9935,1.02,True,
2026-09-30T17:05:34.099673+00:00,Pintu,IDR,17896.0,17901.0,2.79,True,
2026-09-30T17:05:34.099673+00:00,Foxbit,BRL,5.1858,5.18895,6.07,True,
2026-09-30T17:05:34.099673+00:00,MercadoBitcoin,BRL,5.18535,5.18935,7.71,True,
2026-09-30T18:05:36.791148+00:00,IndependentReserve,SGD,1.2772,1.278905,13.35,True,
2026-09-30T18:05:36.791148+00:00,Coins.ph,PHP,62.685,62.695,1.6,True,
2026-09-30T18:05:36.791148+00:00,BTCTurk,TRY,49.0105,48.9935,-3.47,True,
2026-09-30T18:05:36.791148+00:00,Upbit,KRW,1358.0,1356.0,-14.73,True,
2026-09-30T18:05:36.791148+00:00,Indodax,IDR,17893.5,17898.5,2.79,True,
2026-09-30T18:05:36.791148+00:00,Bitkub,THB,33.555,33.565,2.98,True,
2026-09-30T18:05:36.791148+00:00,Bithumb,KRW,1357.5,1358.0,3.68,True,
2026-09-30T18:05:36.791148+00:00,Coinone,KRW,1356.5,1357.5,7.37,True,
2026-09-30T18:05:36.791148+00:00,Paribu,TRY,,,,False,ValueError:no USDT mid captured this run
2026-09-30T18:05:36.791148+00:00,Pintu,IDR,17934.0,17896.0,-21.19,True,
2026-09-30T18:05:36.791148+00:00,Foxbit,BRL,5.17605,5.17815,4.06,True,
2026-09-30T18:05:36.791148+00:00,MercadoBitcoin,BRL,5.17465,5.17775,5.99,True,
2026-09-30T19:05:30.987630+00:00,IndependentReserve,SGD,1.276945,1.279085,16.76,True,
2026-09-30T19:05:30.987630+00:00,Coins.ph,PHP,62.685,62.695,1.6,True,
2026-09-30T19:05:30.987630+00:00,BTCTurk,TRY,49.0155,48.943,-14.79,True,
2026-09-30T19:05:30.987630+00:00,Upbit,KRW,1357.0,1360.0,22.11,True,
2026-09-30T19:05:30.987630+00:00,Indodax,IDR,17895.0,17894.0,-0.56,True,
2026-09-30T19:05:30.987630+00:00,Bitkub,THB,33.555,33.57,4.47,True,
2026-09-30T19:05:30.987630+00:00,Bithumb,KRW,1358.5,1359.5,7.36,True,
2026-09-30T19:05:30.987630+00:00,Coinone,KRW,1357.5,1357.5,0.0,True,
2026-09-30T19:05:30.987630+00:00,Paribu,TRY,49.0085,48.98,-5.82,True,
2026-09-30T19:05:30.987630+00:00,Pintu,IDR,17877.0,17897.0,11.19,True,
2026-09-30T19:05:30.987630+00:00,Foxbit,BRL,5.1781,5.18045,4.54,True,
2026-09-30T19:05:30.987630+00:00,MercadoBitcoin,BRL,5.17605,5.17855,4.83,True,
2026-09-30T20:05:37.159683+00:00,IndependentReserve,SGD,1.276925,1.279955,23.73,True,
2026-09-30T20:05:37.159683+00:00,Coins.ph,PHP,62.675,62.695,3.19,True,
2026-09-30T20:05:37.159683+00:00,BTCTurk,TRY,49.015,48.9925,-4.59,True,
2026-09-30T20:05:37.159683+00:00,Upbit,KRW,1362.0,1361.0,-7.34,True,
2026-09-30T20:05:37.159683+00:00,Indodax,IDR,17899.5,17900.0,0.28,True,
2026-09-30T20:05:37.159683+00:00,Bitkub,THB,33.565,33.58,4.47,True,
2026-09-30T20:05:37.159683+00:00,Bithumb,KRW,1359.5,1360.5,7.36,True,
2026-09-30T20:05:37.159683+00:00,Coinone,KRW,1359.5,1360.5,7.36,True,
2026-09-30T20:05:37.159683+00:00,Paribu,TRY,49.0075,49.0205,2.65,True,
2026-09-30T20:05:37.159683+00:00,Pintu,IDR,17914.0,17900.0,-7.82,True,
2026-09-30T20:05:37.159683+00:00,Foxbit,BRL,5.18245,5.18545,5.79,True,
2026-09-30T20:05:37.159683+00:00,MercadoBitcoin,BRL,5.18375,5.1861,4.53,True,
2026-09-30T21:05:34.976571+00:00,IndependentReserve,SGD,1.276995,1.27976,21.65,True,
2026-09-30T21:05:34.976571+00:00,Coins.ph,PHP,62.655,62.695,6.38,True,
2026-09-30T21:05:34.976571+00:00,BTCTurk,TRY,49.003,49.002,-0.2,True,
2026-09-30T21:05:34.976571+00:00,Upbit,KRW,1359.0,1361.0,14.72,True,
2026-09-30T21:05:34.976571+00:00,Indodax,IDR,17899.5,17909.5,5.59,True,
2026-09-30T21:05:34.976571+00:00,Bitkub,THB,33.565,33.585,5.96,True,
2026-09-30T21:05:34.976571+00:00,Bithumb,KRW,1359.5,1359.5,0.0,True,
2026-09-30T21:05:34.976571+00:00,Coinone,KRW,1358.5,1359.5,7.36,True,
2026-09-30T21:05:34.976571+00:00,Paribu,TRY,49.0005,48.9855,-3.06,True,
2026-09-30T21:05:34.976571+00:00,Pintu,IDR,17938.0,17901.0,-20.63,True,
2026-09-30T21:05:34.976571+00:00,Foxbit,BRL,5.18705,5.19025,6.17,True,
2026-09-30T21:05:34.976571+00:00,MercadoBitcoin,BRL,5.18755,5.1885,1.83,True,
2026-09-30T22:05:35.239849+00:00,IndependentReserve,SGD,1.27702,1.28254,43.23,True,
2026-09-30T22:05:35.239849+00:00,Coins.ph,PHP,62.655,62.685,4.79,True,
2026-09-30T22:05:35.239849+00:00,BTCTurk,TRY,49.01,48.941,-14.08,True,
2026-09-30T22:05:35.239849+00:00,Upbit,KRW,1361.0,1363.0,14.7,True,
2026-09-30T22:05:35.239849+00:00,Indodax,IDR,17994.5,17948.0,-25.84,True,
2026-09-30T22:05:35.239849+00:00,Bitkub,THB,33.565,33.585,5.96,True,
2026-09-30T22:05:35.239849+00:00,Bithumb,KRW,1361.5,1361.5,0.0,True,
2026-09-30T22:05:35.239849+00:00,Coinone,KRW,1360.5,1361.5,7.35,True,
2026-09-30T22:05:35.239849+00:00,Paribu,TRY,48.9975,48.9945,-0.61,True,
2026-09-30T22:05:35.239849+00:00,Pintu,IDR,17958.0,17900.0,-32.3,True,
2026-09-30T22:05:35.239849+00:00,Foxbit,BRL,5.19035,5.19345,5.97,True,
2026-09-30T22:05:35.239849+00:00,MercadoBitcoin,BRL,5.18995,5.1923,4.53,True,
2026-09-30T23:05:36.607118+00:00,IndependentReserve,SGD,1.276895,1.28262,44.84,True,
2026-09-30T23:05:36.607118+00:00,Coins.ph,PHP,62.655,62.685,4.79,True,
2026-09-30T23:05:36.607118+00:00,BTCTurk,TRY,48.9825,48.932,-10.31,True,
2026-09-30T23:05:36.607118+00:00,Upbit,KRW,1360.0,1358.0,-14.71,True,
2026-09-30T23:05:36.607118+00:00,Indodax,IDR,17986.5,17976.5,-5.56,True,
2026-09-30T23:05:36.607118+00:00,Bitkub,THB,33.565,33.59,7.45,True,
2026-09-30T23:05:36.607118+00:00,Bithumb,KRW,1359.5,1359.5,0.0,True,
2026-09-30T23:05:36.607118+00:00,Coinone,KRW,1358.5,1359.5,7.36,True,
2026-09-30T23:05:36.607118+00:00,Paribu,TRY,48.9805,48.996,3.16,True,
2026-09-30T23:05:36.607118+00:00,Pintu,IDR,17963.0,17901.0,-34.52,True,
2026-09-30T23:05:36.607118+00:00,Foxbit,BRL,5.19525,5.19835,5.97,True,
2026-09-30T23:05:36.607118+00:00,MercadoBitcoin,BRL,5.19495,5.197,3.95,True,
2026-10-01T00:05:34.930309+00:00,IndependentReserve,SGD,1.27677,1.28213,41.98,True,
2026-10-01T00:05:34.930309+00:00,Coins.ph,PHP,62.655,62.665,1.6,True,
2026-10-01T00:05:34.930309+00:00,BTCTurk,TRY,48.983,48.9225,-12.35,True,
2026-10-01T00:05:34.930309+00:00,Upbit,KRW,1361.0,1361.0,0.0,True,
2026-10-01T00:05:34.930309+00:00,Indodax,IDR,17929.5,17917.5,-6.69,True,
2026-10-01T00:05:34.930309+00:00,Bitkub,THB,33.565,33.585,5.96,True,
2026-10-01T00:05:34.930309+00:00,Bithumb,KRW,1360.5,1360.5,0.0,True,
2026-10-01T00:05:34.930309+00:00,Coinone,KRW,1360.5,1360.5,0.0,True,
2026-10-01T00:05:34.930309+00:00,Paribu,TRY,48.9785,48.983,0.92,True,
2026-10-01T00:05:34.930309+00:00,Pintu,IDR,17929.0,17901.0,-15.62,True,
2026-10-01T00:05:34.930309+00:00,Foxbit,BRL,5.19565,5.1974,3.37,True,
2026-10-01T00:05:34.930309+00:00,MercadoBitcoin,BRL,5.19425,5.1969,5.1,True,
2026-10-01T01:05:37.495413+00:00,IndependentReserve,SGD,1.276935,1.282115,40.57,True,
2026-10-01T01:05:37.495413+00:00,Coins.ph,PHP,62.655,62.705,7.98,True,
2026-10-01T01:05:37.495413+00:00,BTCTurk,TRY,48.9875,48.92,-13.78,True,
2026-10-01T01:05:37.495413+00:00,Upbit,KRW,1360.0,1363.0,22.06,True,
2026-10-01T01:05:37.495413+00:00,Indodax,IDR,17901.5,17904.5,1.68,True,
2026-10-01T01:05:37.495413+00:00,Bitkub,THB,33.595,33.605,2.98,True,
2026-10-01T01:05:37.495413+00:00,Bithumb,KRW,1360.5,1361.5,7.35,True,
2026-10-01T01:05:37.495413+00:00,Coinone,KRW,1360.5,1361.5,7.35,True,
2026-10-01T01:05:37.495413+00:00,Paribu,TRY,48.9785,48.9915,2.65,True,
2026-10-01T01:05:37.495413+00:00,Pintu,IDR,17909.0,17902.0,-3.91,True,
2026-10-01T01:05:37.495413+00:00,Foxbit,BRL,5.19615,5.198,3.56,True,
2026-10-01T01:05:37.495413+00:00,MercadoBitcoin,BRL,5.19445,5.19745,5.78,True,
2026-10-01T02:05:35.581027+00:00,IndependentReserve,SGD,1.276915,1.28216,41.08,True,
2026-10-01T02:05:35.581027+00:00,Coins.ph,PHP,62.685,62.725,6.38,True,
2026-10-01T02:05:35.581027+00:00,BTCTurk,TRY,48.9805,48.92,-12.35,True,
2026-10-01T02:05:35.581027+00:00,Upbit,KRW,1361.0,1362.0,7.35,True,
2026-10-01T02:05:35.581027+00:00,Indodax,IDR,17909.5,17916.5,3.91,True,
2026-10-01T02:05:35.581027+00:00,Bitkub,THB,33.625,33.615,-2.97,True,
2026-10-01T02:05:35.581027+00:00,Bithumb,KRW,1360.5,1361.5,7.35,True,
2026-10-01T02:05:35.581027+00:00,Coinone,KRW,1360.5,1361.5,7.35,True,
2026-10-01T02:05:35.581027+00:00,Paribu,TRY,48.9785,48.9865,1.63,True,
2026-10-01T02:05:35.581027+00:00,Pintu,IDR,17926.0,17902.0,-13.39,True,
2026-10-01T02:05:35.581027+00:00,Foxbit,BRL,5.19775,5.20075,5.77,True,
2026-10-01T02:05:35.581027+00:00,MercadoBitcoin,BRL,5.19675,5.19915,4.62,True,
2026-10-01T03:05:38.096557+00:00,IndependentReserve,SGD,1.274545,1.28216,59.75,True,
2026-10-01T03:05:38.096557+00:00,Coins.ph,PHP,62.695,62.735,6.38,True,
2026-10-01T03:05:38.096557+00:00,BTCTurk,TRY,48.9675,48.92,-9.7,True,
2026-10-01T03:05:38.096557+00:00,Upbit,KRW,1361.0,1361.0,0.0,True,
2026-10-01T03:05:38.096557+00:00,Indodax,IDR,17909.5,17910.5,0.56,True,
2026-10-01T03:05:38.096557+00:00,Bitkub,THB,33.595,33.625,8.93,True,
2026-10-01T03:05:38.096557+00:00,Bithumb,KRW,1360.5,1360.5,0.0,True,
2026-10-01T03:05:38.096557+00:00,Coinone,KRW,1360.5,1361.5,7.35,True,
2026-10-01T03:05:38.096557+00:00,Paribu,TRY,48.9785,48.9765,-0.41,True,
2026-10-01T03:05:38.096557+00:00,Pintu,IDR,17947.0,17902.0,-25.07,True,
2026-10-01T03:05:38.096557+00:00,Foxbit,BRL,5.19605,5.1987,5.1,True,
2026-10-01T03:05:38.096557+00:00,MercadoBitcoin,BRL,5.19505,5.1973,4.33,True,
2026-10-01T04:05:32.349062+00:00,IndependentReserve,SGD,1.277515,1.2821,35.89,True,
2026-10-01T04:05:32.349062+00:00,Coins.ph,PHP,62.685,62.725,6.38,True,
2026-10-01T04:05:32.349062+00:00,BTCTurk,TRY,48.9525,48.8945,-11.85,True,
2026-10-01T04:05:32.349062+00:00,Upbit,KRW,1359.0,1359.0,0.0,True,
2026-10-01T04:05:32.349062+00:00,Indodax,IDR,17908.5,17920.0,6.42,True,
2026-10-01T04:05:32.349062+00:00,Bitkub,THB,33.585,33.605,5.96,True,
2026-10-01T04:05:32.349062+00:00,Bithumb,KRW,1359.5,1360.5,7.36,True,
2026-10-01T04:05:32.349062+00:00,Coinone,KRW,1358.5,1360.5,14.72,True,
2026-10-01T04:05:32.349062+00:00,Paribu,TRY,48.9785,48.962,-3.37,True,
2026-10-01T04:05:32.349062+00:00,Pintu,IDR,17923.0,17923.0,0.0,True,
2026-10-01T04:05:32.349062+00:00,Foxbit,BRL,5.19345,5.197,6.84,True,
2026-10-01T04:05:32.349062+00:00,MercadoBitcoin,BRL,5.19335,5.19595,5.01,True,
2026-10-01T05:05:45.860894+00:00,IndependentReserve,SGD,1.277555,1.28206,35.26,True,
2026-10-01T05:05:45.860894+00:00,Coins.ph,PHP,62.695,62.735,6.38,True,
2026-10-01T05:05:45.860894+00:00,BTCTurk,TRY,48.9705,48.918,-10.72,True,
2026-10-01T05:05:45.860894+00:00,Upbit,KRW,1359.0,1360.0,7.36,True,
2026-10-01T05:05:45.860894+00:00,Indodax,IDR,17904.5,17917.0,6.98,True,
2026-10-01T05:05:45.860894+00:00,Bitkub,THB,33.585,33.595,2.98,True,
2026-10-01T05:05:45.860894+00:00,Bithumb,KRW,1359.5,1360.0,3.68,True,
2026-10-01T05:05:45.860894+00:00,Coinone,KRW,1358.5,1359.5,7.36,True,
2026-10-01T05:05:45.860894+00:00,Paribu,TRY,48.9785,48.964,-2.96,True,
2026-10-01T05:05:45.860894+00:00,Pintu,IDR,17931.0,17922.0,-5.02,True,
2026-10-01T05:05:45.860894+00:00,Foxbit,BRL,5.18965,5.19285,6.17,True,
2026-10-01T05:05:45.860894+00:00,MercadoBitcoin,BRL,5.18925,5.1919,5.11,True,
2026-10-01T06:06:23.581196+00:00,IndependentReserve,SGD,1.277625,1.28209,34.95,True,
2026-10-01T06:06:23.581196+00:00,Coins.ph,PHP,62.705,62.735,4.78,True,
2026-10-01T06:06:23.581196+00:00,BTCTurk,TRY,48.977,48.9705,-1.33,True,
2026-10-01T06:06:23.581196+00:00,Upbit,KRW,1359.0,1361.0,14.72,True,
2026-10-01T06:06:23.581196+00:00,Indodax,IDR,17908.0,17905.5,-1.4,True,
2026-10-01T06:06:23.581196+00:00,Bitkub,THB,33.575,33.595,5.96,True,
2026-10-01T06:06:23.581196+00:00,Bithumb,KRW,1358.5,1359.5,7.36,True,
2026-10-01T06:06:23.581196+00:00,Coinone,KRW,1358.5,1359.5,7.36,True,
2026-10-01T06:06:23.581196+00:00,Paribu,TRY,48.9785,48.9465,-6.53,True,
2026-10-01T06:06:23.581196+00:00,Pintu,IDR,17924.0,17919.0,-2.79,True,
2026-10-01T06:06:23.581196+00:00,Foxbit,BRL,5.18815,5.18985,3.28,True,
2026-10-01T06:06:23.581196+00:00,MercadoBitcoin,BRL,5.18675,5.189,4.34,True,
2026-10-01T07:05:44.617031+00:00,IndependentReserve,SGD,1.277735,1.2821,34.16,True,
2026-10-01T07:05:44.617031+00:00,Coins.ph,PHP,62.695,62.715,3.19,True,
2026-10-01T07:05:44.617031+00:00,BTCTurk,TRY,48.9705,48.97,-0.1,True,
2026-10-01T07:05:44.617031+00:00,Upbit,KRW,1357.0,1359.0,14.74,True,
2026-10-01T07:05:44.617031+00:00,Indodax,IDR,17896.5,17925.0,15.92,True,
2026-10-01T07:05:44.617031+00:00,Bitkub,THB,33.595,33.595,0.0,True,
2026-10-01T07:05:44.617031+00:00,Bithumb,KRW,1357.5,1357.5,0.0,True,
2026-10-01T07:05:44.617031+00:00,Coinone,KRW,1357.5,1357.5,0.0,True,
2026-10-01T07:05:44.617031+00:00,Paribu,TRY,48.9755,48.97,-1.12,True,
2026-10-01T07:05:44.617031+00:00,Pintu,IDR,17909.0,17918.0,5.03,True,
2026-10-01T07:05:44.617031+00:00,Foxbit,BRL,5.18805,5.18915,2.12,True,
2026-10-01T07:05:44.617031+00:00,MercadoBitcoin,BRL,5.18655,5.1895,5.69,True,
2026-10-01T08:05:35.876337+00:00,IndependentReserve,SGD,1.27774,1.282155,34.55,True,
2026-10-01T08:05:35.876337+00:00,Coins.ph,PHP,62.785,62.815,4.78,True,
2026-10-01T08:05:35.876337+00:00,BTCTurk,TRY,49.004,49.004,0.0,True,
2026-10-01T08:05:35.876337+00:00,Upbit,KRW,1363.0,1363.0,0.0,True,
2026-10-01T08:05:35.876337+00:00,Indodax,IDR,17897.5,17911.5,7.82,True,
2026-10-01T08:05:35.876337+00:00,Bitkub,THB,33.655,33.65,-1.49,True,
2026-10-01T08:05:35.876337+00:00,Bithumb,KRW,1361.5,1362.5,7.34,True,
2026-10-01T08:05:35.876337+00:00,Coinone,KRW,1362.5,1362.5,0.0,True,
2026-10-01T08:05:35.876337+00:00,Paribu,TRY,48.9645,48.989,5.0,True,
2026-10-01T08:05:35.876337+00:00,Pintu,IDR,17939.0,17939.0,0.0,True,
2026-10-01T08:05:35.876337+00:00,Foxbit,BRL,5.19775,5.20055,5.39,True,
2026-10-01T08:05:35.876337+00:00,MercadoBitcoin,BRL,5.19765,5.1999,4.33,True,
2026-10-01T09:05:34.146696+00:00,IndependentReserve,SGD,1.278365,1.28227,30.55,True,
2026-10-01T09:05:34.146696+00:00,Coins.ph,PHP,62.865,62.885,3.18,True,
2026-10-01T09:05:34.146696+00:00,BTCTurk,TRY,48.9905,48.9975,1.43,True,
2026-10-01T09:05:34.146696+00:00,Upbit,KRW,1363.0,1364.0,7.34,True,
2026-10-01T09:05:34.146696+00:00,Indodax,IDR,17899.5,17926.5,15.08,True,
2026-10-01T09:05:34.146696+00:00,Bitkub,THB,33.665,33.665,0.0,True,
2026-10-01T09:05:34.146696+00:00,Bithumb,KRW,1362.5,1364.5,14.68,True,
2026-10-01T09:05:34.146696+00:00,Coinone,KRW,1362.5,1363.5,7.34,True,
2026-10-01T09:05:34.146696+00:00,Paribu,TRY,48.9725,48.988,3.17,True,
2026-10-01T09:05:34.146696+00:00,Pintu,IDR,17942.0,17910.0,-17.84,True,
2026-10-01T09:05:34.146696+00:00,Foxbit,BRL,5.19665,5.2,6.45,True,
2026-10-01T09:05:34.146696+00:00,MercadoBitcoin,BRL,5.19675,5.1991,4.52,True,
2026-10-01T10:05:33.993368+00:00,IndependentReserve,SGD,1.280065,1.28232,17.62,True,
2026-10-01T10:05:33.993368+00:00,Coins.ph,PHP,62.875,62.905,4.77,True,
2026-10-01T10:05:33.993368+00:00,BTCTurk,TRY,48.9945,49.003,1.73,True,
2026-10-01T10:05:33.993368+00:00,Upbit,KRW,1366.0,1366.0,0.0,True,
2026-10-01T10:05:33.993368+00:00,Indodax,IDR,17914.5,17929.0,8.09,True,
2026-10-01T10:05:33.993368+00:00,Bitkub,THB,33.675,33.67,-1.48,True,
2026-10-01T10:05:33.993368+00:00,Bithumb,KRW,1365.5,1365.5,0.0,True,
2026-10-01T10:05:33.993368+00:00,Coinone,KRW,1365.5,1365.5,0.0,True,
2026-10-01T10:05:33.993368+00:00,Paribu,TRY,48.9705,48.9795,1.84,True,
2026-10-01T10:05:33.993368+00:00,Pintu,IDR,17915.0,17909.0,-3.35,True,
2026-10-01T10:05:33.993368+00:00,Foxbit,BRL,5.20755,5.20925,3.26,True,
2026-10-01T10:05:33.993368+00:00,MercadoBitcoin,BRL,5.20585,5.20865,5.38,True,
2026-10-01T11:06:05.095421+00:00,IndependentReserve,SGD,1.280295,1.28209,14.02,True,
2026-10-01T11:06:05.095421+00:00,Coins.ph,PHP,62.835,62.845,1.59,True,
2026-10-01T11:06:05.095421+00:00,BTCTurk,TRY,48.9925,48.95,-8.67,True,
2026-10-01T11:06:05.095421+00:00,Upbit,KRW,1363.0,1363.0,0.0,True,
2026-10-01T11:06:05.095421+00:00,Indodax,IDR,17917.0,17931.0,7.81,True,
2026-10-01T11:06:05.095421+00:00,Bitkub,THB,33.595,33.615,5.95,True,
2026-10-01T11:06:05.095421+00:00,Bithumb,KRW,1363.5,1363.5,0.0,True,
2026-10-01T11:06:05.095421+00:00,Coinone,KRW,1363.5,1363.5,0.0,True,
2026-10-01T11:06:05.095421+00:00,Paribu,TRY,48.9775,48.9725,-1.02,True,
2026-10-01T11:06:05.095421+00:00,Pintu,IDR,17914.0,17906.0,-4.47,True,
2026-10-01T11:06:05.095421+00:00,Foxbit,BRL,5.20215,5.20285,1.35,True,
2026-10-01T11:06:05.095421+00:00,MercadoBitcoin,BRL,5.20055,5.2019,2.6,True,
2026-10-01T12:05:33.173829+00:00,IndependentReserve,SGD,1.280375,1.28179,11.05,True,
2026-10-01T12:05:33.173829+00:00,Coins.ph,PHP,62.815,62.805,-1.59,True,
2026-10-01T12:05:33.173829+00:00,BTCTurk,TRY,48.9875,48.9915,0.82,True,
2026-10-01T12:05:33.173829+00:00,Upbit,KRW,1362.0,1363.0,7.34,True,
2026-10-01T12:05:33.173829+00:00,Indodax,IDR,17911.5,17949.0,20.94,True,
2026-10-01T12:05:33.173829+00:00,Bitkub,THB,33.575,33.59,4.47,True,
2026-10-01T12:05:33.173829+00:00,Bithumb,KRW,1362.5,1363.5,7.34,True,
2026-10-01T12:05:33.173829+00:00,Coinone,KRW,1361.5,1362.5,7.34,True,
2026-10-01T12:05:33.173829+00:00,Paribu,TRY,48.9735,48.9655,-1.63,True,
2026-10-01T12:05:33.173829+00:00,Pintu,IDR,17899.0,17905.0,3.35,True,
2026-10-01T12:05:33.173829+00:00,Foxbit,BRL,5.2029,5.20395,2.02,True,
2026-10-01T12:05:33.173829+00:00,MercadoBitcoin,BRL,5.20225,5.20355,2.5,True,
2026-10-01T13:05:35.020505+00:00,IndependentReserve,SGD,1.27946,1.28192,19.23,True,
2026-10-01T13:05:35.020505+00:00,Coins.ph,PHP,62.795,62.805,1.59,True,
2026-10-01T13:05:35.020505+00:00,BTCTurk,TRY,48.975,48.973,-0.41,True,
2026-10-01T13:05:35.020505+00:00,Upbit,KRW,1363.0,1364.0,7.34,True,
2026-10-01T13:05:35.020505+00:00,Indodax,IDR,17902.5,17913.0,5.87,True,
2026-10-01T13:05:35.020505+00:00,Bitkub,THB,33.595,33.595,0.0,True,
2026-10-01T13:05:35.020505+00:00,Bithumb,KRW,1363.5,1363.5,0.0,True,
2026-10-01T13:05:35.020505+00:00,Coinone,KRW,1362.5,1363.5,7.34,True,
2026-10-01T13:05:35.020505+00:00,Paribu,TRY,48.9735,48.9685,-1.02,True,
2026-10-01T13:05:35.020505+00:00,Pintu,IDR,17914.0,17905.0,-5.02,True,
2026-10-01T13:05:35.020505+00:00,Foxbit,BRL,5.18785,5.19115,6.36,True,
2026-10-01T13:05:35.020505+00:00,MercadoBitcoin,BRL,5.19085,5.1947,7.42,True,
2026-10-01T14:05:39.855360+00:00,IndependentReserve,SGD,1.27944,1.28218,21.42,True,
2026-10-01T14:05:39.855360+00:00,Coins.ph,PHP,62.785,62.805,3.19,True,
2026-10-01T14:05:39.855360+00:00,BTCTurk,TRY,48.986,48.9645,-4.39,True,
2026-10-01T14:05:39.855360+00:00,Upbit,KRW,1363.0,1364.0,7.34,True,
2026-10-01T14:05:39.855360+00:00,Indodax,IDR,17916.5,17911.0,-3.07,True,
2026-10-01T14:05:39.855360+00:00,Bitkub,THB,33.615,33.585,-8.92,True,
2026-10-01T14:05:39.855360+00:00,Bithumb,KRW,1363.5,1363.5,0.0,True,
2026-10-01T14:05:39.855360+00:00,Coinone,KRW,1363.5,1363.5,0.0,True,
2026-10-01T14:05:39.855360+00:00,Paribu,TRY,48.9705,48.9565,-2.86,True,
2026-10-01T14:05:39.855360+00:00,Pintu,IDR,17934.0,17904.0,-16.73,True,
2026-10-01T14:05:39.855360+00:00,Foxbit,BRL,5.19845,5.20105,5.0,True,
2026-10-01T14:05:39.855360+00:00,MercadoBitcoin,BRL,5.19825,5.2018,6.83,True,
2026-10-01T15:05:41.112526+00:00,IndependentReserve,SGD,1.279885,1.282555,20.86,True,
2026-10-01T15:05:41.112526+00:00,Coins.ph,PHP,62.785,62.795,1.59,True,
2026-10-01T15:05:41.112526+00:00,BTCTurk,TRY,49.001,48.9225,-16.02,True,
2026-10-01T15:05:41.112526+00:00,Upbit,KRW,1364.0,1366.0,14.66,True,
2026-10-01T15:05:41.112526+00:00,Indodax,IDR,17918.5,17947.5,16.18,True,
2026-10-01T15:05:41.112526+00:00,Bitkub,THB,33.615,33.615,-0.0,True,
2026-10-01T15:05:41.112526+00:00,Bithumb,KRW,1363.5,1364.5,7.33,True,
2026-10-01T15:05:41.112526+00:00,Coinone,KRW,1362.5,1363.5,7.34,True,
2026-10-01T15:05:41.112526+00:00,Paribu,TRY,48.9785,48.96,-3.78,True,
2026-10-01T15:05:41.112526+00:00,Pintu,IDR,17924.0,17906.0,-10.04,True,
2026-10-01T15:05:41.112526+00:00,Foxbit,BRL,5.22,5.22005,0.1,True,
2026-10-01T15:05:41.112526+00:00,MercadoBitcoin,BRL,5.21815,5.21845,0.57,True,
2026-10-01T16:05:35.744464+00:00,IndependentReserve,SGD,1.27981,1.28316,26.18,True,
2026-10-01T16:05:35.744464+00:00,Coins.ph,PHP,62.805,62.825,3.18,True,
2026-10-01T16:05:35.744464+00:00,BTCTurk,TRY,48.9855,48.9255,-12.25,True,
2026-10-01T16:05:35.744464+00:00,Upbit,KRW,1365.0,1364.0,-7.33,True,
2026-10-01T16:05:35.744464+00:00,Indodax,IDR,17918.5,17917.0,-0.84,True,
2026-10-01T16:05:35.744464+00:00,Bitkub,THB,33.635,33.635,0.0,True,
2026-10-01T16:05:35.744464+00:00,Bithumb,KRW,1364.5,1365.0,3.66,True,
2026-10-01T16:05:35.744464+00:00,Coinone,KRW,1363.5,1364.5,7.33,True,
2026-10-01T16:05:35.744464+00:00,Paribu,TRY,48.9895,49.025,7.25,True,
2026-10-01T16:05:35.744464+00:00,Pintu,IDR,17912.0,17877.0,-19.54,True,
2026-10-01T16:05:35.744464+00:00,Foxbit,BRL,5.23305,5.23335,0.57,True,
2026-10-01T16:05:35.744464+00:00,MercadoBitcoin,BRL,5.2327,5.23255,-0.29,True,
2026-10-01T17:05:34.130220+00:00,IndependentReserve,SGD,1.280175,1.28316,23.32,True,
2026-10-01T17:05:34.130220+00:00,Coins.ph,PHP,62.795,62.805,1.59,True,
2026-10-01T17:05:34.130220+00:00,BTCTurk,TRY,49.001,48.9985,-0.51,True,
2026-10-01T17:05:34.130220+00:00,Upbit,KRW,1362.0,1365.0,22.03,True,
2026-10-01T17:05:34.130220+00:00,Indodax,IDR,17916.5,17949.5,18.42,True,
2026-10-01T17:05:34.130220+00:00,Bitkub,THB,33.615,33.625,2.97,True,
2026-10-01T17:05:34.130220+00:00,Bithumb,KRW,1362.5,1363.5,7.34,True,
2026-10-01T17:05:34.130220+00:00,Coinone,KRW,1362.5,1362.5,0.0,True,
2026-10-01T17:05:34.130220+00:00,Paribu,TRY,48.9895,49.014,5.0,True,
2026-10-01T17:05:34.130220+00:00,Pintu,IDR,17910.0,17878.0,-17.87,True,
2026-10-01T17:05:34.130220+00:00,Foxbit,BRL,5.23045,5.2307,0.48,True,
2026-10-01T17:05:34.130220+00:00,MercadoBitcoin,BRL,5.22895,5.2302,2.39,True,
2026-10-01T18:05:37.771285+00:00,IndependentReserve,SGD,1.280185,1.283155,23.2,True,
2026-10-01T18:05:37.771285+00:00,Coins.ph,PHP,62.795,62.805,1.59,True,
2026-10-01T18:05:37.771285+00:00,BTCTurk,TRY,49.0015,48.9395,-12.65,True,
2026-10-01T18:05:37.771285+00:00,Upbit,KRW,1360.0,1360.0,0.0,True,
2026-10-01T18:05:37.771285+00:00,Indodax,IDR,17891.5,17944.0,29.34,True,
2026-10-01T18:05:37.771285+00:00,Bitkub,THB,33.615,33.61,-1.49,True,
2026-10-01T18:05:37.771285+00:00,Bithumb,KRW,1359.5,1360.5,7.36,True,
2026-10-01T18:05:37.771285+00:00,Coinone,KRW,1360.5,1360.5,0.0,True,
2026-10-01T18:05:37.771285+00:00,Paribu,TRY,48.9895,49.0305,8.37,True,
2026-10-01T18:05:37.771285+00:00,Pintu,IDR,17898.0,17877.0,-11.73,True,
2026-10-01T18:05:37.771285+00:00,Foxbit,BRL,5.23005,5.23145,2.68,True,
2026-10-01T18:05:37.771285+00:00,MercadoBitcoin,BRL,5.22715,5.2285,2.58,True,
2026-10-01T19:05:33.876355+00:00,IndependentReserve,SGD,1.280665,1.283155,19.44,True,
2026-10-01T19:05:33.876355+00:00,Coins.ph,PHP,62.785,62.805,3.19,True,
2026-10-01T19:05:33.876355+00:00,BTCTurk,TRY,48.9945,48.9135,-16.53,True,
2026-10-01T19:05:33.876355+00:00,Upbit,KRW,1360.0,1361.0,7.35,True,
2026-10-01T19:05:33.876355+00:00,Indodax,IDR,17893.5,17895.5,1.12,True,
2026-10-01T19:05:33.876355+00:00,Bitkub,THB,33.615,33.57,-13.39,True,
2026-10-01T19:05:33.876355+00:00,Bithumb,KRW,1359.5,1360.5,7.36,True,
2026-10-01T19:05:33.876355+00:00,Coinone,KRW,1359.5,1360.5,7.36,True,
2026-10-01T19:05:33.876355+00:00,Paribu,TRY,48.9975,49.0335,7.35,True,
2026-10-01T19:05:33.876355+00:00,Pintu,IDR,17915.0,17877.0,-21.21,True,
2026-10-01T19:05:33.876355+00:00,Foxbit,BRL,5.22645,5.227,1.05,True,
2026-10-01T19:05:33.876355+00:00,MercadoBitcoin,BRL,5.22455,5.2259,2.58,True,
2026-10-01T20:05:36.587453+00:00,IndependentReserve,SGD,1.28063,1.283155,19.72,True,
2026-10-01T20:05:36.587453+00:00,Coins.ph,PHP,62.785,62.805,3.19,True,
2026-10-01T20:05:36.587453+00:00,BTCTurk,TRY,49.0135,48.926,-17.85,True,
2026-10-01T20:05:36.587453+00:00,Upbit,KRW,1360.0,1362.0,14.71,True,
2026-10-01T20:05:36.587453+00:00,Indodax,IDR,17884.0,17894.5,5.87,True,
2026-10-01T20:05:36.587453+00:00,Bitkub,THB,33.605,33.62,4.46,True,
2026-10-01T20:05:36.587453+00:00,Bithumb,KRW,1359.5,1360.0,3.68,True,
2026-10-01T20:05:36.587453+00:00,Coinone,KRW,1358.5,1359.5,7.36,True,
2026-10-01T20:05:36.587453+00:00,Paribu,TRY,48.9975,49.0205,4.69,True,
2026-10-01T20:05:36.587453+00:00,Pintu,IDR,17897.0,17879.0,-10.06,True,
2026-10-01T20:05:36.587453+00:00,Foxbit,BRL,5.22495,5.22685,3.64,True,
2026-10-01T20:05:36.587453+00:00,MercadoBitcoin,BRL,5.22395,5.22415,0.38,True,
2026-10-01T21:05:35.318584+00:00,IndependentReserve,SGD,1.279725,1.278465,-9.85,True,
2026-10-01T21:05:35.318584+00:00,Coins.ph,PHP,62.785,62.805,3.19,True,
2026-10-01T21:05:35.318584+00:00,BTCTurk,TRY,49.0185,48.987,-6.43,True,
2026-10-01T21:05:35.318584+00:00,Upbit,KRW,1360.0,1361.0,7.35,True,
2026-10-01T21:05:35.318584+00:00,Indodax,IDR,17882.5,17889.5,3.91,True,
2026-10-01T21:05:35.318584+00:00,Bitkub,THB,33.605,33.615,2.98,True,
2026-10-01T21:05:35.318584+00:00,Bithumb,KRW,1359.5,1360.5,7.36,True,
2026-10-01T21:05:35.318584+00:00,Coinone,KRW,1359.5,1360.5,7.36,True,
2026-10-01T21:05:35.318584+00:00,Paribu,TRY,48.9975,49.0215,4.9,True,
2026-10-01T21:05:35.318584+00:00,Pintu,IDR,17902.0,17876.0,-14.52,True,
2026-10-01T21:05:35.318584+00:00,Foxbit,BRL,5.22035,5.2235,6.03,True,
2026-10-01T21:05:35.318584+00:00,MercadoBitcoin,BRL,5.21955,5.22225,5.17,True,
2026-10-01T22:05:35.484567+00:00,IndependentReserve,SGD,1.27973,1.2821,18.52,True,
2026-10-01T22:05:35.484567+00:00,Coins.ph,PHP,62.795,62.805,1.59,True,
2026-10-01T22:05:35.484567+00:00,BTCTurk,TRY,49.0205,49.0085,-2.45,True,
2026-10-01T22:05:35.484567+00:00,Upbit,KRW,1361.0,1363.0,14.7,True,
2026-10-01T22:05:35.484567+00:00,Indodax,IDR,17807.0,17814.5,4.21,True,
2026-10-01T22:05:35.484567+00:00,Bitkub,THB,33.585,33.605,5.96,True,
2026-10-01T22:05:35.484567+00:00,Bithumb,KRW,1360.5,1361.0,3.68,True,
2026-10-01T22:05:35.484567+00:00,Coinone,KRW,1360.5,1360.5,0.0,True,
2026-10-01T22:05:35.484567+00:00,Paribu,TRY,48.9995,49.042,8.67,True,
2026-10-01T22:05:35.484567+00:00,Pintu,IDR,17877.0,17876.0,-0.56,True,
2026-10-01T22:05:35.484567+00:00,Foxbit,BRL,5.23175,5.2318,0.1,True,
2026-10-01T22:05:35.484567+00:00,MercadoBitcoin,BRL,5.22975,5.22925,-0.96,True,
2026-10-01T23:05:35.655556+00:00,IndependentReserve,SGD,1.27993,1.285895,46.6,True,
2026-10-01T23:05:35.655556+00:00,Coins.ph,PHP,62.795,62.805,1.59,True,
2026-10-01T23:05:35.655556+00:00,BTCTurk,TRY,49.0305,49.008,-4.59,True,
2026-10-01T23:05:35.655556+00:00,Upbit,KRW,1362.0,1362.0,0.0,True,
2026-10-01T23:05:35.655556+00:00,Indodax,IDR,17884.5,17843.0,-23.2,True,
2026-10-01T23:05:35.655556+00:00,Bitkub,THB,33.625,33.605,-5.95,True,
2026-10-01T23:05:35.655556+00:00,Bithumb,KRW,1361.5,1362.5,7.34,True,
2026-10-01T23:05:35.655556+00:00,Coinone,KRW,1361.5,1361.5,0.0,True,
2026-10-01T23:05:35.655556+00:00,Paribu,TRY,48.9995,49.0215,4.49,True,
2026-10-01T23:05:35.655556+00:00,Pintu,IDR,17865.0,17876.0,6.16,True,
2026-10-01T23:05:35.655556+00:00,Foxbit,BRL,5.23155,5.23115,-0.76,True,
2026-10-01T23:05:35.655556+00:00,MercadoBitcoin,BRL,5.22825,5.2296,2.58,True,
2026-10-02T00:36:03.509548+00:00,IndependentReserve,SGD,1.27993,1.285855,46.29,True,
2026-10-02T00:36:03.509548+00:00,Coins.ph,PHP,62.815,62.835,3.18,True,
2026-10-02T00:36:03.509548+00:00,BTCTurk,TRY,49.022,49.011,-2.24,True,
2026-10-02T00:36:03.509548+00:00,Upbit,KRW,1364.0,1366.0,14.66,True,
2026-10-02T00:36:03.509548+00:00,Indodax,IDR,17891.0,17853.5,-20.96,True,
2026-10-02T00:36:03.509548+00:00,Bitkub,THB,33.635,33.615,-5.95,True,
2026-10-02T00:36:03.509548+00:00,Bithumb,KRW,1363.5,1363.5,0.0,True,
2026-10-02T00:36:03.509548+00:00,Coinone,KRW,1363.5,1363.5,0.0,True,
2026-10-02T00:36:03.509548+00:00,Paribu,TRY,49.0005,49.019,3.78,True,
2026-10-02T00:36:03.509548+00:00,Pintu,IDR,17909.0,17875.0,-18.98,True,
2026-10-02T00:36:03.509548+00:00,Foxbit,BRL,5.23095,5.2325,2.96,True,
2026-10-02T00:36:03.509548+00:00,MercadoBitcoin,BRL,5.23035,5.23135,1.91,True,
2026-10-02T01:05:57.524517+00:00,IndependentReserve,SGD,1.280585,1.28601,42.36,True,
2026-10-02T01:05:57.524517+00:00,Coins.ph,PHP,62.795,62.805,1.59,True,
2026-10-02T01:05:57.524517+00:00,BTCTurk,TRY,48.9915,48.9395,-10.61,True,
2026-10-02T01:05:57.524517+00:00,Upbit,KRW,1364.0,1363.0,-7.33,True,
2026-10-02T01:05:57.524517+00:00,Indodax,IDR,17894.5,17848.0,-25.99,True,
2026-10-02T01:05:57.524517+00:00,Bitkub,THB,33.665,33.615,-14.85,True,
2026-10-02T01:05:57.524517+00:00,Bithumb,KRW,1363.5,1364.5,7.33,True,
2026-10-02T01:05:57.524517+00:00,Coinone,KRW,1363.5,1363.5,0.0,True,
2026-10-02T01:05:57.524517+00:00,Paribu,TRY,49.0005,49.032,6.43,True,
2026-10-02T01:05:57.524517+00:00,Pintu,IDR,17908.0,17875.0,-18.43,True,
2026-10-02T01:05:57.524517+00:00,Foxbit,BRL,5.23095,5.232,2.01,True,
2026-10-02T01:05:57.524517+00:00,MercadoBitcoin,BRL,5.22975,5.23095,2.29,True,
2026-10-02T02:06:01.763799+00:00,IndependentReserve,SGD,1.280095,1.28593,45.58,True,
2026-10-02T02:06:01.763799+00:00,Coins.ph,PHP,62.675,62.695,3.19,True,
2026-10-02T02:06:01.763799+00:00,BTCTurk,TRY,48.9915,48.9395,-10.61,True,
2026-10-02T02:06:01.763799+00:00,Upbit,KRW,1362.0,1363.0,7.34,True,
2026-10-02T02:06:01.763799+00:00,Indodax,IDR,17879.5,17899.5,11.19,True,
2026-10-02T02:06:01.763799+00:00,Bitkub,THB,33.615,33.645,8.92,True,
2026-10-02T02:06:01.763799+00:00,Bithumb,KRW,1361.5,1362.5,7.34,True,
2026-10-02T02:06:01.763799+00:00,Coinone,KRW,1361.5,1361.5,0.0,True,
2026-10-02T02:06:01.763799+00:00,Paribu,TRY,49.0005,49.0225,4.49,True,
2026-10-02T02:06:01.763799+00:00,Pintu,IDR,17904.0,17875.0,-16.2,True,
2026-10-02T02:06:01.763799+00:00,Foxbit,BRL,5.23135,5.2317,0.67,True,
2026-10-02T02:06:01.763799+00:00,MercadoBitcoin,BRL,5.22995,5.2299,-0.1,True,
2026-10-02T03:05:58.480889+00:00,IndependentReserve,SGD,1.27981,1.28527,42.66,True,
2026-10-02T03:05:58.480889+00:00,Coins.ph,PHP,62.615,62.635,3.19,True,
2026-10-02T03:05:58.480889+00:00,BTCTurk,TRY,48.9915,48.9395,-10.61,True,
2026-10-02T03:05:58.480889+00:00,Upbit,KRW,1360.0,1360.0,0.0,True,
2026-10-02T03:05:58.480889+00:00,Indodax,IDR,17849.5,17897.5,26.89,True,
2026-10-02T03:05:58.480889+00:00,Bitkub,THB,33.595,33.6,1.49,True,
2026-10-02T03:05:58.480889+00:00,Bithumb,KRW,1359.5,1360.0,3.68,True,
2026-10-02T03:05:58.480889+00:00,Coinone,KRW,1358.5,1359.5,7.36,True,
2026-10-02T03:05:58.480889+00:00,Paribu,TRY,49.0005,49.018,3.57,True,
2026-10-02T03:05:58.480889+00:00,Pintu,IDR,17906.0,17877.0,-16.2,True,
2026-10-02T03:05:58.480889+00:00,Foxbit,BRL,5.23075,5.2314,1.24,True,
2026-10-02T03:05:58.480889+00:00,MercadoBitcoin,BRL,5.22885,5.23005,2.29,True,
2026-10-02T04:05:58.232440+00:00,IndependentReserve,SGD,1.27983,1.283925,32.0,True,
2026-10-02T04:05:58.232440+00:00,Coins.ph,PHP,62.615,62.625,1.6,True,
2026-10-02T04:05:58.232440+00:00,BTCTurk,TRY,48.9815,48.939,-8.68,True,
2026-10-02T04:05:58.232440+00:00,Upbit,KRW,1360.0,1361.0,7.35,True,
2026-10-02T04:05:58.232440+00:00,Indodax,IDR,17833.5,17844.5,6.17,True,
2026-10-02T04:05:58.232440+00:00,Bitkub,THB,33.565,33.545,-5.96,True,
2026-10-02T04:05:58.232440+00:00,Bithumb,KRW,1358.5,1359.0,3.68,True,
2026-10-02T04:05:58.232440+00:00,Coinone,KRW,1358.5,1359.5,7.36,True,
2026-10-02T04:05:58.232440+00:00,Paribu,TRY,49.0005,49.0185,3.67,True,
2026-10-02T04:05:58.232440+00:00,Pintu,IDR,17905.0,17870.0,-19.55,True,
2026-10-02T04:05:58.232440+00:00,Foxbit,BRL,5.23075,5.2305,-0.48,True,
2026-10-02T04:05:58.232440+00:00,MercadoBitcoin,BRL,5.22785,5.2298,3.73,True,
2026-10-02T05:05:55.623678+00:00,IndependentReserve,SGD,1.279005,1.284115,39.95,True,
2026-10-02T05:05:55.623678+00:00,Coins.ph,PHP,62.615,62.625,1.6,True,
2026-10-02T05:05:55.623678+00:00,BTCTurk,TRY,48.9635,48.929,-7.05,True,
2026-10-02T05:05:55.623678+00:00,Upbit,KRW,1356.0,1357.0,7.37,True,
2026-10-02T05:05:55.623678+00:00,Indodax,IDR,17810.5,17835.0,13.76,True,
2026-10-02T05:05:55.623678+00:00,Bitkub,THB,33.535,33.545,2.98,True,
2026-10-02T05:05:55.623678+00:00,Bithumb,KRW,1355.5,1355.5,0.0,True,
2026-10-02T05:05:55.623678+00:00,Coinone,KRW,1355.5,1355.5,0.0,True,
2026-10-02T05:05:55.623678+00:00,Paribu,TRY,48.9945,49.0155,4.29,True,
2026-10-02T05:05:55.623678+00:00,Pintu,IDR,17891.0,17846.0,-25.15,True,
2026-10-02T05:05:55.623678+00:00,Foxbit,BRL,5.22875,5.2291,0.67,True,
2026-10-02T05:05:55.623678+00:00,MercadoBitcoin,BRL,5.22795,5.2278,-0.29,True,
2026-10-02T06:06:03.181001+00:00,IndependentReserve,SGD,1.279005,1.28325,33.19,True,
2026-10-02T06:06:03.181001+00:00,Coins.ph,PHP,62.615,62.625,1.6,True,
2026-10-02T06:06:03.181001+00:00,BTCTurk,TRY,48.9705,48.9075,-12.86,True,
2026-10-02T06:06:03.181001+00:00,Upbit,KRW,1354.0,1353.0,-7.39,True,
2026-10-02T06:06:03.181001+00:00,Indodax,IDR,17810.5,17855.5,25.27,True,
2026-10-02T06:06:03.181001+00:00,Bitkub,THB,33.555,33.565,2.98,True,
2026-10-02T06:06:03.181001+00:00,Bithumb,KRW,1353.5,1354.5,7.39,True,
2026-10-02T06:06:03.181001+00:00,Coinone,KRW,1353.5,1353.5,0.0,True,
2026-10-02T06:06:03.181001+00:00,Paribu,TRY,48.9515,48.9695,3.68,True,
2026-10-02T06:06:03.181001+00:00,Pintu,IDR,17870.0,17826.0,-24.62,True,
2026-10-02T06:06:03.181001+00:00,Foxbit,BRL,5.223,5.22475,3.35,True,
2026-10-02T06:06:03.181001+00:00,MercadoBitcoin,BRL,5.22365,5.22355,-0.19,True,
2026-10-02T07:06:04.491199+00:00,IndependentReserve,SGD,1.27808,1.282695,36.11,True,
2026-10-02T07:06:04.491199+00:00,Coins.ph,PHP,62.555,62.565,1.6,True,
2026-10-02T07:06:04.491199+00:00,BTCTurk,TRY,48.972,48.912,-12.25,True,
2026-10-02T07:06:04.491199+00:00,Upbit,KRW,1356.0,1357.0,7.37,True,
2026-10-02T07:06:04.491199+00:00,Indodax,IDR,17829.5,17871.0,23.28,True,
2026-10-02T07:06:04.491199+00:00,Bitkub,THB,33.555,33.555,0.0,True,
2026-10-02T07:06:04.491199+00:00,Bithumb,KRW,1354.5,1355.5,7.38,True,
2026-10-02T07:06:04.491199+00:00,Coinone,KRW,1354.5,1355.5,7.38,True,
2026-10-02T07:06:04.491199+00:00,Paribu,TRY,48.9645,48.945,-3.98,True,
2026-10-02T07:06:04.491199+00:00,Pintu,IDR,17870.0,17816.0,-30.22,True,
2026-10-02T07:06:04.491199+00:00,Foxbit,BRL,5.22395,5.2255,2.97,True,
2026-10-02T07:06:04.491199+00:00,MercadoBitcoin,BRL,5.22255,5.2243,3.35,True,
2026-10-02T08:06:01.387051+00:00,IndependentReserve,SGD,1.278025,1.282445,34.58,True,
2026-10-02T08:06:01.387051+00:00,Coins.ph,PHP,62.535,62.535,0.0,True,
2026-10-02T08:06:01.387051+00:00,BTCTurk,TRY,48.979,48.9385,-8.27,True,
2026-10-02T08:06:01.387051+00:00,Upbit,KRW,1352.0,1354.0,14.79,True,
2026-10-02T08:06:01.387051+00:00,Indodax,IDR,17831.5,17871.5,22.43,True,
2026-10-02T08:06:01.387051+00:00,Bitkub,THB,33.515,33.515,0.0,True,
2026-10-02T08:06:01.387051+00:00,Bithumb,KRW,1352.5,1352.5,0.0,True,
2026-10-02T08:06:01.387051+00:00,Coinone,KRW,1351.5,1352.5,7.4,True,
2026-10-02T08:06:01.387051+00:00,Paribu,TRY,48.9635,48.9465,-3.47,True,
2026-10-02T08:06:01.387051+00:00,Pintu,IDR,17806.0,17814.0,4.49,True,
2026-10-02T08:06:01.387051+00:00,Foxbit,BRL,5.22345,5.2238,0.67,True,
2026-10-02T08:06:01.387051+00:00,MercadoBitcoin,BRL,5.22345,5.2227,-1.44,True,
2026-10-02T09:06:05.651107+00:00,IndependentReserve,SGD,1.2781,1.28217,31.84,True,
2026-10-02T09:06:05.651107+00:00,Coins.ph,PHP,62.545,62.545,0.0,True,
2026-10-02T09:06:05.651107+00:00,BTCTurk,TRY,48.9645,48.906,-11.95,True,
2026-10-02T09:06:05.651107+00:00,Upbit,KRW,1354.0,1354.0,0.0,True,
2026-10-02T09:06:05.651107+00:00,Indodax,IDR,17839.5,17872.5,18.5,True,
2026-10-02T09:06:05.651107+00:00,Bitkub,THB,33.505,33.51,1.49,True,
2026-10-02T09:06:05.651107+00:00,Bithumb,KRW,1352.5,1352.0,-3.7,True,
2026-10-02T09:06:05.651107+00:00,Coinone,KRW,1352.5,1352.5,0.0,True,
2026-10-02T09:06:05.651107+00:00,Paribu,TRY,48.9695,48.973,0.71,True,
2026-10-02T09:06:05.651107+00:00,Pintu,IDR,17805.0,17814.0,5.05,True,
2026-10-02T09:06:05.651107+00:00,Foxbit,BRL,5.22215,5.22235,0.38,True,
2026-10-02T09:06:05.651107+00:00,MercadoBitcoin,BRL,5.21915,5.22085,3.26,True,
2026-10-02T10:05:58.234199+00:00,IndependentReserve,SGD,1.27812,1.28246,33.96,True,
2026-10-02T10:05:58.234199+00:00,Coins.ph,PHP,62.595,62.595,0.0,True,
2026-10-02T10:05:58.234199+00:00,BTCTurk,TRY,48.9815,48.9035,-15.92,True,
2026-10-02T10:05:58.234199+00:00,Upbit,KRW,1351.0,1351.0,0.0,True,
2026-10-02T10:05:58.234199+00:00,Indodax,IDR,17841.0,17873.5,18.22,True,
2026-10-02T10:05:58.234199+00:00,Bitkub,THB,33.505,33.51,1.49,True,
2026-10-02T10:05:58.234199+00:00,Bithumb,KRW,1351.5,1352.5,7.4,True,
2026-10-02T10:05:58.234199+00:00,Coinone,KRW,1351.5,1351.5,0.0,True,
2026-10-02T10:05:58.234199+00:00,Paribu,TRY,48.9755,48.9505,-5.1,True,
2026-10-02T10:05:58.234199+00:00,Pintu,IDR,17901.0,17913.0,6.7,True,
2026-10-02T10:05:58.234199+00:00,Foxbit,BRL,5.22525,5.22515,-0.19,True,
2026-10-02T10:05:58.234199+00:00,MercadoBitcoin,BRL,5.22335,5.22235,-1.91,True,
2026-10-02T11:05:54.248837+00:00,IndependentReserve,SGD,1.2787,1.282565,30.23,True,
2026-10-02T11:05:54.248837+00:00,Coins.ph,PHP,62.615,62.625,1.6,True,
2026-10-02T11:05:54.248837+00:00,BTCTurk,TRY,48.9805,48.9085,-14.7,True,
2026-10-02T11:05:54.248837+00:00,Upbit,KRW,1351.0,1351.0,0.0,True,
2026-10-02T11:05:54.248837+00:00,Indodax,IDR,17865.0,17853.0,-6.72,True,
2026-10-02T11:05:54.248837+00:00,Bitkub,THB,33.515,33.51,-1.49,True,
2026-10-02T11:05:54.248837+00:00,Bithumb,KRW,1351.5,1352.5,7.4,True,
2026-10-02T11:05:54.248837+00:00,Coinone,KRW,1351.5,1351.5,0.0,True,
2026-10-02T11:05:54.248837+00:00,Paribu,TRY,48.9755,48.9425,-6.74,True,
2026-10-02T11:05:54.248837+00:00,Pintu,IDR,17932.0,17933.0,0.56,True,
2026-10-02T11:05:54.248837+00:00,Foxbit,BRL,5.22665,5.227,0.67,True,
2026-10-02T11:05:54.248837+00:00,MercadoBitcoin,BRL,5.22485,5.22605,2.3,True,
2026-10-02T12:06:13.985516+00:00,IndependentReserve,SGD,1.2787,1.282505,29.76,True,
2026-10-02T12:06:13.985516+00:00,Coins.ph,PHP,62.595,62.595,0.0,True,
2026-10-02T12:06:13.985516+00:00,BTCTurk,TRY,48.9505,48.8905,-12.26,True,
2026-10-02T12:06:13.985516+00:00,Upbit,KRW,1352.0,1351.0,-7.4,True,
2026-10-02T12:06:13.985516+00:00,Indodax,IDR,17899.5,17874.0,-14.25,True,
2026-10-02T12:06:13.985516+00:00,Bitkub,THB,33.545,33.555,2.98,True,
2026-10-02T12:06:13.985516+00:00,Bithumb,KRW,1351.5,1351.5,0.0,True,
2026-10-02T12:06:13.985516+00:00,Coinone,KRW,1351.5,1351.5,0.0,True,
2026-10-02T12:06:13.985516+00:00,Paribu,TRY,48.9755,48.9855,2.04,True,
2026-10-02T12:06:13.985516+00:00,Pintu,IDR,17933.0,17932.0,-0.56,True,
2026-10-02T12:06:13.985516+00:00,Foxbit,BRL,5.23125,5.2311,-0.29,True,
2026-10-02T12:06:13.985516+00:00,MercadoBitcoin,BRL,5.22855,5.22785,-1.34,True,
2026-10-02T13:06:14.093051+00:00,IndependentReserve,SGD,1.2779,1.281095,25.0,True,
2026-10-02T13:06:14.093051+00:00,Coins.ph,PHP,62.535,62.535,0.0,True,
2026-10-02T13:06:14.093051+00:00,BTCTurk,TRY,48.9295,48.864,-13.39,True,
2026-10-02T13:06:14.093051+00:00,Upbit,KRW,1350.0,1350.0,0.0,True,
2026-10-02T13:06:14.093051+00:00,Indodax,IDR,17832.5,17855.5,12.9,True,
2026-10-02T13:06:14.093051+00:00,Bitkub,THB,33.445,33.45,1.49,True,
2026-10-02T13:06:14.093051+00:00,Bithumb,KRW,1349.5,1350.5,7.41,True,
2026-10-02T13:06:14.093051+00:00,Coinone,KRW,1349.5,1349.5,0.0,True,
2026-10-02T13:06:14.093051+00:00,Paribu,TRY,48.9515,48.9575,1.23,True,
2026-10-02T13:06:14.093051+00:00,Pintu,IDR,17950.0,17952.0,1.11,True,
2026-10-02T13:06:14.093051+00:00,Foxbit,BRL,5.21095,5.21395,5.76,True,
2026-10-02T13:06:14.093051+00:00,MercadoBitcoin,BRL,5.21215,5.2118,-0.67,True,
2026-10-02T14:06:04.577237+00:00,IndependentReserve,SGD,1.278,1.28066,20.81,True,
2026-10-02T14:06:04.577237+00:00,Coins.ph,PHP,62.535,62.535,0.0,True,
2026-10-02T14:06:04.577237+00:00,BTCTurk,TRY,48.9755,48.8855,-18.38,True,
2026-10-02T14:06:04.577237+00:00,Upbit,KRW,1350.0,1350.0,0.0,True,
2026-10-02T14:06:04.577237+00:00,Indodax,IDR,17866.5,17868.5,1.12,True,
2026-10-02T14:06:04.577237+00:00,Bitkub,THB,33.425,33.435,2.99,True,
2026-10-02T14:06:04.577237+00:00,Bithumb,KRW,1349.5,1350.0,3.71,True,
2026-10-02T14:06:04.577237+00:00,Coinone,KRW,1348.5,1349.5,7.42,True,
2026-10-02T14:06:04.577237+00:00,Paribu,TRY,48.9625,48.9635,0.2,True,
2026-10-02T14:06:04.577237+00:00,Pintu,IDR,17952.0,17952.0,0.0,True,
2026-10-02T14:06:04.577237+00:00,Foxbit,BRL,5.23305,5.23305,0.0,True,
2026-10-02T14:06:04.577237+00:00,MercadoBitcoin,BRL,5.23145,5.2299,-2.96,True,
2026-10-02T15:06:11.700398+00:00,IndependentReserve,SGD,1.2765,1.2804,30.55,True,
2026-10-02T15:06:11.700398+00:00,Coins.ph,PHP,62.515,62.515,0.0,True,
2026-10-02T15:06:11.700398+00:00,BTCTurk,TRY,49.0075,48.9345,-14.9,True,
2026-10-02T15:06:11.700398+00:00,Upbit,KRW,1353.0,1351.0,-14.78,True,
2026-10-02T15:06:11.700398+00:00,Indodax,IDR,17874.5,17854.0,-11.47,True,
2026-10-02T15:06:11.700398+00:00,Bitkub,THB,33.505,33.505,-0.0,True,
2026-10-02T15:06:11.700398+00:00,Bithumb,KRW,1351.5,1352.5,7.4,True,
2026-10-02T15:06:11.700398+00:00,Coinone,KRW,1352.5,1352.5,0.0,True,
2026-10-02T15:06:11.700398+00:00,Paribu,TRY,49.0295,49.0025,-5.51,True,
2026-10-02T15:06:11.700398+00:00,Pintu,IDR,17951.0,17952.0,0.56,True,
2026-10-02T15:06:11.700398+00:00,Foxbit,BRL,5.23675,5.23765,1.72,True,
2026-10-02T15:06:11.700398+00:00,MercadoBitcoin,BRL,5.23925,5.23875,-0.95,True,
2026-10-02T16:06:13.386747+00:00,IndependentReserve,SGD,1.2765,1.28025,29.38,True,
2026-10-02T16:06:13.386747+00:00,Coins.ph,PHP,62.555,62.555,0.0,True,
2026-10-02T16:06:13.386747+00:00,BTCTurk,TRY,49.0565,48.997,-12.13,True,
2026-10-02T16:06:13.386747+00:00,Upbit,KRW,1354.0,1354.0,0.0,True,
2026-10-02T16:06:13.386747+00:00,Indodax,IDR,17878.5,17850.0,-15.94,True,
2026-10-02T16:06:13.386747+00:00,Bitkub,THB,33.515,33.52,1.49,True,
2026-10-02T16:06:13.386747+00:00,Bithumb,KRW,1352.5,1353.5,7.39,True,
2026-10-02T16:06:13.386747+00:00,Coinone,KRW,1353.5,1353.5,0.0,True,
2026-10-02T16:06:13.386747+00:00,Paribu,TRY,49.0535,49.027,-5.4,True,
2026-10-02T16:06:13.386747+00:00,Pintu,IDR,17952.0,17952.0,0.0,True,
2026-10-02T16:06:13.386747+00:00,Foxbit,BRL,5.23235,5.2318,-1.05,True,
2026-10-02T16:06:13.386747+00:00,MercadoBitcoin,BRL,5.22955,5.23,0.86,True,
2026-10-02T17:06:05.923870+00:00,IndependentReserve,SGD,1.27929,1.279605,2.46,True,
2026-10-02T17:06:05.923870+00:00,Coins.ph,PHP,62.545,62.545,0.0,True,
2026-10-02T17:06:05.923870+00:00,BTCTurk,TRY,49.0745,49.0545,-4.08,True,
2026-10-02T17:06:05.923870+00:00,Upbit,KRW,1354.0,1353.0,-7.39,True,
2026-10-02T17:06:05.923870+00:00,Indodax,IDR,17878.5,17869.0,-5.31,True,
2026-10-02T17:06:05.923870+00:00,Bitkub,THB,33.535,33.525,-2.98,True,
2026-10-02T17:06:05.923870+00:00,Bithumb,KRW,1354.5,1354.5,0.0,True,
2026-10-02T17:06:05.923870+00:00,Coinone,KRW,1354.5,1354.5,0.0,True,
2026-10-02T17:06:05.923870+00:00,Paribu,TRY,49.0645,49.0575,-1.43,True,
2026-10-02T17:06:05.923870+00:00,Pintu,IDR,17951.0,17954.0,1.67,True,
2026-10-02T17:06:05.923870+00:00,Foxbit,BRL,5.2293,5.22945,0.29,True,
2026-10-02T17:06:05.923870+00:00,MercadoBitcoin,BRL,5.22655,5.2271,1.05,True,
2026-10-02T18:06:11.845270+00:00,IndependentReserve,SGD,1.279335,1.279485,1.17,True,
2026-10-02T18:06:11.845270+00:00,Coins.ph,PHP,62.545,62.545,0.0,True,
2026-10-02T18:06:11.845270+00:00,BTCTurk,TRY,49.1515,49.0865,-13.22,True,
2026-10-02T18:06:11.845270+00:00,Upbit,KRW,1356.0,1354.0,-14.75,True,
2026-10-02T18:06:11.845270+00:00,Indodax,IDR,17878.5,17860.0,-10.35,True,
2026-10-02T18:06:11.845270+00:00,Bitkub,THB,33.535,33.54,1.49,True,
2026-10-02T18:06:11.845270+00:00,Bithumb,KRW,1355.5,1356.5,7.38,True,
2026-10-02T18:06:11.845270+00:00,Coinone,KRW,1355.5,1355.5,0.0,True,
2026-10-02T18:06:11.845270+00:00,Paribu,TRY,49.1305,49.108,-4.58,True,
2026-10-02T18:06:11.845270+00:00,Pintu,IDR,17952.0,17952.0,0.0,True,
2026-10-02T18:06:11.845270+00:00,Foxbit,BRL,5.22715,5.22685,-0.57,True,
2026-10-02T18:06:11.845270+00:00,MercadoBitcoin,BRL,5.22495,5.2239,-2.01,True,
2026-10-02T19:06:13.483795+00:00,IndependentReserve,SGD,1.27925,1.28019,7.35,True,
2026-10-02T19:06:13.483795+00:00,Coins.ph,PHP,62.545,62.545,0.0,True,
2026-10-02T19:06:13.483795+00:00,BTCTurk,TRY,49.159,49.1505,-1.73,True,
2026-10-02T19:06:13.483795+00:00,Upbit,KRW,1364.0,1366.0,14.66,True,
2026-10-02T19:06:13.483795+00:00,Indodax,IDR,17899.5,17870.0,-16.48,True,
2026-10-02T19:06:13.483795+00:00,Bitkub,THB,33.555,33.56,1.49,True,
2026-10-02T19:06:13.483795+00:00,Bithumb,KRW,1362.5,1363.5,7.34,True,
2026-10-02T19:06:13.483795+00:00,Coinone,KRW,1363.5,1363.5,0.0,True,
2026-10-02T19:06:13.483795+00:00,Paribu,TRY,49.1575,49.1415,-3.25,True,
2026-10-02T19:06:13.483795+00:00,Pintu,IDR,17950.0,17954.0,2.23,True,
2026-10-02T19:06:13.483795+00:00,Foxbit,BRL,5.23085,5.23205,2.29,True,
2026-10-02T19:06:13.483795+00:00,MercadoBitcoin,BRL,5.22905,5.2305,2.77,True,
2026-10-02T20:06:17.934763+00:00,IndependentReserve,SGD,1.27931,1.28011,6.25,True,
2026-10-02T20:06:17.934763+00:00,Coins.ph,PHP,62.545,62.545,0.0,True,
2026-10-02T20:06:17.934763+00:00,BTCTurk,TRY,49.1615,49.0875,-15.05,True,
2026-10-02T20:06:17.934763+00:00,Upbit,KRW,1363.0,1363.0,0.0,True,
2026-10-02T20:06:17.934763+00:00,Indodax,IDR,17899.5,17867.5,-17.88,True,
2026-10-02T20:06:17.934763+00:00,Bitkub,THB,33.555,33.56,1.49,True,
2026-10-02T20:06:17.934763+00:00,Bithumb,KRW,1360.5,1362.0,11.03,True,
2026-10-02T20:06:17.934763+00:00,Coinone,KRW,1361.5,1362.0,3.67,True,
2026-10-02T20:06:17.934763+00:00,Paribu,TRY,49.1615,49.1415,-4.07,True,
2026-10-02T20:06:17.934763+00:00,Pintu,IDR,17951.0,17953.0,1.11,True,
2026-10-02T20:06:17.934763+00:00,Foxbit,BRL,5.22545,5.22545,0.0,True,
2026-10-02T20:06:17.934763+00:00,MercadoBitcoin,BRL,5.22335,5.22445,2.11,True,
2026-10-02T21:06:01.239848+00:00,IndependentReserve,SGD,1.27978,1.27783,-15.24,True,
2026-10-02T21:06:01.239848+00:00,Coins.ph,PHP,62.545,62.545,0.0,True,
2026-10-02T21:06:01.239848+00:00,BTCTurk,TRY,49.1615,49.169,1.53,True,
2026-10-02T21:06:01.239848+00:00,Upbit,KRW,1362.0,1361.0,-7.34,True,
2026-10-02T21:06:01.239848+00:00,Indodax,IDR,17899.5,17883.5,-8.94,True,
2026-10-02T21:06:01.239848+00:00,Bitkub,THB,33.555,33.555,0.0,True,
2026-10-02T21:06:01.239848+00:00,Bithumb,KRW,1360.5,1360.5,0.0,True,
2026-10-02T21:06:01.239848+00:00,Coinone,KRW,1361.5,1361.5,0.0,True,
2026-10-02T21:06:01.239848+00:00,Paribu,TRY,49.1745,49.1255,-9.96,True,
2026-10-02T21:06:01.239848+00:00,Pintu,IDR,17952.0,17952.0,0.0,True,
2026-10-02T21:06:01.239848+00:00,Foxbit,BRL,5.22285,5.22385,1.91,True,
2026-10-02T21:06:01.239848+00:00,MercadoBitcoin,BRL,5.22185,5.22405,4.21,True,
2026-10-02T22:06:10.379130+00:00,IndependentReserve,SGD,1.27978,1.282035,17.62,True,
2026-10-02T22:06:10.379130+00:00,Coins.ph,PHP,62.545,62.545,0.0,True,
2026-10-02T22:06:10.379130+00:00,BTCTurk,TRY,49.1625,49.125,-7.63,True,
2026-10-02T22:06:10.379130+00:00,Upbit,KRW,1363.0,1364.0,7.34,True,
2026-10-02T22:06:10.379130+00:00,Indodax,IDR,17899.5,17903.0,1.96,True,
2026-10-02T22:06:10.379130+00:00,Bitkub,THB,33.545,33.555,2.98,True,
2026-10-02T22:06:10.379130+00:00,Bithumb,KRW,1362.5,1362.5,0.0,True,
2026-10-02T22:06:10.379130+00:00,Coinone,KRW,1362.5,1362.5,0.0,True,
2026-10-02T22:06:10.379130+00:00,Paribu,TRY,49.1555,49.1235,-6.51,True,
2026-10-02T22:06:10.379130+00:00,Pintu,IDR,17951.0,17953.0,1.11,True,
2026-10-02T22:06:10.379130+00:00,Foxbit,BRL,5.2327,5.2321,-1.15,True,
2026-10-02T22:06:10.379130+00:00,MercadoBitcoin,BRL,5.23035,5.23095,1.15,True,
2026-10-02T23:16:52.876789+00:00,IndependentReserve,SGD,1.279345,1.28172,18.56,True,
2026-10-02T23:16:52.876789+00:00,Coins.ph,PHP,62.545,62.545,0.0,True,
2026-10-02T23:16:52.876789+00:00,BTCTurk,TRY,49.148,49.133,-3.05,True,
2026-10-02T23:16:52.876789+00:00,Upbit,KRW,1363.0,1363.0,0.0,True,
2026-10-02T23:16:52.876789+00:00,Indodax,IDR,17904.5,17886.0,-10.33,True,
2026-10-02T23:16:52.876789+00:00,Bitkub,THB,33.545,33.555,2.98,True,
2026-10-02T23:16:52.876789+00:00,Bithumb,KRW,1361.5,1362.5,7.34,True,
2026-10-02T23:16:52.876789+00:00,Coinone,KRW,1362.5,1362.5,0.0,True,
2026-10-02T23:16:52.876789+00:00,Paribu,TRY,49.164,49.132,-6.51,True,
2026-10-02T23:16:52.876789+00:00,Pintu,IDR,17951.0,17954.0,1.67,True,
2026-10-02T23:16:52.876789+00:00,Foxbit,BRL,5.23485,5.2332,-3.15,True,
2026-10-02T23:16:52.876789+00:00,MercadoBitcoin,BRL,5.23345,5.2331,-0.67,True,
2026-10-03T00:06:11.237182+00:00,IndependentReserve,SGD,1.27934,1.282505,24.74,True,
2026-10-03T00:06:11.237182+00:00,Coins.ph,PHP,62.545,62.545,0.0,True,
2026-10-03T00:06:11.237182+00:00,BTCTurk,TRY,49.143,49.086,-11.6,True,
2026-10-03T00:06:11.237182+00:00,Upbit,KRW,1362.0,1361.0,-7.34,True,
2026-10-03T00:06:11.237182+00:00,Indodax,IDR,17929.5,17912.5,-9.48,True,
2026-10-03T00:06:11.237182+00:00,Bitkub,THB,33.545,33.555,2.98,True,
2026-10-03T00:06:11.237182+00:00,Bithumb,KRW,1361.5,1361.5,0.0,True,
2026-10-03T00:06:11.237182+00:00,Coinone,KRW,1361.5,1361.5,0.0,True,
2026-10-03T00:06:11.237182+00:00,Paribu,TRY,49.1585,49.1315,-5.49,True,
2026-10-03T00:06:11.237182+00:00,Pintu,IDR,17951.0,17954.0,1.67,True,
2026-10-03T00:06:11.237182+00:00,Foxbit,BRL,5.24315,5.24225,-1.72,True,
2026-10-03T00:06:11.237182+00:00,MercadoBitcoin,BRL,5.23985,5.24135,2.86,True,
2026-10-03T01:06:20.511888+00:00,IndependentReserve,SGD,1.27934,1.281685,18.33,True,
2026-10-03T01:06:20.511888+00:00,Coins.ph,PHP,62.545,62.545,0.0,True,
2026-10-03T01:06:20.511888+00:00,BTCTurk,TRY,49.1565,49.1165,-8.14,True,
2026-10-03T01:06:20.511888+00:00,Upbit,KRW,1358.0,1360.0,14.73,True,
2026-10-03T01:06:20.511888+00:00,Indodax,IDR,17949.5,17898.0,-28.69,True,
2026-10-03T01:06:20.511888+00:00,Bitkub,THB,33.545,33.55,1.49,True,
2026-10-03T01:06:20.511888+00:00,Bithumb,KRW,1359.5,1360.5,7.36,True,
2026-10-03T01:06:20.511888+00:00,Coinone,KRW,1359.5,1359.5,0.0,True,
2026-10-03T01:06:20.511888+00:00,Paribu,TRY,49.1185,49.1155,-0.61,True,
2026-10-03T01:06:20.511888+00:00,Pintu,IDR,17950.0,17954.0,2.23,True,
2026-10-03T01:06:20.511888+00:00,Foxbit,BRL,5.24285,5.2424,-0.86,True,
2026-10-03T01:06:20.511888+00:00,MercadoBitcoin,BRL,5.23935,5.2405,2.19,True,
2026-10-03T02:06:00.594322+00:00,IndependentReserve,SGD,1.2789,1.281525,20.53,True,
2026-10-03T02:06:00.594322+00:00,Coins.ph,PHP,62.545,62.545,0.0,True,
2026-10-03T02:06:00.594322+00:00,BTCTurk,TRY,49.1405,49.1295,-2.24,True,
2026-10-03T02:06:00.594322+00:00,Upbit,KRW,1359.0,1358.0,-7.36,True,
2026-10-03T02:06:00.594322+00:00,Indodax,IDR,17948.5,17898.0,-28.14,True,
2026-10-03T02:06:00.594322+00:00,Bitkub,THB,33.545,33.55,1.49,True,
2026-10-03T02:06:00.594322+00:00,Bithumb,KRW,1359.5,1359.5,0.0,True,
2026-10-03T02:06:00.594322+00:00,Coinone,KRW,1359.5,1359.5,0.0,True,
2026-10-03T02:06:00.594322+00:00,Paribu,TRY,49.1005,49.1045,0.81,True,
2026-10-03T02:06:00.594322+00:00,Pintu,IDR,17952.0,17952.0,0.0,True,
2026-10-03T02:06:00.594322+00:00,Foxbit,BRL,5.23925,5.2398,1.05,True,
2026-10-03T02:06:00.594322+00:00,MercadoBitcoin,BRL,5.23805,5.23785,-0.38,True,
2026-10-03T03:06:09.718082+00:00,IndependentReserve,SGD,1.27862,1.28206,26.9,True,
2026-10-03T03:06:09.718082+00:00,Coins.ph,PHP,62.53,62.525,-0.8,True,
2026-10-03T03:06:09.718082+00:00,BTCTurk,TRY,49.1195,49.1265,1.43,True,
2026-10-03T03:06:09.718082+00:00,Upbit,KRW,1359.0,1357.0,-14.72,True,
2026-10-03T03:06:09.718082+00:00,Indodax,IDR,17920.5,17881.0,-22.04,True,
2026-10-03T03:06:09.718082+00:00,Bitkub,THB,33.545,33.55,1.49,True,
2026-10-03T03:06:09.718082+00:00,Bithumb,KRW,1359.5,1360.5,7.36,True,
2026-10-03T03:06:09.718082+00:00,Coinone,KRW,1358.5,1359.5,7.36,True,
2026-10-03T03:06:09.718082+00:00,Paribu,TRY,49.1005,49.068,-6.62,True,
2026-10-03T03:06:09.718082+00:00,Pintu,IDR,17952.0,17952.0,0.0,True,
2026-10-03T03:06:09.718082+00:00,Foxbit,BRL,5.24315,5.2427,-0.86,True,
2026-10-03T03:06:09.718082+00:00,MercadoBitcoin,BRL,5.24295,5.2422,-1.43,True,
2026-10-03T04:06:10.982207+00:00,IndependentReserve,SGD,1.27886,1.28154,20.96,True,
2026-10-03T04:06:10.982207+00:00,Coins.ph,PHP,62.53,62.525,-0.8,True,
2026-10-03T04:06:10.982207+00:00,BTCTurk,TRY,49.1325,49.043,-18.22,True,
2026-10-03T04:06:10.982207+00:00,Upbit,KRW,1358.0,1358.0,0.0,True,
2026-10-03T04:06:10.982207+00:00,Indodax,IDR,17909.0,17882.0,-15.08,True,
2026-10-03T04:06:10.982207+00:00,Bitkub,THB,33.545,33.55,1.49,True,
2026-10-03T04:06:10.982207+00:00,Bithumb,KRW,1358.5,1359.0,3.68,True,
2026-10-03T04:06:10.982207+00:00,Coinone,KRW,1358.5,1358.5,0.0,True,
2026-10-03T04:06:10.982207+00:00,Paribu,TRY,49.1005,49.1,-0.1,True,
2026-10-03T04:06:10.982207+00:00,Pintu,IDR,17951.0,17952.0,0.56,True,
2026-10-03T04:06:10.982207+00:00,Foxbit,BRL,5.24315,5.2424,-1.43,True,
2026-10-03T04:06:10.982207+00:00,MercadoBitcoin,BRL,5.24295,5.2427,-0.48,True,
2026-10-03T05:06:04.933883+00:00,IndependentReserve,SGD,1.27887,1.281795,22.87,True,
2026-10-03T05:06:04.933883+00:00,Coins.ph,PHP,62.525,62.525,0.0,True,
2026-10-03T05:06:04.933883+00:00,BTCTurk,TRY,49.1275,49.0645,-12.82,True,
2026-10-03T05:06:04.933883+00:00,Upbit,KRW,1359.0,1359.0,0.0,True,
2026-10-03T05:06:04.933883+00:00,Indodax,IDR,17929.5,17882.5,-26.21,True,
2026-10-03T05:06:04.933883+00:00,Bitkub,THB,33.545,33.55,1.49,True,
2026-10-03T05:06:04.933883+00:00,Bithumb,KRW,1358.5,1359.0,3.68,True,
2026-10-03T05:06:04.933883+00:00,Coinone,KRW,1358.5,1358.5,0.0,True,
2026-10-03T05:06:04.933883+00:00,Paribu,TRY,49.1005,49.0945,-1.22,True,
2026-10-03T05:06:04.933883+00:00,Pintu,IDR,17952.0,17952.0,0.0,True,
2026-10-03T05:06:04.933883+00:00,Foxbit,BRL,5.24215,5.2419,-0.48,True,
2026-10-03T05:06:04.933883+00:00,MercadoBitcoin,BRL,5.24105,5.2402,-1.62,True,
2026-10-03T06:06:04.865873+00:00,IndependentReserve,SGD,1.278945,1.28135,18.8,True,
2026-10-03T06:06:04.865873+00:00,Coins.ph,PHP,62.495,62.505,1.6,True,
2026-10-03T06:06:04.865873+00:00,BTCTurk,TRY,49.1285,49.049,-16.18,True,
2026-10-03T06:06:04.865873+00:00,Upbit,KRW,1359.0,1359.0,0.0,True,
2026-10-03T06:06:04.865873+00:00,Indodax,IDR,17894.5,17897.5,1.68,True,
2026-10-03T06:06:04.865873+00:00,Bitkub,THB,33.545,33.535,-2.98,True,
2026-10-03T06:06:04.865873+00:00,Bithumb,KRW,1358.5,1360.0,11.04,True,
2026-10-03T06:06:04.865873+00:00,Coinone,KRW,1358.5,1358.5,0.0,True,
2026-10-03T06:06:04.865873+00:00,Paribu,TRY,49.136,49.062,-15.06,True,
2026-10-03T06:06:04.865873+00:00,Pintu,IDR,17952.0,17952.0,0.0,True,
2026-10-03T06:06:04.865873+00:00,Foxbit,BRL,5.2409,5.2412,0.57,True,
2026-10-03T06:06:04.865873+00:00,MercadoBitcoin,BRL,5.23985,5.2401,0.48,True,
2026-10-03T07:35:59.622274+00:00,IndependentReserve,SGD,1.27891,1.279905,7.78,True,
2026-10-03T07:35:59.622274+00:00,Coins.ph,PHP,62.495,62.505,1.6,True,
2026-10-03T07:35:59.622274+00:00,BTCTurk,TRY,49.1465,49.0545,-18.72,True,
2026-10-03T07:35:59.622274+00:00,Upbit,KRW,1360.0,1361.0,7.35,True,
2026-10-03T07:35:59.622274+00:00,Indodax,IDR,17841.0,17844.5,1.96,True,
2026-10-03T07:35:59.622274+00:00,Bitkub,THB,33.545,33.55,1.49,True,
2026-10-03T07:35:59.622274+00:00,Bithumb,KRW,1360.5,1361.5,7.35,True,
2026-10-03T07:35:59.622274+00:00,Coinone,KRW,1360.5,1360.5,0.0,True,
2026-10-03T07:35:59.622274+00:00,Paribu,TRY,49.1025,49.0845,-3.67,True,
2026-10-03T07:35:59.622274+00:00,Pintu,IDR,17951.0,17953.0,1.11,True,
2026-10-03T07:35:59.622274+00:00,Foxbit,BRL,5.24085,5.2414,1.05,True,
2026-10-03T07:35:59.622274+00:00,MercadoBitcoin,BRL,5.23985,5.2402,0.67,True,
2026-10-03T08:06:18.704062+00:00,IndependentReserve,SGD,1.27891,1.279645,5.75,True,
2026-10-03T08:06:18.704062+00:00,Coins.ph,PHP,62.495,62.505,1.6,True,
2026-10-03T08:06:18.704062+00:00,BTCTurk,TRY,49.142,49.0545,-17.81,True,
2026-10-03T08:06:18.704062+00:00,Upbit,KRW,1361.0,1360.0,-7.35,True,
2026-10-03T08:06:18.704062+00:00,Indodax,IDR,17859.0,17865.0,3.36,True,
2026-10-03T08:06:18.704062+00:00,Bitkub,THB,33.545,33.555,2.98,True,
2026-10-03T08:06:18.704062+00:00,Bithumb,KRW,1360.5,1361.0,3.68,True,
2026-10-03T08:06:18.704062+00:00,Coinone,KRW,1360.5,1360.5,0.0,True,
2026-10-03T08:06:18.704062+00:00,Paribu,TRY,49.1025,49.0795,-4.68,True,
2026-10-03T08:06:18.704062+00:00,Pintu,IDR,17951.0,17953.0,1.11,True,
2026-10-03T08:06:18.704062+00:00,Foxbit,BRL,5.24215,5.24175,-0.76,True,
2026-10-03T08:06:18.704062+00:00,MercadoBitcoin,BRL,5.24105,5.24195,1.72,True,
2026-10-03T09:06:09.094372+00:00,IndependentReserve,SGD,1.278495,1.279425,7.27,True,
2026-10-03T09:06:09.094372+00:00,Coins.ph,PHP,62.495,62.505,1.6,True,
2026-10-03T09:06:09.094372+00:00,BTCTurk,TRY,49.1535,49.091,-12.72,True,
2026-10-03T09:06:09.094372+00:00,Upbit,KRW,1361.0,1363.0,14.7,True,
2026-10-03T09:06:09.094372+00:00,Indodax,IDR,17857.5,17850.5,-3.92,True,
2026-10-03T09:06:09.094372+00:00,Bitkub,THB,33.545,33.54,-1.49,True,
2026-10-03T09:06:09.094372+00:00,Bithumb,KRW,1360.5,1361.0,3.68,True,
2026-10-03T09:06:09.094372+00:00,Coinone,KRW,1360.5,1360.5,0.0,True,
2026-10-03T09:06:09.094372+00:00,Paribu,TRY,49.1075,49.115,1.53,True,
2026-10-03T09:06:09.094372+00:00,Pintu,IDR,17950.0,17953.0,1.67,True,
2026-10-03T09:06:09.094372+00:00,Foxbit,BRL,5.24295,5.24215,-1.53,True,
2026-10-03T09:06:09.094372+00:00,MercadoBitcoin,BRL,5.24155,5.24315,3.05,True,
2026-10-03T10:06:18.269591+00:00,IndependentReserve,SGD,1.27846,1.278945,3.79,True,
2026-10-03T10:06:18.269591+00:00,Coins.ph,PHP,62.495,62.505,1.6,True,
2026-10-03T10:06:18.269591+00:00,BTCTurk,TRY,49.1395,49.126,-2.75,True,
2026-10-03T10:06:18.269591+00:00,Upbit,KRW,1360.0,1358.0,-14.71,True,
2026-10-03T10:06:18.269591+00:00,Indodax,IDR,17855.5,17853.5,-1.12,True,
2026-10-03T10:06:18.269591+00:00,Bitkub,THB,33.545,33.555,2.98,True,
2026-10-03T10:06:18.269591+00:00,Bithumb,KRW,1359.5,1360.0,3.68,True,
2026-10-03T10:06:18.269591+00:00,Coinone,KRW,1359.5,1359.5,0.0,True,
2026-10-03T10:06:18.269591+00:00,Paribu,TRY,49.132,49.131,-0.2,True,
2026-10-03T10:06:18.269591+00:00,Pintu,IDR,17950.0,17953.0,1.67,True,
2026-10-03T10:06:18.269591+00:00,Foxbit,BRL,5.24275,5.2424,-0.67,True,
2026-10-03T10:06:18.269591+00:00,MercadoBitcoin,BRL,5.24155,5.2417,0.29,True,
2026-10-03T11:06:08.034151+00:00,IndependentReserve,SGD,1.278115,1.27882,5.52,True,
2026-10-03T11:06:08.034151+00:00,Coins.ph,PHP,62.495,62.505,1.6,True,
2026-10-03T11:06:08.034151+00:00,BTCTurk,TRY,49.15,49.0675,-16.79,True,
2026-10-03T11:06:08.034151+00:00,Upbit,KRW,1360.0,1359.0,-7.35,True,
2026-10-03T11:06:08.034151+00:00,Indodax,IDR,17854.5,17837.5,-9.52,True,
2026-10-03T11:06:08.034151+00:00,Bitkub,THB,33.545,33.545,0.0,True,
2026-10-03T11:06:08.034151+00:00,Bithumb,KRW,1359.5,1360.5,7.36,True,
2026-10-03T11:06:08.034151+00:00,Coinone,KRW,1359.5,1360.0,3.68,True,
2026-10-03T11:06:08.034151+00:00,Paribu,TRY,49.1195,49.138,3.77,True,
2026-10-03T11:06:08.034151+00:00,Pintu,IDR,17951.0,17953.0,1.11,True,
2026-10-03T11:06:08.034151+00:00,Foxbit,BRL,5.24395,5.24265,-2.48,True,
2026-10-03T11:06:08.034151+00:00,MercadoBitcoin,BRL,5.24105,5.2416,1.05,True,
2026-10-03T12:06:08.232287+00:00,IndependentReserve,SGD,1.2785,1.278775,2.15,True,
2026-10-03T12:06:08.232287+00:00,Coins.ph,PHP,62.495,62.505,1.6,True,
2026-10-03T12:06:08.232287+00:00,BTCTurk,TRY,49.136,49.0515,-17.2,True,
2026-10-03T12:06:08.232287+00:00,Upbit,KRW,1361.0,1359.0,-14.7,True,
2026-10-03T12:06:08.232287+00:00,Indodax,IDR,17855.5,17849.5,-3.36,True,
2026-10-03T12:06:08.232287+00:00,Bitkub,THB,33.545,33.555,2.98,True,
2026-10-03T12:06:08.232287+00:00,Bithumb,KRW,1359.5,1360.0,3.68,True,
2026-10-03T12:06:08.232287+00:00,Coinone,KRW,1359.5,1359.5,0.0,True,
2026-10-03T12:06:08.232287+00:00,Paribu,TRY,49.1225,49.102,-4.17,True,
2026-10-03T12:06:08.232287+00:00,Pintu,IDR,17951.0,17953.0,1.11,True,
2026-10-03T12:06:08.232287+00:00,Foxbit,BRL,5.24155,5.2413,-0.48,True,
2026-10-03T12:06:08.232287+00:00,MercadoBitcoin,BRL,5.24015,5.23985,-0.57,True,
2026-10-03T13:06:07.519097+00:00,IndependentReserve,SGD,1.2785,1.278785,2.23,True,
2026-10-03T13:06:07.519097+00:00,Coins.ph,PHP,62.495,62.505,1.6,True,
2026-10-03T13:06:07.519097+00:00,BTCTurk,TRY,49.1405,49.0565,-17.09,True,
2026-10-03T13:06:07.519097+00:00,Upbit,KRW,1360.0,1361.0,7.35,True,
2026-10-03T13:06:07.519097+00:00,Indodax,IDR,17869.5,17853.5,-8.95,True,
2026-10-03T13:06:07.519097+00:00,Bitkub,THB,33.545,33.545,0.0,True,
2026-10-03T13:06:07.519097+00:00,Bithumb,KRW,1359.5,1360.0,3.68,True,
2026-10-03T13:06:07.519097+00:00,Coinone,KRW,1359.5,1360.5,7.36,True,
2026-10-03T13:06:07.519097+00:00,Paribu,TRY,49.1245,49.103,-4.38,True,
2026-10-03T13:06:07.519097+00:00,Pintu,IDR,17983.0,17983.0,0.0,True,
2026-10-03T13:06:07.519097+00:00,Foxbit,BRL,5.24315,5.2439,1.43,True,
2026-10-03T13:06:07.519097+00:00,MercadoBitcoin,BRL,5.24245,5.24295,0.95,True,
2026-10-03T14:06:09.974155+00:00,IndependentReserve,SGD,1.2785,1.27877,2.11,True,
2026-10-03T14:06:09.974155+00:00,Coins.ph,PHP,62.495,62.505,1.6,True,
2026-10-03T14:06:09.974155+00:00,BTCTurk,TRY,49.1525,49.109,-8.85,True,
2026-10-03T14:06:09.974155+00:00,Upbit,KRW,1360.0,1360.0,0.0,True,
2026-10-03T14:06:09.974155+00:00,Indodax,IDR,17874.0,17865.0,-5.04,True,
2026-10-03T14:06:09.974155+00:00,Bitkub,THB,33.545,33.545,0.0,True,
2026-10-03T14:06:09.974155+00:00,Bithumb,KRW,1359.5,1360.0,3.68,True,
2026-10-03T14:06:09.974155+00:00,Coinone,KRW,1359.5,1359.5,0.0,True,
2026-10-03T14:06:09.974155+00:00,Paribu,TRY,49.1255,49.119,-1.32,True,
2026-10-03T14:06:09.974155+00:00,Pintu,IDR,17984.0,17983.0,-0.56,True,
2026-10-03T14:06:09.974155+00:00,Foxbit,BRL,5.24415,5.2437,-0.86,True,
2026-10-03T14:06:09.974155+00:00,MercadoBitcoin,BRL,5.24095,5.2421,2.19,True,
2026-10-03T15:06:09.670490+00:00,IndependentReserve,SGD,1.27836,1.27885,3.83,True,
2026-10-03T15:06:09.670490+00:00,Coins.ph,PHP,62.495,62.505,1.6,True,
2026-10-03T15:06:09.670490+00:00,BTCTurk,TRY,49.149,49.05,-20.14,True,
2026-10-03T15:06:09.670490+00:00,Upbit,KRW,1359.0,1359.0,0.0,True,
2026-10-03T15:06:09.670490+00:00,Indodax,IDR,17866.5,17861.5,-2.8,True,
2026-10-03T15:06:09.670490+00:00,Bitkub,THB,33.545,33.545,0.0,True,
2026-10-03T15:06:09.670490+00:00,Bithumb,KRW,1358.5,1359.0,3.68,True,
2026-10-03T15:06:09.670490+00:00,Coinone,KRW,1358.5,1358.5,0.0,True,
2026-10-03T15:06:09.670490+00:00,Paribu,TRY,49.1325,49.072,-12.31,True,
2026-10-03T15:06:09.670490+00:00,Pintu,IDR,17983.0,17983.0,0.0,True,
2026-10-03T15:06:09.670490+00:00,Foxbit,BRL,5.24475,5.24355,-2.29,True,
2026-10-03T15:06:09.670490+00:00,MercadoBitcoin,BRL,5.24175,5.241,-1.43,True,
2026-10-03T16:06:17.791616+00:00,IndependentReserve,SGD,1.278,1.278855,6.69,True,
2026-10-03T16:06:17.791616+00:00,Coins.ph,PHP,62.495,62.505,1.6,True,
2026-10-03T16:06:17.791616+00:00,BTCTurk,TRY,49.1415,49.097,-9.06,True,
2026-10-03T16:06:17.791616+00:00,Upbit,KRW,1359.0,1359.0,0.0,True,
2026-10-03T16:06:17.791616+00:00,Indodax,IDR,17872.5,17858.5,-7.83,True,
2026-10-03T16:06:17.791616+00:00,Bitkub,THB,33.545,33.555,2.98,True,
2026-10-03T16:06:17.791616+00:00,Bithumb,KRW,1358.5,1358.5,0.0,True,
2026-10-03T16:06:17.791616+00:00,Coinone,KRW,1358.5,1358.5,0.0,True,
2026-10-03T16:06:17.791616+00:00,Paribu,TRY,49.1575,49.1095,-9.76,True,
2026-10-03T16:06:17.791616+00:00,Pintu,IDR,17983.0,17983.0,0.0,True,
2026-10-03T16:06:17.791616+00:00,Foxbit,BRL,5.24425,5.24395,-0.57,True,
2026-10-03T16:06:17.791616+00:00,MercadoBitcoin,BRL,5.24195,5.24175,-0.38,True,
2026-10-03T17:06:12.713944+00:00,IndependentReserve,SGD,1.282415,1.27908,-26.01,True,
2026-10-03T17:06:12.713944+00:00,Coins.ph,PHP,62.495,62.505,1.6,True,
2026-10-03T17:06:12.713944+00:00,BTCTurk,TRY,49.146,49.097,-9.97,True,
2026-10-03T17:06:12.713944+00:00,Upbit,KRW,1359.0,1360.0,7.36,True,
2026-10-03T17:06:12.713944+00:00,Indodax,IDR,17871.5,17835.5,-20.14,True,
2026-10-03T17:06:12.713944+00:00,Bitkub,THB,33.545,33.545,0.0,True,
2026-10-03T17:06:12.713944+00:00,Bithumb,KRW,1358.5,1358.5,0.0,True,
2026-10-03T17:06:12.713944+00:00,Coinone,KRW,1358.5,1358.5,0.0,True,
2026-10-03T17:06:12.713944+00:00,Paribu,TRY,49.1225,49.0725,-10.18,True,
2026-10-03T17:06:12.713944+00:00,Pintu,IDR,17984.0,17982.0,-1.11,True,
2026-10-03T17:06:12.713944+00:00,Foxbit,BRL,5.24545,5.24395,-2.86,True,
2026-10-03T17:06:12.713944+00:00,MercadoBitcoin,BRL,5.24185,5.243,2.19,True,
2026-10-03T18:06:11.856415+00:00,IndependentReserve,SGD,1.282415,1.27908,-26.01,True,
2026-10-03T18:06:11.856415+00:00,Coins.ph,PHP,62.495,62.505,1.6,True,
2026-10-03T18:06:11.856415+00:00,BTCTurk,TRY,49.1415,49.097,-9.06,True,
2026-10-03T18:06:11.856415+00:00,Upbit,KRW,1359.0,1357.0,-14.72,True,
2026-10-03T18:06:11.856415+00:00,Indodax,IDR,17871.0,17857.0,-7.83,True,
2026-10-03T18:06:11.856415+00:00,Bitkub,THB,33.545,33.545,0.0,True,
2026-10-03T18:06:11.856415+00:00,Bithumb,KRW,1358.5,1358.5,0.0,True,
2026-10-03T18:06:11.856415+00:00,Coinone,KRW,1358.0,1358.5,3.68,True,
2026-10-03T18:06:11.856415+00:00,Paribu,TRY,49.1225,49.074,-9.87,True,
2026-10-03T18:06:11.856415+00:00,Pintu,IDR,17984.0,17983.0,-0.56,True,
2026-10-03T18:06:11.856415+00:00,Foxbit,BRL,5.2443,5.2439,-0.76,True,
2026-10-03T18:06:11.856415+00:00,MercadoBitcoin,BRL,5.24125,5.2422,1.81,True,
2026-10-03T19:06:10.766225+00:00,IndependentReserve,SGD,1.282435,1.279125,-25.81,True,
2026-10-03T19:06:10.766225+00:00,Coins.ph,PHP,62.495,62.505,1.6,True,
2026-10-03T19:06:10.766225+00:00,BTCTurk,TRY,49.1475,49.097,-10.28,True,
2026-10-03T19:06:10.766225+00:00,Upbit,KRW,1359.0,1359.0,0.0,True,
2026-10-03T19:06:10.766225+00:00,Indodax,IDR,17872.5,17865.5,-3.92,True,
2026-10-03T19:06:10.766225+00:00,Bitkub,THB,33.545,33.545,0.0,True,
2026-10-03T19:06:10.766225+00:00,Bithumb,KRW,1358.5,1359.0,3.68,True,
2026-10-03T19:06:10.766225+00:00,Coinone,KRW,1358.5,1358.5,0.0,True,
2026-10-03T19:06:10.766225+00:00,Paribu,TRY,49.0985,49.0695,-5.91,True,
2026-10-03T19:06:10.766225+00:00,Pintu,IDR,17983.0,17982.0,-0.56,True,
2026-10-03T19:06:10.766225+00:00,Foxbit,BRL,5.24995,5.25065,1.33,True,
2026-10-03T19:06:10.766225+00:00,MercadoBitcoin,BRL,5.24915,5.24875,-0.76,True,
2026-10-03T20:06:09.476693+00:00,IndependentReserve,SGD,1.28243,1.279125,-25.77,True,
2026-10-03T20:06:09.476693+00:00,Coins.ph,PHP,62.495,62.505,1.6,True,
2026-10-03T20:06:09.476693+00:00,BTCTurk,TRY,49.1425,49.0955,-9.56,True,
2026-10-03T20:06:09.476693+00:00,Upbit,KRW,1359.0,1358.0,-7.36,True,
2026-10-03T20:06:09.476693+00:00,Indodax,IDR,17877.5,17860.0,-9.79,True,
2026-10-03T20:06:09.476693+00:00,Bitkub,THB,33.545,33.545,0.0,True,
2026-10-03T20:06:09.476693+00:00,Bithumb,KRW,1358.5,1358.5,0.0,True,
2026-10-03T20:06:09.476693+00:00,Coinone,KRW,1357.5,1357.5,0.0,True,
2026-10-03T20:06:09.476693+00:00,Paribu,TRY,49.1115,49.065,-9.47,True,
2026-10-03T20:06:09.476693+00:00,Pintu,IDR,17984.0,17983.0,-0.56,True,
2026-10-03T20:06:09.476693+00:00,Foxbit,BRL,5.24995,5.2503,0.67,True,
2026-10-03T20:06:09.476693+00:00,MercadoBitcoin,BRL,5.24975,5.24855,-2.29,True,
2026-10-03T21:06:07.168606+00:00,IndependentReserve,SGD,1.28242,1.27919,-25.19,True,
2026-10-03T21:06:07.168606+00:00,Coins.ph,PHP,62.495,62.505,1.6,True,
2026-10-03T21:06:07.168606+00:00,BTCTurk,TRY,49.1605,49.142,-3.76,True,
2026-10-03T21:06:07.168606+00:00,Upbit,KRW,1358.0,1358.0,0.0,True,
2026-10-03T21:06:07.168606+00:00,Indodax,IDR,17873.5,17853.5,-11.19,True,
2026-10-03T21:06:07.168606+00:00,Bitkub,THB,33.545,33.545,0.0,True,
2026-10-03T21:06:07.168606+00:00,Bithumb,KRW,1357.5,1358.5,7.37,True,
2026-10-03T21:06:07.168606+00:00,Coinone,KRW,1358.5,1358.5,0.0,True,
2026-10-03T21:06:07.168606+00:00,Paribu,TRY,49.1335,49.0645,-14.04,True,
2026-10-03T21:06:07.168606+00:00,Pintu,IDR,17984.0,17982.0,-1.11,True,
2026-10-03T21:06:07.168606+00:00,Foxbit,BRL,5.25005,5.2551,9.62,True,
2026-10-03T21:06:07.168606+00:00,MercadoBitcoin,BRL,5.25285,5.2557,5.43,True,
2026-10-03T22:06:06.403797+00:00,IndependentReserve,SGD,1.28242,1.279235,-24.84,True,
2026-10-03T22:06:06.403797+00:00,Coins.ph,PHP,62.495,62.505,1.6,True,
2026-10-03T22:06:06.403797+00:00,BTCTurk,TRY,49.1435,49.105,-7.83,True,
2026-10-03T22:06:06.403797+00:00,Upbit,KRW,1359.0,1359.0,0.0,True,
2026-10-03T22:06:06.403797+00:00,Indodax,IDR,17872.0,17857.5,-8.11,True,
2026-10-03T22:06:06.403797+00:00,Bitkub,THB,33.545,33.545,0.0,True,
2026-10-03T22:06:06.403797+00:00,Bithumb,KRW,1358.5,1358.5,0.0,True,
2026-10-03T22:06:06.403797+00:00,Coinone,KRW,1358.5,1358.5,0.0,True,
2026-10-03T22:06:06.403797+00:00,Paribu,TRY,49.1175,49.062,-11.3,True,
2026-10-03T22:06:06.403797+00:00,Pintu,IDR,17984.0,17982.0,-1.11,True,
2026-10-03T22:06:06.403797+00:00,Foxbit,BRL,5.24995,5.2501,0.29,True,
2026-10-03T22:06:06.403797+00:00,MercadoBitcoin,BRL,5.25015,5.2512,2.0,True,
2026-10-03T23:06:00.899550+00:00,IndependentReserve,SGD,1.282405,1.282585,1.4,True,
2026-10-03T23:06:00.899550+00:00,Coins.ph,PHP,62.495,62.505,1.6,True,
2026-10-03T23:06:00.899550+00:00,BTCTurk,TRY,49.1435,49.097,-9.46,True,
2026-10-03T23:06:00.899550+00:00,Upbit,KRW,1359.0,1359.0,0.0,True,
2026-10-03T23:06:00.899550+00:00,Indodax,IDR,17873.0,17850.0,-12.87,True,
2026-10-03T23:06:00.899550+00:00,Bitkub,THB,33.545,33.54,-1.49,True,
2026-10-03T23:06:00.899550+00:00,Bithumb,KRW,1358.5,1359.0,3.68,True,
2026-10-03T23:06:00.899550+00:00,Coinone,KRW,1358.5,1358.5,0.0,True,
2026-10-03T23:06:00.899550+00:00,Paribu,TRY,49.1175,49.0675,-10.18,True,
2026-10-03T23:06:00.899550+00:00,Pintu,IDR,17984.0,17982.0,-1.11,True,
2026-10-03T23:06:00.899550+00:00,Foxbit,BRL,5.24995,5.25575,11.05,True,
2026-10-03T23:06:00.899550+00:00,MercadoBitcoin,BRL,5.25075,5.2539,6.0,True,
2026-10-04T00:06:12.413178+00:00,IndependentReserve,SGD,1.282405,1.283455,8.19,True,
2026-10-04T00:06:12.413178+00:00,Coins.ph,PHP,62.495,62.505,1.6,True,
2026-10-04T00:06:12.413178+00:00,BTCTurk,TRY,49.1435,49.1115,-6.51,True,
2026-10-04T00:06:12.413178+00:00,Upbit,KRW,1360.0,1359.0,-7.35,True,
2026-10-04T00:06:12.413178+00:00,Indodax,IDR,17868.5,17856.5,-6.72,True,
2026-10-04T00:06:12.413178+00:00,Bitkub,THB,33.545,33.545,0.0,True,
2026-10-04T00:06:12.413178+00:00,Bithumb,KRW,1359.5,1359.5,0.0,True,
2026-10-04T00:06:12.413178+00:00,Coinone,KRW,1358.5,1358.5,0.0,True,
2026-10-04T00:06:12.413178+00:00,Paribu,TRY,49.1175,49.069,-9.87,True,
2026-10-04T00:06:12.413178+00:00,Pintu,IDR,17984.0,17982.0,-1.11,True,
2026-10-04T00:06:12.413178+00:00,Foxbit,BRL,5.25005,5.25445,8.38,True,
2026-10-04T00:06:12.413178+00:00,MercadoBitcoin,BRL,5.25225,5.2545,4.28,True,
2026-10-04T01:06:08.295422+00:00,IndependentReserve,SGD,1.2824,1.283535,8.85,True,
2026-10-04T01:06:08.295422+00:00,Coins.ph,PHP,62.495,62.505,1.6,True,
2026-10-04T01:06:08.295422+00:00,BTCTurk,TRY,49.1255,49.108,-3.56,True,
2026-10-04T01:06:08.295422+00:00,Upbit,KRW,1358.0,1359.0,7.36,True,
2026-10-04T01:06:08.295422+00:00,Indodax,IDR,17868.5,17842.5,-14.55,True,
2026-10-04T01:06:08.295422+00:00,Bitkub,THB,33.545,33.545,0.0,True,
2026-10-04T01:06:08.295422+00:00,Bithumb,KRW,1358.5,1359.5,7.36,True,
2026-10-04T01:06:08.295422+00:00,Coinone,KRW,1358.5,1358.5,0.0,True,
2026-10-04T01:06:08.295422+00:00,Paribu,TRY,49.1175,49.087,-6.21,True,
2026-10-04T01:06:08.295422+00:00,Pintu,IDR,17984.0,17982.0,-1.11,True,
2026-10-04T01:06:08.295422+00:00,Foxbit,BRL,5.25005,5.25435,8.19,True,
2026-10-04T01:06:08.295422+00:00,MercadoBitcoin,BRL,5.25185,5.25445,4.95,True,
2026-10-04T02:06:09.778587+00:00,IndependentReserve,SGD,1.27837,1.283545,40.48,True,
2026-10-04T02:06:09.778587+00:00,Coins.ph,PHP,62.495,62.505,1.6,True,
2026-10-04T02:06:09.778587+00:00,BTCTurk,TRY,49.1375,49.1065,-6.31,True,
2026-10-04T02:06:09.778587+00:00,Upbit,KRW,1360.0,1361.0,7.35,True,
2026-10-04T02:06:09.778587+00:00,Indodax,IDR,17869.5,17857.5,-6.72,True,
2026-10-04T02:06:09.778587+00:00,Bitkub,THB,33.545,33.55,1.49,True,
2026-10-04T02:06:09.778587+00:00,Bithumb,KRW,1358.5,1359.0,3.68,True,
2026-10-04T02:06:09.778587+00:00,Coinone,KRW,1358.5,1359.0,3.68,True,
2026-10-04T02:06:09.778587+00:00,Paribu,TRY,49.1175,49.09,-5.6,True,
2026-10-04T02:06:09.778587+00:00,Pintu,IDR,17984.0,17982.0,-1.11,True,
2026-10-04T02:06:09.778587+00:00,Foxbit,BRL,5.25005,5.25435,8.19,True,
2026-10-04T02:06:09.778587+00:00,MercadoBitcoin,BRL,5.25225,5.2551,5.43,True,
2026-10-04T03:06:15.459228+00:00,IndependentReserve,SGD,1.278375,1.28369,41.58,True,
2026-10-04T03:06:15.459228+00:00,Coins.ph,PHP,62.495,62.505,1.6,True,
2026-10-04T03:06:15.459228+00:00,BTCTurk,TRY,49.132,49.1065,-5.19,True,
2026-10-04T03:06:15.459228+00:00,Upbit,KRW,1360.0,1361.0,7.35,True,
2026-10-04T03:06:15.459228+00:00,Indodax,IDR,17869.5,17857.0,-7.0,True,
2026-10-04T03:06:15.459228+00:00,Bitkub,THB,33.545,33.55,1.49,True,
2026-10-04T03:06:15.459228+00:00,Bithumb,KRW,1359.5,1360.5,7.36,True,
2026-10-04T03:06:15.459228+00:00,Coinone,KRW,1359.5,1359.5,0.0,True,
2026-10-04T03:06:15.459228+00:00,Paribu,TRY,49.1175,49.092,-5.19,True,
2026-10-04T03:06:15.459228+00:00,Pintu,IDR,17984.0,17982.0,-1.11,True,
2026-10-04T03:06:15.459228+00:00,Foxbit,BRL,5.25005,5.2624,23.52,True,
2026-10-04T03:06:15.459228+00:00,MercadoBitcoin,BRL,5.25995,5.26005,0.19,True,
2026-10-04T04:06:02.400956+00:00,IndependentReserve,SGD,1.27707,1.283505,50.39,True,
2026-10-04T04:06:02.400956+00:00,Coins.ph,PHP,62.495,62.505,1.6,True,
2026-10-04T04:06:02.400956+00:00,BTCTurk,TRY,49.1335,49.1065,-5.5,True,
2026-10-04T04:06:02.400956+00:00,Upbit,KRW,1359.0,1358.0,-7.36,True,
2026-10-04T04:06:02.400956+00:00,Indodax,IDR,17866.5,17859.0,-4.2,True,
2026-10-04T04:06:02.400956+00:00,Bitkub,THB,33.545,33.55,1.49,True,
2026-10-04T04:06:02.400956+00:00,Bithumb,KRW,1358.5,1358.5,0.0,True,
2026-10-04T04:06:02.400956+00:00,Coinone,KRW,1358.5,1359.5,7.36,True,
2026-10-04T04:06:02.400956+00:00,Paribu,TRY,49.1175,49.121,0.71,True,
2026-10-04T04:06:02.400956+00:00,Pintu,IDR,17984.0,17982.0,-1.11,True,
2026-10-04T04:06:02.400956+00:00,Foxbit,BRL,5.24995,5.26435,27.43,True,
2026-10-04T04:06:02.400956+00:00,MercadoBitcoin,BRL,5.26205,5.26265,1.14,True,
2026-10-04T05:06:17.230439+00:00,IndependentReserve,SGD,1.27834,1.283285,38.68,True,
2026-10-04T05:06:17.230439+00:00,Coins.ph,PHP,62.495,62.505,1.6,True,
2026-10-04T05:06:17.230439+00:00,BTCTurk,TRY,49.1335,49.1025,-6.31,True,
2026-10-04T05:06:17.230439+00:00,Upbit,KRW,1358.0,1357.0,-7.36,True,
2026-10-04T05:06:17.230439+00:00,Indodax,IDR,17867.5,17852.0,-8.67,True,
2026-10-04T05:06:17.230439+00:00,Bitkub,THB,33.545,33.55,1.49,True,
2026-10-04T05:06:17.230439+00:00,Bithumb,KRW,1358.5,1359.0,3.68,True,
2026-10-04T05:06:17.230439+00:00,Coinone,KRW,1358.5,1358.5,0.0,True,
2026-10-04T05:06:17.230439+00:00,Paribu,TRY,49.1175,49.061,-11.5,True,
2026-10-04T05:06:17.230439+00:00,Pintu,IDR,17984.0,17982.0,-1.11,True,
2026-10-04T05:06:17.230439+00:00,Foxbit,BRL,5.24995,5.2632,25.24,True,
2026-10-04T05:06:17.230439+00:00,MercadoBitcoin,BRL,5.26135,5.26195,1.14,True,
2026-10-04T06:06:08.314530+00:00,IndependentReserve,SGD,1.27834,1.283255,38.45,True,
2026-10-04T06:06:08.314530+00:00,Coins.ph,PHP,62.495,62.505,1.6,True,
2026-10-04T06:06:08.314530+00:00,BTCTurk,TRY,49.1335,49.097,-7.43,True,
2026-10-04T06:06:08.314530+00:00,Upbit,KRW,1359.0,1360.0,7.36,True,
2026-10-04T06:06:08.314530+00:00,Indodax,IDR,17852.0,17854.0,1.12,True,
2026-10-04T06:06:08.314530+00:00,Bitkub,THB,33.545,33.55,1.49,True,
2026-10-04T06:06:08.314530+00:00,Bithumb,KRW,1358.5,1358.5,0.0,True,
2026-10-04T06:06:08.314530+00:00,Coinone,KRW,1358.5,1358.5,0.0,True,
2026-10-04T06:06:08.314530+00:00,Paribu,TRY,49.0815,49.0325,-9.98,True,
2026-10-04T06:06:08.314530+00:00,Pintu,IDR,17984.0,17982.0,-1.11,True,
2026-10-04T06:06:08.314530+00:00,Foxbit,BRL,5.24995,5.26305,24.95,True,
2026-10-04T06:06:08.314530+00:00,MercadoBitcoin,BRL,5.26175,5.26235,1.14,True,
2026-10-04T07:06:39.554766+00:00,IndependentReserve,SGD,1.27709,1.28328,48.47,True,
2026-10-04T07:06:39.554766+00:00,Coins.ph,PHP,62.495,62.505,1.6,True,
2026-10-04T07:06:39.554766+00:00,BTCTurk,TRY,49.1335,49.1065,-5.5,True,
2026-10-04T07:06:39.554766+00:00,Upbit,KRW,1358.0,1359.0,7.36,True,
2026-10-04T07:06:39.554766+00:00,Indodax,IDR,17848.5,17855.0,3.64,True,
2026-10-04T07:06:39.554766+00:00,Bitkub,THB,33.545,33.55,1.49,True,
2026-10-04T07:06:39.554766+00:00,Bithumb,KRW,1358.5,1359.5,7.36,True,
2026-10-04T07:06:39.554766+00:00,Coinone,KRW,1357.5,1357.5,0.0,True,
2026-10-04T07:06:39.554766+00:00,Paribu,TRY,49.1135,49.032,-16.59,True,
2026-10-04T07:06:39.554766+00:00,Pintu,IDR,17984.0,17982.0,-1.11,True,
2026-10-04T07:06:39.554766+00:00,Foxbit,BRL,5.24995,5.26305,24.95,True,
2026-10-04T07:06:39.554766+00:00,MercadoBitcoin,BRL,5.26145,5.26215,1.33,True,
2026-10-04T08:06:00.296362+00:00,IndependentReserve,SGD,1.27708,1.283385,49.37,True,
2026-10-04T08:06:00.296362+00:00,Coins.ph,PHP,62.495,62.505,1.6,True,
2026-10-04T08:06:00.296362+00:00,BTCTurk,TRY,49.1335,49.105,-5.8,True,
2026-10-04T08:06:00.296362+00:00,Upbit,KRW,1358.0,1357.0,-7.36,True,
2026-10-04T08:06:00.296362+00:00,Indodax,IDR,17853.0,17841.0,-6.72,True,
2026-10-04T08:06:00.296362+00:00,Bitkub,THB,33.545,33.55,1.49,True,
2026-10-04T08:06:00.296362+00:00,Bithumb,KRW,1358.5,1359.0,3.68,True,
2026-10-04T08:06:00.296362+00:00,Coinone,KRW,1358.5,1358.5,0.0,True,
2026-10-04T08:06:00.296362+00:00,Paribu,TRY,49.1145,49.04,-15.17,True,
2026-10-04T08:06:00.296362+00:00,Pintu,IDR,17984.0,17982.0,-1.11,True,
2026-10-04T08:06:00.296362+00:00,Foxbit,BRL,5.25005,5.2628,24.29,True,
2026-10-04T08:06:00.296362+00:00,MercadoBitcoin,BRL,5.26115,5.262,1.62,True,
2026-10-04T09:06:08.723100+00:00,IndependentReserve,SGD,1.27709,1.283145,47.41,True,
2026-10-04T09:06:08.723100+00:00,Coins.ph,PHP,62.495,62.505,1.6,True,
2026-10-04T09:06:08.723100+00:00,BTCTurk,TRY,49.132,49.1015,-6.21,True,
2026-10-04T09:06:08.723100+00:00,Upbit,KRW,1359.0,1361.0,14.72,True,
2026-10-04T09:06:08.723100+00:00,Indodax,IDR,17846.5,17831.5,-8.41,True,
2026-10-04T09:06:08.723100+00:00,Bitkub,THB,33.545,33.555,2.98,True,
2026-10-04T09:06:08.723100+00:00,Bithumb,KRW,1359.5,1359.5,0.0,True,
2026-10-04T09:06:08.723100+00:00,Coinone,KRW,1359.5,1360.0,3.68,True,
2026-10-04T09:06:08.723100+00:00,Paribu,TRY,49.1155,49.0915,-4.89,True,
2026-10-04T09:06:08.723100+00:00,Pintu,IDR,17984.0,17982.0,-1.11,True,
2026-10-04T09:06:08.723100+00:00,Foxbit,BRL,5.24995,5.2629,24.67,True,
2026-10-04T09:06:08.723100+00:00,MercadoBitcoin,BRL,5.26125,5.2623,2.0,True,
2026-10-04T10:06:15.429712+00:00,IndependentReserve,SGD,1.277095,1.28334,48.9,True,
2026-10-04T10:06:15.429712+00:00,Coins.ph,PHP,62.495,62.505,1.6,True,
2026-10-04T10:06:15.429712+00:00,BTCTurk,TRY,49.1405,49.064,-15.57,True,
2026-10-04T10:06:15.429712+00:00,Upbit,KRW,1359.0,1358.0,-7.36,True,
2026-10-04T10:06:15.429712+00:00,Indodax,IDR,17857.5,17844.0,-7.56,True,
2026-10-04T10:06:15.429712+00:00,Bitkub,THB,33.545,33.555,2.98,True,
2026-10-04T10:06:15.429712+00:00,Bithumb,KRW,1358.5,1359.5,7.36,True,
2026-10-04T10:06:15.429712+00:00,Coinone,KRW,1358.5,1358.5,0.0,True,
2026-10-04T10:06:15.429712+00:00,Paribu,TRY,49.1175,49.092,-5.19,True,
2026-10-04T10:06:15.429712+00:00,Pintu,IDR,17984.0,17982.0,-1.11,True,
2026-10-04T10:06:15.429712+00:00,Foxbit,BRL,5.24935,5.25045,2.1,True,
2026-10-04T10:06:15.429712+00:00,MercadoBitcoin,BRL,5.25055,5.2483,-4.29,True,
2026-10-04T11:06:15.148465+00:00,IndependentReserve,SGD,1.27711,1.283305,48.51,True,
2026-10-04T11:06:15.148465+00:00,Coins.ph,PHP,62.495,62.505,1.6,True,
2026-10-04T11:06:15.148465+00:00,BTCTurk,TRY,49.14,49.064,-15.47,True,
2026-10-04T11:06:15.148465+00:00,Upbit,KRW,1358.0,1358.0,0.0,True,
2026-10-04T11:06:15.148465+00:00,Indodax,IDR,17845.5,17841.0,-2.52,True,
2026-10-04T11:06:15.148465+00:00,Bitkub,THB,33.565,33.56,-1.49,True,
2026-10-04T11:06:15.148465+00:00,Bithumb,KRW,1358.5,1359.5,7.36,True,
2026-10-04T11:06:15.148465+00:00,Coinone,KRW,1358.5,1358.5,0.0,True,
2026-10-04T11:06:15.148465+00:00,Paribu,TRY,49.1185,49.1015,-3.46,True,
2026-10-04T11:06:15.148465+00:00,Pintu,IDR,17984.0,17982.0,-1.11,True,
2026-10-04T11:06:15.148465+00:00,Foxbit,BRL,5.24935,5.24855,-1.52,True,
2026-10-04T11:06:15.148465+00:00,MercadoBitcoin,BRL,5.24745,5.2485,2.0,True,
2026-10-04T12:06:09.121175+00:00,IndependentReserve,SGD,1.27838,1.283085,36.8,True,
2026-10-04T12:06:09.121175+00:00,Coins.ph,PHP,62.495,62.505,1.6,True,
2026-10-04T12:06:09.121175+00:00,BTCTurk,TRY,49.1475,49.064,-16.99,True,
2026-10-04T12:06:09.121175+00:00,Upbit,KRW,1358.0,1357.0,-7.36,True,
2026-10-04T12:06:09.121175+00:00,Indodax,IDR,17856.5,17854.0,-1.4,True,
2026-10-04T12:06:09.121175+00:00,Bitkub,THB,33.575,33.565,-2.98,True,
2026-10-04T12:06:09.121175+00:00,Bithumb,KRW,1357.5,1357.5,0.0,True,
2026-10-04T12:06:09.121175+00:00,Coinone,KRW,1357.5,1357.5,0.0,True,
2026-10-04T12:06:09.121175+00:00,Paribu,TRY,49.1185,49.102,-3.36,True,
2026-10-04T12:06:09.121175+00:00,Pintu,IDR,17984.0,17982.0,-1.11,True,
2026-10-04T12:06:09.121175+00:00,Foxbit,BRL,5.24935,5.2486,-1.43,True,
2026-10-04T12:06:09.121175+00:00,MercadoBitcoin,BRL,5.24675,5.2485,3.34,True,
2026-10-04T13:06:10.377258+00:00,IndependentReserve,SGD,1.27838,1.28318,37.55,True,
2026-10-04T13:06:10.377258+00:00,Coins.ph,PHP,62.495,62.505,1.6,True,
2026-10-04T13:06:10.377258+00:00,BTCTurk,TRY,49.152,49.0655,-17.6,True,
2026-10-04T13:06:10.377258+00:00,Upbit,KRW,1358.0,1357.0,-7.36,True,
2026-10-04T13:06:10.377258+00:00,Indodax,IDR,17855.5,17852.0,-1.96,True,
2026-10-04T13:06:10.377258+00:00,Bitkub,THB,33.575,33.575,0.0,True,
2026-10-04T13:06:10.377258+00:00,Bithumb,KRW,1357.5,1358.5,7.37,True,
2026-10-04T13:06:10.377258+00:00,Coinone,KRW,1357.5,1357.5,0.0,True,
2026-10-04T13:06:10.377258+00:00,Paribu,TRY,49.1185,49.0655,-10.79,True,
2026-10-04T13:06:10.377258+00:00,Pintu,IDR,17984.0,17982.0,-1.11,True,
2026-10-04T13:06:10.377258+00:00,Foxbit,BRL,5.25845,5.25795,-0.95,True,
2026-10-04T13:06:10.377258+00:00,MercadoBitcoin,BRL,5.25725,5.25995,5.14,True,
2026-10-04T14:06:12.125620+00:00,IndependentReserve,SGD,1.2784,1.283005,36.02,True,
2026-10-04T14:06:12.125620+00:00,Coins.ph,PHP,62.495,62.505,1.6,True,
2026-10-04T14:06:12.125620+00:00,BTCTurk,TRY,49.129,49.064,-13.23,True,
2026-10-04T14:06:12.125620+00:00,Upbit,KRW,1357.0,1357.0,0.0,True,
2026-10-04T14:06:12.125620+00:00,Indodax,IDR,17849.5,17845.5,-2.24,True,
2026-10-04T14:06:12.125620+00:00,Bitkub,THB,33.565,33.565,0.0,True,
2026-10-04T14:06:12.125620+00:00,Bithumb,KRW,1356.5,1356.5,0.0,True,
2026-10-04T14:06:12.125620+00:00,Coinone,KRW,1356.5,1356.5,0.0,True,
2026-10-04T14:06:12.125620+00:00,Paribu,TRY,49.1185,49.0655,-10.79,True,
2026-10-04T14:06:12.125620+00:00,Pintu,IDR,17982.0,17982.0,0.0,True,
2026-10-04T14:06:12.125620+00:00,Foxbit,BRL,5.25975,5.2589,-1.62,True,
2026-10-04T14:06:12.125620+00:00,MercadoBitcoin,BRL,5.25905,5.2605,2.76,True,
2026-10-04T15:06:15.790130+00:00,IndependentReserve,SGD,1.277125,1.283585,50.58,True,
2026-10-04T15:06:15.790130+00:00,Coins.ph,PHP,62.495,62.505,1.6,True,
2026-10-04T15:06:15.790130+00:00,BTCTurk,TRY,49.1195,49.064,-11.3,True,
2026-10-04T15:06:15.790130+00:00,Upbit,KRW,1355.0,1355.0,0.0,True,
2026-10-04T15:06:15.790130+00:00,Indodax,IDR,17851.5,17846.5,-2.8,True,
2026-10-04T15:06:15.790130+00:00,Bitkub,THB,33.575,33.585,2.98,True,
2026-10-04T15:06:15.790130+00:00,Bithumb,KRW,1355.5,1356.5,7.38,True,
2026-10-04T15:06:15.790130+00:00,Coinone,KRW,1355.5,1356.5,7.38,True,
2026-10-04T15:06:15.790130+00:00,Paribu,TRY,49.1185,49.101,-3.56,True,
2026-10-04T15:06:15.790130+00:00,Pintu,IDR,17870.0,17882.0,6.72,True,
2026-10-04T15:06:15.790130+00:00,Foxbit,BRL,5.25965,5.25975,0.19,True,
2026-10-04T15:06:15.790130+00:00,MercadoBitcoin,BRL,5.25825,5.2592,1.81,True,
2026-10-04T16:06:22.939233+00:00,IndependentReserve,SGD,1.278405,1.282465,31.76,True,
2026-10-04T16:06:22.939233+00:00,Coins.ph,PHP,62.495,62.505,1.6,True,
2026-10-04T16:06:22.939233+00:00,BTCTurk,TRY,49.1295,49.0955,-6.92,True,
2026-10-04T16:06:22.939233+00:00,Upbit,KRW,1356.0,1356.0,0.0,True,
2026-10-04T16:06:22.939233+00:00,Indodax,IDR,17856.5,17847.5,-5.04,True,
2026-10-04T16:06:22.939233+00:00,Bitkub,THB,33.575,33.585,2.98,True,
2026-10-04T16:06:22.939233+00:00,Bithumb,KRW,1355.5,1356.0,3.69,True,
2026-10-04T16:06:22.939233+00:00,Coinone,KRW,1355.5,1355.5,0.0,True,
2026-10-04T16:06:22.939233+00:00,Paribu,TRY,49.1105,49.09,-4.17,True,
2026-10-04T16:06:22.939233+00:00,Pintu,IDR,17870.0,17882.0,6.72,True,
2026-10-04T16:06:22.939233+00:00,Foxbit,BRL,5.26145,5.2616,0.29,True,
2026-10-04T16:06:22.939233+00:00,MercadoBitcoin,BRL,5.26165,5.26005,-3.04,True,
2026-10-04T17:06:03.533116+00:00,IndependentReserve,SGD,1.27838,1.28245,31.84,True,
2026-10-04T17:06:03.533116+00:00,Coins.ph,PHP,62.495,62.505,1.6,True,
2026-10-04T17:06:03.533116+00:00,BTCTurk,TRY,49.1355,49.0635,-14.65,True,
2026-10-04T17:06:03.533116+00:00,Upbit,KRW,1355.0,1355.0,0.0,True,
2026-10-04T17:06:03.533116+00:00,Indodax,IDR,17847.5,17848.0,0.28,True,
2026-10-04T17:06:03.533116+00:00,Bitkub,THB,33.565,33.585,5.96,True,
2026-10-04T17:06:03.533116+00:00,Bithumb,KRW,1355.5,1356.0,3.69,True,
2026-10-04T17:06:03.533116+00:00,Coinone,KRW,1355.5,1355.5,0.0,True,
2026-10-04T17:06:03.533116+00:00,Paribu,TRY,49.1185,49.068,-10.28,True,
2026-10-04T17:06:03.533116+00:00,Pintu,IDR,17869.0,17882.0,7.28,True,
2026-10-04T17:06:03.533116+00:00,Foxbit,BRL,5.27115,5.27105,-0.19,True,
2026-10-04T17:06:03.533116+00:00,MercadoBitcoin,BRL,5.26755,5.2701,4.84,True,
2026-10-04T18:06:14.511906+00:00,IndependentReserve,SGD,1.27838,1.28215,29.49,True,
2026-10-04T18:06:14.511906+00:00,Coins.ph,PHP,62.495,62.505,1.6,True,
2026-10-04T18:06:14.511906+00:00,BTCTurk,TRY,49.1235,49.1215,-0.41,True,
2026-10-04T18:06:14.511906+00:00,Upbit,KRW,1355.0,1354.0,-7.38,True,
2026-10-04T18:06:14.511906+00:00,Indodax,IDR,17841.5,17843.5,1.12,True,
2026-10-04T18:06:14.511906+00:00,Bitkub,THB,33.565,33.585,5.96,True,
2026-10-04T18:06:14.511906+00:00,Bithumb,KRW,1354.5,1355.5,7.38,True,
2026-10-04T18:06:14.511906+00:00,Coinone,KRW,1354.5,1354.5,0.0,True,
2026-10-04T18:06:14.511906+00:00,Paribu,TRY,49.1405,49.065,-15.36,True,
2026-10-04T18:06:14.511906+00:00,Pintu,IDR,17870.0,17882.0,6.72,True,
2026-10-04T18:06:14.511906+00:00,Foxbit,BRL,5.28355,5.28225,-2.46,True,
2026-10-04T18:06:14.511906+00:00,MercadoBitcoin,BRL,5.28155,5.2798,-3.31,True,
2026-10-04T19:06:04.309426+00:00,IndependentReserve,SGD,1.27831,1.282115,29.77,True,
2026-10-04T19:06:04.309426+00:00,Coins.ph,PHP,62.495,62.505,1.6,True,
2026-10-04T19:06:04.309426+00:00,BTCTurk,TRY,49.136,49.0635,-14.75,True,
2026-10-04T19:06:04.309426+00:00,Upbit,KRW,1355.0,1355.0,0.0,True,
2026-10-04T19:06:04.309426+00:00,Indodax,IDR,17851.5,17845.5,-3.36,True,
2026-10-04T19:06:04.309426+00:00,Bitkub,THB,33.565,33.585,5.96,True,
2026-10-04T19:06:04.309426+00:00,Bithumb,KRW,1355.5,1356.0,3.69,True,
2026-10-04T19:06:04.309426+00:00,Coinone,KRW,1355.5,1355.5,0.0,True,
2026-10-04T19:06:04.309426+00:00,Paribu,TRY,49.1185,49.102,-3.36,True,
2026-10-04T19:06:04.309426+00:00,Pintu,IDR,17870.0,17883.0,7.27,True,
2026-10-04T19:06:04.309426+00:00,Foxbit,BRL,5.29135,5.28965,-3.21,True,
2026-10-04T19:06:04.309426+00:00,MercadoBitcoin,BRL,5.28785,5.2877,-0.28,True,
2026-10-04T20:06:17.847827+00:00,IndependentReserve,SGD,1.27888,1.282115,25.3,True,
2026-10-04T20:06:17.847827+00:00,Coins.ph,PHP,62.495,62.505,1.6,True,
2026-10-04T20:06:17.847827+00:00,BTCTurk,TRY,49.1465,49.111,-7.22,True,
2026-10-04T20:06:17.847827+00:00,Upbit,KRW,1355.0,1356.0,7.38,True,
2026-10-04T20:06:17.847827+00:00,Indodax,IDR,17847.5,17848.0,0.28,True,
2026-10-04T20:06:17.847827+00:00,Bitkub,THB,33.575,33.58,1.49,True,
2026-10-04T20:06:17.847827+00:00,Bithumb,KRW,1355.5,1355.5,0.0,True,
2026-10-04T20:06:17.847827+00:00,Coinone,KRW,1354.5,1355.5,7.38,True,
2026-10-04T20:06:17.847827+00:00,Paribu,TRY,49.1185,49.0695,-9.98,True,
2026-10-04T20:06:17.847827+00:00,Pintu,IDR,17870.0,17882.0,6.72,True,
2026-10-04T20:06:17.847827+00:00,Foxbit,BRL,5.28115,5.28395,5.3,True,
2026-10-04T20:06:17.847827+00:00,MercadoBitcoin,BRL,5.28345,5.28245,-1.89,True,
2026-10-04T21:06:53.293154+00:00,IndependentReserve,SGD,1.27884,1.281625,21.78,True,
2026-10-04T21:06:53.293154+00:00,Coins.ph,PHP,62.495,62.505,1.6,True,
2026-10-04T21:06:53.293154+00:00,BTCTurk,TRY,49.1395,49.058,-16.59,True,
2026-10-04T21:06:53.293154+00:00,Upbit,KRW,1355.0,1354.0,-7.38,True,
2026-10-04T21:06:53.293154+00:00,Indodax,IDR,17854.5,17847.5,-3.92,True,
2026-10-04T21:06:53.293154+00:00,Bitkub,THB,33.575,33.57,-1.49,True,
2026-10-04T21:06:53.293154+00:00,Bithumb,KRW,1354.5,1356.0,11.07,True,
2026-10-04T21:06:53.293154+00:00,Coinone,KRW,1354.5,1355.5,7.38,True,
2026-10-04T21:06:53.293154+00:00,Paribu,TRY,49.1005,49.103,0.51,True,
2026-10-04T21:06:53.293154+00:00,Pintu,IDR,17870.0,17873.0,1.68,True,
2026-10-04T21:06:53.293154+00:00,Foxbit,BRL,5.28325,5.28355,0.57,True,
2026-10-04T21:06:53.293154+00:00,MercadoBitcoin,BRL,5.28605,5.2849,-2.18,True,
2026-10-04T22:06:12.824287+00:00,IndependentReserve,SGD,1.27895,1.280655,13.33,True,
2026-10-04T22:06:12.824287+00:00,Coins.ph,PHP,62.495,62.505,1.6,True,
2026-10-04T22:06:12.824287+00:00,BTCTurk,TRY,49.1325,49.1395,1.42,True,
2026-10-04T22:06:12.824287+00:00,Upbit,KRW,1354.0,1353.0,-7.39,True,
2026-10-04T22:06:12.824287+00:00,Indodax,IDR,17841.5,17849.0,4.2,True,
2026-10-04T22:06:12.824287+00:00,Bitkub,THB,33.52,33.535,4.47,True,
2026-10-04T22:06:12.824287+00:00,Bithumb,KRW,1353.5,1353.5,0.0,True,
2026-10-04T22:06:12.824287+00:00,Coinone,KRW,1352.5,1352.5,0.0,True,
2026-10-04T22:06:12.824287+00:00,Paribu,TRY,49.1185,49.093,-5.19,True,
2026-10-04T22:06:12.824287+00:00,Pintu,IDR,17868.0,17873.0,2.8,True,
2026-10-04T22:06:12.824287+00:00,Foxbit,BRL,5.28095,5.27925,-3.22,True,
2026-10-04T22:06:12.824287+00:00,MercadoBitcoin,BRL,5.28355,5.2778,-10.88,True,
2026-10-04T23:06:17.024790+00:00,IndependentReserve,SGD,1.278965,1.27867,-2.31,True,
2026-10-04T23:06:17.024790+00:00,Coins.ph,PHP,62.495,62.505,1.6,True,
2026-10-04T23:06:17.024790+00:00,BTCTurk,TRY,49.1215,49.052,-14.15,True,
2026-10-04T23:06:17.024790+00:00,Upbit,KRW,1352.0,1352.0,0.0,True,
2026-10-04T23:06:17.024790+00:00,Indodax,IDR,17832.5,17848.5,8.97,True,
2026-10-04T23:06:17.024790+00:00,Bitkub,THB,33.515,33.53,4.48,True,
2026-10-04T23:06:17.024790+00:00,Bithumb,KRW,1351.5,1351.5,0.0,True,
2026-10-04T23:06:17.024790+00:00,Coinone,KRW,1351.5,1351.5,0.0,True,
2026-10-04T23:06:17.024790+00:00,Paribu,TRY,49.1185,49.08,-7.84,True,
2026-10-04T23:06:17.024790+00:00,Pintu,IDR,17868.0,17872.0,2.24,True,
2026-10-04T23:06:17.024790+00:00,Foxbit,BRL,5.24175,5.2427,1.81,True,
2026-10-04T23:06:17.024790+00:00,MercadoBitcoin,BRL,5.24425,5.24175,-4.77,True,
2026-10-05T00:06:12.143570+00:00,IndependentReserve,SGD,1.278725,1.278385,-2.66,True,
2026-10-05T00:06:12.143570+00:00,Coins.ph,PHP,62.495,62.505,1.6,True,
2026-10-05T00:06:12.143570+00:00,BTCTurk,TRY,49.115,49.102,-2.65,True,
2026-10-05T00:06:12.143570+00:00,Upbit,KRW,1353.0,1353.0,0.0,True,
2026-10-05T00:06:12.143570+00:00,Indodax,IDR,17832.5,17848.5,8.97,True,
2026-10-05T00:06:12.143570+00:00,Bitkub,THB,33.545,33.535,-2.98,True,
2026-10-05T00:06:12.143570+00:00,Bithumb,KRW,1352.5,1352.5,0.0,True,
2026-10-05T00:06:12.143570+00:00,Coinone,KRW,1352.5,1352.5,0.0,True,
2026-10-05T00:06:12.143570+00:00,Paribu,TRY,49.1185,49.0755,-8.75,True,
2026-10-05T00:06:12.143570+00:00,Pintu,IDR,17868.0,17872.0,2.24,True,
2026-10-05T00:06:12.143570+00:00,Foxbit,BRL,5.21315,5.21025,-5.56,True,
2026-10-05T00:06:12.143570+00:00,MercadoBitcoin,BRL,5.21045,5.21015,-0.58,True,
2026-10-05T01:06:11.105661+00:00,IndependentReserve,SGD,1.27591,1.2781,17.16,True,
2026-10-05T01:06:11.105661+00:00,Coins.ph,PHP,62.465,62.465,0.0,True,
2026-10-05T01:06:11.105661+00:00,BTCTurk,TRY,49.1115,49.113,0.31,True,
2026-10-05T01:06:11.105661+00:00,Upbit,KRW,1352.0,1353.0,7.4,True,
2026-10-05T01:06:11.105661+00:00,Indodax,IDR,17830.5,17848.0,9.81,True,
2026-10-05T01:06:11.105661+00:00,Bitkub,THB,33.565,33.56,-1.49,True,
2026-10-05T01:06:11.105661+00:00,Bithumb,KRW,1352.5,1353.0,3.7,True,
2026-10-05T01:06:11.105661+00:00,Coinone,KRW,1352.5,1352.5,0.0,True,
2026-10-05T01:06:11.105661+00:00,Paribu,TRY,49.1185,49.0765,-8.55,True,
2026-10-05T01:06:11.105661+00:00,Pintu,IDR,17869.0,17872.0,1.68,True,
2026-10-05T01:06:11.105661+00:00,Foxbit,BRL,5.19055,5.1902,-0.67,True,
2026-10-05T01:06:11.105661+00:00,MercadoBitcoin,BRL,5.1872,5.1884,2.31,True,
2026-10-05T02:06:01.007924+00:00,IndependentReserve,SGD,1.27579,1.277945,16.89,True,
2026-10-05T02:06:01.007924+00:00,Coins.ph,PHP,62.525,62.535,1.6,True,
2026-10-05T02:06:01.007924+00:00,BTCTurk,TRY,49.1065,49.111,0.92,True,
2026-10-05T02:06:01.007924+00:00,Upbit,KRW,1352.0,1350.0,-14.79,True,
2026-10-05T02:06:01.007924+00:00,Indodax,IDR,17800.5,17847.0,26.12,True,
2026-10-05T02:06:01.007924+00:00,Bitkub,THB,33.565,33.555,-2.98,True,
2026-10-05T02:06:01.007924+00:00,Bithumb,KRW,1351.5,1351.5,0.0,True,
2026-10-05T02:06:01.007924+00:00,Coinone,KRW,1351.5,1350.5,-7.4,True,
2026-10-05T02:06:01.007924+00:00,Paribu,TRY,49.1185,49.0755,-8.75,True,
2026-10-05T02:06:01.007924+00:00,Pintu,IDR,17854.0,17852.0,-1.12,True,
2026-10-05T02:06:01.007924+00:00,Foxbit,BRL,5.20565,5.2034,-4.32,True,
2026-10-05T02:06:01.007924+00:00,MercadoBitcoin,BRL,5.20335,5.20165,-3.27,True,
2026-10-05T03:06:46.411328+00:00,IndependentReserve,SGD,1.27575,1.278435,21.05,True,
2026-10-05T03:06:46.411328+00:00,Coins.ph,PHP,62.595,62.645,7.99,True,
2026-10-05T03:06:46.411328+00:00,BTCTurk,TRY,49.1015,49.111,1.93,True,
2026-10-05T03:06:46.411328+00:00,Upbit,KRW,1352.0,1351.0,-7.4,True,
2026-10-05T03:06:46.411328+00:00,Indodax,IDR,17819.5,17834.0,8.14,True,
2026-10-05T03:06:46.411328+00:00,Bitkub,THB,33.615,33.61,-1.49,True,
2026-10-05T03:06:46.411328+00:00,Bithumb,KRW,1352.5,1351.5,-7.39,True,
2026-10-05T03:06:46.411328+00:00,Coinone,KRW,1352.5,1352.5,0.0,True,
2026-10-05T03:06:46.411328+00:00,Paribu,TRY,49.1185,49.074,-9.06,True,
2026-10-05T03:06:46.411328+00:00,Pintu,IDR,17876.0,17843.0,-18.46,True,
2026-10-05T03:06:46.411328+00:00,Foxbit,BRL,5.19405,5.19495,1.73,True,
2026-10-05T03:06:46.411328+00:00,MercadoBitcoin,BRL,5.19665,5.193,-7.02,True,
2026-10-05T04:06:12.152961+00:00,IndependentReserve,SGD,1.281085,1.278475,-20.37,True,
2026-10-05T04:06:12.152961+00:00,Coins.ph,PHP,62.7,62.71,1.59,True,
2026-10-05T04:06:12.152961+00:00,BTCTurk,TRY,49.1065,49.1075,0.2,True,
2026-10-05T04:06:12.152961+00:00,Upbit,KRW,1351.0,1352.0,7.4,True,
2026-10-05T04:06:12.152961+00:00,Indodax,IDR,17869.0,17898.5,16.51,True,
2026-10-05T04:06:12.152961+00:00,Bitkub,THB,33.635,33.64,1.49,True,
2026-10-05T04:06:12.152961+00:00,Bithumb,KRW,1351.5,1351.5,0.0,True,
2026-10-05T04:06:12.152961+00:00,Coinone,KRW,1351.5,1351.5,0.0,True,
2026-10-05T04:06:12.152961+00:00,Paribu,TRY,49.0905,49.08,-2.14,True,
2026-10-05T04:06:12.152961+00:00,Pintu,IDR,17922.0,17845.0,-42.96,True,
2026-10-05T04:06:12.152961+00:00,Foxbit,BRL,5.20535,5.20595,1.15,True,
2026-10-05T04:06:12.152961+00:00,MercadoBitcoin,BRL,5.20165,5.2055,7.4,True,
2026-10-05T05:06:13.897586+00:00,IndependentReserve,SGD,1.27924,1.28289,28.53,True,
2026-10-05T05:06:13.897586+00:00,Coins.ph,PHP,62.72,62.74,3.19,True,
2026-10-05T05:06:13.897586+00:00,BTCTurk,TRY,49.1435,49.1145,-5.9,True,
2026-10-05T05:06:13.897586+00:00,Upbit,KRW,1353.0,1354.0,7.39,True,
2026-10-05T05:06:13.897586+00:00,Indodax,IDR,17862.5,17900.0,20.99,True,
2026-10-05T05:06:13.897586+00:00,Bitkub,THB,33.655,33.635,-5.94,True,
2026-10-05T05:06:13.897586+00:00,Bithumb,KRW,1353.5,1354.0,3.69,True,
2026-10-05T05:06:13.897586+00:00,Coinone,KRW,1353.5,1354.5,7.39,True,
2026-10-05T05:06:13.897586+00:00,Paribu,TRY,49.0905,49.073,-3.56,True,
2026-10-05T05:06:13.897586+00:00,Pintu,IDR,17906.0,17865.0,-22.9,True,
2026-10-05T05:06:13.897586+00:00,Foxbit,BRL,5.19485,5.1975,5.1,True,
2026-10-05T05:06:13.897586+00:00,MercadoBitcoin,BRL,5.19675,5.1961,-1.25,True,
2026-10-05T06:06:10.832340+00:00,IndependentReserve,SGD,1.27928,1.284525,41.0,True,
2026-10-05T06:06:10.832340+00:00,Coins.ph,PHP,62.685,62.7,2.39,True,
2026-10-05T06:06:10.832340+00:00,BTCTurk,TRY,49.1075,49.049,-11.91,True,
2026-10-05T06:06:10.832340+00:00,Upbit,KRW,1354.0,1356.0,14.77,True,
2026-10-05T06:06:10.832340+00:00,Indodax,IDR,17862.5,17874.5,6.72,True,
2026-10-05T06:06:10.832340+00:00,Bitkub,THB,33.655,33.635,-5.94,True,
2026-10-05T06:06:10.832340+00:00,Bithumb,KRW,1353.5,1355.5,14.78,True,
2026-10-05T06:06:10.832340+00:00,Coinone,KRW,1354.5,1354.5,0.0,True,
2026-10-05T06:06:10.832340+00:00,Paribu,TRY,49.0905,49.0845,-1.22,True,
2026-10-05T06:06:10.832340+00:00,Pintu,IDR,17933.0,17865.0,-37.92,True,
2026-10-05T06:06:10.832340+00:00,Foxbit,BRL,5.17385,5.1756,3.38,True,
2026-10-05T06:06:10.832340+00:00,MercadoBitcoin,BRL,5.17455,5.17585,2.51,True,
2026-10-05T07:06:15.566901+00:00,IndependentReserve,SGD,1.279185,1.28342,33.11,True,
2026-10-05T07:06:15.566901+00:00,Coins.ph,PHP,62.675,62.685,1.6,True,
2026-10-05T07:06:15.566901+00:00,BTCTurk,TRY,49.1075,49.043,-13.13,True,
2026-10-05T07:06:15.566901+00:00,Upbit,KRW,1352.0,1352.0,0.0,True,
2026-10-05T07:06:15.566901+00:00,Indodax,IDR,17867.0,17864.0,-1.68,True,
2026-10-05T07:06:15.566901+00:00,Bitkub,THB,33.645,33.635,-2.97,True,
2026-10-05T07:06:15.566901+00:00,Bithumb,KRW,1352.5,1352.5,0.0,True,
2026-10-05T07:06:15.566901+00:00,Coinone,KRW,1352.5,1352.5,0.0,True,
2026-10-05T07:06:15.566901+00:00,Paribu,TRY,49.0965,49.078,-3.77,True,
2026-10-05T07:06:15.566901+00:00,Pintu,IDR,17931.0,17906.0,-13.94,True,
2026-10-05T07:06:15.566901+00:00,Foxbit,BRL,5.17285,5.17435,2.9,True,
2026-10-05T07:06:15.566901+00:00,MercadoBitcoin,BRL,5.17635,5.17405,-4.44,True,
2026-10-05T08:06:04.699421+00:00,IndependentReserve,SGD,1.279985,1.28463,36.29,True,
2026-10-05T08:06:04.699421+00:00,Coins.ph,PHP,62.59,62.605,2.4,True,
2026-10-05T08:06:04.699421+00:00,BTCTurk,TRY,49.1105,49.0365,-15.07,True,
2026-10-05T08:06:04.699421+00:00,Upbit,KRW,1350.0,1350.0,0.0,True,
2026-10-05T08:06:04.699421+00:00,Indodax,IDR,17840.5,17858.0,9.81,True,
2026-10-05T08:06:04.699421+00:00,Bitkub,THB,33.64,33.63,-2.97,True,
2026-10-05T08:06:04.699421+00:00,Bithumb,KRW,1350.5,1350.5,0.0,True,
2026-10-05T08:06:04.699421+00:00,Coinone,KRW,1350.5,1350.5,0.0,True,
2026-10-05T08:06:04.699421+00:00,Paribu,TRY,49.0965,49.0695,-5.5,True,
2026-10-05T08:06:04.699421+00:00,Pintu,IDR,17941.0,17885.0,-31.21,True,
2026-10-05T08:06:04.699421+00:00,Foxbit,BRL,5.17335,5.1747,2.61,True,
2026-10-05T08:06:04.699421+00:00,MercadoBitcoin,BRL,5.17615,5.17395,-4.25,True,
2026-10-05T09:06:20.039348+00:00,IndependentReserve,SGD,1.278715,1.284545,45.59,True,
2026-10-05T09:06:20.039348+00:00,Coins.ph,PHP,62.585,62.6,2.4,True,
2026-10-05T09:06:20.039348+00:00,BTCTurk,TRY,49.0675,49.0825,3.06,True,
2026-10-05T09:06:20.039348+00:00,Upbit,KRW,1351.0,1351.0,0.0,True,
2026-10-05T09:06:20.039348+00:00,Indodax,IDR,17841.5,17849.5,4.48,True,
2026-10-05T09:06:20.039348+00:00,Bitkub,THB,33.645,33.635,-2.97,True,
2026-10-05T09:06:20.039348+00:00,Bithumb,KRW,1350.5,1351.0,3.7,True,
2026-10-05T09:06:20.039348+00:00,Coinone,KRW,1350.5,1350.5,0.0,True,
2026-10-05T09:06:20.039348+00:00,Paribu,TRY,49.0785,49.0405,-7.74,True,
2026-10-05T09:06:20.039348+00:00,Pintu,IDR,17936.0,17904.0,-17.84,True,
2026-10-05T09:06:20.039348+00:00,Foxbit,BRL,5.13845,5.1385,0.1,True,
2026-10-05T09:06:20.039348+00:00,MercadoBitcoin,BRL,5.14055,5.13765,-5.64,True,
2026-10-05T10:06:24.687099+00:00,IndependentReserve,SGD,1.278195,1.283615,42.4,True,
2026-10-05T10:06:24.687099+00:00,Coins.ph,PHP,62.59,62.59,0.0,True,
2026-10-05T10:06:24.687099+00:00,BTCTurk,TRY,49.1015,49.0055,-19.55,True,
2026-10-05T10:06:24.687099+00:00,Upbit,KRW,1351.0,1353.0,14.8,True,
2026-10-05T10:06:24.687099+00:00,Indodax,IDR,17860.5,17892.5,17.92,True,
2026-10-05T10:06:24.687099+00:00,Bitkub,THB,33.635,33.635,0.0,True,
2026-10-05T10:06:24.687099+00:00,Bithumb,KRW,1351.5,1352.5,7.4,True,
2026-10-05T10:06:24.687099+00:00,Coinone,KRW,1351.5,1351.5,0.0,True,
2026-10-05T10:06:24.687099+00:00,Paribu,TRY,49.0845,49.0605,-4.89,True,
2026-10-05T10:06:24.687099+00:00,Pintu,IDR,17942.0,17902.0,-22.29,True,
2026-10-05T10:06:24.687099+00:00,Foxbit,BRL,5.11865,5.11735,-2.54,True,
2026-10-05T10:06:24.687099+00:00,MercadoBitcoin,BRL,5.11805,5.11825,0.39,True,
2026-10-05T11:06:10.456358+00:00,IndependentReserve,SGD,1.27825,1.282495,33.21,True,
2026-10-05T11:06:10.456358+00:00,Coins.ph,PHP,62.59,62.605,2.4,True,
2026-10-05T11:06:10.456358+00:00,BTCTurk,TRY,49.1045,49.0545,-10.18,True,
2026-10-05T11:06:10.456358+00:00,Upbit,KRW,1351.0,1350.0,-7.4,True,
2026-10-05T11:06:10.456358+00:00,Indodax,IDR,17879.5,17861.0,-10.35,True,
2026-10-05T11:06:10.456358+00:00,Bitkub,THB,33.625,33.605,-5.95,True,
2026-10-05T11:06:10.456358+00:00,Bithumb,KRW,1351.5,1351.5,0.0,True,
2026-10-05T11:06:10.456358+00:00,Coinone,KRW,1351.5,1351.5,0.0,True,
2026-10-05T11:06:10.456358+00:00,Paribu,TRY,49.0845,49.018,-13.55,True,
2026-10-05T11:06:10.456358+00:00,Pintu,IDR,17886.0,17903.0,9.5,True,
2026-10-05T11:06:10.456358+00:00,Foxbit,BRL,5.20285,5.20455,3.27,True,
2026-10-05T11:06:10.456358+00:00,MercadoBitcoin,BRL,5.20285,5.20435,2.88,True,
2026-10-05T12:06:11.979218+00:00,IndependentReserve,SGD,1.28122,1.28139,1.33,True,
2026-10-05T12:06:11.979218+00:00,Coins.ph,PHP,62.63,62.63,-0.0,True,
2026-10-05T12:06:11.979218+00:00,BTCTurk,TRY,49.1045,49.019,-17.41,True,
2026-10-05T12:06:11.979218+00:00,Upbit,KRW,1352.0,1350.0,-14.79,True,
2026-10-05T12:06:11.979218+00:00,Indodax,IDR,17868.5,17883.0,8.11,True,
2026-10-05T12:06:11.979218+00:00,Bitkub,THB,33.625,33.605,-5.95,True,
2026-10-05T12:06:11.979218+00:00,Bithumb,KRW,1351.5,1351.5,0.0,True,
2026-10-05T12:06:11.979218+00:00,Coinone,KRW,1351.5,1351.5,0.0,True,
2026-10-05T12:06:11.979218+00:00,Paribu,TRY,49.0865,49.0485,-7.74,True,
2026-10-05T12:06:11.979218+00:00,Pintu,IDR,17912.0,17903.0,-5.02,True,
2026-10-05T12:06:11.979218+00:00,Foxbit,BRL,5.0732,5.07305,-0.3,True,
2026-10-05T12:06:11.979218+00:00,MercadoBitcoin,BRL,5.0743,5.07185,-4.83,True,
2026-10-05T13:06:10.238925+00:00,IndependentReserve,SGD,1.28022,1.280645,3.32,True,
2026-10-05T13:06:10.238925+00:00,Coins.ph,PHP,62.625,62.64,2.4,True,
2026-10-05T13:06:10.238925+00:00,BTCTurk,TRY,49.1165,49.0675,-9.98,True,
2026-10-05T13:06:10.238925+00:00,Upbit,KRW,1352.0,1353.0,7.4,True,
2026-10-05T13:06:10.238925+00:00,Indodax,IDR,17872.5,17898.5,14.55,True,
2026-10-05T13:06:10.238925+00:00,Bitkub,THB,33.635,33.645,2.97,True,
2026-10-05T13:06:10.238925+00:00,Bithumb,KRW,1352.5,1353.5,7.39,True,
2026-10-05T13:06:10.238925+00:00,Coinone,KRW,1351.5,1351.5,0.0,True,
2026-10-05T13:06:10.238925+00:00,Paribu,TRY,49.0845,49.031,-10.9,True,
2026-10-05T13:06:10.238925+00:00,Pintu,IDR,17887.0,17903.0,8.95,True,
2026-10-05T13:06:10.238925+00:00,Foxbit,BRL,5.0348,5.0352,0.79,True,
2026-10-05T13:06:10.238925+00:00,MercadoBitcoin,BRL,5.03705,5.03505,-3.97,True,
2026-10-05T14:06:05.062914+00:00,IndependentReserve,SGD,1.279005,1.28022,9.5,True,
2026-10-05T14:06:05.062914+00:00,Coins.ph,PHP,62.61,62.63,3.19,True,
2026-10-05T14:06:05.062914+00:00,BTCTurk,TRY,49.1105,49.117,1.32,True,
2026-10-05T14:06:05.062914+00:00,Upbit,KRW,1351.0,1350.0,-7.4,True,
2026-10-05T14:06:05.062914+00:00,Indodax,IDR,17849.5,17858.0,4.76,True,
2026-10-05T14:06:05.062914+00:00,Bitkub,THB,33.625,33.635,2.97,True,
2026-10-05T14:06:05.062914+00:00,Bithumb,KRW,1351.5,1352.0,3.7,True,
2026-10-05T14:06:05.062914+00:00,Coinone,KRW,1351.5,1351.5,0.0,True,
2026-10-05T14:06:05.062914+00:00,Paribu,TRY,49.1025,49.069,-6.82,True,
2026-10-05T14:06:05.062914+00:00,Pintu,IDR,17882.0,17904.0,12.3,True,
2026-10-05T14:06:05.062914+00:00,Foxbit,BRL,5.02065,5.0158,-9.66,True,
2026-10-05T14:06:05.062914+00:00,MercadoBitcoin,BRL,5.01765,5.0147,-5.88,True,
2026-10-05T15:06:23.942908+00:00,IndependentReserve,SGD,1.27775,1.281245,27.35,True,
2026-10-05T15:06:23.942908+00:00,Coins.ph,PHP,62.59,62.605,2.4,True,
2026-10-05T15:06:23.942908+00:00,BTCTurk,TRY,49.1145,49.1195,1.02,True,
2026-10-05T15:06:23.942908+00:00,Upbit,KRW,1354.0,1354.0,0.0,True,
2026-10-05T15:06:23.942908+00:00,Indodax,IDR,17878.5,17917.5,21.81,True,
2026-10-05T15:06:23.942908+00:00,Bitkub,THB,33.625,33.635,2.97,True,
2026-10-05T15:06:23.942908+00:00,Bithumb,KRW,1354.5,1355.5,7.38,True,
2026-10-05T15:06:23.942908+00:00,Coinone,KRW,1354.5,1354.5,0.0,True,
2026-10-05T15:06:23.942908+00:00,Paribu,TRY,49.1025,49.0595,-8.76,True,
2026-10-05T15:06:23.942908+00:00,Pintu,IDR,17901.0,17903.0,1.12,True,
2026-10-05T15:06:23.942908+00:00,Foxbit,BRL,4.99735,4.9974,0.1,True,
2026-10-05T15:06:23.942908+00:00,MercadoBitcoin,BRL,5.00065,5.0024,3.5,True,
2026-10-05T16:06:17.478655+00:00,IndependentReserve,SGD,1.27868,1.28037,13.22,True,
2026-10-05T16:06:17.478655+00:00,Coins.ph,PHP,62.625,62.63,0.8,True,
2026-10-05T16:06:17.478655+00:00,BTCTurk,TRY,49.1155,49.089,-5.4,True,
2026-10-05T16:06:17.478655+00:00,Upbit,KRW,1356.0,1357.0,7.37,True,
2026-10-05T16:06:17.478655+00:00,Indodax,IDR,17859.5,17877.0,9.8,True,
2026-10-05T16:06:17.478655+00:00,Bitkub,THB,33.645,33.63,-4.46,True,
2026-10-05T16:06:17.478655+00:00,Bithumb,KRW,1356.5,1357.0,3.69,True,
2026-10-05T16:06:17.478655+00:00,Coinone,KRW,1356.5,1356.5,0.0,True,
2026-10-05T16:06:17.478655+00:00,Paribu,TRY,49.0915,49.054,-7.64,True,
2026-10-05T16:06:17.478655+00:00,Pintu,IDR,17905.0,17901.0,-2.23,True,
2026-10-05T16:06:17.478655+00:00,Foxbit,BRL,5.01405,5.0157,3.29,True,
2026-10-05T16:06:17.478655+00:00,MercadoBitcoin,BRL,5.01265,5.0155,5.69,True,
2026-10-05T17:06:17.155684+00:00,IndependentReserve,SGD,1.2787,1.28029,12.43,True,
2026-10-05T17:06:17.155684+00:00,Coins.ph,PHP,62.65,62.645,-0.8,True,
2026-10-05T17:06:17.155684+00:00,BTCTurk,TRY,49.1165,49.0995,-3.46,True,
2026-10-05T17:06:17.155684+00:00,Upbit,KRW,1358.0,1357.0,-7.36,True,
2026-10-05T17:06:17.155684+00:00,Indodax,IDR,17864.5,17877.0,7.0,True,
2026-10-05T17:06:17.155684+00:00,Bitkub,THB,33.645,33.625,-5.94,True,
2026-10-05T17:06:17.155684+00:00,Bithumb,KRW,1358.5,1358.0,-3.68,True,
2026-10-05T17:06:17.155684+00:00,Coinone,KRW,1358.5,1358.0,-3.68,True,
2026-10-05T17:06:17.155684+00:00,Paribu,TRY,49.0915,49.051,-8.25,True,
2026-10-05T17:06:17.155684+00:00,Pintu,IDR,17913.0,17900.0,-7.26,True,
2026-10-05T17:06:17.155684+00:00,Foxbit,BRL,5.00865,5.01055,3.79,True,
2026-10-05T17:06:17.155684+00:00,MercadoBitcoin,BRL,5.00805,5.01045,4.79,True,
2026-10-05T18:06:16.192446+00:00,IndependentReserve,SGD,1.27885,1.280115,9.89,True,
2026-10-05T18:06:16.192446+00:00,Coins.ph,PHP,62.635,62.65,2.39,True,
2026-10-05T18:06:16.192446+00:00,BTCTurk,TRY,49.1505,49.0705,-16.28,True,
2026-10-05T18:06:16.192446+00:00,Upbit,KRW,1357.0,1354.0,-22.11,True,
2026-10-05T18:06:16.192446+00:00,Indodax,IDR,17864.5,17876.5,6.72,True,
2026-10-05T18:06:16.192446+00:00,Bitkub,THB,33.635,33.625,-2.97,True,
2026-10-05T18:06:16.192446+00:00,Bithumb,KRW,1356.5,1356.5,0.0,True,
2026-10-05T18:06:16.192446+00:00,Coinone,KRW,1356.5,1356.5,0.0,True,
2026-10-05T18:06:16.192446+00:00,Paribu,TRY,49.1045,49.0585,-9.37,True,
2026-10-05T18:06:16.192446+00:00,Pintu,IDR,17882.0,17900.0,10.07,True,
2026-10-05T18:06:16.192446+00:00,Foxbit,BRL,5.00935,5.01055,2.4,True,
2026-10-05T18:06:16.192446+00:00,MercadoBitcoin,BRL,5.01055,5.01305,4.99,True,
2026-10-05T19:06:27.318590+00:00,IndependentReserve,SGD,1.27893,1.280575,12.86,True,
2026-10-05T19:06:27.318590+00:00,Coins.ph,PHP,62.615,62.605,-1.6,True,
2026-10-05T19:06:27.318590+00:00,BTCTurk,TRY,49.1555,49.074,-16.58,True,
2026-10-05T19:06:27.318590+00:00,Upbit,KRW,1357.0,1356.0,-7.37,True,
2026-10-05T19:06:27.318590+00:00,Indodax,IDR,17864.5,17870.5,3.36,True,
2026-10-05T19:06:27.318590+00:00,Bitkub,THB,33.625,33.625,0.0,True,
2026-10-05T19:06:27.318590+00:00,Bithumb,KRW,1356.5,1356.5,0.0,True,
2026-10-05T19:06:27.318590+00:00,Coinone,KRW,1356.5,1356.5,0.0,True,
2026-10-05T19:06:27.318590+00:00,Paribu,TRY,49.1395,49.0705,-14.04,True,
2026-10-05T19:06:27.318590+00:00,Pintu,IDR,17865.0,17900.0,19.59,True,
2026-10-05T19:06:27.318590+00:00,Foxbit,BRL,5.00955,5.00995,0.8,True,
2026-10-05T19:06:27.318590+00:00,MercadoBitcoin,BRL,5.00935,5.00935,-0.0,True,
2026-10-05T20:58:16.920000+00:00,IndependentReserve,SGD,1.27976,1.280705,7.38,True,
2026-10-05T20:58:16.920000+00:00,Coins.ph,PHP,62.56,62.565,0.8,True,
2026-10-05T20:58:16.920000+00:00,BTCTurk,TRY,49.1545,49.1225,-6.51,True,
2026-10-05T20:58:16.920000+00:00,Upbit,KRW,1353.0,1355.0,14.78,True,
2026-10-05T20:58:16.920000+00:00,Indodax,IDR,17850.5,17858.5,4.48,True,
2026-10-05T20:58:16.920000+00:00,Bitkub,THB,33.62,33.625,1.49,True,
2026-10-05T20:58:16.920000+00:00,Bithumb,KRW,1353.5,1353.5,0.0,True,
2026-10-05T20:58:16.920000+00:00,Coinone,KRW,1353.5,1353.5,0.0,True,
2026-10-05T20:58:16.920000+00:00,Paribu,TRY,49.1485,49.0655,-16.89,True,
2026-10-05T20:58:16.920000+00:00,Pintu,IDR,17863.0,17901.0,21.27,True,
2026-10-05T20:58:16.920000+00:00,Foxbit,BRL,5.01485,5.01515,0.6,True,
2026-10-05T20:58:16.920000+00:00,MercadoBitcoin,BRL,5.01265,5.01395,2.59,True,
2026-10-06T00:21:29.065331+00:00,IndependentReserve,SGD,1.279845,1.280515,5.24,True,
2026-10-06T00:21:29.065331+00:00,Coins.ph,PHP,62.61,62.61,0.0,True,
2026-10-06T00:21:29.065331+00:00,BTCTurk,TRY,49.1335,49.049,-17.2,True,
2026-10-06T00:21:29.065331+00:00,Upbit,KRW,1354.0,1352.0,-14.77,True,
2026-10-06T00:21:29.065331+00:00,Indodax,IDR,17851.5,17843.5,-4.48,True,
2026-10-06T00:21:29.065331+00:00,Bitkub,THB,33.655,33.635,-5.94,True,
2026-10-06T00:21:29.065331+00:00,Bithumb,KRW,1353.5,1352.5,-7.39,True,
2026-10-06T00:21:29.065331+00:00,Coinone,KRW,1353.5,1353.5,0.0,True,
2026-10-06T00:21:29.065331+00:00,Paribu,TRY,49.0985,49.0685,-6.11,True,
2026-10-06T00:21:29.065331+00:00,Pintu,IDR,17896.0,17901.0,2.79,True,
2026-10-06T00:21:29.065331+00:00,Foxbit,BRL,5.02995,5.03235,4.77,True,
2026-10-06T00:21:29.065331+00:00,MercadoBitcoin,BRL,5.03345,5.03395,0.99,True,
2026-10-06T01:06:17.903173+00:00,IndependentReserve,SGD,1.279845,1.280515,5.24,True,
2026-10-06T01:06:17.903173+00:00,Coins.ph,PHP,62.59,62.585,-0.8,True,
2026-10-06T01:06:17.903173+00:00,BTCTurk,TRY,49.145,49.051,-19.13,True,
2026-10-06T01:06:17.903173+00:00,Upbit,KRW,1352.0,1352.0,0.0,True,
2026-10-06T01:06:17.903173+00:00,Indodax,IDR,17851.5,17833.5,-10.08,True,
2026-10-06T01:06:17.903173+00:00,Bitkub,THB,33.655,33.635,-5.94,True,
2026-10-06T01:06:17.903173+00:00,Bithumb,KRW,1351.5,1352.5,7.4,True,
2026-10-06T01:06:17.903173+00:00,Coinone,KRW,1352.5,1351.5,-7.39,True,
2026-10-06T01:06:17.903173+00:00,Paribu,TRY,49.0985,49.077,-4.38,True,
2026-10-06T01:06:17.903173+00:00,Pintu,IDR,17874.0,17900.0,14.55,True,
2026-10-06T01:06:17.903173+00:00,Foxbit,BRL,5.03165,5.03195,0.6,True,
2026-10-06T01:06:17.903173+00:00,MercadoBitcoin,BRL,5.03095,5.03165,1.39,True,
2026-10-06T02:06:16.737790+00:00,IndependentReserve,SGD,1.27841,1.28089,19.4,True,
2026-10-06T02:06:16.737790+00:00,Coins.ph,PHP,62.765,62.765,0.0,True,
2026-10-06T02:06:16.737790+00:00,BTCTurk,TRY,49.1395,49.0495,-18.32,True,
2026-10-06T02:06:16.737790+00:00,Upbit,KRW,1354.0,1354.0,0.0,True,
2026-10-06T02:06:16.737790+00:00,Indodax,IDR,17857.5,17853.0,-2.52,True,
2026-10-06T02:06:16.737790+00:00,Bitkub,THB,33.655,33.65,-1.49,True,
2026-10-06T02:06:16.737790+00:00,Bithumb,KRW,1353.5,1354.5,7.39,True,
2026-10-06T02:06:16.737790+00:00,Coinone,KRW,1353.5,1354.5,7.39,True,
2026-10-06T02:06:16.737790+00:00,Paribu,TRY,49.0995,49.081,-3.77,True,
2026-10-06T02:06:16.737790+00:00,Pintu,IDR,17901.0,17900.0,-0.56,True,
2026-10-06T02:06:16.737790+00:00,Foxbit,BRL,5.03855,5.0378,-1.49,True,
2026-10-06T02:06:16.737790+00:00,MercadoBitcoin,BRL,5.03665,5.03835,3.38,True,
2026-10-06T03:06:14.180666+00:00,IndependentReserve,SGD,1.27833,1.281555,25.23,True,
2026-10-06T03:06:14.180666+00:00,Coins.ph,PHP,62.74,62.74,-0.0,True,
2026-10-06T03:06:14.180666+00:00,BTCTurk,TRY,49.1475,49.062,-17.4,True,
2026-10-06T03:06:14.180666+00:00,Upbit,KRW,1353.0,1353.0,0.0,True,
2026-10-06T03:06:14.180666+00:00,Indodax,IDR,17859.5,17853.5,-3.36,True,
2026-10-06T03:06:14.180666+00:00,Bitkub,THB,33.645,33.62,-7.43,True,
2026-10-06T03:06:14.180666+00:00,Bithumb,KRW,1354.5,1354.5,0.0,True,
2026-10-06T03:06:14.180666+00:00,Coinone,KRW,1354.0,1354.5,3.69,True,
2026-10-06T03:06:14.180666+00:00,Paribu,TRY,49.0995,49.081,-3.77,True,
2026-10-06T03:06:14.180666+00:00,Pintu,IDR,17899.0,17872.0,-15.08,True,
2026-10-06T03:06:14.180666+00:00,Foxbit,BRL,5.03815,5.03795,-0.4,True,
2026-10-06T03:06:14.180666+00:00,MercadoBitcoin,BRL,5.04315,5.0435,0.69,True,
2026-10-06T04:06:21.214068+00:00,IndependentReserve,SGD,1.278215,1.28131,24.21,True,
2026-10-06T04:06:21.214068+00:00,Coins.ph,PHP,62.745,62.76,2.39,True,
2026-10-06T04:06:21.214068+00:00,BTCTurk,TRY,49.1545,49.096,-11.9,True,
2026-10-06T04:06:21.214068+00:00,Upbit,KRW,1355.0,1355.0,0.0,True,
2026-10-06T04:06:21.214068+00:00,Indodax,IDR,17867.5,17871.0,1.96,True,
2026-10-06T04:06:21.214068+00:00,Bitkub,THB,33.625,33.63,1.49,True,
2026-10-06T04:06:21.214068+00:00,Bithumb,KRW,1353.5,1354.5,7.39,True,
2026-10-06T04:06:21.214068+00:00,Coinone,KRW,1353.5,1354.5,7.39,True,
2026-10-06T04:06:21.214068+00:00,Paribu,TRY,49.1005,49.0515,-9.98,True,
2026-10-06T04:06:21.214068+00:00,Pintu,IDR,17905.0,17874.0,-17.31,True,
2026-10-06T04:06:21.214068+00:00,Foxbit,BRL,5.03675,5.03685,0.2,True,
2026-10-06T04:06:21.214068+00:00,MercadoBitcoin,BRL,5.03965,5.04085,2.38,True,
2026-10-06T05:06:26.975512+00:00,IndependentReserve,SGD,1.278365,1.280895,19.79,True,
2026-10-06T05:06:26.975512+00:00,Coins.ph,PHP,62.82,62.83,1.59,True,
2026-10-06T05:06:26.975512+00:00,BTCTurk,TRY,49.1565,49.116,-8.24,True,
2026-10-06T05:06:26.975512+00:00,Upbit,KRW,1353.0,1354.0,7.39,True,
2026-10-06T05:06:26.975512+00:00,Indodax,IDR,17860.5,17866.0,3.08,True,
2026-10-06T05:06:26.975512+00:00,Bitkub,THB,33.625,33.625,0.0,True,
2026-10-06T05:06:26.975512+00:00,Bithumb,KRW,1352.5,1353.5,7.39,True,
2026-10-06T05:06:26.975512+00:00,Coinone,KRW,1353.5,1353.5,0.0,True,
2026-10-06T05:06:26.975512+00:00,Paribu,TRY,49.1005,49.079,-4.38,True,
2026-10-06T05:06:26.975512+00:00,Pintu,IDR,17885.0,17854.0,-17.33,True,
2026-10-06T05:06:26.975512+00:00,Foxbit,BRL,5.0334,5.03645,6.06,True,
2026-10-06T05:06:26.975512+00:00,MercadoBitcoin,BRL,5.03585,5.03725,2.78,True,
2026-10-06T06:06:14.070516+00:00,IndependentReserve,SGD,1.27838,1.28331,38.56,True,
2026-10-06T06:06:14.070516+00:00,Coins.ph,PHP,62.785,62.795,1.59,True,
2026-10-06T06:06:14.070516+00:00,BTCTurk,TRY,49.1565,49.116,-8.24,True,
2026-10-06T06:06:14.070516+00:00,Upbit,KRW,1355.0,1352.0,-22.14,True,
2026-10-06T06:06:14.070516+00:00,Indodax,IDR,17867.5,17848.0,-10.91,True,
2026-10-06T06:06:14.070516+00:00,Bitkub,THB,33.625,33.63,1.49,True,
2026-10-06T06:06:14.070516+00:00,Bithumb,KRW,1354.5,1354.5,0.0,True,
2026-10-06T06:06:14.070516+00:00,Coinone,KRW,1354.5,1354.5,0.0,True,
2026-10-06T06:06:14.070516+00:00,Paribu,TRY,49.1385,49.0885,-10.18,True,
2026-10-06T06:06:14.070516+00:00,Pintu,IDR,17869.0,17844.0,-13.99,True,
2026-10-06T06:06:14.070516+00:00,Foxbit,BRL,5.03365,5.0358,4.27,True,
2026-10-06T06:06:14.070516+00:00,MercadoBitcoin,BRL,5.03535,5.03545,0.2,True,
2026-10-06T07:06:17.269181+00:00,IndependentReserve,SGD,1.27669,1.28317,50.76,True,
2026-10-06T07:06:17.269181+00:00,Coins.ph,PHP,62.79,62.795,0.8,True,
2026-10-06T07:06:17.269181+00:00,BTCTurk,TRY,49.1525,49.068,-17.19,True,
2026-10-06T07:06:17.269181+00:00,Upbit,KRW,1353.0,1352.0,-7.39,True,
2026-10-06T07:06:17.269181+00:00,Indodax,IDR,17868.5,17844.0,-13.71,True,
2026-10-06T07:06:17.269181+00:00,Bitkub,THB,33.635,33.635,0.0,True,
2026-10-06T07:06:17.269181+00:00,Bithumb,KRW,1354.5,1354.5,0.0,True,
2026-10-06T07:06:17.269181+00:00,Coinone,KRW,1353.5,1354.5,7.39,True,
2026-10-06T07:06:17.269181+00:00,Paribu,TRY,49.1795,49.134,-9.25,True,
2026-10-06T07:06:17.269181+00:00,Pintu,IDR,17887.0,17844.0,-24.04,True,
2026-10-06T07:06:17.269181+00:00,Foxbit,BRL,5.03365,5.03655,5.76,True,
2026-10-06T07:06:17.269181+00:00,MercadoBitcoin,BRL,5.03535,5.0358,0.89,True,
2026-10-06T08:06:15.214267+00:00,IndependentReserve,SGD,1.27669,1.28243,44.96,True,
2026-10-06T08:06:15.214267+00:00,Coins.ph,PHP,62.75,62.76,1.59,True,
2026-10-06T08:06:15.214267+00:00,BTCTurk,TRY,49.1565,49.0875,-14.04,True,
2026-10-06T08:06:15.214267+00:00,Upbit,KRW,1353.0,1354.0,7.39,True,
2026-10-06T08:06:15.214267+00:00,Indodax,IDR,17871.5,17844.5,-15.11,True,
2026-10-06T08:06:15.214267+00:00,Bitkub,THB,33.605,33.615,2.98,True,
2026-10-06T08:06:15.214267+00:00,Bithumb,KRW,1352.5,1353.0,3.7,True,
2026-10-06T08:06:15.214267+00:00,Coinone,KRW,1352.5,1352.5,0.0,True,
2026-10-06T08:06:15.214267+00:00,Paribu,TRY,49.1455,49.1145,-6.31,True,
2026-10-06T08:06:15.214267+00:00,Pintu,IDR,17877.0,17844.0,-18.46,True,
2026-10-06T08:06:15.214267+00:00,Foxbit,BRL,5.0346,5.0366,3.97,True,
2026-10-06T08:06:15.214267+00:00,MercadoBitcoin,BRL,5.03765,5.0381,0.89,True,
2026-10-06T09:06:23.111858+00:00,IndependentReserve,SGD,1.275915,1.276795,6.9,True,
2026-10-06T09:06:23.111858+00:00,Coins.ph,PHP,62.735,62.74,0.8,True,
2026-10-06T09:06:23.111858+00:00,BTCTurk,TRY,49.1565,49.1015,-11.19,True,
2026-10-06T09:06:23.111858+00:00,Upbit,KRW,1351.0,1351.0,0.0,True,
2026-10-06T09:06:23.111858+00:00,Indodax,IDR,17870.0,17842.5,-15.39,True,
2026-10-06T09:06:23.111858+00:00,Bitkub,THB,33.585,33.555,-8.93,True,
2026-10-06T09:06:23.111858+00:00,Bithumb,KRW,1350.5,1352.0,11.11,True,
2026-10-06T09:06:23.111858+00:00,Coinone,KRW,1351.5,1351.5,0.0,True,
2026-10-06T09:06:23.111858+00:00,Paribu,TRY,49.1135,49.088,-5.19,True,
2026-10-06T09:06:23.111858+00:00,Pintu,IDR,17866.0,17822.0,-24.63,True,
2026-10-06T09:06:23.111858+00:00,Foxbit,BRL,5.03705,5.03735,0.6,True,
2026-10-06T09:06:23.111858+00:00,MercadoBitcoin,BRL,5.03895,5.03905,0.2,True,
2026-10-06T10:06:51.893245+00:00,IndependentReserve,SGD,1.27591,1.279915,31.39,True,
2026-10-06T10:06:51.893245+00:00,Coins.ph,PHP,62.695,62.705,1.6,True,
2026-10-06T10:06:51.893245+00:00,BTCTurk,TRY,49.136,49.117,-3.87,True,
2026-10-06T10:06:51.893245+00:00,Upbit,KRW,1353.0,1351.0,-14.78,True,
2026-10-06T10:06:51.893245+00:00,Indodax,IDR,17878.5,17865.5,-7.27,True,
2026-10-06T10:06:51.893245+00:00,Bitkub,THB,33.585,33.57,-4.47,True,
2026-10-06T10:06:51.893245+00:00,Bithumb,KRW,1352.5,1352.5,0.0,True,
2026-10-06T10:06:51.893245+00:00,Coinone,KRW,1352.5,1352.5,0.0,True,
2026-10-06T10:06:51.893245+00:00,Paribu,TRY,49.1305,49.077,-10.89,True,
2026-10-06T10:06:51.893245+00:00,Pintu,IDR,17877.0,17823.0,-30.21,True,
2026-10-06T10:06:51.893245+00:00,Foxbit,BRL,5.03765,5.03695,-1.39,True,
2026-10-06T10:06:51.893245+00:00,MercadoBitcoin,BRL,5.03685,5.03915,4.57,True,
2026-10-06T12:56:13.737868+00:00,IndependentReserve,SGD,1.275505,1.278745,25.4,True,
2026-10-06T12:56:13.737868+00:00,Coins.ph,PHP,62.725,62.725,-0.0,True,
2026-10-06T12:56:13.737868+00:00,BTCTurk,TRY,49.1415,49.063,-15.97,True,
2026-10-06T12:56:13.737868+00:00,Upbit,KRW,1353.0,1351.0,-14.78,True,
2026-10-06T12:56:13.737868+00:00,Indodax,IDR,17853.5,17839.5,-7.84,True,
2026-10-06T12:56:13.737868+00:00,Bitkub,THB,33.575,33.565,-2.98,True,
2026-10-06T12:56:13.737868+00:00,Bithumb,KRW,1351.5,1351.5,0.0,True,
2026-10-06T12:56:13.737868+00:00,Coinone,KRW,1351.5,1351.5,0.0,True,
2026-10-06T12:56:13.737868+00:00,Paribu,TRY,49.1125,49.0395,-14.86,True,
2026-10-06T12:56:13.737868+00:00,Pintu,IDR,17858.0,17821.0,-20.72,True,
2026-10-06T12:56:13.737868+00:00,Foxbit,BRL,4.97695,4.97505,-3.82,True,
2026-10-06T12:56:13.737868+00:00,MercadoBitcoin,BRL,4.97085,4.97605,10.46,True,
2026-10-06T13:06:21.356585+00:00,IndependentReserve,SGD,1.275515,1.278745,25.32,True,
2026-10-06T13:06:21.356585+00:00,Coins.ph,PHP,62.715,62.725,1.59,True,
2026-10-06T13:06:21.356585+00:00,BTCTurk,TRY,49.148,49.1165,-6.41,True,
2026-10-06T13:06:21.356585+00:00,Upbit,KRW,1352.0,1352.0,0.0,True,
2026-10-06T13:06:21.356585+00:00,Indodax,IDR,17851.5,17846.5,-2.8,True,
2026-10-06T13:06:21.356585+00:00,Bitkub,THB,33.575,33.565,-2.98,True,
2026-10-06T13:06:21.356585+00:00,Bithumb,KRW,1351.5,1351.5,0.0,True,
2026-10-06T13:06:21.356585+00:00,Coinone,KRW,1351.5,1351.5,0.0,True,
2026-10-06T13:06:21.356585+00:00,Paribu,TRY,49.1125,49.0775,-7.13,True,
2026-10-06T13:06:21.356585+00:00,Pintu,IDR,17857.0,17820.0,-20.72,True,
2026-10-06T13:06:21.356585+00:00,Foxbit,BRL,4.97565,4.97365,-4.02,True,
2026-10-06T13:06:21.356585+00:00,MercadoBitcoin,BRL,4.97275,4.97465,3.82,True,
2026-10-06T14:06:19.019251+00:00,IndependentReserve,SGD,1.27724,1.277355,0.9,True,
2026-10-06T14:06:19.019251+00:00,Coins.ph,PHP,62.725,62.725,-0.0,True,
2026-10-06T14:06:19.019251+00:00,BTCTurk,TRY,49.1475,49.075,-14.75,True,
2026-10-06T14:06:19.019251+00:00,Upbit,KRW,1351.0,1351.0,0.0,True,
2026-10-06T14:06:19.019251+00:00,Indodax,IDR,17844.5,17847.5,1.68,True,
2026-10-06T14:06:19.019251+00:00,Bitkub,THB,33.605,33.585,-5.95,True,
2026-10-06T14:06:19.019251+00:00,Bithumb,KRW,1351.5,1351.5,0.0,True,
2026-10-06T14:06:19.019251+00:00,Coinone,KRW,1351.5,1351.5,0.0,True,
2026-10-06T14:06:19.019251+00:00,Paribu,TRY,49.1505,49.093,-11.7,True,
2026-10-06T14:06:19.019251+00:00,Pintu,IDR,17870.0,17822.0,-26.86,True,
2026-10-06T14:06:19.019251+00:00,Foxbit,BRL,4.98795,4.98755,-0.8,True,
2026-10-06T14:06:19.019251+00:00,MercadoBitcoin,BRL,4.98905,4.99015,2.2,True,
2026-10-06T15:06:44.038704+00:00,IndependentReserve,SGD,1.277765,1.276945,-6.42,True,
2026-10-06T15:06:44.038704+00:00,Coins.ph,PHP,62.745,62.745,0.0,True,
2026-10-06T15:06:44.038704+00:00,BTCTurk,TRY,49.1065,49.075,-6.41,True,
2026-10-06T15:06:44.038704+00:00,Upbit,KRW,1348.0,1347.0,-7.42,True,
2026-10-06T15:06:44.038704+00:00,Indodax,IDR,17849.5,17848.0,-0.84,True,
2026-10-06T15:06:44.038704+00:00,Bitkub,THB,33.595,33.585,-2.98,True,
2026-10-06T15:06:44.038704+00:00,Bithumb,KRW,1348.5,1349.5,7.42,True,
2026-10-06T15:06:44.038704+00:00,Coinone,KRW,1347.5,1347.5,0.0,True,
2026-10-06T15:06:44.038704+00:00,Paribu,TRY,49.1265,49.0575,-14.05,True,
2026-10-06T15:06:44.038704+00:00,Pintu,IDR,17848.0,17821.0,-15.13,True,
2026-10-06T15:06:44.038704+00:00,Foxbit,BRL,4.9904,4.99085,0.9,True,
2026-10-06T15:06:44.038704+00:00,MercadoBitcoin,BRL,4.98885,4.99055,3.41,True,
2026-10-06T16:07:02.986947+00:00,IndependentReserve,SGD,1.27773,1.276945,-6.14,True,
2026-10-06T16:07:02.986947+00:00,Coins.ph,PHP,62.725,62.725,-0.0,True,
2026-10-06T16:07:02.986947+00:00,BTCTurk,TRY,49.1405,49.0355,-21.37,True,
2026-10-06T16:07:02.986947+00:00,Upbit,KRW,1349.0,1350.0,7.41,True,
2026-10-06T16:07:02.986947+00:00,Indodax,IDR,17858.5,17844.0,-8.12,True,
2026-10-06T16:07:02.986947+00:00,Bitkub,THB,33.585,33.595,2.98,True,
2026-10-06T16:07:02.986947+00:00,Bithumb,KRW,1349.5,1350.5,7.41,True,
2026-10-06T16:07:02.986947+00:00,Coinone,KRW,1349.5,1350.0,3.71,True,
2026-10-06T16:07:02.986947+00:00,Paribu,TRY,49.1105,49.078,-6.62,True,
2026-10-06T16:07:02.986947+00:00,Pintu,IDR,17854.0,17821.0,-18.48,True,
2026-10-06T16:07:02.986947+00:00,Foxbit,BRL,4.98725,4.987,-0.5,True,
2026-10-06T16:07:02.986947+00:00,MercadoBitcoin,BRL,4.98685,4.98725,0.8,True,
2026-10-06T17:06:32.945948+00:00,IndependentReserve,SGD,1.277415,1.276585,-6.5,True,
2026-10-06T17:06:32.945948+00:00,Coins.ph,PHP,62.765,62.765,0.0,True,
2026-10-06T17:06:32.945948+00:00,BTCTurk,TRY,49.1405,49.046,-19.23,True,
2026-10-06T17:06:32.945948+00:00,Upbit,KRW,1353.0,1353.0,0.0,True,
2026-10-06T17:06:32.945948+00:00,Indodax,IDR,17869.5,17853.0,-9.23,True,
2026-10-06T17:06:32.945948+00:00,Bitkub,THB,33.595,33.595,0.0,True,
2026-10-06T17:06:32.945948+00:00,Bithumb,KRW,1352.5,1352.0,-3.7,True,
2026-10-06T17:06:32.945948+00:00,Coinone,KRW,1352.5,1352.5,0.0,True,
2026-10-06T17:06:32.945948+00:00,Paribu,TRY,49.1105,49.078,-6.62,True,
2026-10-06T17:06:32.945948+00:00,Pintu,IDR,17845.0,17820.0,-14.01,True,
2026-10-06T17:06:32.945948+00:00,Foxbit,BRL,4.99865,4.9979,-1.5,True,
2026-10-06T17:06:32.945948+00:00,MercadoBitcoin,BRL,4.9964,4.99735,1.9,True,
2026-10-06T18:06:29.173243+00:00,IndependentReserve,SGD,1.278035,1.27571,-18.19,True,
2026-10-06T18:06:29.173243+00:00,Coins.ph,PHP,62.745,62.745,0.0,True,
2026-10-06T18:06:29.173243+00:00,BTCTurk,TRY,49.138,49.067,-14.45,True,
2026-10-06T18:06:29.173243+00:00,Upbit,KRW,1351.0,1350.0,-7.4,True,
2026-10-06T18:06:29.173243+00:00,Indodax,IDR,17869.5,17851.0,-10.35,True,
2026-10-06T18:06:29.173243+00:00,Bitkub,THB,33.595,33.6,1.49,True,
2026-10-06T18:06:29.173243+00:00,Bithumb,KRW,1351.5,1352.5,7.4,True,
2026-10-06T18:06:29.173243+00:00,Coinone,KRW,1351.5,1351.5,0.0,True,
2026-10-06T18:06:29.173243+00:00,Paribu,TRY,49.1465,49.082,-13.12,True,
2026-10-06T18:06:29.173243+00:00,Pintu,IDR,17858.0,17821.0,-20.72,True,
2026-10-06T18:06:29.173243+00:00,Foxbit,BRL,4.99145,4.991,-0.9,True,
2026-10-06T18:06:29.173243+00:00,MercadoBitcoin,BRL,4.98945,4.9916,4.31,True,
2026-10-06T19:06:15.956625+00:00,IndependentReserve,SGD,1.278015,1.275235,-21.75,True,
2026-10-06T19:06:15.956625+00:00,Coins.ph,PHP,62.755,62.745,-1.59,True,
2026-10-06T19:06:15.956625+00:00,BTCTurk,TRY,49.1605,49.1675,1.42,True,
2026-10-06T19:06:15.956625+00:00,Upbit,KRW,1352.0,1353.0,7.4,True,
2026-10-06T19:06:15.956625+00:00,Indodax,IDR,17866.5,17858.0,-4.76,True,
2026-10-06T19:06:15.956625+00:00,Bitkub,THB,33.585,33.585,0.0,True,
2026-10-06T19:06:15.956625+00:00,Bithumb,KRW,1352.5,1352.5,0.0,True,
2026-10-06T19:06:15.956625+00:00,Coinone,KRW,1352.5,1353.0,3.7,True,
2026-10-06T19:06:15.956625+00:00,Paribu,TRY,49.1465,49.0945,-10.58,True,
2026-10-06T19:06:15.956625+00:00,Pintu,IDR,17860.0,17819.0,-22.96,True,
2026-10-06T19:06:15.956625+00:00,Foxbit,BRL,4.98925,4.9899,1.3,True,
2026-10-06T19:06:15.956625+00:00,MercadoBitcoin,BRL,4.99055,4.9915,1.9,True,
2026-10-06T20:06:20.531759+00:00,IndependentReserve,SGD,1.27806,1.274725,-26.09,True,
2026-10-06T20:06:20.531759+00:00,Coins.ph,PHP,62.775,62.775,0.0,True,
2026-10-06T20:06:20.531759+00:00,BTCTurk,TRY,49.164,49.1595,-0.92,True,
2026-10-06T20:06:20.531759+00:00,Upbit,KRW,1355.0,1356.0,7.38,True,
2026-10-06T20:06:20.531759+00:00,Indodax,IDR,17866.5,17845.0,-12.03,True,
2026-10-06T20:06:20.531759+00:00,Bitkub,THB,33.585,33.585,0.0,True,
2026-10-06T20:06:20.531759+00:00,Bithumb,KRW,1354.5,1354.5,0.0,True,
2026-10-06T20:06:20.531759+00:00,Coinone,KRW,1354.5,1354.0,-3.69,True,
2026-10-06T20:06:20.531759+00:00,Paribu,TRY,49.1795,49.098,-16.57,True,
2026-10-06T20:06:20.531759+00:00,Pintu,IDR,17868.0,17820.0,-26.86,True,
2026-10-06T20:06:20.531759+00:00,Foxbit,BRL,4.99075,4.98985,-1.8,True,
2026-10-06T20:06:20.531759+00:00,MercadoBitcoin,BRL,4.99085,4.98845,-4.81,True,
2026-10-06T21:06:22.329445+00:00,IndependentReserve,SGD,1.277365,1.27439,-23.29,True,
2026-10-06T21:06:22.329445+00:00,Coins.ph,PHP,62.755,62.755,-0.0,True,
2026-10-06T21:06:22.329445+00:00,BTCTurk,TRY,49.1545,49.096,-11.9,True,
2026-10-06T21:06:22.329445+00:00,Upbit,KRW,1355.0,1352.0,-22.14,True,
2026-10-06T21:06:22.329445+00:00,Indodax,IDR,17866.5,17862.0,-2.52,True,
2026-10-06T21:06:22.329445+00:00,Bitkub,THB,33.585,33.585,0.0,True,
2026-10-06T21:06:22.329445+00:00,Bithumb,KRW,1354.5,1354.5,0.0,True,
2026-10-06T21:06:22.329445+00:00,Coinone,KRW,1354.5,1354.0,-3.69,True,
2026-10-06T21:06:22.329445+00:00,Paribu,TRY,49.1225,49.0925,-6.11,True,
2026-10-06T21:06:22.329445+00:00,Pintu,IDR,17863.0,17819.0,-24.63,True,
2026-10-06T21:06:22.329445+00:00,Foxbit,BRL,4.99865,4.99725,-2.8,True,
2026-10-06T21:06:22.329445+00:00,MercadoBitcoin,BRL,4.99655,4.99415,-4.8,True,
2026-10-06T22:06:23.012851+00:00,IndependentReserve,SGD,1.27738,1.27237,-39.22,True,
2026-10-06T22:06:23.012851+00:00,Coins.ph,PHP,62.755,62.755,-0.0,True,
2026-10-06T22:06:23.012851+00:00,BTCTurk,TRY,49.154,49.07,-17.09,True,
2026-10-06T22:06:23.012851+00:00,Upbit,KRW,1353.0,1356.0,22.17,True,
2026-10-06T22:06:23.012851+00:00,Indodax,IDR,17868.5,17863.0,-3.08,True,
2026-10-06T22:06:23.012851+00:00,Bitkub,THB,33.585,33.575,-2.98,True,
2026-10-06T22:06:23.012851+00:00,Bithumb,KRW,1354.5,1354.0,-3.69,True,
2026-10-06T22:06:23.012851+00:00,Coinone,KRW,1353.5,1353.5,0.0,True,
2026-10-06T22:06:23.012851+00:00,Paribu,TRY,49.1475,49.1045,-8.75,True,
2026-10-06T22:06:23.012851+00:00,Pintu,IDR,17864.0,17819.0,-25.19,True,
2026-10-06T22:06:23.012851+00:00,Foxbit,BRL,5.00435,5.0044,0.1,True,
2026-10-06T22:06:23.012851+00:00,MercadoBitcoin,BRL,5.00265,5.00675,8.2,True,
2026-10-06T23:06:20.054320+00:00,IndependentReserve,SGD,1.27739,1.27239,-39.14,True,
2026-10-06T23:06:20.054320+00:00,Coins.ph,PHP,62.755,62.755,-0.0,True,
2026-10-06T23:06:20.054320+00:00,BTCTurk,TRY,49.1545,49.081,-14.95,True,
2026-10-06T23:06:20.054320+00:00,Upbit,KRW,1354.0,1353.0,-7.39,True,
2026-10-06T23:06:20.054320+00:00,Indodax,IDR,17868.5,17863.0,-3.08,True,
2026-10-06T23:06:20.054320+00:00,Bitkub,THB,33.585,33.585,0.0,True,
2026-10-06T23:06:20.054320+00:00,Bithumb,KRW,1353.5,1354.0,3.69,True,
2026-10-06T23:06:20.054320+00:00,Coinone,KRW,1353.5,1353.5,0.0,True,
2026-10-06T23:06:20.054320+00:00,Paribu,TRY,49.1315,49.098,-6.82,True,
2026-10-06T23:06:20.054320+00:00,Pintu,IDR,17866.0,17821.0,-25.19,True,
2026-10-06T23:06:20.054320+00:00,Foxbit,BRL,5.00795,5.00645,-3.0,True,
2026-10-06T23:06:20.054320+00:00,MercadoBitcoin,BRL,5.00445,5.0056,2.3,True,
2026-10-07T00:06:19.325008+00:00,IndependentReserve,SGD,1.277365,1.27265,-36.91,True,
2026-10-07T00:06:19.325008+00:00,Coins.ph,PHP,62.735,62.735,0.0,True,
2026-10-07T00:06:19.325008+00:00,BTCTurk,TRY,49.1535,49.0805,-14.85,True,
2026-10-07T00:06:19.325008+00:00,Upbit,KRW,1355.0,1356.0,7.38,True,
2026-10-07T00:06:19.325008+00:00,Indodax,IDR,17868.5,17863.0,-3.08,True,
2026-10-07T00:06:19.325008+00:00,Bitkub,THB,33.585,33.585,0.0,True,
2026-10-07T00:06:19.325008+00:00,Bithumb,KRW,1354.5,1354.5,0.0,True,
2026-10-07T00:06:19.325008+00:00,Coinone,KRW,1354.5,1354.5,0.0,True,
2026-10-07T00:06:19.325008+00:00,Paribu,TRY,49.1315,49.0815,-10.18,True,
2026-10-07T00:06:19.325008+00:00,Pintu,IDR,17864.0,17820.0,-24.63,True,
2026-10-07T00:06:19.325008+00:00,Foxbit,BRL,4.9992,4.9978,-2.8,True,
2026-10-07T00:06:19.325008+00:00,MercadoBitcoin,BRL,4.99915,4.99705,-4.2,True,
2026-10-07T01:06:16.723012+00:00,IndependentReserve,SGD,1.277655,1.27298,-36.59,True,
2026-10-07T01:06:16.723012+00:00,Coins.ph,PHP,62.755,62.755,-0.0,True,
2026-10-07T01:06:16.723012+00:00,BTCTurk,TRY,49.1505,49.0805,-14.24,True,
2026-10-07T01:06:16.723012+00:00,Upbit,KRW,1355.0,1351.0,-29.52,True,
2026-10-07T01:06:16.723012+00:00,Indodax,IDR,17869.5,17865.0,-2.52,True,
2026-10-07T01:06:16.723012+00:00,Bitkub,THB,33.595,33.595,0.0,True,
2026-10-07T01:06:16.723012+00:00,Bithumb,KRW,1354.5,1354.5,0.0,True,
2026-10-07T01:06:16.723012+00:00,Coinone,KRW,1354.5,1355.0,3.69,True,
2026-10-07T01:06:16.723012+00:00,Paribu,TRY,49.1315,49.1005,-6.31,True,
2026-10-07T01:06:16.723012+00:00,Pintu,IDR,17865.0,17820.0,-25.19,True,
2026-10-07T01:06:16.723012+00:00,Foxbit,BRL,5.00305,5.0023,-1.5,True,
2026-10-07T01:06:16.723012+00:00,MercadoBitcoin,BRL,5.00215,5.00175,-0.8,True,
2026-10-07T02:06:11.956795+00:00,IndependentReserve,SGD,1.277575,1.2796,15.85,True,
2026-10-07T02:06:11.956795+00:00,Coins.ph,PHP,62.8,62.805,0.8,True,
2026-10-07T02:06:11.956795+00:00,BTCTurk,TRY,49.1705,49.139,-6.41,True,
2026-10-07T02:06:11.956795+00:00,Upbit,KRW,1363.0,1362.0,-7.34,True,
2026-10-07T02:06:11.956795+00:00,Indodax,IDR,17869.5,17865.0,-2.52,True,
2026-10-07T02:06:11.956795+00:00,Bitkub,THB,33.635,33.615,-5.95,True,
2026-10-07T02:06:11.956795+00:00,Bithumb,KRW,1363.5,1364.5,7.33,True,
2026-10-07T02:06:11.956795+00:00,Coinone,KRW,1364.5,1364.5,0.0,True,
2026-10-07T02:06:11.956795+00:00,Paribu,TRY,49.1345,49.073,-12.52,True,
2026-10-07T02:06:11.956795+00:00,Pintu,IDR,17888.0,17843.0,-25.16,True,
2026-10-07T02:06:11.956795+00:00,Foxbit,BRL,5.00585,5.0061,0.5,True,
2026-10-07T02:06:11.956795+00:00,MercadoBitcoin,BRL,5.00595,5.0075,3.1,True,
2026-10-07T03:06:31.976346+00:00,IndependentReserve,SGD,1.2766,1.281155,35.68,True,
2026-10-07T03:06:31.976346+00:00,Coins.ph,PHP,62.745,62.755,1.59,True,
2026-10-07T03:06:31.976346+00:00,BTCTurk,TRY,49.1785,49.137,-8.44,True,
2026-10-07T03:06:31.976346+00:00,Upbit,KRW,1361.0,1361.0,0.0,True,
2026-10-07T03:06:31.976346+00:00,Indodax,IDR,17869.5,17865.0,-2.52,True,
2026-10-07T03:06:31.976346+00:00,Bitkub,THB,33.655,33.655,0.0,True,
2026-10-07T03:06:31.976346+00:00,Bithumb,KRW,1360.5,1361.5,7.35,True,
2026-10-07T03:06:31.976346+00:00,Coinone,KRW,1360.5,1361.5,7.35,True,
2026-10-07T03:06:31.976346+00:00,Paribu,TRY,49.1315,49.102,-6.0,True,
2026-10-07T03:06:31.976346+00:00,Pintu,IDR,17898.0,17843.0,-30.73,True,
2026-10-07T03:06:31.976346+00:00,Foxbit,BRL,5.01095,5.0113,0.7,True,
2026-10-07T03:06:31.976346+00:00,MercadoBitcoin,BRL,5.00935,5.0113,3.89,True,
2026-10-07T04:06:20.016380+00:00,IndependentReserve,SGD,1.2766,1.280285,28.87,True,
2026-10-07T04:06:20.016380+00:00,Coins.ph,PHP,62.725,62.745,3.19,True,
2026-10-07T04:06:20.016380+00:00,BTCTurk,TRY,49.1785,49.104,-15.15,True,
2026-10-07T04:06:20.016380+00:00,Upbit,KRW,1358.0,1356.0,-14.73,True,
2026-10-07T04:06:20.016380+00:00,Indodax,IDR,17869.5,17865.0,-2.52,True,
2026-10-07T04:06:20.016380+00:00,Bitkub,THB,33.625,33.625,0.0,True,
2026-10-07T04:06:20.016380+00:00,Bithumb,KRW,1358.5,1358.5,0.0,True,
2026-10-07T04:06:20.016380+00:00,Coinone,KRW,1357.5,1358.5,7.37,True,
2026-10-07T04:06:20.016380+00:00,Paribu,TRY,49.1445,49.1285,-3.26,True,
2026-10-07T04:06:20.016380+00:00,Pintu,IDR,17891.0,17854.0,-20.68,True,
2026-10-07T04:06:20.016380+00:00,Foxbit,BRL,5.01055,5.0111,1.1,True,
2026-10-07T04:06:20.016380+00:00,MercadoBitcoin,BRL,5.00945,5.01065,2.4,True,
2026-10-07T05:06:13.043963+00:00,IndependentReserve,SGD,1.27803,1.28037,18.31,True,
2026-10-07T05:06:13.043963+00:00,Coins.ph,PHP,62.745,62.755,1.59,True,
2026-10-07T05:06:13.043963+00:00,BTCTurk,TRY,49.1785,49.162,-3.36,True,
2026-10-07T05:06:13.043963+00:00,Upbit,KRW,1357.0,1355.0,-14.74,True,
2026-10-07T05:06:13.043963+00:00,Indodax,IDR,17869.5,17865.0,-2.52,True,
2026-10-07T05:06:13.043963+00:00,Bitkub,THB,33.635,33.635,0.0,True,
2026-10-07T05:06:13.043963+00:00,Bithumb,KRW,1357.5,1358.5,7.37,True,
2026-10-07T05:06:13.043963+00:00,Coinone,KRW,1356.5,1356.5,0.0,True,
2026-10-07T05:06:13.043963+00:00,Paribu,TRY,49.1655,49.139,-5.39,True,
2026-10-07T05:06:13.043963+00:00,Pintu,IDR,17897.0,17852.0,-25.14,True,
2026-10-07T05:06:13.043963+00:00,Foxbit,BRL,5.00995,5.00865,-2.59,True,
2026-10-07T05:06:13.043963+00:00,MercadoBitcoin,BRL,5.00835,5.00795,-0.8,True,
2026-10-07T06:06:19.915304+00:00,IndependentReserve,SGD,1.27872,1.280405,13.18,True,
2026-10-07T06:06:19.915304+00:00,Coins.ph,PHP,62.735,62.745,1.59,True,
2026-10-07T06:06:19.915304+00:00,BTCTurk,TRY,49.192,49.162,-6.1,True,
2026-10-07T06:06:19.915304+00:00,Upbit,KRW,1357.0,1355.0,-14.74,True,
2026-10-07T06:06:19.915304+00:00,Indodax,IDR,17869.5,17865.0,-2.52,True,
2026-10-07T06:06:19.915304+00:00,Bitkub,THB,33.655,33.66,1.49,True,
2026-10-07T06:06:19.915304+00:00,Bithumb,KRW,1357.5,1358.0,3.68,True,
2026-10-07T06:06:19.915304+00:00,Coinone,KRW,1357.5,1357.5,0.0,True,
2026-10-07T06:06:19.915304+00:00,Paribu,TRY,49.1985,49.1415,-11.59,True,
2026-10-07T06:06:19.915304+00:00,Pintu,IDR,17908.0,17873.0,-19.54,True,
2026-10-07T06:06:19.915304+00:00,Foxbit,BRL,5.01395,5.01425,0.6,True,
2026-10-07T06:06:19.915304+00:00,MercadoBitcoin,BRL,5.01205,5.0134,2.69,True,
2026-10-07T07:06:21.913406+00:00,IndependentReserve,SGD,1.27899,1.280405,11.06,True,
2026-10-07T07:06:21.913406+00:00,Coins.ph,PHP,62.755,62.765,1.59,True,
2026-10-07T07:06:21.913406+00:00,BTCTurk,TRY,49.1995,49.19,-1.93,True,
2026-10-07T07:06:21.913406+00:00,Upbit,KRW,1357.0,1359.0,14.74,True,
2026-10-07T07:06:21.913406+00:00,Indodax,IDR,17869.5,17865.0,-2.52,True,
2026-10-07T07:06:21.913406+00:00,Bitkub,THB,33.655,33.66,1.49,True,
2026-10-07T07:06:21.913406+00:00,Bithumb,KRW,1358.5,1358.5,0.0,True,
2026-10-07T07:06:21.913406+00:00,Coinone,KRW,1357.5,1357.5,0.0,True,
2026-10-07T07:06:21.913406+00:00,Paribu,TRY,49.1845,49.17,-2.95,True,
2026-10-07T07:06:21.913406+00:00,Pintu,IDR,17908.0,17873.0,-19.54,True,
2026-10-07T07:06:21.913406+00:00,Foxbit,BRL,5.01045,5.0108,0.7,True,
2026-10-07T07:06:21.913406+00:00,MercadoBitcoin,BRL,5.00825,5.0091,1.7,True,
2026-10-07T08:06:20.435578+00:00,IndependentReserve,SGD,1.278,1.28015,16.82,True,
2026-10-07T08:06:20.435578+00:00,Coins.ph,PHP,62.765,62.775,1.59,True,
2026-10-07T08:06:20.435578+00:00,BTCTurk,TRY,49.18,49.152,-5.69,True,
2026-10-07T08:06:20.435578+00:00,Upbit,KRW,1357.0,1358.0,7.37,True,
2026-10-07T08:06:20.435578+00:00,Indodax,IDR,17869.5,17865.0,-2.52,True,
2026-10-07T08:06:20.435578+00:00,Bitkub,THB,33.665,33.665,0.0,True,
2026-10-07T08:06:20.435578+00:00,Bithumb,KRW,1357.5,1359.5,14.73,True,
2026-10-07T08:06:20.435578+00:00,Coinone,KRW,1356.5,1357.5,7.37,True,
2026-10-07T08:06:20.435578+00:00,Paribu,TRY,49.1555,49.154,-0.31,True,
2026-10-07T08:06:20.435578+00:00,Pintu,IDR,17908.0,17874.0,-18.99,True,
2026-10-07T08:06:20.435578+00:00,Foxbit,BRL,5.00965,5.011,2.69,True,
2026-10-07T08:06:20.435578+00:00,MercadoBitcoin,BRL,5.00845,5.01005,3.19,True,
2026-10-07T09:06:52.928086+00:00,IndependentReserve,SGD,1.27786,1.280115,17.65,True,
2026-10-07T09:06:52.928086+00:00,Coins.ph,PHP,62.765,62.775,1.59,True,
2026-10-07T09:06:52.928086+00:00,BTCTurk,TRY,49.1685,49.118,-10.27,True,
2026-10-07T09:06:52.928086+00:00,Upbit,KRW,1356.0,1357.0,7.37,True,
2026-10-07T09:06:52.928086+00:00,Indodax,IDR,17869.5,17865.0,-2.52,True,
2026-10-07T09:06:52.928086+00:00,Bitkub,THB,33.675,33.67,-1.48,True,
2026-10-07T09:06:52.928086+00:00,Bithumb,KRW,1358.5,1359.5,7.36,True,
2026-10-07T09:06:52.928086+00:00,Coinone,KRW,1357.5,1357.5,0.0,True,
2026-10-07T09:06:52.928086+00:00,Paribu,TRY,49.1545,49.1455,-1.83,True,
2026-10-07T09:06:52.928086+00:00,Pintu,IDR,17903.0,17873.0,-16.76,True,
2026-10-07T09:06:52.928086+00:00,Foxbit,BRL,5.00945,5.0096,0.3,True,
2026-10-07T09:06:52.928086+00:00,MercadoBitcoin,BRL,5.00735,5.00855,2.4,True,
2026-10-07T10:06:21.301132+00:00,IndependentReserve,SGD,1.278865,1.279805,7.35,True,
2026-10-07T10:06:21.301132+00:00,Coins.ph,PHP,62.785,62.795,1.59,True,
2026-10-07T10:06:21.301132+00:00,BTCTurk,TRY,49.1895,49.15,-8.03,True,
2026-10-07T10:06:21.301132+00:00,Upbit,KRW,1358.0,1359.0,7.36,True,
2026-10-07T10:06:21.301132+00:00,Indodax,IDR,17869.5,17865.0,-2.52,True,
2026-10-07T10:06:21.301132+00:00,Bitkub,THB,33.685,33.665,-5.94,True,
2026-10-07T10:06:21.301132+00:00,Bithumb,KRW,1359.5,1360.0,3.68,True,
2026-10-07T10:06:21.301132+00:00,Coinone,KRW,1358.5,1359.5,7.36,True,
2026-10-07T10:06:21.301132+00:00,Paribu,TRY,49.1525,49.1465,-1.22,True,
2026-10-07T10:06:21.301132+00:00,Pintu,IDR,17914.0,17872.0,-23.45,True,
2026-10-07T10:06:21.301132+00:00,Foxbit,BRL,5.01325,5.01285,-0.8,True,
2026-10-07T10:06:21.301132+00:00,MercadoBitcoin,BRL,5.01295,5.0139,1.9,True,
2026-10-07T11:06:19.359711+00:00,IndependentReserve,SGD,1.27961,1.27993,2.5,True,
2026-10-07T11:06:19.359711+00:00,Coins.ph,PHP,62.805,62.815,1.59,True,
2026-10-07T11:06:19.359711+00:00,BTCTurk,TRY,49.1815,49.1185,-12.81,True,
2026-10-07T11:06:19.359711+00:00,Upbit,KRW,1360.0,1360.0,0.0,True,
2026-10-07T11:06:19.359711+00:00,Indodax,IDR,17869.5,17865.0,-2.52,True,
2026-10-07T11:06:19.359711+00:00,Bitkub,THB,33.685,33.695,2.97,True,
2026-10-07T11:06:19.359711+00:00,Bithumb,KRW,1359.5,1360.5,7.36,True,
2026-10-07T11:06:19.359711+00:00,Coinone,KRW,1359.5,1359.5,0.0,True,
2026-10-07T11:06:19.359711+00:00,Paribu,TRY,49.1625,49.1445,-3.66,True,
2026-10-07T11:06:19.359711+00:00,Pintu,IDR,17914.0,17873.0,-22.89,True,
2026-10-07T11:06:19.359711+00:00,Foxbit,BRL,5.02905,5.031,3.88,True,
2026-10-07T11:06:19.359711+00:00,MercadoBitcoin,BRL,5.03005,5.0308,1.49,True,
2026-10-07T12:06:22.488338+00:00,IndependentReserve,SGD,1.280155,1.281105,7.42,True,
2026-10-07T12:06:22.488338+00:00,Coins.ph,PHP,62.805,62.815,1.59,True,
2026-10-07T12:06:22.488338+00:00,BTCTurk,TRY,49.1805,49.1365,-8.95,True,
2026-10-07T12:06:22.488338+00:00,Upbit,KRW,1358.0,1357.0,-7.36,True,
2026-10-07T12:06:22.488338+00:00,Indodax,IDR,17869.5,17865.0,-2.52,True,
2026-10-07T12:06:22.488338+00:00,Bitkub,THB,33.685,33.685,0.0,True,
2026-10-07T12:06:22.488338+00:00,Bithumb,KRW,1358.5,1358.5,0.0,True,
2026-10-07T12:06:22.488338+00:00,Coinone,KRW,1357.5,1358.0,3.68,True,
2026-10-07T12:06:22.488338+00:00,Paribu,TRY,49.1775,49.164,-2.75,True,
2026-10-07T12:06:22.488338+00:00,Pintu,IDR,17901.0,17874.0,-15.08,True,
2026-10-07T12:06:22.488338+00:00,Foxbit,BRL,5.01895,5.0217,5.48,True,
2026-10-07T12:06:22.488338+00:00,MercadoBitcoin,BRL,5.01895,5.02085,3.79,True,
2026-10-07T13:06:28.455156+00:00,IndependentReserve,SGD,1.273975,1.28228,65.19,True,
2026-10-07T13:06:28.455156+00:00,Coins.ph,PHP,62.815,62.825,1.59,True,
2026-10-07T13:06:28.455156+00:00,BTCTurk,TRY,49.193,49.1835,-1.93,True,
2026-10-07T13:06:28.455156+00:00,Upbit,KRW,1359.0,1359.0,0.0,True,
2026-10-07T13:06:28.455156+00:00,Indodax,IDR,17869.5,17865.0,-2.52,True,
2026-10-07T13:06:28.455156+00:00,Bitkub,THB,33.725,33.705,-5.93,True,
2026-10-07T13:06:28.455156+00:00,Bithumb,KRW,1359.5,1359.5,0.0,True,
2026-10-07T13:06:28.455156+00:00,Coinone,KRW,1358.5,1358.5,0.0,True,
2026-10-07T13:06:28.455156+00:00,Paribu,TRY,49.1755,49.156,-3.97,True,
2026-10-07T13:06:28.455156+00:00,Pintu,IDR,17921.0,17873.0,-26.78,True,
2026-10-07T13:06:28.455156+00:00,Foxbit,BRL,4.9992,4.9994,0.4,True,
2026-10-07T13:06:28.455156+00:00,MercadoBitcoin,BRL,4.99595,5.00105,10.21,True,
2026-10-07T14:06:27.084442+00:00,IndependentReserve,SGD,1.280075,1.282385,18.05,True,
2026-10-07T14:06:27.084442+00:00,Coins.ph,PHP,62.765,62.785,3.19,True,
2026-10-07T14:06:27.084442+00:00,BTCTurk,TRY,49.1895,49.176,-2.74,True,
2026-10-07T14:06:27.084442+00:00,Upbit,KRW,1357.0,1356.0,-7.37,True,
2026-10-07T14:06:27.084442+00:00,Indodax,IDR,17889.5,17920.5,17.33,True,
2026-10-07T14:06:27.084442+00:00,Bitkub,THB,33.705,33.705,0.0,True,
2026-10-07T14:06:27.084442+00:00,Bithumb,KRW,1358.5,1358.5,0.0,True,
2026-10-07T14:06:27.084442+00:00,Coinone,KRW,1357.5,1358.5,7.37,True,
2026-10-07T14:06:27.084442+00:00,Paribu,TRY,49.18,49.171,-1.83,True,
2026-10-07T14:06:27.084442+00:00,Pintu,IDR,17912.0,17874.0,-21.21,True,
2026-10-07T14:06:27.084442+00:00,Foxbit,BRL,5.01005,5.00765,-4.79,True,
2026-10-07T14:06:27.084442+00:00,MercadoBitcoin,BRL,5.00835,5.00905,1.4,True,
2026-10-07T15:36:24.420491+00:00,IndependentReserve,SGD,1.27912,1.28079,13.06,True,
2026-10-07T15:36:24.420491+00:00,Coins.ph,PHP,62.735,62.755,3.19,True,
2026-10-07T15:36:24.420491+00:00,BTCTurk,TRY,49.2,49.1755,-4.98,True,
2026-10-07T15:36:24.420491+00:00,Upbit,KRW,1362.0,1362.0,0.0,True,
2026-10-07T15:36:24.420491+00:00,Indodax,IDR,17889.5,17901.5,6.71,True,
2026-10-07T15:36:24.420491+00:00,Bitkub,THB,33.675,33.68,1.48,True,
2026-10-07T15:36:24.420491+00:00,Bithumb,KRW,1362.5,1362.5,0.0,True,
2026-10-07T15:36:24.420491+00:00,Coinone,KRW,1361.5,1362.5,7.34,True,
2026-10-07T15:36:24.420491+00:00,Paribu,TRY,49.1875,49.177,-2.13,True,
2026-10-07T15:36:24.420491+00:00,Pintu,IDR,17911.0,17874.0,-20.66,True,
2026-10-07T15:36:24.420491+00:00,Foxbit,BRL,5.00855,5.0101,3.09,True,
2026-10-07T15:36:24.420491+00:00,MercadoBitcoin,BRL,5.00905,5.01165,5.19,True,
2026-10-07T16:06:30.867855+00:00,IndependentReserve,SGD,1.27776,1.28033,20.11,True,
2026-10-07T16:06:30.867855+00:00,Coins.ph,PHP,62.715,62.735,3.19,True,
2026-10-07T16:06:30.867855+00:00,BTCTurk,TRY,49.2145,49.1755,-7.92,True,
2026-10-07T16:06:30.867855+00:00,Upbit,KRW,1360.0,1360.0,0.0,True,
2026-10-07T16:06:30.867855+00:00,Indodax,IDR,17898.5,17934.5,20.11,True,
2026-10-07T16:06:30.867855+00:00,Bitkub,THB,33.675,33.685,2.97,True,
2026-10-07T16:06:30.867855+00:00,Bithumb,KRW,1360.5,1362.5,14.7,True,
2026-10-07T16:06:30.867855+00:00,Coinone,KRW,1360.5,1360.5,0.0,True,
2026-10-07T16:06:30.867855+00:00,Paribu,TRY,49.1815,49.169,-2.54,True,
2026-10-07T16:06:30.867855+00:00,Pintu,IDR,17918.0,17875.0,-24.0,True,
2026-10-07T16:06:30.867855+00:00,Foxbit,BRL,5.00825,5.0098,3.09,True,
2026-10-07T16:06:30.867855+00:00,MercadoBitcoin,BRL,5.00565,5.0101,8.89,True,
2026-10-07T17:06:17.809828+00:00,IndependentReserve,SGD,1.277725,1.279825,16.44,True,
2026-10-07T17:06:17.809828+00:00,Coins.ph,PHP,62.705,62.725,3.19,True,
2026-10-07T17:06:17.809828+00:00,BTCTurk,TRY,49.2065,49.1495,-11.58,True,
2026-10-07T17:06:17.809828+00:00,Upbit,KRW,1361.0,1363.0,14.7,True,
2026-10-07T17:06:17.809828+00:00,Indodax,IDR,17899.5,17929.5,16.76,True,
2026-10-07T17:06:17.809828+00:00,Bitkub,THB,33.635,33.675,11.89,True,
2026-10-07T17:06:17.809828+00:00,Bithumb,KRW,1361.5,1362.0,3.67,True,
2026-10-07T17:06:17.809828+00:00,Coinone,KRW,1361.5,1362.5,7.34,True,
2026-10-07T17:06:17.809828+00:00,Paribu,TRY,49.1995,49.1855,-2.85,True,
2026-10-07T17:06:17.809828+00:00,Pintu,IDR,17906.0,17875.0,-17.31,True,
2026-10-07T17:06:17.809828+00:00,Foxbit,BRL,5.00215,5.00315,2.0,True,
2026-10-07T17:06:17.809828+00:00,MercadoBitcoin,BRL,5.00145,5.00485,6.8,True,
2026-10-07T18:06:24.398114+00:00,IndependentReserve,SGD,1.27766,1.279635,15.46,True,
2026-10-07T18:06:24.398114+00:00,Coins.ph,PHP,62.695,62.725,4.79,True,
2026-10-07T18:06:24.398114+00:00,BTCTurk,TRY,49.2095,49.197,-2.54,True,
2026-10-07T18:06:24.398114+00:00,Upbit,KRW,1363.0,1363.0,0.0,True,
2026-10-07T18:06:24.398114+00:00,Indodax,IDR,17899.5,17923.0,13.13,True,
2026-10-07T18:06:24.398114+00:00,Bitkub,THB,33.635,33.65,4.46,True,
2026-10-07T18:06:24.398114+00:00,Bithumb,KRW,1362.5,1363.0,3.67,True,
2026-10-07T18:06:24.398114+00:00,Coinone,KRW,1362.5,1362.5,0.0,True,
2026-10-07T18:06:24.398114+00:00,Paribu,TRY,49.1995,49.1935,-1.22,True,
2026-10-07T18:06:24.398114+00:00,Pintu,IDR,17914.0,17878.0,-20.1,True,
2026-10-07T18:06:24.398114+00:00,Foxbit,BRL,5.00495,5.00725,4.6,True,
2026-10-07T18:06:24.398114+00:00,MercadoBitcoin,BRL,5.00745,5.01085,6.79,True,
2026-10-07T21:39:40.906960+00:00,IndependentReserve,SGD,1.27783,1.279215,10.84,True,
2026-10-07T21:39:40.906960+00:00,Coins.ph,PHP,62.705,62.725,3.19,True,
2026-10-07T21:39:40.906960+00:00,BTCTurk,TRY,49.2005,49.1505,-10.16,True,
2026-10-07T21:39:40.906960+00:00,Upbit,KRW,1365.0,1364.0,-7.33,True,
2026-10-07T21:39:40.906960+00:00,Indodax,IDR,17909.5,17927.0,9.77,True,
2026-10-07T21:39:40.906960+00:00,Bitkub,THB,33.635,33.65,4.46,True,
2026-10-07T21:39:40.906960+00:00,Bithumb,KRW,1364.5,1365.5,7.33,True,
2026-10-07T21:39:40.906960+00:00,Coinone,KRW,1364.5,1365.0,3.66,True,
2026-10-07T21:39:40.906960+00:00,Paribu,TRY,49.1905,49.1985,1.63,True,
2026-10-07T21:39:40.906960+00:00,Pintu,IDR,17925.0,17875.0,-27.89,True,
2026-10-07T21:39:40.906960+00:00,Foxbit,BRL,5.03925,5.04035,2.18,True,
2026-10-07T21:39:40.906960+00:00,MercadoBitcoin,BRL,5.03985,5.0402,0.69,True,
2026-10-07T22:07:56.706214+00:00,IndependentReserve,SGD,1.277855,1.279215,10.64,True,
2026-10-07T22:07:56.706214+00:00,Coins.ph,PHP,62.705,62.715,1.59,True,
2026-10-07T22:07:56.706214+00:00,BTCTurk,TRY,49.2005,49.1505,-10.16,True,
2026-10-07T22:07:56.706214+00:00,Upbit,KRW,1364.0,1364.0,0.0,True,
2026-10-07T22:07:56.706214+00:00,Indodax,IDR,17909.5,17922.5,7.26,True,
2026-10-07T22:07:56.706214+00:00,Bitkub,THB,33.655,33.645,-2.97,True,
2026-10-07T22:07:56.706214+00:00,Bithumb,KRW,1364.5,1366.5,14.66,True,
2026-10-07T22:07:56.706214+00:00,Coinone,KRW,1364.5,1365.5,7.33,True,
2026-10-07T22:07:56.706214+00:00,Paribu,TRY,49.1905,49.202,2.34,True,
2026-10-07T22:07:56.706214+00:00,Pintu,IDR,17924.0,17875.0,-27.34,True,
2026-10-07T22:07:56.706214+00:00,Foxbit,BRL,5.03915,5.03805,-2.18,True,
2026-10-07T22:07:56.706214+00:00,MercadoBitcoin,BRL,5.03615,5.03905,5.76,True,
2026-10-07T23:06:11.565497+00:00,IndependentReserve,SGD,1.27786,1.27902,9.08,True,
2026-10-07T23:06:11.565497+00:00,Coins.ph,PHP,62.705,62.715,1.59,True,
2026-10-07T23:06:11.565497+00:00,BTCTurk,TRY,49.2005,49.1565,-8.94,True,
2026-10-07T23:06:11.565497+00:00,Upbit,KRW,1365.0,1367.0,14.65,True,
2026-10-07T23:06:11.565497+00:00,Indodax,IDR,17909.5,17924.5,8.38,True,
2026-10-07T23:06:11.565497+00:00,Bitkub,THB,33.655,33.645,-2.97,True,
2026-10-07T23:06:11.565497+00:00,Bithumb,KRW,1364.5,1365.5,7.33,True,
2026-10-07T23:06:11.565497+00:00,Coinone,KRW,1364.5,1364.5,0.0,True,
2026-10-07T23:06:11.565497+00:00,Paribu,TRY,49.1905,49.1885,-0.41,True,
2026-10-07T23:06:11.565497+00:00,Pintu,IDR,17926.0,17875.0,-28.45,True,
2026-10-07T23:06:11.565497+00:00,Foxbit,BRL,5.03575,5.034,-3.48,True,
2026-10-07T23:06:11.565497+00:00,MercadoBitcoin,BRL,5.03455,5.03435,-0.4,True,
2026-10-08T00:06:27.636986+00:00,IndependentReserve,SGD,1.278875,1.27902,1.13,True,
2026-10-08T00:06:27.636986+00:00,Coins.ph,PHP,62.725,62.735,1.59,True,
2026-10-08T00:06:27.636986+00:00,BTCTurk,TRY,49.2005,49.1785,-4.47,True,
2026-10-08T00:06:27.636986+00:00,Upbit,KRW,1362.0,1364.0,14.68,True,
2026-10-08T00:06:27.636986+00:00,Indodax,IDR,17916.5,17923.0,3.63,True,
2026-10-08T00:06:27.636986+00:00,Bitkub,THB,33.645,33.655,2.97,True,
2026-10-08T00:06:27.636986+00:00,Bithumb,KRW,1362.5,1364.5,14.68,True,
2026-10-08T00:06:27.636986+00:00,Coinone,KRW,1362.5,1362.5,0.0,True,
2026-10-08T00:06:27.636986+00:00,Paribu,TRY,49.169,49.1645,-0.92,True,
2026-10-08T00:06:27.636986+00:00,Pintu,IDR,17915.0,17875.0,-22.33,True,
2026-10-08T00:06:27.636986+00:00,Foxbit,BRL,5.03705,5.0343,-5.46,True,
2026-10-08T00:06:27.636986+00:00,MercadoBitcoin,BRL,5.03475,5.03515,0.79,True,
2026-10-08T01:06:22.188604+00:00,IndependentReserve,SGD,1.27818,1.27882,5.01,True,
2026-10-08T01:06:22.188604+00:00,Coins.ph,PHP,62.725,62.735,1.59,True,
2026-10-08T01:06:22.188604+00:00,BTCTurk,TRY,49.2005,49.178,-4.57,True,
2026-10-08T01:06:22.188604+00:00,Upbit,KRW,1358.0,1357.0,-7.36,True,
2026-10-08T01:06:22.188604+00:00,Indodax,IDR,17919.5,17954.5,19.53,True,
2026-10-08T01:06:22.188604+00:00,Bitkub,THB,33.655,33.665,2.97,True,
2026-10-08T01:06:22.188604+00:00,Bithumb,KRW,1358.5,1359.5,7.36,True,
2026-10-08T01:06:22.188604+00:00,Coinone,KRW,1358.5,1358.5,0.0,True,
2026-10-08T01:06:22.188604+00:00,Paribu,TRY,49.1695,49.1775,1.63,True,
2026-10-08T01:06:22.188604+00:00,Pintu,IDR,17920.0,17876.0,-24.55,True,
2026-10-08T01:06:22.188604+00:00,Foxbit,BRL,5.0358,5.03635,1.09,True,
2026-10-08T01:06:22.188604+00:00,MercadoBitcoin,BRL,5.03565,5.03675,2.18,True,
2026-10-08T02:06:14.454070+00:00,IndependentReserve,SGD,1.279025,1.279065,0.31,True,
2026-10-08T02:06:14.454070+00:00,Coins.ph,PHP,62.715,62.735,3.19,True,
2026-10-08T02:06:14.454070+00:00,BTCTurk,TRY,49.2005,49.178,-4.57,True,
2026-10-08T02:06:14.454070+00:00,Upbit,KRW,1360.0,1360.0,0.0,True,
2026-10-08T02:06:14.454070+00:00,Indodax,IDR,17919.5,17931.5,6.7,True,
2026-10-08T02:06:14.454070+00:00,Bitkub,THB,33.635,33.655,5.95,True,
2026-10-08T02:06:14.454070+00:00,Bithumb,KRW,1360.5,1360.5,0.0,True,
2026-10-08T02:06:14.454070+00:00,Coinone,KRW,1359.5,1360.5,7.36,True,
2026-10-08T02:06:14.454070+00:00,Paribu,TRY,49.1675,49.147,-4.17,True,
2026-10-08T02:06:14.454070+00:00,Pintu,IDR,17925.0,17897.0,-15.62,True,
2026-10-08T02:06:14.454070+00:00,Foxbit,BRL,5.03695,5.0368,-0.3,True,
2026-10-08T02:06:14.454070+00:00,MercadoBitcoin,BRL,5.03515,5.0358,1.29,True,
2026-10-08T03:06:22.917349+00:00,IndependentReserve,SGD,1.278915,1.27932,3.17,True,
2026-10-08T03:06:22.917349+00:00,Coins.ph,PHP,62.725,62.745,3.19,True,
2026-10-08T03:06:22.917349+00:00,BTCTurk,TRY,49.2005,49.178,-4.57,True,
2026-10-08T03:06:22.917349+00:00,Upbit,KRW,1360.0,1360.0,0.0,True,
2026-10-08T03:06:22.917349+00:00,Indodax,IDR,17910.5,17899.5,-6.14,True,
2026-10-08T03:06:22.917349+00:00,Bitkub,THB,33.655,33.665,2.97,True,
2026-10-08T03:06:22.917349+00:00,Bithumb,KRW,1360.5,1361.0,3.68,True,
2026-10-08T03:06:22.917349+00:00,Coinone,KRW,1359.5,1360.5,7.36,True,
2026-10-08T03:06:22.917349+00:00,Paribu,TRY,49.1785,49.1825,0.81,True,
2026-10-08T03:06:22.917349+00:00,Pintu,IDR,17915.0,17878.0,-20.65,True,
2026-10-08T03:06:22.917349+00:00,Foxbit,BRL,5.03845,5.0386,0.3,True,
2026-10-08T03:06:22.917349+00:00,MercadoBitcoin,BRL,5.03675,5.03785,2.18,True,
2026-10-08T04:06:56.592340+00:00,IndependentReserve,SGD,1.279315,1.279915,4.69,True,
2026-10-08T04:06:56.592340+00:00,Coins.ph,PHP,62.755,62.775,3.19,True,
2026-10-08T04:06:56.592340+00:00,BTCTurk,TRY,49.2005,49.132,-13.92,True,
2026-10-08T04:06:56.592340+00:00,Upbit,KRW,1360.0,1360.0,0.0,True,
2026-10-08T04:06:56.592340+00:00,Indodax,IDR,17911.5,17899.5,-6.7,True,
2026-10-08T04:06:56.592340+00:00,Bitkub,THB,33.645,33.665,5.94,True,
2026-10-08T04:06:56.592340+00:00,Bithumb,KRW,1360.5,1361.5,7.35,True,
2026-10-08T04:06:56.592340+00:00,Coinone,KRW,1359.5,1360.5,7.36,True,
2026-10-08T04:06:56.592340+00:00,Paribu,TRY,49.1785,49.186,1.53,True,
2026-10-08T04:06:56.592340+00:00,Pintu,IDR,17941.0,17879.0,-34.56,True,
2026-10-08T04:06:56.592340+00:00,Foxbit,BRL,5.03885,5.0388,-0.1,True,
2026-10-08T04:06:56.592340+00:00,MercadoBitcoin,BRL,5.03725,5.03925,3.97,True,
2026-10-08T05:06:17.100253+00:00,IndependentReserve,SGD,1.279075,1.2804,10.36,True,
2026-10-08T05:06:17.100253+00:00,Coins.ph,PHP,62.725,62.755,4.78,True,
2026-10-08T05:06:17.100253+00:00,BTCTurk,TRY,49.2005,49.1675,-6.71,True,
2026-10-08T05:06:17.100253+00:00,Upbit,KRW,1361.0,1361.0,0.0,True,
2026-10-08T05:06:17.100253+00:00,Indodax,IDR,17918.5,17899.5,-10.6,True,
2026-10-08T05:06:17.100253+00:00,Bitkub,THB,33.655,33.67,4.46,True,
2026-10-08T05:06:17.100253+00:00,Bithumb,KRW,1360.5,1361.5,7.35,True,
2026-10-08T05:06:17.100253+00:00,Coinone,KRW,1360.5,1360.5,0.0,True,
2026-10-08T05:06:17.100253+00:00,Paribu,TRY,49.1895,49.2095,4.07,True,
2026-10-08T05:06:17.100253+00:00,Pintu,IDR,17937.0,17877.0,-33.45,True,
2026-10-08T05:06:17.100253+00:00,Foxbit,BRL,5.03885,5.03865,-0.4,True,
2026-10-08T05:06:17.100253+00:00,MercadoBitcoin,BRL,5.03715,5.0391,3.87,True,
2026-10-08T06:06:17.285117+00:00,IndependentReserve,SGD,1.279495,1.28099,11.68,True,
2026-10-08T06:06:17.285117+00:00,Coins.ph,PHP,62.735,62.765,4.78,True,
2026-10-08T06:06:17.285117+00:00,BTCTurk,TRY,49.2005,49.166,-7.01,True,
2026-10-08T06:06:17.285117+00:00,Upbit,KRW,1361.0,1359.0,-14.7,True,
2026-10-08T06:06:17.285117+00:00,Indodax,IDR,17908.5,17899.5,-5.03,True,
2026-10-08T06:06:17.285117+00:00,Bitkub,THB,33.665,33.68,4.46,True,
2026-10-08T06:06:17.285117+00:00,Bithumb,KRW,1360.5,1361.0,3.68,True,
2026-10-08T06:06:17.285117+00:00,Coinone,KRW,1360.5,1360.5,0.0,True,
2026-10-08T06:06:17.285117+00:00,Paribu,TRY,49.2095,49.208,-0.3,True,
2026-10-08T06:06:17.285117+00:00,Pintu,IDR,17917.0,17878.0,-21.77,True,
2026-10-08T06:06:17.285117+00:00,Foxbit,BRL,5.03895,5.0434,8.83,True,
2026-10-08T06:06:17.285117+00:00,MercadoBitcoin,BRL,5.03995,5.04335,6.75,True,
